ID	Description	GeneRatio	BgRatio	pvalue	p.adjust	qvalue	geneID	Count
GO:0030527	structural constituent of chromatin	20/633	101/21059	1.851554024337016e-11	3.6290458877005513e-9	2.7870760576862452e-9	H2AZ1/MACROH2A2/H2AC8/H4C2/HMGA1/H2BC18/H2AX/H1-4/H3C6/H3C4/H1-2/H2AC20/H1-3/H2AC4/H2AC11/H2AC16/H4C3/H1-5/H4C12/H2AC17	20
GO:0046982	protein heterodimerization activity	29/633	360/21059	1.6521785842987429e-6	1.619135012612768e-4	1.2434817766037907e-4	IKZF3/ADRA2C/BHLHE41/ABCG4/KCNB1/TFAP2B/EPAS1/BHLHE40/NEUROD1/H2AZ1/MACROH2A2/H2AC8/SLC7A8/TPM2/H4C2/EXT1/AURKA/H2BC18/H2AX/H3C6/H3C4/H2AC20/AHR/H2AC4/H2AC11/H2AC16/H4C3/H4C12/H2AC17	29
GO:0140097	catalytic activity, acting on DNA	23/633	255/21059	3.0325619446300913e-6	1.9812738038249927e-4	1.5216012564284317e-4	PLD4/NAV2/SMARCA4/MGME1/LIG1/POLA1/POLD3/MCM3/POLD1/FEN1/MCM2/DNA2/MCM4/RECQL4/MCM5/RFC3/EXO1/POLQ/BLM/BRIP1/RAD50/XRCC2/HMGA2	23
GO:0003697	single-stranded DNA binding	15/633	126/21059	5.9114877513561115e-6	2.896628998164495e-4	2.2245861801155895e-4	RAD52/CRY2/POLA1/MCM3/RAD18/RBMS1/MCM2/MCM4/RECQL4/MCM10/SMC2/MCM5/BRCA2/BLM/RAD50	15
GO:0016887	ATP hydrolysis activity	33/633	484/21059	1.184922456109937e-5	4.6448960279509536e-4	3.5672402362888633e-4	ABCA6/ABCA8/IFIH1/ATP13A5/ABCA4/ABCG4/DDX60/ABCA5/NAV2/ATP8A2/ATP8A1/ATP7A/ATP1A3/ATAD2/MCM3/KIF2C/KIF23/KIF20B/MCM2/DNA2/MCM4/RECQL4/ORC1/SMC2/MCM5/RFC3/KIF14/CDC6/KIF18A/BLM/BRIP1/RAD50/ABCB11	33
GO:0008094	ATP-dependent activity, acting on DNA	14/633	127/21059	2.8981917744915544e-5	9.467426463339077e-4	7.270902171092848e-4	NAV2/SMARCA4/MCM3/MCM2/DNA2/MCM4/RECQL4/MCM5/RFC3/POLQ/BLM/BRIP1/RAD50/XRCC2	14
