condition_1	condition_2	conseqPair	feature	propOfRelevantEvents	propCiLo	propCiHi	propPval	nUp	nDown	propQval	Significant
FT	RGC	coding_potential	Transcript is Noncoding (paired with Transcript is coding)	0.4968944099378882	0.41724818932987634	0.5766570426371085	1	80	81	1	FALSE
FT	RGC	domain_isotype	Domain non-reference isotype loss (paired with Domain non-reference isotype gain)	0.28225806451612906	0.20512116397177846	0.37009680352288377	1.3391625040993743e-6	35	89	1.0713300032794994e-5	TRUE
FT	RGC	domains_identified	Domain loss (paired with Domain gain)	0.583547557840617	0.5327924778143223	0.633021541718129	0.0011475007026587648	227	162	0.0022950014053175296	TRUE
FT	RGC	intron_retention	Intron retention loss (paired with Intron retention gain)	0.33816425120772947	0.2740436381237472	0.40699718569116006	3.7321524458338127e-6	70	137	1.492860978333525e-5	TRUE
FT	RGC	NMD_status	NMD sensitive (paired with NMD insensitive)	0.5638297872340425	0.45762361930901563	0.6659027489520568	0.25644234893296936	53	41	0.3419231319106258	FALSE
FT	RGC	ORF	Complete ORF loss (paired with Complete ORF gain)	0.5	0.4205460187900867	0.5794539812099133	1	81	81	1	FALSE
FT	RGC	ORF_length	ORF is shorter (paired with ORF is longer)	0.573055028462998	0.5295647131702447	0.6157215501846962	9.135983809763003e-4	302	225	0.0022950014053175296	TRUE
FT	RGC	signal_peptide_identified	Signal peptide loss (paired with Signal peptide gain)	0.6274509803921569	0.48080215824196354	0.7587375703599883	0.09191454981585437	32	19	0.147063279705367	FALSE
