condition_1	condition_2	conseqPair	feature	propOfRelevantEvents	propCiLo	propCiHi	propPval	nUp	nDown	propQval	Significant
FT	RGC	coding_potential	Transcript is Noncoding (paired with Transcript is coding)	0.49404761904761907	0.4161692833143785	0.5721396463464176	0.9385334053888018	83	85	0.9385334053888018	FALSE
FT	RGC	domain_isotype	Domain non-reference isotype loss (paired with Domain non-reference isotype gain)	0.27906976744186046	0.20372240561756344	0.3648496449336994	5.432420732076567e-7	36	93	4.3459365856612534e-6	TRUE
FT	RGC	domains_identified	Domain loss (paired with Domain gain)	0.5833333333333334	0.533041130883097	0.6323705951182557	0.0010638083140356391	231	165	0.0021276166280712783	TRUE
FT	RGC	intron_retention	Intron retention loss (paired with Intron retention gain)	0.35514018691588783	0.2910996692317773	0.4232565926729873	2.7011742936348837e-5	76	138	1.0804697174539535e-4	TRUE
FT	RGC	NMD_status	NMD sensitive (paired with NMD insensitive)	0.5773195876288659	0.4727867731699052	0.6770016688742566	0.1548157850344287	56	41	0.20642104671257158	FALSE
FT	RGC	ORF	Complete ORF loss (paired with Complete ORF gain)	0.49404761904761907	0.4161692833143785	0.5721396463464176	0.9385334053888018	83	85	0.9385334053888018	FALSE
FT	RGC	ORF_length	ORF is shorter (paired with ORF is longer)	0.5816135084427767	0.5384406793482628	0.6238764428483468	1.8948037664745683e-4	310	223	5.052810043932182e-4	TRUE
FT	RGC	signal_peptide_identified	Signal peptide loss (paired with Signal peptide gain)	0.6274509803921569	0.48080215824196354	0.7587375703599883	0.09191454981585437	32	19	0.147063279705367	FALSE
