condition_1	condition_2	AStype	nUp	nDown	propUp	propUpCiLo	propUpCiHi	propUpPval	propUpQval	Significant	Comparison
FT	RGC	A3 gain (paired with A3 loss)	45	51	0.46875	0.36610845234486533	0.5733715787239921	0.6100682661051768	0.6972208755487735	FALSE	FT
vs
RGC
FT	RGC	A5 gain (paired with A5 loss)	41	35	0.5394736842105263	0.421254825032669	0.65452246984157	0.5665734423986872	0.6972208755487735	FALSE	FT
vs
RGC
FT	RGC	ATSS gain (paired with ATSS loss)	141	104	0.5755102040816327	0.5109788618901456	0.6381919382334875	0.02125998647951511	0.08503994591806044	FALSE	FT
vs
RGC
FT	RGC	ATTS gain (paired with ATTS loss)	102	125	0.44933920704845814	0.38346765667387295	0.5165511872419559	0.14407103116280767	0.28814206232561534	FALSE	FT
vs
RGC
FT	RGC	ES (paired with EI)	86	128	0.40186915887850466	0.3356181164145072	0.4708783934297266	0.004949813444529792	0.03959850755623834	TRUE	FT
vs
RGC
FT	RGC	IR gain (paired with IR loss)	29	16	0.6444444444444445	0.4878010051481459	0.7813159892644141	0.0724542601625445	0.193211360433452	FALSE	FT
vs
RGC
FT	RGC	MEE gain (paired with MEE loss)	1	1	0.5	0.012579117093425058	0.9874208829065749	1	1	FALSE	FT
vs
RGC
FT	RGC	MES (paired with MEI)	50	60	0.45454545454545453	0.3593336694637861	0.5522659550768385	0.3909274566995049	0.6254839307192079	FALSE	FT
vs
RGC
