condition_1	condition_2	AStype	nUp	nDown	propUp	propUpCiLo	propUpCiHi	propUpPval	propUpQval	Significant	Comparison
FT	RGC	A3 gain (paired with A3 loss)	45	55	0.45	0.3503202292396721	0.552719811226064	0.36820161732669665	0.5212366089326732	FALSE	FT
vs
RGC
FT	RGC	A5 gain (paired with A5 loss)	41	37	0.5256410256410257	0.4093460430715052	0.6399305701519722	0.7343420330298501	0.8392480377484001	FALSE	FT
vs
RGC
FT	RGC	ATSS gain (paired with ATSS loss)	146	109	0.5725490196078431	0.509321800947978	0.6340698740357433	0.023980943288481882	0.09592377315392753	FALSE	FT
vs
RGC
FT	RGC	ATTS gain (paired with ATTS loss)	108	126	0.46153846153846156	0.39637594124145087	0.5276876764731641	0.2663894112082818	0.5212366089326732	FALSE	FT
vs
RGC
FT	RGC	ES (paired with EI)	87	134	0.3936651583710407	0.32880866112797164	0.4614148378810835	0.0019062860155309447	0.015250288124247557	TRUE	FT
vs
RGC
FT	RGC	IR gain (paired with IR loss)	29	17	0.6304347826086957	0.47548451740916303	0.7679342812000557	0.10380535550410755	0.27681428134428676	FALSE	FT
vs
RGC
FT	RGC	MEE gain (paired with MEE loss)	1	1	0.5	0.012579117093425058	0.9874208829065749	1	1	FALSE	FT
vs
RGC
FT	RGC	MES (paired with MEI)	50	60	0.45454545454545453	0.3593336694637861	0.5522659550768385	0.3909274566995049	0.5212366089326732	FALSE	FT
vs
RGC
