ID	Description	GeneRatio	BgRatio	pvalue	p.adjust	qvalue	geneID	Count
GO:0045296	cadherin binding	20/253	359/21059	1.5082206349903797e-8	2.4131530159846076e-6	2.0956328823024225e-6	CCNB2/SCRIB/SRC/PACSIN2/SEPTIN9/EZR/SH3GLB2/EEF1D/ADD1/PKM/FLNA/FMNL2/LRRFIP1/SEPTIN2/PTPRM/RAN/ANK3/PDLIM5/CNN2/RTN4	20
GO:0044325	transmembrane transporter binding	10/253	139/21059	7.192411708669891e-6	5.753929366935913e-4	4.99683339760224e-4	BAK1/SRC/RIMS1/FLNA/ANK2/PACS2/NEDD4L/FHL1/AKAP9/ANK3	10
GO:0051020	GTPase binding	15/253	337/21059	1.5295841999708277e-5	7.71469063735531e-4	6.699599764019085e-4	TBC1D30/DOCK11/ATG16L1/GIT1/RIMS1/BIN1/RABGAP1L/DOCK1/RNF41/FLNA/GIT2/FMNL2/CLTA/GDI1/RAPGEF6	15
GO:0003779	actin binding	18/253	475/21059	1.9286726593388275e-5	7.71469063735531e-4	6.699599764019085e-4	TPM2/PDLIM7/PFN2/BIN1/EZR/AFAP1/EVL/ADD1/MAP1A/FLNA/FMNL2/PAWR/TPM1/GSN/EPB41L3/PDLIM5/MYH10/CNN2	18
GO:0008017	microtubule binding	13/253	289/21059	5.0937768290179066e-5	0.00163000858528573	0.0014155337714323447	EML2/PLK1/DCTN1/CLASP1/EZR/MAP4/MAP1A/TOGARAM1/KIF21A/KIF1B/KIF2A/CCSER2/MAST1	13
GO:0015631	tubulin binding	15/253	397/21059	9.910878184834692e-5	0.002642900849289251	0.002295150737540666	EML2/PLK1/GIT1/DCTN1/CLASP1/EZR/MAP4/MAP1A/TOGARAM1/KIF21A/KIF1B/KIF2A/CCSER2/MAST1/BCAS3	15
GO:0005096	GTPase activator activity	12/253	300/21059	2.93425318838462e-4	0.006421775089510722	0.005576804682996154	TBC1D30/ARHGAP23/DEPDC1/GIT1/RABGAP1L/DOCK1/ARHGEF10L/GIT2/TBC1D1/SMAP1/GDI1/ARHGAP17	12
GO:0031267	small GTPase binding	12/253	303/21059	3.210887544755361e-4	0.006421775089510722	0.005576804682996154	TBC1D30/DOCK11/GIT1/RIMS1/RABGAP1L/DOCK1/RNF41/FLNA/GIT2/FMNL2/GDI1/RAPGEF6	12
GO:0051015	actin filament binding	10/253	225/21059	4.1146976488288736e-4	0.007315018042362442	0.006352515668367385	TPM2/BIN1/EZR/ADD1/FLNA/FMNL2/TPM1/GSN/MYH10/CNN2	10
