"","LR__EP1_BRN3B_RO","LR__H9_BRN3B_RO","SR__D180_1","SR__D180_2","SR__D180_3","SR__D180_4","SR__D180_5","SR__D180_6","SR__D280_A2","SR__D280_B1","SR__D280_C1"
"ENSG00000000003",1354.99999,448,2893,2353,2439,2927,2037,3073,3400,2878,2724
"ENSG00000000419",803,800.00001,619,418,540,588,470,566,777,590,776
"ENSG00000000457",484.00001,519,405,375,391,427,366,351,313,437,406
"ENSG00000000460",1005.99999,930.99999,155,195,113,148,172,166,193,209,227
"ENSG00000000971",330.99997,461,263,175,40,154,122,259,330,46,212
"ENSG00000001036",444,220,1395,1674,1073,1917,1308,2344,2681,1933,2600
"ENSG00000001084",434,455,345,333,332,263,248,226,288,296,525
"ENSG00000001167",381,358,985,889,1013,814,895,643,641,721,988
"ENSG00000001460",285,452,589,455,508,612,525,524,622,607,591
"ENSG00000001461",813,868.99999,2314,2474,2998,2622,2986,1706,2301,2355,2117
"ENSG00000001497",921.00001,629.00001,1379,1136,1278,1416,1349,1391,1561,1587,1651
"ENSG00000001561",215,137,794,827,824,776,846,518,721,497,828
"ENSG00000001617",1048.00001,896,112,135,129,35,137,31,16,24,19
"ENSG00000001629",1353,1237,878,816,886,520,718,510,503,449,749
"ENSG00000001630",1328,891,1980,1823,1867,2072,1654,2118,2891,2383,3700
"ENSG00000001631",2311.99998,1897.00001,1028,814,974,872,962,815,808,632,936
"ENSG00000002016",902,661.99999,301,307,406,321,461,301,249,177,286
"ENSG00000002330",1412.00001,1460,2193,2017,2046,3374,2028,3792,4009,4026,4005
"ENSG00000002549",978,819.99999,1315,1174,972,1449,921,1494,1892,2194,2087
"ENSG00000002587",146,62,286,89,34,287,35,112,231,430,596
"ENSG00000002745",21,60,13,39,12,28,19,15,35,1,20
"ENSG00000002746",200,420,110,84,38,110,65,55,66,99,64
"ENSG00000002822",629,581,782,734,665,970,615,897,930,973,730
"ENSG00000002834",957,885,2009,2082,2276,1099,2135,917,871,1002,1063
"ENSG00000002919",331,338,1066,1074,1046,1494,1105,1283,1653,1651,1988
"ENSG00000002933",182,182.00001,1757,1745,2007,1764,2237,2407,2557,2124,2757
"ENSG00000003056",533,532,2523,2092,2512,2838,2320,2391,2814,3644,4714
"ENSG00000003096",181,403,1183,1108,1627,1118,1271,932,1043,1100,1464
"ENSG00000003137",2457,1596,196,107,229,121,130,55,110,172,133
"ENSG00000003147",145,831,161,69,166,155,91,151,133,121,121
"ENSG00000003249",167,79,414,399,446,431,304,306,535,808,939
"ENSG00000003393",1393.99998,1793.99998,1134,1032,1342,1050,1334,627,623,899,1069
"ENSG00000003402",437.00001,479.00001,419,720,373,496,393,453,475,406,477
"ENSG00000003436",239,263,374,152,178,305,189,103,156,161,143
"ENSG00000003509",480.00001,418,400,300,345,462,341,316,390,316,482
"ENSG00000003756",2804.00001,2003,3890,2911,3459,4122,3984,3149,2844,3492,4038
"ENSG00000003987",1016,1335,245,209,309,316,233,174,158,249,87
"ENSG00000003989",206,346,285,423,203,166,288,192,304,93,243
"ENSG00000004059",1413,1184,2550,2264,2161,2777,1894,3356,3808,3884,3433
"ENSG00000004139",721,764,541,556,348,284,266,278,331,801,450
"ENSG00000004142",717,819,3610,3571,3200,4051,2699,3733,4888,5158,6560
"ENSG00000004399",270,178,207,192,151,153,232,109,185,222,436
"ENSG00000004455",1204.00002,1101,3551,2679,3004,3828,3021,2986,3240,3229,4454
"ENSG00000004478",643,786,2879,2508,3179,2804,2589,2535,2345,1946,2894
"ENSG00000004487",9053.99999,6350.99999,2890,2367,2148,2055,1565,1617,2835,4334,3840
"ENSG00000004534",5322,3103,2445,1890,2326,1924,2377,1755,1765,1863,2094
"ENSG00000004660",376,501,223,144,275,154,245,132,135,206,130
"ENSG00000004700",365,346.99999,535,506,482,498,440,351,498,674,745
"ENSG00000004766",768.00001,1143,427,466,302,470,342,326,401,371,563
"ENSG00000004776",32,20,60,21,14,20,6,7,22,23,118
"ENSG00000004777",598.99999,409,320,217,229,85,248,117,71,61,84
"ENSG00000004779",1813,1782,1863,1483,1628,2364,1500,2664,3104,2231,2586
"ENSG00000004799",55,43,142,98,146,94,112,83,114,141,224
"ENSG00000004838",47.00001,54,368,112,85,296,72,257,298,512,423
"ENSG00000004846",55.99999,162,78,418,60,369,339,214,345,29,158
"ENSG00000004864",1587,2064,991,816,474,1045,667,923,1031,776,1143
"ENSG00000004866",779.99999,692.99998,441,458,500,519,367,434,626,786,912
"ENSG00000004897",1692.99999,1306,1250,1122,1220,1277,1181,1070,1432,1181,1452
"ENSG00000004961",198,246,738,721,768,1154,790,852,1081,972,1243
"ENSG00000004975",454.00001,347,1017,1013,1132,804,1005,622,573,760,934
"ENSG00000005007",741,874.00001,271,241,246,129,221,214,281,491,359
"ENSG00000005020",155,218,100,67,36,98,35,76,70,136,331
"ENSG00000005022",2029,2129,3540,2961,2675,4324,2985,4432,4517,4147,4505
"ENSG00000005059",1007,460,674,468,235,554,171,370,734,1292,1293
"ENSG00000005075",1280,1182,1040,944,902,1442,899,1656,1705,1584,1701
"ENSG00000005100",336,429.99999,194,169,162,137,194,187,147,147,159
"ENSG00000005108",1305,1480,480,229,396,350,337,333,287,424,140
"ENSG00000005156",458.00001,384.99999,1698,1368,1639,1246,1616,1016,1116,935,1311
"ENSG00000005175",755.00001,705,654,555,574,594,618,497,633,720,708
"ENSG00000005187",57,120,16,22,23,43,52,23,37,20,20
"ENSG00000005189",313,251.00001,180,188,228,281,200,222,214,256,141
"ENSG00000005194",779.99999,717,2001,1801,1612,2538,1729,2705,2967,2805,3175
"ENSG00000005206",567.99999,591,1319,1002,1182,1174,1138,1135,1127,910,1142
"ENSG00000005238",334.99999,169,531,548,670,382,549,296,426,536,648
"ENSG00000005243",210,195,253,246,183,248,100,321,604,594,571
"ENSG00000005249",635,923,154,121,154,147,114,117,103,207,165
"ENSG00000005302",357.00001,283.00002,355,277,359,446,322,359,406,454,534
"ENSG00000005339",2946.00001,2048.00001,1055,809,947,700,1038,763,935,832,889
"ENSG00000005379",436.99999,517.99999,1277,1076,1757,831,1400,614,554,754,593
"ENSG00000005436",1101,1406,301,377,332,454,223,380,418,357,479
"ENSG00000005448",909.99999,855.99999,3253,2135,2920,3399,2768,3486,3297,3487,2653
"ENSG00000005469",769.99999,810.00001,1151,871,906,1037,585,875,1073,1147,725
"ENSG00000005471",335,417.00001,27,38,7,11,21,21,32,88,31
"ENSG00000005483",4937,6188.99999,5068,3999,5171,5705,5126,5185,6062,5045,5814
"ENSG00000005486",1647,1394,8457,7145,8084,9119,7371,11807,13613,11709,12821
"ENSG00000005513",737,970,81,142,52,107,33,80,109,560,128
"ENSG00000005700",2191.99999,1993,1615,1291,1547,1222,1383,1051,1318,973,1240
"ENSG00000005801",720,855.99998,951,721,725,992,762,813,1001,987,1306
"ENSG00000005810",6770,6184.00001,1545,1273,1441,1117,1329,855,968,966,1073
"ENSG00000005812",442,403.00001,755,649,653,495,485,434,828,802,1042
"ENSG00000005882",274.99999,267,2321,2354,2558,2694,2768,2709,3509,2913,3063
"ENSG00000005884",158,225.99999,529,755,824,179,694,184,220,222,236
"ENSG00000005889",1335.00001,1033,1690,1568,1532,1187,1413,1218,1134,1029,1414
"ENSG00000005893",939,1151,6962,7176,7500,7295,7247,6263,6513,5579,10149
"ENSG00000005961",105,133,262,166,364,338,357,229,204,155,257
"ENSG00000006007",397,659,1356,1191,1079,1533,1144,1436,1593,1525,1761
"ENSG00000006015",562.00001,749,1137,887,932,1519,883,1916,1979,1934,1915
"ENSG00000006016",54,46,18,5,4,25,9,9,46,63,75
"ENSG00000006025",192,160,343,278,404,326,374,189,205,272,295
"ENSG00000006042",1506.99999,884,10883,9691,4012,11092,7432,21267,16997,6097,9830
"ENSG00000006062",503,892,242,191,236,146,301,84,187,499,406
"ENSG00000006071",1116.99997,1014.99998,282,233,178,217,253,164,240,347,215
"ENSG00000006116",42,97,178,178,160,159,69,231,313,520,130
"ENSG00000006118",928,843.99999,2937,3824,1399,1691,1406,2010,1972,1952,3094
"ENSG00000006125",1952.99999,3310,5535,4591,5495,3687,4209,2905,2679,3211,3636
"ENSG00000006128",24,28,19,6,8,16,8,26,19,28,95
"ENSG00000006194",384.99999,298.99999,1293,1116,1335,1381,1297,1049,1643,2142,3270
"ENSG00000006210",57,62,377,328,553,345,327,259,436,602,482
"ENSG00000006282",266,299.00001,2009,2164,2164,2245,2259,2194,2860,2484,3127
"ENSG00000006283",528,413,80,26,79,40,73,29,30,56,74
"ENSG00000006327",844.00001,722.00001,593,504,303,710,329,866,2197,4387,3393
"ENSG00000006432",309.99999,401.00001,268,202,265,162,218,172,187,185,185
"ENSG00000006451",1154,1216,1520,1255,1227,1259,1193,1441,1461,1505,1973
"ENSG00000006453",172,296,298,294,263,294,259,277,403,239,317
"ENSG00000006459",573,578,178,140,120,104,115,65,172,177,201
"ENSG00000006468",560,585.99999,511,439,220,410,170,291,354,503,432
"ENSG00000006530",968.00001,1146.00002,1107,937,937,1137,895,1117,1278,1217,1376
"ENSG00000006534",19,51,446,647,510,657,817,468,573,392,472
"ENSG00000006576",1433,866,639,744,877,732,908,534,492,397,669
"ENSG00000006607",1351.00001,1072,1191,1107,1013,860,1128,706,789,859,1126
"ENSG00000006611",18,51,23,3,7,6,16,19,21,65,6
"ENSG00000006625",624,492.99999,374,340,273,494,241,478,545,657,606
"ENSG00000006634",487,523.00001,149,113,141,192,118,183,126,150,162
"ENSG00000006652",1366,1432,2653,2187,2414,2846,2890,2144,2412,2234,4666
"ENSG00000006695",454,428,627,631,608,851,612,648,724,843,913
"ENSG00000006704",1929.99999,1671,679,707,704,750,749,685,591,465,675
"ENSG00000006712",580,619.99999,1597,1481,1307,2072,1370,2187,2383,2606,2705
"ENSG00000006715",1477,2426,2121,2511,1921,2436,1870,1970,2114,2168,2433
"ENSG00000006740",518,690,281,335,315,92,241,150,203,237,150
"ENSG00000006744",573.99999,587,2458,2249,2238,2609,2398,2393,2884,2965,3582
"ENSG00000006747",96,136,80,150,84,162,137,93,42,14,35
"ENSG00000006756",506,420,1418,1235,1099,1193,1139,1157,843,968,1104
"ENSG00000006757",314.00001,216,445,405,398,517,387,532,598,404,630
"ENSG00000006831",572,439,376,332,380,268,331,304,317,238,293
"ENSG00000006837",379,768.99999,97,54,97,87,98,75,88,61,36
"ENSG00000007001",179,304,18,15,40,12,23,13,31,13,9
"ENSG00000007047",913,960.99999,145,115,165,46,124,71,69,82,56
"ENSG00000007062",7505.99999,8297.00002,3543,1085,2665,2872,2173,1332,1405,3465,1430
"ENSG00000007080",774,743,1005,911,840,1393,1040,1611,1726,1653,1573
"ENSG00000007168",2511.00002,2269.99999,1991,1458,1880,1401,1825,1145,1416,1582,1582
"ENSG00000007171",28,123,124,226,160,129,160,103,131,48,117
"ENSG00000007174",246,514.99999,85,65,28,94,26,71,112,254,210
"ENSG00000007202",1006,799.00001,4151,4482,4086,2874,3625,2071,2253,2728,3049
"ENSG00000007216",30,36,47,42,25,41,88,105,51,10,37
"ENSG00000007237",694,1058,506,433,356,305,308,310,296,388,267
"ENSG00000007255",347,274,647,493,576,755,651,990,1003,1032,1107
"ENSG00000007264",453,699,192,66,194,237,95,159,115,204,61
"ENSG00000007341",3846.00001,2919,500,381,444,598,412,421,532,529,519
"ENSG00000007350",52.00001,119,153,116,25,210,35,111,165,659,262
"ENSG00000007372",10922.99999,5417,10011,8501,11089,11225,10621,10477,14019,7048,7397
"ENSG00000007376",155,122,386,445,320,422,301,458,625,787,809
"ENSG00000007384",256,198,347,339,380,267,365,274,347,460,737
"ENSG00000007392",1881,1881.99999,1306,913,1218,1576,1321,1277,1452,1219,1118
"ENSG00000007402",497,626,304,166,316,126,244,130,151,152,304
"ENSG00000007516",140.99999,146,509,276,400,419,393,246,406,667,1726
"ENSG00000007520",701,687,320,498,143,184,132,471,1129,2157,1925
"ENSG00000007541",522,467,2285,2111,2027,2105,1694,1911,2275,2958,3030
"ENSG00000007545",643,566,278,188,243,128,186,119,166,174,132
"ENSG00000007866",452,396.00001,344,296,446,279,554,229,235,220,293
"ENSG00000007923",834.99999,827,1343,1270,1221,1858,1304,1249,1615,1863,2387
"ENSG00000007944",270,301,502,423,381,388,504,382,459,463,722
"ENSG00000007968",59,39,19,14,7,8,16,14,7,31,6
"ENSG00000008018",2553,2292,5628,4635,4824,6304,4408,7924,8565,6281,7678
"ENSG00000008056",212,386.00001,121,92,79,46,46,49,65,108,89
"ENSG00000008083",1586,1654,727,600,801,584,817,338,335,457,210
"ENSG00000008086",3417,3293.99999,302,206,324,245,249,196,234,197,202
"ENSG00000008118",24,61.99999,126,101,144,214,141,97,160,168,166
"ENSG00000008128",374.99999,679.99998,105,102,119,129,115,114,124,83,162
"ENSG00000008130",371,338,614,573,426,422,360,456,685,855,969
"ENSG00000008196",99,114,54,39,54,49,30,58,47,43,11
"ENSG00000008226",76,112,53,30,34,43,63,24,20,57,26
"ENSG00000008256",399,280,433,436,295,177,338,176,224,454,417
"ENSG00000008277",743,1788.99999,261,188,226,137,164,84,93,327,201
"ENSG00000008282",536.00001,366,1991,1836,2134,2163,2061,2123,2793,1821,2387
"ENSG00000008283",229.00001,214.99999,1082,775,995,916,949,1122,1535,1357,1290
"ENSG00000008294",2674.99999,2402,2405,1823,2037,1744,1768,1250,1241,1456,1534
"ENSG00000008300",381,313,181,127,185,80,128,70,79,103,85
"ENSG00000008311",1140,1378,821,596,535,702,764,544,796,832,1083
"ENSG00000008323",21,35,22,5,30,3,21,8,14,8,10
"ENSG00000008324",473,475,465,349,499,613,444,579,574,404,582
"ENSG00000008382",179.00001,282.99999,72,74,45,34,43,53,60,92,59
"ENSG00000008394",143,166.99999,978,428,200,777,263,849,1015,963,1676
"ENSG00000008405",1167,1245,1686,1613,1830,2265,2037,1621,1968,2261,3159
"ENSG00000008441",3035.99999,1753.00001,579,532,251,571,281,802,678,688,931
"ENSG00000008513",851,434,627,729,614,685,884,628,681,642,872
"ENSG00000008516",51,43,14,17,17,10,24,11,12,15,17
"ENSG00000008710",787.00001,752.00001,678,615,557,312,575,257,463,837,802
"ENSG00000008735",316,463,82,37,63,40,26,46,61,116,56
"ENSG00000008838",663.99999,669,2304,2059,2424,2746,2310,2168,2327,2941,2837
"ENSG00000008853",567.00001,391,572,531,459,431,608,494,727,672,881
"ENSG00000008869",484,614,619,658,828,659,789,317,352,455,397
"ENSG00000008952",5632,6961.99999,1865,1570,2187,2237,1814,2199,2333,2472,2714
"ENSG00000008988",13206.99999,7709,4135,3019,4126,3831,4070,4243,3636,3037,3117
"ENSG00000009307",4138.99999,4998.00002,11301,10049,12554,10780,12034,9077,10667,10266,11318
"ENSG00000009335",1302,1486,678,630,532,448,476,361,551,674,856
"ENSG00000009413",4890,3846,1975,1760,2004,1958,2006,1461,1505,1530,1574
"ENSG00000009694",801,535,2172,1423,2219,1755,2519,1455,2170,1144,1416
"ENSG00000009724",143.99999,231,40,18,39,30,34,20,22,20,30
"ENSG00000009765",19,85,19,13,5,7,21,8,8,9,2
"ENSG00000009780",462,410,480,343,481,366,475,410,610,527,745
"ENSG00000009830",478.00002,467.99999,1107,1150,829,1158,822,976,1105,1540,1325
"ENSG00000009844",1846,1232,2630,2201,2154,2602,1902,2523,2877,3038,3471
"ENSG00000009950",80,68.00001,73,83,132,53,111,69,57,113,172
"ENSG00000009954",3321,2962,936,841,787,821,757,786,1032,1122,1591
"ENSG00000010017",1363,1495,379,331,309,365,362,211,327,341,358
"ENSG00000010072",313,325,326,276,268,406,325,324,410,430,603
"ENSG00000010165",177,225.99999,957,919,965,1188,1097,912,985,990,1272
"ENSG00000010219",563,499.99998,931,836,1004,1099,841,1224,1292,1263,1574
"ENSG00000010244",2450,1590,3458,2836,3155,3721,3407,3195,4534,4259,4790
"ENSG00000010256",1532.99999,1369.00001,7467,6593,6561,9812,6882,10324,11071,10596,11452
"ENSG00000010270",838,925.00001,1491,1171,1321,1655,1114,1619,1692,1679,2272
"ENSG00000010278",1597.99999,943.00001,2847,1099,604,2455,639,1551,4091,7695,4072
"ENSG00000010282",116.00001,143,541,274,56,593,266,408,1311,158,960
"ENSG00000010292",367,278,1155,1064,1086,728,924,528,552,684,564
"ENSG00000010295",386,338,147,130,100,116,70,120,267,528,499
"ENSG00000010310",48,111.00001,55,69,66,80,53,85,56,92,119
"ENSG00000010318",160,199,198,173,197,197,198,201,154,118,266
"ENSG00000010322",1540.99999,1320.99999,4371,4224,4845,3637,4785,2582,2327,3185,3718
"ENSG00000010361",306.99999,265.99999,566,532,639,334,557,344,423,263,267
"ENSG00000010379",77,44,221,181,72,185,129,411,524,225,338
"ENSG00000010404",907.00001,1051,3774,3308,4357,3221,4181,2067,2437,3555,4966
"ENSG00000010539",232.99998,209.99999,502,365,473,555,557,433,520,590,791
"ENSG00000010610",426.00001,245,483,212,413,313,519,334,714,441,585
"ENSG00000010626",322.99999,342,565,381,497,638,467,533,587,719,801
"ENSG00000010671",162,293,18,18,13,4,20,17,18,13,31
"ENSG00000010704",70,61,119,63,83,118,99,103,139,64,114
"ENSG00000010803",3272,4601,1321,1192,1421,1495,1482,999,1030,1214,1382
"ENSG00000010810",4016.99999,2378.00001,571,402,371,345,347,338,538,1407,975
"ENSG00000010818",383,558.99999,569,414,639,332,531,168,226,468,460
"ENSG00000010932",16,108.99999,145,1233,146,941,545,670,1509,96,463
"ENSG00000011007",898.00001,792,2021,1803,1990,2268,1995,2052,2431,2656,2890
"ENSG00000011009",345.99999,362.00001,1078,954,908,1408,1016,1590,1949,1676,1678
"ENSG00000011021",483,737,919,929,1330,997,1429,629,613,790,1118
"ENSG00000011028",565,221,2252,2001,2358,799,1711,564,663,1336,1321
"ENSG00000011052",280.00001,327,757,253,493,933,476,541,750,801,477
"ENSG00000011105",2241,1755,293,371,256,210,351,212,217,117,121
"ENSG00000011114",1109.99999,981.99999,767,650,678,395,683,399,460,469,452
"ENSG00000011132",183,162.99999,525,510,557,533,684,575,491,355,727
"ENSG00000011143",287.99999,211.00001,1019,896,909,1126,1016,1099,1060,1181,1086
"ENSG00000011198",785.00001,991.99999,585,693,544,631,501,580,782,780,857
"ENSG00000011201",491,218,612,903,538,258,398,268,493,732,882
"ENSG00000011243",1752,1737.00002,2423,2037,2638,2463,2236,2115,3357,3814,4650
"ENSG00000011258",1307,811,262,180,196,190,182,179,185,137,137
"ENSG00000011260",679,682,704,669,748,897,663,905,1090,959,1318
"ENSG00000011275",2076,1614,2375,2156,2424,2288,2586,1915,1989,2442,3173
"ENSG00000011295",1235,1403,2181,1928,1499,1478,1092,1276,2574,3657,3579
"ENSG00000011304",1232,798.99998,2986,2843,3510,2455,3492,2366,2668,2698,2811
"ENSG00000011332",342.99998,261.00001,26,25,17,20,8,13,18,21,26
"ENSG00000011347",310.00001,427.99999,348,124,309,84,284,107,195,158,117
"ENSG00000011376",1040,2147,796,781,732,746,637,518,511,639,686
"ENSG00000011405",2057,2072,1725,1891,1757,1285,1768,788,930,956,1353
"ENSG00000011422",103,120.99999,113,118,96,125,83,103,141,250,238
"ENSG00000011426",350,264.00001,97,126,93,98,120,80,55,91,57
"ENSG00000011451",693.99999,801,320,309,306,107,211,142,107,190,190
"ENSG00000011454",1703,1735.00001,1427,1297,1934,590,1560,561,440,298,559
"ENSG00000011465",60,134,42,43,48,30,70,42,633,84,56
"ENSG00000011478",161,137,205,135,216,139,194,173,156,154,181
"ENSG00000011485",797,557.99999,1515,1403,1458,1266,1275,1233,1257,1076,1467
"ENSG00000011523",771.00002,935,2144,1979,2130,2228,2418,1563,1986,1964,1886
"ENSG00000011566",2439,2272.99999,678,688,601,530,556,408,588,715,911
"ENSG00000011590",56,57,20,13,34,15,18,5,7,13,18
"ENSG00000011638",401,245,491,561,543,606,580,631,585,594,494
"ENSG00000011677",119,196,393,433,384,556,294,689,816,1644,270
"ENSG00000012048",598.00001,813.00001,184,217,167,170,131,119,99,155,168
"ENSG00000012061",1079.00001,1087.00001,1927,1609,1648,2353,1803,2469,2713,2590,3025
"ENSG00000012124",19.99999,43,7,9,14,1,17,8,6,25,6
"ENSG00000012171",840.00001,461,4561,5064,3408,5235,4320,5146,6598,9819,7309
"ENSG00000012174",487,528,1284,1339,1420,1469,1376,965,1021,945,1300
"ENSG00000012211",63,35,56,70,84,59,108,34,29,12,37
"ENSG00000012232",777.99999,1163,1926,2588,2091,1395,1858,1090,1020,1610,1489
"ENSG00000012504",55,144,13,23,11,61,42,9,37,6,29
"ENSG00000012660",1025.00002,1175,1996,1925,1464,2073,1340,1608,2806,3984,3609
"ENSG00000012779",18,145,367,611,296,732,771,416,583,177,411
"ENSG00000012822",569.99999,508.99999,3743,4201,4635,4420,4786,3612,3912,4309,4269
"ENSG00000012963",732,496.99999,1616,1293,1506,1465,1362,1137,1517,1702,1761
"ENSG00000012983",1846.99999,2187,911,837,777,718,611,615,858,978,1122
"ENSG00000013016",205,373,1114,1230,1099,1406,1101,794,989,1669,1066
"ENSG00000013275",1089,1060.00001,2079,1956,1755,2713,1892,3151,3376,3198,3680
"ENSG00000013288",363,336,1125,1263,969,1309,1014,1043,1122,1485,1561
"ENSG00000013293",83,106,127,80,152,99,99,50,76,99,126
"ENSG00000013297",68,75,161,14,169,65,101,39,229,112,94
"ENSG00000013306",702.00001,680,4158,4009,4307,4891,3949,6034,7505,5809,6693
"ENSG00000013364",244,524,1260,1192,1147,1389,1507,1069,1764,1928,2189
"ENSG00000013374",850.00001,897.99999,979,789,977,775,896,772,973,930,1022
"ENSG00000013375",953,821.00001,1852,1568,2027,1662,1896,1469,1455,1520,3554
"ENSG00000013392",254,195,453,377,485,515,429,425,437,413,591
"ENSG00000013441",1307,1131.99999,663,520,842,726,687,771,1436,1304,1804
"ENSG00000013503",452,531,506,462,352,431,333,416,491,447,802
"ENSG00000013523",444,251,1602,1531,1596,1516,1557,952,974,1572,1461
"ENSG00000013561",681,575,2331,2006,2111,2490,2043,2300,2457,2820,3219
"ENSG00000013563",207,116,647,678,662,583,638,632,554,390,712
"ENSG00000013573",157.99999,403,487,416,540,457,671,338,302,390,404
"ENSG00000013583",275,283,794,731,866,827,842,914,1003,931,856
"ENSG00000013588",111,67,685,901,976,750,1157,886,1075,1225,1895
"ENSG00000013619",895,1050.99999,749,505,645,593,765,263,437,814,423
"ENSG00000013810",420,93,174,190,116,155,156,162,169,153,151
"ENSG00000014123",948,1134,867,798,1095,933,1017,748,937,1043,1439
"ENSG00000014138",827.99999,366,267,277,365,413,364,320,275,198,233
"ENSG00000014164",299,255,614,618,753,384,765,372,342,311,462
"ENSG00000014216",747,702.00001,2616,2919,2863,2983,2745,2644,2991,3606,2956
"ENSG00000014257",45,82,9,14,14,15,15,31,21,10,18
"ENSG00000014641",2008,2095.99999,4961,4473,4382,6688,4250,7143,7140,6087,7792
"ENSG00000014824",1963,1530,3191,2749,2935,3442,2501,2613,3257,3942,4119
"ENSG00000014914",177.99999,80,832,916,813,1051,709,709,912,1738,1163
"ENSG00000014919",453,524,1379,1267,1405,1275,1215,1021,1093,1359,1479
"ENSG00000015133",188.99999,216,270,175,386,144,226,189,193,160,166
"ENSG00000015153",1596.00001,1714.99999,219,142,199,202,172,156,208,223,169
"ENSG00000015171",2508.00001,2622.99999,2106,2130,2113,1975,2002,1476,2065,2232,2514
"ENSG00000015475",385,353.00001,742,778,924,736,903,633,690,811,736
"ENSG00000015479",4523,4235.99999,9738,8803,9387,9882,7793,7507,9161,10338,10819
"ENSG00000015532",353,284.99999,866,885,1053,874,1171,618,736,875,967
"ENSG00000015592",548,465,938,830,754,660,642,575,380,802,397
"ENSG00000015676",896.00001,968,3442,3504,3724,3880,3713,2641,2845,3879,4741
"ENSG00000016082",128,137,53,99,50,236,63,84,154,251,85
"ENSG00000016391",318,95,375,292,403,226,243,226,522,765,502
"ENSG00000016864",635,463,2012,1707,2054,2067,1548,1977,2577,2544,3047
"ENSG00000017260",3869,4733.99999,2909,3586,2827,2677,2833,2048,1787,2160,1867
"ENSG00000017427",18,65,53,15,118,10,41,71,116,19,20
"ENSG00000017483",1312.00001,1232,673,114,238,529,338,208,320,160,68
"ENSG00000017797",900,870,813,760,782,766,623,728,1049,1364,1013
"ENSG00000018189",4874,4554,2418,1937,2066,2176,1889,1815,1995,2706,2315
"ENSG00000018236",2404.99999,2508,2267,4492,2515,3040,2977,1678,1436,1962,1790
"ENSG00000018280",26,39.99999,19,35,49,41,34,39,47,41,31
"ENSG00000018408",1949.99999,1084,2839,3439,2305,2749,2324,2020,2806,3459,3102
"ENSG00000018510",1989.00001,2973,724,607,700,654,555,437,493,644,653
"ENSG00000018610",394,491,379,342,350,384,477,389,467,402,558
"ENSG00000018625",2315,440,12817,5016,7170,8665,6239,9689,11792,26167,11909
"ENSG00000018699",822,639,372,366,248,391,342,371,421,435,451
"ENSG00000018869",84,133.00001,135,135,120,134,142,145,157,192,195
"ENSG00000019144",497.00001,351,1109,928,966,887,1168,736,783,822,675
"ENSG00000019485",432,542,197,214,262,130,291,120,74,69,67
"ENSG00000019505",150,150,266,226,431,273,433,195,221,128,110
"ENSG00000019582",42,31,452,571,689,561,644,637,826,741,590
"ENSG00000019991",333,210,258,257,298,245,273,147,156,592,617
"ENSG00000019995",616,650,325,281,305,314,352,259,353,558,546
"ENSG00000020129",811.00001,659,1671,1387,1614,968,1404,866,867,1344,1140
"ENSG00000020181",1055,1012,755,583,996,241,657,324,429,459,336
"ENSG00000020256",522.99998,540,648,506,792,646,686,633,692,621,726
"ENSG00000020426",1355.00001,1531,450,379,368,603,328,532,613,534,720
"ENSG00000020577",191,293.99999,111,106,83,96,119,48,110,59,162
"ENSG00000020922",705.99999,922.99999,449,300,367,356,397,343,306,236,335
"ENSG00000021300",2923.99999,4518,7947,2987,3863,9208,4536,7357,8505,11642,6873
"ENSG00000021355",110,117,230,96,177,207,172,156,171,250,247
"ENSG00000021574",2306.00001,2337,536,444,458,305,428,210,288,173,320
"ENSG00000021645",8699,8226.00001,1617,1603,1358,1943,1803,894,1415,1029,1054
"ENSG00000021762",272.00001,326,567,384,583,434,502,305,319,466,332
"ENSG00000021776",1294,1223,1032,1103,1017,1037,984,658,831,898,1226
"ENSG00000021826",286.99999,607.99998,322,309,336,310,346,186,248,272,343
"ENSG00000022267",899.00001,1026,6884,6310,9470,6979,6085,6695,9301,11900,10793
"ENSG00000022277",1345.00001,1420,2897,2500,2724,3902,2666,3771,4470,4601,5504
"ENSG00000022355",282.00001,246.00001,43,26,18,55,34,22,41,68,24
"ENSG00000022567",219,365,174,167,95,115,130,160,191,199,201
"ENSG00000022840",1455,1445,4575,4394,4056,4499,3556,3292,4474,5107,6764
"ENSG00000022976",315.99999,439,133,98,129,125,138,80,132,198,249
"ENSG00000023041",465.99999,393,955,838,747,1205,771,905,1252,970,1759
"ENSG00000023171",3435.99999,3597,1480,1092,1436,1010,1565,592,789,660,572
"ENSG00000023191",1412.99998,1045.00001,4733,4747,5075,6682,5771,6930,8308,7801,11136
"ENSG00000023228",2595.00001,2351,2379,2189,2108,2264,2111,2166,2449,2156,3042
"ENSG00000023287",2152,2436,1545,1433,1459,1666,1427,1286,1367,1588,1982
"ENSG00000023318",1598.99999,1363.00001,2042,1698,1750,2117,1757,2164,2565,1932,2628
"ENSG00000023330",578,539,1981,1894,1829,2341,2001,2830,2824,2404,3499
"ENSG00000023445",17,94,18,14,13,13,25,17,28,12,15
"ENSG00000023516",1890,1831,642,661,556,847,506,643,929,759,709
"ENSG00000023572",405,483,407,351,458,315,340,332,398,351,525
"ENSG00000023608",446,418,405,302,377,406,363,366,430,380,626
"ENSG00000023697",888,1071.00001,977,756,876,1181,739,998,1136,1218,1128
"ENSG00000023734",1686,1718,4715,3762,4121,4484,3638,4206,5033,4996,6159
"ENSG00000023839",106,173,28,9,26,21,38,14,7,4,8
"ENSG00000023892",154.99999,139.99999,76,52,48,63,42,55,108,103,109
"ENSG00000023902",961,593,340,278,263,312,322,294,390,789,587
"ENSG00000023909",426,531,99,107,68,49,61,74,200,511,1054
"ENSG00000024048",3316,2628,876,885,984,783,958,558,618,644,613
"ENSG00000024422",323,241.99999,2549,3441,3576,3792,4478,2858,2598,2632,3741
"ENSG00000024526",139,62,35,39,29,30,41,43,26,9,31
"ENSG00000024862",189,183,299,258,334,404,333,447,493,356,418
"ENSG00000025039",727,1428,1137,1382,1071,858,1012,742,824,800,1720
"ENSG00000025156",1230,582,930,930,1139,1034,973,870,1027,807,1147
"ENSG00000025293",1309,1360,977,852,921,1015,911,970,1067,902,945
"ENSG00000025423",36.99999,94,54,48,62,67,43,38,76,48,130
"ENSG00000025434",124,89,212,141,173,233,203,259,198,304,269
"ENSG00000025708",125,108.00001,154,78,139,164,128,180,188,201,172
"ENSG00000025770",485,455,1270,1199,1209,1679,1396,1647,1961,2331,2395
"ENSG00000025772",299,256,2295,2144,2183,2537,2230,2959,4104,3513,3400
"ENSG00000025796",1915,1874,2484,2224,2592,2107,2129,2159,2301,2098,3116
"ENSG00000025800",1502,1419,2787,2656,2935,2408,2926,1701,2037,2260,2608
"ENSG00000026025",20354,15325.00001,22865,25037,22332,23888,24451,24553,22806,34908,22840
"ENSG00000026036",70.00001,97,121,109,91,42,117,57,52,106,89
"ENSG00000026103",94.00001,146.99999,269,222,373,273,333,173,290,527,565
"ENSG00000026297",458.00001,574.00001,1038,998,975,1312,945,1372,1467,1127,1218
"ENSG00000026508",830.00001,1479.99999,1515,1680,1219,1224,687,893,1013,3357,2741
"ENSG00000026559",21,50,413,151,100,261,70,169,206,479,456
"ENSG00000026652",713,563,811,568,750,698,765,524,377,543,423
"ENSG00000026950",145.00001,151,459,384,403,303,400,239,323,392,438
"ENSG00000027001",360,484,598,577,490,702,440,642,811,696,845
"ENSG00000027075",221,237.00001,86,92,87,81,81,67,46,43,62
"ENSG00000027644",75,35,216,199,305,258,190,142,104,66,93
"ENSG00000027697",808.00001,720.99998,1392,1032,1192,1522,1140,1407,1769,1918,2457
"ENSG00000027847",720.99999,348.00001,917,910,760,1019,715,1131,1341,1320,1467
"ENSG00000028116",391,1142,196,176,225,244,227,167,237,158,150
"ENSG00000028203",2912.99999,2835,1393,1153,1171,1369,1283,1065,1198,1409,1096
"ENSG00000028277",321,202.00001,46,14,32,22,35,11,24,7,20
"ENSG00000028310",677,526.99998,488,479,344,342,304,358,541,644,723
"ENSG00000028528",1404,1393.00001,1433,1501,1228,1677,1329,1555,1869,1648,1937
"ENSG00000028839",630.00001,573,538,353,443,584,416,520,635,611,648
"ENSG00000029153",133.99999,257,34,28,20,14,7,16,28,59,79
"ENSG00000029363",3782.00001,3901.00001,4216,3344,3229,4069,3208,4401,5930,5626,6984
"ENSG00000029364",946.99998,1464,2132,2265,2363,1629,2302,1346,1744,2122,3015
"ENSG00000029534",959.00002,885.99999,314,87,173,234,138,105,125,137,62
"ENSG00000029639",305,412,403,301,305,568,352,414,403,404,411
"ENSG00000029725",1513.00001,1836.99999,2228,1981,1954,2165,1452,1631,1840,2108,2464
"ENSG00000029993",588.00001,474.99999,793,657,640,772,615,812,783,629,459
"ENSG00000030066",1436.00001,1091.00001,1764,1651,1593,1535,1537,995,1446,1724,2199
"ENSG00000030110",110,125,865,1037,797,1203,1060,1150,1359,1464,2123
"ENSG00000030304",125,271,7,5,9,13,29,11,1,23,3
"ENSG00000030419",255.99999,718,125,109,165,111,172,55,50,33,85
"ENSG00000030582",735,722.00001,7434,13036,8691,14380,12009,13738,16340,8559,10419
"ENSG00000031003",1806.99999,2423.99999,955,994,701,913,775,742,906,747,820
"ENSG00000031081",268,122,345,375,216,228,183,107,133,484,300
"ENSG00000031691",121,129,95,85,76,83,119,99,89,116,97
"ENSG00000031698",1750,1909,6086,5466,5579,7666,5605,7823,7753,8044,12066
"ENSG00000031823",1309,1099.00002,348,329,366,160,357,198,185,213,188
"ENSG00000032219",2804.99999,2230,853,560,654,915,713,782,1088,1090,1238
"ENSG00000032389",871,601,743,570,491,745,488,855,908,904,967
"ENSG00000032444",459.00001,560,644,611,726,311,671,210,190,215,232
"ENSG00000032742",1781.00001,1583.00001,831,623,599,856,712,773,858,853,866
"ENSG00000033011",291,352.99999,902,933,702,1212,908,1352,1459,1119,1752
"ENSG00000033030",477.00001,500.99999,609,484,624,573,618,537,485,579,729
"ENSG00000033050",457,463,1167,1300,1068,1390,1188,1321,1450,1528,2216
"ENSG00000033100",311,212.99999,1051,1045,1072,532,923,456,366,515,817
"ENSG00000033122",504.00001,755.99999,76,140,76,77,130,86,98,61,48
"ENSG00000033170",2060,2376,975,958,811,899,754,837,874,845,769
"ENSG00000033178",958,933,707,755,870,560,709,474,407,538,582
"ENSG00000033327",659,322.99999,410,292,535,217,430,216,334,404,227
"ENSG00000033627",2725.00002,3728,5718,4886,6733,6289,6783,4299,4970,6290,7780
"ENSG00000033800",1456,1541.99999,3583,2826,3884,3475,3729,2980,3668,2733,2956
"ENSG00000033867",4444.00002,4190.99999,723,538,945,490,823,193,239,341,326
"ENSG00000034053",552,751,811,518,549,677,601,522,528,1286,988
"ENSG00000034152",318,459,662,725,684,643,452,589,1161,1436,1747
"ENSG00000034239",23,67,145,23,104,82,86,47,58,72,90
"ENSG00000034510",10306,6296,4039,3195,3308,4954,2999,5438,3844,4405,2745
"ENSG00000034533",179,52.00001,80,196,153,145,141,214,218,186,232
"ENSG00000034677",936,987,995,1005,940,941,983,637,719,1109,985
"ENSG00000034693",635,630,771,644,666,901,656,837,1040,880,1299
"ENSG00000034713",1958.00001,2192,4231,3430,4103,4858,3855,5121,5263,4034,4088
"ENSG00000035115",544,466,586,352,626,565,556,460,510,472,642
"ENSG00000035141",904,786,1701,1188,1352,1828,1450,1887,2191,1775,2000
"ENSG00000035403",1191,1762,6756,6972,8362,6890,9218,4068,4270,5009,6288
"ENSG00000035499",172,178,73,49,41,70,49,73,24,46,32
"ENSG00000035664",55,117,117,130,84,83,96,154,131,165,178
"ENSG00000035681",1047,947.99999,986,1077,918,895,782,801,1229,1326,1532
"ENSG00000035687",682,560,696,698,699,625,709,544,640,587,641
"ENSG00000035862",1271,1272,724,742,737,461,701,549,551,536,519
"ENSG00000035928",1498,1352,983,906,1079,1009,1007,885,957,976,1196
"ENSG00000036054",921.99999,1040.99999,912,697,950,861,860,694,858,903,1078
"ENSG00000036257",3071,2131,416,372,381,224,374,317,377,525,484
"ENSG00000036448",67.99999,171,51,26,30,62,80,25,21,35,20
"ENSG00000036530",439,483,270,214,192,212,193,260,266,360,312
"ENSG00000036549",1553.99999,1063,1647,1516,1695,1453,1791,1028,1156,1067,1525
"ENSG00000036565",33.00002,133.00002,94,17,89,52,24,95,167,131,30
"ENSG00000036672",698.00001,698.00001,281,155,308,137,246,164,300,196,141
"ENSG00000036828",62.99999,141.00001,355,211,294,226,311,181,155,102,205
"ENSG00000037042",237,257,1628,1404,2090,2147,2118,1965,2240,2218,2783
"ENSG00000037241",329.99999,298,514,508,470,769,502,1035,959,815,906
"ENSG00000037280",23,84,29,22,7,2,25,13,9,17,3
"ENSG00000037474",674.00001,670,1288,1280,1298,1562,1282,1312,1755,1985,2944
"ENSG00000037637",557,683,2628,2327,2480,2790,2782,1746,1923,2336,2977
"ENSG00000037749",647.99999,779.99999,1618,1501,1562,1227,1457,877,1036,1364,1345
"ENSG00000037757",483,262,679,557,639,646,700,674,686,602,652
"ENSG00000037897",147.99999,125,219,224,226,274,234,346,504,443,618
"ENSG00000038002",183,170,547,535,450,720,436,743,948,608,666
"ENSG00000038210",91,210,107,148,101,118,94,89,96,103,139
"ENSG00000038219",2849,2832,686,722,859,742,814,498,626,593,796
"ENSG00000038274",868.00001,776.99999,2058,1679,2362,2572,2248,2228,2801,2251,2850
"ENSG00000038295",358,611,420,426,1126,453,887,392,321,233,335
"ENSG00000038358",523,505,1987,2072,2372,1735,2141,1247,1395,2072,2256
"ENSG00000038382",6291.00001,4770.00001,454,298,322,296,361,237,260,223,249
"ENSG00000038427",3961,1093,3621,1094,5161,2215,3259,2096,1984,1774,1744
"ENSG00000038532",1519,1506.99999,1355,1102,1373,1159,1316,700,642,768,1006
"ENSG00000039068",83,111,183,181,26,161,147,127,117,110,212
"ENSG00000039123",1597,1800,1304,1256,1221,1241,1230,1042,1320,1050,1458
"ENSG00000039139",248.99999,552.99999,113,72,45,97,32,65,83,47,162
"ENSG00000039319",1558,1253.99999,1143,1011,956,938,1042,729,556,625,731
"ENSG00000039523",1171,1181,1179,1067,1278,1008,1209,1187,1081,1087,1239
"ENSG00000039560",4229.00001,3594,3102,3952,2954,3530,3338,3033,3059,4784,2338
"ENSG00000039650",317.00001,307.00001,406,410,425,566,440,597,577,508,588
"ENSG00000040199",1209.00001,1242.99999,686,814,840,497,798,364,469,557,987
"ENSG00000040275",360,292,320,398,292,432,325,390,415,391,462
"ENSG00000040341",3328.99999,3565.99999,1069,964,1013,1205,878,817,811,919,774
"ENSG00000040487",241.99999,248,460,481,501,583,569,673,804,547,743
"ENSG00000040531",227,204,573,581,504,832,602,649,682,607,918
"ENSG00000040608",284,137,98,75,93,103,68,79,133,199,102
"ENSG00000040633",713,555,757,577,645,605,631,635,695,683,768
"ENSG00000040731",292,148,102,118,116,131,144,80,110,141,104
"ENSG00000040933",608,873.99999,722,694,470,368,326,265,445,804,1086
"ENSG00000041353",68,79,50,35,82,32,22,23,18,13,4
"ENSG00000041357",1643,1515.99999,2786,2180,2030,3200,1995,3436,3559,3153,3468
"ENSG00000041515",863,846,562,114,263,286,209,225,292,369,150
"ENSG00000041802",610,644.99999,1185,1007,1060,1355,1186,1455,1717,1711,2324
"ENSG00000041880",105,108.99999,627,705,602,824,722,658,1091,846,938
"ENSG00000041982",318,667,6003,631,455,2635,271,607,671,5874,2935
"ENSG00000041988",264.99999,235,633,482,661,898,721,928,812,713,904
"ENSG00000042062",80,97,32,29,18,37,38,18,45,31,65
"ENSG00000042088",874.99999,431.00001,483,458,478,499,441,482,367,459,437
"ENSG00000042286",116,159,299,182,195,295,207,229,281,355,505
"ENSG00000042317",879,1119,455,273,366,459,340,391,333,417,392
"ENSG00000042429",787.99999,961.99999,948,752,685,1072,743,903,1072,1241,1740
"ENSG00000042445",197,220,833,841,862,1115,783,786,1087,1039,829
"ENSG00000042493",21,21.99999,78,107,96,92,83,157,93,89,51
"ENSG00000042753",1333,1048.00002,715,582,656,487,583,668,594,497,505
"ENSG00000042781",4468,6684,480,166,374,440,393,172,133,227,85
"ENSG00000042832",122,278.99999,8,29,30,32,50,18,20,3,4
"ENSG00000042980",114.99999,206,24,67,21,39,35,24,28,49,80
"ENSG00000043093",1037,675.99999,944,869,845,908,818,729,926,944,997
"ENSG00000043143",613.00001,569,281,231,387,191,346,196,280,212,189
"ENSG00000043355",1066.99999,463,187,83,154,73,80,125,166,179,90
"ENSG00000043514",928,673.99999,537,387,491,679,501,587,619,567,778
"ENSG00000044090",526.00001,579.99999,2794,2498,4472,2350,3958,1591,1344,1649,1874
"ENSG00000044115",2544.00001,2634.00004,7933,7748,7398,8470,7407,6629,7674,9019,12494
"ENSG00000044446",293,294,560,432,652,364,494,313,351,344,449
"ENSG00000044459",1269,1426,373,479,482,488,410,429,399,322,334
"ENSG00000044524",747,759,1169,525,1295,607,971,415,403,694,421
"ENSG00000044574",3939,2417,18412,17981,17324,23184,18237,22434,26711,26290,61536
"ENSG00000046604",263,295.99999,2106,2544,2591,1781,2968,1046,1419,935,1517
"ENSG00000046647",671,397,753,531,676,778,658,776,933,988,785
"ENSG00000046651",2598,1593,1014,821,927,1136,1059,944,1020,780,1027
"ENSG00000046653",9948,5826,18083,15328,9946,17197,8057,16673,18246,40764,15682
"ENSG00000046889",926,1217.00001,339,325,200,209,175,113,157,229,262
"ENSG00000047056",1399.00001,1039.99999,895,834,919,764,1025,617,684,888,996
"ENSG00000047188",998,1154,479,468,461,510,405,374,513,505,687
"ENSG00000047230",1036.00001,944,1547,1343,1677,1497,1295,1055,1185,1403,1207
"ENSG00000047249",1226,1082,1548,1396,1275,1734,1213,1515,1834,1510,1994
"ENSG00000047315",1596.00001,1627,2544,2362,2573,2615,2192,1891,2567,2801,3310
"ENSG00000047346",995.99999,1046,464,338,361,406,420,393,472,526,540
"ENSG00000047365",405,398,62,81,9,47,14,48,83,157,342
"ENSG00000047410",3452,3195,2770,2528,2632,2794,2640,2643,2689,2770,3168
"ENSG00000047457",1339.00001,2274.99999,3715,3308,4477,2464,2704,1335,3160,7699,5008
"ENSG00000047578",974.00001,838,1113,795,855,784,1014,503,519,498,414
"ENSG00000047579",785,1407,571,592,572,740,592,755,733,737,779
"ENSG00000047597",23,30,98,77,89,82,77,78,74,86,107
"ENSG00000047617",4860,5422,540,207,403,489,309,393,227,364,228
"ENSG00000047621",472,501,445,400,365,534,327,394,432,474,715
"ENSG00000047634",547.99999,585.99999,223,130,258,289,218,227,297,287,339
"ENSG00000047644",252,228,212,208,206,171,193,171,190,277,157
"ENSG00000047648",237,739,49,106,87,63,117,71,59,96,67
"ENSG00000047662",655,501,205,244,115,215,195,111,129,249,89
"ENSG00000047849",4862,4636,9832,6583,7321,8945,7397,5353,7370,10317,8554
"ENSG00000047932",736,764,905,930,1102,960,1000,698,764,665,917
"ENSG00000048028",714,914.99999,1296,936,1159,1097,1247,608,491,822,838
"ENSG00000048052",3557.00001,4784.00001,2325,2087,2431,1972,2193,1313,1417,1739,1187
"ENSG00000048140",365.99999,372,830,714,632,791,470,665,766,1051,919
"ENSG00000048162",232,274.00001,421,338,256,429,290,589,786,626,1132
"ENSG00000048342",6679,7939.99999,2442,927,2060,2745,1847,1001,1135,1541,1020
"ENSG00000048392",655,826,1309,1488,1566,1285,1712,621,779,987,2360
"ENSG00000048405",511.00001,608.00001,409,368,309,339,277,330,484,504,741
"ENSG00000048471",1427.99998,1840,571,361,478,763,632,482,519,476,348
"ENSG00000048540",1431.00001,664.99999,603,519,164,494,125,405,531,584,641
"ENSG00000048544",598,1383,1107,1110,886,1354,1003,1465,1619,1519,1978
"ENSG00000048545",872,1756,13287,1108,10748,16758,9935,5038,8440,11667,3692
"ENSG00000048649",3364.99999,3114,1331,924,1170,1124,1115,1143,1308,1204,1201
"ENSG00000048707",3969,4988,2236,1861,2070,1467,1946,983,1277,1401,1854
"ENSG00000048740",15471,10333.00001,1905,1757,1670,1778,1642,1743,1961,1834,1684
"ENSG00000048828",2138,1935,945,933,756,667,858,898,1013,944,827
"ENSG00000048991",3195.00001,4990,675,619,819,343,630,410,418,263,375
"ENSG00000049089",930.99999,338,7174,10030,14571,12052,11619,12915,17934,9806,9829
"ENSG00000049130",140,184,292,127,217,151,128,109,113,254,273
"ENSG00000049167",864.00001,1187.99999,537,549,517,553,468,451,553,379,608
"ENSG00000049192",556,551,182,127,138,143,144,102,67,42,39
"ENSG00000049239",713,529,2041,1964,1474,1022,1340,985,1131,1496,1810
"ENSG00000049245",610,463,2775,2281,2835,2748,2603,2664,3269,2801,3207
"ENSG00000049246",1335,1424.00001,1546,1539,1850,1279,1884,731,931,1135,1124
"ENSG00000049249",25,33,30,28,25,7,13,19,27,100,8
"ENSG00000049323",718.00001,786,1511,1894,1023,1514,1408,1280,1772,803,1566
"ENSG00000049449",1737.99999,1118.99999,7469,5649,7715,7257,5133,6327,7609,8369,8659
"ENSG00000049540",1044,538.00001,6320,7451,1402,4107,4528,6827,2901,1292,1916
"ENSG00000049541",824,421.99999,640,494,505,670,520,784,769,974,1080
"ENSG00000049618",4820,5055.00001,1366,1064,1301,951,1285,903,913,1047,834
"ENSG00000049656",534,503.00001,268,280,259,237,260,307,355,393,352
"ENSG00000049759",5150.99998,5525.99999,2356,2270,1603,2305,2057,2138,1856,1947,1638
"ENSG00000049769",311.99999,335,87,74,94,65,82,82,151,362,360
"ENSG00000049860",472,443,2614,2567,2526,2864,2320,2920,3230,2661,3960
"ENSG00000049883",334,805.99999,453,422,457,433,441,467,513,458,589
"ENSG00000050030",205,190,343,301,373,270,322,202,169,153,197
"ENSG00000050130",1289,938.00001,2608,2092,2470,2741,2229,3086,3441,2858,3496
"ENSG00000050165",8623,8462,19481,13199,12711,19926,12133,10403,20038,32251,19460
"ENSG00000050327",22,18,30,30,7,10,14,12,5,3,6
"ENSG00000050344",67,49,99,73,72,43,78,42,77,133,96
"ENSG00000050393",698,861,450,374,283,356,255,262,470,620,844
"ENSG00000050405",923,857.00001,738,682,680,928,708,642,1101,1301,1611
"ENSG00000050426",499,469,674,495,675,632,708,564,751,583,623
"ENSG00000050438",968.99999,721,1057,784,889,633,892,482,419,825,737
"ENSG00000050555",41,66,116,74,126,46,60,61,110,183,191
"ENSG00000050628",44,81.99999,87,232,60,113,124,93,116,57,118
"ENSG00000050730",108,182,16,15,20,41,18,31,33,52,13
"ENSG00000050748",622.99999,575,184,157,195,132,156,116,159,470,515
"ENSG00000050767",1195,516,341,129,257,342,199,187,487,1599,365
"ENSG00000050820",879.99999,707.99999,1551,2247,1494,1329,1362,1471,2136,2354,2765
"ENSG00000051009",480,522,816,576,654,560,729,603,680,624,744
"ENSG00000051108",901.00001,976,4555,4307,5034,6419,5569,5698,7462,7152,14928
"ENSG00000051128",662.00001,306,628,982,397,630,476,935,1110,1035,1486
"ENSG00000051180",308,251,56,48,37,68,48,64,52,87,58
"ENSG00000051341",234,251,35,30,28,17,17,22,24,8,31
"ENSG00000051382",1572.00001,1932.00001,674,544,819,549,782,310,357,541,609
"ENSG00000051523",924,343.00001,452,377,399,516,454,686,831,763,605
"ENSG00000051596",181,241,1107,1103,1238,1239,1355,1352,1332,1242,1300
"ENSG00000051620",1303,1186,598,525,430,412,324,468,732,809,974
"ENSG00000051825",1051.00001,1072.99999,599,522,530,605,699,480,432,482,570
"ENSG00000052126",2961.00001,3864.99997,1272,917,974,1182,941,866,980,928,1091
"ENSG00000052344",30,16,73,78,59,127,79,123,134,44,164
"ENSG00000052723",574,633,1229,1255,1372,1179,1449,887,1020,875,1462
"ENSG00000052749",564.99999,552.99999,1120,1127,1504,1210,1504,748,854,991,1762
"ENSG00000052795",660,875.99999,343,294,358,417,397,282,308,244,353
"ENSG00000052802",918,460,1152,878,893,1193,930,1401,2090,1234,2318
"ENSG00000052841",2451,2868,3857,3725,3914,3199,3630,2467,2431,2569,4007
"ENSG00000053108",224,148,186,51,231,84,119,65,93,178,88
"ENSG00000053254",1279,1063,832,570,794,569,728,518,616,493,447
"ENSG00000053371",624.99999,606,2797,2648,2572,2645,1980,2973,4813,3738,4359
"ENSG00000053372",452,479,608,505,511,652,506,804,876,705,1174
"ENSG00000053501",416,393.00001,458,379,480,727,585,781,667,729,897
"ENSG00000053524",1432.00002,2401.99999,328,216,307,296,309,143,195,175,245
"ENSG00000053702",165,18,42,47,58,22,46,20,20,25,27
"ENSG00000053747",223.00001,841,127,177,82,95,108,80,123,45,68
"ENSG00000053770",554,612,1337,1287,1123,1372,1103,1164,1369,1145,1524
"ENSG00000053900",616,518.00001,791,584,707,671,799,570,725,759,738
"ENSG00000053918",97,155,24,13,20,12,22,17,27,40,33
"ENSG00000054116",701,749,1785,1611,1545,1914,1673,2299,2002,1423,2523
"ENSG00000054118",3234,2211,3603,3295,3495,4056,3701,4456,5458,4741,5327
"ENSG00000054148",4304,2347,3272,2780,2574,4362,2544,5172,5140,5423,5216
"ENSG00000054179",22,21,18,31,21,0,10,14,17,20,4
"ENSG00000054219",27,29,31,17,109,40,57,29,33,24,35
"ENSG00000054267",5953.00001,5339.00001,1383,1171,1348,1567,1410,1641,1922,1653,1935
"ENSG00000054277",105,60,92,85,76,42,74,66,136,431,196
"ENSG00000054282",1498.99999,1456.00001,949,797,746,1062,819,1089,1016,993,846
"ENSG00000054356",445,677.99998,1585,1291,1895,1673,1260,1273,847,2065,1066
"ENSG00000054392",304.99999,571,649,710,925,763,693,578,699,1067,662
"ENSG00000054523",8208.00002,6726.99999,2115,1592,1803,1522,1685,1014,1264,1833,2176
"ENSG00000054598",195,44,92,39,54,46,57,55,46,61,49
"ENSG00000054611",1203,1076,757,612,585,810,702,647,826,888,992
"ENSG00000054654",7835.99999,11159,3553,3702,3238,4040,3654,3323,4222,3650,2876
"ENSG00000054690",1208.00001,1066,1015,1522,580,833,1093,804,716,490,824
"ENSG00000054793",1005,867,974,811,914,529,770,469,430,816,586
"ENSG00000054938",83,65,25,4,0,11,1,6,21,60,104
"ENSG00000054965",1457,1453,1702,1417,1505,1092,1138,799,874,1815,1215
"ENSG00000054967",113,128,189,142,89,140,107,107,190,345,498
"ENSG00000054983",359.00001,323,556,380,410,555,288,376,534,581,551
"ENSG00000055044",1897,1827,1200,923,1131,1481,1177,1510,2091,1964,3047
"ENSG00000055070",950.99999,642,1142,1028,1084,765,1072,662,687,795,893
"ENSG00000055118",266.00001,357,358,331,393,395,297,291,387,414,342
"ENSG00000055130",3378.99998,3800,2925,2543,3031,3127,2814,2550,2874,2554,3160
"ENSG00000055147",727,674.99999,823,734,662,981,637,863,1019,919,892
"ENSG00000055163",1543,2014.99999,4090,4175,3771,4364,3956,3093,3287,4468,4243
"ENSG00000055208",1370,1159.99999,707,605,731,456,681,409,510,618,688
"ENSG00000055211",753,669,1848,1810,1930,1956,1777,2151,2483,1723,2654
"ENSG00000055332",2473.99999,2335.00001,1489,1367,1476,1133,1309,1143,1197,960,1233
"ENSG00000055483",1572,1229,796,667,986,482,1119,519,514,531,706
"ENSG00000055609",5555,4596.99998,4362,3767,4538,3547,4520,2374,2371,2551,3285
"ENSG00000055732",44,63,60,153,16,163,70,101,137,42,101
"ENSG00000055813",46,65,21,65,26,22,21,24,63,90,69
"ENSG00000055917",4653,3453.00001,1642,1321,1563,1285,1546,901,988,995,863
"ENSG00000055950",928.99999,983.00002,1322,1005,1280,1637,1257,1842,1859,1694,1789
"ENSG00000055955",120,161,30,29,20,72,29,32,35,22,41
"ENSG00000056050",698,656,406,400,438,535,398,557,558,526,531
"ENSG00000056097",2277.99999,2023,3639,3241,3727,4008,3351,3941,4380,4396,5089
"ENSG00000056277",332,431,341,228,359,292,333,182,189,228,267
"ENSG00000056291",25,47,181,121,215,127,205,193,242,77,138
"ENSG00000056487",1245,945,79,56,87,45,75,26,34,33,20
"ENSG00000056558",48,79,17,20,15,34,10,18,10,15,27
"ENSG00000056586",1359.99999,1619,1809,1663,1659,1396,1731,1325,1797,1853,1742
"ENSG00000056736",125,146,137,95,112,108,86,121,205,213,166
"ENSG00000056972",1188,700.99998,730,604,729,768,751,721,766,795,782
"ENSG00000056998",221.00001,327,931,751,648,995,685,629,704,1027,1377
"ENSG00000057019",5012,4162,4475,4529,3335,2363,1996,1629,2671,5262,2711
"ENSG00000057252",714,841,1512,1875,1463,2017,1780,2232,2306,1497,2561
"ENSG00000057294",242.99999,264,629,769,514,468,760,471,682,310,438
"ENSG00000057593",48.99999,40.00001,70,57,28,36,40,53,23,61,22
"ENSG00000057608",2560.99999,1972,4762,3613,4032,4253,3708,4128,4500,3996,4842
"ENSG00000057657",799,444,305,190,337,256,260,258,123,197,90
"ENSG00000057663",1474,2117,618,564,666,833,632,748,902,921,1227
"ENSG00000057704",189,72,860,1052,871,875,899,674,736,901,1016
"ENSG00000057757",480,430,763,680,692,795,563,801,1211,1176,1926
"ENSG00000057935",1514.99999,1296.99999,1070,880,792,689,773,609,731,694,806
"ENSG00000058056",507.99998,741.99999,269,367,233,244,391,173,275,178,220
"ENSG00000058063",1260,1231,411,454,405,219,324,218,284,414,444
"ENSG00000058085",42,84,48,125,126,70,111,65,44,43,79
"ENSG00000058091",1456,1428.00001,423,322,327,224,222,217,262,408,326
"ENSG00000058262",2093.00001,1735,6878,6682,6935,6274,5977,4795,6342,8799,13422
"ENSG00000058272",3197,2853.00001,1707,1859,1812,1680,2119,1362,1702,1466,1741
"ENSG00000058335",232,232,70,113,60,67,94,58,109,129,161
"ENSG00000058404",814,1926.99999,645,380,379,560,410,490,904,1276,1056
"ENSG00000058453",1287.00001,836,396,353,372,501,380,346,340,473,368
"ENSG00000058600",665.00001,689,881,752,892,941,947,838,996,1006,1223
"ENSG00000058668",1380,1516.99999,4125,4611,5345,2185,4267,1682,2161,3272,1996
"ENSG00000058673",3239,2644,2810,2317,2661,1976,2559,1452,1644,1966,2348
"ENSG00000058729",508,537,569,471,571,796,594,574,738,793,1031
"ENSG00000058799",394,524,612,553,468,743,434,789,707,784,768
"ENSG00000058804",439,292,787,660,704,586,644,433,533,563,731
"ENSG00000058866",340,250,212,233,150,181,197,149,255,332,266
"ENSG00000059122",641.00001,559,1558,1491,1640,1527,1513,1085,1333,1820,2881
"ENSG00000059145",406.99999,398.00001,138,116,136,58,118,107,67,57,48
"ENSG00000059377",153,457.99999,54,9,70,72,33,50,89,77,73
"ENSG00000059378",191,148,91,58,80,44,35,59,134,344,400
"ENSG00000059573",632,531,2546,2102,2420,2358,2309,1914,2325,3316,3543
"ENSG00000059588",584,719,357,229,288,400,393,194,216,233,198
"ENSG00000059691",858,984,778,929,664,1285,747,881,1159,1957,1220
"ENSG00000059728",436,545,399,439,479,422,460,239,349,698,961
"ENSG00000059758",1110.99999,1142,747,799,672,732,598,388,757,1194,1116
"ENSG00000059769",500,547,202,190,233,188,157,201,376,366,552
"ENSG00000059804",543,712,2246,2228,2778,2626,2465,1302,1959,6840,7837
"ENSG00000059915",1074.99999,1339,177,136,228,163,186,99,91,164,120
"ENSG00000060069",391,377.00001,119,101,105,115,97,108,176,446,568
"ENSG00000060138",1267.99999,1559.00001,301,218,232,186,159,155,675,2534,2928
"ENSG00000060237",5183,3908.00001,2443,2257,2176,1667,2000,1640,1625,1496,1877
"ENSG00000060339",4237.99999,4030.99999,1579,1382,1170,1786,1277,1764,2240,1892,2222
"ENSG00000060491",359,339,613,517,660,537,494,543,727,1028,1020
"ENSG00000060642",211.99999,165,833,678,842,744,728,760,873,844,978
"ENSG00000060656",867.00001,940,1339,1244,1439,424,1082,335,631,728,931
"ENSG00000060688",758,535,1693,1328,1597,2101,1509,2137,2667,2287,2844
"ENSG00000060709",534.99999,678.00001,183,85,191,85,158,51,128,222,111
"ENSG00000060718",7194.99998,3594,5004,4043,4172,3235,3350,2019,2432,5742,3176
"ENSG00000060749",1033.99999,1215.99999,507,396,468,300,450,262,317,262,211
"ENSG00000060762",1079,1162,877,672,672,1002,607,1173,1369,1333,1698
"ENSG00000060971",359.99999,269,1205,1351,869,1542,743,1815,2313,2002,2226
"ENSG00000060982",950,644,735,615,153,511,338,402,430,261,636
"ENSG00000061273",440,405.00001,397,369,584,242,509,187,274,319,207
"ENSG00000061337",58,99,173,161,139,45,73,43,40,189,64
"ENSG00000061656",997.99999,532.99999,394,187,245,352,323,341,376,450,519
"ENSG00000061676",3221.00001,2668.00001,2469,2360,2268,1400,1768,1147,1481,1763,2165
"ENSG00000061794",645,834,934,768,834,1084,832,1112,1365,1236,1540
"ENSG00000061918",490.99999,540.99999,1279,1379,1682,1385,1582,1066,1245,1630,1080
"ENSG00000061936",1290,1671,526,431,500,453,642,481,497,451,461
"ENSG00000061938",415.00002,565.99999,123,87,113,83,113,78,74,108,53
"ENSG00000061987",2743,3728,1337,1317,1470,1103,1683,657,699,893,1411
"ENSG00000062038",119,125,1064,1154,564,1037,934,1188,1257,343,891
"ENSG00000062194",2289.00001,2343,2636,2233,2909,2980,2563,2357,2548,2548,3429
"ENSG00000062282",20,46,246,295,413,376,374,398,340,316,225
"ENSG00000062370",534,568.00001,300,259,229,284,265,216,254,293,301
"ENSG00000062485",1545,1434,5041,4601,5476,4447,5195,3609,4531,5241,4320
"ENSG00000062582",1028.00001,1090,1525,1258,1727,1882,1669,2312,2251,1711,1926
"ENSG00000062598",1141.00001,655.00001,2360,2446,2495,2907,2422,2008,2929,3388,3887
"ENSG00000062650",1350,1849,1624,1573,1584,1564,1350,1355,1765,1710,2312
"ENSG00000062716",2789.00001,1293.99999,1813,1603,1684,1978,1443,1912,2422,2614,2905
"ENSG00000062725",1568,1065,2112,2000,2129,1458,1975,1362,1300,1222,1452
"ENSG00000062822",319,260,785,750,870,1079,949,740,620,879,707
"ENSG00000063015",539,581.99999,360,188,267,150,227,118,79,150,107
"ENSG00000063046",2017.99999,1794,4322,3243,5181,3483,4837,2820,3636,3996,4006
"ENSG00000063127",79.00001,252,51,33,43,55,75,30,37,47,29
"ENSG00000063169",696,479,48,35,38,11,33,15,19,20,8
"ENSG00000063176",355,281.00001,531,489,542,336,506,464,442,355,496
"ENSG00000063177",9068.99999,7056,5697,4140,5750,5685,5617,6163,6119,4996,5082
"ENSG00000063180",708,710,1531,1384,2069,1869,1818,2182,2179,1830,1581
"ENSG00000063241",451.99999,384.99999,744,813,828,1034,830,1305,1404,973,1194
"ENSG00000063244",1059,949,324,261,304,224,321,227,286,256,189
"ENSG00000063245",850,729,441,444,528,227,455,195,197,169,259
"ENSG00000063322",779,841,3465,3087,3336,3764,3225,3641,4403,5265,6573
"ENSG00000063587",245,239,545,451,439,279,369,189,366,476,656
"ENSG00000063601",1398.00002,1102.99999,348,322,343,367,375,169,222,288,215
"ENSG00000063660",673,547,476,695,359,219,278,317,382,1100,591
"ENSG00000063761",299,341.99999,256,272,282,371,324,348,280,304,307
"ENSG00000063854",947,895.99999,1434,1398,1194,1791,1218,2092,2653,2520,2952
"ENSG00000063978",1016,799.99999,2394,2162,2280,2517,2320,2427,3090,3384,4597
"ENSG00000064012",276,145.99996,114,90,105,88,82,77,77,132,127
"ENSG00000064042",4128.00001,5892,3408,3464,4554,4037,4941,2265,2298,2123,2773
"ENSG00000064102",418,573,428,315,437,452,439,436,401,310,490
"ENSG00000064115",782.99999,1040,1775,1725,1178,1433,794,1423,2526,2623,3381
"ENSG00000064199",150.00001,224,323,192,97,179,146,264,233,277,242
"ENSG00000064201",37,35,20,26,16,30,30,15,33,16,19
"ENSG00000064225",705.99998,261,114,118,90,107,110,115,88,138,77
"ENSG00000064270",270,349,29,21,26,33,26,13,17,14,22
"ENSG00000064300",1450,921,518,1132,245,373,222,228,186,623,214
"ENSG00000064309",2298,2117.99999,3555,2767,3747,1750,3213,1027,1906,2048,1511
"ENSG00000064313",1897,1874.99999,1462,1243,1162,1534,1513,1111,1378,1337,1657
"ENSG00000064393",3269,4698,2525,1963,3061,1472,2385,1672,1800,1599,1372
"ENSG00000064419",1375.99999,1418,1718,1557,1627,1703,1546,1683,1866,1827,2001
"ENSG00000064489",237,117,13,0,48,18,50,37,8,60,27
"ENSG00000064490",465,447.99999,652,549,575,697,604,887,818,854,901
"ENSG00000064545",235.00002,173,1243,1118,1210,1598,1552,1798,1909,1106,1800
"ENSG00000064547",175,150,454,400,424,450,468,534,453,354,332
"ENSG00000064601",651.99999,730.99999,2486,3136,2208,3944,2581,4505,5257,4234,5523
"ENSG00000064607",2188.99999,1523,2253,2005,2293,1971,2362,1680,1447,1734,1816
"ENSG00000064651",2407,2178,544,457,375,254,353,397,567,549,694
"ENSG00000064652",809,515,268,187,249,249,207,257,284,284,295
"ENSG00000064655",2094,709,301,296,400,160,382,218,170,98,83
"ENSG00000064666",587.99999,643,4632,4848,5976,5551,6211,5231,6158,5246,7605
"ENSG00000064687",1550.00001,2165,1790,1073,1627,1046,1167,736,707,957,578
"ENSG00000064692",738.99999,686.99999,278,322,237,366,241,241,251,435,341
"ENSG00000064703",442.00003,303.99999,730,640,703,819,762,693,759,825,1216
"ENSG00000064726",1050,1226,1574,1467,1530,1523,944,1069,1467,2445,2491
"ENSG00000064763",929.00002,492,1148,956,1188,1031,993,819,1069,1174,860
"ENSG00000064886",70,71,101,16,9,144,0,60,167,1749,455
"ENSG00000064932",354,324.99999,79,51,81,33,74,29,28,39,69
"ENSG00000064933",1676.00002,2233,488,406,477,616,460,510,541,424,598
"ENSG00000064961",787.99999,444.99999,1543,1431,1477,1691,1309,2126,2179,2344,1846
"ENSG00000064989",172,209,90,64,73,71,43,49,66,75,19
"ENSG00000064995",642.00001,824,713,568,694,887,739,901,974,939,1227
"ENSG00000064999",1521.99999,880,656,735,572,641,642,380,453,516,427
"ENSG00000065000",2376.00001,2388,822,752,794,546,787,720,916,1678,1892
"ENSG00000065029",561.99999,686,1351,1178,1040,1281,1332,1211,1517,1570,1788
"ENSG00000065054",71,124,12,21,36,14,35,8,21,27,31
"ENSG00000065057",115.00001,136,363,345,352,427,310,575,494,438,398
"ENSG00000065060",430,591,554,672,751,421,661,230,248,306,507
"ENSG00000065135",1395,1538,3772,2863,3196,3318,2852,3165,3966,3896,4143
"ENSG00000065150",1323,1339,2054,2006,1719,1540,1689,1345,1491,1754,2391
"ENSG00000065154",706,705,3519,3093,2973,3941,3215,3833,4563,4284,5919
"ENSG00000065183",475,483,910,828,918,868,896,710,836,911,1580
"ENSG00000065243",3043,2994,1309,1143,1411,895,1192,736,895,700,1100
"ENSG00000065268",689,703,2064,1855,1671,2622,1878,3201,3335,3241,3106
"ENSG00000065308",484,380,1211,1855,1076,1080,1165,1018,1124,1045,1444
"ENSG00000065320",40,103,30,40,6,9,25,12,21,30,33
"ENSG00000065328",146,134,58,38,23,41,28,63,69,65,93
"ENSG00000065357",166,263,503,511,514,523,486,451,645,593,629
"ENSG00000065361",231,129,40,41,22,39,32,60,42,10,157
"ENSG00000065413",206.99999,650.99999,305,217,213,295,139,247,193,443,324
"ENSG00000065427",907,951,2064,1934,2253,2513,2137,2551,2820,2717,3024
"ENSG00000065457",547.00001,333,618,678,582,621,585,583,487,557,604
"ENSG00000065485",811.99999,868,791,504,670,850,623,715,814,748,975
"ENSG00000065491",195,266,564,558,607,309,555,284,233,299,296
"ENSG00000065518",2856,3734,1995,1673,1957,2551,1990,2730,2851,1908,2290
"ENSG00000065526",2024.99999,1922.00001,1192,1107,1060,838,876,922,1536,2080,2081
"ENSG00000065534",1476,2465,1764,2655,1381,2552,2361,1306,1639,1672,1431
"ENSG00000065548",1505.99999,1710.00001,1010,948,981,1360,982,1396,1677,1620,2042
"ENSG00000065559",1359,1821,1829,1800,1868,1547,1286,1172,1943,1924,2368
"ENSG00000065600",258,359,528,481,380,567,304,535,441,555,544
"ENSG00000065609",5424.99998,7039,851,662,868,708,532,423,456,732,669
"ENSG00000065613",1385,1470,426,388,448,312,495,276,373,305,354
"ENSG00000065615",516,562,208,213,166,260,228,193,255,303,368
"ENSG00000065621",98,225,228,190,192,239,158,230,193,296,280
"ENSG00000065665",709,694.00001,492,465,508,631,467,587,477,523,676
"ENSG00000065675",493,1197,237,385,111,304,208,335,297,92,253
"ENSG00000065717",1096,643.99999,319,233,369,276,334,284,253,315,258
"ENSG00000065802",430,325,676,668,664,361,610,357,443,475,601
"ENSG00000065809",615.00001,419.00001,140,84,145,123,105,100,162,200,207
"ENSG00000065833",710,519,695,878,745,727,497,665,969,1084,1191
"ENSG00000065882",1018.00001,684,1458,1461,1687,1039,1501,851,1566,751,1423
"ENSG00000065883",2304.00001,2746.99999,557,370,447,411,472,373,444,567,724
"ENSG00000065911",928.99999,676.99999,724,614,610,630,626,702,665,729,1496
"ENSG00000065923",636,642,961,1224,1096,643,818,539,686,1078,859
"ENSG00000065970",312,234,1082,1049,1361,795,1201,584,696,916,1163
"ENSG00000065978",11364.00001,11458.99999,1668,1117,1400,1115,1097,1273,1459,1188,1093
"ENSG00000065989",184.00001,181.00001,87,87,157,29,140,32,20,29,34
"ENSG00000066027",359,473,331,452,271,292,260,269,387,254,488
"ENSG00000066032",551.99999,1089,2227,1090,738,1717,419,895,1578,3463,3930
"ENSG00000066044",1071,968,406,368,376,248,291,246,355,410,492
"ENSG00000066056",26,25,35,35,11,36,21,32,19,26,17
"ENSG00000066084",1722,1791.99999,1795,1784,2152,1181,2062,708,768,934,1135
"ENSG00000066117",907,742.99999,601,476,615,179,697,171,186,161,118
"ENSG00000066135",1101,875,1647,1315,1505,1082,1221,969,1246,1533,1065
"ENSG00000066136",1419.00002,1049,1695,1634,1564,2028,1689,2182,2504,1991,2183
"ENSG00000066185",26,122,177,96,121,173,112,120,161,221,197
"ENSG00000066230",208,194,198,212,250,120,205,128,203,204,250
"ENSG00000066248",48,126,53,21,56,27,26,28,25,96,62
"ENSG00000066279",690,204,91,118,90,69,86,116,47,74,24
"ENSG00000066322",620.00001,398,884,897,844,859,722,942,1253,1362,1271
"ENSG00000066379",523,435,490,373,442,575,456,631,613,509,583
"ENSG00000066382",3369,2818.00001,878,545,676,616,490,418,439,490,214
"ENSG00000066422",406.00001,619.99999,570,577,645,499,646,359,375,462,707
"ENSG00000066427",1038.99999,1255.00002,434,352,377,379,465,321,288,225,300
"ENSG00000066455",520,683,1127,1076,1226,1344,1364,865,1238,1336,1913
"ENSG00000066468",425.00001,1206.99999,450,588,438,405,595,379,748,600,1361
"ENSG00000066557",531,466,362,260,301,345,270,276,310,389,339
"ENSG00000066583",565,567,2000,2342,3186,2587,2344,3864,2661,2169,2446
"ENSG00000066629",2501,4537.00001,6416,2891,6589,4195,4393,3477,3974,3817,3335
"ENSG00000066651",1543,1850,474,394,597,661,655,491,679,596,973
"ENSG00000066654",817,875.00001,1593,1409,1630,1523,1635,1573,2031,1886,2072
"ENSG00000066697",588.00001,604,222,204,175,234,197,227,306,333,366
"ENSG00000066735",446.99999,144,158,115,173,28,154,36,39,45,28
"ENSG00000066739",659,692,550,649,695,502,737,381,406,389,372
"ENSG00000066777",2603.99999,2978.99999,1118,861,951,783,845,532,599,670,688
"ENSG00000066827",1091.99999,1154,216,172,232,160,215,114,101,124,67
"ENSG00000066855",1191.00001,2757,245,143,274,99,218,84,87,45,51
"ENSG00000066923",743,466,69,56,62,54,89,44,29,60,82
"ENSG00000066926",517.00002,496,1381,1220,1241,1250,1012,1061,1494,1364,1712
"ENSG00000066933",5879.99999,5265.99999,1412,1137,1579,1043,1523,665,692,800,834
"ENSG00000067057",3013,3434.99999,6858,5899,7257,8105,9513,5855,6380,6113,10049
"ENSG00000067064",1048.00001,670.00001,1105,969,907,1385,1060,1506,2799,1874,4135
"ENSG00000067066",93.00001,157,252,344,197,336,308,280,335,134,209
"ENSG00000067082",689,802.99999,869,909,930,1092,709,1089,1226,3407,2679
"ENSG00000067113",269.00001,668,1618,2275,2046,2770,2146,2094,3816,2209,2516
"ENSG00000067141",3602,3695,1861,1542,1630,1065,1124,1013,1291,1341,1613
"ENSG00000067167",1806,1409,2931,2441,2595,2854,2543,2924,3434,3028,4651
"ENSG00000067177",610,1105,806,1086,911,798,1256,558,533,289,727
"ENSG00000067182",311.99999,597.00001,1265,1112,1374,1073,1254,1116,1538,1599,1662
"ENSG00000067191",491,299,563,383,604,469,594,400,371,398,530
"ENSG00000067208",2223,3930.00001,793,571,689,715,680,536,556,540,671
"ENSG00000067221",223,233.99999,777,740,771,905,673,960,894,1118,819
"ENSG00000067225",12890.99999,14058.00001,37820,32647,31842,26105,35531,23874,21039,25015,27494
"ENSG00000067248",1318,1302.99999,643,597,519,822,573,850,1093,1001,1257
"ENSG00000067334",1063,1084.99999,1385,1239,1222,1773,1212,1633,1779,1697,2253
"ENSG00000067365",449,376.99999,652,538,667,791,756,702,674,717,1111
"ENSG00000067369",2835,2371,3104,2907,2647,2630,2577,1766,2087,2508,3107
"ENSG00000067445",634,370,5091,4997,5088,5874,4827,4292,5085,6516,5964
"ENSG00000067533",533,659,257,270,258,236,233,228,280,246,443
"ENSG00000067560",3091,2258.99999,7738,6116,6423,7684,6265,8027,9406,8456,8906
"ENSG00000067596",828.00001,676.00001,1004,1101,1061,827,1055,748,914,1163,1238
"ENSG00000067606",416.99999,400.00001,548,479,508,504,340,502,713,912,798
"ENSG00000067704",808,902,2674,2305,2692,2492,2482,1792,1962,2252,2718
"ENSG00000067715",20714,23680,4204,2788,4700,4771,3688,3417,3633,3862,2204
"ENSG00000067798",872,1572.99999,329,310,129,295,219,161,231,206,244
"ENSG00000067829",427,421,1567,1209,1396,1839,1467,2032,2230,1712,1765
"ENSG00000067836",1235,1069,1510,1147,1382,1676,1301,1885,2019,1460,1341
"ENSG00000067840",416.99999,456,139,76,113,80,108,94,78,130,105
"ENSG00000067842",76,143,54,103,50,42,27,60,156,95,72
"ENSG00000067900",2460,2424,1302,1214,1251,1208,1320,1016,910,949,1087
"ENSG00000067955",1254.00001,814.99999,455,455,413,334,334,273,561,822,930
"ENSG00000067992",1153,804,6193,5756,6109,6029,7268,4593,6168,5109,7458
"ENSG00000068001",399,380,2299,2104,1993,2427,1428,2599,3882,4045,2788
"ENSG00000068024",1223.00002,1079.99999,462,382,348,259,311,223,248,308,491
"ENSG00000068028",300.99999,285.99999,858,787,898,1005,918,957,1117,1519,2105
"ENSG00000068078",47,78,16,21,13,8,18,4,12,30,42
"ENSG00000068079",84,82,297,254,330,413,349,407,575,367,453
"ENSG00000068097",378,347,655,541,820,654,772,502,472,517,677
"ENSG00000068120",328.99999,405.99999,2125,2039,2256,2600,2175,2496,2638,2689,2894
"ENSG00000068137",334,280,182,172,272,162,222,140,265,284,262
"ENSG00000068305",4535,5538,912,918,966,582,897,475,511,495,895
"ENSG00000068308",646.00001,1416.00001,591,467,590,470,458,494,755,1507,1765
"ENSG00000068323",645,899,1274,1152,1457,310,983,415,462,544,635
"ENSG00000068354",184,148,531,506,537,424,575,398,450,416,607
"ENSG00000068366",1056.00001,814,1089,1112,1330,1181,1056,699,866,1148,1369
"ENSG00000068383",468,715,179,106,165,124,153,114,164,148,113
"ENSG00000068394",319,287,671,609,505,732,583,931,1064,1086,1111
"ENSG00000068400",1848.00002,3217.99998,2233,1699,1815,2672,2011,1794,1748,2104,1858
"ENSG00000068438",440,394.00001,927,804,982,958,834,963,1052,1005,1123
"ENSG00000068489",291,159,89,72,92,79,80,77,111,80,127
"ENSG00000068615",911.00001,863,1251,1014,1086,899,574,966,1678,1501,1097
"ENSG00000068650",757,1162.00001,418,295,267,194,277,188,227,277,268
"ENSG00000068654",565.99999,592,669,601,679,455,559,387,425,362,488
"ENSG00000068697",2115,1357,7612,7081,8021,9652,8175,10088,10749,7677,9926
"ENSG00000068724",579,363.99999,595,453,539,549,516,430,607,699,758
"ENSG00000068745",1980,1582.00001,3153,2470,2799,3882,2765,3804,4691,4593,4208
"ENSG00000068784",551,847,532,545,410,512,472,513,449,444,375
"ENSG00000068796",4190.00001,4464,2612,1352,2307,1741,1828,1216,1272,1509,1104
"ENSG00000068831",87,83.00001,56,27,67,44,19,42,63,61,82
"ENSG00000068878",1634,1259,491,450,453,394,409,311,439,383,558
"ENSG00000068885",1038,1306.99999,763,682,620,727,613,592,686,602,591
"ENSG00000068903",658,679.99999,2460,2335,2390,2941,2466,3275,2882,3010,4163
"ENSG00000068912",1606.00001,1906.99999,2002,1639,1881,2178,1677,1818,2473,2487,2995
"ENSG00000068971",410,463,811,642,801,444,711,337,313,552,598
"ENSG00000068976",86.99999,76,547,459,247,796,594,719,845,1086,1271
"ENSG00000069018",960.00001,1700.99999,9,16,7,29,12,17,16,23,23
"ENSG00000069020",945.99999,1325,536,486,796,363,638,244,253,329,315
"ENSG00000069122",17,70,16,9,9,55,8,5,9,2,36
"ENSG00000069188",1405,824,1202,1043,872,598,924,731,726,1143,1117
"ENSG00000069248",739,364,1398,1234,1131,1283,1267,879,1018,1022,1341
"ENSG00000069275",8957,6611,7219,6400,8446,4691,7099,3666,4101,4582,5906
"ENSG00000069329",1466,1610,4504,3813,4062,4563,3658,4050,4331,4371,5126
"ENSG00000069345",1005,994,2362,2070,2610,2825,2309,2714,3167,3001,3856
"ENSG00000069399",92,108,29,26,53,31,37,21,47,207,138
"ENSG00000069424",295.00001,400.00001,261,223,336,127,304,120,131,121,93
"ENSG00000069431",307.99999,997.99999,93,164,91,64,155,80,82,32,97
"ENSG00000069482",27,35,21,9,8,11,6,16,37,88,46
"ENSG00000069493",226.00001,199,133,142,161,146,167,108,81,83,109
"ENSG00000069509",753,422,1152,975,1083,1347,849,1497,1610,1333,1417
"ENSG00000069535",59,99,391,462,481,361,209,345,474,1359,741
"ENSG00000069667",2067,4753.99999,1142,926,1122,1404,1399,885,1179,894,821
"ENSG00000069702",202,290.99999,519,500,713,315,701,165,210,101,188
"ENSG00000069812",127,186,115,179,95,121,80,73,133,393,233
"ENSG00000069849",1026,991.00001,3894,3386,3128,4124,3302,4081,6598,2998,4469
"ENSG00000069869",891,1436,1032,706,857,868,993,712,547,476,613
"ENSG00000069943",503,543.00001,292,270,250,330,240,382,443,398,508
"ENSG00000069956",1170,1378,1400,1363,1298,1320,1202,902,1030,1134,1448
"ENSG00000069966",1644,2859,2333,2030,2606,2792,2362,2404,2668,2412,2384
"ENSG00000069974",310,222,662,1318,526,865,1020,1183,974,180,702
"ENSG00000069998",490,530,1414,1213,1123,1277,1031,1243,1488,1907,1877
"ENSG00000070010",1117,886,1139,895,871,1405,794,1567,1743,1800,2200
"ENSG00000070018",2084,1312.99999,1645,1470,1387,1111,1344,1086,1117,1214,1195
"ENSG00000070047",1156,1116,728,694,630,615,787,421,553,750,945
"ENSG00000070061",1443,3309,2708,2400,2382,2347,2270,1726,1648,2106,2703
"ENSG00000070081",2349,2227.00001,1520,1325,1281,1635,1267,1958,1951,1543,2499
"ENSG00000070087",2930.99999,2550,5655,4042,4465,4751,3494,4359,4593,4815,4568
"ENSG00000070159",69.00001,212,182,192,194,193,251,142,167,135,193
"ENSG00000070182",157,174,149,172,125,127,194,105,91,106,160
"ENSG00000070214",1994,2830,631,446,463,304,410,271,482,1336,1401
"ENSG00000070269",843,1374.99999,605,506,501,566,488,503,440,387,505
"ENSG00000070366",1280.99999,1199,1433,1346,1660,1160,1459,803,903,1389,1331
"ENSG00000070367",1433,1073,1557,1767,1786,1508,1578,1121,1108,1496,1702
"ENSG00000070371",355,448,305,337,377,360,477,195,169,239,199
"ENSG00000070388",22,56,19,24,9,5,21,12,9,5,11
"ENSG00000070404",100.00001,133,436,514,554,535,524,477,528,805,841
"ENSG00000070413",1326.00001,761,4810,4676,5396,4667,5082,3517,4296,5496,5248
"ENSG00000070423",557.99999,441.00001,337,334,326,309,270,289,508,687,814
"ENSG00000070444",563.00001,441,87,62,113,39,90,45,68,58,73
"ENSG00000070476",893,997,129,88,105,85,104,53,121,228,271
"ENSG00000070495",406,447.99999,733,661,823,870,783,812,986,1137,2414
"ENSG00000070501",513,546.99999,458,314,424,554,371,466,420,435,489
"ENSG00000070540",399,437.99999,649,633,550,786,626,672,754,778,1391
"ENSG00000070601",1192,1867,846,424,784,587,664,334,251,498,216
"ENSG00000070610",930,751.00001,2366,2167,1866,2015,1528,1578,2654,3646,3750
"ENSG00000070614",652,613,1099,1350,1238,423,861,381,350,426,583
"ENSG00000070669",949.99999,904,802,699,728,870,734,970,669,647,1836
"ENSG00000070718",676,651,1630,1419,1669,1769,1665,1401,1388,1625,2061
"ENSG00000070729",2653.00001,5298.99998,547,119,406,835,394,306,258,438,185
"ENSG00000070731",433.99999,961.00001,1790,2131,532,1591,1187,2719,3653,1263,2310
"ENSG00000070756",5753.99999,4630,5124,3675,5977,1935,5375,2212,2279,2268,2077
"ENSG00000070759",226,207,168,217,202,264,208,193,232,242,251
"ENSG00000070761",646,709,1529,1299,1540,1784,1434,1885,2273,2583,2664
"ENSG00000070770",746.00001,585,166,152,210,123,198,115,127,137,165
"ENSG00000070778",803.00001,806.99999,281,240,228,178,253,177,226,230,248
"ENSG00000070785",887,1121.00001,813,761,866,1237,695,1240,1029,822,1167
"ENSG00000070808",241,270.99999,35,27,30,34,20,28,26,38,24
"ENSG00000070814",1016.00001,935.99999,941,961,1129,1021,1077,815,688,903,873
"ENSG00000070831",3880.99998,3013.00001,1648,974,1171,1242,1156,1083,1528,1355,813
"ENSG00000070882",1013,1114.99999,653,395,470,364,434,287,319,317,277
"ENSG00000070886",220,499,33,52,62,26,31,35,34,36,28
"ENSG00000070950",275,284,215,149,214,179,216,209,164,193,168
"ENSG00000070961",5076.99999,5476.99999,1652,922,1254,1561,1002,1067,1138,1440,1062
"ENSG00000071051",1018,993,248,186,173,139,150,239,241,322,333
"ENSG00000071054",5073.99999,3889,813,806,479,587,511,421,635,677,563
"ENSG00000071073",520.99999,410.00001,443,463,464,278,452,254,276,366,426
"ENSG00000071082",18961,13246.99999,8634,5861,8829,7684,7784,8673,8276,6094,5946
"ENSG00000071127",1822,1984,6747,7072,7367,7733,6835,6117,6583,8077,8727
"ENSG00000071189",2004,1800.00001,1199,1020,1204,1006,1021,715,903,1134,1298
"ENSG00000071205",393,818.99999,208,196,177,195,142,155,235,204,197
"ENSG00000071242",902,1057,837,1051,663,664,629,489,965,2412,3072
"ENSG00000071243",746,649,491,381,419,431,470,510,609,568,762
"ENSG00000071246",823.00001,847.00001,518,552,350,346,375,279,378,640,451
"ENSG00000071282",262.99999,276.00001,463,438,499,484,363,627,541,854,502
"ENSG00000071462",685,562,1781,1416,1432,2300,1472,2539,2879,2401,2867
"ENSG00000071537",941,748.99999,2688,3471,3186,2605,3337,1559,1632,2188,3854
"ENSG00000071539",111,73,70,71,80,69,72,115,112,119,112
"ENSG00000071553",1214,1140,8706,9541,9534,11451,9500,10907,11360,10228,12785
"ENSG00000071564",1174.99998,701,287,249,287,165,247,191,262,262,229
"ENSG00000071575",1492,1174,2706,2385,2913,2275,2904,1200,918,1499,1132
"ENSG00000071626",1290,1317,104,58,66,51,118,56,89,69,55
"ENSG00000071655",1034,739.00001,593,563,530,441,423,539,1021,1571,1612
"ENSG00000071794",2107.00001,1901,2388,1776,2301,1989,1959,1667,1875,2040,2414
"ENSG00000071859",951,1202,258,243,196,190,173,168,432,911,1449
"ENSG00000071889",480.00001,386.00002,1293,1077,1257,1269,1235,1338,1323,1306,1466
"ENSG00000071894",741.00001,659,2039,1826,2482,2055,2253,1354,1541,2094,1914
"ENSG00000071909",4747.00001,8361,555,374,825,613,835,270,179,292,318
"ENSG00000071967",336.00001,294.00001,3651,3759,4313,3108,4724,2298,3008,2829,3554
"ENSG00000071991",98,162,21,8,0,32,2,24,52,0,34
"ENSG00000071994",754,687,603,511,406,346,232,488,969,1275,1398
"ENSG00000072041",328.00001,1040.99999,864,2483,851,1208,1444,1624,896,339,605
"ENSG00000072042",1718.00001,1456,3628,3513,2436,4680,3263,5505,5759,3727,5684
"ENSG00000072062",1464.00001,1054.99999,113,62,91,41,76,44,52,32,41
"ENSG00000072071",1575,1170.99999,775,614,868,326,745,386,298,405,345
"ENSG00000072110",2182.99999,1804.99999,3678,3473,2732,4366,3146,2816,3493,7611,6697
"ENSG00000072121",933.00002,997.00001,323,309,257,205,317,155,154,180,350
"ENSG00000072133",544,693,122,116,161,79,135,73,35,73,78
"ENSG00000072134",1690.00002,921.00001,806,687,847,684,700,534,587,709,606
"ENSG00000072135",358,362,741,623,694,671,547,624,637,913,680
"ENSG00000072163",30.00001,38,158,238,125,279,244,289,445,331,160
"ENSG00000072182",518,373,287,97,171,300,160,129,147,225,100
"ENSG00000072195",512.00001,563.99999,351,315,394,290,339,309,452,316,347
"ENSG00000072201",45,88,51,84,54,103,56,116,68,68,65
"ENSG00000072210",699.00001,867.00001,4150,4487,3737,4688,3554,3646,4703,4941,4938
"ENSG00000072274",1331.00002,1167.00001,6118,7010,5412,6666,5718,3859,5072,5910,8161
"ENSG00000072310",1034.00001,968,1406,1603,1208,1156,1072,801,1947,1869,2447
"ENSG00000072315",119,104,51,101,60,60,117,41,40,50,13
"ENSG00000072364",2289.99999,2346,2353,2137,2881,2414,2531,1835,2079,1252,1951
"ENSG00000072401",630,978,729,568,669,702,553,656,718,563,685
"ENSG00000072415",1577,1544.00001,639,588,681,492,661,369,444,535,613
"ENSG00000072422",724,1467.00001,916,614,803,933,731,443,581,971,589
"ENSG00000072501",3170,1822,2331,2404,2405,2097,2363,1722,1436,1592,2094
"ENSG00000072506",493,296.99999,1167,995,735,1616,704,1947,2352,2060,1856
"ENSG00000072518",1042.99999,672.00001,162,179,117,77,98,81,174,342,392
"ENSG00000072571",176,137.00001,23,17,23,45,29,37,33,27,15
"ENSG00000072609",1023.99999,849,647,533,563,672,708,599,612,688,960
"ENSG00000072657",100,253,37,8,49,12,32,14,5,5,4
"ENSG00000072682",756,534.00001,3887,2431,3981,3634,3996,3483,4504,3536,4657
"ENSG00000072736",2740.99999,4541.00001,1499,1209,1302,1098,1287,884,1004,1074,1563
"ENSG00000072756",832.99999,606.00001,1712,1486,1494,1422,1569,1052,1294,1116,1386
"ENSG00000072778",1489.00001,1243.00001,8191,7570,6243,11203,5940,9015,12404,13690,14792
"ENSG00000072786",106,137,232,325,326,227,281,177,174,180,321
"ENSG00000072803",3155.00001,2934.00001,2611,2653,2766,1994,1994,1311,1438,1742,2620
"ENSG00000072818",108,292,202,119,199,235,273,141,149,152,127
"ENSG00000072832",2543.99999,2416,3304,2774,2375,3420,1680,2520,2604,5202,2395
"ENSG00000072840",837,531,413,322,313,288,437,135,227,440,246
"ENSG00000072849",870,700.00001,1252,1127,1047,1427,1266,1345,1601,1567,2595
"ENSG00000072864",466.99998,364,414,325,431,337,403,416,335,327,410
"ENSG00000072952",323,595,229,323,128,211,255,103,224,146,297
"ENSG00000072954",292,377,1531,2062,1047,2013,1550,1994,3123,1928,3394
"ENSG00000072958",817,748.99999,2327,1937,1936,2518,2003,2575,3025,3086,3282
"ENSG00000073008",421,410.99998,720,743,932,671,993,687,587,777,994
"ENSG00000073050",465,555,1030,944,1029,1270,1161,1332,1443,1104,1007
"ENSG00000073060",2665.00001,2012.00001,5272,6283,4345,5701,5102,3983,5213,5447,8873
"ENSG00000073111",262,166,925,861,765,1036,744,838,777,1132,815
"ENSG00000073146",108,165,32,27,9,21,7,14,11,38,33
"ENSG00000073150",112.00001,160,47,48,101,28,54,41,47,59,28
"ENSG00000073169",406,553,94,64,81,60,81,85,105,131,156
"ENSG00000073331",229,237,329,282,218,311,308,214,276,260,460
"ENSG00000073350",781.99999,902.99999,338,203,294,260,206,234,315,360,323
"ENSG00000073417",1300.99999,2485.99999,221,197,204,99,211,124,291,350,493
"ENSG00000073464",974,1515,1534,1032,1507,1516,1166,1003,1099,1239,1132
"ENSG00000073536",173,168,401,398,330,400,351,350,383,403,442
"ENSG00000073578",955,907,4664,4274,4712,5288,5462,4893,6044,5377,6103
"ENSG00000073584",2670.99999,2147.00001,3856,3216,3425,3734,3465,3761,4502,4041,3810
"ENSG00000073605",258,344,111,115,191,128,198,87,64,69,53
"ENSG00000073614",2059,1990.00001,2947,2769,2635,2839,2711,2025,2417,2701,3077
"ENSG00000073670",130,126,75,34,70,54,73,29,23,50,47
"ENSG00000073711",737,1066,403,265,385,364,353,236,229,232,293
"ENSG00000073712",1634.99999,1193.99999,733,766,656,794,774,582,679,826,1264
"ENSG00000073734",159,308,123,63,95,80,98,61,74,65,95
"ENSG00000073756",92,78,87,88,98,78,79,38,51,402,214
"ENSG00000073792",2137.99999,2719,696,692,864,549,714,504,361,345,286
"ENSG00000073803",1944,2081.00001,1052,658,913,1064,848,744,808,764,729
"ENSG00000073849",110,154,583,759,704,607,900,477,403,120,362
"ENSG00000073910",1914,3440,566,674,466,489,446,254,317,536,343
"ENSG00000073921",3744,3696,1234,1066,1300,640,1087,575,674,658,726
"ENSG00000073969",1773.00001,1953.99999,3394,2301,3038,3852,2732,2024,2287,3959,2883
"ENSG00000074047",384,380,144,107,154,84,118,88,80,98,95
"ENSG00000074054",3993.00001,5400.99999,2658,2510,2735,1806,2547,982,1037,1996,1623
"ENSG00000074071",1111,1001,926,753,746,1219,674,1450,1545,1740,1634
"ENSG00000074181",360,195,364,330,429,70,365,107,104,279,292
"ENSG00000074201",1728,1624.00001,3263,2505,2798,3164,2633,3267,3788,3268,3606
"ENSG00000074211",298,116,44,22,14,20,15,16,44,64,53
"ENSG00000074219",754.00001,319,244,181,200,33,188,87,71,91,47
"ENSG00000074266",782,820,455,383,511,459,442,447,463,386,599
"ENSG00000074276",117,142,35,18,78,46,46,28,43,35,24
"ENSG00000074317",763,1018,354,275,350,345,283,223,311,390,444
"ENSG00000074319",1008,1265,2507,2366,2249,3077,2270,3112,3509,3343,4098
"ENSG00000074356",845,802.00001,1024,859,1019,951,1065,804,910,761,1247
"ENSG00000074370",38,28,27,80,16,14,19,21,51,7,29
"ENSG00000074410",523,206,553,569,279,518,110,299,733,959,1625
"ENSG00000074416",377.99999,271.99998,1669,1469,1654,2213,2289,1682,3193,1589,2256
"ENSG00000074527",88,119,92,161,22,58,35,76,87,85,147
"ENSG00000074582",298,335.99999,826,719,674,1071,661,1167,1241,1254,1153
"ENSG00000074590",203,222,160,120,166,109,143,59,98,105,101
"ENSG00000074603",1736.00001,1595,1150,1090,1110,1039,978,1025,1441,1330,1645
"ENSG00000074621",822,1214.99999,326,283,315,357,373,157,171,251,221
"ENSG00000074657",2227.99998,2328.00001,1697,1385,1489,1266,1324,933,912,1121,977
"ENSG00000074660",37,40,12,13,19,12,17,12,21,29,33
"ENSG00000074695",2835,2167,5403,4631,6097,4584,5481,3509,3795,4228,4352
"ENSG00000074696",2414,2186.99999,7048,5607,6253,6762,5405,7078,7484,7078,8229
"ENSG00000074755",1307.00001,1381.99999,799,791,878,536,820,399,505,538,725
"ENSG00000074800",17629.99999,16854.99999,66582,50493,49473,76086,55600,59053,63287,75403,84828
"ENSG00000074803",559.00001,2132,48,35,73,101,42,50,156,130,91
"ENSG00000074842",1267,893,2163,1837,1931,2595,1794,3225,3272,2806,4587
"ENSG00000074855",335,332,55,42,58,25,61,39,26,54,23
"ENSG00000074935",336.99999,457.00001,531,396,469,549,537,386,489,520,645
"ENSG00000074964",1334.99999,1068.00001,394,330,246,384,261,273,374,545,404
"ENSG00000074966",227.99999,225.00001,23,19,20,10,9,21,11,25,44
"ENSG00000075035",180.99999,261.99999,3426,894,3349,1718,2552,1389,3028,2794,3220
"ENSG00000075043",465,425.00001,121,67,66,49,70,45,72,190,177
"ENSG00000075089",597,574.99999,422,321,411,502,398,430,525,433,552
"ENSG00000075131",210,226,229,130,156,216,135,193,210,236,270
"ENSG00000075142",1491,1201,3227,2625,2659,3675,2405,3874,4103,4675,4630
"ENSG00000075151",12208.00001,11585.00001,1102,1057,966,1050,1095,916,1018,1425,1541
"ENSG00000075188",393,665,473,408,359,481,413,525,487,551,576
"ENSG00000075213",1485.99999,2724.00002,1127,1285,1469,879,1103,764,570,653,459
"ENSG00000075218",168,70,58,39,33,37,55,56,34,41,37
"ENSG00000075223",267,330,1696,1894,1293,1983,1522,1130,992,647,991
"ENSG00000075234",312,211,1242,1145,1088,1010,1040,1037,1067,1203,1292
"ENSG00000075239",926.99999,832,3028,2961,2550,3848,2953,3825,4861,2989,4883
"ENSG00000075240",633,421.00001,292,224,232,133,229,126,216,367,450
"ENSG00000075275",452,284.00001,858,625,735,453,749,371,421,865,624
"ENSG00000075292",3317,3116.99998,3001,2486,3110,3271,3293,2044,1896,1894,2606
"ENSG00000075303",281,348,352,271,417,274,420,221,205,198,259
"ENSG00000075336",494.99999,427,936,841,712,1228,871,1348,1530,1216,1772
"ENSG00000075340",882,1011,935,775,1236,889,1041,598,874,981,1349
"ENSG00000075391",2617.99999,2563,732,671,547,522,470,368,567,553,386
"ENSG00000075399",307.00001,320.99999,115,99,124,73,85,78,78,91,46
"ENSG00000075407",1190.99999,1201,1081,878,984,1114,980,828,1063,965,1291
"ENSG00000075413",6159.99998,4258.00001,1923,1561,1374,1964,1329,1346,2371,3258,4160
"ENSG00000075415",3591,3356,8085,6674,6979,8500,6892,9087,11364,9744,10918
"ENSG00000075420",4263,2332,2147,2127,2152,1645,1774,1366,1403,1502,1685
"ENSG00000075426",203,214,396,418,346,229,275,220,587,2058,1751
"ENSG00000075429",680,487,444,225,351,324,302,217,194,211,73
"ENSG00000075461",194,88,63,58,48,9,62,27,33,24,10
"ENSG00000075539",3679.00001,3136,1361,1261,1222,1093,1083,621,649,790,735
"ENSG00000075568",1609,1656,443,366,366,245,362,279,268,594,508
"ENSG00000075618",1719,869,726,675,791,158,716,160,143,200,156
"ENSG00000075624",18806.00001,14108.99999,129377,131333,124150,171768,128904,169385,189226,210266,189693
"ENSG00000075643",34,121,68,59,56,49,49,52,56,61,146
"ENSG00000075651",259.99999,352,977,1321,1551,1118,1909,688,887,367,647
"ENSG00000075702",523.00001,406.99999,195,105,158,132,196,115,100,144,135
"ENSG00000075711",18151,15246.00001,898,971,824,726,708,520,500,711,692
"ENSG00000075785",1879.99999,1973.99999,6916,6536,6599,7620,6386,7685,8725,7939,10407
"ENSG00000075790",248,265.00001,487,413,430,508,341,427,519,493,570
"ENSG00000075826",174,161,736,792,900,887,1043,623,735,501,572
"ENSG00000075856",711.00001,716,1625,1456,1876,1999,1776,1550,1733,1841,2361
"ENSG00000075891",2492,945.00001,30,131,50,38,28,57,51,47,36
"ENSG00000075914",624,613.00001,1188,1010,1450,1579,1327,1547,1819,1396,1641
"ENSG00000075945",1970,2358,1745,1355,1306,2304,1182,1666,1776,2619,2174
"ENSG00000075975",355.99999,322.00001,2096,1886,2316,2572,2456,2003,2451,2639,3472
"ENSG00000076003",414,292,679,809,652,714,761,875,808,639,665
"ENSG00000076043",526.99999,362,787,673,528,886,610,978,1061,862,1453
"ENSG00000076053",550,430.99999,857,666,880,824,790,718,883,893,1051
"ENSG00000076067",392,321,573,668,652,559,717,370,320,376,355
"ENSG00000076108",1930,2152.99999,1516,1362,1824,927,1929,682,662,825,787
"ENSG00000076201",835,680,492,422,595,125,569,169,144,114,164
"ENSG00000076242",1907,1885.99999,1329,1108,1073,1363,1023,1420,1526,1535,1640
"ENSG00000076248",429.00001,332,1158,892,897,959,822,1087,1264,1527,1568
"ENSG00000076258",75,103,118,110,118,77,101,113,127,145,139
"ENSG00000076321",1090,952,874,809,952,1045,935,885,1115,1283,1311
"ENSG00000076344",278,217.00002,461,256,260,321,238,230,447,594,440
"ENSG00000076351",100,145,878,880,983,589,871,639,711,560,865
"ENSG00000076356",306,248,866,370,524,423,394,266,432,624,601
"ENSG00000076382",247,127,219,215,250,236,230,203,120,289,186
"ENSG00000076513",457.00001,672,484,487,393,311,258,293,489,1149,947
"ENSG00000076554",3456.99999,4300,2960,2087,2846,3216,2777,2341,2750,2461,2489
"ENSG00000076555",478,492,445,486,459,251,538,232,231,270,378
"ENSG00000076604",821,662,269,205,165,57,127,51,142,158,229
"ENSG00000076641",773,786,1759,1528,1597,1243,1527,890,1413,1592,1469
"ENSG00000076650",534,474,374,326,404,540,389,421,510,515,634
"ENSG00000076662",26,27,47,25,33,23,21,51,50,61,82
"ENSG00000076685",2002.00001,2185.99999,2935,2768,2506,2715,2269,2258,2885,3427,3569
"ENSG00000076706",263.99999,432,358,741,686,480,689,323,424,254,435
"ENSG00000076716",52,50,1937,1151,2434,1495,1757,1376,2639,1800,2010
"ENSG00000076770",136,987,43,38,30,23,36,21,27,23,0
"ENSG00000076826",422,455,89,74,84,51,92,85,64,62,63
"ENSG00000076864",557,454.00001,556,547,794,400,790,251,257,333,382
"ENSG00000076924",346,404,213,235,346,30,277,68,42,75,72
"ENSG00000076928",728.00001,688,816,737,797,833,920,746,678,1072,883
"ENSG00000076944",152.99999,224.99998,651,518,677,604,688,628,536,276,463
"ENSG00000076984",722,496.00001,56,54,66,39,48,15,21,22,28
"ENSG00000077009",48,62,215,406,252,637,595,1368,631,44,510
"ENSG00000077044",1382,1823,957,1082,951,743,824,473,504,1064,813
"ENSG00000077063",1103,736,276,275,281,285,276,178,207,284,161
"ENSG00000077080",125,158,236,98,132,245,111,278,233,414,133
"ENSG00000077092",2748.99998,5844.99999,737,692,785,1085,844,652,1038,1138,967
"ENSG00000077097",3466.00001,2703,2063,1589,1724,1712,1484,1467,1658,2415,2260
"ENSG00000077147",2240,1683,1952,2177,1359,939,974,1041,1968,2699,3214
"ENSG00000077150",252.00001,172,114,150,179,56,157,98,90,101,152
"ENSG00000077152",242.00001,89,156,116,126,230,158,188,164,150,143
"ENSG00000077157",1432,1777,829,1004,786,1062,1109,657,653,474,658
"ENSG00000077232",1953,1775,2699,2459,2461,2354,2498,1899,2069,2169,2755
"ENSG00000077235",1425,1625,3553,3471,3968,3542,4094,2124,2074,3019,2892
"ENSG00000077238",56,103,63,134,68,56,128,18,36,16,36
"ENSG00000077254",1980.00001,1810.99999,2570,2347,2478,2510,2440,1708,1867,2211,2752
"ENSG00000077264",2766,4031,1547,1086,1464,1323,1231,1487,1364,1292,924
"ENSG00000077274",214,46,3675,2209,3165,3068,2870,2378,2360,3200,1596
"ENSG00000077279",1260,705.99999,1778,934,1039,940,900,1102,642,675,253
"ENSG00000077312",427,311,574,464,606,389,604,449,428,373,428
"ENSG00000077327",128,312.99999,138,68,23,91,35,121,74,84,207
"ENSG00000077348",145,143,338,279,349,383,464,489,497,453,561
"ENSG00000077380",2948.99998,1804.00002,2089,1580,1767,1858,1483,1577,1525,1916,1663
"ENSG00000077454",389,288.99999,527,386,445,406,548,349,371,500,383
"ENSG00000077458",397.00001,333.99999,217,208,207,268,200,197,191,156,203
"ENSG00000077463",230.00001,190,57,29,54,29,42,26,34,10,56
"ENSG00000077498",301,95,2074,5065,672,4368,2873,7465,4706,664,2928
"ENSG00000077514",551,392,532,427,470,533,470,555,595,539,648
"ENSG00000077522",149.00001,412,231,237,167,298,493,167,175,158,344
"ENSG00000077549",2220,2161.99999,3054,2661,2849,3016,3058,2728,3254,2522,2705
"ENSG00000077585",711,666,391,363,275,297,187,273,532,657,926
"ENSG00000077616",193,304,524,375,530,585,548,455,417,254,371
"ENSG00000077684",1042,1203.99999,1841,1696,2093,1854,1701,1329,1702,1837,2417
"ENSG00000077713",101,107,122,143,106,159,123,141,172,235,158
"ENSG00000077721",826.00001,829,1410,1201,1170,1552,1069,1428,1690,1374,1813
"ENSG00000077782",1271.00001,2406,3412,4003,3538,3320,3180,2535,5224,5397,7219
"ENSG00000077942",451,277,1088,594,820,510,692,811,1884,6197,3112
"ENSG00000077943",53,128,40,9,17,27,5,4,11,19,26
"ENSG00000078018",13090.00001,17675.00001,7177,2851,5702,5832,4894,1913,2051,3000,1871
"ENSG00000078043",1525,1316.99999,1505,1289,1218,1077,1029,897,1388,1585,2228
"ENSG00000078053",797.00001,1558.99999,984,747,806,1258,869,681,712,1076,432
"ENSG00000078061",331,340,1523,1474,1424,1784,1431,1716,1809,1767,1924
"ENSG00000078070",1125.00001,1147,956,915,834,1282,1005,1064,1200,1416,1754
"ENSG00000078081",37,102,90,63,46,86,42,26,20,28,135
"ENSG00000078098",489,368.00001,250,65,395,207,119,151,223,283,119
"ENSG00000078114",673,2852.00001,1423,1125,1541,1012,1194,677,1001,1532,1547
"ENSG00000078124",1500.00002,873.99999,965,904,686,788,664,590,825,934,986
"ENSG00000078140",1821,2157,865,823,842,670,749,752,917,552,795
"ENSG00000078142",1314,1521,1027,973,860,934,816,743,860,823,804
"ENSG00000078177",1609,1617,929,693,775,738,736,515,526,465,557
"ENSG00000078237",764,1027,379,226,275,280,323,268,263,331,447
"ENSG00000078246",708.00001,524.99999,1378,1342,1312,1342,1309,1247,1309,1782,1853
"ENSG00000078269",187,319,148,172,160,88,134,73,83,138,90
"ENSG00000078295",689,579,211,175,151,256,128,132,186,410,283
"ENSG00000078304",2380.00001,1997.00001,2164,1709,1846,1730,1636,1483,1737,2254,2143
"ENSG00000078328",1108.00001,3319,89,106,69,107,71,87,86,96,67
"ENSG00000078369",11069,10017,1325,873,1044,1549,914,791,773,1286,1173
"ENSG00000078401",18,22,11,10,13,8,27,15,11,0,30
"ENSG00000078403",3935.99999,3198,671,374,618,485,563,387,405,285,361
"ENSG00000078487",218,315,136,136,128,156,139,166,230,276,151
"ENSG00000078549",199,360,131,25,70,75,42,33,68,312,405
"ENSG00000078596",90,32,1653,1059,1366,1800,1798,1823,3496,926,1514
"ENSG00000078618",2351,1945,3519,3576,3944,3839,3590,2896,3108,4131,4099
"ENSG00000078668",1206.99999,1094.99999,3567,2670,2767,4065,3230,4074,4128,3970,4655
"ENSG00000078674",4711.00001,4300.99998,3227,2771,3298,3266,3261,2289,2533,2541,2914
"ENSG00000078687",2428.99999,2462,821,611,767,719,824,436,586,782,569
"ENSG00000078699",1755.00001,2191.00001,1560,1474,1366,1096,1254,904,1036,1470,2167
"ENSG00000078725",699,489,674,822,466,848,308,692,831,2635,1574
"ENSG00000078747",5236,5693.99999,875,986,1345,845,1068,553,570,670,725
"ENSG00000078795",132,227,34,12,22,21,21,9,12,11,12
"ENSG00000078804",1692,1515,654,492,368,549,461,398,589,811,950
"ENSG00000078808",948,824,1195,1260,591,736,319,887,2150,3259,3358
"ENSG00000078814",170,123,126,96,138,135,157,97,77,98,70
"ENSG00000078900",89,137.99999,28,34,29,15,26,19,19,33,8
"ENSG00000078902",647.99999,872,2276,2625,2501,2795,2739,2202,2853,2984,4112
"ENSG00000078967",794.99999,462,961,705,632,881,552,919,1135,1291,1371
"ENSG00000079101",312.99999,854,115,195,98,175,102,140,150,66,118
"ENSG00000079102",1216,1545,577,373,385,503,384,298,267,328,279
"ENSG00000079134",830,733.00001,518,456,428,735,548,578,596,565,816
"ENSG00000079150",208,140,634,504,835,685,731,599,737,481,563
"ENSG00000079156",833,1055,791,768,952,756,738,570,707,954,1060
"ENSG00000079215",2546.99997,2064,3599,1779,2456,3989,1557,2281,2571,6602,2940
"ENSG00000079246",5034.99999,4194,6060,5548,5669,6527,5278,5591,6169,6643,7341
"ENSG00000079257",277,140,273,254,205,249,173,373,460,441,261
"ENSG00000079263",181,445,26,24,17,37,18,16,17,5,13
"ENSG00000079277",292.99998,257.99999,480,475,431,508,478,407,564,601,646
"ENSG00000079308",1445,765,1605,1580,1730,1271,1836,876,1458,1548,2276
"ENSG00000079313",439.99999,432,41,38,26,5,20,9,16,64,57
"ENSG00000079332",2169.99999,1373,4000,3667,3688,3426,3267,3360,4025,3992,5147
"ENSG00000079335",1439.99999,1147,391,333,441,417,457,271,426,471,406
"ENSG00000079337",89.00001,65.99999,106,87,207,121,101,119,149,104,144
"ENSG00000079385",107.00001,112.00001,19,17,11,22,22,12,7,4,20
"ENSG00000079387",588,735.99999,508,491,569,372,495,319,349,417,525
"ENSG00000079393",57,109,33,26,12,37,67,33,28,20,34
"ENSG00000079432",1827,1558,341,276,379,84,354,124,119,135,118
"ENSG00000079435",424.99999,171,169,110,73,59,130,100,96,12,49
"ENSG00000079459",1200,903.99998,3136,2802,1962,3681,2688,5479,7192,3446,5119
"ENSG00000079462",762,748.99999,1506,1315,1407,2029,1207,2624,2089,1829,1525
"ENSG00000079482",1630.99999,1162.00001,998,857,887,914,1105,621,578,448,530
"ENSG00000079616",600.99999,312.99999,1069,829,1050,1324,1059,1445,1652,1367,1086
"ENSG00000079691",996,1395.99999,190,287,211,147,289,195,221,168,221
"ENSG00000079739",560,413,3245,3016,2880,4209,3672,3434,4075,3868,4980
"ENSG00000079785",2578.99999,2872.99999,3454,2966,3329,4064,2875,3752,4547,4317,4788
"ENSG00000079805",1661,1294.99999,1872,1969,1772,1246,1478,1081,1298,1894,2128
"ENSG00000079819",8521.99999,8470,3183,2192,3334,3124,2626,1614,2073,2293,2025
"ENSG00000079841",946.99999,1937.99999,18,49,13,53,17,37,22,26,33
"ENSG00000079931",1108,772,729,811,387,686,221,357,719,1587,1004
"ENSG00000079950",855,725,1444,1322,1480,1452,1519,961,975,1098,1692
"ENSG00000079974",425,345,965,798,850,846,910,901,817,743,1000
"ENSG00000079999",831,660,3550,3290,3480,3768,3305,3908,4826,5175,6494
"ENSG00000080031",151,136,309,288,430,231,171,240,305,577,746
"ENSG00000080166",1110,413,9574,46237,10965,31695,34936,36749,35930,2461,14980
"ENSG00000080189",632.00001,723.00001,2022,2106,2188,2607,2510,2737,3563,3079,3664
"ENSG00000080200",763,758,1208,1116,1002,1271,1139,715,528,694,569
"ENSG00000080224",368,526,63,49,64,51,74,40,35,49,74
"ENSG00000080298",3064.99999,2944,712,629,609,682,585,546,451,466,491
"ENSG00000080345",2292,2277,1546,1438,1603,1327,1619,990,1164,1031,1360
"ENSG00000080371",959,935,509,442,542,405,459,308,440,561,907
"ENSG00000080493",615.00001,1085.99999,370,394,274,299,472,339,512,450,1092
"ENSG00000080503",2988.00001,5435.00001,883,810,922,830,804,810,1057,1173,860
"ENSG00000080511",60,75,63,16,69,132,82,18,91,221,96
"ENSG00000080546",770.00001,1002,875,847,848,675,655,552,817,1028,881
"ENSG00000080561",165,432,423,345,460,287,343,258,333,374,341
"ENSG00000080603",1860,1465,2695,2344,2602,2301,2526,1347,1899,2101,2843
"ENSG00000080608",3310,3893,311,367,322,403,299,429,485,445,660
"ENSG00000080644",1171,2067.00001,2157,3420,1214,1886,1225,2331,3190,3336,2212
"ENSG00000080709",136,346,12,17,26,15,14,16,22,15,11
"ENSG00000080802",3105,1412.00001,1030,976,1100,992,996,798,887,931,964
"ENSG00000080815",2278.00001,1416.99999,2924,2735,2644,2736,2521,2255,2681,2799,3377
"ENSG00000080819",140,127,77,75,39,18,34,43,73,141,119
"ENSG00000080822",793,717.99999,1954,1729,2143,2372,1990,2041,2391,2319,3093
"ENSG00000080823",1635,2170.99999,885,539,755,1158,731,994,1159,1267,1560
"ENSG00000080824",13169.00001,16218,13545,12283,11901,14618,10410,15414,14388,14152,17617
"ENSG00000080839",615,426,205,215,180,178,198,137,133,158,214
"ENSG00000080845",1360,1319,1056,738,974,630,1021,560,452,571,550
"ENSG00000080854",1410,1131,434,292,458,201,376,160,135,158,86
"ENSG00000080986",229,134,81,56,37,83,36,94,92,120,40
"ENSG00000081014",849,1042,247,206,211,158,230,118,144,145,245
"ENSG00000081019",802,872,770,531,889,804,824,600,685,511,608
"ENSG00000081026",3024,2158,506,381,645,310,424,377,509,607,466
"ENSG00000081041",37,38,11,5,6,4,5,10,16,99,79
"ENSG00000081052",182,394,244,795,167,415,457,282,436,157,318
"ENSG00000081059",358,350.00001,141,147,136,67,137,89,137,146,132
"ENSG00000081087",1289.99999,975.00001,1255,1529,856,1364,1116,1503,1423,1040,1904
"ENSG00000081138",1080,1242.99999,1713,1219,1838,1421,1857,905,1311,1168,889
"ENSG00000081148",2893,6606,3142,973,3344,2196,1936,844,717,1224,474
"ENSG00000081154",1952.00001,1974,2609,1902,2550,2804,2473,2274,2886,2475,3764
"ENSG00000081177",662.00001,698.99999,1339,1366,1406,1483,1418,1294,1224,1523,1734
"ENSG00000081181",347,267,298,245,211,356,171,439,481,429,554
"ENSG00000081189",2315.00001,2383,453,207,209,486,258,217,216,416,433
"ENSG00000081248",276.00001,337,120,43,39,74,112,31,26,18,4
"ENSG00000081307",863,654.99999,1361,1179,1156,1539,1161,1370,1570,1542,2057
"ENSG00000081320",108,102,55,51,57,46,80,37,39,29,148
"ENSG00000081377",1094.00001,2154,371,278,304,245,321,237,269,315,281
"ENSG00000081386",240.99999,554,394,314,415,265,392,190,219,258,246
"ENSG00000081479",2450,1823,8428,6014,12948,6388,9182,4929,7066,7725,5827
"ENSG00000081665",813.99999,790,87,48,77,47,64,52,50,39,63
"ENSG00000081692",303,245,1084,1102,1109,1300,1092,1121,1313,1249,1875
"ENSG00000081721",682,609,800,597,609,852,562,916,1072,870,1264
"ENSG00000081760",369,385,1095,1107,1020,1089,942,835,1053,1098,1428
"ENSG00000081791",516,468,619,530,427,646,542,671,704,1040,894
"ENSG00000081803",602,825,925,808,902,648,659,461,835,489,600
"ENSG00000081818",570,376,43,43,61,92,77,46,53,56,18
"ENSG00000081870",838,656.99999,648,476,545,712,574,805,753,553,833
"ENSG00000081913",2225,1730,273,230,209,251,236,153,189,340,321
"ENSG00000081923",553,361,43,23,35,14,33,21,21,51,32
"ENSG00000082014",924,617.99999,1334,1180,951,1039,467,1101,2354,3436,3184
"ENSG00000082068",1893,1376,518,451,517,647,540,628,618,618,645
"ENSG00000082126",4227.00001,4849.99999,1820,150,944,1886,1046,785,602,769,284
"ENSG00000082146",1233,1477.99999,2412,2020,1757,2201,1549,1859,2400,2079,2543
"ENSG00000082153",1286,1036,5806,5124,4813,5428,4496,5044,6738,6779,8825
"ENSG00000082196",430,296.00001,362,128,84,316,86,287,479,627,144
"ENSG00000082212",1390.99999,1474.99998,1573,1526,1268,1674,1216,1502,1583,1529,2169
"ENSG00000082213",360.99999,394.99999,954,890,884,837,869,683,758,781,1029
"ENSG00000082258",1183,1041,1238,885,1299,1178,1329,852,883,629,630
"ENSG00000082269",1775.99999,2325.99999,608,576,824,581,661,403,401,468,489
"ENSG00000082293",175,164,79,46,74,73,56,51,49,59,36
"ENSG00000082397",1291,1444,2369,1801,2141,1857,1726,1280,1984,2303,1588
"ENSG00000082438",2332,3863.00001,644,439,593,589,484,376,418,616,653
"ENSG00000082458",608.00001,512.99999,1043,990,1028,916,964,550,597,786,763
"ENSG00000082497",82,33,38,12,29,26,27,21,25,52,21
"ENSG00000082512",326,161,444,483,448,491,465,250,378,316,408
"ENSG00000082515",1011.99999,977.99999,1074,766,929,1206,811,1332,1533,1131,1487
"ENSG00000082516",300,308,1080,1111,1072,878,1079,748,822,863,1057
"ENSG00000082556",90,211.99999,250,178,298,158,313,176,232,313,184
"ENSG00000082641",1473.99999,1384.99999,1505,1559,1521,966,1422,1065,1069,921,964
"ENSG00000082684",3685.99999,1580,2360,1503,583,1974,637,721,2340,3305,7518
"ENSG00000082701",2453.99999,2480.99999,1267,1144,1310,656,1094,576,551,644,601
"ENSG00000082781",864,734,351,371,323,357,377,351,456,309,384
"ENSG00000082805",8669,6239.00001,1524,1611,1397,1110,1186,897,1306,1740,1494
"ENSG00000082898",2889.99999,2661.00002,1924,1455,1888,1128,1564,942,833,712,836
"ENSG00000082996",2557.99999,2336,2489,2435,2008,3060,2073,3319,3813,2726,3806
"ENSG00000083067",11272.99999,9474,9751,10901,9140,11708,14029,12153,10888,2911,6377
"ENSG00000083093",547,451.00001,393,507,493,493,510,306,325,283,513
"ENSG00000083097",1258,1374.00001,712,569,774,630,805,319,347,417,438
"ENSG00000083099",783,881.00001,1606,1239,1422,1830,1318,1617,1991,1690,2346
"ENSG00000083123",633,1106.99999,1246,1146,1020,1203,1120,979,1314,1090,1396
"ENSG00000083168",1856.99999,2260.99999,1206,1064,1312,1020,1278,668,795,716,787
"ENSG00000083223",977,1533,688,602,768,579,786,470,436,559,690
"ENSG00000083290",845.00001,883,467,530,285,241,287,296,524,1237,1414
"ENSG00000083312",3823.00001,3851.99999,2720,2109,2417,2103,2079,1676,1899,1283,2206
"ENSG00000083444",992.99999,742,10408,9990,11611,11875,13865,8495,9877,9896,13687
"ENSG00000083454",19.99999,18.00001,17,16,19,14,12,35,27,23,8
"ENSG00000083457",654.00001,627,545,392,466,695,420,754,728,603,541
"ENSG00000083520",1184.00001,1271,762,798,1008,808,973,618,813,934,1473
"ENSG00000083535",2369.00001,2445,401,386,389,463,404,374,391,352,442
"ENSG00000083544",1455.99999,1658.99999,366,314,335,352,310,342,327,323,396
"ENSG00000083635",270,310,217,206,224,237,284,265,301,298,422
"ENSG00000083642",2226.00001,1885,1443,1339,1780,1348,1511,958,945,1009,1148
"ENSG00000083720",505,836,947,1253,813,1233,896,1038,1270,1031,1081
"ENSG00000083750",485.99999,437.99999,1188,1137,1077,1599,1054,1415,1475,1602,1998
"ENSG00000083799",713.99998,1241.00001,972,1011,1198,879,1050,620,780,932,961
"ENSG00000083807",245,184,317,257,296,357,324,366,368,288,306
"ENSG00000083812",163,131,897,666,839,876,891,735,763,1207,1277
"ENSG00000083814",229,204,359,370,410,555,414,409,481,443,343
"ENSG00000083817",102,88,410,423,417,548,515,436,401,288,423
"ENSG00000083828",454,317,483,379,467,486,441,368,392,340,521
"ENSG00000083838",346.00001,241,626,528,634,705,630,674,810,946,817
"ENSG00000083844",492,469,486,406,506,346,451,268,260,302,596
"ENSG00000083845",9178,8335.99999,6497,4269,6277,4996,5647,5967,5762,5292,5015
"ENSG00000083857",870,567,2537,2567,2262,1662,2140,1024,1063,1634,1270
"ENSG00000083896",2401.99999,2419.00001,920,677,983,970,989,906,998,994,835
"ENSG00000083937",889.99999,904,853,862,858,1079,861,968,1129,839,1346
"ENSG00000084070",790,980,1025,802,1103,1192,929,875,1045,1395,1373
"ENSG00000084072",606.99999,503.99998,1437,1165,1189,1613,1372,1600,1696,1695,1891
"ENSG00000084073",842,738,1269,1309,1050,1240,899,1339,1553,1311,1692
"ENSG00000084090",1398,1173.00001,5504,5137,3912,4631,3944,4272,6008,6907,8601
"ENSG00000084092",211,288,544,391,530,579,518,536,518,450,622
"ENSG00000084093",1014.00001,1527,1197,1271,1047,1112,1169,1082,1968,1692,1958
"ENSG00000084112",759.99999,631.00001,746,726,626,454,650,412,496,435,572
"ENSG00000084207",7113,7816,12092,13993,10768,17213,11768,25786,22920,15008,18755
"ENSG00000084234",3194.99998,3181.00001,16723,15930,17540,16139,17961,12304,15143,15274,16090
"ENSG00000084444",315,521,1307,1205,1877,1176,1653,826,768,1217,1097
"ENSG00000084453",73,522,84,84,21,46,71,92,148,20,73
"ENSG00000084463",1158,1637,1997,1758,2099,1608,2080,1584,1686,1905,2219
"ENSG00000084623",1155,1565.00002,4142,3265,3482,4312,3520,5137,5404,4998,5709
"ENSG00000084628",303,136,48,33,30,20,28,36,27,56,35
"ENSG00000084636",177.00001,290.99999,382,297,285,378,168,358,487,575,675
"ENSG00000084652",851,743,4266,4413,4891,4156,4576,3830,4501,5846,7055
"ENSG00000084676",7734.00001,8060.00001,1260,1136,1206,1157,1139,943,1117,1682,1305
"ENSG00000084693",389,457.00001,1940,1490,2032,1969,1699,1844,1792,1933,1936
"ENSG00000084710",1071,673,3442,3539,2108,2954,2647,3479,4654,4033,6201
"ENSG00000084731",410.00001,330.00001,523,521,571,295,433,199,145,330,221
"ENSG00000084733",1023,829,3226,3195,2759,3419,2575,2817,3080,4195,4577
"ENSG00000084754",1194,1239,3670,3635,3544,4444,4103,3951,4650,4530,5672
"ENSG00000084764",751,795,680,599,960,340,639,255,261,331,329
"ENSG00000084774",265,228,1543,1605,1919,1043,1777,732,604,893,996
"ENSG00000085063",1529.00001,1411.99999,6042,5320,4988,6032,4396,7066,8110,8916,7083
"ENSG00000085117",166.99999,147,1146,1238,1121,1485,1272,2053,1921,1543,1658
"ENSG00000085185",224,166,325,200,415,186,367,119,117,132,152
"ENSG00000085224",11371,9425,3063,2478,2679,3196,2584,2762,3065,2730,2558
"ENSG00000085231",679,717,1084,760,868,1250,754,1216,1581,1337,2120
"ENSG00000085274",811,944.99999,870,677,758,902,768,601,772,826,1226
"ENSG00000085276",342.99999,403,1136,414,1789,661,1159,654,1083,385,701
"ENSG00000085365",1812.00001,1950.00001,2089,1839,2284,2083,1710,1838,1680,1466,1491
"ENSG00000085377",282,375,625,729,278,310,196,436,827,1135,1011
"ENSG00000085382",1298,1237,592,481,602,489,510,394,301,536,541
"ENSG00000085415",644.00001,518,769,723,731,824,803,588,813,913,1253
"ENSG00000085433",868,1060,1106,683,944,1226,873,681,939,1576,1915
"ENSG00000085449",588,811,2726,2924,4148,3136,4101,2002,2301,1778,2622
"ENSG00000085465",27,36,42,43,42,45,49,33,24,50,61
"ENSG00000085491",774,1730.99999,498,441,437,399,340,288,399,453,446
"ENSG00000085511",1057.99999,955.99999,634,642,762,612,613,379,377,506,544
"ENSG00000085514",162.99999,78,74,47,51,48,49,42,40,60,76
"ENSG00000085552",1961,1569.00001,1929,1187,1788,1653,1774,1197,739,991,613
"ENSG00000085563",200,358,136,868,161,334,209,296,226,449,224
"ENSG00000085644",159.00001,213.99999,306,221,325,129,228,114,152,158,259
"ENSG00000085662",738.99999,742,2370,1983,2148,2884,2066,3246,3617,3187,3135
"ENSG00000085719",1429.00001,953.00001,3041,2860,3000,2585,2722,2300,2391,2556,3113
"ENSG00000085721",831,1093,1405,1468,1858,1670,1832,1180,1735,1861,2697
"ENSG00000085733",1883.00001,1247.99999,2689,2580,2277,2232,2397,2466,3074,3843,4922
"ENSG00000085741",22,35,68,165,133,143,92,111,158,299,305
"ENSG00000085760",509,521.99999,349,309,337,418,312,501,444,431,500
"ENSG00000085788",1098,850.00001,2362,1999,2258,1821,1625,1272,1826,2258,2404
"ENSG00000085831",109,232,60,60,64,49,51,49,68,30,104
"ENSG00000085832",1962.00001,1668.00001,1131,1035,1206,890,1112,539,645,727,914
"ENSG00000085840",111,81,29,28,26,21,32,39,51,102,48
"ENSG00000085871",100,132,217,289,158,309,204,445,448,179,262
"ENSG00000085872",970,789.00001,772,624,1083,417,986,370,388,416,506
"ENSG00000085978",601.00001,590.00001,591,634,714,772,733,511,661,902,911
"ENSG00000085982",1230,1211.99999,1034,680,854,757,765,613,629,800,980
"ENSG00000085998",573.99999,520.99998,3333,2801,2874,3498,2662,3051,3523,4399,3978
"ENSG00000085999",237,137,31,46,35,36,45,36,33,38,42
"ENSG00000086015",704,1149,997,796,793,543,485,448,533,1101,1167
"ENSG00000086061",3051,3008,8026,8587,7406,8993,6530,10282,11740,14265,23665
"ENSG00000086062",815,863,1248,1822,1604,995,1720,1079,1031,404,819
"ENSG00000086065",1237,1387.99999,1709,1394,1621,2327,1450,2095,2460,2031,2544
"ENSG00000086102",1551.99999,1609,1991,2034,2271,1854,2248,1518,1878,2021,2756
"ENSG00000086159",49,25,27,28,34,23,20,12,21,21,24
"ENSG00000086189",653,868,575,439,552,550,490,506,614,460,826
"ENSG00000086200",922,948,621,598,541,517,563,363,515,543,697
"ENSG00000086232",1113,988,3384,3123,3431,3401,2679,2671,3462,3533,4220
"ENSG00000086289",293,177,1305,1342,1459,1148,950,1191,2230,2401,2611
"ENSG00000086300",748.00001,889.00001,480,531,402,430,353,309,435,729,536
"ENSG00000086475",1002,637,610,570,422,598,440,621,669,800,632
"ENSG00000086504",748,720.00001,1806,1699,1604,2538,1707,2944,3142,3022,3040
"ENSG00000086506",47,33,18,9,13,14,17,23,20,16,25
"ENSG00000086544",415,458,254,208,276,236,240,183,327,876,1008
"ENSG00000086570",48,109,29,24,34,15,55,3,10,9,41
"ENSG00000086589",618,514,1123,779,1040,734,949,751,806,872,944
"ENSG00000086598",2344,1457.00001,5377,4632,4802,6213,4751,5742,6967,6929,10173
"ENSG00000086619",802.00001,1355,362,249,425,305,405,248,263,262,550
"ENSG00000086666",3199.00001,2289,2702,2286,2032,3220,1908,3136,3931,3668,3768
"ENSG00000086696",550,333,4292,11362,9060,13331,13823,11740,12991,2880,7905
"ENSG00000086712",922,1051,1118,1005,1504,992,1452,802,980,955,1543
"ENSG00000086717",311,577,73,41,76,18,42,53,29,21,20
"ENSG00000086758",4241.99999,3661.99999,3826,3422,4104,2413,3564,1944,2239,2519,2538
"ENSG00000086827",346,267,556,561,617,644,507,499,697,575,858
"ENSG00000086848",745,928,882,869,948,873,864,880,1003,772,1057
"ENSG00000086967",32,44,51,53,22,161,115,46,33,19,72
"ENSG00000086991",1478,1596,306,200,297,342,182,237,244,289,167
"ENSG00000087008",638.99999,748,437,367,499,626,565,457,404,457,516
"ENSG00000087053",3271,1461.00001,1907,1614,1857,1732,1750,1271,1559,1592,1861
"ENSG00000087074",796,977,1533,1218,1515,1750,1435,1576,2677,8736,14059
"ENSG00000087076",365,583.00001,1410,1061,1400,1695,1610,1857,1924,1248,1900
"ENSG00000087077",532,368,580,584,665,403,625,502,555,535,630
"ENSG00000087085",348,178.99999,397,528,722,387,507,332,288,532,712
"ENSG00000087086",12540,18571,63477,45572,64207,86112,64070,78073,70431,70509,116794
"ENSG00000087087",1332.99998,1203,1609,1517,1377,1380,1247,1392,1442,1696,2299
"ENSG00000087088",736,568.99999,591,621,601,718,632,730,574,482,771
"ENSG00000087095",2636,4513,552,385,432,402,449,300,348,297,168
"ENSG00000087111",867,969.99999,2898,2608,3017,3037,2766,2902,3212,3031,3206
"ENSG00000087116",92.99999,107,115,115,58,99,137,48,132,256,344
"ENSG00000087152",454,415.00001,172,190,220,52,183,102,100,129,137
"ENSG00000087157",531.99999,656.99999,1047,885,945,1071,1017,942,804,880,919
"ENSG00000087191",1440.00001,1309,2569,2492,1975,3358,2027,4189,4845,4477,4951
"ENSG00000087206",1428.99999,1907,537,417,550,635,558,537,541,683,771
"ENSG00000087245",475,633,924,920,883,666,636,534,952,1747,761
"ENSG00000087250",665,642,145,110,124,185,120,109,197,306,253
"ENSG00000087253",264.99999,280,262,218,283,244,277,204,244,246,232
"ENSG00000087258",529.99999,702.00001,257,143,161,165,130,99,122,249,106
"ENSG00000087263",900,1072.00001,1405,1077,1313,1439,1287,1361,1437,1575,1969
"ENSG00000087266",1146.99999,1447.99998,565,491,459,354,450,309,354,696,546
"ENSG00000087269",782.00001,570,475,485,547,573,579,536,600,523,712
"ENSG00000087274",4299,4130.00001,6340,5744,5938,4693,5123,3364,3494,4642,4084
"ENSG00000087299",688.99999,627,358,213,378,263,410,201,228,203,267
"ENSG00000087301",555,671,798,714,1005,615,910,430,490,506,596
"ENSG00000087302",1434,1212,1747,1669,1572,2310,1619,2471,2432,1944,2216
"ENSG00000087303",69,149,2811,5665,2772,3881,5143,2117,2476,1333,2697
"ENSG00000087338",482,493,602,637,639,665,747,560,587,439,655
"ENSG00000087365",3181,3113.00001,2746,2329,3212,1818,3081,1664,1602,1993,2368
"ENSG00000087448",604,536,644,672,629,501,501,386,592,748,719
"ENSG00000087460",16257.00001,12071,5041,4348,4304,4948,4480,5396,7621,9039,7878
"ENSG00000087470",3850.99999,9696.00001,2203,1900,2165,2131,1940,1674,2078,1963,2380
"ENSG00000087494",37,70.00001,8,19,17,7,10,7,24,44,28
"ENSG00000087495",124,146,105,50,45,95,56,60,72,102,102
"ENSG00000087502",1009,1035,782,687,689,922,642,888,1124,886,1241
"ENSG00000087510",30,35,38,5,6,20,8,20,30,77,11
"ENSG00000087586",349.99999,335,74,86,84,151,147,119,106,114,154
"ENSG00000087842",461,877,1130,858,1037,1369,955,1193,1325,1007,2137
"ENSG00000087884",631.99998,258.00001,501,538,663,750,591,869,942,756,771
"ENSG00000087903",364,317.00001,560,285,391,552,425,306,377,617,906
"ENSG00000087995",470,473,716,576,611,744,618,751,765,624,950
"ENSG00000088035",414,525.99999,414,371,337,442,342,450,516,366,427
"ENSG00000088038",825,630.99999,192,144,239,57,165,65,45,34,52
"ENSG00000088179",1547,1811,657,628,589,431,519,425,709,642,542
"ENSG00000088205",1311,1316,1326,962,1355,1315,1272,1026,1332,1653,1644
"ENSG00000088247",2039.99999,1743,362,326,336,63,241,126,79,78,81
"ENSG00000088256",736,657,397,442,295,281,302,337,564,568,490
"ENSG00000088280",235,245,1513,1750,1454,1503,1655,1180,964,1401,1766
"ENSG00000088298",226,325,737,671,580,1075,652,952,884,994,956
"ENSG00000088305",228,286.99999,259,148,152,239,235,126,132,142,292
"ENSG00000088325",411,370,407,358,297,600,413,449,225,373,223
"ENSG00000088356",609,787,1934,1481,1685,2388,1650,2410,2511,3073,4274
"ENSG00000088367",938,1299,464,319,378,249,387,172,187,205,178
"ENSG00000088386",25,40,22,20,12,4,24,7,32,14,8
"ENSG00000088387",1973.99999,2441.99998,400,371,331,311,368,166,248,292,177
"ENSG00000088448",2414.00002,1726.99999,1707,1381,1683,1669,1847,1473,1820,1693,2453
"ENSG00000088451",295,226,585,962,860,925,968,917,972,335,740
"ENSG00000088538",1645,1643,334,209,236,207,262,103,138,290,232
"ENSG00000088543",275,337.00001,1716,1505,1547,1668,1552,1504,1947,2042,2121
"ENSG00000088682",578.00001,556.99999,1923,1851,1786,2624,2015,2636,3028,2143,2993
"ENSG00000088726",24,22,16,15,6,29,38,3,7,4,17
"ENSG00000088727",760,627,181,135,117,201,145,195,211,235,358
"ENSG00000088756",285,450,635,948,823,701,1052,504,429,253,333
"ENSG00000088766",903,704,376,319,167,175,108,267,544,1169,1122
"ENSG00000088808",922,822.99999,272,269,210,154,313,208,229,166,274
"ENSG00000088812",903,971,814,848,662,415,493,364,706,916,955
"ENSG00000088826",297,311,1036,1200,839,1112,931,1311,1109,1474,1816
"ENSG00000088832",1764.99999,1287.99998,1785,1856,1468,934,1465,1165,1014,1044,1057
"ENSG00000088833",1086.00001,1096,2689,2670,2190,3785,2671,4839,4434,3607,4703
"ENSG00000088854",1522,1143,716,489,547,662,562,385,429,637,544
"ENSG00000088876",227.00001,318,442,394,456,515,520,295,336,331,308
"ENSG00000088881",449,346,98,102,110,36,86,58,82,123,56
"ENSG00000088882",360,281,4927,4870,7752,4414,5032,4958,3626,6194,3152
"ENSG00000088888",1322,885,2675,2700,2834,2205,2780,1836,1979,2051,3018
"ENSG00000088899",905,1095.00001,500,360,269,183,186,206,270,590,591
"ENSG00000088930",1726,1552,1770,1533,1467,1869,1364,1694,2088,1867,2133
"ENSG00000088970",567.99999,805.99999,707,554,707,855,896,676,672,556,570
"ENSG00000088986",1587,1200,4691,3644,3324,5044,3118,6029,6002,5057,6080
"ENSG00000088992",66,48,90,84,28,67,21,155,172,271,156
"ENSG00000089006",902.00001,619,2209,2257,2752,2830,2534,2495,3120,2515,3547
"ENSG00000089009",2309,1355,4242,2977,3888,3444,3793,3988,3463,3104,2903
"ENSG00000089022",1183.00001,1005.99999,1082,998,884,984,812,691,1128,1321,1516
"ENSG00000089041",281,216,76,75,95,138,52,71,72,119,113
"ENSG00000089048",1700,1633,330,306,301,450,388,451,418,395,593
"ENSG00000089050",347,308,775,697,648,658,633,551,641,343,1119
"ENSG00000089053",1699.00001,1626,4166,3709,3648,4513,3622,4511,5000,5094,5750
"ENSG00000089057",2520,3061,5284,8403,5801,6441,7775,5164,7662,5000,9695
"ENSG00000089060",87,202,370,385,399,372,497,377,456,485,651
"ENSG00000089063",2086.00001,2248,3586,3130,2988,4426,2846,4827,5643,4316,4683
"ENSG00000089091",960.99998,1037.00001,190,170,184,196,154,139,145,174,217
"ENSG00000089094",1177.00002,881.99999,401,341,483,213,343,202,162,143,174
"ENSG00000089101",210.00001,280,62,25,30,61,30,48,60,39,52
"ENSG00000089123",1094,1735,327,338,297,423,305,376,518,453,511
"ENSG00000089127",32,81.99999,258,162,241,253,256,157,201,272,174
"ENSG00000089154",583,414,2787,2898,3509,2021,3540,1195,1243,1864,2153
"ENSG00000089157",5683,3143.00001,16252,10112,16492,15361,15368,17587,17072,14062,13283
"ENSG00000089159",1844,1365,2261,1951,2631,1681,2689,1223,1176,1649,1211
"ENSG00000089163",24,59,114,69,109,158,117,112,128,56,66
"ENSG00000089169",160,366.00001,91,32,14,75,46,32,57,103,29
"ENSG00000089177",913,882.99999,484,450,599,519,542,419,414,365,447
"ENSG00000089195",407,341,212,223,206,358,236,331,475,517,713
"ENSG00000089199",389,556,563,491,437,625,375,642,540,906,235
"ENSG00000089220",6149,5739,15110,13617,15016,18485,15931,19730,24542,20289,22272
"ENSG00000089234",553,517,1145,1099,975,1081,992,799,1162,1105,1915
"ENSG00000089248",1339.00001,1228,3427,3322,3553,4171,3449,4844,5431,3955,3924
"ENSG00000089280",3978.00001,2869,5183,4286,4565,3837,3925,4425,3876,3025,3565
"ENSG00000089289",603,685,933,750,953,954,961,853,1012,994,896
"ENSG00000089327",51,50.99999,35,29,30,41,26,46,45,28,49
"ENSG00000089335",706,850.99999,1397,1043,1217,1588,1094,1320,1503,1599,1453
"ENSG00000089351",1005.00001,692,475,520,331,225,310,256,486,814,925
"ENSG00000089356",621.99999,503.99999,57,83,28,61,48,93,216,95,165
"ENSG00000089472",889.99999,1011.00001,4485,4961,5825,4702,5186,3058,3112,3459,3648
"ENSG00000089486",1816,1019,894,781,1046,327,799,416,531,525,804
"ENSG00000089597",1362,1250.99999,5505,4938,5750,3077,5361,2874,3111,3377,3702
"ENSG00000089639",131,59,94,69,139,45,103,41,25,44,12
"ENSG00000089682",704,615.99999,844,692,799,948,900,769,924,653,880
"ENSG00000089685",520,133.00001,191,159,123,239,163,307,189,210,144
"ENSG00000089692",404,306,28,4,15,23,9,14,9,27,23
"ENSG00000089693",2402,2002.99999,6043,5598,5733,8436,5793,8752,10147,10599,12120
"ENSG00000089723",35,94,158,133,198,161,187,139,92,97,77
"ENSG00000089737",2022.00001,2376.00001,4062,3985,4422,5266,4912,3994,5518,5902,7435
"ENSG00000089775",443,519,749,557,701,676,821,527,642,459,682
"ENSG00000089818",875.00002,1084,1834,1453,1672,2376,1697,1780,2280,2629,3202
"ENSG00000089820",68.99999,100,91,74,99,74,69,85,122,76,63
"ENSG00000089847",117,169,22,49,23,23,39,21,34,126,151
"ENSG00000089876",1485,1158,1312,1319,729,923,658,781,1668,2270,2491
"ENSG00000089902",590,602,149,141,181,99,158,78,116,126,110
"ENSG00000089916",1509.99999,1632,1557,1367,1474,1187,1548,952,1051,976,964
"ENSG00000090006",892,546,1270,1055,1530,708,1054,582,520,805,742
"ENSG00000090013",525.00001,628,1688,1468,1678,1957,1799,2796,2625,1753,3440
"ENSG00000090020",171.00001,211,409,377,372,147,362,164,127,195,279
"ENSG00000090054",1626,1482.00001,1695,1600,1552,1695,1443,1574,1886,1763,2226
"ENSG00000090060",2326.99999,2529.99998,4171,3701,4116,2698,3482,2353,2418,2238,3140
"ENSG00000090061",391.00001,360,281,232,254,181,269,288,322,204,310
"ENSG00000090097",8277,10970.99999,7212,4128,5500,8340,4868,8001,6680,6932,4397
"ENSG00000090238",598.99999,510,760,669,744,691,551,749,1218,1069,969
"ENSG00000090263",471.99999,591,752,571,484,914,538,793,752,560,748
"ENSG00000090266",2749.00001,2830,2200,2091,1842,2586,1851,3412,3151,2194,2346
"ENSG00000090273",1319,1277,3439,3199,3324,4753,3520,5523,5836,5465,7430
"ENSG00000090316",977.00001,1038,1835,1588,1586,1838,1543,2095,2202,1929,2499
"ENSG00000090339",58,65,307,425,524,539,489,257,853,3257,6027
"ENSG00000090372",952,809.99999,485,539,450,313,383,412,708,1856,1941
"ENSG00000090432",324,297,1872,2063,2069,2593,2100,2417,3042,3095,3785
"ENSG00000090447",141,114,20,18,44,8,25,4,4,0,4
"ENSG00000090470",668,690,185,137,158,136,184,137,135,242,382
"ENSG00000090487",1046,959,2021,2360,1808,2415,1956,2535,3071,2761,3722
"ENSG00000090520",840.00001,715.99999,1700,1812,1491,2200,1504,2387,2872,2271,4293
"ENSG00000090530",761,764,1424,2053,1166,851,772,695,1380,1485,2036
"ENSG00000090539",19.00001,38.00002,42,38,32,42,31,37,36,83,130
"ENSG00000090554",75,25.99999,49,28,69,41,56,41,63,39,47
"ENSG00000090565",1213,1133.99999,365,272,257,281,321,169,227,352,368
"ENSG00000090581",932.00001,822,1266,1339,940,1658,1106,1961,2661,2477,2552
"ENSG00000090612",566.00001,487,1505,1167,1269,1409,1260,1002,1219,1248,1664
"ENSG00000090615",2274.99997,2126,1029,1087,1407,917,1293,828,989,1035,1735
"ENSG00000090621",789,986.99999,487,362,431,325,448,364,439,463,503
"ENSG00000090661",1505.99999,1843.00001,1851,1677,1481,1238,1327,1393,1444,849,1252
"ENSG00000090674",212,306,316,274,286,216,282,201,192,168,263
"ENSG00000090686",2120.00001,1621.99999,1036,985,1054,1236,894,1071,1161,913,1240
"ENSG00000090776",432,409,1046,733,1315,559,855,458,450,502,721
"ENSG00000090857",536,552,1124,1046,1405,647,1458,425,545,599,757
"ENSG00000090861",2153.00002,2306.00002,9194,8809,10522,10367,9835,7241,6846,8587,14586
"ENSG00000090863",2271,2548,7462,7386,8201,5235,7525,4873,5791,5791,6639
"ENSG00000090889",270,186,128,94,87,72,75,86,75,114,59
"ENSG00000090905",2957,2283.00001,793,649,749,557,864,443,454,290,442
"ENSG00000090924",619.99999,459.00001,716,649,804,483,767,341,381,550,564
"ENSG00000090932",147,257,169,121,183,124,161,246,212,230,170
"ENSG00000090971",586,550,357,294,397,291,294,284,286,299,193
"ENSG00000090975",363,508.99999,144,72,152,57,113,53,42,59,50
"ENSG00000090989",854,1036.99999,1208,906,986,1200,1074,917,1023,1157,1454
"ENSG00000091009",1051,900,329,274,410,433,351,271,383,354,405
"ENSG00000091039",3068,3439,946,902,827,1002,858,873,1016,638,931
"ENSG00000091073",165,150,259,198,225,300,294,239,250,178,172
"ENSG00000091127",340,324,261,236,212,322,203,229,300,233,311
"ENSG00000091128",185.00001,212.00001,36,26,49,51,47,46,51,16,52
"ENSG00000091129",4927.00001,6106,6073,4154,5686,3739,4612,1787,2337,5169,2420
"ENSG00000091136",1502.00001,1284,1464,2943,1459,1937,2572,1390,1364,1248,1348
"ENSG00000091140",820.00001,915.99999,2139,2038,1789,2670,1878,2301,3164,2921,3348
"ENSG00000091157",2442,2463.99999,1125,1090,1236,1052,1064,700,696,800,803
"ENSG00000091164",1843.00001,2188,2155,1638,1732,2236,1841,2030,2275,2492,3388
"ENSG00000091262",286,211.00001,487,513,608,531,653,428,401,407,404
"ENSG00000091317",967,831,2277,1963,2162,2646,1914,2357,2892,2318,3042
"ENSG00000091409",557,1308.99999,1723,2136,1289,1483,1246,1392,1601,1594,1478
"ENSG00000091428",1900.00001,2363,333,142,262,445,283,218,253,406,201
"ENSG00000091436",896,584,1287,1189,1247,1078,1137,982,1265,1172,995
"ENSG00000091482",19,36,88,170,33,213,116,213,122,48,63
"ENSG00000091483",759,785.99998,1071,921,923,1205,916,1188,1467,1101,1293
"ENSG00000091490",2279,1744.00001,665,681,533,565,437,415,640,1189,757
"ENSG00000091513",53210,27567,67673,215146,59249,184930,64809,77509,171900,476711,234074
"ENSG00000091527",2088,1799,847,837,825,805,722,833,1107,1026,1535
"ENSG00000091536",108,121,106,63,74,71,98,54,46,77,64
"ENSG00000091542",1142,1454,2852,3043,2520,1871,1769,1426,2131,3202,4639
"ENSG00000091592",1365,1464,31,59,26,78,23,32,59,68,66
"ENSG00000091622",284,367,88,104,114,71,67,49,70,147,91
"ENSG00000091640",914,890.00001,2156,2045,1868,3051,2026,3417,4076,3350,3088
"ENSG00000091651",272,109,355,308,317,326,311,296,297,250,342
"ENSG00000091656",1042,983,1064,1054,1037,1199,1231,711,828,727,1130
"ENSG00000091664",64,47,40,5,16,16,28,7,60,23,10
"ENSG00000091732",612,600,636,621,556,829,618,916,1115,1233,1212
"ENSG00000091844",569,424,109,81,140,108,72,84,68,102,19
"ENSG00000091879",180,383,18,27,11,15,29,9,14,29,22
"ENSG00000091947",431.99998,437,773,708,871,989,867,1033,1140,981,1050
"ENSG00000091972",717.00001,406,991,1061,979,1285,823,1022,827,1509,849
"ENSG00000091986",346,210,945,722,783,871,681,800,804,1529,876
"ENSG00000092010",1365,1200.99999,3012,2640,3127,3770,2727,4017,4529,4088,3745
"ENSG00000092020",589.00001,496,784,530,666,791,544,772,833,852,1017
"ENSG00000092036",234.00001,327,582,380,673,521,555,579,632,643,626
"ENSG00000092051",272,251,209,260,189,141,103,146,171,431,291
"ENSG00000092054",47,33,737,902,603,1229,1869,813,393,451,449
"ENSG00000092068",736.00001,460,2751,8034,2167,2910,4898,4416,4208,1720,2872
"ENSG00000092094",420.00001,461.99999,946,838,693,1030,736,1156,1414,1402,1433
"ENSG00000092096",1256.00001,919,2822,2631,3483,1818,2521,2042,1941,1950,1746
"ENSG00000092098",529.99999,379.99998,678,650,616,617,538,498,771,804,1147
"ENSG00000092108",2448.99997,2117,1725,1316,1415,1820,1298,1616,2160,1935,2716
"ENSG00000092140",859,995.99999,531,464,559,439,498,400,402,319,423
"ENSG00000092148",3734,4009,3111,3400,3319,2923,3409,2302,1985,1748,2923
"ENSG00000092199",5572.99999,6105.99999,10214,8470,10672,11827,10834,10944,11577,12431,14504
"ENSG00000092200",2819.00001,3480.00001,677,110,413,661,547,302,286,397,77
"ENSG00000092201",1815,1706.00001,3454,3381,3696,3587,3298,2911,3231,3662,4559
"ENSG00000092203",1094,1118,2118,1901,2024,2146,2016,1891,2248,2631,3317
"ENSG00000092208",504,658.99999,379,299,366,400,303,477,444,371,596
"ENSG00000092295",38,65,39,54,35,71,52,41,36,44,87
"ENSG00000092330",694.00001,581,1982,1852,1956,2627,2182,2286,2611,2864,2999
"ENSG00000092345",18,44,35,12,0,17,2,30,92,98,85
"ENSG00000092421",1553,1232.00001,2515,2048,2139,1414,1341,1203,1147,1644,1219
"ENSG00000092439",1503.00001,1352.00001,1285,1282,1097,1101,1336,730,802,504,947
"ENSG00000092445",210,169,524,387,412,321,241,293,383,1249,560
"ENSG00000092470",368.00001,277,139,101,115,83,89,125,70,91,93
"ENSG00000092529",122,170,218,279,162,334,233,479,426,139,559
"ENSG00000092531",855,620.00001,1345,1154,1039,1474,1143,1499,1583,1145,1769
"ENSG00000092607",42.99999,82,32,15,37,1,16,12,17,23,21
"ENSG00000092621",810,637,3585,3634,2600,4389,2924,4766,4989,4082,7461
"ENSG00000092758",271,188.00001,774,243,856,540,526,755,1127,1134,821
"ENSG00000092820",1065,675,4005,4239,1924,3942,2991,5350,4976,3742,7084
"ENSG00000092841",13379.00001,10423.99998,24280,19181,21418,35302,20434,36600,39925,35582,30716
"ENSG00000092847",1356.99999,975,1681,1540,1757,1059,1465,997,1169,1237,1497
"ENSG00000092850",62,44,105,52,147,84,86,96,49,100,48
"ENSG00000092853",579,448.00001,87,82,115,116,74,122,79,109,60
"ENSG00000092871",904.00001,629.00001,988,992,825,759,915,597,770,1121,1107
"ENSG00000092929",77,156,347,319,135,241,286,361,307,124,437
"ENSG00000092931",1101,1263.99999,544,390,408,535,490,458,566,690,520
"ENSG00000092964",2121,1545,10044,9658,8638,8369,8436,6733,9783,12123,11336
"ENSG00000092969",1370,897,4196,2891,5322,3348,3437,2800,2782,2081,2725
"ENSG00000092978",762.00001,701,296,206,250,251,219,249,308,281,373
"ENSG00000093000",655.00002,608.99999,962,903,857,753,1053,614,754,802,996
"ENSG00000093009",337,97.99999,49,67,20,59,34,85,74,115,36
"ENSG00000093010",971.99999,79,1644,2225,1468,2412,1591,2659,3391,2012,2314
"ENSG00000093072",298,373.99999,56,27,60,58,37,36,52,37,46
"ENSG00000093144",744,1079.99998,867,896,683,1021,767,1149,1356,898,1204
"ENSG00000093167",1776.99998,1460,635,832,695,984,626,680,969,952,1282
"ENSG00000093183",730,845,1480,1334,1583,1525,1607,1400,1717,1574,2149
"ENSG00000093217",409,487,100,117,79,145,94,122,140,101,140
"ENSG00000094631",831.00001,875.00002,3167,2662,3494,2907,3293,1987,2321,3384,3365
"ENSG00000094804",165,86,68,61,32,50,40,122,91,88,106
"ENSG00000094841",247.00001,261,399,403,430,491,426,410,478,455,490
"ENSG00000094880",489,390,1736,1511,1745,1720,1710,1416,1887,1948,2552
"ENSG00000094914",473.99999,435.00001,1849,1879,2014,2536,2142,2490,2351,1828,2357
"ENSG00000094916",3739,2273.99999,10070,10053,9601,8434,8928,8598,8766,9187,10809
"ENSG00000094963",27,57,273,662,181,444,575,914,433,22,186
"ENSG00000094975",1253.99999,1918,2116,1915,2539,1764,2057,1294,1626,1713,2408
"ENSG00000095002",2906,2036,1543,1274,1573,1509,1373,1251,1252,1386,1278
"ENSG00000095015",1119,1446,495,431,447,301,341,313,416,896,611
"ENSG00000095059",927.99999,877.00001,1935,1481,2158,2660,2399,2441,2473,2678,2725
"ENSG00000095066",366.99999,406,526,419,592,450,674,466,429,460,490
"ENSG00000095139",1288.00001,1131,4417,4100,5317,4271,5130,3013,3822,4644,6382
"ENSG00000095203",348,264,343,266,306,283,240,226,309,187,177
"ENSG00000095209",399,591,908,747,923,1136,970,859,930,756,1386
"ENSG00000095261",544,218,642,673,765,690,619,627,692,809,1054
"ENSG00000095303",41,70,82,73,18,35,63,47,76,19,94
"ENSG00000095319",592,568,2435,2616,2256,2033,2296,1474,1426,2115,2495
"ENSG00000095321",402,210.00001,2606,2611,2884,3161,2874,2534,3027,3630,3440
"ENSG00000095370",187.99999,295.00001,232,226,260,191,219,208,150,253,134
"ENSG00000095380",264,212,627,618,584,766,664,1009,1078,806,1795
"ENSG00000095383",113.00001,319.99999,198,294,239,284,379,261,217,200,298
"ENSG00000095397",835.00001,1064,514,383,621,332,466,353,310,288,282
"ENSG00000095464",222,427,362,25,193,365,255,120,157,301,93
"ENSG00000095485",399.00001,335,414,400,432,505,499,401,399,449,619
"ENSG00000095539",256,244,253,133,289,124,247,148,116,118,165
"ENSG00000095564",1610,1439,1547,1463,1993,1432,1998,1003,1215,1242,1740
"ENSG00000095574",379,626,594,417,694,530,674,434,472,589,705
"ENSG00000095585",165,479,206,235,148,375,271,184,238,99,274
"ENSG00000095587",495,85,52,70,30,69,33,105,82,130,71
"ENSG00000095596",6711,6975.99999,696,1017,771,1351,1306,1616,5506,1464,3975
"ENSG00000095637",2225.00002,2944.00002,1480,927,802,1293,612,494,652,2361,1608
"ENSG00000095713",568,175.99999,2403,1238,982,1528,1015,1741,2664,4536,1872
"ENSG00000095739",629,476,138,130,21,39,21,81,424,523,726
"ENSG00000095777",2832.99999,3138,278,209,233,216,175,105,176,414,206
"ENSG00000095787",5810,2907.00001,1922,1518,1825,1926,1805,1924,2617,2644,2601
"ENSG00000095794",1351.99999,1938.99998,792,686,637,803,659,790,972,847,972
"ENSG00000095906",714,559,2026,1839,1923,2604,2112,2902,3423,2810,3183
"ENSG00000095932",163,90,23,17,28,43,27,34,33,16,18
"ENSG00000095951",1192.99999,1188,472,356,446,303,403,162,309,250,285
"ENSG00000096060",246,351,646,853,730,719,680,497,1037,618,867
"ENSG00000096063",1625,1317,1051,847,851,898,905,830,741,733,682
"ENSG00000096070",425.00001,495,369,311,448,173,361,183,267,366,454
"ENSG00000096080",692,442,1650,1485,1129,2264,1380,3149,3231,2399,3277
"ENSG00000096092",683,799,935,668,527,1078,562,1323,1193,781,927
"ENSG00000096093",1941.00001,2533.99998,1423,1106,1201,1444,1083,1286,1239,965,873
"ENSG00000096384",7851.00001,8787,27757,24299,31085,27209,28976,28073,27410,24408,36891
"ENSG00000096401",1178,1115,1407,1243,1327,1526,1286,1428,1555,1739,1750
"ENSG00000096433",70,136,94,95,135,60,88,45,26,57,32
"ENSG00000096654",312,191,472,461,508,515,534,418,526,658,717
"ENSG00000096696",473,633,2163,1608,3445,1661,2476,1800,2595,1366,1754
"ENSG00000096717",662,675.99999,223,188,253,174,190,134,242,459,648
"ENSG00000096746",2473.99999,2294,3536,3031,3596,3564,3477,3683,3523,3188,3366
"ENSG00000096872",1317.00001,1742.00001,435,369,426,491,459,543,541,370,532
"ENSG00000096968",782,790,593,453,450,393,341,240,320,831,492
"ENSG00000097007",1355,1010,1672,1506,1759,1197,1506,893,1145,1536,1456
"ENSG00000097021",563,502,578,492,346,779,242,872,1124,1545,1446
"ENSG00000097033",1267.99999,1227.99999,2408,2500,2252,2010,1777,1564,1960,2686,2649
"ENSG00000097046",379,302,231,211,222,270,156,183,151,252,184
"ENSG00000097096",500,981,127,103,85,124,68,83,136,82,191
"ENSG00000099139",1214,844,1013,1193,969,1118,995,875,977,1308,1134
"ENSG00000099194",2419,1722,6207,7478,6403,7040,9694,3348,4868,8146,22233
"ENSG00000099203",348,207,1641,1408,1361,2232,1543,2623,2900,2687,2960
"ENSG00000099204",2909.99999,3418,4312,4431,4303,3730,4346,2694,3309,3527,3123
"ENSG00000099219",980.99999,1185.99998,734,1046,978,721,807,497,578,351,707
"ENSG00000099246",1478.00003,1619.99999,3614,3129,3442,3780,3134,3305,4281,4168,5083
"ENSG00000099250",2864.99999,676,2295,2242,1720,1996,1449,1264,1895,3462,3219
"ENSG00000099256",608,556,284,172,137,326,80,230,332,365,472
"ENSG00000099260",719,465.00001,1358,1007,2319,1385,1578,1512,1558,1265,1344
"ENSG00000099282",256,400.99999,814,711,446,871,521,1325,1134,1047,1002
"ENSG00000099284",820.99999,688.00001,1858,1590,1485,2132,1716,2370,2066,1846,1636
"ENSG00000099290",563.00001,656,1322,1480,1335,1619,1496,1147,1323,1717,2044
"ENSG00000099308",235.99999,445,397,319,550,213,456,263,237,204,400
"ENSG00000099326",401.00001,581,852,666,860,893,780,719,839,864,660
"ENSG00000099330",237.00001,364.99999,456,356,502,574,547,549,510,467,490
"ENSG00000099331",3186.99999,2185.99999,503,355,371,290,329,187,306,380,404
"ENSG00000099337",27,36,86,67,73,61,80,58,56,58,55
"ENSG00000099338",365.99999,527.99999,137,128,131,113,141,81,97,69,128
"ENSG00000099341",2267.99999,2257.00001,3666,3297,3496,5242,3495,5789,5843,5417,6354
"ENSG00000099365",153,165,56,36,53,4,36,9,5,26,10
"ENSG00000099377",39,30,412,381,478,481,406,451,695,821,532
"ENSG00000099381",627.99999,537,123,148,129,97,159,142,263,259,319
"ENSG00000099385",768,630.00001,292,333,215,238,174,353,665,932,1022
"ENSG00000099617",373,262,205,223,246,118,171,293,283,146,151
"ENSG00000099622",5452.99999,5081.00004,7691,5598,7443,7307,7790,7313,8203,7351,6322
"ENSG00000099624",1513.00001,1313,973,911,547,699,363,921,1951,2346,2099
"ENSG00000099769",29,23,66,23,46,27,29,43,52,59,107
"ENSG00000099783",2486.00002,2916,4475,4650,3875,5852,3266,6642,8670,7889,9159
"ENSG00000099785",409,437.99999,403,448,238,452,180,457,883,1326,1160
"ENSG00000099795",1936,1765,1943,1469,1425,2500,1569,3311,3204,2496,2550
"ENSG00000099797",1823.00001,1301.00001,7362,4946,7541,8272,7083,9121,15177,11224,17764
"ENSG00000099800",1314,868,1851,1522,1509,2101,1498,2815,2782,2269,2534
"ENSG00000099804",1218,1020.99999,320,341,180,165,173,238,668,2135,2054
"ENSG00000099810",478,844,647,600,614,553,517,487,560,478,515
"ENSG00000099814",1447,1693,202,91,123,27,135,31,44,22,13
"ENSG00000099817",1539.99999,1075.99999,3185,3042,2823,4399,3157,4977,5394,4479,5030
"ENSG00000099821",361.00001,321,394,438,353,223,326,352,515,1284,1460
"ENSG00000099840",57.00001,54.99999,38,32,26,5,23,13,27,40,25
"ENSG00000099849",209,238,866,793,758,1062,1001,1038,1188,964,1291
"ENSG00000099860",137,144,255,253,292,295,309,253,1643,7279,8151
"ENSG00000099864",801,600,269,234,266,138,250,140,186,223,225
"ENSG00000099866",55,75,52,20,64,18,22,22,39,21,42
"ENSG00000099875",1344.00001,1325,249,197,275,129,263,179,191,194,237
"ENSG00000099889",632.99999,681,1071,1200,935,582,891,680,599,585,765
"ENSG00000099899",254,266,1477,1397,1591,1795,1633,1659,1610,2077,2322
"ENSG00000099901",1812.99999,1091,1027,821,939,1254,872,1229,1373,1485,1479
"ENSG00000099904",346,303,111,95,135,36,97,52,40,51,24
"ENSG00000099910",744.00001,461,1001,968,1397,652,1190,771,614,555,646
"ENSG00000099917",1902.99999,1315.00002,1141,1242,1418,934,1310,817,852,1153,1281
"ENSG00000099937",109,88,41,18,18,23,22,5,37,45,53
"ENSG00000099940",409,374,1562,1489,1537,1599,1494,1192,1560,1763,2254
"ENSG00000099942",838,541,3589,3056,3876,2891,3450,1863,2135,3550,4706
"ENSG00000099949",417,373.99999,2278,2137,2403,2058,2263,1590,1979,2098,2114
"ENSG00000099953",88,97,422,425,260,342,187,327,442,556,483
"ENSG00000099954",3578,3075,132,56,91,96,84,104,99,134,105
"ENSG00000099956",2104.99999,1609,2258,1763,1913,1360,1760,1446,1265,1430,1496
"ENSG00000099957",26.00001,52,114,86,86,61,66,66,79,91,131
"ENSG00000099958",51,41,62,16,46,35,49,53,40,91,119
"ENSG00000099968",1990.00002,2116.99998,4343,5584,4820,5441,4815,4733,5782,5511,6004
"ENSG00000099977",889,1131,766,603,490,956,556,1170,1070,898,911
"ENSG00000099991",1851.99998,2037,687,516,654,418,640,406,385,405,440
"ENSG00000099992",340,426.99999,595,511,707,648,677,588,766,742,688
"ENSG00000099994",32,36,139,181,42,105,126,193,210,105,213
"ENSG00000099995",961,1011,949,726,1158,376,924,362,387,413,369
"ENSG00000099998",19,26,188,275,270,208,241,144,332,415,267
"ENSG00000099999",266,165,165,148,156,167,191,121,104,188,234
"ENSG00000100003",1181,1248.99999,1662,1711,1238,1666,1481,1532,1317,1781,1587
"ENSG00000100014",3218,2983,1020,866,1292,1120,1043,842,909,620,799
"ENSG00000100023",1012,829.99998,1288,1085,1105,1386,1156,1064,1158,1512,1664
"ENSG00000100024",35,92,103,66,79,120,97,64,224,69,88
"ENSG00000100027",201,153,445,442,359,304,315,271,420,489,432
"ENSG00000100028",457,453,1838,1736,1572,2010,1584,2233,2541,1851,2611
"ENSG00000100029",687,505.00001,921,831,1058,494,918,626,493,481,656
"ENSG00000100030",1391,1387,1302,1211,1018,823,823,675,1180,2904,2876
"ENSG00000100031",52,48,212,534,89,273,414,285,369,164,213
"ENSG00000100034",308,266.00001,611,535,702,385,658,350,307,304,377
"ENSG00000100036",161,176,860,531,838,715,649,729,797,700,830
"ENSG00000100038",266.00001,218,691,660,674,791,583,595,629,752,865
"ENSG00000100056",294.99999,255,596,463,520,657,692,620,703,684,964
"ENSG00000100060",88,63,183,80,67,135,147,113,77,104,23
"ENSG00000100065",48,83.99999,77,68,18,50,31,66,82,117,100
"ENSG00000100075",431.99999,290,1178,1198,868,830,657,1124,2084,2990,2969
"ENSG00000100077",335,405,225,160,319,187,335,123,98,120,206
"ENSG00000100083",945,730.99999,1138,973,1108,983,1102,882,868,954,1005
"ENSG00000100084",910,285,130,101,144,84,134,62,268,267,178
"ENSG00000100092",264,214.99999,43,52,22,34,47,24,18,18,20
"ENSG00000100095",571,428,262,265,107,149,60,121,140,315,123
"ENSG00000100097",2532,841,1087,672,489,1347,587,1704,2272,2823,2749
"ENSG00000100099",717.00001,752.99998,1488,1406,1727,1730,1936,1006,1040,1156,1832
"ENSG00000100100",163,124.00001,851,1119,911,950,872,1073,1855,2051,1201
"ENSG00000100104",415,357,606,575,628,545,461,472,735,767,899
"ENSG00000100105",750,656,477,369,396,292,351,399,399,416,266
"ENSG00000100106",2137,1215.00001,1159,1180,965,798,1184,778,1283,1575,1790
"ENSG00000100109",331.00001,341.00001,1265,1144,1162,1456,1229,1185,1364,1879,1929
"ENSG00000100116",131.99999,138.00001,835,1191,826,1407,1092,1769,2019,1335,1858
"ENSG00000100124",512,381,1032,846,765,971,601,1076,1877,2381,3076
"ENSG00000100129",3845.00001,3326.00001,5891,4389,5840,5159,5966,5227,5569,4812,5211
"ENSG00000100138",1732,1884,3784,3018,3676,4883,3576,5145,5439,4906,5832
"ENSG00000100139",814,340,151,196,135,65,154,132,125,170,199
"ENSG00000100142",1085.99999,898,1303,1177,935,1707,996,2105,2072,1564,1689
"ENSG00000100146",72.99999,126,45,23,8,18,26,26,24,0,31
"ENSG00000100147",859,577,824,649,936,640,854,533,487,603,713
"ENSG00000100150",1985,2766.00003,403,445,406,520,394,283,336,481,521
"ENSG00000100151",275,309,493,389,403,516,376,470,467,550,459
"ENSG00000100154",1889,1390,1823,1906,2080,1107,1649,817,853,1057,1100
"ENSG00000100156",108,43,49,23,8,36,22,94,117,41,200
"ENSG00000100162",266.00001,89,74,101,93,133,99,151,141,129,73
"ENSG00000100167",507,553.00001,758,722,751,720,749,583,548,749,701
"ENSG00000100196",123,150,369,274,546,359,400,316,406,627,636
"ENSG00000100197",32,79,24,17,22,31,28,20,15,22,11
"ENSG00000100201",7863.99999,6194.99999,2744,1949,2843,2498,2428,2453,2519,1534,1985
"ENSG00000100207",790,821,97,58,94,73,157,87,83,88,77
"ENSG00000100209",630,234.99999,171,141,158,201,174,241,246,184,317
"ENSG00000100211",558.99999,412.99999,1367,1046,1226,1666,1197,1878,1808,1681,1824
"ENSG00000100216",854,804,1004,868,750,1093,748,1338,1577,1240,1271
"ENSG00000100218",28,64,56,43,83,57,56,106,91,114,61
"ENSG00000100219",1128,666,3566,2756,3306,3802,2703,3739,5126,6142,13174
"ENSG00000100220",940,826,3360,2824,2997,4099,3077,4173,5038,4649,5707
"ENSG00000100221",328.99999,353,390,314,341,316,302,279,333,367,514
"ENSG00000100225",1206,916,4447,4246,4106,5209,4497,4937,6272,5693,7135
"ENSG00000100226",558.99999,541,1475,1253,1871,1137,1699,924,857,825,1165
"ENSG00000100227",889,628,3423,3128,4042,3834,3628,2966,3118,4734,5305
"ENSG00000100228",281,243,1266,981,1037,1081,845,1323,1643,1755,1605
"ENSG00000100234",1568,897,17018,50152,11359,14434,17012,23343,48777,13396,50937
"ENSG00000100239",1740,1280,964,1009,807,897,833,655,1108,1502,1426
"ENSG00000100241",1278.00001,1003.00002,885,825,765,375,584,372,420,841,1024
"ENSG00000100242",775.00002,642.99999,373,389,365,233,412,250,416,1099,1081
"ENSG00000100243",1452.00001,1025,4267,3991,3621,4523,3488,4296,5635,5998,6264
"ENSG00000100246",391,411,594,483,639,550,563,742,630,607,530
"ENSG00000100249",45,33,25,12,7,16,17,38,53,45,70
"ENSG00000100258",453,374,923,963,1000,585,1022,682,555,636,699
"ENSG00000100263",396,363,1351,1278,1186,1617,1179,1919,2301,1926,2380
"ENSG00000100266",948,1149,1141,880,1270,578,1175,520,493,481,650
"ENSG00000100271",269,302,728,575,606,816,584,719,720,753,708
"ENSG00000100276",23,52,7,7,3,2,3,1,13,80,64
"ENSG00000100280",1019,1246,2011,1676,1963,957,1567,831,757,984,878
"ENSG00000100281",833,964,676,467,702,623,670,496,463,411,497
"ENSG00000100284",463,519,1979,2071,2255,2634,2557,2615,2958,2510,3859
"ENSG00000100285",59,89,88,88,63,83,75,129,153,185,249
"ENSG00000100288",400,275,393,348,318,437,343,395,524,506,388
"ENSG00000100290",25,27,17,16,9,17,17,34,30,17,40
"ENSG00000100292",88,155.00001,674,598,283,768,538,2085,1464,413,2512
"ENSG00000100294",313,258,454,353,348,559,346,578,667,705,767
"ENSG00000100296",915,711,734,708,675,801,809,676,695,596,599
"ENSG00000100297",263,181,454,547,340,571,402,679,716,690,676
"ENSG00000100299",299.00001,210,625,677,592,915,644,1054,1295,1062,1016
"ENSG00000100300",640,231,2483,2019,2407,2780,2168,3612,4292,3895,3172
"ENSG00000100304",259,237,502,568,357,269,331,374,621,982,1126
"ENSG00000100307",203,296.00001,147,123,154,128,198,96,160,168,239
"ENSG00000100311",20,60,81,12,38,21,10,27,34,103,39
"ENSG00000100314",197,86,18,16,17,26,17,12,75,64,13
"ENSG00000100316",25121,15784,29329,21395,29346,28737,29157,31839,33531,29771,29380
"ENSG00000100319",412,426,767,679,593,1005,774,1251,1439,1129,1166
"ENSG00000100320",2495.00001,1060.00001,2447,2225,2193,2319,2057,2359,2832,2212,2200
"ENSG00000100321",854,932,2015,1816,2221,1577,2154,1541,1760,1021,1399
"ENSG00000100324",617.00001,579,338,236,333,119,299,130,101,110,119
"ENSG00000100325",747,687.99999,1293,1334,1163,1633,1383,1558,1724,2068,2269
"ENSG00000100330",1888,1400.99999,2212,2511,2650,1776,2488,1345,1335,2031,2026
"ENSG00000100335",581.99999,655,1759,1785,2094,1851,1951,1417,1564,1885,2433
"ENSG00000100336",144.99999,38,1202,670,557,1200,749,830,1681,3103,2200
"ENSG00000100342",48.99998,59.00002,93,147,117,128,209,103,189,105,195
"ENSG00000100344",744.99999,493,608,810,422,800,730,1000,1106,299,756
"ENSG00000100345",830,938.00001,3209,4075,5125,2439,5138,1540,1261,1325,1735
"ENSG00000100346",68,189,26,39,51,27,79,30,60,42,61
"ENSG00000100347",729,579,1451,1389,1416,1842,1497,2009,2031,1725,1980
"ENSG00000100348",1042,866.99999,3160,2592,2680,3950,2821,4289,5156,4665,4403
"ENSG00000100350",652.00001,439,2170,2197,2298,2196,2189,1898,1967,2005,3118
"ENSG00000100353",1312.00001,1039.99999,2151,1753,2105,2651,2112,2426,2407,2453,2864
"ENSG00000100354",3984,4548,1888,1652,1735,1457,1827,1283,1305,1650,1460
"ENSG00000100359",402.99999,380.00001,2338,2078,2317,2611,2291,2084,2132,2564,2613
"ENSG00000100360",600.99999,632.99999,627,498,611,469,570,431,450,464,487
"ENSG00000100362",107,63,35,47,30,47,46,59,51,27,31
"ENSG00000100364",315.99999,309,198,177,131,98,130,114,144,103,147
"ENSG00000100372",493,552.99999,815,715,677,956,746,966,1046,1018,1267
"ENSG00000100376",440,556,1337,1105,1391,1725,1527,1237,1119,938,1229
"ENSG00000100379",224.00001,181,331,288,285,205,196,299,333,423,332
"ENSG00000100380",3843,4084,7580,6553,7626,7853,6930,7287,7873,7941,9921
"ENSG00000100387",1997,1764,2632,2060,2129,3011,1814,3599,3396,2561,2671
"ENSG00000100393",2817.00001,2525,1352,1053,1351,901,1325,798,962,928,1057
"ENSG00000100395",409,385,1197,1202,1197,1547,1200,1410,1723,1974,2463
"ENSG00000100399",41,38,27,34,18,29,16,44,81,137,201
"ENSG00000100401",639,592,1189,1259,1308,1384,1092,1300,1337,1472,1611
"ENSG00000100403",1356,1158,343,269,333,205,366,270,224,131,155
"ENSG00000100410",659,576,449,359,377,430,350,436,560,424,513
"ENSG00000100412",1317.99999,1414.99999,6427,6503,6206,8571,6655,8049,9387,9332,10615
"ENSG00000100413",467.99999,452,1907,1561,1578,1992,1287,1554,1909,2542,2946
"ENSG00000100416",430.00001,435.99999,1048,806,1005,1368,1144,959,1037,931,969
"ENSG00000100417",486,516.00001,1261,1103,1250,1649,1129,1670,1687,1669,1700
"ENSG00000100418",236,257,631,608,621,613,592,548,537,706,660
"ENSG00000100422",739,783,1019,966,651,555,420,570,947,1732,1698
"ENSG00000100425",823.00001,793.99999,220,144,174,152,210,141,175,205,217
"ENSG00000100426",666,248,471,479,441,305,406,211,246,331,320
"ENSG00000100427",316,108,433,78,0,221,1,226,315,1220,892
"ENSG00000100429",160,127,119,115,172,41,134,51,35,28,35
"ENSG00000100433",147,84,106,145,66,149,56,77,139,246,115
"ENSG00000100439",307,343.99999,2847,3126,3060,3491,3177,3683,4384,4359,5456
"ENSG00000100441",313,333,986,955,1116,667,1150,444,529,689,720
"ENSG00000100442",2195,1918,1328,1037,1163,1760,990,1570,1867,1866,1567
"ENSG00000100445",1005.00001,944.99999,2770,2334,2696,3338,2706,3564,3965,3493,3773
"ENSG00000100461",1801.99999,1510,3975,3931,4044,4510,4058,4792,5452,5396,5934
"ENSG00000100462",598.00001,594.00001,2867,2558,2637,3230,2428,3261,3532,3712,4453
"ENSG00000100473",454.99999,376,591,293,372,498,506,405,492,298,276
"ENSG00000100478",794,607.00001,157,118,162,153,95,148,149,117,114
"ENSG00000100479",379,308.99999,29,43,33,44,22,54,49,54,25
"ENSG00000100483",183,173,182,145,243,218,201,229,225,222,324
"ENSG00000100485",1963.00001,1698,248,175,204,154,184,177,204,171,263
"ENSG00000100490",502,418,91,72,79,87,66,45,54,69,95
"ENSG00000100503",2635.00002,2247.99997,938,941,1072,1164,789,806,943,2321,1434
"ENSG00000100504",1283,1046.00001,1276,2010,1029,2190,859,1530,1532,3255,1672
"ENSG00000100505",2359,2151.99999,2093,1866,1585,1678,1035,1275,1326,3454,2879
"ENSG00000100519",1384,1240.00001,1774,1461,1625,2186,1524,2038,2189,1818,2492
"ENSG00000100522",346,219,478,332,385,397,373,453,417,420,658
"ENSG00000100523",1640.00001,1713,697,691,645,642,605,336,425,621,594
"ENSG00000100526",399,101,179,167,123,183,138,227,159,120,143
"ENSG00000100528",1036,1253,1755,1419,1418,1581,1265,1528,1771,1528,2000
"ENSG00000100532",480.99999,787.00001,647,505,608,840,574,714,849,845,1279
"ENSG00000100554",957,1042.99999,1623,1574,1533,2224,1487,2041,2253,1977,2597
"ENSG00000100557",71,117,12,34,5,13,1,36,29,53,4
"ENSG00000100564",627,638,1154,890,929,1485,1009,1641,1858,1547,2593
"ENSG00000100567",1692.99999,1481.99998,1858,1495,1606,1865,1495,2142,2524,2105,3086
"ENSG00000100568",1620,1331,2291,2033,1993,2515,2152,2573,2854,2923,3214
"ENSG00000100575",664.99999,573.99999,417,297,414,424,341,472,428,339,495
"ENSG00000100577",223.99999,197.99999,345,303,205,351,223,428,444,354,293
"ENSG00000100578",1292.99999,1991,417,349,400,400,343,369,346,561,459
"ENSG00000100580",468,570,1120,1231,1437,970,1282,628,740,647,690
"ENSG00000100583",284,377,157,78,67,190,65,172,178,113,165
"ENSG00000100591",543,530,2131,2177,1892,2356,1942,3025,2999,2682,3540
"ENSG00000100592",2972.99999,3474,1799,1413,1307,1723,1477,2071,1835,1462,1965
"ENSG00000100596",577,739,1291,1083,980,805,1061,786,775,809,873
"ENSG00000100599",103,105,49,27,32,11,27,20,19,29,13
"ENSG00000100600",499,675.99999,3757,5700,3389,5127,5350,7889,6068,3224,5035
"ENSG00000100601",285.00001,161,578,426,556,634,544,665,680,575,723
"ENSG00000100603",1911,1488,1417,1246,1287,1712,1229,1844,2000,2133,2354
"ENSG00000100604",302.99999,535,282,191,209,260,126,298,374,745,237
"ENSG00000100605",1784,1134,1027,1108,831,783,834,812,979,638,1224
"ENSG00000100612",1867.99999,2483,3046,1808,2851,4217,2345,3374,3896,4385,3816
"ENSG00000100614",1877.99999,1353,867,639,860,530,632,360,563,656,520
"ENSG00000100625",66,58,174,137,245,178,235,115,136,102,142
"ENSG00000100626",60,120,294,165,207,193,163,141,143,564,92
"ENSG00000100629",939.00001,975.00001,116,77,74,66,59,77,75,38,59
"ENSG00000100632",2989,2306,1201,879,1172,1323,953,1367,1009,852,670
"ENSG00000100644",2682,2472,5465,5402,5375,5476,5196,4089,4973,4374,5525
"ENSG00000100647",400,554,805,747,986,550,947,466,601,887,731
"ENSG00000100650",5688.99998,5941.99999,7832,6264,8206,8692,8168,8179,7695,6850,9326
"ENSG00000100664",3435.00001,3386,8084,6816,6913,9207,6979,8443,10676,10592,12642
"ENSG00000100678",329,129,45,53,35,46,30,18,65,162,88
"ENSG00000100697",1793.99999,2042.00001,1267,1190,1187,849,1038,601,650,604,669
"ENSG00000100711",510.00001,345.99999,1918,1876,1713,2553,2048,2316,3050,2383,3027
"ENSG00000100714",1214.99999,1550,1906,1976,1763,2188,1986,2082,2113,2150,2452
"ENSG00000100722",2156.99999,2505.99999,2660,2317,2397,2316,2340,2150,2279,2349,2658
"ENSG00000100726",393.00001,268,1023,918,841,1244,996,931,1117,1484,1496
"ENSG00000100731",1895,1751.99999,517,510,516,240,460,271,280,412,282
"ENSG00000100744",729,1044,721,541,675,712,599,621,661,629,882
"ENSG00000100749",1358.00001,1154,608,457,500,630,537,634,672,528,553
"ENSG00000100764",433,263,2116,1794,1773,2734,1751,2630,3512,3279,3547
"ENSG00000100767",154,205,978,788,1475,650,1181,669,1003,1179,799
"ENSG00000100784",866,766.00001,529,421,527,468,630,401,422,374,351
"ENSG00000100796",1849.99999,1554,599,691,417,428,407,405,814,1679,2430
"ENSG00000100802",224.99999,186,378,316,361,297,378,407,399,378,366
"ENSG00000100804",1938,1725.99999,5320,5166,4969,6361,4795,7991,8575,6628,7392
"ENSG00000100811",2082,2080,1358,1027,1284,1085,1179,891,1221,1380,1405
"ENSG00000100813",3447.99999,2712.00001,956,831,1011,534,937,628,557,554,584
"ENSG00000100814",717,538.99999,820,591,798,704,841,715,716,549,874
"ENSG00000100815",1412,1690,1135,1031,1063,1492,1120,1317,1280,1170,1258
"ENSG00000100823",1813.99999,1342.99999,4122,3473,3084,4617,3085,5169,6181,5123,5572
"ENSG00000100836",4126,2911.99999,913,799,805,689,695,796,710,737,830
"ENSG00000100842",587,405.99999,137,151,155,83,138,108,108,135,96
"ENSG00000100852",3277.00001,3847.00001,2968,2370,2779,2288,2415,1889,2267,2191,3018
"ENSG00000100865",487,412.00001,954,834,853,1170,899,1162,1256,1206,1438
"ENSG00000100867",22,89.99999,13,21,6,8,17,32,25,88,39
"ENSG00000100883",1315,1292.99999,1614,1350,1781,1874,1705,1769,2047,1895,2584
"ENSG00000100884",32.99999,19,34,22,21,73,17,38,54,66,14
"ENSG00000100888",1526,1492.00001,1154,1176,1485,967,1312,771,789,741,971
"ENSG00000100889",321,390,647,726,583,636,623,748,652,786,874
"ENSG00000100890",531,398.99999,520,456,451,507,424,448,561,406,513
"ENSG00000100897",555,567.99999,2975,2813,2955,3042,2968,2342,2783,3026,3633
"ENSG00000100902",1636.00001,1550.99999,3250,2491,2699,3576,2204,4181,4657,4011,4495
"ENSG00000100906",505.00001,547,1475,1411,1469,1689,1428,2084,4101,4718,5136
"ENSG00000100908",403,467,596,612,626,1017,717,1006,1064,967,1548
"ENSG00000100911",684.99999,631,1036,874,879,1285,813,1556,1913,1687,1749
"ENSG00000100916",521,506,470,451,568,447,343,415,516,600,709
"ENSG00000100918",490,294.00001,26,28,14,41,54,13,21,41,39
"ENSG00000100926",582,538,3628,3500,3472,4167,3596,4656,5739,5179,6221
"ENSG00000100934",1776,2034,3625,3353,3771,3543,3785,2268,2866,2935,4692
"ENSG00000100938",215,230.00001,1629,1490,1577,1902,1488,1843,2093,1881,2111
"ENSG00000100941",4589.00001,3454.99999,1487,1401,1366,1882,1619,1739,2237,1866,2587
"ENSG00000100949",277,263.99999,767,708,852,1015,959,904,1049,925,1100
"ENSG00000100968",728.00001,563.99999,997,806,1539,405,1322,414,426,495,435
"ENSG00000100979",754.00001,797,11204,11509,8401,12181,10927,17998,13977,8004,13971
"ENSG00000100982",638,515,2472,2056,2572,3093,2708,2633,2751,3346,2772
"ENSG00000100983",603,606.00001,1490,1434,1227,1986,1264,2113,2588,2519,2277
"ENSG00000100985",28,73,21,13,25,38,26,28,22,40,53
"ENSG00000100987",304,541,401,313,252,334,297,167,318,453,151
"ENSG00000100991",1926,1547,4209,3603,3918,4252,3875,3291,3779,5444,5043
"ENSG00000100994",776,905,5734,5767,5034,5881,4729,4056,4242,9950,5109
"ENSG00000100997",953.00001,847,999,1240,503,568,257,848,2036,3868,3527
"ENSG00000101000",27,19,100,136,56,152,142,164,174,134,136
"ENSG00000101003",430,406,214,223,166,218,151,203,166,202,253
"ENSG00000101004",1218.99999,1187,1209,874,1367,930,1448,709,718,521,654
"ENSG00000101017",25,39.00001,52,44,9,51,16,69,100,77,159
"ENSG00000101019",1716,1228.00001,1336,1013,1329,1613,1313,1221,1507,1449,1505
"ENSG00000101040",4132.00001,5517.00001,1435,1497,1397,1644,1573,1237,1074,1409,1082
"ENSG00000101049",99.00001,87,51,21,81,34,85,15,20,17,37
"ENSG00000101052",752,625.00001,1341,952,935,1490,906,1620,1568,1592,1619
"ENSG00000101057",159,54,18,32,11,31,7,37,47,165,58
"ENSG00000101076",29.99999,34,69,76,36,80,98,108,55,34,56
"ENSG00000101079",1867,2452,3644,1938,3285,3892,2498,2865,2901,3732,2532
"ENSG00000101084",1087,1090,1916,1838,1438,2039,1251,2493,3896,3433,4926
"ENSG00000101096",179,178,23,11,6,14,12,5,24,109,63
"ENSG00000101098",24,61,69,19,38,37,33,27,40,59,32
"ENSG00000101104",614.00001,344.00001,214,181,176,261,201,197,266,241,201
"ENSG00000101109",871.00002,687,925,884,922,794,853,709,708,598,866
"ENSG00000101115",17,16,27,6,21,18,16,15,8,7,25
"ENSG00000101126",1996,1699,1169,920,988,845,1070,823,1042,1167,1189
"ENSG00000101132",529,599.99999,267,200,211,304,208,350,354,267,255
"ENSG00000101134",321,346,980,874,609,1178,803,1017,1039,1450,1584
"ENSG00000101138",450,440,1158,954,1142,1196,1188,1246,1357,1284,1464
"ENSG00000101144",694,326,1688,2097,564,1732,1406,2434,2985,1757,2278
"ENSG00000101146",776.00001,764,1784,1364,1645,2406,1516,2173,2199,2403,2764
"ENSG00000101150",869.00001,768.99999,2793,2548,2847,3276,2711,3057,3380,3249,4227
"ENSG00000101152",836,1141,914,704,871,615,731,535,783,1209,815
"ENSG00000101158",858.99999,543.00001,2418,2528,2409,3234,2244,3137,3758,3722,2995
"ENSG00000101160",122,112,190,157,269,196,227,219,220,157,207
"ENSG00000101161",1311,1526,4020,3528,4456,4394,4065,3787,4592,5854,7156
"ENSG00000101166",818,395,716,538,551,436,434,379,581,437,607
"ENSG00000101180",77,21,6,3,36,11,14,23,2,5,11
"ENSG00000101181",376,304,673,484,691,819,723,703,728,907,892
"ENSG00000101182",3309.99999,2878,4755,4414,4120,5997,4160,7148,7454,6495,7921
"ENSG00000101187",201,120.99999,275,121,198,290,257,214,523,421,420
"ENSG00000101189",380,317,632,428,603,546,478,489,549,608,498
"ENSG00000101190",267,358,73,43,71,23,67,59,58,41,36
"ENSG00000101191",1126.99999,1059,1423,1413,1741,1586,1799,1138,1289,1406,1412
"ENSG00000101193",678,592,1079,956,1223,886,1108,915,1131,1291,1450
"ENSG00000101198",456,372,1324,1194,1628,1528,1668,1703,1608,1033,1077
"ENSG00000101199",553.00001,517.99999,1505,1322,1883,1230,1783,945,1026,1430,1685
"ENSG00000101203",45,93,7,7,6,21,19,8,7,21,15
"ENSG00000101204",67,63,79,52,79,15,40,38,36,46,41
"ENSG00000101210",384,471,119,89,118,33,122,20,30,31,23
"ENSG00000101213",189,218,8,16,15,12,17,12,42,30,44
"ENSG00000101216",244,281.99999,244,209,188,163,214,130,293,547,671
"ENSG00000101220",362,261,434,463,450,466,401,530,588,542,575
"ENSG00000101222",76,76,87,39,70,108,38,82,115,231,92
"ENSG00000101224",410,423,1426,1236,1833,1392,1867,1333,1379,2089,1274
"ENSG00000101236",580,471,618,506,465,501,432,464,618,1018,1210
"ENSG00000101246",433,381.00002,1411,1363,1533,1756,1503,2198,2297,2033,2174
"ENSG00000101247",437,553,256,162,166,255,196,203,291,319,239
"ENSG00000101255",392,762,2573,2297,1835,2816,1900,3042,3110,3808,11852
"ENSG00000101265",1449,2790,1443,3347,1939,2252,2850,1201,1150,1070,1570
"ENSG00000101266",2386.00001,1329.99999,2855,2666,3266,3081,3044,2295,2699,2428,3237
"ENSG00000101280",19,28,85,48,61,28,48,36,71,57,57
"ENSG00000101290",1030,1019,1618,1389,1468,1386,1321,1203,1875,1837,2211
"ENSG00000101294",1911.99998,2275,5613,4826,5276,6978,5514,7831,8641,6480,9855
"ENSG00000101298",206,306,298,238,370,155,349,111,104,204,102
"ENSG00000101310",1276.00001,1856,2599,2228,2308,3220,2165,2488,2677,3163,4817
"ENSG00000101331",43,146,17,10,25,16,24,20,23,26,8
"ENSG00000101333",7890.99998,5802.00001,699,915,735,786,778,686,785,409,548
"ENSG00000101335",181,184,502,610,508,305,874,241,157,50,130
"ENSG00000101337",967,1450,4060,3712,4484,3812,4384,2988,3011,3588,3260
"ENSG00000101343",479,880,559,619,643,608,597,521,716,658,781
"ENSG00000101346",527,669,3489,3175,3433,3020,2967,1989,2539,3393,3667
"ENSG00000101347",298.99998,283,353,350,290,390,345,255,206,279,237
"ENSG00000101349",429,319,201,183,165,161,143,165,118,98,109
"ENSG00000101350",803,1718,1470,1260,971,1083,971,905,1384,1769,1230
"ENSG00000101353",279.99999,307,272,166,270,225,257,206,285,206,180
"ENSG00000101361",1822,1489.99999,2999,2659,2988,3979,3162,4322,4590,4173,6337
"ENSG00000101363",622.99999,550,2058,1985,1916,2639,1944,3056,3577,2723,3396
"ENSG00000101365",871,770.00001,2125,1971,1962,3037,2079,3282,3770,3344,3467
"ENSG00000101367",995,1161,1976,1954,1568,2296,1485,1985,2451,2399,3049
"ENSG00000101384",1404,1130,212,222,187,116,137,114,230,1204,521
"ENSG00000101391",1404,1309,932,757,916,1251,976,965,1235,1319,1458
"ENSG00000101400",299,645,260,286,184,155,267,248,562,1008,1558
"ENSG00000101407",489.99999,383.00001,884,779,861,877,914,665,583,671,814
"ENSG00000101412",248,178,40,43,23,20,21,31,31,183,51
"ENSG00000101413",1163,1012,607,465,543,624,579,450,618,886,623
"ENSG00000101417",106,147,399,259,232,270,253,263,364,303,240
"ENSG00000101421",1512,2048,175,161,136,153,142,185,195,122,142
"ENSG00000101438",83,46,54,50,56,32,29,36,21,41,12
"ENSG00000101439",4350.00001,2808,26724,24320,6254,20168,13931,40088,30437,24322,21902
"ENSG00000101442",166,183,250,232,185,317,155,260,341,401,500
"ENSG00000101443",174,215.00001,95,138,82,97,109,208,203,145,104
"ENSG00000101444",829.99999,646,2685,2392,2529,3105,2717,3110,3132,2811,2677
"ENSG00000101445",37,105,102,84,75,55,60,38,34,99,23
"ENSG00000101447",84,34,51,45,29,81,49,94,101,109,38
"ENSG00000101452",715.99999,1248,484,378,405,547,398,344,411,458,521
"ENSG00000101457",616.00001,751.99999,1280,1123,1176,1583,1044,1762,2046,2033,2337
"ENSG00000101460",810,507,217,99,115,153,118,127,100,176,200
"ENSG00000101463",558,262,1201,634,1187,1299,1368,1205,2021,1951,1251
"ENSG00000101464",956.99999,1025,982,747,813,1205,746,1273,1368,1054,1274
"ENSG00000101470",42,21,381,384,251,765,746,868,538,205,221
"ENSG00000101473",395,543,1005,921,909,1210,949,1390,1481,1475,1552
"ENSG00000101474",998,961,4720,4478,4228,5398,4336,5407,6205,5704,5628
"ENSG00000101489",1639.00002,1836.00001,645,359,500,677,458,501,539,770,317
"ENSG00000101493",790.99999,902,314,221,422,161,357,126,130,203,196
"ENSG00000101542",1062,887,173,129,205,138,199,114,112,105,81
"ENSG00000101544",460,698.00001,265,303,239,193,300,176,289,468,506
"ENSG00000101546",306,232,359,308,305,393,333,290,303,305,323
"ENSG00000101557",1154,1074,1444,1333,1388,1252,1187,1188,1474,1571,1669
"ENSG00000101558",1822,1567,4590,3585,4507,4711,4309,4359,5440,5415,6701
"ENSG00000101574",237.99999,270,269,245,292,339,254,210,275,276,480
"ENSG00000101577",756,725,1234,1243,1534,1070,1536,701,998,863,1225
"ENSG00000101596",2793.00001,2795,1556,1331,1524,1039,1132,772,1045,786,1259
"ENSG00000101605",89,309,132,87,102,67,210,61,53,45,87
"ENSG00000101608",902.99999,938,2448,2078,2247,3084,2317,3277,3355,3094,3117
"ENSG00000101624",315,256,194,180,218,225,193,167,178,254,271
"ENSG00000101638",105,181,223,244,75,207,75,197,193,567,197
"ENSG00000101639",1984,1941.00001,512,576,578,497,602,297,284,304,386
"ENSG00000101654",956,1067,656,567,830,565,744,523,529,270,518
"ENSG00000101665",154,95,97,77,102,119,85,89,114,107,85
"ENSG00000101670",328,264,568,379,198,413,431,509,416,271,372
"ENSG00000101680",417,403,298,577,243,425,240,194,122,209,137
"ENSG00000101695",51,68,21,26,24,24,33,32,30,8,21
"ENSG00000101745",5351,6193.99999,1476,1102,1608,2095,1812,1334,1723,1592,1856
"ENSG00000101746",1696.00001,1213,487,357,526,370,416,288,235,464,220
"ENSG00000101751",698,633,989,808,912,1020,892,663,830,877,862
"ENSG00000101752",1628,1540,649,679,643,324,574,307,437,470,506
"ENSG00000101773",595,778.00001,686,599,594,824,648,772,781,459,784
"ENSG00000101782",1049.00001,1211,1406,930,1322,1169,1137,990,1115,908,1344
"ENSG00000101811",243,214,608,532,498,695,467,615,762,796,1224
"ENSG00000101825",280,545,869,2740,1650,1487,2766,704,981,280,327
"ENSG00000101842",19,69,43,57,53,40,42,25,30,38,44
"ENSG00000101843",1092,1009,4142,3459,3774,4747,3399,4757,5439,4268,5338
"ENSG00000101844",328,490.99999,766,724,670,929,763,1005,970,770,1752
"ENSG00000101846",226.00001,294.99999,156,200,111,122,129,104,140,216,271
"ENSG00000101849",5018,2856,2053,1589,2146,1511,2087,1465,1402,1868,1407
"ENSG00000101850",219,103,428,790,312,590,362,751,1009,434,850
"ENSG00000101856",2762,2422,2835,2347,2699,3115,2317,3073,3346,2712,2828
"ENSG00000101868",2506.00001,2417.00001,752,693,704,509,584,364,383,447,538
"ENSG00000101871",2149,3316,2974,1776,2930,2449,2841,2040,2392,2248,1645
"ENSG00000101882",751.99999,736,565,461,546,776,649,728,752,576,899
"ENSG00000101883",83,261.00001,63,33,69,53,69,42,32,59,51
"ENSG00000101888",136.00001,111,400,321,286,431,253,339,475,413,490
"ENSG00000101901",3823.99999,2499.00001,595,517,496,618,445,704,802,502,749
"ENSG00000101911",146,67,353,306,398,349,342,386,476,403,453
"ENSG00000101928",216,270,851,912,914,1114,948,1134,1187,855,1455
"ENSG00000101935",1748.00001,953,549,365,381,444,430,538,499,408,517
"ENSG00000101938",1162,473,3153,2867,4635,2377,3782,1949,2188,2221,2748
"ENSG00000101940",835.00001,695,2426,1965,2188,2669,2127,3186,3384,3517,2903
"ENSG00000101945",172,124,217,190,214,277,178,261,289,398,251
"ENSG00000101955",35,117,1032,668,826,832,452,730,562,1485,1224
"ENSG00000101958",561,218,259,69,301,101,132,99,152,41,115
"ENSG00000101966",1555.99999,1888.00001,1118,876,1157,750,925,781,889,558,813
"ENSG00000101972",3978,3976.99998,4663,4455,5527,3786,4817,2451,2777,2983,3197
"ENSG00000101974",622,1215.99999,599,611,683,486,605,530,463,266,548
"ENSG00000101977",352.99998,644,207,172,205,261,219,155,197,181,121
"ENSG00000101986",68,71,113,165,140,31,128,52,44,49,40
"ENSG00000101997",111,123,442,429,487,564,509,508,531,476,574
"ENSG00000102001",649,989,223,75,243,157,141,72,59,81,31
"ENSG00000102003",1790.99999,2153,1296,514,895,742,787,475,366,436,325
"ENSG00000102007",246,108,316,248,340,292,355,404,404,220,350
"ENSG00000102024",602,561,5516,5204,5801,6343,6058,4884,5692,3740,5636
"ENSG00000102030",566.99999,528.99999,1000,779,682,1111,674,1414,1446,1292,1091
"ENSG00000102032",133,185,81,48,95,54,104,38,33,38,22
"ENSG00000102034",93,47,226,250,257,152,227,134,124,103,142
"ENSG00000102038",1681,1588,4837,4615,5076,4707,4328,4136,4208,5071,4842
"ENSG00000102043",185,193,76,88,81,66,94,111,108,65,100
"ENSG00000102048",78.99999,83,5,31,14,20,13,28,46,24,41
"ENSG00000102053",745,474.00001,446,331,442,408,364,313,413,390,360
"ENSG00000102054",2043,1579,8077,7204,7958,9601,7070,9588,11590,9841,11289
"ENSG00000102057",53,254,356,311,338,249,350,233,229,460,412
"ENSG00000102078",282.99999,378.00001,757,499,534,780,521,709,921,948,978
"ENSG00000102081",1148,1004,397,334,281,242,323,286,371,270,363
"ENSG00000102096",96,238,1209,1008,1514,1288,1628,1094,1583,1575,2844
"ENSG00000102098",196,317,199,131,206,137,158,90,91,74,125
"ENSG00000102100",138,203,825,802,925,670,961,714,788,719,982
"ENSG00000102103",590.00001,924.00001,2313,2018,2023,3056,2242,3643,3843,3314,3568
"ENSG00000102104",1608,3041,442,73,379,500,248,301,357,537,112
"ENSG00000102109",1992,1460,1841,1722,1566,1169,781,2099,3566,3935,2981
"ENSG00000102119",896,844,722,634,699,166,574,203,185,154,255
"ENSG00000102125",435.00001,372.00001,855,763,772,977,756,823,1134,1067,1451
"ENSG00000102144",10033,10226,27381,23078,22982,30722,25371,21978,22082,26892,40160
"ENSG00000102158",721,742,2216,1730,2135,1703,1832,1814,2094,1589,2813
"ENSG00000102172",784,718,4430,4657,3697,5688,3861,5672,5943,4931,5360
"ENSG00000102174",219,474,123,38,29,59,29,92,126,258,115
"ENSG00000102178",266,247,879,890,1045,937,1034,1040,1150,1115,1529
"ENSG00000102181",645,1145,4038,4180,4076,3946,3600,2629,2939,4036,3556
"ENSG00000102189",1853,1836,977,903,1086,986,851,882,817,801,934
"ENSG00000102218",262,387,415,447,368,500,387,310,443,541,521
"ENSG00000102221",282,258,438,427,457,309,450,258,308,360,337
"ENSG00000102225",2076.00001,1747.00002,4965,5643,3578,3701,2400,3656,5878,7071,7561
"ENSG00000102226",2961,2564.99999,22400,20538,23988,24662,20702,21475,23216,27595,24556
"ENSG00000102230",1045.99999,680,640,345,217,329,310,230,216,463,327
"ENSG00000102241",1274,1290.00001,1708,1660,1282,1596,1226,1507,2008,2543,2570
"ENSG00000102265",1249.00001,964.00001,3196,2900,2981,3522,2799,4585,4340,5483,4185
"ENSG00000102271",588,808,528,266,506,705,226,336,379,707,332
"ENSG00000102287",54,55,401,319,687,414,601,445,643,606,456
"ENSG00000102290",623,772,583,899,641,732,662,468,187,292,125
"ENSG00000102302",342,213,199,167,167,145,139,111,93,131,85
"ENSG00000102309",584,592,589,502,481,641,443,780,741,540,565
"ENSG00000102312",248,226,513,358,441,522,531,559,697,690,510
"ENSG00000102316",3222.99999,2030,17058,15244,14956,22455,14321,24469,26343,30786,22034
"ENSG00000102317",1972,1538,1331,987,701,1376,786,1386,2293,1935,2443
"ENSG00000102349",184,191,167,189,176,133,158,121,113,132,87
"ENSG00000102359",134,72,106,68,10,53,17,41,51,184,31
"ENSG00000102362",305.99999,337,231,409,377,308,276,380,139,410,125
"ENSG00000102383",443,544,389,388,356,377,258,319,318,287,312
"ENSG00000102384",361,196,28,40,24,14,33,38,15,2,30
"ENSG00000102385",75,207,79,89,61,94,23,43,34,74,33
"ENSG00000102390",593,636,666,578,592,894,642,939,1300,1082,1311
"ENSG00000102393",292,317.99999,390,306,305,429,294,478,594,606,667
"ENSG00000102401",1391.00001,1145,2982,2824,2645,3298,2614,2796,3424,3771,4802
"ENSG00000102409",1487,1449,4930,3918,4168,5475,3734,5975,7260,6181,6218
"ENSG00000102445",399.00001,852.00001,51,85,29,45,19,68,43,148,107
"ENSG00000102452",955,1240.00001,221,177,70,163,126,91,255,274,250
"ENSG00000102466",237.00001,259.99999,88,70,65,104,79,81,58,99,78
"ENSG00000102471",699.00002,640.99999,738,608,592,726,511,584,647,715,917
"ENSG00000102531",2677,2722,2744,2514,2722,2204,2387,1493,1588,2081,2263
"ENSG00000102543",459.99999,599,390,241,326,472,310,327,386,415,564
"ENSG00000102547",743.99999,819,770,825,680,873,696,721,867,790,1034
"ENSG00000102554",65,106,20,42,41,31,46,54,39,157,177
"ENSG00000102572",1337.00001,849,1491,1329,506,1449,1160,2220,2295,564,1717
"ENSG00000102575",141,212.00001,290,655,276,307,530,458,400,112,217
"ENSG00000102580",1421,1125,2583,2830,1889,2399,2406,3449,3263,2089,5090
"ENSG00000102595",1629,1551,848,759,913,738,804,614,755,529,873
"ENSG00000102606",2893,2425,1123,947,1077,796,1102,551,626,673,810
"ENSG00000102678",286,214,182,122,153,151,149,117,110,183,59
"ENSG00000102683",43,69,114,173,39,140,54,160,105,115,416
"ENSG00000102699",639,592,1705,1815,1952,1616,1942,990,1067,1753,1692
"ENSG00000102710",1119.00001,1073,1174,1145,1284,1021,1227,805,758,716,753
"ENSG00000102738",593,548,547,413,472,621,496,636,565,549,634
"ENSG00000102743",298.99999,243,323,295,250,284,216,254,347,399,423
"ENSG00000102753",1149,1204,1646,1505,1739,1320,1469,1211,1353,1546,1429
"ENSG00000102755",3507.99999,3053,1003,1970,685,1209,448,629,1021,1964,1724
"ENSG00000102760",19,22,3,12,0,3,1,9,43,184,444
"ENSG00000102763",1330,2108,531,529,593,413,394,246,241,208,284
"ENSG00000102780",1635,1461,258,266,298,221,312,157,174,149,135
"ENSG00000102781",577.99999,946.99999,371,315,369,244,262,192,202,318,266
"ENSG00000102786",1771,1707,1412,1172,487,921,801,1084,1474,673,1572
"ENSG00000102796",560.00002,287,305,243,256,462,243,346,443,420,423
"ENSG00000102804",3105,2422.00001,23996,23492,22409,30314,20052,20942,44781,28863,33490
"ENSG00000102805",551.00001,539,1126,1094,978,1204,1058,1200,1367,1325,1422
"ENSG00000102858",2232,1523,497,511,534,334,538,427,482,438,505
"ENSG00000102870",448,465,876,761,1009,551,847,412,423,531,414
"ENSG00000102871",114,103.99999,248,269,210,261,151,264,438,577,645
"ENSG00000102878",502.99998,535.99999,960,938,1404,1043,1659,726,1204,1161,3094
"ENSG00000102879",35,32.00001,45,72,19,42,35,72,50,38,59
"ENSG00000102882",647,650,573,472,723,137,547,222,195,160,178
"ENSG00000102893",1505.99999,2237.00001,2144,2051,1813,1894,1688,1544,1767,1677,1706
"ENSG00000102897",917,1079.99998,1126,826,876,1204,853,1320,1496,1243,1845
"ENSG00000102898",1316.00001,819.99999,2822,2323,2331,2907,2141,3755,3682,3410,3075
"ENSG00000102900",1144,1774.00001,2608,2497,2455,3286,2760,2867,3255,3050,3150
"ENSG00000102901",414,282.99996,1274,1085,1209,1452,1511,1225,1124,1020,1143
"ENSG00000102904",118.00001,118.99999,166,101,149,268,119,219,288,311,239
"ENSG00000102908",3124.00001,2315.00001,980,1120,1257,981,1150,611,885,633,1021
"ENSG00000102910",1581.99999,2168,3679,4238,3894,3804,4262,3410,3146,2570,4389
"ENSG00000102921",745,586,227,204,186,127,245,164,130,179,203
"ENSG00000102931",945,901,3144,2677,2665,3262,2181,3034,3692,3396,3574
"ENSG00000102934",103,81,120,107,116,131,80,127,116,50,131
"ENSG00000102935",1364,500,1116,702,858,336,538,436,382,458,392
"ENSG00000102967",316,186,271,270,250,341,296,361,419,348,330
"ENSG00000102974",1435.99999,1119.99999,730,710,588,580,461,595,1063,1570,1411
"ENSG00000102977",331,374.99997,952,762,959,1065,976,1059,983,1043,1050
"ENSG00000102978",1173.00001,1088.00001,1365,1098,1440,1382,1370,1692,1844,2225,2109
"ENSG00000102981",143,151,109,111,91,127,80,160,244,357,356
"ENSG00000102984",659.00001,502.99999,615,497,558,768,493,603,756,833,702
"ENSG00000102996",111,109,121,130,79,20,94,32,24,21,21
"ENSG00000103005",322,361,1335,1612,1362,1760,1498,1752,1857,2012,2339
"ENSG00000103018",758.00001,616.99999,1855,1941,1608,2680,1664,2338,2941,2502,3101
"ENSG00000103021",215,379,587,456,498,455,401,412,427,627,665
"ENSG00000103024",535,584.00002,139,40,68,159,64,96,127,181,149
"ENSG00000103034",1031.00001,1597.99999,3096,2642,2046,2952,1514,1922,2833,6172,3780
"ENSG00000103035",1595,1572,1865,1748,1676,2581,1641,2897,3263,2714,3276
"ENSG00000103037",423.99999,319,440,386,415,426,339,510,623,564,561
"ENSG00000103042",332,286.99999,682,783,512,811,558,637,750,850,898
"ENSG00000103043",602,422.99999,1493,1615,1295,1909,1275,1526,2052,1941,2660
"ENSG00000103044",43,53,102,70,54,71,59,44,39,13,49
"ENSG00000103047",286,243,368,331,310,402,301,230,250,387,468
"ENSG00000103051",576,820.99999,2590,2127,2374,3022,2154,2516,2849,2947,2805
"ENSG00000103056",182,149,466,378,330,217,282,260,238,317,109
"ENSG00000103061",153,176.99999,1055,981,1082,1056,1195,954,983,1047,1190
"ENSG00000103064",1027.00001,1034,727,933,1038,670,1144,507,646,297,495
"ENSG00000103066",190.00001,167,1229,1538,1466,1763,1767,1385,2052,2323,2388
"ENSG00000103091",1122,1065.99999,936,857,1062,544,969,497,536,560,654
"ENSG00000103111",570,764.00001,1872,1844,1965,1692,1763,1271,1503,2168,2490
"ENSG00000103121",944,701.00001,633,468,556,727,483,779,704,684,870
"ENSG00000103126",681.00001,462,98,59,92,53,73,35,47,45,55
"ENSG00000103145",426,609,291,249,302,280,299,332,291,349,259
"ENSG00000103148",1846.99999,1188.99999,627,472,647,445,586,455,503,563,526
"ENSG00000103150",408,330,113,85,83,106,130,69,110,200,275
"ENSG00000103152",420.99999,272,923,649,797,1126,758,1336,1276,1315,1129
"ENSG00000103154",526.00001,218,581,416,463,439,372,660,822,1033,850
"ENSG00000103160",488.00001,730.00001,1836,1649,1932,1602,1686,1377,1628,1592,2398
"ENSG00000103168",464.00001,437,959,801,1120,836,1104,598,664,783,854
"ENSG00000103174",98,98,138,209,128,206,102,187,332,361,366
"ENSG00000103175",225,652,442,192,169,81,96,138,2254,1544,1435
"ENSG00000103184",131,103,201,40,151,120,170,57,89,244,67
"ENSG00000103187",2170.00001,2374,781,441,362,424,302,548,1360,4643,2518
"ENSG00000103194",1624.99998,1732,3540,3087,3585,3910,3512,3047,3462,3973,4276
"ENSG00000103196",21,117.00001,181,544,390,248,489,282,388,124,278
"ENSG00000103197",1305.99999,1550,3493,3392,3714,3088,3526,2187,2355,3338,3375
"ENSG00000103199",309.99999,236,522,521,722,567,628,444,430,495,464
"ENSG00000103202",963,629,2667,2273,2263,2627,1861,3038,4192,3506,3770
"ENSG00000103222",1622.99999,1908,242,362,175,184,280,193,196,148,198
"ENSG00000103226",521,226.99999,1685,1878,1789,1677,1618,1202,1404,1654,2562
"ENSG00000103227",368,463.00001,668,450,697,712,672,725,849,966,864
"ENSG00000103241",49,22,21,12,10,11,3,25,101,258,200
"ENSG00000103245",391,389.00001,1316,1255,1363,2130,1560,1741,1828,2127,2742
"ENSG00000103248",258.00001,149.99999,385,330,363,382,393,307,261,188,310
"ENSG00000103249",566,529.99999,2042,2342,2230,2139,2036,1504,1954,1946,3497
"ENSG00000103253",249.99999,210.99999,209,160,314,216,292,253,197,207,406
"ENSG00000103254",444.99999,519,194,230,145,186,113,286,529,850,609
"ENSG00000103257",1150,1038,1418,1715,525,883,723,1107,1860,2173,4717
"ENSG00000103260",8286,3177,292,208,110,129,199,168,479,1203,950
"ENSG00000103264",1350,891,760,650,434,532,346,370,870,1652,1454
"ENSG00000103266",918.99999,749,1444,1568,810,1255,648,1641,3353,4535,4050
"ENSG00000103269",70.99999,108,99,47,107,68,64,94,139,235,166
"ENSG00000103274",400,281.99999,460,405,377,635,406,683,979,867,1102
"ENSG00000103275",1961.00002,1533.00001,2204,1935,2176,2223,1995,2072,1887,1522,1584
"ENSG00000103316",1260.99999,954,1658,2550,1531,3220,1225,4054,3016,5254,1965
"ENSG00000103319",1108,769,954,767,898,810,922,434,417,460,532
"ENSG00000103326",438.99999,260,102,102,66,53,83,44,66,63,68
"ENSG00000103335",356.99999,289,838,784,896,641,1015,467,579,585,942
"ENSG00000103342",1764,1552,1086,1232,730,599,657,661,1419,2519,2422
"ENSG00000103343",188,205,550,522,539,692,529,615,705,673,761
"ENSG00000103351",966,844,1115,734,864,1206,932,1035,1272,1137,1137
"ENSG00000103353",550,424,1199,1341,869,917,613,734,1064,1759,1465
"ENSG00000103355",273,89,2082,2485,412,1648,1283,3518,3376,584,2255
"ENSG00000103356",616,251.99999,1022,917,1103,1108,974,708,925,723,1287
"ENSG00000103363",4573,4133.00001,3407,2927,3001,4668,3157,5920,5605,4461,4353
"ENSG00000103365",942,1089,5293,5285,4321,5735,5124,5101,4985,3457,5349
"ENSG00000103381",153,166,485,424,391,478,328,518,564,448,524
"ENSG00000103404",284.99999,295,226,204,177,178,172,162,145,162,331
"ENSG00000103415",648,549,1372,1328,1110,1824,1100,2089,2452,2390,2266
"ENSG00000103423",659,581,2080,1777,2071,2451,2196,2295,2694,3036,4344
"ENSG00000103426",21,18,169,85,107,49,90,63,48,71,191
"ENSG00000103429",846,603.99999,1005,891,988,1051,1045,1060,1005,880,1006
"ENSG00000103449",521.00001,521.00001,453,259,286,225,357,133,143,190,213
"ENSG00000103460",1344.00001,1536,304,453,302,344,260,255,207,481,185
"ENSG00000103479",811.00001,803,2418,2314,2448,2375,2368,1498,1682,2125,2760
"ENSG00000103485",742.00001,648,2426,2444,2857,2828,3256,3401,3300,1726,2094
"ENSG00000103489",586,617,91,64,51,86,67,42,48,57,55
"ENSG00000103490",190.99999,234,59,37,80,57,65,109,92,75,85
"ENSG00000103494",955.00001,1437.00001,413,327,311,324,299,324,308,275,288
"ENSG00000103495",1936.00001,1974.99999,517,491,577,392,620,540,445,499,686
"ENSG00000103496",340,331,400,365,380,318,432,371,369,335,424
"ENSG00000103502",741.00001,869.99999,1825,1864,1906,1678,1598,1932,2520,2161,2281
"ENSG00000103507",538,415.00001,2420,2419,2324,2871,2484,2680,2889,3077,3860
"ENSG00000103510",534.99999,505.99999,1036,769,1213,1081,1030,878,948,759,849
"ENSG00000103512",364,174,3038,3206,3101,2932,2822,1977,2113,2558,3073
"ENSG00000103522",28,43,21,21,13,20,22,6,8,21,11
"ENSG00000103528",263,123.00001,804,666,802,861,771,1203,1130,1031,1171
"ENSG00000103534",117,349.99999,14,26,8,26,19,40,39,11,19
"ENSG00000103540",659.99999,667.00001,804,643,959,940,878,643,687,620,795
"ENSG00000103544",1565,1573.00001,1827,1685,1676,2030,1685,1611,1866,2335,2064
"ENSG00000103549",910,916.00001,2536,2404,2675,1707,2419,1531,1446,1806,2182
"ENSG00000103550",856.99999,960.00001,496,422,453,486,485,533,532,644,583
"ENSG00000103591",807,614,1531,1427,1176,1349,1056,1538,1678,1553,1895
"ENSG00000103599",676,409.99999,261,145,221,204,110,195,185,277,139
"ENSG00000103642",158,271,85,120,98,129,95,137,156,153,193
"ENSG00000103647",1370,2212,266,280,158,252,153,205,253,227,216
"ENSG00000103653",368,347,172,159,162,121,169,124,151,201,83
"ENSG00000103657",1765,2010,1849,1855,1876,1304,2097,922,1015,1187,1225
"ENSG00000103671",797,818,822,696,622,923,663,872,912,925,1027
"ENSG00000103707",740,407.00001,449,421,482,489,487,594,643,535,720
"ENSG00000103710",31,29,19,9,19,39,17,17,53,104,17
"ENSG00000103723",1881,691.99999,405,342,452,437,397,443,293,503,254
"ENSG00000103740",36,62,18,6,3,20,6,5,10,87,119
"ENSG00000103742",524,372,321,223,241,150,255,167,162,196,160
"ENSG00000103769",1617,1314,4651,4842,4393,4814,3927,4810,5576,4698,4569
"ENSG00000103811",319.00001,339,1715,2055,1268,2277,1781,2741,2207,5809,2631
"ENSG00000103852",433.99999,423.00001,568,524,614,520,626,416,456,533,493
"ENSG00000103855",1091,845,3463,3776,3595,2593,3087,2470,2415,3017,3199
"ENSG00000103876",161,249,303,376,296,389,281,405,424,478,394
"ENSG00000103888",496,657.00001,37,20,34,18,31,7,156,33,32
"ENSG00000103932",339,375,1154,1104,1298,1507,1435,1012,925,1197,1504
"ENSG00000103942",886,651,1401,1289,1152,765,1220,976,1812,1867,1960
"ENSG00000103966",359,289,436,562,386,257,477,247,337,299,382
"ENSG00000103978",2124.00001,2367,2090,1575,1826,2115,1791,2079,2835,3017,3438
"ENSG00000103994",1581,1866.00001,4545,5826,3520,4414,4840,4626,4761,3557,5241
"ENSG00000103995",346,261,115,121,151,166,152,110,64,66,88
"ENSG00000104043",220.99999,545.00001,21,19,10,9,11,3,10,3,17
"ENSG00000104044",79,170,324,631,316,556,617,678,893,253,370
"ENSG00000104047",640,883.99999,661,482,683,570,587,564,511,541,643
"ENSG00000104059",20,45,33,14,16,16,10,26,12,44,22
"ENSG00000104064",518.99999,562,601,522,547,653,429,590,683,650,799
"ENSG00000104067",3182.00001,1846,1908,2155,1750,1432,1610,1051,1292,1704,1645
"ENSG00000104081",186,158.99999,215,389,244,99,301,143,105,18,36
"ENSG00000104093",1284,1699,1447,1285,1590,1036,1511,730,534,550,718
"ENSG00000104112",1548,2211.00001,748,403,597,781,436,525,599,1206,468
"ENSG00000104129",342,325,448,386,376,583,461,658,553,564,548
"ENSG00000104131",957,1057,386,345,402,466,296,417,497,542,758
"ENSG00000104133",4528.00001,2398,1394,1290,1305,1027,1059,764,830,832,991
"ENSG00000104142",251,212,1729,1981,2084,2084,2404,1632,1814,2012,3211
"ENSG00000104147",58,25,44,54,35,46,40,99,38,64,58
"ENSG00000104154",251,188,465,515,492,390,543,438,581,461,778
"ENSG00000104164",954.00001,1061,3149,2375,2985,3076,3061,2203,2784,2294,3346
"ENSG00000104177",2136,2214.00001,1024,1029,817,999,762,744,1074,954,1288
"ENSG00000104205",2044,1502.99999,445,586,246,582,269,502,738,196,995
"ENSG00000104213",37,32,63,136,55,117,133,153,168,54,90
"ENSG00000104218",2185.99997,3515,624,371,505,639,502,452,501,457,535
"ENSG00000104219",974,994,253,258,226,180,221,188,252,371,317
"ENSG00000104221",159,144,457,331,553,453,461,440,365,300,374
"ENSG00000104228",294,512,448,387,431,347,409,282,345,406,518
"ENSG00000104231",581.00001,656.99999,523,425,501,526,495,457,463,458,383
"ENSG00000104237",4610,9652,636,177,550,658,390,333,268,332,109
"ENSG00000104267",2971,3936,4399,2589,3026,7988,2815,2350,3539,7748,3227
"ENSG00000104290",2176,2199,2892,1983,2087,1953,1941,1903,2019,2588,1665
"ENSG00000104299",620,790.99999,819,731,690,892,712,763,815,791,1108
"ENSG00000104312",408,364,402,346,383,373,404,279,425,662,852
"ENSG00000104313",747.99999,1855.99999,110,95,69,75,54,127,149,111,70
"ENSG00000104320",1546.00002,970.00002,912,738,716,735,721,637,740,752,895
"ENSG00000104324",116,135,142,176,148,318,125,179,204,153,160
"ENSG00000104325",977.00001,781.00002,1061,1043,801,1252,739,1361,1485,1525,1213
"ENSG00000104327",379,133,1017,846,808,1328,275,1822,1413,5185,1433
"ENSG00000104331",840,970,426,413,435,272,355,232,414,731,1008
"ENSG00000104332",1363,471,2035,2203,2544,1311,1907,2753,2933,2777,4211
"ENSG00000104341",5218,6164,5474,5015,4134,4420,3050,4457,6384,5528,5999
"ENSG00000104343",2462.00001,2158.00001,835,672,737,759,648,613,805,812,870
"ENSG00000104356",359,287,311,237,304,358,325,288,339,232,439
"ENSG00000104361",386,446.99999,360,342,397,242,298,231,477,610,351
"ENSG00000104365",582.00001,936,406,272,322,294,362,174,186,296,237
"ENSG00000104368",227.99999,137.99999,1074,793,596,1073,265,567,773,3331,795
"ENSG00000104369",113,112,80,26,42,45,38,35,34,23,7
"ENSG00000104375",1714.99999,1706,566,541,565,602,544,538,553,556,591
"ENSG00000104381",1457.00001,1193.00001,1469,872,983,1332,870,1052,1216,1403,1047
"ENSG00000104388",2239,2164,3230,3055,3148,3786,2743,3635,4541,3673,4206
"ENSG00000104408",3152.00003,3995.00001,2672,2016,2609,2247,2435,2325,2383,1940,2638
"ENSG00000104412",858.99999,769.99999,763,786,693,881,722,777,1045,893,1453
"ENSG00000104413",51,104.00001,52,43,6,23,38,70,28,13,47
"ENSG00000104415",16,46,20,17,10,3,30,3,6,19,9
"ENSG00000104419",3708.99998,1467.00001,928,673,700,590,984,377,601,768,988
"ENSG00000104427",1002.99999,832.00001,679,609,526,810,504,756,688,719,793
"ENSG00000104432",142.99999,242,2,24,2,7,2,5,16,29,15
"ENSG00000104435",1242,871,1232,578,649,1061,507,1153,823,1115,318
"ENSG00000104442",1119,1024,1029,1030,990,1229,1123,997,1164,998,1533
"ENSG00000104447",1043,441,636,436,636,334,602,249,260,345,485
"ENSG00000104450",394,567,58,37,37,36,31,81,69,73,77
"ENSG00000104472",326,274.00001,523,421,447,522,395,511,712,611,753
"ENSG00000104490",2446,1558,2052,1450,1417,1955,1268,1573,1787,3079,2266
"ENSG00000104497",207,228.99999,165,118,158,149,163,90,123,132,176
"ENSG00000104517",2640,2933,1316,1241,1483,785,1401,630,756,872,720
"ENSG00000104518",23,21,40,9,30,67,40,39,96,55,80
"ENSG00000104522",324,301,636,597,626,942,537,1108,1093,1138,1059
"ENSG00000104524",170,134,700,552,520,906,516,794,1082,1201,1197
"ENSG00000104529",2754,1902.00002,4487,3411,4813,5069,5075,4987,5321,4645,4833
"ENSG00000104549",805,382,1002,932,756,1088,890,1207,1798,1257,1987
"ENSG00000104611",228,119,37,29,62,48,27,41,58,83,57
"ENSG00000104613",922,912.00001,1462,1010,1404,1498,1384,1221,1302,1475,1487
"ENSG00000104626",869,1558,579,411,504,541,449,420,453,618,568
"ENSG00000104635",314,337,1360,1570,1832,1323,1903,808,1215,1288,2079
"ENSG00000104643",954.99999,881.99999,558,563,470,385,498,373,541,830,838
"ENSG00000104660",1004,750,1940,1732,1432,1944,1508,2228,2468,1736,1919
"ENSG00000104671",751,745.00001,934,817,857,959,672,1046,1263,867,954
"ENSG00000104679",993,1005.99999,1764,1351,1327,2452,1434,2568,2645,3042,3024
"ENSG00000104687",1055,965,1025,1138,800,849,684,755,1393,1260,2214
"ENSG00000104691",284,287,255,171,241,311,242,242,308,233,310
"ENSG00000104695",1695.99999,1456,538,452,403,366,385,420,676,731,609
"ENSG00000104714",579,653,225,201,205,277,272,279,273,240,270
"ENSG00000104722",266,147,183,105,69,210,77,181,276,447,518
"ENSG00000104723",2529,2125,2365,1916,2515,2523,1936,2594,3084,2708,2154
"ENSG00000104728",1214,782,191,256,258,235,339,113,110,193,90
"ENSG00000104731",1102.99999,862.99999,320,291,327,413,335,388,466,450,483
"ENSG00000104738",549.00001,336.99999,1417,1379,1015,1354,959,1073,1027,1605,1181
"ENSG00000104756",325,466,116,105,135,77,143,77,108,68,154
"ENSG00000104763",1478.99999,2941.99998,8840,11575,10480,12268,11209,11548,12861,7898,18362
"ENSG00000104765",3066,3483,6847,5699,6428,7657,6551,5798,5966,5437,8028
"ENSG00000104774",366,470,947,1219,1028,1332,1196,1091,1037,1364,1096
"ENSG00000104783",18,49,13,15,14,16,1,14,26,28,18
"ENSG00000104805",1447.00001,1071,3436,3401,3481,2439,3580,2414,2233,2209,2540
"ENSG00000104808",50,135,91,102,163,113,149,150,138,131,111
"ENSG00000104812",890,857,3687,3694,3677,3820,4948,2454,2345,2873,4389
"ENSG00000104814",340,564,149,147,68,171,111,258,209,95,86
"ENSG00000104823",900,786,3274,2571,3016,4404,3014,5224,5863,5050,5508
"ENSG00000104824",2102.99999,1344,799,627,787,344,562,286,473,412,402
"ENSG00000104825",244,310,202,174,183,179,231,176,217,243,403
"ENSG00000104833",538.99999,453.00001,3033,4532,3206,3847,4397,3685,4059,1925,2838
"ENSG00000104835",203,145,338,268,298,385,366,474,521,389,420
"ENSG00000104852",2853.00001,2205,1715,1447,1906,1551,1798,1665,1647,1535,1418
"ENSG00000104853",1500.99999,1086.00001,2145,2112,1987,988,1826,1192,1019,1084,1185
"ENSG00000104856",168,142,50,47,33,36,23,41,122,326,393
"ENSG00000104859",795,762.99999,201,166,193,122,211,103,152,121,170
"ENSG00000104863",375,558.00001,366,241,448,468,380,461,505,599,444
"ENSG00000104866",607.00001,716,74,84,66,41,77,53,58,67,51
"ENSG00000104870",448.00001,271,1983,2436,2541,3021,2718,3753,4493,2891,3875
"ENSG00000104872",559,510.99999,1101,1015,996,1571,1121,1653,1728,1412,1584
"ENSG00000104879",24,69,456,454,312,883,1633,653,470,458,566
"ENSG00000104880",791,854.99999,393,427,312,204,277,229,377,488,597
"ENSG00000104881",170.00001,329.00001,135,151,167,113,303,81,75,95,94
"ENSG00000104883",103,92,58,18,30,94,41,89,95,121,120
"ENSG00000104884",336.99999,284.99999,361,348,489,339,433,346,365,250,375
"ENSG00000104885",1100.99999,1015.99999,464,282,396,388,707,282,317,339,407
"ENSG00000104886",734,610.00001,1278,1092,1069,1885,1267,2222,2208,2066,2053
"ENSG00000104888",1528,1928,591,179,532,289,304,185,144,174,78
"ENSG00000104889",337,218,508,396,431,705,415,758,630,579,568
"ENSG00000104892",29,70,86,109,109,140,183,196,170,71,239
"ENSG00000104897",676.99999,535,103,75,127,54,131,44,67,55,71
"ENSG00000104899",109,199,6,2,5,8,7,7,12,55,45
"ENSG00000104901",70,68,97,72,131,118,77,111,96,128,91
"ENSG00000104904",4223,4667.99999,6624,5392,6063,8812,6343,9446,10141,9774,11932
"ENSG00000104907",319.00001,315,664,535,695,857,754,938,881,1044,985
"ENSG00000104915",376.99999,379,832,765,730,948,853,1062,1001,990,1008
"ENSG00000104936",582.99999,458.99999,280,201,205,261,248,257,281,496,471
"ENSG00000104946",504,481.00001,551,513,708,371,647,373,503,364,355
"ENSG00000104953",351,168.99999,243,247,249,319,187,276,232,314,217
"ENSG00000104957",683.00001,602.00001,743,864,822,1222,898,1077,1203,1181,1467
"ENSG00000104960",2186.99999,1826,716,575,660,566,606,733,815,1929,1823
"ENSG00000104964",4312.00001,3251.00001,773,651,688,450,706,503,554,731,645
"ENSG00000104967",855,621,427,279,411,162,349,155,134,145,142
"ENSG00000104969",1160.99998,1050,3190,2586,3077,4074,3263,3705,4068,4596,5350
"ENSG00000104973",499,546,279,234,351,108,236,145,105,136,110
"ENSG00000104976",130,146,401,347,461,472,535,553,703,605,759
"ENSG00000104979",1460,1333.00001,1252,1071,1183,1689,1194,2193,2160,1639,1857
"ENSG00000104980",652.00001,701,612,481,662,759,712,815,908,1011,1619
"ENSG00000104983",386,92,14,8,2,10,5,12,26,25,76
"ENSG00000104998",33,26,94,107,237,105,145,86,84,85,92
"ENSG00000105011",188.00001,49,219,149,101,129,134,253,166,272,171
"ENSG00000105048",105.99999,152.99999,1205,744,1529,1668,1619,1990,1488,973,989
"ENSG00000105053",1086,967.99997,1706,1306,1523,2101,1591,2155,1917,1761,2151
"ENSG00000105058",1220,859,3330,2850,2672,3951,2843,4522,5504,5012,5367
"ENSG00000105063",672,708,345,280,292,161,332,187,232,347,385
"ENSG00000105072",249,203,268,222,316,366,316,282,241,345,330
"ENSG00000105085",251,159,81,64,78,31,59,31,22,45,48
"ENSG00000105088",1203,859,251,410,344,97,248,93,79,165,83
"ENSG00000105127",1235.99999,827,718,532,769,691,714,615,642,922,1054
"ENSG00000105135",725.99999,711.99999,3990,5087,4275,6072,5848,6233,7309,4795,7421
"ENSG00000105136",170,178.99999,454,431,518,571,581,396,496,449,633
"ENSG00000105137",155,127,109,97,104,37,125,55,43,22,31
"ENSG00000105143",174.00001,209.00001,7,13,18,20,8,5,14,30,25
"ENSG00000105171",328,377,861,739,855,1241,829,1330,1415,1443,1694
"ENSG00000105173",75,56,10,26,13,9,12,10,14,58,37
"ENSG00000105176",2022,1906,297,189,237,172,206,180,264,206,246
"ENSG00000105185",1502.99999,1406.00001,897,832,858,1183,856,1383,1549,1211,1592
"ENSG00000105186",465,606,803,865,972,874,1145,551,769,817,1338
"ENSG00000105193",12891,11145.99999,4075,2692,3984,3590,3867,4117,3658,2623,2935
"ENSG00000105197",541,502.00001,1356,1126,1185,1394,1128,1636,1696,1495,2158
"ENSG00000105202",1688,1303,871,670,908,761,813,880,724,615,739
"ENSG00000105204",388.99999,244.00001,319,232,234,199,249,241,246,176,123
"ENSG00000105220",3596,3249,13549,13374,12887,16801,17646,12170,12559,13530,27639
"ENSG00000105221",1691,1045.00001,803,864,800,428,876,387,402,240,219
"ENSG00000105223",4023,2403.00002,12157,11807,13526,13524,11994,16116,14438,15681,14605
"ENSG00000105227",68,65,65,65,125,58,123,46,50,40,81
"ENSG00000105229",525,536,217,165,225,158,233,270,247,283,191
"ENSG00000105245",471.99999,323,219,179,181,86,134,104,160,330,305
"ENSG00000105248",305,255,273,225,285,458,306,519,672,594,606
"ENSG00000105251",200,119,311,150,206,158,159,182,132,173,82
"ENSG00000105254",1387,1059,2114,2027,1722,3044,1687,3638,4108,4700,4103
"ENSG00000105255",161,143,439,422,220,601,236,502,515,719,467
"ENSG00000105258",1290,1216.99999,1791,1335,1584,2106,1570,2642,2522,2144,2192
"ENSG00000105270",745,941,2640,2266,3095,1963,2506,1415,1258,1792,1603
"ENSG00000105278",477,440,443,460,462,638,510,834,918,711,687
"ENSG00000105281",230,182,964,976,1214,733,756,831,756,1155,1693
"ENSG00000105287",402.99999,644.99999,193,152,241,166,167,111,94,115,164
"ENSG00000105289",237,211.99999,497,306,576,475,660,405,396,260,373
"ENSG00000105290",1266.99999,1910,3829,3803,2744,2964,1929,3512,4592,4741,5265
"ENSG00000105298",198,208,323,289,270,230,257,155,254,349,421
"ENSG00000105321",478.99999,474,178,96,143,194,127,206,205,176,251
"ENSG00000105323",4386.99999,2935.99999,1770,1429,2038,890,1621,923,772,777,915
"ENSG00000105325",736,476.99999,811,612,751,284,608,367,384,442,470
"ENSG00000105327",246,326,42,57,76,12,27,15,7,41,60
"ENSG00000105329",225,190,79,85,78,9,48,20,25,20,60
"ENSG00000105339",207.00001,287.99999,274,319,356,283,376,125,232,216,151
"ENSG00000105341",684.99999,606.99999,1290,1121,1034,1838,1119,1707,1789,1536,1698
"ENSG00000105355",391,244,1954,1609,2220,2161,1965,2234,2836,2932,2884
"ENSG00000105357",796.00001,941.99999,229,286,221,243,186,231,361,361,361
"ENSG00000105364",631,521,803,687,755,798,775,969,1327,1188,1387
"ENSG00000105372",22748,14536.00001,11182,7831,11605,11484,11990,12508,11941,10873,11214
"ENSG00000105373",2358,2002.99999,1606,1247,1499,1525,1336,1749,2402,2405,2475
"ENSG00000105376",67,97,20,26,23,9,20,10,11,32,142
"ENSG00000105379",1637,1364,2795,2230,2409,3135,2449,3977,4165,3454,3504
"ENSG00000105392",6759,7771,4141,1345,3996,3458,3294,2299,1818,2103,1628
"ENSG00000105393",715.00001,823.99999,1139,1152,1012,1661,1030,1953,1922,1948,1842
"ENSG00000105397",926.00001,582.00001,1528,1685,1629,1756,1989,1153,1254,1680,2031
"ENSG00000105401",1110,987,2194,1844,1902,2248,2186,2417,2258,2469,2560
"ENSG00000105402",1308.99999,1437,2687,2372,2714,3403,3071,3419,3711,3560,4252
"ENSG00000105404",1220.99999,1141.00001,2585,2116,2590,3104,2370,3825,4098,3649,3385
"ENSG00000105409",2741,3276,972,626,1147,342,663,590,500,338,201
"ENSG00000105419",1743,928,669,536,653,574,603,648,825,900,879
"ENSG00000105426",3821.00001,2225,3091,2844,3335,1152,2096,1342,1632,2740,1680
"ENSG00000105429",1008,968.00001,1370,1047,1163,713,1161,698,750,911,804
"ENSG00000105438",1315,1097,2199,1955,2664,1705,2532,1871,1737,1240,1470
"ENSG00000105443",1010.99999,676.00001,2235,1716,1624,2441,2197,2390,2587,2885,3153
"ENSG00000105447",356,271,992,887,910,1223,1005,1462,1639,1467,1626
"ENSG00000105472",322,374,141,155,173,234,168,299,300,219,199
"ENSG00000105479",28.99999,37,68,48,62,39,68,38,21,32,47
"ENSG00000105483",782.99999,655.00001,525,443,474,361,418,312,317,298,276
"ENSG00000105486",909.99998,719.00001,751,683,777,848,914,761,652,884,1024
"ENSG00000105497",144,139,302,186,251,219,267,140,195,157,131
"ENSG00000105499",1097,1161,1048,844,1045,1506,971,919,735,1430,1511
"ENSG00000105507",1829,6964,600,350,596,1141,400,794,279,371,273
"ENSG00000105509",210,85,95,63,119,141,112,121,228,385,343
"ENSG00000105514",174,155,441,506,490,392,546,448,371,278,496
"ENSG00000105516",465.99999,582,456,594,446,382,488,466,1001,1281,1600
"ENSG00000105518",1103.00001,996.00001,2464,2157,2292,3255,2418,4262,4733,3761,3815
"ENSG00000105519",93,110,186,110,131,108,135,103,112,112,134
"ENSG00000105520",509,390,1704,1699,1915,1227,1542,1054,1166,1257,1222
"ENSG00000105538",28,19,7,8,8,1,4,13,19,31,35
"ENSG00000105552",606.99999,444.00001,845,757,986,959,1138,983,1050,837,1051
"ENSG00000105556",316,258,201,162,226,80,202,76,56,61,71
"ENSG00000105559",996.00001,668,391,314,356,220,259,239,298,535,492
"ENSG00000105568",2721.00001,2197.99999,12111,11722,12375,13632,11807,13698,15762,16883,15506
"ENSG00000105576",1428.99999,1366.99999,662,521,842,354,612,319,377,361,360
"ENSG00000105605",424,514,37,18,29,7,9,11,19,22,12
"ENSG00000105607",210,140,441,416,355,543,407,506,490,439,476
"ENSG00000105612",248.00001,263,2073,2272,2237,2616,2393,2690,2609,1814,2744
"ENSG00000105613",488.99999,476.99999,507,355,748,336,620,196,139,276,217
"ENSG00000105617",199,204,123,110,122,170,155,204,185,182,161
"ENSG00000105618",656,524,1965,1838,1871,2737,2082,3226,3396,3178,3635
"ENSG00000105619",216.00001,216,140,104,112,173,131,258,253,244,241
"ENSG00000105639",64,156,140,80,131,109,108,54,41,91,129
"ENSG00000105640",110,96,7886,5382,7714,7248,8374,9130,8759,6717,6074
"ENSG00000105642",370,305,65,52,110,40,91,28,13,43,37
"ENSG00000105643",39,24,68,85,48,94,71,40,55,207,160
"ENSG00000105647",650,600,237,199,189,110,165,143,240,323,243
"ENSG00000105649",611,869,391,241,414,169,338,167,160,214,140
"ENSG00000105650",612.00001,386,465,462,317,318,398,209,259,317,547
"ENSG00000105655",683.99999,540.99999,6225,5755,7388,5852,7145,7154,6683,4651,5019
"ENSG00000105656",392,168,235,269,292,277,337,246,279,362,350
"ENSG00000105662",1059,803,251,194,273,151,285,180,176,231,243
"ENSG00000105669",1693.00001,1420,3430,3366,3200,3547,3117,4283,4394,4093,5095
"ENSG00000105671",449.00001,620,996,849,767,1340,865,1411,1657,1837,1667
"ENSG00000105672",42.99999,61.00001,12,16,20,23,14,33,24,13,10
"ENSG00000105675",21,20,6,3,15,4,19,4,29,8,7
"ENSG00000105676",467.00001,460,942,768,605,961,722,980,1281,1432,1173
"ENSG00000105677",1108.99999,1202.00001,3639,3231,3224,4535,3411,5382,5456,3838,5087
"ENSG00000105696",321.00001,727.00001,701,490,408,583,251,344,673,2003,1647
"ENSG00000105698",1543,1454,287,233,274,308,285,356,405,438,366
"ENSG00000105699",722.99999,788,1138,1534,1085,1166,1209,2050,2043,1067,1659
"ENSG00000105700",694,726.00001,1161,997,1020,1350,1224,1351,1444,1865,2501
"ENSG00000105701",2250.99999,1839.00002,2467,2199,3113,649,2467,885,691,710,783
"ENSG00000105705",587.99999,642,1051,887,926,1131,1048,1167,1106,1192,1553
"ENSG00000105707",71,63.99999,73,66,19,65,44,119,125,14,74
"ENSG00000105708",184,242,533,448,687,636,651,433,594,526,688
"ENSG00000105711",167.00001,97,45,22,25,50,42,31,28,46,115
"ENSG00000105717",119.00001,86,51,45,27,33,25,51,39,33,63
"ENSG00000105722",946,571,282,212,183,121,175,208,409,308,455
"ENSG00000105723",727,633.00001,144,150,129,59,132,68,89,207,334
"ENSG00000105726",519,396.99999,1459,1640,869,881,620,951,2054,3064,3103
"ENSG00000105732",269,263,1263,1266,1557,1716,1849,1279,1533,2541,3480
"ENSG00000105737",1261,1549.99999,130,140,133,58,105,33,45,34,31
"ENSG00000105738",1031,683,284,320,297,176,334,140,191,151,162
"ENSG00000105750",169,146,172,151,172,182,123,141,174,146,84
"ENSG00000105755",221,237,318,376,367,360,361,435,500,410,374
"ENSG00000105767",1042,853,204,190,218,74,134,106,138,187,216
"ENSG00000105771",459,339,435,341,465,267,467,210,200,209,336
"ENSG00000105778",1293,1483,581,465,610,483,568,338,403,355,476
"ENSG00000105784",281.00001,640,40,79,72,54,47,68,36,47,61
"ENSG00000105792",719.00001,879.00002,134,58,96,104,92,116,86,113,106
"ENSG00000105793",1126.99999,900.99999,372,334,385,358,354,286,358,295,457
"ENSG00000105808",185.00001,57,1969,1359,2256,1043,1296,1183,1349,1995,1136
"ENSG00000105810",795,574,508,692,385,340,456,274,287,350,260
"ENSG00000105819",913.99999,964,1819,1576,1778,2059,1758,1983,2367,1735,2137
"ENSG00000105821",1123,970.00001,353,343,356,423,436,547,538,523,802
"ENSG00000105825",2870,1166,1457,15450,1632,7275,7173,8312,14182,559,5251
"ENSG00000105829",456.99999,408.99999,636,664,623,723,566,796,823,454,825
"ENSG00000105835",597.00002,583,1116,1069,1134,1081,1107,785,1370,2555,4289
"ENSG00000105849",342,334,539,369,358,478,425,512,595,465,758
"ENSG00000105854",1397.00001,872,1911,1647,1602,2159,1345,2419,2756,2847,2448
"ENSG00000105855",2323,1581,1942,3180,1188,1486,1122,1498,1804,1785,1887
"ENSG00000105856",569.00001,443,3291,2803,3558,3624,3614,3176,4113,3903,4378
"ENSG00000105865",130.00001,164,187,179,195,211,178,204,161,155,210
"ENSG00000105866",617,831,555,378,600,332,468,252,345,274,341
"ENSG00000105875",145.99999,197.00001,458,375,449,497,551,318,371,438,717
"ENSG00000105877",559,537,71,53,39,48,56,40,51,29,66
"ENSG00000105879",420,331.00001,1036,925,1138,946,1018,832,1001,946,1132
"ENSG00000105887",1809,1655,2289,2078,2523,1931,2002,2300,2417,1192,1226
"ENSG00000105894",10592,4237,4858,4096,6619,6274,4457,8987,8382,9909,6202
"ENSG00000105926",475,580.00001,565,405,605,503,387,279,505,498,487
"ENSG00000105928",196,213.99999,679,589,495,602,435,718,669,923,1386
"ENSG00000105929",138,155,145,86,84,279,230,65,132,24,214
"ENSG00000105939",281,350.00001,956,968,1257,1072,1091,828,923,1069,1147
"ENSG00000105948",605.99999,601.99999,441,337,386,388,365,317,366,383,536
"ENSG00000105953",925,1586,1237,1258,1338,695,1346,583,541,430,613
"ENSG00000105963",89,219,60,37,66,40,44,98,88,167,110
"ENSG00000105967",110,291,23,122,25,100,57,49,106,7,34
"ENSG00000105968",2523.99999,2286,2897,2620,2642,2301,2061,2041,2770,2677,3503
"ENSG00000105971",329.99999,298.99999,389,413,360,330,274,314,433,534,728
"ENSG00000105974",391,302,774,420,323,793,240,451,934,1516,1477
"ENSG00000105976",543.99999,522,809,1271,828,784,1140,680,707,319,890
"ENSG00000105982",130.00001,133,141,120,113,110,108,122,157,132,191
"ENSG00000105983",1349.00001,1530.99999,1456,1315,1334,1114,953,738,1230,1561,1538
"ENSG00000105989",16,29,1,15,2,19,19,1,2,0,4
"ENSG00000105991",15,18,10,10,18,13,13,4,8,3,32
"ENSG00000105993",1397.00001,1279,2538,2447,2209,3379,2387,3301,3642,2966,3972
"ENSG00000106009",585,503,2205,1877,2318,2618,2149,2419,2787,3385,3307
"ENSG00000106012",1239.99999,908,609,448,421,513,392,608,825,1013,865
"ENSG00000106018",145,168,404,679,160,559,176,234,564,1745,1052
"ENSG00000106025",255,196,420,372,580,359,408,338,346,229,289
"ENSG00000106028",1574,1324.00001,1668,1320,1318,1795,1311,2081,2385,1939,2829
"ENSG00000106049",810,777.99999,2486,2702,2754,2882,2667,3049,4455,2573,3411
"ENSG00000106052",4990,4623,3969,4689,3625,5731,4117,5508,6543,4573,5676
"ENSG00000106066",92,375,871,1021,389,1188,751,1512,1496,486,1703
"ENSG00000106069",2005,3869,2936,1041,2308,4210,2439,1386,2497,2936,1528
"ENSG00000106070",4301.99996,3831,701,747,453,542,380,433,577,1321,896
"ENSG00000106077",238.99999,257,734,723,664,963,691,1128,1105,1291,1285
"ENSG00000106078",1098,1387.00001,294,265,223,198,302,132,191,248,240
"ENSG00000106080",322,269,675,624,773,681,656,628,682,728,1109
"ENSG00000106086",715,598,516,492,437,221,336,217,203,245,307
"ENSG00000106089",176.00001,121,145,131,140,123,156,106,84,132,68
"ENSG00000106100",148,184,280,225,337,278,373,209,183,242,231
"ENSG00000106105",1749,2307.99999,3325,3191,2794,3693,2619,3315,3804,3973,8164
"ENSG00000106113",581,156,74,48,58,79,42,94,221,162,273
"ENSG00000106123",228.99999,345,394,446,379,302,348,283,338,606,449
"ENSG00000106125",124,121,166,106,138,193,125,146,178,247,228
"ENSG00000106144",686,516.99999,877,855,838,670,836,708,795,870,1187
"ENSG00000106153",1865,490,4098,2925,3195,4736,3029,5152,5646,4901,5254
"ENSG00000106211",703,657.00001,1394,1258,1347,1889,1365,2333,1990,1612,1835
"ENSG00000106236",130,107,101,69,26,38,16,104,280,748,441
"ENSG00000106244",2300,2107,984,836,764,654,884,734,589,624,691
"ENSG00000106245",991,938,1756,1276,1319,2103,1426,2274,2609,2920,4090
"ENSG00000106246",264,275,383,359,382,499,533,361,451,486,719
"ENSG00000106258",112,166,397,268,277,426,391,261,305,334,350
"ENSG00000106261",1735,1527,4921,3738,5178,3944,4558,2662,3015,3092,3466
"ENSG00000106263",991.00001,654.99999,582,480,515,506,586,551,807,1949,2512
"ENSG00000106266",378,432,284,319,267,469,314,440,504,385,555
"ENSG00000106268",327,145.00001,286,200,162,338,217,439,348,389,297
"ENSG00000106278",7722.00002,5622.99999,3161,1731,1031,2005,1128,1108,1253,2483,2153
"ENSG00000106290",1022,742,2020,1957,2183,1751,2252,1798,1750,1573,2125
"ENSG00000106299",1003,1025,1160,1046,1271,784,1107,733,872,928,1087
"ENSG00000106305",370,262,907,753,598,1050,727,1408,1413,1363,1654
"ENSG00000106327",169,173,138,140,105,140,96,80,103,160,296
"ENSG00000106330",323,218,372,287,275,372,291,449,468,535,471
"ENSG00000106333",185,145,317,261,325,286,298,265,516,384,311
"ENSG00000106336",33.99999,88,42,46,69,70,46,59,38,46,39
"ENSG00000106341",53,40,171,157,33,427,26,174,251,475,927
"ENSG00000106344",1028,897,1224,1123,1268,1287,1204,956,1173,1157,2063
"ENSG00000106346",1103,860,715,456,557,377,422,395,445,496,487
"ENSG00000106348",2189,2812.99999,2284,940,1942,2619,1995,1399,2067,2944,1677
"ENSG00000106351",248,157,313,261,250,314,216,235,376,594,540
"ENSG00000106355",825,675,637,450,536,620,578,798,837,657,713
"ENSG00000106366",210,182,492,346,180,472,64,238,507,2049,1761
"ENSG00000106367",620,473,41,57,77,11,37,21,19,16,24
"ENSG00000106392",1089,1286,568,515,545,499,471,452,615,517,767
"ENSG00000106397",250,185,1210,1099,1333,994,1454,966,897,1044,1306
"ENSG00000106399",581,670,457,375,480,552,431,639,658,415,484
"ENSG00000106400",1078.00001,988,1457,976,1099,1556,980,1610,1788,1693,1667
"ENSG00000106404",161.00002,211,87,70,87,60,104,49,52,68,45
"ENSG00000106415",1451,1242.00001,347,274,418,256,310,237,154,163,89
"ENSG00000106443",3476,3645.99999,492,373,451,326,448,316,289,267,312
"ENSG00000106459",1769,1405,565,506,624,527,569,384,417,395,465
"ENSG00000106460",979,1071,1946,1712,1948,1332,1751,1293,1300,830,1119
"ENSG00000106462",2664.99999,974.99999,569,350,363,488,416,525,446,513,562
"ENSG00000106477",486.99999,370.99999,1057,738,639,1012,684,1014,931,1164,1173
"ENSG00000106479",380,501,549,551,681,467,615,286,298,400,360
"ENSG00000106483",216,194,386,520,101,457,134,316,689,1772,1393
"ENSG00000106484",2405,1253,5823,4266,3210,2832,1414,3271,6413,12263,7579
"ENSG00000106524",917.00001,1123,1231,1109,1136,1518,1149,1479,1419,1488,1685
"ENSG00000106526",16,59,31,29,27,48,28,23,55,13,43
"ENSG00000106536",113,192,57,32,27,65,34,47,29,43,22
"ENSG00000106537",307,325,328,195,168,216,153,349,314,247,259
"ENSG00000106538",436.00001,572,463,173,286,683,440,428,887,677,860
"ENSG00000106546",325,597,139,257,101,149,140,81,108,102,247
"ENSG00000106554",2493.00001,1274,1568,1477,1341,2022,1284,2177,2189,1727,2545
"ENSG00000106565",280,231,2697,2744,2841,3212,3284,3379,4057,2818,3851
"ENSG00000106571",862.00001,773.99999,929,640,776,714,693,647,711,785,641
"ENSG00000106588",1690.00001,1673,2675,2070,2152,2978,2026,3087,3673,3153,3549
"ENSG00000106591",696,703,1048,881,848,1247,938,1423,1773,1267,1838
"ENSG00000106603",1031.00003,1412.00001,1609,1176,1412,2050,1448,1893,1845,1524,1953
"ENSG00000106605",739,1121,899,721,824,1281,832,1202,1415,1301,1381
"ENSG00000106608",563.99999,579,1472,1395,1350,1714,1577,1106,1445,2101,2312
"ENSG00000106609",969,772,1234,1656,834,616,690,876,2158,3747,4117
"ENSG00000106615",1321,924,2390,1768,1954,2374,1811,2280,3624,3231,4540
"ENSG00000106617",186.99998,501.99999,328,178,231,260,282,192,365,232,343
"ENSG00000106624",1310,934,1469,1134,1448,534,1287,446,430,668,532
"ENSG00000106628",952.00001,830.99999,3656,3169,2988,5055,3634,5241,5821,5282,5321
"ENSG00000106633",177.99999,122.00001,449,254,375,517,418,544,332,454,251
"ENSG00000106635",641.00001,533.99999,546,603,431,535,321,617,1412,1877,2379
"ENSG00000106636",915.99999,825.99999,1430,1352,1290,744,1132,864,796,868,1316
"ENSG00000106638",371.00001,316,1983,1727,2241,2294,2214,2167,2323,2270,3274
"ENSG00000106665",834,504,417,362,324,95,251,146,108,164,169
"ENSG00000106682",2595,1929,11058,10910,11629,13248,11696,12131,14606,15526,21325
"ENSG00000106683",565.00001,430,142,113,131,63,121,64,46,78,64
"ENSG00000106686",330,328,74,57,48,52,39,26,48,39,62
"ENSG00000106688",235,198,211,116,176,145,125,128,252,303,275
"ENSG00000106689",2161,1220,592,685,618,500,585,732,1368,1943,1495
"ENSG00000106692",830.99999,560.00001,434,448,435,364,414,241,259,315,395
"ENSG00000106701",1131.99999,2541.99999,525,276,503,489,367,202,243,351,314
"ENSG00000106714",262.00001,325,772,456,710,442,433,376,870,946,912
"ENSG00000106723",2027,1990.00001,3720,3402,3719,2637,3388,1829,2075,2391,2718
"ENSG00000106733",178,173,338,223,385,337,284,371,292,201,346
"ENSG00000106771",2181,1632,4416,4990,4333,2923,3552,2868,5478,3584,4974
"ENSG00000106772",384,613.99999,913,780,658,911,623,595,522,896,1375
"ENSG00000106780",2504,2428,1181,939,869,532,847,503,815,838,795
"ENSG00000106785",107,186,89,143,56,86,48,77,90,210,231
"ENSG00000106789",106,222,160,140,100,165,117,199,159,53,184
"ENSG00000106799",805.99999,776,460,554,262,200,286,203,361,617,747
"ENSG00000106803",2483,1839,1571,1402,1267,2167,1342,3006,2804,2072,2858
"ENSG00000106804",444.99999,1144,302,281,280,187,207,194,221,214,242
"ENSG00000106809",193,189,33,44,15,28,42,23,71,29,17
"ENSG00000106819",85,108,8,17,7,14,12,14,30,2,8
"ENSG00000106823",490,226,50,26,18,54,23,29,56,159,68
"ENSG00000106829",1089,1150,409,360,337,282,287,329,460,684,565
"ENSG00000106853",676.99999,653,662,540,624,749,551,710,818,780,770
"ENSG00000106868",554,746,102,154,50,71,50,99,163,259,177
"ENSG00000106948",1236,2035,314,191,349,219,333,125,110,104,124
"ENSG00000106976",1411.00002,1554,362,267,303,253,247,284,257,364,322
"ENSG00000106991",83,40,161,39,38,179,38,73,142,590,185
"ENSG00000106992",1016,963,1070,880,701,1126,676,1241,1315,1304,1929
"ENSG00000106993",549,708,803,702,892,1036,923,950,1176,1253,1485
"ENSG00000107020",508,615,282,313,246,444,274,475,476,474,538
"ENSG00000107021",393,290,1797,1823,2164,1619,1950,1336,1535,1891,2405
"ENSG00000107036",1422.99999,1757,581,762,544,343,525,209,316,466,525
"ENSG00000107077",2609,3179.99999,1334,1270,1363,1312,1469,836,923,870,999
"ENSG00000107099",1727.99999,2794.00002,486,281,229,456,513,354,422,511,414
"ENSG00000107104",1813,3283,1529,1322,1392,1443,1445,993,1006,755,1723
"ENSG00000107105",241,219,81,63,49,110,48,80,85,111,23
"ENSG00000107130",315,285,317,347,294,206,333,227,249,216,312
"ENSG00000107140",419,427,203,143,187,83,194,124,259,276,335
"ENSG00000107159",524,257,1912,1842,747,1915,1959,3070,3158,1060,4024
"ENSG00000107164",1061.99999,1045.00001,1493,1544,1269,1263,969,886,1437,1942,2211
"ENSG00000107165",703,467,21952,48155,15583,39678,37014,52580,38409,3879,25838
"ENSG00000107175",451,601,2339,2133,2333,3088,2368,3033,3546,3580,4865
"ENSG00000107185",788,805,735,819,802,401,658,396,424,415,453
"ENSG00000107186",3522.00001,3716.00002,3079,2934,3389,2636,2920,1777,2000,2272,2156
"ENSG00000107201",325.00001,1093,195,142,203,183,141,114,261,157,300
"ENSG00000107223",4828,2896.99999,3154,2638,2735,4248,2999,5397,5207,4374,4688
"ENSG00000107242",1579.99999,1131,1013,505,1074,906,903,661,1331,840,1019
"ENSG00000107249",2144,1385,853,637,782,311,546,291,251,331,363
"ENSG00000107262",1276,1329.99999,1492,1271,1089,1664,1016,1599,2639,2326,2405
"ENSG00000107263",1556.00001,1319,343,273,293,137,298,147,129,118,152
"ENSG00000107281",1074.99999,966.00001,693,817,475,457,295,632,1365,2249,1418
"ENSG00000107282",334,468,268,573,239,265,209,184,221,357,397
"ENSG00000107290",1274,1340,1742,1595,1733,1560,1537,1137,1575,1337,1740
"ENSG00000107295",655,712,1279,781,933,1570,713,1145,1012,1095,797
"ENSG00000107317",4686,4626,34120,34048,39240,26699,41426,29684,39636,13316,26822
"ENSG00000107331",801,571.00001,747,764,625,224,749,332,366,264,383
"ENSG00000107338",126,119,104,103,93,48,105,63,101,165,66
"ENSG00000107341",1632,1372,782,684,702,586,568,760,939,1077,889
"ENSG00000107362",657,1463,526,463,431,437,349,371,632,522,863
"ENSG00000107371",456,514.00001,585,509,612,653,656,551,742,731,856
"ENSG00000107372",1608,1622.00001,3893,3970,2935,2439,1928,2822,6025,6680,9258
"ENSG00000107404",419,443,137,141,162,87,149,82,84,124,169
"ENSG00000107438",176,361.99999,349,324,262,507,221,357,402,933,298
"ENSG00000107443",285,419,245,216,252,243,194,185,219,213,349
"ENSG00000107447",41,41,70,74,26,122,62,57,88,19,73
"ENSG00000107518",990,1085,341,364,344,223,296,156,180,235,168
"ENSG00000107521",318.99999,435.00003,2322,2206,2135,2711,2624,2274,2460,2611,3343
"ENSG00000107537",491,781,939,922,975,1251,958,1116,1266,1060,1370
"ENSG00000107551",1437.99999,1095.99999,2933,2742,2737,3812,2790,2705,3349,5214,3766
"ENSG00000107554",428,476.99999,785,595,959,687,938,400,367,547,388
"ENSG00000107560",629,626,473,470,495,481,453,415,598,575,593
"ENSG00000107562",196,181,145,284,139,153,235,138,110,44,59
"ENSG00000107566",637.99999,527,1375,1204,1530,1232,1498,999,1043,839,1356
"ENSG00000107581",3786,3209,3168,3174,3271,3553,3426,2774,3528,3555,4475
"ENSG00000107593",36,59,22,39,25,18,38,31,102,147,86
"ENSG00000107611",324,386,380,388,328,318,289,257,315,248,323
"ENSG00000107614",625.99998,727.00001,421,294,266,409,295,290,313,380,406
"ENSG00000107625",892.99999,1089.00001,1080,862,1071,1028,1107,979,1112,1254,1372
"ENSG00000107643",2030.99999,1823.00001,899,685,791,552,819,664,711,576,684
"ENSG00000107651",761,794,1505,1413,1697,1679,1669,1153,1529,1453,2255
"ENSG00000107669",4308.00003,5106,1360,1488,1447,1216,1510,931,1011,1026,1214
"ENSG00000107672",740.00001,571.99999,789,687,715,942,591,1017,1177,896,931
"ENSG00000107679",1715.00001,1212,1931,2099,1586,1754,1891,1443,1431,1315,1437
"ENSG00000107719",267,332.99999,724,828,517,613,486,463,661,1205,901
"ENSG00000107731",578,425,1622,1345,853,562,600,757,1581,3259,5150
"ENSG00000107736",2352,2141,2038,1668,2171,1126,1899,874,1228,2668,1979
"ENSG00000107738",36,84,139,86,40,105,42,123,249,522,575
"ENSG00000107742",283,176,766,327,775,496,595,531,701,1008,586
"ENSG00000107745",802.99999,908.99999,1622,1410,1383,1725,1462,1539,1606,1673,1829
"ENSG00000107758",2231,1311,340,253,371,255,271,245,295,319,247
"ENSG00000107771",2173.99999,1767,1638,1492,1286,1216,1269,1180,1425,1451,1960
"ENSG00000107779",1487.00001,1522.00001,1108,984,949,1075,838,773,1000,1203,1174
"ENSG00000107789",494,485,594,622,552,667,621,550,563,666,780
"ENSG00000107796",75,119,13290,15976,18353,30552,29148,15873,22406,3494,15108
"ENSG00000107798",413,350,1289,958,1118,1289,1097,892,1377,1537,1560
"ENSG00000107815",180,160,229,211,210,135,209,170,164,192,223
"ENSG00000107816",681.00001,581.99999,1171,1175,1232,1285,1314,1068,1659,1889,2003
"ENSG00000107819",711,807,1693,1223,1499,1718,1508,998,1041,1444,2631
"ENSG00000107821",27.99999,44,169,194,218,136,204,124,169,149,193
"ENSG00000107829",1124,726,217,244,221,294,202,201,358,375,431
"ENSG00000107833",240,228,151,96,98,50,109,109,70,47,32
"ENSG00000107854",1419,1271,1175,1142,861,604,635,543,1235,1779,1775
"ENSG00000107862",4185.99999,4601,3284,3164,4006,2646,3692,1816,2077,1970,2365
"ENSG00000107863",4570.00002,3763,1251,1143,1018,1091,908,642,795,1416,1298
"ENSG00000107864",581.00001,740,145,108,93,81,101,74,147,101,149
"ENSG00000107872",365,495,871,704,863,1099,792,1372,1550,1718,1295
"ENSG00000107874",1026.00001,925.99999,2904,2793,2523,3840,2544,4559,4753,4885,4322
"ENSG00000107882",553,308,541,452,588,215,454,201,281,222,245
"ENSG00000107890",2502.99999,2679,648,438,601,661,702,528,486,469,542
"ENSG00000107897",1304.99999,2379,1347,1123,1425,1466,1161,990,1045,1161,1566
"ENSG00000107902",203,271,257,141,204,136,187,127,88,115,74
"ENSG00000107929",2016.99999,1510.99999,939,871,1029,815,938,773,1249,1384,1676
"ENSG00000107937",1115,997,1373,1281,1480,1794,1455,1487,2018,1702,2599
"ENSG00000107938",688.00001,808,473,455,525,566,705,347,420,512,628
"ENSG00000107949",1329,1404,1991,1744,1617,2604,1727,2473,2929,3320,3632
"ENSG00000107951",798,585,881,839,915,722,956,705,967,962,1208
"ENSG00000107954",394,570,145,137,152,56,89,74,115,265,86
"ENSG00000107957",807.00001,2839.99999,243,277,362,242,342,159,151,262,170
"ENSG00000107959",1033.99998,837,2400,2029,2427,2487,2355,1837,2018,2285,3049
"ENSG00000107960",509,427.99999,1171,1049,1421,1186,1300,943,1204,1036,923
"ENSG00000107968",125.99998,226,123,117,103,137,129,108,200,97,246
"ENSG00000108010",1433.00001,1028,1288,966,1031,1401,901,1551,1540,1424,1693
"ENSG00000108018",1323,1107.99999,2972,1682,3241,2029,1820,1907,2286,3473,1675
"ENSG00000108021",2004.99999,2326,829,793,753,636,714,444,585,568,886
"ENSG00000108039",929,877,2760,2562,2165,3495,2568,2945,3389,3867,3890
"ENSG00000108055",3927,4278.99999,2087,1624,2042,2033,1787,2080,2259,2076,2152
"ENSG00000108061",1446.00002,2504.00002,1186,1035,1253,1078,1097,816,1108,1208,1421
"ENSG00000108064",573,551,634,575,683,659,674,591,745,600,914
"ENSG00000108091",783,776,711,775,893,446,654,399,465,503,514
"ENSG00000108094",1297,1669.99999,887,871,875,750,792,586,681,737,967
"ENSG00000108100",4096,3028,364,254,279,226,220,242,360,352,298
"ENSG00000108106",968,624,684,627,473,650,385,730,1340,2535,3400
"ENSG00000108107",6855.00001,4845.99999,1386,973,1527,1124,1380,1487,1232,1103,1212
"ENSG00000108175",1373,787,1295,916,1143,883,1259,695,953,1054,998
"ENSG00000108176",190,305,221,176,203,293,164,241,195,264,241
"ENSG00000108179",319,195,935,1147,614,913,681,948,2010,1350,2059
"ENSG00000108187",296,241,242,177,109,197,140,230,278,220,204
"ENSG00000108219",1438.00001,801.99999,2357,2216,1707,2238,1921,1812,2435,3329,2418
"ENSG00000108231",31,110.00001,180,77,279,127,231,184,195,84,147
"ENSG00000108239",518,507,212,172,122,112,107,128,207,289,304
"ENSG00000108256",991,1087,1034,908,1182,758,1196,573,642,586,1146
"ENSG00000108262",508,452,459,389,407,230,451,223,360,495,501
"ENSG00000108298",16456.00001,11913,7194,5876,7075,7489,7211,9091,8846,6307,6885
"ENSG00000108306",1345,1119,1022,889,1185,841,1109,792,922,848,1062
"ENSG00000108309",450,474,283,218,274,191,171,179,133,228,103
"ENSG00000108312",1473.99999,1314.99999,1759,1486,1585,1050,1398,1220,1449,1334,1204
"ENSG00000108344",1077,1009,1949,1948,2005,1107,1858,1100,1148,1089,1358
"ENSG00000108349",1074.99999,1022.99999,3356,2905,4401,2336,4061,1830,1627,2026,2660
"ENSG00000108352",349,121,132,101,134,113,125,66,105,157,115
"ENSG00000108370",1745.99999,2359.99999,1570,1238,2224,1509,2069,1379,1526,1326,1685
"ENSG00000108375",72,85,231,161,332,289,376,187,225,283,176
"ENSG00000108379",45,52,36,24,27,38,21,34,50,51,132
"ENSG00000108384",366.99999,333,704,581,604,713,593,775,712,626,815
"ENSG00000108387",3008.00001,4861.00001,4354,1483,3413,6273,2967,3299,3194,5124,2006
"ENSG00000108389",699,664,2075,2332,1909,1947,2105,1261,1307,2011,1932
"ENSG00000108395",1381,1921.99999,1406,1401,1267,1506,1411,1051,1060,1210,1689
"ENSG00000108406",692,639,2057,1586,1798,1820,1759,1416,1552,1649,1949
"ENSG00000108423",243.00001,466,272,193,314,255,300,241,248,364,671
"ENSG00000108424",3343,2685,1614,1190,1330,1191,1226,1186,1541,1653,1754
"ENSG00000108433",1083.99997,1018,2105,2106,2128,2469,2093,2193,2586,2855,3330
"ENSG00000108439",174,112,525,570,509,720,564,506,599,838,697
"ENSG00000108443",1070,673,840,705,802,797,768,654,819,765,1140
"ENSG00000108465",1280.99999,1031.00002,2877,2366,2620,3008,2594,2911,3228,3285,3691
"ENSG00000108468",3209,2574,2157,1694,2242,2053,1934,2060,1896,1773,1775
"ENSG00000108469",280,286,892,801,1122,972,952,713,528,633,757
"ENSG00000108474",371,481.00001,391,309,526,421,529,311,304,359,349
"ENSG00000108479",198.99999,211,1079,904,907,1233,989,1548,1434,1625,1362
"ENSG00000108506",594.99999,695.00001,380,316,322,329,326,156,189,244,347
"ENSG00000108509",927.00001,482,427,390,592,227,490,275,215,265,251
"ENSG00000108510",1535,1433,723,645,707,391,661,360,460,407,393
"ENSG00000108511",189,58,190,0,0,166,2,49,77,162,470
"ENSG00000108515",108.99999,215.00001,466,325,402,877,875,651,512,328,400
"ENSG00000108518",3733,2333.00001,4982,4641,4104,7495,4308,8095,8481,7898,8534
"ENSG00000108523",801,1006,491,402,477,375,451,389,417,292,431
"ENSG00000108528",693.00001,777,3240,3292,2703,4290,2855,5328,5374,4336,5146
"ENSG00000108551",356,305,508,467,128,296,178,187,217,618,309
"ENSG00000108557",713,746,596,498,457,324,500,330,450,416,429
"ENSG00000108559",1567.00001,2455,1687,1447,1486,1800,1440,1692,2089,1734,1875
"ENSG00000108561",1445,1310,2331,1857,1487,2348,1095,2534,4321,3910,4310
"ENSG00000108578",576,532.00001,1238,1016,1195,1245,1138,1188,1277,1267,1284
"ENSG00000108582",1045.99999,1126,1947,1926,1962,1218,1419,694,864,1304,1491
"ENSG00000108587",1494,1380.00001,1376,1146,1242,1256,1259,1354,1729,1327,1723
"ENSG00000108588",1202,1137,2927,3054,2900,3688,2670,3293,3886,3491,4770
"ENSG00000108590",308,182,217,174,173,272,141,329,307,296,366
"ENSG00000108591",442.00002,468,1160,1114,1267,1410,1255,1458,1545,1378,1834
"ENSG00000108592",472,344,1012,1041,1123,1257,986,1072,1235,1374,1478
"ENSG00000108599",978,808.00001,661,743,721,643,814,493,637,569,692
"ENSG00000108604",290,254.99999,259,254,237,317,290,254,488,669,594
"ENSG00000108639",235.99999,214,2289,2029,2545,2993,2701,4129,4528,2234,3269
"ENSG00000108641",863,1299.00001,1557,1092,1399,1355,1321,1703,1635,1240,1407
"ENSG00000108651",589,603.99999,919,757,904,1133,969,1009,1073,950,1414
"ENSG00000108654",7931.99999,7701.99999,25528,23394,21825,28437,22044,24204,36128,38727,49499
"ENSG00000108666",610.00001,597,783,614,598,895,612,866,970,746,842
"ENSG00000108669",1827.00001,1798.00002,1458,1234,1512,1682,1539,1007,1289,1767,1209
"ENSG00000108671",1976.99999,1722.99999,2576,2489,2185,3143,2237,3402,4002,3739,4080
"ENSG00000108679",1002,760,12017,13721,10717,16003,11895,17383,21039,19340,19395
"ENSG00000108684",854,430,206,67,90,123,118,87,144,204,33
"ENSG00000108691",253,165,95,91,74,137,98,148,743,3613,3062
"ENSG00000108733",179,191,346,321,408,347,431,323,347,411,614
"ENSG00000108773",293,278,541,379,519,385,527,259,345,345,333
"ENSG00000108774",1309,1142,856,846,839,466,757,439,373,366,414
"ENSG00000108784",254,249.99999,163,175,158,200,222,200,355,899,1260
"ENSG00000108786",72,53,67,56,68,48,67,61,93,47,55
"ENSG00000108788",587.99999,430,857,711,812,1051,889,1010,1008,1154,1396
"ENSG00000108797",160,203,185,166,303,99,217,72,65,69,58
"ENSG00000108799",1342.00001,1108.00002,1612,1500,2117,1643,1923,1031,1204,1330,1374
"ENSG00000108819",473,319,59,49,64,8,54,7,15,6,9
"ENSG00000108821",1274,445.99999,3959,823,342,877,251,404,965,1616,1143
"ENSG00000108825",52,20,109,69,89,108,97,87,101,60,65
"ENSG00000108826",793,609,1134,881,891,1406,902,1702,1820,1385,1715
"ENSG00000108828",616,434,5725,5869,8123,5697,7705,5811,4970,3744,6786
"ENSG00000108829",670,549,1186,1041,1230,547,1011,635,705,845,1272
"ENSG00000108830",360,316,738,609,826,585,468,841,770,843,643
"ENSG00000108840",1055.99999,958.00001,2586,2346,3305,1926,2627,1481,1458,1759,1930
"ENSG00000108846",57,62,94,29,32,59,21,31,44,83,139
"ENSG00000108848",5586.00001,4269.00001,2304,1589,2119,2835,2530,2231,2354,1925,1937
"ENSG00000108852",367,498.00001,1727,1819,1751,1673,1832,1276,1181,1474,1603
"ENSG00000108854",1410.99999,1343.99999,301,290,291,276,261,221,356,274,270
"ENSG00000108861",578,752,2260,2484,2661,2607,2758,1858,2344,3003,3594
"ENSG00000108883",1019,1004.99999,3549,3569,2934,3860,2925,3083,3548,4961,4878
"ENSG00000108924",745,462,2099,2265,3029,1434,3024,892,1623,1381,1462
"ENSG00000108932",319.00001,418,248,87,151,128,155,77,185,108,61
"ENSG00000108946",2538,1901.00002,9922,9529,10280,9843,9404,8197,9930,10460,12188
"ENSG00000108947",233,223,566,304,511,231,356,174,208,212,207
"ENSG00000108950",26,111.99999,95,63,79,60,84,88,150,51,98
"ENSG00000108953",7878.99999,5940.00001,7142,5179,5791,5478,4879,5933,5395,5633,5840
"ENSG00000108960",1333,1295.99999,528,507,411,311,350,312,254,338,293
"ENSG00000108961",415,578,786,706,739,1084,796,1200,1224,1110,1364
"ENSG00000108963",1042.00001,1166,1790,1681,2040,2243,2196,2102,2333,2745,2795
"ENSG00000108984",397,297,607,308,406,531,316,336,507,567,480
"ENSG00000109016",626,509,1051,1057,777,1341,925,1655,1977,1299,1865
"ENSG00000109046",4872.99999,4583.00002,11375,9860,11061,10022,13646,7083,6810,6205,9452
"ENSG00000109047",8235,29255,1460,964,3448,4049,1411,3895,2338,3989,1985
"ENSG00000109062",370,257,4375,5987,1920,5698,3860,10519,8542,2874,7160
"ENSG00000109063",106,177,698,695,543,1118,1484,584,256,176,344
"ENSG00000109065",420.99999,342.99999,1148,979,1135,1301,1284,1349,1537,1459,1994
"ENSG00000109066",399.00001,287,421,434,354,326,382,429,511,477,659
"ENSG00000109072",292,835,1481,651,1462,2819,989,2151,2550,4324,969
"ENSG00000109079",471,524,2917,2793,2813,3192,3062,2203,2563,3759,3887
"ENSG00000109083",445.99999,407,927,576,749,1008,739,953,1041,897,975
"ENSG00000109084",470.00001,316,657,688,551,705,681,839,920,717,1096
"ENSG00000109089",131,152,67,61,84,48,83,52,74,89,72
"ENSG00000109099",213.00001,530.99999,1178,957,1145,1211,1170,1315,1265,1662,1467
"ENSG00000109103",9196.00001,15759.00001,11567,3733,10256,17436,9128,9336,8980,11324,5591
"ENSG00000109107",3139,5679,7578,3543,7007,9303,6515,5545,7108,11077,11302
"ENSG00000109111",1027,1407,1626,1615,1874,1138,1763,830,890,959,1501
"ENSG00000109113",610,304,2726,2474,3160,3276,3056,4007,4643,3366,3508
"ENSG00000109118",852,723.99999,429,359,469,286,436,241,214,226,249
"ENSG00000109133",884.00001,1034,1315,1281,1198,1000,1036,1202,1548,1552,2275
"ENSG00000109171",1343,1390,967,918,968,639,757,493,600,619,799
"ENSG00000109180",2618,3289.00001,2660,1948,2116,2479,1932,2318,2763,2321,2893
"ENSG00000109182",59,203.99999,8,33,5,9,8,42,21,24,0
"ENSG00000109184",1214,1388.00001,1233,1004,1221,985,1034,783,951,1054,1535
"ENSG00000109189",323,304,960,881,944,915,879,548,623,754,832
"ENSG00000109220",366,467,555,633,501,805,636,882,1001,740,1017
"ENSG00000109255",124,71,19,12,12,17,12,23,11,7,2
"ENSG00000109265",3335,4290,486,229,317,251,258,189,238,370,246
"ENSG00000109270",847,896,1679,1458,1603,1673,1448,1498,1801,1445,2178
"ENSG00000109320",1233.99999,1313.99998,256,287,229,234,272,220,293,392,340
"ENSG00000109323",639,579,1718,1694,2110,1725,2109,1264,1281,1141,1687
"ENSG00000109332",3044,2909.00002,7838,6328,7684,8003,6722,7429,8957,8304,10383
"ENSG00000109339",3144.00004,4609,2105,1489,1641,1775,1441,1548,1739,2043,1851
"ENSG00000109381",1752.99999,1952,998,809,950,845,905,661,720,637,916
"ENSG00000109390",3244,3354.99999,2291,1781,2355,2813,1896,3202,3598,2389,2454
"ENSG00000109424",33,17,18,15,9,16,3,36,39,21,51
"ENSG00000109436",1024,821,1392,1375,1282,867,1099,794,1362,2812,1478
"ENSG00000109445",664.99999,722,1356,1473,1679,1967,1999,1783,1903,1393,2091
"ENSG00000109452",546,1284.00002,89,160,102,135,200,111,81,30,92
"ENSG00000109458",978,490.99999,555,563,479,378,492,241,321,540,468
"ENSG00000109466",988,1062,119,199,81,79,65,95,205,377,477
"ENSG00000109472",5912,8432,6049,4285,3434,3078,1709,3499,10168,18533,13061
"ENSG00000109475",13498.00001,10526,4173,2843,3857,3923,3341,4845,4255,3210,2823
"ENSG00000109501",221.00001,214,2103,2251,2387,2515,2421,2673,3617,3707,4667
"ENSG00000109519",342.99999,428,993,800,1034,1263,994,1119,1583,1454,2220
"ENSG00000109534",735,668,229,207,214,257,245,308,307,311,392
"ENSG00000109536",704,610,394,319,364,460,335,455,468,449,513
"ENSG00000109572",2459,4219.99998,3768,3961,3802,3752,3299,2516,3025,3236,3960
"ENSG00000109576",768,574,127,154,121,138,132,165,208,192,179
"ENSG00000109586",812,982.99999,1437,1408,1441,1348,1274,947,1250,992,936
"ENSG00000109606",1617.00001,2037,3101,2981,2994,2915,2874,2589,2962,2735,3623
"ENSG00000109610",58,27,116,385,55,105,63,129,308,170,372
"ENSG00000109618",274.99999,284.00001,294,242,286,180,311,180,187,245,224
"ENSG00000109625",68,85.99999,671,763,759,733,814,752,997,557,3489
"ENSG00000109654",6220,6278.99998,4357,2621,2189,2957,1889,2002,2686,3598,5643
"ENSG00000109667",110,226,17,9,17,21,23,14,26,19,37
"ENSG00000109670",1595.00001,1465,856,998,874,855,779,678,784,1152,777
"ENSG00000109674",85,55,29,36,13,36,19,21,12,27,6
"ENSG00000109680",1763,1986.99999,398,413,332,470,325,386,439,357,430
"ENSG00000109685",4339,2966.99999,1151,830,954,831,992,540,590,860,738
"ENSG00000109686",2716.00001,1483.99999,380,486,324,297,214,234,393,629,398
"ENSG00000109689",1711.00001,2001,395,459,181,270,237,433,507,746,849
"ENSG00000109736",542,357,1724,1305,1690,1506,1513,1789,1744,1834,1636
"ENSG00000109738",367.00001,571,357,582,408,576,319,467,486,599,620
"ENSG00000109743",25,80,24,27,28,32,18,8,23,67,12
"ENSG00000109756",2453,2085.00001,404,385,451,277,335,230,269,314,338
"ENSG00000109762",1601.00001,2304.00001,99,84,95,98,90,105,83,139,164
"ENSG00000109771",479,363,158,132,112,189,155,81,104,126,219
"ENSG00000109775",945.99998,909,1930,1417,1757,2217,1559,1663,2062,1880,2088
"ENSG00000109787",955,728,1382,1065,978,863,770,579,950,1482,1142
"ENSG00000109790",1164,791.99999,803,795,488,575,437,368,569,597,724
"ENSG00000109794",1351.99999,1176.00001,352,363,279,310,255,200,280,694,354
"ENSG00000109805",332,161,146,79,62,81,96,102,58,110,37
"ENSG00000109814",811.00001,648,1632,1332,1646,1475,1365,1426,1729,1863,2896
"ENSG00000109819",466,388,635,651,715,589,871,388,267,216,486
"ENSG00000109832",181,239,198,107,198,186,142,175,199,239,107
"ENSG00000109846",467.00001,1390.00001,5949,5971,2751,7832,5481,6418,6732,10421,13697
"ENSG00000109854",27,24,33,31,16,21,9,36,30,81,65
"ENSG00000109861",382,193.00001,973,871,1045,972,1049,1319,1162,583,723
"ENSG00000109881",850.00001,768,216,134,161,168,184,197,249,182,157
"ENSG00000109906",213.99999,149.99999,416,347,570,277,587,378,855,571,343
"ENSG00000109911",1472.99999,2255.00001,1254,1235,1457,1469,1338,1266,1521,839,895
"ENSG00000109917",402,317,739,753,635,668,764,705,749,874,1424
"ENSG00000109919",1434,1506.99999,3022,2779,2127,3419,2297,3538,3757,3664,4282
"ENSG00000109920",2125,1889.99999,1119,899,1195,1013,1247,792,835,636,874
"ENSG00000109927",91,239,76,42,43,46,52,28,43,32,23
"ENSG00000109929",601.99999,694,1554,1392,1431,1589,1274,1343,2031,1349,2259
"ENSG00000109944",69.00001,155,122,163,81,131,145,165,136,63,211
"ENSG00000109956",647,793.00001,131,128,61,80,88,55,95,98,48
"ENSG00000109971",7255,8983.00002,25382,24457,18438,30184,16632,30765,28692,33708,48552
"ENSG00000110002",228.99999,413,2432,3322,3032,2688,2271,2348,2755,4792,4144
"ENSG00000110011",486.00001,470.99999,913,680,910,951,797,1005,1032,1089,847
"ENSG00000110013",172,366,1092,886,905,940,858,1116,1184,1225,1428
"ENSG00000110025",219.00001,231,193,148,220,82,151,80,73,92,136
"ENSG00000110031",333,693.99999,112,116,130,143,136,134,140,171,251
"ENSG00000110042",1088,1002,894,780,664,637,797,509,568,1355,509
"ENSG00000110046",267,249,363,320,473,204,383,216,296,307,277
"ENSG00000110047",228,239,716,530,813,553,798,465,466,618,673
"ENSG00000110048",756,673,410,324,378,342,452,225,362,494,901
"ENSG00000110057",43,41,314,341,311,338,343,385,535,455,601
"ENSG00000110060",284,304,288,258,253,333,334,341,355,326,439
"ENSG00000110063",199,265,593,536,497,763,552,728,734,419,623
"ENSG00000110066",2095,1619.00001,1812,1526,1697,1574,1217,1307,1774,1879,2251
"ENSG00000110074",379.99999,399.99999,1090,970,1046,1430,1062,1481,1529,1459,1796
"ENSG00000110075",4391.00001,5007.99999,1838,1533,1583,1575,1489,1114,1696,1595,2153
"ENSG00000110076",1860,1220,101,98,84,63,95,52,62,123,34
"ENSG00000110079",79,165,26,23,24,25,40,16,14,13,15
"ENSG00000110080",149,155,972,1861,558,1358,1229,1660,1606,502,1778
"ENSG00000110090",917,751.00001,280,232,200,215,182,149,252,241,264
"ENSG00000110092",4440,2076,5807,5210,4668,4451,4126,5658,5797,5250,5859
"ENSG00000110104",226,297,448,496,428,609,504,642,797,777,1057
"ENSG00000110107",632,693,259,240,228,171,218,196,217,160,274
"ENSG00000110108",341,263,2253,2645,2550,2539,2848,3383,3302,1717,2721
"ENSG00000110148",53,529,90,46,51,92,44,179,102,124,34
"ENSG00000110169",57,63,44,17,31,27,33,17,24,38,57
"ENSG00000110171",210.99999,225,456,308,416,179,363,168,134,177,244
"ENSG00000110172",625,758,619,607,604,644,576,598,578,516,957
"ENSG00000110195",51,57,692,957,699,748,801,2050,1536,430,1101
"ENSG00000110200",440.99999,491.00002,378,353,342,697,377,800,844,693,640
"ENSG00000110218",218,153,564,549,531,567,464,400,467,520,619
"ENSG00000110237",742,627,1034,938,1060,598,935,427,533,902,805
"ENSG00000110274",1178,1527,449,389,411,345,454,302,298,314,334
"ENSG00000110315",785,775,1793,1560,1398,1717,1374,1301,1749,1629,2058
"ENSG00000110318",1076.00001,1090,287,232,321,313,263,181,188,269,226
"ENSG00000110321",6171,4893,26001,23931,24274,21223,21046,15511,17236,19268,22026
"ENSG00000110324",19,24.00001,34,19,26,41,25,28,28,70,134
"ENSG00000110328",422,227,457,735,369,670,503,592,521,351,664
"ENSG00000110330",1419.00001,1123,1111,893,1046,936,843,730,863,1106,1499
"ENSG00000110344",914,906,2059,2239,1860,1860,1881,1434,2221,2342,2936
"ENSG00000110367",4273.00001,3152,1171,920,1415,998,1101,942,1121,793,915
"ENSG00000110375",19,23,16,12,9,8,12,6,25,22,30
"ENSG00000110395",922,1031.00001,551,556,616,313,574,227,318,341,296
"ENSG00000110400",850.00001,844,172,204,121,70,110,111,144,101,96
"ENSG00000110422",1006,1110,1997,2419,2439,1204,2101,877,988,1046,1477
"ENSG00000110427",250,258,48,54,16,43,38,20,27,74,11
"ENSG00000110429",843.00001,767,2251,1927,1979,2246,1880,2273,2461,2591,2475
"ENSG00000110435",1142.99999,1620.00001,779,721,920,1084,876,801,965,1024,1336
"ENSG00000110436",1796,2143,1534,324,567,889,543,514,579,1243,883
"ENSG00000110442",541.99999,523.99999,943,757,645,1380,775,1459,1665,1765,1860
"ENSG00000110446",175.99999,213.00001,16,15,11,19,12,7,20,24,14
"ENSG00000110455",45,63,10,25,9,6,20,10,18,6,12
"ENSG00000110492",3358,1613.00001,3468,2348,4139,3324,3662,5994,3947,3881,3078
"ENSG00000110497",1801,926,1002,900,1153,817,996,645,712,705,935
"ENSG00000110514",4045,2940.00001,2541,1633,2780,2351,2599,1143,1254,1925,1487
"ENSG00000110536",939,725.99999,1270,1743,1451,1991,1338,2088,2530,1863,2116
"ENSG00000110583",450,377,1589,1201,1452,1611,1432,986,1044,1290,1314
"ENSG00000110619",958.00001,880,1497,1371,1152,1674,1196,1494,1635,2292,3723
"ENSG00000110628",91,130,550,630,601,717,666,910,1017,880,862
"ENSG00000110651",3381,2591,865,628,830,564,793,696,948,1242,902
"ENSG00000110660",159,133.00001,643,374,859,482,640,513,928,687,755
"ENSG00000110675",97,163.00001,64,57,76,81,63,49,90,85,92
"ENSG00000110693",1525,3125,338,421,116,306,216,286,317,241,394
"ENSG00000110696",3844.99999,3102.99999,4292,3671,4092,5120,3792,5536,6273,4910,6433
"ENSG00000110697",1576.99999,1821.00001,1863,1519,1782,1035,1121,859,968,1678,1325
"ENSG00000110700",13142.99999,11277,4590,3084,4541,4215,3911,4495,4331,3202,3312
"ENSG00000110711",499,548,1161,1088,1316,1727,1381,1778,1889,1568,1506
"ENSG00000110713",7657,5881.99999,1935,2027,2352,1803,2325,1084,1479,1678,2750
"ENSG00000110717",1368,1376,3041,2763,2924,4220,3284,5067,5091,3676,4003
"ENSG00000110719",18,22,50,45,22,41,28,54,68,60,59
"ENSG00000110721",817.99999,941,331,243,267,337,306,277,412,635,915
"ENSG00000110723",137,148.00001,167,309,239,229,401,285,290,111,270
"ENSG00000110756",428,598,593,512,538,631,574,407,475,488,776
"ENSG00000110768",865.00001,872,1113,1009,932,1320,1035,1184,1270,1384,1910
"ENSG00000110777",42,158.00001,23,11,33,15,21,23,19,35,37
"ENSG00000110786",71.00001,168,37,58,12,18,11,30,26,37,28
"ENSG00000110799",31,91,7,27,9,24,3,39,0,13,1
"ENSG00000110801",800,748.00001,1546,1401,1234,2079,1399,2249,2588,2331,2611
"ENSG00000110811",851,768,553,352,498,428,436,438,606,950,857
"ENSG00000110841",494.00001,985.99999,337,349,419,430,476,276,250,237,351
"ENSG00000110844",636.00001,623.99999,886,716,1131,702,955,558,581,617,697
"ENSG00000110851",475,469,1049,935,1000,981,1056,703,943,1366,1602
"ENSG00000110871",660.99999,583.00001,1462,1104,1311,1821,1250,1678,1716,1641,1689
"ENSG00000110880",2292.99999,1718,4878,5259,5016,6543,5520,4234,5130,6606,6432
"ENSG00000110881",220,171,43,38,41,51,58,37,28,48,38
"ENSG00000110888",1947.99999,1152,553,612,600,629,654,443,474,726,526
"ENSG00000110900",177,323,437,463,322,305,270,263,210,333,450
"ENSG00000110906",458,305.99999,1988,2039,1844,2469,2538,1970,2817,2349,3052
"ENSG00000110911",692.00001,679.99999,1579,1469,1624,1718,1584,1233,1754,1702,2946
"ENSG00000110917",1309,748,2681,2890,2472,1874,1908,1639,2644,3394,4313
"ENSG00000110921",301.99999,246,307,191,249,158,224,175,191,170,207
"ENSG00000110925",606.99999,461,1077,1227,1064,886,954,716,793,1252,1808
"ENSG00000110931",613.99999,347.99999,804,752,789,716,636,597,620,618,664
"ENSG00000110955",4649.00001,5039,28156,25116,25083,34985,27026,34941,39245,30883,37274
"ENSG00000110958",2257,2064,3938,3339,3662,4144,3309,4078,4540,4281,5309
"ENSG00000110987",578.99999,514,589,577,580,456,683,461,272,282,435
"ENSG00000111011",2407,1946,1065,873,1073,1427,1076,1302,1518,1676,1618
"ENSG00000111012",65,41,15,14,28,22,23,24,22,9,70
"ENSG00000111052",652,972,798,1092,1241,939,1105,511,700,438,522
"ENSG00000111057",91,50,888,773,1770,1313,1543,1979,1537,868,1358
"ENSG00000111058",854,866,453,554,635,447,563,373,432,435,393
"ENSG00000111077",246.99999,215,666,610,944,446,821,355,514,589,527
"ENSG00000111110",988,1025,1134,1253,909,1003,918,724,958,1972,1017
"ENSG00000111142",2345,2258,1101,853,1091,1334,1008,1043,1233,1478,1640
"ENSG00000111144",677,684.99999,2129,1716,2361,2053,2409,2151,2120,1786,2204
"ENSG00000111145",299,165,249,212,202,152,111,135,142,401,174
"ENSG00000111181",69,81,47,26,27,26,31,19,72,97,52
"ENSG00000111186",330,499,111,181,160,134,148,135,172,129,159
"ENSG00000111196",497,372.99999,393,318,393,433,362,419,495,373,484
"ENSG00000111199",774.00001,232,90,104,34,111,75,161,168,26,148
"ENSG00000111203",538,704.99999,926,861,755,1085,825,1180,1113,1061,1006
"ENSG00000111206",371,329.99999,93,56,50,69,69,70,56,83,53
"ENSG00000111215",64,175,10,22,14,35,39,26,43,3,36
"ENSG00000111218",147,63,18,15,23,19,23,4,10,38,37
"ENSG00000111224",999,645,256,178,218,156,241,120,105,120,123
"ENSG00000111229",1391.99999,1192,2332,1724,1639,2625,1542,2896,3159,2524,2497
"ENSG00000111231",238,328.99999,550,459,535,673,549,672,729,594,885
"ENSG00000111237",1235,959.99999,1475,1247,1070,1978,1127,2095,2355,1892,1908
"ENSG00000111247",274.99999,159,38,41,39,42,40,78,54,45,44
"ENSG00000111249",272,273,181,136,159,56,106,60,70,101,24
"ENSG00000111252",392,387,108,123,79,63,123,59,108,187,147
"ENSG00000111254",69,110,149,157,194,213,174,134,110,207,195
"ENSG00000111261",265,253,697,736,542,705,605,767,766,739,862
"ENSG00000111262",142,28,9,3,1,5,10,10,56,44,55
"ENSG00000111266",1753,1321,899,943,618,583,589,467,461,669,574
"ENSG00000111269",648,539,1327,1330,1309,1153,1224,890,1132,773,1239
"ENSG00000111271",692.00001,478.99999,1236,1072,922,1226,1083,959,1110,1147,1709
"ENSG00000111275",706.00001,948,2706,2432,2306,3529,2656,3398,4088,3807,4869
"ENSG00000111276",1092.99999,1014,143,154,159,169,145,116,104,73,42
"ENSG00000111300",1535,1660,1082,1009,1109,1179,1046,823,1092,1002,1231
"ENSG00000111305",65,220,276,169,178,245,199,190,62,75,28
"ENSG00000111319",32,53,66,41,57,33,48,18,73,19,72
"ENSG00000111325",122.99999,98,552,485,630,716,598,829,750,788,947
"ENSG00000111328",2221.00002,1206,616,332,388,469,326,500,649,823,753
"ENSG00000111331",82.99999,121.00001,116,170,99,136,72,94,88,227,101
"ENSG00000111341",37,456,1243,250,210,1055,142,296,1962,4278,424
"ENSG00000111344",107.99999,157,24,84,19,41,31,26,148,83,224
"ENSG00000111348",27,34,43,74,68,49,83,65,78,141,42
"ENSG00000111358",387,624,527,391,413,454,397,437,520,461,647
"ENSG00000111361",568,519,1630,1529,1398,2054,1451,2008,2319,2278,2696
"ENSG00000111364",517,722,410,351,520,654,595,554,602,531,867
"ENSG00000111371",2458,3035,3274,3833,3532,3542,4070,2498,3122,2323,3883
"ENSG00000111412",547.00001,546.00001,742,844,512,287,400,336,537,900,943
"ENSG00000111424",23,61,19,18,11,13,13,20,19,25,78
"ENSG00000111445",456.99999,302,722,565,755,738,717,741,737,637,605
"ENSG00000111450",906.00001,818,468,433,338,294,250,323,424,612,619
"ENSG00000111452",94,87.99999,50,25,79,49,51,86,27,33,119
"ENSG00000111481",2219,1934.00001,5253,4273,5105,5604,5128,6230,6206,5394,5469
"ENSG00000111490",286,372,259,272,212,168,165,213,220,162,257
"ENSG00000111530",1488,1466,5242,4653,5042,4146,4009,2458,3174,3849,5370
"ENSG00000111540",1254.99999,936.99999,1907,1627,2207,727,1669,753,748,762,917
"ENSG00000111554",539,476.99999,506,350,407,479,417,423,429,413,454
"ENSG00000111581",994,892.99999,992,873,943,1056,870,896,1057,904,1293
"ENSG00000111596",2489.99999,1787.00002,1883,1461,1914,2196,1756,2120,2317,2150,2398
"ENSG00000111602",517,416,808,767,761,980,816,582,545,641,706
"ENSG00000111605",2217,1576,2091,1766,2030,1697,1932,1653,1905,1916,2591
"ENSG00000111615",1374,1249,600,538,508,651,543,557,613,543,681
"ENSG00000111639",1272.99999,983.99999,1934,1673,1638,2473,1602,2963,2911,2765,3150
"ENSG00000111640",58403.00001,52277.99999,98617,95821,84261,126672,106600,116885,128424,130562,213271
"ENSG00000111641",347.99999,281,652,621,667,854,816,810,904,1033,1509
"ENSG00000111642",4881.99998,4452.00001,5494,5342,6722,4271,6387,3028,3730,4697,4667
"ENSG00000111644",21,42,51,34,36,70,64,33,18,23,18
"ENSG00000111647",1113,1062,792,747,846,801,913,547,657,644,880
"ENSG00000111652",707.00001,904.99999,2340,2128,1933,2682,2112,3104,3704,3000,3832
"ENSG00000111653",702,589.99999,2223,1755,1947,2518,1991,2551,2497,2162,2107
"ENSG00000111664",5904,9432.99999,14387,4392,9167,19130,10753,13815,11301,14268,6488
"ENSG00000111665",247,316,439,205,349,486,388,305,274,390,288
"ENSG00000111666",419,491,166,124,129,123,149,130,302,683,1020
"ENSG00000111667",880,587,2435,2167,2440,1972,2048,1780,1578,2248,2050
"ENSG00000111669",14753.00001,13246,40112,31644,37315,49774,36752,47221,45023,47821,60089
"ENSG00000111670",445,613,369,411,267,177,238,198,319,484,485
"ENSG00000111671",150,255,211,173,148,171,180,233,254,265,261
"ENSG00000111674",8932,15394.99998,20017,16734,21518,26299,24838,15183,14166,20688,27574
"ENSG00000111676",2085,2246,321,232,335,81,362,108,94,101,103
"ENSG00000111678",1529.99999,1242,1368,959,1383,1645,1313,2282,2082,1990,1907
"ENSG00000111679",60,32.99999,12,16,7,18,6,26,31,7,6
"ENSG00000111684",538,353.99999,1006,947,816,1059,747,1066,1349,1133,1545
"ENSG00000111696",153,120,353,278,203,251,302,392,438,485,859
"ENSG00000111707",993,1009,1007,947,1123,923,998,662,813,907,947
"ENSG00000111711",491.00001,426,498,461,638,583,588,410,687,562,865
"ENSG00000111716",4938.00001,4093,14868,12569,13444,18391,14289,18514,21343,14629,20114
"ENSG00000111725",416,504,1806,1675,1893,1995,1794,1744,2042,1996,2780
"ENSG00000111726",550,572,1239,1101,1017,1402,1051,1233,1525,1567,1936
"ENSG00000111727",610,556,403,449,453,536,480,298,389,456,565
"ENSG00000111728",422,463,170,76,34,168,76,125,156,397,216
"ENSG00000111729",90,84,17,11,34,10,12,14,25,6,11
"ENSG00000111731",1503,1721.99999,802,638,685,664,698,509,400,606,545
"ENSG00000111737",447,425,136,131,162,32,109,38,33,26,36
"ENSG00000111752",309,534,901,898,745,772,753,653,893,1472,1310
"ENSG00000111775",2833,3047,9278,7254,7334,12600,6831,14086,13757,11712,11947
"ENSG00000111783",145,321,235,6,3,101,0,13,50,276,297
"ENSG00000111785",1432.99999,1226.99999,479,479,568,559,499,407,593,717,831
"ENSG00000111786",2899.99999,1495,1862,1878,1078,1214,657,1709,4257,6298,5810
"ENSG00000111790",735.99999,712,1057,803,1108,1151,1127,923,1230,1021,1335
"ENSG00000111799",289,433.99999,62,137,98,47,52,29,24,150,50
"ENSG00000111801",94.99999,64,236,206,213,285,315,192,216,257,164
"ENSG00000111802",434,512,511,434,543,504,497,500,596,459,611
"ENSG00000111816",32,100,337,189,246,277,334,191,177,155,210
"ENSG00000111817",452,454.99999,957,638,749,747,789,499,721,848,999
"ENSG00000111832",2168,2344,1057,792,894,1191,786,1080,1292,1062,1186
"ENSG00000111834",219,209,120,32,35,88,24,69,69,155,114
"ENSG00000111837",7094,7612.00001,872,258,689,1147,606,400,439,577,285
"ENSG00000111843",1780.00001,1950,2526,2137,2296,3035,2213,3540,3787,2736,3185
"ENSG00000111845",589,459,511,426,446,505,482,600,556,545,1025
"ENSG00000111846",331,254.00001,405,233,332,343,330,230,259,292,159
"ENSG00000111850",642,522,519,449,409,522,393,468,520,379,412
"ENSG00000111859",671.00001,620,1481,1007,1099,1397,1027,893,1335,4191,2321
"ENSG00000111860",1356,1613,558,494,687,498,626,390,351,371,909
"ENSG00000111863",18,83,18,9,1,10,12,33,34,2,26
"ENSG00000111875",507,479,1204,971,989,1252,950,1146,1533,1450,1747
"ENSG00000111877",889.99999,1008,228,231,171,153,115,135,192,194,267
"ENSG00000111879",1236.99999,1140,168,114,91,102,92,69,151,220,282
"ENSG00000111880",1775.00001,1615.99999,472,441,404,506,340,315,350,389,546
"ENSG00000111885",824,650,772,577,876,366,495,316,1031,1517,1483
"ENSG00000111886",355,499,120,49,137,129,162,35,36,97,17
"ENSG00000111897",2033,2132,8658,7735,9259,9335,8319,7888,10038,9674,10880
"ENSG00000111906",985,689,2015,1942,1912,2438,1941,2751,2964,2025,2480
"ENSG00000111907",364.99999,327.00001,2334,3433,1947,3668,2939,4064,5722,1491,3218
"ENSG00000111911",715,633,772,788,798,968,878,854,967,730,1425
"ENSG00000111912",1151,1126.99999,384,508,500,472,472,274,499,735,893
"ENSG00000111913",286.00001,820.99999,250,231,305,263,367,109,173,322,153
"ENSG00000111961",998,920,898,867,1005,675,1080,534,650,686,671
"ENSG00000111962",169,85,169,123,177,149,125,119,166,215,238
"ENSG00000111981",40,24,39,53,25,60,30,42,36,87,245
"ENSG00000112029",273,186,226,148,147,259,144,251,232,277,358
"ENSG00000112031",261.00001,362,663,479,630,632,537,682,968,950,1242
"ENSG00000112033",727,660.99999,587,554,599,334,574,275,312,234,266
"ENSG00000112038",39,104.00001,30,14,20,10,30,26,11,15,24
"ENSG00000112039",133,122,99,149,121,132,125,106,153,225,227
"ENSG00000112041",3502,3928,1858,401,1570,1929,1130,907,647,1131,340
"ENSG00000112062",1957.00001,1220,1414,1691,1332,1064,971,965,1588,1719,2522
"ENSG00000112078",1376,1319,2520,2165,2471,1940,1847,1225,1676,2640,2778
"ENSG00000112079",348,321,1067,1300,957,1163,1303,826,903,882,1249
"ENSG00000112081",4062,3343,5295,4212,3986,5724,4046,5969,8176,8252,11740
"ENSG00000112110",734.99999,689.99999,1038,914,937,1145,909,1464,1506,1481,1795
"ENSG00000112118",720,480.00001,1756,1960,1693,1986,1646,2051,2117,2143,2075
"ENSG00000112130",722.00001,706,553,418,513,643,571,580,669,760,747
"ENSG00000112137",2000,859,816,602,750,635,678,1037,1129,1340,1066
"ENSG00000112139",308,178,285,166,242,133,270,135,287,415,224
"ENSG00000112144",796,832,690,481,584,546,562,443,496,452,404
"ENSG00000112146",1332,1415.99999,2179,1950,1774,2000,1825,1615,1981,1998,2298
"ENSG00000112149",66,86,526,547,294,640,447,790,646,770,846
"ENSG00000112159",1359.99999,1750,796,776,799,774,934,518,649,530,727
"ENSG00000112164",96,52,74,3,0,41,5,16,18,36,81
"ENSG00000112167",212,153.99999,590,412,506,588,461,497,645,571,758
"ENSG00000112182",1445,1422.00001,190,115,159,125,107,72,59,130,74
"ENSG00000112183",28,39,88,168,106,117,138,105,120,94,204
"ENSG00000112186",393,301,805,2207,796,1610,1427,1257,1119,741,844
"ENSG00000112200",1467,1591,1264,1153,1373,930,1308,667,746,699,1170
"ENSG00000112208",194,215,380,298,349,374,317,344,401,321,418
"ENSG00000112210",255,435,342,413,222,318,189,243,287,490,554
"ENSG00000112218",47,65,77,157,83,70,113,57,67,57,40
"ENSG00000112234",925,633,822,892,962,710,894,671,656,506,671
"ENSG00000112237",1589,1364,896,699,783,769,724,820,1134,911,1355
"ENSG00000112238",83,33,39,30,32,39,24,17,33,28,15
"ENSG00000112242",378,268,215,166,193,142,170,80,143,160,152
"ENSG00000112245",843,980,1742,1725,1541,2081,1612,1896,1792,1335,2526
"ENSG00000112249",1429,1489,1193,1021,1162,1101,1203,725,695,588,1176
"ENSG00000112276",57,78,131,151,53,102,93,95,132,64,212
"ENSG00000112280",2225.00001,719.99998,11350,4132,15793,11075,9386,15968,13589,11588,10328
"ENSG00000112282",824,804.00001,1062,1032,990,850,1039,497,632,963,1085
"ENSG00000112290",1190.00001,510,1032,958,1050,984,937,767,748,886,924
"ENSG00000112293",224,311,187,152,192,165,159,178,337,449,281
"ENSG00000112294",259,523,365,361,212,187,191,159,315,766,558
"ENSG00000112297",163,247,87,146,46,79,111,100,167,18,129
"ENSG00000112304",564,750,1043,877,947,1052,831,963,1017,933,1146
"ENSG00000112305",1354.99999,1599,1256,1004,1245,1245,958,1228,1238,1535,1521
"ENSG00000112306",16982,12677,4321,3148,4575,3473,3899,4167,4119,3026,2587
"ENSG00000112308",3189.99999,2575,4534,3910,4260,3719,3731,4154,5489,7315,10565
"ENSG00000112309",466,550,239,156,197,168,141,153,193,326,215
"ENSG00000112312",482,404,300,245,262,285,230,309,390,389,477
"ENSG00000112319",469,724,158,215,165,135,216,120,166,86,91
"ENSG00000112320",1067.99999,681,174,206,210,180,159,174,196,150,111
"ENSG00000112333",1236,995,1171,946,469,691,340,565,885,2427,1513
"ENSG00000112335",2283,2021,4567,3740,3394,4595,2702,4628,6404,6824,7672
"ENSG00000112339",1559.99999,1288.00001,1458,1328,1270,1831,1227,1447,1600,1640,1964
"ENSG00000112343",32,49,59,95,82,103,87,112,178,44,123
"ENSG00000112357",347,479.99999,316,319,204,316,228,357,372,201,419
"ENSG00000112365",360,393,354,278,318,362,357,221,231,308,358
"ENSG00000112367",614.00001,4247.00003,1593,1302,1393,1541,1309,1099,1292,1442,1643
"ENSG00000112378",553,568,1169,1627,2213,1393,1491,1518,1820,2019,1344
"ENSG00000112379",925,972,482,854,602,484,566,391,407,476,1132
"ENSG00000112394",73,99,230,454,217,226,280,277,463,194,533
"ENSG00000112406",205,211,141,122,134,59,122,68,138,161,252
"ENSG00000112419",738,529,833,1003,717,864,1090,925,1432,397,915
"ENSG00000112425",453,735.99999,158,138,135,115,147,106,206,424,337
"ENSG00000112473",762.00001,622.99999,2006,1982,2295,2474,2185,2219,1973,1695,2616
"ENSG00000112511",595,705,1275,1057,1748,1274,1775,1107,1241,1525,2787
"ENSG00000112514",1704.00001,1703,2846,2766,2986,4136,3177,4642,4378,3230,3974
"ENSG00000112530",161,200,197,69,144,194,73,280,202,298,110
"ENSG00000112531",4086,3318.99999,1041,803,788,571,769,473,524,674,763
"ENSG00000112539",19,78,45,13,21,54,7,17,29,32,29
"ENSG00000112541",3235.99999,1509.99999,130,90,113,128,152,96,174,163,246
"ENSG00000112559",976,267.00001,334,201,354,46,228,89,52,45,36
"ENSG00000112561",208.00001,203.99999,276,268,197,106,244,156,291,295,387
"ENSG00000112562",710,397,2878,2736,548,2495,1164,5555,4868,849,6453
"ENSG00000112576",263.99999,307,998,1245,1023,1019,856,1185,1698,2698,2919
"ENSG00000112578",165,152,321,333,299,324,313,321,382,379,555
"ENSG00000112584",1391,2546.99999,2383,1910,2358,2431,2291,1672,1707,2034,2395
"ENSG00000112592",481,484.99999,657,572,683,878,639,842,891,901,1115
"ENSG00000112599",5137,9658,7192,600,5944,9380,5949,2469,2212,2699,1350
"ENSG00000112619",3243,6094,3514,947,4219,5514,3104,1669,1823,3934,2225
"ENSG00000112624",1000,861,268,242,319,136,219,113,114,102,122
"ENSG00000112640",522,501,1471,1309,1614,1061,1446,816,922,1130,1483
"ENSG00000112651",296.00001,377,529,516,611,652,651,760,610,559,612
"ENSG00000112655",815,657,2078,2354,2210,684,1799,647,771,886,933
"ENSG00000112658",433,432,91,108,86,60,121,75,127,211,222
"ENSG00000112659",712.00001,730.00001,972,932,1151,653,1102,434,469,573,561
"ENSG00000112667",915,675,1441,1125,1388,1956,1349,2341,2413,1979,2042
"ENSG00000112679",1319,712,947,812,900,690,809,665,744,968,642
"ENSG00000112685",618,841.99999,1099,1156,1041,1032,980,825,872,1100,1238
"ENSG00000112695",3233.00001,3240.99999,3850,2929,3236,4725,2927,4950,5187,3670,4050
"ENSG00000112697",1209,1363.99999,2571,2865,2564,2832,2357,1814,2615,3173,3293
"ENSG00000112699",268,215,353,270,265,290,159,300,516,481,491
"ENSG00000112701",3269.00001,3128,1796,1671,1749,1657,1442,1259,1549,1633,1850
"ENSG00000112706",1270,3413,1068,132,753,1490,571,461,659,1116,530
"ENSG00000112715",9227,4459,3935,2860,1597,1847,1143,1111,1928,3619,7294
"ENSG00000112739",2473,2352.00001,797,688,689,677,808,619,838,793,938
"ENSG00000112742",195,181,52,44,56,34,53,37,46,37,36
"ENSG00000112759",195.99999,281,1552,1581,2480,2193,2961,1963,2114,1045,2025
"ENSG00000112763",353,352.99999,684,672,740,820,851,726,758,756,957
"ENSG00000112769",558.99999,914.00001,792,307,841,485,520,328,612,477,596
"ENSG00000112773",265,283,556,356,479,524,376,425,542,758,842
"ENSG00000112782",81,194,11,20,29,14,25,23,30,22,33
"ENSG00000112787",1325,1187.00001,83,54,89,35,69,46,33,33,29
"ENSG00000112796",82,254,970,1217,1248,1301,1543,967,1468,1301,1870
"ENSG00000112812",45,24,15,26,16,0,23,40,27,6,41
"ENSG00000112851",7647.99998,3594.99999,1064,1154,938,713,995,541,769,1099,1350
"ENSG00000112852",531,451.99999,1310,1642,1304,1642,1234,1267,1854,2111,1834
"ENSG00000112855",369.99999,275,1043,1042,937,1253,927,1113,1140,1235,1614
"ENSG00000112874",228,1411,298,287,332,330,281,256,213,204,272
"ENSG00000112877",131,115,98,84,138,135,141,99,167,172,159
"ENSG00000112893",547,616,796,746,471,497,544,589,456,247,518
"ENSG00000112902",707,889,1041,1734,1336,902,809,781,650,1551,1086
"ENSG00000112936",192.00001,348,312,146,93,282,114,106,374,539,211
"ENSG00000112941",513,499,142,87,165,121,175,80,140,183,188
"ENSG00000112964",363,475,128,151,51,96,98,95,140,173,236
"ENSG00000112972",1419,700,904,710,883,453,757,350,492,410,863
"ENSG00000112977",749,565.99999,2497,2879,2189,2275,1801,2950,5139,5874,6243
"ENSG00000112981",277,285,274,163,136,270,115,300,394,272,242
"ENSG00000112983",1543.00002,1339.00002,2284,1965,2172,2567,2040,2536,2832,3343,3107
"ENSG00000112984",119,20,132,122,136,243,220,227,100,122,74
"ENSG00000112992",2018.99999,1855.99999,2210,2151,2166,1969,2184,1253,1291,1650,2001
"ENSG00000112996",744,765,705,626,738,699,843,633,687,632,879
"ENSG00000113013",3246.00003,3552.99999,8871,8168,7500,9508,7958,8447,10694,10851,24149
"ENSG00000113048",2159.00001,1847.99999,1724,1519,1577,2075,1646,1640,1924,1936,2421
"ENSG00000113068",1142.99999,733,1373,1279,1158,2193,1127,2368,2554,2802,2885
"ENSG00000113070",116,134,133,102,114,147,74,118,241,725,739
"ENSG00000113073",47,29,21,10,15,22,35,1,4,1,6
"ENSG00000113083",1969,556,513,742,311,505,338,341,1012,930,3436
"ENSG00000113108",366.00001,457.00001,1457,1166,1288,1163,1333,1085,1015,1100,1208
"ENSG00000113119",57.99999,131,295,247,279,267,316,319,274,226,195
"ENSG00000113140",2573,1359,35698,38394,33766,40382,35995,50237,43600,50473,36059
"ENSG00000113141",2211,2039,2405,1991,2178,3134,2247,3291,3742,3864,4229
"ENSG00000113161",1085.99999,728.99999,1490,1161,1371,1200,1359,968,1540,1649,2519
"ENSG00000113163",2501.99998,7470,707,711,755,744,738,870,860,589,901
"ENSG00000113194",1353,1289,2738,2584,2844,2638,2784,2142,2837,2993,4589
"ENSG00000113205",116,64,69,57,67,62,68,64,45,48,31
"ENSG00000113209",89,428,21,9,11,14,20,14,16,13,13
"ENSG00000113231",817,1039,178,80,124,114,108,65,161,244,123
"ENSG00000113240",968.99998,1028.00001,804,562,819,921,900,577,785,761,904
"ENSG00000113249",25,140,29,24,28,14,23,7,9,13,14
"ENSG00000113262",275,201,221,69,179,128,158,180,91,129,54
"ENSG00000113269",1345,1944.00001,1965,1436,1452,1921,1400,1864,2159,2199,2428
"ENSG00000113272",150,167,179,120,229,179,201,209,204,152,184
"ENSG00000113273",330,527,612,1038,436,485,413,417,577,626,661
"ENSG00000113282",1681,1505.99999,1612,1511,1767,1687,1659,1421,1795,1721,2591
"ENSG00000113296",341,458,549,477,498,571,591,332,533,491,693
"ENSG00000113300",1204.99999,1057,512,507,391,362,341,205,348,334,428
"ENSG00000113312",1393,1200.99999,1317,1142,1014,1600,1130,1677,1946,1802,2455
"ENSG00000113318",1861,1582,494,431,447,478,395,402,500,459,409
"ENSG00000113319",3119,3954,1095,1081,1466,875,1439,680,859,448,608
"ENSG00000113327",193,350.00001,165,170,216,228,200,170,203,352,193
"ENSG00000113328",1235,806.99999,4233,3328,4871,3827,4873,3208,4242,4277,6163
"ENSG00000113356",177.00001,313,47,47,83,30,48,49,52,25,30
"ENSG00000113360",1553,1658,1046,826,1203,537,1015,479,492,563,617
"ENSG00000113361",648,358,1839,2402,2058,1194,1450,1981,2620,2393,1677
"ENSG00000113368",967.99999,620.00001,128,163,105,51,66,33,49,57,12
"ENSG00000113369",1294.99999,1010.00001,4141,2653,4113,2742,3807,2117,2244,2995,3953
"ENSG00000113384",752,838,1297,1480,940,770,599,974,1834,2331,2934
"ENSG00000113387",2306,1824.00001,2493,1968,2079,2771,1851,2443,2876,2420,2522
"ENSG00000113389",80,228,54,25,41,12,42,9,24,51,25
"ENSG00000113391",1673.00001,1752.00001,1895,1564,1693,1834,1400,1262,1472,1809,1919
"ENSG00000113396",111,126,157,212,206,189,222,224,249,179,150
"ENSG00000113407",1700.99999,1778,2881,2603,2214,3168,2262,2297,2686,3649,5093
"ENSG00000113430",52,32,6,1,0,1,0,1,65,99,124
"ENSG00000113441",859,822,1105,903,1137,565,1011,451,600,532,353
"ENSG00000113448",2739,2949,805,827,920,749,1060,380,506,397,474
"ENSG00000113456",496.00001,542,685,525,605,720,632,711,750,735,804
"ENSG00000113460",588,522,488,413,525,771,531,758,927,762,933
"ENSG00000113494",138.99999,280,166,147,213,102,206,98,101,41,68
"ENSG00000113504",232,229,978,968,1100,612,1025,439,410,701,700
"ENSG00000113522",388,449,839,811,765,808,692,845,830,823,851
"ENSG00000113532",296.00001,171,204,192,168,137,122,91,101,132,98
"ENSG00000113552",559.99999,664,1673,1586,1953,1269,1889,1398,1010,833,880
"ENSG00000113555",25,26,34,18,28,27,38,20,32,21,51
"ENSG00000113558",4726,3805.99999,7482,5621,6301,9615,5942,10235,11720,9259,10690
"ENSG00000113569",955,852.00001,817,800,927,644,783,436,456,532,829
"ENSG00000113575",1501,1559,5119,4337,4376,5613,3766,5232,7242,7566,8598
"ENSG00000113578",316,561.99999,563,218,253,343,107,220,498,1294,1006
"ENSG00000113580",1236.99999,1861.00001,1282,1133,1521,1093,1517,916,1329,1320,1851
"ENSG00000113583",874,775,1386,1287,1341,1672,1240,1566,1978,1605,1593
"ENSG00000113593",784,818.99998,490,494,473,537,460,463,631,551,917
"ENSG00000113594",818,877,654,699,539,439,410,326,535,1123,1156
"ENSG00000113595",786.00001,677,653,670,787,717,782,518,640,692,789
"ENSG00000113597",1175.00001,1084,615,446,453,526,517,531,544,534,617
"ENSG00000113615",673,750,954,961,1284,621,1086,425,452,555,1125
"ENSG00000113621",1240.00001,1118,978,940,987,906,817,1008,1229,966,1193
"ENSG00000113638",870.99999,856.99999,746,638,856,760,879,516,614,596,612
"ENSG00000113643",919,1011.99999,1380,1172,1120,1248,1297,1404,1646,1558,1998
"ENSG00000113645",2187.99999,2265.00001,290,312,206,224,253,275,259,188,258
"ENSG00000113648",2218,2180.00002,3667,3023,3190,3987,2556,3926,4084,4425,3512
"ENSG00000113649",2945.00001,2306,1720,1273,1701,1533,1681,1323,1445,1396,1743
"ENSG00000113657",3042,4863,5162,903,2041,2647,1914,1068,1362,3000,2195
"ENSG00000113658",1455,1196,1545,1433,1596,1034,1530,974,1060,1055,1322
"ENSG00000113712",3467.99999,3321,5386,4760,5459,5424,5122,4844,5673,6321,7377
"ENSG00000113716",982.99999,874,1797,1625,1726,1571,1554,967,1080,1808,2537
"ENSG00000113719",1187.99999,1151.00001,1105,882,794,579,579,501,756,1009,651
"ENSG00000113721",376.00001,237.99999,5203,4140,8121,4226,6642,2823,2609,2724,2489
"ENSG00000113732",1036,808.99999,3737,3753,3454,4662,3730,5843,5909,3883,5770
"ENSG00000113734",336,235,283,248,215,395,276,361,386,379,568
"ENSG00000113739",273,279,1078,1084,1274,1492,2237,927,516,374,1533
"ENSG00000113742",1495.99999,2043,744,946,977,732,1021,522,750,597,879
"ENSG00000113749",19,24,36,41,11,32,37,55,44,3,42
"ENSG00000113758",1400.00001,882.00001,4628,3705,3879,4311,3563,3999,3757,4884,3362
"ENSG00000113761",726.00001,439,1469,1460,1542,1883,1489,1717,1835,2098,1969
"ENSG00000113763",140,107,40,6,47,19,24,13,41,48,72
"ENSG00000113790",107,285,95,126,73,104,114,91,119,64,124
"ENSG00000113805",225,341,191,151,185,118,187,78,91,101,93
"ENSG00000113810",1492,918.99998,315,316,218,322,245,451,364,353,304
"ENSG00000113811",2386,2563,2572,1943,2330,3292,2177,3243,3139,2888,4696
"ENSG00000113812",216,257,816,984,848,864,946,764,746,693,595
"ENSG00000113838",366,376.00001,902,697,721,836,691,829,1180,1096,1513
"ENSG00000113845",730.00001,950.99999,1831,1662,1214,2260,1355,2543,2699,2401,2866
"ENSG00000113851",676,641,1675,1337,1486,1831,1417,1756,1974,1640,2043
"ENSG00000113916",264,178.99999,365,357,523,127,483,144,253,217,314
"ENSG00000113924",70,104,42,25,13,47,5,70,111,375,134
"ENSG00000113946",44,67,20,12,20,19,19,17,33,14,26
"ENSG00000113966",1309.00001,1893,390,290,381,480,299,324,346,361,400
"ENSG00000113971",465.99999,416,413,362,390,255,319,291,237,294,351
"ENSG00000114019",750,1168.00001,2127,2351,2983,2599,3805,1751,2238,3223,2918
"ENSG00000114021",488,500.99999,812,850,778,1091,749,1109,1257,1000,1153
"ENSG00000114023",1988.00001,2137,4190,3329,3759,4583,4580,3863,3657,3527,5884
"ENSG00000114026",583,491,734,559,631,626,629,627,563,648,536
"ENSG00000114030",1439,1675,2052,1857,2232,1828,1780,1531,1761,2220,3194
"ENSG00000114054",2091.00001,1898.99999,1608,1548,1611,2153,1802,1732,2020,1724,2248
"ENSG00000114062",3038,3149.99999,2692,2320,2766,2500,2070,2239,3112,2879,3661
"ENSG00000114098",2101,3331,1403,1414,1438,1763,1446,1475,1737,1721,2275
"ENSG00000114107",1824.99999,1610.00001,981,680,652,915,679,767,1043,873,1174
"ENSG00000114115",5476,4815,6054,5368,4078,8018,4919,8871,9102,5590,4731
"ENSG00000114120",2000,1934,1947,1527,2159,1896,2196,1680,1520,1328,2123
"ENSG00000114124",222,453,49,10,20,68,38,18,50,115,55
"ENSG00000114125",1559,1422.99999,2513,2161,2345,2873,2383,2977,3699,2696,3058
"ENSG00000114126",1557.99999,965.00001,1364,1102,1258,986,1084,912,1057,1149,895
"ENSG00000114127",1881.99998,2087.00001,668,620,803,650,747,422,453,402,564
"ENSG00000114166",724,821,244,190,201,187,137,156,212,204,192
"ENSG00000114200",494,461,763,530,438,839,370,654,790,1121,754
"ENSG00000114209",766,763.99997,750,627,554,775,633,857,1007,670,950
"ENSG00000114251",145,85,635,549,912,542,708,298,401,256,294
"ENSG00000114268",527.00001,555.99999,2120,1824,2065,2656,3696,1116,741,1652,2365
"ENSG00000114270",455,583.00001,609,493,577,604,665,414,527,696,578
"ENSG00000114279",478,1135,130,39,129,85,80,81,99,151,125
"ENSG00000114302",2330,1988.99999,926,806,957,807,908,729,846,894,804
"ENSG00000114315",2782,1785,176,198,122,195,108,247,344,1575,628
"ENSG00000114316",1129.00001,888,1580,1489,1707,1588,1683,1335,1395,1437,1611
"ENSG00000114331",2288,2170.00001,1036,955,1200,894,986,756,941,798,982
"ENSG00000114346",596.99999,560,533,291,489,390,455,336,232,360,286
"ENSG00000114349",2908,5272,1017,310,943,2347,497,557,280,489,428
"ENSG00000114353",3153,2255,4673,4242,3470,3020,2067,3433,5545,7953,6393
"ENSG00000114354",3569,3610.99999,3939,3506,3572,4158,3024,4185,5332,5091,6154
"ENSG00000114378",77,36,61,40,42,42,41,31,66,25,72
"ENSG00000114383",608,623,985,865,922,740,765,735,761,888,987
"ENSG00000114388",429,417.99998,1251,1057,1590,1536,1476,1503,1728,1661,1725
"ENSG00000114391",6846.00002,5643.99999,3323,1960,3165,3063,2742,3350,3001,2373,2400
"ENSG00000114395",229,210,551,499,532,640,530,879,1002,976,1077
"ENSG00000114405",572.99999,524.99999,311,333,272,479,171,458,573,674,566
"ENSG00000114416",1753,2461.99998,1186,1005,1335,1093,1208,1036,930,805,1045
"ENSG00000114423",3094,3827,883,907,1127,858,1145,598,661,642,668
"ENSG00000114439",3596,3456,2906,2263,3047,2946,2891,2475,2815,2750,3362
"ENSG00000114446",1475,1520,2525,1638,2571,3010,1731,3137,4706,3235,3540
"ENSG00000114450",1047,660.00001,429,242,335,259,217,229,227,270,384
"ENSG00000114473",450.00001,583,506,338,256,552,219,392,539,699,930
"ENSG00000114480",766,1361,1636,1705,1270,1781,2001,1223,1387,1442,3136
"ENSG00000114491",424.00001,332,745,919,731,903,814,1064,1093,942,1100
"ENSG00000114503",1527,1132.00001,3335,2677,3024,3451,2881,3239,3988,3725,4338
"ENSG00000114520",1489,1182,1218,1065,1050,1419,1051,1360,1717,1408,1937
"ENSG00000114529",56,106,35,62,81,59,48,77,67,57,46
"ENSG00000114541",1649,1779.00001,983,685,860,925,878,570,518,592,496
"ENSG00000114544",591.00001,686,2782,2454,3077,2897,2542,3019,4133,3534,3432
"ENSG00000114547",117,200,24,19,32,23,23,7,45,27,15
"ENSG00000114554",364,267,743,627,603,523,627,508,458,645,420
"ENSG00000114573",2004,2701.00001,5183,4934,4612,5830,4654,5101,6086,5601,6816
"ENSG00000114626",168.00001,152.00001,343,309,504,339,501,264,282,251,191
"ENSG00000114631",829,777,1209,1018,902,938,664,827,1201,1579,1211
"ENSG00000114646",1617.99999,1027.99999,128,116,92,73,113,118,87,115,42
"ENSG00000114648",889.00001,1496,744,730,868,831,947,613,835,993,1287
"ENSG00000114650",993.00001,896,3921,3838,4163,3255,3735,2781,3478,4265,4739
"ENSG00000114656",128,452,103,73,86,88,127,49,64,108,111
"ENSG00000114670",427.99999,765,70,113,92,85,24,143,137,166,109
"ENSG00000114686",988,456.00001,800,664,672,872,661,940,1066,1001,1246
"ENSG00000114698",176.99999,356,302,312,316,253,291,267,320,419,334
"ENSG00000114735",409,340.00001,1076,836,1117,769,1127,695,684,769,948
"ENSG00000114737",72,35,161,132,136,192,155,125,279,918,1042
"ENSG00000114738",456,405.00001,2538,2236,2741,2470,2257,2605,4014,2677,3438
"ENSG00000114739",519,427,592,444,706,260,671,182,168,152,94
"ENSG00000114742",640,529,2675,2338,3141,2740,2350,1944,2383,2692,2719
"ENSG00000114744",819,811,1545,1382,1365,1544,1231,1552,1753,1336,1763
"ENSG00000114745",437.99999,566.00001,1826,1722,1692,2072,1798,1667,2094,2164,2855
"ENSG00000114757",1518,1441,1329,1100,1199,1497,1225,786,1029,1018,690
"ENSG00000114767",162,168,584,564,460,650,473,818,952,806,1273
"ENSG00000114770",1535.99999,1574.00001,2242,2711,1407,1908,2019,2188,1937,1432,2504
"ENSG00000114779",356,480.99999,1572,1438,1950,1495,1910,1825,1844,1444,1571
"ENSG00000114784",1539,1704,2368,1927,2271,3043,2300,2915,3163,3347,5614
"ENSG00000114786",215.99999,88.99999,691,485,515,811,358,1106,1046,909,700
"ENSG00000114790",1321,1142,1223,963,1210,878,936,770,880,1337,1292
"ENSG00000114796",1175.00001,1000.99999,1810,1783,2405,1695,2470,1194,1302,1001,1493
"ENSG00000114805",1500,1283,1886,1580,1800,1622,2089,989,1186,1229,940
"ENSG00000114841",358.99999,320,120,184,176,185,197,82,118,187,122
"ENSG00000114850",2142.00001,1496.99999,3165,2772,2829,2549,2582,2736,2094,1952,4489
"ENSG00000114853",555,452,346,219,330,158,294,215,272,343,250
"ENSG00000114857",2843.99999,2707.99998,1956,1313,1997,1998,2210,1514,1548,1409,1489
"ENSG00000114859",246,192.99999,238,284,195,320,247,318,383,510,562
"ENSG00000114861",7542,1661.00002,3618,3372,4305,2890,3353,3432,3640,3024,2746
"ENSG00000114867",2736.99999,2488.00002,2991,2806,3051,1985,2887,1815,2148,2550,3580
"ENSG00000114902",2957.99999,3549,3168,2249,2905,3345,2459,3724,4370,3357,4195
"ENSG00000114904",647,652,792,696,819,868,672,642,711,876,1317
"ENSG00000114923",367,279,626,712,464,581,531,364,501,895,753
"ENSG00000114933",851,783,421,437,479,398,457,393,400,278,462
"ENSG00000114942",2274,1575.99999,3542,2553,3130,3701,2831,4329,4190,3112,3614
"ENSG00000114948",767.99999,664,95,51,42,78,49,37,67,110,69
"ENSG00000114956",1508.99999,1229.00001,1695,1490,1758,2375,1537,2517,2643,2666,2606
"ENSG00000114978",1155,745,2964,2701,2921,2328,2799,1753,2360,2219,3223
"ENSG00000114982",1531.99998,1057,2515,1897,2479,1808,2407,1263,1329,2112,1987
"ENSG00000114988",443.00001,278,1731,1728,1326,2031,1422,2108,2246,2577,3249
"ENSG00000114993",343.00001,344.00001,599,579,581,375,499,456,368,396,371
"ENSG00000114999",428,344,355,298,303,243,268,220,323,315,288
"ENSG00000115008",25,22,9,1,6,0,2,1,4,27,40
"ENSG00000115020",1342.99999,1557,775,861,844,404,849,338,365,364,354
"ENSG00000115041",133,101,229,206,278,166,329,243,249,130,158
"ENSG00000115042",433,295,1037,880,909,1105,863,1294,1338,1117,1205
"ENSG00000115053",9775.00001,8188.00001,8892,7821,7930,9772,7958,9794,11116,10603,12116
"ENSG00000115073",866,864,893,675,811,419,748,443,404,466,384
"ENSG00000115084",1004,946,1704,1632,1310,1553,1557,1382,1465,1223,1726
"ENSG00000115091",1478.99999,1272.99999,2885,2574,2358,2530,2326,2419,2986,3042,3140
"ENSG00000115107",85,30.99999,182,81,73,86,62,50,112,196,142
"ENSG00000115109",2497,3602.00001,1482,1490,1646,1121,1542,652,505,775,966
"ENSG00000115112",38,52,185,152,87,227,180,114,154,41,152
"ENSG00000115128",1456,1312,1251,995,1024,1546,991,1626,1737,1379,1574
"ENSG00000115129",390.99999,243,454,431,249,551,235,678,886,534,541
"ENSG00000115137",302.00001,353.00001,448,332,518,409,535,271,368,474,500
"ENSG00000115145",1089,738,624,523,645,468,542,364,510,544,724
"ENSG00000115155",58,117,154,137,148,85,194,49,68,83,115
"ENSG00000115159",1327.99999,1816.00001,410,531,505,412,408,279,318,347,427
"ENSG00000115163",104,56,25,9,9,8,11,33,14,15,21
"ENSG00000115165",35,35.00001,10,130,25,124,77,52,193,3,58
"ENSG00000115170",1223,1220.00001,439,397,336,367,344,414,624,507,487
"ENSG00000115183",1471.00001,1124.00001,2041,2936,2290,2283,2768,1095,1189,1593,1933
"ENSG00000115204",675,651.99999,2240,1948,1849,2829,1836,3261,3610,2941,3475
"ENSG00000115207",599,601,2095,1865,2141,2042,2144,1669,2162,2137,2880
"ENSG00000115211",600.00001,683,1848,1921,1905,2690,2049,2577,3111,2392,3383
"ENSG00000115216",1443,1346.00001,4899,4670,5169,6083,5145,5926,7433,7029,8762
"ENSG00000115226",150,233,100,91,56,48,31,81,230,1059,543
"ENSG00000115232",169,267,104,130,137,130,95,116,86,126,52
"ENSG00000115233",1330,1169,1661,1548,1246,2092,1135,2200,2852,2575,3225
"ENSG00000115234",986,680,5220,4429,4366,5924,4526,6438,6949,6775,6865
"ENSG00000115239",1674,1636.99999,1435,1082,1368,1392,1309,1289,1425,1214,1445
"ENSG00000115241",1295,1204,2232,2195,1715,2602,1652,2662,2876,3008,3138
"ENSG00000115252",412.99999,960,135,87,71,82,82,50,144,135,94
"ENSG00000115255",844,1179,848,1023,685,1272,1068,1375,1950,1008,1260
"ENSG00000115257",118.99999,109.99999,98,70,136,38,81,44,37,26,41
"ENSG00000115266",1146.99999,824.99999,368,312,179,131,130,193,275,804,396
"ENSG00000115267",192,254,136,120,89,62,49,88,165,233,320
"ENSG00000115268",8843,7999,6527,4822,6203,7816,6301,9227,8944,7468,6846
"ENSG00000115271",534.00001,411,687,641,592,779,639,660,789,657,737
"ENSG00000115274",98,106,52,50,57,33,61,40,30,17,20
"ENSG00000115275",355.99999,365,1398,1327,1679,1438,1374,1155,1327,1519,1419
"ENSG00000115282",289,271,1075,842,1035,1143,1068,853,942,1073,1164
"ENSG00000115286",1285.99999,1134,3161,2999,3397,4292,3705,5451,5273,3976,5319
"ENSG00000115289",247,288.00001,481,341,431,516,410,592,578,433,542
"ENSG00000115290",205,254,51,10,16,23,30,23,61,53,50
"ENSG00000115295",1715.00001,1840,964,843,1041,916,900,649,913,694,1254
"ENSG00000115297",120,272,52,34,68,67,31,73,112,122,84
"ENSG00000115306",4283.00001,8279,6029,6057,7115,4186,5938,2937,4301,5048,4700
"ENSG00000115307",1309,1174,2071,1635,1500,2717,1550,2669,3112,3279,3304
"ENSG00000115310",17677,18403,5312,5454,4814,5138,3475,3263,3790,5577,3148
"ENSG00000115317",261.99999,225.99999,760,516,596,415,492,478,407,525,455
"ENSG00000115318",1092,518,1980,1797,1773,1916,1758,1415,2197,3046,4480
"ENSG00000115325",121.00001,67,302,280,315,222,273,323,340,381,486
"ENSG00000115339",45,63,146,135,168,112,189,126,200,68,183
"ENSG00000115350",407,547,554,428,290,717,297,723,815,735,532
"ENSG00000115353",52,82,36,32,11,48,11,24,28,99,25
"ENSG00000115355",5927.00001,4371.00002,1463,1113,1073,1428,962,1082,1019,1267,906
"ENSG00000115361",86,221,36,20,25,16,45,11,28,19,32
"ENSG00000115363",112,119,140,125,96,163,111,127,119,144,119
"ENSG00000115364",722,710,1120,1018,1234,945,1136,871,989,719,1040
"ENSG00000115365",906,1248,2116,1921,2190,1760,1964,1118,1230,1847,1946
"ENSG00000115368",681.99999,677,659,507,666,641,689,576,639,581,916
"ENSG00000115380",1179,408,14191,16847,21194,17608,21634,19221,25210,12901,18045
"ENSG00000115392",1120.99999,750,1383,1156,1672,1596,1632,1484,1315,914,1230
"ENSG00000115414",7289.99999,2282.99999,11418,5372,3304,5485,1791,3312,5092,25846,10159
"ENSG00000115415",1037,1645.00001,1308,1410,1242,1295,1321,895,1144,1856,1733
"ENSG00000115419",1460.99999,1609,215,193,237,192,217,136,168,162,243
"ENSG00000115421",742,728,523,415,612,408,536,261,298,357,426
"ENSG00000115423",492,667,110,90,99,55,71,60,69,72,67
"ENSG00000115425",402,412,518,365,452,504,419,493,628,281,443
"ENSG00000115446",856.00001,1012.99999,1849,1231,1628,1979,1366,1992,2363,1982,2638
"ENSG00000115457",10940,5115.00001,903,767,469,289,533,324,427,1277,1440
"ENSG00000115459",445.99999,680,741,677,734,947,727,753,698,785,832
"ENSG00000115461",9058,2300,9427,4293,1738,4358,2481,3404,5817,5819,12042
"ENSG00000115464",3983,3334,2811,2317,2763,2135,2628,1840,2233,1786,2303
"ENSG00000115468",34,80,538,702,700,530,429,499,1024,585,1446
"ENSG00000115474",326,212,4184,2579,5533,4125,3925,4930,6355,2482,3832
"ENSG00000115484",1940,2196,4479,4025,4174,4846,3919,5233,5145,4731,6105
"ENSG00000115486",660,619.99999,1141,1063,1166,1117,1232,1016,1142,1007,1302
"ENSG00000115504",2988,2764.99999,1078,1227,1506,1374,1521,1136,1144,678,935
"ENSG00000115507",34.99999,18,966,923,1784,1249,1704,1159,992,119,382
"ENSG00000115514",516,713.00001,509,419,395,653,403,665,828,641,839
"ENSG00000115520",413,465,799,726,665,942,683,813,1473,1410,2372
"ENSG00000115524",3009.00001,2792.00001,7712,6956,7967,7588,7917,5328,6111,6565,6891
"ENSG00000115525",793.00001,918.00001,868,1159,799,800,827,913,852,982,850
"ENSG00000115526",258,330,736,584,456,631,366,485,912,1502,1763
"ENSG00000115539",433,384,305,267,263,430,289,400,491,519,492
"ENSG00000115540",1096.00001,1078,1058,772,1010,948,909,756,1165,882,1230
"ENSG00000115541",2210,2022,2092,2131,1949,2985,1979,3563,3410,2556,4216
"ENSG00000115548",1262.00001,1205,2813,2573,2787,3227,2755,1510,1467,2166,2314
"ENSG00000115556",512.99999,526.99999,536,251,491,620,397,317,433,571,315
"ENSG00000115561",1166.99999,1043.00001,1575,1384,1371,1808,1360,1789,2270,2176,2189
"ENSG00000115568",496,437.00001,863,824,1020,821,1036,497,562,650,755
"ENSG00000115593",16,18,48,61,29,81,117,31,48,13,38
"ENSG00000115594",213,189.99999,83,39,79,72,55,83,186,348,239
"ENSG00000115641",235.99999,350,350,329,329,321,370,434,426,471,597
"ENSG00000115648",48,63.99999,53,168,53,179,200,91,158,111,261
"ENSG00000115649",746.00001,505,1867,1870,1960,1839,1959,1858,1990,2215,3207
"ENSG00000115652",753,625.99999,800,759,561,923,598,903,880,1397,1503
"ENSG00000115657",413,458,1999,2181,2204,2359,2671,1706,1982,3178,5649
"ENSG00000115661",349,298.00001,530,460,579,391,538,408,315,320,385
"ENSG00000115677",2739.99998,2328.00001,10644,10906,11987,11333,11802,7743,8539,11025,14875
"ENSG00000115685",919.00001,885,893,897,796,1302,842,1473,1572,1374,1517
"ENSG00000115687",304,416,365,281,317,281,298,207,151,208,164
"ENSG00000115694",1116.00001,979,4295,3936,4287,5038,3979,4609,4724,4865,5000
"ENSG00000115738",919,680,1451,1515,1692,1781,1180,1643,1820,1671,2184
"ENSG00000115750",1132,707,524,391,410,546,377,507,587,540,656
"ENSG00000115756",460,456.00001,670,700,498,491,297,491,743,1254,1002
"ENSG00000115758",1223.00001,1137,810,829,427,321,384,662,1440,3070,3304
"ENSG00000115760",5053.00001,5405,2551,2177,2758,1622,2359,1030,1154,1047,1548
"ENSG00000115761",2270.00001,3606.00001,669,642,673,817,634,653,792,779,1078
"ENSG00000115762",1106,1323.99999,4484,3806,4239,4728,4064,3695,4212,3942,4611
"ENSG00000115806",1253,1173,3839,3364,4232,4005,3944,4005,5015,4717,6766
"ENSG00000115808",824,703,364,277,285,197,185,161,238,202,317
"ENSG00000115816",1191,1073,1049,864,1135,1214,1095,947,1045,1074,1568
"ENSG00000115825",1434,1361,1338,835,1406,961,1162,572,573,841,823
"ENSG00000115827",665,515,569,527,646,441,503,328,337,446,492
"ENSG00000115828",84,32,206,116,243,167,150,135,126,367,181
"ENSG00000115839",2928.99999,4928.99999,1837,1704,2287,1949,2033,1317,1735,1755,1683
"ENSG00000115840",872,1301,960,815,1002,1002,894,860,1319,999,1064
"ENSG00000115841",300,737,219,210,344,271,420,401,368,290,396
"ENSG00000115866",1930,2647,3902,2867,3301,4391,3467,3570,4148,4701,5274
"ENSG00000115875",1935.00001,1584.00001,3308,2649,2915,4011,3192,3906,4870,4709,6339
"ENSG00000115884",53,44,178,273,121,133,103,111,190,307,310
"ENSG00000115896",144,171,205,222,282,109,96,124,160,194,165
"ENSG00000115902",527,407.00001,539,475,290,337,220,422,798,1414,1526
"ENSG00000115904",1989.99999,1930.99998,693,508,708,483,620,337,402,382,419
"ENSG00000115919",72,343,120,99,94,94,81,56,52,65,43
"ENSG00000115935",442.00001,576,261,284,259,143,257,147,146,122,112
"ENSG00000115942",554,586,259,249,292,360,288,311,351,325,244
"ENSG00000115944",1978,2140.99999,2812,2358,2857,3301,2575,3384,3474,2988,3551
"ENSG00000115946",505,527,608,514,492,782,473,641,880,978,1610
"ENSG00000115947",1340,2008,1902,1461,1735,1589,1791,1408,1484,1480,1757
"ENSG00000115963",601,487,1201,791,801,1094,940,615,954,2001,2334
"ENSG00000115966",1245.99999,1978,1677,1422,1713,1445,1412,1052,1221,1456,1432
"ENSG00000115970",1695,2870.00001,937,954,967,792,910,578,519,659,662
"ENSG00000115977",2133.99999,2220,1048,874,1024,744,946,772,859,793,977
"ENSG00000115993",1516,1766,1327,1333,865,1422,948,1116,1435,1213,959
"ENSG00000115998",193,232.00001,389,402,363,480,366,452,501,521,687
"ENSG00000116001",2398.00002,1932.99999,2221,1616,1778,1958,1950,1457,1407,1404,1299
"ENSG00000116005",1039,976,5340,5326,5788,4826,5672,4219,5147,4456,5379
"ENSG00000116014",365,249,62,69,40,17,39,14,118,246,594
"ENSG00000116016",2239,1176.00001,1762,1417,438,1074,707,1036,1370,1773,2895
"ENSG00000116017",288.00001,268,179,129,238,97,190,105,81,81,86
"ENSG00000116030",1586.99998,1539,2536,2286,2388,3204,2164,3528,4207,3497,3523
"ENSG00000116031",55,94,90,46,58,70,83,34,46,37,28
"ENSG00000116032",71,47,45,26,30,6,27,11,34,33,53
"ENSG00000116035",765,735,562,371,432,644,447,531,746,970,568
"ENSG00000116039",357,130,2507,1023,1564,2443,1747,1807,4093,3219,2655
"ENSG00000116044",1903,2623,3663,2978,3867,3835,3068,3390,5899,7715,8289
"ENSG00000116062",1719.00001,1196,2892,2449,2898,2219,2767,1738,1838,2608,2980
"ENSG00000116095",815,875.99999,742,635,604,366,531,347,515,506,727
"ENSG00000116096",70,49,188,429,206,266,205,281,459,483,572
"ENSG00000116106",404,501.00001,512,685,689,485,503,640,465,649,309
"ENSG00000116117",1076.00001,2823,569,460,396,411,378,315,368,357,441
"ENSG00000116120",990,891,1320,1042,1075,1439,997,1553,1758,1811,2194
"ENSG00000116127",5857,6326,759,580,621,449,575,335,315,343,329
"ENSG00000116128",739,487,1277,1167,1270,1038,1466,627,633,1283,1183
"ENSG00000116132",54,58,247,64,6,162,32,68,87,450,135
"ENSG00000116133",295,248,2092,3709,2080,3786,3198,2422,3122,3510,5293
"ENSG00000116138",606,812,620,654,558,615,704,431,538,610,817
"ENSG00000116141",2496.00001,1556.99998,314,440,226,346,164,263,333,546,558
"ENSG00000116147",235,366,396,273,427,335,227,277,252,369,63
"ENSG00000116151",399,463,605,420,557,683,500,581,641,620,883
"ENSG00000116157",226,70,144,100,58,142,92,196,136,154,117
"ENSG00000116161",1305.99999,1455,2538,2358,2235,2724,1998,3081,3171,2629,3918
"ENSG00000116171",2219,1963.99999,2781,2330,2213,3071,2389,2908,3367,3163,3218
"ENSG00000116183",224,286,947,648,1301,452,636,310,581,600,538
"ENSG00000116191",2073.00001,1837,674,369,741,451,579,301,256,354,328
"ENSG00000116194",1151,1275,376,541,179,431,173,470,608,813,600
"ENSG00000116198",1497.99999,1979.99998,860,882,783,763,731,657,1111,889,1197
"ENSG00000116199",856,723,530,332,461,341,393,311,368,403,449
"ENSG00000116205",164,177,516,470,502,468,430,345,300,356,475
"ENSG00000116209",3249,2918,7667,7924,6551,9517,7439,12535,12311,8023,10006
"ENSG00000116212",434,365,813,744,773,793,849,792,882,770,918
"ENSG00000116213",318,329.99999,865,742,817,1041,825,944,1086,1230,1393
"ENSG00000116221",659.99999,757,1635,1628,1376,1928,1525,2520,3033,2494,3144
"ENSG00000116237",559,633,716,925,531,418,349,680,1523,1866,1971
"ENSG00000116251",6959,5594,2063,1401,2074,1891,1978,2054,1905,1387,1599
"ENSG00000116254",242.99999,315,127,67,152,56,101,101,119,105,41
"ENSG00000116260",623,459,1176,1419,1520,889,1208,951,919,1215,981
"ENSG00000116266",667,732,919,836,844,981,870,813,1103,845,943
"ENSG00000116273",328,284,593,556,678,475,614,306,496,552,753
"ENSG00000116285",504,479,654,539,530,874,521,501,989,1183,1236
"ENSG00000116288",3094,2449,5696,4640,4393,7709,4692,8283,9157,9362,9113
"ENSG00000116299",127,166,338,367,243,301,176,265,364,511,569
"ENSG00000116329",89,101,111,73,71,78,42,49,56,82,60
"ENSG00000116337",788.00001,676.00001,4793,3655,6095,4500,5818,3431,4470,4556,4783
"ENSG00000116350",2123,1896,2506,2277,2542,2568,2398,2041,2809,2870,3430
"ENSG00000116353",502,979,846,762,827,1150,817,1083,1102,1105,1132
"ENSG00000116396",67,105,45,34,69,37,77,20,28,23,48
"ENSG00000116406",716.99999,790,1030,1047,935,722,1046,501,557,869,847
"ENSG00000116455",351,280,797,879,484,692,533,947,937,989,898
"ENSG00000116459",2403,2005.00001,5025,4009,3673,5343,3296,5968,7258,5672,6469
"ENSG00000116473",1020.00001,1121,615,493,545,489,434,584,684,584,599
"ENSG00000116478",868,901,2968,2980,2966,3105,2940,3039,3419,3093,3495
"ENSG00000116489",1530,1010,3376,2709,2822,2814,2778,3298,3665,2996,3064
"ENSG00000116497",727.99998,568,863,621,937,732,880,493,526,592,700
"ENSG00000116514",310.99999,359.00001,57,34,73,49,60,49,75,97,200
"ENSG00000116521",614.99999,579,1992,1883,1907,2889,2234,3574,3680,3284,3942
"ENSG00000116525",114,121,149,97,120,79,100,79,98,85,113
"ENSG00000116539",4335,3917.99999,1559,1271,1625,1808,1565,1279,1780,1443,1522
"ENSG00000116544",55,90,20,12,20,5,9,0,11,11,2
"ENSG00000116560",5853,4956,1965,1709,1046,1457,933,1437,3139,4751,6095
"ENSG00000116574",157,89,289,165,189,143,131,147,260,375,242
"ENSG00000116580",1416,1173.00001,1289,1218,1440,1359,1644,1044,1178,1317,1320
"ENSG00000116584",1061.99999,959.00001,814,791,854,400,588,322,312,368,554
"ENSG00000116586",732,749,1229,1010,1030,1614,1005,2082,1757,1646,1611
"ENSG00000116604",1561.00001,1640,851,593,907,370,580,241,455,616,608
"ENSG00000116641",3158.99999,2565.99999,1302,1175,600,708,799,677,1000,1426,1853
"ENSG00000116649",737,593,138,190,144,92,151,182,232,275,355
"ENSG00000116661",107,164,672,386,629,622,416,690,1669,2092,1822
"ENSG00000116663",96,86,277,236,252,393,267,423,325,303,321
"ENSG00000116667",1011,546,2052,2463,2716,2397,3080,1665,2160,1371,1647
"ENSG00000116668",340,310,212,196,229,246,261,191,148,181,204
"ENSG00000116670",487,401,1666,1279,1634,1783,1392,2065,2181,2602,2123
"ENSG00000116675",695,1512,622,461,648,538,510,235,267,495,362
"ENSG00000116678",395.99999,819.99999,436,287,822,209,537,223,262,176,276
"ENSG00000116679",1080,762.99999,3587,3472,3557,3530,3595,2737,3026,2859,3208
"ENSG00000116685",369,319,232,157,190,224,235,173,255,383,301
"ENSG00000116688",1531,1308.99999,3389,3666,3659,3821,3579,2403,2672,3281,4654
"ENSG00000116691",336.00001,304,678,557,618,825,588,920,777,894,1026
"ENSG00000116698",1054,1163,1425,1525,1670,1423,1701,1205,1324,1231,1518
"ENSG00000116703",3676,6365,4764,710,3718,5495,2876,2638,2530,2977,1198
"ENSG00000116704",596,650,585,581,623,447,725,252,382,498,463
"ENSG00000116711",117,177,168,353,107,245,189,181,210,307,351
"ENSG00000116717",1279,2045.00001,971,904,834,1358,916,1384,1835,2642,3368
"ENSG00000116729",103,220,1262,1778,1211,1010,1872,967,1097,298,745
"ENSG00000116731",1389,1338.00001,724,704,632,650,781,481,661,557,713
"ENSG00000116741",147,150,1189,543,1089,1741,1261,891,1999,1009,1503
"ENSG00000116745",53,79,596,422,419,507,514,880,1114,120,882
"ENSG00000116747",3229.99999,3101.99998,4376,3611,4254,3891,4134,4217,4885,3678,4667
"ENSG00000116750",1062,1210,810,708,814,989,806,748,918,868,1242
"ENSG00000116752",879,986,1088,843,940,1368,899,1400,1574,1543,2056
"ENSG00000116754",4919,3825.00001,2391,1872,2235,2482,2445,2484,2666,2535,3002
"ENSG00000116761",331,594.00001,415,447,411,548,476,753,648,323,699
"ENSG00000116771",33,36,14,18,13,12,8,12,28,12,42
"ENSG00000116774",31,24,158,161,114,263,150,244,325,68,140
"ENSG00000116783",70,60,31,14,38,19,62,20,9,66,69
"ENSG00000116786",746,792.99999,463,409,442,388,506,292,433,546,507
"ENSG00000116791",505.99999,76,978,813,874,1080,894,1186,1507,1192,1701
"ENSG00000116793",1556,1811.99998,802,617,486,689,566,705,758,803,945
"ENSG00000116809",682.99999,250.99999,600,641,655,803,692,747,846,843,1057
"ENSG00000116815",138,134,378,242,263,377,178,299,403,518,502
"ENSG00000116819",123,122,17,20,26,26,20,23,16,47,51
"ENSG00000116830",246,271,252,200,223,180,235,173,162,112,166
"ENSG00000116852",1316,1632,518,289,282,226,312,318,217,256,169
"ENSG00000116857",1715,2090,3658,3108,3617,4111,3530,4301,4567,4206,4425
"ENSG00000116863",357,311,1465,1378,1470,1960,1610,2175,2282,2072,2929
"ENSG00000116871",949.99999,798,264,171,186,114,186,149,266,339,309
"ENSG00000116874",569,477,424,340,410,402,437,397,436,377,383
"ENSG00000116885",629,853,407,359,312,463,364,561,696,566,643
"ENSG00000116898",638,576.00001,873,751,629,1197,675,1303,1292,1044,1312
"ENSG00000116903",85,121,189,144,224,102,137,85,95,147,229
"ENSG00000116906",669.00001,670.00001,1091,1012,986,1360,999,1160,1145,1201,1664
"ENSG00000116918",736,729,1021,920,872,1054,895,1081,1483,1270,1601
"ENSG00000116922",255,202,620,564,684,955,627,762,949,758,1213
"ENSG00000116954",509,651,353,353,374,187,293,227,252,301,382
"ENSG00000116962",336,187,715,577,1077,545,984,269,393,256,533
"ENSG00000116977",432,403.00001,417,354,363,440,373,372,230,445,387
"ENSG00000116983",32,96,145,208,126,128,137,61,87,254,149
"ENSG00000116984",2092,2814.00001,1341,1174,1589,1081,1657,812,743,574,890
"ENSG00000116985",16,50,4,18,11,21,12,20,8,32,12
"ENSG00000116990",59.99999,47,115,96,59,67,62,95,88,101,211
"ENSG00000116991",1241,1935.00001,277,220,287,181,226,140,222,482,369
"ENSG00000117000",964,964,1458,1072,1448,1463,1390,1135,1129,893,1208
"ENSG00000117010",96,146,81,92,85,111,59,103,98,77,73
"ENSG00000117013",118,56,94,119,47,132,131,128,161,96,179
"ENSG00000117016",203,186,981,894,778,503,592,559,570,725,816
"ENSG00000117020",4275.00001,4327.00001,947,773,886,807,959,510,529,674,550
"ENSG00000117036",389,369,372,313,360,293,329,236,280,273,414
"ENSG00000117054",1155.00001,1989.99997,1230,1047,776,1195,945,1276,1281,1223,1491
"ENSG00000117069",541,605,163,149,79,206,55,97,225,448,205
"ENSG00000117114",7993.00002,7360.00001,997,928,1194,794,1001,372,485,945,604
"ENSG00000117115",348.99999,221,744,565,283,675,878,451,705,559,1132
"ENSG00000117118",988,1217,2200,1967,1972,2670,1868,2877,3450,2475,3288
"ENSG00000117122",1362,651,7763,7776,8992,10343,7893,13538,12571,7949,7232
"ENSG00000117133",497,540,455,430,422,726,443,616,696,720,831
"ENSG00000117139",2994,2944.99999,5719,5277,6323,5960,6374,3798,3092,4417,4156
"ENSG00000117143",596.00001,641,1218,1078,1308,1129,1036,968,1090,1432,1607
"ENSG00000117151",687,1021.99999,1060,734,1009,914,827,996,1143,661,933
"ENSG00000117152",214,208,384,595,630,417,380,415,493,2311,1212
"ENSG00000117153",494,485,2156,2201,2020,2395,1925,1800,1993,2450,3495
"ENSG00000117154",405,445,163,33,144,143,145,111,102,190,92
"ENSG00000117155",2184.99999,2310,2417,2195,2844,2258,2528,1603,2182,2292,1914
"ENSG00000117174",597,737,645,601,604,742,676,643,627,610,917
"ENSG00000117222",468,578,976,943,1210,866,1012,681,866,875,1252
"ENSG00000117226",61,159,64,72,44,48,35,49,69,157,104
"ENSG00000117228",24,65,208,242,240,244,265,205,349,492,367
"ENSG00000117245",65.99999,107.00001,71,65,96,56,127,28,21,15,27
"ENSG00000117262",302,275.99999,832,813,703,965,708,1042,1246,1028,1278
"ENSG00000117266",743,819.99999,1042,1126,1804,434,1931,592,536,428,547
"ENSG00000117280",75,219,552,622,661,836,742,642,772,652,1441
"ENSG00000117281",76,78,45,27,28,29,42,13,18,24,29
"ENSG00000117298",2130.99999,879.99999,2536,2078,2597,1820,1883,1267,2409,3246,4845
"ENSG00000117305",520.00001,480,1391,1430,1483,1821,1660,2132,2080,1698,1993
"ENSG00000117308",374.00001,287.00001,685,577,475,832,503,968,814,863,1059
"ENSG00000117318",644,289,3396,4123,5667,4363,5650,5292,5923,4431,4490
"ENSG00000117322",70.99998,128.99999,34,51,6,91,34,17,33,0,26
"ENSG00000117335",1448.99999,1810.99999,2635,2229,2646,2888,2800,2327,3181,2232,3088
"ENSG00000117360",961.99999,711,1389,1197,1402,1520,1503,1518,1689,1677,2180
"ENSG00000117362",1262,954,1914,1494,2129,1537,1858,1531,1521,1316,1356
"ENSG00000117385",500,318,1788,1925,1498,1486,1242,1625,2445,2026,2859
"ENSG00000117394",5329.00001,4441,43125,55889,43584,70134,76158,66199,58538,19285,37890
"ENSG00000117395",891,945,968,907,701,1341,760,1713,1947,1590,2014
"ENSG00000117399",204,53,205,139,98,175,162,329,217,257,83
"ENSG00000117400",75,92,16,7,29,16,17,14,26,13,4
"ENSG00000117408",420,542,2174,1967,2118,1831,1803,1312,1243,1898,2143
"ENSG00000117410",2420.99999,2720,5914,4631,5167,7479,5077,9035,9475,7765,9191
"ENSG00000117411",725,465.99999,126,120,108,49,78,81,94,76,101
"ENSG00000117419",990,862.99999,1660,1337,1192,1322,1032,1496,1780,1903,1913
"ENSG00000117425",176,190,88,86,75,58,56,60,88,131,174
"ENSG00000117448",712.99999,658,2463,2138,2424,2823,2595,3477,3293,2344,2964
"ENSG00000117450",4440,4807,6278,4620,4822,6723,4620,7649,7567,5574,7107
"ENSG00000117461",1525,1338,1893,1548,1214,1606,993,1264,2142,2771,1997
"ENSG00000117472",33,52,45,50,25,35,29,77,206,80,66
"ENSG00000117475",688,763,637,493,635,685,585,570,712,725,945
"ENSG00000117477",1312.99999,1935,325,233,306,387,263,318,387,430,428
"ENSG00000117479",269,397,357,300,345,382,385,263,535,607,801
"ENSG00000117480",290,322,846,638,360,635,326,663,1172,1157,1075
"ENSG00000117481",539,629.00001,695,561,616,708,719,730,745,689,834
"ENSG00000117500",678.00001,522,967,985,1026,945,1001,833,979,849,1301
"ENSG00000117505",717,699,1168,1055,1142,1030,1056,928,1066,984,1347
"ENSG00000117519",3675,2314,13625,12392,10604,16181,11408,15426,17804,23010,21575
"ENSG00000117523",6560,5884.99999,2685,2385,2730,2806,2820,2423,2899,2695,3091
"ENSG00000117525",831,975,666,555,250,677,414,543,1229,3459,3453
"ENSG00000117528",1083,1981.99999,1587,1489,1017,1347,950,1234,1493,1483,1767
"ENSG00000117533",329.99999,525,509,422,561,405,488,238,276,288,477
"ENSG00000117543",531.00001,428.00001,718,637,676,645,559,744,768,606,727
"ENSG00000117569",4009.99999,4386.99998,569,507,502,520,387,443,501,542,566
"ENSG00000117586",33,78,51,35,39,55,47,24,41,38,26
"ENSG00000117592",1875,1537,4971,4371,4846,6229,4972,6047,6443,5476,4515
"ENSG00000117593",1536.99999,1735,427,435,419,424,398,449,424,388,425
"ENSG00000117595",34.99999,41,77,89,51,56,47,45,35,29,22
"ENSG00000117597",177,187,456,434,436,514,499,337,420,420,555
"ENSG00000117598",179,254,55,101,42,34,21,41,29,29,17
"ENSG00000117600",470.99999,445,644,737,598,752,486,431,524,954,1069
"ENSG00000117602",607,672.00001,613,530,627,406,420,443,613,656,681
"ENSG00000117614",849.00001,787,492,471,575,911,587,716,981,973,954
"ENSG00000117616",721,557,1664,1305,1790,2342,1841,1968,1823,1634,2149
"ENSG00000117620",877.99998,1243,514,558,438,447,467,365,443,403,490
"ENSG00000117625",2171,1719,1420,1305,1314,1242,1212,1012,1196,1452,1952
"ENSG00000117632",4049.00001,3155,10549,5985,7442,11710,6860,11116,9791,10295,5496
"ENSG00000117640",690.00001,771,3777,3121,3344,4618,3339,4048,4713,5163,5752
"ENSG00000117643",463,587,567,459,328,403,422,383,771,557,664
"ENSG00000117650",126.99999,67.99999,74,52,48,60,98,98,38,75,29
"ENSG00000117676",144,252,436,469,392,384,277,296,368,318,535
"ENSG00000117682",1304,1298.99999,1696,1423,1627,2015,1730,1593,1679,1836,1989
"ENSG00000117691",1756,1543,360,443,196,175,179,351,1270,3012,2435
"ENSG00000117697",934.99999,1008,909,800,829,1072,766,875,1086,929,1072
"ENSG00000117707",1006,838.00001,652,541,517,430,432,283,263,285,203
"ENSG00000117713",3479,2885.00001,1723,1462,1894,1168,1713,1079,1345,1404,1064
"ENSG00000117724",1119.00001,337.00001,250,174,186,284,227,301,155,223,94
"ENSG00000117748",709,678.99999,2100,1983,1844,2600,1915,3002,3281,2852,3305
"ENSG00000117751",750,644,1154,884,1081,832,963,810,579,532,790
"ENSG00000117758",1004,1183,1111,1019,1002,1161,811,905,1169,1292,1342
"ENSG00000117791",93.00001,101,145,149,119,95,53,108,256,201,359
"ENSG00000117859",2628.00001,3358.99999,2322,2184,2296,2501,2195,2097,2458,2369,2916
"ENSG00000117862",685,642,1223,904,1064,1421,1015,1443,1555,1459,1978
"ENSG00000117868",1109,1139,521,409,429,294,419,224,393,797,1123
"ENSG00000117877",156,142,101,79,106,114,85,101,125,143,228
"ENSG00000117899",1168.99999,1014.99999,1495,1517,1398,1841,1450,2057,2129,1928,2210
"ENSG00000117906",2101,1743.99999,2412,1877,1398,1265,666,1479,3407,4322,3892
"ENSG00000117971",704,852,736,380,380,507,350,743,437,629,270
"ENSG00000117984",2340,2854.00001,13351,16871,10682,16667,14608,24753,26586,12152,27234
"ENSG00000118004",19,108,12,8,7,17,7,13,23,8,28
"ENSG00000118007",5477.00001,5844,1107,1083,935,831,844,534,582,740,842
"ENSG00000118046",547.99999,510,215,141,161,160,157,161,297,410,379
"ENSG00000118058",2938.00001,2639.00002,1674,1364,1769,1304,1738,846,1039,1225,1307
"ENSG00000118096",559.99999,662.00001,1245,906,892,1180,991,1356,1441,1529,2162
"ENSG00000118160",179,235,24,25,22,5,24,15,2,8,13
"ENSG00000118162",163,168,402,275,276,395,262,390,368,371,383
"ENSG00000118181",8617,7016,8807,6783,9250,9662,8847,11424,10834,7982,8314
"ENSG00000118193",221,180,27,26,26,11,43,17,9,8,26
"ENSG00000118194",44,61.00001,36,42,65,102,134,181,64,22,68
"ENSG00000118197",590,522,363,267,293,387,301,329,416,525,541
"ENSG00000118200",2260,2456,546,579,559,379,520,297,473,496,552
"ENSG00000118217",4479.00001,5100.00001,1633,1680,1429,1604,1344,1457,1906,1687,2191
"ENSG00000118242",1661,1775,223,117,226,145,128,152,379,535,391
"ENSG00000118246",675.99999,642.99999,1407,1307,1525,1479,1385,1259,1442,1539,1875
"ENSG00000118257",232.99999,469.00001,663,450,174,458,334,191,216,587,778
"ENSG00000118260",1833,1520.00001,1557,1321,1374,1403,1373,1314,1410,1055,1298
"ENSG00000118263",1259.99999,1446.99999,910,742,760,718,737,549,754,1031,590
"ENSG00000118271",650,2658,11453,10621,1432,5544,7352,32660,24131,1184,6211
"ENSG00000118276",376,790,89,100,90,77,76,53,69,34,49
"ENSG00000118292",392.99999,278.00001,494,356,467,504,406,560,637,545,619
"ENSG00000118298",208,334,2839,3045,3478,3898,3703,3655,3340,2617,2726
"ENSG00000118307",543,580.99999,57,27,31,26,47,49,69,44,64
"ENSG00000118322",90,228,40,74,23,58,50,17,15,19,16
"ENSG00000118363",970,541,3532,2694,2853,3856,2500,4324,4865,4137,6175
"ENSG00000118369",128,114.00001,32,14,20,14,21,6,19,56,52
"ENSG00000118402",1217,2650,1692,894,1905,2298,1575,1481,1661,1994,1799
"ENSG00000118407",196,220.00001,209,297,193,316,145,274,238,163,295
"ENSG00000118412",1141,1025,528,463,495,591,497,471,496,428,513
"ENSG00000118418",3396.99999,2839.99999,3671,2384,3440,4452,3071,4317,5322,3977,3653
"ENSG00000118420",754.00001,1777,266,176,233,277,265,207,231,166,222
"ENSG00000118432",400,235,229,307,159,153,138,138,125,534,145
"ENSG00000118454",1250,1376.99999,1051,885,835,1091,976,758,910,1126,1329
"ENSG00000118473",6065.99999,9106.00001,524,351,444,526,448,300,293,380,274
"ENSG00000118482",2319,2104.00001,1423,1304,1900,1584,1959,1187,1205,1057,1304
"ENSG00000118495",196.00002,706.00001,291,236,280,259,392,180,179,228,241
"ENSG00000118496",350,335,718,619,657,556,660,380,533,654,1411
"ENSG00000118503",363,558,279,194,319,371,287,165,165,464,391
"ENSG00000118507",881,933,130,93,80,130,70,115,130,125,136
"ENSG00000118508",248,251,504,617,419,739,504,646,721,632,999
"ENSG00000118513",640.00001,310.99999,174,105,68,85,86,52,71,134,32
"ENSG00000118515",288.00001,298.99999,4116,6734,8840,7410,12349,8327,7823,2058,5931
"ENSG00000118518",1061,575,1235,982,1039,877,889,890,1078,1003,1315
"ENSG00000118523",123,159,61,140,41,45,38,72,179,464,265
"ENSG00000118557",169.99999,251.99999,51,37,39,39,46,41,45,53,40
"ENSG00000118564",1650,1482.00001,4122,3535,5168,4567,4564,3752,4211,4495,5637
"ENSG00000118579",1229,882,2666,2106,2873,2287,2831,2204,2137,1657,1930
"ENSG00000118596",240,607,78,92,87,125,75,84,87,63,82
"ENSG00000118600",420,508,677,529,603,589,436,708,867,662,885
"ENSG00000118620",398,316,521,420,461,456,370,311,444,476,538
"ENSG00000118640",19,59,51,40,42,47,47,70,70,72,49
"ENSG00000118655",114.99999,107,413,442,588,493,489,342,439,516,558
"ENSG00000118680",1933.99999,1725,5685,5146,4914,7516,4902,8356,9295,7137,6781
"ENSG00000118689",1154.99999,1739,1874,1946,1501,1400,1341,1506,2012,2503,2569
"ENSG00000118690",635,645,114,65,66,90,65,106,108,65,91
"ENSG00000118705",4446.00001,3109.99999,8580,7712,6800,11090,7540,11429,12483,11574,12609
"ENSG00000118707",1180.99999,402,1145,1024,1181,985,1210,994,1164,1166,1083
"ENSG00000118729",34,71,284,272,158,411,660,449,301,170,261
"ENSG00000118733",591.00001,598,166,120,188,257,168,166,227,106,135
"ENSG00000118762",1209,1332,225,276,202,209,241,164,283,522,656
"ENSG00000118777",42,201.00001,5,11,0,15,1,18,0,3,26
"ENSG00000118785",8031.00001,6536,23655,31693,27996,34819,17524,40777,38055,88326,26937
"ENSG00000118804",42,25,691,503,778,666,717,497,595,791,799
"ENSG00000118816",5116,5172.00001,7659,5426,8517,4424,6784,3837,3841,3576,4061
"ENSG00000118849",427,207,26,17,6,21,5,10,51,114,38
"ENSG00000118855",876.99999,770.00001,1024,952,769,1270,707,1295,1786,1710,1603
"ENSG00000118873",2561.00002,1759.00002,1667,1410,1673,1221,1614,829,875,1224,1569
"ENSG00000118894",124,145,394,439,320,417,305,549,561,447,600
"ENSG00000118898",239,242,208,233,318,150,250,156,270,676,378
"ENSG00000118900",982,1093.00001,583,534,481,205,507,329,575,800,1055
"ENSG00000118922",2684,1294,648,612,629,454,478,441,400,477,352
"ENSG00000118939",545,441,326,257,197,313,189,433,496,426,367
"ENSG00000118946",852,207,116,216,81,89,114,64,116,182,125
"ENSG00000118960",212.00001,303,1058,1144,1128,1250,1251,1035,899,843,1135
"ENSG00000118961",2037.99999,2040,802,636,668,830,648,637,623,621,677
"ENSG00000118965",948.00001,1063,892,708,643,640,583,441,542,659,694
"ENSG00000118971",1934.99999,992,8189,8927,9873,6601,8762,3930,4147,8139,8518
"ENSG00000118985",449,438,233,215,233,128,179,82,139,222,203
"ENSG00000118997",832,838,161,90,120,211,106,108,142,142,115
"ENSG00000119004",916,1439,898,742,676,635,671,719,794,558,1100
"ENSG00000119013",1268.99999,1342.99999,1537,1264,1262,1962,1114,2311,2278,1623,1800
"ENSG00000119041",585.00001,656.00001,987,1051,1112,911,1074,767,796,970,1115
"ENSG00000119042",318,348,61,68,56,68,75,22,40,28,69
"ENSG00000119048",1748.99999,1362,851,708,799,631,676,765,916,939,1327
"ENSG00000119121",167,547,35,12,21,40,26,27,24,15,28
"ENSG00000119125",85,688,52,48,56,44,83,29,76,39,49
"ENSG00000119138",309,307,133,82,117,149,115,90,212,236,281
"ENSG00000119139",1843.00001,1950.00003,629,695,479,575,467,300,494,762,803
"ENSG00000119147",42,36,26,11,12,25,16,13,14,9,32
"ENSG00000119185",1218.99999,913.00002,2736,2140,2395,3054,2024,3161,4104,3573,3669
"ENSG00000119203",501,485.99999,1294,1180,1150,1455,1094,1325,1553,1539,1784
"ENSG00000119227",65,101,282,211,262,188,181,217,349,411,429
"ENSG00000119231",1187.99999,833,853,781,834,790,948,802,1060,1074,2191
"ENSG00000119242",534,497,300,305,281,247,330,238,352,439,440
"ENSG00000119280",570.00001,438,3022,2100,2744,2700,2229,1749,2247,4556,4496
"ENSG00000119283",289,239,347,206,244,214,309,125,148,222,106
"ENSG00000119285",456,439,804,723,864,588,701,394,358,406,589
"ENSG00000119314",1213,1616,469,466,532,357,533,257,225,177,292
"ENSG00000119318",2290,2259,656,532,670,318,389,297,259,213,295
"ENSG00000119321",1255,1284.00001,1053,924,1076,1158,1148,911,1071,1273,1561
"ENSG00000119326",2513,1555,3729,3541,4120,4303,3493,5497,5350,4425,4160
"ENSG00000119328",340,298,755,465,555,699,558,583,671,731,996
"ENSG00000119333",329,273,1894,1696,1633,2244,1510,2874,2912,2973,2597
"ENSG00000119335",7211.00001,5321.99999,2888,2597,2434,1560,1955,1999,2275,2684,3098
"ENSG00000119383",1212.00001,949.99999,764,692,894,235,785,352,324,296,269
"ENSG00000119392",661,510,990,1033,1005,1091,1208,1018,1045,1276,1557
"ENSG00000119396",1231.99999,1233,2855,2196,2797,1981,2072,1571,1734,1886,2223
"ENSG00000119397",1749.99998,2059.00003,365,256,396,354,440,331,292,279,368
"ENSG00000119401",620,572,1285,1078,1361,1637,1333,1157,1224,1405,1544
"ENSG00000119402",973.99999,1142,1179,1194,1210,963,1129,818,854,955,1127
"ENSG00000119403",349,341,87,45,78,86,81,52,42,119,40
"ENSG00000119408",2825,1685.99999,1294,1089,947,790,833,774,1265,2226,1355
"ENSG00000119411",77,212,86,122,35,73,42,87,163,89,95
"ENSG00000119414",856.99999,1008,1612,1416,1388,1417,1442,1279,1587,1420,1742
"ENSG00000119421",901,878,1356,1137,1096,1834,1177,1955,2026,1668,1839
"ENSG00000119431",259,317,900,920,1034,1178,1171,1286,1180,975,1032
"ENSG00000119446",430,473,877,752,854,981,859,741,977,973,1273
"ENSG00000119471",691,773,1286,1107,899,1078,952,1131,1077,811,1118
"ENSG00000119487",1620,1962.00001,1921,1970,1592,2196,1455,2001,2374,3018,2549
"ENSG00000119508",126,193,26,15,39,17,50,19,207,94,225
"ENSG00000119509",856,1625,919,1003,819,844,833,613,661,732,1040
"ENSG00000119514",74,63,47,16,19,13,24,44,71,15,40
"ENSG00000119522",3346,3012.99999,1191,797,1062,885,1064,976,1151,924,861
"ENSG00000119523",559,435.00001,1044,1172,1104,1398,1044,1310,1932,1387,2841
"ENSG00000119537",844,985.99999,987,764,953,736,1001,599,1112,1304,2227
"ENSG00000119541",742,716.99999,834,817,745,912,716,614,933,889,1134
"ENSG00000119547",386,372,411,135,275,195,164,140,156,118,63
"ENSG00000119559",535.00001,497,996,861,856,1169,879,1314,1337,1439,1466
"ENSG00000119574",267,274,164,137,164,38,137,50,55,34,46
"ENSG00000119596",1996.99999,1949.99999,2025,1801,1935,1449,1925,1085,1233,1577,1493
"ENSG00000119599",190.99999,197.99999,252,219,210,206,251,217,310,294,250
"ENSG00000119608",21,31,19,11,14,9,24,2,6,8,5
"ENSG00000119614",1235,1262,5805,2912,6263,3353,4322,3497,2773,3743,1573
"ENSG00000119616",386,323,260,280,283,121,251,102,94,78,201
"ENSG00000119630",61,96.99999,266,206,175,337,278,470,455,676,688
"ENSG00000119632",1253.99999,1595,784,595,722,1029,601,1139,1035,1117,775
"ENSG00000119636",287,340,228,108,184,283,155,155,237,249,360
"ENSG00000119638",688,519.99999,1128,926,922,571,909,488,540,436,485
"ENSG00000119640",412.00001,437,235,172,188,275,160,270,206,209,164
"ENSG00000119650",1069.99999,1055.00001,777,556,600,978,551,1049,933,955,939
"ENSG00000119655",1109,1360.00001,3694,3708,3932,4547,4137,5939,4879,2684,3705
"ENSG00000119661",783,880,398,276,338,350,228,308,345,239,383
"ENSG00000119669",1052,521,188,162,201,60,151,83,113,105,112
"ENSG00000119673",206,118.99999,242,241,150,388,156,329,451,554,436
"ENSG00000119681",151,269,1743,1803,1275,1063,1863,912,1852,1303,1504
"ENSG00000119682",871,1161,1561,1341,1337,1037,1306,828,1107,1501,1233
"ENSG00000119684",513,782,365,373,376,359,347,206,300,319,265
"ENSG00000119685",2022,1991.99999,794,656,687,908,719,576,625,883,780
"ENSG00000119686",104,108,281,331,104,333,284,621,614,165,316
"ENSG00000119688",824.99999,609,2409,2238,2825,3063,2718,2422,2714,3002,2717
"ENSG00000119689",462,324,277,220,286,80,322,84,92,68,62
"ENSG00000119698",856,532,511,140,387,363,330,142,211,261,222
"ENSG00000119699",448,235,453,463,472,606,550,455,834,972,627
"ENSG00000119703",70.99999,131.99999,97,63,84,144,61,103,101,121,178
"ENSG00000119705",1803,2161.00001,1421,1295,1198,2115,1349,2575,2768,1764,2358
"ENSG00000119707",5479.00001,4028.00001,1712,1231,1389,1794,1595,1771,2169,1746,2274
"ENSG00000119711",504,388,2682,2456,2319,2608,2641,2652,3309,3345,4036
"ENSG00000119714",54,49,50,40,53,51,39,43,26,71,72
"ENSG00000119715",830.00001,305,89,37,63,45,45,23,29,57,15
"ENSG00000119718",473,433,1325,1146,1170,1631,1201,1625,1684,1684,1922
"ENSG00000119720",381.00001,438,611,517,699,710,607,539,475,521,634
"ENSG00000119723",311,332.00001,821,649,612,986,683,952,1211,998,1107
"ENSG00000119725",666.99999,551.00001,1910,1536,1609,2187,1635,1841,2070,2537,3339
"ENSG00000119729",856,987,404,299,422,307,399,306,341,277,491
"ENSG00000119760",627,798,1321,1201,1279,1479,1260,1388,1542,1596,1857
"ENSG00000119771",1692,1052,262,157,171,161,206,127,151,162,229
"ENSG00000119772",2524.99998,1926.00001,962,795,863,857,734,837,592,555,533
"ENSG00000119777",386,271,1427,1251,1541,1185,1431,1230,1373,1178,1755
"ENSG00000119778",1745.99999,2089,467,400,497,410,532,331,341,354,451
"ENSG00000119782",140,159.00001,497,435,561,577,473,657,618,535,425
"ENSG00000119787",770,641,565,499,960,662,769,450,560,386,682
"ENSG00000119801",1501,1442,3573,2751,3177,4101,3170,3686,4595,4115,4966
"ENSG00000119812",369.00001,439,780,697,808,1037,901,837,821,883,1062
"ENSG00000119820",1262,1241,1612,1376,1575,1489,1380,1315,1413,1365,1955
"ENSG00000119844",1251.00001,1308,630,467,572,421,543,380,553,512,640
"ENSG00000119862",662,1003.00001,916,748,1015,911,968,597,677,621,662
"ENSG00000119865",651,776,1345,919,1265,1452,1013,1294,1530,1736,1559
"ENSG00000119866",718,492,570,586,975,434,726,369,205,192,215
"ENSG00000119878",1229,869,867,731,903,750,758,654,720,685,825
"ENSG00000119888",92,131,33,23,49,68,27,61,42,38,42
"ENSG00000119899",666,886,699,587,847,719,812,648,526,505,867
"ENSG00000119900",1072,1045,409,256,346,261,305,248,268,638,742
"ENSG00000119906",1018,1011,911,956,908,825,864,698,798,875,672
"ENSG00000119912",2420,2315,1260,1083,1273,1134,1128,718,891,694,1009
"ENSG00000119917",101.99999,83,200,193,120,277,173,183,295,285,381
"ENSG00000119922",120.99999,83,364,277,177,354,139,260,395,594,415
"ENSG00000119927",279,284,774,768,834,693,796,395,470,408,716
"ENSG00000119929",683,778,863,741,1004,1192,918,1035,1204,1320,1700
"ENSG00000119938",133,59,428,464,464,595,398,342,421,579,978
"ENSG00000119943",62,30,277,200,214,173,225,165,201,238,172
"ENSG00000119946",127,113,88,170,146,108,96,86,124,232,164
"ENSG00000119950",1205,1371,693,479,711,655,598,544,811,1072,1626
"ENSG00000119953",782,604,340,277,344,217,338,221,257,217,285
"ENSG00000119965",423,407,307,268,314,308,305,257,333,294,286
"ENSG00000119969",1283,658,190,188,130,231,155,244,212,165,165
"ENSG00000119977",922.00001,814.99999,3376,3040,2892,3702,3099,3729,4431,4180,4533
"ENSG00000119979",443,494,1837,1782,1744,2006,1753,2190,2166,1782,2445
"ENSG00000119986",131,107,997,547,1482,1147,1277,1369,1850,1459,1496
"ENSG00000120008",803.00001,913,1945,2041,1777,2055,1854,1286,1553,1654,1860
"ENSG00000120029",1211,1336,1206,937,1162,811,1000,642,599,765,592
"ENSG00000120049",312.99999,282,198,119,129,181,81,165,219,344,169
"ENSG00000120051",41,109,20,19,41,30,38,18,21,31,23
"ENSG00000120053",694,779,2061,1817,1719,2827,1919,2697,2941,2501,4394
"ENSG00000120055",35,91,8,3,4,6,3,5,9,42,36
"ENSG00000120057",442,166,203,195,32,93,109,213,199,96,495
"ENSG00000120063",623,439,2502,2370,3929,1807,2853,1170,1420,1390,2315
"ENSG00000120071",2115.99998,3153.00001,1066,932,1038,914,1130,609,514,435,605
"ENSG00000120075",118,57,123,3,1,87,3,39,47,55,218
"ENSG00000120088",138.99999,137.00002,41,9,18,17,29,20,0,25,68
"ENSG00000120093",264,101.00001,78,2,1,46,2,11,18,25,52
"ENSG00000120129",465,522,214,251,145,95,70,144,1641,10639,8502
"ENSG00000120137",984,804,502,624,376,352,592,308,418,352,483
"ENSG00000120156",256,381,7,4,4,12,17,4,4,52,3
"ENSG00000120158",496,451,628,452,520,694,461,619,802,505,857
"ENSG00000120159",1053,939,498,437,415,513,465,515,540,516,709
"ENSG00000120162",783,1093,738,998,641,1064,603,422,553,962,951
"ENSG00000120215",32,140,117,373,74,267,267,341,479,47,289
"ENSG00000120217",50,35,70,105,104,92,121,66,99,114,241
"ENSG00000120251",685.99999,1578.00002,352,288,350,466,327,281,288,337,206
"ENSG00000120253",434,337,661,597,634,454,502,479,442,396,587
"ENSG00000120254",2141.00001,1784,241,233,159,219,202,294,261,391,457
"ENSG00000120256",274,314,308,322,292,147,184,164,506,623,850
"ENSG00000120262",44,97,38,40,25,33,20,30,18,71,42
"ENSG00000120265",1388,1438,3306,2904,3012,3641,2744,4066,4847,4388,5483
"ENSG00000120278",4162,1887.00001,2295,1983,1907,1507,1513,1182,1298,2440,1657
"ENSG00000120306",898,1049,4098,3305,4638,4740,3494,6158,7863,4838,5896
"ENSG00000120314",336,240,745,777,840,715,788,612,619,684,1006
"ENSG00000120318",200,212.99999,30,19,25,11,14,6,20,2,7
"ENSG00000120324",60,71,370,505,208,430,290,327,433,706,547
"ENSG00000120327",80,68,250,240,234,299,207,223,392,418,291
"ENSG00000120333",673,508,1222,1117,933,1346,950,1400,1575,1336,1350
"ENSG00000120334",166,143,142,157,127,130,121,157,141,163,160
"ENSG00000120370",276,304,260,237,210,293,237,237,242,268,305
"ENSG00000120437",643.00001,363,924,791,649,1296,735,1421,2031,1534,2122
"ENSG00000120438",1569,1522.99999,4121,3556,3706,4044,3747,4334,4964,4634,6788
"ENSG00000120451",856,1016,2846,3113,2840,2665,2724,1772,1926,2359,3307
"ENSG00000120457",23,42,110,135,178,128,191,107,165,124,183
"ENSG00000120458",496,411,134,125,84,130,84,82,131,172,184
"ENSG00000120500",2162,2998,18194,641,6268,25830,8192,5720,11643,14556,3291
"ENSG00000120509",824.00001,787.00001,1617,1079,1278,1921,1109,1831,1951,1922,1762
"ENSG00000120519",435,805,117,96,100,118,81,73,82,129,174
"ENSG00000120526",750.00001,819.00001,669,534,640,679,594,637,598,513,780
"ENSG00000120533",1444,1114,1532,1177,1418,1799,1167,1791,2264,1742,2049
"ENSG00000120539",310,173,197,186,195,173,196,207,198,209,301
"ENSG00000120549",3510,3600.99999,1196,1644,1818,1402,1616,963,935,738,833
"ENSG00000120594",2232,2015,2021,1752,2049,1482,1813,1238,1353,986,1172
"ENSG00000120616",2707.99999,2134.99999,536,334,531,529,462,489,502,354,501
"ENSG00000120645",321.99999,359,135,125,72,117,112,110,94,152,92
"ENSG00000120647",351,542,214,139,144,127,166,159,197,189,167
"ENSG00000120656",320,386,763,642,622,837,674,985,1056,979,1456
"ENSG00000120658",157,289,219,153,54,244,66,121,130,406,193
"ENSG00000120662",222,205,241,195,146,280,198,215,205,257,199
"ENSG00000120669",32,91,45,57,63,76,63,46,50,94,61
"ENSG00000120675",513,245,423,627,390,759,285,764,845,754,527
"ENSG00000120685",456,412,903,798,807,689,739,550,516,751,916
"ENSG00000120686",1334,1120,1884,1807,1861,2062,1745,1659,1999,2041,3780
"ENSG00000120688",828,545,331,327,299,445,369,382,388,587,489
"ENSG00000120690",710.00001,508,389,402,388,389,498,338,492,541,575
"ENSG00000120693",438,395,450,708,621,349,741,302,376,577,632
"ENSG00000120694",923,1201.99999,2487,3312,2470,3025,2031,2982,2765,3016,5582
"ENSG00000120696",310,322,1221,1155,1401,1192,1415,1198,1183,852,1226
"ENSG00000120697",979.00002,1074,1201,1069,1004,1567,932,1514,1722,1407,1884
"ENSG00000120699",930,776.00001,944,809,869,1139,791,1195,1211,1036,1161
"ENSG00000120705",1704,975,1379,1234,1297,946,1162,964,1378,1429,2073
"ENSG00000120709",423,349,3317,3206,4137,3375,4238,2346,2778,5291,9421
"ENSG00000120725",505,684.00001,1274,1242,1165,1857,1146,2422,2442,1772,1955
"ENSG00000120727",2434,2203,5191,3572,4309,5731,3931,5594,6922,5833,6088
"ENSG00000120729",18,76,52,52,48,94,182,41,40,40,17
"ENSG00000120733",1663,1283.99999,1838,1622,1385,1276,1255,1185,1402,2142,1494
"ENSG00000120738",7207,6148,1018,1046,489,560,363,375,8020,29380,27005
"ENSG00000120742",1252,1077,3441,3012,3545,3384,2796,2903,4591,4478,9544
"ENSG00000120756",543,879,527,553,402,635,497,584,529,341,531
"ENSG00000120784",1003,1016.00001,353,301,436,412,404,227,285,304,341
"ENSG00000120798",1490.00001,895.00001,659,614,619,760,800,629,724,505,485
"ENSG00000120800",495,500,326,396,268,206,309,199,223,173,280
"ENSG00000120802",1641.99999,1163.00001,1062,980,1224,1139,1143,946,1089,1043,1105
"ENSG00000120805",1030,1038,2750,2521,3204,2919,2785,2416,3104,2615,3962
"ENSG00000120820",54,95,620,643,804,657,683,962,1125,670,691
"ENSG00000120832",368.99999,389.99999,1424,1032,1373,1520,1428,1334,1465,1426,1508
"ENSG00000120833",450,252.00001,274,329,87,310,117,265,376,451,353
"ENSG00000120837",557.99999,455,467,356,432,556,471,403,516,505,576
"ENSG00000120860",774.99999,869.00001,843,730,700,984,627,1057,1231,1207,1353
"ENSG00000120868",801,937.00001,439,388,432,420,414,305,242,249,273
"ENSG00000120875",763,339,1638,1842,616,1335,1093,3304,2760,668,1761
"ENSG00000120885",8644,7705,87199,62761,63484,84247,54245,87445,116914,196434,122242
"ENSG00000120889",364,527,2196,2241,2641,2121,2717,1355,1661,2107,3949
"ENSG00000120896",703,511,658,792,908,387,629,470,518,521,543
"ENSG00000120899",154.99999,381,760,762,587,768,663,605,528,468,616
"ENSG00000120907",121,73,104,163,110,121,185,108,75,60,69
"ENSG00000120910",880.99999,1185,611,651,526,815,497,630,811,940,1311
"ENSG00000120913",331.99999,229,523,566,490,578,449,777,853,834,943
"ENSG00000120915",892,736,2288,2083,2341,2712,2378,2668,2743,2385,2549
"ENSG00000120925",898,858.00001,937,687,867,831,739,878,964,983,915
"ENSG00000120942",348,331,1028,881,1011,1240,997,1119,1154,1370,1358
"ENSG00000120948",1697,1307.99999,4300,3778,4213,4604,4130,3933,4556,4203,5256
"ENSG00000120963",822,789,2352,2021,2313,2717,2195,2839,3142,2824,2949
"ENSG00000120992",1284,1600,1426,1000,1162,1172,861,998,1271,1187,1340
"ENSG00000121005",568,576,2883,2366,1157,2075,1336,3835,1885,1323,2247
"ENSG00000121022",954,980,2006,1671,1531,2301,1621,2285,2485,2091,2626
"ENSG00000121039",3386,1612,2413,1623,3508,1973,2180,2951,2930,4242,3251
"ENSG00000121057",371,575,1004,728,899,860,603,553,991,2040,2035
"ENSG00000121058",702,609,593,461,555,786,563,638,773,780,755
"ENSG00000121060",370,597,585,456,665,282,586,316,304,305,249
"ENSG00000121064",391,307.99999,1527,1226,1263,1780,1331,1960,2353,2204,2900
"ENSG00000121067",2284,2345,2128,1647,1812,2495,1901,2473,2874,2532,2831
"ENSG00000121068",1718,1477,87,123,91,80,86,59,93,149,127
"ENSG00000121073",862,684.99999,1166,1026,821,1383,811,1710,1984,1775,2412
"ENSG00000121101",217,568,48,18,83,55,50,22,21,3,12
"ENSG00000121104",220,349,148,141,166,103,135,89,86,107,138
"ENSG00000121152",194,169,57,45,48,59,36,71,70,92,29
"ENSG00000121207",201,254,599,686,115,696,514,862,2076,325,1491
"ENSG00000121210",434,412,251,285,145,293,182,121,214,413,314
"ENSG00000121236",77,124.99999,130,126,88,104,74,66,64,101,115
"ENSG00000121270",104,155.00001,59,89,91,94,77,69,34,25,157
"ENSG00000121274",634,787,175,86,126,93,107,90,126,144,205
"ENSG00000121281",94,169,519,318,523,400,457,154,127,300,336
"ENSG00000121289",1022,1121.99999,922,866,804,1007,772,837,870,1045,1439
"ENSG00000121297",288,173,264,180,215,146,155,116,145,145,279
"ENSG00000121310",819,846.99999,599,321,474,663,556,623,612,522,600
"ENSG00000121316",82,76,481,331,296,376,278,518,489,209,400
"ENSG00000121350",564,745,306,272,181,362,229,226,359,309,475
"ENSG00000121351",18,67,14,12,19,18,18,17,10,6,8
"ENSG00000121361",20,53,141,125,109,125,129,247,129,71,165
"ENSG00000121390",1967.99999,2105.99999,636,556,442,576,441,586,925,831,1229
"ENSG00000121406",184,239,707,619,761,669,820,407,508,502,689
"ENSG00000121410",370,453,459,296,426,468,491,592,519,443,486
"ENSG00000121413",1102,1007.99999,2924,2517,2905,2962,2695,2791,3443,4411,5949
"ENSG00000121417",254,300.99999,907,750,1005,1013,1128,735,627,702,940
"ENSG00000121440",645,639,852,651,622,747,706,466,956,1688,1696
"ENSG00000121454",503,429,686,400,665,692,805,256,236,353,172
"ENSG00000121481",545,653,656,549,654,641,547,540,615,520,887
"ENSG00000121486",249,357.99999,629,563,752,555,627,437,520,555,558
"ENSG00000121542",1873,1517,650,587,701,628,630,668,786,684,986
"ENSG00000121570",21,22,19,11,15,28,40,26,19,9,26
"ENSG00000121577",54,215,85,85,69,122,79,98,144,152,155
"ENSG00000121578",310.99999,238.99999,1031,1051,1158,1140,1162,1086,1471,1462,1981
"ENSG00000121579",1150,443.99999,1716,1559,1885,1668,1652,1330,1786,1308,2450
"ENSG00000121621",172,143,57,63,77,34,36,67,60,58,55
"ENSG00000121644",980,707,1154,1101,895,1031,836,823,920,896,1228
"ENSG00000121653",524,518,250,220,173,95,101,121,116,186,140
"ENSG00000121671",619,700.00001,2855,2788,3940,3257,4519,2108,3153,3598,3654
"ENSG00000121680",227.99999,295,617,462,501,620,529,658,804,759,864
"ENSG00000121690",29,30,137,139,190,182,151,185,154,31,68
"ENSG00000121691",551,53,851,674,553,858,555,1104,1017,1092,969
"ENSG00000121716",435.00001,83,644,602,564,599,619,520,639,743,722
"ENSG00000121741",3195,2658.00001,1792,1494,1692,1327,1747,854,987,1047,1125
"ENSG00000121749",872,989.99999,666,598,737,599,685,594,679,613,910
"ENSG00000121753",548.99999,424,831,734,845,535,753,506,683,1075,1141
"ENSG00000121766",2003.00001,1398.00001,1302,979,1088,1662,911,1418,1982,2002,2160
"ENSG00000121769",205,223,254,432,393,466,468,444,490,203,265
"ENSG00000121774",3126,3158,1358,1416,719,544,537,906,2009,3280,3487
"ENSG00000121775",419.00001,380.99999,171,131,179,130,172,165,123,142,139
"ENSG00000121851",819,844,1019,758,936,1017,871,926,961,1082,998
"ENSG00000121858",77,75,596,266,1577,592,559,1191,621,625,702
"ENSG00000121864",639,639,339,280,279,193,150,233,501,627,771
"ENSG00000121871",65,57,16,21,14,39,13,7,6,6,8
"ENSG00000121879",823,932.00001,297,216,224,189,270,162,174,231,257
"ENSG00000121892",1755,1486,1116,1046,1158,750,1022,503,587,754,908
"ENSG00000121897",217.99998,222.00001,304,224,276,284,263,244,286,239,346
"ENSG00000121898",117,226.00001,1301,898,464,971,665,723,1474,732,2066
"ENSG00000121900",177.99999,357,362,499,372,369,204,338,698,1099,1081
"ENSG00000121903",121,171,229,234,240,207,268,146,181,240,258
"ENSG00000121904",718,825,19,15,24,11,16,19,17,52,29
"ENSG00000121905",201,149,48,24,37,19,51,24,8,14,7
"ENSG00000121931",408,616,495,424,467,666,539,503,559,631,1197
"ENSG00000121940",2592.00002,2787.00001,1581,1349,1546,1335,1351,1173,1451,1208,1856
"ENSG00000121957",450.00001,668,569,249,488,400,542,263,227,313,405
"ENSG00000121964",715.00001,1607.99999,708,449,545,609,561,582,702,712,848
"ENSG00000121966",837,258.99999,1147,774,846,1173,789,1183,681,707,622
"ENSG00000121988",757.99999,634.99999,313,228,259,176,250,210,213,122,234
"ENSG00000121989",609,733,538,477,473,458,404,297,353,485,790
"ENSG00000122008",1162.99999,1371,811,657,819,761,716,535,568,489,643
"ENSG00000122025",46,95,9,45,7,24,19,39,31,13,30
"ENSG00000122026",502.99997,760.00001,16906,11310,17413,14475,14915,16777,18884,14263,11691
"ENSG00000122033",921,865,581,560,629,840,608,800,909,814,989
"ENSG00000122034",984.00001,978,1340,1107,769,1641,808,1740,1991,1816,2102
"ENSG00000122035",37,24,38,33,33,42,62,37,76,192,237
"ENSG00000122042",1267,1099,973,1022,932,809,747,710,760,796,1008
"ENSG00000122068",1503.00001,1344,2266,1962,2025,2040,1999,1675,2215,2740,2976
"ENSG00000122085",613,787.00001,715,628,655,638,626,660,792,746,818
"ENSG00000122126",500,701,2187,2144,2696,1821,2373,1181,1505,1999,1750
"ENSG00000122140",461.00001,410.00001,1110,999,1043,1527,1270,1630,1639,1506,1971
"ENSG00000122145",53,97,15,12,25,29,46,7,6,13,9
"ENSG00000122203",1245.00001,1422.00001,4453,4274,4385,4804,4665,4056,4905,4711,6048
"ENSG00000122218",2031.00001,1957.00004,10432,9691,11706,9971,10177,6397,7364,10315,13337
"ENSG00000122257",2378,2206,1396,1012,1435,1265,1209,863,1143,1179,1843
"ENSG00000122299",1027,940.99999,846,854,508,616,464,604,879,1175,1790
"ENSG00000122335",1119,729.99999,857,787,803,919,861,556,634,669,832
"ENSG00000122359",704,632,1568,1983,1502,1928,1802,1789,2180,1831,2066
"ENSG00000122367",154,240,68,49,50,52,142,91,68,22,38
"ENSG00000122376",697,706,343,284,292,362,279,212,346,399,613
"ENSG00000122378",1535.99999,1907.99999,3692,4132,3625,4962,4154,5377,5572,3749,4881
"ENSG00000122386",284,201.00001,246,201,231,250,244,192,193,207,272
"ENSG00000122390",2030,1920,1564,1472,1480,1322,1601,1120,1254,1292,1675
"ENSG00000122406",17071,12543,19199,12364,19471,13522,17039,14690,14861,10962,11112
"ENSG00000122417",1936,1577,836,546,747,713,658,582,628,587,588
"ENSG00000122420",33,41,108,54,110,56,62,84,63,102,35
"ENSG00000122432",367,281,26,10,18,18,25,27,17,11,22
"ENSG00000122435",646,692.00001,268,220,238,296,169,221,247,231,242
"ENSG00000122477",340,680.99999,124,134,103,319,146,138,209,136,129
"ENSG00000122481",706,453,654,456,576,707,582,682,904,594,548
"ENSG00000122482",1992,1763,1694,1336,1508,1582,1406,1411,1677,1385,1542
"ENSG00000122483",1401,1744,97,75,77,93,93,90,96,102,95
"ENSG00000122484",1070,1422,1826,1385,1374,1646,1526,1343,1430,1299,1499
"ENSG00000122490",1097.99999,1282,108,110,95,54,84,86,116,217,275
"ENSG00000122507",4775.99999,7145.99998,590,396,558,574,533,543,451,476,370
"ENSG00000122512",880,748,761,660,666,692,762,654,637,532,1170
"ENSG00000122515",941.99999,845,190,181,195,128,290,128,158,133,115
"ENSG00000122545",5464,3954,6314,4555,4981,6647,4337,5758,7448,8819,8012
"ENSG00000122547",181,219,338,237,402,332,347,270,209,393,246
"ENSG00000122550",1760.00001,1691,2182,1946,2121,2387,2179,1788,2242,2364,2200
"ENSG00000122557",882,553,757,738,808,585,686,571,851,917,733
"ENSG00000122565",2856.99999,2406,2334,1747,2090,3129,2039,2367,2894,2927,3138
"ENSG00000122566",11854.00003,10524.00003,13160,11108,11183,14913,10138,15576,16341,11734,11943
"ENSG00000122574",147,197,108,81,74,58,99,80,82,188,149
"ENSG00000122584",42,88,78,22,90,162,65,38,129,139,53
"ENSG00000122585",61,67,69,58,15,79,14,90,74,118,48
"ENSG00000122591",659.99999,608.99999,978,1012,734,943,999,794,678,580,1053
"ENSG00000122641",63,158,28,32,68,57,66,31,31,70,49
"ENSG00000122642",964.99999,623,2950,3033,2975,1993,2162,1673,2215,2238,3007
"ENSG00000122643",690,625,726,539,687,816,619,648,847,849,1037
"ENSG00000122644",584,230.99998,5795,3693,10666,6840,7699,7287,6129,2681,3498
"ENSG00000122674",234,230,499,384,365,422,327,453,374,515,561
"ENSG00000122678",188.00001,209.99999,496,407,509,406,594,355,297,273,270
"ENSG00000122679",42.00001,40,35,13,26,40,15,29,38,67,44
"ENSG00000122687",358,339.00001,1136,941,1118,1571,1190,1502,1602,1599,1678
"ENSG00000122692",1125,992,2775,2252,2454,2653,2405,2689,3054,3298,4187
"ENSG00000122694",504,351.00001,2137,2343,2137,2585,2065,2791,3082,3247,2999
"ENSG00000122696",337,138,154,171,157,263,197,203,173,198,200
"ENSG00000122705",2015,2120,3241,2820,2734,4020,2609,4478,4494,4047,5387
"ENSG00000122707",788,641,737,642,647,602,702,380,585,525,478
"ENSG00000122711",181,411,39,17,35,72,24,49,35,39,23
"ENSG00000122729",811.00001,608.00001,2097,2165,1877,2294,2054,1877,1878,1984,2865
"ENSG00000122733",416,331,133,114,89,137,108,51,75,132,91
"ENSG00000122735",107,205,63,18,60,88,73,30,65,60,28
"ENSG00000122741",1900,1325,1583,1504,1611,1289,1267,966,1272,1193,1620
"ENSG00000122756",1118,636,218,208,214,117,146,174,173,363,464
"ENSG00000122778",928,753,572,327,488,353,332,267,246,371,329
"ENSG00000122779",2517,2139,1009,1158,720,522,451,554,834,1885,1089
"ENSG00000122783",303.99999,608,1231,1376,1141,1503,1150,1639,1780,1333,1585
"ENSG00000122786",2089.00001,2184.00002,2844,3315,2835,4061,3468,2940,3747,3532,3150
"ENSG00000122824",67,56,191,175,150,131,179,167,128,261,188
"ENSG00000122863",158,166,554,538,395,244,368,224,289,638,301
"ENSG00000122870",324,348,296,368,430,252,341,233,378,393,482
"ENSG00000122873",1358,1140,981,657,728,1130,732,1289,1265,1002,1245
"ENSG00000122877",222.99999,226,138,168,122,132,76,91,3788,14405,11932
"ENSG00000122882",725,987,781,773,827,921,753,918,1140,1046,1304
"ENSG00000122884",2156,1265,6782,5489,5670,6302,6492,5028,4304,3794,7607
"ENSG00000122912",508.00001,633,274,184,193,236,195,193,239,161,210
"ENSG00000122952",218,88,260,227,108,345,104,396,298,340,242
"ENSG00000122958",1106,1216,1517,1364,1368,1693,1278,1602,1776,1604,2388
"ENSG00000122965",827,810,521,532,471,766,521,500,475,506,587
"ENSG00000122966",804.99999,862,270,201,182,123,132,90,104,229,98
"ENSG00000122970",2226,1772.99999,919,676,683,862,696,1121,1094,1007,1141
"ENSG00000122971",140,147,365,172,235,419,277,261,336,449,601
"ENSG00000122986",40.00001,29,69,35,43,38,41,40,96,33,70
"ENSG00000123064",620.99999,641,1063,1088,1133,1202,1306,1053,1206,1211,1509
"ENSG00000123066",1775.99999,1883,798,600,882,519,866,364,429,402,427
"ENSG00000123080",375,188,184,120,149,155,97,166,207,369,212
"ENSG00000123091",1769,1854,1906,1869,1894,1347,1387,968,1542,1502,2118
"ENSG00000123094",918,1119.00001,472,594,606,433,644,362,531,247,440
"ENSG00000123095",565,793,269,171,324,182,168,202,344,318,327
"ENSG00000123096",244,231,448,328,437,314,375,282,472,319,520
"ENSG00000123104",515,589,487,476,498,543,498,323,403,378,594
"ENSG00000123106",1612.99999,2630,509,394,395,690,379,562,771,636,718
"ENSG00000123119",236,211,221,191,172,200,209,202,235,87,195
"ENSG00000123124",1443,1894,613,579,529,609,420,366,486,709,530
"ENSG00000123130",603,356.00001,885,892,690,1071,876,1004,1129,765,926
"ENSG00000123131",1575,2327,6042,4436,4634,6778,4571,7908,7376,6438,7955
"ENSG00000123136",601.99999,410,1006,960,808,1451,893,1597,1903,1776,2800
"ENSG00000123143",1187,1165.99999,498,427,578,160,472,210,179,326,321
"ENSG00000123144",1601,1246.00001,1377,1195,1147,1936,1030,2362,2893,2496,2608
"ENSG00000123146",68,83.00001,290,162,360,250,294,290,281,308,278
"ENSG00000123154",165,188,486,457,550,816,538,821,775,914,860
"ENSG00000123159",1034,1008,530,513,466,371,406,444,562,499,709
"ENSG00000123178",438,585,378,331,356,396,331,340,439,377,577
"ENSG00000123179",820.99999,563.00001,468,582,336,332,209,433,751,990,821
"ENSG00000123191",459.00001,625,532,669,701,547,625,306,181,259,253
"ENSG00000123200",4547,3923.99999,1958,1835,1727,2068,1759,2197,2156,2378,2485
"ENSG00000123213",300,470.00001,714,841,780,724,481,479,659,762,593
"ENSG00000123219",495.00002,375.99999,55,52,39,77,28,77,68,48,62
"ENSG00000123240",889.00001,1558,1024,957,953,1142,947,923,879,1021,1452
"ENSG00000123243",348,221.99999,1207,831,1039,505,1167,750,636,697,709
"ENSG00000123268",568,451,270,221,261,232,223,179,194,138,240
"ENSG00000123297",544.99999,379.99999,469,528,472,789,468,784,912,777,1009
"ENSG00000123307",776,782,1043,611,1031,836,962,551,374,484,213
"ENSG00000123329",37.00001,31.99999,34,52,57,77,109,77,48,44,339
"ENSG00000123342",64,44,103,16,1,43,3,31,101,574,378
"ENSG00000123349",4263,3385.99999,6147,3850,5468,5731,4991,6822,6930,5453,5182
"ENSG00000123352",1376,835,614,504,573,596,533,554,555,411,706
"ENSG00000123353",314,307.99999,795,688,638,855,581,1168,1126,839,1019
"ENSG00000123358",463,546.99999,217,200,378,245,538,287,11005,9415,10344
"ENSG00000123360",97,67.99999,107,71,115,79,87,80,63,187,100
"ENSG00000123374",314,139,459,462,562,520,525,505,555,560,810
"ENSG00000123384",2373,1499.99999,7037,5255,6200,3668,5970,3094,4199,6092,5791
"ENSG00000123395",376,429,1004,793,1019,1368,933,1370,1897,2475,3125
"ENSG00000123411",547,590.99999,562,483,715,293,499,301,258,288,486
"ENSG00000123415",428,382.99999,1094,967,891,1323,796,1347,1334,1297,1251
"ENSG00000123416",9120,5263.99999,17664,12721,14219,19328,13246,19679,20864,21356,19344
"ENSG00000123427",176,146,420,380,458,322,508,325,372,399,464
"ENSG00000123444",233,213,1646,1180,1677,1588,1349,1618,1974,2240,2001
"ENSG00000123453",55,97,432,321,424,436,410,298,306,395,396
"ENSG00000123472",1787,904,1560,1551,1012,1064,718,1115,2325,2832,3931
"ENSG00000123473",438,482,136,66,74,86,83,60,67,107,88
"ENSG00000123485",155,49,92,61,71,85,104,76,65,93,56
"ENSG00000123500",267,271,29,54,21,50,47,27,76,62,58
"ENSG00000123505",1008.99999,763.99999,1761,1523,1896,1529,1663,1403,2176,2535,3148
"ENSG00000123545",454,426,512,475,451,668,441,564,693,480,758
"ENSG00000123552",1271,1072.00001,259,246,224,232,236,185,197,167,255
"ENSG00000123560",2236,966.99999,3099,2062,734,3150,658,2579,3273,6325,3219
"ENSG00000123562",2497.99999,3200.99999,12322,9843,12117,14174,10791,13782,16527,15494,19266
"ENSG00000123570",363,279,582,542,531,621,451,530,658,1021,861
"ENSG00000123572",88,306,270,163,214,147,94,81,115,138,89
"ENSG00000123575",883,518,1639,1552,1537,860,1184,738,1037,1251,1669
"ENSG00000123595",492,339,809,622,605,947,662,860,1005,986,1184
"ENSG00000123600",997,669.99999,357,273,244,257,252,298,324,271,366
"ENSG00000123607",2443.99999,2237.00003,685,692,746,659,707,476,451,520,774
"ENSG00000123609",51,46,31,49,33,42,16,37,58,74,67
"ENSG00000123636",8699.99998,8625,4048,2870,3347,4154,3305,3363,2861,3790,2909
"ENSG00000123643",186,292,284,337,223,256,236,161,201,247,265
"ENSG00000123684",1482.00001,1406.99999,841,756,700,424,375,452,948,816,1059
"ENSG00000123689",43,54,173,63,39,244,46,85,249,513,555
"ENSG00000123700",56,96,13,31,26,22,20,22,16,42,26
"ENSG00000123728",271,315,416,279,473,278,343,210,302,227,426
"ENSG00000123737",473,531,481,359,465,637,503,593,674,488,627
"ENSG00000123739",1164,1061,1602,1461,1757,1660,1522,1297,1300,1417,1810
"ENSG00000123810",283,195,148,94,76,170,61,229,207,233,260
"ENSG00000123815",1024.00001,711.99998,1042,808,1083,768,879,957,797,874,860
"ENSG00000123836",225,412,415,499,400,441,485,341,435,333,672
"ENSG00000123892",155,164,493,522,281,770,541,837,784,150,473
"ENSG00000123908",1165,1020,634,493,595,351,569,331,369,432,691
"ENSG00000123933",1150,717,518,381,436,306,366,411,763,1401,991
"ENSG00000123975",493,259,466,302,387,430,379,518,478,623,1050
"ENSG00000123977",73,123,55,2,5,44,1,8,9,23,42
"ENSG00000123983",4373.99998,3926.00001,2843,2429,2364,2930,2135,1889,3076,4518,4299
"ENSG00000123989",2669.00001,1522,8196,8058,6082,4785,5029,4491,8117,9086,12197
"ENSG00000123992",664.00001,666.99999,1318,1329,1342,1155,1516,1063,1254,1091,1330
"ENSG00000123999",70,44,69,77,65,48,70,84,99,70,147
"ENSG00000124006",1995.99999,1526.99998,2446,1966,2190,1808,2082,2097,2937,3511,3635
"ENSG00000124067",431.00001,224,1470,1894,1757,1410,1969,1045,862,1030,1403
"ENSG00000124074",306.99999,322,137,80,121,80,127,118,106,133,130
"ENSG00000124098",522,598,897,1005,615,509,380,555,974,1384,1333
"ENSG00000124104",304,242,801,740,684,921,804,949,1139,1229,1315
"ENSG00000124116",33.00001,51,38,20,30,56,47,44,62,43,45
"ENSG00000124120",477,328,895,888,670,581,626,618,767,713,826
"ENSG00000124126",573,511,331,353,278,261,297,214,182,437,203
"ENSG00000124140",566,801.00002,305,107,168,213,144,140,248,504,144
"ENSG00000124145",541,593,1143,1138,1788,1114,1875,1300,1368,890,1369
"ENSG00000124151",785,851.00001,1706,1837,1938,1309,1706,739,834,1009,1244
"ENSG00000124155",625,655.00001,5029,4883,4232,6061,4770,6317,8782,7230,7523
"ENSG00000124160",691,630,1140,1089,907,1269,1083,968,1205,1291,1506
"ENSG00000124164",1008.99999,808.99999,1176,1161,1144,771,923,695,756,846,1028
"ENSG00000124171",1152,1335,887,681,834,712,719,723,830,800,1032
"ENSG00000124172",5556,6267,2721,2423,1989,3407,1888,3815,3711,2736,2788
"ENSG00000124177",2036.00001,1850.00001,1110,965,1250,1060,1376,806,908,957,882
"ENSG00000124181",755.00001,702.00001,1472,1709,1206,730,847,493,446,578,941
"ENSG00000124191",344,172.00001,80,97,103,55,98,71,104,142,149
"ENSG00000124193",2306,1464,4549,3590,3263,3441,3214,4488,5771,6632,10867
"ENSG00000124194",295.00001,230,171,95,149,271,146,210,145,237,159
"ENSG00000124198",2101,1780.99998,626,781,503,377,427,361,516,534,819
"ENSG00000124201",641,839.00001,2193,2040,1977,1872,2070,1408,1872,2243,3074
"ENSG00000124207",1220.00001,775,1700,1618,1621,1811,1524,1412,1598,1775,1937
"ENSG00000124209",750,518,560,596,313,339,254,326,770,1578,1780
"ENSG00000124212",105,66,200,150,32,91,87,146,133,78,122
"ENSG00000124214",2018,1688,2932,2627,2628,2958,2838,2286,2693,2936,3385
"ENSG00000124217",118,137,568,532,642,601,614,626,602,497,625
"ENSG00000124222",1568.00001,1601,3082,2453,3985,2903,3608,1998,2264,2344,2789
"ENSG00000124225",2746,2177,529,321,401,380,297,432,838,1000,585
"ENSG00000124226",630,635,2533,2249,2391,3005,2665,2997,3333,3068,4984
"ENSG00000124228",850,778,977,926,990,1455,1175,1212,1289,1419,2116
"ENSG00000124243",250.00001,327,421,552,470,681,576,780,703,415,665
"ENSG00000124257",33,34,108,66,79,116,127,122,82,62,96
"ENSG00000124275",680.99999,660.99999,523,626,554,626,569,487,698,577,945
"ENSG00000124279",205,221.99999,283,270,278,272,277,256,287,231,369
"ENSG00000124299",1782.99999,1053.00001,2690,2796,2145,3685,2550,4404,4652,4127,4748
"ENSG00000124313",282.99999,179,210,124,237,79,171,85,105,75,111
"ENSG00000124356",1295,1488.00001,1413,1090,1053,1272,1077,1316,1410,1822,1746
"ENSG00000124357",901.99999,869.99999,2257,1846,2145,2506,1980,2958,3314,2842,2606
"ENSG00000124370",178,179,268,165,323,363,335,274,349,289,439
"ENSG00000124374",175,238,509,455,675,408,607,377,367,335,514
"ENSG00000124380",1003,967.00001,634,517,595,890,567,759,923,768,968
"ENSG00000124383",970,953.00001,508,412,543,585,552,578,662,607,716
"ENSG00000124406",1373,1676.99999,533,532,376,408,469,265,206,148,307
"ENSG00000124422",4123,4344,3392,3034,2811,1642,2124,2139,2915,3852,3330
"ENSG00000124440",802.99999,461.99999,2131,2070,3827,2193,3748,2039,1756,1004,1260
"ENSG00000124444",317.00001,356.00001,440,307,382,595,397,534,627,694,923
"ENSG00000124459",288,343,588,510,614,579,710,420,494,723,835
"ENSG00000124466",16,31,115,121,181,143,156,189,143,112,87
"ENSG00000124479",316,143,1977,1566,2225,2389,1548,1999,2130,2925,1605
"ENSG00000124486",6843,4807.99998,4477,4326,4553,2360,3940,1659,1820,2154,2607
"ENSG00000124491",41,107,14,29,17,41,2,19,4,12,11
"ENSG00000124493",239.00002,172.99999,29,6,18,22,39,20,16,23,72
"ENSG00000124496",942,1017,203,181,244,133,194,131,102,117,160
"ENSG00000124507",654,1001.00001,549,231,519,229,450,228,171,199,97
"ENSG00000124508",239,280,602,777,529,755,697,568,656,765,760
"ENSG00000124523",2567.99999,919,511,461,581,681,522,602,547,582,586
"ENSG00000124532",484.99999,532,892,794,754,992,745,827,887,979,976
"ENSG00000124535",1090.00001,861.99999,459,388,249,339,207,383,801,1565,1756
"ENSG00000124541",656,511,542,567,433,604,377,603,961,897,1197
"ENSG00000124562",1193,1065.00001,2292,1790,2006,2668,1923,3368,3438,2882,3461
"ENSG00000124570",1931.99998,1407.99999,3318,2743,2471,3516,2629,3370,5016,5503,6810
"ENSG00000124571",685,514,1635,1709,1807,1262,1510,981,927,1028,1396
"ENSG00000124574",205,206,962,750,764,882,852,673,752,999,784
"ENSG00000124575",116,85,22,14,19,123,44,99,35,27,9
"ENSG00000124587",244,349,876,859,737,621,424,518,857,1333,1376
"ENSG00000124588",768,430,1189,967,1046,1300,1179,1568,1727,1558,1985
"ENSG00000124593",1462,1418.99999,187,176,224,245,169,265,265,225,228
"ENSG00000124596",524,630,836,655,739,982,717,898,834,826,941
"ENSG00000124602",28,30,57,32,67,46,66,17,26,60,40
"ENSG00000124608",262,254,1004,842,1119,904,995,672,614,800,940
"ENSG00000124613",120,100,357,191,301,277,277,177,157,184,201
"ENSG00000124614",2344.00001,2277,5248,3598,5027,5184,4502,6291,5540,4186,4047
"ENSG00000124615",82.99999,182.99999,691,752,558,942,875,1144,1051,852,1158
"ENSG00000124641",213,130,619,644,708,677,733,589,573,537,825
"ENSG00000124659",419,368,1360,1174,1213,2106,1467,1949,2345,2012,2128
"ENSG00000124664",42,20,46,53,15,60,24,205,54,25,20
"ENSG00000124678",117,107,18,15,26,15,24,8,11,19,26
"ENSG00000124688",349,359.99999,684,633,656,949,741,1122,1141,1181,1592
"ENSG00000124702",879,749,2884,2547,2995,3168,2903,3102,3461,3477,3687
"ENSG00000124733",1296.00001,1254.00001,2977,2470,2662,3521,2408,4365,4481,4167,4744
"ENSG00000124743",29,28,94,81,138,86,133,69,85,40,59
"ENSG00000124749",118,258,166,129,148,127,104,129,123,273,90
"ENSG00000124762",1104.99999,1472.00001,6468,9788,10037,8350,11171,7275,6353,14966,20983
"ENSG00000124766",10009,6785,4921,3907,3921,4119,3761,5193,4280,3054,2968
"ENSG00000124767",1561,1509,4049,3616,3784,4359,3314,4410,5235,4820,5235
"ENSG00000124772",132.99999,163.00001,270,521,425,214,533,222,329,92,182
"ENSG00000124782",1120.99999,911,418,272,468,171,386,156,182,158,138
"ENSG00000124783",2034,1760,4010,3345,4006,3547,3548,3694,4780,4133,5140
"ENSG00000124784",534.99999,509,441,408,530,503,479,523,686,580,1062
"ENSG00000124785",1292,859,706,620,498,732,878,361,762,814,886
"ENSG00000124786",258.99999,298,320,289,258,333,220,391,384,276,428
"ENSG00000124787",60,57.00001,140,86,71,146,89,135,179,161,148
"ENSG00000124788",1861,2030.00001,583,506,549,464,513,474,474,623,625
"ENSG00000124789",1543,1060,472,365,467,225,401,146,134,128,226
"ENSG00000124795",4273,3287,1120,873,1049,1279,888,1100,1321,1207,1258
"ENSG00000124802",564.00001,660,894,742,707,772,606,891,1297,978,1372
"ENSG00000124813",317.99999,525,27,28,10,4,15,17,22,38,19
"ENSG00000124831",1020.00001,907,736,673,593,750,546,832,952,1025,1227
"ENSG00000124839",17,31,36,83,24,39,36,62,82,18,71
"ENSG00000124920",308,203,735,827,325,484,618,713,641,152,392
"ENSG00000124942",301.99999,270,1096,1533,1797,1511,1687,1018,1363,1700,1300
"ENSG00000125037",817.00001,828,1543,1307,1265,1960,1325,2263,2495,2264,2786
"ENSG00000125084",43,17,13,2,2,22,0,5,8,7,33
"ENSG00000125089",111.00001,159,190,142,185,162,142,57,134,142,143
"ENSG00000125107",2406.00001,1938.99999,3640,3631,3970,2353,3609,1418,1565,2285,3117
"ENSG00000125124",1059.00002,2189.00002,2845,1869,2758,2945,2550,2039,2528,2679,3053
"ENSG00000125144",249,295,197,222,53,379,110,791,2149,57,1325
"ENSG00000125148",817,1330,184,139,71,212,122,368,551,428,926
"ENSG00000125149",349,397,675,631,704,725,709,669,761,745,918
"ENSG00000125166",700,827,5594,5277,4798,6909,4993,7333,7419,5706,7046
"ENSG00000125170",335,203,387,350,339,369,389,379,468,1016,968
"ENSG00000125246",525.99999,412.99999,382,222,200,474,223,345,511,620,552
"ENSG00000125247",1091,568,1502,1263,1248,1225,988,946,887,1362,831
"ENSG00000125249",633,651,290,190,181,167,153,152,193,179,197
"ENSG00000125257",516,804,527,581,508,447,559,316,315,343,434
"ENSG00000125266",498,938,242,75,254,103,131,103,129,160,186
"ENSG00000125304",1623,1600,7359,6779,7231,7974,6184,6465,8331,7098,9197
"ENSG00000125319",144,133,58,39,48,44,58,53,69,132,38
"ENSG00000125347",282.99999,351,372,331,283,172,358,214,430,1687,2282
"ENSG00000125351",1111,1001,280,252,286,415,285,400,538,429,636
"ENSG00000125352",176,297,523,398,549,596,623,553,526,439,603
"ENSG00000125354",1495,1510,1095,854,1066,1115,923,927,909,1076,774
"ENSG00000125355",60.00001,184,293,281,132,247,171,272,344,404,586
"ENSG00000125356",3105,2880,3912,3023,3500,4422,2687,5178,5801,3454,4008
"ENSG00000125375",709.99999,788,272,231,230,180,199,246,247,198,217
"ENSG00000125378",75,68,388,679,303,964,583,798,955,205,659
"ENSG00000125386",2295,3265.99999,455,360,470,439,471,351,391,446,469
"ENSG00000125388",1110,978.99999,184,172,185,219,185,177,212,236,334
"ENSG00000125398",1768,922,302,268,205,215,197,186,273,705,584
"ENSG00000125409",57,42,27,11,19,12,32,12,8,7,18
"ENSG00000125414",45,145,14,36,15,60,16,34,10,1,9
"ENSG00000125430",321,708,378,303,375,479,298,348,353,626,416
"ENSG00000125434",143,186,164,138,121,180,159,136,204,128,177
"ENSG00000125445",948,1008.00001,1812,1387,1464,2347,1521,2532,3069,2754,3041
"ENSG00000125447",560,497,390,387,476,338,518,236,228,233,243
"ENSG00000125449",107.99999,160,171,128,168,63,192,78,87,116,78
"ENSG00000125450",1206,628.00001,814,802,656,1045,832,1028,1199,1034,1315
"ENSG00000125454",89.99999,70.99999,192,172,203,246,251,343,255,242,350
"ENSG00000125457",272.00001,227.00001,1331,1257,1555,1463,1270,1605,2285,1719,2098
"ENSG00000125458",759.00001,708,896,661,708,937,656,1080,1323,1062,1036
"ENSG00000125459",230,248,1473,1371,1381,2004,1461,1658,2148,2117,3114
"ENSG00000125482",515,496,281,210,247,303,213,292,321,313,416
"ENSG00000125484",607,548,627,529,577,281,478,243,324,303,450
"ENSG00000125485",317,370,255,184,275,242,294,188,242,295,363
"ENSG00000125503",668.99999,551,28,30,44,43,29,26,28,20,72
"ENSG00000125505",701.99999,620.00001,1701,2012,1794,1268,1566,1198,1657,1637,1917
"ENSG00000125510",19,19.00001,42,7,47,20,28,8,14,38,40
"ENSG00000125520",492,308,54,36,61,16,49,17,22,35,15
"ENSG00000125534",2668,2060,245,201,251,90,235,147,115,95,110
"ENSG00000125611",775.00001,770,853,691,659,905,676,1409,1204,898,1045
"ENSG00000125618",927.99999,485,90,430,74,246,56,457,358,500,474
"ENSG00000125629",613.00001,793.00001,1391,1291,1387,995,1643,845,978,757,1338
"ENSG00000125630",645,609.00001,1285,1411,1312,1065,1328,844,1075,1062,1370
"ENSG00000125633",1145,1264.00001,1484,1116,1454,1036,1609,730,712,815,1217
"ENSG00000125637",217,117.99999,274,200,216,135,180,200,185,334,178
"ENSG00000125648",676.00001,650,1356,1313,1144,570,782,693,1003,1517,1546
"ENSG00000125650",52,46,84,64,120,54,69,37,33,47,60
"ENSG00000125651",901,977,1352,1262,1302,1576,1468,1473,1750,2128,2783
"ENSG00000125652",1089.99999,1121.99999,1187,976,1036,1506,1063,1989,1846,1412,1322
"ENSG00000125656",699,605,1553,1362,1753,2063,1671,2566,2091,1646,2399
"ENSG00000125675",372,586,236,192,217,333,122,144,212,560,529
"ENSG00000125676",3130.99998,3158.99999,2043,1763,2052,2080,1784,1563,1770,1733,1872
"ENSG00000125686",997,854,863,932,829,642,980,582,584,694,518
"ENSG00000125691",12790.00001,8108.99999,5227,3579,5307,3622,4669,4505,4015,3090,3435
"ENSG00000125703",351,439,319,256,282,415,302,283,331,313,419
"ENSG00000125730",65.00001,151,402,327,85,211,229,168,350,786,689
"ENSG00000125731",35.99999,29,22,31,10,42,23,30,34,20,23
"ENSG00000125733",353,346.99999,567,727,813,646,952,565,543,479,936
"ENSG00000125734",510,420.99999,1914,1700,1728,2356,1802,2281,2624,2825,3055
"ENSG00000125740",426.00001,253.99999,8,14,21,13,11,21,442,1598,2089
"ENSG00000125741",336,391,593,602,515,589,645,592,797,547,814
"ENSG00000125743",2863,2496,3955,3070,3769,4798,3696,5880,5730,4741,5191
"ENSG00000125744",566,336,76,53,83,53,70,64,34,33,21
"ENSG00000125746",427.99999,209.99999,631,463,774,421,676,448,354,292,550
"ENSG00000125753",353,312.99999,96,71,112,46,104,36,76,52,64
"ENSG00000125755",1294,816.00001,457,382,491,220,433,187,189,159,175
"ENSG00000125772",1065,736,1424,1770,1163,1422,1508,1087,991,738,1034
"ENSG00000125775",60.00001,46,102,126,130,118,131,161,108,113,253
"ENSG00000125779",1223,1263,563,493,495,550,434,514,829,837,1296
"ENSG00000125812",398,272,579,450,575,537,589,357,488,663,691
"ENSG00000125814",1261,1770,2158,1268,2607,2542,2206,1294,1315,1956,1437
"ENSG00000125817",790,577,75,52,80,38,57,15,22,42,27
"ENSG00000125818",1491,1232,3212,3031,2915,3574,3031,3608,3979,4140,4340
"ENSG00000125821",1004,954,1182,1065,964,1575,866,1566,1574,1663,1858
"ENSG00000125826",875.99999,795.99999,1529,1614,1523,1663,1756,1659,2006,1875,2521
"ENSG00000125827",1480,1828,2762,2554,2514,2226,1795,2144,3511,3743,3645
"ENSG00000125834",448,490,911,798,797,685,825,498,1080,1519,1651
"ENSG00000125835",2293,1516,2221,1836,1843,2501,1826,3149,3808,3051,3623
"ENSG00000125841",890,1338,2893,2477,2520,3246,2572,3168,3498,3861,3514
"ENSG00000125843",302.00001,266,636,784,610,934,667,1085,1204,959,903
"ENSG00000125844",1341,1130,1098,958,1181,1426,1136,1187,1462,1852,2396
"ENSG00000125845",346,243,281,310,168,224,221,287,490,486,729
"ENSG00000125846",452.99999,751.00001,814,729,924,975,936,924,914,711,707
"ENSG00000125848",329.00001,457,7265,2491,13484,4706,8087,4761,5847,1875,3455
"ENSG00000125851",326,399,137,156,106,208,97,319,236,502,230
"ENSG00000125863",779.00001,819,1537,1333,1210,1584,1252,1586,1801,1844,2054
"ENSG00000125864",44.99999,105,19,22,21,8,3,26,45,64,72
"ENSG00000125868",2407.99999,2330,3857,3102,3663,3903,3085,3817,5233,4818,4847
"ENSG00000125869",1587,909,418,818,121,634,208,802,1017,1355,908
"ENSG00000125870",1120,822,677,543,656,726,530,824,818,723,1054
"ENSG00000125871",363,272.99999,430,362,461,458,428,468,435,495,465
"ENSG00000125875",718.99998,628.99998,1284,1237,1590,1163,1248,777,987,1207,1453
"ENSG00000125877",965,624.00001,657,633,446,920,464,1105,1215,1017,1151
"ENSG00000125885",381,350,115,66,83,66,69,96,81,70,82
"ENSG00000125895",42,59,32,59,44,44,71,62,57,59,63
"ENSG00000125898",147.99999,122,65,67,72,35,32,48,49,78,35
"ENSG00000125901",731,658,1575,1406,1456,2023,1474,2597,2792,2204,2697
"ENSG00000125912",369,408,712,750,464,562,352,611,839,739,846
"ENSG00000125931",253.99999,260.00001,15,5,10,39,5,18,34,83,86
"ENSG00000125944",4124.99999,3839.00001,4954,4274,4698,5281,4391,5188,6322,6403,5843
"ENSG00000125945",211,170,1719,1107,1485,1665,1247,866,1080,2935,1647
"ENSG00000125952",731.00002,716,1148,960,1082,851,1013,824,772,593,834
"ENSG00000125954",33,19,158,154,122,168,176,101,138,94,201
"ENSG00000125962",287.99999,146,530,551,644,495,622,512,649,622,1021
"ENSG00000125966",251,166,105,188,131,242,224,92,82,99,97
"ENSG00000125967",366.99999,701.99999,458,437,317,238,209,195,278,523,373
"ENSG00000125968",141,422,1645,801,2132,1205,1975,1965,4160,1785,1640
"ENSG00000125970",1614,1250,3390,3085,2755,4157,2702,4107,5081,5590,5712
"ENSG00000125971",1383,1270.00001,2057,1974,1870,2830,1871,3233,3474,2495,2509
"ENSG00000125977",1645,1461,914,717,861,1055,818,977,982,1263,2095
"ENSG00000125991",2076,1793,5313,4257,4382,5639,4306,6632,6998,6416,6034
"ENSG00000125995",2402.99999,2440.99999,2445,1836,1998,3105,1811,4001,3494,2357,2536
"ENSG00000126001",871.00002,1003.00001,1358,1120,1354,1152,1688,848,775,996,1386
"ENSG00000126003",388,533,1544,1436,1802,1235,1822,1143,1386,1547,1628
"ENSG00000126005",661.99999,604,227,173,219,200,200,185,162,182,124
"ENSG00000126012",1427,1537,4301,3506,4873,3071,4626,2794,2409,2183,3706
"ENSG00000126016",262,400,935,926,916,621,918,484,487,671,568
"ENSG00000126062",365,416,1834,1884,1926,2359,2107,2351,2786,3125,3960
"ENSG00000126067",1590,1432,3313,2864,3146,3437,2916,3982,4311,3521,5022
"ENSG00000126070",1527.00001,1458,876,683,819,802,909,529,612,545,682
"ENSG00000126088",761,596.99999,2702,2532,2179,4024,2441,4513,5243,4528,5031
"ENSG00000126091",2052,2750,921,708,918,886,756,765,973,991,661
"ENSG00000126106",506,528,666,530,590,957,703,860,1098,847,860
"ENSG00000126107",239.99999,238.99999,1100,1169,1036,1251,903,839,1083,1600,1578
"ENSG00000126214",4322.99999,4057.00002,4186,3510,3402,3940,2552,3263,4879,6558,5245
"ENSG00000126215",132,94,167,154,160,89,145,126,95,132,82
"ENSG00000126216",733,905.00001,902,899,977,894,934,689,877,1190,1328
"ENSG00000126217",1472,1289.99999,870,676,571,646,422,404,574,875,664
"ENSG00000126218",22,58.00001,146,255,110,238,184,236,265,207,111
"ENSG00000126226",789,588.00002,1272,1258,1302,1529,1370,1522,1406,1250,1905
"ENSG00000126243",267,209,88,78,93,52,82,45,69,99,66
"ENSG00000126246",52.99999,45,61,57,57,76,53,160,122,75,145
"ENSG00000126247",2069.00001,1454,1396,1435,1176,618,1016,822,892,718,628
"ENSG00000126249",250,249,221,238,256,291,214,317,319,213,297
"ENSG00000126254",751,753,1158,973,1044,1340,1077,1534,1568,1545,1930
"ENSG00000126259",68,122,195,105,205,62,143,49,28,34,44
"ENSG00000126261",2410,2208.99999,1961,1567,2034,870,1727,832,793,637,885
"ENSG00000126267",2748,2703,2768,2448,2564,3737,2747,4279,3969,2724,2969
"ENSG00000126351",1258,838,1666,1306,1949,516,1308,714,931,820,785
"ENSG00000126368",177,242,201,236,559,110,319,115,186,133,135
"ENSG00000126391",314,259,785,868,895,825,727,666,748,1738,1595
"ENSG00000126432",2728,2489,5655,4397,4432,6922,4423,8111,9416,8476,9684
"ENSG00000126453",340.99998,534,82,102,92,154,111,146,191,133,225
"ENSG00000126456",396,382.99999,701,654,870,801,835,827,937,922,1039
"ENSG00000126457",2615,2041,4095,2988,4028,3381,3641,3386,3427,3457,3345
"ENSG00000126458",338,220,1187,1043,1561,1215,1373,1238,1156,891,1022
"ENSG00000126461",755,713,80,70,129,28,84,53,62,41,34
"ENSG00000126464",649,592,41,33,84,5,49,9,4,6,2
"ENSG00000126500",844,695,316,403,310,311,353,391,258,250,358
"ENSG00000126522",273.99999,236.99998,596,633,454,809,494,951,1116,1130,911
"ENSG00000126524",1480.00001,1628.99999,2521,2072,2322,3041,2646,2887,4018,3845,5585
"ENSG00000126561",71,60.99999,292,254,349,327,349,182,229,319,409
"ENSG00000126562",48,63,129,50,398,101,171,140,58,39,60
"ENSG00000126581",603.99999,573,2025,1723,1780,2758,1909,2594,3034,3064,3207
"ENSG00000126583",61,92,53,23,99,55,75,44,50,54,22
"ENSG00000126602",920,932,2667,2385,2865,2989,2664,2861,3290,3439,3956
"ENSG00000126603",536,501,271,190,261,157,267,162,163,139,235
"ENSG00000126653",2277.99999,1995,613,555,525,663,586,760,862,706,1094
"ENSG00000126698",2296,2049,3152,2820,2895,4115,2528,4134,4698,4832,5463
"ENSG00000126705",988.99999,524.99999,219,206,305,132,333,148,164,125,93
"ENSG00000126709",405,779,1387,942,1498,1742,1171,2182,3142,2523,1642
"ENSG00000126733",404,549.00001,248,152,173,122,220,126,179,183,72
"ENSG00000126746",736.00001,529,1294,1092,1297,987,1444,823,969,1176,1387
"ENSG00000126749",468.99999,430,691,650,662,824,578,796,824,887,815
"ENSG00000126756",876.00001,824,813,654,783,900,730,1074,1074,752,813
"ENSG00000126767",313,291,541,560,739,329,637,270,283,278,344
"ENSG00000126768",868.99999,1777,2328,1806,2308,2886,2262,3561,3488,2806,2428
"ENSG00000126773",2209,2772,3122,2254,2748,2614,2680,1838,2032,2539,2699
"ENSG00000126775",678,645,338,345,317,289,388,271,327,219,471
"ENSG00000126777",5184.99998,4562.00001,1657,2190,1510,1960,1607,1856,2446,2104,2642
"ENSG00000126778",176.00001,45,12,8,5,19,21,39,47,49,52
"ENSG00000126785",308,359,770,812,777,992,840,710,962,680,688
"ENSG00000126787",226,110,61,50,30,63,61,68,49,32,57
"ENSG00000126790",192.99999,240.00001,191,196,203,379,254,222,285,223,358
"ENSG00000126804",503.99999,422.00001,927,770,879,860,857,608,944,913,1309
"ENSG00000126814",695,215,393,412,407,371,405,327,334,368,391
"ENSG00000126821",388,384,96,115,79,54,54,54,167,487,569
"ENSG00000126822",207,208,615,682,680,654,636,394,490,623,586
"ENSG00000126858",2590,2771.99999,2292,1817,2232,2267,1810,1710,1852,2108,1869
"ENSG00000126860",25,21,23,6,13,18,20,8,11,2,5
"ENSG00000126861",32,457,47,18,14,28,22,13,43,30,69
"ENSG00000126870",2106,1969.99999,653,416,532,818,572,655,672,871,652
"ENSG00000126878",870,882,957,1094,1010,774,1326,452,553,816,404
"ENSG00000126883",2288,1851,1363,1395,1457,1250,1728,845,896,1046,1373
"ENSG00000126903",137,100.99999,549,561,430,526,422,617,1099,1048,1284
"ENSG00000126934",1346,1218.99999,382,294,303,262,376,284,303,375,504
"ENSG00000126945",1026,958,3872,3763,3595,4712,3434,4511,5823,5592,6355
"ENSG00000126947",420,401,780,690,759,864,718,761,810,958,981
"ENSG00000126950",279,225,415,230,372,377,339,242,258,233,138
"ENSG00000126953",134.99999,122,135,169,164,231,179,173,237,219,350
"ENSG00000126970",1165,397,1108,1012,1101,1179,1022,1226,1332,1254,1171
"ENSG00000127022",5089.00001,6225.00001,20372,18500,20246,18959,19403,13087,15600,18341,29809
"ENSG00000127054",1006.99998,824,1979,1953,2161,2607,2266,2595,2815,3122,3430
"ENSG00000127080",324.00001,277,438,386,402,535,424,442,516,598,897
"ENSG00000127081",304.00001,394,196,178,207,138,179,81,111,120,173
"ENSG00000127083",116,76,36,17,27,22,32,14,35,19,24
"ENSG00000127084",323,386,60,79,43,90,107,43,35,56,29
"ENSG00000127124",1573.99999,1101,387,385,257,301,230,337,361,757,297
"ENSG00000127125",927.00001,943,1306,912,1036,1507,980,1564,1542,1522,1652
"ENSG00000127184",5861,6354,4404,4143,4242,5886,4316,7256,6621,3648,4343
"ENSG00000127191",416,185,459,384,417,506,481,506,624,743,840
"ENSG00000127220",404,483,959,962,1048,837,722,685,1388,1404,1775
"ENSG00000127241",52,78,162,31,15,104,48,51,39,86,301
"ENSG00000127249",264,823,144,104,73,143,87,119,88,291,178
"ENSG00000127252",254,1515,892,235,696,936,608,475,804,644,474
"ENSG00000127311",154,308,123,105,121,115,138,75,78,190,293
"ENSG00000127314",1291.00002,1082,2707,2231,2641,2688,2165,2895,3548,2940,3246
"ENSG00000127325",81,68,26,17,7,11,11,25,11,56,19
"ENSG00000127328",999.00001,1382.99999,928,981,901,1071,943,1055,1019,879,902
"ENSG00000127329",443,645,126,341,164,171,149,131,90,74,59
"ENSG00000127334",490,536.00001,961,702,815,570,616,441,629,673,715
"ENSG00000127337",724,815.00001,457,334,326,445,345,503,537,466,501
"ENSG00000127364",90,175,52,30,44,36,53,22,21,19,39
"ENSG00000127366",22,58,44,36,47,21,40,24,8,8,7
"ENSG00000127415",199.99999,198.99999,160,197,76,46,64,78,278,430,484
"ENSG00000127418",185,187,404,278,255,219,265,218,256,260,360
"ENSG00000127419",836,1015.00001,873,814,887,1119,823,1226,1270,1458,1161
"ENSG00000127423",39,40,22,23,15,37,18,29,18,17,19
"ENSG00000127445",1330.00001,1163.99999,1681,1445,1461,2335,1523,2904,3035,2870,2931
"ENSG00000127452",326.99999,324.99999,304,289,363,181,415,177,179,228,261
"ENSG00000127463",1401.00001,1329,2030,2139,1975,1859,1995,1577,1769,2154,2514
"ENSG00000127472",208,298,363,231,92,474,238,555,649,236,472
"ENSG00000127481",1612,1767,2598,2559,3315,1977,2834,1476,1603,2066,1860
"ENSG00000127483",2896.99998,2544.00001,4396,3653,4055,4260,3781,3255,4076,4516,5041
"ENSG00000127511",782.00001,589.00001,540,427,540,289,477,234,375,291,428
"ENSG00000127526",565.00001,586.99999,480,445,528,369,503,452,569,948,1432
"ENSG00000127527",1419.99999,1192.00001,382,428,434,196,512,159,178,112,143
"ENSG00000127530",25,54,33,19,25,28,40,17,32,17,23
"ENSG00000127540",3875,3838.99999,4532,3521,3607,5481,3434,6852,7027,5314,5472
"ENSG00000127554",301,281,217,175,177,171,150,174,249,239,349
"ENSG00000127561",133,178,310,383,288,266,200,233,688,1237,1543
"ENSG00000127564",207.99999,245,82,63,49,95,65,81,92,219,55
"ENSG00000127580",162,186,1035,981,1230,1022,1469,918,804,1070,1243
"ENSG00000127585",310,443,42,60,62,23,50,18,28,17,21
"ENSG00000127586",266,165.99999,459,372,414,514,451,433,426,537,325
"ENSG00000127588",74,76,13,9,22,17,16,8,29,53,13
"ENSG00000127603",7240.00001,5834.00002,3329,3150,2755,3413,2788,1854,2350,2875,2610
"ENSG00000127616",6651.00002,5459.99998,2794,2313,2689,1911,2508,1822,1692,2053,1651
"ENSG00000127663",2312.00001,1837.00001,1452,1297,1420,518,1071,485,666,937,714
"ENSG00000127720",464,790,174,132,122,125,93,172,206,99,162
"ENSG00000127774",693,752,697,614,622,979,717,1128,1150,827,951
"ENSG00000127804",1160,793,1056,915,1251,1099,1126,851,1023,1092,1337
"ENSG00000127824",586.00001,805,2560,1344,2231,2571,2440,2167,1897,1341,2329
"ENSG00000127837",1004,853,3526,3096,3562,4164,3511,4103,4526,5088,5211
"ENSG00000127838",882,742,1641,1532,1622,2134,1619,2421,2537,1906,2290
"ENSG00000127863",196,138,524,349,268,480,292,238,405,503,457
"ENSG00000127870",504.99999,657.00001,1137,951,1125,1276,1101,998,1212,1409,1916
"ENSG00000127884",1237,1104,2896,2392,2398,3933,2490,4225,4852,4618,4697
"ENSG00000127914",21487.99998,25203.00001,3267,1759,3013,3724,2812,2622,2715,2713,2296
"ENSG00000127920",643,271,1312,3602,823,3710,2405,3851,9215,894,3299
"ENSG00000127922",2182,1755.99999,1389,1420,1313,2000,1327,2378,2509,1864,2126
"ENSG00000127928",3068.00002,11914.00001,819,1297,332,1750,939,2615,2813,282,1113
"ENSG00000127946",1137,1046.99999,953,950,961,456,870,500,498,517,388
"ENSG00000127947",2104.00001,1587,374,316,259,303,259,238,238,271,348
"ENSG00000127948",638,614.99999,2970,2684,3076,3513,3127,3062,3784,4287,5932
"ENSG00000127951",88,115,17,11,32,12,14,25,21,39,11
"ENSG00000127952",463,398,816,688,689,1037,661,1173,980,1037,1011
"ENSG00000127954",24,55,46,31,31,62,30,21,25,60,41
"ENSG00000127955",581,548.99998,2153,1932,1909,1995,1780,1728,1972,2613,1622
"ENSG00000127980",654.99999,679,577,553,620,421,605,311,330,324,472
"ENSG00000127989",372.00001,360.00001,257,230,211,298,280,223,255,217,348
"ENSG00000127990",4784.00003,859.00002,861,768,962,962,840,1028,1188,1176,1181
"ENSG00000127993",218,244,577,412,557,636,559,612,600,557,615
"ENSG00000127995",870,972.99999,290,290,284,305,230,209,263,311,247
"ENSG00000128000",827,987,389,234,304,256,368,142,122,90,255
"ENSG00000128011",139,195,305,203,208,142,190,138,96,171,166
"ENSG00000128016",676,620,176,117,225,192,236,128,2311,15014,13232
"ENSG00000128039",142.99999,228,420,460,448,486,352,464,525,471,524
"ENSG00000128045",47,29,324,367,119,442,394,452,394,178,289
"ENSG00000128050",2486.99999,1537,3203,2887,2868,3291,3005,2590,2853,2710,4452
"ENSG00000128052",1011,1058,893,2376,753,1192,817,671,469,1101,374
"ENSG00000128059",288,372,633,535,701,624,658,561,671,575,846
"ENSG00000128159",532,407,1215,1171,1493,856,1525,624,559,632,703
"ENSG00000128165",32,47,70,47,40,31,24,51,26,15,62
"ENSG00000128185",744,681,2056,1800,1899,2913,2066,3801,3741,3320,3241
"ENSG00000128191",1287,896.00002,288,337,270,214,248,215,182,319,321
"ENSG00000128203",71,121,29,37,18,38,32,38,29,86,114
"ENSG00000128228",515,239,586,550,483,738,520,1104,1228,877,1980
"ENSG00000128242",69,74.00001,46,57,92,34,107,37,34,89,64
"ENSG00000128245",1823,1150,880,1063,464,737,476,920,1954,4968,4055
"ENSG00000128266",602,733,640,621,479,496,489,462,691,748,744
"ENSG00000128268",214,196,139,92,114,33,97,47,61,99,67
"ENSG00000128272",2545.00002,3776.99999,2306,1854,2103,2457,2082,2746,3028,3546,5221
"ENSG00000128283",487,250,305,234,233,113,210,141,291,406,326
"ENSG00000128284",21,34,32,25,4,37,10,19,45,93,92
"ENSG00000128285",20,16,538,515,376,600,379,549,567,565,239
"ENSG00000128294",355,303,955,1389,859,1173,916,1175,1119,1491,1284
"ENSG00000128298",62.99999,63,24,22,30,42,24,36,25,41,62
"ENSG00000128309",352,221.99999,894,701,800,872,771,1010,1166,1168,1130
"ENSG00000128311",146,118,261,201,226,228,222,295,318,222,351
"ENSG00000128335",157,218,923,834,1187,1051,1365,890,960,876,1561
"ENSG00000128342",48,74,27,82,67,21,66,13,27,82,37
"ENSG00000128346",703,152,106,54,67,125,89,104,154,137,274
"ENSG00000128394",122,89,315,412,429,337,395,282,258,326,307
"ENSG00000128463",1247.99999,1201,3386,2701,2605,4006,2447,4720,5808,4731,5573
"ENSG00000128487",3240,5593.00001,683,624,533,808,667,574,572,904,895
"ENSG00000128510",47,85,34,37,32,58,13,107,28,78,21
"ENSG00000128512",2095,1610,515,342,429,436,392,225,195,275,282
"ENSG00000128513",1589.99999,1688.00001,771,664,860,894,759,711,740,700,749
"ENSG00000128524",1837,1932,5835,4104,4963,6806,4294,7283,8441,8422,9856
"ENSG00000128534",811.99999,789,663,520,556,612,536,500,615,495,531
"ENSG00000128536",310,424.00001,190,122,193,170,204,93,104,155,181
"ENSG00000128563",1015.00001,1127,1008,751,875,1108,833,876,1050,1197,1440
"ENSG00000128567",1152,868.99999,2675,2095,3602,1398,3169,992,1387,1634,1242
"ENSG00000128573",3309,3396.00001,865,426,817,492,630,335,471,204,320
"ENSG00000128578",631.00001,623,1636,3693,1753,2414,3726,2556,2691,489,1628
"ENSG00000128581",1154,1132.00001,1992,1368,1464,2234,1326,2442,2650,2383,2649
"ENSG00000128585",2761,2478,1649,1499,1728,1439,1648,1046,1155,1225,1634
"ENSG00000128590",582,496,1929,1566,2490,2396,2251,2007,3056,2533,6753
"ENSG00000128591",571,256,2266,1653,1851,1318,2048,653,586,1638,2571
"ENSG00000128594",491,649,31,20,20,16,18,32,27,32,22
"ENSG00000128595",2588.00001,1502.00001,7976,7386,8848,8004,8093,7079,7699,6913,10124
"ENSG00000128596",913.00001,999,935,617,555,916,538,586,898,1285,2281
"ENSG00000128602",449,303,256,267,274,110,304,206,195,219,219
"ENSG00000128604",49.99999,52.00001,122,153,166,111,138,135,146,163,154
"ENSG00000128606",388,270,844,263,986,788,667,939,942,739,711
"ENSG00000128607",1176,1067,476,443,499,378,392,244,336,308,398
"ENSG00000128609",2092.99998,2031.00001,1656,1372,1381,1901,1355,1683,2160,1757,2205
"ENSG00000128617",29,168,126,34,164,272,315,236,706,990,225
"ENSG00000128626",339,347,897,778,769,1175,848,1391,1427,1050,1501
"ENSG00000128641",912.99999,795.00001,1346,1413,1161,959,985,590,1242,1633,1527
"ENSG00000128654",1092,1455,1290,1098,962,1731,1123,1514,1584,1480,1857
"ENSG00000128655",163,772,635,145,624,217,484,234,518,173,355
"ENSG00000128656",1408,1306.99999,1180,1077,1123,1184,891,1127,1859,1725,2069
"ENSG00000128683",480,383,167,293,603,541,550,257,281,445,327
"ENSG00000128694",451,410,451,345,411,544,477,416,414,421,492
"ENSG00000128699",1378,1625.00001,1952,1506,1682,2116,1462,1942,2504,2223,3054
"ENSG00000128708",1003,975,1476,1252,1222,1583,968,1686,1970,1754,2085
"ENSG00000128731",1780,1711.99999,1681,1477,1809,1604,1600,1149,1387,1634,1427
"ENSG00000128739",3203.00001,3426.00001,13749,10917,13164,16723,12863,18894,20599,16746,18889
"ENSG00000128789",822.99999,853.99999,1023,777,905,1040,870,1045,1280,1162,1375
"ENSG00000128791",516.00001,572,1581,1820,1823,1806,1803,1318,1441,1106,1430
"ENSG00000128805",41.00001,60.99998,51,26,37,28,42,39,20,67,70
"ENSG00000128829",1159.99999,1065,1137,1351,1195,1078,959,884,1131,1505,1314
"ENSG00000128833",298.00001,338,574,968,445,744,668,659,644,259,524
"ENSG00000128849",1158,1158,1397,3616,2058,2272,2831,1654,1494,964,1645
"ENSG00000128872",682.99999,716,701,591,487,423,406,248,286,454,377
"ENSG00000128881",1284,1494,1070,937,1170,979,1177,843,872,816,1010
"ENSG00000128886",34.99999,51,83,58,88,58,63,86,60,91,72
"ENSG00000128891",508,521.00001,573,550,499,787,643,752,837,804,1097
"ENSG00000128908",1429.00001,1298.99999,330,327,251,253,265,220,284,349,395
"ENSG00000128915",974,894.00001,1047,934,912,827,842,747,841,771,811
"ENSG00000128917",262,218,190,143,92,153,157,90,59,175,50
"ENSG00000128918",78,293,92,69,25,105,20,66,86,151,92
"ENSG00000128923",1593,1653,1516,1532,1589,1826,1721,1638,1996,1495,1599
"ENSG00000128928",694.99999,736.99999,2910,2638,2693,2973,2712,3420,3840,3361,3864
"ENSG00000128944",401,317,279,296,263,404,314,412,452,413,386
"ENSG00000128951",1750.99999,1380,1720,1544,1491,2109,1116,2382,3293,2781,2848
"ENSG00000128965",127,195,262,311,240,345,305,313,251,393,963
"ENSG00000128973",466.99999,466.99999,274,149,203,115,194,121,144,136,129
"ENSG00000128989",1870.99999,1623.00001,3658,3361,4189,3109,3598,2222,2538,2643,3920
"ENSG00000129003",3616.99999,3670.99999,991,907,975,937,1014,690,666,536,737
"ENSG00000129007",109,64,57,54,38,45,52,96,84,16,37
"ENSG00000129028",82,72,143,184,206,228,200,214,196,210,253
"ENSG00000129038",421,331,494,697,313,272,261,667,1683,1804,1742
"ENSG00000129055",721.99999,958.99999,1945,1617,1998,2528,1739,2519,2686,2197,2493
"ENSG00000129071",498,468.99999,674,483,656,804,802,691,756,610,718
"ENSG00000129083",1414.99999,1478.99999,4201,3977,4714,4147,4273,3691,3982,4079,6055
"ENSG00000129084",1634,1523,2827,2475,2527,3281,2165,3477,4164,3132,4000
"ENSG00000129103",767.99998,533,2717,2451,2398,2966,2479,3389,3060,2173,2598
"ENSG00000129116",2452,2186.99999,2295,1978,2159,1434,1688,1535,2405,3542,2855
"ENSG00000129128",1026,714,667,663,606,500,572,439,579,526,787
"ENSG00000129151",244,152,82,41,37,40,52,50,78,99,141
"ENSG00000129158",937,2132.00001,1057,833,928,1272,1003,1188,1460,1537,1474
"ENSG00000129159",270.99999,164.99999,44,32,28,25,39,23,32,25,14
"ENSG00000129167",226,199,53,57,32,24,60,20,16,28,31
"ENSG00000129170",88,122,43,29,25,104,103,83,47,36,67
"ENSG00000129173",110,84,30,32,61,34,60,20,75,12,33
"ENSG00000129187",707,630,2009,1752,1907,1905,1644,2297,2530,2229,2382
"ENSG00000129195",136.00001,109,130,68,50,109,95,215,98,119,62
"ENSG00000129197",1469.00001,1240.00001,1490,1171,1406,1679,1457,1871,1833,1607,1942
"ENSG00000129204",148,234,28,16,20,17,22,17,8,10,11
"ENSG00000129214",74,79,42,36,28,57,49,47,42,46,73
"ENSG00000129219",195,200.00001,587,526,601,558,578,358,474,814,619
"ENSG00000129221",5105,8830,2210,407,1509,2563,1378,1388,1274,1389,525
"ENSG00000129226",15,15,26,34,35,23,34,41,35,24,81
"ENSG00000129235",1033.00001,957,903,655,598,956,577,1264,1266,1033,1147
"ENSG00000129244",6001,5246,2968,2145,3336,1148,2643,1271,1238,1502,1290
"ENSG00000129245",765,619,240,360,250,215,202,221,491,931,1128
"ENSG00000129250",434,389,327,337,291,146,321,149,180,240,338
"ENSG00000129255",536.99999,405.99999,560,502,375,676,368,806,841,642,685
"ENSG00000129292",2300.00001,1856.99999,807,780,631,775,592,712,1175,1361,1627
"ENSG00000129295",735,1267.00001,231,116,154,206,160,182,150,196,194
"ENSG00000129315",567,559,346,277,411,335,403,237,282,336,327
"ENSG00000129317",678.00001,678.00001,481,335,407,409,369,303,349,255,291
"ENSG00000129347",798,920.00001,750,643,927,1018,994,890,880,914,1055
"ENSG00000129351",4361.99999,3448,3774,3003,3439,2918,3360,2829,3213,3122,3188
"ENSG00000129353",596,534.99999,3311,2942,3094,3229,3209,2373,3036,3748,4147
"ENSG00000129355",306,378,377,252,233,377,283,350,532,768,613
"ENSG00000129422",437.99999,666.00001,395,527,356,689,563,355,473,297,317
"ENSG00000129460",823,645.00001,986,843,950,1318,993,1294,1554,1487,1891
"ENSG00000129467",43,44,19,9,14,18,17,12,13,2,31
"ENSG00000129472",827.99998,688,711,623,803,611,692,556,512,416,1030
"ENSG00000129473",352,411,188,204,183,223,191,146,237,291,392
"ENSG00000129474",245,247,923,1114,1036,773,1180,559,563,611,721
"ENSG00000129480",239,169,246,178,176,237,149,214,232,234,292
"ENSG00000129484",506,389,1286,973,1426,1466,1334,1243,1495,1322,1306
"ENSG00000129493",932,657,818,856,801,750,694,530,444,674,1039
"ENSG00000129515",1497,1234,1772,1440,1488,1797,1324,1661,1814,1699,1994
"ENSG00000129518",972,1001,1403,1074,1371,1601,1169,1782,2305,2245,2292
"ENSG00000129521",222,203,1980,932,1428,2384,1685,1136,1234,1812,3239
"ENSG00000129534",306,267,119,95,80,107,123,108,101,77,101
"ENSG00000129535",7908,13820.99999,463,355,232,297,108,278,364,1063,648
"ENSG00000129538",496,61,1030,403,86,1185,675,877,3305,376,3046
"ENSG00000129559",1966.00001,1781,2789,2333,2441,3610,2274,4252,4830,3964,4252
"ENSG00000129562",1825,1576.99999,3599,2706,2941,3915,2718,4914,4905,3508,4894
"ENSG00000129566",302.99999,328,177,155,182,129,222,68,79,122,80
"ENSG00000129595",924,603.00001,449,498,440,410,400,363,437,416,422
"ENSG00000129596",466,321,2294,2129,1691,2543,1836,3161,2498,2514,2647
"ENSG00000129625",1278.99999,1320,6397,7101,5700,6731,5673,8242,8805,5642,7899
"ENSG00000129636",1804,1943,2865,2937,2647,3089,2823,2566,2919,2790,3000
"ENSG00000129646",376,271,246,202,292,223,196,114,150,278,276
"ENSG00000129654",26,41,59,26,31,27,19,32,33,51,81
"ENSG00000129657",1101.99999,992,1959,2054,1925,1382,2294,1247,1077,896,994
"ENSG00000129667",98,101,320,211,285,210,295,197,252,247,212
"ENSG00000129673",629,494,336,160,209,284,184,378,286,227,131
"ENSG00000129675",171,267,1011,1051,733,740,757,598,748,1041,1499
"ENSG00000129680",304,516.00001,396,386,435,341,386,426,439,596,587
"ENSG00000129682",683,453,2409,2483,2778,2923,2549,3049,2812,3577,2594
"ENSG00000129691",755.00001,716,1825,1685,1624,2026,1475,1910,2229,2204,2467
"ENSG00000129696",266,228,547,573,557,672,601,635,799,679,924
"ENSG00000129749",36,33,22,17,10,5,21,11,16,20,38
"ENSG00000129757",1091,979,144,99,134,112,137,168,153,81,117
"ENSG00000129810",230.99999,523,43,27,33,43,37,56,49,34,25
"ENSG00000129910",15,34,22,20,14,22,32,14,18,16,38
"ENSG00000129911",513,416,26,19,26,3,22,5,1,2,7
"ENSG00000129925",313,357,249,231,223,176,222,229,224,257,286
"ENSG00000129932",184,143,363,348,303,449,311,478,810,846,1252
"ENSG00000129933",732.00001,597.00001,1976,1761,2352,1771,2523,1494,1399,2025,1932
"ENSG00000129946",801,710,183,168,210,182,231,177,168,185,183
"ENSG00000129951",419,265,70,55,103,9,69,38,12,30,20
"ENSG00000129968",558.99999,377,499,548,452,317,296,373,405,583,558
"ENSG00000129990",107,177,72,46,71,37,42,31,37,45,35
"ENSG00000129991",104.99999,196.99999,202,105,297,133,208,228,254,198,164
"ENSG00000129993",108,180,43,63,82,35,72,51,20,39,48
"ENSG00000130005",535.00001,625,1313,1120,1159,1724,1137,1998,2199,1815,1654
"ENSG00000130021",420,186,449,464,387,601,418,552,561,297,454
"ENSG00000130023",509.99999,435.99999,621,373,465,497,421,594,599,716,733
"ENSG00000130024",1047,1104,519,344,462,319,369,253,438,464,651
"ENSG00000130032",32,28,176,98,143,97,160,82,111,82,88
"ENSG00000130035",93,58,56,42,18,26,11,13,34,77,62
"ENSG00000130045",127,134,122,89,182,116,161,105,112,92,54
"ENSG00000130052",20.00001,63,51,43,42,39,61,14,19,10,19
"ENSG00000130054",26,31,24,5,17,7,8,12,30,35,2
"ENSG00000130055",133,84.99999,686,524,344,821,319,633,561,1439,407
"ENSG00000130066",2945,3202,13444,11770,8419,18352,10885,11034,16337,12563,14164
"ENSG00000130119",822.00001,640,703,689,588,564,595,647,657,448,911
"ENSG00000130147",497,294,1054,970,749,658,604,515,713,1351,1101
"ENSG00000130150",455,411,1377,827,1610,1072,1330,861,1138,628,1006
"ENSG00000130158",411,203,491,433,581,275,586,197,193,268,316
"ENSG00000130159",549.00002,493.00001,924,744,865,1354,877,1335,1454,1417,1470
"ENSG00000130164",677,229,364,599,300,641,604,501,1555,1614,4279
"ENSG00000130165",519.00002,450.99999,1608,1650,1599,1986,1541,2260,2965,2502,3384
"ENSG00000130175",1361.00001,1187,1446,1415,1641,567,1484,649,518,460,616
"ENSG00000130176",33,22,126,70,205,141,288,92,75,78,111
"ENSG00000130177",1678.00001,1394.00001,1214,1053,1168,879,901,945,1166,1135,1668
"ENSG00000130193",176,84,827,933,759,799,634,792,1529,1322,1884
"ENSG00000130202",1472,960,2375,2411,2632,2104,2359,2288,2631,2572,2930
"ENSG00000130203",5817,4432.99999,5923,8606,2057,5109,1664,6764,17418,39987,29761
"ENSG00000130204",781,666,456,513,222,228,172,322,700,1035,1460
"ENSG00000130208",1249,734.00001,149,187,60,236,132,469,273,147,942
"ENSG00000130222",1155,1435,833,616,795,1127,742,1510,830,1083,903
"ENSG00000130224",1042,807,243,226,255,168,242,128,104,76,115
"ENSG00000130227",907,913,2563,2152,2990,2210,2627,2060,2163,2254,2162
"ENSG00000130244",283,228.99999,449,335,382,409,283,400,524,606,783
"ENSG00000130254",1323.99999,1337,1549,1461,1662,1901,1803,1929,2327,2546,2742
"ENSG00000130255",13251.00001,10776,5123,3703,4964,4931,4564,5889,5278,4194,3799
"ENSG00000130270",51,70,130,89,144,66,119,53,55,115,104
"ENSG00000130287",202,127,725,215,110,277,76,159,251,2774,536
"ENSG00000130294",3915.00001,5463.99999,7623,8060,9929,6381,8533,5497,6565,6453,7074
"ENSG00000130299",457,378.00001,318,252,378,293,369,247,229,254,231
"ENSG00000130303",70,137,785,610,487,731,673,1266,1126,564,1039
"ENSG00000130304",827,635.99999,993,1004,1143,867,993,674,628,1130,975
"ENSG00000130305",218.99999,281.00001,510,400,425,775,521,726,741,813,634
"ENSG00000130307",44,70.00001,25,12,26,20,14,18,10,12,26
"ENSG00000130309",653.00001,470.00001,613,628,487,335,443,529,802,1281,1652
"ENSG00000130311",423,365,383,343,435,233,384,254,246,286,340
"ENSG00000130312",677.99999,805,1109,1171,1289,1594,1326,2016,1860,1276,1525
"ENSG00000130313",810.99999,713,1119,899,992,1372,907,1783,1624,1799,1316
"ENSG00000130332",1401.99999,1078.00001,917,741,731,1186,741,1537,1528,1368,1229
"ENSG00000130338",2953.00001,2664,3831,3217,3437,3100,2985,2612,2748,3151,3205
"ENSG00000130340",1688,700.99999,951,1075,962,907,821,753,1319,1539,1822
"ENSG00000130347",151,287,165,169,169,312,173,231,249,241,242
"ENSG00000130348",281,342,566,506,561,570,470,612,669,605,651
"ENSG00000130349",430.99999,352,453,367,345,542,368,548,536,447,462
"ENSG00000130363",713,749,716,622,575,619,626,593,679,419,488
"ENSG00000130368",18,38,47,37,43,56,51,35,43,45,50
"ENSG00000130382",910,761,346,137,210,125,196,161,158,186,207
"ENSG00000130396",5365.00002,3866.99999,536,380,416,364,441,300,328,308,318
"ENSG00000130402",4229,3090,1387,1824,1825,860,1907,777,758,762,742
"ENSG00000130413",2597,3151.99999,688,556,615,547,553,676,731,634,601
"ENSG00000130414",2604,1471,3350,2986,3256,3921,3336,3579,3913,3692,4267
"ENSG00000130427",79,27,35,43,19,62,42,178,104,85,253
"ENSG00000130429",403.00001,286,511,532,361,655,592,968,950,842,742
"ENSG00000130449",647,581,170,135,223,67,170,82,91,107,92
"ENSG00000130475",512,496.99999,112,133,122,111,155,74,36,54,67
"ENSG00000130477",1082,795,251,189,248,148,196,160,166,295,162
"ENSG00000130479",377,400,1087,945,1111,977,1102,779,766,1013,1412
"ENSG00000130508",1324,826,6172,4491,4881,4392,5494,2624,2549,2788,2826
"ENSG00000130511",1060,882,254,230,220,193,157,227,472,1161,896
"ENSG00000130513",33.99999,77,458,225,732,731,495,641,440,366,791
"ENSG00000130517",414,408,352,305,321,203,322,241,245,252,361
"ENSG00000130518",748.99999,209,539,356,312,334,350,202,217,404,387
"ENSG00000130520",1272.99999,1170,2168,1939,1822,3046,1897,3869,4190,3284,3296
"ENSG00000130522",2340,2635,168,183,178,81,158,100,157,341,416
"ENSG00000130528",75,91,240,132,234,217,215,144,167,149,132
"ENSG00000130529",320,307,191,136,207,108,158,110,113,146,175
"ENSG00000130540",150,169,111,71,89,116,87,118,159,161,213
"ENSG00000130544",362,272,637,523,628,591,631,520,541,385,510
"ENSG00000130545",17,23,51,33,41,36,46,102,96,27,43
"ENSG00000130558",2008,694,1543,758,1016,935,653,858,1681,2391,1691
"ENSG00000130559",1901,1645,702,453,712,505,555,343,448,743,642
"ENSG00000130560",676,612,399,439,382,506,473,514,711,999,1346
"ENSG00000130561",1268,4063.99999,152,25,85,647,122,96,97,341,124
"ENSG00000130584",476,422.99999,70,49,75,33,49,26,36,34,62
"ENSG00000130589",111,195,141,121,152,110,133,87,78,251,213
"ENSG00000130590",155.00001,135,269,298,303,292,284,272,276,451,375
"ENSG00000130592",150.00001,98.00002,10,2,3,13,5,14,29,28,10
"ENSG00000130635",756,1059,986,563,682,407,529,292,383,818,619
"ENSG00000130638",1969,2114,4913,4367,3930,5748,3775,5586,5618,5642,5999
"ENSG00000130640",934,991.00001,2659,2444,2788,3007,2728,2784,3002,3813,3685
"ENSG00000130643",91,145,80,102,82,54,34,61,128,229,221
"ENSG00000130649",51,70,51,15,43,29,35,21,52,52,29
"ENSG00000130653",129.99999,146.99999,53,62,81,50,84,46,49,101,99
"ENSG00000130669",650,459,421,336,490,73,446,158,77,65,90
"ENSG00000130684",481,198,917,846,856,1055,1040,623,607,569,576
"ENSG00000130695",592,655.99999,702,585,885,564,869,537,430,569,789
"ENSG00000130699",314,350,84,45,67,53,54,31,33,50,43
"ENSG00000130702",741,619,1763,2062,1962,1158,2243,979,1484,1830,1993
"ENSG00000130703",936.99999,772.99999,1493,1453,1619,1583,1758,1087,1542,1722,2483
"ENSG00000130706",1301,1086.00001,1514,1612,1434,2359,1514,2896,3227,3030,3673
"ENSG00000130707",616,423.99999,4803,3313,5069,5114,5198,5330,7758,4576,4089
"ENSG00000130713",437,502.00001,1065,831,1012,1088,983,1012,998,831,1468
"ENSG00000130714",599.00001,409.99999,2414,1941,2267,2901,2246,2443,2621,2896,3115
"ENSG00000130717",451.00001,350.99999,1529,1554,1695,1763,1792,1640,1877,1636,2602
"ENSG00000130720",279,86,161,413,364,156,212,221,204,161,286
"ENSG00000130724",1838.00001,1898.00001,2634,2251,2424,3907,2419,4195,4602,4504,4373
"ENSG00000130725",1271,1052,81,73,77,38,78,53,53,81,109
"ENSG00000130726",1323.00001,1187.00001,933,804,892,580,905,740,895,1126,895
"ENSG00000130731",872.00001,832.00001,879,781,807,915,842,1085,1233,1142,1107
"ENSG00000130733",427,366.99999,1103,859,1358,880,1081,1018,1112,1087,1093
"ENSG00000130734",330.00001,410.00002,358,250,266,277,203,258,696,906,824
"ENSG00000130741",2743,1976,3544,2714,3457,2688,3323,3044,3413,3419,4204
"ENSG00000130748",632,685,517,621,515,752,418,1014,1353,943,1004
"ENSG00000130749",702.00001,685,173,167,183,105,158,139,188,233,195
"ENSG00000130751",158,208,71,92,74,119,72,116,115,87,99
"ENSG00000130762",97,157,147,122,181,167,280,69,92,148,112
"ENSG00000130764",716,661,544,665,450,312,363,526,1255,2188,2268
"ENSG00000130766",483,529,1253,1286,1146,1145,1244,984,1193,1788,3806
"ENSG00000130770",2921,3213,4285,3996,4173,5390,4073,6270,7102,4761,5306
"ENSG00000130772",160,151,168,144,154,129,176,130,135,110,183
"ENSG00000130775",31,54,31,30,28,24,26,47,24,67,95
"ENSG00000130779",2441.00001,2266,1591,1647,1692,2122,2009,1628,1929,2049,2530
"ENSG00000130787",372,326,678,678,546,595,568,476,526,929,921
"ENSG00000130803",366,458,1095,1095,1218,1323,1460,843,934,1234,1551
"ENSG00000130810",301,231,243,239,209,319,280,391,373,272,449
"ENSG00000130811",1048,1011,1787,1672,1531,2392,1783,2738,2908,2605,3139
"ENSG00000130812",18,40,51,41,68,54,63,82,50,39,75
"ENSG00000130813",307.00001,321,1305,939,1339,1432,1301,1199,1381,1196,1634
"ENSG00000130816",2806.00001,2555.00002,1195,845,1063,1373,1041,1025,927,1199,1323
"ENSG00000130818",350,284,1506,1269,1436,1354,1460,1311,1569,1515,2595
"ENSG00000130821",1365,968,406,301,365,280,371,262,312,316,330
"ENSG00000130822",274.00001,332,48,22,54,7,42,10,3,9,3
"ENSG00000130826",683.99999,538.99999,1230,1190,1209,1341,1290,1304,1430,1459,1843
"ENSG00000130827",468,297,438,440,453,158,379,238,238,318,403
"ENSG00000130830",152.99999,250,498,430,504,651,482,659,690,592,752
"ENSG00000130844",619.00001,572.99998,763,613,956,724,872,729,742,471,849
"ENSG00000130856",896,950,354,214,321,286,307,218,238,332,263
"ENSG00000130876",29,41,11,19,18,1,2,13,14,29,25
"ENSG00000130881",659,476,246,201,240,132,208,168,162,271,217
"ENSG00000130921",783.99999,839.99999,856,738,926,1052,1038,960,943,879,1073
"ENSG00000130935",598,634.00001,918,871,901,890,911,954,1223,989,1376
"ENSG00000130939",1325.99999,1148.99999,1125,1009,1189,746,1200,609,559,503,581
"ENSG00000130940",2264,2411,431,250,485,294,448,264,201,249,132
"ENSG00000130956",433,447,105,95,97,71,115,74,158,657,774
"ENSG00000130958",494,601.00001,43,60,62,37,34,49,75,131,197
"ENSG00000130962",281.00001,278,453,507,509,446,613,266,354,399,547
"ENSG00000130985",2520.99999,2329,13555,13721,13077,13347,13235,11304,11946,13788,12139
"ENSG00000130988",28,25,41,43,17,34,25,80,75,20,47
"ENSG00000130997",296,373,36,37,49,38,24,9,22,18,41
"ENSG00000131013",1172,1037,771,641,764,944,754,851,994,985,1256
"ENSG00000131016",13217,6617,3063,3178,2013,2377,1455,2177,4682,5725,8754
"ENSG00000131018",3562.00001,4189.00001,1777,1328,1462,1883,1654,973,1046,1443,1897
"ENSG00000131019",37,45,143,152,138,134,128,122,160,162,212
"ENSG00000131023",1111,1218,1150,1154,1275,813,1228,635,736,773,942
"ENSG00000131037",41.99999,131.99999,79,56,51,96,39,100,82,71,102
"ENSG00000131043",563,498,1770,1736,1848,2231,1994,2089,2492,2475,3014
"ENSG00000131044",207.99999,452.99999,62,35,50,69,35,40,46,41,29
"ENSG00000131051",5591,4322.00002,5648,4722,5508,6751,5565,5598,6255,6627,7928
"ENSG00000131055",23,82,43,35,46,20,68,60,53,30,26
"ENSG00000131061",325,441,136,141,191,97,145,84,119,109,122
"ENSG00000131067",679.00001,532,422,300,430,259,447,271,242,199,241
"ENSG00000131069",334.99999,381,1097,1097,1033,1024,1040,892,929,932,785
"ENSG00000131080",163,261,483,531,526,464,581,315,377,559,1138
"ENSG00000131089",4165.00001,2959.00002,2119,1721,2424,1720,1924,1082,909,999,857
"ENSG00000131094",195,283,103,103,74,16,76,48,31,278,145
"ENSG00000131095",55,315.99998,25228,1623,103,8641,42,1670,3911,47452,34623
"ENSG00000131100",1004,1180,1804,1867,1703,2481,2042,2573,2922,2160,3049
"ENSG00000131115",578,583,573,591,589,516,672,430,510,581,506
"ENSG00000131116",1995,1325,719,610,595,677,500,721,639,528,494
"ENSG00000131127",592,393,604,552,760,536,713,312,466,382,583
"ENSG00000131143",5384,4797.00001,6810,5834,5786,9272,6393,9810,9851,8046,9258
"ENSG00000131148",586.99999,600,747,751,565,705,469,785,1420,1473,1960
"ENSG00000131149",3555,2725,1008,876,764,645,660,568,700,885,882
"ENSG00000131153",420,157,310,254,171,329,138,408,309,378,215
"ENSG00000131165",609.00001,498,2102,1855,2117,1740,1899,1695,1713,1786,2096
"ENSG00000131171",1138,690,3489,2613,3205,3708,2993,3460,4732,3292,3360
"ENSG00000131174",2029.99999,2180,2370,1936,1859,2756,1870,3260,3593,2416,2958
"ENSG00000131187",176.00001,72,66,40,96,117,97,78,62,60,115
"ENSG00000131188",382,246.00001,158,124,76,76,73,162,301,670,451
"ENSG00000131196",144,85.99999,199,159,133,145,99,124,143,406,426
"ENSG00000131236",1601,1619.99999,3638,3578,3291,2855,3114,2541,2549,2629,3317
"ENSG00000131238",1023,1220,6721,5837,6213,7270,6279,7637,9931,9493,12878
"ENSG00000131242",170,275.00001,567,549,510,394,520,301,552,856,793
"ENSG00000131263",559,575,1076,1025,1186,720,1149,609,747,1031,1064
"ENSG00000131269",814,1293.00001,534,517,487,543,522,397,429,366,493
"ENSG00000131323",1414,498,412,389,287,202,299,217,245,347,449
"ENSG00000131351",240,111,89,79,92,151,129,197,132,153,115
"ENSG00000131368",1419.00001,1533.99998,1665,1274,1518,1792,1759,1623,1569,1168,1627
"ENSG00000131370",668,234,867,985,522,657,396,896,1556,1539,2068
"ENSG00000131373",720.00001,802,848,865,832,1056,784,1045,1248,889,1202
"ENSG00000131374",3527.00001,4468,2406,2070,2378,1641,2099,1220,1366,1654,1876
"ENSG00000131375",1654.99999,1247.00002,1573,1431,2051,1340,1829,1072,1269,1504,1873
"ENSG00000131378",385,316,866,935,636,762,685,832,652,440,1072
"ENSG00000131381",554,513,1954,1736,2227,1914,2107,1245,1196,1471,2182
"ENSG00000131386",39,52,270,149,177,149,82,67,150,351,440
"ENSG00000131389",2767.99999,4076,1818,731,2003,1011,1660,537,612,801,946
"ENSG00000131408",450,420,1717,1775,1786,2505,2103,2340,2918,3105,3736
"ENSG00000131409",766,514,59,35,43,4,23,4,2,2,6
"ENSG00000131435",627,465.99999,1092,1080,887,1485,990,1733,1903,2373,1782
"ENSG00000131437",1477,2023,891,735,804,1169,773,943,911,963,1077
"ENSG00000131446",820,728.99999,2837,2226,2838,2440,2762,2264,3804,2698,3555
"ENSG00000131459",119,104,1081,846,1416,1188,1744,912,1085,1198,1806
"ENSG00000131462",484,428,2059,2243,2232,2971,2428,3033,3680,2614,3118
"ENSG00000131467",660.00001,720,4262,3111,6665,3709,3735,4321,4230,3569,3722
"ENSG00000131469",13185,9637.00001,3984,2574,3617,3893,3202,4396,4080,3011,2842
"ENSG00000131470",168,109.00001,147,150,160,142,126,153,203,248,234
"ENSG00000131471",100,131,9577,1743,10093,5239,8379,2394,3502,2351,3441
"ENSG00000131473",2549,1535,3424,2670,2208,3416,2170,1917,2734,4093,6551
"ENSG00000131475",988,1026,1977,1725,1910,2429,1737,2765,3000,2679,2662
"ENSG00000131477",814,335,1024,634,1225,873,754,922,856,996,655
"ENSG00000131480",216,126,94006,15529,183636,41739,66290,56185,103304,44119,49621
"ENSG00000131495",1664,1638,1420,1158,1152,1719,1157,1950,1974,1508,1445
"ENSG00000131503",3794.99999,3074,2740,2689,3051,3016,3189,2073,3002,3485,5135
"ENSG00000131504",507,388,684,622,693,427,544,435,494,527,413
"ENSG00000131507",2829,3045,2974,2327,2562,1388,1728,1374,1504,1698,1513
"ENSG00000131508",2402.00001,2281.99999,1300,1033,1264,638,1002,727,977,684,924
"ENSG00000131558",1988.99999,3760.00001,2598,2581,2656,2908,2716,1934,1822,2114,2212
"ENSG00000131584",809.00001,780.99999,318,251,280,162,153,119,266,609,352
"ENSG00000131591",314,203,370,308,306,389,258,368,391,367,462
"ENSG00000131620",43,116,182,16,85,75,62,42,85,179,51
"ENSG00000131626",1541.99999,1523.00001,593,616,471,373,480,404,759,1061,1111
"ENSG00000131650",203,140,8,14,7,2,3,8,17,75,59
"ENSG00000131652",124,160,462,429,457,501,511,631,660,623,775
"ENSG00000131653",458,484,602,492,597,186,481,209,224,201,187
"ENSG00000131669",493,374,2424,2466,2487,3249,2629,3549,4848,3955,4611
"ENSG00000131697",908,645.99999,578,390,491,429,469,304,344,401,357
"ENSG00000131711",18870.99999,17300,30290,19019,23261,28182,17091,23506,22521,39555,27594
"ENSG00000131724",288,352,1777,1479,1974,936,1152,897,1357,1410,1297
"ENSG00000131725",704,777,750,796,690,809,740,543,688,791,877
"ENSG00000131730",636,44,136,137,52,201,173,179,251,71,256
"ENSG00000131732",430,312,351,246,293,412,325,281,301,338,368
"ENSG00000131747",1254,315,824,499,529,675,673,521,302,575,289
"ENSG00000131748",587,552,1457,1226,1449,1565,1410,1560,1673,1773,1742
"ENSG00000131759",1251.00001,902.99999,358,257,319,134,275,124,147,117,136
"ENSG00000131771",541.99999,386,684,436,430,803,367,752,2119,2087,3644
"ENSG00000131773",1071,959,64,27,25,47,40,56,56,81,40
"ENSG00000131778",1992,2140,691,577,587,883,530,708,882,1138,1224
"ENSG00000131779",393,413,1118,994,950,1427,1109,1493,1598,1479,1433
"ENSG00000131781",153,212.99999,35,45,28,56,23,30,37,57,30
"ENSG00000131788",650,515.99999,1763,1653,1770,1772,1904,1596,1857,2045,2332
"ENSG00000131791",345.99999,454,988,901,993,770,880,501,498,702,905
"ENSG00000131828",1057.00001,1233.00001,2525,2053,2504,3193,2561,2697,3179,2654,3286
"ENSG00000131831",532,239,261,331,262,272,314,284,346,369,253
"ENSG00000131844",955,704,1651,1802,1480,1562,1662,1400,1729,1752,2241
"ENSG00000131845",138,120.00001,554,584,646,469,686,336,404,390,746
"ENSG00000131848",246.99999,263.00001,254,185,217,317,220,316,377,329,581
"ENSG00000131849",23,103,67,49,52,47,53,37,60,70,59
"ENSG00000131871",1064,955,889,672,734,1234,786,1254,1503,1516,2364
"ENSG00000131873",767,547,168,156,163,150,152,130,148,165,213
"ENSG00000131876",826,655.00001,1053,843,1129,1285,1192,1298,1354,1341,1689
"ENSG00000131899",382,363,499,301,369,233,369,236,344,671,216
"ENSG00000131914",20,15,19,10,20,9,18,11,9,5,21
"ENSG00000131931",244,242,356,316,315,452,329,386,490,375,428
"ENSG00000131941",733.99999,880,1253,893,1086,1043,879,657,862,1091,1021
"ENSG00000131943",492,472,600,592,558,405,533,498,591,496,765
"ENSG00000131944",114.99999,72.00001,84,61,100,87,88,115,106,138,114
"ENSG00000131951",473,952,74,22,41,33,23,36,26,29,37
"ENSG00000131966",1692.99999,1615,2941,2463,2410,3204,1964,3257,4151,3448,4035
"ENSG00000131969",467,400.00001,22,25,33,37,29,11,22,38,20
"ENSG00000131979",122,103,39,56,20,30,16,23,59,85,150
"ENSG00000131981",1782,3256.00001,1600,2505,2315,2304,774,1972,2891,8266,2638
"ENSG00000132000",41,42,123,163,50,77,107,224,163,58,166
"ENSG00000132002",1245.00001,1426.99999,3544,3298,3418,3364,3460,2970,4140,9830,14395
"ENSG00000132003",370,345,32,38,30,12,34,11,11,8,10
"ENSG00000132004",234,184.00001,825,622,671,1038,563,1245,1339,1396,1287
"ENSG00000132005",476,323,76,55,66,31,87,53,26,30,20
"ENSG00000132010",85,60,142,63,148,44,76,52,50,82,77
"ENSG00000132016",165,146.99999,168,201,161,207,210,171,180,254,322
"ENSG00000132017",254,144,58,48,61,16,54,23,18,11,14
"ENSG00000132024",586.99999,671,1006,949,1082,874,1082,649,637,928,1016
"ENSG00000132026",456,732,343,20,268,257,230,95,131,170,26
"ENSG00000132109",87,82,346,434,408,479,480,442,454,518,665
"ENSG00000132122",716.99999,1020,379,279,319,255,281,224,247,179,201
"ENSG00000132128",1224,1065,5556,5618,6631,6298,6363,5345,6382,7070,8203
"ENSG00000132141",252.00001,269,150,98,121,177,103,121,143,192,161
"ENSG00000132153",2098.99999,1893.99998,4171,4165,4564,4677,4602,3574,4140,5364,6504
"ENSG00000132155",1742.99998,1593.99999,3644,3426,3954,4098,3942,3345,3954,4102,5087
"ENSG00000132164",241,186,191,140,43,92,52,65,150,355,287
"ENSG00000132170",247.99999,191.99999,118,140,70,87,70,78,120,229,278
"ENSG00000132182",505,563.00001,740,769,764,679,927,403,480,541,572
"ENSG00000132196",212,222,531,468,484,652,501,740,740,579,1063
"ENSG00000132199",1321.99999,784,1144,720,896,1162,1170,751,908,781,1039
"ENSG00000132205",41,64,32,43,52,43,51,46,74,68,39
"ENSG00000132254",580,580,1802,1423,1748,2165,1716,2021,2432,2562,3142
"ENSG00000132256",435,280,518,556,443,445,456,401,526,490,823
"ENSG00000132259",27,39,8,7,12,19,8,7,7,22,12
"ENSG00000132274",286.00002,319.99999,793,1107,822,896,1172,616,695,1214,1109
"ENSG00000132275",346.99999,560.00001,563,547,569,569,734,589,596,718,715
"ENSG00000132286",623,688,1438,1234,1352,1475,1560,1597,2005,1688,2848
"ENSG00000132294",1984,3587,1924,1716,2020,1976,1724,1026,1207,1587,1584
"ENSG00000132297",28,72,33,26,28,42,29,27,17,30,19
"ENSG00000132300",1079,908,2027,1790,1854,2127,1896,1769,2048,1936,3124
"ENSG00000132305",1470,1248,2350,1877,2134,2554,2145,2381,2622,2327,2735
"ENSG00000132313",301.99999,367,685,578,563,773,585,613,774,687,743
"ENSG00000132321",219,402,174,155,123,226,131,247,288,143,174
"ENSG00000132323",689.00001,755,753,706,605,961,651,961,1143,1074,1244
"ENSG00000132326",555,484,195,131,184,120,214,115,299,470,378
"ENSG00000132329",59,51,209,312,175,221,169,360,283,1128,495
"ENSG00000132330",431,477.00001,420,431,309,368,355,299,322,247,316
"ENSG00000132334",269,264,336,519,254,442,359,417,345,398,481
"ENSG00000132341",4047.99999,3064,6273,5130,5013,7298,5064,7912,8468,7337,9386
"ENSG00000132356",633,529.99999,668,586,593,512,669,334,508,447,567
"ENSG00000132359",360.99999,474.99999,220,141,185,137,174,130,117,206,92
"ENSG00000132361",429.00001,425.00001,324,303,480,94,363,115,135,124,200
"ENSG00000132376",262,243.00001,2805,3044,1445,3217,2416,5093,5035,2568,3558
"ENSG00000132382",408,453.99999,927,1023,1116,578,1177,540,382,492,764
"ENSG00000132383",630,630,3574,3774,4306,4201,4197,3546,3701,4099,5089
"ENSG00000132386",2570,1936.00001,15678,24326,5321,22212,16833,41213,30580,3919,20619
"ENSG00000132388",836,1400.99999,1434,1409,1320,1300,1079,1175,1595,1212,1790
"ENSG00000132394",340,235,819,743,716,800,791,777,834,835,927
"ENSG00000132405",890.99999,816,3422,3718,2888,2774,2923,2309,2853,2588,3334
"ENSG00000132406",637,574,652,570,700,751,637,770,888,800,987
"ENSG00000132423",162,199,186,154,168,247,126,285,376,278,284
"ENSG00000132424",5377.99999,4646,3385,2429,3483,4147,3744,3654,3309,2835,2954
"ENSG00000132432",1824.00001,1407,1098,857,945,1420,964,1421,1424,1235,1979
"ENSG00000132434",845,758,694,731,447,656,359,656,970,1296,1248
"ENSG00000132436",92.99999,102.99999,187,151,196,199,224,90,95,142,123
"ENSG00000132437",200.99999,310,43,23,27,79,34,26,41,62,33
"ENSG00000132463",1065,1152,1859,1892,1220,1301,1076,1296,2052,2892,3201
"ENSG00000132464",15,57,18,33,15,7,11,28,7,14,25
"ENSG00000132466",7179,6125,2448,2178,2370,2008,2334,1532,1600,1851,1672
"ENSG00000132467",549,566,195,195,271,272,290,224,312,244,419
"ENSG00000132470",165,174,875,718,1344,502,892,460,666,1309,1073
"ENSG00000132471",1284.99999,1858.00001,3218,3285,3263,2814,3991,2973,2967,2650,4407
"ENSG00000132475",14905,15767,36175,30445,35425,44597,33786,47518,46247,45852,46655
"ENSG00000132478",730,646,709,623,683,602,612,646,579,475,588
"ENSG00000132481",53,35,75,79,36,66,38,142,217,492,282
"ENSG00000132485",2492.00001,2205,1934,1608,2101,2135,2162,1696,1871,1447,2120
"ENSG00000132507",2261,1670.99999,3740,3149,3081,4365,2954,5089,5688,5253,5484
"ENSG00000132510",1187,1255,342,276,387,145,384,131,116,102,120
"ENSG00000132517",23.99999,29.00001,24,13,30,32,31,33,21,18,31
"ENSG00000132518",615,657,336,90,228,219,123,47,89,234,91
"ENSG00000132522",767.00002,734,1162,1045,1029,1752,1116,2160,2500,2689,2790
"ENSG00000132535",3134,3398.99999,484,157,434,269,344,219,135,168,74
"ENSG00000132541",668.00001,696.00001,1117,610,1251,1042,836,952,1059,722,827
"ENSG00000132549",5207,8313.99999,1297,1128,1167,933,1273,630,756,596,855
"ENSG00000132561",485.00001,521,2711,3947,4014,4267,4789,2925,2670,1655,2885
"ENSG00000132563",1327,887.00001,1172,1041,886,522,569,647,1251,2079,1781
"ENSG00000132570",468.99999,290,363,315,299,356,293,377,417,380,446
"ENSG00000132581",584,427,1614,1257,1457,1767,1405,2137,2288,2062,2192
"ENSG00000132589",869,659,3009,2966,3077,4058,2962,3240,3635,3814,3260
"ENSG00000132591",283,249,1797,1592,1521,2414,1585,2346,2657,2553,3065
"ENSG00000132600",1437.99998,1483,1759,1780,1630,2218,1965,2103,2062,1565,2179
"ENSG00000132603",271,229,395,315,363,448,312,430,585,497,774
"ENSG00000132604",791,1199.99999,223,264,280,201,197,269,422,559,485
"ENSG00000132612",1022,991,1920,1802,1826,1874,1529,1853,2939,3588,3991
"ENSG00000132613",842,746,91,77,72,7,118,10,12,23,13
"ENSG00000132623",155,314,321,252,349,283,308,227,218,207,250
"ENSG00000132635",556.99999,714.00001,1116,1009,1205,1009,963,1097,1142,1090,1228
"ENSG00000132639",3152,5292.00001,2285,1486,2165,3171,1647,2333,2277,3045,1820
"ENSG00000132640",983,787,1468,1201,1612,1625,1513,936,1103,1605,1438
"ENSG00000132646",1252,1020,1051,918,902,1310,847,1529,1594,1390,1546
"ENSG00000132661",400,390,783,589,835,1083,737,1061,1182,1188,1596
"ENSG00000132664",315.99999,415.00001,406,320,321,403,363,391,450,459,694
"ENSG00000132669",2334,1466.00001,1585,1136,1264,979,1307,1120,1719,1686,1854
"ENSG00000132670",3107.00001,2685,1514,1386,1034,706,770,884,1513,3199,2794
"ENSG00000132676",1839,1572.00001,1307,1221,1035,1714,1209,1601,1692,1767,2221
"ENSG00000132680",989.99999,877.00001,384,277,379,240,408,242,235,205,307
"ENSG00000132681",106,152,45,22,56,54,88,9,15,13,51
"ENSG00000132688",4849,3002,559,464,193,386,176,413,588,1803,667
"ENSG00000132692",84,94.99999,336,175,81,424,144,187,162,1037,1097
"ENSG00000132694",1609,1247,857,681,707,658,747,555,614,998,954
"ENSG00000132716",2043,1796.00001,2660,2131,2911,2305,2731,1583,1893,2020,1942
"ENSG00000132718",1801,1884,8266,7954,6477,7587,5832,5318,6198,12087,8720
"ENSG00000132740",446,628.99998,547,460,658,611,639,450,500,420,615
"ENSG00000132749",92.99999,81.99999,53,29,51,32,32,34,39,23,69
"ENSG00000132763",119,137,127,138,123,93,138,91,120,107,90
"ENSG00000132768",110,155,673,602,635,778,684,775,1065,1030,1210
"ENSG00000132773",239,202,535,459,426,568,436,672,988,810,1163
"ENSG00000132780",1771,1193,1611,1341,1203,1758,1199,1812,1636,1911,2030
"ENSG00000132781",320,246.99999,919,670,722,1050,684,1139,1076,1130,898
"ENSG00000132792",1354,903,1490,1316,1537,1824,1412,1988,2095,1953,2313
"ENSG00000132793",53,56,163,89,119,92,144,140,152,90,153
"ENSG00000132801",95,140,173,165,129,211,149,169,176,192,327
"ENSG00000132819",255,217,73,66,56,55,65,49,56,115,113
"ENSG00000132821",131,81.99999,57,26,54,13,28,23,33,15,7
"ENSG00000132823",481,391,1428,1011,1259,1770,1290,1679,1981,2651,3301
"ENSG00000132824",1281,1287,3471,3037,3384,3640,2812,2595,3600,4863,5078
"ENSG00000132825",47,76,17,16,29,14,28,14,18,57,30
"ENSG00000132837",122,331,117,76,75,130,92,63,40,57,187
"ENSG00000132840",37,96,12,5,17,22,20,13,11,14,9
"ENSG00000132842",4346.00003,3343,1363,1290,1101,1389,1083,1200,1461,1633,1651
"ENSG00000132846",400,246,318,202,348,156,273,112,149,206,150
"ENSG00000132849",1326,3109.00002,670,652,733,601,724,453,514,301,588
"ENSG00000132854",74,54.00001,164,138,129,231,174,139,256,124,218
"ENSG00000132872",519,432,739,431,604,703,460,464,460,764,304
"ENSG00000132874",38,96,40,25,34,36,59,19,24,24,22
"ENSG00000132879",338.00001,390,711,549,722,426,691,500,447,380,462
"ENSG00000132881",39,40,75,64,105,88,94,66,49,41,39
"ENSG00000132906",228.00001,419,332,349,379,344,335,285,375,553,408
"ENSG00000132912",1394.00001,981,2115,1770,2102,1959,1745,1298,1545,1624,1958
"ENSG00000132915",914,4005,197,134,164,287,145,173,117,174,176
"ENSG00000132932",1388,2268.99999,368,229,364,218,269,232,255,410,210
"ENSG00000132938",142,214,102,100,63,137,135,62,116,43,62
"ENSG00000132950",784,769.99999,496,440,487,632,504,550,520,489,691
"ENSG00000132952",656,782.00001,752,623,749,708,762,513,644,820,1067
"ENSG00000132953",987,1113,688,588,622,515,681,325,326,439,488
"ENSG00000132963",2659.99999,2318,2162,1762,1903,2662,1714,2844,3186,2679,3279
"ENSG00000132964",1545,995,182,100,138,94,129,100,101,104,120
"ENSG00000132970",2013,2357.99999,813,546,674,389,488,317,411,652,616
"ENSG00000133019",148,150.00001,171,203,179,122,165,138,71,233,166
"ENSG00000133020",31,83,338,431,231,591,1010,372,195,115,125
"ENSG00000133026",5211,7255,4437,3807,4189,4227,3939,3347,3369,3831,3909
"ENSG00000133027",530.00001,650.99999,1211,1131,1181,1529,1292,1768,2183,1714,1863
"ENSG00000133028",577.99999,589,751,648,564,723,558,769,942,796,1041
"ENSG00000133030",1801,1601.00001,860,798,802,650,809,616,635,921,554
"ENSG00000133056",426,387,266,226,269,158,299,115,105,128,89
"ENSG00000133059",686,702,2513,2196,2737,2234,2609,1907,2509,2286,2953
"ENSG00000133065",307,369,1712,1828,1948,1384,1902,1148,1241,1274,1678
"ENSG00000133069",622.00001,764,573,305,448,509,445,377,516,394,452
"ENSG00000133083",6845.00001,4452.99999,1050,809,378,576,232,446,489,1082,610
"ENSG00000133101",65,99,71,44,44,53,74,66,74,95,207
"ENSG00000133103",1177,1528,1221,1138,1572,1185,1307,825,917,1097,1319
"ENSG00000133104",1538.00001,1709,4008,3863,3802,4615,4221,3718,4350,4800,8080
"ENSG00000133106",139,191,4,27,27,20,26,22,25,27,6
"ENSG00000133107",94,354,77,109,53,76,71,73,47,37,26
"ENSG00000133110",119.99999,176,166,34,17,125,9,58,63,101,52
"ENSG00000133111",222,410,92,71,75,39,42,27,66,97,88
"ENSG00000133112",14591,12374,7637,5516,6483,7232,6102,7723,7967,7564,8926
"ENSG00000133114",736.99999,875,510,376,458,470,532,401,428,304,424
"ENSG00000133115",35,41,16,20,16,12,9,51,28,112,0
"ENSG00000133116",19,18,9,21,19,11,14,10,30,37,31
"ENSG00000133119",261,189,302,240,250,334,308,334,383,322,365
"ENSG00000133121",360,277.99999,167,185,235,165,252,78,131,196,144
"ENSG00000133124",45,52,290,103,269,148,224,133,180,107,107
"ENSG00000133131",241,430,1145,1053,1017,709,731,765,999,1514,1997
"ENSG00000133134",1512,1769,5594,4626,5247,7040,4734,8065,7537,6838,8313
"ENSG00000133135",54,102,47,50,14,20,23,46,28,24,52
"ENSG00000133138",141,162,1043,643,890,846,878,644,582,437,663
"ENSG00000133142",4671,3689.99999,2001,1832,1734,2469,1775,2734,3236,2675,2303
"ENSG00000133169",4356,3698,3355,3238,2720,3933,2428,3888,3312,6353,2508
"ENSG00000133193",393,256,935,824,815,1009,912,972,1206,1155,1549
"ENSG00000133195",263.99999,261.00001,295,287,231,282,268,270,347,376,350
"ENSG00000133216",3014,1676,1245,1875,760,1146,943,860,847,2483,1180
"ENSG00000133226",3822.99999,3197,2477,1990,2882,2768,3052,2370,2505,2453,2929
"ENSG00000133243",855,650.00001,284,240,355,91,310,139,125,164,120
"ENSG00000133247",233.00001,195,131,114,141,51,125,54,63,65,44
"ENSG00000133250",458,282,55,50,39,28,38,30,66,69,62
"ENSG00000133256",1905.00001,2627.99999,820,645,746,1058,584,883,761,691,730
"ENSG00000133265",559,533,1036,844,882,1175,862,1376,1487,1701,1631
"ENSG00000133275",852.99999,730,139,106,156,85,160,110,109,132,143
"ENSG00000133302",705,610,325,162,281,235,253,272,251,207,223
"ENSG00000133313",920,816.99999,3113,3181,2559,3509,2768,3423,4181,4723,4489
"ENSG00000133315",346,328,333,257,286,193,143,163,384,432,501
"ENSG00000133316",498,474.99999,711,709,766,1035,801,1079,1238,1332,1386
"ENSG00000133318",3760,3317,6329,5177,5643,7765,4969,6204,6664,7562,8498
"ENSG00000133321",197,154,799,848,836,859,675,986,1372,1246,1040
"ENSG00000133392",256,297.00001,89,769,213,632,1171,516,444,65,655
"ENSG00000133393",441,479.00001,613,577,640,705,632,598,756,679,1137
"ENSG00000133398",665,563,856,741,921,1065,787,1099,1198,1230,1821
"ENSG00000133401",1367,2169,857,559,823,586,960,398,423,424,463
"ENSG00000133422",473,404.99999,449,406,372,330,329,276,295,482,437
"ENSG00000133424",9363.00001,9987.99999,404,392,292,328,359,272,254,246,316
"ENSG00000133454",79,240,35,20,17,15,32,13,2,18,0
"ENSG00000133460",986.99999,929.99999,785,432,603,828,716,600,647,501,476
"ENSG00000133466",174,132,873,781,1007,697,928,603,695,797,571
"ENSG00000133488",37,83,24,22,32,15,34,17,24,33,30
"ENSG00000133597",256,144,169,213,126,112,126,167,353,600,644
"ENSG00000133606",951.00001,961.99999,4618,4078,5590,4182,4748,3501,4322,3781,4710
"ENSG00000133612",812,620,381,323,357,396,435,397,533,428,422
"ENSG00000133619",270,206.00001,114,91,166,69,152,61,79,102,53
"ENSG00000133627",740,636,597,642,436,534,369,556,771,1270,897
"ENSG00000133639",3000,3007,1777,1501,1402,739,790,876,1665,2221,2787
"ENSG00000133640",756.99999,1704.00001,151,68,66,154,60,133,145,109,95
"ENSG00000133641",297.00001,363,331,202,362,306,334,259,292,378,475
"ENSG00000133657",1204.00002,1225.99999,340,317,352,190,368,131,217,353,280
"ENSG00000133661",20,40,38,65,42,25,32,54,61,63,71
"ENSG00000133678",511.99999,590.99999,1536,1291,1581,1853,1421,1589,1873,1552,1665
"ENSG00000133687",383,496,154,169,147,134,156,137,129,191,135
"ENSG00000133703",1133,1166.00001,716,723,658,536,588,469,632,615,776
"ENSG00000133704",647,695,667,665,678,397,569,319,349,359,426
"ENSG00000133706",3557,3667.00001,3378,2753,3132,3301,2832,2635,2783,3090,3724
"ENSG00000133731",506,750.99999,458,332,436,432,465,390,408,308,486
"ENSG00000133739",599,753.00001,229,206,192,247,143,234,219,307,246
"ENSG00000133740",610,329.99999,99,65,52,54,57,56,82,142,76
"ENSG00000133773",637.00001,658.00001,360,218,284,393,297,327,440,388,562
"ENSG00000133789",274.99999,463,735,795,723,780,832,748,782,683,968
"ENSG00000133794",2823.99999,2732,1259,1212,1139,1457,1106,1270,1409,1634,1913
"ENSG00000133805",175.99999,683.99999,551,450,686,643,659,316,454,373,366
"ENSG00000133812",4044,9480.99998,2172,2095,2292,1998,2101,1170,1413,1787,2212
"ENSG00000133816",149,414,257,230,163,163,116,75,164,264,224
"ENSG00000133818",455,408,220,471,139,116,103,191,420,631,620
"ENSG00000133835",958,1418.00001,2596,2378,2351,2946,2253,2464,3096,3258,3428
"ENSG00000133858",1186,994.00001,494,408,578,428,538,360,347,285,430
"ENSG00000133863",61,149.00001,0,23,11,13,9,2,5,7,24
"ENSG00000133872",4238.99999,3961,16546,15473,13167,17677,13144,21975,23304,20117,26485
"ENSG00000133874",116,82,76,71,41,20,38,24,19,25,4
"ENSG00000133878",472,636,799,723,912,1191,799,1250,1125,1255,1055
"ENSG00000133884",721,603,3304,2760,3295,3855,3420,3445,3752,3794,3982
"ENSG00000133895",301,353,1165,1088,1240,1198,1114,1070,1155,1422,1238
"ENSG00000133935",798,691,1134,1080,1081,1670,1089,1895,2153,1642,1883
"ENSG00000133943",782,646,1890,1687,1811,2051,1894,1753,2198,2138,2428
"ENSG00000133958",2189,2470.99999,202,156,224,195,214,76,91,71,93
"ENSG00000133961",1335.99999,3513.00001,2255,2107,2445,2451,2446,1758,2322,2419,2726
"ENSG00000133983",758,701,891,723,702,1102,648,1194,1312,883,1224
"ENSG00000133985",169,221,38,34,19,19,36,27,35,105,57
"ENSG00000133997",676,826,613,521,644,747,640,714,846,850,986
"ENSG00000134001",942,888,1894,1667,1774,1975,1660,1646,1824,2164,3560
"ENSG00000134013",334,297,352,614,333,266,369,264,229,504,425
"ENSG00000134014",1253.99999,1852.99999,1261,1040,1184,1353,1203,1260,1343,1661,1994
"ENSG00000134020",27,40,70,80,56,78,77,167,271,111,183
"ENSG00000134030",793,862,293,324,331,183,369,187,164,153,229
"ENSG00000134042",67,66,79,126,70,83,58,63,121,85,101
"ENSG00000134046",840,756,83,67,97,68,84,67,107,72,60
"ENSG00000134049",1322,1266,1153,977,1187,1227,997,1198,1585,1056,1597
"ENSG00000134056",899,977,478,348,340,531,375,585,610,458,542
"ENSG00000134057",491,155,464,341,318,499,375,571,474,514,473
"ENSG00000134058",706.99999,505,553,392,445,604,497,621,722,702,972
"ENSG00000134070",19,53,123,198,119,131,105,97,131,221,210
"ENSG00000134072",248,175,955,982,714,1289,652,1370,1635,2013,1845
"ENSG00000134077",913.00001,748.00001,852,748,835,966,782,910,875,955,1120
"ENSG00000134086",1185.99999,865,1294,1016,1057,1152,934,983,1099,1251,1120
"ENSG00000134107",546,293,2926,6326,6211,4239,6656,3617,12322,11498,13949
"ENSG00000134108",790,747.99999,1776,1669,1616,1842,1502,1501,2131,2117,2840
"ENSG00000134109",413,457,621,560,482,284,325,210,242,530,692
"ENSG00000134115",175,364,23,35,2,20,8,24,36,26,14
"ENSG00000134121",1397,897,876,599,604,623,420,278,447,950,576
"ENSG00000134138",4232.00002,3257,820,569,535,701,572,668,730,523,718
"ENSG00000134146",851,977,388,267,376,378,342,349,447,370,446
"ENSG00000134152",1117.00001,953,818,562,700,881,735,749,708,565,762
"ENSG00000134153",1082,1163.99999,2149,1944,1715,2862,1780,2975,3647,2952,4262
"ENSG00000134160",4877.00001,1233.00001,3080,4411,920,3911,3237,5695,4826,641,3209
"ENSG00000134183",879,1380,2577,316,2104,3142,2274,1491,1545,2061,950
"ENSG00000134186",1516,1246.00001,771,659,757,655,765,755,859,694,983
"ENSG00000134198",121,104,240,298,324,347,475,211,236,175,207
"ENSG00000134202",490,878,3926,4879,4931,5867,5303,6312,7477,4591,7048
"ENSG00000134207",45.99999,146.99999,65,39,54,136,56,76,48,86,134
"ENSG00000134215",446,851.00001,23,55,12,35,24,31,59,20,51
"ENSG00000134222",211,233.99999,272,222,216,317,237,235,200,367,342
"ENSG00000134240",28,69,215,291,49,291,159,408,485,75,438
"ENSG00000134242",172,481,3,2,18,25,20,18,9,20,19
"ENSG00000134243",1094,1334,823,1164,578,696,862,686,1142,1017,1686
"ENSG00000134245",270.99999,206,1741,3537,3131,3438,4335,3026,6306,1664,3659
"ENSG00000134247",253,191,1511,1666,1463,1322,1458,777,935,1175,966
"ENSG00000134248",2115,1721.00001,4032,3419,3909,5077,3554,5563,6113,4013,5469
"ENSG00000134250",1272,990,10456,13796,12179,6899,12582,5451,5358,5891,6507
"ENSG00000134253",258,122,397,248,372,293,365,233,249,326,142
"ENSG00000134255",960,680.99999,634,561,616,626,604,612,657,575,979
"ENSG00000134258",87.00001,150,19,19,21,18,17,10,24,34,30
"ENSG00000134262",309.00001,267.99999,854,617,981,992,816,920,909,1009,1240
"ENSG00000134265",759.00001,772.00001,795,609,732,791,562,508,722,861,1175
"ENSG00000134278",2597,2329,379,362,388,258,337,213,287,558,905
"ENSG00000134283",1717,1158,1230,1041,1173,1336,1175,1218,1390,1118,1455
"ENSG00000134285",232,190.99999,126,59,98,71,106,71,132,136,161
"ENSG00000134287",1381,1126.99999,1541,1311,1416,698,1165,779,924,874,764
"ENSG00000134291",1099,747.99999,5523,3391,6889,6043,4823,7329,8419,6792,6433
"ENSG00000134294",946,998,2520,2639,2943,2573,3056,1292,2110,2439,4073
"ENSG00000134308",3671,3030.00001,9549,7082,8140,6630,6084,6538,6607,7181,6835
"ENSG00000134313",2607,2637.99999,5370,5157,5081,4374,4353,2926,3089,4215,3983
"ENSG00000134317",160,193,105,94,72,117,81,88,85,93,59
"ENSG00000134318",1968,1754.99999,615,516,467,446,434,327,497,630,614
"ENSG00000134321",63,67,50,50,40,31,39,38,60,98,57
"ENSG00000134323",311,233,41,19,28,38,21,17,30,42,20
"ENSG00000134324",636,724,1294,1257,1493,1226,1674,895,1028,1032,1477
"ENSG00000134326",41,82,122,66,162,127,115,109,171,202,112
"ENSG00000134330",694,503,993,807,787,1054,747,945,1218,970,984
"ENSG00000134333",2797,1956,10823,7686,10076,14881,9632,8528,15953,7735,15121
"ENSG00000134352",3391,3706.00001,3354,3912,3855,2806,2948,1865,2484,3843,3817
"ENSG00000134363",19,30,12,37,1,10,6,14,29,23,6
"ENSG00000134369",731,629,1412,1326,1564,869,1737,685,907,998,1014
"ENSG00000134371",4160.00002,1944.00001,1091,1015,1089,1123,1039,994,1103,1085,1590
"ENSG00000134375",965,843,1387,1113,998,1807,1201,1722,2238,1761,2609
"ENSG00000134376",6139,5881,8530,6184,9268,8058,8757,3473,3313,6037,2540
"ENSG00000134419",14265.00001,12251.99999,4241,2907,4259,3503,3809,4251,3396,2850,2772
"ENSG00000134438",5824.00001,4219,796,396,427,381,432,422,521,908,346
"ENSG00000134440",1465,1675,3894,3974,3694,4696,3604,4244,4801,4616,7170
"ENSG00000134444",1667,1687,656,645,600,624,565,369,511,619,826
"ENSG00000134452",760.99999,724.00001,1784,1873,1475,1610,1357,1273,1767,2242,2649
"ENSG00000134453",1575,1185,1356,1253,1112,1481,1028,1482,2021,2224,2584
"ENSG00000134461",433,378,59,110,78,35,71,60,127,326,403
"ENSG00000134480",1317,859.99999,765,672,691,839,672,872,1193,1019,1289
"ENSG00000134490",971,1244,244,239,178,270,182,213,162,155,288
"ENSG00000134504",528.99999,284.00001,237,164,225,248,132,237,249,326,291
"ENSG00000134508",478,826,65,32,49,83,64,52,58,29,38
"ENSG00000134531",79,113,569,313,498,176,307,187,295,841,482
"ENSG00000134532",4290.99999,7024,333,391,241,399,229,303,324,418,383
"ENSG00000134533",54,199.99999,85,26,60,87,23,46,46,194,64
"ENSG00000134539",34,74,69,62,82,48,77,32,43,63,30
"ENSG00000134548",54.00001,53,410,396,465,523,620,449,577,187,438
"ENSG00000134551",1095,348,16,8,19,13,23,15,9,12,17
"ENSG00000134569",525,654,970,1516,812,829,780,454,830,1625,1854
"ENSG00000134574",477,378.00001,720,694,1032,923,1209,687,662,758,956
"ENSG00000134575",419.99999,244.99999,1290,1401,1104,1669,1136,1593,2138,1674,1689
"ENSG00000134590",1033,690,3830,3105,2954,4270,2902,4879,5000,5368,4321
"ENSG00000134594",115,97,254,183,121,245,177,281,257,249,320
"ENSG00000134597",466,500,456,421,531,657,489,574,477,471,545
"ENSG00000134602",103,108,393,456,354,424,522,392,337,128,248
"ENSG00000134627",108,260,24,17,17,28,19,23,28,24,26
"ENSG00000134644",5144,3541,5852,5344,6097,5518,5811,3956,4639,5389,4706
"ENSG00000134668",35,53,148,114,73,62,106,231,158,71,96
"ENSG00000134684",1334.99999,1186,2650,2584,2540,3127,2194,2982,2864,3509,5687
"ENSG00000134686",2362.00001,2845,598,483,596,337,614,420,602,1007,730
"ENSG00000134690",248,105,89,77,104,114,141,136,98,99,55
"ENSG00000134697",698,646.00001,1285,1059,1421,1392,1436,1434,1765,1478,2241
"ENSG00000134698",833,746,272,199,268,184,262,171,147,272,199
"ENSG00000134709",1203.99999,1833.00001,708,603,859,911,892,564,656,536,527
"ENSG00000134716",42,89,27,48,24,42,64,43,36,44,29
"ENSG00000134717",1317,903,2128,1552,1804,2025,1614,1954,2128,2285,2852
"ENSG00000134744",3629.00001,4118,1706,1402,1801,1642,2063,1088,1185,1301,1084
"ENSG00000134748",825,729,2733,2298,2916,3000,2503,2413,3073,2941,3825
"ENSG00000134755",843.99999,481,1314,1134,1207,1037,1220,464,766,478,887
"ENSG00000134758",1107,550,590,466,597,567,610,448,687,602,709
"ENSG00000134759",1523.00001,1214.00001,2681,2031,2866,2368,2830,1734,1817,1868,2440
"ENSG00000134762",327,202,135,119,103,91,81,41,56,43,76
"ENSG00000134765",64,113,186,929,147,598,394,375,291,52,195
"ENSG00000134769",6481.99997,4199,2886,2500,3303,3175,3202,2256,2779,3768,3711
"ENSG00000134775",4310.00001,4698.00001,208,159,178,150,116,114,126,183,56
"ENSG00000134779",1126,1163.99999,2945,3043,2162,3357,2374,4043,3672,2617,3205
"ENSG00000134780",121,73,161,128,182,41,134,75,53,77,60
"ENSG00000134802",66.00001,68.99999,45,61,37,60,25,43,51,65,67
"ENSG00000134809",534,503,826,778,573,980,575,1196,1297,844,1272
"ENSG00000134815",309,347,511,449,561,366,487,323,284,275,483
"ENSG00000134824",1297,704,2130,2508,1615,1950,2147,1865,2197,1844,3079
"ENSG00000134825",2202.99999,1741,1720,1477,1505,2103,1494,2486,2381,1613,1868
"ENSG00000134851",830,697,922,1076,541,767,402,845,2048,2319,2816
"ENSG00000134852",1723,2009,778,670,808,631,689,408,509,368,381
"ENSG00000134853",218,198,1243,1285,1644,1429,1640,414,440,596,710
"ENSG00000134864",78,95,149,72,93,91,62,89,98,91,121
"ENSG00000134871",721.99999,344,4187,4964,5438,3662,4838,2141,2508,5614,3867
"ENSG00000134873",90,26,1380,786,851,1396,854,1353,1839,1846,1289
"ENSG00000134874",1456.00001,1077.99999,490,488,475,400,465,333,359,385,376
"ENSG00000134882",1215.99999,2764,1998,1697,2100,2301,2007,2392,2493,2385,2562
"ENSG00000134884",4213.99999,3112.00001,2699,1822,2741,2986,2679,2357,2678,2470,2843
"ENSG00000134897",740,1060.00001,1348,1060,1220,1147,966,1032,1085,1052,1137
"ENSG00000134899",730,697,865,764,1136,895,1145,692,810,1017,1049
"ENSG00000134900",1952.99999,1490.00001,963,904,960,869,867,587,709,649,859
"ENSG00000134901",146.99999,182.00001,385,336,460,534,454,455,356,329,354
"ENSG00000134905",813.00002,680.00001,479,530,320,300,232,403,739,865,873
"ENSG00000134909",4207,3400,1174,702,1054,1085,933,367,543,1151,679
"ENSG00000134910",1038,609.99999,6496,5820,6787,6803,6008,6588,7225,6379,8959
"ENSG00000134917",15,23,12,25,3,20,19,15,58,38,30
"ENSG00000134954",62,95,28,46,18,28,35,48,40,26,55
"ENSG00000134955",52,23,104,112,102,97,90,58,84,96,107
"ENSG00000134970",812,926,2200,1986,2027,1827,1376,1464,2418,2128,2987
"ENSG00000134982",2622.00001,4658.99999,2087,2247,1718,2063,1840,1752,1859,1879,2114
"ENSG00000134986",3917,3087.00001,7274,5244,6225,7525,5591,6542,6552,5334,4492
"ENSG00000134987",442,371,577,619,683,536,703,424,499,470,566
"ENSG00000134996",210,238,439,308,316,495,300,387,555,520,587
"ENSG00000135002",468,629,1096,1179,987,1315,945,1244,1572,982,1755
"ENSG00000135018",1491.00001,1691,2811,2643,2651,3544,2805,3495,3857,4232,5375
"ENSG00000135040",1246,1236,1004,941,978,762,934,832,921,913,1279
"ENSG00000135045",205,294,126,77,115,104,74,77,110,134,126
"ENSG00000135046",377.99999,173,1484,802,752,1216,537,1282,1440,3680,2600
"ENSG00000135047",633,664.99999,2848,2584,2658,3279,2822,3678,4264,2994,4175
"ENSG00000135048",1060,1267,765,524,634,519,601,313,350,522,482
"ENSG00000135049",4545.00001,4090.99999,1113,879,1072,867,878,538,618,819,791
"ENSG00000135052",2959,1936,5331,4781,4377,4060,2735,4315,8716,10082,8245
"ENSG00000135063",193.00001,253,130,136,153,162,191,128,108,177,82
"ENSG00000135069",860,462,8676,4976,9336,7216,5286,9746,12181,6337,9631
"ENSG00000135070",721,818,993,715,867,1041,763,999,1199,901,1194
"ENSG00000135074",624,996.00001,274,104,204,162,155,81,85,172,91
"ENSG00000135077",60,108,24,3,29,28,17,16,16,14,12
"ENSG00000135083",216.99999,179,334,218,238,258,219,218,346,292,284
"ENSG00000135090",1427,1823.00001,743,708,693,945,626,839,854,935,1046
"ENSG00000135093",455.00001,562.99999,1137,1005,1200,1257,1137,835,963,1057,1452
"ENSG00000135094",17,55,3,1,0,14,1,3,13,48,37
"ENSG00000135097",3152,2680,412,277,392,176,284,216,218,277,216
"ENSG00000135108",1218,1216,4105,3894,4282,4309,4112,3896,4918,4690,4600
"ENSG00000135111",63,56,197,177,213,157,142,198,236,313,269
"ENSG00000135116",95,137,133,259,137,137,162,140,87,429,388
"ENSG00000135119",583,610,369,349,367,333,287,349,382,488,446
"ENSG00000135124",262,189.00001,817,670,833,914,839,1077,1091,892,1102
"ENSG00000135127",1235,1662.99999,365,262,324,366,308,258,595,517,330
"ENSG00000135144",171,141,59,60,42,31,13,53,94,172,132
"ENSG00000135148",897,701,2568,2465,2408,3036,2637,2710,3124,3066,3507
"ENSG00000135164",2099,1302,1671,1457,1815,1784,1709,1160,1413,1819,2203
"ENSG00000135185",223,209,256,221,260,310,248,307,362,379,406
"ENSG00000135205",462,563,92,32,47,66,42,55,52,104,84
"ENSG00000135211",266,275,604,580,533,691,490,775,825,551,826
"ENSG00000135218",116,113,21,10,13,22,22,12,33,6,5
"ENSG00000135241",916,1219,1307,1196,1226,1279,1033,1209,1530,1618,2228
"ENSG00000135245",194,152,2458,1271,1567,2129,1572,990,1458,2673,2919
"ENSG00000135249",479,508.99999,524,432,602,563,520,539,605,607,832
"ENSG00000135250",1794,2323.00001,1754,1347,1711,1466,1545,1419,1450,1244,1642
"ENSG00000135253",116.99999,175.00001,104,57,77,102,66,95,117,205,199
"ENSG00000135269",553,539.00001,1334,914,1048,1257,878,1232,1321,1173,1133
"ENSG00000135272",675,680,79,106,70,68,82,56,86,294,187
"ENSG00000135297",1076,1243.00001,722,628,744,745,662,718,836,711,1060
"ENSG00000135298",1431.00001,1782,583,383,725,430,564,358,338,412,418
"ENSG00000135299",646,478.99999,794,676,430,535,418,485,785,1214,947
"ENSG00000135314",201.00001,135.00001,218,226,254,345,189,285,331,333,399
"ENSG00000135315",1179,976.99999,254,184,158,240,122,256,198,201,234
"ENSG00000135316",4146,4004.00001,1348,1277,1131,1289,1105,1253,1696,1605,1925
"ENSG00000135317",5869.99999,4579.00003,1695,1523,1502,1504,1336,1121,1406,1416,1645
"ENSG00000135318",128,287,255,95,151,171,183,102,330,102,131
"ENSG00000135324",37,19,99,88,94,167,54,132,138,425,164
"ENSG00000135333",629.99999,526.99998,92,92,90,152,96,44,73,64,82
"ENSG00000135334",885,932,1196,1421,1430,1652,1393,1466,1810,1504,2080
"ENSG00000135336",1135.99999,1398.99999,1369,1204,1456,1536,1328,1455,1781,1734,2119
"ENSG00000135338",966.00001,980,2010,1556,3206,2152,2233,2258,1686,1602,1068
"ENSG00000135341",1850.00002,1629,1832,1680,1741,1647,1476,1393,1602,1920,2115
"ENSG00000135362",403.99999,322,253,261,156,318,171,174,333,425,318
"ENSG00000135363",40,51,23,8,4,5,2,5,7,83,36
"ENSG00000135365",2299.99999,2115.99998,1038,932,1072,835,1157,685,751,664,745
"ENSG00000135372",635,560,1675,1396,1558,1618,1886,1142,1270,1421,2109
"ENSG00000135373",16,99,3,19,4,14,4,23,4,19,15
"ENSG00000135378",15,39,13,61,18,23,27,45,38,4,13
"ENSG00000135387",2829,2672,6515,6178,6246,5769,5123,4394,5057,6107,6151
"ENSG00000135390",4006.00001,3183.99999,4677,3780,4279,5197,4571,6061,5465,4201,4219
"ENSG00000135392",274,230.00001,1552,1467,1486,1506,1759,1236,1455,1583,1976
"ENSG00000135404",5517,5796.99999,14764,13621,10898,18969,13039,25284,24824,18325,26643
"ENSG00000135406",62,19,523,602,400,427,256,428,639,1314,803
"ENSG00000135407",141,145,122,84,60,128,113,86,120,259,268
"ENSG00000135414",1206,1238,571,364,424,353,427,341,418,489,382
"ENSG00000135423",232,261,494,848,525,636,549,830,668,594,628
"ENSG00000135424",408.00001,292,1162,901,795,729,810,656,685,1141,753
"ENSG00000135436",298,233,19,30,17,24,34,14,18,7,37
"ENSG00000135437",75,63,1512,1787,347,1923,1260,4246,2532,473,1806
"ENSG00000135439",159,137,33,23,28,11,24,21,20,25,53
"ENSG00000135441",1564,1421,796,644,583,1022,653,1310,1238,1033,822
"ENSG00000135446",1525.99999,1033,3587,3507,3500,4413,3300,4811,4894,4348,5394
"ENSG00000135447",180,144.99999,140,156,76,86,28,113,212,811,240
"ENSG00000135451",209.00001,79.00002,52,37,72,70,90,120,43,67,52
"ENSG00000135452",429,492.99998,1897,1533,1593,2208,1574,2192,2431,2228,2300
"ENSG00000135454",261.99999,108,198,199,163,229,123,273,287,540,449
"ENSG00000135457",383,345.99999,193,133,103,167,95,104,104,153,166
"ENSG00000135469",238,214.00001,409,355,273,445,343,385,680,773,1090
"ENSG00000135472",93.00001,197,834,925,686,820,540,812,1237,1966,1435
"ENSG00000135473",534.00001,485.00001,1876,1669,2045,1631,1873,1166,1132,1134,1354
"ENSG00000135476",105,68,74,148,85,104,109,78,39,76,95
"ENSG00000135480",15,31,12,6,6,26,1,27,18,9,15
"ENSG00000135482",220,230,577,480,670,540,632,570,605,590,608
"ENSG00000135486",6776.00002,3775,16306,11612,14750,16067,13326,18685,20996,15499,15023
"ENSG00000135503",726,634,281,168,334,125,253,114,136,140,95
"ENSG00000135506",1577.00001,1309,2858,2607,2526,2032,2493,2012,1991,2129,2404
"ENSG00000135519",62,69,24,21,26,8,17,18,24,54,23
"ENSG00000135521",677,574,536,538,479,683,564,640,878,675,1115
"ENSG00000135525",2702,4007,919,603,677,742,726,572,701,391,470
"ENSG00000135535",1413,1025.99999,5777,5797,6375,6120,6114,5285,6898,5431,7085
"ENSG00000135537",229,326.99999,106,81,87,116,79,100,78,63,105
"ENSG00000135540",1796,804.00001,1396,1351,969,919,1141,1021,893,1088,1036
"ENSG00000135541",7704.99999,7656.00001,1027,696,931,1187,1085,862,1090,940,971
"ENSG00000135547",111,78,214,84,134,205,146,72,145,447,488
"ENSG00000135549",703,2400.99999,341,198,343,424,277,430,386,359,322
"ENSG00000135577",31,53,23,9,11,7,9,9,9,9,28
"ENSG00000135587",104,108,223,244,181,368,255,374,363,332,384
"ENSG00000135596",277.99999,255,612,574,604,633,732,466,461,544,597
"ENSG00000135597",1580,1818.00002,536,424,332,399,290,417,588,1621,1647
"ENSG00000135605",565,454,145,131,196,176,189,123,114,206,119
"ENSG00000135617",208,205,574,404,335,702,362,880,941,810,890
"ENSG00000135622",324,367,1133,1056,1104,1160,1033,880,816,951,976
"ENSG00000135624",1641.00001,1406,6102,5467,5732,7613,5394,7984,7924,7852,8996
"ENSG00000135631",221.99999,178,386,572,441,245,405,233,410,532,718
"ENSG00000135632",220,255,678,653,848,634,872,650,624,704,937
"ENSG00000135636",486,1015,65,51,24,20,56,39,33,56,50
"ENSG00000135637",1201,178,584,434,503,554,559,492,585,545,609
"ENSG00000135638",408,56.00001,130,97,128,163,82,128,122,227,200
"ENSG00000135643",235,196,239,161,224,159,213,172,200,174,167
"ENSG00000135655",1363,1469,919,733,763,913,816,719,852,743,1085
"ENSG00000135677",1176,1074,8211,10155,7489,8130,8657,6730,7312,6488,10107
"ENSG00000135678",44,148,158,120,67,119,101,144,254,204,137
"ENSG00000135679",1849.99997,1589,1658,1636,1677,1496,1743,1195,1542,1876,3574
"ENSG00000135686",323,338,976,713,976,566,895,411,430,551,710
"ENSG00000135697",46,86,340,565,74,474,337,988,685,51,298
"ENSG00000135698",681,652,363,303,371,502,342,494,542,458,606
"ENSG00000135709",293.00001,426,727,558,707,465,507,480,409,522,696
"ENSG00000135720",1860,1474,3312,2884,2583,3336,2205,2763,2980,4074,3611
"ENSG00000135722",66,119.00001,196,140,236,175,202,153,256,193,145
"ENSG00000135723",167,223,115,113,141,50,103,30,57,71,40
"ENSG00000135736",110,106,42,30,27,18,28,18,54,248,201
"ENSG00000135740",104,171,128,91,202,162,115,83,114,168,234
"ENSG00000135744",248,371,1310,1291,404,1998,625,1355,1813,3986,4137
"ENSG00000135749",838,1045,491,421,434,353,405,282,269,401,395
"ENSG00000135750",758,597,520,310,783,495,522,525,805,903,611
"ENSG00000135763",225,132,361,334,359,297,394,192,263,252,506
"ENSG00000135766",1048,1118,561,602,417,370,349,367,616,1560,1913
"ENSG00000135775",529,508,1003,957,865,1117,1052,1051,1070,1125,1411
"ENSG00000135776",395,143,104,101,84,112,123,95,105,129,151
"ENSG00000135778",609,727.00001,1419,1168,1181,1445,1179,1601,1604,1241,1626
"ENSG00000135801",429,169,164,150,220,116,144,95,97,94,70
"ENSG00000135821",2283.00001,2245,25262,30295,22991,31836,26588,32680,46630,41169,44843
"ENSG00000135823",722,665,1155,869,907,1158,852,880,998,1169,1299
"ENSG00000135824",463,416,261,272,213,255,203,164,123,248,113
"ENSG00000135828",62,78,704,729,1089,772,900,622,630,636,796
"ENSG00000135829",2531,2270,4115,3820,3534,3594,2963,3052,3649,3868,4224
"ENSG00000135835",557,507,350,219,218,316,248,270,266,334,179
"ENSG00000135837",3406,3205,1290,1075,1384,1319,1526,984,1142,886,1329
"ENSG00000135838",286.99999,486,66,53,30,65,39,68,76,58,43
"ENSG00000135842",164,153,1580,2879,2070,2261,2731,1504,2275,1383,2026
"ENSG00000135845",427,553.00001,1376,1137,1237,1549,1116,1592,1735,1598,1555
"ENSG00000135862",723,493,1107,1378,1159,977,1345,743,910,1728,1449
"ENSG00000135870",2082.99999,1558,790,708,733,717,754,528,648,774,1007
"ENSG00000135899",453,719.00001,237,195,185,204,229,272,222,276,262
"ENSG00000135900",304,302,553,482,504,687,539,649,649,532,680
"ENSG00000135902",67,36,44,49,32,68,77,48,43,28,32
"ENSG00000135903",35,151,20,0,0,30,0,1,5,41,143
"ENSG00000135905",351,627,54,102,59,34,64,28,47,60,33
"ENSG00000135912",1049.00001,935,2053,1855,808,2261,1485,2781,2166,1517,2409
"ENSG00000135913",1165,929,603,587,669,574,697,382,521,423,680
"ENSG00000135914",140,256,19,19,1,10,16,13,10,22,10
"ENSG00000135916",2924.00001,2893,11923,7419,9178,6769,9224,7055,6348,5253,5230
"ENSG00000135917",23,94,60,37,84,38,58,38,36,32,65
"ENSG00000135919",57.00001,87,622,325,249,487,208,312,755,1339,1173
"ENSG00000135924",965.00001,1160,500,451,549,138,598,176,181,267,239
"ENSG00000135926",104,109,1115,986,1272,1117,1060,852,984,1006,1553
"ENSG00000135929",444,311,1792,1725,584,1938,973,3250,2592,1457,2015
"ENSG00000135930",923,858.00001,2580,2167,2388,2558,2330,2254,2671,2339,3562
"ENSG00000135931",6792.99998,6746,1566,911,1144,1633,1131,1240,1076,1454,1339
"ENSG00000135932",2970,1164.99999,494,368,434,326,364,282,504,786,878
"ENSG00000135940",3152,2959,3649,3242,2855,4923,3066,5586,5693,4376,4243
"ENSG00000135945",1350.99999,1176,898,1058,1069,917,896,721,1138,1079,1481
"ENSG00000135951",637.99999,923,282,186,237,258,238,254,239,181,212
"ENSG00000135953",230,272,495,492,589,391,469,435,384,421,623
"ENSG00000135956",618,613,1219,1102,827,771,487,625,1202,1997,1939
"ENSG00000135966",479,472,373,315,332,376,316,292,421,542,898
"ENSG00000135968",1527.99999,2158.00001,923,768,893,896,846,848,819,869,890
"ENSG00000135972",724,489,802,706,784,953,797,1052,1225,905,1038
"ENSG00000135974",574,539,788,569,835,706,804,391,477,621,841
"ENSG00000135976",3337.99999,2743,1523,951,1057,1985,1316,1573,1865,1444,1400
"ENSG00000135999",1389,1102,120,94,116,111,125,84,165,203,92
"ENSG00000136002",347.00002,450.99999,217,85,61,157,158,84,99,153,318
"ENSG00000136003",878,863,1653,1553,1708,2432,1821,2096,2649,2285,3241
"ENSG00000136010",230,163,215,168,141,155,101,67,133,125,320
"ENSG00000136014",188.00001,220,54,25,53,64,54,60,55,23,34
"ENSG00000136021",1180.99999,1559,1066,927,1012,628,870,502,534,726,943
"ENSG00000136026",1367,862,942,1041,858,767,802,877,1332,1694,1906
"ENSG00000136040",403,129,577,396,626,275,473,356,332,382,321
"ENSG00000136044",1192,872,1254,1172,1087,1307,1167,1163,1431,1683,1716
"ENSG00000136045",1160,980,1452,1219,1267,1718,1219,1701,1789,1782,2232
"ENSG00000136048",143,200,153,198,99,170,114,121,250,270,471
"ENSG00000136051",1502,1380.99999,859,821,740,816,885,595,605,468,760
"ENSG00000136052",387,508,289,297,320,213,215,207,273,330,431
"ENSG00000136059",73.99999,49.00001,113,104,68,125,118,187,294,64,325
"ENSG00000136068",1115,796.99999,4560,4206,5533,2772,4861,2050,2688,2799,2975
"ENSG00000136098",428,418.99999,171,116,167,166,161,131,126,160,163
"ENSG00000136099",99,102,137,228,52,131,37,73,175,786,575
"ENSG00000136100",1599,1441,956,796,892,1166,968,669,737,877,1088
"ENSG00000136104",426.99999,426.00001,239,215,264,350,259,277,383,251,328
"ENSG00000136108",1245.99999,647,955,781,845,835,810,720,857,1053,1003
"ENSG00000136110",33,124,11,52,12,11,16,35,21,5,18
"ENSG00000136111",328,241,232,350,246,226,330,204,444,123,225
"ENSG00000136114",92,66,59,40,54,72,65,25,55,110,112
"ENSG00000136122",289,267,97,72,145,116,123,77,66,89,72
"ENSG00000136141",1267.00001,2358,252,164,238,207,217,113,170,186,139
"ENSG00000136143",1261,1271.99999,1918,1608,1690,2402,1427,2042,2287,2291,2576
"ENSG00000136144",1132,1164,1607,1478,1267,1425,1218,975,954,1088,1076
"ENSG00000136146",1547,1335.00001,1182,873,1077,1357,903,1315,1519,1354,1500
"ENSG00000136147",383.99999,605,158,136,105,177,83,183,225,244,209
"ENSG00000136152",717,775,946,851,1056,784,900,576,759,985,1050
"ENSG00000136153",474,764.00001,91,84,83,164,140,79,82,100,74
"ENSG00000136156",5321.99999,4588,21293,18468,23610,22257,16684,23786,33331,22707,24208
"ENSG00000136158",673,675,245,177,254,183,173,220,361,787,973
"ENSG00000136159",351,326,687,446,782,747,594,671,823,666,793
"ENSG00000136160",258.00001,424.00001,1289,1052,504,1159,358,817,761,2067,1955
"ENSG00000136161",565,364,1475,1265,958,1437,804,1694,1753,2300,1594
"ENSG00000136167",51,140,37,85,28,78,34,125,93,149,42
"ENSG00000136169",565.99999,544,438,465,514,596,561,402,330,275,435
"ENSG00000136193",2296,2407,9082,9729,9490,8763,8341,5215,5467,9686,8077
"ENSG00000136197",69,323,243,171,325,204,165,249,212,327,265
"ENSG00000136205",1371,1103.99999,1962,2858,2739,1219,2665,1195,1192,1193,1122
"ENSG00000136206",334,214,206,119,171,332,164,241,256,231,260
"ENSG00000136213",309,314,631,486,589,568,662,506,617,467,587
"ENSG00000136231",1059,1052,543,489,519,453,521,377,277,189,227
"ENSG00000136235",335.00001,374.99999,6264,24252,6792,16852,15220,16946,18478,1604,11220
"ENSG00000136237",560,670.99999,55,10,38,12,28,17,4,15,18
"ENSG00000136238",2122.00001,1742,1134,1045,1039,750,803,850,1456,3869,3645
"ENSG00000136240",1566,1048,4471,3902,4752,4054,3896,3846,5461,4626,7112
"ENSG00000136243",748.99999,534,557,506,499,683,469,637,745,563,726
"ENSG00000136247",601.00001,602,2058,1664,1872,2256,1897,2516,2940,2196,2776
"ENSG00000136261",1925,1885.99998,1229,870,893,1405,940,1505,1155,1077,1224
"ENSG00000136267",400,1071,193,353,212,346,307,130,214,62,116
"ENSG00000136270",411.00001,348,1303,1316,1321,1836,1503,1608,1907,2198,2464
"ENSG00000136271",608.00001,516,1570,1536,1560,2278,1723,2019,2535,2549,3038
"ENSG00000136273",372,423,441,406,378,409,423,440,411,405,413
"ENSG00000136274",266,245,625,630,868,429,570,408,320,573,488
"ENSG00000136279",1007.99999,764,2869,2590,2022,3234,2175,3364,3678,3766,3152
"ENSG00000136280",806,878.99999,524,503,432,472,329,535,721,932,994
"ENSG00000136295",4954.00001,1866,711,576,524,192,361,290,317,559,604
"ENSG00000136297",964.00001,599,70,11,49,28,13,39,20,68,78
"ENSG00000136319",367,453,1186,1092,1138,1150,1196,1155,1172,1203,1303
"ENSG00000136367",362,238,218,141,170,135,185,115,116,88,95
"ENSG00000136371",333,414.00001,271,181,137,303,182,320,486,246,309
"ENSG00000136378",434.00001,257,441,386,220,199,230,138,170,261,235
"ENSG00000136379",174,229,42,40,23,10,14,34,30,41,33
"ENSG00000136381",1384.00001,1626.99999,1242,1036,1347,710,1237,488,573,514,847
"ENSG00000136383",30,60,26,22,19,8,65,14,11,39,17
"ENSG00000136425",282.00001,324.99999,128,113,87,46,59,59,124,246,142
"ENSG00000136436",1193,1583,2923,3561,2552,3581,3118,3270,4094,2538,3656
"ENSG00000136444",355.00001,339,1191,1252,1374,1256,1248,1093,1577,1395,2034
"ENSG00000136448",1162,1089.00001,1977,1826,2063,2343,2245,1358,1423,2326,2664
"ENSG00000136450",1678,1349,1422,1154,1075,836,1094,700,942,738,898
"ENSG00000136451",1542,1678,2793,2153,2503,2246,2328,1873,1945,2206,2264
"ENSG00000136463",241,259,511,425,399,488,385,522,515,586,765
"ENSG00000136478",920,1060,2097,3599,1993,2518,2875,2388,2171,1473,3100
"ENSG00000136485",2120.99999,1739.00001,5130,4487,5590,4428,4871,3365,3591,3864,3855
"ENSG00000136490",342,154.99999,229,159,170,150,173,240,231,237,129
"ENSG00000136492",761,667.00001,220,186,164,203,244,174,164,150,156
"ENSG00000136504",1963.00001,2157,2599,2457,2798,2480,2929,2032,2397,2506,2624
"ENSG00000136518",668,564,1855,1595,1688,1895,1509,2121,2151,1583,2231
"ENSG00000136521",1245,1436.00001,1606,1111,1073,1714,1132,1724,1825,1531,1781
"ENSG00000136522",546,605,811,748,657,980,674,1069,1339,998,1300
"ENSG00000136527",2106,1945.00002,2727,2206,2224,2860,2395,3047,3907,3494,4885
"ENSG00000136531",1301.00001,2556,293,238,244,274,230,187,176,232,190
"ENSG00000136536",2688.99998,2366.99999,4046,3596,4782,3962,4388,2974,2902,2683,3376
"ENSG00000136541",24,34,300,245,27,257,159,314,467,34,298
"ENSG00000136542",23,66,101,66,113,65,89,50,58,123,65
"ENSG00000136546",139.99999,205,6,22,5,12,5,11,10,25,12
"ENSG00000136560",683,1019.00001,1003,972,1009,1085,936,1085,1424,1632,1640
"ENSG00000136603",1576.99999,1257,856,551,823,596,730,508,939,849,1258
"ENSG00000136628",1619,1865,3324,2967,3113,3060,2920,2666,2918,3527,4500
"ENSG00000136631",2396.00001,1193.00001,1448,1276,1275,1569,1115,1548,1621,1492,1867
"ENSG00000136636",990,1134,670,733,361,382,325,364,889,1799,1692
"ENSG00000136643",2967,3986.00001,953,863,1117,966,838,620,681,959,1064
"ENSG00000136682",848,775,1270,919,1014,1526,988,1474,1903,1965,2047
"ENSG00000136699",703.99999,1627,1791,1653,1705,1845,1748,1315,1399,2002,1803
"ENSG00000136709",1488.00001,1488,1492,1367,1608,1542,1826,1336,1465,1507,1817
"ENSG00000136710",526,480,1424,1219,1311,1654,1565,1732,1901,1826,2231
"ENSG00000136715",1489,1054,922,809,969,728,886,656,765,1021,958
"ENSG00000136717",1089.99998,1474.00001,1402,1104,972,1451,915,1285,1571,1605,1437
"ENSG00000136718",438.99999,357.99999,1209,1117,1210,1457,1200,1512,1904,1697,2424
"ENSG00000136720",1325,980,388,314,387,247,291,240,243,419,279
"ENSG00000136731",1153.00001,1118,786,874,794,619,781,514,503,618,781
"ENSG00000136732",621,80,40,13,7,36,21,35,52,29,31
"ENSG00000136738",932,1053,950,1326,1006,1130,1207,955,1153,848,1288
"ENSG00000136750",528,387,121,78,84,101,37,89,247,555,82
"ENSG00000136754",1585,1382.99999,1435,1266,1105,1395,1239,1365,1753,1493,1823
"ENSG00000136758",2645.00001,2120,3364,3043,3237,3552,3232,2901,3253,3106,4884
"ENSG00000136770",1098,1408,456,497,352,397,316,472,519,659,585
"ENSG00000136783",270,230,833,739,649,884,668,1078,957,923,826
"ENSG00000136802",629,534,1530,1740,1118,1179,931,1255,2213,2904,4376
"ENSG00000136807",520.99999,365,1053,953,910,1089,1024,1077,1532,1208,1546
"ENSG00000136810",2290,1804,1217,997,930,1648,926,1779,1630,1669,2178
"ENSG00000136811",1209.99998,914.99998,1086,1016,1199,1351,1019,1044,1013,1133,1192
"ENSG00000136813",2461,1752.00001,1939,1824,1899,1463,1571,990,1043,1515,1652
"ENSG00000136816",290,217,462,484,435,510,450,466,522,542,729
"ENSG00000136819",649,755,1496,1413,1409,1857,1508,1950,2367,2138,2825
"ENSG00000136824",801,542,288,303,297,296,294,305,258,301,285
"ENSG00000136826",27,21,24,9,12,21,19,26,40,171,261
"ENSG00000136827",405.99999,367.99999,1320,1415,1217,1554,1201,1577,1954,1834,2206
"ENSG00000136828",1170,1432,672,664,539,502,441,348,526,744,805
"ENSG00000136830",313,189,150,166,142,26,115,22,30,19,37
"ENSG00000136840",152,105,461,413,433,340,424,506,430,320,507
"ENSG00000136842",112,54,275,186,109,312,135,167,415,1012,1944
"ENSG00000136848",1934.99999,1472,332,337,357,140,311,185,204,259,160
"ENSG00000136854",3694.99999,3459,5555,3550,6521,5512,5627,3129,3175,4204,4679
"ENSG00000136856",227.99999,177.99999,478,478,358,380,255,405,1017,1025,1138
"ENSG00000136859",131,255,391,413,374,256,522,221,238,121,251
"ENSG00000136861",5003,6665.00001,918,823,817,742,940,627,684,586,744
"ENSG00000136866",297,351,441,374,469,385,440,351,338,293,286
"ENSG00000136867",27,52,57,78,51,96,52,114,109,35,67
"ENSG00000136868",552,465,1799,2034,1711,1947,1873,1655,2247,1606,2909
"ENSG00000136869",44.99999,84,320,169,10,297,31,129,317,1095,676
"ENSG00000136870",387,406,406,275,390,187,359,155,212,139,266
"ENSG00000136874",933.99999,922.99999,1014,1095,1103,875,1112,955,1127,820,987
"ENSG00000136875",533,505,1005,874,1100,1093,963,907,1272,1456,1576
"ENSG00000136877",504.00001,433.99999,1011,1025,937,879,754,801,1045,1013,1192
"ENSG00000136878",533.00001,542.99999,1110,1192,1420,810,1289,593,432,712,843
"ENSG00000136883",41,69,237,129,341,112,225,120,123,74,64
"ENSG00000136888",3554,3514.00001,3097,2505,2995,4003,2919,4450,5091,3698,4658
"ENSG00000136891",888,917,901,918,804,916,916,801,1075,848,1240
"ENSG00000136895",987.99999,1130,884,772,663,884,870,631,767,716,851
"ENSG00000136897",567,444,851,742,960,845,783,896,1188,1002,1279
"ENSG00000136908",524,362,1347,1165,1291,1499,1254,1977,2143,2125,2200
"ENSG00000136925",573,488,1272,1047,1147,1064,1147,781,880,1211,1204
"ENSG00000136928",903,1155,199,128,142,190,130,181,244,281,126
"ENSG00000136930",1671.00001,1775,2467,2048,1901,3075,1703,3428,3909,3293,3585
"ENSG00000136932",207,183,238,211,160,299,225,357,468,424,556
"ENSG00000136933",539,475.00001,690,489,488,785,447,801,886,909,1106
"ENSG00000136935",608,817,600,510,458,664,563,464,453,703,879
"ENSG00000136936",1053,916.99999,428,337,371,623,444,529,577,598,641
"ENSG00000136937",940,1108.99999,1310,1273,956,1239,971,1014,1044,1080,1268
"ENSG00000136938",1864,1397,699,545,566,593,578,672,614,581,670
"ENSG00000136940",573,559,450,439,483,529,446,490,540,568,652
"ENSG00000136942",12733,9893,3042,2262,2984,3629,2993,4178,3783,3098,3055
"ENSG00000136943",166.99999,297.00001,746,3476,1059,5121,2530,1899,1436,273,1174
"ENSG00000136950",625,529,542,624,530,635,444,671,1082,1185,1638
"ENSG00000136960",1429.99999,1026.00001,15797,18766,5170,16138,11894,25591,27392,3721,22672
"ENSG00000136982",76,157,36,42,24,37,15,60,43,70,74
"ENSG00000136986",657,655,1571,1268,1358,1608,1419,1246,1671,1623,2026
"ENSG00000136997",74,43,73,89,65,81,52,92,131,625,354
"ENSG00000137033",140,76,458,665,176,692,502,470,469,711,564
"ENSG00000137038",833,834,1074,901,955,921,863,1156,1083,716,796
"ENSG00000137040",503,441,1601,1385,1499,1525,1430,952,1387,1342,2026
"ENSG00000137054",257,189,341,311,277,406,327,359,412,442,492
"ENSG00000137055",643,524,1157,1088,1158,1130,1161,958,1195,1184,1949
"ENSG00000137070",245,236,669,1117,775,903,872,1097,721,1116,928
"ENSG00000137073",2914,2115.99999,805,710,833,652,902,550,575,695,663
"ENSG00000137074",973.00002,646.99999,859,797,775,929,764,813,906,1009,1270
"ENSG00000137075",2030.00001,2152,1493,1399,1732,1069,1542,692,794,764,868
"ENSG00000137076",1565,1131,5871,6185,6969,4829,6859,3767,5249,7314,6948
"ENSG00000137094",499.99999,387.00001,852,786,744,857,687,608,531,723,791
"ENSG00000137098",102,108,175,76,159,178,120,140,127,196,127
"ENSG00000137100",1382.99999,1397,2178,1479,1512,2547,1340,2921,3026,2878,2543
"ENSG00000137101",57,71,117,102,90,120,171,100,129,77,174
"ENSG00000137103",876,765.00001,1371,971,1732,990,1386,816,1035,1159,925
"ENSG00000137106",943.99999,913.99999,1933,1835,1593,2576,1831,2878,2625,2522,2571
"ENSG00000137124",72,53,615,774,615,809,910,674,721,649,685
"ENSG00000137133",607,740,784,590,583,1123,620,1137,1181,1258,1147
"ENSG00000137135",72,31,147,118,126,122,135,154,134,99,119
"ENSG00000137142",117,46,314,248,235,199,243,231,197,244,117
"ENSG00000137145",2361.99999,2149,1467,1326,1723,1131,1696,658,740,1046,1175
"ENSG00000137154",23091.99999,15460,15167,9440,13336,13187,12809,14066,14843,11854,11999
"ENSG00000137161",558,401,1740,1437,1658,2063,1766,2405,2354,1886,1977
"ENSG00000137166",710,371,183,120,215,61,181,89,91,62,85
"ENSG00000137168",545,561,775,670,553,703,469,858,1011,852,920
"ENSG00000137171",568.00001,536.99998,1032,800,1283,741,1142,611,503,526,521
"ENSG00000137177",3750,3154.99999,253,210,232,191,215,163,218,165,202
"ENSG00000137185",238,212.99999,314,292,260,326,266,296,360,403,335
"ENSG00000137193",102,89,355,339,421,234,381,208,604,1427,1453
"ENSG00000137198",99,75,240,505,119,327,243,253,635,372,515
"ENSG00000137200",576.00001,585,1183,947,1317,692,1061,453,389,622,601
"ENSG00000137203",463,349,226,171,219,102,126,100,61,36,36
"ENSG00000137207",961.00001,826,3951,3533,3632,4983,3758,5165,6298,5725,5684
"ENSG00000137210",2624.00001,3268.99999,2025,1421,1453,2667,1515,2531,2815,2250,2477
"ENSG00000137216",591.99999,536,355,374,454,98,334,92,62,97,82
"ENSG00000137218",135,167,86,80,85,58,58,51,51,57,84
"ENSG00000137221",433.99999,388,268,253,304,263,363,258,326,287,319
"ENSG00000137261",83,235,167,104,270,145,202,136,307,242,144
"ENSG00000137266",1534,826,330,325,330,218,298,175,180,300,204
"ENSG00000137267",1724,1328.99999,5417,4348,2988,6821,2574,6205,5571,9356,6795
"ENSG00000137269",381,258,467,582,531,505,622,447,478,480,503
"ENSG00000137274",598,616.99998,937,786,654,991,617,1135,1150,1175,1103
"ENSG00000137275",729,538.00001,650,570,590,380,516,329,428,639,793
"ENSG00000137285",4360,2668,7965,5672,3736,8383,3368,8238,8003,13385,8531
"ENSG00000137288",1396,1787.00001,1742,1135,1347,2005,1158,1953,1916,2185,1936
"ENSG00000137309",1129,1325.99999,616,344,766,172,492,207,161,153,178
"ENSG00000137310",137.99998,60.00001,217,216,218,235,135,329,228,315,160
"ENSG00000137312",987,911,3869,3787,3460,3878,3632,4293,4189,4658,4955
"ENSG00000137331",213,195,158,135,154,162,198,158,198,311,225
"ENSG00000137337",604,435,566,506,715,384,579,294,274,292,339
"ENSG00000137338",378,488,435,417,424,563,467,423,477,601,822
"ENSG00000137343",936,699.00001,518,318,366,312,312,346,314,357,356
"ENSG00000137364",526,409,674,544,532,651,461,697,813,758,946
"ENSG00000137393",158,182,102,128,137,139,171,82,111,137,115
"ENSG00000137404",158,185,260,186,294,286,287,316,319,324,166
"ENSG00000137409",2183.99999,1882.00001,8836,8042,8791,5993,6283,6062,11325,10672,12743
"ENSG00000137411",204.99998,275,254,187,292,102,228,107,93,78,55
"ENSG00000137413",307.99999,333.99999,425,406,515,446,562,461,556,582,707
"ENSG00000137414",579,568,887,846,818,456,662,345,593,759,973
"ENSG00000137434",83,104.99999,56,39,38,62,27,77,72,69,50
"ENSG00000137441",25,36,26,21,21,23,20,30,15,215,118
"ENSG00000137449",1318,1208,208,135,175,108,131,90,147,271,253
"ENSG00000137460",46,71,67,33,66,25,70,38,56,58,24
"ENSG00000137463",1665,1165,1525,857,1182,1616,1184,1036,1924,1723,1041
"ENSG00000137473",31,217,22,20,16,11,9,7,27,2,24
"ENSG00000137474",274.00001,319,1423,2069,1156,1774,2351,1425,1510,871,1764
"ENSG00000137478",3408,3293.99999,861,744,854,609,677,465,530,927,722
"ENSG00000137486",345,376,246,194,144,224,148,148,150,160,130
"ENSG00000137491",27,74,1,8,4,23,1,26,6,1,1
"ENSG00000137492",674,741.99999,997,866,707,672,553,527,832,1192,1412
"ENSG00000137494",633.00001,743.00001,528,453,593,461,449,457,533,665,984
"ENSG00000137496",220,240.00001,79,71,92,88,94,36,49,94,92
"ENSG00000137497",2495.99999,2466.00001,7387,7498,9522,6975,9634,3525,3855,5751,6198
"ENSG00000137500",1094,1132.00001,1683,1216,1443,1766,1375,1760,1633,1415,1616
"ENSG00000137501",661.99999,1467,505,677,437,584,476,359,501,806,898
"ENSG00000137502",741,746.00001,586,516,527,401,492,348,400,366,323
"ENSG00000137504",1462,1349,1964,1494,1891,1972,1780,1304,1497,1824,1846
"ENSG00000137509",653,540.00001,4478,3232,2988,4733,2896,3985,5183,5311,5603
"ENSG00000137513",4048.00001,2760,823,737,728,898,728,713,718,659,841
"ENSG00000137522",665,734,423,373,372,524,346,502,386,257,367
"ENSG00000137547",763,796,1528,1092,1143,1717,1233,1788,2022,1634,2060
"ENSG00000137561",135,128,32,19,33,12,22,11,26,26,36
"ENSG00000137563",558,331.00001,1562,690,1381,1184,934,1520,2050,1387,1215
"ENSG00000137571",548,312.00001,148,120,119,89,101,74,45,72,43
"ENSG00000137573",4282,4162,1291,1876,1129,1561,896,1185,1089,2515,1034
"ENSG00000137574",774,798,374,327,366,414,360,393,411,334,559
"ENSG00000137575",1538.00001,1190,8302,12637,8501,11828,10252,12852,13987,5844,13783
"ENSG00000137601",3120.99999,3444,1011,785,820,1003,831,884,1108,1034,1034
"ENSG00000137628",380.00001,575.99999,303,278,337,242,319,184,220,272,147
"ENSG00000137642",413,734,1813,2051,1622,1427,2006,961,843,1008,1694
"ENSG00000137656",309,288,507,451,586,463,583,534,516,626,594
"ENSG00000137691",77,53,149,78,68,124,80,107,124,117,127
"ENSG00000137692",925.99999,954.99999,629,576,631,532,576,547,694,722,1147
"ENSG00000137693",1996,1807.00001,936,974,918,361,643,465,492,379,537
"ENSG00000137699",29,36,21,12,17,29,27,14,42,100,103
"ENSG00000137700",459.99999,391,1481,1610,2050,2123,1902,1733,2192,1490,2314
"ENSG00000137710",3667.00001,3425,2862,2378,2409,2349,1789,2200,2363,2471,3279
"ENSG00000137713",555.00001,419,661,622,514,531,604,549,665,588,911
"ENSG00000137714",576,616,400,354,244,274,138,340,597,737,906
"ENSG00000137720",212.99999,261.99999,525,399,450,547,425,633,829,568,754
"ENSG00000137726",1926.00001,1106,8406,5850,4684,8392,4803,9720,11752,22126,11062
"ENSG00000137727",384,559,90,211,158,122,189,84,189,103,159
"ENSG00000137731",38,39,33,24,20,20,36,22,16,22,31
"ENSG00000137760",479,503,249,162,187,200,122,143,228,236,150
"ENSG00000137764",1249.00001,2041,534,544,361,450,270,369,504,710,817
"ENSG00000137766",639,671,104,140,195,151,179,137,49,86,22
"ENSG00000137767",67,185,350,440,433,578,517,553,714,394,543
"ENSG00000137770",1176,1197,1271,1055,1367,1048,1350,892,1039,1000,1265
"ENSG00000137776",3512.00001,3927.00002,1144,949,895,1183,881,1180,1577,1264,1441
"ENSG00000137801",37,73,184,107,116,99,162,136,101,379,239
"ENSG00000137802",537,552.99999,1008,770,1025,793,1210,514,349,659,583
"ENSG00000137804",789.99999,348,261,221,198,274,202,322,222,203,201
"ENSG00000137806",298.99999,334.99999,682,593,624,768,610,864,933,855,1149
"ENSG00000137807",247.99999,385,132,77,76,117,109,123,77,130,70
"ENSG00000137809",197,245,312,63,61,259,172,58,106,90,175
"ENSG00000137812",403.99999,212.99999,71,55,48,45,58,66,26,28,50
"ENSG00000137814",421,515,337,254,338,338,321,339,303,271,620
"ENSG00000137815",2343,1792,1039,824,1069,1081,986,1047,1129,1029,1082
"ENSG00000137817",1114.00001,1550.99999,1237,1069,978,1149,960,785,1239,2099,2256
"ENSG00000137818",26817,22498.99999,12307,8024,12206,11326,11034,13272,13115,9676,8724
"ENSG00000137819",50,50,533,102,359,218,396,173,356,193,285
"ENSG00000137821",1513.00001,2284.99999,550,436,402,505,363,528,590,695,612
"ENSG00000137822",429.00001,549.99999,1077,927,1295,1049,1117,951,966,950,1129
"ENSG00000137824",545,510,1836,1613,1613,2418,1567,2268,2574,2938,3446
"ENSG00000137825",20,26,4,5,6,0,4,10,15,28,39
"ENSG00000137831",1881,1630.00002,2953,4200,2819,4729,3753,3574,5431,2714,3622
"ENSG00000137834",227,209,29,57,57,18,52,28,36,19,42
"ENSG00000137842",280.99999,348,328,299,243,290,164,206,467,591,690
"ENSG00000137843",34,25.00001,80,156,152,118,132,131,98,171,118
"ENSG00000137845",1441.99999,1012.00001,2496,2894,2826,2237,2509,1638,1898,1781,2060
"ENSG00000137857",184,322,187,116,210,156,205,88,76,114,159
"ENSG00000137860",21,54,25,11,23,23,19,13,14,7,4
"ENSG00000137868",767,529,6653,9047,8229,9601,9620,10196,8672,10977,5577
"ENSG00000137871",751.00001,379.00001,287,224,191,291,187,201,181,190,177
"ENSG00000137872",989.99999,1071.99998,2052,1592,1440,1747,1262,1242,1146,1727,1548
"ENSG00000137876",1180.99999,1213,1101,784,1038,1083,864,894,1040,965,1353
"ENSG00000137877",263,453,196,61,136,211,121,79,108,147,39
"ENSG00000137878",67,426,23,18,8,24,2,2,14,148,47
"ENSG00000137880",312,400,1528,1062,1938,1686,1479,2377,1890,1765,1509
"ENSG00000137936",799.99999,553,274,421,145,351,181,367,507,793,915
"ENSG00000137941",1465,1663.99999,605,417,495,526,457,423,368,374,477
"ENSG00000137942",2224,1879.99999,2920,2492,2244,2390,2235,1798,1744,2077,1994
"ENSG00000137944",985.99999,559,1124,881,995,1156,835,1128,1474,1319,1381
"ENSG00000137947",840,865,653,522,573,708,612,775,925,928,1145
"ENSG00000137955",763.00001,807,583,431,517,525,488,471,606,346,680
"ENSG00000137959",391.00002,323,717,517,714,735,640,611,608,1118,559
"ENSG00000137962",838,1018.00001,768,478,754,754,697,582,570,890,716
"ENSG00000137965",304,164,169,110,149,123,140,125,180,204,126
"ENSG00000137968",1135,984,352,214,236,161,115,116,108,223,82
"ENSG00000137992",668,603,600,498,684,459,539,391,445,368,509
"ENSG00000137996",751,849,664,628,573,821,604,685,812,865,1119
"ENSG00000138002",628.00001,704,1319,1050,1361,1344,1350,721,863,925,1015
"ENSG00000138018",542,437,336,398,322,295,344,213,265,245,338
"ENSG00000138028",102.99999,97,45,39,61,27,31,37,130,132,104
"ENSG00000138029",1042,1199,3144,2840,2792,3516,2946,3499,4117,3431,4954
"ENSG00000138030",159,168,431,361,416,430,422,555,595,526,545
"ENSG00000138031",373.99999,239,119,118,101,70,89,116,137,383,183
"ENSG00000138032",1214.99999,1447,1973,2010,1590,1938,1757,1799,2306,2024,2523
"ENSG00000138035",1121,1036,1017,758,828,1099,941,823,1066,914,1229
"ENSG00000138036",1061.00001,1287,964,715,831,1040,822,1120,1178,990,1277
"ENSG00000138039",232,326.99999,35,10,41,18,28,5,22,21,9
"ENSG00000138050",796,776,285,202,259,273,245,223,256,295,426
"ENSG00000138061",1083,661,16774,23318,18986,23780,20015,32923,29620,28402,20491
"ENSG00000138069",2614.00001,2292,4539,4262,3784,5583,4474,5169,6229,5284,7842
"ENSG00000138071",1950,1607.99999,3641,3236,3476,3249,2811,2569,2755,2384,2782
"ENSG00000138073",470.00001,394.99999,2284,2086,2138,2850,1852,2645,3107,3195,4635
"ENSG00000138074",223,200,1601,2279,1405,1659,2021,2456,1879,1019,2220
"ENSG00000138078",1600.00001,2074,4401,3945,4589,3595,4133,2513,2848,3441,5564
"ENSG00000138079",325,191,76,56,71,97,78,44,57,49,103
"ENSG00000138080",25,72,117,73,76,75,47,40,136,392,247
"ENSG00000138081",3233,2527.00001,812,674,694,552,692,445,809,832,850
"ENSG00000138083",2589,1670,887,745,1042,508,725,805,821,1361,793
"ENSG00000138085",1502,1169,7443,5536,7234,8085,6345,10147,10517,8282,9597
"ENSG00000138092",224,83,101,127,98,118,85,74,113,122,59
"ENSG00000138095",4797.99998,3115,2258,1881,2359,2006,2132,1296,1647,1937,2333
"ENSG00000138101",2985,2075,459,426,546,457,509,427,438,582,498
"ENSG00000138107",1090,825,3900,3704,3216,3559,3394,3120,3341,3563,3381
"ENSG00000138111",220,218,226,160,167,257,130,240,276,413,424
"ENSG00000138119",272,362,492,792,775,591,777,384,656,539,840
"ENSG00000138131",60,58,66,88,84,100,72,28,45,77,23
"ENSG00000138134",110.99999,270,85,88,89,111,93,51,85,141,103
"ENSG00000138138",1427,1858.00001,2049,1966,2291,2135,1910,1610,1989,1919,2186
"ENSG00000138160",611,279,121,125,102,107,126,102,95,121,110
"ENSG00000138162",533.00001,839,492,767,556,424,712,267,384,326,314
"ENSG00000138166",728,665,49,31,31,36,34,24,19,106,78
"ENSG00000138172",16,36,117,95,147,108,130,134,157,149,73
"ENSG00000138175",2495,2491,1698,1059,1386,1822,1196,2034,2230,2069,1795
"ENSG00000138180",134,69,22,25,15,24,23,26,10,36,6
"ENSG00000138182",807.00001,700,173,152,138,138,130,180,188,137,134
"ENSG00000138185",126,201,356,402,309,458,331,372,391,549,542
"ENSG00000138190",1608.99999,1972.00001,235,186,196,272,190,244,301,165,243
"ENSG00000138193",2384,3544.00001,1010,1320,667,740,667,837,663,874,818
"ENSG00000138207",127,179,251,23,133,158,149,143,109,122,45
"ENSG00000138231",311,243.99999,446,404,461,471,481,436,499,556,597
"ENSG00000138246",988,1038,541,483,504,384,393,338,318,333,438
"ENSG00000138279",988,870,2977,2786,2785,3427,2851,3465,4307,3657,4609
"ENSG00000138286",797,579.00001,423,277,279,330,274,293,283,237,352
"ENSG00000138303",2547.00001,1665.00001,931,729,824,939,689,842,910,1047,1185
"ENSG00000138311",112,159,94,200,168,185,201,149,211,242,274
"ENSG00000138316",19,61,19,25,8,28,22,17,38,111,97
"ENSG00000138326",13972.00001,8630.00002,3232,2588,3178,3292,3137,3421,3146,2338,2570
"ENSG00000138336",973,754,1000,731,1023,1285,1140,729,688,487,493
"ENSG00000138346",352,276,68,36,56,48,41,40,23,21,41
"ENSG00000138347",177.99998,259.00001,13,6,30,11,36,15,10,13,30
"ENSG00000138356",101,224,10,20,11,20,41,19,21,0,50
"ENSG00000138363",456,537,1624,1420,1441,1467,1404,1805,2175,1722,2208
"ENSG00000138375",719.00001,957,801,757,760,965,843,697,585,855,724
"ENSG00000138376",760.99999,829,288,278,422,307,370,245,269,252,359
"ENSG00000138378",253.99999,425,85,48,97,109,106,40,67,63,38
"ENSG00000138379",16,42,10,8,5,10,9,5,21,25,27
"ENSG00000138380",594.99999,1101,354,363,463,298,372,238,307,257,254
"ENSG00000138381",815,966,1326,1073,1219,1391,1199,1160,1374,1474,1954
"ENSG00000138382",590,564.99999,1177,957,1316,1341,1081,1361,1490,1160,1505
"ENSG00000138385",2976,2486.99999,1545,1294,1351,1960,1360,1885,2122,1835,2333
"ENSG00000138386",636.00001,906,754,550,780,588,579,401,601,816,687
"ENSG00000138395",116,194,45,21,42,53,47,21,48,33,56
"ENSG00000138398",4973.99998,3490.99998,1513,1244,1487,1932,1524,1705,1800,1675,2074
"ENSG00000138399",553,648,350,217,305,379,270,241,244,288,278
"ENSG00000138400",159,154,317,141,165,274,142,331,336,378,217
"ENSG00000138411",1114,1576,80,135,92,84,144,47,44,81,76
"ENSG00000138413",710,767,2751,3016,2294,3280,2691,3499,3229,1757,3250
"ENSG00000138430",3146,1946,1556,1199,1373,1517,1203,1597,1520,1546,1520
"ENSG00000138433",1066.00001,903,493,364,474,565,358,577,625,573,592
"ENSG00000138434",917.00001,960,1990,2629,2155,2234,3036,1367,1715,889,1739
"ENSG00000138435",28,73,115,99,57,294,174,191,157,71,145
"ENSG00000138439",401,483,665,539,678,417,627,297,358,505,480
"ENSG00000138442",377,561,702,598,614,794,779,581,698,580,1157
"ENSG00000138443",3485,2934.99998,3663,3266,3478,2336,3204,1818,2136,2068,2304
"ENSG00000138448",1840.99999,2336.00001,3070,5724,1527,1838,2419,1995,2043,1469,2587
"ENSG00000138449",434,587,1340,1515,1204,1436,1344,1595,850,757,1565
"ENSG00000138459",588,542,1235,1048,1071,1227,1039,996,1147,1218,1304
"ENSG00000138463",712,837,469,496,363,422,288,408,785,584,930
"ENSG00000138468",2339,1450,522,317,416,434,390,278,302,318,317
"ENSG00000138472",1412,1980,1323,62,618,1755,707,396,999,1242,311
"ENSG00000138495",1054,1314,659,592,516,1089,586,1148,1127,627,773
"ENSG00000138496",640,527.99999,642,715,667,743,750,594,647,1017,922
"ENSG00000138592",2623.00001,2657,1470,1304,1348,1492,1420,1238,1671,1506,2224
"ENSG00000138593",1332.00001,1557,556,583,588,744,560,797,815,510,729
"ENSG00000138594",1235,927,1114,1155,1111,1092,859,813,942,1267,880
"ENSG00000138600",1469.00001,1035,931,931,625,794,651,822,1342,914,1124
"ENSG00000138604",642,752,1284,792,1416,1010,1213,572,933,1048,878
"ENSG00000138606",638,644.00001,140,98,87,90,127,72,39,120,75
"ENSG00000138613",317,336,732,560,730,670,732,377,486,542,784
"ENSG00000138614",890,760.99999,1065,1107,1086,1347,1155,1209,1417,1521,2090
"ENSG00000138617",319.99999,289,617,469,704,594,686,497,501,453,531
"ENSG00000138621",205,259,207,181,162,278,171,414,397,328,334
"ENSG00000138623",318.99999,512,46,26,39,82,34,37,45,71,72
"ENSG00000138629",520.00001,498.99999,1725,1769,1618,2554,1580,2815,2785,2628,2381
"ENSG00000138639",241,325.99999,805,789,1080,900,1088,919,1049,733,616
"ENSG00000138640",1521,1941.00001,1971,2059,1843,2475,2775,1933,1960,1049,1810
"ENSG00000138641",678,1142.99999,908,646,872,1359,1192,756,1086,1394,1178
"ENSG00000138642",114,269,117,157,142,134,199,102,142,154,107
"ENSG00000138646",80,248,116,220,174,227,196,131,165,226,512
"ENSG00000138650",1100,567,402,584,580,340,353,314,238,411,362
"ENSG00000138653",148,126,45,45,31,39,33,19,82,46,36
"ENSG00000138658",639.99999,527,126,104,139,190,113,94,75,89,80
"ENSG00000138660",425,376.99999,594,554,630,613,628,554,729,581,1087
"ENSG00000138663",1298,1185.99999,1692,1211,1413,2033,1330,2016,2406,2433,2813
"ENSG00000138668",4763.00001,3724,2115,1834,1690,1969,1122,2150,3600,3322,3199
"ENSG00000138669",133.00001,463,24,84,72,24,23,28,31,25,14
"ENSG00000138670",1036,1108.99998,1085,696,1427,1272,1204,1039,1130,1245,1538
"ENSG00000138674",3589.99999,2956.00002,6440,5629,7297,5906,6624,4534,5428,6083,8317
"ENSG00000138678",45,102,102,116,53,168,168,151,46,80,107
"ENSG00000138685",446,571,211,213,176,168,250,145,171,111,213
"ENSG00000138686",804,1031,698,642,781,855,641,598,600,698,757
"ENSG00000138688",5155.99999,5475,1760,1425,1713,1217,1500,876,983,903,922
"ENSG00000138696",2052,1436,2912,3516,2926,2217,2190,2298,2228,3186,1715
"ENSG00000138698",2388,4038.00001,1449,1029,1265,1384,949,1068,1258,1481,1322
"ENSG00000138709",2237,2273.00001,261,214,237,242,323,215,256,217,404
"ENSG00000138722",71,40,925,677,492,598,553,347,1160,518,470
"ENSG00000138735",1767.99999,1146.00001,268,351,349,384,417,175,251,175,215
"ENSG00000138738",849.00001,929.99999,150,127,113,164,123,117,121,181,206
"ENSG00000138741",126,236,78,41,27,47,38,31,80,115,74
"ENSG00000138744",258.00001,368.00001,236,262,296,281,236,360,317,225,259
"ENSG00000138750",916.99999,1620.00002,996,663,881,959,812,897,1136,1088,1363
"ENSG00000138756",735,730.00001,278,128,329,138,191,119,156,226,221
"ENSG00000138757",2115.00002,1769,3934,3886,4066,3590,4407,2758,3392,3692,5095
"ENSG00000138758",2916.00001,2052,3824,3307,2939,3656,2917,2863,3125,4237,4639
"ENSG00000138759",840.00001,854.99999,722,521,875,439,694,247,442,317,274
"ENSG00000138760",2842.99997,3179.99999,11818,9383,11622,8596,8159,5905,8456,9726,9051
"ENSG00000138764",976,945,652,504,518,415,439,329,415,453,344
"ENSG00000138767",1784,1684,302,253,310,207,247,172,220,295,290
"ENSG00000138768",1536,1230,1918,1668,1888,1829,1695,1478,1684,1612,2203
"ENSG00000138769",207,513,373,320,467,295,369,232,217,185,422
"ENSG00000138771",1463,4011.00001,896,750,725,491,610,351,447,767,543
"ENSG00000138772",83,162,71,74,87,46,56,59,44,30,59
"ENSG00000138777",1784.00001,1733.99999,1859,1562,1712,1978,1562,1952,2103,1849,2202
"ENSG00000138778",576,400,40,27,28,33,36,60,30,14,17
"ENSG00000138780",1096.00001,1199,339,218,294,264,314,265,252,140,178
"ENSG00000138785",460,468,657,576,647,842,712,832,826,997,1231
"ENSG00000138792",59,118,11,4,5,9,12,20,20,3,25
"ENSG00000138794",842,635,507,442,399,538,346,534,701,1071,686
"ENSG00000138795",404,397,142,111,111,124,105,119,248,339,357
"ENSG00000138796",807.00001,814,2158,1780,1896,2513,1941,2543,2573,2342,2402
"ENSG00000138798",1364,1460,379,384,400,410,509,240,266,490,364
"ENSG00000138801",1111,1163,2783,2214,2151,2797,2002,2709,2997,3269,3070
"ENSG00000138802",1884,1904,1546,1439,1461,1216,1094,771,1302,1550,1915
"ENSG00000138814",4446,1936.99999,482,505,329,355,228,371,524,976,704
"ENSG00000138821",566.99997,1094,540,604,551,623,592,502,599,580,1128
"ENSG00000138823",204,560.00001,93,79,91,126,72,45,110,165,149
"ENSG00000138829",2517,3311,1975,2426,3608,1076,2885,1016,581,699,460
"ENSG00000138834",1258.99999,1090,1239,1067,1665,464,1257,447,386,463,436
"ENSG00000138835",766.99999,903.00002,968,834,726,963,789,1005,931,1646,1642
"ENSG00000138867",541,363,1251,1463,1276,1238,1193,1018,1277,1585,2078
"ENSG00000138942",815.99999,778,2521,2386,2371,3166,2740,2376,2656,3384,4880
"ENSG00000138944",146,208,53,49,59,44,35,40,27,40,52
"ENSG00000139044",46,80,26,26,67,31,31,16,24,20,37
"ENSG00000139053",7335,12023,5147,662,3912,7293,3449,2767,2672,3741,931
"ENSG00000139055",19,71,11,31,5,1,1,9,11,122,0
"ENSG00000139083",962,398,592,347,382,370,335,266,446,613,617
"ENSG00000139112",1100,1585,1926,1874,2250,2031,2202,1700,2070,1923,2355
"ENSG00000139116",3231.00001,3585.99999,1813,1327,1601,1765,1443,1439,1705,1578,1858
"ENSG00000139117",410,365,191,377,281,289,262,182,370,95,227
"ENSG00000139131",184,239,297,310,278,378,367,389,427,374,505
"ENSG00000139132",3843,2260,1362,1067,1127,1127,1254,801,782,884,623
"ENSG00000139133",84,121,85,43,79,70,58,65,69,58,74
"ENSG00000139146",956.99999,772.00001,1940,1531,2209,1985,1900,1476,1642,1170,1273
"ENSG00000139154",1254.00001,1154.99999,480,381,469,372,410,366,626,592,918
"ENSG00000139155",186,234,55,4,0,67,0,27,24,150,138
"ENSG00000139160",172,339,230,129,154,157,155,132,152,201,222
"ENSG00000139163",1359,1409.99999,1047,855,1112,926,999,814,1074,970,1311
"ENSG00000139168",1403,1571.99999,1529,1211,1333,1786,1215,1818,2148,1761,1843
"ENSG00000139173",506,607,339,329,268,317,240,251,435,490,554
"ENSG00000139174",307,236,567,632,717,466,602,448,591,637,752
"ENSG00000139178",328,163.00001,149,155,176,134,158,128,191,160,166
"ENSG00000139180",1015,1265,1675,1304,1298,2170,1501,2099,2355,2067,2336
"ENSG00000139182",1516.00001,1483.00001,868,928,1102,373,891,291,207,277,340
"ENSG00000139187",186.00001,165.99999,57,45,45,80,61,84,80,96,70
"ENSG00000139190",50.99999,107,427,366,419,557,508,303,498,447,708
"ENSG00000139192",49,25,112,96,53,74,50,134,188,142,219
"ENSG00000139194",19,62,15,20,20,24,38,22,26,0,9
"ENSG00000139197",412,639,1718,1550,1754,1303,1693,1148,1002,864,1406
"ENSG00000139200",294,266,259,336,424,207,374,200,230,118,217
"ENSG00000139209",133,410,80,105,36,98,86,61,49,28,4
"ENSG00000139211",136,82,309,397,277,458,257,328,396,1090,826
"ENSG00000139218",1951.99999,1980.00002,2437,1969,2338,2255,2454,1634,2091,1987,2058
"ENSG00000139219",2236,751,9812,4328,12650,4836,7415,5417,4809,7519,3304
"ENSG00000139220",7599,10842.99999,523,276,394,719,427,273,250,339,174
"ENSG00000139233",518,396,563,465,455,642,477,689,782,618,857
"ENSG00000139263",118,195,473,613,742,544,716,360,555,497,813
"ENSG00000139266",554,747,114,79,150,140,110,106,138,170,147
"ENSG00000139269",18,28,17,25,40,23,17,29,11,11,5
"ENSG00000139278",53,111,36,16,25,26,6,25,32,87,63
"ENSG00000139289",2083,1886,2503,1532,2319,1627,1569,1313,2221,4249,3049
"ENSG00000139291",303,328.00001,1117,959,846,833,875,823,1086,808,931
"ENSG00000139292",174,189,176,78,178,139,132,123,79,123,83
"ENSG00000139318",249,249,254,185,143,184,131,205,375,429,417
"ENSG00000139323",614.99999,637.00001,508,344,492,444,383,349,340,388,484
"ENSG00000139324",750,791,491,515,470,406,453,341,454,524,774
"ENSG00000139329",61,221,65,24,52,57,65,38,324,20,35
"ENSG00000139343",1136.00001,915,566,479,487,589,418,700,801,587,768
"ENSG00000139350",588.99999,647,1012,999,1098,999,1018,831,826,892,975
"ENSG00000139351",222,109,54,38,30,38,45,33,38,11,16
"ENSG00000139352",210,111,345,369,175,238,138,226,207,355,272
"ENSG00000139354",402,246,141,106,126,106,132,82,91,113,68
"ENSG00000139364",601,270,152,123,85,170,85,178,141,253,53
"ENSG00000139372",794,724,646,497,579,733,636,566,784,759,964
"ENSG00000139405",194,187,928,947,1044,1210,1029,1333,1479,1160,1307
"ENSG00000139410",136,125,239,276,183,261,222,294,393,410,299
"ENSG00000139428",419.99999,440,841,773,860,1118,959,1130,1349,1194,1287
"ENSG00000139433",730,543.00001,899,831,861,758,766,985,1202,1251,1522
"ENSG00000139436",745.99999,728,1586,1396,1331,1475,1539,1133,1270,1333,1577
"ENSG00000139437",444,408,277,297,301,348,381,269,316,324,392
"ENSG00000139438",994,1087,85,38,71,39,69,54,76,95,42
"ENSG00000139445",69,67,53,5,19,2,32,8,11,3,10
"ENSG00000139496",1475.99999,1476.00001,1098,973,1213,1061,1276,652,806,952,1290
"ENSG00000139505",518,651,878,898,858,891,864,573,625,729,1184
"ENSG00000139508",249.99999,502,796,1266,955,1150,1228,820,1228,738,1220
"ENSG00000139514",627,705,499,581,537,237,346,298,266,245,519
"ENSG00000139517",478,638,449,437,437,310,359,199,286,290,503
"ENSG00000139531",409.00001,268,1619,1409,1532,2014,1476,1806,2270,2364,2709
"ENSG00000139537",320,138,124,46,44,65,42,69,100,151,153
"ENSG00000139540",215,224,190,18,71,156,92,71,81,97,38
"ENSG00000139546",285,308.99999,724,618,612,872,630,992,1002,912,879
"ENSG00000139579",442,433,420,271,354,210,316,243,252,198,215
"ENSG00000139597",268.99999,212.00001,299,271,537,397,555,337,270,278,252
"ENSG00000139613",2497.99999,2037.00001,2706,2180,2675,1430,2011,1578,1368,1179,1293
"ENSG00000139618",653,506,53,65,59,55,62,71,51,58,53
"ENSG00000139620",880,674.00001,1436,1023,1259,1540,1338,1498,1618,1705,1816
"ENSG00000139624",1061.00001,828.99999,2232,2025,1888,2494,2209,2375,2970,2669,2787
"ENSG00000139625",602.00001,530,725,635,910,616,829,349,421,475,553
"ENSG00000139626",53,21.99999,9,4,13,23,7,17,34,13,43
"ENSG00000139631",633.00001,389.00001,374,276,389,428,470,339,422,335,455
"ENSG00000139636",360,366.99999,1196,960,1415,1469,1500,971,878,1155,1096
"ENSG00000139637",364,353,956,864,929,1284,991,1526,1568,1516,1664
"ENSG00000139641",427,227,2976,3008,3530,3429,3850,2369,2561,3661,4706
"ENSG00000139644",3577,3412,33887,27907,31800,39227,31119,36443,46392,44968,53115
"ENSG00000139645",528,471,1919,1847,1653,1743,1583,1376,1631,1891,2672
"ENSG00000139651",364,339,228,147,238,135,163,133,154,138,105
"ENSG00000139668",1044,997,760,623,615,677,639,408,529,590,837
"ENSG00000139679",695,337,164,150,196,292,133,158,200,322,232
"ENSG00000139684",1523,1480,3104,2264,2810,3204,2580,3608,4310,2974,3370
"ENSG00000139687",944,1281.00001,1467,1729,1485,1210,1109,805,971,1170,1603
"ENSG00000139697",2116.99999,1809,2402,2191,2616,2192,2571,2004,2533,2400,2961
"ENSG00000139714",47,67,74,56,60,76,70,84,68,116,73
"ENSG00000139718",725,663,129,105,136,118,128,57,118,100,88
"ENSG00000139719",685.99999,564,1088,933,933,1078,855,819,1029,1154,1494
"ENSG00000139722",738,468,500,458,559,214,559,286,293,252,275
"ENSG00000139725",50,59.99999,95,99,71,91,90,85,80,90,73
"ENSG00000139726",1186,945,1650,1567,1584,1638,1356,1537,1670,1523,1925
"ENSG00000139734",611,1077,184,105,98,130,122,165,162,141,53
"ENSG00000139737",1934,1313,166,192,102,170,72,127,202,353,248
"ENSG00000139746",3140.99999,3341.00001,397,282,294,263,282,249,309,294,359
"ENSG00000139767",2781,3313,239,163,206,186,216,127,89,135,56
"ENSG00000139793",4917,4870,1349,1256,1900,1105,1756,770,910,993,1265
"ENSG00000139800",457,258,666,200,609,301,391,294,503,531,367
"ENSG00000139826",356,430,652,555,690,749,711,651,774,724,894
"ENSG00000139832",50,38,122,130,66,176,131,144,209,111,95
"ENSG00000139835",98,198.99999,208,154,199,235,194,223,325,223,246
"ENSG00000139842",1755.99999,1460.00001,1285,1182,971,1071,1002,750,1258,1726,2287
"ENSG00000139880",115,71,69,60,47,24,24,35,53,116,24
"ENSG00000139890",99,70,159,117,234,193,193,160,111,135,116
"ENSG00000139910",795,565.00001,284,193,147,285,186,175,162,288,350
"ENSG00000139915",533,1187,88,125,24,81,46,85,83,219,97
"ENSG00000139921",1371,1035,1541,1239,1242,1557,1057,1365,1634,1467,1923
"ENSG00000139926",384,467,691,601,789,499,729,300,439,752,442
"ENSG00000139946",1292,3848,286,262,234,204,240,156,248,244,418
"ENSG00000139970",1006,1586,1694,1218,1085,1206,508,1307,1930,4693,1750
"ENSG00000139971",521.99999,356,1126,1378,1112,980,710,1126,1298,1612,1377
"ENSG00000139973",231.99999,416,34,46,27,21,27,1,18,50,28
"ENSG00000139974",1205,1463,432,468,367,485,428,640,533,396,759
"ENSG00000139977",623,508,611,641,645,514,590,344,418,469,580
"ENSG00000139988",443,971,296,39,223,621,227,163,246,407,159
"ENSG00000139990",1450.99998,1110.99999,2392,2323,2410,2135,2274,1704,1836,1920,2251
"ENSG00000139998",362,200,131,127,62,79,119,99,69,178,95
"ENSG00000140006",303,298,447,368,472,390,434,336,507,345,457
"ENSG00000140009",391,627,69,44,49,40,44,24,20,16,75
"ENSG00000140015",67,323,9,33,10,12,21,2,11,27,22
"ENSG00000140022",2151,1261.99999,3533,3180,3826,2765,3375,2693,2683,3517,2543
"ENSG00000140025",357,414,202,139,178,169,142,237,238,179,215
"ENSG00000140043",298,315.99999,841,635,718,846,688,688,800,769,1132
"ENSG00000140044",312,452,179,107,231,146,201,171,215,196,266
"ENSG00000140057",42,173,143,76,118,121,85,104,97,120,120
"ENSG00000140067",18,25,50,15,1,62,0,18,55,246,300
"ENSG00000140090",530,1241.00001,313,85,198,219,224,106,152,389,273
"ENSG00000140092",135.00001,151,689,746,177,646,410,1187,919,539,935
"ENSG00000140093",147,170,16,6,19,13,21,4,9,4,16
"ENSG00000140104",236,200,658,440,482,624,539,700,714,786,1062
"ENSG00000140105",1348.99999,1832.99999,4372,4290,2561,4053,2285,3968,4661,5891,10649
"ENSG00000140153",1477.99999,724.99999,650,604,649,666,580,734,839,785,815
"ENSG00000140157",1234,1144.00001,1469,1402,1275,1538,1202,1488,1921,1987,2621
"ENSG00000140199",2665.00001,3542,624,428,739,338,569,201,228,312,186
"ENSG00000140254",66,43,23,30,45,22,43,22,24,56,91
"ENSG00000140259",855,759,1502,1277,1416,2009,1513,1890,1901,1838,2185
"ENSG00000140262",10462,7320,3212,2628,2906,3114,2653,2491,2310,2969,2689
"ENSG00000140263",306,219,399,375,357,395,392,386,360,285,288
"ENSG00000140264",5691.00001,4055,9833,9096,8353,13304,9164,17114,16597,12944,13324
"ENSG00000140265",374,452,567,478,427,353,534,306,268,335,463
"ENSG00000140279",19,31.00001,75,63,85,69,97,55,52,81,138
"ENSG00000140280",218,143,31,38,18,19,13,38,101,234,203
"ENSG00000140284",71,163,283,260,303,287,315,329,435,111,356
"ENSG00000140285",35,66,163,100,157,118,154,72,117,96,67
"ENSG00000140299",1176,1381.99999,1625,1675,1668,1652,1597,1448,2076,1844,2798
"ENSG00000140307",984,997,1648,1490,1275,1948,1097,1991,2604,1831,2395
"ENSG00000140319",7691,6532,11394,10783,9468,15312,10092,17020,18828,13204,14103
"ENSG00000140320",566.00001,427.99999,255,206,345,101,307,96,123,159,121
"ENSG00000140323",130,126,175,96,108,99,96,120,168,287,262
"ENSG00000140326",448,217,278,298,197,190,213,164,271,346,381
"ENSG00000140332",1528.00001,1156.99999,647,493,475,289,517,345,455,599,581
"ENSG00000140350",2589,2239,586,449,684,229,543,219,176,140,189
"ENSG00000140365",503,504.00001,552,468,421,716,415,871,917,674,682
"ENSG00000140367",1656,1867.99999,578,437,374,312,289,349,770,1077,921
"ENSG00000140368",55,92,26,6,23,18,25,12,13,95,25
"ENSG00000140374",1232.00001,2072.00001,1671,1387,1405,2142,1469,2209,2045,1757,1999
"ENSG00000140382",1133,889,1857,1660,2119,1906,1817,1504,1651,1615,1979
"ENSG00000140386",5644.00001,8487,1469,1038,1419,2009,1505,1378,1272,1452,1702
"ENSG00000140391",4433,3966,21356,16295,19714,21437,15602,21500,26024,26300,24251
"ENSG00000140395",1144.99998,973,1552,1246,1177,2008,1205,2238,2561,2465,2332
"ENSG00000140396",1710.99999,1890,981,842,992,634,855,465,441,502,424
"ENSG00000140398",168,264,454,330,396,467,403,492,586,528,372
"ENSG00000140400",614.99999,422.99999,1903,1920,1956,1915,2031,1477,1662,1842,2038
"ENSG00000140403",24,32,36,25,50,39,43,20,19,43,69
"ENSG00000140406",235,229,32,20,10,4,10,8,17,20,12
"ENSG00000140416",1384.00001,1747.00001,3816,3108,3793,5593,5269,4072,4536,3411,3892
"ENSG00000140443",4716,3455,1355,1670,1803,951,1765,753,840,850,1196
"ENSG00000140450",690,509,236,206,75,100,45,90,275,996,1156
"ENSG00000140451",73,25,33,23,17,12,17,19,25,43,18
"ENSG00000140455",1826,1844,1248,1232,1359,1247,1220,1117,1048,1195,1262
"ENSG00000140463",1629,1511,1806,1226,1270,1948,1372,1864,1985,1829,2039
"ENSG00000140464",356.00001,324.00001,513,383,745,215,666,261,259,325,279
"ENSG00000140470",225,319,64,38,70,61,78,27,43,81,70
"ENSG00000140471",370,431,319,250,317,325,230,268,362,299,420
"ENSG00000140474",491.00001,519.99998,1762,1586,1476,2302,1602,1738,2582,2408,2171
"ENSG00000140479",641.00001,432.00001,192,107,101,148,140,137,157,185,172
"ENSG00000140481",152.00001,183,355,514,578,527,716,626,407,246,211
"ENSG00000140488",287,927,416,253,320,417,286,468,329,339,276
"ENSG00000140497",555,336.99999,1358,1442,1424,1584,1640,1840,2134,1508,2275
"ENSG00000140511",66,82,34,57,81,91,66,35,45,88,27
"ENSG00000140519",117,87,26,29,10,46,37,16,110,25,79
"ENSG00000140521",406.99999,386,851,972,1020,822,955,440,645,588,859
"ENSG00000140522",1852,1649,2998,3278,820,4230,2431,6270,6184,2211,4870
"ENSG00000140525",1362.99998,1046,417,532,398,609,662,277,201,459,257
"ENSG00000140526",745,898,1559,1492,1059,712,1121,809,695,617,744
"ENSG00000140527",110,224,70,36,40,43,42,77,58,75,32
"ENSG00000140534",140,203,40,37,34,44,34,21,11,11,31
"ENSG00000140538",289,361,58,31,13,72,32,21,68,81,59
"ENSG00000140543",624,546,360,238,294,243,352,242,255,243,169
"ENSG00000140545",802.99999,1089.00001,616,703,622,444,639,320,228,159,174
"ENSG00000140548",274,177,133,73,107,71,88,67,58,75,114
"ENSG00000140553",408,378.00001,2672,2897,3300,3050,3311,2570,2689,2599,2909
"ENSG00000140557",195,143,379,907,310,493,363,328,435,517,321
"ENSG00000140563",108,168,14,51,14,30,43,22,5,8,22
"ENSG00000140564",385,418,453,309,389,257,325,237,336,354,319
"ENSG00000140575",1088,700.00001,2091,2767,2595,1867,2164,1434,1594,1983,2055
"ENSG00000140577",732,686,713,694,727,352,543,322,503,529,591
"ENSG00000140598",582.00001,1288.99999,716,746,807,896,702,706,727,879,1013
"ENSG00000140600",183,236,120,114,70,94,46,58,155,268,163
"ENSG00000140612",1643,1119,1466,1118,1261,1557,1184,1833,2002,1496,1708
"ENSG00000140632",1194,1332.99999,1344,1272,1296,781,1198,617,587,564,689
"ENSG00000140650",347.00001,418.99999,330,273,388,254,388,269,274,224,441
"ENSG00000140675",60,48,27,6,14,8,17,7,29,6,33
"ENSG00000140682",193.99999,176,458,623,611,509,749,490,394,278,514
"ENSG00000140688",686,545.00001,1825,1468,2241,1656,2176,1530,1647,1705,2203
"ENSG00000140691",352,185,695,526,820,590,674,472,534,742,630
"ENSG00000140694",3280.99998,2255.00001,1389,1239,1178,1605,1179,1375,1608,1458,2103
"ENSG00000140718",3460.99999,4662,3832,3862,3674,4158,3487,2919,2995,4222,4146
"ENSG00000140740",1464,1501,3929,3242,3844,4691,3911,4717,4904,4462,5083
"ENSG00000140743",496,466.00001,333,440,227,266,310,319,539,383,778
"ENSG00000140750",1028.99998,824,738,665,806,329,662,399,340,413,453
"ENSG00000140795",36,55,74,51,52,59,72,34,34,27,63
"ENSG00000140807",107,126,140,49,137,59,108,82,102,104,85
"ENSG00000140829",504,573,947,852,998,1057,1038,727,1010,1430,1689
"ENSG00000140830",173,240,292,227,191,291,271,230,348,508,890
"ENSG00000140832",25,34,154,135,127,121,163,147,349,210,202
"ENSG00000140836",1269,958,770,501,760,440,650,345,457,322,305
"ENSG00000140839",51,16,506,442,311,481,300,625,517,1449,488
"ENSG00000140848",293,191,120,153,103,78,86,132,260,807,805
"ENSG00000140853",181,211.00001,81,158,105,69,136,66,75,118,179
"ENSG00000140854",421,288,910,880,660,1012,671,899,919,1119,943
"ENSG00000140859",1228,1629.00001,472,362,418,329,340,181,238,556,396
"ENSG00000140873",718,369,558,310,441,314,434,182,245,298,198
"ENSG00000140876",94.99999,88.00001,237,278,190,299,227,345,340,231,257
"ENSG00000140905",213.99999,200.00001,994,985,862,1068,782,1362,1891,1375,1692
"ENSG00000140931",587.00001,296,715,660,430,397,325,449,808,1123,933
"ENSG00000140937",1887,1266,1264,1701,1033,1267,1136,945,729,1202,613
"ENSG00000140939",968,1372,2200,2287,2702,3173,3637,2349,3604,4371,8274
"ENSG00000140941",1487,2223,6374,5804,6239,7107,4789,6984,8589,8741,11440
"ENSG00000140943",1073.99999,1274,6010,5378,6660,5943,6036,4178,4815,5764,5935
"ENSG00000140945",91,380,71,110,145,105,285,133,78,86,78
"ENSG00000140948",970,1095.00001,240,183,239,163,237,160,216,178,274
"ENSG00000140950",602,636,1056,744,933,1152,980,787,947,1215,977
"ENSG00000140961",72.99999,56,229,307,289,336,396,324,546,597,1993
"ENSG00000140983",1015.99998,854.00001,2735,2236,2498,3201,2838,2547,2752,3267,3223
"ENSG00000140986",15,20,43,29,15,55,39,111,67,18,38
"ENSG00000140987",251.00001,263.99999,772,642,752,790,856,672,804,899,882
"ENSG00000140988",9394.00002,6438.99999,17436,12786,18759,16719,16403,21225,22494,21662,19507
"ENSG00000140990",1538,1496,2376,2064,2133,2794,2190,3721,3625,2921,3277
"ENSG00000140992",714,618,1462,1371,1584,1103,1456,1094,1265,1133,1291
"ENSG00000140993",190.00001,162,346,438,457,504,389,390,342,446,515
"ENSG00000140995",522.00002,607.99999,1843,1960,2218,2333,2197,2054,2113,2626,3261
"ENSG00000141002",2018.00002,1486,3272,2949,3272,3653,3351,4018,4069,4276,4627
"ENSG00000141012",240.00001,274,822,809,760,1008,707,848,957,1157,1300
"ENSG00000141013",373.99999,137.00001,521,407,487,573,485,453,576,612,941
"ENSG00000141026",294,242,1226,1141,1126,1550,1323,1275,1448,1516,1351
"ENSG00000141027",8422,6592,3445,2780,3099,4072,3421,3565,4062,3687,4018
"ENSG00000141030",1171.00001,1239.99999,1559,1319,1383,1898,1222,1915,2465,2390,3510
"ENSG00000141034",187,151,230,195,228,205,233,108,160,126,180
"ENSG00000141040",273,311,690,599,679,702,645,540,507,525,578
"ENSG00000141052",66,135,791,470,1395,719,1286,445,711,143,383
"ENSG00000141068",1218,1023.99999,335,273,259,141,281,155,119,173,150
"ENSG00000141076",839,565,1697,1347,1495,1616,1449,1787,2015,2005,2969
"ENSG00000141084",741.99999,411,642,733,712,593,722,436,470,358,397
"ENSG00000141086",50,16,34,29,31,23,30,21,23,11,20
"ENSG00000141098",398,358,1153,1006,1124,1209,1199,1113,1445,1430,1715
"ENSG00000141101",359,400,741,581,844,871,913,851,939,713,989
"ENSG00000141127",1433,2594.00002,977,814,932,850,905,810,786,812,853
"ENSG00000141161",47,74,47,94,43,149,149,78,52,15,29
"ENSG00000141179",289,297,195,204,220,254,254,214,295,306,279
"ENSG00000141198",476,477,1049,923,929,1186,1025,1047,1256,843,1096
"ENSG00000141219",623.99999,547,1074,957,1059,1087,1016,826,921,970,1275
"ENSG00000141232",879,717.99999,1192,913,1156,741,1189,748,2566,2016,3072
"ENSG00000141252",2426.00001,2710.99999,1425,1300,1631,1215,1572,1027,1090,1334,1665
"ENSG00000141258",730.99999,674.00001,601,499,450,442,570,456,584,827,795
"ENSG00000141279",2787.00002,2543,3796,3434,3456,3551,3463,2912,2472,2507,3008
"ENSG00000141293",86,195,17,0,3,54,4,11,11,4,68
"ENSG00000141294",63.00001,58,110,72,75,129,74,128,103,98,68
"ENSG00000141295",325,335.99999,1635,1454,2047,2189,1822,2291,2733,2339,2497
"ENSG00000141298",1079,1306,456,336,389,261,403,165,209,224,259
"ENSG00000141314",1758,1321.99999,174,100,107,176,95,119,91,258,72
"ENSG00000141337",621,626,642,469,446,602,631,417,715,676,790
"ENSG00000141338",298,421.99999,54,14,18,59,6,20,56,94,151
"ENSG00000141349",871,599.00002,2821,2768,2689,2842,2633,3621,3666,3368,3069
"ENSG00000141367",3195.00001,3032.00002,10142,10530,11315,8058,9730,4825,4968,7334,9873
"ENSG00000141376",1659,2769.99999,1069,912,1146,1182,1144,834,1001,1163,827
"ENSG00000141378",261,255.00001,307,254,277,378,357,384,407,415,760
"ENSG00000141380",1741.99999,1317.00002,2586,2469,2441,2417,2044,1995,2911,3205,3642
"ENSG00000141384",105,227,85,77,143,67,138,59,172,78,204
"ENSG00000141385",1267.99999,1322.99999,867,1110,584,669,476,639,1292,1698,2318
"ENSG00000141391",262,364,48,36,76,18,66,19,12,16,6
"ENSG00000141401",228.99999,197.00001,524,418,481,514,402,757,582,748,581
"ENSG00000141404",356,478,275,239,212,198,163,165,299,339,227
"ENSG00000141424",1228,1220,4164,3573,3668,4211,3662,3727,4231,3708,4742
"ENSG00000141425",1874,1550,1363,1247,1236,1094,1245,747,836,901,1097
"ENSG00000141428",271,287,154,142,166,183,162,192,222,145,254
"ENSG00000141429",1998,1910.99999,681,670,489,497,514,622,679,555,665
"ENSG00000141431",828.00001,600.99999,84,62,56,48,57,59,79,69,74
"ENSG00000141441",1081,1381,215,186,172,145,217,116,151,295,208
"ENSG00000141446",991.00001,863,531,364,432,472,489,348,476,354,517
"ENSG00000141447",1978,2365.00001,2023,2465,1973,2150,1969,2368,2857,1440,2334
"ENSG00000141449",641.99999,853.99999,504,303,449,336,455,149,153,194,106
"ENSG00000141452",685,694,579,602,517,605,490,668,988,1055,1436
"ENSG00000141456",1252.99999,1257,439,377,534,289,490,300,273,135,385
"ENSG00000141458",569,576,1075,1239,1123,1113,1513,740,874,907,1469
"ENSG00000141480",429,303.99999,79,79,103,29,109,26,23,24,33
"ENSG00000141485",26,31,45,36,35,35,32,14,43,44,30
"ENSG00000141499",151,136.99999,406,342,337,560,287,479,499,592,482
"ENSG00000141503",901.99999,854.99999,508,365,555,173,457,159,104,143,121
"ENSG00000141504",1178.99999,1569,1641,1441,1893,1909,1991,1717,1586,1440,1936
"ENSG00000141505",293,207.00001,138,56,146,159,121,126,86,149,99
"ENSG00000141510",1266.00002,866.00001,261,259,224,181,254,211,274,267,358
"ENSG00000141519",471.99999,395.99999,396,231,225,321,218,241,255,357,255
"ENSG00000141522",1195.99999,750,661,563,637,200,567,392,377,323,453
"ENSG00000141524",169.00001,235.99999,302,250,244,281,368,224,295,150,268
"ENSG00000141526",720,581,1129,874,652,369,949,439,755,281,626
"ENSG00000141527",234.00003,274,64,39,61,63,72,32,51,26,162
"ENSG00000141540",1186.00001,682,909,1070,830,551,858,575,318,656,495
"ENSG00000141542",315.00001,220,295,351,328,315,278,332,547,778,587
"ENSG00000141543",850.00001,652,3133,2383,2766,3707,2849,3845,4297,4762,6761
"ENSG00000141551",985.00001,930.00001,4327,3691,4691,3455,4386,3067,2820,3442,3619
"ENSG00000141552",2471.00001,1908,2546,1858,2043,3327,2034,4132,3890,3624,3627
"ENSG00000141556",1838.99998,1999.99999,2021,1928,1609,2073,1332,1530,1792,2544,2392
"ENSG00000141560",460,362,1174,1163,1027,1477,1100,1462,1699,1608,1507
"ENSG00000141562",857,665.00001,3182,2571,2914,3885,3613,3241,2948,2917,3871
"ENSG00000141564",1298.00001,2332.00001,297,304,325,262,326,139,185,185,190
"ENSG00000141568",998,792,454,422,434,440,442,330,421,499,612
"ENSG00000141569",170,157,176,120,81,89,52,81,152,291,287
"ENSG00000141570",225,237,139,85,140,126,112,93,105,144,103
"ENSG00000141576",911,1433.99999,733,418,711,695,659,571,521,859,601
"ENSG00000141577",238,245.00001,363,310,414,324,304,234,259,306,231
"ENSG00000141580",1097.99999,1155.99999,2943,2584,2972,3870,3456,2664,3321,3705,5531
"ENSG00000141582",552,741,74,56,74,22,56,36,37,61,67
"ENSG00000141622",1407,1111,596,244,459,395,448,280,290,266,305
"ENSG00000141627",1896.00001,2087.99999,1707,1461,1855,1758,1747,1458,1551,1657,2260
"ENSG00000141639",1276,1238,141,171,86,53,50,67,167,419,403
"ENSG00000141642",335,238,552,444,435,557,397,606,636,787,592
"ENSG00000141644",711,750,1572,1678,1704,1832,1883,1467,1567,1736,2474
"ENSG00000141646",1486.99999,1301,927,722,845,617,693,518,831,1216,1483
"ENSG00000141664",702.00001,597,129,61,91,66,88,60,91,78,84
"ENSG00000141665",89,206,242,139,159,164,182,179,193,196,261
"ENSG00000141668",113.99999,66.99999,60,57,33,26,31,58,67,179,50
"ENSG00000141682",158,127,312,253,174,276,219,276,284,395,599
"ENSG00000141696",627.99999,463,1562,1333,1562,1023,842,1235,2155,2544,2576
"ENSG00000141698",866.99998,791.00001,1767,1432,1488,1864,1386,2066,2386,2303,2500
"ENSG00000141699",732,923,3686,3202,4122,3629,3765,2313,2927,2994,3055
"ENSG00000141736",598,555,2074,1940,2379,1118,1803,910,883,1306,1216
"ENSG00000141738",28.00001,30,40,86,26,49,38,103,71,14,57
"ENSG00000141741",719,738,1543,1442,1231,2113,1334,2474,2600,2272,2582
"ENSG00000141744",23,23,27,27,33,27,17,75,76,75,53
"ENSG00000141748",32,46,6,2,12,2,21,23,7,2,11
"ENSG00000141750",1882,1020,686,515,677,326,542,225,440,814,503
"ENSG00000141753",201,145,692,636,630,583,745,436,950,2079,2712
"ENSG00000141756",1463,618,1641,1481,2356,500,1735,550,421,351,421
"ENSG00000141759",1415.00001,1297.00002,1288,1184,1024,828,851,831,953,888,1071
"ENSG00000141837",1163,979.00001,127,29,55,62,59,40,47,70,66
"ENSG00000141854",81,106,100,66,90,78,72,83,106,170,129
"ENSG00000141858",547,460,37,59,54,27,45,30,44,56,53
"ENSG00000141867",3444,3277,624,517,621,390,639,421,410,587,613
"ENSG00000141873",287,277.99999,909,905,770,1177,767,1594,1990,1436,1856
"ENSG00000141905",3895.00001,2112.99999,1116,902,1321,1023,1410,1298,2007,1457,1495
"ENSG00000141933",574,407,200,162,223,168,234,139,140,513,541
"ENSG00000141934",32,46,89,58,47,71,86,99,114,78,115
"ENSG00000141956",351,189.99999,187,209,178,168,244,95,88,186,209
"ENSG00000141959",1937,1703.00001,8021,7595,7012,8714,7998,6586,6686,8601,10333
"ENSG00000141965",406,334,388,346,369,420,467,388,448,488,654
"ENSG00000141971",369.99999,336,682,710,775,652,738,843,727,691,601
"ENSG00000141985",1542,775,483,414,412,183,315,239,299,370,374
"ENSG00000141994",196,191.99999,473,419,358,544,529,719,773,759,823
"ENSG00000142002",728,853.00001,698,695,725,763,746,565,674,825,1087
"ENSG00000142039",618,446,793,697,797,601,812,725,672,611,724
"ENSG00000142046",298,229.99999,154,92,111,135,113,172,124,129,156
"ENSG00000142065",417,465,399,303,525,323,416,223,169,137,201
"ENSG00000142082",387,384.99999,931,749,979,1001,1042,1058,1067,1087,974
"ENSG00000142089",3727.00001,3555,10669,10271,11242,12332,10604,15643,19127,25957,14600
"ENSG00000142102",129,109,433,414,501,496,508,399,390,535,393
"ENSG00000142149",512,449,447,233,636,232,446,257,458,215,265
"ENSG00000142156",868.99999,645,5722,4946,7327,3795,5996,3145,2853,3370,2540
"ENSG00000142166",835,1045.99999,1752,1684,1675,1611,1597,1182,1357,1619,1613
"ENSG00000142168",3868.00001,3545,7988,6871,7856,9261,7395,10884,11244,8330,9105
"ENSG00000142173",386,295,3486,3170,4188,2236,3549,1545,1505,2155,1854
"ENSG00000142186",815,640.00001,2102,2075,2408,2002,2315,2001,2414,2336,3080
"ENSG00000142188",1400,1266,2646,2057,2282,2750,2115,2604,3143,2862,3460
"ENSG00000142192",7205.00001,4508,8473,9040,9800,3985,9504,2986,1748,1245,1363
"ENSG00000142197",466,480,343,310,321,204,391,168,116,200,165
"ENSG00000142207",323,277,505,554,493,301,499,187,215,413,351
"ENSG00000142208",1466.99998,1031,589,454,520,481,565,435,659,884,642
"ENSG00000142227",895,436,1357,1249,1618,1431,1449,1845,1447,1506,1422
"ENSG00000142230",1507.00001,1408.99999,2223,2322,2269,2993,2379,3188,3197,3418,4505
"ENSG00000142233",57,56,13,18,13,7,13,4,22,29,45
"ENSG00000142235",245,304,31,19,18,7,15,18,15,7,18
"ENSG00000142252",259.00001,203,614,439,460,790,480,842,836,642,769
"ENSG00000142279",189,149,117,76,140,84,132,45,68,69,64
"ENSG00000142303",500,265,414,298,386,160,320,240,260,302,152
"ENSG00000142327",244,211,120,155,146,76,150,127,148,225,231
"ENSG00000142330",393,362.00001,521,562,475,414,421,356,352,486,490
"ENSG00000142347",303,164,37,47,54,29,38,34,28,12,30
"ENSG00000142396",621,700,1166,813,892,1348,844,1487,1724,1605,1986
"ENSG00000142408",334,440,251,104,205,146,121,134,201,251,230
"ENSG00000142409",525,505,16,35,19,8,22,8,12,19,7
"ENSG00000142444",275,319,454,432,378,532,410,592,736,639,866
"ENSG00000142449",300,255,190,128,289,163,241,156,116,70,81
"ENSG00000142453",1133.99999,981.00001,143,73,131,36,105,37,30,37,31
"ENSG00000142459",563.99999,358,180,153,118,49,80,47,62,66,75
"ENSG00000142494",78,162,713,1138,683,1059,990,1034,1196,694,1173
"ENSG00000142507",1714,1661.00001,3562,3360,3025,5329,2937,6151,7038,5759,6006
"ENSG00000142528",290,277,688,633,659,588,741,430,419,774,892
"ENSG00000142530",151,134,98,76,80,126,89,141,147,127,116
"ENSG00000142534",18463.99999,13673,10591,7782,10887,10020,10558,13240,10533,8062,8472
"ENSG00000142538",378,379,103,99,115,130,70,119,102,166,41
"ENSG00000142541",5952,3519.00001,17049,11186,17231,15769,17034,18510,16972,12392,11537
"ENSG00000142546",513.00001,517,1602,1377,1540,2138,1523,2367,2394,2211,2552
"ENSG00000142549",236,171,146,98,92,25,105,43,36,18,12
"ENSG00000142552",83,81,112,67,113,57,111,83,68,171,186
"ENSG00000142556",156,191,655,563,825,580,780,390,491,569,859
"ENSG00000142583",88,50,77,66,65,144,92,50,129,130,93
"ENSG00000142599",9672.00001,5403.00001,922,768,906,594,920,566,645,527,425
"ENSG00000142606",19.99999,63,45,37,23,36,34,58,128,153,105
"ENSG00000142609",56,161,28,24,39,32,24,34,9,18,33
"ENSG00000142611",340.99999,244,399,422,209,239,408,384,262,88,197
"ENSG00000142621",83,204.99999,38,24,23,22,6,23,36,28,44
"ENSG00000142627",425,445,710,658,815,546,859,352,488,1113,739
"ENSG00000142632",71.99999,86,155,71,141,179,143,157,186,195,175
"ENSG00000142634",316,311,413,240,205,135,110,156,472,524,492
"ENSG00000142655",443,485,125,109,193,90,159,96,82,72,66
"ENSG00000142657",1126,1071,5150,4455,4609,5368,4142,5926,7063,6362,6440
"ENSG00000142661",24,33,24,30,23,43,97,5,14,13,38
"ENSG00000142669",1971,1431,4034,3822,2511,4764,2691,7737,5898,5305,4857
"ENSG00000142675",39.99999,75,28,38,13,35,12,43,18,22,19
"ENSG00000142676",17374.00001,12402,5092,3614,5228,4312,4728,5320,4228,3111,3010
"ENSG00000142684",354,305,372,238,311,454,383,550,580,492,499
"ENSG00000142686",126,123,1575,1656,2999,1745,1583,1916,2342,1976,1671
"ENSG00000142687",2690,3603,3546,3197,3490,3696,3469,2891,3231,3919,3565
"ENSG00000142694",127,72,78,73,50,50,42,79,161,190,90
"ENSG00000142731",231,256,86,65,93,72,62,68,55,67,114
"ENSG00000142733",84,146,136,159,81,97,113,86,166,282,380
"ENSG00000142751",310,350,508,464,459,617,565,644,707,661,866
"ENSG00000142765",47,36.00001,128,119,115,100,98,96,97,82,109
"ENSG00000142784",1282,1840.00001,336,277,412,107,289,107,89,101,65
"ENSG00000142794",215.99999,352.99999,439,430,569,538,626,387,451,519,661
"ENSG00000142798",131,133,721,638,793,327,955,252,338,349,268
"ENSG00000142856",536.99999,752,247,184,262,235,290,233,232,206,300
"ENSG00000142864",3982.99999,3418,3355,2842,3017,3264,2974,3109,3314,3045,3583
"ENSG00000142867",327,237,370,350,375,426,404,368,504,551,634
"ENSG00000142871",212,245,465,645,656,602,802,497,1570,3723,4823
"ENSG00000142875",1898,3958.99998,1837,1592,1659,1343,1287,907,988,1160,1277
"ENSG00000142892",441,581,854,766,765,1030,783,818,1016,657,875
"ENSG00000142920",292.99999,886.00001,605,408,458,671,534,444,618,792,633
"ENSG00000142937",27608,21539,6406,4332,6756,4684,5684,5905,5220,3665,3695
"ENSG00000142945",228,173,181,161,127,192,190,194,130,184,127
"ENSG00000142949",3651,2365,5608,4323,5341,2312,4436,1992,2096,3607,2883
"ENSG00000142961",107,63,314,279,265,283,305,228,381,793,563
"ENSG00000143013",2686,1539,504,465,712,393,554,462,489,338,437
"ENSG00000143028",24,16,51,64,22,51,46,41,59,34,97
"ENSG00000143033",1920.00001,1271,1532,1108,1391,1648,1291,1429,1505,1294,1309
"ENSG00000143036",271.00001,465.99999,399,374,300,388,343,464,405,264,537
"ENSG00000143061",314,180,996,959,851,546,796,406,539,740,554
"ENSG00000143067",40,54,41,27,29,14,26,19,11,10,9
"ENSG00000143079",830,762,851,861,894,876,928,505,677,746,723
"ENSG00000143093",603.00001,451,1277,1265,1046,1352,1086,1167,1255,1673,1540
"ENSG00000143106",1013,1222,1260,1016,1124,1492,1065,1622,1756,1421,1915
"ENSG00000143110",72,165,15,12,19,33,14,3,17,6,16
"ENSG00000143119",24,42,3,121,3,43,36,5,52,1,32
"ENSG00000143126",347,389,1041,1015,942,592,984,504,539,783,534
"ENSG00000143127",37,59,14,12,21,44,21,14,31,38,27
"ENSG00000143147",470.00001,235,462,471,333,328,355,426,444,406,343
"ENSG00000143149",717,664,3914,3663,2820,4116,3175,4538,4808,4443,4284
"ENSG00000143153",1532,1428,1847,1614,1167,1120,1336,1562,1302,615,1308
"ENSG00000143155",921,740,729,637,741,886,622,817,939,976,881
"ENSG00000143156",1306.00001,1500.99998,970,741,882,1069,683,1094,1244,1263,1268
"ENSG00000143157",677,893,1266,1199,1333,1322,1371,892,1007,1252,1458
"ENSG00000143158",979,1068,1195,931,1065,1506,1021,1493,1672,1687,1836
"ENSG00000143162",831,1689,1572,1638,1168,1271,666,1190,3045,3458,4220
"ENSG00000143164",1894,1603.00001,659,628,570,433,532,321,478,316,468
"ENSG00000143167",29,43,52,70,68,67,118,61,48,5,18
"ENSG00000143171",987.00001,1024.99999,1717,504,1467,1026,996,1187,553,662,264
"ENSG00000143178",47,89,58,41,105,45,71,27,33,88,99
"ENSG00000143179",243,185,613,647,534,626,549,478,605,751,653
"ENSG00000143183",2003,1512.99999,2550,2074,2002,2813,1788,3199,3738,3254,3883
"ENSG00000143190",4677.99999,3565,604,460,678,783,691,582,707,730,610
"ENSG00000143194",369,605.00001,68,40,40,59,44,67,87,137,112
"ENSG00000143195",2420,1566.00001,549,591,375,348,359,268,294,562,369
"ENSG00000143198",1628.99999,1465,2480,2061,2006,2583,1960,3337,3111,2978,2843
"ENSG00000143207",4193.00001,5366,699,778,340,416,181,509,1089,1735,1911
"ENSG00000143222",1102,921,1424,1269,1209,1900,1229,2021,2280,2152,1938
"ENSG00000143224",334,326.00001,778,643,682,1062,761,1014,1091,1043,888
"ENSG00000143226",24.00001,35,17,19,6,32,41,30,18,12,26
"ENSG00000143228",187,233,41,31,25,36,27,50,25,21,40
"ENSG00000143248",131,166,513,734,655,594,663,436,663,517,398
"ENSG00000143252",763,739.00001,2555,2129,2107,3144,1984,3269,3986,3581,2450
"ENSG00000143256",795,761,620,575,559,886,596,951,989,943,1107
"ENSG00000143257",39,486,10,8,18,19,29,7,6,19,14
"ENSG00000143258",273,218.99999,840,638,933,647,918,585,535,597,525
"ENSG00000143294",1180,906.00001,1110,905,1036,956,1137,848,883,988,1188
"ENSG00000143303",261,234,740,484,889,442,767,453,555,476,598
"ENSG00000143314",543,476,867,745,667,1189,691,1228,1370,1287,1360
"ENSG00000143315",767,776,2050,1701,1969,2274,1926,2091,2269,2344,2202
"ENSG00000143318",99,67,209,145,198,216,159,266,231,378,168
"ENSG00000143319",738,648,1064,850,1085,1100,1119,951,1079,961,1432
"ENSG00000143320",2153,697,2595,1188,2799,1654,2116,1997,1591,1320,1189
"ENSG00000143321",2016,1717,914,692,872,666,838,690,977,1031,1086
"ENSG00000143322",767.99999,789.00001,388,255,371,235,375,286,364,320,461
"ENSG00000143324",1555,1779,3287,2761,2796,2201,2200,1517,1237,1209,1562
"ENSG00000143333",1699,1105,2520,4043,1881,3278,2072,3497,4144,17935,11723
"ENSG00000143337",710,496.00001,2412,2311,2620,2440,2476,2078,2451,2419,3771
"ENSG00000143341",198,363,118,159,80,65,99,78,52,51,35
"ENSG00000143344",1104,1048,1716,2462,1691,1682,1634,1052,1577,2244,2217
"ENSG00000143353",754.00001,886.00001,1082,853,934,1140,960,1057,1285,856,1128
"ENSG00000143355",424,300.99999,452,394,438,322,496,466,760,657,307
"ENSG00000143363",345.99999,253.00001,1431,1264,1650,1580,1560,1268,1546,1827,1685
"ENSG00000143365",62,74,87,98,59,117,96,145,127,11,106
"ENSG00000143367",141,133,598,625,809,661,884,544,643,555,756
"ENSG00000143368",809,723,1079,840,813,820,837,1011,980,914,1140
"ENSG00000143369",29,40,95,60,34,48,26,41,40,167,30
"ENSG00000143373",492,448.00001,234,139,248,121,263,113,89,72,103
"ENSG00000143374",412.99999,413.99999,1210,1099,1169,1219,1241,1296,1294,1408,1556
"ENSG00000143375",297,249.99999,897,767,747,893,1144,347,385,848,603
"ENSG00000143376",1007.00001,1074,2254,2264,2238,2093,2484,1770,2033,2519,3712
"ENSG00000143379",1073,969.00001,807,666,955,711,904,468,459,553,657
"ENSG00000143382",96,54.99999,85,45,75,46,105,32,26,41,29
"ENSG00000143384",1274.99999,1487,1487,1338,1335,1238,1162,839,2515,6428,8319
"ENSG00000143387",136.99999,128,395,671,270,581,635,1152,1379,297,916
"ENSG00000143390",328.99999,255,1350,1271,1457,1421,1367,1124,1475,1695,1525
"ENSG00000143393",1112,831,3000,2941,3239,3238,2892,2488,2860,3958,4872
"ENSG00000143398",2011,1460.99999,1674,1432,2016,1238,1925,856,877,850,1425
"ENSG00000143401",3331.00001,2416.99999,1706,1460,1607,1445,1442,1212,1782,2114,2518
"ENSG00000143409",174.99999,166.00001,871,633,751,942,775,807,819,920,653
"ENSG00000143412",49,75,46,53,50,54,62,45,94,35,62
"ENSG00000143416",253.99999,147.00001,2334,2203,2164,3031,2302,4129,5808,4567,4321
"ENSG00000143418",689.99999,407.99999,2407,2700,2272,2783,2472,3077,3760,3240,3988
"ENSG00000143420",2644.00001,2198,1840,1315,1494,1601,1267,1572,1472,1619,1647
"ENSG00000143434",450,255.99999,98,93,99,12,63,49,33,26,25
"ENSG00000143436",556,591,904,772,864,1117,780,1315,1399,1289,1454
"ENSG00000143437",1242,976,1615,1407,1839,1386,1902,1071,975,1092,1273
"ENSG00000143442",3542.99999,2723.00001,1886,1772,2093,1071,2105,1041,1059,884,858
"ENSG00000143443",98,99,414,377,379,407,363,532,579,448,438
"ENSG00000143450",45,47,17,24,13,35,6,14,15,15,24
"ENSG00000143457",410,507,823,765,796,720,874,687,696,632,1054
"ENSG00000143458",451.99999,379,391,235,282,377,284,299,362,302,406
"ENSG00000143469",755.00001,1372,83,158,86,137,75,100,104,64,146
"ENSG00000143473",373,315,81,31,97,66,74,56,56,34,34
"ENSG00000143476",331,131,133,201,77,79,66,146,71,132,105
"ENSG00000143479",193,171,438,266,357,320,342,249,262,430,646
"ENSG00000143486",405,385,1092,1051,1286,1298,1172,1189,1219,1171,1333
"ENSG00000143493",986,612,692,587,616,496,532,460,505,629,945
"ENSG00000143494",166,135.99999,69,65,103,73,66,56,37,63,61
"ENSG00000143498",262,339.00001,117,108,98,105,129,115,141,99,117
"ENSG00000143499",561,535,327,440,190,484,283,374,515,712,731
"ENSG00000143502",91,285,237,185,182,254,177,157,259,614,488
"ENSG00000143507",452,590,695,575,626,615,564,636,630,1607,899
"ENSG00000143514",836,1204.00001,1049,1009,841,662,600,539,713,1329,1320
"ENSG00000143515",411,393,343,344,425,208,329,126,169,255,151
"ENSG00000143537",392.99999,488,1311,1726,1210,1229,1243,1285,1399,1107,1622
"ENSG00000143543",1403,1475.99999,2991,2519,2587,4131,2661,4795,4802,4046,5183
"ENSG00000143545",1062.99999,608,850,679,850,707,737,765,909,1147,804
"ENSG00000143549",1869.99999,1506,3132,2557,2147,3159,2304,3805,4056,4881,4831
"ENSG00000143553",755.00001,587,1999,1497,1843,2468,1689,2465,2656,2655,2576
"ENSG00000143554",64,60.99999,225,236,341,283,303,264,239,247,331
"ENSG00000143569",2400,1741.00002,3434,3221,3958,2584,3640,2106,2427,2711,3626
"ENSG00000143570",666.00001,508.99999,2818,2791,3051,3275,3251,3502,4334,4577,5670
"ENSG00000143575",1090.99998,1268,2147,1864,2041,2980,1861,3366,3426,3078,5038
"ENSG00000143578",149,153,369,309,359,366,431,436,472,423,517
"ENSG00000143590",98,128,246,187,347,115,232,117,108,74,145
"ENSG00000143603",135,197,313,294,274,392,238,305,244,374,305
"ENSG00000143612",1885.99999,2137,4401,3669,4198,5361,4290,5082,6185,5985,8110
"ENSG00000143614",1908,1507,635,526,635,310,658,444,412,409,453
"ENSG00000143621",1803.00001,1290,5289,4182,4176,6061,4040,6612,7870,7526,9206
"ENSG00000143622",581,386,1046,781,966,1178,890,1045,1008,945,1172
"ENSG00000143624",625,609,1962,1484,1703,1595,1723,1026,1013,1496,1588
"ENSG00000143630",92,110,318,218,340,220,257,220,155,216,140
"ENSG00000143633",379.00001,413,251,191,207,306,222,271,352,363,356
"ENSG00000143641",967,825,2403,2458,2330,1375,2030,1363,1323,1184,1400
"ENSG00000143643",517.99999,387.99999,301,353,299,368,162,230,413,534,594
"ENSG00000143653",1002,863,2313,1888,2131,2511,1951,2604,2819,2899,3027
"ENSG00000143669",2537,3559.99998,944,662,1021,700,852,447,437,497,520
"ENSG00000143674",32,90,36,40,73,31,95,18,62,35,70
"ENSG00000143702",1538.99999,1689,1453,1429,1426,1465,1572,1156,965,1016,1208
"ENSG00000143727",1950,1653.00001,3645,2782,3415,3734,3152,4089,5155,4118,5450
"ENSG00000143740",721.00001,688.00002,2205,1842,2008,2602,1926,2702,3137,3117,3272
"ENSG00000143742",3261,2038.99999,7999,5901,7099,7551,5244,7777,10420,8698,10047
"ENSG00000143748",1583,1938,538,461,399,581,458,536,684,615,782
"ENSG00000143751",377,343,727,730,918,860,866,476,742,879,1626
"ENSG00000143753",841,668,3496,3291,3582,3746,3201,3844,5814,3757,6012
"ENSG00000143756",520,495.00001,590,698,595,677,747,492,628,620,773
"ENSG00000143761",2470.99999,2203.99999,11381,9487,13228,14121,12342,13879,15819,14821,19579
"ENSG00000143768",143,51,571,656,214,597,161,1034,972,1567,764
"ENSG00000143771",763.00001,796,1709,1456,1358,1671,1424,1629,1728,1648,1891
"ENSG00000143772",188,92,266,350,218,259,280,258,357,275,420
"ENSG00000143774",4166.99999,4422,10586,5956,8038,12902,8166,11495,14590,16913,13597
"ENSG00000143776",5957,4604.99998,893,881,746,721,613,581,805,1012,1224
"ENSG00000143786",220,261.99999,253,168,342,192,205,231,385,180,525
"ENSG00000143793",802,755.99999,548,410,492,552,475,572,588,620,879
"ENSG00000143797",1349,1634,1428,1591,1237,1154,942,1069,1455,1620,1691
"ENSG00000143799",3326,3106.99999,4661,3492,3871,5668,3981,3821,4139,5903,4449
"ENSG00000143801",328,758.99998,997,1018,856,1008,889,1175,1541,1134,1431
"ENSG00000143811",735.99999,731,1146,995,1106,617,1052,648,596,678,700
"ENSG00000143815",857,510.00001,1040,689,762,817,676,599,671,1068,947
"ENSG00000143819",403,403,153,123,201,22,133,27,33,44,39
"ENSG00000143842",128,56.99999,104,88,84,48,90,38,52,39,62
"ENSG00000143845",206,280,672,735,829,912,739,841,855,899,920
"ENSG00000143847",509.00001,720,864,599,811,566,1158,233,236,371,490
"ENSG00000143850",650.99999,893,702,949,936,604,902,512,535,491,537
"ENSG00000143858",154,45,23,11,18,16,18,18,13,38,27
"ENSG00000143862",732,684,91,97,92,14,56,25,18,4,37
"ENSG00000143869",38,34,28,34,14,9,32,8,10,37,6
"ENSG00000143870",2800.00001,2098,7902,7478,6172,8919,6713,9286,9327,8352,13255
"ENSG00000143878",794,706,396,352,299,122,188,134,279,427,470
"ENSG00000143882",442,173,430,1084,201,585,509,1250,1705,223,1166
"ENSG00000143889",1900,1193,1062,1278,1065,1061,850,844,1769,1201,1568
"ENSG00000143891",225,164,1076,2558,1356,2992,2094,1761,4000,952,2179
"ENSG00000143919",509.00001,830,756,420,722,654,506,821,778,719,596
"ENSG00000143924",2686.99999,1655.99999,1749,1409,1982,1208,1400,988,1191,1237,1316
"ENSG00000143933",7258.00001,5868.99999,22067,18490,18915,27346,17112,28800,37779,28473,29248
"ENSG00000143942",130,302,47,35,20,40,19,42,74,58,76
"ENSG00000143947",1743.99999,1468.99999,7573,5240,7957,6596,6837,8383,8160,6030,6292
"ENSG00000143951",1818.99998,1837,818,598,621,624,609,577,608,515,743
"ENSG00000143952",1845.00001,1824.99999,241,221,192,171,230,170,217,349,396
"ENSG00000143970",867,1037,307,214,269,137,258,123,169,135,132
"ENSG00000143971",256.99999,316,490,454,525,456,537,426,430,370,397
"ENSG00000143977",2632,2238.00001,2567,1684,1718,2394,1502,2628,3686,2770,2406
"ENSG00000143994",33.99999,32.00001,49,62,80,70,67,87,69,79,31
"ENSG00000143995",6022.99999,4587.99999,4771,4083,6081,4041,5275,3994,4978,3503,3908
"ENSG00000144021",1043,1008,3517,3428,3490,3764,3314,3173,3733,4004,4610
"ENSG00000144026",327,415,460,337,485,418,500,330,362,248,270
"ENSG00000144028",1860,1758,10002,9300,11313,8014,10808,4945,5848,9011,9486
"ENSG00000144029",1495.99999,1346.00001,1455,1232,1627,2107,1748,1650,1754,1748,2058
"ENSG00000144034",543,457.00001,295,212,219,365,183,398,373,314,390
"ENSG00000144036",2006.00001,2540,1083,1283,1230,955,883,605,589,991,731
"ENSG00000144040",1173.99999,674,869,808,810,854,544,528,583,2005,1277
"ENSG00000144043",605,612,1606,1674,1270,1121,966,1077,1541,1482,1915
"ENSG00000144048",565,508,719,532,709,836,601,826,908,756,914
"ENSG00000144057",133,111,213,166,286,211,160,181,143,109,83
"ENSG00000144061",566,672.99999,403,219,300,357,274,324,383,464,447
"ENSG00000144118",515,423.99999,873,703,648,909,669,876,985,1132,1064
"ENSG00000144120",190,308,599,548,584,674,472,720,756,591,411
"ENSG00000144134",492,361,659,572,607,719,662,615,650,611,801
"ENSG00000144136",920.99999,786,1954,1975,1470,2323,1945,1855,2744,3016,3117
"ENSG00000144152",348,303,43,98,52,35,51,26,56,44,30
"ENSG00000144161",418,529,298,202,213,241,255,221,215,254,388
"ENSG00000144182",171,156.99999,260,136,257,268,209,252,245,222,302
"ENSG00000144191",247,336,256,78,164,329,166,134,133,335,191
"ENSG00000144199",121,233,649,550,693,864,652,846,866,715,854
"ENSG00000144214",254,187,40,28,27,36,23,30,31,37,71
"ENSG00000144218",1067.00001,968,412,252,320,255,276,245,372,358,580
"ENSG00000144224",4152,4311,4155,3653,3799,4841,3764,4230,4635,4281,5077
"ENSG00000144228",637,465,356,254,418,162,380,133,160,170,258
"ENSG00000144229",240,259,171,613,134,300,216,213,145,373,66
"ENSG00000144231",740,511,1342,1117,1325,1263,1289,1148,1337,1263,1844
"ENSG00000144233",268,273.00001,483,499,442,390,443,276,332,435,583
"ENSG00000144278",1240.99999,2206.99999,117,147,120,91,99,118,131,201,65
"ENSG00000144283",2957,1746.99998,2875,2392,4705,1807,3549,1820,3033,1361,2050
"ENSG00000144285",211,759,118,42,32,103,16,19,38,80,162
"ENSG00000144290",1038.00001,2353.00001,148,188,150,246,188,103,83,207,121
"ENSG00000144306",423,802.99999,502,453,449,497,435,477,459,423,517
"ENSG00000144320",1523,1537,1571,1509,1726,1464,1630,841,1068,1232,1838
"ENSG00000144331",2865,4115,200,87,181,218,175,112,89,173,83
"ENSG00000144339",91,247,718,2494,1122,3813,2767,1932,2781,276,1838
"ENSG00000144354",169,55,174,77,92,98,93,153,113,207,74
"ENSG00000144357",2830.00001,3585,321,344,388,270,389,225,288,395,296
"ENSG00000144362",428,406,145,125,122,176,119,156,151,97,145
"ENSG00000144366",1019,946.00001,1247,969,866,1152,1089,943,1730,570,935
"ENSG00000144369",874,826,1122,724,1173,652,751,700,815,1176,1510
"ENSG00000144381",4380.00001,3690.99999,6869,6295,6164,7150,6121,8062,8015,6333,10483
"ENSG00000144395",180.99999,203,42,40,33,22,26,36,29,33,38
"ENSG00000144401",426.00001,468.99999,528,479,648,625,582,623,608,534,645
"ENSG00000144406",3768.99999,3630,417,321,355,314,338,287,282,396,246
"ENSG00000144407",76,147,17,3,45,55,25,19,14,69,24
"ENSG00000144426",1817,2487.00001,570,509,510,534,557,421,407,240,398
"ENSG00000144445",505,970,230,189,192,145,141,118,131,105,88
"ENSG00000144451",1432.99999,2325.99999,806,634,663,971,625,918,955,1028,947
"ENSG00000144455",1110.00001,640,1290,1405,1103,1688,1081,1736,2255,2140,2160
"ENSG00000144460",448,454,134,83,115,151,91,59,78,66,39
"ENSG00000144468",378.99999,461,633,560,718,525,618,491,483,656,957
"ENSG00000144476",204,277,3065,1409,3935,2934,2911,3079,3306,1695,2655
"ENSG00000144481",84,166,51,76,63,49,73,14,45,58,70
"ENSG00000144485",1261.99999,484,2009,2078,598,986,578,1874,1202,2939,898
"ENSG00000144488",45.99999,23,149,161,120,138,118,95,139,134,176
"ENSG00000144504",376,745,295,156,273,235,217,175,232,239,309
"ENSG00000144524",648,586,934,796,875,1060,917,1053,1002,1074,1014
"ENSG00000144535",2882.99999,1726.00001,657,525,637,665,651,524,540,434,486
"ENSG00000144550",69,102,30,31,30,27,17,44,30,32,33
"ENSG00000144554",483.00001,597,159,126,147,148,157,145,111,83,200
"ENSG00000144559",763.99999,1017.00001,427,329,464,517,492,552,483,477,474
"ENSG00000144560",3118.99999,2327,3732,2699,3299,2941,3242,3325,3422,2797,2942
"ENSG00000144566",1072,1090.99999,1793,1452,1804,1561,1515,1733,2183,2283,3181
"ENSG00000144567",710,750,1465,1405,1257,571,863,567,701,1049,1068
"ENSG00000144579",923,585,515,402,521,313,494,305,382,290,276
"ENSG00000144580",919,687.00001,935,724,986,801,955,894,973,1234,1475
"ENSG00000144583",56,28,40,36,19,13,23,17,30,34,7
"ENSG00000144589",265.00001,282.99999,744,525,707,886,774,502,574,868,934
"ENSG00000144591",275.00001,295.00001,832,558,699,975,668,947,1203,1065,1319
"ENSG00000144596",139,177,25,22,19,14,16,13,17,10,24
"ENSG00000144597",266,230,584,526,689,494,656,376,411,575,1119
"ENSG00000144619",1575,2302.00001,800,627,715,751,721,488,593,489,503
"ENSG00000144635",1171,1307.00001,797,776,784,1033,710,857,990,1132,1192
"ENSG00000144642",561,1190.00001,863,596,1131,630,852,701,937,541,743
"ENSG00000144645",689,732,578,611,393,418,294,438,538,435,745
"ENSG00000144647",301,387,1812,1732,1540,1691,1118,1683,2607,3467,3807
"ENSG00000144648",51,89,13,30,14,21,26,6,21,24,44
"ENSG00000144649",135.99999,72,1970,1304,1483,2036,1937,1269,1311,1383,1284
"ENSG00000144655",86,116,265,260,254,166,310,167,789,2000,2542
"ENSG00000144659",325,349.00001,1199,1121,1222,1560,1215,1587,1902,1827,2141
"ENSG00000144668",179,140,65,95,58,82,93,33,45,57,43
"ENSG00000144674",8108.99998,9307,2383,2572,3222,3229,3696,2655,2536,2060,3266
"ENSG00000144677",549.99999,520.00001,348,340,388,296,299,308,359,408,317
"ENSG00000144681",61,234,77,165,114,128,136,114,58,86,102
"ENSG00000144711",3588.99999,4625.00001,1804,1149,1724,996,1661,832,820,890,864
"ENSG00000144712",164,279,849,866,1080,850,932,581,600,824,908
"ENSG00000144713",19639.99999,13951,4747,3199,4261,4552,4877,5147,4133,3423,3520
"ENSG00000144724",1372.99999,1139,904,976,674,726,620,520,618,788,785
"ENSG00000144730",344,212,765,808,645,564,834,378,375,358,531
"ENSG00000144736",264,354,586,488,659,559,580,615,732,618,770
"ENSG00000144741",1125.00001,1406.00001,577,524,518,711,660,603,781,659,825
"ENSG00000144744",1580,1830.00001,1998,1506,1504,2143,1329,1879,2574,2468,2654
"ENSG00000144746",2124,2747,3556,2963,3714,4459,3221,4446,4656,4929,4216
"ENSG00000144747",1082,1461.99999,1270,1134,1474,1540,1614,1379,1414,1454,2253
"ENSG00000144749",1000,747,992,1094,466,567,482,491,932,2529,2596
"ENSG00000144771",17,44,41,18,31,57,58,33,35,46,21
"ENSG00000144791",629,279,769,788,419,482,547,496,404,284,539
"ENSG00000144792",591,422,452,459,415,304,440,338,342,435,369
"ENSG00000144802",385,456,197,198,220,139,132,86,543,2443,2933
"ENSG00000144810",646,639,2933,3049,1604,2686,2362,3236,2627,866,2466
"ENSG00000144815",968,2023,968,977,1157,759,1117,552,527,595,1056
"ENSG00000144821",341,616,176,152,210,198,155,209,263,177,152
"ENSG00000144824",198,353.99999,222,135,204,199,146,125,128,178,127
"ENSG00000144827",496,530,1510,1136,1516,1667,1384,1274,1469,1458,1585
"ENSG00000144834",368.99999,323.99999,564,416,414,627,389,637,619,913,307
"ENSG00000144837",34,150,74,121,42,136,74,284,219,34,146
"ENSG00000144840",610.99999,1308.99999,1720,1082,1236,1738,1146,1590,1837,1867,1914
"ENSG00000144843",40,34,69,47,29,84,45,67,86,47,153
"ENSG00000144847",1474,2273.99999,354,241,348,341,223,159,152,288,175
"ENSG00000144848",845.99999,1154,1063,940,960,1094,806,1059,1402,1482,1781
"ENSG00000144857",398.99999,295.99999,2863,2658,3352,2436,2890,1934,2304,2208,2567
"ENSG00000144867",923,2158,1339,1529,1282,1395,1121,1730,1856,1792,2842
"ENSG00000144868",3243.00001,6245.99999,813,550,947,780,667,567,619,521,427
"ENSG00000144893",2054,2089.99999,561,456,584,362,550,281,354,481,390
"ENSG00000144895",1089.99999,1041,1045,909,1084,1052,1024,958,1265,1281,1584
"ENSG00000144908",51,147,251,121,108,326,147,139,150,467,535
"ENSG00000144909",333,346,553,362,364,335,285,221,239,451,521
"ENSG00000144935",1832,1790.99999,156,176,190,158,124,69,110,175,229
"ENSG00000144959",107,295,785,660,1915,933,1145,644,709,812,1295
"ENSG00000145012",1977,2602.00001,1504,1325,1808,1261,1922,870,906,714,785
"ENSG00000145014",400.99998,397,80,48,79,60,45,61,50,99,169
"ENSG00000145016",1064.99999,911.00001,1534,1305,1316,1446,1397,1255,1429,1796,2156
"ENSG00000145020",297,315,716,488,978,809,690,654,1075,973,846
"ENSG00000145022",188,240,789,742,519,1039,574,1131,1198,1460,1273
"ENSG00000145029",120,125,909,745,765,987,682,938,978,1244,1190
"ENSG00000145041",1171,1346,1190,1090,1267,1081,1319,849,977,998,1203
"ENSG00000145050",795,484.99999,906,673,830,1035,789,1200,1123,716,1468
"ENSG00000145087",4369,4741.00001,338,116,201,225,172,139,136,194,93
"ENSG00000145088",246,217.00001,155,108,178,172,188,142,232,73,240
"ENSG00000145113",764.99999,1635.99998,16,10,25,10,23,21,24,31,19
"ENSG00000145147",2865,1803,2765,1708,2805,1550,1932,1469,1580,1474,1604
"ENSG00000145191",460.00001,466,1465,1334,1372,1868,1538,1559,1739,1959,1900
"ENSG00000145194",15,15.00001,5,12,4,1,1,0,1,23,28
"ENSG00000145198",29,64,20,32,30,10,32,21,62,70,90
"ENSG00000145214",307,186,148,115,129,97,90,92,132,188,119
"ENSG00000145216",6063,2817.00002,2008,1821,2302,2042,2141,1863,1989,1984,2242
"ENSG00000145217",67,26,75,58,42,26,35,47,34,46,48
"ENSG00000145220",297,395,94,104,103,110,128,137,167,228,263
"ENSG00000145241",1026,927,526,440,598,513,603,407,521,398,575
"ENSG00000145242",653,1299,311,384,306,300,321,167,126,125,170
"ENSG00000145246",437,499,644,743,695,598,885,364,416,582,592
"ENSG00000145247",916,1067,905,835,683,1091,715,1107,1080,1200,759
"ENSG00000145248",22,23,31,46,8,21,5,23,65,119,70
"ENSG00000145284",1371,1143,3928,3227,3078,3023,2511,2895,2832,3880,3046
"ENSG00000145293",853,901,1791,1437,1588,1988,1526,1661,2045,1815,2804
"ENSG00000145331",206,230,209,183,162,225,153,181,175,182,264
"ENSG00000145332",1854.00001,2331,2056,5122,2313,2950,1764,2443,2126,4835,2631
"ENSG00000145335",680.99999,443,2102,2366,2265,3218,2766,2844,4203,1565,2900
"ENSG00000145337",1511,1262,3670,3284,3260,4245,2694,4469,5696,4816,5939
"ENSG00000145348",2615.00001,1701.00001,1201,1143,1069,1306,1221,933,859,1201,974
"ENSG00000145349",9304.00001,17369.99999,1474,1330,1428,1131,1047,843,1046,1472,1234
"ENSG00000145354",806,1054,1250,1012,1049,1314,908,1354,1629,1206,1834
"ENSG00000145358",24,24,371,359,472,672,590,338,693,435,615
"ENSG00000145362",12160.99999,30664.00004,6123,4133,4495,4961,3771,2199,2669,4436,3817
"ENSG00000145365",118,86,244,200,268,249,248,195,247,311,329
"ENSG00000145375",899,845,150,195,157,148,155,117,166,145,150
"ENSG00000145386",269,54,152,113,72,212,170,160,94,116,42
"ENSG00000145388",788,741,766,683,782,763,823,832,888,832,1027
"ENSG00000145390",619,623,873,983,1107,871,1089,611,1063,579,853
"ENSG00000145391",499.00001,596,1290,1378,1590,986,1697,514,790,927,1146
"ENSG00000145414",391,641,83,83,84,83,72,62,89,74,106
"ENSG00000145416",2632,2663,780,869,727,803,683,574,519,626,415
"ENSG00000145423",6152,2256,14837,2934,9112,5607,5145,7963,23845,46271,9042
"ENSG00000145425",1223,1040,18856,10384,17888,14568,15380,14882,12976,9221,9088
"ENSG00000145428",370.00001,992,304,222,360,299,241,295,366,447,232
"ENSG00000145431",412,270,241,291,127,308,185,243,262,229,419
"ENSG00000145439",640.00001,538.00001,679,491,655,545,632,520,523,418,507
"ENSG00000145476",538,546,1100,1069,747,824,854,711,1067,852,1184
"ENSG00000145491",58,91,53,31,8,49,5,38,34,51,80
"ENSG00000145494",1625,1808,1055,890,906,1355,884,1695,1635,1289,1360
"ENSG00000145495",3169,2218,3686,2868,3797,2607,3401,2562,3051,3277,3947
"ENSG00000145506",55,101,43,37,18,9,27,11,13,58,20
"ENSG00000145526",227.00001,432,71,43,33,97,45,64,52,66,65
"ENSG00000145536",106,201.99999,122,286,71,105,63,104,296,105,99
"ENSG00000145545",499.99999,392,535,419,454,363,375,340,300,407,376
"ENSG00000145555",4181,3383,2736,3780,2462,2860,2845,2117,2025,3102,3056
"ENSG00000145569",71,68,161,74,80,149,88,89,145,144,186
"ENSG00000145592",14951.00001,11938,3628,2561,3548,3185,3530,3437,2900,2200,2276
"ENSG00000145604",566.00001,362.00001,717,487,605,510,560,510,484,525,610
"ENSG00000145623",139,133,176,317,253,121,174,86,133,312,212
"ENSG00000145632",433,425,1815,1472,2318,2490,2557,1052,1852,2201,2939
"ENSG00000145675",6212.00001,5508.00002,1726,1435,1388,1622,1131,1207,1345,1611,1391
"ENSG00000145685",600,415.99999,875,1210,970,777,857,639,777,775,839
"ENSG00000145687",8906.99999,8031.99999,4316,3791,4786,4540,3708,4566,4621,4356,3505
"ENSG00000145700",147,418,33,28,25,46,35,17,34,30,56
"ENSG00000145703",1584.99999,1504,1301,881,1242,848,839,913,1625,1091,897
"ENSG00000145708",25,60,143,25,464,26,110,174,670,175,136
"ENSG00000145715",1261,2568,682,517,856,419,531,378,414,361,344
"ENSG00000145721",250,219,724,748,487,688,426,597,1233,2505,1305
"ENSG00000145723",213,368,239,200,224,275,216,239,214,217,167
"ENSG00000145725",2284.99999,2592.00001,1121,943,1039,993,1016,695,655,735,949
"ENSG00000145730",4516.99999,4164,7140,7296,4991,5721,3665,3735,5730,11029,9292
"ENSG00000145734",3135,3325.99999,738,629,820,969,832,812,865,903,1051
"ENSG00000145736",169,196,486,456,479,555,413,512,606,390,720
"ENSG00000145740",758,706,1481,1469,1660,1487,1153,1300,1635,1334,2301
"ENSG00000145741",3282.99999,3465,3413,2592,3152,3671,3023,3992,4510,3406,3632
"ENSG00000145743",2948,2223,84,51,110,93,73,44,72,56,62
"ENSG00000145779",98,89,241,281,255,261,285,305,323,130,227
"ENSG00000145780",311,330,808,679,742,637,653,415,501,724,1248
"ENSG00000145781",824.99999,805.00001,724,484,550,849,453,791,894,779,913
"ENSG00000145782",902,783.00001,1094,913,1065,1036,994,925,889,807,1469
"ENSG00000145794",899,931,1110,908,711,688,460,414,606,1345,1164
"ENSG00000145808",1291,667,85,116,107,92,72,132,80,106,88
"ENSG00000145817",944,906,1454,1360,1670,1521,1435,1809,2146,1773,2500
"ENSG00000145819",1592,1372,381,176,238,225,236,144,238,339,357
"ENSG00000145824",144,461,880,917,1022,2032,2407,718,4038,1123,1184
"ENSG00000145832",67,120,118,49,19,121,67,36,150,350,224
"ENSG00000145833",2828,2464.99999,833,666,718,1050,642,1022,1304,1160,1072
"ENSG00000145860",2364.00001,2702.99999,1004,996,1059,615,605,530,580,716,642
"ENSG00000145864",337,487.99999,99,117,71,233,97,41,124,141,118
"ENSG00000145868",630,537,861,975,1085,826,900,600,859,917,1224
"ENSG00000145882",243,276,487,495,508,428,389,409,564,683,607
"ENSG00000145901",1192.00002,1171.99999,499,439,429,191,410,179,190,181,245
"ENSG00000145907",2484,1876,3746,3511,3390,3701,3490,3602,4562,4479,6199
"ENSG00000145911",88,112,102,77,97,92,85,44,97,62,41
"ENSG00000145912",1621,1135,1987,1490,1718,2484,1581,2764,2896,2984,2894
"ENSG00000145916",712.99999,755,1734,1730,1892,1797,1944,1588,1781,2005,2204
"ENSG00000145919",661,660,1007,667,853,529,742,537,578,554,619
"ENSG00000145920",212,136,210,138,369,47,180,80,51,136,19
"ENSG00000145934",1097.99999,1028.99999,623,454,470,409,492,250,334,165,231
"ENSG00000145949",68,167,23,26,17,3,25,22,31,44,39
"ENSG00000145979",482,354.00001,526,432,493,662,370,626,640,600,551
"ENSG00000145982",630.99999,616,369,427,319,506,333,477,502,385,456
"ENSG00000145990",64,84,114,113,45,123,81,92,153,269,359
"ENSG00000145996",1348,1240.99999,531,471,586,565,483,529,455,359,464
"ENSG00000146005",111,99,261,257,436,186,297,131,193,347,568
"ENSG00000146006",152,117,103,117,68,108,55,69,48,101,61
"ENSG00000146007",1034.99999,587,823,834,818,984,817,1061,993,785,1131
"ENSG00000146021",400,438.00001,947,1588,1027,1263,1622,1125,1010,468,612
"ENSG00000146038",142,142,59,40,50,52,79,64,33,46,108
"ENSG00000146054",37.99999,90.00001,26,23,44,27,60,20,37,45,51
"ENSG00000146063",385.00002,349.99999,79,58,82,61,82,71,52,57,81
"ENSG00000146066",1100,902,957,1105,830,1517,978,1690,1637,982,1314
"ENSG00000146067",725.99999,846,266,168,231,238,262,196,186,242,244
"ENSG00000146072",336,180,1837,1555,1804,1633,1424,1096,1438,2048,2153
"ENSG00000146083",532,505,125,96,84,39,96,81,98,56,71
"ENSG00000146085",539,588,1421,1388,1445,1436,1403,1256,1568,1467,2146
"ENSG00000146094",37,43,38,27,18,23,37,25,59,69,73
"ENSG00000146109",338,282,1224,916,1007,1544,1043,1632,1767,1892,1842
"ENSG00000146112",494,481.99999,114,78,124,53,99,82,64,106,92
"ENSG00000146122",181.00001,160,687,715,215,418,496,431,347,346,488
"ENSG00000146143",565.99999,667,122,86,58,85,76,78,110,99,78
"ENSG00000146147",120,381,19,25,9,35,24,29,25,14,37
"ENSG00000146151",133,186,114,198,85,124,139,147,131,261,124
"ENSG00000146197",324,307,300,278,231,322,235,131,206,302,142
"ENSG00000146205",264,139,93,87,78,100,110,106,86,51,112
"ENSG00000146216",221,267,31,19,11,14,12,12,14,21,15
"ENSG00000146221",63,36,103,108,108,72,103,44,13,40,69
"ENSG00000146223",1610.00001,1267,2489,1869,2155,2463,1931,2589,2996,3194,3278
"ENSG00000146232",148,146,309,301,256,281,229,326,560,945,1095
"ENSG00000146233",186,315,226,244,244,242,261,276,365,224,159
"ENSG00000146242",271.00001,103.00001,1400,963,609,1073,485,747,1722,2442,1728
"ENSG00000146243",702,622,297,179,312,260,256,223,233,149,213
"ENSG00000146247",6394,4611.99999,3233,2644,3575,3238,3325,2591,2907,2700,2773
"ENSG00000146250",1908,1406,2504,2039,2612,2904,1933,2355,2847,3393,2470
"ENSG00000146263",842,722,318,178,311,256,283,216,216,163,198
"ENSG00000146267",187,304,153,173,173,173,144,139,120,195,152
"ENSG00000146276",69,150,38,57,29,146,40,33,74,75,51
"ENSG00000146278",2379,1892.99999,1281,1164,855,614,526,889,2496,4160,3887
"ENSG00000146281",625,752,924,1106,988,856,805,630,847,548,885
"ENSG00000146282",3529.99997,1442.00002,1661,1429,1549,1729,1738,1800,1853,1509,2038
"ENSG00000146350",1072.00001,1973,262,214,286,249,281,129,188,131,194
"ENSG00000146352",106,218,39,114,81,39,76,29,29,29,17
"ENSG00000146373",518,632,182,149,211,166,217,131,183,147,258
"ENSG00000146376",904,587,592,499,389,606,402,690,757,1204,446
"ENSG00000146386",245,162,245,237,160,283,154,341,289,285,314
"ENSG00000146409",311,244,764,761,692,814,722,682,884,802,1069
"ENSG00000146411",108,115,1693,1508,1192,1170,1618,1681,1969,927,1540
"ENSG00000146414",1635,1379,1060,879,1117,1164,1191,887,1100,684,748
"ENSG00000146416",860.00001,1174,1466,1105,1300,1564,1156,1600,1947,1962,2100
"ENSG00000146425",1753,1452,3789,2782,2648,4056,2252,4614,4681,4577,4616
"ENSG00000146426",1349.00001,1198,362,271,306,358,266,278,235,323,202
"ENSG00000146433",1458,726,818,823,614,509,417,395,564,831,836
"ENSG00000146457",1626,1433,2013,1739,1644,1652,1328,2021,2815,2665,3517
"ENSG00000146463",1900,1849,2197,1987,1769,1668,1520,1490,1901,2061,2368
"ENSG00000146476",299,410,470,508,469,531,474,463,536,402,640
"ENSG00000146477",124,41,419,246,348,275,189,252,340,353,542
"ENSG00000146535",781,416,449,326,318,265,339,306,403,583,378
"ENSG00000146540",1683.99999,1249,2834,1954,2180,3167,2155,3879,4443,4534,3974
"ENSG00000146555",625.00001,468,558,406,575,295,484,247,330,404,329
"ENSG00000146574",431,203,1374,1073,1020,1083,909,1071,1212,1169,1628
"ENSG00000146576",360,331.00001,189,184,135,60,99,83,118,149,195
"ENSG00000146587",383,378,407,397,367,277,432,184,268,281,486
"ENSG00000146592",2346.00002,1704,790,968,539,830,466,707,495,1097,703
"ENSG00000146648",868.99999,517,2572,1794,2120,1231,2074,1345,2358,2123,1823
"ENSG00000146670",155,42,113,99,114,142,114,129,121,250,118
"ENSG00000146674",168,231,59,98,16,36,25,42,120,214,503
"ENSG00000146676",1027,1158,380,275,415,218,383,163,270,183,306
"ENSG00000146700",26,25,187,170,184,212,172,136,223,214,261
"ENSG00000146701",1419,1392.99999,4020,3473,3947,5317,4139,5545,6447,5341,6140
"ENSG00000146707",258,153,162,148,121,129,113,139,251,272,386
"ENSG00000146729",1912.99999,1177,1792,1526,1710,1988,1444,1639,2698,2169,2121
"ENSG00000146731",2569.99999,2512.99999,3212,3217,3012,3612,2774,4040,4493,4194,5682
"ENSG00000146733",519.00001,367,1164,995,1031,1169,895,1322,1501,1255,1721
"ENSG00000146757",267,253,335,259,254,321,278,290,338,305,469
"ENSG00000146776",449,338,111,119,126,143,163,138,118,67,91
"ENSG00000146802",614,491.00001,807,624,687,724,607,474,679,838,989
"ENSG00000146826",176.99999,170,73,52,55,21,38,32,63,66,52
"ENSG00000146828",235.99999,188.99999,215,195,142,91,171,111,91,102,74
"ENSG00000146830",1008,800,247,153,230,118,209,153,159,114,181
"ENSG00000146833",32,45,401,436,495,334,258,204,485,329,456
"ENSG00000146834",409.00001,323.00001,263,217,229,177,247,219,282,371,407
"ENSG00000146842",730,764,1414,1257,1313,1305,1242,1203,1597,1458,1881
"ENSG00000146856",485,461,96,62,76,59,59,88,79,78,70
"ENSG00000146858",115,65,65,160,110,101,74,93,97,81,65
"ENSG00000146859",183,16,261,320,341,200,266,186,158,144,343
"ENSG00000146872",2715.00001,3416,330,260,278,242,303,265,365,388,441
"ENSG00000146909",356,341,248,244,235,239,219,207,212,278,271
"ENSG00000146918",590.99999,474,242,340,315,198,272,191,164,167,207
"ENSG00000146938",2273.00001,1494,1306,1164,1181,1350,1174,619,819,1248,783
"ENSG00000146950",563,409,685,335,567,485,525,336,259,363,244
"ENSG00000146963",3397,3865,1676,1363,1722,1161,1387,984,1224,1238,1564
"ENSG00000146966",2573,1575.99999,473,480,395,429,477,421,402,484,458
"ENSG00000147003",216,95,169,204,56,148,136,333,300,50,206
"ENSG00000147010",2136.99999,3070,597,1176,443,613,611,714,1031,653,1108
"ENSG00000147027",293,628,3424,3078,2476,2495,1896,1649,3466,3875,5951
"ENSG00000147036",35,67,38,29,17,14,16,22,26,85,31
"ENSG00000147041",42,132,82,45,105,65,47,45,32,91,6
"ENSG00000147044",3838.99999,3845.99998,958,949,896,648,871,550,731,752,742
"ENSG00000147050",10633.00002,7860.99998,1331,1303,1431,877,1042,531,651,808,1127
"ENSG00000147059",104,124,41,26,53,52,73,23,49,41,25
"ENSG00000147065",1745.00001,974,7517,8161,7125,6398,6443,5231,5623,8751,8674
"ENSG00000147082",69,175.00001,117,94,133,98,105,85,60,44,82
"ENSG00000147099",1649.99996,1434,981,878,841,1181,926,1174,1254,1178,1232
"ENSG00000147100",560,1026,1948,1412,2019,1094,1596,1088,1301,1545,1163
"ENSG00000147117",25,32,41,47,46,69,51,35,27,53,24
"ENSG00000147118",195,173,312,177,252,184,276,172,157,124,181
"ENSG00000147119",87,53,479,675,296,420,132,492,795,1946,775
"ENSG00000147121",417,335,615,445,519,620,423,647,668,662,781
"ENSG00000147123",1659,1396.99999,1736,1595,1645,2334,1572,2970,2829,2246,1918
"ENSG00000147124",151,176,448,494,422,386,390,283,362,364,426
"ENSG00000147127",148.99999,56,190,5,124,198,147,56,99,153,34
"ENSG00000147130",519,506.00001,663,477,743,490,765,523,601,516,442
"ENSG00000147133",1674,1835,514,499,772,387,563,316,345,241,391
"ENSG00000147140",3264.00001,3005.99998,8669,7253,8296,9352,8405,8393,8964,9466,10303
"ENSG00000147144",207.00001,225,166,119,171,66,106,76,84,77,60
"ENSG00000147145",59,49,55,51,19,27,37,46,19,59,31
"ENSG00000147155",343,295.00001,754,627,577,940,653,1271,1430,953,1266
"ENSG00000147162",1599.99999,1220,3029,2355,3105,2553,3040,1926,2189,2276,2262
"ENSG00000147164",640,559,123,117,136,115,112,116,107,98,67
"ENSG00000147166",16,44,8,14,7,26,13,4,17,27,8
"ENSG00000147174",105,182,26,16,20,21,18,27,23,14,34
"ENSG00000147180",1425,593,1012,953,947,736,657,450,709,991,970
"ENSG00000147202",953,815,735,618,776,572,719,526,555,367,545
"ENSG00000147224",457.99999,813.99999,942,780,846,320,825,350,335,241,371
"ENSG00000147231",118,275,550,308,409,309,402,185,266,351,617
"ENSG00000147234",58,78,31,5,29,10,20,11,18,32,30
"ENSG00000147246",72,530,47,13,3,25,8,29,45,65,189
"ENSG00000147251",180,401,132,162,81,55,77,43,53,79,86
"ENSG00000147255",74,236,1039,549,1125,712,873,467,698,885,647
"ENSG00000147257",107,188,1410,1210,1899,2033,1071,1486,1190,1765,1709
"ENSG00000147274",2876,2146,7409,5916,7334,8486,6482,7673,9271,9274,12615
"ENSG00000147316",1353.99998,735,837,632,729,795,726,663,638,795,841
"ENSG00000147324",527,455,146,192,180,140,102,160,154,226,207
"ENSG00000147364",752,484,672,657,624,712,645,677,833,779,853
"ENSG00000147383",305,254,597,552,533,685,513,890,1066,704,1187
"ENSG00000147394",120.99998,171,159,101,134,109,116,109,115,126,189
"ENSG00000147400",667,532,1262,839,981,1455,770,1607,1952,1894,1600
"ENSG00000147403",2689,1050.00001,8999,6582,8487,8203,8733,9367,9259,7571,7661
"ENSG00000147408",897,755,89,85,72,78,63,67,112,177,307
"ENSG00000147416",1358,1759,4487,4207,4550,6044,4586,4656,5863,5925,7049
"ENSG00000147419",805,811,1075,829,1048,1138,812,970,1261,1327,1312
"ENSG00000147421",1616,1520,698,653,750,669,749,608,600,498,778
"ENSG00000147434",19,16,32,16,28,14,11,26,19,33,5
"ENSG00000147439",349,244,722,612,573,964,640,993,1039,1208,1348
"ENSG00000147454",486.00001,483,845,592,720,703,914,640,668,758,895
"ENSG00000147457",480,408,1516,1362,1582,1233,1500,1063,1398,1371,1561
"ENSG00000147459",143.00001,405,143,133,148,111,160,111,127,56,165
"ENSG00000147465",107,61,39,22,41,39,51,24,30,67,62
"ENSG00000147471",573,478,1787,1697,1707,2199,2092,2434,2355,2013,2940
"ENSG00000147475",467.99999,557.00001,309,254,283,231,219,299,337,195,253
"ENSG00000147481",2494.99999,2177.99999,18,33,9,46,7,22,29,43,41
"ENSG00000147485",73,87,3,75,9,37,19,12,41,15,71
"ENSG00000147488",1010.00001,1541.00001,196,83,129,144,225,82,67,86,52
"ENSG00000147509",1193,611,248,145,96,219,123,200,176,433,145
"ENSG00000147526",1194.00001,1331.00002,2147,2729,1246,2071,1927,2115,2337,1181,2948
"ENSG00000147533",975.00001,854.00001,2073,1875,1761,2300,1724,2398,2698,2741,3195
"ENSG00000147535",446,310,811,542,1092,936,946,913,1047,1075,1464
"ENSG00000147536",159,70.99999,89,55,55,76,53,110,84,81,100
"ENSG00000147548",2610.99999,1981,2217,2018,2147,1959,1881,1556,1704,1696,1988
"ENSG00000147573",20,27,20,16,19,31,66,36,23,23,5
"ENSG00000147576",312,485,937,568,734,957,807,791,1108,1046,878
"ENSG00000147586",688.99999,1638.99999,568,450,399,684,418,804,906,730,763
"ENSG00000147592",238,396,317,301,256,383,259,396,459,286,555
"ENSG00000147601",1426.00001,1258,849,679,893,949,862,955,1111,1041,1028
"ENSG00000147604",827,498.00001,22962,15593,23270,21220,21990,22884,24149,22653,18958
"ENSG00000147606",547.99999,460.99999,609,395,472,559,407,322,149,118,156
"ENSG00000147613",234,397,76,13,73,84,65,73,118,109,40
"ENSG00000147614",160,264,91,31,81,146,105,46,27,32,22
"ENSG00000147642",289,498.00001,790,742,775,1001,655,754,849,1042,926
"ENSG00000147649",4251,3447,1956,1762,1717,2046,1588,2032,2875,2587,2941
"ENSG00000147650",371.99999,366,468,536,537,557,488,341,447,593,646
"ENSG00000147654",693,890.00001,525,397,394,545,414,548,629,552,731
"ENSG00000147669",718,856,886,706,722,952,570,1008,1281,980,1228
"ENSG00000147676",75,62,144,262,46,132,113,79,172,115,330
"ENSG00000147677",2824,2770.00001,2127,1681,1938,2160,1987,2212,2320,2006,2279
"ENSG00000147679",544,553.00001,469,358,434,483,456,484,504,437,539
"ENSG00000147684",2347,2640.00001,2877,2447,2165,3410,2258,3768,4022,3516,3842
"ENSG00000147687",1235.00001,857,413,286,382,449,382,507,543,448,574
"ENSG00000147724",1302,2602.00001,31,3,35,21,20,10,27,94,29
"ENSG00000147789",598.00001,372,1169,888,930,1140,1083,1025,1109,982,1298
"ENSG00000147799",477,379,85,96,37,27,28,21,37,71,55
"ENSG00000147813",296,256.99999,760,736,811,1086,721,900,1138,1151,1132
"ENSG00000147852",607.00002,694.00002,1935,1570,1846,1323,1594,1049,1002,1230,907
"ENSG00000147853",1054,791.99999,1565,1450,1123,1416,1182,1355,1727,1136,1638
"ENSG00000147854",1126,702,255,261,202,162,222,146,198,367,268
"ENSG00000147862",6829,2918,1154,1161,999,1047,935,1213,1322,1648,1956
"ENSG00000147872",402,368,1901,1553,1471,1924,1483,2308,2124,1497,2948
"ENSG00000147874",424,435,489,399,344,527,399,408,369,427,683
"ENSG00000147883",19,54,113,94,89,125,74,112,125,193,189
"ENSG00000147889",58,62.99999,29,53,7,32,17,63,86,81,126
"ENSG00000147894",884,785,973,745,1261,1007,849,497,740,1287,1243
"ENSG00000147905",2360,1937.00001,999,878,1043,997,996,1210,970,776,870
"ENSG00000147912",307,289,479,566,467,360,405,222,276,360,580
"ENSG00000147955",460.99999,365,3137,3336,2879,3501,2353,4014,5580,4826,5527
"ENSG00000147996",218.00001,229,524,342,407,541,492,442,591,458,854
"ENSG00000148019",1236.00001,1117.99999,772,679,841,743,681,681,637,527,784
"ENSG00000148053",3094.99998,3252.00001,6715,4550,6759,4173,4939,5183,5603,6203,7728
"ENSG00000148057",571,407,208,173,197,224,160,290,339,326,283
"ENSG00000148082",207,298,145,133,75,98,77,66,76,101,99
"ENSG00000148090",802.00001,739,669,453,507,883,487,666,820,640,637
"ENSG00000148110",946,920,235,239,225,157,231,211,276,319,545
"ENSG00000148120",1379.00001,1359,457,488,340,568,449,535,697,813,643
"ENSG00000148123",859,880,416,186,239,408,234,212,289,353,306
"ENSG00000148143",2604,2650,802,693,711,621,724,712,671,571,430
"ENSG00000148153",626,601.00001,1032,882,1000,1044,843,1028,1126,895,1525
"ENSG00000148154",700,761,751,983,944,653,987,629,916,488,874
"ENSG00000148158",276,258,297,338,276,206,252,151,201,300,331
"ENSG00000148175",178,175,1502,1078,1317,1561,1218,1292,1558,1825,2766
"ENSG00000148180",1531.99999,1053.00002,9384,8215,5832,9576,4708,9996,14254,24774,22020
"ENSG00000148187",649.99999,912.99999,368,366,309,524,370,493,634,455,483
"ENSG00000148200",465,410,132,106,107,107,107,77,120,185,245
"ENSG00000148204",304,272,158,115,102,75,137,83,112,268,178
"ENSG00000148218",424.00001,477,1315,1434,1264,1766,1369,1344,1631,1803,1522
"ENSG00000148219",263.99999,829,387,315,303,325,317,277,276,285,360
"ENSG00000148225",861,940,707,525,594,644,514,443,433,359,391
"ENSG00000148229",653.99999,563.99999,1366,1121,1342,1523,1347,1442,1861,1987,1925
"ENSG00000148248",1323,856.99999,5914,5874,5736,6925,5424,5855,7909,8235,11557
"ENSG00000148290",402.99999,460,1418,1256,1069,1465,864,1710,2265,1882,2088
"ENSG00000148291",326,404,345,301,263,421,310,588,619,672,698
"ENSG00000148296",522,497,923,914,823,1214,905,1167,1447,1279,1607
"ENSG00000148297",283,237,1163,1142,1141,1163,1107,1034,1131,1190,1919
"ENSG00000148300",363,295,578,531,679,751,714,661,820,916,984
"ENSG00000148303",4623.99999,3282.99999,5931,4124,6084,5360,6211,6050,5814,4847,4338
"ENSG00000148308",587,536,1513,1438,1581,2253,1911,1846,2226,2316,2891
"ENSG00000148331",450.00001,401,1106,1036,1036,1131,914,839,1180,1524,2088
"ENSG00000148334",609.99999,477.00002,1139,1032,978,1065,755,1287,2001,2052,2267
"ENSG00000148335",251,256.00001,843,675,659,1067,747,1096,1335,1371,1750
"ENSG00000148337",1382.99998,1146.99999,2113,1853,2158,1730,1885,1397,1374,1642,1728
"ENSG00000148339",426.00001,442,332,298,359,210,349,131,378,1410,1438
"ENSG00000148341",757,566,183,162,137,103,169,93,147,214,188
"ENSG00000148343",301.99999,387.99999,576,672,720,843,740,443,515,578,990
"ENSG00000148356",2229.99999,1551.99999,986,943,1073,1136,1235,922,804,1273,1389
"ENSG00000148357",126,153.00001,277,154,27,75,49,33,41,417,144
"ENSG00000148358",1329.00001,1122,645,509,720,450,680,335,355,353,340
"ENSG00000148362",635,766,587,466,518,795,537,999,850,859,788
"ENSG00000148384",423,442,339,350,312,233,238,221,328,468,652
"ENSG00000148396",1337.99999,1400.00001,2054,1999,2578,1230,2490,803,992,1253,1671
"ENSG00000148399",479.00001,429,1415,1245,1485,1780,1349,1509,1615,1610,1976
"ENSG00000148400",1747.99999,1076.00001,629,694,589,281,588,258,301,608,524
"ENSG00000148408",838.99999,1005,43,45,46,31,40,22,32,86,40
"ENSG00000148411",249,254,265,313,199,215,234,179,297,297,346
"ENSG00000148426",27,61,33,33,23,38,21,29,55,36,47
"ENSG00000148429",1023,1024,782,729,811,614,611,474,637,816,739
"ENSG00000148444",845.99999,849.99999,1244,959,1018,1515,995,1638,1581,1838,1355
"ENSG00000148450",659,754,665,660,581,755,539,811,908,872,958
"ENSG00000148459",212,205,50,64,32,53,37,62,110,106,213
"ENSG00000148468",383,393,575,528,447,517,496,450,501,646,667
"ENSG00000148481",885,912.00001,644,660,548,568,508,633,668,518,680
"ENSG00000148482",115,173,662,518,351,603,460,1043,1172,181,596
"ENSG00000148484",401,604,1439,1554,1215,1844,1150,1849,1839,1764,1919
"ENSG00000148498",4924.00001,6009.99999,1013,601,893,611,690,627,1066,819,624
"ENSG00000148516",7558,6031.00001,3664,2022,1998,3291,2066,1955,2749,3571,3514
"ENSG00000148541",562.99999,573.99999,698,584,738,842,609,1091,908,857,549
"ENSG00000148572",357,373,517,414,389,565,493,485,669,732,882
"ENSG00000148600",2632.99999,4686,2580,741,2312,1510,1616,951,598,863,388
"ENSG00000148602",234,424,225,86,214,214,216,105,73,143,51
"ENSG00000148604",1377,388,2385,2868,681,2855,2166,7784,6500,1143,3273
"ENSG00000148606",1124,1134.99999,1414,1113,1363,1302,1346,793,838,1276,1824
"ENSG00000148634",2471,1915.00001,799,615,956,696,808,440,510,542,605
"ENSG00000148655",78,120,23,9,17,22,25,18,22,16,37
"ENSG00000148660",2051.00001,1960.00001,442,331,431,262,351,223,272,281,243
"ENSG00000148672",1374.99998,1296.99999,1544,1905,797,785,535,946,1914,4526,4011
"ENSG00000148688",460,674,433,405,434,532,399,539,544,433,748
"ENSG00000148690",1398,1186.00001,364,328,323,357,353,345,431,364,556
"ENSG00000148700",2360.99999,1427.99999,7786,7160,7094,6985,6725,6663,7658,7819,6669
"ENSG00000148704",505,180,95,143,45,74,37,96,80,232,161
"ENSG00000148719",876.00001,751,1285,1161,1114,1489,1110,1400,1833,1748,1906
"ENSG00000148730",1712,1131,4119,4263,3266,2560,2679,2445,3323,4012,3773
"ENSG00000148734",152,76,655,1020,920,575,777,631,550,313,343
"ENSG00000148737",2933.99998,2125,312,237,285,168,244,192,227,184,135
"ENSG00000148773",796,220,326,236,154,195,238,245,108,195,79
"ENSG00000148795",17.00001,58,21,18,13,20,21,13,18,11,10
"ENSG00000148798",861,1191,859,525,428,434,189,440,726,1610,685
"ENSG00000148803",127,72.00001,142,106,125,149,150,204,194,127,142
"ENSG00000148814",655,377,648,366,483,739,522,564,633,692,562
"ENSG00000148824",813,506,1437,1281,938,1599,1095,1930,1948,1624,1591
"ENSG00000148832",73,224.00001,157,142,110,114,70,77,238,226,215
"ENSG00000148834",652,815,883,715,746,1032,741,1111,1287,917,988
"ENSG00000148835",220,267,146,104,135,173,103,107,214,245,257
"ENSG00000148840",334,313,1030,1156,1333,938,1586,693,850,1152,1831
"ENSG00000148841",258,146,1171,977,1439,1116,1292,910,1543,5456,4639
"ENSG00000148842",357.99999,426,505,458,520,405,520,243,392,288,502
"ENSG00000148843",678,549,865,797,792,784,720,548,650,632,722
"ENSG00000148848",329.00001,709,91,119,86,108,87,89,103,118,105
"ENSG00000148908",57,53,36,39,16,49,38,21,43,17,19
"ENSG00000148925",831,1194.00001,1186,1012,1165,1151,1085,1059,1401,1364,1644
"ENSG00000148926",288,144,917,947,804,1112,654,741,1536,2109,3095
"ENSG00000148935",164,320,69,81,65,92,58,76,108,53,95
"ENSG00000148942",161,219,98,42,98,60,79,43,56,58,28
"ENSG00000148943",1029,964,2012,1738,2313,1709,1905,1040,1457,1565,1708
"ENSG00000148948",1956,1057,545,250,571,298,349,293,462,509,344
"ENSG00000148950",1203,1027.99999,463,374,463,512,362,634,617,506,455
"ENSG00000148985",319.00001,352.00001,922,870,816,1112,854,1148,1155,762,831
"ENSG00000149016",212,235,917,890,1204,1159,1300,1044,1238,1660,1788
"ENSG00000149050",228,251,325,240,302,241,260,263,326,218,250
"ENSG00000149054",68,234,87,47,126,63,101,50,69,52,49
"ENSG00000149084",1514,1933,1195,1114,927,1000,850,1043,1100,939,1411
"ENSG00000149089",971,975,526,449,517,580,478,619,671,675,920
"ENSG00000149090",487,362,548,351,950,893,393,367,255,791,1421
"ENSG00000149091",374,315.99999,166,118,111,35,99,52,87,101,62
"ENSG00000149100",1556.00001,1443.00001,2205,2052,1994,2473,2186,2548,2977,2552,3822
"ENSG00000149115",415,343,1159,1196,1548,570,1289,442,542,724,792
"ENSG00000149131",802.00002,419,7111,5196,9779,5527,8165,5684,10252,13622,7525
"ENSG00000149136",1620,1332,969,721,883,774,828,899,755,1198,977
"ENSG00000149150",45,79,615,270,734,434,761,663,1735,426,888
"ENSG00000149177",795,990.99999,488,399,507,210,398,225,261,293,358
"ENSG00000149179",2055.00001,1715.99999,2317,1959,1784,2817,1710,3165,3120,3446,3231
"ENSG00000149182",776,709,3034,2629,2512,3814,2711,3146,3614,3501,4261
"ENSG00000149187",3220.00001,2630.00002,4310,4015,4663,4199,4673,3038,3753,3586,4264
"ENSG00000149196",903.99999,811,898,718,715,1182,709,1231,1197,1141,1172
"ENSG00000149201",141,283,25,20,17,27,26,26,29,42,50
"ENSG00000149212",2112,1665.00001,2243,2473,2854,1174,2262,1288,1441,958,947
"ENSG00000149218",93,127,917,1298,984,784,771,716,1017,1513,1338
"ENSG00000149231",1321.00003,1179.00002,839,555,933,758,726,635,737,707,889
"ENSG00000149243",213,108,61,55,45,48,27,44,93,195,181
"ENSG00000149256",2048,1158,2422,1440,2114,1172,1635,1423,1395,1882,1075
"ENSG00000149257",890,447.99999,2867,2726,3594,1919,3201,1989,1678,1639,2006
"ENSG00000149260",185,309,960,1021,930,918,924,764,951,1174,1180
"ENSG00000149262",2752.99997,2848.00001,1339,1218,1233,1493,1316,1262,1418,1548,1661
"ENSG00000149269",1725.99999,1158.00001,1390,1179,1424,1595,1328,1255,1304,1255,1134
"ENSG00000149273",14003.00001,9498.99999,18928,11601,18425,15968,17560,16492,17464,13753,12453
"ENSG00000149289",753.99999,764,250,270,196,146,163,102,144,200,254
"ENSG00000149292",601,1017.99998,514,443,425,469,479,590,519,500,501
"ENSG00000149294",7273,5909.00001,6892,4985,5841,5157,5152,2982,3335,5682,4973
"ENSG00000149295",122,163.00001,301,206,160,126,128,219,316,658,182
"ENSG00000149305",18,45,18,14,17,25,25,14,18,6,27
"ENSG00000149308",631,709,522,569,715,466,710,351,399,435,494
"ENSG00000149311",2564,2206,938,690,988,679,1058,407,443,358,594
"ENSG00000149313",1006,1012.99999,1870,1584,2287,2090,1814,1781,1921,1837,1766
"ENSG00000149328",594,708.00001,567,383,403,308,403,327,345,518,537
"ENSG00000149346",353,272,443,332,349,334,294,395,390,449,420
"ENSG00000149357",1164,1242,1711,1501,1420,1959,1348,2408,2781,2311,2379
"ENSG00000149380",36.99999,74,124,189,159,149,191,134,164,51,99
"ENSG00000149403",439,743,48,44,37,62,29,30,47,34,30
"ENSG00000149428",843.00002,636.00001,2029,1993,2207,819,1811,805,649,689,1733
"ENSG00000149452",53.99999,55,2240,3577,1179,3311,2524,3306,6625,766,2818
"ENSG00000149474",517,650.99998,745,832,745,735,756,667,784,912,1121
"ENSG00000149476",402.99999,332.99999,1204,1060,1142,1515,1177,1213,1294,1385,1445
"ENSG00000149480",735.00001,435,840,717,819,579,607,462,562,574,658
"ENSG00000149483",757.99999,824,1040,827,859,1219,1009,1179,1455,1134,1565
"ENSG00000149485",1101.99999,999,4624,4970,4557,5856,5295,5441,7445,4403,8075
"ENSG00000149489",2909,3893,883,513,834,1853,632,1111,907,1753,1096
"ENSG00000149499",578,553,474,359,640,282,442,207,195,305,279
"ENSG00000149503",278,159,54,75,57,32,62,30,52,26,23
"ENSG00000149527",852.00001,1360,341,222,266,195,202,140,125,186,96
"ENSG00000149532",1089.99999,840,1072,960,1329,347,1197,311,308,340,344
"ENSG00000149541",778,812,1004,966,954,923,936,1224,1299,1125,1202
"ENSG00000149547",1389,1351.00001,3352,3357,2805,4140,2636,4176,5044,4263,5757
"ENSG00000149548",307,234,91,70,70,64,73,68,60,63,86
"ENSG00000149554",823.99999,272,91,82,87,79,98,118,85,124,112
"ENSG00000149557",1358.99999,1102,2872,2541,1610,3843,1558,2938,3316,6966,5898
"ENSG00000149564",17.99999,67,27,20,15,43,35,59,37,56,33
"ENSG00000149571",201,310,150,29,77,94,62,38,34,65,20
"ENSG00000149573",71,40,369,526,168,430,415,517,567,125,400
"ENSG00000149575",35,35,240,459,247,272,400,337,361,206,281
"ENSG00000149577",270,268,465,316,442,303,413,327,382,557,461
"ENSG00000149582",523,556,1751,1788,2032,2339,1948,2308,2668,2279,2423
"ENSG00000149591",54,73,542,510,615,1347,1198,633,1928,606,1136
"ENSG00000149596",18,26,38,56,45,59,63,19,20,23,46
"ENSG00000149599",138,198,97,77,96,71,124,81,88,93,97
"ENSG00000149600",830,1168,2226,1827,1582,2660,1326,2979,3539,2979,2577
"ENSG00000149609",29,15,19,12,22,8,17,22,33,41,12
"ENSG00000149633",140.99999,41,116,29,22,87,30,35,94,423,76
"ENSG00000149636",625,403,288,256,326,391,333,357,343,376,388
"ENSG00000149639",1800,1136,890,716,838,369,862,408,393,476,319
"ENSG00000149646",102,149.00001,92,28,98,102,112,166,177,51,59
"ENSG00000149654",62,80,20,24,17,18,29,24,37,22,21
"ENSG00000149657",709.99999,790,12,17,28,20,21,16,17,21,14
"ENSG00000149658",918,624,273,283,354,252,307,224,312,746,804
"ENSG00000149679",271,164,89,75,87,74,90,77,94,100,78
"ENSG00000149716",389,458.00001,277,225,319,322,334,304,273,388,453
"ENSG00000149743",721.99999,683.00001,1272,1170,1226,1706,1152,1607,1760,1438,1724
"ENSG00000149761",405.99999,305,838,688,653,1066,584,1094,1375,1257,1210
"ENSG00000149781",151.00002,72.00001,60,72,62,60,56,77,206,144,614
"ENSG00000149782",259,221,61,62,44,23,43,28,72,46,45
"ENSG00000149792",479,448.99999,2430,2122,2567,2767,2578,2982,3252,2732,4262
"ENSG00000149798",78,135,189,144,157,280,170,180,158,192,296
"ENSG00000149806",9501.00001,8950,2899,2183,2997,3179,2684,3875,3651,2904,3900
"ENSG00000149809",539.99999,460.00001,2046,2416,2089,3117,1924,3536,3362,3417,2759
"ENSG00000149823",820,735,2571,2224,2303,2922,1957,2827,3298,3818,3605
"ENSG00000149922",31,39,18,16,31,21,14,14,5,4,16
"ENSG00000149923",1283.99999,970.99999,2326,2130,1976,2188,1773,2778,2624,2346,2701
"ENSG00000149925",8890,9838.99999,47595,46624,45960,63208,57735,61799,57584,54209,90483
"ENSG00000149926",2329.00001,3765,240,77,181,82,102,93,68,111,44
"ENSG00000149927",134,170.99999,104,90,157,78,104,120,77,102,53
"ENSG00000149929",568,473,732,605,713,903,784,1121,1084,1162,1254
"ENSG00000149930",653,679,1069,788,1044,629,905,451,523,696,633
"ENSG00000149932",914,1014.00001,2639,2041,2400,2847,2241,3572,3858,3535,3619
"ENSG00000149948",118,215.99999,73,47,54,49,60,37,38,40,47
"ENSG00000149970",1133.00002,2837.99998,451,363,477,420,415,235,274,318,305
"ENSG00000149972",1332.99999,860.99999,215,195,442,156,194,143,74,103,74
"ENSG00000150051",21,45,29,46,17,41,17,31,34,32,81
"ENSG00000150054",980,1453.00001,488,369,543,478,531,257,380,342,370
"ENSG00000150093",2933.00001,1695,5925,6443,5501,6262,5159,4288,5765,6231,6272
"ENSG00000150275",4768.00001,11922.99999,246,77,192,331,200,72,84,224,99
"ENSG00000150281",123,68,42,41,52,30,53,48,57,47,33
"ENSG00000150316",1630.99999,1587,1126,942,980,1423,972,1470,1678,1468,1672
"ENSG00000150347",1065.00001,781,1439,2255,1534,1949,1857,1753,1768,1971,2464
"ENSG00000150361",66,101,41,28,10,38,31,21,28,34,2
"ENSG00000150394",117,339.99999,148,111,122,123,169,114,72,70,79
"ENSG00000150401",382,389.99999,539,426,614,545,576,354,443,451,615
"ENSG00000150403",761,610,3031,2730,2886,2898,2488,2557,2996,2979,3234
"ENSG00000150433",343.99999,353.99999,824,553,556,880,612,1006,1007,981,983
"ENSG00000150455",322,312,361,271,327,293,378,293,273,187,323
"ENSG00000150456",171,240,305,176,173,221,139,317,285,329,290
"ENSG00000150457",193,315,87,85,122,73,133,81,124,90,138
"ENSG00000150459",2428.99999,1952,3815,3360,3204,4631,2944,5138,6301,5165,5963
"ENSG00000150471",5917.00001,5895,686,668,612,365,531,376,325,312,147
"ENSG00000150477",1323.99999,1366,494,439,465,575,533,382,353,345,360
"ENSG00000150510",639,1272,877,1025,803,1020,877,903,1048,832,1008
"ENSG00000150527",1445,1068.00001,678,571,589,719,608,682,766,656,766
"ENSG00000150540",184,78,184,105,56,205,84,186,187,329,263
"ENSG00000150551",614,246,966,1162,1490,1072,1486,926,993,788,481
"ENSG00000150556",18,165,73,1,77,7,31,22,76,19,34
"ENSG00000150593",1303,1595,3919,4148,4162,4098,4019,3862,5091,3865,3778
"ENSG00000150625",5145,8417,8486,7385,8145,8883,7584,7521,10233,9262,7398
"ENSG00000150627",1157,1225,370,263,317,216,177,128,234,281,294
"ENSG00000150628",37,70,14,6,25,8,12,18,10,18,16
"ENSG00000150636",400.00001,616,138,112,121,210,104,146,167,219,247
"ENSG00000150637",140,188,18,27,19,19,29,18,17,9,12
"ENSG00000150656",174,114,29,18,8,13,12,14,30,8,24
"ENSG00000150667",65,94,42,34,41,80,29,65,59,81,96
"ENSG00000150672",13184,9930,913,698,1379,1092,1120,980,929,879,642
"ENSG00000150687",1205,611,6045,4816,3641,5518,3734,6339,5941,11000,4395
"ENSG00000150712",1205,882,838,1033,1093,900,957,421,657,864,1254
"ENSG00000150722",212,250.99999,64,111,69,99,89,108,156,48,113
"ENSG00000150753",1788,1432.99998,3254,3068,2668,4229,2430,4274,4525,4499,5647
"ENSG00000150756",363.00001,181,244,176,126,260,156,265,276,202,328
"ENSG00000150760",466,460,1470,1394,1743,1097,1366,736,827,936,956
"ENSG00000150764",582,601,1251,942,1056,1234,1065,912,923,978,1116
"ENSG00000150768",805.00001,668.99999,899,952,855,947,1010,789,953,917,1429
"ENSG00000150773",92,164,95,55,49,120,47,103,112,135,171
"ENSG00000150776",610,642.00001,600,405,610,595,569,526,625,581,713
"ENSG00000150779",1582,1451.99999,1502,1279,1003,2020,1176,2399,2042,1651,1792
"ENSG00000150787",623,646.00001,571,436,430,613,360,614,767,623,771
"ENSG00000150867",381,543,220,184,186,143,138,193,176,262,273
"ENSG00000150873",63,45,70,28,28,41,21,42,44,45,37
"ENSG00000150893",84,174,137,127,80,54,107,37,15,78,33
"ENSG00000150907",145,203,181,133,180,102,163,94,154,142,161
"ENSG00000150938",1219,853,391,551,373,324,475,268,387,351,326
"ENSG00000150961",695,494,1014,979,1542,902,1423,731,840,1220,2136
"ENSG00000150967",468.99999,381.99999,472,535,369,423,520,509,359,360,367
"ENSG00000150977",137,87,275,271,285,311,373,441,488,417,431
"ENSG00000150990",189,187.99999,183,133,173,78,140,71,62,95,110
"ENSG00000150991",7507,8183.00001,42177,40586,45976,52926,45481,50338,64360,63315,75394
"ENSG00000150995",838,1035,298,488,348,347,553,243,382,180,409
"ENSG00000151006",31,26,35,34,62,6,21,4,2,13,47
"ENSG00000151012",696,895,615,576,495,345,322,308,419,413,960
"ENSG00000151014",369,264,42,37,43,26,64,27,45,87,103
"ENSG00000151023",126,344,274,74,165,207,93,170,230,432,267
"ENSG00000151025",466,536,201,411,198,316,274,101,188,454,312
"ENSG00000151062",2210.99999,3625.00001,1077,770,1253,1031,1165,569,812,411,216
"ENSG00000151065",542,607.99999,983,734,1041,970,1001,1041,968,875,854
"ENSG00000151067",1916.99998,5050.00001,435,322,620,272,516,302,421,337,323
"ENSG00000151079",40,28,139,71,39,36,20,28,49,87,123
"ENSG00000151090",2217,1979.99999,1232,392,1136,741,986,582,546,794,474
"ENSG00000151092",1034,779,1288,1056,1255,1330,1174,1532,1501,1316,1723
"ENSG00000151093",128,66,279,174,221,233,284,312,215,154,217
"ENSG00000151116",817.99999,823,560,523,510,542,347,440,622,640,808
"ENSG00000151117",89,112,600,816,414,723,681,987,763,393,399
"ENSG00000151131",492,438.00001,1251,892,1061,1138,1144,948,1034,768,1055
"ENSG00000151135",1333.00001,945.99999,2088,1713,2560,1806,1911,1247,1819,1623,2355
"ENSG00000151136",73,93.00001,52,63,18,42,34,30,49,90,55
"ENSG00000151148",446.99999,593,1670,1858,1862,2020,1870,1307,1472,1821,1838
"ENSG00000151150",4405.00002,4660.99999,1658,1697,1558,1652,1510,963,856,992,870
"ENSG00000151151",452,319,152,123,121,129,98,60,92,131,138
"ENSG00000151164",110,81,48,36,30,29,42,50,27,32,43
"ENSG00000151176",332,468,658,692,665,348,485,407,440,440,585
"ENSG00000151208",1456.99999,1026,691,608,610,576,500,361,499,1334,863
"ENSG00000151229",292,312,182,262,169,107,111,89,153,174,186
"ENSG00000151233",552,518,267,333,287,178,198,147,208,271,321
"ENSG00000151239",563,501.00001,1708,1458,1436,1596,1233,1187,1526,1329,2136
"ENSG00000151240",1606,1637.00001,2156,2567,2194,2404,2594,1812,2094,2806,3671
"ENSG00000151247",941,781.99999,3144,2310,2761,3091,2264,3079,3948,3276,3900
"ENSG00000151276",4584.00001,6425,1680,1566,1235,1629,1482,914,1109,1569,1096
"ENSG00000151287",182,186,208,171,198,241,181,303,290,237,269
"ENSG00000151292",1454,859,703,715,594,525,398,320,589,822,863
"ENSG00000151304",566,836,235,220,173,328,179,268,253,252,317
"ENSG00000151320",1729,2404,873,595,632,637,827,263,348,479,508
"ENSG00000151322",2014.00001,1728.00001,144,101,87,70,66,57,83,102,65
"ENSG00000151327",1367.99999,1318,834,754,908,927,770,867,1034,1065,1476
"ENSG00000151332",577,527,427,404,482,537,439,518,571,476,584
"ENSG00000151338",1521,2033,709,558,601,658,659,509,505,465,571
"ENSG00000151348",1725.00002,1403.00001,3663,3765,3753,3738,3455,3154,3385,3761,4078
"ENSG00000151353",855,671,1204,819,1086,1250,1054,1368,1603,1317,1500
"ENSG00000151365",35,49,58,20,31,55,27,50,27,25,36
"ENSG00000151366",2757,2559,2368,2232,1954,3311,2091,3838,3958,3212,3261
"ENSG00000151376",969.00001,427,250,272,122,193,114,169,416,450,254
"ENSG00000151388",240,390,135,154,99,92,115,129,118,94,97
"ENSG00000151413",1736,2010.99999,692,507,527,689,512,589,654,549,548
"ENSG00000151414",1094,840,326,405,209,163,140,183,489,866,818
"ENSG00000151422",3772,2280,1381,1231,1212,1031,1082,922,1047,893,932
"ENSG00000151445",614.99999,820.00001,742,767,785,782,791,692,781,672,967
"ENSG00000151458",529,450,699,692,755,510,772,336,257,182,246
"ENSG00000151461",1447.00001,1300,418,391,433,401,390,322,395,469,449
"ENSG00000151465",980.99999,727,1634,1256,1339,1917,1340,2102,2464,2363,2941
"ENSG00000151466",2090.00001,1573,257,135,245,270,225,219,201,216,218
"ENSG00000151468",64,122,96,83,84,85,60,93,76,484,149
"ENSG00000151470",241,219,408,228,326,368,239,308,331,312,322
"ENSG00000151474",3291,1548,473,283,420,498,427,405,431,268,250
"ENSG00000151490",1952.00001,1863,1907,1110,1550,1330,1119,1243,918,1515,411
"ENSG00000151491",4629,3081.00002,1919,1300,1564,2063,1287,1509,1431,2266,1832
"ENSG00000151498",368,354.99999,1336,1170,1082,1529,1220,1411,1845,1893,1993
"ENSG00000151500",851.99999,691.00001,1717,1404,1717,2282,1607,2298,2320,2424,2756
"ENSG00000151502",615,652,495,469,317,395,310,319,683,1836,1513
"ENSG00000151503",1104,1554,674,738,790,520,678,480,541,639,542
"ENSG00000151532",554.99999,512,452,406,390,592,401,375,395,437,588
"ENSG00000151552",2978,2328,2897,2160,1768,3620,1553,2449,3409,3980,2584
"ENSG00000151553",667.00001,801,708,650,722,386,557,251,500,749,803
"ENSG00000151572",203,377.99999,39,70,28,43,43,43,92,45,6
"ENSG00000151575",807,819,345,178,200,340,203,247,267,295,335
"ENSG00000151576",445.00001,554,672,479,510,641,562,482,733,709,775
"ENSG00000151611",103.99999,90.99999,236,222,285,185,242,187,182,164,144
"ENSG00000151612",1551.00001,1187.00001,617,467,558,421,495,418,452,527,506
"ENSG00000151617",90,156.00001,88,13,32,35,19,14,25,101,42
"ENSG00000151623",1667,2316,251,215,274,134,309,115,112,105,143
"ENSG00000151632",248,158,471,357,357,673,340,489,619,845,821
"ENSG00000151640",664,619,564,425,461,341,534,365,384,476,465
"ENSG00000151651",39,52,71,66,30,68,40,81,47,38,52
"ENSG00000151657",518,467,405,335,366,477,355,440,416,462,486
"ENSG00000151665",518,493.00001,1084,735,877,985,671,1149,1236,1223,1168
"ENSG00000151687",1075,816,39,21,19,31,28,28,29,34,38
"ENSG00000151689",349,358.99999,246,331,368,385,292,361,877,657,855
"ENSG00000151690",279,504,135,136,92,104,58,83,113,263,209
"ENSG00000151692",929,837,600,832,646,347,447,288,273,384,357
"ENSG00000151693",739,843,103,104,76,17,87,34,19,38,31
"ENSG00000151694",2521.99999,1568.00001,1370,1314,1318,1144,1173,835,1012,1302,1422
"ENSG00000151715",16,32,15,25,5,16,17,41,13,17,24
"ENSG00000151718",1018,965.00001,386,812,317,312,367,333,419,323,449
"ENSG00000151725",359,190,110,109,59,136,52,148,108,163,81
"ENSG00000151726",1176.99999,964.99998,1601,2092,2093,2121,2093,1494,2293,1136,2192
"ENSG00000151729",2240,1906,4954,4484,3663,7058,4869,6520,7665,6618,10563
"ENSG00000151743",928,1029.99999,813,477,775,836,664,625,683,787,778
"ENSG00000151746",1863.99999,1113,1270,1067,1142,1189,1075,794,715,986,1040
"ENSG00000151748",422,466,433,498,255,209,172,296,534,710,966
"ENSG00000151773",134,332,78,75,73,80,88,52,71,68,90
"ENSG00000151778",111,94,18,9,0,33,0,21,19,31,19
"ENSG00000151779",4166.00001,4291.00001,2273,1816,2962,1666,2681,1273,1301,1245,1606
"ENSG00000151789",5099,4103,733,547,573,755,670,545,716,451,374
"ENSG00000151790",54,62,12,13,13,9,13,18,10,22,7
"ENSG00000151806",461,485.99999,530,527,566,595,528,328,361,481,774
"ENSG00000151834",192,270.00001,78,121,45,28,25,31,22,57,56
"ENSG00000151835",950.99998,826.00001,638,635,574,624,483,388,410,589,442
"ENSG00000151849",485,306,153,143,155,181,187,136,128,94,112
"ENSG00000151876",57,43.00001,96,95,58,95,42,72,76,113,115
"ENSG00000151881",222,300.99998,229,180,244,226,214,202,297,228,369
"ENSG00000151882",100,23,40,87,47,32,38,39,24,51,69
"ENSG00000151883",1119,1473.99999,640,442,844,486,624,316,462,471,371
"ENSG00000151892",157.99999,170,580,438,390,465,455,242,169,242,260
"ENSG00000151893",1153,1035,1964,1738,1811,1555,1843,1816,2381,2426,3577
"ENSG00000151914",11858.99999,13419.00002,6052,3850,4628,5830,4275,2981,3468,5440,4391
"ENSG00000151917",136,389,85,41,22,43,19,36,41,152,128
"ENSG00000151923",1434.99998,1212,402,245,331,256,281,261,342,329,432
"ENSG00000151929",364,347,890,783,784,767,673,652,1597,2470,3974
"ENSG00000151967",464,810,1367,954,1151,1573,1158,1323,1694,1517,1707
"ENSG00000152056",230,289,118,107,227,186,159,104,139,80,86
"ENSG00000152061",5111.99998,3461.99999,1260,1661,794,1231,1207,1122,964,514,914
"ENSG00000152076",72,69,383,246,291,341,290,435,487,456,377
"ENSG00000152078",384,245,835,1129,1101,874,1118,924,1604,505,750
"ENSG00000152082",3055,2447,1567,1400,1383,1717,1220,2560,3013,2612,2397
"ENSG00000152092",1409,1158,4263,2918,5066,2609,3644,1617,2199,3210,2349
"ENSG00000152102",1697,1771,2931,2867,2769,2244,2375,1449,1941,2780,3823
"ENSG00000152104",197,253,605,828,791,519,970,473,447,215,470
"ENSG00000152127",650,595,321,329,351,239,310,281,326,318,455
"ENSG00000152128",30,33.99999,52,52,69,62,75,42,48,36,51
"ENSG00000152133",566,625,359,332,477,395,455,278,336,441,451
"ENSG00000152137",145,164,939,621,810,848,909,1140,1204,2062,1943
"ENSG00000152147",180,149,409,319,323,362,382,386,427,314,468
"ENSG00000152154",291,333,292,480,121,241,118,221,352,694,501
"ENSG00000152193",388,360,488,455,470,582,536,453,524,532,566
"ENSG00000152207",40,57,94,61,142,55,110,80,99,33,119
"ENSG00000152208",517,672,50,90,37,57,61,39,60,24,11
"ENSG00000152217",2246,1488,398,382,373,282,392,239,259,327,327
"ENSG00000152219",673,654,847,786,751,1010,804,1023,1032,879,1070
"ENSG00000152223",2270.00001,3194,592,635,620,513,853,286,325,324,325
"ENSG00000152229",369,607,479,265,432,362,431,390,466,693,450
"ENSG00000152234",5990,6135,18728,13993,16095,21638,16372,21529,24107,18502,19312
"ENSG00000152240",562,533.99999,381,351,380,455,331,524,515,500,508
"ENSG00000152242",624.00001,684.00001,874,789,1057,846,961,482,602,751,1197
"ENSG00000152253",179,68,59,36,44,58,40,68,45,55,21
"ENSG00000152254",62,171,86,190,102,185,67,93,119,235,171
"ENSG00000152256",813.00001,829.00002,2183,1718,1438,2042,1381,901,1042,1368,2206
"ENSG00000152270",328,326,100,75,61,79,92,56,36,66,72
"ENSG00000152284",699,364,141,71,140,84,126,127,101,78,73
"ENSG00000152291",669,496,4340,4070,4522,3765,4576,2783,3094,3995,4761
"ENSG00000152332",1045,884,977,1124,1167,674,1106,614,624,418,802
"ENSG00000152348",661,479,388,320,265,417,263,421,421,358,412
"ENSG00000152359",324,533.00002,196,134,166,212,157,211,192,203,222
"ENSG00000152377",1055,645,5098,7466,7155,5940,6966,4726,6247,4452,4568
"ENSG00000152380",207,207,42,32,30,35,28,45,40,43,54
"ENSG00000152382",494,253,1059,802,1091,1106,919,964,937,957,965
"ENSG00000152402",501,737,49,68,50,52,23,36,41,38,47
"ENSG00000152404",990,1141.00001,256,168,226,252,232,215,226,210,292
"ENSG00000152409",588,720,476,371,480,286,433,300,428,490,647
"ENSG00000152413",346,714,218,157,126,121,156,118,136,124,163
"ENSG00000152422",387,1929.99999,153,103,157,245,130,213,185,211,209
"ENSG00000152433",129.00001,98,146,112,155,122,154,151,174,217,301
"ENSG00000152439",198,200,484,427,409,527,512,430,532,449,926
"ENSG00000152443",324,277,861,772,889,621,834,507,572,495,664
"ENSG00000152454",101,103,245,189,229,279,252,243,259,281,475
"ENSG00000152455",234,195,302,175,260,229,208,273,285,246,235
"ENSG00000152457",1436.99999,934.00002,661,489,577,665,551,599,714,605,777
"ENSG00000152464",312,299.00001,428,395,408,650,414,647,630,536,604
"ENSG00000152465",705,605,784,694,718,873,761,737,840,807,967
"ENSG00000152475",56,96,130,123,117,197,138,175,238,157,157
"ENSG00000152484",855,952,207,161,154,184,135,104,169,251,347
"ENSG00000152492",850,902,1093,943,987,728,807,605,869,837,955
"ENSG00000152495",907,1470.99999,585,339,516,381,428,218,380,259,268
"ENSG00000152503",1007,1147,545,547,559,842,662,503,363,387,327
"ENSG00000152518",2271,1169,856,709,1221,382,750,689,1293,2379,2683
"ENSG00000152520",2187.00001,2077,433,341,328,334,338,350,535,689,786
"ENSG00000152527",481,391.99999,238,390,344,181,395,132,126,169,179
"ENSG00000152556",1158.00001,1226,6491,4957,5761,6650,5985,5794,6953,7184,6565
"ENSG00000152558",1193,805,3348,2886,3413,2299,2867,2428,2827,2134,2571
"ENSG00000152578",2751.99999,2316.00001,2361,2070,3418,1853,2741,1307,1391,1005,984
"ENSG00000152580",34,69,53,60,14,24,52,32,46,14,74
"ENSG00000152582",962.99999,1790.00001,472,303,450,424,379,440,436,319,411
"ENSG00000152583",702,473,5353,832,1859,3738,1135,3310,4702,8284,6778
"ENSG00000152601",2990.99999,2951,838,750,861,731,811,481,644,636,877
"ENSG00000152620",676,743,472,352,492,338,418,323,454,516,649
"ENSG00000152642",335,401,1003,1023,1262,981,1097,601,520,400,435
"ENSG00000152661",489,276,4180,9371,5848,6519,8580,5763,4821,817,2605
"ENSG00000152669",62,55,407,464,130,365,373,878,661,115,373
"ENSG00000152672",237,236,177,97,175,180,199,64,92,121,65
"ENSG00000152683",755.00001,662.99999,671,568,671,518,662,364,500,558,625
"ENSG00000152684",214,308,696,611,650,738,713,738,766,597,909
"ENSG00000152689",65,209.99999,172,197,100,226,218,147,176,83,205
"ENSG00000152700",916,909.99999,1912,1649,1898,1776,1786,1581,1913,1604,2788
"ENSG00000152705",20,21,22,12,11,23,14,18,15,28,42
"ENSG00000152749",505,582,995,2775,1254,1927,2242,1506,1717,504,1267
"ENSG00000152760",27,58,65,10,14,53,4,13,15,42,53
"ENSG00000152763",330,556.99999,260,138,138,187,153,226,193,176,193
"ENSG00000152767",3489,2037.00001,1680,1309,1374,1306,1309,995,1100,1074,823
"ENSG00000152778",254,222,1035,845,1001,1110,1000,904,1062,925,1220
"ENSG00000152779",63,59,606,343,779,409,536,245,680,211,461
"ENSG00000152782",204,255.99999,187,291,208,174,163,192,301,159,192
"ENSG00000152785",27,29,26,26,24,61,11,22,14,7,27
"ENSG00000152795",5415.00002,4468.99999,4154,3021,3499,3816,2679,3815,5604,5690,5752
"ENSG00000152818",1535,1035.99999,1595,1943,1992,1682,2067,1204,1342,781,1530
"ENSG00000152822",152,361.00001,477,917,832,348,641,314,384,382,362
"ENSG00000152894",7015.99999,3337,2102,2108,2309,1755,2267,1048,1321,1322,1090
"ENSG00000152904",445,427.00001,1533,1239,1306,1700,1252,1506,1794,1479,1772
"ENSG00000152910",229,615,50,33,50,34,22,41,23,26,65
"ENSG00000152926",742.99999,462,200,146,195,135,166,98,112,148,192
"ENSG00000152932",138,251,144,110,121,143,95,93,78,92,34
"ENSG00000152939",206.99999,269.99999,56,57,55,35,44,50,55,68,26
"ENSG00000152942",1702.99999,1211,802,677,702,861,759,664,869,926,969
"ENSG00000152944",515,476,668,513,580,767,556,752,934,700,1127
"ENSG00000152952",3257.00001,2743.00001,2311,2046,1182,1507,1132,927,1584,2154,3574
"ENSG00000152953",435,237,428,567,364,604,346,380,319,644,400
"ENSG00000152954",67.99999,216,280,224,659,331,419,300,227,266,171
"ENSG00000152969",1328.00001,489,451,661,536,806,399,531,1030,1717,1143
"ENSG00000152977",1722,731,587,232,453,473,384,371,677,553,330
"ENSG00000152990",1272.00001,826,494,342,425,349,378,302,392,415,337
"ENSG00000153006",1183.00001,1120,422,291,418,374,358,390,349,327,378
"ENSG00000153015",2166,2609.99999,807,657,699,927,679,970,993,877,1063
"ENSG00000153029",27,48,145,172,220,194,173,160,243,199,279
"ENSG00000153037",1378,1149.00001,913,824,702,1085,731,1014,1322,1108,2010
"ENSG00000153044",254,161,66,47,91,97,71,96,72,77,113
"ENSG00000153046",930,1279.00001,221,153,173,167,159,118,168,183,130
"ENSG00000153048",2459.00001,538.00002,845,989,879,454,1073,557,522,303,523
"ENSG00000153064",133.00001,215,10,19,20,7,4,6,11,20,4
"ENSG00000153066",574,584,824,773,515,626,395,679,1372,1652,2233
"ENSG00000153071",452,394.00001,506,974,664,848,812,472,561,502,729
"ENSG00000153094",559,377,386,510,501,310,333,283,321,508,404
"ENSG00000153107",529,444,1081,1105,1148,908,1080,485,402,644,1014
"ENSG00000153130",1450.99999,1244.00001,1632,1327,1464,1736,1240,1595,2101,1553,2144
"ENSG00000153132",872,1221,760,789,808,924,740,1004,1051,877,801
"ENSG00000153140",440,507,400,305,319,466,334,427,368,375,371
"ENSG00000153147",2198,2364,3160,2866,3208,2838,2990,2164,2170,2632,3467
"ENSG00000153157",298,524,34,28,40,23,49,18,23,6,54
"ENSG00000153179",249,141,78,93,57,18,51,28,37,29,59
"ENSG00000153187",7421,6442,7912,7461,6409,8004,5332,6597,8972,10013,10277
"ENSG00000153201",1503.99998,1870.00001,2107,1877,2166,1234,2208,947,1280,1102,1409
"ENSG00000153207",1701.00001,1978,1034,1274,1447,804,1211,535,709,908,1146
"ENSG00000153208",432,428,430,475,487,449,589,384,426,307,459
"ENSG00000153214",705,564.00001,230,168,284,144,190,139,117,141,113
"ENSG00000153233",269,615.00001,163,148,129,147,150,148,105,205,32
"ENSG00000153234",191,186.00001,27,24,19,47,28,9,83,83,121
"ENSG00000153237",340,1078.00001,392,283,535,433,434,498,587,336,384
"ENSG00000153246",226,271,163,211,263,176,234,150,309,148,292
"ENSG00000153250",1617.00001,1068,645,736,664,534,654,708,774,514,730
"ENSG00000153253",1108.00001,1624.00001,337,254,251,202,222,131,113,173,156
"ENSG00000153266",473,226,276,166,83,179,137,150,117,325,103
"ENSG00000153283",126.99999,246,327,86,528,107,231,181,633,129,254
"ENSG00000153291",499.00001,515,300,186,345,216,362,104,119,92,130
"ENSG00000153310",1363,1387.00001,1097,958,847,1131,871,1051,1016,969,1180
"ENSG00000153317",1564,1717,413,460,409,224,375,236,332,256,561
"ENSG00000153339",2301,2143.99999,935,863,913,569,617,414,501,614,845
"ENSG00000153391",405,394.99999,325,357,263,450,361,540,576,386,462
"ENSG00000153395",1680.00001,2498,1009,723,584,683,497,476,780,2237,1400
"ENSG00000153404",243,254,1004,827,1261,603,1334,560,534,686,401
"ENSG00000153406",438.99999,475.99998,225,274,226,304,220,338,311,312,239
"ENSG00000153443",510.00001,238.00001,54,50,54,19,62,46,29,42,35
"ENSG00000153446",156,325,98,25,15,74,16,59,146,299,421
"ENSG00000153485",379,455,563,466,470,725,481,698,741,739,889
"ENSG00000153487",424,332,210,169,218,208,216,199,278,445,584
"ENSG00000153531",21,52,46,54,52,34,68,52,68,53,63
"ENSG00000153551",117.00001,66.00001,353,358,353,400,313,611,626,116,468
"ENSG00000153558",916,992.99999,1341,951,1250,1450,1441,1129,1244,1091,1154
"ENSG00000153560",1687.99999,1327.00001,376,262,327,151,241,171,229,150,154
"ENSG00000153561",917,937,1475,1457,1327,1226,1307,1290,1769,1811,2483
"ENSG00000153563",17,73.99999,39,31,45,47,32,24,28,20,17
"ENSG00000153574",245,263,533,414,391,418,514,413,478,369,534
"ENSG00000153707",8136,6235.99999,1739,1408,2204,1054,1889,791,1090,862,753
"ENSG00000153714",377,680,248,243,291,314,236,341,221,302,199
"ENSG00000153721",291,331,697,474,643,592,550,518,715,578,700
"ENSG00000153767",268,366,369,352,394,441,360,391,362,302,366
"ENSG00000153774",1713.00001,1724.00001,1146,1107,1084,1542,1206,1617,1525,1391,1314
"ENSG00000153786",422,454,395,517,242,237,173,275,625,1281,1261
"ENSG00000153790",209,211.99999,101,60,74,31,64,23,31,24,64
"ENSG00000153814",874,823,281,300,303,220,281,215,278,177,157
"ENSG00000153815",1074.99999,970,65,50,52,35,50,25,36,35,5
"ENSG00000153820",55,100,26,69,65,90,154,22,38,58,39
"ENSG00000153823",407,218,435,533,127,582,139,470,643,1448,919
"ENSG00000153827",5723.99999,5109.99998,2219,1801,2380,1297,2026,925,1045,1311,1560
"ENSG00000153832",529,697,461,330,372,491,303,368,490,572,719
"ENSG00000153879",853,865,1737,2056,1873,2191,1612,1576,1744,2635,3396
"ENSG00000153885",407,355.99999,378,218,321,323,369,269,309,296,324
"ENSG00000153896",154,211,473,406,452,486,516,477,561,498,590
"ENSG00000153898",29,122,0,12,3,7,0,11,21,22,18
"ENSG00000153902",2724,1430,356,397,145,323,279,221,357,414,538
"ENSG00000153904",1360,884,919,1291,569,596,528,558,952,1097,1006
"ENSG00000153914",2292.99999,1865.00001,1703,1439,1428,1938,1585,1710,1639,1716,1878
"ENSG00000153922",2903.99999,2170,628,553,685,490,564,347,496,592,726
"ENSG00000153930",182,332,47,3,7,40,2,10,17,21,32
"ENSG00000153933",265,431.00001,268,225,268,300,313,156,221,156,185
"ENSG00000153936",998,1658,1545,1307,1626,1146,1104,795,949,1265,1184
"ENSG00000153944",6692.00001,5533.99999,2170,1122,1580,1158,1382,1229,1573,1616,1204
"ENSG00000153956",3607,3205,527,563,605,358,453,296,287,424,265
"ENSG00000153975",316.99999,328.00001,281,257,309,258,327,252,295,324,378
"ENSG00000153976",39,86,21,16,11,13,3,11,25,62,34
"ENSG00000153982",267,440,167,119,189,147,157,164,154,100,114
"ENSG00000153989",524,485,557,502,570,322,424,280,372,348,549
"ENSG00000153993",156,228,287,418,290,236,220,157,100,156,139
"ENSG00000154001",2725,3292,1003,800,991,593,614,485,497,445,477
"ENSG00000154027",193,224,418,565,382,563,570,307,435,431,319
"ENSG00000154040",144,347,114,116,72,70,89,102,86,58,90
"ENSG00000154059",450.00001,503.00001,1304,1079,1017,1005,940,801,1042,1042,1190
"ENSG00000154065",37,60,55,45,49,44,45,50,93,50,84
"ENSG00000154079",419.00001,378.99999,320,175,287,263,236,211,111,87,189
"ENSG00000154080",243,315,267,306,165,341,183,208,227,615,585
"ENSG00000154096",431,159.99999,243,219,163,332,132,315,430,673,304
"ENSG00000154099",203,107,110,15,46,52,34,49,84,32,43
"ENSG00000154102",434.00001,472.99999,87,54,41,63,47,46,151,195,227
"ENSG00000154114",448.99999,769.00001,455,523,483,480,433,325,378,372,532
"ENSG00000154118",333,336,58,47,67,31,45,29,57,83,28
"ENSG00000154122",892,911,460,235,418,263,343,267,431,773,613
"ENSG00000154124",272,237.99999,243,195,166,129,137,131,243,482,388
"ENSG00000154127",48,134,100,82,76,95,62,41,68,77,68
"ENSG00000154134",187,180.99999,323,313,197,286,204,238,249,336,365
"ENSG00000154144",607,577,839,850,824,978,778,786,825,1127,1541
"ENSG00000154153",336,307,374,356,326,375,320,290,510,557,705
"ENSG00000154162",884.00001,1303,382,217,632,497,484,246,163,186,215
"ENSG00000154174",906,1079,1139,1079,1265,885,958,638,909,851,1108
"ENSG00000154175",1349.00001,1501,852,643,613,750,555,605,1999,1885,2406
"ENSG00000154188",241.99999,96,143,62,2,112,18,124,156,186,104
"ENSG00000154217",909,739.00001,865,823,608,563,368,568,1351,1395,1640
"ENSG00000154222",298.00001,244,509,591,598,505,583,477,368,511,548
"ENSG00000154229",549.00001,539.00001,265,356,225,239,250,167,273,505,378
"ENSG00000154237",152,199,486,302,438,556,543,352,347,337,411
"ENSG00000154240",3849.00001,7617.99999,294,256,301,575,346,405,407,396,463
"ENSG00000154258",192,273,35,45,10,45,26,27,15,23,9
"ENSG00000154265",1115,1462,372,216,331,272,337,198,199,222,246
"ENSG00000154269",101,150,19,21,23,39,22,22,16,25,44
"ENSG00000154274",59,191,104,85,27,96,38,156,110,93,321
"ENSG00000154277",3060.99999,4462.99999,2906,2915,2574,3652,2184,4379,3846,3988,3953
"ENSG00000154305",1107,1202,1769,1725,1970,1938,1939,1341,1662,1727,1993
"ENSG00000154309",701.99999,753.00001,395,438,515,443,451,318,322,358,437
"ENSG00000154310",5524,4198.99999,1341,1340,1525,1067,1510,650,595,848,964
"ENSG00000154319",109,130,1372,352,382,814,306,379,543,1621,1594
"ENSG00000154328",459.99999,439,1227,1050,1046,1176,986,1228,1315,1464,1597
"ENSG00000154330",221,331,1081,1222,1746,758,1673,888,440,108,354
"ENSG00000154358",1051.00001,1130.99999,735,725,750,613,1040,462,632,437,548
"ENSG00000154359",663,611,136,159,143,137,162,105,277,649,857
"ENSG00000154370",147,164,394,362,336,328,253,304,517,707,966
"ENSG00000154380",3568,3520,1306,893,1053,730,859,697,889,946,906
"ENSG00000154429",497,636,379,283,316,205,261,182,300,447,487
"ENSG00000154447",1054,399,1115,1311,1514,1093,1150,752,987,1274,1533
"ENSG00000154451",32,41,43,41,39,35,47,43,48,44,48
"ENSG00000154473",833,695,2424,1930,2143,2460,2020,2477,2910,2551,3204
"ENSG00000154478",16,33,26,5,24,6,11,7,4,14,7
"ENSG00000154479",376,504,34,9,46,49,17,24,38,41,44
"ENSG00000154511",713,299,597,893,568,843,748,837,896,466,714
"ENSG00000154518",3425,3019,5579,4662,5166,6612,4893,7504,8176,5638,6700
"ENSG00000154529",307,173,593,478,607,574,390,439,828,817,832
"ENSG00000154548",531,523,253,264,289,197,317,203,249,239,339
"ENSG00000154553",771,986.99999,2242,1799,1375,2448,1604,2391,2734,4608,4792
"ENSG00000154556",5186.00002,4785.99999,2637,1794,1930,1851,1820,2103,2273,2478,1352
"ENSG00000154582",1925,1744,950,857,893,1160,807,1086,1151,1138,1502
"ENSG00000154639",1092,874,3519,3711,3214,3634,2996,3369,4322,4599,4745
"ENSG00000154640",794,592.00001,850,729,751,933,710,732,868,1074,1632
"ENSG00000154642",260.99999,360,539,370,538,366,596,332,410,372,615
"ENSG00000154645",106,170,147,102,145,123,85,195,315,400,146
"ENSG00000154654",548,518,206,222,146,175,182,216,165,308,320
"ENSG00000154655",216.00001,361,149,269,147,220,312,217,242,134,152
"ENSG00000154678",2610.00001,4669.00001,487,591,506,478,351,282,232,515,248
"ENSG00000154710",1343,924,1320,1214,1372,1364,1326,974,1449,1376,1790
"ENSG00000154719",557,702,650,550,699,848,672,818,947,878,1007
"ENSG00000154721",762,758.99999,1179,527,704,737,661,445,594,981,1452
"ENSG00000154723",3197,2548,2662,2305,2127,3573,2300,3860,4210,3001,3300
"ENSG00000154727",314,549,719,675,860,735,703,480,567,583,643
"ENSG00000154734",958,847,1531,3527,1629,2350,2297,1490,2955,7290,8830
"ENSG00000154736",155,86,228,176,342,271,333,153,175,75,155
"ENSG00000154743",1679.99999,1560,684,644,629,849,677,825,806,812,728
"ENSG00000154767",981.99999,1194.00001,2050,1928,2551,2336,2580,1551,1645,2146,2457
"ENSG00000154781",849,825,508,401,528,596,570,506,585,557,595
"ENSG00000154783",39,79,27,14,9,21,12,12,13,20,15
"ENSG00000154803",460.99999,446,1098,957,1035,1237,1252,910,1180,1205,1766
"ENSG00000154813",543.00001,639,1189,930,875,1293,872,1119,1217,1292,2146
"ENSG00000154814",367.00001,630.99999,339,309,329,332,350,280,336,301,414
"ENSG00000154822",702,756,410,415,291,334,216,218,306,442,680
"ENSG00000154832",456,415,1698,1449,1614,1947,1788,2040,2229,2305,2605
"ENSG00000154839",130,45,63,45,63,68,64,57,61,55,60
"ENSG00000154845",1044,762,983,997,789,913,787,716,892,1109,1068
"ENSG00000154856",115,83,214,31,166,133,84,120,155,174,135
"ENSG00000154864",1249,1465,345,210,126,239,215,145,291,352,286
"ENSG00000154889",394.00002,382.00001,958,772,825,1171,792,1023,1153,1306,1304
"ENSG00000154914",278,365.00001,111,84,80,113,127,57,91,117,68
"ENSG00000154917",567,745.99999,1256,1309,1360,748,1101,588,456,581,713
"ENSG00000154920",73,32.99999,82,86,68,67,79,96,71,125,81
"ENSG00000154928",465,295,1067,1232,948,1229,684,906,754,1391,651
"ENSG00000154930",196,102,715,1081,420,504,345,499,1610,897,1366
"ENSG00000154945",554,529,353,311,389,204,280,208,309,308,438
"ENSG00000154957",187,274,383,290,298,380,374,304,353,357,274
"ENSG00000154975",468,990,302,697,137,856,434,204,565,595,286
"ENSG00000154978",2819.00001,4938.00001,1536,722,1187,1121,918,838,1242,1759,1293
"ENSG00000154997",44,38,57,31,45,37,38,27,47,47,52
"ENSG00000155008",534,598,715,631,714,533,621,569,575,418,652
"ENSG00000155016",97,144,609,770,332,355,229,286,622,1062,1537
"ENSG00000155034",500,404,408,398,431,360,393,333,436,372,477
"ENSG00000155052",422,321,606,1111,1166,854,1163,580,643,459,603
"ENSG00000155066",32.00001,81.99999,19,17,21,15,34,3,5,6,9
"ENSG00000155085",949.99999,1053.99999,434,313,394,391,332,395,404,339,387
"ENSG00000155090",1221,1137,1385,938,1376,1197,1226,982,4678,9565,12986
"ENSG00000155093",374,407,120,111,68,45,21,65,109,390,126
"ENSG00000155096",1676.00001,1715.00001,4054,3443,3455,3209,3092,2229,2623,3080,3955
"ENSG00000155097",1072,1256,1712,2038,1807,2023,1801,1642,1841,1774,3018
"ENSG00000155099",394,346.99999,822,825,880,1083,970,1001,1033,914,1413
"ENSG00000155100",331.99999,413.00001,285,265,240,253,293,194,271,199,350
"ENSG00000155111",1197,848,420,334,446,221,314,180,177,240,221
"ENSG00000155115",1343,927,1235,1018,872,1684,904,1946,2126,1848,1759
"ENSG00000155158",369.00001,606.99999,536,341,613,359,472,247,258,449,368
"ENSG00000155189",1217,891.00001,566,367,411,411,384,296,440,956,872
"ENSG00000155229",1618,1544.99998,2131,2164,2082,2169,2373,1768,1473,1567,1960
"ENSG00000155252",497,387,398,499,372,319,394,441,823,1390,1820
"ENSG00000155254",334,216,374,332,397,292,395,301,350,241,248
"ENSG00000155256",678.00001,500.00001,2134,1852,2066,2213,2184,1852,2186,2767,3395
"ENSG00000155265",144,77,60,27,34,35,38,42,50,41,36
"ENSG00000155269",34,33,8,14,15,7,18,12,15,3,32
"ENSG00000155275",329,320.99999,282,211,216,325,230,229,198,326,326
"ENSG00000155287",482,416,132,89,163,130,142,151,141,189,198
"ENSG00000155304",733,684,1399,1292,1449,1232,1252,912,1041,1168,2004
"ENSG00000155307",437.99999,994,20,28,26,38,18,19,35,26,20
"ENSG00000155313",1779,1800.00001,117,98,99,75,141,72,112,117,156
"ENSG00000155324",754.99999,787.00001,1268,1206,928,1401,999,1233,1495,1629,1272
"ENSG00000155329",768.00001,727.00001,285,214,252,383,225,260,353,404,524
"ENSG00000155330",578,455,275,262,252,248,274,246,345,250,361
"ENSG00000155363",854.99999,528.00002,1781,1974,1890,1864,2213,1671,1764,2180,1547
"ENSG00000155366",2292,1582,3038,3234,2481,4156,2263,4552,4810,6157,4253
"ENSG00000155367",163,205,244,274,378,486,255,244,384,710,387
"ENSG00000155368",2694,1982.00001,1960,2141,1217,2804,1680,3836,4024,3008,3563
"ENSG00000155380",4420.99999,3929,8026,7376,6177,8354,7080,6575,6394,5876,8121
"ENSG00000155393",288,397,107,115,62,76,47,98,146,95,158
"ENSG00000155438",1078,885,643,496,541,793,505,713,845,913,1190
"ENSG00000155463",927.99999,978,1476,1327,1287,1669,1407,1841,2021,1462,1864
"ENSG00000155465",19.00001,136.99999,49,56,32,26,39,51,22,28,23
"ENSG00000155506",1830.00001,1672,1946,1820,2035,1352,2191,1299,1515,1741,1957
"ENSG00000155508",952.99999,844,1557,1340,1506,1849,1373,1480,1928,1740,2046
"ENSG00000155511",2148,2645,1548,947,617,1344,540,401,699,2145,964
"ENSG00000155530",686.99999,819,40,50,26,47,28,33,33,36,61
"ENSG00000155542",89.00001,124,84,40,26,97,38,80,116,94,82
"ENSG00000155545",358.00001,633,468,408,518,383,479,178,295,295,498
"ENSG00000155561",633,705.99999,1317,1172,1549,1165,1342,682,655,793,1278
"ENSG00000155592",298,282,619,604,598,444,523,230,312,553,550
"ENSG00000155621",453.00001,726,245,177,224,193,179,216,202,264,251
"ENSG00000155629",120,148,26,21,49,20,39,13,22,49,47
"ENSG00000155636",280,367.00001,285,265,279,342,257,378,378,286,378
"ENSG00000155657",1196,1510.00001,1498,1529,1085,1721,3239,1456,1044,601,973
"ENSG00000155660",1486,688,5103,5362,5203,6668,5264,6399,6275,6593,11543
"ENSG00000155666",65,85,170,166,140,208,166,142,199,139,201
"ENSG00000155729",279,288,380,381,325,263,308,338,423,380,505
"ENSG00000155744",1289.00001,881.99999,928,788,921,702,954,533,683,567,810
"ENSG00000155754",373,459,21,7,13,13,31,6,4,13,0
"ENSG00000155755",1005,1613,1256,1011,1064,1033,858,821,802,1169,1135
"ENSG00000155760",420,249,324,297,319,152,222,125,204,553,367
"ENSG00000155761",126,208,73,42,41,82,39,55,50,54,52
"ENSG00000155792",32,33,112,99,113,129,132,168,94,56,92
"ENSG00000155816",638,1019.00001,103,64,46,57,67,49,66,104,101
"ENSG00000155827",855,764,1500,1303,1460,1739,1368,1531,1614,1762,1610
"ENSG00000155846",103,198,179,160,118,179,196,125,156,148,171
"ENSG00000155849",469.00001,895.99999,189,96,107,252,132,104,132,210,210
"ENSG00000155850",254,234,843,824,820,553,638,576,554,560,323
"ENSG00000155858",161,217,123,109,140,81,146,85,92,135,110
"ENSG00000155868",348,358,518,408,411,524,492,456,584,517,507
"ENSG00000155875",29,119,29,6,15,16,19,21,32,31,12
"ENSG00000155876",1050,798,2945,2820,2698,3811,2352,4093,4728,4627,5177
"ENSG00000155886",634,1086,470,100,274,482,208,133,335,516,304
"ENSG00000155893",848.99999,726,2732,1758,2205,2502,1882,1705,2264,3352,2658
"ENSG00000155897",247,232,369,220,287,244,384,152,250,422,798
"ENSG00000155903",1298,1071,275,251,281,219,263,164,226,271,243
"ENSG00000155906",1025,847,391,359,396,477,367,431,403,375,609
"ENSG00000155926",22.99999,70.99999,10,25,24,71,53,13,25,34,9
"ENSG00000155957",1583.99999,1647.99999,2088,1473,1470,2064,1134,2383,2953,2140,2413
"ENSG00000155959",1141,1045,1334,1088,1183,1601,958,1475,1810,1497,1815
"ENSG00000155961",183,235,421,411,412,448,415,390,425,517,642
"ENSG00000155962",32,56,25,20,14,22,7,23,46,35,41
"ENSG00000155966",865.00001,1519.00001,96,37,31,67,43,49,64,97,32
"ENSG00000155970",1046,940,101,78,85,99,72,86,145,147,159
"ENSG00000155974",2588.99999,2195,478,561,632,599,702,384,435,385,358
"ENSG00000155975",899.99999,989.00001,1152,1109,1138,1316,1272,882,1100,1111,1708
"ENSG00000155980",423.99999,393.00001,587,491,411,437,328,315,331,798,595
"ENSG00000156011",1789,2514,2502,2104,4046,2198,3841,1319,1859,1594,1736
"ENSG00000156017",354,538.00001,290,282,281,187,245,167,246,206,296
"ENSG00000156026",300,350.99999,597,586,507,680,511,598,600,411,557
"ENSG00000156030",962,865.99999,1283,1202,1224,806,1066,841,1777,3896,3744
"ENSG00000156042",704,1213,276,175,226,211,209,255,209,263,238
"ENSG00000156049",37,41,73,199,23,157,124,204,125,19,90
"ENSG00000156050",220,254,568,441,560,524,556,474,509,460,628
"ENSG00000156052",1574,1561,621,564,527,434,480,438,565,729,589
"ENSG00000156076",9772,6251,6607,4759,2509,8304,1716,6327,10917,18079,13905
"ENSG00000156097",65,189,227,408,215,331,326,327,351,200,337
"ENSG00000156103",502,364,198,136,220,128,159,135,105,127,50
"ENSG00000156110",2242.99999,2402.00001,1113,645,953,1182,822,984,1093,1035,1467
"ENSG00000156113",3607.99997,7142.99998,310,676,286,479,234,276,538,941,752
"ENSG00000156136",496,532,811,629,829,905,653,590,649,621,859
"ENSG00000156140",302,520,162,83,290,138,120,114,131,146,125
"ENSG00000156162",551,592.00001,783,790,839,580,665,423,533,391,561
"ENSG00000156170",1029.00002,1631.00001,725,583,524,728,521,557,761,818,1069
"ENSG00000156171",565.00001,467,828,649,920,920,912,872,970,761,1093
"ENSG00000156172",179,209,344,275,331,305,302,243,299,260,312
"ENSG00000156194",869,1769,46,9,30,139,29,21,25,53,40
"ENSG00000156218",112,371,370,700,241,415,446,480,292,197,280
"ENSG00000156219",103,151.99999,69,10,16,40,23,42,29,72,28
"ENSG00000156232",561,535,135,94,147,115,129,87,138,238,274
"ENSG00000156239",251.99999,364,747,676,759,712,634,558,546,533,588
"ENSG00000156253",512.99999,200.00001,580,467,356,471,369,681,649,613,620
"ENSG00000156256",1502.00001,1613,761,573,641,930,641,858,1188,940,1334
"ENSG00000156261",1670,1631.00001,3479,3186,3312,3895,3139,3891,4272,3599,4606
"ENSG00000156273",850.99999,1297,695,608,768,756,756,332,359,397,596
"ENSG00000156298",2080,2698.99999,7467,4964,6569,8242,5629,7316,10034,13242,7315
"ENSG00000156299",1496,1149,1067,995,1143,784,847,760,977,1228,682
"ENSG00000156304",960,806.00001,1309,1243,1105,1079,1106,773,1320,1491,1843
"ENSG00000156313",1370,1821,524,299,409,683,357,424,482,545,541
"ENSG00000156345",429,376,1218,1032,1233,1412,1305,1426,1605,1442,2141
"ENSG00000156374",502,338,336,277,252,366,360,292,366,325,436
"ENSG00000156381",214,214,117,113,90,61,94,81,122,184,286
"ENSG00000156384",167,113,183,121,222,250,208,204,213,267,334
"ENSG00000156395",679,324,111,56,57,58,28,16,160,180,395
"ENSG00000156398",177.99999,170,226,214,170,253,217,215,263,131,127
"ENSG00000156411",2384,2478,3329,2831,3106,4244,2934,5098,4842,3199,3731
"ENSG00000156414",101,158,116,145,44,70,74,188,122,64,34
"ENSG00000156453",86,104,353,172,97,120,71,81,237,667,890
"ENSG00000156463",166,157,186,154,319,215,282,225,227,224,228
"ENSG00000156467",4252.99999,4786,2163,1770,2035,2440,2112,2442,2263,1528,1855
"ENSG00000156469",423,356,412,296,387,528,396,501,486,415,517
"ENSG00000156471",477,578,1855,1611,1861,2062,1674,1919,2186,2092,2420
"ENSG00000156475",5007,9657,957,311,639,1014,363,622,711,1182,751
"ENSG00000156482",16644.99999,13482.99999,5899,4378,7079,5277,6131,5942,5745,3856,3838
"ENSG00000156486",37,25,22,14,10,14,6,16,11,66,4
"ENSG00000156500",574,265,277,167,242,259,211,168,183,203,286
"ENSG00000156502",550.00001,478,904,893,839,1104,973,966,1250,1364,1556
"ENSG00000156504",260,324.00001,268,189,199,257,213,218,226,216,254
"ENSG00000156508",14345.99997,8789.00001,157148,102446,145810,127806,143199,136658,135554,115488,106954
"ENSG00000156510",467,901,292,774,344,987,256,686,385,584,425
"ENSG00000156515",2294.00001,3526.99999,6007,5259,5326,6869,5044,4570,4749,8131,6875
"ENSG00000156521",203,129,435,470,362,430,308,374,572,855,1069
"ENSG00000156531",741.99999,638.99999,1865,1611,1986,1489,1761,1075,1049,1114,1267
"ENSG00000156564",448,783,249,47,135,132,115,78,57,118,40
"ENSG00000156587",772,638,2749,2614,2692,3373,2653,3714,4311,4024,4155
"ENSG00000156599",1258,1045,2117,2051,2147,2071,2035,1310,1736,2795,2911
"ENSG00000156603",871,892.99999,499,359,430,604,442,558,625,706,849
"ENSG00000156639",5903,5595,427,366,409,108,289,110,105,132,154
"ENSG00000156642",1363,1556,1747,1672,1757,1518,1579,1205,1759,1498,1648
"ENSG00000156650",2504,2534,1374,1123,1213,1355,1165,1125,1160,1134,1246
"ENSG00000156671",1220.99999,1175,1174,992,920,1076,954,601,875,1135,1865
"ENSG00000156675",191,356,1643,1638,2218,1453,2430,1075,1140,945,1269
"ENSG00000156687",150,409,127,258,121,184,184,141,195,87,97
"ENSG00000156689",87,86,24,12,4,15,8,15,18,26,13
"ENSG00000156697",271,256,424,396,325,530,406,486,590,681,901
"ENSG00000156709",1162,1080,1849,1639,1277,2055,1666,1996,2396,1546,2297
"ENSG00000156711",61,61,38,30,44,43,65,26,23,28,29
"ENSG00000156735",655,585,807,689,981,664,882,637,941,616,947
"ENSG00000156787",552,650.99999,175,163,176,141,164,112,150,163,167
"ENSG00000156795",387,496,440,325,454,401,398,478,425,535,463
"ENSG00000156802",1026,723,459,421,538,429,587,305,317,500,321
"ENSG00000156804",279.00001,271.00001,1116,1995,2350,1231,2115,996,1035,831,1301
"ENSG00000156831",1575.99999,766.99999,436,419,457,562,405,594,614,330,555
"ENSG00000156853",212,243,693,593,723,769,832,656,857,1071,1240
"ENSG00000156858",703,588,327,243,335,163,330,143,130,153,215
"ENSG00000156860",779.99999,792.00001,103,97,142,60,132,89,120,134,112
"ENSG00000156869",190,224,257,280,259,212,227,153,190,262,166
"ENSG00000156873",396,376,1126,991,1037,1388,1048,1434,1560,1135,1786
"ENSG00000156875",630,409,2160,2223,2737,2808,2598,2177,2743,2488,3048
"ENSG00000156876",476,555,101,60,96,132,128,87,64,81,89
"ENSG00000156925",309,192,1588,935,1116,757,898,880,1102,1022,654
"ENSG00000156928",692,695.99999,751,673,664,924,715,1065,1244,766,1075
"ENSG00000156931",1884.99999,2116,1504,1327,1300,1427,1253,824,719,1221,1227
"ENSG00000156958",1465,1250,666,498,621,722,600,556,659,589,753
"ENSG00000156959",283,392,142,63,112,129,117,104,75,143,105
"ENSG00000156966",47,47,20,14,22,6,13,18,12,8,43
"ENSG00000156968",276,103,243,196,204,179,215,163,137,96,141
"ENSG00000156970",385,218,91,99,63,128,70,96,85,103,28
"ENSG00000156973",580.00001,699,751,547,599,1083,527,974,1041,1048,905
"ENSG00000156976",3656.99999,3332,6550,5212,7481,6561,7152,6600,7181,5886,6247
"ENSG00000156983",323.99999,396.99999,684,673,798,708,706,363,403,544,881
"ENSG00000156990",391.99999,460,1024,915,1021,1440,1088,1495,1438,1350,929
"ENSG00000157005",17,27,67,70,19,76,22,79,63,54,118
"ENSG00000157014",378,347,264,281,187,209,212,211,247,298,294
"ENSG00000157020",1095.00001,1119.99999,3913,3446,4048,4967,3786,5558,5535,5154,6568
"ENSG00000157036",453.99999,443.99998,306,257,198,370,187,341,410,417,588
"ENSG00000157045",326,344,333,375,383,497,422,405,578,516,633
"ENSG00000157064",82,99,238,286,205,149,357,123,136,95,144
"ENSG00000157077",1338.99999,1276.00001,479,524,422,182,279,142,327,288,446
"ENSG00000157087",768,486,331,450,181,264,379,260,280,91,197
"ENSG00000157103",181.00001,226.00002,378,173,107,374,142,204,461,983,840
"ENSG00000157106",1572.00001,1533,2429,1990,2284,1443,2382,1063,1092,983,1452
"ENSG00000157107",661,742,470,434,576,436,582,212,206,217,249
"ENSG00000157110",992,987,454,706,412,440,487,425,719,442,796
"ENSG00000157152",194,384,86,132,63,92,101,105,78,85,62
"ENSG00000157168",4990.99999,4090,211,85,138,147,180,69,96,112,105
"ENSG00000157181",798,1116,737,616,713,864,641,692,766,838,1108
"ENSG00000157184",408.00001,390.99999,1589,1243,1133,1434,1119,1273,1442,1353,1899
"ENSG00000157191",677.99999,471,1204,1036,999,1304,1016,1338,1406,1620,1889
"ENSG00000157193",712.99999,642.00001,400,336,311,226,334,357,452,205,250
"ENSG00000157212",637.99999,571.00001,165,152,198,201,214,151,140,209,254
"ENSG00000157214",365.99999,201,319,211,466,220,410,171,221,259,314
"ENSG00000157216",2286,2803,672,529,618,289,486,430,492,461,523
"ENSG00000157224",640,668,1409,1187,1582,1292,1567,985,1333,1109,1404
"ENSG00000157227",638,294,127,200,140,55,140,50,54,48,74
"ENSG00000157240",179,124,282,256,176,174,178,115,308,311,467
"ENSG00000157259",765,878.00001,505,446,543,327,419,293,447,466,661
"ENSG00000157303",18,15,35,19,69,51,53,29,24,8,22
"ENSG00000157326",318,196,642,511,515,758,564,832,1119,814,657
"ENSG00000157343",16,15,25,15,43,20,23,16,45,74,61
"ENSG00000157349",801,841.00001,1313,1251,1473,1438,1320,1648,1875,1875,2176
"ENSG00000157350",794,557,462,385,402,328,429,358,364,706,552
"ENSG00000157353",194,162.99999,509,528,520,537,497,444,466,660,495
"ENSG00000157368",29,18,30,55,28,20,38,23,37,35,40
"ENSG00000157379",283.99999,295.00001,812,708,743,859,654,1118,1177,945,851
"ENSG00000157388",2214.99999,2108.99998,402,194,463,233,483,146,237,276,152
"ENSG00000157399",57.99999,204.99999,21,23,9,28,13,25,32,24,29
"ENSG00000157404",247,417.99999,499,333,551,319,644,153,191,366,257
"ENSG00000157423",553.99999,1189.00001,568,217,301,442,246,266,290,407,417
"ENSG00000157426",825.99999,721,423,332,394,464,318,388,376,335,417
"ENSG00000157429",216,211,378,336,462,347,326,401,351,327,322
"ENSG00000157445",459.00001,724.00001,168,75,186,107,126,114,180,146,109
"ENSG00000157450",850.99999,981,1188,1082,1411,950,1178,792,844,742,949
"ENSG00000157456",299,114,177,142,110,132,151,259,115,130,95
"ENSG00000157470",91,142,34,36,50,24,29,26,46,60,120
"ENSG00000157483",627,680,1064,1321,826,750,1169,782,593,736,1061
"ENSG00000157500",1562,1584.99999,1157,1134,1282,934,1163,697,790,851,1107
"ENSG00000157502",37,48,445,464,581,607,590,418,312,278,286
"ENSG00000157510",86,124,142,218,121,148,222,117,145,214,723
"ENSG00000157514",543.99999,559.99999,4515,4801,5022,5164,4772,6601,7913,4555,6538
"ENSG00000157538",544,617,1685,1567,1708,1858,1965,1466,1708,2112,2509
"ENSG00000157540",2250.00001,2359,386,330,311,343,346,389,453,361,461
"ENSG00000157542",43,87,29,18,30,15,4,28,10,29,14
"ENSG00000157551",32,88.00001,43,24,42,28,24,23,36,15,20
"ENSG00000157557",81,113,236,199,56,178,51,167,272,440,370
"ENSG00000157570",828,313.99999,465,428,407,290,380,358,361,416,181
"ENSG00000157578",289,174,68,32,60,74,54,81,60,63,87
"ENSG00000157593",722.99999,470,2469,2510,2295,3028,2375,3119,3698,3797,3659
"ENSG00000157600",2083,1145,816,1235,793,928,1090,862,1217,770,693
"ENSG00000157601",90.99999,372,208,136,200,165,196,159,270,281,310
"ENSG00000157613",70,50,90,110,111,64,93,52,29,52,35
"ENSG00000157617",676,788,286,203,277,184,246,172,221,295,353
"ENSG00000157625",743.00001,563.00001,303,228,317,98,217,129,161,116,115
"ENSG00000157637",748,707,3374,3477,3227,3702,2761,2867,3655,5554,5467
"ENSG00000157653",39,97,27,17,31,40,27,59,47,60,55
"ENSG00000157654",212,214,618,603,366,670,606,474,419,469,529
"ENSG00000157657",1321,1325.99999,474,509,459,294,532,432,359,235,281
"ENSG00000157680",1292.99999,1308,144,179,155,131,126,142,208,149,180
"ENSG00000157693",339,327,342,445,226,322,351,344,387,363,482
"ENSG00000157703",80.00001,162,22,16,9,37,24,36,9,58,11
"ENSG00000157734",35,32,25,103,36,81,70,75,57,34,47
"ENSG00000157741",1119,1239,350,286,352,217,374,196,202,215,201
"ENSG00000157764",2138.00001,2596.99999,392,331,414,421,412,300,340,246,364
"ENSG00000157765",52,34,56,15,51,53,18,7,24,32,47
"ENSG00000157778",579.99999,592.99999,488,337,428,549,455,747,742,803,964
"ENSG00000157782",129,99.99999,36,23,23,21,37,19,35,50,22
"ENSG00000157796",1139.99999,1291,1304,1128,1578,1106,1398,792,818,942,1276
"ENSG00000157800",586.99999,662,891,881,902,783,906,557,690,948,932
"ENSG00000157823",1438.00001,737.00001,1361,1127,1464,1251,1352,1159,1208,1265,1840
"ENSG00000157827",1025,832.99999,395,324,331,220,243,300,310,257,236
"ENSG00000157833",83,173,63,53,80,63,54,37,46,56,47
"ENSG00000157837",870,689,365,263,293,225,300,271,410,690,720
"ENSG00000157851",2394,1497,3070,1788,1867,1818,1261,1003,1262,2549,1334
"ENSG00000157856",59,211,158,41,116,74,70,84,68,105,118
"ENSG00000157869",2302.00001,1897,479,360,403,428,360,332,371,456,504
"ENSG00000157870",336,276.99999,1151,1040,962,1151,965,1066,1124,1137,894
"ENSG00000157873",28,34.00001,86,144,36,169,135,162,211,138,254
"ENSG00000157881",375,370,910,724,1069,1170,1127,821,860,870,811
"ENSG00000157890",704.00001,1091,768,1250,792,678,651,763,890,2072,879
"ENSG00000157895",405,282,501,391,376,510,484,555,524,592,811
"ENSG00000157911",345,286,1306,1397,1214,1419,934,1429,1787,2041,2178
"ENSG00000157916",1196.00001,1043,2259,1892,1908,2444,1807,2738,3183,2878,3648
"ENSG00000157927",139,120,80,46,31,38,21,36,48,111,86
"ENSG00000157933",744,378,72,85,87,28,61,26,34,86,36
"ENSG00000157954",1024,870,1133,1389,733,692,473,921,1671,2167,3268
"ENSG00000157978",111,121,1069,1233,1241,1478,1185,884,1304,622,1133
"ENSG00000157985",12385.99999,10978.00002,859,519,831,387,757,258,297,399,358
"ENSG00000158006",267,470,584,466,454,600,533,504,470,491,617
"ENSG00000158008",24,68,182,105,182,130,121,83,145,121,145
"ENSG00000158014",21,31,34,13,20,49,25,50,86,17,144
"ENSG00000158019",1810,1469.99999,1518,1565,1373,1820,1312,2046,2272,2266,2382
"ENSG00000158023",221,302,101,30,46,50,59,44,60,82,88
"ENSG00000158042",639,702,866,756,936,990,928,1116,1004,772,1112
"ENSG00000158050",92,20,30,25,41,48,28,41,169,435,663
"ENSG00000158055",31,139,21,4,48,30,10,16,5,42,25
"ENSG00000158062",625,827,1456,976,1085,1587,1054,1771,1792,1622,2036
"ENSG00000158077",29,82,74,52,60,57,62,50,82,78,47
"ENSG00000158079",310,382,383,288,349,220,329,159,207,257,481
"ENSG00000158089",218,206,538,1313,469,1134,1455,1130,1195,409,836
"ENSG00000158092",686,484,933,728,908,929,955,975,1028,832,1220
"ENSG00000158106",248,257,894,659,934,856,598,724,1322,1551,1309
"ENSG00000158109",385,589,456,393,486,219,453,193,300,323,297
"ENSG00000158113",78,94,75,51,79,74,64,102,80,91,139
"ENSG00000158122",172,207,84,82,69,55,63,70,130,209,283
"ENSG00000158125",109,521,131,159,192,158,233,78,107,64,64
"ENSG00000158156",35,64,121,126,125,225,156,177,175,140,132
"ENSG00000158158",620,645.99999,585,279,484,726,577,330,448,997,832
"ENSG00000158161",1669,1551,638,714,669,559,746,546,493,609,803
"ENSG00000158163",275.00001,343.99999,201,186,261,290,295,193,198,189,312
"ENSG00000158164",380,142,201,157,142,270,149,375,145,134,67
"ENSG00000158169",748,860,475,388,480,441,383,313,301,397,349
"ENSG00000158186",398.00001,506,544,498,511,265,397,256,362,592,452
"ENSG00000158195",1312,795,2236,1538,2384,1251,2184,1410,1413,1200,1465
"ENSG00000158201",219,372,539,627,424,478,391,621,784,333,846
"ENSG00000158220",79,88,45,33,38,69,62,19,27,24,40
"ENSG00000158234",302.00001,390,136,89,92,154,76,93,157,143,82
"ENSG00000158258",980,929,1845,2090,1931,1428,2144,834,1041,1182,1808
"ENSG00000158270",1675,763,3499,5424,2769,2546,2511,3015,7322,6772,8055
"ENSG00000158286",231,176,548,451,638,527,546,551,854,562,497
"ENSG00000158290",767.99998,1067.99999,1283,1056,1389,1101,1283,713,668,952,965
"ENSG00000158292",315,208,127,131,223,59,135,88,186,135,101
"ENSG00000158296",337,375.99999,1181,262,882,656,570,656,918,878,876
"ENSG00000158301",268,236,1372,1411,1603,1526,1521,1121,1340,1905,2199
"ENSG00000158315",212,300,40,34,36,40,33,33,38,34,63
"ENSG00000158321",10034.99997,11583,550,376,558,373,475,343,419,325,245
"ENSG00000158352",393,301,284,311,296,242,267,154,137,192,100
"ENSG00000158373",94,165,38,27,58,41,56,42,31,24,45
"ENSG00000158402",120.00001,22,25,10,32,31,11,26,8,21,6
"ENSG00000158406",68,56,43,20,20,32,24,42,57,67,57
"ENSG00000158411",433,453,286,199,233,408,243,316,347,291,351
"ENSG00000158417",3688,2974,773,760,708,884,776,948,1017,1043,1190
"ENSG00000158423",204,171,148,48,115,133,101,147,172,205,138
"ENSG00000158427",29,20,412,372,327,489,286,468,450,307,312
"ENSG00000158428",26,30,108,65,101,87,91,148,166,128,117
"ENSG00000158435",555,388,748,782,642,850,556,881,1207,1197,1291
"ENSG00000158445",1863,2177,666,240,460,473,438,230,446,595,412
"ENSG00000158457",99,139,91,84,81,40,85,76,113,179,154
"ENSG00000158467",1873.00002,1345,2240,3912,2817,2287,3186,1981,2434,2006,3617
"ENSG00000158470",735,644,178,128,146,90,115,100,113,116,84
"ENSG00000158473",32,26,23,11,12,3,1,9,25,23,22
"ENSG00000158480",176,173,344,241,341,184,313,136,149,231,297
"ENSG00000158526",897,910,2531,2416,2263,3098,2307,3489,4276,3816,4599
"ENSG00000158528",2483,2791,1191,1133,1193,1147,1271,1176,1021,1134,825
"ENSG00000158545",939,845.99999,535,471,565,315,588,285,237,267,339
"ENSG00000158552",320,302,804,562,709,848,772,891,933,1103,1219
"ENSG00000158555",1505.00002,1304.00001,955,684,820,610,772,547,684,873,858
"ENSG00000158560",1180.00001,2557.99999,179,424,177,319,187,400,405,369,611
"ENSG00000158604",1914.00001,1577.00001,4339,3483,4482,4335,4150,5191,5516,4131,4829
"ENSG00000158615",603,775,784,705,932,777,936,509,789,1326,1968
"ENSG00000158623",801,733,416,379,483,381,377,304,331,438,364
"ENSG00000158636",1416.00002,1328.99999,851,687,892,948,874,559,671,912,865
"ENSG00000158669",494.99999,529,1625,1684,1459,1806,1548,1436,1662,1765,2312
"ENSG00000158683",244.99999,707.99999,28,11,30,36,50,8,7,32,15
"ENSG00000158691",377,517,609,482,683,568,671,456,497,471,585
"ENSG00000158710",1769,1410,2645,2078,1913,2422,1322,2646,2226,4434,3124
"ENSG00000158711",500,487,219,168,180,135,178,105,166,185,181
"ENSG00000158716",296,305,604,432,448,723,422,994,1235,1030,1072
"ENSG00000158717",312,218,280,325,186,263,129,306,637,842,992
"ENSG00000158747",681.99999,284.00002,481,470,347,212,295,233,654,379,661
"ENSG00000158769",64,76,190,281,140,139,246,207,152,155,340
"ENSG00000158773",303,211.99999,1284,1002,1154,1464,1161,1468,1682,1680,1301
"ENSG00000158792",188,183,452,411,473,310,440,306,471,827,819
"ENSG00000158793",363,488.99999,1085,794,875,995,868,1006,862,799,1013
"ENSG00000158796",655.99999,360,1160,885,1100,1416,946,1325,1481,1392,1574
"ENSG00000158805",430,413,323,316,382,253,403,247,223,308,387
"ENSG00000158806",60,196,110,120,97,155,148,98,163,66,71
"ENSG00000158813",119,203,72,43,86,49,84,52,58,140,46
"ENSG00000158815",39,54,15,12,27,24,21,15,13,14,8
"ENSG00000158816",79,109,52,33,52,22,18,33,37,87,14
"ENSG00000158828",823.00001,912,519,604,444,502,392,455,1339,4796,3580
"ENSG00000158850",372,261,1531,1571,1651,1899,1759,1893,2054,1939,2807
"ENSG00000158856",58.99998,275,77,104,55,73,70,64,65,62,102
"ENSG00000158859",72,63,147,74,143,73,83,97,106,271,278
"ENSG00000158863",570,647.00001,1638,1630,1731,1790,1777,1160,1416,1989,2470
"ENSG00000158864",1106.00001,1246.00001,4290,4142,4196,5553,4633,5910,6634,5959,6664
"ENSG00000158869",56,16,11,8,10,20,3,15,11,101,15
"ENSG00000158882",202.99999,204,333,251,248,131,221,151,159,167,130
"ENSG00000158941",605,665.00001,2893,2983,2885,3269,3070,2185,2891,4191,4592
"ENSG00000158966",1570,1190.00001,400,435,414,369,409,330,615,685,671
"ENSG00000158985",1300,1200,1484,1487,1586,1372,1493,1105,1308,1176,1647
"ENSG00000158987",5274.00001,3420.00001,774,635,782,674,803,382,419,523,629
"ENSG00000159023",7814.00003,12041,1403,1003,1292,961,1340,578,455,383,452
"ENSG00000159055",309,199,233,180,243,282,243,306,344,276,268
"ENSG00000159063",633.99999,1072.99999,1004,847,803,1256,793,1317,1318,1130,1212
"ENSG00000159069",1075.00001,505,2094,2221,1911,2221,1920,2046,2539,3175,3181
"ENSG00000159079",1287,1123.99999,2075,1658,1646,2386,1778,2606,2866,3099,2547
"ENSG00000159082",1968,2966,547,444,572,343,443,217,252,262,294
"ENSG00000159086",1382.99999,1317.99999,357,290,331,250,331,222,338,489,613
"ENSG00000159110",522.99999,599.99999,539,470,508,478,518,435,490,537,630
"ENSG00000159111",413,534,1280,1079,1418,1377,1617,1518,1827,1409,1627
"ENSG00000159128",972.99999,713,567,651,419,365,227,436,910,1871,1543
"ENSG00000159131",1013,674,1443,1391,1277,1627,1225,1362,1404,1617,1947
"ENSG00000159140",6718,5763.00001,4502,3984,4691,4721,4306,4131,4877,4412,5281
"ENSG00000159147",407.99999,688,302,287,232,177,159,156,411,706,890
"ENSG00000159164",595,762,1138,1091,1475,516,959,524,537,782,575
"ENSG00000159167",350,599,679,627,488,601,626,859,506,394,534
"ENSG00000159173",38,70,646,569,403,820,1097,1071,538,296,341
"ENSG00000159176",82,55,837,438,545,932,654,524,1322,1654,1474
"ENSG00000159199",1501,1381,1952,1445,1351,2619,1496,3055,3199,2623,2776
"ENSG00000159200",305.99999,380.00001,1543,708,274,1013,333,524,996,1934,2918
"ENSG00000159202",1251.99999,1039,962,988,868,662,655,689,1207,1906,1758
"ENSG00000159208",153,172,554,468,623,813,646,697,1543,1032,1084
"ENSG00000159210",1092.00001,1051,1201,1237,933,1600,906,1900,2009,2096,1800
"ENSG00000159212",281,239,423,314,214,319,293,351,454,86,408
"ENSG00000159214",334.99999,332,220,181,194,264,208,398,323,293,305
"ENSG00000159216",135.00001,383,33,11,22,27,24,20,22,49,56
"ENSG00000159217",523,493,256,257,246,187,232,166,103,111,126
"ENSG00000159228",635,437,3868,3622,3457,5514,3806,5129,6689,4754,7644
"ENSG00000159239",21,40,21,10,16,13,24,18,18,16,23
"ENSG00000159248",423,447,46,29,28,26,49,25,27,23,9
"ENSG00000159251",233,156,2068,1422,1390,3443,4126,3055,1522,689,1047
"ENSG00000159256",1019,622.00001,737,624,813,798,751,445,656,757,808
"ENSG00000159259",179,124,190,172,171,179,149,171,140,209,197
"ENSG00000159267",687.99999,658,859,883,757,742,613,545,685,630,1034
"ENSG00000159307",31,41,100,202,104,87,74,122,127,102,273
"ENSG00000159314",69,73.99999,88,137,160,109,110,90,92,168,160
"ENSG00000159322",835.00002,367.99999,1318,1438,1001,1408,1092,1771,1586,1320,1823
"ENSG00000159335",11521,11150,439,322,395,146,321,222,299,466,322
"ENSG00000159346",1201.99999,1572.99999,3982,3830,4124,5394,4198,4403,5237,5585,6102
"ENSG00000159348",460,715.99999,2171,2003,2008,2844,2203,2874,3210,2637,3569
"ENSG00000159352",1163,1060.99999,3350,3084,2885,4586,3049,5542,5730,5690,6261
"ENSG00000159363",508,588.00001,618,552,446,256,374,392,693,1644,1337
"ENSG00000159377",2187.99999,1825.00001,1408,1226,984,1378,934,1819,1858,2304,2205
"ENSG00000159387",105,254,248,288,413,486,393,298,219,230,143
"ENSG00000159388",480,459,3099,2219,2824,2541,2801,2157,14067,28776,19382
"ENSG00000159399",781,1300,5603,4323,5612,5745,7170,2059,1895,3300,5254
"ENSG00000159403",413,251,3218,3555,2117,4283,3282,4061,5944,6057,6542
"ENSG00000159409",953,832.99999,287,109,236,71,169,96,58,70,15
"ENSG00000159423",169,173,864,1589,745,1082,1324,835,1549,898,1476
"ENSG00000159433",946.99999,1027,626,443,523,436,735,226,267,347,288
"ENSG00000159445",426,546,578,490,465,717,414,635,619,635,829
"ENSG00000159459",1680,1733,940,890,864,802,773,630,692,623,948
"ENSG00000159461",1507.99999,1175,845,722,743,569,649,723,1157,1946,2150
"ENSG00000159479",929,810,958,862,790,1384,903,1366,1620,1606,1532
"ENSG00000159556",133,208,44,10,19,19,18,44,27,84,56
"ENSG00000159579",1206,962,1458,1284,1218,1375,1557,1221,1375,1291,2086
"ENSG00000159592",942.00001,1028,1839,1428,2110,1143,1834,742,781,816,1003
"ENSG00000159593",1489,1086,1904,1325,1718,1966,1662,1935,1978,2088,2575
"ENSG00000159596",320,382,759,635,707,830,670,862,1014,756,778
"ENSG00000159625",34,81,71,13,48,51,30,43,62,39,53
"ENSG00000159640",69,76,117,120,204,40,121,63,45,48,25
"ENSG00000159648",44.99999,90,27,14,29,38,22,28,26,26,25
"ENSG00000159658",947,1161,2579,2759,2587,2366,2622,1863,2263,2301,3026
"ENSG00000159674",382,310,426,567,135,496,275,583,531,258,432
"ENSG00000159685",607,556,696,519,565,918,605,1010,1010,819,821
"ENSG00000159692",1767.99999,1454.99999,897,707,830,475,693,576,525,577,601
"ENSG00000159708",50,282,29,21,28,51,34,16,17,24,32
"ENSG00000159713",161,205,1106,708,355,984,458,1026,1153,2027,1088
"ENSG00000159714",269,206.00001,198,181,118,99,106,123,490,1242,921
"ENSG00000159720",872,780,4387,4336,3402,5761,3547,6444,7260,6273,7664
"ENSG00000159733",282.00001,337,28,19,43,20,19,15,28,68,43
"ENSG00000159761",38.00001,67,121,88,128,137,88,152,166,147,108
"ENSG00000159784",268,111.99999,157,113,82,55,86,27,29,53,64
"ENSG00000159788",1097,695.00001,741,748,687,628,593,491,662,794,715
"ENSG00000159792",295,248,2251,2340,2040,2074,2117,1718,2099,2259,2604
"ENSG00000159840",1097.99999,858.99999,1112,1288,1075,583,798,560,797,1318,1611
"ENSG00000159842",1266.99999,985.00001,3329,3913,2162,2852,3006,2564,3257,2119,3642
"ENSG00000159873",341.00001,321.00001,597,665,585,372,316,262,640,891,922
"ENSG00000159882",97,122,279,247,358,273,344,235,252,214,288
"ENSG00000159884",472.00002,508.99999,987,818,858,1407,1029,1687,1723,1342,1846
"ENSG00000159885",109,187,159,105,140,175,204,144,175,208,312
"ENSG00000159899",146.99999,130,99,89,121,84,117,64,96,205,91
"ENSG00000159905",115.99999,296,232,288,239,205,292,161,145,98,200
"ENSG00000159915",174,69,69,54,109,82,101,57,73,50,66
"ENSG00000159917",239.99999,289,216,140,163,200,172,157,163,164,187
"ENSG00000159921",1129.99999,1174,378,391,486,379,489,304,375,343,497
"ENSG00000160007",1236,1052,1479,1214,1458,764,1147,832,868,892,1177
"ENSG00000160014",2989,2150,2134,1835,1873,1336,1808,1711,1545,1496,1518
"ENSG00000160049",948,883,2438,2189,2450,2592,2423,2692,2828,2343,2663
"ENSG00000160050",717,643,1179,1025,1093,1689,1195,2116,1781,1348,1410
"ENSG00000160051",114,85,259,208,273,290,260,245,185,270,272
"ENSG00000160055",267.00001,202.99999,314,256,262,356,328,366,390,311,217
"ENSG00000160058",1149.99998,1056,2703,2492,2889,3329,2897,2437,2897,3640,3311
"ENSG00000160062",330,216,212,193,252,203,295,262,257,209,220
"ENSG00000160072",372.99999,337.00001,289,296,287,263,219,204,298,424,524
"ENSG00000160075",1226,997,1140,1014,1027,1114,1005,1366,2074,3638,4033
"ENSG00000160087",747,588,1249,1097,1014,1426,913,1253,1968,1924,2490
"ENSG00000160094",904,533,347,428,382,217,309,262,454,471,428
"ENSG00000160097",652,347,214,93,125,135,99,120,209,367,140
"ENSG00000160111",1402,494.00001,3605,4354,1889,1270,2266,1259,5892,6457,8231
"ENSG00000160113",1047,1097,175,166,124,98,120,128,288,485,347
"ENSG00000160117",45,54,57,47,49,59,61,59,42,28,45
"ENSG00000160124",465.00001,385,77,50,55,77,68,79,76,39,51
"ENSG00000160131",777,798,1576,1327,1511,1064,1163,878,1030,1295,1541
"ENSG00000160145",5813.00001,6746.00001,322,460,188,268,333,238,242,305,316
"ENSG00000160161",29,41,429,444,746,273,754,253,179,169,277
"ENSG00000160179",2692.99999,3751.99998,546,575,468,329,347,336,749,985,972
"ENSG00000160188",133,119,282,87,113,219,111,242,276,271,303
"ENSG00000160190",367,430,527,418,513,341,498,294,364,440,364
"ENSG00000160191",2522,1261,157,143,130,191,124,171,116,131,131
"ENSG00000160193",389.99999,287.99999,201,159,135,218,138,173,193,148,224
"ENSG00000160194",1482.99999,1363,953,785,921,1119,990,1255,1212,928,1266
"ENSG00000160199",444,395,534,518,492,680,506,547,608,680,743
"ENSG00000160201",36,20,1029,780,911,1213,853,995,1124,1157,1382
"ENSG00000160207",124,87,52,62,35,64,48,86,98,94,81
"ENSG00000160208",848,1163,1013,868,891,871,839,711,915,1094,1502
"ENSG00000160209",808,963.00001,1553,2340,1746,1139,1646,1144,1600,1667,2721
"ENSG00000160211",486,591.00001,233,132,232,88,233,53,48,55,101
"ENSG00000160213",1355,1606.99999,2216,2427,2033,3265,2547,4070,3814,2326,3130
"ENSG00000160214",353,227,796,799,730,1177,798,1209,1387,1135,1396
"ENSG00000160216",2390.00001,2093,911,609,620,572,660,515,671,680,615
"ENSG00000160218",1083,1089.00001,225,180,197,147,205,65,92,150,223
"ENSG00000160226",422,401.00001,1092,895,778,1092,782,1198,1796,1585,1202
"ENSG00000160229",245,252,391,272,293,380,453,279,298,219,288
"ENSG00000160233",47,62,336,448,381,225,255,153,251,381,349
"ENSG00000160256",329.99999,336,86,73,95,34,67,45,48,51,23
"ENSG00000160271",792,712.00001,348,308,340,247,349,246,295,677,472
"ENSG00000160284",117,156,199,182,206,240,189,308,283,263,278
"ENSG00000160285",759,521,2546,2605,2679,2612,3155,1833,2009,2478,3867
"ENSG00000160293",645,381.00001,570,410,621,291,440,271,286,438,308
"ENSG00000160294",1202.00001,877.00002,1860,1934,1950,1431,1599,849,1040,1686,1948
"ENSG00000160298",166,152.99999,118,88,81,77,120,79,59,54,52
"ENSG00000160299",963.00001,787.99998,846,700,702,1047,820,923,952,793,969
"ENSG00000160305",1602,2592.00001,1098,1103,1263,917,1219,572,661,1023,1142
"ENSG00000160307",280,124,1766,1544,616,2237,1053,2419,5144,2802,2769
"ENSG00000160310",2461,1453.00001,6493,5706,6142,7600,5798,7742,9024,9583,9210
"ENSG00000160318",22,36,23,25,53,40,30,27,27,26,23
"ENSG00000160323",319,231.99999,143,143,93,107,130,88,167,286,362
"ENSG00000160325",377,399,1720,1539,1765,1684,1580,1682,1629,1798,1947
"ENSG00000160326",163,127,146,137,77,182,100,189,275,413,490
"ENSG00000160336",155,140.99999,616,605,533,433,660,337,408,330,583
"ENSG00000160345",107,137,158,98,108,168,131,197,232,220,329
"ENSG00000160352",716,394,477,374,490,365,441,395,377,232,535
"ENSG00000160360",1143.00001,1133,388,348,296,201,244,318,333,647,594
"ENSG00000160392",219,219.00001,241,206,217,209,237,175,204,178,176
"ENSG00000160401",38,100,21,16,2,19,10,19,27,21,18
"ENSG00000160404",171.00001,161.99999,437,303,370,480,318,460,452,532,434
"ENSG00000160408",511,372,1360,1131,1559,1257,1200,1010,1511,1784,1710
"ENSG00000160410",206.00001,306,1006,938,958,1226,1066,1139,1137,1091,1104
"ENSG00000160439",558,325,676,582,685,682,815,694,788,740,1143
"ENSG00000160445",652,607,2660,2474,2999,2470,2656,1509,1806,2465,2676
"ENSG00000160446",160,164,510,566,499,773,539,948,1019,724,762
"ENSG00000160447",83,57,74,102,90,68,93,56,37,26,31
"ENSG00000160460",712.00001,835,112,80,120,82,123,68,102,143,141
"ENSG00000160471",36,44,29,34,48,39,48,21,19,11,54
"ENSG00000160539",17,56.99999,86,66,60,91,64,109,139,151,119
"ENSG00000160551",2317,2066,1338,1143,1335,862,1202,695,837,794,997
"ENSG00000160563",884,1411,1203,997,1110,1367,1037,1518,1751,1656,1940
"ENSG00000160570",257.00001,375,1108,926,1317,1448,1193,1480,1852,1715,2066
"ENSG00000160584",2447,3829.00001,391,355,449,280,350,171,145,306,247
"ENSG00000160588",43,61,45,51,18,37,32,31,29,34,68
"ENSG00000160593",34,25,6,24,8,32,13,26,22,2,10
"ENSG00000160602",89,69,228,126,251,151,170,207,282,171,255
"ENSG00000160606",45,28,59,30,52,49,46,97,121,159,126
"ENSG00000160613",590,615,1232,1065,1087,1277,1233,981,905,1418,1339
"ENSG00000160633",2066.99999,1863,2760,2460,3210,3470,3349,2804,3119,3710,3644
"ENSG00000160679",1221,1100,1895,1600,1836,2265,1920,2081,2253,2408,3140
"ENSG00000160683",23,28,0,0,16,50,15,0,55,0,116
"ENSG00000160685",254,370.00001,82,74,79,19,79,9,18,18,42
"ENSG00000160688",514,410.99999,1184,938,896,1430,1094,1516,1613,1602,1779
"ENSG00000160691",806.00001,491.00001,2231,2340,3084,1428,2879,1179,1253,1205,1833
"ENSG00000160695",271.99999,321,945,1002,966,1261,1049,913,1258,1147,1442
"ENSG00000160703",241.99999,271.99999,316,333,318,297,337,175,250,391,456
"ENSG00000160710",1828,2159.99999,5335,5168,5740,3892,5577,2885,3179,3303,3995
"ENSG00000160712",23,50,7,5,30,16,24,17,38,75,55
"ENSG00000160714",976,948,200,146,189,92,117,210,241,305,257
"ENSG00000160716",111,175,205,101,142,101,87,56,94,188,84
"ENSG00000160741",363,304.99999,424,442,520,271,410,253,225,184,311
"ENSG00000160746",542.99999,1161.00001,1159,1066,952,1204,1090,1158,1292,737,984
"ENSG00000160752",1385,905,1942,1711,1522,2597,1565,2920,3277,2934,2801
"ENSG00000160753",502,257,759,542,782,727,706,754,837,779,835
"ENSG00000160767",232,184,164,142,210,105,172,81,113,63,163
"ENSG00000160781",431,360,517,426,551,379,502,298,392,447,378
"ENSG00000160783",917.00001,615,735,813,708,923,648,1337,1517,1099,1071
"ENSG00000160785",532,949,1526,1552,1405,1591,1654,1278,1992,2438,3910
"ENSG00000160789",1839.99998,1100,2315,1435,1773,2714,1755,2305,3344,7193,7564
"ENSG00000160796",203,255.00001,194,156,231,68,161,108,117,138,154
"ENSG00000160799",930.00001,834,760,608,709,1129,735,1263,1480,1263,1382
"ENSG00000160801",108,77,82,34,74,53,66,19,64,42,117
"ENSG00000160803",277,185,602,633,710,272,613,301,225,242,398
"ENSG00000160813",382,481.00001,41,30,41,37,25,32,58,247,215
"ENSG00000160818",297.00001,173,201,272,123,252,149,421,495,379,492
"ENSG00000160862",16.00001,17.99999,66,42,67,77,50,72,101,21,109
"ENSG00000160867",69,71,118,48,92,47,91,35,73,57,54
"ENSG00000160877",469.99999,366,25,30,32,6,30,4,10,20,2
"ENSG00000160888",958.99999,1114,1182,1220,1025,1505,848,1407,4452,12540,15777
"ENSG00000160908",338,209.00001,656,604,758,890,864,719,868,877,1389
"ENSG00000160917",447,308.00001,652,530,663,780,696,639,721,832,1436
"ENSG00000160932",181.00001,89.99999,430,462,686,339,633,484,384,357,339
"ENSG00000160948",1528,1225.99999,2580,2094,2315,3024,2363,3812,3841,3616,2779
"ENSG00000160949",138,105,331,321,394,361,381,205,182,266,227
"ENSG00000160953",1126.00002,744.99999,2095,1606,1925,1865,1823,1593,1922,2167,2029
"ENSG00000160957",232,156,79,104,74,50,48,98,108,284,110
"ENSG00000160959",434.99999,379,335,240,233,298,188,268,303,589,763
"ENSG00000160961",591,494.99999,789,701,761,825,734,549,742,797,1061
"ENSG00000160963",65,94,303,157,401,173,393,224,165,128,81
"ENSG00000160972",609.99999,509,1034,786,903,793,914,760,745,891,918
"ENSG00000160991",946.00001,1003.00001,1630,1350,1485,1405,1188,1494,1699,1989,2277
"ENSG00000160993",249,251,500,468,518,732,621,827,788,746,741
"ENSG00000160999",248,138,11,15,3,2,3,0,0,61,98
"ENSG00000161010",861,707,1052,920,1040,1133,1208,1101,1147,1307,1941
"ENSG00000161011",2562,3274.00001,15962,15159,17653,19531,16589,21358,25881,22892,41867
"ENSG00000161013",675,734,509,473,596,333,441,509,559,722,476
"ENSG00000161016",13504.99999,10990,13170,10262,13157,14194,13205,16197,15406,13685,13142
"ENSG00000161021",596,506,389,341,385,243,406,223,217,293,252
"ENSG00000161036",235.00001,182.99999,764,661,677,814,697,952,868,1020,1034
"ENSG00000161040",1697.99999,1354,103,84,73,86,80,51,89,54,113
"ENSG00000161048",903,1029,541,373,472,474,537,440,533,329,290
"ENSG00000161057",1392,1563.99998,2678,2296,2439,3126,2444,3302,3921,3841,4850
"ENSG00000161082",400,270,39,39,54,47,26,54,28,63,34
"ENSG00000161091",312,358,179,221,107,51,110,121,221,383,446
"ENSG00000161179",171,193.00001,385,377,415,547,444,578,650,643,618
"ENSG00000161202",1402.00001,1036,1513,1717,1441,1054,1593,1253,1481,1346,2319
"ENSG00000161203",3238,2765.00001,11730,12043,11259,14422,12474,15188,14972,13277,14807
"ENSG00000161204",423.99999,395,1300,1162,1315,1403,1443,1204,1203,1476,1605
"ENSG00000161217",816.00001,562,907,880,723,834,880,619,654,775,1418
"ENSG00000161243",52,98,91,68,70,74,90,80,57,59,83
"ENSG00000161249",144,128.00001,660,521,606,756,782,1052,950,346,549
"ENSG00000161265",208,291.99999,452,293,332,563,349,506,637,696,594
"ENSG00000161267",468.99999,409.99999,212,259,138,314,166,273,372,258,254
"ENSG00000161270",56,85,28,28,50,47,64,32,31,45,4
"ENSG00000161277",221,193,611,595,700,933,750,939,768,689,853
"ENSG00000161298",346.99999,402.99999,280,226,282,261,332,149,170,174,184
"ENSG00000161328",43,53,83,23,85,23,62,29,33,52,47
"ENSG00000161381",764.99999,608,726,270,389,678,384,320,610,921,533
"ENSG00000161395",241,240.99999,966,861,771,1067,849,957,1173,1345,984
"ENSG00000161405",109,357,113,68,94,104,101,66,71,63,86
"ENSG00000161509",96,48,18,19,8,10,5,7,23,40,38
"ENSG00000161513",163.00001,165.00001,388,284,266,419,337,417,391,573,721
"ENSG00000161526",907.99999,743,1337,1167,1227,2030,1428,1827,2186,2416,2667
"ENSG00000161533",1116,947.00001,1377,1240,1473,1150,1168,900,1035,1022,1797
"ENSG00000161542",720,644,2924,2696,3796,2902,3273,2599,2849,2771,3267
"ENSG00000161544",147,293.99999,50,49,31,21,43,34,56,32,40
"ENSG00000161547",2114.99999,1640.99999,2059,1726,1627,2516,1368,2543,3689,3697,4961
"ENSG00000161551",467,437.00001,200,200,293,172,311,191,177,127,165
"ENSG00000161558",84,164,322,288,340,434,436,398,345,352,332
"ENSG00000161609",50,161.00001,14,7,29,16,19,8,7,55,0
"ENSG00000161618",105,111.99999,266,288,329,302,292,289,269,293,252
"ENSG00000161638",154,122,859,891,857,846,799,505,436,1110,1213
"ENSG00000161642",2427.00001,3599,1798,1113,1808,2199,1724,1612,2066,2249,1462
"ENSG00000161643",17,31,23,24,22,28,42,15,17,20,37
"ENSG00000161647",185,148,112,96,167,107,149,136,138,176,164
"ENSG00000161653",42,36,107,67,165,96,125,81,108,68,114
"ENSG00000161654",1000,443,1868,1470,1568,1767,1576,1743,2282,2404,3120
"ENSG00000161664",98,43,35,28,33,13,41,27,25,16,21
"ENSG00000161671",2059,1422,442,279,325,265,336,315,369,413,401
"ENSG00000161677",315.99999,283,165,137,136,113,126,181,188,189,141
"ENSG00000161682",1081,715,234,307,198,52,134,111,175,192,162
"ENSG00000161692",181,107,114,102,122,130,102,117,109,70,87
"ENSG00000161714",563,883,722,693,378,352,481,316,614,1234,1144
"ENSG00000161791",375,292,735,459,646,460,473,282,420,567,357
"ENSG00000161800",845,685.99999,713,493,595,615,651,487,274,334,407
"ENSG00000161813",1671,1548.00001,998,957,1016,1000,1113,763,837,863,1306
"ENSG00000161835",106,83,31,21,34,11,34,14,10,16,8
"ENSG00000161847",532.00001,367,501,483,560,171,384,218,183,154,283
"ENSG00000161860",72,57,22,60,57,43,52,28,30,44,62
"ENSG00000161888",210,70,28,34,32,29,29,38,44,55,25
"ENSG00000161904",728.00001,620,310,256,236,246,227,327,576,1293,1533
"ENSG00000161905",452,76,7,20,4,16,18,21,10,12,32
"ENSG00000161914",135.00001,104,46,19,34,7,30,16,35,35,32
"ENSG00000161920",299,216,424,367,298,514,316,571,517,547,506
"ENSG00000161921",128,163,758,985,770,896,856,1074,1417,1354,1785
"ENSG00000161929",90,44,24,23,15,29,29,21,29,14,13
"ENSG00000161939",583,422.00001,292,311,415,462,308,422,307,327,316
"ENSG00000161955",72,35,251,273,294,370,343,423,736,450,584
"ENSG00000161956",504.00001,463.99999,327,277,310,68,269,40,54,64,65
"ENSG00000161958",573.00002,584,892,774,940,779,912,555,689,894,1359
"ENSG00000161960",4210.99999,3168.99998,2414,1956,1964,2687,2347,2820,3495,3532,4303
"ENSG00000161970",14836.99999,10572,3201,2309,3245,2915,2814,3417,2709,2095,2142
"ENSG00000161980",270,189,535,443,500,672,461,800,823,586,725
"ENSG00000161981",552,372,1065,1096,787,1473,886,1835,1934,1865,1914
"ENSG00000161996",533.00001,320,601,425,556,574,494,418,454,513,611
"ENSG00000161999",568.00001,540,1236,1024,877,958,572,1017,2107,2413,2300
"ENSG00000162032",657,695,1351,1215,1396,1881,1612,1929,2302,2115,2259
"ENSG00000162062",111.99999,53,130,106,88,97,94,151,182,119,161
"ENSG00000162063",203,152,432,325,542,352,499,276,257,440,247
"ENSG00000162065",405,350.00001,525,356,645,356,510,209,245,396,409
"ENSG00000162066",229.99999,205,722,756,679,941,895,987,843,940,1386
"ENSG00000162068",51,49,29,26,35,13,12,19,37,21,39
"ENSG00000162073",1183,1132.99999,592,413,224,444,167,527,955,1975,1073
"ENSG00000162076",653,561,790,679,616,937,735,1076,1112,989,1401
"ENSG00000162086",716.00001,758.00001,556,632,486,875,605,682,868,716,750
"ENSG00000162104",280,299,161,188,157,125,187,61,65,64,83
"ENSG00000162105",1427,565,395,323,253,276,376,244,316,148,183
"ENSG00000162129",703.99999,1236.00001,732,562,773,616,681,620,528,633,717
"ENSG00000162139",201,267,856,614,739,591,789,349,405,497,618
"ENSG00000162144",393,346.99999,968,966,905,1108,972,1091,1319,1134,1143
"ENSG00000162148",43,45,101,75,134,121,135,115,106,117,97
"ENSG00000162174",583.00001,404.99999,784,913,474,1123,670,1061,1020,1175,1090
"ENSG00000162188",113,130,370,125,135,308,100,349,442,761,414
"ENSG00000162191",1113,1045.99999,1464,1207,1405,1527,1569,1725,1862,1644,1780
"ENSG00000162194",448.99999,817,219,138,200,449,200,215,333,394,265
"ENSG00000162222",236,163,449,353,458,617,543,483,588,470,697
"ENSG00000162227",201,207,344,373,208,193,118,284,690,922,1209
"ENSG00000162231",572,667,2907,2882,2632,3269,2855,2827,3384,3727,4708
"ENSG00000162236",622,553,289,213,314,60,275,107,68,92,87
"ENSG00000162241",31.00001,34,50,60,60,56,35,51,69,164,119
"ENSG00000162244",8661.00001,7608.00001,6653,4444,5489,6210,5449,7418,6743,6012,5679
"ENSG00000162298",651,629.99999,461,432,560,251,546,378,432,382,495
"ENSG00000162300",338.99999,387,907,812,1274,1092,1098,1257,1127,1149,1333
"ENSG00000162302",154.00001,164,86,82,98,31,81,32,16,12,13
"ENSG00000162337",675,297,346,304,272,112,258,141,168,346,275
"ENSG00000162341",381,452.99999,202,225,200,234,234,214,273,222,293
"ENSG00000162368",1078,964,922,838,667,758,606,694,978,1313,1320
"ENSG00000162373",391,451,493,338,429,588,416,520,453,691,442
"ENSG00000162374",122.99999,287,70,41,35,46,13,55,40,48,14
"ENSG00000162377",202,231,614,716,629,724,595,732,609,474,734
"ENSG00000162378",1023,937,1554,1666,1578,1132,1452,771,773,802,1247
"ENSG00000162383",1379.99999,2082,1228,379,872,1094,958,622,567,721,351
"ENSG00000162384",617,513,1285,969,1067,1415,1091,1582,1682,1316,1571
"ENSG00000162385",712,601,283,263,252,378,244,458,478,345,449
"ENSG00000162390",372,249.00001,815,1054,806,1154,1362,856,918,382,856
"ENSG00000162396",84,79,303,247,356,342,364,234,188,198,189
"ENSG00000162402",1857,1465,586,432,501,408,579,309,324,441,394
"ENSG00000162407",713,760,3698,3339,5363,4089,3922,5290,6094,5281,4490
"ENSG00000162408",661,517,752,799,636,641,628,641,924,1043,1545
"ENSG00000162409",678,748,545,527,626,495,677,336,278,318,403
"ENSG00000162413",129,175,722,1173,466,360,457,545,1053,1299,3781
"ENSG00000162415",505,549,351,251,266,236,326,219,176,180,242
"ENSG00000162419",361,341,434,378,471,421,408,380,461,383,430
"ENSG00000162426",87,124,110,83,76,32,59,56,56,63,45
"ENSG00000162430",797.99999,595,371,269,263,129,265,125,210,255,152
"ENSG00000162433",1106,1063,4151,3578,3744,3389,3821,2505,2869,3160,5030
"ENSG00000162434",2056.99998,1715.99997,3810,4233,3488,2943,2752,2262,3229,4836,4417
"ENSG00000162437",515,391,229,149,278,267,232,144,213,204,230
"ENSG00000162441",864,867,1593,1221,1322,1332,1157,1130,1086,935,1522
"ENSG00000162444",48,54,44,74,27,91,63,100,90,12,44
"ENSG00000162458",233,143,487,413,598,312,502,242,240,279,277
"ENSG00000162461",45,21,32,25,23,25,58,63,47,116,94
"ENSG00000162482",97,39,23,15,16,19,30,16,26,12,19
"ENSG00000162490",68,59,370,159,246,204,160,134,216,628,128
"ENSG00000162493",677,411,1658,1738,1326,1920,1696,2053,2069,1910,2217
"ENSG00000162496",1493.00001,1161,6278,7984,6929,6267,7531,11235,24574,10873,23203
"ENSG00000162510",21,26,20,24,12,6,11,15,29,36,257
"ENSG00000162512",746,378,843,269,259,374,236,226,289,694,541
"ENSG00000162517",613,615,2143,1993,1943,2445,1926,3046,3489,3532,3643
"ENSG00000162520",62,42,607,695,629,548,352,467,665,865,737
"ENSG00000162521",2801.99999,2159,7861,6288,7561,7120,6694,6371,6926,6943,8042
"ENSG00000162522",269,242,273,256,342,179,368,296,321,183,278
"ENSG00000162526",26,40,33,8,31,23,22,7,10,12,11
"ENSG00000162542",59,108,113,53,76,137,78,77,146,89,185
"ENSG00000162543",32,33,173,98,129,176,95,127,157,224,119
"ENSG00000162545",383,545,91,60,72,58,41,73,57,91,50
"ENSG00000162551",482,239,189,251,65,316,123,444,541,648,1251
"ENSG00000162552",19,34,24,2,3,3,3,6,12,37,8
"ENSG00000162572",170,138,125,91,130,115,100,51,119,193,99
"ENSG00000162576",253,163,1348,955,1071,743,818,939,1405,2083,1532
"ENSG00000162585",964.00001,695,1126,906,940,932,818,1071,1234,1009,1027
"ENSG00000162591",138,142,585,325,521,443,281,194,438,781,1002
"ENSG00000162599",5783.00001,3189.99999,2784,1838,1639,2318,1628,1634,2400,3424,3267
"ENSG00000162600",380,748,375,334,369,395,373,383,345,246,263
"ENSG00000162601",712,671,363,306,345,360,435,187,227,198,261
"ENSG00000162604",2023,1497,902,704,768,1023,740,977,1127,960,1120
"ENSG00000162607",1131,1091,773,626,824,787,723,669,819,821,1092
"ENSG00000162613",2372.99999,1844.00001,1711,1566,1780,1373,1529,1395,1643,1243,1979
"ENSG00000162614",228,199,85,119,89,190,153,141,110,48,97
"ENSG00000162616",533,547,586,475,680,649,620,533,652,811,1100
"ENSG00000162618",622.99999,231.99999,36,11,1,25,0,29,47,45,32
"ENSG00000162620",145,72,108,72,91,131,80,70,86,78,63
"ENSG00000162623",607.00001,37,450,378,476,479,410,476,596,511,645
"ENSG00000162627",498,435.00001,635,684,601,698,484,639,576,764,626
"ENSG00000162630",167,402,78,58,51,72,60,46,45,45,19
"ENSG00000162631",185.99999,236,59,89,30,92,61,88,57,59,79
"ENSG00000162636",404,463,123,92,112,87,122,58,53,62,86
"ENSG00000162639",45,100,24,33,19,39,24,60,52,64,14
"ENSG00000162642",787,701,662,487,564,814,654,639,943,854,1217
"ENSG00000162643",93,493,62,23,24,68,23,27,34,63,154
"ENSG00000162645",165,94,594,452,1150,734,632,511,673,1628,699
"ENSG00000162650",151.99999,125,312,280,250,310,320,279,217,270,263
"ENSG00000162654",18,32,37,21,35,40,30,51,33,41,54
"ENSG00000162664",3739.99999,4696,1236,936,1090,1295,903,1353,1791,1491,1530
"ENSG00000162669",588,605,122,75,101,107,93,62,72,72,118
"ENSG00000162687",2898.99999,1875.00001,154,104,149,113,128,74,64,84,72
"ENSG00000162688",2459.99999,3276,1599,2691,1913,1350,1657,934,660,1211,832
"ENSG00000162692",55,89,234,148,307,339,278,180,225,467,409
"ENSG00000162694",582.00001,410,780,601,665,810,612,672,824,831,914
"ENSG00000162695",749,899,823,895,793,723,738,562,693,713,1309
"ENSG00000162702",697,802.99999,1055,921,1084,1071,1156,716,885,1074,876
"ENSG00000162704",1353,905,3211,3134,3000,3773,2962,3730,4560,3581,3905
"ENSG00000162706",2565,1021.00001,638,394,412,198,327,217,212,424,263
"ENSG00000162711",22,78,19,18,4,8,8,6,15,1,39
"ENSG00000162714",497,433.00001,971,821,945,959,925,845,1259,1375,1573
"ENSG00000162722",40,29,19,23,11,14,8,31,18,22,12
"ENSG00000162729",391.99999,397,1693,1650,2328,1374,1822,1164,1187,1599,1618
"ENSG00000162733",732.99999,577,1205,3197,1171,1645,1839,1401,1238,2140,1041
"ENSG00000162734",5439,4201,7934,6696,6771,2313,5068,2499,2227,2890,2373
"ENSG00000162735",592,606.00001,3918,3381,4052,4192,3752,3670,4205,4534,4690
"ENSG00000162736",908,894,5858,5243,5104,5659,4858,5256,6132,6067,6981
"ENSG00000162738",625,335,829,592,913,355,695,430,376,323,495
"ENSG00000162745",117,51,260,452,124,293,112,220,324,413,130
"ENSG00000162755",234.99999,195,826,624,761,966,598,1206,1249,1129,1032
"ENSG00000162757",30,31,70,84,106,173,78,108,83,110,130
"ENSG00000162769",419,645,331,238,280,240,265,174,188,275,236
"ENSG00000162772",208,299,447,292,315,285,230,342,504,2113,2492
"ENSG00000162775",481.99999,470.00001,330,316,440,243,435,185,231,289,448
"ENSG00000162783",462,357,66,75,46,78,56,59,74,278,290
"ENSG00000162804",619,647,224,145,220,158,213,145,173,354,315
"ENSG00000162813",485,467.00001,350,354,330,340,242,277,326,237,383
"ENSG00000162814",188,179.00001,111,49,65,69,45,107,82,78,168
"ENSG00000162817",48,97,126,153,189,173,113,103,176,367,251
"ENSG00000162819",669,784,956,877,983,670,741,674,941,949,1548
"ENSG00000162825",395,301,513,411,439,460,481,396,353,420,518
"ENSG00000162836",371,277,565,519,514,617,619,503,576,557,650
"ENSG00000162849",93,96,199,60,46,55,119,57,62,39,66
"ENSG00000162851",233,200,305,233,243,312,316,353,379,314,535
"ENSG00000162852",569,608,1127,1022,1280,990,1098,653,780,1035,1200
"ENSG00000162869",1612.00001,2129.99999,801,745,672,590,652,577,534,522,410
"ENSG00000162873",294,225,570,430,205,610,149,441,515,1403,903
"ENSG00000162878",811,1003,177,126,192,133,258,169,247,171,88
"ENSG00000162885",880,1306,1273,1019,1198,979,985,745,923,927,1297
"ENSG00000162889",778,560,150,95,118,49,126,68,81,65,47
"ENSG00000162909",1116,850.00001,2945,3197,2380,2310,1865,2201,3512,5540,5342
"ENSG00000162910",624,740.99999,1938,1642,2071,2488,2213,2757,2918,2573,3080
"ENSG00000162923",1544,1401.00001,627,556,744,488,593,316,468,483,606
"ENSG00000162924",762,910,437,312,473,264,434,245,229,210,335
"ENSG00000162927",311.99999,185,181,160,197,167,169,171,133,99,157
"ENSG00000162928",409,728,784,735,918,886,886,785,969,916,1230
"ENSG00000162929",1324,1150,312,207,269,293,204,202,179,182,114
"ENSG00000162931",129,80,48,41,56,31,54,35,27,49,45
"ENSG00000162944",545,381,438,360,377,393,333,241,297,699,563
"ENSG00000162946",579,1239,84,103,89,87,24,56,39,66,34
"ENSG00000162951",18,100,24,10,19,31,14,22,55,28,76
"ENSG00000162959",2334.00001,1999,461,424,357,358,367,373,422,378,482
"ENSG00000162961",1026.99999,735.00001,1010,711,802,1092,682,1154,1237,981,1235
"ENSG00000162971",596.00001,515,497,407,430,507,568,321,335,437,466
"ENSG00000162972",340,372.99999,226,183,173,292,225,275,304,266,305
"ENSG00000162976",110,86.00001,630,504,465,643,441,632,971,591,745
"ENSG00000162980",1119,1099,776,909,649,734,658,570,1074,780,1196
"ENSG00000162981",560,271,4372,3037,8648,3314,4226,4222,4004,1723,4215
"ENSG00000162989",306,203,73,161,130,89,138,124,104,87,107
"ENSG00000162992",2714,4899.99999,2201,1018,2320,2339,1490,2488,1405,2021,826
"ENSG00000162994",861.00001,440,322,198,280,309,257,179,200,197,239
"ENSG00000162998",3024,2534,7270,11932,4118,11304,7122,14342,17067,17085,21532
"ENSG00000162999",76,89,160,124,154,154,164,90,94,105,139
"ENSG00000163001",1591,1536.99999,1297,1152,1104,1520,1091,1618,1727,1741,2449
"ENSG00000163002",454,698,353,226,198,289,197,372,506,376,523
"ENSG00000163006",1065,1549.00001,196,141,178,171,190,166,137,152,137
"ENSG00000163013",215,260,126,119,177,113,145,88,111,200,132
"ENSG00000163017",20,50,42,15,4,29,4,28,33,57,56
"ENSG00000163026",144,149,403,358,455,411,466,265,244,357,384
"ENSG00000163029",1169,1272,608,662,450,742,582,811,647,371,735
"ENSG00000163032",427,266,405,1289,395,814,730,1033,903,826,598
"ENSG00000163040",206.99999,140,453,440,529,613,491,699,858,791,610
"ENSG00000163041",401,368,11716,8808,10410,12699,8595,14757,13776,12338,9383
"ENSG00000163050",126,181,1233,1106,1650,1541,1782,1113,1546,1337,1746
"ENSG00000163053",217,320.99999,995,1368,644,1082,911,1330,1235,475,955
"ENSG00000163069",753,625,1658,1717,1428,1829,1316,1556,1722,2122,2307
"ENSG00000163071",234,256,96,147,86,114,94,64,46,41,100
"ENSG00000163075",611,779,138,67,59,143,59,116,114,122,166
"ENSG00000163082",36,88,41,34,44,31,40,36,51,137,69
"ENSG00000163092",102,225,30,33,13,31,71,38,26,14,25
"ENSG00000163093",902,1151,237,153,235,190,167,152,199,175,177
"ENSG00000163104",2229.99998,1515,916,797,771,824,683,561,669,625,893
"ENSG00000163110",2940,1752.00001,3333,3175,3314,2940,2910,2771,2954,2221,3080
"ENSG00000163116",140,253,28,15,11,34,14,21,12,16,19
"ENSG00000163125",1374,1215,1508,1284,1743,794,1538,776,632,574,856
"ENSG00000163126",53,73,72,50,75,57,112,49,77,55,72
"ENSG00000163131",101.00001,203,33,24,32,21,31,24,77,31,65
"ENSG00000163132",36,136,37,32,49,46,35,44,45,141,269
"ENSG00000163138",857,713,252,207,189,194,213,160,227,269,284
"ENSG00000163141",76,51,13,14,27,3,23,10,18,17,13
"ENSG00000163145",139,404,6,26,11,4,9,5,3,10,25
"ENSG00000163155",270,190,206,141,180,134,146,175,153,137,141
"ENSG00000163156",441,386.99999,838,665,784,1092,863,1049,1194,1258,1550
"ENSG00000163157",17,38,25,7,12,20,12,8,9,9,9
"ENSG00000163159",622,527.00001,1472,1107,1308,1852,1306,2021,2137,1812,2020
"ENSG00000163161",1009.99999,742,1997,1932,2043,2544,2275,2139,2305,2460,2728
"ENSG00000163162",780,824.00001,963,1067,855,1081,915,1009,1311,1159,1822
"ENSG00000163166",1248.99999,1494,1055,953,1015,1083,1119,1233,1279,1343,1640
"ENSG00000163170",698,802.99999,277,247,230,434,240,526,437,299,413
"ENSG00000163171",518,583,1259,709,1696,1211,1464,1189,1026,1024,842
"ENSG00000163191",771,212,793,541,407,797,492,1065,1013,1356,1027
"ENSG00000163214",1024,731,519,485,593,338,431,234,289,311,375
"ENSG00000163235",156.99999,105.99999,68,89,17,62,65,42,67,47,268
"ENSG00000163249",764.99999,1262,220,212,134,174,156,145,170,258,201
"ENSG00000163251",1276,891,1405,2074,874,791,850,840,968,2253,1010
"ENSG00000163257",975.99999,755,1186,1142,1404,1165,1215,1004,1306,986,1374
"ENSG00000163273",27,52,67,7,19,132,20,54,131,238,164
"ENSG00000163281",440.00001,411.00001,699,605,771,781,660,624,853,576,830
"ENSG00000163285",60,86,12,20,12,32,4,10,18,33,2
"ENSG00000163291",232,317,501,434,420,307,306,292,374,440,661
"ENSG00000163293",101,134,20,30,27,29,6,48,32,15,24
"ENSG00000163297",727,1293,507,398,560,459,454,348,315,510,606
"ENSG00000163312",538,687.00001,453,344,401,516,392,381,469,440,663
"ENSG00000163319",653,586,815,684,638,1061,704,1140,1197,810,1302
"ENSG00000163320",1206,1068,2643,2452,2772,2088,2434,1550,1844,1900,2277
"ENSG00000163322",393,496,195,137,142,170,153,136,139,100,151
"ENSG00000163328",741,755,772,492,602,560,566,366,496,573,690
"ENSG00000163331",2316,998,6705,6827,10051,9505,8242,9854,8736,5840,3703
"ENSG00000163344",521,498,1369,1281,1089,1751,1233,2168,2411,1943,2312
"ENSG00000163346",780,642,4957,5756,5184,6249,5717,5235,6942,6772,7342
"ENSG00000163347",148,78,2870,1636,4528,2384,2685,3005,5333,3193,3068
"ENSG00000163348",343,357,1376,1213,1599,1162,1323,980,822,1029,1139
"ENSG00000163349",1953.00001,2606,1538,1012,1871,1008,1454,599,874,922,1150
"ENSG00000163354",51,70,29,33,48,26,64,24,21,32,27
"ENSG00000163357",39,102.99999,15,4,18,32,20,5,16,40,7
"ENSG00000163359",146,234,301,29,10,28,10,38,159,219,240
"ENSG00000163362",41,56,59,53,60,28,62,34,40,43,64
"ENSG00000163374",896,1034.00001,1355,1195,1359,1415,1590,1212,1466,1704,2045
"ENSG00000163376",45,69,48,45,32,20,40,38,38,67,131
"ENSG00000163377",806,1195,494,165,469,524,346,367,339,332,242
"ENSG00000163378",845.99999,937,326,182,184,176,231,168,171,183,156
"ENSG00000163380",58,71,23,15,13,27,20,16,9,6,21
"ENSG00000163382",1107.99999,1094.00002,2354,2109,1960,2976,1989,3455,3873,3526,3823
"ENSG00000163389",478,417,837,705,820,841,810,875,1064,720,1332
"ENSG00000163393",289,187,113,85,84,75,94,54,35,39,58
"ENSG00000163399",1962.99999,2100.99999,4004,4349,3477,2685,3215,2062,2665,3406,2855
"ENSG00000163406",282,404,2814,3053,3795,2820,3084,2303,4163,2010,2425
"ENSG00000163412",1079,1224.99999,456,496,491,327,474,303,504,362,474
"ENSG00000163428",739,657,1581,1613,1866,1311,1347,843,1415,1081,1903
"ENSG00000163430",1729,699,14077,12870,14066,12806,13443,9364,11501,15172,10687
"ENSG00000163431",1236,1317,1140,795,1240,931,1485,648,812,432,469
"ENSG00000163435",17,46,124,99,53,116,160,115,232,99,218
"ENSG00000163444",564,550,2146,1893,2056,2753,1995,2294,2802,2580,2812
"ENSG00000163449",312.99999,342.99999,546,320,373,472,352,310,297,384,168
"ENSG00000163453",451,882,2682,3424,911,2516,1119,2899,5123,2461,5622
"ENSG00000163462",172.00001,132.99999,141,133,142,154,157,154,139,114,104
"ENSG00000163463",1238.99999,1240,1696,1233,1424,2057,1316,2393,2319,1470,1896
"ENSG00000163466",3278.99999,2377,4253,4121,3656,4920,3451,5114,5258,5539,6297
"ENSG00000163468",2547,2534,7042,5811,5750,7800,5713,8334,8882,8452,9076
"ENSG00000163472",137,74,270,221,200,274,223,277,241,289,241
"ENSG00000163479",2020,1353.99998,2902,2337,2345,3341,2718,3608,3813,3286,4318
"ENSG00000163481",268,200,532,459,552,888,576,795,1029,810,1306
"ENSG00000163482",516,515,1811,1581,1557,1837,1676,1106,1102,2035,1870
"ENSG00000163485",46,129,563,255,554,299,340,350,494,790,380
"ENSG00000163491",1047,1173.99999,78,37,60,69,46,42,49,49,59
"ENSG00000163492",183,306.99999,99,136,106,186,107,200,99,65,59
"ENSG00000163507",491,454,104,98,99,128,92,130,82,99,85
"ENSG00000163510",860,880,708,648,706,779,740,639,684,756,1058
"ENSG00000163512",509.99999,774.00001,1167,913,1086,1249,1060,1172,1210,1108,1620
"ENSG00000163513",170,129,369,544,292,260,285,208,546,348,634
"ENSG00000163516",425.00001,380.99999,1409,1252,1459,1779,1847,1227,1261,1362,1234
"ENSG00000163517",308.00001,568.00001,1297,1370,1412,1362,1292,1335,1137,1124,1526
"ENSG00000163520",3162,1171,5142,4094,1969,4221,2881,5387,3750,6642,10246
"ENSG00000163521",118,82,325,293,322,289,186,394,403,511,546
"ENSG00000163527",994,1221,1190,1666,790,790,733,804,1666,1829,2629
"ENSG00000163528",135,148,320,294,281,462,251,427,515,444,550
"ENSG00000163531",1152.00002,2002.00002,984,559,516,605,337,340,382,855,769
"ENSG00000163535",324,217,72,56,79,92,82,102,74,80,71
"ENSG00000163536",118,154,785,370,215,836,205,553,719,1065,1060
"ENSG00000163539",6508.00002,6011,2961,2496,3035,2429,2740,1445,1400,2036,1949
"ENSG00000163541",887.00001,1000.99999,1701,1332,1472,2103,1583,2188,2141,1564,2166
"ENSG00000163545",96,112,384,304,364,421,475,305,426,702,693
"ENSG00000163558",727,668,1025,1095,1221,880,1036,707,978,755,827
"ENSG00000163565",529.99999,484.00001,309,365,364,351,265,277,359,1118,740
"ENSG00000163568",234.00001,344,47,30,24,54,26,47,36,31,30
"ENSG00000163576",43,176,46,31,51,41,26,47,51,91,28
"ENSG00000163577",156,208.00001,348,364,388,317,366,311,373,326,616
"ENSG00000163584",795,491.00001,125,85,104,130,111,132,132,117,104
"ENSG00000163590",1863,1320,1167,837,1096,835,813,404,520,579,526
"ENSG00000163596",1425,987.00002,618,450,559,610,533,421,635,688,748
"ENSG00000163602",1183.00001,1406.99999,450,356,470,241,358,239,254,290,267
"ENSG00000163605",2290.99999,2625.00001,573,494,582,234,449,176,261,250,285
"ENSG00000163607",236,281,168,103,124,200,139,204,163,203,188
"ENSG00000163608",483,484.99999,593,467,527,495,578,434,523,592,680
"ENSG00000163611",362.99999,386,302,324,471,368,484,215,233,237,267
"ENSG00000163617",760.99999,790,290,184,262,367,241,280,272,363,360
"ENSG00000163618",4741.99999,7298.99999,1022,575,594,839,669,563,497,814,402
"ENSG00000163623",89,32,10,0,0,6,0,0,16,26,35
"ENSG00000163624",184,266,353,398,379,175,308,220,301,204,201
"ENSG00000163625",2824,3194,643,610,578,407,642,320,362,510,377
"ENSG00000163626",378,431,296,262,350,248,267,279,266,253,321
"ENSG00000163629",9207,13331,2151,1938,2073,1446,1859,1127,1192,886,1014
"ENSG00000163630",1374,574,1692,993,2903,1575,1862,1159,2063,1353,1381
"ENSG00000163631",47,78,20,1,28,26,19,23,23,17,17
"ENSG00000163634",868,1128,673,502,488,603,430,764,827,552,623
"ENSG00000163635",1231.00002,1943.99999,234,136,113,176,193,153,146,163,130
"ENSG00000163636",1308.00001,1054,1771,1393,1452,2094,1495,2252,2856,2369,3038
"ENSG00000163637",1686,2141.00001,2495,2445,2429,2043,2258,1261,1463,2614,2335
"ENSG00000163638",322.00001,308,349,219,315,220,253,187,310,130,213
"ENSG00000163644",233,268,749,754,840,772,810,796,733,547,883
"ENSG00000163646",213,249,79,37,24,31,23,11,48,73,56
"ENSG00000163655",960,797,1668,1782,1778,1858,1962,1708,1838,1129,2007
"ENSG00000163659",675.99999,675.00001,749,623,903,567,788,572,471,744,859
"ENSG00000163660",1525,1558.00001,1430,1122,1409,1604,1670,1327,2447,4412,6823
"ENSG00000163661",241,81,55,54,23,61,14,54,116,176,212
"ENSG00000163666",70,97,48,14,26,28,35,18,31,11,45
"ENSG00000163681",3519.99998,3816.00002,863,823,863,933,776,662,764,770,1131
"ENSG00000163682",501,454,5569,3403,5529,4653,4625,4713,4617,3827,3992
"ENSG00000163683",897,821,1589,1450,1478,1605,1269,1677,1960,1562,1650
"ENSG00000163684",591,613,278,286,375,377,292,322,473,445,463
"ENSG00000163686",423,316,1440,1600,1713,2056,1666,2037,2464,2988,2457
"ENSG00000163689",154,371.00001,37,15,31,44,34,24,27,31,36
"ENSG00000163694",171,377.99999,769,989,641,800,847,824,738,437,820
"ENSG00000163697",1566.00001,1061.00001,1324,1078,1171,1136,992,611,734,731,857
"ENSG00000163702",278.00001,178,1024,928,1242,858,931,968,1198,1105,1042
"ENSG00000163703",532.00001,432,2379,1964,3096,2666,3100,2749,2556,2214,2687
"ENSG00000163704",171,229,359,327,293,168,222,195,301,354,287
"ENSG00000163710",836,670.00001,239,296,138,307,223,606,583,346,806
"ENSG00000163714",3058.99999,3096.00001,1468,1171,1363,1513,1349,1332,1546,1576,1774
"ENSG00000163719",745,580,878,1024,853,923,924,1034,1156,971,1237
"ENSG00000163728",1220,1124,800,615,669,907,751,670,813,693,1167
"ENSG00000163738",1105,1251.99999,297,231,205,374,222,293,452,377,283
"ENSG00000163743",580,534,1428,1126,1090,1273,1160,1304,1611,1450,1801
"ENSG00000163754",772,773.99999,2899,1880,2756,2843,2445,2579,3740,2701,2597
"ENSG00000163755",524,558,1642,1748,2264,1793,2225,1254,1317,1055,1572
"ENSG00000163762",15,39,55,60,14,71,32,139,89,20,42
"ENSG00000163781",747,797,585,657,567,596,574,365,356,526,536
"ENSG00000163785",1289,1022,320,220,202,207,263,221,314,385,343
"ENSG00000163788",843,791,747,767,685,662,785,433,543,696,792
"ENSG00000163794",46,74,108,124,164,63,112,65,108,264,342
"ENSG00000163795",320,340,255,193,165,172,130,230,354,584,586
"ENSG00000163798",1010,953.00002,906,839,1064,1110,1046,1114,1182,1158,1300
"ENSG00000163803",127,283,61,36,50,68,37,55,48,81,67
"ENSG00000163807",497,509,1256,1089,1498,913,1342,722,753,790,926
"ENSG00000163808",537,566,100,90,83,67,61,88,64,94,12
"ENSG00000163811",1228,963,687,576,655,710,628,717,884,718,1168
"ENSG00000163812",502,567.99999,1799,1713,1733,1944,1543,1601,2141,2181,2320
"ENSG00000163815",32,27,47,4,7,18,0,4,36,49,43
"ENSG00000163817",65,84,636,764,197,378,362,1106,612,183,631
"ENSG00000163818",659.99999,701.99999,672,478,561,654,456,554,675,718,709
"ENSG00000163820",606,869,1001,1024,1373,772,1386,406,363,544,655
"ENSG00000163827",31,73,115,138,45,128,102,236,178,44,135
"ENSG00000163832",481,330,1016,735,774,1190,760,1247,1435,1395,1245
"ENSG00000163840",188,165,421,512,454,304,513,261,242,457,394
"ENSG00000163848",1829,1572.00001,2175,1742,2380,1417,2192,1304,1508,1348,1757
"ENSG00000163864",431,544,2009,1188,1575,1840,1804,1267,1192,1422,1719
"ENSG00000163866",450,439,995,1001,808,1187,919,1132,1343,1408,1512
"ENSG00000163867",536.99999,555,417,414,463,413,404,239,385,330,524
"ENSG00000163870",339,364,1340,1389,1346,1539,1140,1633,2069,2022,2283
"ENSG00000163872",1165,933,1228,1129,1488,772,1200,518,430,479,604
"ENSG00000163873",223,277,65,70,69,35,58,33,42,247,56
"ENSG00000163874",36,25,90,94,116,99,137,109,253,287,716
"ENSG00000163875",1211.99998,1203,1965,1595,1983,2424,1752,2680,2561,2277,2245
"ENSG00000163877",402,403,276,231,263,201,306,204,322,325,412
"ENSG00000163879",445.99999,455.00001,1130,629,958,1203,875,1064,1028,1166,1116
"ENSG00000163882",675.99999,550,953,704,772,1020,816,1004,1090,896,1297
"ENSG00000163898",47,137,32,20,21,9,19,19,25,20,16
"ENSG00000163900",271,279,534,448,549,595,611,665,617,582,822
"ENSG00000163902",1627,1181,8861,8298,8720,10399,8323,10496,11907,10222,13466
"ENSG00000163904",1133,891,1135,1014,1236,1340,1199,1057,1345,1233,1669
"ENSG00000163909",75,134,171,53,90,83,188,27,47,51,26
"ENSG00000163913",1729.00001,4439.00002,1568,1349,1401,1504,1464,1261,1360,1540,1622
"ENSG00000163914",458,3661,108,13,92,518,112,63,114,229,309
"ENSG00000163918",440,282,335,330,400,566,342,476,466,484,531
"ENSG00000163923",95,94,58,48,53,101,28,91,58,30,64
"ENSG00000163930",710.00001,605.99999,833,804,998,514,915,506,607,942,803
"ENSG00000163931",1521,1488.00001,7967,4233,7025,5901,6217,5225,8469,8366,9634
"ENSG00000163932",172,240,175,138,113,132,166,186,459,351,615
"ENSG00000163933",290,299,864,807,902,994,879,885,924,969,1209
"ENSG00000163935",421.00001,693,456,329,406,453,313,359,375,459,576
"ENSG00000163938",1284,941,1440,1258,1627,1716,1584,1503,1867,1717,2923
"ENSG00000163939",8545.00001,6150,1994,1963,1671,1705,1506,1481,2142,1759,2194
"ENSG00000163945",745.99998,718,385,329,390,385,509,182,345,509,633
"ENSG00000163946",1949.99999,1432.00001,1316,1132,1341,905,1168,750,851,801,866
"ENSG00000163947",866,630,1559,3585,1531,2641,2284,1904,2463,1509,2269
"ENSG00000163950",623,515,839,1018,755,683,523,748,1758,1526,1987
"ENSG00000163956",1007,1175,4376,4539,4581,6074,5097,7406,7797,6874,9289
"ENSG00000163959",22,67,11,14,19,19,26,15,8,14,10
"ENSG00000163960",1455,1367,2048,1901,2428,1697,2143,1095,1210,1094,1250
"ENSG00000163961",740,546,721,588,716,672,811,785,944,939,1506
"ENSG00000163964",796,894,205,184,197,157,176,165,370,753,749
"ENSG00000163975",54,79,182,125,148,198,195,185,154,84,180
"ENSG00000163995",381.99998,471.99999,183,160,141,153,163,142,160,114,95
"ENSG00000164002",808,810,130,211,144,244,233,265,211,273,513
"ENSG00000164007",45.99999,42,1211,1381,1269,1014,1142,1780,1187,241,638
"ENSG00000164008",288.99999,437,662,565,566,609,594,760,734,691,833
"ENSG00000164010",300.00001,143,375,238,262,327,198,211,249,389,245
"ENSG00000164011",150.00001,232,419,431,468,538,472,582,544,455,356
"ENSG00000164022",1086.99999,1780.00001,1002,853,940,1066,988,827,994,844,1162
"ENSG00000164023",182,213,1139,830,1620,784,1412,560,1026,227,729
"ENSG00000164024",601,514,1396,888,1586,1191,1158,835,1261,783,1035
"ENSG00000164031",1124.99999,1038,691,589,718,569,661,522,697,694,785
"ENSG00000164032",4765.99999,3552,4063,3217,4005,5120,3982,5701,5166,4033,5691
"ENSG00000164038",367,437.99999,416,398,414,354,357,291,377,436,429
"ENSG00000164039",691,654.99999,1823,1742,1809,2092,1939,2289,2740,1928,2447
"ENSG00000164040",2538.00001,2146.99999,1150,964,1051,481,758,495,506,511,443
"ENSG00000164045",218.00001,158,82,74,59,32,59,46,65,53,66
"ENSG00000164048",383,488,960,880,946,844,1182,764,649,610,1119
"ENSG00000164049",81,105,29,11,31,37,21,24,22,3,40
"ENSG00000164050",829,476,1207,1320,1506,812,1539,890,1078,926,921
"ENSG00000164051",154.99999,160,849,821,846,1147,865,1440,1555,940,1363
"ENSG00000164053",325.99999,328,284,258,222,242,164,321,356,378,301
"ENSG00000164054",991,1037,5380,5256,5094,5900,4796,7132,8683,7414,7760
"ENSG00000164056",258.99999,170.99999,204,178,135,221,121,304,338,492,411
"ENSG00000164061",458,569,394,189,347,215,237,201,234,443,177
"ENSG00000164062",673.99999,454,3765,3317,3289,4033,3224,4338,4214,4451,4140
"ENSG00000164066",1171,1251,668,595,518,634,589,419,417,558,589
"ENSG00000164068",485.00001,374,1449,1501,1415,1944,1519,1032,1191,1695,1726
"ENSG00000164070",714,1285,1029,971,1228,1103,1209,650,696,756,1482
"ENSG00000164073",3205.99999,2510,421,328,349,427,355,385,573,395,555
"ENSG00000164074",1323,880.00001,423,320,440,431,471,400,326,297,376
"ENSG00000164076",212,84,210,175,174,213,115,116,151,281,245
"ENSG00000164077",90,123.99999,411,379,324,386,371,591,529,627,710
"ENSG00000164078",42,28,7,3,3,31,15,24,12,1,1
"ENSG00000164080",1652,971,1799,1797,1693,1332,1451,1281,1827,2216,2595
"ENSG00000164081",663,468.00001,1685,1592,1442,2377,1797,2788,2887,2428,2888
"ENSG00000164082",25,38,100,50,78,44,30,50,57,58,25
"ENSG00000164086",119,151,121,83,105,95,109,75,143,118,114
"ENSG00000164087",83,34,108,104,80,120,92,151,137,189,115
"ENSG00000164088",77,78,164,137,137,112,134,147,243,504,242
"ENSG00000164089",91,90,206,111,180,286,121,268,369,815,257
"ENSG00000164091",1529,1412,1392,1200,1388,990,1170,1068,1027,1016,1261
"ENSG00000164096",2820,2916,4943,3978,4328,5400,4358,4319,4849,4786,5846
"ENSG00000164100",73,131,41,17,8,36,18,21,37,66,102
"ENSG00000164104",2032,1160,1024,755,1127,1281,1168,1310,1079,914,860
"ENSG00000164105",610,505,68,37,44,40,26,40,67,83,88
"ENSG00000164106",686,349,353,99,58,290,63,226,586,890,864
"ENSG00000164109",466,158,257,155,246,277,277,267,255,159,275
"ENSG00000164111",2238.00001,1364,12096,9988,10942,14371,10439,13503,16874,15453,18044
"ENSG00000164114",1158.99999,1554,628,730,497,693,514,686,594,528,705
"ENSG00000164116",635.00001,699.00001,1692,1705,2279,1119,1859,1660,2279,2449,1037
"ENSG00000164117",262,282.00001,372,294,318,429,289,362,446,556,567
"ENSG00000164118",524.00001,651.99999,395,358,494,424,501,245,291,322,389
"ENSG00000164122",47,82,24,22,12,32,59,38,26,6,12
"ENSG00000164124",96,163,164,179,130,125,161,110,137,39,236
"ENSG00000164125",28.99999,44,122,243,120,136,145,59,38,138,99
"ENSG00000164128",86,41,407,227,590,292,327,321,433,555,322
"ENSG00000164129",42,38,82,54,65,44,49,52,57,87,21
"ENSG00000164134",2161,2593.99998,1161,954,1160,922,1063,744,1005,908,1553
"ENSG00000164136",43,109.99999,27,32,37,48,43,43,45,76,34
"ENSG00000164142",3596,1636,308,376,462,244,566,184,281,185,250
"ENSG00000164144",2718,1272.00001,718,634,663,738,554,692,806,937,904
"ENSG00000164151",1087,1065,576,665,614,595,653,330,528,703,776
"ENSG00000164161",187,220,153,141,100,107,70,59,72,122,43
"ENSG00000164162",628,834,293,219,278,276,243,366,353,267,367
"ENSG00000164163",809.00001,837,1272,1016,1247,1302,1217,1087,1198,1114,1573
"ENSG00000164164",689.99999,781.00001,294,373,308,232,368,196,223,275,463
"ENSG00000164167",487.99999,527,339,206,291,290,276,376,435,344,379
"ENSG00000164168",611,642,1836,1919,1770,1994,1680,1686,2110,2291,2959
"ENSG00000164169",612,455,654,620,552,515,512,540,673,596,722
"ENSG00000164171",231,391,145,117,63,106,36,82,79,130,77
"ENSG00000164172",641.99999,732,875,669,663,867,593,718,794,922,988
"ENSG00000164175",55,95,142,374,106,216,244,308,244,42,327
"ENSG00000164176",411,419.00001,346,232,245,224,215,275,427,613,233
"ENSG00000164180",543.00001,1213,307,295,317,343,281,266,334,406,476
"ENSG00000164181",64,166,149,491,206,308,352,217,185,32,168
"ENSG00000164182",906.99999,1096,330,193,273,318,262,355,368,236,389
"ENSG00000164187",374,465,379,440,353,317,392,218,216,193,415
"ENSG00000164188",166,94,97,59,123,54,84,63,109,144,173
"ENSG00000164190",3880,3734,1407,1130,1645,1158,1533,951,1236,1035,1134
"ENSG00000164197",514,552,904,866,771,873,833,629,888,537,549
"ENSG00000164199",4232.99999,6686,852,487,680,768,621,564,871,726,574
"ENSG00000164209",1083.99998,1226.00001,1079,985,894,837,895,780,950,1066,1479
"ENSG00000164211",284.99999,233.99999,510,541,683,472,817,301,471,314,705
"ENSG00000164219",901,1221,661,542,615,551,548,486,623,639,929
"ENSG00000164220",116,190,119,215,65,109,96,223,149,96,157
"ENSG00000164221",758,995,153,185,133,208,127,208,248,180,193
"ENSG00000164236",1958,3000,892,215,630,766,533,187,368,691,204
"ENSG00000164237",222,179,320,279,277,373,252,288,403,326,386
"ENSG00000164244",703,853,1254,1134,1464,1101,1464,1028,974,877,1385
"ENSG00000164252",908,903,788,821,831,1074,629,840,1036,1086,949
"ENSG00000164253",1375,1215,1253,1004,993,1159,985,1064,1096,1088,1510
"ENSG00000164258",2044,1910,1436,1121,1378,1563,1076,1727,1867,1568,1550
"ENSG00000164284",356,352,499,424,470,404,446,304,343,373,647
"ENSG00000164287",103,129,567,525,765,939,563,610,432,457,482
"ENSG00000164291",230,378.00001,434,391,443,373,432,407,406,284,383
"ENSG00000164292",1074.00001,1443,721,552,339,505,249,425,848,1319,1450
"ENSG00000164294",176.00001,130.99999,1465,1083,1757,1361,1646,1227,1128,637,869
"ENSG00000164296",152,168,515,387,485,549,558,480,414,365,407
"ENSG00000164300",2129.99999,1317.00001,1047,1129,1054,505,739,721,757,1286,1026
"ENSG00000164303",23,55,14,8,0,5,8,16,90,63,69
"ENSG00000164305",838.99999,778,1538,1365,1171,1392,1029,1475,1478,2671,1828
"ENSG00000164306",718.99999,771.00001,376,318,353,490,343,390,408,356,416
"ENSG00000164307",233,344.99999,706,587,782,710,557,439,478,782,616
"ENSG00000164308",233,118.99999,283,327,400,371,354,275,427,315,312
"ENSG00000164309",57,89,10,20,12,22,10,14,16,33,6
"ENSG00000164318",3112.99999,3172,2256,480,1923,1419,1323,745,523,1033,505
"ENSG00000164323",897,927,1118,983,1184,1122,1043,749,802,932,1179
"ENSG00000164326",32,33,3,0,0,16,0,18,31,17,19
"ENSG00000164327",3479.00001,2952,639,593,781,542,757,374,351,369,465
"ENSG00000164329",1490.00001,1367.00001,865,878,987,906,1035,706,922,926,1153
"ENSG00000164330",115.00001,462,92,31,81,43,63,36,58,32,18
"ENSG00000164331",563,522.00001,722,583,754,838,761,693,693,674,856
"ENSG00000164332",708,672,735,502,571,737,558,755,817,661,805
"ENSG00000164338",292,298.99999,390,384,381,356,398,256,409,414,711
"ENSG00000164342",72,57,71,75,62,90,91,40,121,129,104
"ENSG00000164346",1216,1150,586,537,465,459,476,593,613,502,563
"ENSG00000164347",790.99999,823.99999,952,1000,919,1093,852,814,836,914,1224
"ENSG00000164366",403,370,783,734,776,822,820,829,847,787,1026
"ENSG00000164398",1221.99999,1565.00002,523,314,429,411,387,168,223,306,158
"ENSG00000164402",532.00001,751,763,870,772,505,718,355,527,793,599
"ENSG00000164403",76,108,52,57,35,50,34,54,122,285,281
"ENSG00000164405",3456.99999,3923,3903,3263,2914,5157,3049,6334,6179,4619,4488
"ENSG00000164406",27,111,44,46,42,33,47,31,60,30,54
"ENSG00000164414",329.00001,373,992,929,960,996,899,989,1041,891,1048
"ENSG00000164418",3111.00002,964,392,262,417,404,256,290,137,242,127
"ENSG00000164434",7118,3189,1468,1098,716,1451,376,1616,2538,3867,2397
"ENSG00000164440",18,27,51,40,63,83,118,77,44,51,73
"ENSG00000164442",954,1564,151,143,203,50,124,75,112,150,176
"ENSG00000164463",387,612.00001,990,883,1104,1047,1193,654,920,808,1080
"ENSG00000164465",139,187,77,71,80,75,59,79,73,66,105
"ENSG00000164466",1093,938.99999,1601,1520,1902,1701,1808,1362,1295,1396,1790
"ENSG00000164483",92.99999,248,19,27,5,6,15,11,15,17,12
"ENSG00000164484",115,79,246,351,239,196,260,189,330,400,237
"ENSG00000164488",384,439,127,184,84,48,41,86,179,2147,262
"ENSG00000164494",280,266,525,464,411,495,426,453,513,509,530
"ENSG00000164506",2342.99999,6481.99999,430,196,440,354,384,165,237,194,153
"ENSG00000164512",85.00001,205,23,14,6,14,6,18,14,74,36
"ENSG00000164532",36,60,44,66,114,48,88,44,113,17,7
"ENSG00000164535",331,342,534,466,578,592,617,514,422,388,564
"ENSG00000164542",526.99999,779.99998,908,699,1001,689,721,459,570,570,704
"ENSG00000164543",784,787.99999,239,162,98,185,120,126,235,335,478
"ENSG00000164548",2770.00001,1975.00001,613,489,456,554,457,575,577,519,776
"ENSG00000164574",1148.00001,691,1211,1578,1462,1077,1753,1018,1147,1139,1231
"ENSG00000164576",377.99999,311,286,195,193,254,192,192,251,389,249
"ENSG00000164587",18647.00001,12478.00001,14252,9741,13913,13704,13612,15703,15225,12075,11400
"ENSG00000164588",2075,3467,106,23,88,98,106,24,74,206,57
"ENSG00000164591",57,72,75,59,45,72,59,22,52,52,84
"ENSG00000164597",2345,3099,1126,873,1068,961,1003,727,840,853,1233
"ENSG00000164603",542,989,800,688,754,653,674,398,458,499,544
"ENSG00000164604",57,88.99999,302,200,238,293,145,200,149,259,104
"ENSG00000164609",791,946,1334,1141,1431,1510,1415,1351,1589,1469,1835
"ENSG00000164610",552,493,225,183,153,276,177,207,275,307,358
"ENSG00000164611",444.00001,193,389,301,363,432,376,471,315,382,373
"ENSG00000164615",994.99999,1142.00001,1107,925,1182,1393,1162,1299,1555,1497,1921
"ENSG00000164619",981,1916,59,32,74,76,31,39,29,96,32
"ENSG00000164620",141,222.00001,242,205,220,169,179,145,132,144,128
"ENSG00000164626",507,48,12,10,2,23,7,23,34,37,44
"ENSG00000164627",192,271,48,34,36,72,47,61,72,82,41
"ENSG00000164631",586,470,726,652,489,403,343,373,574,853,1140
"ENSG00000164638",967.00001,872,1403,1998,951,797,1052,1294,1895,1775,2550
"ENSG00000164647",82,59,107,39,101,50,89,37,63,45,62
"ENSG00000164649",1153,783,1537,999,1606,1528,1621,1097,1110,1145,1194
"ENSG00000164654",762,747.99999,536,559,359,484,401,364,608,593,735
"ENSG00000164659",358.99999,1191.99999,612,683,798,530,723,385,602,615,530
"ENSG00000164663",442,496.00001,224,165,249,225,215,184,185,170,265
"ENSG00000164674",74.00001,111,41,42,25,47,43,46,46,20,28
"ENSG00000164675",130,483,65,30,49,56,46,71,42,59,57
"ENSG00000164683",417,261.00001,573,506,289,713,238,513,641,983,756
"ENSG00000164684",853,567,353,312,271,169,234,212,261,286,131
"ENSG00000164687",140,80,495,318,277,431,239,444,435,640,369
"ENSG00000164692",772,155,7253,6879,4610,8410,4472,4364,5714,12701,5738
"ENSG00000164694",60,166,78,23,4,14,19,22,11,35,15
"ENSG00000164695",23,30,81,72,99,56,80,105,102,45,21
"ENSG00000164707",125,278,1983,3936,1623,4222,3566,3003,7531,665,3060
"ENSG00000164708",17,17,98,118,34,178,118,179,153,136,186
"ENSG00000164713",1412.00001,1793,236,203,255,193,227,202,231,166,281
"ENSG00000164715",757,814,842,895,895,585,749,391,551,603,794
"ENSG00000164733",2693,2934.99999,13582,13700,12674,15207,12506,16126,18203,18857,20412
"ENSG00000164741",290,208.99999,131,73,47,76,73,43,128,334,308
"ENSG00000164742",2410.99999,4444.99999,1033,429,899,736,773,473,460,733,458
"ENSG00000164743",38,49,50,58,35,100,42,105,52,82,54
"ENSG00000164746",88,156,21,4,2,21,7,8,13,12,10
"ENSG00000164751",629.99999,766,1635,1291,1378,1590,1281,1429,1876,1837,1929
"ENSG00000164754",2150.00001,2064.00001,1372,1175,1501,991,1255,871,922,811,869
"ENSG00000164756",28,154,25,42,36,42,64,18,46,0,23
"ENSG00000164758",285,246,281,227,296,319,304,324,388,446,477
"ENSG00000164761",70,47,181,31,27,165,25,59,160,592,198
"ENSG00000164764",278,287,80,110,98,70,29,70,132,393,249
"ENSG00000164776",59,66,22,16,13,32,36,14,19,46,47
"ENSG00000164808",2054.99999,2583.00001,1411,1317,1321,1571,1355,1252,1444,1689,1691
"ENSG00000164815",886.99999,527,517,512,405,623,448,594,695,543,1074
"ENSG00000164818",539,648.00001,128,115,89,97,90,121,122,106,158
"ENSG00000164823",331,432,158,116,103,111,118,88,130,277,354
"ENSG00000164828",1382.00002,1423,5042,4639,5424,5394,6123,3216,3416,3980,5231
"ENSG00000164830",2575.00002,3823.99999,1822,1477,1577,1588,1289,1281,1549,1829,2379
"ENSG00000164841",130,157,143,42,68,153,100,89,59,112,72
"ENSG00000164849",92,140,173,161,136,203,177,179,267,208,356
"ENSG00000164850",133,61,154,109,139,177,128,180,350,286,288
"ENSG00000164867",22,79.00001,73,50,55,73,66,147,81,63,80
"ENSG00000164877",196.00001,128.99999,222,174,159,141,211,111,160,311,295
"ENSG00000164879",216,104,146,247,101,208,160,293,230,364,137
"ENSG00000164880",527,587,1739,1790,1802,1184,1640,710,747,1022,1133
"ENSG00000164885",251,262,837,713,612,950,619,1269,1226,863,879
"ENSG00000164889",668,590.00001,3391,4622,2753,2699,3612,3348,2717,1418,3003
"ENSG00000164896",672.99999,651.00001,2279,2142,2088,2759,2003,2677,3202,3218,3610
"ENSG00000164897",349.99999,308.99999,325,329,311,279,232,355,748,830,775
"ENSG00000164898",182,217,575,409,443,788,478,864,967,770,666
"ENSG00000164902",1034,1018,1430,1250,1279,1795,1329,1626,1760,1624,1979
"ENSG00000164904",1604,1208.99998,3653,3011,3269,3971,3254,3659,4253,3942,3606
"ENSG00000164916",764,511,1058,873,1051,769,1065,720,961,1448,1499
"ENSG00000164919",3879.00001,3497,3378,2874,2745,4495,2799,5236,5071,3520,3881
"ENSG00000164924",4377,4053.99999,16620,13209,16286,15942,13612,13483,16561,16402,16105
"ENSG00000164929",896,1153,1079,911,268,705,184,584,1621,5419,4265
"ENSG00000164930",453.00001,711.00001,1256,1460,1221,1371,1309,1190,1140,842,1096
"ENSG00000164933",260,432,537,508,515,500,623,469,642,504,1348
"ENSG00000164934",960,1041.99999,1487,1182,1249,1521,1063,1514,1869,1670,2086
"ENSG00000164938",771,432,1424,943,1065,915,968,387,618,897,911
"ENSG00000164941",1086,841,768,710,806,824,762,649,564,672,896
"ENSG00000164944",1050,1144,1257,1319,1441,1029,1591,736,696,917,971
"ENSG00000164946",240,500,495,272,468,332,301,169,117,208,182
"ENSG00000164949",253,253,1231,1280,762,1237,897,2110,2391,3304,5103
"ENSG00000164951",264,254.00001,940,1206,1126,1061,872,703,1093,1181,1281
"ENSG00000164953",1432.99998,2964.00001,576,388,450,478,401,341,372,463,575
"ENSG00000164961",648,751,1385,1396,1035,1508,1239,999,1196,1147,1813
"ENSG00000164967",209,209,455,357,370,545,439,663,569,552,425
"ENSG00000164970",2718,1127,120,110,126,35,114,33,36,53,51
"ENSG00000164972",42.00001,38,30,23,23,27,28,27,37,10,28
"ENSG00000164975",964.00001,963.00001,1563,1236,1398,1283,1381,1105,1117,1046,1368
"ENSG00000164976",37,30,275,276,462,293,321,172,200,138,222
"ENSG00000164978",286,306.00001,437,351,426,474,404,529,448,476,372
"ENSG00000164983",287,208.00001,78,53,53,32,41,30,29,37,35
"ENSG00000164985",10725.00001,11641.99999,1359,1026,1015,730,760,925,1642,3104,2586
"ENSG00000164989",1145,1208,363,249,293,381,327,293,272,239,234
"ENSG00000165006",1089,796,2015,1736,2216,1605,2039,1475,1571,1593,2359
"ENSG00000165023",1368,1935,1725,1552,2403,1892,1789,1039,818,1252,818
"ENSG00000165025",187,207,170,45,123,131,89,76,33,88,54
"ENSG00000165028",39,40,33,37,31,33,47,38,31,23,60
"ENSG00000165029",1574,1585,422,269,195,384,135,228,345,539,1005
"ENSG00000165030",245,330,232,138,174,115,190,134,233,614,594
"ENSG00000165046",133,125,113,94,183,150,198,122,123,183,154
"ENSG00000165055",1224,769.99999,818,700,746,764,640,850,748,659,963
"ENSG00000165060",235,207,555,456,488,570,475,569,686,498,666
"ENSG00000165061",663,282.99999,321,151,275,298,254,276,247,279,182
"ENSG00000165072",211,103,178,338,189,338,368,259,332,235,313
"ENSG00000165076",32,20,24,9,29,15,30,8,16,21,9
"ENSG00000165078",919,1005,69,255,80,143,83,123,129,193,52
"ENSG00000165084",1016.00001,503.00002,51,20,11,57,14,51,51,88,158
"ENSG00000165091",151,445,2,4,20,3,4,11,12,23,14
"ENSG00000165092",163,243,2301,3615,3691,4946,4401,2141,4437,594,2281
"ENSG00000165097",642,642.99999,177,117,123,64,141,57,67,103,80
"ENSG00000165102",919.00001,710,730,689,692,441,597,433,498,847,898
"ENSG00000165105",44,75,323,205,188,218,209,202,293,272,353
"ENSG00000165113",834.00001,836.00001,130,108,125,85,99,87,106,69,129
"ENSG00000165115",575,715,341,318,333,336,347,308,280,241,318
"ENSG00000165119",6842.99999,5736.99999,21652,18141,19083,21693,17405,20788,21582,17985,18432
"ENSG00000165124",644.99999,484,272,354,117,137,72,145,213,569,253
"ENSG00000165138",267,288,182,137,97,117,159,98,153,134,176
"ENSG00000165152",373,236,2983,2643,3278,3223,3410,3060,3285,2956,2799
"ENSG00000165156",1379,1323.00001,1935,1681,1927,1633,1575,1329,1433,1546,1632
"ENSG00000165164",248,715,58,19,32,39,34,38,35,29,20
"ENSG00000165169",367,192,531,702,728,697,622,685,1063,615,905
"ENSG00000165171",62,58,205,198,233,207,202,312,311,150,209
"ENSG00000165175",403.00001,440,260,151,243,79,200,74,40,53,89
"ENSG00000165185",1645,1173,374,436,304,256,324,233,304,274,353
"ENSG00000165186",25,47,147,23,20,80,12,45,89,235,204
"ENSG00000165194",525.99999,221.00001,383,274,278,166,225,183,207,269,136
"ENSG00000165195",120,126.99999,324,231,308,289,327,220,290,370,389
"ENSG00000165197",69,173,27,15,5,36,43,25,33,17,30
"ENSG00000165209",1486,1991,1036,1003,688,710,507,794,1246,1322,1357
"ENSG00000165215",41,50,20,15,23,29,20,52,30,55,56
"ENSG00000165219",1837.99998,1864.99999,2394,2196,2589,2335,2613,1869,2024,2229,3422
"ENSG00000165233",448,461,513,454,458,576,443,538,777,628,553
"ENSG00000165238",4578,4983.00001,640,442,582,374,705,305,514,479,434
"ENSG00000165240",990.00001,1101.00002,642,649,674,335,580,312,311,270,418
"ENSG00000165244",129,57,10,6,11,6,17,5,4,60,78
"ENSG00000165259",383.99999,403,257,220,240,270,166,174,151,134,209
"ENSG00000165264",1843,1745.00001,1048,833,845,1584,881,1593,1902,1372,1546
"ENSG00000165271",182,181,752,804,960,756,770,564,624,840,1009
"ENSG00000165272",146,230,203,103,151,158,155,111,94,160,96
"ENSG00000165275",390.00001,264,226,271,213,265,271,259,305,271,321
"ENSG00000165280",2468.00001,2184.99999,10193,9705,8904,11113,9646,10065,12118,12172,14915
"ENSG00000165282",388.99999,333.00001,1911,1843,1701,2103,1933,1819,1800,2050,2475
"ENSG00000165283",1267.00001,906,3706,2815,3223,4267,3153,4732,5427,4729,4987
"ENSG00000165288",908,828,236,183,206,140,235,96,106,84,90
"ENSG00000165300",368,226,373,432,632,187,487,150,164,185,179
"ENSG00000165304",864.99999,385,49,48,52,45,35,86,71,88,67
"ENSG00000165309",89,238,43,15,8,57,1,22,26,17,34
"ENSG00000165312",147,152,38,61,57,26,65,50,66,88,88
"ENSG00000165322",1614.00001,1488,1586,1147,1394,1514,1391,926,1116,1325,1655
"ENSG00000165323",651,638,647,340,532,485,466,151,220,160,162
"ENSG00000165338",861.00001,864,461,373,495,391,417,273,387,452,570
"ENSG00000165349",26,28,135,137,128,196,101,109,42,62,120
"ENSG00000165355",439,271,85,109,105,87,117,107,221,382,581
"ENSG00000165359",574,440.00001,316,255,298,358,389,233,188,243,367
"ENSG00000165376",56,75,583,539,478,487,531,784,1145,616,556
"ENSG00000165379",266,379,80,112,91,110,47,56,86,194,70
"ENSG00000165389",1006,872,1846,1139,1600,1701,1303,1678,1731,1418,1750
"ENSG00000165392",1603,1256,210,244,216,245,256,169,195,191,304
"ENSG00000165406",655,1192,813,634,840,484,761,320,393,380,481
"ENSG00000165409",90,117,73,80,53,62,97,45,21,49,57
"ENSG00000165410",956,917.00001,2613,2377,2185,2670,2242,2208,2818,2335,2823
"ENSG00000165416",1219,1190,1281,1233,1254,1072,1079,1125,1201,1132,1658
"ENSG00000165417",1391,1285,427,392,460,342,395,327,278,204,210
"ENSG00000165424",405,315,336,258,223,162,170,141,312,853,585
"ENSG00000165434",203,218,410,705,362,345,310,338,262,599,293
"ENSG00000165443",3364,2980,4961,5693,6081,5780,5548,4664,5135,6242,5302
"ENSG00000165449",251,298,680,553,587,532,778,480,776,1053,961
"ENSG00000165458",804,664.99999,526,421,583,244,554,261,286,374,280
"ENSG00000165475",856.99999,943.99999,3139,2561,3409,3572,3267,3829,4201,3545,4011
"ENSG00000165476",1134,962,1381,1640,1304,971,1152,956,1433,1079,1846
"ENSG00000165480",192,104.99999,69,47,43,60,32,50,32,35,52
"ENSG00000165487",1277,2055.00001,812,728,646,930,560,1008,1143,1058,1407
"ENSG00000165490",106.99999,177,30,45,22,24,23,42,30,29,35
"ENSG00000165494",1479.99999,1468,1005,730,875,874,965,709,856,1105,1538
"ENSG00000165495",1003.00001,837,430,591,552,265,612,291,202,140,156
"ENSG00000165501",280,206,215,198,191,225,151,256,277,215,289
"ENSG00000165502",2396,2074,1249,1251,1285,1739,1364,2068,2274,1859,2761
"ENSG00000165506",628,351,684,547,617,757,607,774,890,935,910
"ENSG00000165507",272,304,802,523,687,942,601,553,1805,8567,8152
"ENSG00000165512",619,395,1409,1033,1234,1554,1155,1487,1650,1567,1448
"ENSG00000165516",1385.99999,1015,2587,2321,2286,2337,1723,2243,3676,3023,3322
"ENSG00000165521",1697.99999,1690.00001,186,127,141,162,115,58,92,124,144
"ENSG00000165525",2200.00001,1917,1380,1231,1331,1603,1364,1566,1712,1473,1789
"ENSG00000165526",232.99999,179,495,422,401,465,467,534,514,437,580
"ENSG00000165527",700,605,1110,1062,960,922,827,898,1937,2633,3171
"ENSG00000165533",1785.00001,1904,1177,781,934,1197,813,1060,1153,1103,1330
"ENSG00000165548",156,181,112,149,129,19,117,55,30,40,51
"ENSG00000165555",70,199,21,17,26,12,43,17,10,12,13
"ENSG00000165566",1023,1092,781,506,596,484,517,520,612,674,577
"ENSG00000165572",194,204,1128,1188,1196,1177,1141,942,1182,1363,1276
"ENSG00000165588",2621.00001,2100,2076,2160,1432,2505,1901,2810,1830,858,1045
"ENSG00000165591",156,213,93,103,107,141,106,140,200,133,117
"ENSG00000165609",700,734,1326,1177,1155,1539,1153,1641,1515,1342,1620
"ENSG00000165617",95,61,55,72,42,40,34,54,53,272,129
"ENSG00000165626",849.00001,1490,133,141,158,113,125,116,122,103,83
"ENSG00000165629",3436.99999,2939,5147,4047,4148,6286,4032,6915,7302,6432,7153
"ENSG00000165630",375.00001,578.00001,424,409,336,589,450,398,521,455,610
"ENSG00000165632",1257,1668,473,443,492,485,515,551,704,573,737
"ENSG00000165633",91,57,819,777,661,726,833,601,1167,791,1078
"ENSG00000165637",1334,1269.99999,5346,4789,5039,7081,5343,6651,7609,6215,7814
"ENSG00000165644",248,389,216,196,214,266,193,403,400,250,300
"ENSG00000165646",28,24,118,94,65,73,80,81,65,61,48
"ENSG00000165650",899,948,731,704,752,492,546,477,674,716,953
"ENSG00000165655",298,279,145,136,121,70,134,89,103,24,119
"ENSG00000165660",308,300,423,325,346,421,410,318,359,310,504
"ENSG00000165661",416,420,100,45,67,63,69,52,90,120,100
"ENSG00000165669",1237.99999,987.00001,991,767,764,1085,777,1098,1240,1114,1538
"ENSG00000165671",3667.99999,2555,723,408,528,645,526,436,455,543,523
"ENSG00000165672",1586,1248,4603,3867,4045,5762,3888,5631,6257,4955,5866
"ENSG00000165675",425.00001,714.00001,630,765,508,828,628,692,698,631,574
"ENSG00000165678",2076.00001,3064.00002,6832,6338,6357,8586,5809,8388,10767,9436,13283
"ENSG00000165684",450.00001,393,226,203,306,100,260,106,140,139,160
"ENSG00000165688",526.99999,476.00002,1746,1708,1800,2372,1977,2331,2928,3037,3867
"ENSG00000165689",364,299.00001,85,52,76,70,82,91,86,124,101
"ENSG00000165695",162,86,103,95,101,104,77,69,92,87,68
"ENSG00000165698",150.99999,269,570,405,526,618,423,633,651,671,717
"ENSG00000165699",848,954.99998,1576,1444,1532,1427,1675,1123,1353,1417,2029
"ENSG00000165704",652,809,1938,1473,1735,2223,1472,2015,2217,1919,2069
"ENSG00000165714",212,226,449,527,483,527,508,401,365,391,425
"ENSG00000165716",505,368,261,173,178,203,130,226,346,761,844
"ENSG00000165724",397,415,35,39,45,34,47,34,57,76,124
"ENSG00000165730",119,126,80,137,55,130,96,97,135,142,157
"ENSG00000165731",105,194,18,81,46,51,34,17,38,88,102
"ENSG00000165732",1881.00001,1572,593,554,558,661,589,539,678,686,1156
"ENSG00000165733",897,860,1161,1242,1292,1354,1325,1180,1352,1680,1949
"ENSG00000165752",247,185,171,132,157,98,116,125,131,132,162
"ENSG00000165757",478,344,749,702,968,493,617,597,970,946,828
"ENSG00000165775",846,871,1869,1366,1656,1966,1516,2247,2541,2185,2577
"ENSG00000165782",545.99999,494,884,951,961,855,884,803,1138,1036,1451
"ENSG00000165792",684.00001,550.99997,1427,1201,1353,1884,1542,1577,1710,1559,1532
"ENSG00000165795",660.99999,407.99999,3042,1699,2566,2643,2263,2520,3111,5349,3862
"ENSG00000165801",1199.99999,719,1452,1169,1294,597,944,599,583,877,700
"ENSG00000165802",695.00001,603.99999,343,258,219,156,204,189,259,1242,1371
"ENSG00000165804",747,707,449,315,410,298,350,283,401,527,338
"ENSG00000165806",192.99999,151.00001,1869,830,2331,1413,1495,1284,1349,1007,1201
"ENSG00000165813",891,1210,550,413,666,503,555,551,616,377,473
"ENSG00000165816",55,95,223,20,262,34,123,58,240,86,203
"ENSG00000165819",634,460,1384,1119,1209,1685,1201,1479,1645,1394,1172
"ENSG00000165821",764,608.00001,1383,1070,1416,659,1157,679,656,951,647
"ENSG00000165828",39,26,107,148,76,166,112,341,279,27,139
"ENSG00000165832",364,388,477,491,494,540,456,409,501,503,585
"ENSG00000165861",350,272,1099,1058,1198,880,1213,637,668,777,1082
"ENSG00000165868",765,634,1285,1276,1195,1173,1098,865,890,1451,1005
"ENSG00000165879",71,49,24,10,20,6,26,9,14,31,21
"ENSG00000165886",173,248,358,424,351,458,392,529,584,528,617
"ENSG00000165891",360.99999,199,38,56,33,67,18,57,28,55,58
"ENSG00000165895",3483,5357,288,335,201,173,209,123,231,323,414
"ENSG00000165898",461.00001,425.99999,1445,1136,1407,1886,1213,1940,1972,1656,1626
"ENSG00000165899",171.00001,546,23,33,14,14,20,6,6,4,2
"ENSG00000165905",48.00001,45,144,273,93,116,110,233,509,101,348
"ENSG00000165912",279,154,306,301,426,291,441,288,307,267,346
"ENSG00000165914",775,1629.00001,222,233,178,166,215,137,205,196,273
"ENSG00000165915",608,538,1518,2194,1872,2544,2409,2442,2837,2050,2928
"ENSG00000165916",1090.99999,1021.99999,3216,3145,2688,4547,2670,5361,5723,6011,5807
"ENSG00000165917",31,83,8,8,2,21,33,18,27,15,31
"ENSG00000165923",111.99999,131,49,36,44,55,18,36,45,29,45
"ENSG00000165929",111,253,177,143,59,101,81,118,146,66,157
"ENSG00000165934",751,939,718,609,629,685,626,575,587,625,769
"ENSG00000165943",1110,1466,3200,2479,2865,3698,3014,3006,4010,4282,4505
"ENSG00000165948",468.00001,534.99998,646,487,527,858,475,1004,861,1014,771
"ENSG00000165949",131.99999,170,53,50,35,67,27,71,56,95,56
"ENSG00000165959",388,972,523,267,453,389,380,250,221,235,212
"ENSG00000165966",69,172.00001,15,21,12,11,9,15,39,73,24
"ENSG00000165970",183,86,1,6,0,16,0,4,24,20,137
"ENSG00000165983",414,1078.99999,33,25,22,22,15,19,7,11,32
"ENSG00000165995",7566,5615.99999,565,251,573,520,443,295,564,316,399
"ENSG00000165996",95,168,290,586,221,450,323,554,651,124,305
"ENSG00000165997",515,452,554,465,581,356,496,286,266,473,749
"ENSG00000166002",343,226.00001,543,476,664,581,606,847,700,451,475
"ENSG00000166004",751,648.00001,359,236,374,291,309,279,231,184,179
"ENSG00000166006",117.99999,119,26,22,20,52,23,18,37,46,29
"ENSG00000166012",1294.99999,911.00001,410,317,435,414,443,320,398,328,514
"ENSG00000166016",395,276,124,120,100,51,81,83,72,124,166
"ENSG00000166024",493.99999,874,476,455,504,456,452,399,402,490,634
"ENSG00000166025",698,573,1298,1175,1402,772,1118,575,518,823,884
"ENSG00000166033",2546,2265,756,481,206,588,248,453,1022,1566,1020
"ENSG00000166035",66,42,14,17,5,13,6,10,84,3,10
"ENSG00000166037",1367,1099,983,881,1176,1235,1123,1109,1207,1065,1231
"ENSG00000166046",236.99999,171.99999,459,631,611,536,817,335,416,193,258
"ENSG00000166068",1406,1413,488,344,312,210,249,182,250,312,332
"ENSG00000166073",61,84,310,710,432,407,351,397,330,1043,509
"ENSG00000166086",342,382,2977,3039,2955,3056,3418,2453,2994,2821,3186
"ENSG00000166105",65,118,30,14,19,18,6,8,21,9,32
"ENSG00000166106",35,69,111,203,95,35,85,43,20,75,71
"ENSG00000166111",1188,747,495,239,433,631,317,290,283,316,113
"ENSG00000166123",575,481,1203,1101,559,833,450,631,1124,2270,4975
"ENSG00000166128",591,909,1104,975,960,948,1016,472,604,687,890
"ENSG00000166130",539,298.99999,232,215,252,232,207,269,255,276,395
"ENSG00000166133",159,156,502,452,524,746,649,635,764,728,937
"ENSG00000166135",780,579,2099,2297,1793,2136,2095,1637,1959,2144,2747
"ENSG00000166136",2318,2165.00001,4207,3390,3181,5549,3377,6498,7180,5914,6432
"ENSG00000166140",252.00001,255,605,497,551,698,541,635,546,521,682
"ENSG00000166145",39,30,108,239,186,125,204,184,181,112,179
"ENSG00000166147",919.00001,973,5885,5137,6267,3345,5604,2571,4465,2901,3165
"ENSG00000166153",113,276.99999,31,24,36,73,51,35,28,34,27
"ENSG00000166159",92,191,61,33,22,36,29,17,0,22,4
"ENSG00000166164",1837,2094.00001,469,369,372,284,347,349,397,547,518
"ENSG00000166165",14831,13145.99999,17246,8606,7330,11504,7768,8841,9663,12292,11204
"ENSG00000166166",180,228,505,535,463,618,421,585,807,869,1253
"ENSG00000166167",1712.00001,1391,1146,1136,1207,737,1143,677,543,643,772
"ENSG00000166169",549,480,691,625,734,717,831,661,579,728,702
"ENSG00000166170",525,449,1541,1583,1825,1746,1718,1330,1526,1531,2383
"ENSG00000166171",630.00001,642,1444,852,1085,1689,1117,1917,1903,1900,2098
"ENSG00000166173",305,374,985,1015,875,1194,769,1026,1440,2150,2916
"ENSG00000166181",1333,1206,2564,2360,2644,2547,2546,1837,2145,2505,2920
"ENSG00000166188",206.99999,217,388,358,326,194,229,203,205,336,348
"ENSG00000166189",167,152,561,591,476,357,259,384,761,1004,972
"ENSG00000166192",118,102,275,178,214,284,198,224,170,184,194
"ENSG00000166197",719.00001,834.99998,1962,1557,2060,1908,1882,1540,1846,2753,3032
"ENSG00000166199",515.99999,433,653,583,501,659,560,686,847,896,1177
"ENSG00000166200",1322.99999,1259,891,649,910,912,840,710,717,733,895
"ENSG00000166206",876.00001,1260.00001,319,290,227,210,148,251,354,895,401
"ENSG00000166224",586,594.99999,1755,1698,1523,1302,1330,1244,1576,2463,2499
"ENSG00000166225",1366,1255.00002,1279,1123,1364,984,1216,654,903,904,1218
"ENSG00000166226",2015,1842,3470,2698,2647,3474,2691,4055,4448,4256,4738
"ENSG00000166228",609,752,974,777,900,1128,867,1359,1292,934,1256
"ENSG00000166233",1809.00001,2085,1058,969,1031,667,899,561,674,872,1089
"ENSG00000166246",169,115,92,81,63,59,94,51,71,71,93
"ENSG00000166250",80,85,73,93,26,89,55,50,68,178,131
"ENSG00000166257",445,556.00001,1254,1672,1479,1618,1718,905,1328,734,963
"ENSG00000166260",997,885,1483,1221,1302,1680,1249,1550,2040,1720,2260
"ENSG00000166261",189,205,396,374,348,378,390,316,314,341,528
"ENSG00000166262",729,577.99999,224,202,236,313,249,244,224,263,306
"ENSG00000166263",1717,1570,448,496,421,353,415,356,357,379,363
"ENSG00000166265",94,87,578,606,345,516,447,546,804,344,530
"ENSG00000166266",1585,2167.99999,1050,1040,958,1086,980,1000,1069,933,1211
"ENSG00000166272",611,403,1531,1800,1391,1513,1658,1406,1391,1339,1935
"ENSG00000166275",531,590,1272,870,1075,1394,904,1598,1873,1354,1742
"ENSG00000166278",54,45,80,99,94,60,130,54,131,125,200
"ENSG00000166289",30,24,128,86,86,105,107,139,227,687,454
"ENSG00000166292",18,34,22,31,28,30,19,22,25,41,47
"ENSG00000166295",2064,2459,2400,1877,2277,2877,2274,3070,2684,2179,2735
"ENSG00000166311",356,352,320,313,302,254,304,295,336,497,540
"ENSG00000166313",1250.99999,905,3644,2991,3662,4151,3444,3257,3756,5325,4520
"ENSG00000166317",121,88,47,37,25,17,51,38,17,14,17
"ENSG00000166321",339,373,38,38,38,41,44,25,31,28,29
"ENSG00000166323",143,252.99999,32,10,20,51,32,17,28,12,23
"ENSG00000166326",3329,3280,3463,2819,2787,3084,2280,2446,3414,4365,4042
"ENSG00000166333",1061.99999,803,5023,4320,4853,5944,4791,5643,5867,6093,6735
"ENSG00000166337",952,1024,228,219,176,112,152,170,352,823,744
"ENSG00000166340",578.00001,746,6541,8738,7371,7867,8868,6681,7090,4922,9213
"ENSG00000166341",569,302,1286,1341,1055,666,1037,668,823,1110,1112
"ENSG00000166342",401.99999,1403.99999,56,58,40,88,76,20,63,141,67
"ENSG00000166343",124,136,25,33,40,36,38,9,33,25,29
"ENSG00000166347",488,310.99999,777,816,583,1010,750,1159,1223,741,1137
"ENSG00000166348",2546.00001,1426,1519,1706,1324,934,1520,697,792,1362,791
"ENSG00000166349",73.99999,82,42,26,42,26,32,29,14,41,4
"ENSG00000166352",508.00001,2535,842,597,682,870,721,824,762,643,707
"ENSG00000166377",1520.00002,2085.99999,1154,1071,979,1097,1089,862,906,928,1041
"ENSG00000166387",334.00001,406,941,1535,937,1506,1513,1361,1324,389,1234
"ENSG00000166394",48,59,66,83,27,78,82,71,87,58,74
"ENSG00000166396",31.99999,123.99999,44,29,27,22,22,59,62,35,30
"ENSG00000166398",743,746,734,742,921,529,824,427,425,422,514
"ENSG00000166401",181,173.00001,182,166,114,188,57,185,306,506,875
"ENSG00000166402",809,1018,745,453,621,491,663,376,525,638,466
"ENSG00000166405",841,987,699,548,716,879,708,692,941,893,839
"ENSG00000166407",250,300,172,393,252,261,379,516,480,197,369
"ENSG00000166411",622,588.99999,1680,1467,1527,2167,1483,1719,1978,2289,2776
"ENSG00000166415",208,268,104,89,100,87,45,61,108,144,27
"ENSG00000166426",10502,16249,14108,8535,13336,11570,13624,10522,19006,21563,8731
"ENSG00000166428",353,114,244,42,103,105,112,66,57,22,26
"ENSG00000166432",964,881.99999,429,336,330,316,315,258,271,304,269
"ENSG00000166435",967.00001,1109.00001,640,605,815,724,849,568,525,878,893
"ENSG00000166436",444,496,198,176,186,174,230,132,132,141,147
"ENSG00000166439",627,263,190,110,203,122,195,69,83,54,102
"ENSG00000166441",1861.99999,1634.99999,5019,3424,5254,4903,4927,5613,5604,4375,3615
"ENSG00000166444",3233.00002,3265,2706,2134,2197,2123,2328,1628,2294,2402,1807
"ENSG00000166448",132,187,658,502,1188,483,746,628,725,875,563
"ENSG00000166450",443,500,403,389,424,368,453,254,281,97,171
"ENSG00000166451",263,83,139,149,109,107,79,114,122,156,179
"ENSG00000166452",328,389,1015,751,918,1183,837,1263,1346,1397,1275
"ENSG00000166454",700,522,600,625,418,397,433,426,789,926,1351
"ENSG00000166455",63,136,58,44,34,54,84,85,83,69,114
"ENSG00000166471",1044.00001,989,791,751,831,528,815,510,722,565,1099
"ENSG00000166473",92,224.00001,117,224,223,231,394,221,165,46,183
"ENSG00000166477",819,681,676,619,623,1085,621,838,1042,888,1156
"ENSG00000166478",683,696,706,594,687,775,754,720,675,566,790
"ENSG00000166479",962,690.99999,760,780,732,568,704,465,483,567,771
"ENSG00000166482",718.00001,258,19195,18898,34312,24508,32652,25908,22376,14689,15274
"ENSG00000166483",812.00001,715.99999,911,890,861,822,747,798,1067,2564,1528
"ENSG00000166484",418.00001,242,657,681,865,261,693,347,236,236,283
"ENSG00000166501",294,428.99999,196,171,52,142,74,107,154,115,346
"ENSG00000166503",2181,1936,690,525,625,526,566,597,641,680,620
"ENSG00000166507",260,271,961,813,873,763,757,573,614,953,839
"ENSG00000166508",835.99999,456,1813,1500,1446,1564,1546,1749,1797,2082,1759
"ENSG00000166510",57,157,22,8,41,22,35,20,8,17,27
"ENSG00000166526",1013,639.99999,1409,1144,1217,1766,1279,1303,1464,1562,1482
"ENSG00000166529",366,319.99999,639,524,515,610,631,679,653,653,945
"ENSG00000166532",1170,759.00002,1432,1105,1136,1424,1044,969,1387,1715,1850
"ENSG00000166535",130,156,69,22,6,25,13,13,49,172,85
"ENSG00000166546",116,88,69,44,45,57,51,20,47,124,186
"ENSG00000166548",500.00001,510.00002,922,779,1001,1194,869,949,1288,1184,1353
"ENSG00000166557",630,607.00001,2101,2090,2311,2632,2265,2983,3320,2695,3170
"ENSG00000166562",2089,2354,1591,1640,1108,2297,896,2714,3299,2951,3916
"ENSG00000166569",1331,2683,1184,282,1086,1496,859,688,569,930,363
"ENSG00000166575",1218,1243.99999,906,734,888,844,836,561,702,565,721
"ENSG00000166578",87,127,123,93,129,143,131,148,107,112,103
"ENSG00000166579",578,436,912,931,1082,1089,1265,855,1446,1515,2203
"ENSG00000166582",969,711.99999,202,220,130,112,89,192,423,906,689
"ENSG00000166592",1597.00001,721,606,229,203,191,234,559,1124,1244,1251
"ENSG00000166595",1430.00001,1457,1555,1226,1653,1310,1458,1482,1241,1164,1442
"ENSG00000166596",155,338,80,16,13,46,15,33,38,42,44
"ENSG00000166598",7055.99998,4390.00001,10083,8787,9955,10707,9704,10526,11260,9789,16848
"ENSG00000166619",1452,993,3087,2889,2505,3427,2681,3408,3929,3589,2774
"ENSG00000166664",20,37,75,56,104,45,97,75,60,113,71
"ENSG00000166669",1042.99999,1162,175,140,121,195,122,163,241,134,208
"ENSG00000166676",111.99999,205,68,73,28,73,67,69,59,116,65
"ENSG00000166681",6715,2968,12954,11120,11470,17957,10675,19696,19417,17040,14570
"ENSG00000166682",262.00001,187,254,293,118,250,131,255,358,453,598
"ENSG00000166685",611,603,1335,1266,1524,1429,1410,1113,1678,1996,1787
"ENSG00000166689",1140.00001,1209,945,901,1145,760,1115,604,493,609,484
"ENSG00000166704",426.00001,368,975,860,1013,952,861,599,688,606,718
"ENSG00000166707",221,68,510,369,439,524,462,471,584,910,614
"ENSG00000166710",2238,3063,11793,14899,11084,15473,13640,15433,19903,15006,16906
"ENSG00000166716",601,529,737,592,655,583,743,357,483,662,833
"ENSG00000166734",2064,1765,2992,2738,2720,2528,2547,1861,2566,2347,3475
"ENSG00000166741",19,17,53,48,72,97,96,99,89,27,78
"ENSG00000166747",1854.99999,2033,1959,1905,2007,1655,1775,1202,1580,1735,2241
"ENSG00000166750",186,236,860,777,587,757,668,447,512,689,898
"ENSG00000166762",449,752,185,89,131,166,129,86,95,94,115
"ENSG00000166780",1276,907,2356,2025,1950,2266,1851,2329,2279,2259,2396
"ENSG00000166783",1199,896,871,715,927,518,1069,446,486,492,678
"ENSG00000166788",405.00001,374.00001,286,246,211,360,238,334,425,359,480
"ENSG00000166793",127,125.99999,51,55,98,33,85,32,33,43,23
"ENSG00000166794",3028,1700,7331,6324,5975,9355,6423,11654,11957,9996,14096
"ENSG00000166797",732,718.00001,749,653,642,792,621,935,785,672,671
"ENSG00000166801",483,198.99999,987,783,980,713,1032,620,650,888,763
"ENSG00000166803",368,108,49,69,48,81,52,107,65,82,37
"ENSG00000166813",219,151,59,34,64,40,53,36,66,77,83
"ENSG00000166816",20,23,286,270,444,331,424,411,527,505,577
"ENSG00000166821",148,202.00001,573,571,576,607,571,632,571,543,637
"ENSG00000166822",866.00001,695.99999,952,737,784,771,805,681,686,700,1008
"ENSG00000166823",132,171,76,59,56,59,48,85,102,104,83
"ENSG00000166828",21,22,4,20,4,12,3,18,1,15,7
"ENSG00000166831",181,147,71,77,87,38,68,60,63,57,46
"ENSG00000166833",4707.00001,3867,898,1028,712,583,873,307,331,698,505
"ENSG00000166839",898,719,596,641,657,632,656,576,585,486,551
"ENSG00000166840",64.00001,163,182,50,120,145,124,109,124,145,66
"ENSG00000166845",204,134,100,75,66,22,69,46,25,49,41
"ENSG00000166847",1189,470,2072,1745,1886,1913,1839,1628,1862,2070,2577
"ENSG00000166848",3114.99999,3638,3554,3250,3775,5048,3045,4298,6619,7854,7833
"ENSG00000166851",212.99999,50,131,88,103,142,146,174,114,140,76
"ENSG00000166855",975,893,946,889,1170,1137,1037,889,965,978,1213
"ENSG00000166860",191,144,573,465,576,441,625,334,294,324,541
"ENSG00000166862",51,33,29,1,9,9,2,15,19,33,5
"ENSG00000166881",330,260,486,439,526,418,521,257,267,519,541
"ENSG00000166886",446.99999,426,390,473,454,260,335,231,580,875,1034
"ENSG00000166887",735,750.99999,3051,2979,2516,2735,2323,1870,2193,3265,4198
"ENSG00000166888",115.99999,152.99999,1018,1140,1263,1036,1281,586,574,630,772
"ENSG00000166889",615,699,315,286,370,207,274,156,137,142,225
"ENSG00000166896",167,173,241,230,247,258,281,245,223,227,270
"ENSG00000166897",167,109,19,15,14,3,20,8,2,4,9
"ENSG00000166900",2861.99999,4816.00001,2301,1198,2051,2099,1530,1129,1591,2075,1513
"ENSG00000166902",591,565,954,824,722,1185,959,1386,1549,1042,1556
"ENSG00000166908",386.99999,468,1551,1788,1534,1870,1795,1476,1888,2093,2228
"ENSG00000166912",820,1015,650,642,606,386,589,382,427,604,982
"ENSG00000166913",4130,3966,4619,4173,3136,5473,3230,6464,6879,6506,5520
"ENSG00000166922",191,188,251,145,25,266,97,403,357,100,204
"ENSG00000166923",20,42,6,158,18,86,30,6,46,1,36
"ENSG00000166925",1314,811.00001,344,298,218,147,289,311,345,329,447
"ENSG00000166938",893,910.99999,1416,1341,1314,1439,1148,1145,1467,1643,1955
"ENSG00000166946",556.00001,533,1572,1227,1421,1772,1436,1927,2289,2095,2329
"ENSG00000166949",888,950.99999,628,702,711,411,792,406,554,617,839
"ENSG00000166963",507,607,4076,2442,2289,3615,2211,2760,3822,7365,6735
"ENSG00000166965",184,92.99999,558,443,461,473,355,439,457,493,473
"ENSG00000166971",673.99999,770.00001,1678,1352,1694,1683,1393,1720,2596,2230,2833
"ENSG00000166974",1920.99999,2316.00001,3617,3369,3375,4254,3070,2966,3485,5504,4455
"ENSG00000166979",247.99999,219,230,160,174,297,205,128,256,419,388
"ENSG00000166986",1471.99999,1860,5420,5647,4531,7036,3879,6214,6598,8132,11910
"ENSG00000166987",969.99999,976,74,43,89,45,63,57,61,51,42
"ENSG00000166997",426,390,1155,1126,1146,1426,1085,1596,1779,1502,1197
"ENSG00000167004",3528.00002,2471,10207,8810,9293,16294,7635,16249,19349,15507,18300
"ENSG00000167005",949,1130,1790,1434,1871,1463,1808,1043,1367,1620,2053
"ENSG00000167011",15,20,75,69,76,51,76,44,70,119,178
"ENSG00000167034",33,47,10,1,0,8,21,18,15,41,86
"ENSG00000167037",259,308,259,233,426,192,364,114,129,142,224
"ENSG00000167065",405.99999,369,933,581,744,687,764,617,635,592,494
"ENSG00000167074",285,427,1498,1295,1773,979,1830,760,1057,805,1018
"ENSG00000167077",62.99999,212.99999,22,21,24,23,12,17,14,9,9
"ENSG00000167081",1802,2246,452,404,262,397,250,494,463,225,371
"ENSG00000167083",3040,4762.99999,1763,239,987,2241,970,931,1247,1570,589
"ENSG00000167085",971,837.99998,2780,2745,2321,4058,2641,4601,4565,4220,4060
"ENSG00000167088",1666,1202.00001,1114,960,897,1507,885,1628,1897,1699,2108
"ENSG00000167100",865,611,163,162,212,105,139,103,148,283,199
"ENSG00000167103",39,23,81,59,45,69,57,83,75,87,119
"ENSG00000167106",580,531,480,438,490,479,574,440,622,853,768
"ENSG00000167107",87,84,378,394,420,415,416,375,477,371,515
"ENSG00000167110",1157.99999,1239,723,686,1010,756,1068,631,788,741,1005
"ENSG00000167112",395,410,1276,1006,1060,1546,1046,1828,1930,1414,1535
"ENSG00000167113",761,647,1023,871,1052,1155,988,1389,1573,1388,1483
"ENSG00000167114",193,207,234,241,158,143,182,206,191,219,141
"ENSG00000167118",701,617,837,752,730,750,682,804,916,1071,1058
"ENSG00000167123",98,139,1208,2019,1451,1966,1739,1560,2562,828,2052
"ENSG00000167130",197,152,416,424,402,487,393,483,530,612,935
"ENSG00000167131",95.00001,68.99999,337,410,449,532,392,440,470,690,439
"ENSG00000167136",377,294,112,76,58,83,88,71,66,444,493
"ENSG00000167173",131,155,136,110,199,107,214,81,84,95,33
"ENSG00000167178",528,112,155,180,191,192,142,167,94,232,58
"ENSG00000167182",468,383,510,393,503,303,498,341,459,376,386
"ENSG00000167186",431.00001,526,749,709,703,915,786,749,888,747,874
"ENSG00000167191",525,240,2295,1587,2507,2641,2417,1384,2672,5215,5161
"ENSG00000167193",1033,928,2136,2166,1740,1970,1395,1887,3139,3224,3811
"ENSG00000167196",1114,1240,906,798,1043,1169,1077,979,1169,991,1553
"ENSG00000167202",327,316.99999,447,507,571,460,647,361,320,421,465
"ENSG00000167216",269.99999,663.99998,174,148,158,181,164,168,213,157,215
"ENSG00000167220",744.99999,594,1849,1364,1550,2056,1449,1663,2047,1890,1858
"ENSG00000167232",1529.99999,1378.00001,4109,3144,4024,2683,3339,2087,2395,2026,2515
"ENSG00000167244",4904,11014,2417,1488,1891,1085,2821,1320,2064,1322,1271
"ENSG00000167257",739,560.99999,310,249,333,178,260,187,223,205,258
"ENSG00000167258",1750,1760,380,307,425,196,352,204,231,186,169
"ENSG00000167264",512,334,617,530,534,680,561,679,762,659,836
"ENSG00000167272",469,353.00001,821,717,715,996,584,1270,1287,1087,1019
"ENSG00000167280",211,283.00001,667,594,605,609,593,384,447,645,802
"ENSG00000167281",208,273.99999,78,52,67,53,63,33,38,28,23
"ENSG00000167283",4055,3849,3438,2739,2886,3849,2866,4425,4516,2926,3058
"ENSG00000167291",472.00001,381,916,907,934,479,814,407,281,436,314
"ENSG00000167302",138.99999,166,120,71,88,31,102,39,45,44,21
"ENSG00000167306",1232.00001,3301,629,1206,557,582,687,247,549,461,493
"ENSG00000167311",22,37.99999,111,97,145,94,150,120,73,33,58
"ENSG00000167315",729.99999,1026,2526,2640,2547,3208,2460,3071,3568,2520,3056
"ENSG00000167323",828,564.99999,1583,2052,2067,998,1980,1096,888,550,1176
"ENSG00000167325",1065,937,2097,1804,2053,2162,1804,1771,1971,2331,2541
"ENSG00000167332",25,16,32,57,16,26,17,68,63,0,24
"ENSG00000167333",113,141,818,742,744,809,830,683,700,796,1014
"ENSG00000167363",363,304,259,270,295,199,313,214,167,125,209
"ENSG00000167371",517.00001,500,813,591,966,683,1052,530,506,453,455
"ENSG00000167377",216,298,630,512,585,646,582,445,477,590,971
"ENSG00000167378",689,566,1869,1792,1700,1210,1550,855,1026,1417,1611
"ENSG00000167380",598,501.00002,1245,1143,1525,1186,1489,1050,1051,1025,1243
"ENSG00000167384",251,414,295,225,270,275,288,168,228,231,261
"ENSG00000167394",96,75,208,221,267,330,278,265,402,401,402
"ENSG00000167395",133,147,266,294,466,138,369,86,116,118,161
"ENSG00000167397",1461.00001,1201.99999,2674,2610,2592,3180,2991,3569,4281,2961,5296
"ENSG00000167434",20,24,206,43,1,125,6,200,774,1756,917
"ENSG00000167447",157.00001,203,876,988,1066,1119,1094,824,922,899,1243
"ENSG00000167460",1835.99999,1069.99999,3835,3408,3439,3767,2834,2851,3845,4831,4646
"ENSG00000167461",531,365,1179,1120,1052,1384,1237,1608,1877,1755,2004
"ENSG00000167468",3496.00001,3988.00001,6139,6131,5646,8457,6209,10938,10280,6119,8278
"ENSG00000167470",1949.99999,1676,80,54,86,32,72,34,39,87,70
"ENSG00000167483",229,159,68,63,54,47,60,53,45,54,54
"ENSG00000167487",159,175,318,322,378,367,401,250,342,413,439
"ENSG00000167491",1559,1391,337,344,260,220,309,218,205,210,328
"ENSG00000167508",457.99999,239.99998,754,663,805,958,855,1117,1428,1200,1707
"ENSG00000167513",207,118,62,41,55,29,36,57,93,92,98
"ENSG00000167515",675,672.00001,1679,1519,1337,1914,1619,2336,2236,1731,2248
"ENSG00000167522",5770.00001,4732,864,731,830,855,982,881,955,889,995
"ENSG00000167523",260.00001,267,146,124,122,170,130,110,136,143,133
"ENSG00000167524",427.00001,321,122,88,115,127,161,84,95,105,171
"ENSG00000167525",178,150,33,31,43,11,46,23,22,15,21
"ENSG00000167526",12860,6739.00001,9408,6509,9461,9455,9815,12060,11719,10429,9229
"ENSG00000167528",403.00001,476,465,472,469,354,450,330,406,420,436
"ENSG00000167535",301.00001,281,563,492,646,275,560,375,337,413,308
"ENSG00000167536",325.00001,455.99999,1207,1023,1219,1323,1059,1154,1559,1613,2599
"ENSG00000167543",372,271,1049,968,935,1043,817,1184,1526,1616,1818
"ENSG00000167548",2235.99999,2135,549,444,604,277,507,282,471,680,600
"ENSG00000167549",42,38,170,175,209,142,257,100,152,140,172
"ENSG00000167552",15865.99999,8371,44692,33279,21158,43713,18175,46336,43803,67234,40238
"ENSG00000167553",2484,1534.00001,613,494,331,637,440,651,743,697,722
"ENSG00000167554",228,235,491,390,452,514,443,350,395,281,407
"ENSG00000167555",122,708.00001,68,40,61,52,53,24,39,44,63
"ENSG00000167562",151,168,294,284,264,247,302,230,238,151,236
"ENSG00000167565",169,156,504,384,543,545,614,547,893,927,1120
"ENSG00000167566",426,334,616,447,600,304,633,301,311,275,399
"ENSG00000167578",330.99999,325.00001,492,396,406,613,387,707,713,809,693
"ENSG00000167588",17,17,171,156,77,239,129,172,338,273,178
"ENSG00000167595",664,480.00001,263,192,203,253,243,220,238,235,188
"ENSG00000167600",27,71,122,256,52,179,175,382,304,44,221
"ENSG00000167601",612,362,1602,1551,2290,1237,1858,1207,1295,1783,1955
"ENSG00000167604",78.99999,89,56,64,71,95,60,55,43,39,72
"ENSG00000167608",175.00001,96,89,59,118,91,88,83,133,46,100
"ENSG00000167612",156,487.99999,250,52,313,258,245,59,73,154,96
"ENSG00000167614",2967.99999,2126,3909,3991,1957,3602,2229,3916,4204,9078,2859
"ENSG00000167615",2612,2020,1221,894,1572,521,1436,571,418,319,349
"ENSG00000167617",108,86,21,14,26,4,17,5,7,13,18
"ENSG00000167619",267.00001,268,95,75,94,35,88,56,60,67,54
"ENSG00000167625",165.00001,237,261,251,393,175,347,127,178,115,235
"ENSG00000167632",1348,1246,977,768,1115,634,944,486,484,555,540
"ENSG00000167635",1321,906.00001,2259,1586,2197,2091,2201,1673,1933,1762,2378
"ENSG00000167637",37.99999,284,164,106,116,77,165,85,59,63,125
"ENSG00000167642",875.99999,1018,1214,565,1237,1069,1058,1309,1401,1289,1166
"ENSG00000167645",599.00001,576,1259,1062,1079,1383,988,1585,1613,1887,2098
"ENSG00000167646",26,88,185,102,147,174,128,198,294,301,210
"ENSG00000167654",903,965,758,666,733,776,656,612,553,723,490
"ENSG00000167657",543,436,969,827,1117,711,1249,735,637,918,920
"ENSG00000167658",10242,7977.99999,10583,8293,13679,2408,12141,2684,2308,2319,2045
"ENSG00000167670",469,238,139,185,102,95,85,125,170,202,174
"ENSG00000167671",977,1146,625,416,530,636,666,658,776,842,841
"ENSG00000167674",1051.99999,733.00001,742,762,625,1093,601,914,1207,1478,1478
"ENSG00000167676",98,113,81,118,110,102,140,54,89,87,165
"ENSG00000167680",243,242,105,59,117,60,153,61,86,89,64
"ENSG00000167685",576,449,597,590,524,503,410,500,749,1036,923
"ENSG00000167693",790,488,368,331,373,277,420,351,334,385,455
"ENSG00000167695",390,286,532,528,507,448,581,458,483,408,875
"ENSG00000167699",1071,953,2018,1610,1873,2356,1877,2347,2690,2487,2991
"ENSG00000167700",217,190,1128,1182,1012,1602,830,1961,2343,1976,2001
"ENSG00000167701",16,23,35,51,33,15,64,50,69,30,31
"ENSG00000167702",223,241.99999,242,260,224,102,128,109,181,227,238
"ENSG00000167703",243,286,218,171,182,134,160,131,135,143,145
"ENSG00000167705",21,29,127,56,90,117,67,141,169,142,177
"ENSG00000167711",25,36,86,185,18,77,125,123,89,11,100
"ENSG00000167716",143.99999,220.99999,246,380,245,214,221,211,322,463,363
"ENSG00000167720",509,218,1376,1227,1082,1383,882,1444,1529,1417,1708
"ENSG00000167721",749.00001,672,1788,1693,1521,1660,1730,1398,1522,1897,2492
"ENSG00000167723",97,165,32,25,49,39,28,21,23,10,33
"ENSG00000167733",350.00001,436.99999,943,779,853,1116,702,1288,1485,1611,1419
"ENSG00000167740",381,362,1448,1232,1141,1823,1286,2082,2767,2958,2268
"ENSG00000167755",17,18,17,10,42,10,42,52,20,0,24
"ENSG00000167757",22.00001,25.99999,263,190,47,263,126,390,423,51,336
"ENSG00000167766",1312,1077,1468,988,1521,1195,1453,981,830,741,1082
"ENSG00000167770",948,741,2780,2489,2445,3266,2709,3455,3718,3522,3489
"ENSG00000167771",297,266,32,27,30,3,40,0,0,1,1
"ENSG00000167772",356,257,778,605,448,715,424,641,792,1086,3038
"ENSG00000167775",625,379,1188,973,1041,1466,1142,1925,2051,1403,1946
"ENSG00000167778",412,463.99999,2350,2125,2776,1952,2351,1901,2360,2768,3054
"ENSG00000167779",332,137,1340,714,927,1479,779,1939,7653,10525,7203
"ENSG00000167785",279,169,1333,1232,1491,1227,1360,746,723,1029,1177
"ENSG00000167791",60,58,15,0,10,19,17,16,10,12,9
"ENSG00000167792",1199.99998,1219.99998,3273,2980,3253,4218,3420,4552,4935,4611,4636
"ENSG00000167797",626,484,1489,1219,1223,1902,1306,2311,2642,2642,4738
"ENSG00000167799",63,72,78,95,26,54,49,81,152,136,166
"ENSG00000167807",23,20,41,58,45,60,40,83,50,57,76
"ENSG00000167815",4451,4381,9305,7502,8708,12338,8782,12468,13177,13980,12932
"ENSG00000167840",265,265.99999,398,399,437,548,428,478,491,435,736
"ENSG00000167842",287,383,667,512,641,828,657,643,720,689,949
"ENSG00000167858",25,41,65,8,14,25,3,18,11,69,70
"ENSG00000167861",211,233,1432,1289,1482,1491,1336,1187,1242,1425,1937
"ENSG00000167862",496,540,318,272,266,445,250,461,495,384,340
"ENSG00000167863",2303.99999,2087,2247,1848,1984,2833,1931,2976,3047,2248,2550
"ENSG00000167881",982.00001,794.99999,2711,2429,2738,3242,2928,2811,3426,3656,5205
"ENSG00000167889",69,173.99999,36,19,29,15,10,11,8,7,13
"ENSG00000167900",143,57,87,144,61,179,73,243,144,216,106
"ENSG00000167904",491,496,726,523,805,610,665,612,689,552,717
"ENSG00000167925",58,72,230,179,217,84,215,85,73,55,83
"ENSG00000167930",924.00001,813,4026,4426,4509,4904,4762,4511,4985,4681,6094
"ENSG00000167962",452.00001,480.00001,40,45,56,24,56,20,33,46,59
"ENSG00000167964",225,214,179,110,138,145,139,150,220,362,398
"ENSG00000167965",717,811.00002,2494,2101,2825,2803,2674,2658,3121,3115,3245
"ENSG00000167967",388,283,948,821,941,879,1015,881,971,970,1234
"ENSG00000167968",22,97,13,14,24,5,19,7,7,0,5
"ENSG00000167969",1116,1020.00001,305,336,187,142,145,316,879,1506,1483
"ENSG00000167971",327,296,18,22,22,12,28,15,26,46,19
"ENSG00000167972",700,529,1870,2057,1638,1186,1318,1093,1257,2044,1853
"ENSG00000167977",318,308,768,711,644,673,674,541,736,836,1374
"ENSG00000167978",6891,5544,12856,11557,13515,10441,12572,6918,9193,13160,14821
"ENSG00000167981",100,129,148,137,189,142,230,106,180,219,449
"ENSG00000167984",126,206,104,70,101,58,112,60,80,85,109
"ENSG00000167985",777,644.00001,758,631,586,780,568,894,1010,910,1230
"ENSG00000167986",3218.00002,3614.99998,9026,7723,9743,6258,8331,4596,4803,5734,6338
"ENSG00000167987",274,375,107,130,111,48,117,49,46,46,96
"ENSG00000167992",151,192,54,50,42,26,80,33,27,54,73
"ENSG00000167994",72,85,147,153,93,54,92,89,109,34,130
"ENSG00000167995",827.00001,563,8401,8425,1491,9711,6028,16197,12432,1713,10307
"ENSG00000167996",16327.00001,23814.99999,148928,122997,129604,184623,135517,168265,195194,201744,253455
"ENSG00000168000",907.99998,973,3254,1638,2252,3542,1996,4097,5238,6039,5318
"ENSG00000168002",1889.99999,1777.99999,3212,2464,2654,3873,2406,4295,4438,4074,3779
"ENSG00000168003",2346,2945.99999,6759,8557,5127,10498,7869,11906,12782,11522,21064
"ENSG00000168004",30,41,18,52,30,35,18,15,33,66,46
"ENSG00000168005",405,338,41,12,25,24,35,8,12,18,32
"ENSG00000168010",450.99999,233.99998,907,808,842,788,791,710,986,1096,918
"ENSG00000168014",1392.00001,2237.00001,836,763,763,768,839,457,511,632,781
"ENSG00000168016",123.99999,178.00001,49,94,76,49,89,20,17,62,23
"ENSG00000168026",338,526,256,222,241,296,268,200,213,234,192
"ENSG00000168028",1265,742.99999,5412,3360,4879,4223,4280,5212,5689,4681,4287
"ENSG00000168032",139,309,140,131,100,153,110,187,242,188,176
"ENSG00000168036",4239,1999.00002,8296,7219,8113,7492,6845,5286,5460,5879,5097
"ENSG00000168038",406,757,197,229,108,225,170,257,195,108,155
"ENSG00000168040",384,320,544,503,468,313,439,322,339,350,426
"ENSG00000168056",2194.99999,1137.00001,1640,1486,1293,736,814,857,2265,4140,3263
"ENSG00000168061",198.00001,182,55,106,24,27,31,49,176,287,351
"ENSG00000168066",3321.00002,2733,1402,1195,1335,561,1092,683,662,667,871
"ENSG00000168067",129,242,212,193,250,227,206,205,184,258,245
"ENSG00000168071",66.00001,105.00001,123,66,72,172,94,68,108,72,134
"ENSG00000168077",524,397,1181,1150,842,708,585,759,1233,3907,2774
"ENSG00000168078",208,109,53,60,51,86,44,98,59,86,38
"ENSG00000168079",21,52,33,88,47,33,61,35,42,58,18
"ENSG00000168090",1327.99999,1069.00001,3982,3809,3288,5405,3670,6205,7169,6556,7002
"ENSG00000168092",1694.99999,1461,1643,1441,1537,1156,1465,1259,1825,2080,2545
"ENSG00000168096",740.00001,1015.99999,677,580,714,982,642,794,906,1109,1384
"ENSG00000168101",792.00001,551,2181,1966,1655,2681,1780,3645,3857,3496,3792
"ENSG00000168116",521,448,250,248,226,332,259,268,281,245,306
"ENSG00000168118",735,738.99999,1260,952,1030,1291,897,1145,1611,1274,1301
"ENSG00000168124",16,28,21,22,24,26,19,15,16,17,93
"ENSG00000168135",24,23,16,17,10,4,26,0,7,6,19
"ENSG00000168137",5638.99999,3733.99999,1952,1446,1706,1214,1938,1151,1352,1366,1503
"ENSG00000168140",303,167,1327,1100,1186,1101,999,1393,2612,2398,4171
"ENSG00000168152",154.99999,123,300,183,284,284,301,205,184,205,185
"ENSG00000168159",1913,2256,500,506,471,395,547,462,443,690,986
"ENSG00000168172",2229.00001,2103,1064,991,1058,777,1032,632,644,486,883
"ENSG00000168175",2142,1543,4202,3987,4187,4333,3774,3939,5425,5929,6405
"ENSG00000168209",1200,969,3309,3374,2702,3540,2662,3382,3842,2049,3649
"ENSG00000168214",3203.99999,6888.00002,3566,3239,4016,4335,4799,3759,3628,3890,4127
"ENSG00000168216",2976.99999,4231,2072,1352,2004,1573,1558,1587,2026,1607,1693
"ENSG00000168228",343,320,294,320,327,308,297,252,351,403,580
"ENSG00000168234",801,1010,290,316,225,210,235,312,337,299,518
"ENSG00000168237",202,78,422,799,505,498,419,426,375,388,215
"ENSG00000168243",559.99999,307.00001,260,274,385,311,232,267,189,298,313
"ENSG00000168246",529,510,615,573,524,487,424,423,706,631,696
"ENSG00000168255",265,55.00001,596,617,583,942,600,870,948,918,869
"ENSG00000168256",916.99999,832.00001,2496,2229,2326,3139,2517,3057,3426,3534,3557
"ENSG00000168259",1859.00001,1957.00001,1725,1300,1410,1666,1427,1677,2242,1845,2279
"ENSG00000168263",2124,5565,5021,772,3845,8280,3600,3669,3895,6984,2482
"ENSG00000168264",946,902,907,711,841,556,735,508,534,1117,753
"ENSG00000168268",847,715.00001,486,465,503,406,453,569,589,592,667
"ENSG00000168273",283,300,229,219,204,331,249,406,315,189,216
"ENSG00000168275",532,411,320,223,223,458,259,400,367,315,401
"ENSG00000168280",3734,5917,1585,2021,1545,1416,1453,968,1090,1312,920
"ENSG00000168282",333,285,835,822,727,964,801,862,822,891,1591
"ENSG00000168283",809,953.99999,585,530,479,615,400,517,604,651,726
"ENSG00000168286",387,367,312,407,279,272,238,419,938,1769,1686
"ENSG00000168288",846,987,1514,1310,1522,1972,1501,1996,2367,1971,2654
"ENSG00000168291",1235,1165,3315,2964,3108,4078,3147,4381,5457,4100,3869
"ENSG00000168297",827.99999,1060,830,711,941,949,940,758,742,768,719
"ENSG00000168298",2749,2472,32,33,32,151,26,113,67,52,47
"ENSG00000168300",1678,1672,1227,977,1241,1188,1158,818,770,813,685
"ENSG00000168301",376.99999,534,1152,626,1193,1023,1013,1059,1287,1100,1127
"ENSG00000168303",664,602,859,746,739,1008,826,1185,1283,993,1282
"ENSG00000168306",224,89,623,647,368,649,606,829,1217,973,1180
"ENSG00000168309",1947.99999,1889.99999,1823,1221,1099,1992,1385,1739,1896,1347,1226
"ENSG00000168310",716.00001,740.00001,503,320,432,471,449,379,529,490,479
"ENSG00000168348",231,287,75,72,64,56,37,86,40,41,42
"ENSG00000168350",58,92,109,103,161,118,118,126,175,72,148
"ENSG00000168356",213.00001,907.00001,48,48,41,40,71,34,29,19,52
"ENSG00000168374",2106,2144,4871,4420,5291,5434,4738,5835,7619,7083,10330
"ENSG00000168385",4087.00001,3423,12184,9823,11077,11884,9254,9360,11721,13968,14394
"ENSG00000168386",871.99999,1048,631,536,577,538,557,452,551,1081,602
"ENSG00000168389",90,150,253,348,200,336,220,437,467,410,1076
"ENSG00000168393",798.00001,403.99999,957,790,746,1270,802,1516,1445,1384,1284
"ENSG00000168394",178,161,988,1413,1205,1242,1532,1020,1269,1764,2093
"ENSG00000168395",948.99999,681,641,569,595,600,536,573,891,1129,1075
"ENSG00000168397",843.99999,821,2673,1940,2555,2994,2846,2594,2786,2991,3969
"ENSG00000168398",27,19,50,43,42,55,46,19,41,156,26
"ENSG00000168411",404,307,619,609,670,518,630,377,364,536,625
"ENSG00000168412",21,27,23,17,19,19,24,20,8,4,15
"ENSG00000168418",210,785,258,140,323,313,235,212,149,222,162
"ENSG00000168434",458,454,984,814,1051,1017,1060,973,1128,1159,1603
"ENSG00000168438",802,1067,366,301,352,381,344,305,410,345,432
"ENSG00000168439",1120,1160,4277,4330,4262,4915,4197,4933,4642,5070,7278
"ENSG00000168453",537,560,271,351,125,217,223,89,181,191,303
"ENSG00000168461",544,505,3713,2963,3646,3139,2387,3567,5823,7465,4161
"ENSG00000168476",124,131,221,274,341,343,378,311,277,272,285
"ENSG00000168477",135.00001,139.99999,209,102,177,125,199,57,128,382,275
"ENSG00000168487",438,381.99999,342,429,219,310,274,225,257,510,322
"ENSG00000168488",2152,2544.99999,765,584,808,179,587,227,181,266,397
"ENSG00000168491",45,106,34,18,23,71,70,32,36,30,30
"ENSG00000168495",347,334,704,672,912,641,879,648,616,654,1059
"ENSG00000168496",436,265,776,656,575,889,730,1110,1569,1413,1456
"ENSG00000168502",1783,2134.00001,323,232,263,276,281,185,196,418,204
"ENSG00000168517",106,155,268,247,298,389,323,376,436,293,360
"ENSG00000168522",945,902.99999,1936,1448,1734,1733,1488,1805,1897,2074,2239
"ENSG00000168528",613,302,1025,1332,1446,588,1311,660,542,289,305
"ENSG00000168530",57,90,519,552,334,859,1128,949,460,194,302
"ENSG00000168538",740,730.99999,1157,1276,1291,1011,1223,692,700,871,964
"ENSG00000168542",193,141,9153,1603,4227,6582,8536,2818,5032,4875,5268
"ENSG00000168546",44,68,134,121,163,179,108,302,249,342,165
"ENSG00000168556",594,525,225,184,196,182,170,187,377,368,547
"ENSG00000168564",338,410.00001,615,422,532,673,660,510,668,848,1689
"ENSG00000168566",304,297.99999,189,150,218,228,200,120,177,150,127
"ENSG00000168569",645,494,618,457,623,750,588,850,889,624,699
"ENSG00000168575",693.99999,851.00001,796,887,617,914,850,686,1042,838,934
"ENSG00000168591",342,313,1144,1185,1180,1300,1243,1330,1638,1633,2083
"ENSG00000168610",6033.99999,3065.99999,4883,5307,4673,3869,4384,3698,4741,6088,6388
"ENSG00000168612",144,144,419,411,540,530,483,545,502,481,466
"ENSG00000168615",3545.99998,3598.99999,2909,3100,2342,2624,2718,2159,2143,2399,2908
"ENSG00000168646",173,195.00001,313,244,335,216,285,245,236,188,228
"ENSG00000168653",3032,2234,3529,3158,3309,4511,3220,5082,6089,4960,4798
"ENSG00000168658",217.00001,705,37,10,14,27,15,26,13,73,34
"ENSG00000168661",387.99999,435.00001,505,300,559,547,553,445,463,595,446
"ENSG00000168671",64,161,123,133,46,187,76,123,84,99,54
"ENSG00000168672",703,654.99999,1847,1857,1466,1505,1787,1029,815,747,1431
"ENSG00000168675",1391.99999,1763.99999,875,491,670,582,627,327,526,659,595
"ENSG00000168676",34,59,25,15,12,19,12,6,4,4,6
"ENSG00000168679",319,223.00001,486,637,349,553,592,642,852,265,614
"ENSG00000168701",632,568.99999,1523,1267,1285,1663,1097,2438,2679,1977,2319
"ENSG00000168702",381,587,629,455,886,507,727,348,323,409,310
"ENSG00000168710",1762,1860,4928,3834,5001,3000,3556,2649,3229,3218,3489
"ENSG00000168724",1248,1027,291,182,280,220,267,216,213,294,305
"ENSG00000168734",981,846,1313,1046,1031,1735,1001,1948,2349,2240,2123
"ENSG00000168743",114,248.00001,1141,1030,1232,1529,2304,629,621,159,648
"ENSG00000168754",18,48,29,24,16,30,21,40,19,11,7
"ENSG00000168758",447,338,270,239,300,133,278,134,223,185,128
"ENSG00000168763",706,597,238,205,310,205,311,219,246,284,165
"ENSG00000168765",220.99999,228,784,1027,885,1136,999,1360,1609,906,1273
"ENSG00000168769",970,1192,606,688,670,956,639,760,995,857,792
"ENSG00000168772",782.99999,825,479,327,686,279,481,293,255,172,170
"ENSG00000168778",654,498,470,348,426,409,400,375,504,361,520
"ENSG00000168781",344,348.00001,866,775,826,1053,910,486,582,803,841
"ENSG00000168785",1036.99999,694,975,1154,655,618,453,720,1245,1723,2216
"ENSG00000168792",57,87,122,115,111,87,138,91,150,145,223
"ENSG00000168795",618,563,538,460,695,493,654,302,353,587,429
"ENSG00000168802",252,87,1219,1136,1068,1225,1085,1428,1146,986,1519
"ENSG00000168803",338.00001,489,422,351,310,505,445,419,510,385,479
"ENSG00000168806",154,155,704,674,675,881,754,770,687,766,1117
"ENSG00000168807",1335.99999,1328.99999,280,255,320,238,272,178,229,208,316
"ENSG00000168813",478.00001,562,566,471,531,456,579,311,359,302,429
"ENSG00000168818",950,1160.00001,787,670,615,808,598,859,970,1079,1244
"ENSG00000168824",452.99999,314,397,330,316,471,274,440,487,644,246
"ENSG00000168826",175,227,186,165,166,257,232,176,176,271,213
"ENSG00000168827",771.00001,850,1211,1239,1078,1398,1026,989,1419,1470,2026
"ENSG00000168843",8437,14563,1941,841,2182,2117,1413,861,633,1347,586
"ENSG00000168872",694.99998,680.00001,2134,1829,1984,2374,1967,1750,2213,2121,3049
"ENSG00000168874",536,551,347,213,210,213,210,210,349,1127,571
"ENSG00000168876",252.00001,246.99999,355,339,357,441,351,382,459,434,446
"ENSG00000168883",1246,930,1907,1663,1648,2222,1525,1835,2167,2360,2525
"ENSG00000168884",556,378,360,560,227,298,194,384,696,1736,1359
"ENSG00000168887",640.00001,480,1546,1300,1665,1480,1536,1262,1378,1407,1613
"ENSG00000168890",137.00001,170,802,690,915,848,1025,922,950,880,1032
"ENSG00000168894",916.99999,942.99999,1172,1014,1001,1418,1023,1756,1719,1393,1751
"ENSG00000168899",85,68,412,262,385,435,239,428,706,677,500
"ENSG00000168904",708,875,747,586,739,801,663,647,632,541,736
"ENSG00000168906",1060,934,8565,6983,7663,8206,7602,7142,9651,7953,15402
"ENSG00000168907",29,16,14,25,3,3,36,28,29,6,47
"ENSG00000168913",114,156,87,132,53,44,27,92,110,215,176
"ENSG00000168916",2347,3735.99999,965,709,981,715,861,581,558,704,508
"ENSG00000168917",246,365,641,523,658,686,557,635,869,956,1148
"ENSG00000168918",54,138,262,254,464,342,538,135,69,79,207
"ENSG00000168924",510,443,643,764,542,477,497,453,762,956,1289
"ENSG00000168936",486,414,2175,2527,1751,1557,1069,1623,3486,4376,5364
"ENSG00000168938",114,224,473,659,568,637,523,902,896,466,616
"ENSG00000168944",927,1298,467,388,565,330,440,245,197,243,308
"ENSG00000168952",827.00001,454,518,892,575,888,639,579,969,1017,1001
"ENSG00000168958",1628.99999,1729,2586,2399,2511,3432,2275,2883,3361,3064,3694
"ENSG00000168970",287.99998,214,440,538,677,435,639,156,217,248,350
"ENSG00000168993",215,277,40,7,33,13,19,20,13,23,21
"ENSG00000168994",191,139,127,190,106,105,89,93,239,556,715
"ENSG00000169016",373,613.99999,571,572,617,597,574,563,704,653,1154
"ENSG00000169018",702,674,2105,2152,2145,1532,1719,922,1064,1581,1956
"ENSG00000169019",360,540,385,275,298,468,240,456,442,405,408
"ENSG00000169020",2923,2985,1591,1430,1398,2246,1532,2767,2538,1614,1694
"ENSG00000169021",1453,1184,3823,3065,3201,4721,3421,4976,5559,4656,6193
"ENSG00000169031",273,210,301,414,207,559,467,334,415,308,440
"ENSG00000169032",805.99999,959,985,1072,891,642,839,541,812,856,1363
"ENSG00000169045",5623,3450.99999,3205,2548,2913,2621,2448,2739,3110,2586,3066
"ENSG00000169047",239,171,327,248,445,96,303,82,95,72,109
"ENSG00000169057",1422,1408.00001,894,710,983,543,909,451,637,644,694
"ENSG00000169062",1774,1969.99999,761,598,544,808,633,800,1166,1188,1354
"ENSG00000169064",566,896,35,16,10,40,15,21,18,39,33
"ENSG00000169071",1434.99999,557,1547,2060,1340,1475,1064,1112,1172,2422,1538
"ENSG00000169083",653,458,322,337,472,161,350,155,169,185,128
"ENSG00000169085",199,245,1081,176,412,518,526,570,204,259,209
"ENSG00000169087",414.99999,561.99999,265,251,296,462,355,354,369,420,510
"ENSG00000169105",211,173,155,131,140,149,134,139,190,161,97
"ENSG00000169116",392,232,3573,6352,4345,4904,6149,4769,7538,1614,5621
"ENSG00000169118",795,1097.00001,840,736,759,682,703,511,579,644,592
"ENSG00000169122",441,348,1237,961,1309,1205,1088,1140,1597,1527,1295
"ENSG00000169126",252,541,113,68,132,102,65,123,78,54,112
"ENSG00000169129",427.99999,458,547,360,179,527,227,233,578,893,845
"ENSG00000169131",239,263,465,321,362,416,364,386,480,464,716
"ENSG00000169136",624,389,157,112,87,164,144,172,169,148,265
"ENSG00000169139",1749,1529.00001,1743,1526,1700,2035,1508,1785,2328,2053,2593
"ENSG00000169155",491,522.99999,1029,967,1076,954,1068,834,1037,996,1162
"ENSG00000169169",967,745.99999,1752,1370,1660,1825,1727,1762,1707,2074,1912
"ENSG00000169174",20.99999,22,16,36,99,51,109,19,15,6,5
"ENSG00000169180",1463.99999,1307.00001,751,720,602,511,587,522,506,702,599
"ENSG00000169181",98,78,37,37,24,35,20,42,23,39,50
"ENSG00000169184",186,109,146,89,94,51,96,75,83,58,80
"ENSG00000169188",128,66,550,455,473,560,535,589,657,530,655
"ENSG00000169189",295,387,627,555,508,759,535,962,810,712,750
"ENSG00000169193",508,366,336,294,299,372,320,302,357,254,304
"ENSG00000169203",62,40,363,379,405,479,598,259,275,337,380
"ENSG00000169213",202,293,767,543,774,549,750,414,329,309,155
"ENSG00000169217",779,673,1744,1639,1752,1598,1554,1455,1814,2565,2591
"ENSG00000169218",83,53,169,94,212,48,154,137,150,97,146
"ENSG00000169220",53,187.99999,257,221,249,292,296,300,345,332,395
"ENSG00000169221",425.99999,376,250,241,232,239,195,185,237,309,293
"ENSG00000169223",1156,769,4294,3793,3243,5295,3792,6782,7028,6966,8169
"ENSG00000169228",499,483.00001,1416,1280,1529,2023,1561,1973,2189,1791,2473
"ENSG00000169230",1029.00001,878,2702,2387,2069,2803,1654,3347,5126,4601,5391
"ENSG00000169231",274.99999,184,893,734,648,1025,702,653,705,1137,621
"ENSG00000169239",520,266,580,369,570,423,578,362,448,353,551
"ENSG00000169241",131,111.99999,763,543,742,918,584,1015,987,789,765
"ENSG00000169242",193,144,883,662,1185,1087,810,926,1698,4266,3150
"ENSG00000169246",33,21,924,827,806,931,1066,673,610,832,883
"ENSG00000169247",156,194,308,391,339,279,426,172,253,312,280
"ENSG00000169249",1107,779,287,299,304,427,318,355,375,342,505
"ENSG00000169251",869,1077,1532,1385,1545,1729,1474,1328,1321,1485,1577
"ENSG00000169255",315.00001,136.99999,625,888,626,761,393,568,799,1010,662
"ENSG00000169258",202,205,25,27,40,8,21,15,8,77,42
"ENSG00000169282",737,1293,395,430,311,665,421,334,509,449,621
"ENSG00000169288",614.00001,661,223,173,138,233,149,217,315,299,325
"ENSG00000169291",31,31,31,32,7,14,9,25,31,83,137
"ENSG00000169297",59,22,42,12,0,43,2,40,77,91,96
"ENSG00000169299",324,297,450,493,478,447,483,473,581,465,572
"ENSG00000169302",97,199,190,103,80,116,90,83,73,112,318
"ENSG00000169306",123,153,94,103,109,123,87,116,136,134,104
"ENSG00000169314",63,190,9,15,13,27,6,25,30,18,7
"ENSG00000169330",370,735,406,447,643,279,375,190,197,311,268
"ENSG00000169359",474.00001,394,778,701,767,823,835,676,766,566,988
"ENSG00000169371",337,432.99999,951,843,940,1162,958,1113,1200,937,1408
"ENSG00000169372",893,1637,399,371,427,529,412,608,653,546,420
"ENSG00000169375",1673.00002,1726,1501,1259,1683,913,1439,686,870,1089,1052
"ENSG00000169379",2157.00001,2420,382,382,305,469,387,455,517,572,759
"ENSG00000169393",45,178,5,12,20,31,14,44,19,59,55
"ENSG00000169398",5523.99999,7169,3520,3075,3325,3029,3359,1840,2184,2819,2927
"ENSG00000169410",549,429,320,390,159,205,230,246,498,1254,1114
"ENSG00000169418",17,26,13,42,15,9,32,14,40,29,29
"ENSG00000169432",599,566,90,271,113,123,33,143,171,146,225
"ENSG00000169435",80.99999,127,124,137,160,179,176,109,132,49,218
"ENSG00000169439",748,800,3079,2320,2519,3277,2420,2935,3148,2111,3460
"ENSG00000169446",360,385,806,629,731,342,509,332,375,368,420
"ENSG00000169490",557,419.00001,1307,1258,1082,1448,1199,1582,1864,1669,2252
"ENSG00000169499",525,287,265,192,242,165,261,185,224,97,194
"ENSG00000169504",1451,1395,4585,4599,4066,3897,3731,2305,2559,3021,4299
"ENSG00000169508",273,251,19,24,21,22,27,11,14,8,9
"ENSG00000169515",458,294,1469,1417,1840,1328,1738,1069,1044,968,1269
"ENSG00000169519",2020,1699.00001,457,374,454,407,442,319,374,392,362
"ENSG00000169554",1331.00003,1761.99997,1519,1466,1463,1475,1370,926,722,1287,888
"ENSG00000169562",28,36,153,141,165,95,166,123,127,85,148
"ENSG00000169564",2719,2895,2005,1941,2121,2118,2347,2821,2742,2664,2931
"ENSG00000169567",5260,4118,4683,3753,4124,5378,3887,6400,6365,4653,4997
"ENSG00000169570",465,430,363,294,301,254,318,203,282,171,272
"ENSG00000169592",488,441,100,83,84,52,79,57,75,56,66
"ENSG00000169594",18,56,16,58,3,7,13,21,20,36,18
"ENSG00000169598",297,238.99999,294,227,229,255,243,248,230,202,283
"ENSG00000169599",882.00001,1206.99999,1126,863,961,1339,857,1455,1397,1263,1412
"ENSG00000169604",1063,1455,1258,931,806,1139,794,1100,1703,2250,1096
"ENSG00000169607",191,144,56,58,52,51,40,77,47,51,24
"ENSG00000169609",491.99999,466.00001,722,522,680,675,627,741,717,654,719
"ENSG00000169612",256,223,1086,808,891,1354,816,1450,1747,1504,1532
"ENSG00000169621",387,790,73,80,48,62,64,78,36,37,49
"ENSG00000169635",241,230,91,50,112,64,80,42,79,51,35
"ENSG00000169641",577,458,684,590,704,687,971,509,755,650,851
"ENSG00000169660",327.00001,305,251,238,141,188,167,233,282,467,323
"ENSG00000169679",272,127,159,113,99,176,131,113,69,102,100
"ENSG00000169682",485,481,1328,1606,1395,1785,1456,1684,1897,2031,2483
"ENSG00000169683",112,94,192,185,155,109,182,156,98,158,118
"ENSG00000169684",191,241,63,76,40,41,48,45,64,84,56
"ENSG00000169689",898.00001,532,725,648,558,1015,637,1382,1350,1236,1273
"ENSG00000169692",232,174,1313,1195,1432,1580,1240,1786,2464,2095,3055
"ENSG00000169696",402,505.99998,813,679,691,1049,793,1145,1299,1139,1506
"ENSG00000169710",1097,721,598,544,681,153,582,222,187,175,230
"ENSG00000169714",3735.00001,3454,12638,10202,13059,14649,12062,14176,18021,14810,19624
"ENSG00000169715",430,792.00001,52,35,4,53,17,118,217,83,260
"ENSG00000169718",582,546,119,78,98,83,114,129,191,213,254
"ENSG00000169727",932.99999,1028.99999,2957,2714,2570,3608,2801,4321,4441,3800,4001
"ENSG00000169733",376.00001,337.00001,403,348,363,378,427,422,413,571,580
"ENSG00000169738",961.00001,600.99999,2178,2057,2172,2773,2079,3665,3836,3012,3797
"ENSG00000169740",570,618,1501,1297,1254,1962,1349,1829,1967,1791,2189
"ENSG00000169744",284,288,256,213,399,247,289,334,243,252,215
"ENSG00000169750",569,356,49,28,30,0,24,1,3,0,5
"ENSG00000169756",1312.99999,1950.00001,707,740,657,655,655,660,647,619,676
"ENSG00000169758",113.99999,114,32,17,32,29,33,15,19,17,24
"ENSG00000169760",2432.99999,2474,793,814,897,448,702,285,414,435,340
"ENSG00000169762",768.00001,852,378,201,307,437,235,205,375,908,655
"ENSG00000169764",851.00002,808.99998,2001,1683,1716,2355,1629,2050,2251,2353,2398
"ENSG00000169783",300,426.00001,232,222,257,112,225,150,203,195,248
"ENSG00000169813",2244,2304.00001,4940,4504,4985,5573,4785,5426,6802,6607,7353
"ENSG00000169814",778,833.99999,844,708,732,1000,748,936,982,691,775
"ENSG00000169826",543,319,580,582,377,483,411,363,588,834,1324
"ENSG00000169836",27,90,26,25,19,40,37,11,44,43,16
"ENSG00000169851",1602.00001,616,1120,1100,1310,831,1386,903,1136,474,671
"ENSG00000169855",1759,870.00001,1523,2709,1694,1652,1789,763,926,962,1016
"ENSG00000169856",409,667,261,111,164,106,129,153,130,126,36
"ENSG00000169857",220,174,21,13,20,15,13,41,46,60,36
"ENSG00000169860",570,340,795,659,692,825,690,596,840,958,1682
"ENSG00000169862",6356.00001,5312,512,355,379,405,403,314,402,375,372
"ENSG00000169871",639,472,1350,1307,1309,1045,1274,929,1163,1747,1480
"ENSG00000169884",59,21,30,10,7,46,6,10,16,56,69
"ENSG00000169891",307,243,355,318,338,275,377,127,333,270,255
"ENSG00000169895",1782,1661,1421,1376,1292,1586,1316,1565,1908,1709,2469
"ENSG00000169902",518,681,834,652,577,873,468,762,971,1984,1812
"ENSG00000169905",1110,1027.99999,1316,1284,1286,1107,1304,1008,1305,1472,2280
"ENSG00000169914",235,279,225,218,212,167,213,189,190,183,264
"ENSG00000169918",516,315,69,83,84,72,82,44,48,47,48
"ENSG00000169919",501.00001,405.00001,1848,1786,1827,2273,1998,2302,2243,1918,2338
"ENSG00000169925",1610,1364,2494,2221,2289,1925,2370,2377,2261,2247,2127
"ENSG00000169926",562,470,134,105,131,67,108,86,154,117,64
"ENSG00000169933",158.99999,402,23,41,7,17,8,6,15,30,14
"ENSG00000169946",769.99999,493,42,68,32,78,35,32,39,77,25
"ENSG00000169951",192,179.99999,171,183,248,225,195,150,198,233,246
"ENSG00000169955",205.99999,221,465,430,390,262,427,247,287,312,307
"ENSG00000169957",408,372,191,166,202,73,142,74,61,77,103
"ENSG00000169962",23,21,41,59,72,94,48,62,118,161,119
"ENSG00000169964",204.99999,242.00001,799,603,896,769,594,811,858,828,651
"ENSG00000169967",1317,1204,754,804,608,503,620,489,806,884,1033
"ENSG00000169972",180,153,397,289,455,468,533,532,617,442,679
"ENSG00000169976",1394,1233,1657,1370,1438,2050,1478,2500,2501,2257,2509
"ENSG00000169981",177,818,191,168,142,225,180,204,223,292,307
"ENSG00000169989",248,298,94,90,101,117,94,72,83,77,73
"ENSG00000169991",207,180,17,17,9,3,10,4,8,26,1
"ENSG00000169992",1069,841,201,157,273,121,231,160,174,279,244
"ENSG00000170004",1978.99999,1332.00001,1204,1008,1224,940,1354,695,885,1162,790
"ENSG00000170006",31,56,26,24,24,15,11,25,22,72,23
"ENSG00000170011",640,882,499,624,247,461,428,457,745,276,525
"ENSG00000170017",319,389.00001,1801,2255,3348,2322,3320,1289,1747,954,1901
"ENSG00000170027",1717,1742,377,331,341,220,317,213,199,164,273
"ENSG00000170035",2655.99999,5654.99999,1291,953,992,943,837,941,1093,1080,901
"ENSG00000170037",485,383.99999,822,786,947,964,940,597,614,860,683
"ENSG00000170043",791.99999,791,954,824,826,457,814,613,537,499,396
"ENSG00000170044",126,250,56,264,35,181,195,145,162,33,59
"ENSG00000170049",127,115,25,32,29,66,49,25,22,31,49
"ENSG00000170075",35,95,84,63,51,57,103,61,98,134,259
"ENSG00000170085",597,339,559,616,551,588,440,461,645,818,874
"ENSG00000170088",656,626,935,969,959,1043,967,1248,1298,939,1342
"ENSG00000170091",531,411.00001,389,219,301,132,227,109,96,65,33
"ENSG00000170092",209,123,24,8,21,30,26,22,32,25,39
"ENSG00000170100",214.00001,248,476,313,450,261,386,173,166,245,262
"ENSG00000170113",293,363.99999,318,379,377,206,269,177,251,371,504
"ENSG00000170142",1072,886.00001,291,174,186,222,153,237,161,98,116
"ENSG00000170144",3449,2894.99998,1967,1783,2165,2353,1796,2199,2553,2176,1790
"ENSG00000170145",871,1175,340,274,323,227,303,193,211,209,210
"ENSG00000170153",1624,1928,1311,721,1330,618,1092,617,890,910,607
"ENSG00000170160",42,85.00001,68,43,41,53,67,49,38,32,70
"ENSG00000170175",162.00001,211,590,387,614,612,507,828,777,684,722
"ENSG00000170185",875,669.99999,1083,1123,1194,1011,1156,701,706,884,1387
"ENSG00000170191",114,159,356,246,311,336,315,288,404,374,326
"ENSG00000170209",16,42,32,24,43,32,49,23,19,20,21
"ENSG00000170222",142,200.99999,334,240,302,332,303,265,284,290,385
"ENSG00000170231",27,72,25,8,20,21,11,11,17,29,7
"ENSG00000170234",1063.00001,957.00001,802,704,643,812,634,489,938,1044,894
"ENSG00000170242",4222,3711.99999,4329,3717,4268,4014,3910,2776,3078,3730,4599
"ENSG00000170248",1502,1368.00001,2378,2251,2569,1984,2341,1688,1986,2034,2347
"ENSG00000170260",198,221,560,516,614,608,698,540,550,523,511
"ENSG00000170264",2137.99999,2684,750,604,473,961,634,1292,997,487,638
"ENSG00000170265",272,306,126,94,99,69,103,74,123,83,104
"ENSG00000170266",894,854,4876,4280,5189,5211,4572,5133,5294,5258,5876
"ENSG00000170270",291,326,233,204,181,306,160,321,332,321,312
"ENSG00000170271",312,214,1148,1118,1708,1394,1659,1217,1401,1545,1386
"ENSG00000170275",870,773,4868,4957,6065,3986,4651,3347,4800,4382,5254
"ENSG00000170279",138,163,110,30,93,108,89,75,44,79,35
"ENSG00000170289",662,1303,751,610,299,777,532,727,859,203,391
"ENSG00000170291",644,749,1717,1471,1683,2064,1784,2181,2598,2525,3200
"ENSG00000170293",103,179,100,55,112,32,33,65,131,82,113
"ENSG00000170296",3525,3359.00001,9315,9134,9016,13285,9601,13235,12580,11044,13449
"ENSG00000170310",564.99999,508,673,545,522,939,516,982,844,659,760
"ENSG00000170312",482,187.00001,311,276,203,251,216,355,204,288,132
"ENSG00000170315",6799,4536.00001,10690,6904,7155,13137,6893,16969,16243,18705,16205
"ENSG00000170322",580,462,1168,1010,1206,917,1255,736,581,760,888
"ENSG00000170324",1113.00001,528.00001,310,55,209,242,199,111,92,116,103
"ENSG00000170325",396,418,246,248,305,227,322,151,191,232,168
"ENSG00000170340",93,82,478,560,371,399,381,309,860,723,1024
"ENSG00000170345",766,950,736,537,664,866,504,506,8581,38735,43332
"ENSG00000170348",2389,1763,7413,6231,6348,7314,6053,6447,8303,8869,10334
"ENSG00000170364",501.00001,459,449,388,318,424,462,625,498,330,426
"ENSG00000170365",579.99999,574,944,740,715,851,560,842,1004,1011,955
"ENSG00000170370",55.00001,43,11,7,5,17,2,8,31,33,41
"ENSG00000170379",91,42,116,107,102,91,82,34,38,93,91
"ENSG00000170381",178,331,637,543,778,552,662,336,586,445,339
"ENSG00000170382",623,528,1504,2255,1109,1256,1090,1548,3159,3201,3073
"ENSG00000170385",604,672,370,357,181,169,154,208,598,1139,1767
"ENSG00000170390",2437.99999,3049,481,422,342,195,345,174,273,397,353
"ENSG00000170396",144,319,108,109,59,90,27,77,145,111,86
"ENSG00000170412",120.00001,116,628,1022,822,974,975,1130,1085,632,1026
"ENSG00000170417",109,167,259,235,256,266,354,256,234,194,309
"ENSG00000170419",795.99999,321,318,189,572,505,423,254,361,358,322
"ENSG00000170421",150,138,1705,1864,3293,2719,3917,3016,2859,1752,3225
"ENSG00000170425",191,184,1243,1087,1277,1251,1256,1030,1276,1519,1138
"ENSG00000170430",261.00001,85.99999,958,661,679,925,688,922,801,804,749
"ENSG00000170439",37,18,278,134,76,333,60,183,461,2308,771
"ENSG00000170445",927.00001,738,2141,1996,1755,2687,1813,2574,3250,3069,4059
"ENSG00000170448",629,378,335,275,352,325,427,236,262,315,306
"ENSG00000170456",1188,1401,655,704,573,450,540,391,490,588,800
"ENSG00000170464",653,723.00001,1709,1481,1696,1444,1366,1187,1319,1593,1857
"ENSG00000170468",147,138,237,223,90,92,93,170,370,582,583
"ENSG00000170469",109,148.99999,60,44,63,78,71,77,107,94,90
"ENSG00000170471",1484,1783,1102,1188,1154,765,932,547,662,1015,1104
"ENSG00000170473",349,312,416,354,332,509,388,669,758,633,643
"ENSG00000170485",678,460,119,104,89,76,133,67,76,68,101
"ENSG00000170500",467,613,567,330,447,342,494,275,307,617,542
"ENSG00000170502",590,697.00001,743,785,680,874,655,1110,1201,894,1220
"ENSG00000170515",2055,1598,2397,2168,2448,2479,2401,2898,3004,2862,3560
"ENSG00000170522",657,401.99999,674,441,515,466,375,432,598,813,1027
"ENSG00000170525",900.99999,496,1000,788,662,821,969,327,388,883,1469
"ENSG00000170537",163,248,102,91,108,68,82,65,37,72,74
"ENSG00000170540",3428,2870.00001,8281,5844,6914,9630,7244,8340,9352,9475,12074
"ENSG00000170542",114,112,177,131,148,252,274,173,197,230,293
"ENSG00000170545",36.99999,30,54,52,73,55,52,73,70,48,50
"ENSG00000170558",5329,3484.00001,5241,4110,4953,4121,4022,3142,3694,5548,3404
"ENSG00000170561",133,64,24,15,22,11,7,6,22,46,56
"ENSG00000170571",164,314,283,81,383,212,209,227,326,274,161
"ENSG00000170579",671,916,51,44,50,73,73,73,78,90,73
"ENSG00000170581",784.00001,888,2234,2192,2245,2085,2487,1516,1641,2120,2028
"ENSG00000170584",1113,948,1274,965,1204,1248,1087,1295,1314,1372,1795
"ENSG00000170604",382,324,178,146,116,70,90,71,129,206,241
"ENSG00000170606",2173,2204,3618,3433,3326,3571,2938,3375,3642,3236,4301
"ENSG00000170619",364,271.00001,981,840,792,1323,852,1497,1689,1699,1827
"ENSG00000170624",207,437.99999,191,462,78,267,282,197,227,78,84
"ENSG00000170631",221.99999,222,585,519,633,639,636,515,666,551,903
"ENSG00000170632",525,492,410,433,250,153,170,247,716,1184,1290
"ENSG00000170633",744,549,1223,1011,1152,1461,1124,1466,1652,1504,1677
"ENSG00000170634",1622,1512.99999,443,345,313,528,286,510,684,582,627
"ENSG00000170638",421,360,748,514,681,683,666,693,802,871,898
"ENSG00000170653",892,573,1017,1099,1254,839,1135,664,696,909,791
"ENSG00000170667",327,95,1391,1213,1426,813,888,709,882,1411,826
"ENSG00000170677",497,499,614,760,769,601,638,458,519,488,972
"ENSG00000170681",106,41,55,58,38,97,86,91,54,60,46
"ENSG00000170684",19,33,17,13,16,22,8,15,30,43,22
"ENSG00000170689",54,36,132,4,0,99,0,7,33,33,327
"ENSG00000170703",63,114,89,352,29,303,202,96,114,28,136
"ENSG00000170734",559,615,652,668,650,787,798,626,588,539,1123
"ENSG00000170743",314,673,1252,1227,1216,971,983,789,1113,1128,1114
"ENSG00000170745",19,76,117,229,22,94,65,192,217,21,181
"ENSG00000170759",3314,3387,3829,3577,3589,4192,3240,3711,4293,4269,5530
"ENSG00000170775",752,513,1040,540,757,808,762,498,999,1355,879
"ENSG00000170776",2398.00001,2546.99999,3801,3468,3754,3054,3408,1922,2538,3013,2497
"ENSG00000170779",185,120,367,317,323,372,375,460,458,301,241
"ENSG00000170790",34,73,30,23,41,19,48,27,14,13,36
"ENSG00000170791",385.00001,418,751,744,806,907,831,977,998,791,1291
"ENSG00000170802",849.00001,672,311,323,222,258,276,172,174,162,224
"ENSG00000170832",2339,3030.00001,1234,935,1160,1100,1253,550,603,752,610
"ENSG00000170836",1104,686.00001,586,615,619,699,638,522,753,878,1381
"ENSG00000170837",203,187,66,64,48,49,67,41,89,74,83
"ENSG00000170846",287,289,95,139,98,61,109,100,188,356,399
"ENSG00000170852",669,645,1066,1084,1146,1046,925,732,1345,1925,2126
"ENSG00000170854",626,1002,717,654,684,807,637,773,740,937,846
"ENSG00000170855",355,434,736,629,571,932,672,842,1121,957,1912
"ENSG00000170860",1122,1006,925,753,710,1040,683,1234,1610,1288,1352
"ENSG00000170871",1773,1612,1509,1590,1420,996,1125,752,1451,1297,1707
"ENSG00000170873",1488.99999,1027,1220,1404,1175,1240,1146,1037,787,696,772
"ENSG00000170876",621,428,2268,2192,2271,2315,2015,2285,2602,3436,3349
"ENSG00000170881",389,389,714,583,504,479,396,531,993,1409,1600
"ENSG00000170889",11563.00001,7250.00001,3426,2387,3198,3617,3137,4299,3704,3482,3302
"ENSG00000170892",1166.00001,1082,2692,2623,3014,3942,2852,4427,5001,4621,5340
"ENSG00000170893",1586,2282,279,376,27,214,63,158,513,745,136
"ENSG00000170899",1138,886,2778,2053,2164,2726,2043,2556,3187,2740,2663
"ENSG00000170903",848,862.00001,2311,1821,3558,2569,2728,1807,2167,1995,2592
"ENSG00000170906",1741.99998,1711.99999,1275,1078,1166,1538,1152,2217,1989,1321,1246
"ENSG00000170909",78,32.00001,28,31,29,7,27,14,26,40,51
"ENSG00000170915",116,106,887,445,288,687,303,291,603,1952,1638
"ENSG00000170917",243,199,279,192,184,265,245,251,311,231,275
"ENSG00000170921",2019.00001,1883,801,562,456,613,489,476,411,554,382
"ENSG00000170927",206,370,13,41,20,34,16,9,7,23,18
"ENSG00000170946",771,997,449,389,443,350,479,266,324,207,534
"ENSG00000170949",801,782.99999,1743,1606,1943,1599,1939,1053,975,949,1407
"ENSG00000170954",319,244.99999,763,537,802,671,737,609,568,661,664
"ENSG00000170959",888.99999,1376.00001,358,1242,644,1003,611,303,718,169,392
"ENSG00000170961",168,101,1069,704,1150,622,663,748,467,2376,1083
"ENSG00000170962",302,187,2045,3328,2411,2947,2712,2088,2102,1310,1760
"ENSG00000170989",206,177,596,936,689,734,817,657,400,966,694
"ENSG00000171004",60,74.99999,683,728,755,664,1019,378,477,242,422
"ENSG00000171016",381,382,250,212,272,125,255,130,161,80,177
"ENSG00000171017",26,17,35,106,62,77,41,32,39,44,57
"ENSG00000171033",1364,1073,2501,2833,1954,2470,1264,1635,2757,3867,2499
"ENSG00000171044",397.99999,531.00001,107,75,69,87,123,66,82,130,123
"ENSG00000171045",862.99999,803.00001,314,231,292,220,277,212,156,199,201
"ENSG00000171055",1576.99999,1288,433,426,335,301,413,419,427,267,277
"ENSG00000171056",67,95,131,32,105,62,69,31,43,20,40
"ENSG00000171067",270,293,737,667,686,759,731,757,789,841,1168
"ENSG00000171094",340,919,177,31,136,191,144,52,67,70,69
"ENSG00000171097",234,281,419,367,465,466,446,534,525,351,441
"ENSG00000171100",1160,866.99999,1007,768,792,977,752,672,812,1351,1200
"ENSG00000171103",385,563,299,258,290,345,248,348,450,439,608
"ENSG00000171105",1257.00001,919,1507,1542,1726,1218,1765,1449,2039,1825,2568
"ENSG00000171109",572,636,1590,1164,1371,1445,1499,1241,1162,1041,1454
"ENSG00000171121",91,135,35,44,36,48,22,22,23,20,24
"ENSG00000171124",63.99999,99,27,29,67,13,59,4,5,6,19
"ENSG00000171130",1339.99999,1484,3982,3511,2808,5018,2912,5279,6725,7901,5838
"ENSG00000171132",425,612,174,110,151,130,149,82,101,160,95
"ENSG00000171135",462,441,1209,924,1074,1598,1065,1590,1883,1609,2181
"ENSG00000171148",940,775,2046,1797,2043,1710,1826,2011,2054,2237,2083
"ENSG00000171150",816,785,548,530,686,387,529,291,393,400,532
"ENSG00000171155",299,226,832,637,737,988,638,994,1108,812,935
"ENSG00000171159",1032,909,544,543,475,667,537,1105,945,787,635
"ENSG00000171160",382.00001,366.00001,1156,1091,1346,1431,1273,1321,1209,1134,1868
"ENSG00000171161",364,332,1091,1118,1199,1071,1047,896,1459,1546,1789
"ENSG00000171163",293.99999,298,1001,743,966,1279,1214,1033,801,756,832
"ENSG00000171169",98,87,303,244,243,286,225,269,234,214,250
"ENSG00000171174",311,472,154,97,113,227,95,196,251,221,202
"ENSG00000171189",671,1283.99999,390,234,136,361,205,326,220,175,160
"ENSG00000171202",390,383.99999,343,254,285,458,307,461,606,490,524
"ENSG00000171204",568,609,526,404,454,480,387,588,706,444,679
"ENSG00000171206",767.00001,809,421,419,478,287,396,316,448,704,625
"ENSG00000171208",1055,374,342,486,215,224,194,240,432,1010,836
"ENSG00000171219",18,45,48,33,65,35,48,30,34,53,56
"ENSG00000171222",1401,1341,1811,1580,1594,2617,1680,3473,3846,2954,3010
"ENSG00000171223",691,700,616,755,724,774,677,653,7011,27346,30684
"ENSG00000171224",258,367,603,529,647,857,600,940,842,930,1130
"ENSG00000171227",226,289,549,721,231,775,584,1163,1107,308,676
"ENSG00000171241",154,77,60,64,31,50,32,57,33,41,20
"ENSG00000171243",102,136,674,928,465,1210,717,1432,955,188,577
"ENSG00000171246",270,436,175,67,173,166,163,78,138,453,226
"ENSG00000171262",623,475,108,87,89,93,84,132,128,101,115
"ENSG00000171291",327,135.99999,52,37,51,67,67,34,29,15,19
"ENSG00000171295",272,238,345,249,356,231,310,143,188,201,353
"ENSG00000171298",474.99999,330.00001,2409,2527,2955,2880,3090,2202,2480,3240,3845
"ENSG00000171302",323.00001,280,159,165,179,40,144,60,56,55,34
"ENSG00000171303",659,336,303,104,165,174,150,174,219,213,152
"ENSG00000171307",356,336.99999,1262,1183,992,1734,1102,1744,1886,1842,1690
"ENSG00000171310",273.00001,147,265,475,182,303,201,262,703,359,531
"ENSG00000171311",339,375.99999,781,649,657,1015,632,982,1038,906,996
"ENSG00000171314",1388,1515,17824,17592,14201,23272,17845,20310,21373,17886,26804
"ENSG00000171316",6923,5493.99999,3240,1806,2389,2821,2462,2214,2632,3292,2184
"ENSG00000171320",176,139,57,41,23,39,29,29,35,33,36
"ENSG00000171357",27,65,162,191,182,196,199,175,182,182,149
"ENSG00000171365",297.99999,404.00001,941,934,1145,799,909,620,547,484,395
"ENSG00000171368",58,107,289,259,254,159,262,128,129,207,262
"ENSG00000171385",216.99999,235,262,316,240,244,279,231,311,242,244
"ENSG00000171408",132,211,416,260,556,426,466,157,182,211,177
"ENSG00000171421",710.00001,576.00001,980,772,728,1081,730,1414,1343,1198,1420
"ENSG00000171425",394,363,429,351,529,430,491,519,448,331,410
"ENSG00000171428",30,52,129,97,227,154,169,149,186,89,218
"ENSG00000171435",216,289,324,161,335,292,291,215,335,273,165
"ENSG00000171443",80,83,147,131,79,158,121,163,178,200,160
"ENSG00000171444",3437.99999,4729,1116,1129,968,784,784,785,963,1131,917
"ENSG00000171448",291,292,410,263,455,257,343,171,263,227,342
"ENSG00000171450",644,847,8,8,21,3,11,3,6,39,18
"ENSG00000171451",192,181,983,791,1393,652,1152,664,660,466,796
"ENSG00000171453",628,541,1044,854,965,1498,977,1521,1871,1530,2204
"ENSG00000171456",940,1200.99999,1051,758,1087,960,1019,617,814,992,997
"ENSG00000171462",80,115,40,42,51,44,29,47,89,89,118
"ENSG00000171466",783.99999,492,329,190,293,276,273,225,260,170,167
"ENSG00000171467",581,606,255,199,203,205,216,154,250,405,427
"ENSG00000171469",300.99999,230,591,529,667,526,572,464,479,324,523
"ENSG00000171475",926,753,483,367,424,271,449,273,284,351,266
"ENSG00000171476",255.99999,210,383,180,147,363,60,179,294,1206,1012
"ENSG00000171488",132,62,242,540,307,258,456,139,308,145,453
"ENSG00000171490",1927,1829.00001,2250,1867,2380,2309,2615,2701,3184,3105,4384
"ENSG00000171492",765,841,349,245,230,279,230,242,395,625,818
"ENSG00000171497",500,551,849,645,825,926,764,954,920,889,1214
"ENSG00000171502",227,591,39,15,36,24,14,19,39,64,55
"ENSG00000171503",641.99999,864,886,758,789,958,753,730,982,848,1280
"ENSG00000171522",38,22,39,21,28,24,31,31,43,183,126
"ENSG00000171530",2454.99999,2271.00001,1489,1057,1252,1655,1117,1641,1561,1180,1234
"ENSG00000171533",1385,1424,804,456,622,812,556,521,861,2644,1701
"ENSG00000171551",75,171,75,59,54,21,15,91,477,1241,1774
"ENSG00000171552",1649,2543,1952,1565,1734,1175,1664,1318,1023,981,860
"ENSG00000171566",629.00001,691,1706,1732,1521,2036,1471,2011,2394,2336,3068
"ENSG00000171574",342.00001,178,840,666,791,804,780,798,1080,830,1479
"ENSG00000171587",366,599,61,17,30,35,39,9,24,71,20
"ENSG00000171603",3357,3004,1688,1381,1487,658,1307,720,861,1339,1254
"ENSG00000171604",1638,1283,2154,2028,1349,1652,1066,2247,4225,4996,4966
"ENSG00000171606",751,930.00001,1772,1651,1894,2094,2399,1754,1772,1913,2712
"ENSG00000171608",98,166,129,154,201,101,158,77,72,127,69
"ENSG00000171612",511,538,617,628,375,397,203,458,1447,2002,2826
"ENSG00000171617",650,370,954,557,375,912,465,603,709,1009,1274
"ENSG00000171621",60,60,172,240,121,107,83,98,225,274,323
"ENSG00000171631",39,40.99999,78,39,26,60,55,75,95,362,199
"ENSG00000171634",8949.99999,8048.99999,1294,986,1278,1039,1273,1059,1151,890,1058
"ENSG00000171649",261,192,679,679,704,630,672,541,591,421,597
"ENSG00000171657",50,148,46,17,12,21,16,13,33,9,22
"ENSG00000171680",933.99999,498,338,298,309,194,332,231,232,260,283
"ENSG00000171681",3536.00002,3288.99999,3571,3538,4007,3137,3796,2355,2766,2766,2267
"ENSG00000171700",42,49,95,59,81,78,58,97,92,99,83
"ENSG00000171703",895.00001,724.99999,1689,1638,1700,1861,1277,1980,2623,3062,3263
"ENSG00000171714",305.00001,796,267,360,295,288,345,164,162,101,245
"ENSG00000171720",801.99999,738,2391,2214,2274,2484,1956,2523,2985,3286,3558
"ENSG00000171723",8278.99999,6780,698,734,584,601,760,415,448,348,386
"ENSG00000171724",528,312,3642,6627,2288,4865,3913,4220,5269,3610,4610
"ENSG00000171729",57,29,333,311,236,307,265,490,441,185,298
"ENSG00000171735",4553,4814.00001,1243,1053,1181,1312,1056,1282,1418,1389,1353
"ENSG00000171757",87.00001,319.99999,57,37,33,19,22,26,29,25,18
"ENSG00000171763",232,341,212,163,180,241,163,200,344,333,588
"ENSG00000171766",325,275.99999,846,650,879,835,617,633,741,1278,751
"ENSG00000171773",221,442,29,5,13,60,31,5,27,38,13
"ENSG00000171786",101,55,106,50,67,55,83,52,27,24,2
"ENSG00000171790",55,33,31,35,49,35,56,21,27,17,95
"ENSG00000171791",615,375,113,103,80,94,135,45,104,74,70
"ENSG00000171792",416,344.00001,987,821,962,991,820,1064,1199,1035,959
"ENSG00000171793",733.99999,399,730,689,549,897,600,894,1050,736,1164
"ENSG00000171798",276,336.00001,308,255,362,201,328,155,165,190,198
"ENSG00000171806",155,155,251,207,239,331,243,309,316,275,229
"ENSG00000171811",325.99999,431.99999,134,85,64,112,67,81,89,102,107
"ENSG00000171812",96,129,258,217,86,206,185,328,260,69,215
"ENSG00000171813",153,291,110,85,90,51,92,74,88,152,115
"ENSG00000171817",180.99999,324.99999,369,265,466,354,471,234,320,209,417
"ENSG00000171819",27,16,30,88,17,41,65,74,61,7,81
"ENSG00000171823",1049,562,102,73,94,68,82,62,89,204,189
"ENSG00000171824",1112.00001,964,1490,1236,1395,1808,1591,1709,1737,1776,1744
"ENSG00000171827",256,282,238,248,287,208,228,181,181,182,211
"ENSG00000171843",686,932,473,333,456,436,492,372,363,488,480
"ENSG00000171848",418.99999,93.99999,178,164,105,229,99,213,139,206,102
"ENSG00000171853",1134.00001,985.00002,487,365,415,293,305,285,342,440,522
"ENSG00000171858",6970,6263,1150,810,1335,1169,1063,1332,1255,916,693
"ENSG00000171861",146,199,528,425,411,746,489,677,698,741,890
"ENSG00000171862",2844.99997,2006.00002,2135,2152,1773,1692,1576,1789,2490,3158,4296
"ENSG00000171863",453.00001,366.00001,3542,2090,2984,3287,3164,3498,3150,2417,2395
"ENSG00000171865",592,572,835,780,858,821,938,824,929,902,1397
"ENSG00000171867",1777.99999,2838,9489,8019,8590,9404,8228,11145,10877,9539,10620
"ENSG00000171877",806.00001,986.00001,319,293,236,179,219,222,158,212,185
"ENSG00000171885",85,205.00001,1217,173,107,812,108,153,308,2914,2023
"ENSG00000171914",1319.99999,1653.00001,988,782,1011,629,778,603,651,794,627
"ENSG00000171928",700.99999,576.00001,1730,1616,1877,2026,1944,2006,2418,1820,2911
"ENSG00000171931",84.99999,104,33,36,44,33,42,36,33,5,13
"ENSG00000171940",235,208,113,113,165,132,106,137,99,63,77
"ENSG00000171943",355,108,682,623,683,542,574,393,480,514,786
"ENSG00000171951",880,235,927,293,309,832,177,697,1033,2306,1882
"ENSG00000171953",345.99999,426,834,782,715,968,782,1108,1081,1023,1177
"ENSG00000171960",386,430.00001,453,358,368,448,405,453,392,381,436
"ENSG00000171962",361,194,311,142,163,291,101,235,264,315,277
"ENSG00000171970",107,80,107,97,104,164,181,142,211,75,224
"ENSG00000171984",113,132,317,312,355,472,353,462,511,288,428
"ENSG00000171988",2607.99999,3389.99999,1641,1650,1774,1481,1578,1213,1506,1487,2095
"ENSG00000171992",993,289,264,320,87,243,166,207,624,726,827
"ENSG00000172000",50,29,52,32,43,25,52,41,21,12,33
"ENSG00000172005",131,19,282,156,334,445,512,362,559,264,542
"ENSG00000172006",235.99999,192,355,360,403,307,323,262,484,515,684
"ENSG00000172007",215,216,395,323,411,289,441,314,354,410,525
"ENSG00000172009",617.99999,515,1348,1204,953,1374,1045,1395,1580,1651,2153
"ENSG00000172020",543,601.99999,927,333,398,658,320,1463,1959,1116,1177
"ENSG00000172031",70,68,84,79,67,91,63,101,120,87,160
"ENSG00000172037",693.99999,639,15217,18328,18524,15277,19870,9095,11470,14248,14558
"ENSG00000172046",534.99999,469,2270,2249,2458,1858,2082,1440,1687,2091,2363
"ENSG00000172053",1008,842,2329,2082,2284,2438,2350,2562,2862,2578,2606
"ENSG00000172057",829.00001,834,2634,2089,2506,2053,2095,2089,1898,1698,1690
"ENSG00000172059",238,207,99,89,168,121,133,109,109,239,207
"ENSG00000172062",140,42,920,756,1101,834,912,915,1005,1043,1355
"ENSG00000172071",960.99999,1015.00001,544,759,480,319,372,334,535,981,1420
"ENSG00000172081",488.99999,316.99999,1352,1266,1187,1335,1124,960,1015,1392,1381
"ENSG00000172086",560,594,604,483,566,675,524,608,671,681,807
"ENSG00000172113",693,643,1133,1029,1131,1205,1126,1275,1245,1050,1424
"ENSG00000172115",1989,2318.99999,2438,2391,2243,3128,2145,2958,4059,3002,5201
"ENSG00000172137",46,100,54,51,57,82,34,78,77,170,85
"ENSG00000172159",593,811,126,127,120,186,83,110,127,139,175
"ENSG00000172164",146,250,260,367,102,210,124,143,232,183,306
"ENSG00000172167",312,329,112,83,90,128,92,88,83,69,90
"ENSG00000172171",277,230,378,239,305,395,293,449,461,397,564
"ENSG00000172172",776,825,1284,965,928,1454,873,1547,1606,1530,1680
"ENSG00000172175",1314.99999,1468.00002,615,460,452,398,322,294,399,532,525
"ENSG00000172179",83,131.99999,159,58,103,153,53,209,106,173,63
"ENSG00000172183",42,18,32,21,3,33,4,33,35,64,100
"ENSG00000172197",85,94,329,269,381,309,328,201,278,300,318
"ENSG00000172201",1299,916,320,120,157,154,82,125,211,1458,1092
"ENSG00000172216",320,515,36,33,19,7,35,23,73,208,244
"ENSG00000172232",53,43,56,32,51,61,86,52,37,35,39
"ENSG00000172239",1533,1251.99999,1888,1847,1596,1796,1190,1588,2009,2126,2841
"ENSG00000172244",71,23,45,44,39,59,28,55,36,54,37
"ENSG00000172247",230,277,7,13,5,3,5,8,16,131,57
"ENSG00000172260",289,766,212,117,236,166,158,109,139,206,138
"ENSG00000172262",1983,2041.00001,791,655,633,683,683,635,801,768,961
"ENSG00000172264",808.99999,1665,181,148,211,152,217,94,96,132,75
"ENSG00000172269",222.99999,247,1305,1219,1467,1713,1485,1790,1877,1708,1834
"ENSG00000172270",5800.99999,5028.00001,21414,17885,17892,20361,21329,19752,23049,21675,27603
"ENSG00000172273",263,297,691,587,726,791,706,624,718,810,994
"ENSG00000172292",1293,1608,620,1044,671,324,598,332,746,1136,1043
"ENSG00000172296",477.99999,428,354,689,497,365,439,473,650,808,387
"ENSG00000172301",684,884,1042,942,620,891,478,991,2109,2099,2712
"ENSG00000172315",304,283,1341,985,1293,1237,1062,1257,1485,1436,1909
"ENSG00000172318",855,494,427,502,419,366,323,377,439,546,473
"ENSG00000172331",379,370,908,692,690,946,653,873,997,1017,1525
"ENSG00000172336",425,390,587,450,417,751,530,895,858,847,1049
"ENSG00000172339",296,288,448,249,236,424,251,471,507,508,562
"ENSG00000172340",601,500,648,577,603,736,586,621,697,848,818
"ENSG00000172345",15,23,41,52,71,48,36,39,45,84,31
"ENSG00000172346",109,97,778,453,626,471,430,367,394,571,762
"ENSG00000172348",488,1091,1028,2003,1020,1611,729,1310,2249,4052,1819
"ENSG00000172349",69.00002,234,30,23,7,40,24,20,20,48,18
"ENSG00000172350",620,790,617,173,364,554,379,233,309,489,172
"ENSG00000172354",1478.99999,1053.99999,448,388,378,90,274,190,206,295,238
"ENSG00000172361",69,129,62,42,68,88,35,72,44,49,29
"ENSG00000172366",292.00001,375.99999,515,418,405,609,412,684,982,810,1033
"ENSG00000172375",319,519,209,200,274,142,124,137,195,304,408
"ENSG00000172379",1688,1292,1178,1847,1370,949,918,743,919,2192,1454
"ENSG00000172380",173,110,2439,2039,1972,2120,1701,1875,1915,1647,2165
"ENSG00000172382",176.00001,195,175,112,120,126,169,113,148,205,165
"ENSG00000172399",19,55,76,133,47,180,173,160,110,26,64
"ENSG00000172403",97,86.00001,245,602,371,254,491,256,310,289,274
"ENSG00000172409",186,168,327,337,361,540,425,408,518,414,626
"ENSG00000172421",38,121,100,84,89,102,81,66,82,43,77
"ENSG00000172425",15.99999,18.00001,19,21,16,19,13,21,50,38,41
"ENSG00000172426",320,296,558,238,402,439,298,492,820,685,474
"ENSG00000172428",1603,1714,1370,1187,1001,1872,959,2503,2569,1765,1554
"ENSG00000172432",438.99999,553.00001,683,710,579,665,447,540,537,921,933
"ENSG00000172456",1243,2160.99999,376,269,268,465,304,396,370,308,458
"ENSG00000172458",131,199,126,96,125,111,125,124,147,264,269
"ENSG00000172461",67,110,138,52,198,113,117,38,62,78,98
"ENSG00000172465",1002.00001,855.99999,932,834,925,1345,962,1495,2113,1645,1904
"ENSG00000172466",1762,1474,2073,1649,2123,1827,2237,1655,2027,2063,2005
"ENSG00000172469",311.99999,342.00001,495,406,558,318,436,275,255,227,320
"ENSG00000172476",134,112,96,74,80,56,52,47,44,61,42
"ENSG00000172482",247,168,14,12,10,25,13,46,56,39,153
"ENSG00000172493",3505.99999,4190.00001,1644,1308,1799,1130,1906,795,897,684,748
"ENSG00000172500",756,675.00001,1520,1326,1107,2187,1204,2559,2614,2764,2458
"ENSG00000172508",74,91,28,28,20,10,11,20,26,4,25
"ENSG00000172530",1325.00001,728.99998,429,294,417,537,386,574,381,406,357
"ENSG00000172531",1094,885.00001,2365,2003,1713,3084,1786,3452,3785,3707,3590
"ENSG00000172534",957,847,1333,1324,1500,725,1318,728,762,789,798
"ENSG00000172548",26,49,20,21,26,20,12,7,11,9,3
"ENSG00000172554",214,150,32,19,11,12,14,5,44,86,10
"ENSG00000172572",752,446,507,359,445,379,332,145,200,291,262
"ENSG00000172575",909,973.00002,364,276,311,186,256,151,344,579,243
"ENSG00000172578",15,30,34,21,28,33,42,24,28,28,19
"ENSG00000172586",853,807,521,369,402,585,352,610,589,526,563
"ENSG00000172590",802.99999,870.99998,868,665,594,1071,660,1376,1255,932,1062
"ENSG00000172594",187,258,205,199,235,296,165,263,343,356,262
"ENSG00000172602",47,55,127,81,84,97,111,90,99,309,401
"ENSG00000172613",278.99999,357,288,208,310,191,265,210,224,195,215
"ENSG00000172638",847,549.99999,2828,3033,2900,3056,2689,3426,3687,3415,3226
"ENSG00000172661",473.99999,663.99999,1137,1335,1220,1380,1341,1093,1310,1628,1986
"ENSG00000172663",634,571.00001,994,783,911,1010,954,1169,1069,1091,1106
"ENSG00000172667",631,822,913,1007,1065,554,1018,389,468,528,1053
"ENSG00000172671",479.00001,488,84,124,99,79,77,49,123,264,264
"ENSG00000172687",508,331,336,234,300,268,293,259,255,203,210
"ENSG00000172716",21,39,19,12,2,34,9,22,32,147,60
"ENSG00000172725",442,502.99999,1501,1482,1531,1893,1479,1876,1712,1845,1888
"ENSG00000172728",380.00001,446.00001,427,445,501,524,559,402,481,469,463
"ENSG00000172731",230.99999,162,564,523,509,253,452,280,222,206,139
"ENSG00000172732",518.00001,516.00001,1247,1103,1144,1441,1112,1251,1276,1549,1742
"ENSG00000172733",306,805,92,61,131,61,75,52,75,72,76
"ENSG00000172738",88,76.99997,62,49,81,99,49,55,59,91,148
"ENSG00000172757",7097,5050,10723,8347,8797,11407,8864,11815,12062,13166,11498
"ENSG00000172765",1694.99999,1545,795,788,800,818,668,544,781,1135,1140
"ENSG00000172766",1262,1354.00001,338,304,336,313,338,300,406,439,419
"ENSG00000172771",41,59,112,72,57,96,71,101,106,98,150
"ENSG00000172775",1175.00001,1076.00001,1862,1634,1519,2088,1469,2036,2390,2456,2384
"ENSG00000172780",67,288,36,26,50,24,30,44,14,83,45
"ENSG00000172785",1646,1699.99999,1483,1315,1215,1679,1310,1884,2210,2008,2250
"ENSG00000172794",57.00001,101.99999,86,144,54,137,90,95,101,109,143
"ENSG00000172795",788,941.00001,927,881,1043,666,1054,528,545,604,802
"ENSG00000172803",195,215,253,206,222,250,191,241,294,270,385
"ENSG00000172809",9629,6953,2812,2114,2711,3035,2253,3661,3403,2434,2384
"ENSG00000172817",123,151,409,281,455,152,249,139,140,166,182
"ENSG00000172819",234,181.99999,394,275,534,272,436,317,398,465,393
"ENSG00000172824",88.00001,123.99999,189,136,188,270,248,194,287,319,312
"ENSG00000172828",71,94,194,116,188,143,223,143,182,184,171
"ENSG00000172830",135,153.99999,193,167,260,82,216,78,117,97,75
"ENSG00000172831",994,841,3188,2994,3303,3427,3276,2866,3191,3225,3816
"ENSG00000172840",195.99999,218,695,636,825,704,1019,503,506,441,841
"ENSG00000172845",1505.99999,1106.00001,1752,1559,1687,1360,1451,998,1495,1587,1980
"ENSG00000172869",1932,1837.99999,1179,1264,1448,886,1346,629,663,580,899
"ENSG00000172878",186,187,205,144,115,163,147,156,173,159,228
"ENSG00000172888",777.99999,373,511,481,503,484,516,350,334,386,717
"ENSG00000172889",399,314,317,286,259,392,263,513,728,595,821
"ENSG00000172890",396.99999,417.00001,1273,1272,1147,1664,1459,1124,1274,1757,2141
"ENSG00000172893",357,302.00001,2264,2448,1903,2641,2212,3145,4578,4062,6007
"ENSG00000172915",10708,10150.99997,5027,4709,5828,5279,5116,2999,4020,4855,3129
"ENSG00000172922",734.00001,657,1526,1162,1275,1844,1510,1986,2132,2074,2208
"ENSG00000172932",454.00001,500,307,282,328,294,371,276,286,297,378
"ENSG00000172936",92,89.99999,374,509,446,477,520,377,568,504,611
"ENSG00000172939",727,930.00001,975,922,1000,776,805,598,660,697,836
"ENSG00000172943",1198,1163.99998,1011,777,1234,668,1130,492,467,509,683
"ENSG00000172954",1371,2278.00001,831,737,887,776,839,610,694,796,897
"ENSG00000172977",477.99999,369,1670,1280,1565,1850,1682,1853,2398,2386,2661
"ENSG00000172985",338,129,28,25,12,20,7,31,53,92,106
"ENSG00000172986",218,201,106,91,87,67,86,67,67,76,107
"ENSG00000172992",1048.00001,762,2516,2372,2580,2549,2383,2808,3300,3045,3519
"ENSG00000172995",207,334.00001,99,88,132,93,107,98,112,133,80
"ENSG00000173011",359,282,210,173,180,167,209,165,225,158,260
"ENSG00000173013",37,33,56,56,28,77,23,94,143,143,283
"ENSG00000173020",542,384.00001,110,101,164,97,122,76,100,122,123
"ENSG00000173039",503.99998,504,1111,975,1408,571,1249,535,490,595,870
"ENSG00000173040",458,220,20,19,21,38,18,12,29,38,12
"ENSG00000173064",2528,2563,1237,1065,1054,965,1153,639,719,831,922
"ENSG00000173065",1651.00001,1111,708,656,760,481,790,524,494,345,498
"ENSG00000173068",221,270,808,1252,1148,869,1324,626,774,346,580
"ENSG00000173085",249,303,206,173,68,95,32,99,261,315,213
"ENSG00000173113",1935,1925,3534,3366,3818,4713,3829,5689,5444,3984,5000
"ENSG00000173114",1014,1291,776,474,437,793,547,497,637,683,484
"ENSG00000173120",1800,1674.00001,404,347,397,147,455,202,205,198,315
"ENSG00000173137",161,220.00001,217,210,193,305,232,307,255,202,314
"ENSG00000173141",1721,1727,2189,1796,1983,2777,1810,3318,3440,2721,2991
"ENSG00000173145",599,630,317,354,289,352,310,323,383,284,474
"ENSG00000173153",538.00001,402,143,132,66,84,70,83,182,274,382
"ENSG00000173156",22,19,43,34,20,43,24,82,89,29,41
"ENSG00000173157",175,263,28,14,10,23,28,3,12,4,37
"ENSG00000173163",979,711,656,625,466,1050,575,1189,1186,929,885
"ENSG00000173166",3192,1411.00001,184,150,115,133,108,107,151,235,205
"ENSG00000173171",354.99999,303.99999,884,796,851,1036,781,1068,1374,1134,1189
"ENSG00000173175",702,624,231,85,173,108,145,98,137,147,103
"ENSG00000173193",613,517,789,719,914,685,755,472,459,727,564
"ENSG00000173200",70,113.00001,281,219,244,195,363,115,133,121,122
"ENSG00000173207",404,234,801,669,831,881,815,1188,914,640,715
"ENSG00000173208",78,76,81,93,38,70,76,15,52,72,52
"ENSG00000173210",1506,1884.99999,1686,1505,2027,1133,1543,791,815,1508,1326
"ENSG00000173212",36.00001,51,1228,734,857,1056,968,635,731,546,627
"ENSG00000173214",585,707.99999,875,693,935,662,1110,545,556,523,619
"ENSG00000173218",226,386,1089,1102,838,1045,1075,776,917,1043,1136
"ENSG00000173221",115,147,125,82,86,121,83,117,141,498,249
"ENSG00000173226",1102,1188,1007,826,1054,1126,1029,991,1137,900,1347
"ENSG00000173227",32,33,32,13,14,18,24,8,19,32,41
"ENSG00000173230",5895.99998,7246.99997,4055,3724,4261,4258,4330,3465,4391,4534,4971
"ENSG00000173258",694,761,1533,1102,2117,922,1833,1015,1309,1164,1969
"ENSG00000173262",76,181,13,7,27,14,14,13,9,25,19
"ENSG00000173264",463.00001,451,519,489,481,217,411,250,265,266,223
"ENSG00000173267",43,44,82,49,69,54,33,76,71,144,42
"ENSG00000173269",17,28,15,18,14,9,17,13,8,41,20
"ENSG00000173272",1346,1098,1031,937,1079,1169,1011,1375,1804,1477,1517
"ENSG00000173273",2228,2141,1745,1582,1999,1477,1744,967,1016,1267,1340
"ENSG00000173275",145,138,255,218,259,228,298,156,219,175,223
"ENSG00000173276",354.00001,394.99999,510,469,607,485,515,212,373,571,660
"ENSG00000173281",140,159,580,455,648,574,554,386,475,883,768
"ENSG00000173320",1294,663,736,700,618,549,516,619,757,848,561
"ENSG00000173327",292,287,404,416,439,166,361,247,327,301,359
"ENSG00000173334",199,187,482,733,395,394,338,327,982,2439,2659
"ENSG00000173376",262,367,54,115,66,55,62,102,141,251,404
"ENSG00000173402",1429.00001,1093.99999,1974,2121,2106,900,1748,834,992,1056,1186
"ENSG00000173404",170,133,44,19,30,27,8,34,19,10,8
"ENSG00000173406",525.99999,460,242,233,348,259,249,150,228,202,177
"ENSG00000173409",494,659.00001,633,536,556,758,546,736,894,619,1065
"ENSG00000173418",1257.00002,1043,1647,1672,1409,1980,1356,2155,2956,2265,2694
"ENSG00000173421",26,76,21,11,15,33,9,18,5,13,23
"ENSG00000173436",1615.00001,1342,1481,1192,1113,1861,1179,2022,2244,1560,1712
"ENSG00000173451",158,329,365,273,424,315,390,223,190,166,316
"ENSG00000173452",79,181,30,35,24,52,24,29,37,65,0
"ENSG00000173456",293,269,2588,2589,2940,2817,3120,2502,2727,2678,3116
"ENSG00000173457",1633,687,154,113,76,131,57,150,255,437,500
"ENSG00000173465",310,341.00001,276,282,319,431,345,639,583,418,463
"ENSG00000173473",3894,2637,2155,2083,2033,1652,1918,1686,1596,1503,1690
"ENSG00000173480",425.99999,350,327,311,429,371,449,301,293,266,305
"ENSG00000173482",1271,1099.99999,1145,1357,1082,1048,1159,797,1237,1260,1459
"ENSG00000173486",1085.00001,835,1651,1489,1541,2004,1453,2816,3148,2160,2532
"ENSG00000173511",1072,1208,382,388,469,339,454,338,368,267,363
"ENSG00000173517",1296.99999,2033,1204,1248,1609,1015,1707,758,924,878,772
"ENSG00000173530",51,82,35,61,24,70,34,28,59,40,97
"ENSG00000173531",222,186.00001,419,321,448,324,514,317,369,297,380
"ENSG00000173540",284,198.99999,911,847,898,992,839,982,1075,1012,2109
"ENSG00000173542",717.99999,443,477,430,418,272,438,170,198,205,335
"ENSG00000173545",332,406,934,811,940,1237,993,1192,1475,1549,2155
"ENSG00000173546",21,23,208,256,259,149,174,101,99,139,127
"ENSG00000173548",112,76,459,471,464,233,410,220,255,237,247
"ENSG00000173559",81,103.99999,159,183,104,106,180,92,117,135,250
"ENSG00000173567",77,93.00001,7,9,30,7,10,15,5,20,30
"ENSG00000173575",4798.00002,5035,2591,2340,2964,2586,2850,2008,2025,2202,3025
"ENSG00000173581",521.99999,469.00001,230,276,293,189,313,242,212,271,327
"ENSG00000173588",1128,882,251,231,278,333,360,284,296,221,293
"ENSG00000173597",40,77,319,170,218,287,272,159,182,142,124
"ENSG00000173598",3043,1830,5275,6444,6156,3150,3478,3653,6229,16047,10643
"ENSG00000173599",176.00001,273.99999,1113,1381,910,1113,1119,791,1073,1893,2035
"ENSG00000173610",37.00001,102,97,18,37,33,31,54,85,24,24
"ENSG00000173611",605,669.99999,431,398,458,398,502,364,351,175,305
"ENSG00000173614",144,180,452,397,464,365,415,485,428,342,582
"ENSG00000173621",122,121,46,46,35,18,25,23,27,51,35
"ENSG00000173638",993,525,1611,1452,1150,1467,1346,1831,1953,1621,1516
"ENSG00000173653",144.00001,175,312,332,348,400,280,415,621,686,803
"ENSG00000173660",3381,3608.00001,1971,1607,1956,2511,1878,2825,2697,1951,2052
"ENSG00000173674",609,756,1218,962,1086,1079,1007,1316,1507,1212,1346
"ENSG00000173678",232,87,12,19,36,62,18,24,41,68,20
"ENSG00000173681",918.99999,681.00001,315,283,255,218,179,171,350,330,408
"ENSG00000173692",3159.00001,3662.99999,3615,3693,2991,4103,2984,4046,4732,4575,5491
"ENSG00000173698",1291,625,125,87,74,151,126,91,115,111,113
"ENSG00000173705",37,76,69,147,46,68,47,129,83,52,94
"ENSG00000173706",1427,1925,867,396,675,566,691,359,529,600,372
"ENSG00000173715",757.00001,846,355,370,326,338,273,343,334,304,325
"ENSG00000173726",1832,1553,3124,2416,3221,2773,3166,2251,2664,2351,3301
"ENSG00000173744",2392,2292.00001,466,353,391,276,379,199,295,304,370
"ENSG00000173757",854.00001,834.00001,1572,1542,1641,1222,1344,699,1079,1587,1624
"ENSG00000173786",1097,823,3341,3347,3314,3934,3292,3586,4228,5133,6070
"ENSG00000173801",488,324,3237,3109,3924,2881,3820,2760,3671,3145,2173
"ENSG00000173805",374.00001,178.99999,885,300,641,389,512,261,864,1207,959
"ENSG00000173809",132,231,19,21,26,23,31,22,16,8,53
"ENSG00000173812",7661.00001,8979,17249,14560,17659,19786,16508,18308,20688,25364,39604
"ENSG00000173818",887,382.99998,1063,732,1028,1006,909,966,1203,1300,1565
"ENSG00000173821",1564.99999,1536,1553,1361,1705,1358,1802,957,1064,966,1099
"ENSG00000173825",32,45,77,81,83,94,70,73,134,170,216
"ENSG00000173826",1004.00001,1404.00001,653,210,424,622,406,457,231,343,166
"ENSG00000173846",86.00001,89.00001,116,82,76,82,51,88,231,646,874
"ENSG00000173848",671,465,623,588,774,556,650,660,687,737,988
"ENSG00000173852",2181,2982,526,275,626,335,356,297,320,489,330
"ENSG00000173867",52,31,73,78,110,126,84,77,77,58,101
"ENSG00000173868",180,162,101,33,98,161,95,42,37,75,32
"ENSG00000173875",803,828,1533,1227,1555,1511,1662,1283,1618,1616,2053
"ENSG00000173889",4768.99999,3414,1359,1201,1637,1169,1587,926,928,814,1507
"ENSG00000173890",1651,3184.00002,145,63,175,224,85,96,104,101,41
"ENSG00000173894",139,89,483,415,487,384,416,233,265,391,218
"ENSG00000173898",416.00001,511,187,114,163,62,190,70,55,72,60
"ENSG00000173905",1317,981,2296,1921,2664,1783,1986,1905,2401,2559,2562
"ENSG00000173914",443.00001,358,1495,1195,1333,1547,1420,1726,1793,1859,2253
"ENSG00000173915",2427,2249,1187,1053,1017,1485,1039,1690,1845,1329,1431
"ENSG00000173917",93,17,71,1,7,73,3,31,51,94,260
"ENSG00000173918",148,70,126,121,54,42,82,59,84,67,107
"ENSG00000173926",937,693.99999,1094,623,1045,938,944,831,1202,1152,1198
"ENSG00000173928",56,48,122,114,129,128,100,198,232,197,119
"ENSG00000173930",53,64,3,60,13,9,23,11,17,7,29
"ENSG00000173933",1577,1186,3891,3301,3676,4691,3397,5090,5618,5417,5761
"ENSG00000173947",65,126,426,245,247,435,314,324,322,409,686
"ENSG00000173950",646,384,878,916,802,736,393,701,1427,1644,1631
"ENSG00000173960",586.00001,565,572,460,515,487,446,462,442,416,637
"ENSG00000173976",1542,2557,585,129,332,491,216,263,326,639,154
"ENSG00000173991",16,28,13,14,8,43,31,28,28,18,21
"ENSG00000173992",263,227,962,748,733,1305,857,1183,1434,1041,1106
"ENSG00000174007",130,173,313,219,245,366,226,393,408,386,554
"ENSG00000174010",215,676,823,778,1006,529,904,292,507,696,1025
"ENSG00000174013",353,358,126,103,143,103,124,126,117,134,153
"ENSG00000174021",2786,2024,2757,2441,2447,3359,2410,3861,3530,2485,2648
"ENSG00000174032",292,269,191,257,185,103,291,117,85,41,96
"ENSG00000174038",47,57,23,5,23,9,34,10,4,5,27
"ENSG00000174099",437,687,968,829,956,774,1009,693,1026,774,970
"ENSG00000174106",800,872,764,714,707,815,572,573,709,889,1104
"ENSG00000174109",306,317,482,365,435,618,497,732,854,734,757
"ENSG00000174125",51.00001,42,30,20,27,29,36,11,41,35,13
"ENSG00000174132",547,609,350,340,359,498,383,562,710,512,693
"ENSG00000174136",365,239,638,669,430,347,322,273,689,1436,1552
"ENSG00000174151",115,116.00001,652,504,657,442,607,350,324,348,485
"ENSG00000174165",362,270,713,592,617,548,499,649,858,885,671
"ENSG00000174173",603,580,590,433,486,717,502,700,789,722,975
"ENSG00000174177",133.99999,131,258,235,270,315,272,420,402,378,422
"ENSG00000174197",1422.00001,1752.00001,1443,1264,1255,1026,1524,779,683,633,904
"ENSG00000174206",111,127,187,146,198,143,191,137,138,163,184
"ENSG00000174227",1106.00002,650.00001,1141,1149,1067,1089,1062,1052,1389,1254,1360
"ENSG00000174231",2324.99999,2392.00001,11808,12094,14642,9656,13834,5690,6075,9883,10825
"ENSG00000174233",475,312,600,568,618,410,603,331,445,516,659
"ENSG00000174238",1893,1209.00001,1252,1015,543,886,668,1278,1583,2015,2122
"ENSG00000174243",523,649.99998,1299,1274,1212,1546,1279,1383,1540,1799,1680
"ENSG00000174276",190,193,470,364,442,622,418,740,740,613,612
"ENSG00000174282",1109,1186,839,734,1115,446,873,398,479,472,351
"ENSG00000174292",66,103,184,187,235,210,276,187,273,271,277
"ENSG00000174306",1133,1245,629,500,391,412,434,403,657,786,697
"ENSG00000174307",404,521,1014,1445,1094,835,658,883,1670,3250,4639
"ENSG00000174326",67,60.99999,87,98,118,86,116,139,156,67,83
"ENSG00000174327",21,45,84,124,101,131,154,118,92,57,58
"ENSG00000174343",20,22,26,21,6,6,5,13,8,40,13
"ENSG00000174348",100.00001,69,294,583,450,576,774,299,354,165,490
"ENSG00000174371",253,240,40,51,19,29,18,25,47,10,28
"ENSG00000174373",5303,5429.99999,1346,1243,1397,1240,1205,1099,1141,1045,1259
"ENSG00000174405",273,395,639,485,591,499,546,345,410,446,565
"ENSG00000174417",24,66,14,6,35,21,19,8,0,2,5
"ENSG00000174428",387,249,1137,961,699,683,518,647,1343,1940,1901
"ENSG00000174437",1405.00001,1439,813,731,761,491,815,384,480,461,568
"ENSG00000174442",392,468,285,222,234,292,236,287,290,298,393
"ENSG00000174444",7731.99999,5269.00001,7174,5561,6784,6374,6645,6996,7657,7288,7101
"ENSG00000174446",320.00001,450.00001,782,681,741,1044,712,1028,1202,796,978
"ENSG00000174453",33,109,24,8,25,30,15,4,8,11,0
"ENSG00000174456",515,414,952,690,802,1038,627,1028,942,1002,1279
"ENSG00000174460",233,143,613,399,616,519,533,471,563,856,552
"ENSG00000174469",1230.00001,1375.99999,1492,940,1228,1076,858,971,855,1584,594
"ENSG00000174473",72,186.00001,28,20,26,59,36,9,16,15,25
"ENSG00000174482",593,470.99999,132,256,136,159,147,107,116,169,92
"ENSG00000174483",873.99999,798.00001,3902,3490,4316,3965,3625,3511,4231,5046,5179
"ENSG00000174485",2259,2408.00001,1110,1027,1032,818,1143,486,521,689,731
"ENSG00000174498",193,161,66,22,97,52,62,67,44,65,24
"ENSG00000174501",1976.00001,2190,1079,701,881,1364,926,1175,1064,971,965
"ENSG00000174514",230,245,258,215,241,339,267,210,317,461,342
"ENSG00000174516",154,245.00001,713,740,799,615,614,530,726,969,1454
"ENSG00000174521",109,106,42,21,35,29,17,25,48,82,22
"ENSG00000174527",113,140,53,8,22,50,37,18,15,20,5
"ENSG00000174547",582.00001,459,655,547,606,868,684,940,1108,879,776
"ENSG00000174564",73,133,57,50,28,51,22,82,55,36,152
"ENSG00000174574",1664,1285,2681,2651,1867,2011,1588,2052,4487,3882,6671
"ENSG00000174579",778,353,317,207,283,168,342,195,221,229,266
"ENSG00000174586",124,55,235,179,174,143,140,117,109,165,178
"ENSG00000174599",134,134,157,117,159,132,118,170,131,169,124
"ENSG00000174606",640.00001,606,690,627,749,649,611,502,719,778,921
"ENSG00000174607",53,37,26,26,20,22,7,33,21,33,73
"ENSG00000174611",81,93,100,47,60,33,46,44,78,42,57
"ENSG00000174628",1008,797,678,441,374,656,387,780,1035,916,939
"ENSG00000174640",50,26,33,42,42,45,28,35,103,164,88
"ENSG00000174652",489,371.00001,760,719,797,851,901,559,730,614,900
"ENSG00000174669",423.00001,570.00001,216,236,371,251,277,240,271,163,178
"ENSG00000174672",1421.99999,940.99998,60,54,79,10,55,28,40,28,26
"ENSG00000174684",741,700,4517,3802,5114,5267,4547,5776,6371,6528,6045
"ENSG00000174695",1184.00001,1108,2718,2187,2613,2340,2405,1768,2275,2327,3103
"ENSG00000174705",636.99999,396,387,373,303,171,297,163,173,240,250
"ENSG00000174718",579.99999,534,944,733,1150,991,1146,702,728,651,693
"ENSG00000174720",1644,1302.99997,573,477,499,680,571,766,854,791,858
"ENSG00000174721",292,195,161,164,117,84,50,109,178,252,261
"ENSG00000174738",1033,1116,484,385,527,278,470,240,458,846,1008
"ENSG00000174740",134,119,402,345,384,426,423,337,346,362,295
"ENSG00000174744",321,295.00001,645,590,633,920,708,1143,1276,1479,1768
"ENSG00000174748",10639.99999,8177,31268,22819,32602,27794,30041,30514,31999,23987,25518
"ENSG00000174749",83,86,1409,894,1051,1110,1156,687,775,665,897
"ENSG00000174775",583,540,147,161,99,136,113,163,270,421,386
"ENSG00000174780",1805,1470,2810,2373,2752,2873,2247,2427,2951,2757,3622
"ENSG00000174788",289,485,21,8,5,56,18,9,42,13,13
"ENSG00000174791",19,35,95,37,78,73,81,75,92,151,151
"ENSG00000174796",378,534,405,329,396,391,422,389,377,356,475
"ENSG00000174799",520,439,145,100,102,128,142,123,117,91,92
"ENSG00000174804",186,45,490,651,613,472,668,355,483,220,422
"ENSG00000174827",165,148,91,56,81,72,56,59,280,176,165
"ENSG00000174839",658,621,764,718,680,616,641,496,618,588,672
"ENSG00000174840",715,412,425,295,373,284,301,356,388,572,655
"ENSG00000174842",717,773,248,185,222,311,140,239,269,215,264
"ENSG00000174851",907,750.00001,2363,1957,2093,2506,1899,3311,3627,3046,3731
"ENSG00000174886",2390,1995.00001,2547,1838,1702,3275,1839,4175,4002,3204,2817
"ENSG00000174891",1087,2611,320,214,299,395,260,334,397,333,356
"ENSG00000174903",1054,884,1155,1091,1176,360,1100,503,554,451,332
"ENSG00000174915",387.00001,365,915,907,673,737,527,929,1615,1854,1757
"ENSG00000174917",812.99999,896,858,758,794,1269,767,1523,1530,1163,1131
"ENSG00000174928",352,303,338,248,334,493,320,337,402,325,440
"ENSG00000174938",843,1204.99999,638,539,664,352,593,422,359,283,281
"ENSG00000174939",134.99999,227,93,114,57,82,86,124,68,57,50
"ENSG00000174943",333,373.00001,448,375,422,493,375,497,488,591,558
"ENSG00000174944",190,482,15,13,9,3,20,9,14,34,11
"ENSG00000174945",60,114,51,74,55,28,58,29,51,79,82
"ENSG00000174951",31,16,25,31,32,25,31,24,12,23,11
"ENSG00000174953",3040,2622.00001,914,703,844,729,756,619,641,622,775
"ENSG00000174963",371,99,699,232,507,659,400,338,545,601,722
"ENSG00000174989",435,654,550,506,499,381,461,304,351,362,580
"ENSG00000174996",703,902,1196,985,1292,846,1105,841,837,793,963
"ENSG00000175029",3197.99998,3092,1688,1181,1524,984,1177,953,852,1131,770
"ENSG00000175040",375,270,140,172,162,80,139,144,328,716,565
"ENSG00000175048",121,105,88,68,84,51,66,47,45,55,60
"ENSG00000175054",1885.00001,1520,622,564,601,490,575,323,361,342,429
"ENSG00000175063",404,79.99999,190,130,113,137,180,287,141,216,104
"ENSG00000175066",604,712,561,455,612,460,551,301,329,339,415
"ENSG00000175073",277,312,602,603,746,446,854,284,357,485,614
"ENSG00000175084",21.00001,48.99999,652,605,358,986,1010,670,560,553,681
"ENSG00000175087",362,321,598,527,572,597,559,398,409,482,591
"ENSG00000175093",263,99,92,50,53,82,18,49,58,100,76
"ENSG00000175104",328,331,1042,777,967,666,895,581,610,594,1027
"ENSG00000175105",719,782,1023,768,1019,776,970,464,518,563,740
"ENSG00000175106",1184.99999,1094,258,184,178,275,251,227,173,122,202
"ENSG00000175110",547.00001,752.00001,726,562,622,764,637,811,975,886,1363
"ENSG00000175115",942,758,426,434,380,177,288,217,312,326,422
"ENSG00000175130",4772,2365,6382,5419,4833,3441,3379,3699,4439,5235,4104
"ENSG00000175137",269,246,428,412,448,348,397,260,234,336,360
"ENSG00000175155",928,829,689,575,717,657,671,552,547,642,391
"ENSG00000175161",11022,16745,2119,1463,2385,2294,2137,1604,1523,989,785
"ENSG00000175166",1331,1327,8433,8988,7963,10254,7704,9685,11467,13026,13965
"ENSG00000175175",356,495,340,367,269,238,216,170,204,520,317
"ENSG00000175182",197,203.99999,347,186,254,157,227,149,147,212,200
"ENSG00000175183",1462.99999,1192,3385,2365,1967,3519,1742,3707,3937,6524,2766
"ENSG00000175193",1041,984.99999,1225,1051,1039,1546,1112,1480,1934,1775,2259
"ENSG00000175197",1139.00001,1963.99999,2861,2207,2998,4273,2721,3883,4264,4631,6235
"ENSG00000175198",3707,3863,1047,749,906,1032,914,817,959,1156,862
"ENSG00000175203",1942,2093.00002,5747,4619,4844,6591,4229,6351,6818,7528,7155
"ENSG00000175213",132,126,627,528,671,662,659,743,769,864,1311
"ENSG00000175215",910,821,1904,1901,2334,1013,2017,909,1275,1122,1279
"ENSG00000175216",1930,1604.99999,2833,2662,3017,2692,2697,1542,1384,2205,2094
"ENSG00000175220",741,516,2496,2600,2375,1551,2661,1854,2045,1441,2011
"ENSG00000175221",660,821,3417,3140,3698,4205,3711,3569,3843,4824,4768
"ENSG00000175224",1012.99999,1034,3282,3370,3521,3671,3515,2958,3959,4269,4780
"ENSG00000175229",277,191,97,155,118,37,72,74,404,1070,1308
"ENSG00000175264",64,50,66,40,72,39,29,29,19,87,41
"ENSG00000175265",1380.00001,1764,1662,1311,1346,1487,1691,893,1100,1174,934
"ENSG00000175267",136,195,130,44,81,57,66,49,115,95,177
"ENSG00000175274",832.99998,548.00001,3284,2913,3201,2635,2380,1911,2180,3062,2371
"ENSG00000175279",136,302,453,347,345,626,306,602,579,533,552
"ENSG00000175283",231,210,1123,1136,941,1490,1074,1752,2147,2033,2317
"ENSG00000175287",385.00001,438,562,545,440,815,549,1033,1017,429,693
"ENSG00000175305",212,154,28,14,20,41,21,53,49,56,86
"ENSG00000175309",805.00001,680,1234,982,1162,1214,1248,1212,1141,1171,1640
"ENSG00000175318",33,43,18,15,15,24,7,14,23,85,20
"ENSG00000175322",301,247.99999,293,227,312,329,313,247,270,238,284
"ENSG00000175324",671,674,651,543,480,848,535,849,1170,1074,1360
"ENSG00000175334",1057.99999,821,2219,2012,2043,2710,1878,3333,3169,2795,2687
"ENSG00000175344",59,297.00001,551,353,506,376,602,279,321,271,305
"ENSG00000175348",687,775,1882,1640,1398,1926,1325,2014,2702,2893,3261
"ENSG00000175352",173,199,375,375,323,478,297,258,403,615,989
"ENSG00000175354",1392.99999,1442,884,586,756,718,706,832,1102,783,1045
"ENSG00000175356",100,233,183,55,27,80,15,12,74,247,148
"ENSG00000175376",379,340.00001,600,486,597,568,649,571,508,567,701
"ENSG00000175387",4442,3620.00001,3915,3153,3931,3066,3243,2489,3057,3869,3093
"ENSG00000175390",1380.99999,1582.99999,5258,4029,5840,4505,5674,4629,4816,3829,4410
"ENSG00000175395",423,435,744,662,955,550,794,389,479,567,651
"ENSG00000175414",563,330,589,482,458,398,470,398,427,398,508
"ENSG00000175416",838.99999,847,934,960,479,631,324,925,2240,3106,2748
"ENSG00000175426",77,211,34,26,13,13,9,12,34,46,35
"ENSG00000175445",47.99999,85,214,626,258,695,674,542,402,130,375
"ENSG00000175449",50,42,89,60,69,99,44,79,64,56,123
"ENSG00000175455",2565.00001,1551,703,562,623,647,684,462,421,422,499
"ENSG00000175463",51.00001,23,37,42,2,13,10,57,37,24,1
"ENSG00000175467",539,604,942,1020,925,1285,856,954,1371,1549,2029
"ENSG00000175470",1036.00001,918,255,167,180,140,149,171,243,646,721
"ENSG00000175471",554.99999,981,102,282,142,185,230,149,201,39,118
"ENSG00000175482",364.00001,506,312,348,339,485,323,438,510,570,534
"ENSG00000175497",1346,1115.99999,99,124,105,117,69,73,41,100,35
"ENSG00000175505",135,165,48,97,51,63,72,70,123,174,161
"ENSG00000175536",43,35,175,177,152,128,121,139,245,230,176
"ENSG00000175544",226,383,116,24,86,155,82,124,107,162,41
"ENSG00000175548",110,287.99999,288,224,331,153,310,121,123,108,152
"ENSG00000175550",1276,1106.00001,780,631,679,967,746,1196,1095,1074,1075
"ENSG00000175556",114.00001,746,85,120,137,78,78,61,133,174,266
"ENSG00000175567",145,92,1747,1745,1149,2299,1736,2658,3496,1157,1920
"ENSG00000175573",331,277.99999,465,543,305,214,207,405,770,1108,982
"ENSG00000175575",933.00001,964.00001,1360,1173,1280,1572,1267,1491,1483,1618,2126
"ENSG00000175581",535,593,674,541,583,753,525,968,1021,883,900
"ENSG00000175582",2193.99999,2305,3877,3875,3209,4055,3232,3369,4081,4475,5308
"ENSG00000175592",355.99999,634,61,25,26,40,32,27,79,280,445
"ENSG00000175595",435,531,547,473,498,482,566,464,620,440,561
"ENSG00000175600",502.00001,868.99999,167,122,143,100,116,93,129,86,104
"ENSG00000175602",287,339,611,604,494,926,510,1121,1809,1726,1601
"ENSG00000175606",387.99999,433,570,492,493,649,565,697,880,1253,1402
"ENSG00000175634",421.00001,406.00001,1042,863,1060,1203,1034,1041,1176,949,1339
"ENSG00000175643",103,63,23,23,18,20,11,33,35,117,53
"ENSG00000175662",2188,1470.00001,1333,1594,1909,885,1600,634,639,708,801
"ENSG00000175691",123,139,153,108,142,114,143,129,174,251,282
"ENSG00000175697",47,148,85,104,100,83,80,46,51,73,77
"ENSG00000175701",497,637,253,230,265,366,248,471,414,346,394
"ENSG00000175711",203,175,170,151,162,251,168,204,184,224,177
"ENSG00000175727",1689,1622,902,382,633,682,823,408,747,1021,676
"ENSG00000175745",5543.00001,3194,3809,2593,5499,2790,3797,4545,3716,2343,1870
"ENSG00000175756",1222.99999,1315,1382,1378,1188,2055,1386,2578,2755,2603,3003
"ENSG00000175764",276.99998,629,120,101,94,69,53,84,149,245,226
"ENSG00000175766",17.99999,52,11,13,26,36,16,13,14,15,2
"ENSG00000175768",1596,1317.00001,1823,1445,1539,2067,1152,2354,2529,2025,2570
"ENSG00000175782",705,589,861,778,784,926,873,938,965,855,1063
"ENSG00000175785",265,81,33,4,5,32,3,3,31,118,50
"ENSG00000175787",103,182,102,146,115,170,121,99,103,59,120
"ENSG00000175792",646,681,1313,1057,957,1551,843,1832,1814,1794,1783
"ENSG00000175806",308.00001,400,106,74,53,151,68,111,90,163,163
"ENSG00000175826",1247.00001,1107.00001,296,309,353,210,310,196,280,258,289
"ENSG00000175832",409,267.99999,124,81,69,116,33,80,85,217,176
"ENSG00000175854",482,579.00001,825,770,870,1122,728,1210,1220,961,1360
"ENSG00000175866",1216,797,881,931,835,850,1040,916,948,637,940
"ENSG00000175868",47,21,63,37,13,77,12,87,47,129,102
"ENSG00000175874",50,77,47,49,11,29,15,29,74,134,169
"ENSG00000175893",932,849,309,315,304,255,226,163,230,244,212
"ENSG00000175895",138,279.99999,291,435,290,484,339,279,491,227,468
"ENSG00000175899",423,543,12068,4974,12865,8240,6929,4310,7398,25018,26143
"ENSG00000175906",688,860,2014,1531,2418,2957,2825,2213,2470,2754,2784
"ENSG00000175920",120,75.00001,39,50,26,48,53,55,55,48,40
"ENSG00000175928",703,388,4380,3715,4117,2967,2820,3196,4241,4045,3881
"ENSG00000175931",493,558,712,701,780,440,683,400,576,661,681
"ENSG00000175938",183,215,1032,1033,1153,1398,1015,1470,1489,1129,1511
"ENSG00000175970",436,350,1267,1004,1409,910,1077,673,809,880,979
"ENSG00000175984",184,214,76,64,107,83,107,73,70,55,76
"ENSG00000175985",36,39,37,22,53,31,55,37,49,56,50
"ENSG00000176014",782,457,2111,2159,1925,2701,2224,2717,3345,3331,3346
"ENSG00000176018",464,468.99999,573,534,622,506,610,338,482,551,669
"ENSG00000176020",18,18,52,0,0,0,0,0,0,52,15
"ENSG00000176022",488,398,116,129,110,115,100,133,157,152,207
"ENSG00000176024",299,222.00001,286,255,299,283,255,308,297,258,369
"ENSG00000176046",677,428,1552,2088,1083,2733,1900,3774,3910,1616,4093
"ENSG00000176049",875,650,700,648,710,950,682,704,576,645,783
"ENSG00000176055",201,240,349,348,404,257,398,246,348,234,258
"ENSG00000176058",505,142,266,318,88,222,198,414,266,50,250
"ENSG00000176087",441.00001,491.00001,2413,2876,2559,2888,2726,2710,3579,4087,4445
"ENSG00000176095",1174,1027,1936,2158,2531,1861,2305,1326,1614,1972,2713
"ENSG00000176101",708.99999,756.00001,1200,1085,759,1247,833,1896,1888,1218,1485
"ENSG00000176102",915,1113.99999,764,624,549,637,523,708,829,814,1093
"ENSG00000176105",1027,864,1196,1228,1294,971,1161,716,850,1099,1172
"ENSG00000176108",540,436.99999,1274,1023,1016,1741,1145,1858,1850,1867,1827
"ENSG00000176125",25,20,30,36,33,37,27,54,25,48,46
"ENSG00000176142",566.99999,454.99999,563,435,567,544,628,354,545,608,1483
"ENSG00000176148",478.00001,366.00001,261,274,252,275,273,193,245,194,362
"ENSG00000176155",1262.99999,954,663,635,556,582,579,489,519,495,573
"ENSG00000176165",1028,302,4,1,7,28,5,1,25,132,62
"ENSG00000176170",91.99999,102.99999,1076,1181,1605,1272,1135,1246,2318,2815,3129
"ENSG00000176171",2355.99999,3354.00001,8695,7199,6547,10354,8696,6713,5457,6342,12156
"ENSG00000176204",176,175.00001,123,127,116,194,127,103,125,152,106
"ENSG00000176208",930,1149,88,79,95,132,88,93,107,72,137
"ENSG00000176209",495,546,560,444,540,604,471,733,783,520,778
"ENSG00000176222",256,524,57,35,66,41,41,32,32,33,47
"ENSG00000176225",1974.99999,2256.00001,464,410,495,520,468,298,224,293,326
"ENSG00000176244",63,81,81,65,57,39,55,24,28,37,40
"ENSG00000176248",350,302.00001,247,260,222,188,333,219,251,143,209
"ENSG00000176261",664.99999,686.00001,570,441,435,730,493,652,745,597,808
"ENSG00000176273",178,253,363,385,305,356,321,383,362,259,399
"ENSG00000176340",3500,3711,2194,2112,2025,3135,2190,4078,4049,2916,3010
"ENSG00000176371",411.99999,397,544,516,494,578,496,429,380,263,359
"ENSG00000176383",110.00001,49,25,31,36,41,39,46,47,56,45
"ENSG00000176386",377,294,734,607,694,965,654,1019,1040,1062,1068
"ENSG00000176387",169,74,24,12,18,49,15,38,43,34,20
"ENSG00000176390",1275,1144,339,314,352,355,327,251,322,308,383
"ENSG00000176393",487,499,858,960,773,859,583,783,1354,1654,1679
"ENSG00000176396",494,515,61,60,53,48,64,38,89,269,264
"ENSG00000176399",58,55,199,251,326,322,251,319,268,177,233
"ENSG00000176401",241,250,297,252,373,335,272,341,400,394,395
"ENSG00000176406",12148,20614.00001,863,437,906,1139,614,655,669,744,289
"ENSG00000176407",965,1066,526,536,475,509,396,461,736,736,1061
"ENSG00000176410",330,275,502,367,440,496,456,416,509,466,465
"ENSG00000176422",189,168,555,581,621,718,572,818,929,588,656
"ENSG00000176428",234,189,40,46,52,14,54,27,15,27,1
"ENSG00000176438",82,75,107,37,82,63,98,28,62,80,62
"ENSG00000176444",734,590,561,427,588,290,454,368,327,322,312
"ENSG00000176454",259,243,200,143,266,76,239,84,61,64,64
"ENSG00000176463",669,1282.99999,178,245,148,215,215,232,374,454,578
"ENSG00000176472",68,71.99999,34,38,33,31,32,16,29,34,38
"ENSG00000176473",1160.00001,1104,554,486,488,722,521,827,871,848,1006
"ENSG00000176476",164,180.99999,525,407,537,598,711,721,688,564,537
"ENSG00000176485",1246,1583,1777,1759,1668,2308,1697,2515,3476,3613,3518
"ENSG00000176490",203,170,43,28,47,4,32,6,8,2,1
"ENSG00000176531",128,106,82,57,111,68,90,41,27,45,39
"ENSG00000176532",22,129,36,30,57,27,36,31,14,17,13
"ENSG00000176533",420,402,718,646,554,411,464,391,407,510,490
"ENSG00000176542",841,829,532,450,519,372,572,331,341,326,407
"ENSG00000176563",81,76,44,43,83,62,52,47,51,48,104
"ENSG00000176595",325,350,194,153,164,126,141,108,158,234,187
"ENSG00000176597",670,713,324,251,240,194,241,177,190,403,310
"ENSG00000176601",138,240,22,1,17,22,7,6,6,3,20
"ENSG00000176619",480,310,300,279,241,263,306,297,303,752,795
"ENSG00000176623",898,819,846,897,876,1064,850,845,898,1002,1095
"ENSG00000176624",533,413,223,144,148,141,139,144,178,271,274
"ENSG00000176635",100,198,99,132,11,82,76,170,83,6,100
"ENSG00000176641",119,169,140,84,109,57,94,75,92,84,87
"ENSG00000176658",273,378,204,242,124,133,149,158,234,291,344
"ENSG00000176681",52.99999,59.99999,83,52,68,59,93,25,37,63,49
"ENSG00000176697",158.00001,131.99999,62,131,99,52,50,74,54,394,153
"ENSG00000176714",96,103,223,150,259,280,265,233,285,167,267
"ENSG00000176715",588.99999,672.00001,982,886,869,874,967,915,830,851,1089
"ENSG00000176720",144,121,430,459,464,357,303,327,476,550,761
"ENSG00000176723",55.99999,56,84,37,97,62,70,36,55,85,49
"ENSG00000176731",1151.00001,1111.00001,575,389,430,565,461,607,669,426,554
"ENSG00000176732",131,137,36,35,43,51,36,26,44,35,31
"ENSG00000176749",420,421,437,338,457,497,399,304,281,446,279
"ENSG00000176771",1461,2885,737,765,596,721,622,577,438,448,316
"ENSG00000176783",1110,1386.00001,824,755,676,776,777,789,883,1066,1451
"ENSG00000176788",3919,1849,550,587,368,270,216,472,953,1390,1288
"ENSG00000176809",320.00001,180.99999,428,353,456,407,439,291,473,415,420
"ENSG00000176834",346,307,453,474,487,484,512,477,556,468,746
"ENSG00000176845",463,554,73,83,58,53,82,107,120,105,111
"ENSG00000176853",597,658,1049,1227,1199,912,983,564,773,994,1246
"ENSG00000176871",1038,869,830,748,668,777,659,726,931,1083,1691
"ENSG00000176884",108,75,15,5,21,15,17,10,9,4,2
"ENSG00000176887",2197,985,561,488,489,246,371,399,399,473,435
"ENSG00000176890",658,553.99999,499,512,384,377,323,391,641,745,790
"ENSG00000176894",665,415.00001,518,532,338,374,237,721,1096,1233,1105
"ENSG00000176896",176.00001,116.00001,236,196,317,242,228,184,167,153,132
"ENSG00000176903",879,994,1974,2450,993,1005,686,1497,3956,6994,7316
"ENSG00000176907",228,79,119,80,98,135,43,118,66,165,132
"ENSG00000176909",113,112,153,114,168,155,158,162,137,113,120
"ENSG00000176915",797,658,504,490,319,378,326,336,693,1156,1530
"ENSG00000176920",110,73,76,43,58,64,85,57,54,42,66
"ENSG00000176945",651,350,276,192,255,199,296,139,161,191,253
"ENSG00000176946",480.99999,328,794,794,885,805,869,941,1049,1213,1303
"ENSG00000176953",720,687.99999,499,482,594,416,496,336,372,389,473
"ENSG00000176956",186,93.99999,193,133,226,139,85,200,163,366,142
"ENSG00000176973",697,437,68,61,49,27,42,48,91,772,623
"ENSG00000176974",664,430,1373,1576,1401,1910,1672,1562,2839,1717,2127
"ENSG00000176978",1014,851.99999,1459,1803,1779,2354,1891,2285,2749,2738,3091
"ENSG00000176986",972.99999,780,4621,4046,5122,4588,4784,2691,3204,4907,6536
"ENSG00000176994",178,193,339,368,531,124,513,145,116,155,286
"ENSG00000177000",596,522,871,834,1136,634,1120,541,569,507,711
"ENSG00000177025",127,205,29,23,11,14,30,14,15,30,31
"ENSG00000177030",1335,787.99999,1378,1233,917,1121,765,1259,2601,3571,3185
"ENSG00000177034",444.00001,468,483,476,563,432,533,319,366,268,435
"ENSG00000177042",572,424.00001,940,874,848,1058,946,1359,1384,1295,1162
"ENSG00000177045",87,56,452,228,507,206,403,225,207,214,199
"ENSG00000177051",174,187,134,112,128,40,159,55,40,58,61
"ENSG00000177054",534.99999,518,1209,887,1089,1305,979,978,1295,1366,1223
"ENSG00000177058",733,709.99999,365,253,258,295,274,292,279,271,289
"ENSG00000177076",219,291,72,47,84,52,71,30,31,40,19
"ENSG00000177082",828.00001,653.99999,1573,1330,1366,1650,1462,1689,1952,1748,2111
"ENSG00000177084",662,729,370,436,507,384,593,245,212,291,336
"ENSG00000177098",16,29,47,106,34,25,116,49,55,26,42
"ENSG00000177103",1435,2574,150,92,158,104,115,51,78,105,33
"ENSG00000177105",225,148,352,433,483,387,433,531,606,459,734
"ENSG00000177106",93,84,156,92,182,129,170,124,112,109,144
"ENSG00000177108",75,82,176,180,123,78,102,133,73,168,137
"ENSG00000177119",3040,1697,2305,2047,2529,2316,2453,1988,2311,1989,1944
"ENSG00000177125",335,369,435,352,352,275,357,205,248,295,253
"ENSG00000177150",733.99999,768,555,404,500,454,495,441,362,355,548
"ENSG00000177156",1052.99999,870.99999,2464,2050,1867,3119,2100,3812,3647,3215,3350
"ENSG00000177169",677,534,318,239,287,243,356,344,314,287,264
"ENSG00000177181",274,399,258,226,108,124,145,149,229,446,394
"ENSG00000177182",173,155.99999,214,108,149,142,162,94,122,122,57
"ENSG00000177189",2754,2651.99999,368,292,458,293,373,200,287,323,380
"ENSG00000177191",30,27,44,47,58,66,41,27,46,53,43
"ENSG00000177192",278.99999,230,81,72,76,56,49,79,100,91,77
"ENSG00000177200",8454.99998,7395.99999,2364,1897,2069,2654,2137,2026,1993,1814,2048
"ENSG00000177225",760,610,949,797,825,1143,919,1217,1431,1430,1835
"ENSG00000177238",19,23,41,37,35,34,62,44,36,22,88
"ENSG00000177239",813.00001,617,1881,1599,1758,2120,1862,1933,2122,2496,2442
"ENSG00000177272",69,72,12,9,20,11,8,16,15,47,29
"ENSG00000177283",1094,694,44,60,37,42,23,44,50,122,56
"ENSG00000177301",513,488,135,253,165,179,201,97,94,242,103
"ENSG00000177302",767,568,997,955,1068,910,1213,693,743,886,1269
"ENSG00000177303",287,264,144,142,227,98,214,78,94,57,119
"ENSG00000177311",696.00001,727,1159,859,995,1236,864,845,1158,1241,931
"ENSG00000177352",181,264,42,48,39,37,42,38,27,21,7
"ENSG00000177370",428,324,991,947,945,1294,975,1404,1552,1212,1438
"ENSG00000177374",190,92,27,15,2,7,19,4,29,67,25
"ENSG00000177380",427.00002,484,236,109,246,186,228,171,181,189,155
"ENSG00000177383",1074,1095,2464,2508,2629,2982,2478,3145,3384,2908,3032
"ENSG00000177398",40,33,9,12,19,16,5,14,28,6,18
"ENSG00000177409",100.99999,116.00001,162,232,97,136,102,129,140,278,151
"ENSG00000177425",423,463,362,315,356,177,400,223,303,197,320
"ENSG00000177426",210,186.00001,1225,1034,1041,1410,1090,1446,2117,1655,1892
"ENSG00000177427",125,160,1110,1021,1312,1299,1475,1168,1294,1361,1701
"ENSG00000177432",275,280,383,266,312,330,248,328,396,352,366
"ENSG00000177453",175,211.99999,241,234,253,364,203,279,446,567,649
"ENSG00000177459",332,239,2761,3228,4131,4496,4285,3143,4768,1561,3261
"ENSG00000177463",842.00001,570.99999,296,405,261,123,253,152,184,257,223
"ENSG00000177469",151,127,1567,1517,1642,1520,1406,1064,1880,2729,2718
"ENSG00000177479",2313.00001,2086,3577,3408,3680,3498,3401,3173,4132,4476,5548
"ENSG00000177485",239,172,854,752,860,579,752,409,389,513,720
"ENSG00000177511",132,105,91,64,92,43,38,65,79,119,64
"ENSG00000177519",90,57,176,263,166,225,266,337,369,157,184
"ENSG00000177542",373.99999,401.99998,810,700,779,538,613,500,517,641,631
"ENSG00000177548",423.00001,312,146,136,204,171,220,175,173,175,152
"ENSG00000177551",65.00001,46,56,28,39,75,23,45,51,54,76
"ENSG00000177556",966.99999,942,1294,1258,1139,1606,1234,2257,2213,1247,1186
"ENSG00000177565",3493.00002,3478,2062,1998,2356,1785,2275,1365,1852,1617,2047
"ENSG00000177570",666.00001,1028.99999,362,354,406,312,427,175,180,202,186
"ENSG00000177576",1679,1915,868,887,821,1227,860,1337,1315,1334,1489
"ENSG00000177595",203.99998,186.99999,618,449,784,613,759,405,474,584,609
"ENSG00000177599",201,197,138,88,87,131,84,83,76,52,155
"ENSG00000177600",16162.00001,13279,3038,2231,3246,3168,3193,3724,3319,2578,2291
"ENSG00000177606",2814,2594,2039,2266,1595,1713,1261,1952,2713,7575,8058
"ENSG00000177613",538,555,1057,998,1121,1272,919,1211,1040,845,769
"ENSG00000177614",154,376,42,51,39,71,57,43,77,115,59
"ENSG00000177628",118,224.99999,886,1076,776,1281,756,1395,1440,1551,1769
"ENSG00000177646",817.00001,587.99999,1286,1066,1206,1480,1345,1325,1347,1258,1602
"ENSG00000177663",228.00001,193,543,666,518,476,500,437,550,605,974
"ENSG00000177666",310,274,521,517,681,286,522,355,395,329,421
"ENSG00000177674",285.00001,263,1254,1229,1215,1598,1345,2002,2301,1590,1883
"ENSG00000177679",1247.00001,1287,165,90,153,147,104,126,156,227,193
"ENSG00000177683",578.00001,641,769,643,826,689,721,652,754,637,1026
"ENSG00000177685",466.99998,338.00001,512,399,610,547,509,588,845,1046,897
"ENSG00000177692",95,122,66,84,114,103,81,87,124,76,101
"ENSG00000177694",1537,1607.99998,158,179,170,159,155,150,153,118,155
"ENSG00000177697",1624,980.00001,1375,1208,1575,421,1317,550,538,521,481
"ENSG00000177700",1495,1674,1505,1581,1427,2123,1342,2956,2970,1927,2089
"ENSG00000177706",868,477,182,209,123,155,113,199,232,434,266
"ENSG00000177707",1758,739.00001,408,232,578,151,339,210,364,123,178
"ENSG00000177728",844,700,1696,1458,1855,964,1802,752,772,977,782
"ENSG00000177731",630.99999,632,2663,2772,2775,3125,2901,2264,2257,3374,4006
"ENSG00000177732",892,741,199,144,257,141,213,160,167,80,47
"ENSG00000177733",3128,1954,2100,1697,2123,1174,1577,1415,1305,1251,1244
"ENSG00000177752",29.00001,79,15,30,42,25,42,28,16,13,115
"ENSG00000177791",18,66,139,106,92,241,225,224,170,136,142
"ENSG00000177807",206.00001,251,166,120,46,235,56,56,95,543,640
"ENSG00000177830",1456,1125,3800,3593,3233,4857,3345,5694,5989,5239,5378
"ENSG00000177839",47,160,101,78,76,132,98,74,97,256,356
"ENSG00000177842",112,316,399,311,396,381,353,416,348,240,356
"ENSG00000177853",814.00001,631.00001,547,439,612,617,595,467,416,288,494
"ENSG00000177854",53,85,152,155,184,196,219,266,208,203,202
"ENSG00000177868",768,822,634,435,605,799,585,876,707,616,554
"ENSG00000177873",185.99999,136.00001,189,185,226,157,209,124,120,117,207
"ENSG00000177875",51,86,72,120,34,64,54,52,48,104,53
"ENSG00000177879",1264,912.00001,1044,672,907,953,804,880,963,802,1016
"ENSG00000177885",1615,1198,2829,3164,2822,3126,2430,3071,3580,3897,4230
"ENSG00000177888",665,514,697,484,749,436,766,243,272,251,267
"ENSG00000177889",1800,1507,2775,2317,2029,3324,1899,3046,3982,3618,3720
"ENSG00000177917",1003,731,717,662,679,749,669,639,777,863,768
"ENSG00000177943",190,149,243,189,206,94,193,97,83,129,106
"ENSG00000177951",492,416.99999,1648,1445,1705,1547,1932,1443,1538,1456,2057
"ENSG00000177954",912,1100,8719,6800,10325,8981,9900,10145,9043,6370,6368
"ENSG00000177963",775.99999,853.00001,3455,3302,3010,3767,2727,3625,4483,5167,5335
"ENSG00000177971",606,509,1492,1292,1296,1859,1401,2323,2664,2192,3030
"ENSG00000177981",796.99999,931,1454,1286,1385,1737,1379,1549,1941,1686,1862
"ENSG00000177989",25,40,145,52,83,100,71,143,121,105,189
"ENSG00000177990",1121.99999,826,368,229,371,268,374,233,229,221,212
"ENSG00000177994",27.00001,60,19,14,24,20,36,25,29,23,16
"ENSG00000178026",496,237.00001,110,168,98,120,87,179,261,995,688
"ENSG00000178028",702,651.99999,1504,1156,1419,1636,1352,1700,1577,1796,1516
"ENSG00000178031",284,654.00001,229,209,198,185,91,119,147,338,125
"ENSG00000178033",20,26,97,72,9,92,2,51,142,102,97
"ENSG00000178035",1248,861,3443,2819,3876,3612,3593,3572,3838,4082,4656
"ENSG00000178038",35,38.00001,195,55,317,145,215,21,89,48,176
"ENSG00000178053",651.99999,805,782,474,516,931,501,859,958,1444,1972
"ENSG00000178057",974.00001,1095,2485,2595,2657,3630,2785,4638,4444,3107,3818
"ENSG00000178074",300,303,480,523,521,599,587,432,511,529,670
"ENSG00000178075",229,631,97,70,77,102,48,96,100,116,94
"ENSG00000178078",110,120.99999,261,206,256,276,272,339,317,259,249
"ENSG00000178096",145.00001,183,293,253,281,342,280,383,384,404,288
"ENSG00000178104",1234.99999,1604,3397,2863,3135,3329,3178,2079,1891,2372,3341
"ENSG00000178105",1560.99998,1803,783,660,786,940,797,844,810,673,1119
"ENSG00000178125",90,209,41,21,28,32,10,43,33,45,34
"ENSG00000178127",2082,1971,2716,2111,2329,3264,2055,3309,4145,3468,3430
"ENSG00000178149",396,425.99999,1760,1397,1625,1714,1337,1898,2008,1970,1986
"ENSG00000178150",164,103,259,151,261,292,240,247,266,196,153
"ENSG00000178163",364,440,1335,1340,1389,1176,1456,761,827,1062,1387
"ENSG00000178171",57,130,52,40,55,29,41,26,21,91,38
"ENSG00000178177",5422.00001,5380.99999,673,609,874,745,764,504,437,276,445
"ENSG00000178184",149,195,118,156,110,67,63,81,132,213,218
"ENSG00000178187",92,15,46,17,36,50,40,23,45,57,22
"ENSG00000178188",839,762,138,100,167,91,129,90,92,76,85
"ENSG00000178199",25,26,45,32,38,51,48,27,46,40,44
"ENSG00000178201",42,51,74,43,75,82,90,35,64,61,90
"ENSG00000178202",280,337.00001,544,548,528,341,384,324,476,538,588
"ENSG00000178209",892,841.99999,2596,2227,2204,2153,2053,1416,2322,3897,2570
"ENSG00000178226",19,24.99999,16,11,16,8,24,19,8,15,11
"ENSG00000178229",156,118,494,477,585,503,491,437,503,528,566
"ENSG00000178233",159,139,63,40,37,30,27,54,42,59,57
"ENSG00000178234",973.00001,937.99999,2244,2085,2368,2547,2016,2008,2796,2802,3365
"ENSG00000178235",111,96,104,111,111,79,40,59,74,193,42
"ENSG00000178252",1823,1557.00001,11454,10833,11753,10827,12203,7474,8484,11232,11940
"ENSG00000178295",482,324.00001,227,282,111,203,190,211,162,99,183
"ENSG00000178297",184,145,81,21,42,27,65,18,12,26,22
"ENSG00000178301",268,344,271,261,224,328,271,385,325,223,265
"ENSG00000178307",524,526.99999,1189,1003,1250,1435,1156,1759,2048,1789,2317
"ENSG00000178338",364.00001,329,172,121,133,129,142,100,125,98,143
"ENSG00000178343",75,24,177,56,161,128,109,172,120,98,117
"ENSG00000178381",362,477,332,274,328,451,326,472,600,639,1161
"ENSG00000178385",886,1050,1018,1123,1106,694,1046,521,486,544,610
"ENSG00000178386",111,180,228,176,235,182,221,229,249,200,285
"ENSG00000178401",96,105,253,355,201,297,200,409,473,606,483
"ENSG00000178409",185,100,99,112,148,70,108,103,121,55,124
"ENSG00000178425",459,434,1109,973,1100,1044,1161,983,1214,1011,983
"ENSG00000178440",42,54,148,77,200,119,219,46,149,103,111
"ENSG00000178445",498.00001,522,334,581,175,214,284,264,511,783,417
"ENSG00000178449",896.00001,1029,1707,1575,1701,2102,1757,3020,3045,1919,2146
"ENSG00000178467",675,656.99999,2140,2045,1862,2066,1487,2024,3006,3830,3789
"ENSG00000178498",978,1092,638,514,767,282,626,297,226,239,302
"ENSG00000178502",474,521,1277,922,1161,947,1088,625,899,1049,1016
"ENSG00000178531",743,303,39,21,24,6,15,12,9,24,14
"ENSG00000178537",157,220,345,221,175,343,149,300,403,539,607
"ENSG00000178538",72,95,630,338,537,435,356,482,561,522,283
"ENSG00000178567",830,870,2027,1712,2198,1745,2202,1414,1696,1548,2155
"ENSG00000178568",841,1284.99999,231,167,127,129,152,75,156,153,183
"ENSG00000178573",1078.99999,500.99999,105,112,112,65,70,99,127,116,98
"ENSG00000178585",1832,1096,795,562,603,299,413,448,857,788,486
"ENSG00000178607",293,438,347,338,369,301,258,222,344,389,459
"ENSG00000178623",78,91,109,74,113,57,77,65,83,96,127
"ENSG00000178662",4509.00001,2270,1034,767,1117,657,1039,645,587,386,384
"ENSG00000178665",435,270,328,208,255,229,200,187,261,250,325
"ENSG00000178685",175,214,948,830,967,856,966,606,1108,1071,976
"ENSG00000178691",1328.00001,1525,389,330,371,210,332,212,208,189,192
"ENSG00000178694",350,363,393,285,406,310,397,289,407,370,459
"ENSG00000178695",148,259,95,58,33,34,33,23,49,30,25
"ENSG00000178700",257.00001,204.99999,344,284,297,309,353,263,265,237,273
"ENSG00000178718",171,258,164,150,140,281,141,247,322,453,596
"ENSG00000178719",2821,3431.99999,1139,870,1027,210,724,262,248,252,318
"ENSG00000178741",2450,2329,2647,2087,2165,3234,1971,3605,3708,2990,3674
"ENSG00000178761",858.00001,828.00001,4602,4278,4686,5010,3680,3396,4339,4332,4717
"ENSG00000178764",1101,393,2188,1868,2096,1644,2386,1288,1297,1293,1368
"ENSG00000178773",36,52,16,32,19,11,14,25,25,98,37
"ENSG00000178796",88.00001,184,33,11,11,34,5,28,31,36,14
"ENSG00000178802",515,519.99999,2237,1880,2183,2565,2258,2039,2349,2316,2493
"ENSG00000178814",23,42,98,59,40,131,54,44,78,123,168
"ENSG00000178852",1382,1783.99998,36,38,39,33,44,22,9,30,26
"ENSG00000178878",176,75,170,153,82,147,74,105,84,156,107
"ENSG00000178882",364,113.00001,154,82,108,96,93,150,258,490,193
"ENSG00000178896",279,41,693,714,700,969,703,1214,1349,1133,1360
"ENSG00000178904",1100.99999,869.99999,685,511,620,461,517,312,364,383,432
"ENSG00000178913",2735,2834,4713,3598,4708,5271,4829,4528,5712,6801,7306
"ENSG00000178917",270,277.00001,218,142,147,243,171,198,211,161,218
"ENSG00000178921",314,248,872,931,843,792,763,540,441,614,753
"ENSG00000178922",316,173.99999,250,209,278,428,240,480,542,356,345
"ENSG00000178927",550.99999,387.99999,2034,1811,1809,2386,1662,2330,2307,2555,2736
"ENSG00000178935",448,339,232,177,223,245,213,203,167,119,201
"ENSG00000178947",60,129,378,404,364,118,236,160,160,211,314
"ENSG00000178950",769.00002,734.99998,1999,1868,2073,1969,2249,1373,1459,1956,2525
"ENSG00000178951",1553,1445,58,38,58,19,62,18,47,111,137
"ENSG00000178952",1387,1298,4734,4344,4125,6369,4567,6556,7720,6677,7476
"ENSG00000178966",257,164,324,280,221,258,215,229,204,172,245
"ENSG00000178971",922,470.00001,1147,961,1267,1154,1335,696,588,717,684
"ENSG00000178974",601,669.00001,1555,1627,1795,1726,1624,1231,1692,1610,1592
"ENSG00000178980",4148.00001,3491,5845,4469,4046,7110,4405,9038,9199,6747,7156
"ENSG00000178982",2037.99998,1949.99999,1837,1869,1507,2452,1603,3166,3226,1927,2388
"ENSG00000178988",1173,1177,2332,1943,2279,2583,2074,2983,3637,3392,3686
"ENSG00000178996",515.99999,388,110,90,93,37,86,76,84,133,173
"ENSG00000178997",25,78,52,39,49,33,71,42,39,36,39
"ENSG00000178999",180.99999,40,93,49,41,54,54,127,68,49,25
"ENSG00000179008",716,318,42,58,45,67,64,46,72,40,41
"ENSG00000179010",2762.99999,2453,4896,4388,4392,5742,4536,6351,7030,6228,7353
"ENSG00000179021",369,382,637,511,630,742,595,635,695,651,1029
"ENSG00000179029",455,616,1086,756,825,965,692,1137,1016,1055,957
"ENSG00000179041",281,308,158,181,117,212,177,215,298,292,304
"ENSG00000179044",24,165,46,33,45,33,28,30,47,92,121
"ENSG00000179051",749,482,373,258,229,212,275,264,248,439,536
"ENSG00000179057",58,124,11,28,20,15,15,11,17,16,6
"ENSG00000179058",28,45,38,20,29,39,10,39,62,83,34
"ENSG00000179071",34,51,28,9,9,32,19,14,20,30,23
"ENSG00000179083",137,128,32,45,24,21,12,28,21,22,12
"ENSG00000179085",518,537,363,266,306,421,393,508,506,414,367
"ENSG00000179091",1560,1367,3830,3548,2963,4656,2459,5367,7585,7136,7837
"ENSG00000179094",521.99999,462,413,288,774,165,678,173,580,590,510
"ENSG00000179097",79,44,13,52,26,22,23,36,29,72,13
"ENSG00000179104",3326,2367,211,273,313,100,266,116,102,94,54
"ENSG00000179115",657,703,2782,2580,2635,3897,3006,3938,4167,3789,4568
"ENSG00000179119",506,597,609,627,845,570,836,360,504,689,1152
"ENSG00000179134",1260,1174,1055,1014,1254,404,862,459,388,425,463
"ENSG00000179151",728,776,1703,1405,2005,1603,1802,1335,1325,1626,2011
"ENSG00000179152",673,674,757,670,745,769,743,566,575,724,803
"ENSG00000179163",119,155,1041,1026,1136,1202,1247,1459,1602,1354,1504
"ENSG00000179168",56,26,28,16,19,22,27,34,18,35,31
"ENSG00000179195",1988.00001,1652,1080,1007,1217,691,952,579,523,586,546
"ENSG00000179218",7373,4433.00001,4641,4500,4558,3193,4227,3230,3457,2718,3937
"ENSG00000179222",2629,1569,21462,21698,21329,22975,21155,21632,23048,25213,27484
"ENSG00000179240",278.99999,360,548,419,543,458,528,338,252,225,210
"ENSG00000179241",814,699,1431,983,1020,1239,1029,823,837,1460,1067
"ENSG00000179242",694,420,275,201,193,165,175,124,89,287,102
"ENSG00000179262",1428,1640.99999,2122,1890,2285,2491,2489,2527,2471,2085,2990
"ENSG00000179270",303,1075,135,48,141,81,84,50,86,100,87
"ENSG00000179271",1189,1150,1261,1105,1117,1864,1262,2385,2276,2160,2251
"ENSG00000179284",15,16,52,100,31,74,51,117,137,21,69
"ENSG00000179292",94,135,76,80,29,35,22,62,51,28,50
"ENSG00000179295",1981.00001,2266.00001,3220,2980,2750,2634,2577,2175,2491,3091,3382
"ENSG00000179299",340.99999,292,78,102,78,118,100,98,92,102,89
"ENSG00000179314",737,805,473,297,278,254,343,234,205,392,204
"ENSG00000179331",69,61,14,5,10,20,19,5,5,1,19
"ENSG00000179335",542,617.00001,1343,1355,1494,1780,1671,1642,1647,2024,1917
"ENSG00000179361",1290,1327,590,440,604,681,508,432,380,654,430
"ENSG00000179364",1318.00001,937.99998,612,480,450,352,397,365,535,669,674
"ENSG00000179387",459,509,853,755,817,719,634,482,515,592,697
"ENSG00000179388",144,222,2,10,8,14,14,1,277,691,534
"ENSG00000179397",271,621,20,19,2,18,7,13,14,11,21
"ENSG00000179399",24,90,58,52,44,14,40,73,61,45,18
"ENSG00000179403",2102,729,79,65,62,39,52,51,155,641,876
"ENSG00000179409",247,196.00001,1177,1068,1237,1167,1536,964,952,1012,1423
"ENSG00000179431",701,674,216,121,102,158,98,155,150,873,420
"ENSG00000179454",780,809,800,570,882,586,853,655,861,517,551
"ENSG00000179455",524,103,291,156,193,401,322,361,247,195,257
"ENSG00000179456",987.99999,1106,281,206,214,171,186,136,85,123,127
"ENSG00000179476",119,98,130,107,165,82,130,73,97,41,147
"ENSG00000179477",17,35,22,47,62,72,68,55,27,43,47
"ENSG00000179520",28,87,24,13,3,41,29,33,27,36,24
"ENSG00000179526",641,579.99999,1055,986,858,1118,715,1192,1775,1969,2227
"ENSG00000179532",656,647,507,344,635,375,920,202,232,324,372
"ENSG00000179542",124,89,163,99,206,170,196,145,67,123,107
"ENSG00000179562",119,127,669,638,639,679,745,433,477,824,1352
"ENSG00000179583",75,281,95,61,63,62,54,35,58,31,77
"ENSG00000179588",568,243.99999,46,21,23,17,24,10,34,29,31
"ENSG00000179598",32,37,80,69,113,82,140,57,41,42,50
"ENSG00000179603",218,193,82,65,35,89,60,56,47,76,60
"ENSG00000179604",3079,2076,8924,6571,4588,7679,3990,4211,7293,16347,9555
"ENSG00000179627",76,62,107,138,175,59,128,47,103,182,88
"ENSG00000179630",112,117,43,67,35,54,45,42,35,52,75
"ENSG00000179632",828,626.99999,2765,2692,2275,2724,1781,2852,5115,4851,5419
"ENSG00000179673",63,56,27,47,29,41,13,27,183,24,50
"ENSG00000179698",55,69.99999,57,44,59,62,62,26,48,66,39
"ENSG00000179715",45,38,50,32,34,30,34,31,27,68,36
"ENSG00000179750",62,62,145,126,160,165,97,217,208,276,199
"ENSG00000179761",166,212,422,126,281,381,144,249,475,1117,1125
"ENSG00000179774",41,28,43,18,56,23,52,37,27,27,12
"ENSG00000179776",22,85,122,11,0,132,0,17,100,293,218
"ENSG00000179796",468,222,190,108,233,134,162,198,341,369,340
"ENSG00000179820",896.00001,582,1670,1600,2381,1428,2459,1348,2251,3660,3242
"ENSG00000179832",499.00001,553.00001,1132,1400,1450,1248,1445,924,913,1270,1319
"ENSG00000179833",491,575,634,508,674,321,628,320,363,315,334
"ENSG00000179841",77,97,76,57,62,57,101,47,92,43,66
"ENSG00000179846",33,65,22,27,21,11,14,14,22,37,28
"ENSG00000179859",112,96,313,225,351,313,295,225,264,215,278
"ENSG00000179862",147,116,8,17,7,3,12,3,3,4,24
"ENSG00000179869",295,612,26,21,25,14,17,17,28,28,31
"ENSG00000179886",286,256,162,118,199,134,213,137,157,138,276
"ENSG00000179889",2665,2529.00001,3057,2963,4017,2926,3833,2329,2960,3161,4575
"ENSG00000179902",244,38.00001,49,11,9,42,6,33,57,44,46
"ENSG00000179909",604,410,282,265,320,233,300,214,222,172,202
"ENSG00000179912",2320,2447,806,725,960,726,799,572,641,901,901
"ENSG00000179915",1681,2241.00002,414,419,609,268,323,244,185,208,103
"ENSG00000179918",568,671,1037,872,822,1235,972,1300,1692,1883,2620
"ENSG00000179922",286,123,38,43,38,15,33,25,31,33,13
"ENSG00000179933",860,965,2011,1826,1682,2400,1682,2854,3352,2783,3502
"ENSG00000179941",164,201,792,638,892,786,826,521,476,593,591
"ENSG00000179943",165,210,48,58,55,34,34,40,52,104,61
"ENSG00000179950",1785.99999,1430,5590,5424,4657,7635,4589,8693,10208,11832,10991
"ENSG00000179954",61,104,133,168,150,45,144,45,66,54,31
"ENSG00000179958",666,432,744,608,603,919,502,1086,1020,895,1014
"ENSG00000179965",370,305,213,245,122,119,76,253,828,1186,1274
"ENSG00000179981",461,331,382,255,312,313,344,248,324,313,252
"ENSG00000179988",190.00001,177,253,167,210,316,223,301,354,270,308
"ENSG00000180008",516,491,540,517,506,416,494,255,378,484,511
"ENSG00000180011",442,446,560,483,458,559,452,457,577,489,714
"ENSG00000180035",330,328,383,356,396,174,290,143,145,155,155
"ENSG00000180071",93,129,71,68,69,78,113,42,37,35,46
"ENSG00000180089",26,32,17,12,26,14,23,10,23,18,16
"ENSG00000180096",167,148,48,29,39,8,40,31,16,27,16
"ENSG00000180098",416.99999,337.00001,652,508,618,673,641,678,640,619,649
"ENSG00000180104",575,582,1111,921,1063,728,994,671,763,809,900
"ENSG00000180113",121,268,21,13,13,19,26,19,12,11,14
"ENSG00000180155",127,59,346,365,301,174,407,197,339,322,554
"ENSG00000180182",582,517,764,630,629,402,607,314,351,494,560
"ENSG00000180185",337,328,669,645,541,950,633,1028,1298,920,1326
"ENSG00000180190",416,544,514,563,493,450,422,423,652,292,635
"ENSG00000180198",304,244,440,287,373,342,402,398,361,312,299
"ENSG00000180209",97,28,604,621,400,1436,1054,1591,870,263,383
"ENSG00000180228",1059,1051,1968,1556,1816,2334,1686,2096,2255,2203,2528
"ENSG00000180233",516,684,43,32,39,30,31,11,31,33,34
"ENSG00000180245",515,415,69,57,26,116,38,49,79,180,36
"ENSG00000180257",104,113,281,319,336,336,298,240,216,227,237
"ENSG00000180263",359.99999,528,290,235,254,280,231,179,210,208,259
"ENSG00000180287",177,185,442,468,76,493,282,530,642,150,522
"ENSG00000180304",2178,1858.00001,6461,5109,6186,7108,5051,7091,8087,7752,6922
"ENSG00000180329",551,624,592,524,508,773,550,683,816,794,1054
"ENSG00000180336",55,40,45,25,43,49,53,31,24,33,52
"ENSG00000180340",366,173,774,684,716,456,589,597,647,522,430
"ENSG00000180346",263,417,525,463,460,495,527,455,407,350,412
"ENSG00000180354",485,467.00001,654,690,624,388,474,287,690,864,575
"ENSG00000180357",1518,1639,741,552,723,395,693,421,438,275,327
"ENSG00000180370",1144,954,1032,945,1138,468,927,492,398,363,386
"ENSG00000180376",970,1813.99998,421,354,423,453,350,437,478,436,484
"ENSG00000180398",1247,1405.99999,4955,5228,5512,4898,5184,3965,4636,4336,6769
"ENSG00000180423",89,97,358,359,296,398,327,369,392,385,421
"ENSG00000180425",203,219,586,478,651,858,532,669,760,645,650
"ENSG00000180447",559,575,92,300,138,107,257,116,187,235,264
"ENSG00000180448",421,524,133,125,169,180,137,126,159,199,238
"ENSG00000180479",132,138,267,210,303,198,340,208,229,237,308
"ENSG00000180481",41,99,40,27,38,36,38,14,34,12,49
"ENSG00000180483",62,439,65,23,60,129,46,74,109,166,52
"ENSG00000180488",1153.00002,1302.99999,612,513,640,448,717,390,497,355,453
"ENSG00000180509",34,129,54,22,24,57,37,47,51,39,124
"ENSG00000180530",2021,1621,1146,878,1112,959,1068,732,1016,1501,1355
"ENSG00000180537",242,207,829,655,553,743,543,393,488,1036,570
"ENSG00000180573",313,269,638,310,362,624,349,684,503,764,566
"ENSG00000180592",211,199,69,39,74,40,40,37,40,60,20
"ENSG00000180611",71,130,148,116,189,128,124,145,157,159,163
"ENSG00000180616",183,113,274,208,167,274,228,209,275,337,279
"ENSG00000180626",202,284,336,314,169,275,184,178,142,270,203
"ENSG00000180628",921,1106.00001,739,733,642,576,573,553,657,857,1055
"ENSG00000180638",47.99999,161.99999,281,247,127,346,130,167,347,761,310
"ENSG00000180660",2554,2895,15181,15487,22587,17373,18546,15987,12024,4890,2730
"ENSG00000180667",203,234,221,188,226,167,258,81,170,216,413
"ENSG00000180694",362,273,496,438,613,436,492,351,400,487,464
"ENSG00000180720",89,92,25,34,29,20,24,31,38,114,98
"ENSG00000180730",464,149,983,541,1821,522,1004,848,994,722,1163
"ENSG00000180758",19,30,73,44,39,71,58,29,41,80,145
"ENSG00000180773",836.00001,861,925,714,1051,895,788,826,1100,840,1244
"ENSG00000180776",1940,1920,312,293,307,212,249,139,192,205,319
"ENSG00000180777",212,395,2,9,11,21,4,20,4,8,3
"ENSG00000180787",26,68,36,39,62,18,48,25,41,18,36
"ENSG00000180801",190,148,302,341,350,275,279,251,256,419,329
"ENSG00000180815",417,336,53,92,42,63,87,52,64,22,55
"ENSG00000180817",6601,5033,6967,6203,6955,7582,5064,8277,9921,8481,6931
"ENSG00000180822",424.99999,455,385,374,341,489,345,468,501,440,430
"ENSG00000180828",182,143,77,28,114,37,56,48,49,17,11
"ENSG00000180834",73,43,63,43,36,37,28,38,91,119,120
"ENSG00000180855",85,50,264,188,206,239,208,159,200,128,202
"ENSG00000180875",263,352,231,40,133,180,60,75,102,146,82
"ENSG00000180879",1752,1507.99999,2921,2404,2316,3393,2275,4516,4289,3459,4113
"ENSG00000180881",732,655.00001,125,106,98,97,69,81,85,82,89
"ENSG00000180884",62,79,176,151,298,226,216,152,112,197,102
"ENSG00000180891",1435.00002,1463,404,267,347,231,304,283,297,275,244
"ENSG00000180900",663.00001,607.99999,232,229,214,122,181,112,88,111,134
"ENSG00000180901",346,329.00001,339,285,297,247,329,266,403,695,658
"ENSG00000180902",466,418.00001,369,385,462,257,325,236,263,343,335
"ENSG00000180914",29,20,22,60,29,54,14,45,126,558,136
"ENSG00000180917",351,251,1077,1036,972,1071,1020,687,822,710,774
"ENSG00000180921",79,109,13,10,22,25,5,17,14,5,16
"ENSG00000180929",265,374,21,6,30,1,23,4,15,27,52
"ENSG00000180957",847.00001,711,1579,1389,1299,1669,1372,1583,1718,1516,1997
"ENSG00000180964",892.00001,688,2176,1735,1920,2626,1763,2555,3050,2682,2565
"ENSG00000180979",806,949.00001,1045,759,1009,916,845,897,868,1030,1145
"ENSG00000180992",941,665,1681,1159,1431,1871,1413,2238,2165,1708,1722
"ENSG00000180998",1432,975,148,123,121,96,101,89,86,118,85
"ENSG00000181004",145,136,509,372,423,424,377,366,495,460,376
"ENSG00000181007",386,330,1098,821,906,964,815,847,1020,838,1039
"ENSG00000181019",294,668.99999,2287,1378,1462,1984,1280,1992,3606,1921,2942
"ENSG00000181026",379,419,1073,1135,936,1205,1234,1054,1338,2221,4148
"ENSG00000181027",490.99998,431,203,263,167,135,139,175,291,468,610
"ENSG00000181029",1337.00001,1336.99999,1367,1117,1127,1814,1007,2194,2097,1747,1696
"ENSG00000181031",727.99998,387,524,338,747,387,671,447,535,364,390
"ENSG00000181035",213.00001,264,480,541,544,334,459,279,364,449,500
"ENSG00000181038",409.99999,481.99999,965,792,952,1011,855,1098,1114,930,1216
"ENSG00000181045",675,804,2132,2081,2865,2188,2700,1767,1844,1962,2760
"ENSG00000181061",2010.00001,2228,3842,3040,3099,4378,2557,3881,6057,4513,5126
"ENSG00000181085",35,43.99999,86,34,99,37,65,41,44,12,18
"ENSG00000181090",2566.99999,1727,1514,1420,1308,1210,1167,1058,1419,1560,1643
"ENSG00000181104",401,273,1839,2503,1162,1424,1285,2331,1069,1063,1255
"ENSG00000181135",59,116.99999,49,54,88,93,111,94,115,112,131
"ENSG00000181163",3215.00001,2492.00002,8367,6617,9215,8493,9501,8833,9074,7234,9714
"ENSG00000181191",537,689,3819,2300,3726,3688,2693,3365,4162,5008,5390
"ENSG00000181192",496,455,1647,1525,1520,1634,1579,1402,1574,1675,1870
"ENSG00000181195",27,50,14,10,0,35,8,11,32,77,41
"ENSG00000181215",105,110,96,22,148,72,83,69,94,128,69
"ENSG00000181218",633,547,459,350,398,747,509,720,769,761,944
"ENSG00000181220",500,407,261,264,179,181,200,167,329,649,785
"ENSG00000181222",2078,1939,5993,5313,8104,3235,6716,2351,2293,3480,3937
"ENSG00000181264",224.99999,295,770,694,842,915,816,654,675,724,707
"ENSG00000181274",78,95,33,24,54,31,41,35,60,42,85
"ENSG00000181284",28,27,132,97,73,85,78,66,95,123,90
"ENSG00000181291",226,116,79,21,29,38,13,35,110,327,202
"ENSG00000181315",258.99999,278,1159,1087,1351,1151,1234,797,927,1057,1730
"ENSG00000181322",158,298.99999,121,92,116,140,108,98,100,133,70
"ENSG00000181350",313,327,119,82,100,93,78,78,101,152,220
"ENSG00000181378",87,113.00001,76,20,8,76,11,49,32,45,71
"ENSG00000181381",269.99999,467.99999,136,132,233,109,152,79,84,147,81
"ENSG00000181392",15,18,18,22,17,17,29,20,26,23,67
"ENSG00000181396",321,236.99999,532,489,541,430,437,692,740,507,558
"ENSG00000181404",286.99999,149.00001,191,161,279,87,230,102,89,107,85
"ENSG00000181409",378,343,245,159,223,175,225,152,167,213,189
"ENSG00000181418",37,28,30,15,20,6,18,7,6,24,17
"ENSG00000181444",173,113,303,255,516,194,376,220,480,234,238
"ENSG00000181449",3456,1888,572,422,295,385,200,356,409,579,420
"ENSG00000181450",707,389,189,184,203,129,164,87,113,141,149
"ENSG00000181458",311,227,1366,957,1173,1143,1203,814,931,854,1165
"ENSG00000181467",678,330,712,657,560,450,364,510,918,1493,1744
"ENSG00000181472",253,269,311,291,262,324,287,282,383,398,640
"ENSG00000181481",63,112,109,182,104,169,108,153,329,142,222
"ENSG00000181513",212.00001,377.00001,666,590,646,519,676,488,532,525,658
"ENSG00000181523",308.99999,225,2133,1941,2295,2622,2262,2246,2614,2338,2710
"ENSG00000181541",528,373,1660,1394,2213,625,1911,910,521,93,214
"ENSG00000181544",362,459.00001,114,54,78,59,91,43,68,47,43
"ENSG00000181555",4381.00002,3681,1790,1634,2014,1284,1655,1070,1585,1567,1719
"ENSG00000181577",24,39,55,50,20,49,37,61,50,19,52
"ENSG00000181610",900,1039,1298,894,1019,1380,924,1243,1667,1435,1809
"ENSG00000181619",241,86,41,41,42,18,51,37,43,69,103
"ENSG00000181638",227,112,488,442,472,319,586,291,330,280,483
"ENSG00000181649",23,26,59,23,14,47,14,20,70,203,176
"ENSG00000181652",22,38,64,54,86,54,93,36,33,17,91
"ENSG00000181656",94,30,27,37,17,14,26,22,34,33,35
"ENSG00000181666",1840,2536.00001,1786,1129,1713,1944,1697,1478,1694,1928,1871
"ENSG00000181690",291,387.99999,335,410,650,192,489,267,248,194,135
"ENSG00000181704",639,651,1135,1094,1077,1124,1125,1126,1529,1115,1626
"ENSG00000181722",11739.00002,7089.00001,5200,4778,4628,4835,4585,3800,6161,6306,6855
"ENSG00000181744",765,443,1041,1316,1109,1133,1048,933,990,1048,1594
"ENSG00000181751",448,422,485,376,390,508,380,405,377,500,381
"ENSG00000181754",114,178,502,458,564,455,299,280,587,822,808
"ENSG00000181773",31,36,65,51,91,90,62,42,99,338,300
"ENSG00000181788",184,200,76,89,57,78,76,64,117,278,425
"ENSG00000181789",860,625.00001,5672,5949,6838,5969,6254,5308,6590,7048,9873
"ENSG00000181790",762,393,23,4,18,9,8,15,25,47,31
"ENSG00000181804",100,205,377,260,178,357,286,189,291,480,444
"ENSG00000181817",537,538,1191,932,955,1538,1132,1666,1784,1770,2463
"ENSG00000181826",345,450,677,587,560,421,493,634,572,575,873
"ENSG00000181827",1697,847,476,313,472,329,407,233,200,270,273
"ENSG00000181830",106,118,328,377,362,333,342,269,381,425,416
"ENSG00000181852",810.00001,782,1501,1122,1281,1225,1291,1120,1286,1286,1320
"ENSG00000181856",43,36,312,355,640,191,705,223,312,124,408
"ENSG00000181873",313,344,423,420,353,289,355,340,455,501,523
"ENSG00000181885",32,34.00001,79,64,65,47,42,70,104,42,113
"ENSG00000181894",362,438,351,339,377,274,397,211,185,153,572
"ENSG00000181896",168,191,170,118,170,140,141,148,153,106,183
"ENSG00000181904",988.99999,1079.99999,1373,1389,1565,1472,1282,1191,1680,1117,1552
"ENSG00000181915",397,423,206,208,167,67,104,59,136,181,129
"ENSG00000181924",520,486,825,802,740,932,723,1218,1383,1102,1220
"ENSG00000181929",743,519.00001,1487,1154,1233,1714,1216,1707,1597,1753,2204
"ENSG00000181938",118,131,87,76,45,104,68,111,125,151,111
"ENSG00000181965",421,157,131,56,61,55,88,101,43,52,24
"ENSG00000181982",463,451,273,312,357,222,280,215,267,339,335
"ENSG00000181991",696.99999,537.99999,854,690,577,950,674,1284,1216,1058,1137
"ENSG00000182004",1147,949,1505,1290,1319,1521,1133,2114,2380,1449,1709
"ENSG00000182010",205,294,38,60,42,47,37,49,35,27,34
"ENSG00000182013",583,726,3408,2769,3790,2819,3419,2343,2312,2266,2614
"ENSG00000182022",171,88,569,649,447,453,663,322,624,978,464
"ENSG00000182050",188.00001,480,71,36,111,42,52,48,42,26,13
"ENSG00000182054",692,449,4446,4382,2598,4856,3653,7490,6123,4672,6440
"ENSG00000182087",1075.00001,948.99998,1206,1355,738,604,529,819,1936,2721,3517
"ENSG00000182093",1872,2607.00001,2267,1837,2115,2668,1831,2862,2785,2694,2776
"ENSG00000182095",3585,1799,488,478,438,231,413,220,285,352,221
"ENSG00000182103",163,63,20,1,1,11,1,2,11,34,17
"ENSG00000182107",29,17,5,15,12,21,9,24,13,21,14
"ENSG00000182108",380,209,462,703,342,259,301,405,577,465,883
"ENSG00000182117",1201.00001,1270.99999,1367,1208,1059,1806,1080,2151,1929,1695,2115
"ENSG00000182118",716,673,79,87,59,78,48,83,213,371,363
"ENSG00000182132",116,140,110,102,66,63,21,107,300,364,423
"ENSG00000182134",181.99998,304.99999,322,283,319,466,306,302,301,353,468
"ENSG00000182141",709.99999,409,276,188,216,286,214,237,356,283,218
"ENSG00000182149",1553.99999,1465,3871,3512,4184,4526,4515,4252,5095,4479,5409
"ENSG00000182150",2053.99998,3649.99999,1516,1254,1245,1368,1318,1366,1623,1575,1545
"ENSG00000182154",751,910,475,478,415,911,420,1067,913,864,839
"ENSG00000182158",522,433,804,834,1134,546,1066,388,461,389,606
"ENSG00000182168",623,457,640,245,490,482,484,368,433,270,304
"ENSG00000182173",267.00001,253,405,452,460,592,397,538,688,669,835
"ENSG00000182175",150,119,493,287,312,235,265,208,256,479,408
"ENSG00000182179",53.00001,41,465,527,510,598,659,408,579,579,590
"ENSG00000182180",909,858.99999,2230,2012,1774,2279,1858,2475,2563,2226,3070
"ENSG00000182185",977,1991.99999,213,176,221,213,270,248,209,287,201
"ENSG00000182195",476,410,1212,1151,1222,1467,1185,1599,1614,1343,1243
"ENSG00000182196",3106.99999,1779.99997,2150,2081,1974,2973,2111,3320,3688,3111,3586
"ENSG00000182197",1489,2434,247,274,243,137,203,196,230,245,156
"ENSG00000182199",898.99999,998,2934,2774,1906,3405,2147,3109,3283,4023,10921
"ENSG00000182208",319.00001,249,298,253,259,167,234,131,167,114,120
"ENSG00000182218",195,172,108,46,106,138,126,54,61,134,68
"ENSG00000182220",1347.00001,1494.99999,11315,9995,9971,12823,9524,12424,15298,13487,15204
"ENSG00000182224",62,197.99999,713,459,515,554,547,438,476,785,910
"ENSG00000182240",336,298,213,384,202,159,280,299,394,487,669
"ENSG00000182247",1424,1230,1117,1100,992,1356,899,1341,1658,1800,1556
"ENSG00000182253",302,509,864,624,840,629,809,433,1168,1341,1327
"ENSG00000182255",72,96,201,160,286,112,435,70,81,102,114
"ENSG00000182256",1105,1214,87,143,138,175,87,125,98,386,83
"ENSG00000182263",705,502,544,371,491,426,465,385,461,425,246
"ENSG00000182272",751,503,209,129,202,115,161,202,194,177,124
"ENSG00000182287",2202,1674.00001,3476,5696,3248,4349,2363,3728,3941,4265,3232
"ENSG00000182307",772.99999,655.99998,2409,1998,2531,2880,2404,2371,3054,3879,4503
"ENSG00000182310",323,358,105,94,137,66,96,139,139,106,128
"ENSG00000182318",69,100,330,294,373,327,394,189,191,287,375
"ENSG00000182324",51,79,36,26,41,24,29,25,46,61,74
"ENSG00000182325",233.99999,182,34,28,15,40,26,47,33,148,152
"ENSG00000182326",290,295.00001,4962,5205,3729,5211,4590,5502,7390,7264,7999
"ENSG00000182327",16,21,16,29,15,11,13,12,36,33,24
"ENSG00000182329",71,121,61,16,29,34,40,28,30,33,39
"ENSG00000182359",321.99999,399,454,339,511,426,384,323,377,308,305
"ENSG00000182362",518.00001,382,239,241,226,276,270,280,300,281,291
"ENSG00000182372",391,318.00001,777,749,872,798,870,755,755,821,1084
"ENSG00000182379",234,447,17,23,21,6,6,7,16,49,92
"ENSG00000182389",349.00002,264,242,278,326,270,266,303,208,205,229
"ENSG00000182400",580,608,582,464,565,624,508,456,574,634,689
"ENSG00000182405",79,109,162,143,160,174,209,132,144,81,185
"ENSG00000182446",1636,1867,1412,1716,1013,993,859,1077,2070,3848,4391
"ENSG00000182450",59,37,27,12,2,12,6,14,28,55,14
"ENSG00000182463",741,306,689,674,659,563,785,542,600,413,502
"ENSG00000182472",108,87,14,5,14,46,13,37,29,20,45
"ENSG00000182473",1745,1437.00001,4231,4029,4329,3485,3894,2954,3005,3557,3572
"ENSG00000182481",851.00001,466,2096,1871,1725,2244,1811,2651,2824,3121,4223
"ENSG00000182504",674.00002,610,414,347,453,462,442,267,266,266,242
"ENSG00000182508",38,37,11,18,23,12,9,8,8,0,0
"ENSG00000182511",15,65,8,5,8,29,5,10,17,22,14
"ENSG00000182512",722,636,106,115,64,78,52,108,238,879,792
"ENSG00000182518",272,251.00001,545,417,471,673,477,636,698,646,727
"ENSG00000182534",3089,2938.00001,1316,991,1083,920,1103,792,1298,1299,1194
"ENSG00000182541",572,563,2119,2150,2059,2006,2150,1399,1522,2368,1668
"ENSG00000182544",322,244,1009,1222,913,1744,1069,1701,2193,2144,2699
"ENSG00000182551",539,401,1550,1474,1192,1656,1150,1984,2368,2144,1894
"ENSG00000182552",282,216,912,840,968,876,806,952,1505,819,1306
"ENSG00000182557",16,26,46,63,21,76,72,86,105,29,94
"ENSG00000182568",1301.99999,1231,334,284,313,321,289,257,249,229,267
"ENSG00000182575",36,67,17,25,26,9,16,4,14,8,18
"ENSG00000182578",102,159,276,372,81,380,286,525,271,63,315
"ENSG00000182580",303,164,194,168,201,155,220,207,184,452,555
"ENSG00000182600",78,44.99999,36,17,19,21,14,14,19,7,30
"ENSG00000182606",3463,4479,968,806,850,986,1079,534,652,904,918
"ENSG00000182612",189,168,195,510,126,221,290,285,484,165,557
"ENSG00000182621",1795,1676,190,147,127,98,83,132,277,529,398
"ENSG00000182628",974,909.00001,802,750,692,804,586,964,1045,714,761
"ENSG00000182636",1314,1313,2057,2364,1177,1172,617,1768,3893,5263,4597
"ENSG00000182667",3064.00001,3300,484,238,507,518,413,391,454,477,199
"ENSG00000182670",12649.00001,13341,12407,10270,12352,9758,9693,8775,10553,10893,13641
"ENSG00000182674",384,491,270,79,186,197,219,78,117,138,70
"ENSG00000182685",125,93,38,12,22,31,31,23,24,43,29
"ENSG00000182700",57,66,69,57,66,45,67,43,89,30,64
"ENSG00000182704",443,270,2772,2927,2543,2055,3242,2604,3954,1493,3139
"ENSG00000182712",235,211,147,92,89,135,82,173,252,295,309
"ENSG00000182718",1752.00001,800.99998,3678,3695,1541,4534,2460,5592,3736,3831,3910
"ENSG00000182732",2345.99999,1305.00001,11,22,13,13,22,24,45,82,151
"ENSG00000182749",134,108,138,107,195,160,187,103,153,120,190
"ENSG00000182752",140,276,158,134,296,177,267,111,160,178,99
"ENSG00000182768",3221,2746,6389,5683,6011,8615,6214,7788,9637,10417,11192
"ENSG00000182771",89,113,49,27,60,20,43,13,10,38,21
"ENSG00000182774",14650.99998,10738,3423,2440,3392,3267,3046,3589,3176,2510,2614
"ENSG00000182809",1126.00001,598,2352,1953,1984,2986,1728,4223,5218,7543,5220
"ENSG00000182810",108,132,812,651,760,1038,838,925,1125,952,1075
"ENSG00000182827",1605,1528,374,486,368,257,278,265,559,1021,1267
"ENSG00000182831",1749,1361,1288,1201,1080,806,908,696,779,1002,1762
"ENSG00000182836",158,103,47,46,29,46,38,33,66,67,43
"ENSG00000182858",269,423,1278,1369,1462,1505,1528,1436,1614,1242,1656
"ENSG00000182870",137,57,22,34,30,16,31,46,52,36,57
"ENSG00000182871",3907,3055,1769,2640,2038,695,1799,767,829,801,614
"ENSG00000182872",1304,1000,2001,1679,1937,1861,2066,1658,1549,1952,2262
"ENSG00000182899",12708,9310,3830,2687,3628,3830,3320,4322,3998,2945,3185
"ENSG00000182901",325.99998,362.99998,122,42,74,131,55,122,116,96,100
"ENSG00000182902",50,59.00001,30,30,23,20,9,7,48,64,95
"ENSG00000182903",810.00001,1360,972,800,1076,787,999,510,721,768,1181
"ENSG00000182916",502,495,1538,1342,1261,1682,1046,1617,1408,1740,1762
"ENSG00000182919",1111.00001,760.99999,1029,752,846,944,831,1000,1050,858,1244
"ENSG00000182923",4654.00002,2491.99999,883,676,749,781,838,687,725,762,1008
"ENSG00000182934",824,890.00001,3890,4065,5335,4485,5124,3936,5547,4910,7069
"ENSG00000182944",2940.00002,2334,8784,8160,7904,10050,7548,10418,15919,14182,16404
"ENSG00000182952",478,413,1393,1145,1151,1572,1089,1367,1554,1663,1746
"ENSG00000182957",2021.00001,1429.99999,1475,2024,1573,1402,1489,1076,1084,1550,1295
"ENSG00000182963",247,84,214,116,110,188,97,158,136,87,151
"ENSG00000182973",1032,1076.00001,995,784,815,967,741,1006,1131,1061,1202
"ENSG00000182979",1465.00001,1112,138,137,188,52,160,51,59,76,58
"ENSG00000182985",15907.99999,19262.99999,5696,6097,6407,6260,5685,5155,6355,5040,4220
"ENSG00000182986",467.00001,510.00001,683,578,670,662,712,419,457,460,437
"ENSG00000182993",150,165,197,100,161,185,142,135,147,187,183
"ENSG00000183010",707.00001,356,1459,1182,1280,1265,1080,1518,1787,1984,3139
"ENSG00000183011",2023,2216,857,720,711,1313,737,1738,1611,1411,1024
"ENSG00000183018",128,101,133,134,52,63,105,86,80,31,61
"ENSG00000183020",1880,1866,878,709,1004,367,851,335,348,349,307
"ENSG00000183023",1422,1561.99999,906,1137,799,959,905,461,534,613,578
"ENSG00000183032",58,122,53,51,70,79,48,64,67,54,37
"ENSG00000183036",928,1572.00001,2833,3081,2931,4733,2932,5689,7142,3545,4248
"ENSG00000183044",836,816.00001,1528,1509,1387,1083,1397,818,989,1076,794
"ENSG00000183048",224,165,309,323,271,289,172,402,587,422,498
"ENSG00000183049",1461,2246,788,292,585,495,600,291,359,564,364
"ENSG00000183060",232.00001,280.99999,530,441,463,498,410,451,481,459,513
"ENSG00000183067",55,181,46,43,67,84,53,78,90,149,114
"ENSG00000183077",224.99999,215,273,219,294,353,276,320,304,201,289
"ENSG00000183087",2346.00001,604.00001,621,409,983,491,679,815,1083,4263,5749
"ENSG00000183090",18,51,49,9,50,24,24,18,35,10,0
"ENSG00000183091",502,1213,460,472,305,768,1235,490,371,336,377
"ENSG00000183092",121,157.99999,61,57,112,24,81,22,22,52,45
"ENSG00000183098",2387,2702,3229,2078,3899,2038,3347,1717,2123,1656,1757
"ENSG00000183111",146,120,1154,1321,944,870,999,717,987,742,1420
"ENSG00000183114",23,22,13,3,7,14,8,5,13,121,33
"ENSG00000183137",934,687,410,283,372,416,352,304,304,233,471
"ENSG00000183145",23,17,14,13,12,20,8,14,23,15,6
"ENSG00000183150",91,80.99999,106,79,44,118,39,81,171,315,452
"ENSG00000183155",298,256,476,442,444,572,481,558,637,721,667
"ENSG00000183161",215,208,807,656,763,800,695,841,725,377,307
"ENSG00000183166",64.00001,163,70,11,8,23,1,23,34,180,45
"ENSG00000183172",1562,1833,1479,1095,1176,1576,1122,1748,1801,1549,1722
"ENSG00000183185",267,1256,67,96,153,194,74,71,35,54,65
"ENSG00000183186",64,66,83,51,51,35,45,39,35,92,95
"ENSG00000183196",30,28,153,93,182,90,104,89,66,162,122
"ENSG00000183207",1022.99999,849.00001,2417,2155,2216,3237,2166,3513,3695,3666,3960
"ENSG00000183208",172,178.99999,94,92,116,89,118,139,94,71,138
"ENSG00000183230",196,764.00001,61,69,26,139,67,34,41,120,214
"ENSG00000183248",429,405,205,217,328,124,234,134,143,132,112
"ENSG00000183255",1972,1182,8636,7709,7263,9516,7531,9756,10436,10085,12653
"ENSG00000183258",877,668,2024,1915,1943,2438,2077,2309,2839,3144,4125
"ENSG00000183281",27,17,64,39,43,50,72,30,39,51,55
"ENSG00000183283",1522,1513.00001,6817,6571,7037,8432,7241,7916,10197,9780,11181
"ENSG00000183287",741,374.99999,826,872,1136,985,1163,1056,1071,1125,773
"ENSG00000183291",2011.99999,1864,2432,1681,1967,2585,1690,3058,3450,2601,2796
"ENSG00000183307",59,65,30,10,36,24,34,15,15,35,29
"ENSG00000183309",320,245,793,720,834,591,716,459,557,677,801
"ENSG00000183317",777.00001,649.99999,122,54,121,116,143,81,61,79,62
"ENSG00000183323",419,247,165,100,139,125,168,91,109,132,168
"ENSG00000183337",897.99999,894,1129,1017,1258,1018,1226,626,921,718,855
"ENSG00000183340",50,149,252,266,351,290,329,284,259,181,290
"ENSG00000183346",75,113,55,22,55,79,35,46,69,56,52
"ENSG00000183354",1973.99999,1889,717,486,635,627,676,541,688,682,685
"ENSG00000183386",88,78,203,177,166,126,153,189,248,342,333
"ENSG00000183401",321.00001,269.99999,311,251,296,497,270,498,595,548,356
"ENSG00000183423",182,393,245,52,215,259,179,120,130,220,145
"ENSG00000183426",341,211,1071,747,943,1025,1206,747,829,1214,1128
"ENSG00000183431",1192,1104,2727,2340,2955,2940,2578,3210,3451,3629,4056
"ENSG00000183454",122,296,665,361,1114,311,881,253,521,185,548
"ENSG00000183474",78,100,546,450,453,488,529,527,557,485,675
"ENSG00000183475",245,344,627,659,650,575,654,384,403,390,701
"ENSG00000183476",24,37,18,14,34,25,43,13,12,7,8
"ENSG00000183495",1952.00001,1510,576,448,496,354,468,296,373,432,316
"ENSG00000183496",189,191,58,44,79,15,37,21,10,8,26
"ENSG00000183508",38,34,294,363,194,228,271,325,254,221,642
"ENSG00000183513",686,772,1508,1246,1312,1641,1194,1611,1651,1655,1895
"ENSG00000183520",624,527.99999,752,702,676,856,626,939,1055,1109,1721
"ENSG00000183527",279,432.99999,774,612,556,941,557,1070,1177,1016,1613
"ENSG00000183530",634,595,1217,1291,1489,1209,1466,884,1120,794,1003
"ENSG00000183549",22,41,46,61,33,56,43,47,131,92,112
"ENSG00000183569",125,121.99999,48,50,76,55,75,77,84,61,88
"ENSG00000183570",2740,5216,914,617,857,705,526,450,638,1191,826
"ENSG00000183576",1345,1221,2057,2005,1699,2304,1787,2147,2094,1680,2313
"ENSG00000183578",20,40,18,3,13,11,6,21,18,50,37
"ENSG00000183579",311,241,280,221,289,170,243,182,241,254,243
"ENSG00000183580",261,163,115,83,89,62,75,60,72,66,106
"ENSG00000183597",381,307.99999,1080,1118,736,1170,974,1283,1423,1176,2722
"ENSG00000183605",301,256,552,421,411,624,496,626,651,577,745
"ENSG00000183617",660,692,587,404,452,803,520,879,985,765,793
"ENSG00000183621",1017.99999,734.99999,346,335,375,336,371,343,365,526,442
"ENSG00000183624",435.00001,545,1149,1039,1167,1337,1060,1460,1653,1675,1864
"ENSG00000183638",543,931,421,66,362,589,433,94,146,243,147
"ENSG00000183647",131,116,126,118,140,156,174,111,127,156,88
"ENSG00000183648",1910,1954,924,780,651,1318,706,1452,1291,860,952
"ENSG00000183655",133,110,434,337,318,379,364,224,283,437,597
"ENSG00000183665",183,141,197,144,193,218,195,216,255,285,368
"ENSG00000183671",15,41,84,157,32,72,66,150,150,76,106
"ENSG00000183682",89,34,78,56,87,87,83,60,63,58,155
"ENSG00000183684",1028,641,39,35,22,32,32,31,51,61,88
"ENSG00000183688",391,221,135,318,134,144,170,142,211,149,191
"ENSG00000183690",68,112,321,116,223,241,171,154,262,352,296
"ENSG00000183691",93,51,140,101,20,114,55,165,296,94,130
"ENSG00000183696",249.99999,433.99999,227,204,269,302,172,393,297,389,628
"ENSG00000183715",808,382,774,431,850,372,666,463,409,238,328
"ENSG00000183718",398.00001,343.00001,703,621,793,712,803,532,558,672,1045
"ENSG00000183722",272,476,2512,4633,1450,3775,3225,4666,4209,2231,2769
"ENSG00000183723",297,351.00001,469,372,409,316,398,264,355,395,277
"ENSG00000183726",1212,1202,2393,2046,1963,3048,1930,3161,3480,2981,2789
"ENSG00000183735",726.00001,619.00002,765,711,722,837,731,611,811,721,1163
"ENSG00000183741",1997,1312,1196,1445,1371,523,1327,1041,1300,1623,1940
"ENSG00000183742",32,87,48,38,37,48,42,25,32,23,36
"ENSG00000183751",294,313,2003,1954,2174,2645,2171,2469,2790,2945,3101
"ENSG00000183762",661,430,987,1231,873,799,931,1000,1172,1196,1503
"ENSG00000183763",76,80,97,80,68,111,95,141,137,107,150
"ENSG00000183765",610.99999,362.00001,134,108,110,108,157,150,109,71,70
"ENSG00000183773",109,140,1120,877,1103,1037,1312,960,2585,1084,978
"ENSG00000183775",737,441,487,657,526,511,553,268,150,249,266
"ENSG00000183778",228,585,109,116,103,65,108,42,68,74,86
"ENSG00000183779",269,88,90,54,106,27,61,63,41,39,26
"ENSG00000183780",156,128,145,67,124,100,121,75,119,92,63
"ENSG00000183783",137,85,18,20,19,12,10,21,33,65,53
"ENSG00000183785",61,49.00001,57,115,91,166,219,96,167,132,102
"ENSG00000183798",17,18,81,72,92,52,178,101,74,55,62
"ENSG00000183808",677.99999,597.00001,1148,976,1554,924,1303,672,559,620,723
"ENSG00000183814",552,395,108,94,135,91,121,111,121,99,75
"ENSG00000183826",3022,2698,726,646,734,780,700,543,700,647,576
"ENSG00000183828",297,489,1235,1183,1072,1620,974,2161,1765,1182,1363
"ENSG00000183831",149,520,170,111,135,127,107,133,136,111,111
"ENSG00000183833",449.00001,668.99999,316,189,303,233,241,190,208,200,359
"ENSG00000183837",36,29,341,152,283,265,352,189,171,282,177
"ENSG00000183840",27,41,150,146,234,132,269,77,155,83,54
"ENSG00000183850",52,47,74,58,83,78,58,39,60,49,34
"ENSG00000183853",931,649,2071,2586,2232,1704,2311,1511,1420,1340,1230
"ENSG00000183856",145,88,28,39,10,4,9,6,11,31,0
"ENSG00000183864",1201,1252,2070,1387,1934,805,1744,751,1002,1068,1389
"ENSG00000183873",1466,712,440,440,320,286,412,176,338,334,226
"ENSG00000183876",59,37,58,54,24,66,60,47,86,176,222
"ENSG00000183889",74,59,680,352,630,593,734,357,409,483,476
"ENSG00000183891",401,525,309,285,463,353,423,288,465,339,588
"ENSG00000183908",20,18,14,9,3,25,14,7,2,46,10
"ENSG00000183914",117,217,13,13,20,5,17,10,12,29,51
"ENSG00000183943",265,236,643,548,455,376,467,365,417,464,566
"ENSG00000183955",723.99999,522.99999,133,81,77,83,86,76,85,122,113
"ENSG00000183963",168,217.99999,273,255,282,293,418,259,175,255,228
"ENSG00000183971",22,25,57,116,87,64,70,91,212,102,212
"ENSG00000183978",888,792,2207,1873,1724,2970,1688,3620,3748,3043,2966
"ENSG00000184005",1087,510,1064,1139,781,1215,680,924,1062,1542,981
"ENSG00000184007",2564,1983,1902,1446,1634,1060,1359,1512,2215,1923,2695
"ENSG00000184009",24494,21602,90270,91355,81307,112584,82379,117321,136144,158280,139050
"ENSG00000184012",45,58,35,4,2,13,7,30,48,48,55
"ENSG00000184014",2614.99999,1630,1028,788,849,950,918,680,962,1363,1388
"ENSG00000184047",762.00001,722,1887,1688,1787,2426,1962,2596,3029,3141,3855
"ENSG00000184056",308,299,431,406,347,540,444,521,568,528,709
"ENSG00000184060",63,51,38,28,32,46,40,12,32,70,90
"ENSG00000184076",3285,3284,3280,2948,2685,4650,2962,5534,5636,4050,4003
"ENSG00000184083",331.99999,453.00001,233,228,200,154,149,139,159,200,161
"ENSG00000184110",93,103,5387,5301,4214,6370,4517,6112,6433,7153,5776
"ENSG00000184113",51,78.00001,191,77,80,311,87,227,407,584,879
"ENSG00000184117",974,959,3628,2986,3517,4138,3239,4142,4329,4165,3765
"ENSG00000184144",69,135,279,360,154,127,153,122,118,144,91
"ENSG00000184154",426.99999,398.00001,559,409,422,631,390,699,725,930,785
"ENSG00000184156",249.99999,275,146,79,40,48,59,105,53,42,56
"ENSG00000184160",262,233,59,55,32,25,39,53,52,66,90
"ENSG00000184162",148,126.99999,200,179,216,319,269,312,339,404,416
"ENSG00000184163",65,35.00001,22,20,32,13,18,16,26,28,35
"ENSG00000184164",490.00001,343.00001,973,960,632,888,473,1079,1952,2219,3237
"ENSG00000184166",18,33,19,13,19,26,14,15,24,13,13
"ENSG00000184178",400,323,433,345,391,488,300,466,434,551,410
"ENSG00000184182",1227,1605,759,677,534,942,528,823,1060,977,1035
"ENSG00000184185",40,72,76,81,60,42,43,60,155,116,142
"ENSG00000184194",511,241,85,67,76,30,76,22,36,13,23
"ENSG00000184203",867,984,1862,1618,1874,2061,1809,1656,2137,1899,2439
"ENSG00000184205",615.99999,424,1074,840,1245,1244,1133,948,1884,2186,3370
"ENSG00000184207",725,576,106,66,76,68,52,107,250,545,495
"ENSG00000184209",350,292,445,420,461,679,525,714,802,729,656
"ENSG00000184216",59,108,30,26,36,64,23,27,52,79,81
"ENSG00000184220",1027.00001,903,567,346,436,571,430,581,576,520,682
"ENSG00000184226",3201,1837,3100,1967,3755,2595,3596,1494,2293,1569,2034
"ENSG00000184227",21,20,109,119,32,196,68,177,199,251,209
"ENSG00000184232",2583,1761,425,344,391,299,304,358,823,2838,1333
"ENSG00000184254",482,176,8288,8987,4572,7880,7848,10221,9496,4892,5326
"ENSG00000184260",96,85,3,13,2,7,5,25,22,5,2
"ENSG00000184261",111,109,120,74,65,44,85,42,60,93,66
"ENSG00000184271",329.99999,446.99999,284,199,319,188,282,101,142,223,330
"ENSG00000184277",933.00002,646.99999,1818,1437,2000,1986,1851,2014,2488,2023,2234
"ENSG00000184281",409,404,1246,1173,1105,1907,1351,2087,2255,2469,2718
"ENSG00000184302",2241,1807,1685,1159,1513,1934,1484,1418,1458,2100,770
"ENSG00000184304",2087.99999,669,256,203,190,247,143,163,265,539,509
"ENSG00000184305",1098,1540,284,136,279,246,338,126,146,121,124
"ENSG00000184307",24,46.00001,23,11,9,19,8,10,29,30,8
"ENSG00000184313",111,98,314,235,285,300,375,199,226,138,180
"ENSG00000184343",72.99999,33,32,34,24,25,41,35,29,10,27
"ENSG00000184347",138,285,533,689,535,379,669,441,644,1824,689
"ENSG00000184349",1449,381,3549,1608,4376,1883,3172,2549,3662,2729,2614
"ENSG00000184368",191,215,149,222,74,181,110,183,486,282,401
"ENSG00000184371",117,224.99999,661,729,376,378,266,373,847,2994,3216
"ENSG00000184378",23,22,63,61,60,52,80,75,55,77,155
"ENSG00000184381",277.99999,503.00001,440,392,462,236,521,190,188,217,198
"ENSG00000184384",3835,4456,333,224,425,314,320,165,157,239,222
"ENSG00000184402",705,503.00001,220,207,273,125,249,141,88,77,127
"ENSG00000184408",42,29,3,50,21,15,23,33,14,12,11
"ENSG00000184428",270,352,298,291,330,349,405,374,392,407,535
"ENSG00000184432",1810,1696.00001,6449,5943,7563,6239,6172,5446,6894,7151,8669
"ENSG00000184436",571,463,1284,1234,1455,1782,1741,1919,1988,1790,2295
"ENSG00000184445",424,344.00001,139,253,194,156,228,120,73,96,85
"ENSG00000184451",45,49,105,127,113,125,189,175,133,199,180
"ENSG00000184454",41,23,115,41,65,69,81,28,41,19,22
"ENSG00000184465",938,1358.99997,631,471,689,576,646,321,350,358,458
"ENSG00000184470",297.00001,59.00001,193,207,176,206,156,218,239,218,189
"ENSG00000184481",83,81,77,69,113,14,75,27,16,12,8
"ENSG00000184486",158,67,28,10,29,19,23,21,22,44,77
"ENSG00000184489",3276,4570,5024,4187,4904,5598,4903,5454,7452,5904,6538
"ENSG00000184497",98,103,30,25,22,24,15,49,49,34,75
"ENSG00000184500",1346,1326,2392,2715,2357,2099,1734,1690,2703,3610,2996
"ENSG00000184508",151,256,486,433,493,759,623,717,674,621,712
"ENSG00000184517",532,385.00001,814,588,732,654,658,474,543,615,645
"ENSG00000184524",68,77,180,193,71,220,89,208,293,354,354
"ENSG00000184545",627,942,62,59,97,31,69,57,52,77,54
"ENSG00000184557",189,135,156,318,211,76,90,67,868,7039,6207
"ENSG00000184564",34,161,270,139,347,247,389,131,132,174,60
"ENSG00000184575",1586,1656,4621,3922,3799,3546,3090,2618,3455,5061,7603
"ENSG00000184584",15,21,62,164,42,164,147,101,145,35,167
"ENSG00000184588",487,751,548,451,832,638,797,394,503,684,947
"ENSG00000184599",300,593,88,67,42,113,43,63,99,98,95
"ENSG00000184601",25.99999,33,37,29,3,47,40,75,187,24,141
"ENSG00000184602",1102,802,2278,2514,1517,1744,1214,1600,3347,7073,7644
"ENSG00000184613",1525.99999,1009.00001,6908,6633,5846,6387,6499,4748,6370,5426,4545
"ENSG00000184616",43,33,78,28,52,71,72,32,20,21,29
"ENSG00000184619",361,341.99999,759,513,622,540,654,525,385,302,345
"ENSG00000184634",591.00003,541.99999,1347,1171,1748,826,1606,533,501,662,684
"ENSG00000184635",204,313,533,456,444,329,409,374,334,323,261
"ENSG00000184640",2457,1634.00001,787,641,829,331,612,548,714,941,748
"ENSG00000184661",208,115,27,46,41,63,59,53,38,53,45
"ENSG00000184672",2000.99999,1056.99999,342,507,460,605,455,473,482,666,274
"ENSG00000184675",200,116,23,30,19,19,18,27,19,20,20
"ENSG00000184677",599,707.00001,854,853,1003,656,859,415,508,650,758
"ENSG00000184678",155,236,249,214,242,374,241,320,258,317,295
"ENSG00000184702",62,48,385,276,328,306,301,288,272,275,338
"ENSG00000184708",1117.00001,987.00001,1153,1059,1219,1010,1082,806,1073,1201,1293
"ENSG00000184719",204,276,131,212,104,209,69,210,209,178,217
"ENSG00000184731",41,61,105,146,119,78,105,93,122,116,199
"ENSG00000184743",557.00001,286,913,1142,1065,779,1051,489,641,824,1131
"ENSG00000184752",1322.99999,1071.00001,1253,1139,1070,1746,1026,2060,2215,1631,1818
"ENSG00000184785",73,20,103,85,107,147,98,138,162,208,232
"ENSG00000184786",90,121,69,52,75,54,34,36,92,76,100
"ENSG00000184787",1195.99999,1356.00001,2394,2244,2212,2482,2302,2170,2480,2727,3369
"ENSG00000184788",231,305,65,29,28,46,36,36,53,52,60
"ENSG00000184792",1667,3177,2427,2176,2108,2952,2389,2336,1939,1795,1692
"ENSG00000184828",268,298.99999,345,340,305,173,164,209,352,648,286
"ENSG00000184831",845.99999,1362,1381,1057,894,1804,810,2038,2171,1839,1870
"ENSG00000184838",758.00001,632,147,89,132,178,119,98,125,206,116
"ENSG00000184840",2193,1739,2978,2753,2979,3851,3135,4309,5445,5386,4285
"ENSG00000184845",18,35,448,542,582,561,529,308,474,147,262
"ENSG00000184857",134,141,555,549,622,746,672,646,743,404,722
"ENSG00000184863",1844.00001,1338.99999,916,744,856,733,1164,601,797,848,828
"ENSG00000184867",414,353.00001,513,433,485,449,454,443,421,477,424
"ENSG00000184887",261,248,28,4,4,11,9,14,17,34,14
"ENSG00000184897",2601,2749,218,212,239,157,201,183,201,297,167
"ENSG00000184898",100,76,80,86,91,72,53,72,70,32,46
"ENSG00000184900",1502,1525,2141,1396,1805,1168,1790,1284,1153,908,1113
"ENSG00000184903",721.99999,1867,455,412,413,519,447,528,568,535,643
"ENSG00000184905",650,646,381,327,312,491,252,543,536,668,904
"ENSG00000184908",38,61,46,13,42,93,34,19,38,47,25
"ENSG00000184916",114,164,137,113,175,106,176,74,100,149,163
"ENSG00000184922",30,93,34,38,73,59,51,59,56,54,65
"ENSG00000184924",444,361,520,410,456,616,393,780,859,762,691
"ENSG00000184925",74.99999,35,87,70,146,48,96,52,105,25,71
"ENSG00000184939",1238.99999,1000.00001,1496,1064,1321,1025,1179,949,919,1151,1273
"ENSG00000184949",719,875,465,244,315,361,253,285,252,228,255
"ENSG00000184967",227,195,684,531,643,1004,565,1009,956,843,834
"ENSG00000184979",57,80,109,138,114,168,89,147,157,268,229
"ENSG00000184983",2242,1798,2323,1916,1939,3022,1978,3348,3595,2916,3364
"ENSG00000184985",2421.00001,1484,559,430,546,198,461,230,217,270,208
"ENSG00000184986",243,99,19,25,5,3,10,13,32,107,119
"ENSG00000184988",106.99999,59,16,5,32,25,9,11,10,5,12
"ENSG00000184990",1099.00001,884,1890,1495,1784,2126,1825,3077,3474,2552,3216
"ENSG00000184992",265,338,210,167,163,141,148,168,187,191,206
"ENSG00000185000",345,298,161,136,95,78,98,114,286,744,536
"ENSG00000185008",2206.99999,2810.00001,719,295,795,493,523,382,225,352,401
"ENSG00000185009",505,463,1467,1448,1222,1511,1004,1034,1213,1511,1845
"ENSG00000185010",145,235,210,143,154,139,163,121,175,128,104
"ENSG00000185015",285,258.00001,142,106,142,143,123,88,89,208,208
"ENSG00000185019",245,247,594,413,594,481,575,409,474,436,413
"ENSG00000185022",191,219,66,105,35,23,36,53,271,1806,2730
"ENSG00000185024",716.00001,775,244,179,208,75,205,94,147,242,175
"ENSG00000185033",2833,2133.99999,2652,2473,2694,2160,2261,1646,1948,2806,2130
"ENSG00000185043",694.00001,576,1182,1054,1088,1392,1098,1964,1846,1618,1911
"ENSG00000185046",1417.99999,1166,153,63,89,97,53,77,124,148,102
"ENSG00000185049",518.00001,665,831,650,930,965,975,929,1049,948,1046
"ENSG00000185052",47,60,59,62,44,36,48,42,28,52,25
"ENSG00000185053",76,114,11,19,18,33,7,12,19,9,3
"ENSG00000185070",1200.00001,457,1724,857,2288,1096,1573,905,697,445,979
"ENSG00000185085",223,183,1435,1432,1628,1607,1712,1166,1485,1862,2239
"ENSG00000185088",2718.99999,1959.00001,1366,1187,1099,1474,1211,1561,1548,1352,2479
"ENSG00000185090",231,251.00001,108,58,69,38,64,80,72,128,102
"ENSG00000185100",230,322.00001,508,478,226,578,297,703,908,658,1224
"ENSG00000185104",1780,1723,248,193,216,141,223,203,197,247,320
"ENSG00000185112",104,58,246,146,135,60,105,91,229,796,678
"ENSG00000185115",408,431,678,733,565,559,392,604,1061,1351,1638
"ENSG00000185122",742,726.00002,857,847,949,350,772,439,436,407,568
"ENSG00000185127",420,497,654,720,671,679,738,480,585,686,852
"ENSG00000185129",949,1050,292,292,300,206,300,218,336,287,263
"ENSG00000185133",97,164.99999,256,283,317,176,322,160,159,172,158
"ENSG00000185158",502,332,167,162,154,187,165,151,147,199,114
"ENSG00000185163",260,241,190,152,145,172,183,142,187,451,564
"ENSG00000185164",258,159,3211,3202,3674,2814,3031,2005,2249,3067,3996
"ENSG00000185187",95.99998,65.99999,198,32,89,103,111,120,187,200,138
"ENSG00000185189",775,651,583,608,427,403,459,427,394,589,788
"ENSG00000185201",974,1573,2964,2585,3239,2878,2892,3671,4422,5136,3186
"ENSG00000185215",27,27,36,40,10,21,27,41,35,73,41
"ENSG00000185219",625.99999,620,1177,1040,1490,748,1404,450,442,496,543
"ENSG00000185220",172,151,184,245,199,243,259,300,325,291,355
"ENSG00000185222",2468,1243.99999,2115,1922,1870,2900,1995,2762,3270,2553,3621
"ENSG00000185236",1593,1339,1511,1293,1571,923,1257,1026,904,921,926
"ENSG00000185238",629.99999,664,407,367,326,424,287,344,398,424,576
"ENSG00000185246",1194,1046.00001,747,621,747,757,668,639,716,521,954
"ENSG00000185250",424,409.00001,251,154,190,149,138,167,203,286,423
"ENSG00000185252",231.00001,267.99999,726,648,919,764,848,570,529,669,759
"ENSG00000185261",866.99999,1046,154,77,89,105,91,93,98,142,96
"ENSG00000185262",394,297,19,9,23,9,25,12,11,9,13
"ENSG00000185267",51.00001,81,46,37,54,32,51,39,44,43,70
"ENSG00000185269",23,29,9,5,23,6,28,6,10,5,9
"ENSG00000185272",95,143,59,70,92,75,131,65,82,61,101
"ENSG00000185274",154,226,357,110,11,117,32,101,214,898,871
"ENSG00000185278",436.00001,434,507,408,477,328,494,184,170,158,242
"ENSG00000185298",390,348,489,402,432,625,448,644,750,913,1192
"ENSG00000185305",514,955.99999,488,456,432,666,420,635,498,446,418
"ENSG00000185324",509.99999,338.99999,1560,1256,1569,2176,1535,1808,1808,1846,1876
"ENSG00000185338",77,60,20,18,10,8,15,13,25,90,80
"ENSG00000185339",493,580,1443,1335,1265,1898,1125,1688,2229,2538,1889
"ENSG00000185340",146,128.00001,138,134,133,51,84,61,71,109,147
"ENSG00000185344",527,438,539,553,335,375,369,338,612,708,1113
"ENSG00000185345",3095.00001,2143.99999,449,336,627,538,469,387,441,554,424
"ENSG00000185347",168,65,148,138,93,157,98,278,229,300,233
"ENSG00000185352",44,81,52,78,70,68,42,65,109,134,122
"ENSG00000185359",1674.00001,1109,3013,2735,2827,3477,3296,2840,3705,4445,5515
"ENSG00000185361",116,94,187,161,197,153,157,174,145,162,167
"ENSG00000185379",308.00001,302.99999,638,608,538,504,481,528,567,644,638
"ENSG00000185386",194,153,33,31,53,25,22,12,19,14,21
"ENSG00000185404",156.00001,179.00001,39,52,49,28,51,25,75,78,98
"ENSG00000185414",477,542.99999,606,524,603,514,632,466,521,521,779
"ENSG00000185418",1019.99999,1186,616,534,664,646,530,460,537,670,873
"ENSG00000185420",1149.00001,1673.00001,812,634,676,952,745,891,973,736,844
"ENSG00000185432",282,88,799,542,859,619,682,507,923,771,917
"ENSG00000185436",61,155,259,160,285,207,311,155,117,113,174
"ENSG00000185437",222,545.99999,290,211,165,372,247,329,404,315,482
"ENSG00000185442",166,136.00001,308,605,194,309,281,507,681,669,525
"ENSG00000185453",259,252,46,41,35,24,51,38,49,57,38
"ENSG00000185475",445,361,2296,2129,2051,2810,2061,3531,3752,2823,3049
"ENSG00000185477",681,511,356,397,443,323,267,203,235,328,282
"ENSG00000185480",274.99999,161,49,54,41,49,29,60,66,70,59
"ENSG00000185483",353,302,381,490,404,301,380,333,993,1327,1413
"ENSG00000185499",74,37,34,27,21,6,21,20,27,29,19
"ENSG00000185504",598,542,1919,1798,1627,1681,1627,1469,1748,2571,2170
"ENSG00000185507",104,117.00001,125,135,106,163,142,203,210,207,184
"ENSG00000185513",520.99999,687,1023,684,1010,885,1280,544,625,599,638
"ENSG00000185515",792,906,646,638,557,644,556,748,934,807,898
"ENSG00000185518",1914,3227.99999,1765,1422,1630,1930,1244,740,898,2877,800
"ENSG00000185519",83,98,125,121,85,56,64,46,110,187,209
"ENSG00000185522",47,77,54,54,38,45,39,37,54,58,53
"ENSG00000185527",3060,8844.00001,757,128,474,1962,300,377,499,620,372
"ENSG00000185532",1308.99999,2645,736,750,680,690,772,525,568,550,446
"ENSG00000185551",596.00001,277,251,165,116,199,132,183,308,360,274
"ENSG00000185559",742.99999,279,2372,2178,1310,2784,1683,3362,1415,3220,1196
"ENSG00000185561",304,511,310,392,463,299,385,348,341,326,429
"ENSG00000185565",1621,916,1352,844,1039,1224,940,1199,1442,1679,1375
"ENSG00000185567",333,377,410,244,286,253,264,116,107,203,305
"ENSG00000185585",37,53,197,343,360,137,341,61,107,69,81
"ENSG00000185591",553.99999,480.00001,1003,972,1129,696,1122,355,438,633,703
"ENSG00000185608",588,781,1252,1208,1077,1500,967,1803,1884,1663,1803
"ENSG00000185615",92,78,27,14,23,13,25,10,22,20,31
"ENSG00000185619",1338.99999,1492,1091,912,1107,1148,1179,878,922,980,1302
"ENSG00000185621",310,635,437,332,390,366,326,299,382,380,567
"ENSG00000185624",3054.00001,2169.99999,10866,10931,10908,13576,11400,14056,14968,15411,21187
"ENSG00000185627",1224,1075.99999,2537,2133,2028,3175,1994,3214,3254,3474,4082
"ENSG00000185630",4155,2885.00001,2376,1339,1838,1519,1560,1395,1522,2207,1572
"ENSG00000185633",1560,845,700,173,147,425,151,277,1433,2142,2742
"ENSG00000185634",86,187.00001,139,89,83,106,54,80,102,140,149
"ENSG00000185650",3300,2348.00001,4541,3598,4386,2227,3440,2728,3229,6885,4552
"ENSG00000185651",1167.99999,857.99999,2768,2361,2658,3242,2313,3347,3810,3733,3907
"ENSG00000185652",39,33,85,164,165,139,192,177,331,94,232
"ENSG00000185658",4151.00001,4545,1546,1217,1143,1020,1019,941,1460,1721,2136
"ENSG00000185664",692,261,32845,91499,14465,64272,45548,106820,55551,7132,41102
"ENSG00000185666",157,285,192,195,218,143,129,103,121,157,61
"ENSG00000185668",119,150,42,10,76,19,34,19,8,11,18
"ENSG00000185669",47,36,46,58,54,40,65,28,36,32,45
"ENSG00000185670",149,103,266,274,284,365,385,245,291,218,236
"ENSG00000185681",45,131,84,43,39,81,36,81,89,114,83
"ENSG00000185697",333,280,163,161,113,152,79,96,117,176,138
"ENSG00000185716",376,407,66,53,46,59,56,52,57,58,41
"ENSG00000185721",791.99999,749,1826,1617,1719,2051,1671,2416,2874,2331,3125
"ENSG00000185722",1042.00001,1331,3062,2972,2390,2201,2716,1342,1284,1999,2222
"ENSG00000185728",2512.99999,1686,2532,2253,2402,2057,2566,1294,1537,1886,2958
"ENSG00000185730",260,341,261,257,237,154,218,186,152,165,298
"ENSG00000185736",442,433,34,13,34,23,25,42,43,94,39
"ENSG00000185737",1127.00001,1400.99999,45,58,36,41,63,49,61,22,22
"ENSG00000185739",36,33,190,116,217,195,284,143,105,101,80
"ENSG00000185742",58,45,240,26,32,138,21,53,54,204,50
"ENSG00000185745",148,202,1163,908,1746,1673,1614,1390,1949,1503,1920
"ENSG00000185753",273,262,505,345,592,446,465,380,430,474,440
"ENSG00000185761",24,33,25,79,73,91,75,37,54,17,116
"ENSG00000185774",581.99999,1497,94,156,123,203,142,166,226,200,192
"ENSG00000185787",2993,2667.99999,9639,7823,8818,10852,7098,10745,12147,10933,11433
"ENSG00000185798",132,160,193,234,211,285,249,249,259,277,363
"ENSG00000185800",627,500,150,111,129,56,125,79,90,82,118
"ENSG00000185803",279.00001,225,904,896,730,849,740,1045,1122,1423,1831
"ENSG00000185808",281,345,454,443,434,557,344,513,637,449,474
"ENSG00000185813",182.00001,214.00001,681,724,516,595,450,749,1237,1490,1555
"ENSG00000185818",219,266,175,186,150,47,152,45,88,103,92
"ENSG00000185823",20,19,20,52,23,41,41,14,20,11,45
"ENSG00000185825",1325,1137,3204,3074,2970,4135,3277,5059,5255,4271,5154
"ENSG00000185829",279,258.00001,736,529,664,867,686,706,686,556,581
"ENSG00000185838",141.99999,188,117,81,153,127,133,195,236,215,191
"ENSG00000185842",4260.00001,4597,301,253,351,287,322,235,212,194,293
"ENSG00000185864",26,20,144,129,108,159,156,90,72,97,100
"ENSG00000185869",133,189,61,58,58,55,63,31,39,38,56
"ENSG00000185875",114,138,599,420,646,524,669,439,438,500,491
"ENSG00000185880",314,323,1245,1067,1025,1274,888,1152,1357,1759,1551
"ENSG00000185883",2649,3087,890,786,1139,216,811,377,184,132,224
"ENSG00000185885",457,906,4600,3106,5567,3584,3813,5791,8640,24515,9192
"ENSG00000185896",1049,916,194,181,177,45,113,33,62,87,80
"ENSG00000185900",929.99999,831.00001,1726,1728,2292,1030,1839,739,835,846,867
"ENSG00000185909",424,354,5781,6653,6051,6843,6616,10132,11925,4338,7790
"ENSG00000185917",410,496,805,567,676,736,733,560,635,659,915
"ENSG00000185920",436.00001,526.99999,408,345,473,406,467,286,523,580,412
"ENSG00000185924",102,131,104,102,66,105,37,31,41,68,43
"ENSG00000185942",1149,1176,1161,471,961,720,634,750,915,1258,777
"ENSG00000185946",987.99999,1002,712,495,714,920,719,544,612,477,526
"ENSG00000185947",203,245,205,154,151,153,186,156,229,199,301
"ENSG00000185950",657,835,414,330,431,349,330,289,413,606,740
"ENSG00000185955",19,26,12,19,5,12,6,36,29,24,43
"ENSG00000185963",421,380,1340,1365,1509,1114,1311,754,877,1333,1772
"ENSG00000185973",398,470,407,379,488,381,467,304,298,188,292
"ENSG00000185974",145,356,159,25,88,245,76,60,48,136,71
"ENSG00000185988",32.00001,79.00001,69,174,124,131,166,101,194,64,210
"ENSG00000185989",299,247,463,408,396,311,382,190,239,561,537
"ENSG00000186001",2816,1557.99999,1622,1315,1308,1657,1425,1095,1117,1416,1857
"ENSG00000186007",793.00001,668.99999,223,45,129,139,156,123,149,169,105
"ENSG00000186010",3559,2900.00001,4850,4054,3681,6409,4128,7604,7767,6148,6343
"ENSG00000186017",615,553.99999,401,306,466,360,388,262,358,255,419
"ENSG00000186020",1149,795,441,352,462,345,421,173,261,233,414
"ENSG00000186026",115,95,226,164,214,194,232,159,166,181,288
"ENSG00000186047",16,46,20,8,29,32,12,8,20,18,8
"ENSG00000186051",29,70,41,16,26,51,24,38,30,32,23
"ENSG00000186063",363,574,709,507,539,270,445,316,335,328,423
"ENSG00000186073",947,1165.00001,419,467,402,505,403,504,373,447,479
"ENSG00000186088",325,455.99999,57,72,56,70,46,55,62,103,99
"ENSG00000186104",245,284.99999,263,192,207,266,196,260,242,170,327
"ENSG00000186106",656,851.00001,1144,886,1232,1222,1199,973,1099,1042,1073
"ENSG00000186111",1628,1563.00001,1163,1282,878,620,846,666,661,616,677
"ENSG00000186130",124,172,254,185,291,173,258,146,149,149,216
"ENSG00000186132",302.99999,390,204,141,151,205,114,246,232,203,237
"ENSG00000186141",525.00001,531.00001,1252,1089,1213,1494,1172,1331,1671,1537,1955
"ENSG00000186153",1037,989.99999,1040,708,1149,1070,991,1135,1288,1384,1089
"ENSG00000186166",617,811.99999,361,265,301,384,352,320,412,400,500
"ENSG00000186174",581,445,167,136,118,33,151,70,69,146,37
"ENSG00000186184",1089.99998,1505.99999,1037,795,985,1068,933,974,1048,932,1116
"ENSG00000186185",197,26,63,49,48,23,47,48,32,51,33
"ENSG00000186187",494,463,199,137,169,147,132,116,235,213,181
"ENSG00000186193",63,42,15,15,26,7,16,13,13,57,25
"ENSG00000186197",82,68,59,24,127,62,66,87,180,44,31
"ENSG00000186205",149,226,116,102,72,82,40,69,208,206,149
"ENSG00000186222",393,319,99,90,60,32,38,69,317,819,1008
"ENSG00000186230",293,127.00001,142,155,177,224,173,151,178,160,160
"ENSG00000186231",78,334,268,177,346,273,345,236,292,115,171
"ENSG00000186260",2226,1567,1402,1190,1346,810,1143,664,517,1075,800
"ENSG00000186272",190,147,418,375,402,417,466,340,416,465,721
"ENSG00000186280",68,166,151,145,160,218,199,166,172,187,180
"ENSG00000186281",15,26,36,22,36,9,33,17,29,23,26
"ENSG00000186283",308,274,971,929,702,1261,800,1368,1626,1330,1735
"ENSG00000186297",383,635,37,18,18,32,1,14,22,38,12
"ENSG00000186298",1875,1704,2737,1743,2172,2529,2149,1947,2541,2220,2703
"ENSG00000186300",285,267,814,597,920,615,962,468,554,427,571
"ENSG00000186310",596,602,1793,1731,1977,2030,1969,1844,2221,2279,2012
"ENSG00000186314",1049,1350.99999,942,600,797,877,800,615,486,482,491
"ENSG00000186318",975.99999,1214,752,675,591,489,504,494,651,993,807
"ENSG00000186326",624,825,106,60,52,58,33,46,372,752,468
"ENSG00000186329",26,60,201,111,160,133,154,100,106,90,98
"ENSG00000186340",140,148,510,194,372,328,205,174,186,587,546
"ENSG00000186350",1033,661,304,211,265,168,293,245,246,250,297
"ENSG00000186352",117,132,252,195,303,357,260,435,407,242,398
"ENSG00000186364",47,60,253,191,178,249,184,238,282,314,242
"ENSG00000186367",18,24,16,17,6,19,11,22,22,13,9
"ENSG00000186376",252.99999,165,497,484,580,511,403,278,344,396,516
"ENSG00000186395",1731,1728.99999,741,605,531,611,400,760,1250,1481,1915
"ENSG00000186399",33,37,105,91,75,82,87,57,48,49,29
"ENSG00000186409",1513,2030,417,307,328,379,319,430,448,396,564
"ENSG00000186416",268.99999,268,207,127,183,127,185,98,115,185,170
"ENSG00000186417",25,48,12,25,17,8,10,6,19,29,46
"ENSG00000186432",2231.00001,2173.00001,1327,1028,1383,726,996,693,1040,895,1124
"ENSG00000186439",252,393,59,25,24,101,103,55,95,122,103
"ENSG00000186448",516.99999,495,572,626,789,621,785,360,423,417,323
"ENSG00000186453",78,24,27,3,26,39,36,14,20,20,10
"ENSG00000186462",122,248,162,130,157,131,134,171,236,232,140
"ENSG00000186468",16025,12038.99999,6370,4814,6376,5581,6097,6327,6412,4577,4563
"ENSG00000186469",558,261,949,631,444,810,323,496,505,936,520
"ENSG00000186470",201,214,418,381,322,303,398,280,387,354,301
"ENSG00000186472",1887.99999,2602,919,765,931,1254,1043,891,834,1038,664
"ENSG00000186479",66,86,122,208,133,127,192,113,130,115,61
"ENSG00000186480",571.99999,363,1088,1261,1223,1756,1857,1479,3784,2580,5511
"ENSG00000186487",774.99998,690.99998,192,125,171,172,162,115,148,130,127
"ENSG00000186496",77,100,223,133,154,243,158,178,140,119,186
"ENSG00000186501",586.00002,566.00001,1914,1658,1823,2108,1877,2488,3069,2925,3117
"ENSG00000186510",29,50,10,3,5,16,9,13,20,25,25
"ENSG00000186517",112,231,196,199,250,196,179,198,144,163,202
"ENSG00000186522",1230.99999,915.00001,669,577,545,486,502,483,487,393,419
"ENSG00000186523",18,26,300,190,235,239,229,166,172,351,291
"ENSG00000186532",241,299.99999,814,725,941,843,1018,635,769,630,995
"ENSG00000186566",2186,2346,1736,1383,1739,1559,1783,1399,1514,1351,1586
"ENSG00000186567",84.00001,88.99999,31,32,42,29,46,47,24,34,45
"ENSG00000186575",2474.99999,2116,2550,2519,2662,2433,2541,2030,2372,2765,3679
"ENSG00000186577",387.00002,477.00001,1074,854,1266,1434,1057,1331,1448,1729,1680
"ENSG00000186591",1929.00001,1492.00001,2149,2441,1510,1512,1193,1440,2707,4470,4015
"ENSG00000186625",572,489,715,587,552,824,656,897,784,597,1101
"ENSG00000186628",269,142,79,52,92,90,88,65,57,25,70
"ENSG00000186635",596.99999,595,2838,2390,3709,1984,3950,1079,1383,1787,1457
"ENSG00000186638",221,385,120,79,111,40,80,81,78,84,102
"ENSG00000186642",104,229,164,379,124,228,206,546,414,255,802
"ENSG00000186648",146,148,42,34,40,26,50,14,36,13,22
"ENSG00000186654",909,281,407,438,356,461,352,454,497,600,565
"ENSG00000186660",1745,1768,769,467,634,411,504,417,505,566,713
"ENSG00000186665",291.00001,340,191,201,173,209,152,212,220,300,264
"ENSG00000186666",106,123,340,257,248,476,268,313,338,260,303
"ENSG00000186684",60,73,106,112,104,86,90,107,84,50,95
"ENSG00000186687",537.99999,489,682,484,550,651,548,567,654,414,777
"ENSG00000186716",632.99999,487,425,507,307,427,446,360,459,596,423
"ENSG00000186723",15,19,49,20,40,38,42,23,11,10,23
"ENSG00000186732",78,61,24,25,18,37,19,11,14,27,13
"ENSG00000186765",60,94,36,30,33,38,18,21,34,26,25
"ENSG00000186767",182,205,244,193,263,111,199,153,109,140,100
"ENSG00000186787",167,113,253,226,221,250,256,343,371,314,249
"ENSG00000186792",51,33.99999,286,300,250,336,250,448,580,533,515
"ENSG00000186806",71,81,280,316,357,271,368,196,243,188,141
"ENSG00000186812",762,739.00001,925,731,855,749,934,615,620,404,632
"ENSG00000186814",385.00001,490,1029,990,1133,1319,1130,707,636,723,979
"ENSG00000186815",271.99999,438.99999,827,952,1054,759,1124,528,869,426,826
"ENSG00000186834",752,618,591,546,645,511,627,477,546,646,1118
"ENSG00000186838",19,17,4,4,22,6,18,6,8,5,13
"ENSG00000186854",47,83,69,59,51,66,33,58,43,66,122
"ENSG00000186862",107.99999,142.00001,107,77,108,112,80,109,112,134,285
"ENSG00000186866",407,417.00001,404,399,553,195,455,147,174,163,281
"ENSG00000186868",847,1497.00001,981,639,829,627,709,545,547,728,656
"ENSG00000186871",170,160,30,15,34,18,22,24,20,24,18
"ENSG00000186889",100,117,299,248,296,332,195,370,440,393,348
"ENSG00000186907",222,160,32,13,20,7,7,11,21,52,45
"ENSG00000186908",1393.00001,1017.99999,1349,1095,1322,947,1201,716,766,788,908
"ENSG00000186918",1824,688,1398,999,1455,965,1357,876,1127,1416,1307
"ENSG00000186951",819,1264.00001,468,495,446,358,442,283,422,241,391
"ENSG00000186952",424.99999,699,103,73,78,112,96,77,123,130,155
"ENSG00000186973",252,113.99999,54,10,23,27,24,27,31,29,33
"ENSG00000186976",536,667.99999,183,131,111,182,145,124,146,203,228
"ENSG00000186994",116,126,42,52,39,52,38,41,155,222,837
"ENSG00000186998",80,101,119,96,74,50,37,131,132,209,198
"ENSG00000187010",197,46,52,32,74,28,41,39,49,20,32
"ENSG00000187017",1864.00001,2654,128,157,78,40,81,49,94,177,119
"ENSG00000187024",168,114.00001,236,191,179,333,183,397,411,476,379
"ENSG00000187033",2120,4262.00001,535,88,326,539,307,192,216,332,120
"ENSG00000187049",313.99999,306,779,492,693,774,593,824,1008,906,1005
"ENSG00000187051",1028,1248.99999,1077,920,896,1509,1080,1906,2179,1889,2299
"ENSG00000187068",155,105,270,213,105,212,125,98,241,531,305
"ENSG00000187079",1377.00001,1509.00001,987,747,820,589,874,540,606,547,497
"ENSG00000187091",360,187,939,921,798,1146,1004,1027,1051,1443,1123
"ENSG00000187094",56,28,133,68,76,129,72,240,485,317,141
"ENSG00000187097",312,312,506,525,416,527,379,383,385,394,432
"ENSG00000187098",1930,1898,1856,3855,1726,3159,3421,3361,3028,854,1956
"ENSG00000187105",146,193,37,11,26,31,30,17,19,7,18
"ENSG00000187109",8322.99997,5767.00001,3321,2539,3388,2911,3005,2975,3223,2879,3122
"ENSG00000187118",928.99998,822,397,284,294,409,323,439,478,377,475
"ENSG00000187122",457,166,5465,1302,1858,1859,1594,1117,1727,4422,1651
"ENSG00000187123",173,287,492,334,672,369,402,330,456,247,334
"ENSG00000187134",120,73,391,256,321,430,264,435,358,404,365
"ENSG00000187135",95,49,16,21,11,4,8,8,15,108,43
"ENSG00000187147",777,672,701,550,392,317,380,339,572,654,742
"ENSG00000187164",2427.99998,2250,871,938,809,746,633,631,457,660,416
"ENSG00000187186",199,250.00001,134,111,121,171,105,170,234,240,206
"ENSG00000187187",190,274,510,389,493,402,446,257,249,311,279
"ENSG00000187189",678,704,1695,1424,1704,807,1454,702,784,866,1030
"ENSG00000187193",1137,779,244,202,184,415,244,518,831,359,1338
"ENSG00000187210",33.99999,78,37,33,16,72,16,40,17,40,64
"ENSG00000187231",1056,965,530,451,413,287,382,343,443,645,651
"ENSG00000187239",1652,1809.00001,843,576,885,554,818,476,510,394,513
"ENSG00000187240",2153,2685,821,539,663,649,621,454,490,417,442
"ENSG00000187243",26,15,1306,992,982,1606,791,1007,1096,1557,1681
"ENSG00000187244",175,239,273,249,502,121,381,105,93,112,88
"ENSG00000187257",1379,1375,534,390,529,544,571,486,573,518,499
"ENSG00000187258",75,96.99999,2,0,24,5,12,36,17,22,22
"ENSG00000187260",443.00001,286,379,319,325,297,298,321,555,522,483
"ENSG00000187266",116,107,408,285,586,351,579,266,314,258,235
"ENSG00000187323",801,516,287,231,205,207,182,132,112,228,53
"ENSG00000187325",389,352,859,760,843,857,653,868,1235,1189,1027
"ENSG00000187372",33,297,65,23,25,36,48,24,29,41,25
"ENSG00000187391",3612,5848.00001,831,650,797,738,900,460,445,294,368
"ENSG00000187398",442.00001,648,144,41,215,128,127,55,81,105,64
"ENSG00000187416",1865,1523,271,23,149,179,103,71,180,127,74
"ENSG00000187446",607,556,1369,1407,1353,1077,1261,1281,1782,2059,2704
"ENSG00000187486",20,48,54,39,38,50,50,38,30,27,64
"ENSG00000187498",400.00001,316,1933,1875,2517,1549,1747,960,975,2038,1033
"ENSG00000187514",5578.99999,3446,8495,5912,7103,10027,8018,10196,9322,6508,7583
"ENSG00000187522",351,314,358,256,266,388,292,284,436,512,685
"ENSG00000187527",233,359,31,11,13,17,22,27,16,112,57
"ENSG00000187531",190.99999,148,244,273,268,362,266,416,571,667,788
"ENSG00000187535",631,626,2029,1499,2146,1623,2104,1183,1281,1804,1994
"ENSG00000187554",67,49,155,93,148,121,155,100,94,74,127
"ENSG00000187555",2210,2230,746,628,698,445,646,583,708,805,696
"ENSG00000187595",144,183,620,281,1231,405,707,407,364,383,386
"ENSG00000187601",789,748,2328,2000,2381,2790,2193,3118,3552,3202,3320
"ENSG00000187605",1455.00001,1421,371,288,348,237,354,152,173,224,204
"ENSG00000187607",663.00001,419.99999,1184,1023,1150,1021,1154,968,1045,1377,1579
"ENSG00000187608",99.00001,233,123,99,105,190,148,132,244,272,267
"ENSG00000187609",627.99999,499,394,278,423,364,419,345,338,485,389
"ENSG00000187624",142,108,46,24,40,15,21,19,32,28,13
"ENSG00000187626",219,222,315,277,274,287,329,319,266,278,203
"ENSG00000187630",124,48,288,261,274,331,226,370,435,343,302
"ENSG00000187634",1459,2204.99999,194,174,251,99,188,113,266,189,269
"ENSG00000187650",26,31,103,54,86,44,31,81,68,62,54
"ENSG00000187672",1145.00001,1369,400,225,323,427,386,287,396,275,247
"ENSG00000187676",598,708,979,745,496,673,415,504,842,1056,848
"ENSG00000187678",475,292,195,81,94,109,73,86,170,394,347
"ENSG00000187688",23,21,117,33,74,69,56,61,48,83,63
"ENSG00000187699",752,191,140,45,36,89,30,45,54,49,111
"ENSG00000187713",406,442,725,740,467,474,238,606,1248,1797,1834
"ENSG00000187720",60,156.99999,57,42,31,42,42,45,21,13,21
"ENSG00000187726",33,37.00001,16,9,7,20,11,30,33,10,44
"ENSG00000187735",1357.99999,1586.99999,3622,2906,3228,3808,3115,3369,3758,3998,6210
"ENSG00000187736",201.00001,167.99999,371,366,349,388,416,422,445,349,499
"ENSG00000187741",1301,710,144,180,109,161,105,142,147,139,144
"ENSG00000187742",1595,1768,1295,922,1182,1425,1255,1173,1314,1410,1477
"ENSG00000187764",633.99999,417.99999,402,258,363,247,371,226,277,305,238
"ENSG00000187773",444,335,329,131,149,197,163,214,215,585,247
"ENSG00000187775",171.99999,157,53,32,33,21,50,16,32,51,38
"ENSG00000187778",490,516.00001,1849,1495,1291,1861,1320,2276,2416,2213,1974
"ENSG00000187783",42,72,140,280,84,176,176,312,197,27,131
"ENSG00000187790",1206,458,183,255,160,192,240,156,249,211,194
"ENSG00000187792",350,217,270,229,317,149,239,138,157,175,188
"ENSG00000187800",55,110,16,7,25,17,11,5,12,3,42
"ENSG00000187801",88,54,128,108,135,108,100,82,60,56,102
"ENSG00000187815",267,230,182,168,113,152,107,117,191,202,337
"ENSG00000187824",233,250,62,73,53,35,36,51,77,76,57
"ENSG00000187837",588,1082,185,136,250,396,316,480,230,268,280
"ENSG00000187838",331.00001,182.99999,787,680,724,663,748,758,773,762,710
"ENSG00000187840",625,479,789,821,769,1216,760,1312,1098,794,1960
"ENSG00000187860",101,186,403,218,302,347,272,343,311,337,386
"ENSG00000187866",926,571,721,723,934,918,853,743,898,821,897
"ENSG00000187889",175,237,122,182,55,148,124,336,265,55,116
"ENSG00000187902",26,51,35,28,17,20,16,6,10,8,16
"ENSG00000187905",28,50.00001,38,2,25,21,18,19,29,18,24
"ENSG00000187908",162.00003,366.00003,11,3,24,6,13,13,9,7,26
"ENSG00000187954",340,205.99999,241,109,213,146,216,126,168,219,287
"ENSG00000187955",167.00001,761,62,141,22,75,114,57,60,64,83
"ENSG00000187957",1299,495,706,719,392,475,241,498,1338,8567,3978
"ENSG00000187961",119,121,54,38,46,34,52,51,56,164,176
"ENSG00000187980",20,23,24,10,18,24,19,37,37,33,20
"ENSG00000187987",207,228,111,62,52,47,73,42,45,62,37
"ENSG00000187994",34,25,25,28,21,20,59,35,18,17,32
"ENSG00000188001",41,181,3,16,4,8,9,6,10,22,24
"ENSG00000188010",546,594,723,552,547,772,456,886,1016,902,916
"ENSG00000188021",791,847,2859,2656,3152,3106,2814,2362,2946,3101,3929
"ENSG00000188026",1139.99999,703,164,157,123,81,120,116,156,169,170
"ENSG00000188033",205,174,452,496,580,518,576,331,310,390,534
"ENSG00000188038",61,45,36,22,47,45,24,54,43,74,24
"ENSG00000188039",198,225,329,352,281,223,297,240,294,367,367
"ENSG00000188042",1874,1049,1732,1071,1622,1274,1096,1608,1864,1833,1856
"ENSG00000188051",250,240,94,62,76,97,75,60,103,172,129
"ENSG00000188060",61,36,42,34,21,11,29,22,46,71,25
"ENSG00000188070",546,353,220,204,202,172,217,218,253,293,248
"ENSG00000188092",222,351.00001,285,333,275,301,339,418,418,378,444
"ENSG00000188095",102,134,19,6,23,34,10,20,19,47,11
"ENSG00000188107",6090.99999,8545,375,113,326,400,207,156,118,123,104
"ENSG00000188112",71,122,104,64,92,87,85,62,67,49,62
"ENSG00000188130",394.99999,375.99999,260,182,223,312,206,317,482,592,537
"ENSG00000188133",54,132,175,176,159,232,240,119,206,226,142
"ENSG00000188152",69,47,13,10,11,20,20,6,19,8,6
"ENSG00000188153",1940,1663,6019,6984,6732,5102,6593,2860,3106,4597,4336
"ENSG00000188157",696,542,339,420,394,57,319,86,104,102,73
"ENSG00000188158",1323.99999,1128,468,368,377,515,409,379,735,298,380
"ENSG00000188162",61,148,50,21,50,22,26,30,56,85,12
"ENSG00000188167",83,186,141,145,109,217,182,139,207,138,145
"ENSG00000188171",309,292,302,278,256,295,300,262,288,191,302
"ENSG00000188176",38,57,127,121,135,138,125,115,276,317,224
"ENSG00000188177",950,1178,396,355,500,392,460,280,274,263,218
"ENSG00000188186",1347,1200,2916,2111,2278,3336,2078,4308,4275,3500,3751
"ENSG00000188191",341,226,318,270,308,162,253,241,204,174,147
"ENSG00000188199",82,28,20,7,5,17,20,13,3,5,8
"ENSG00000188211",82,93,242,401,445,196,505,136,250,231,559
"ENSG00000188215",628,943,408,277,428,358,352,197,263,581,1018
"ENSG00000188227",502.00001,422,333,287,369,409,347,289,331,256,321
"ENSG00000188229",4629,5018,7693,4682,5505,8793,6633,7915,9165,8152,9907
"ENSG00000188234",190,148,176,137,179,117,179,112,98,171,162
"ENSG00000188243",2654.00001,2404.00001,1931,1415,1648,2037,1620,2446,1989,1494,1467
"ENSG00000188266",69,146.99999,136,114,140,135,130,154,199,175,234
"ENSG00000188277",15,45,18,16,23,22,20,14,9,25,9
"ENSG00000188283",271,270,260,173,261,267,282,169,201,148,255
"ENSG00000188290",1792,1609,26,38,18,0,20,17,86,428,247
"ENSG00000188295",158.99999,193,415,317,390,365,365,362,376,367,423
"ENSG00000188305",73,92,22,7,15,17,25,22,10,32,21
"ENSG00000188312",283,141,135,157,132,188,158,190,151,139,124
"ENSG00000188313",253,235,262,298,261,368,303,316,330,488,437
"ENSG00000188315",182,209,170,97,148,161,143,98,114,167,208
"ENSG00000188316",226,209,78,55,15,49,31,48,48,50,28
"ENSG00000188322",803,640,226,140,194,112,158,135,103,124,59
"ENSG00000188338",1039.00001,1117.99999,3123,2430,2197,4727,2797,4100,4735,5291,4939
"ENSG00000188342",689,743,627,572,513,699,551,775,927,650,872
"ENSG00000188343",692,455,609,433,575,759,545,744,799,711,779
"ENSG00000188352",1829,1709.00001,2187,2285,1931,1849,1959,1909,1642,1860,1777
"ENSG00000188368",17.99999,16,40,39,29,45,32,45,83,59,89
"ENSG00000188385",222.00001,464,100,71,89,78,69,54,67,94,78
"ENSG00000188404",28,115,51,98,76,87,50,81,88,362,113
"ENSG00000188419",711,556.99999,451,460,412,428,495,336,365,296,376
"ENSG00000188428",370,549,712,453,627,615,514,546,622,559,649
"ENSG00000188452",574.00001,1346.00001,410,118,270,299,160,187,188,224,115
"ENSG00000188467",78,71,292,861,169,590,498,859,918,106,455
"ENSG00000188483",393,223,29,21,28,29,15,22,73,105,53
"ENSG00000188486",619,453,206,166,118,87,86,136,152,293,320
"ENSG00000188488",22,34,312,57,5,74,31,85,238,982,216
"ENSG00000188493",140,162,571,584,683,601,836,447,440,481,554
"ENSG00000188501",116,75,39,13,7,30,9,35,32,64,57
"ENSG00000188505",359,54,2493,7527,1367,3637,3420,6211,4067,413,3497
"ENSG00000188517",1627,1366,464,458,581,332,607,210,211,308,191
"ENSG00000188522",19,22,53,35,45,43,27,20,26,37,39
"ENSG00000188523",45,60,32,8,2,17,7,2,7,27,23
"ENSG00000188529",2201,1981.00001,2706,2071,2167,2659,2096,2737,2947,2745,3759
"ENSG00000188542",107,118,199,165,154,206,109,200,269,238,378
"ENSG00000188549",97,80,336,552,350,418,420,324,475,369,617
"ENSG00000188554",1187,1219,3691,3304,4142,3251,3592,2197,2578,3525,3265
"ENSG00000188559",1183,1452.00001,635,587,417,439,447,280,280,319,530
"ENSG00000188566",228,438,310,289,262,186,214,160,105,136,242
"ENSG00000188580",71,146,126,44,162,53,114,63,138,88,39
"ENSG00000188582",118,107,24,21,10,18,24,39,32,34,29
"ENSG00000188596",310.99999,596,197,84,118,173,126,100,145,136,121
"ENSG00000188603",352.99998,383,822,820,726,1111,900,1200,1343,1023,1186
"ENSG00000188611",271,189,413,552,206,376,218,159,186,610,174
"ENSG00000188612",4505,3471.99999,5101,3855,4658,5812,3805,6257,6873,5631,5652
"ENSG00000188613",518,390,129,67,70,41,62,76,72,50,91
"ENSG00000188636",603,563,2342,2182,1950,1979,1758,1359,1814,2930,3039
"ENSG00000188641",1261,544,864,850,1072,703,944,663,639,855,651
"ENSG00000188643",309,176,1287,1340,1375,1855,1435,2195,2622,2025,2158
"ENSG00000188647",1182.99999,1298,702,520,877,533,720,327,403,354,388
"ENSG00000188659",131,237,77,41,66,91,49,59,77,61,81
"ENSG00000188672",59,143,62,34,57,61,54,44,75,158,247
"ENSG00000188674",28,80,40,72,38,79,109,73,110,35,72
"ENSG00000188677",45,147.00001,54,32,45,30,63,15,30,38,50
"ENSG00000188687",1573.00001,2311.00001,1512,1838,1192,912,2014,1249,1181,285,577
"ENSG00000188690",898.00001,831.99999,2074,1936,1794,3139,1792,2988,3282,2836,2885
"ENSG00000188706",261,249,2037,1848,1884,1929,2017,1690,1951,1814,2456
"ENSG00000188725",725,716,1329,1143,1496,1360,1213,1411,1766,1432,1932
"ENSG00000188730",44,59,58,20,29,9,19,15,20,35,7
"ENSG00000188732",368,247.00001,343,251,274,327,255,280,305,246,364
"ENSG00000188735",440,371,424,385,478,374,381,285,263,230,374
"ENSG00000188738",1633,1890,288,300,270,351,322,263,302,206,178
"ENSG00000188739",203,155,601,495,542,729,572,685,769,583,877
"ENSG00000188747",210.99999,207,72,79,37,45,35,64,106,140,147
"ENSG00000188760",306,273.99999,164,133,140,56,139,72,76,82,75
"ENSG00000188761",50,59,45,20,16,25,48,36,25,20,39
"ENSG00000188763",35,28,7,3,7,4,4,5,11,58,102
"ENSG00000188766",374.00001,273,25,25,15,1,16,8,13,20,20
"ENSG00000188770",91,118,1901,228,803,795,1539,1050,8145,2189,1632
"ENSG00000188783",221,105,2429,1902,2028,2630,2779,3212,8754,4269,3001
"ENSG00000188785",291,207.99999,643,607,730,748,806,494,586,701,1047
"ENSG00000188786",385,356,546,463,633,552,612,441,534,605,644
"ENSG00000188807",402,403,256,329,304,137,187,134,145,174,134
"ENSG00000188811",567.00001,552.99999,801,635,825,744,778,601,717,768,937
"ENSG00000188818",311.99999,152,134,121,101,128,148,97,138,122,121
"ENSG00000188827",208.00001,230,150,127,168,124,118,102,69,92,188
"ENSG00000188833",21,31,343,362,78,151,233,382,161,15,118
"ENSG00000188846",3533.99999,2142,3228,2494,3605,2971,3385,3422,3089,2232,2519
"ENSG00000188848",45,76,45,74,20,33,17,31,21,26,32
"ENSG00000188859",248,154,27,24,21,41,15,35,42,75,37
"ENSG00000188868",87,91,183,151,265,199,225,192,152,249,182
"ENSG00000188878",148,157.99999,487,351,449,451,389,328,278,526,519
"ENSG00000188895",991.99999,919.00001,535,364,556,417,534,354,434,475,417
"ENSG00000188897",182,219.99999,29,38,26,17,57,22,50,48,55
"ENSG00000188906",696.00001,826.99999,50,52,64,49,47,28,20,46,20
"ENSG00000188916",316,169,72,59,53,55,56,45,64,112,60
"ENSG00000188917",308.99999,249,503,505,398,401,450,512,512,388,604
"ENSG00000188921",134,164,40,58,58,47,34,33,63,71,52
"ENSG00000188931",21,64,28,9,13,17,22,15,10,15,12
"ENSG00000188938",975.00001,896.00001,2650,2419,2034,2759,1951,2522,3836,3722,4538
"ENSG00000188958",29,81,55,44,40,35,33,18,22,32,53
"ENSG00000188976",588,536,2161,1960,2279,2648,2241,2434,2747,3007,3717
"ENSG00000188986",533,536,367,374,329,102,224,115,133,199,228
"ENSG00000188994",3363.99999,3292,3374,3039,3786,3168,3560,1867,1786,1628,1840
"ENSG00000188997",87,90,326,264,270,232,234,245,214,400,491
"ENSG00000189007",150,140,103,92,69,94,107,71,73,91,162
"ENSG00000189042",295,429,277,220,305,284,297,250,268,290,344
"ENSG00000189043",4789.99999,6036,5529,4660,4707,7342,4338,7307,7328,5508,5865
"ENSG00000189046",299.99999,231.99999,430,323,376,547,421,553,702,657,928
"ENSG00000189050",351.00001,286,424,358,304,439,280,478,528,481,540
"ENSG00000189051",38,27,26,19,18,21,14,7,17,18,5
"ENSG00000189056",2062.99998,1872.99999,4996,5166,5260,2223,5455,1706,2459,1029,1633
"ENSG00000189057",142.99999,189,62,73,24,51,25,74,64,63,44
"ENSG00000189060",1283,1211,1490,1283,1584,1304,2178,859,465,633,593
"ENSG00000189067",1516,1192,4512,4246,5328,5030,5508,5469,5985,5579,7637
"ENSG00000189077",321.00001,257.99999,669,530,481,722,506,828,797,824,836
"ENSG00000189079",3101,1686,1782,1615,2174,1458,2129,937,1181,1119,1217
"ENSG00000189091",1132.99999,884.00001,5470,4885,5288,4795,4927,3551,3598,4510,5060
"ENSG00000189114",129,139,154,168,212,100,159,206,257,368,495
"ENSG00000189129",246,101,107,78,13,72,22,154,157,242,141
"ENSG00000189143",53,58.99999,147,240,192,180,180,222,233,385,303
"ENSG00000189144",348.99999,356,380,330,472,317,371,340,348,235,400
"ENSG00000189157",216,216.99999,404,280,363,459,344,363,420,475,440
"ENSG00000189159",1596.99999,1052,1510,1144,1078,1735,984,1925,1572,1940,1669
"ENSG00000189164",236.99999,492,311,269,305,259,296,221,215,166,362
"ENSG00000189171",512,491,556,577,614,713,647,919,991,525,602
"ENSG00000189180",888,950,1282,1143,1558,1026,1540,862,1013,872,1070
"ENSG00000189184",332.99999,259,1364,1554,1544,1510,1624,906,841,1058,1068
"ENSG00000189190",84,132.00001,167,224,220,230,240,185,197,124,191
"ENSG00000189195",752,1244.00001,453,370,476,437,397,332,265,390,296
"ENSG00000189221",1162.99999,994,2049,915,2499,1687,1770,1295,1376,1757,1440
"ENSG00000189227",512,800,351,338,246,377,261,396,505,469,484
"ENSG00000189241",1821,1630,2513,2189,2676,1970,2303,2224,3305,3920,5234
"ENSG00000189266",974,683,2335,1748,1966,2221,1868,1890,2907,2241,3074
"ENSG00000189283",136.99999,543,340,369,140,335,341,624,612,160,404
"ENSG00000189298",179,192,365,336,368,323,347,232,247,290,322
"ENSG00000189306",475,683,1671,1649,1685,1852,1576,1966,2142,2240,2435
"ENSG00000189308",1247.00001,1425,349,337,379,311,416,174,221,285,400
"ENSG00000189319",366,192,290,274,309,110,296,114,131,143,160
"ENSG00000189337",3244.00001,1251.00001,438,570,279,290,339,351,503,953,774
"ENSG00000189339",530.99999,457,3722,3259,3608,2954,3489,1827,1876,2226,2524
"ENSG00000189350",48,137,88,28,64,67,29,48,114,73,56
"ENSG00000189362",216,157,155,109,145,149,146,121,120,258,141
"ENSG00000189367",74,134,67,74,88,69,34,35,30,99,46
"ENSG00000189369",537,428,704,721,630,861,762,831,965,978,995
"ENSG00000189376",367,277,344,232,300,416,319,396,400,454,416
"ENSG00000189403",4879.00001,3179,6607,4829,5492,7056,4360,7332,8227,7387,6668
"ENSG00000196072",942,921,826,596,626,898,613,1021,1153,1211,1807
"ENSG00000196081",135,120,98,84,106,78,80,68,47,23,104
"ENSG00000196083",163,386,162,196,234,186,177,159,127,128,331
"ENSG00000196091",168.00004,805.99999,396,529,271,743,1150,474,281,175,187
"ENSG00000196092",656,352,8,56,45,12,35,70,10,10,4
"ENSG00000196104",425,1367.99999,160,384,152,243,222,496,201,148,164
"ENSG00000196110",139,174,209,189,295,220,231,120,132,125,182
"ENSG00000196116",1047,1405,740,654,545,667,498,664,632,614,897
"ENSG00000196118",99.99999,139.00001,112,65,65,143,91,141,141,186,207
"ENSG00000196123",909,912.99999,1551,1031,1348,1456,1055,1021,1299,1594,1587
"ENSG00000196132",413,485.00001,186,117,196,175,179,86,78,112,56
"ENSG00000196136",998,542,1571,508,163,1128,296,1227,4079,9799,7512
"ENSG00000196139",244,282,775,542,781,1069,546,906,995,1435,1219
"ENSG00000196141",711.00001,712,597,675,425,813,635,664,672,708,714
"ENSG00000196150",537,568.00001,858,614,717,807,816,581,690,584,765
"ENSG00000196151",1861.99999,505.00001,444,406,402,473,482,450,486,323,541
"ENSG00000196152",357.00001,268,277,310,284,383,349,298,292,266,461
"ENSG00000196154",25,45,81,117,53,172,129,183,235,37,80
"ENSG00000196155",60,70.99999,142,83,98,102,116,44,65,43,66
"ENSG00000196159",452,421,1003,443,1573,408,1199,425,540,478,306
"ENSG00000196169",124,115,127,44,47,98,79,43,169,113,259
"ENSG00000196172",177,127,167,147,137,130,179,64,69,80,98
"ENSG00000196177",468,389,943,1023,974,932,963,660,811,813,1223
"ENSG00000196182",774.00001,725,1402,1281,1280,1003,956,772,1232,2063,2538
"ENSG00000196187",242,245,499,417,332,425,436,363,340,369,314
"ENSG00000196189",144,121,981,1144,422,971,1006,1259,1077,253,777
"ENSG00000196199",2164,1882,970,864,928,1110,1021,1197,1184,1057,1196
"ENSG00000196208",507,359,402,234,299,263,260,153,248,337,248
"ENSG00000196214",494,437,1001,852,1032,1020,1008,1031,1060,821,936
"ENSG00000196218",462,336,71,81,48,33,152,32,54,22,55
"ENSG00000196220",1908,1541.00001,2778,1946,2257,1904,1831,1302,1469,2133,1443
"ENSG00000196227",356,377,707,625,761,574,686,495,504,386,532
"ENSG00000196230",8162,4778,15473,14942,14602,17671,13865,18284,18710,14261,11614
"ENSG00000196233",2095.00001,2086.99999,1155,980,1140,900,1117,667,845,736,938
"ENSG00000196235",1827.00002,1845.00001,2892,2793,3842,1734,3293,1501,1341,1415,1894
"ENSG00000196236",374,372,590,528,544,559,549,505,586,469,610
"ENSG00000196247",377.99999,133,168,156,168,149,131,95,133,180,182
"ENSG00000196262",1309,1121,14436,11863,11207,18682,11971,19376,20630,16400,16158
"ENSG00000196263",278,83,390,288,302,425,472,236,252,305,236
"ENSG00000196267",134,139,209,283,306,323,302,195,176,150,269
"ENSG00000196268",199,359,299,267,328,239,311,179,269,191,192
"ENSG00000196275",125,122,297,161,169,222,182,141,453,609,624
"ENSG00000196277",591,1100,48,36,28,32,52,26,41,62,27
"ENSG00000196284",822,1208,194,146,199,180,168,177,161,147,148
"ENSG00000196290",319,324,696,628,695,954,700,930,945,827,891
"ENSG00000196296",210,220,76,65,22,165,155,81,76,23,30
"ENSG00000196305",2108.00001,3135.00001,7026,6806,5826,6304,5159,4767,4793,6787,11429
"ENSG00000196313",960,1010,1313,984,1234,840,1345,695,878,887,1177
"ENSG00000196323",755.00001,1041.99999,553,508,571,411,578,355,395,258,272
"ENSG00000196335",264,391,11,14,13,24,15,21,12,7,21
"ENSG00000196338",378.00001,269.00001,993,688,680,954,580,601,865,1733,1196
"ENSG00000196345",346.00001,272,366,360,302,435,268,283,279,226,191
"ENSG00000196352",116,191,753,659,916,806,1024,790,933,415,705
"ENSG00000196353",194,601,351,167,168,281,153,229,196,372,182
"ENSG00000196357",169.99999,80,371,337,439,371,474,382,471,272,419
"ENSG00000196358",1177,1188,107,57,91,56,102,37,32,66,49
"ENSG00000196361",1342,713.99999,72,47,72,13,47,28,19,21,24
"ENSG00000196363",595,438,600,592,609,436,557,408,631,721,942
"ENSG00000196365",1552.00001,1015,2569,2530,2503,2697,2418,2006,2576,3067,5611
"ENSG00000196367",2936.00001,2430.00001,918,653,724,598,734,474,495,627,589
"ENSG00000196368",199,125,412,358,364,453,377,388,431,542,588
"ENSG00000196369",112.99999,65,884,620,796,563,740,487,517,740,1148
"ENSG00000196371",70,97,35,53,42,27,38,35,56,39,44
"ENSG00000196372",454,800,1501,1250,1107,1627,1450,1965,2017,1699,1964
"ENSG00000196376",2182,1296,1048,1079,926,820,618,852,1288,1811,1436
"ENSG00000196378",286.00001,237,543,450,512,601,623,549,552,496,736
"ENSG00000196387",546.00001,455.99999,816,670,708,905,743,735,968,1053,1697
"ENSG00000196388",34.00001,454,40,53,53,66,39,36,76,101,53
"ENSG00000196391",47,72,157,169,169,184,145,148,106,52,169
"ENSG00000196396",694,722,471,569,599,385,612,389,505,244,502
"ENSG00000196405",2318,2152,709,495,580,534,589,538,514,461,312
"ENSG00000196411",229.99999,105,161,147,157,119,169,132,114,101,101
"ENSG00000196415",19,18,48,36,116,55,129,33,39,34,111
"ENSG00000196417",179,196.00001,450,388,425,402,434,284,320,354,509
"ENSG00000196418",656,534,285,205,234,291,269,259,283,171,299
"ENSG00000196419",3293,2742.00001,9617,8590,8990,11145,8458,11545,12276,12392,12886
"ENSG00000196422",556,404,595,577,660,513,647,333,376,551,610
"ENSG00000196428",1164,1258,1126,1203,1110,822,985,634,823,1029,1409
"ENSG00000196437",1091,982.00001,400,356,469,298,442,238,335,291,455
"ENSG00000196440",862,753.99999,481,437,626,448,579,274,337,306,364
"ENSG00000196449",257,256,48,35,47,52,32,25,39,116,268
"ENSG00000196453",415,404,34,35,21,12,21,5,21,38,104
"ENSG00000196455",718,707,1004,1187,1191,1121,1115,705,713,1117,1303
"ENSG00000196456",321,312,36,47,50,20,42,21,21,93,75
"ENSG00000196458",601.99999,491,567,376,369,401,438,332,360,428,310
"ENSG00000196459",1089,514.99999,582,476,552,554,573,504,604,583,584
"ENSG00000196465",1255.00001,1084.99999,1955,1797,1898,2337,2073,2601,2388,2051,2083
"ENSG00000196466",77,65,170,126,206,158,182,128,141,154,216
"ENSG00000196470",945,863,883,921,785,971,768,1003,1074,1008,1335
"ENSG00000196476",358,406,207,161,237,79,170,95,107,60,81
"ENSG00000196482",4548,5312.00001,1545,729,1342,1366,1102,946,941,968,570
"ENSG00000196497",311,218,787,678,557,840,530,799,950,910,1440
"ENSG00000196498",6213.99998,4388,1401,1031,1237,734,1406,1025,985,808,905
"ENSG00000196502",265.99999,159,1505,1203,1264,1779,1381,2292,3132,2082,2044
"ENSG00000196503",117,148,10,7,4,12,1,3,19,29,24
"ENSG00000196504",4053.99997,3151.00001,2372,2116,2329,2449,2288,2516,2843,2794,3347
"ENSG00000196505",838,1085,635,559,588,545,602,503,557,569,725
"ENSG00000196507",2639.00001,2128,975,927,910,1146,972,1151,1472,1379,1615
"ENSG00000196510",620,519.99999,1161,1050,864,1414,909,1217,1405,1586,1690
"ENSG00000196511",196,479,224,283,262,277,218,240,278,155,188
"ENSG00000196517",724.00001,568.99999,2138,1075,1866,1296,1520,1570,3578,1954,1300
"ENSG00000196526",836.00001,477.00001,1225,1154,1230,856,1170,516,589,621,716
"ENSG00000196531",9219,6980.00001,6778,5674,7394,7660,7060,8351,8515,6447,8320
"ENSG00000196535",876.99999,848,1533,1441,1808,867,2269,657,772,987,829
"ENSG00000196544",95,112,308,300,299,404,280,411,458,445,407
"ENSG00000196547",561,700,1161,1171,1283,1005,1265,718,828,1078,1235
"ENSG00000196549",232,276.99998,19,24,21,24,15,21,8,26,2
"ENSG00000196557",229.99999,215,186,172,188,112,206,87,192,97,131
"ENSG00000196562",4625.00001,1251,983,1057,510,823,429,755,1448,3366,3486
"ENSG00000196569",1128.00001,1485.99999,465,707,254,582,318,289,315,906,301
"ENSG00000196576",1342.00001,1491,7384,6875,7467,4976,8303,4735,5184,5545,5661
"ENSG00000196581",70,84,20,27,24,11,36,17,30,2,26
"ENSG00000196584",164,66,103,76,56,49,71,61,62,45,80
"ENSG00000196586",4273.00001,4060.99999,2227,2648,2309,2884,2240,2115,2643,2978,2803
"ENSG00000196588",782,1105,415,333,333,257,376,228,243,286,230
"ENSG00000196591",2554.00001,1915,4273,3494,3853,4122,3297,4244,4453,3480,4157
"ENSG00000196597",844,520.99999,87,91,87,72,71,46,96,99,112
"ENSG00000196600",39,59,33,25,36,34,55,30,26,24,23
"ENSG00000196605",395.00001,293,243,175,209,196,265,151,135,126,182
"ENSG00000196628",7072.00002,6453.99999,2231,2042,1689,2247,1612,1557,1752,2458,1388
"ENSG00000196632",1094,899.99999,457,372,400,338,313,273,300,352,271
"ENSG00000196636",326,401,363,231,206,408,239,343,391,327,411
"ENSG00000196642",2376.00001,1663.00001,294,197,229,174,255,195,198,314,281
"ENSG00000196646",293,244.00001,580,689,860,666,797,554,711,632,901
"ENSG00000196652",327,411,681,596,811,616,776,397,505,596,907
"ENSG00000196655",987,817.99999,1510,1379,1380,1802,1540,2155,2465,1731,2352
"ENSG00000196659",85,106,629,483,479,621,414,464,417,446,423
"ENSG00000196660",59,92,124,146,36,112,62,185,117,93,105
"ENSG00000196663",1079,915,942,891,937,528,770,474,438,482,577
"ENSG00000196666",44,34,30,12,0,38,2,32,51,160,48
"ENSG00000196670",344,322.00001,985,853,1140,802,1038,626,617,589,740
"ENSG00000196678",228.99998,239,289,287,297,361,238,238,217,228,226
"ENSG00000196683",3538.00001,4920,1940,1671,1497,2302,1572,2945,2782,1660,2102
"ENSG00000196689",359.99999,391.99999,176,139,242,170,200,119,111,196,126
"ENSG00000196693",618,473,484,542,534,457,518,387,484,434,456
"ENSG00000196700",444,458,196,120,139,125,167,111,152,140,109
"ENSG00000196704",811.99999,874.99999,2816,2341,2607,3041,2297,2773,2957,3477,4157
"ENSG00000196705",561,411,422,335,411,300,404,298,310,224,324
"ENSG00000196712",5323.00002,3997.00001,692,494,541,485,632,432,497,382,453
"ENSG00000196715",574,481,358,389,411,254,293,269,390,372,430
"ENSG00000196724",276.99999,174.99999,193,181,243,178,228,160,149,155,144
"ENSG00000196730",2496,1355.00001,1647,1678,1882,1554,1869,768,729,1048,956
"ENSG00000196739",778,759,352,284,237,258,352,254,253,304,481
"ENSG00000196743",337,528,884,916,1008,1024,983,857,871,873,1198
"ENSG00000196754",29,48.99999,60,76,66,79,75,134,93,81,66
"ENSG00000196757",227,164,192,123,194,239,183,120,214,211,258
"ENSG00000196776",1468.00001,1323.99999,3127,2214,3369,2578,2503,1944,2726,2331,3174
"ENSG00000196781",541,641.00001,1054,826,754,680,479,734,1370,3174,2918
"ENSG00000196782",533,582,499,403,493,389,398,227,257,418,373
"ENSG00000196792",1649,1610,427,362,447,227,296,260,403,379,497
"ENSG00000196793",117,93,189,185,193,187,164,202,199,174,158
"ENSG00000196812",213,182,255,240,203,369,197,390,421,413,446
"ENSG00000196814",1214.99999,801,735,705,490,539,385,466,572,852,798
"ENSG00000196821",657,795,1065,1181,967,1117,1303,1002,1197,1043,1995
"ENSG00000196826",21,27,73,0,0,0,79,21,0,81,28
"ENSG00000196834",21,184,727,548,747,554,1022,379,329,223,203
"ENSG00000196839",306,294.00002,692,814,622,849,793,991,770,705,723
"ENSG00000196843",167,262.00001,702,741,641,920,611,792,1131,4658,3233
"ENSG00000196850",258,265,93,70,75,64,78,36,96,95,142
"ENSG00000196865",826,956,1199,1077,1371,1065,1197,916,1022,926,1155
"ENSG00000196867",239,207,191,222,220,175,226,186,220,296,259
"ENSG00000196872",38,152,11,31,15,4,9,8,29,103,91
"ENSG00000196873",128.99999,72.99999,565,514,623,797,631,688,856,892,1115
"ENSG00000196876",1437,2066.99999,217,95,217,113,170,104,91,77,89
"ENSG00000196890",202,206,107,137,153,152,125,132,129,133,179
"ENSG00000196911",1778.99999,1729,967,721,954,969,909,548,707,684,795
"ENSG00000196912",965,1148,765,539,588,998,690,745,917,703,728
"ENSG00000196914",2237.99999,2391.99999,2706,2848,2510,2350,2108,1743,2692,2300,2767
"ENSG00000196923",864,735.00001,2295,1621,2467,2029,2345,2123,1945,1842,1581
"ENSG00000196924",2766,1980.00001,19510,21441,27029,10471,25335,7542,4708,5388,11103
"ENSG00000196932",26,82,19,51,27,26,29,4,14,16,19
"ENSG00000196935",1508,2080,1827,1737,1704,1545,1758,1497,1682,1482,1359
"ENSG00000196937",923,1200.99999,1404,1207,1302,1529,1034,1255,1709,1624,1893
"ENSG00000196943",275,220,219,191,218,135,205,112,85,181,132
"ENSG00000196950",1698.00001,1208,1475,1103,1517,1101,1169,821,800,1061,862
"ENSG00000196961",880.99999,812,1068,1011,1279,477,1120,453,478,473,464
"ENSG00000196967",558.00001,454,224,207,271,243,261,247,201,238,219
"ENSG00000196968",428,362.00001,880,791,1012,1007,1089,638,484,567,739
"ENSG00000196972",67,93,190,178,165,105,88,62,111,120,155
"ENSG00000196975",370.99999,432,970,904,815,1011,875,1029,1038,703,1004
"ENSG00000196976",502,466,652,518,707,871,572,1089,1037,983,1097
"ENSG00000196981",156,163,465,333,477,423,421,444,420,308,379
"ENSG00000196993",33,49,34,32,54,49,18,37,36,41,49
"ENSG00000196998",289.99999,215.99999,1254,1121,1170,1774,1113,1838,2262,2218,1647
"ENSG00000197006",2084,1897,3086,3074,2283,3033,2135,3091,4341,3497,4304
"ENSG00000197008",323.99999,140,319,247,326,305,315,250,334,270,354
"ENSG00000197013",723,417,537,402,518,403,436,459,497,458,517
"ENSG00000197016",203,371,416,379,441,366,398,233,311,207,436
"ENSG00000197019",165,157,277,224,314,386,323,414,1078,3149,3600
"ENSG00000197020",220,157,135,126,114,86,141,66,127,79,143
"ENSG00000197021",342,259.99999,539,405,483,712,532,760,857,798,1268
"ENSG00000197024",508,558,661,586,452,324,372,306,498,702,886
"ENSG00000197037",239.00001,227,638,648,756,818,776,530,617,738,1050
"ENSG00000197043",1677,1358.00002,2911,2752,3136,1984,2998,1927,1717,1500,1515
"ENSG00000197044",299,268,308,190,381,294,327,167,223,219,230
"ENSG00000197045",660.99999,627,1894,1504,1439,1954,1277,1725,2161,2295,2608
"ENSG00000197050",257.99999,462,646,531,625,586,656,458,630,571,823
"ENSG00000197054",106,70,123,126,147,152,140,110,115,114,46
"ENSG00000197056",531,293,266,247,295,251,246,214,184,179,241
"ENSG00000197061",3077,2561,3969,2729,3803,4839,2861,6969,4158,2988,2223
"ENSG00000197062",464,444,1476,1200,1322,1555,1291,1449,1357,1599,1527
"ENSG00000197063",476,565,303,195,287,216,252,221,292,442,775
"ENSG00000197070",272.99999,318.00001,883,846,928,936,887,980,1023,945,1095
"ENSG00000197077",586.00001,426,599,564,568,471,558,418,464,576,525
"ENSG00000197081",1281,1644,1001,959,963,717,983,528,617,875,1019
"ENSG00000197093",243,115,229,251,191,195,162,185,160,263,257
"ENSG00000197102",9017.00002,8721,5474,5232,5252,4482,4887,3783,3907,4970,3938
"ENSG00000197106",230,114,47,124,43,49,52,38,29,17,7
"ENSG00000197111",4963,4296.99999,2241,1738,2292,1919,2317,1969,2100,2001,1895
"ENSG00000197114",242,174.99999,814,764,720,1060,661,1150,1229,1091,986
"ENSG00000197119",956,947,1418,1316,1232,1208,1074,1138,1867,2364,3647
"ENSG00000197121",1757,1204,1005,936,1023,525,738,469,399,490,323
"ENSG00000197122",970.00001,663.00001,888,955,699,468,529,432,744,855,915
"ENSG00000197124",231,330.00001,146,142,147,166,140,158,196,160,282
"ENSG00000197128",806.00001,654,787,739,798,729,851,510,493,526,438
"ENSG00000197136",367,309,495,477,466,353,440,263,356,458,408
"ENSG00000197140",314,481,178,109,147,181,170,99,99,81,105
"ENSG00000197142",34,169,13,45,3,15,35,29,78,14,26
"ENSG00000197147",521.00001,699,659,635,527,461,423,375,674,825,911
"ENSG00000197150",387.99999,345.00001,804,682,517,764,600,772,640,953,682
"ENSG00000197157",2325,2751,3510,3877,3802,3051,3830,2768,2877,2647,3209
"ENSG00000197162",289.99999,254,436,354,381,391,473,410,425,332,424
"ENSG00000197165",27,26,56,65,45,88,77,81,99,27,80
"ENSG00000197168",1207,618,78,53,90,37,73,62,38,38,84
"ENSG00000197170",1215,1165,1230,1177,1155,1237,1146,1162,1684,1524,2379
"ENSG00000197177",29,26,63,14,19,16,6,33,19,16,3
"ENSG00000197181",149,165,20,29,70,12,90,13,14,26,39
"ENSG00000197183",1785,2406.99998,5308,3778,5167,4991,5279,3475,4853,5131,5516
"ENSG00000197191",37,45,15,16,18,5,8,9,22,15,14
"ENSG00000197208",239,247,102,70,31,93,45,100,88,199,99
"ENSG00000197217",693,629,929,1066,1007,1020,1168,676,713,768,742
"ENSG00000197223",576,510.00001,353,306,332,433,275,382,356,280,365
"ENSG00000197226",1036,745,5390,5503,5830,4589,5787,2779,3102,4613,5300
"ENSG00000197238",73,73,110,82,96,100,61,125,168,94,99
"ENSG00000197249",22,15,465,651,138,569,434,1030,730,112,771
"ENSG00000197256",262.99999,148.99999,1051,2113,1814,1138,2230,965,1077,759,1168
"ENSG00000197261",19,25,33,12,12,20,15,20,9,33,7
"ENSG00000197265",363,438,582,505,565,736,427,577,678,705,996
"ENSG00000197275",615.00001,847,156,93,109,180,151,213,194,135,76
"ENSG00000197279",62,90,99,69,73,89,83,117,82,90,104
"ENSG00000197283",1204.00001,934,89,77,103,30,80,25,22,7,12
"ENSG00000197296",110,125,651,606,587,659,561,470,642,789,1001
"ENSG00000197299",286,273,55,44,52,59,46,40,35,30,49
"ENSG00000197302",482.99999,174.00001,376,259,261,318,356,284,349,287,274
"ENSG00000197312",774,657,454,424,456,327,423,273,354,316,298
"ENSG00000197321",1262,1278.00001,1036,1029,1207,1023,1311,714,1016,911,1016
"ENSG00000197323",1672,1567.00001,626,551,518,517,488,401,645,856,952
"ENSG00000197324",753.99999,567,4588,5099,4651,3456,4120,3477,4291,4836,4774
"ENSG00000197329",343,350,535,439,450,465,496,307,417,496,731
"ENSG00000197343",1036,1035.99998,1775,1556,1812,1419,1750,1233,1283,1232,1997
"ENSG00000197345",690,843.00001,487,411,434,673,466,857,802,682,821
"ENSG00000197355",58,162.00001,137,116,171,197,209,167,181,253,379
"ENSG00000197361",120,25,5,15,21,16,8,22,22,34,7
"ENSG00000197362",147,216,422,386,473,484,509,427,384,354,442
"ENSG00000197363",267,197,245,250,265,267,243,175,173,240,219
"ENSG00000197372",209,217.99999,400,348,449,360,397,287,323,207,385
"ENSG00000197375",1022.00001,433,522,441,558,351,396,348,417,387,565
"ENSG00000197380",211,154,96,74,97,73,64,52,83,108,98
"ENSG00000197381",3185,4714.00001,320,235,163,167,156,185,251,590,244
"ENSG00000197385",23,22,12,32,33,14,16,27,29,28,40
"ENSG00000197386",2922,2565,1090,921,1008,805,1121,632,767,1029,1074
"ENSG00000197405",99,98,27,9,35,8,11,15,17,8,21
"ENSG00000197406",280,244,327,320,215,210,233,247,355,1164,225
"ENSG00000197410",221,279,59,77,39,68,65,25,46,41,52
"ENSG00000197415",161.99998,565.00001,617,993,248,696,651,1103,1056,119,461
"ENSG00000197417",236,122,710,728,820,726,900,552,664,671,831
"ENSG00000197429",563,398,971,785,932,972,846,860,899,916,724
"ENSG00000197442",811,585,116,63,21,98,48,67,134,216,286
"ENSG00000197444",194.99999,338,762,1117,546,760,917,808,557,363,759
"ENSG00000197448",610,594,1199,1305,995,1660,1237,1998,1911,1565,1526
"ENSG00000197451",1877,1261,814,800,514,527,334,659,1360,1575,2149
"ENSG00000197457",1220,1072,1197,925,1171,515,905,718,619,1209,531
"ENSG00000197461",125,183,178,135,136,117,269,155,217,99,165
"ENSG00000197467",726,800.99999,287,155,261,277,203,261,169,371,173
"ENSG00000197472",49,44,13,11,7,20,18,19,13,16,18
"ENSG00000197479",133,30,41,49,52,69,45,45,30,33,63
"ENSG00000197483",123,103,19,24,17,5,26,10,13,4,12
"ENSG00000197496",160,121,799,595,913,780,852,497,486,733,633
"ENSG00000197497",104.99999,122.00001,330,249,310,287,299,274,227,209,264
"ENSG00000197498",773,709,627,482,614,743,483,683,760,635,1019
"ENSG00000197530",600.00002,559.99999,1185,1098,1069,780,773,743,1346,2132,2861
"ENSG00000197535",1700.99998,1889.00002,1069,1372,900,1150,1059,999,1068,1043,1155
"ENSG00000197548",1739.99999,1419,1094,901,841,1032,891,965,904,1167,1479
"ENSG00000197555",1922.00001,2434.99998,1062,1073,920,977,735,600,648,1129,987
"ENSG00000197557",114,119,946,732,800,873,618,578,547,765,828
"ENSG00000197562",424,359.99999,367,359,335,357,271,292,473,695,689
"ENSG00000197563",2399.00002,2827,1749,1556,1694,1717,1784,1157,1322,1385,1504
"ENSG00000197565",509.99999,949.99999,1125,1002,1032,659,890,541,685,1149,601
"ENSG00000197566",314.99999,234,264,293,363,287,277,147,132,160,156
"ENSG00000197579",693,655,1238,1255,1439,1316,1483,1269,1951,1662,2420
"ENSG00000197580",424.00001,439,466,209,348,378,337,263,306,316,293
"ENSG00000197584",153,144,57,24,40,23,23,38,63,37,44
"ENSG00000197586",676.99999,634.00001,1560,1335,1610,1878,1529,1438,1518,1933,1859
"ENSG00000197587",1720,334,416,450,188,462,266,541,635,322,1113
"ENSG00000197594",60,291,84,174,134,78,157,99,147,57,121
"ENSG00000197599",54,51,33,21,31,36,24,27,16,18,27
"ENSG00000197601",881,744,916,837,866,748,796,485,660,699,982
"ENSG00000197603",2581.00002,2083.00001,879,770,863,617,797,497,405,400,540
"ENSG00000197608",623,434.99999,51,110,99,83,71,87,51,91,89
"ENSG00000197614",15,116,25,13,22,23,19,13,30,32,27
"ENSG00000197619",242,243,251,172,269,223,313,159,179,137,226
"ENSG00000197620",170,190,478,373,444,438,509,480,552,590,765
"ENSG00000197622",1050,615.00001,1007,842,852,963,789,897,973,1187,1369
"ENSG00000197635",657.00001,890,228,30,181,155,138,45,46,53,56
"ENSG00000197646",41,40,12,19,12,24,7,19,43,56,62
"ENSG00000197647",480.99999,280,373,253,357,419,390,354,470,326,461
"ENSG00000197653",243,506,38,27,31,29,32,23,9,53,14
"ENSG00000197694",4795.99998,4844.99999,6942,6775,7360,5848,6758,3223,3311,5504,4564
"ENSG00000197696",227,224,356,130,107,371,73,172,416,519,4600
"ENSG00000197702",498,447.00001,1989,2008,2258,1899,2117,1458,1937,1421,1172
"ENSG00000197705",312,367,886,564,1149,692,927,539,978,684,603
"ENSG00000197712",477.99999,340,907,911,1247,786,1027,621,692,714,1012
"ENSG00000197713",884,576.99999,866,745,732,891,696,737,858,805,1034
"ENSG00000197714",317,182,997,954,1179,759,1027,771,799,809,1592
"ENSG00000197724",809,649,250,245,243,180,269,192,212,250,219
"ENSG00000197728",252.00001,182,1762,1217,1414,1744,1346,2101,2036,1676,1831
"ENSG00000197746",6095.99999,6604,55156,51893,48648,60877,54227,60111,64411,66351,111041
"ENSG00000197747",943,194,2249,684,162,1881,239,1404,2389,3654,3759
"ENSG00000197748",431,697.99999,191,93,103,134,70,93,112,107,153
"ENSG00000197753",90.00001,124,35,36,26,49,45,13,19,11,28
"ENSG00000197756",22979,20093,7504,5717,7964,7363,7278,8839,6923,4809,5049
"ENSG00000197763",200,270,227,185,159,144,111,100,245,253,279
"ENSG00000197766",124,202,718,623,977,751,910,1037,1006,707,1106
"ENSG00000197771",872.00001,728.00001,361,363,298,212,255,251,606,1350,1525
"ENSG00000197774",187,191,156,128,184,145,132,147,159,138,144
"ENSG00000197776",376,546.00001,193,165,237,130,170,148,152,125,165
"ENSG00000197779",303.99999,248.99999,239,264,236,167,241,140,109,135,177
"ENSG00000197780",387,353,142,97,136,125,103,141,123,168,271
"ENSG00000197782",447,545,482,415,493,474,519,257,282,230,400
"ENSG00000197785",389,463,470,473,349,353,248,357,584,595,934
"ENSG00000197798",428,511,840,755,659,990,688,1062,1255,1010,1327
"ENSG00000197808",785,278,240,165,193,202,220,135,198,143,248
"ENSG00000197816",116,153,90,94,167,91,113,89,77,109,135
"ENSG00000197818",729.00001,673.00001,238,249,201,238,215,239,274,370,402
"ENSG00000197822",144,176.99999,867,756,911,633,1029,716,1016,540,790
"ENSG00000197837",73,90,14,21,11,27,21,8,9,22,6
"ENSG00000197841",303,254.99999,931,716,865,816,917,770,918,1158,1339
"ENSG00000197852",277,225,236,233,220,229,314,192,216,284,214
"ENSG00000197857",603,686.00001,822,597,855,734,830,576,687,549,549
"ENSG00000197858",965.00001,945.99999,4954,4999,4649,5757,4772,6246,7090,7121,6529
"ENSG00000197859",42,61.99999,138,105,79,66,92,73,68,93,100
"ENSG00000197860",343,466,458,592,596,510,471,345,420,406,674
"ENSG00000197863",179,553,268,251,258,285,287,210,282,242,190
"ENSG00000197872",203,292,846,935,881,921,754,580,525,1164,1157
"ENSG00000197879",476.99999,361.99998,1085,1357,1400,1310,1711,848,898,826,1439
"ENSG00000197885",1167,1189.00001,1082,999,1229,1402,1168,1211,1572,1413,1923
"ENSG00000197889",42,58,15,17,22,12,12,18,11,18,15
"ENSG00000197892",665,696,364,346,288,291,372,335,201,216,334
"ENSG00000197893",108,194,646,115,564,284,447,360,634,383,352
"ENSG00000197894",1264,1095,4050,3917,3975,4471,3744,4395,4602,3893,3949
"ENSG00000197903",193,106,66,42,40,76,65,76,69,79,69
"ENSG00000197905",23,86,34,50,27,25,63,46,26,43,39
"ENSG00000197912",3283,2507.00002,3095,2483,2975,3398,3015,2672,3077,3910,3621
"ENSG00000197921",970,602,36,20,13,12,14,11,6,12,0
"ENSG00000197930",1106,1201.00001,1186,1370,1272,1013,1450,774,968,1107,2844
"ENSG00000197933",169,202,225,178,209,147,212,168,200,226,240
"ENSG00000197935",106,72,13,12,31,12,23,21,11,2,14
"ENSG00000197937",288.99999,244,449,454,494,383,468,333,427,340,568
"ENSG00000197943",279.00001,931,201,308,255,385,311,259,309,216,331
"ENSG00000197948",239,192.00001,202,222,326,153,252,108,137,195,169
"ENSG00000197951",408,271,693,510,662,545,669,458,433,486,630
"ENSG00000197956",517,183,321,177,138,328,203,277,328,401,278
"ENSG00000197958",785,658,4163,2970,4139,3454,4019,4030,3562,2686,2783
"ENSG00000197959",1782,3095,369,265,541,493,351,311,247,334,254
"ENSG00000197961",761,525,809,631,682,481,681,493,636,667,1040
"ENSG00000197965",788,785.00001,3394,3122,3308,3571,2897,2622,3140,3452,3875
"ENSG00000197969",1805.99999,2258.99999,504,503,503,345,477,270,262,166,177
"ENSG00000197971",89.00001,220,532,645,394,492,501,529,638,258,506
"ENSG00000197977",753,725,639,401,593,691,438,419,398,640,706
"ENSG00000197978",202,163,592,379,459,417,511,250,307,347,389
"ENSG00000197982",1419,1524,1500,1116,1400,1689,1015,2246,2225,2126,1772
"ENSG00000198000",917,982,716,602,802,789,753,625,696,644,875
"ENSG00000198001",325.00001,650.99999,419,376,381,372,360,267,296,340,372
"ENSG00000198003",110,105,196,152,227,295,199,245,246,263,176
"ENSG00000198010",223,258,21,11,24,17,22,6,16,17,19
"ENSG00000198015",1546.99999,1298.99999,1775,1608,1643,1730,1531,1791,2078,1520,2197
"ENSG00000198018",348,340,296,342,372,285,288,156,193,248,376
"ENSG00000198026",403,351,493,498,665,309,552,334,320,408,384
"ENSG00000198034",21715,6824,9470,6646,10082,8050,8811,9371,8885,7182,6151
"ENSG00000198039",282.99999,157,135,112,140,175,105,108,124,132,193
"ENSG00000198040",852.99999,715,2045,1789,1836,1870,1939,1222,1329,1316,1409
"ENSG00000198042",459,432,451,348,357,434,404,310,454,364,727
"ENSG00000198053",307.00001,302,152,111,127,57,117,44,82,173,125
"ENSG00000198055",489,292,95,70,87,39,93,59,85,192,151
"ENSG00000198056",133,220,188,149,230,234,199,246,200,150,205
"ENSG00000198060",893,799,1785,1737,1781,1927,1589,1660,1810,1660,2256
"ENSG00000198064",85,64,1759,1408,1376,1486,2006,990,1051,981,1442
"ENSG00000198075",230,245,911,865,970,862,916,790,1031,1125,1028
"ENSG00000198081",260,261.00001,252,200,312,194,245,191,224,165,177
"ENSG00000198087",738,689,376,370,477,280,399,167,202,208,217
"ENSG00000198088",59,199,53,42,30,30,29,45,28,10,40
"ENSG00000198089",581.99999,814.99998,849,698,957,807,1006,677,699,686,956
"ENSG00000198093",276,279,232,196,223,228,268,159,196,150,192
"ENSG00000198105",1781,60,560,409,542,426,595,283,327,285,408
"ENSG00000198108",912,526,634,146,855,153,257,216,292,176,215
"ENSG00000198121",117,118,614,326,631,515,470,417,602,542,612
"ENSG00000198125",21,47,103,73,56,77,176,174,81,25,40
"ENSG00000198130",1254.99999,1620.00001,1506,1187,1467,1720,1354,1747,2178,1427,1811
"ENSG00000198131",1392.99998,811,815,687,751,792,716,841,884,892,957
"ENSG00000198133",119.99999,159,171,213,104,100,141,129,144,98,231
"ENSG00000198142",134,154,190,196,99,86,75,72,199,481,585
"ENSG00000198146",1008,926,2266,1988,2404,2670,2299,2768,3111,2445,3283
"ENSG00000198156",30,33,82,48,56,42,77,38,30,44,93
"ENSG00000198157",828.00001,499.99999,241,227,204,282,169,325,403,335,367
"ENSG00000198160",2265.99999,2854,965,696,1029,764,942,814,909,958,1228
"ENSG00000198162",3091,3776,1284,1274,1325,850,1104,934,1020,937,1161
"ENSG00000198168",379,629.00001,449,458,618,528,594,463,554,442,653
"ENSG00000198169",308,454,646,482,592,590,518,432,469,458,562
"ENSG00000198171",1099,1499.99999,1077,1093,1115,1607,1357,1711,1852,1726,2075
"ENSG00000198176",1014,805.99999,367,317,334,302,320,318,439,969,895
"ENSG00000198182",201,268,447,468,652,513,674,284,227,389,368
"ENSG00000198185",438,488,663,516,611,565,563,348,431,529,448
"ENSG00000198189",256,258,389,408,448,559,358,523,577,686,526
"ENSG00000198198",991,1024.00001,1203,940,1298,823,1353,576,611,544,667
"ENSG00000198203",93,152,191,272,81,246,226,318,409,192,361
"ENSG00000198208",427.99999,509.00001,311,171,249,218,221,241,164,219,254
"ENSG00000198216",157.00001,447.99999,332,516,450,265,500,201,348,241,210
"ENSG00000198218",3158.00001,1699,1083,1024,1171,1184,1179,823,1300,1406,1795
"ENSG00000198231",1308.00001,1386.99998,1289,1090,1334,735,1316,647,847,886,1308
"ENSG00000198242",650.00001,417.99999,10593,7612,11314,9870,11339,11656,11834,8132,8017
"ENSG00000198246",50,209.99999,346,252,341,384,361,383,444,369,296
"ENSG00000198252",352,364,411,440,431,289,423,232,282,307,372
"ENSG00000198258",3673,3488.99999,2790,2360,2493,3990,2281,4303,4234,3362,3350
"ENSG00000198265",2307.00001,2428.00001,2114,1756,2412,2163,2577,1577,1619,1491,2220
"ENSG00000198270",251,355.99999,664,579,656,701,631,643,660,509,1013
"ENSG00000198276",1060.00001,958,1980,1162,1805,2319,1775,2021,2215,1815,1466
"ENSG00000198298",114,115,98,48,74,122,77,71,65,89,86
"ENSG00000198301",1126.99999,1029,963,882,888,1129,916,1154,1193,1019,1653
"ENSG00000198315",578,459,1059,1019,1275,784,1273,315,386,533,779
"ENSG00000198324",123,131.00001,158,155,193,73,138,81,60,86,100
"ENSG00000198331",72,107,48,61,46,77,32,84,71,41,49
"ENSG00000198336",480,633,703,116,257,905,566,358,483,604,187
"ENSG00000198342",72,76,214,182,187,158,201,168,277,364,351
"ENSG00000198346",107,69,180,188,175,87,190,96,108,95,118
"ENSG00000198355",290,293,106,129,68,52,56,76,175,460,818
"ENSG00000198356",805,764,2033,1573,1551,2119,1435,2694,3056,2661,2764
"ENSG00000198363",6640,6111.99999,9768,6869,11690,9365,10241,6412,9145,8626,10954
"ENSG00000198369",666,447,477,468,377,348,323,186,254,335,530
"ENSG00000198373",672.99999,825,1258,1284,1325,1353,1264,1010,1141,1485,1644
"ENSG00000198380",1394,1462,2002,2048,2546,1769,2325,1245,1368,1427,2700
"ENSG00000198382",1640,1925,810,836,932,822,782,621,689,905,1069
"ENSG00000198393",506,407,649,573,620,670,598,510,570,528,951
"ENSG00000198399",1618.99999,1696,730,742,791,932,810,748,1053,786,1105
"ENSG00000198400",89,78.00001,581,309,540,592,340,532,442,384,451
"ENSG00000198408",3731,2791,3851,2826,3250,2984,3266,2181,2841,2907,2774
"ENSG00000198417",408,343.00001,118,103,30,172,38,207,409,244,407
"ENSG00000198420",631.99999,618.00001,2802,2235,2872,2324,2475,1718,1741,2483,2006
"ENSG00000198429",183,233,222,207,234,236,241,199,185,135,121
"ENSG00000198431",1722.99999,3038,2933,3131,3135,3046,2839,2020,3168,3332,7038
"ENSG00000198440",427,375,475,405,380,501,381,436,451,488,586
"ENSG00000198453",524.99999,918.99999,116,111,128,131,137,75,51,82,114
"ENSG00000198455",155,179,243,260,247,207,193,139,244,404,672
"ENSG00000198464",291,422,502,464,508,571,566,484,523,462,429
"ENSG00000198466",554,413,751,634,761,559,826,496,404,409,463
"ENSG00000198467",365,265,664,576,465,1159,1299,1187,860,314,573
"ENSG00000198478",1442.99999,1223,2550,2425,3659,2578,2819,1755,1972,2052,2127
"ENSG00000198482",303,352.00001,367,305,497,318,356,245,238,287,243
"ENSG00000198483",37,46,47,29,41,76,26,75,69,110,64
"ENSG00000198492",1406,1386,3991,3324,3533,4247,3879,4251,5151,5355,6542
"ENSG00000198498",628,556,278,177,285,290,227,248,253,280,377
"ENSG00000198513",807,1431,1038,872,1059,1158,800,1017,1065,1315,1228
"ENSG00000198517",58,107,19,34,27,20,44,18,46,44,37
"ENSG00000198520",419,1017.99999,154,90,72,157,77,136,178,185,266
"ENSG00000198521",677,493.99999,641,610,636,505,561,430,592,366,331
"ENSG00000198522",892,722,1432,1186,1306,1517,1089,1489,1692,1710,1965
"ENSG00000198523",126,19,105,33,26,81,50,52,117,24,22
"ENSG00000198538",203.99999,204.99999,932,909,911,803,915,554,532,843,1164
"ENSG00000198546",320,334,779,666,669,902,612,1011,1463,1278,1488
"ENSG00000198547",108,203,80,41,75,24,68,6,26,17,12
"ENSG00000198551",373,395,1456,934,1322,1369,1147,1179,990,752,804
"ENSG00000198553",70,16,23,13,21,20,27,16,13,5,2
"ENSG00000198554",319,400,229,190,207,216,203,147,150,227,191
"ENSG00000198556",319.00001,366,296,201,220,365,191,300,323,297,421
"ENSG00000198561",4008.00001,2749.00001,2619,3340,3483,2249,3647,1505,1192,2167,1800
"ENSG00000198563",1932.99999,1677.00002,1512,1244,1446,767,1371,812,699,624,744
"ENSG00000198570",2330.00001,3426,3522,824,2587,2796,2320,1286,846,1136,400
"ENSG00000198576",104,61,106,93,65,78,43,72,462,4282,3770
"ENSG00000198585",423,541,637,738,539,645,542,702,1010,746,817
"ENSG00000198586",3344,2766,1164,1060,1274,890,905,1032,1280,1497,1595
"ENSG00000198589",6382,8845,3059,2519,3439,2475,3010,2254,2519,1524,1936
"ENSG00000198597",3477.00001,6969.00001,1335,1286,1161,1367,1040,1078,1100,1349,809
"ENSG00000198598",262,168,38,21,21,10,7,22,19,30,31
"ENSG00000198604",1195,850.00001,309,217,285,235,310,290,271,317,301
"ENSG00000198612",1725,1146.00001,3994,3070,3271,4296,2903,4211,5909,5427,6553
"ENSG00000198624",34,115.99999,182,322,251,208,328,226,228,131,120
"ENSG00000198625",3719,2834,1186,926,1230,899,1129,728,740,717,898
"ENSG00000198626",724,1808,31,11,34,40,41,24,27,60,41
"ENSG00000198642",670,595,2250,1940,2341,2351,2175,1701,1971,2008,2353
"ENSG00000198646",2876,2581,868,735,711,705,640,599,729,1095,985
"ENSG00000198648",2076,2192,129,84,83,91,65,103,119,71,95
"ENSG00000198663",880,604,2012,1994,2136,1993,2054,1743,2364,2617,2670
"ENSG00000198668",6994,4608,12241,10017,10096,12629,8223,15062,19284,21248,23588
"ENSG00000198673",331.00001,498,84,71,137,146,122,67,44,40,38
"ENSG00000198677",3240.99998,3785.00001,3026,2670,2805,2211,2841,1631,1640,1842,2301
"ENSG00000198682",70,91,351,232,268,268,304,202,308,235,467
"ENSG00000198689",839,1173,1853,1697,2160,1466,1868,930,1125,1137,1541
"ENSG00000198690",832,1156.00001,1656,1436,1952,1682,1953,1084,1082,1528,1754
"ENSG00000198691",3126.00001,5880,2134,904,2131,2322,2167,1014,782,1072,1025
"ENSG00000198695",15375,19021,2419,2713,3051,1864,2857,2506,3751,1483,2975
"ENSG00000198700",1796.99999,1673.00001,5637,4980,5003,5554,4844,3871,4572,5236,5899
"ENSG00000198707",4055,3850.00001,480,331,480,507,412,457,359,411,344
"ENSG00000198712",37781,55556,16629,20163,19266,19872,19091,24537,43343,21171,27617
"ENSG00000198715",184,145,359,528,302,511,386,588,718,566,729
"ENSG00000198718",1776,1676,1073,939,1197,1224,1116,794,889,1030,1258
"ENSG00000198719",280,119,493,212,248,302,211,213,519,653,469
"ENSG00000198720",344.00001,211,60,70,42,21,57,28,28,56,19
"ENSG00000198721",764,716.00001,2468,2138,2482,3188,2423,3392,3790,3488,4082
"ENSG00000198722",2024,2926,1445,1440,1384,1182,1419,862,873,853,1450
"ENSG00000198723",63,71.00001,15,6,20,23,17,12,21,34,27
"ENSG00000198727",33267,52123,17253,24657,22076,21285,21681,21378,36947,16816,22209
"ENSG00000198728",1192,865,362,368,394,242,395,383,380,239,189
"ENSG00000198729",25,34,45,33,7,22,15,9,60,147,177
"ENSG00000198730",1051,1243,2270,1805,2000,2240,1980,1776,1948,2479,2926
"ENSG00000198732",1544,493,428,652,263,393,307,247,201,387,153
"ENSG00000198734",106,295,26,18,14,43,10,9,18,13,68
"ENSG00000198736",222,147,722,682,516,831,507,1009,1158,1170,1315
"ENSG00000198739",96,88,16,29,29,53,40,21,43,28,55
"ENSG00000198740",1128,1076,895,742,902,600,826,413,621,760,1007
"ENSG00000198742",643,756,245,212,234,208,212,159,245,359,378
"ENSG00000198743",677,833,2357,2090,2988,1560,2638,945,1078,924,996
"ENSG00000198746",127,140,373,400,302,427,312,428,461,564,712
"ENSG00000198752",1633,1761,337,293,299,130,245,139,203,223,286
"ENSG00000198753",366.99999,186,205,232,96,79,178,112,162,112,160
"ENSG00000198755",8708.99999,5647,4609,2959,4307,4009,4066,4484,3633,2931,2830
"ENSG00000198756",993,349,3609,4664,4327,2925,3411,3429,6622,3118,3902
"ENSG00000198759",37,89,316,594,354,553,491,591,568,94,229
"ENSG00000198763",38307,43148,6106,6735,7712,5794,7031,7579,9990,5410,7834
"ENSG00000198768",66,30,130,192,223,108,85,114,204,289,369
"ENSG00000198774",141,53,289,136,307,148,296,151,169,200,169
"ENSG00000198780",2858,2767,1131,1532,1433,786,1347,430,828,840,816
"ENSG00000198783",352,340,401,305,345,551,450,469,594,637,682
"ENSG00000198785",60,94,63,51,54,55,21,42,48,40,17
"ENSG00000198786",36204,71605,7965,9798,9874,7694,10199,9622,16468,7896,11219
"ENSG00000198791",2035.99999,2304.99999,3083,2809,3149,3111,2766,2875,3390,2922,3359
"ENSG00000198792",857.99999,683,2305,2396,1800,1536,1548,1341,2173,2433,2372
"ENSG00000198793",2206.99999,2070,1740,1818,1822,1073,1877,1009,935,891,1008
"ENSG00000198794",1382.99999,1908.00001,554,425,613,213,442,192,216,272,182
"ENSG00000198795",441,308,1302,786,1152,1079,1009,561,756,917,1042
"ENSG00000198796",85,134,71,70,14,100,36,37,41,131,57
"ENSG00000198797",212,108,1187,404,1126,642,934,537,873,967,549
"ENSG00000198799",1263,986,1355,1041,1443,1006,1483,821,848,717,1200
"ENSG00000198804",43083,44628,58106,76109,69619,50644,69635,64803,120530,53038,85429
"ENSG00000198805",466,400.99999,373,206,259,555,287,403,540,742,1081
"ENSG00000198814",380.99999,397,371,334,325,317,306,310,400,389,619
"ENSG00000198815",2130.99999,4477,1457,1448,1650,1233,1528,830,1010,1271,1472
"ENSG00000198816",751,553,268,191,267,157,237,192,190,200,136
"ENSG00000198818",786,710,1064,927,1002,1380,1105,1386,1585,1299,1804
"ENSG00000198822",143,169,55,89,59,90,56,62,83,73,24
"ENSG00000198824",535,607.99999,169,139,212,90,191,115,175,129,206
"ENSG00000198825",1621.99999,1003.99999,1528,1287,1918,1023,1088,798,1039,1548,1365
"ENSG00000198826",297.99999,153.99999,162,134,108,122,223,81,63,146,55
"ENSG00000198830",3786,3207,9945,6078,8141,11621,7093,13576,12481,13176,10716
"ENSG00000198832",421.00001,739,1558,1146,1450,2044,1755,2218,2179,1330,2355
"ENSG00000198833",1011,1102,1672,1570,1319,1420,1181,1160,1882,1843,2619
"ENSG00000198836",2775.99999,2894,1224,1095,1404,1145,1235,593,770,861,1058
"ENSG00000198837",444.99999,449.99999,664,662,781,354,637,287,427,533,563
"ENSG00000198838",703.00001,1277,89,49,36,69,43,26,50,57,46
"ENSG00000198839",589,723,364,277,281,276,328,283,315,287,310
"ENSG00000198840",26628,19986,579,519,630,450,588,692,1042,424,544
"ENSG00000198841",225,159,251,229,265,292,310,265,407,470,447
"ENSG00000198842",56,116,28,40,27,67,45,25,33,14,18
"ENSG00000198843",1322,1378.99999,4251,3553,3842,4990,3291,4896,6043,5638,6744
"ENSG00000198846",351,414,1169,778,1209,1118,1104,753,746,864,599
"ENSG00000198848",27,37.00002,973,1261,1229,1298,1274,1994,2898,1621,2442
"ENSG00000198853",500,545,2060,2171,2640,2064,2579,1126,1412,2236,2633
"ENSG00000198855",182,155,419,509,334,566,461,504,611,579,1544
"ENSG00000198856",1699,1062,2726,1963,2330,2732,1699,3361,3349,2974,3433
"ENSG00000198858",491.00001,420.99999,1039,907,998,1080,735,1045,1656,1696,1937
"ENSG00000198860",722.00001,631.99999,1412,1252,1313,1459,1097,1653,1942,1506,1885
"ENSG00000198862",1000,1045,830,810,824,704,818,605,484,468,807
"ENSG00000198863",413,433,859,744,618,552,414,644,1278,1693,2404
"ENSG00000198865",115,95,102,47,42,55,37,48,57,47,60
"ENSG00000198870",75,104,42,25,43,23,42,22,32,34,32
"ENSG00000198873",88,104,70,68,53,121,56,56,44,155,65
"ENSG00000198874",1061.00001,782,545,509,528,689,580,541,596,714,802
"ENSG00000198876",454,455,1594,1494,1542,1500,1405,1270,1164,1521,2021
"ENSG00000198879",1792.99999,1119.99999,433,369,400,392,341,231,172,393,264
"ENSG00000198885",21,61,70,46,79,59,62,33,56,45,38
"ENSG00000198886",79811,74729,21095,24490,25116,19944,26896,23671,38953,18533,24446
"ENSG00000198887",1751,1450,748,621,727,1016,816,736,846,739,953
"ENSG00000198888",28366,31533,4800,5199,5382,3950,5292,5369,7465,3471,4608
"ENSG00000198890",264,209,1662,1905,1436,2131,1624,2330,2397,1699,2186
"ENSG00000198892",287,265,791,718,527,850,528,942,1318,1837,1486
"ENSG00000198894",529,533,1642,1456,1630,1898,1902,1025,1373,1774,2103
"ENSG00000198898",2020,1940,3531,2927,3004,4178,2809,3717,4780,4161,4669
"ENSG00000198899",32856,44634,13113,15625,14367,11302,15518,13437,21788,9996,12790
"ENSG00000198900",2877,2587.99999,790,655,700,744,678,744,771,692,835
"ENSG00000198901",485,206,400,380,299,431,402,470,408,412,357
"ENSG00000198908",168.00001,148,346,307,368,264,389,126,176,253,380
"ENSG00000198909",767.00001,371,156,147,244,149,161,181,245,205,262
"ENSG00000198910",427.00001,431.99999,474,365,450,142,317,125,64,130,35
"ENSG00000198911",1470.00001,1243,1878,2144,2232,869,2383,673,784,795,1239
"ENSG00000198912",370,204,798,569,821,820,698,945,967,705,1083
"ENSG00000198915",19,188,23,12,8,18,2,21,22,71,46
"ENSG00000198917",199,273,965,911,893,1053,972,1061,1058,1350,1443
"ENSG00000198918",44.99999,40,3344,2129,3384,2983,2878,3520,2909,2070,1895
"ENSG00000198919",1824.99999,2106.99999,1764,1250,1511,1559,1359,1012,1235,1435,1297
"ENSG00000198920",1118,957,399,373,382,418,373,315,319,269,487
"ENSG00000198924",167,236,455,504,520,478,507,267,363,438,521
"ENSG00000198925",409,392,2517,2556,2812,2533,2892,1794,2166,3735,4604
"ENSG00000198929",998,1050,344,232,244,272,225,159,300,660,486
"ENSG00000198931",723,521.00001,1341,1206,1113,1793,1228,2403,2314,2000,1872
"ENSG00000198932",254,335,563,377,353,448,473,177,358,897,1215
"ENSG00000198933",252,272,80,48,82,40,73,57,55,38,62
"ENSG00000198934",174,165,327,284,451,249,365,224,131,123,98
"ENSG00000198937",731,637,1301,891,1116,1393,889,1784,1627,1568,1389
"ENSG00000198938",44925,58889,26839,36860,31977,33833,35658,36771,54463,25400,32243
"ENSG00000198939",93,135,155,82,151,102,98,114,148,146,120
"ENSG00000198945",508,539.99999,102,119,110,67,151,69,63,34,57
"ENSG00000198947",6515.00004,20280.99997,5133,3566,5917,4564,5096,4091,3663,4601,2933
"ENSG00000198948",347.99999,803,1299,2726,1021,1423,1544,1044,1156,706,1251
"ENSG00000198951",372,320.99999,1458,1565,1716,1414,1784,1457,1496,1383,1566
"ENSG00000198952",708,784,2907,2650,2871,2556,3135,1628,1584,2007,2834
"ENSG00000198954",603.00001,591.00001,1515,1524,1417,1759,1478,1704,1923,2349,2696
"ENSG00000198959",689,86,1171,561,1064,1411,672,1025,1503,3160,2271
"ENSG00000198960",298,249,1155,823,936,1357,842,1422,1462,1234,1569
"ENSG00000198961",2349,2620,6401,5913,7596,4823,6657,3038,3362,4698,5377
"ENSG00000198963",2614,2738,1899,1278,1586,1230,1492,871,768,800,325
"ENSG00000198964",853,1204.00001,1378,1351,1325,1255,1222,1162,1440,1235,1661
"ENSG00000203326",176,158,180,128,191,122,169,114,83,47,97
"ENSG00000203485",1101.00001,1354.99999,188,202,159,150,203,182,284,328,348
"ENSG00000203499",56,85,23,21,24,26,25,21,61,17,60
"ENSG00000203546",157,102,212,170,65,149,114,152,97,66,87
"ENSG00000203663",36,37,24,18,26,23,26,17,24,20,16
"ENSG00000203666",934.00001,1017.00002,337,242,161,334,197,334,346,383,382
"ENSG00000203667",1812,1614,1254,1012,846,1240,757,1361,1730,1503,1606
"ENSG00000203668",272,211,186,247,128,95,132,91,172,152,223
"ENSG00000203685",34,34,35,77,19,36,17,39,39,83,28
"ENSG00000203705",825,833.00001,607,533,552,637,560,612,723,793,824
"ENSG00000203724",139,166,69,46,45,58,31,128,132,138,66
"ENSG00000203727",578,262,70,107,36,44,60,48,48,46,101
"ENSG00000203756",427,612,60,18,72,103,34,86,37,37,9
"ENSG00000203760",188,65,167,260,132,286,231,429,377,74,136
"ENSG00000203772",64,78,12,11,20,32,12,5,18,12,22
"ENSG00000203778",663,769.99999,1349,950,1077,1454,937,1321,1496,1373,1332
"ENSG00000203780",454,443.00001,276,162,121,283,126,255,301,348,470
"ENSG00000203791",669,714,458,342,378,484,345,445,459,452,504
"ENSG00000203797",25,36,44,13,23,44,14,36,83,103,149
"ENSG00000203805",45,39,143,307,351,210,358,280,326,100,180
"ENSG00000203867",43,90,111,122,166,119,110,70,67,94,91
"ENSG00000203872",114,116.99999,42,23,28,25,24,41,27,8,20
"ENSG00000203877",44,46,8,10,32,15,4,10,17,22,15
"ENSG00000203879",1915,1660,3570,2761,3437,1694,2902,1814,1330,1515,1817
"ENSG00000203880",2249.99999,2375,2227,1913,1838,2248,1759,1684,1918,1757,1447
"ENSG00000203896",71.00001,33,80,101,102,73,81,58,69,121,110
"ENSG00000203943",64,71,54,40,56,57,43,56,52,40,38
"ENSG00000203950",879,632,2294,2008,2182,2824,2289,3230,3315,2972,2882
"ENSG00000203952",102,99,112,87,90,89,90,128,150,108,161
"ENSG00000203965",430,385,315,282,310,331,277,337,372,314,356
"ENSG00000203995",40,100,17,5,14,13,12,18,26,13,8
"ENSG00000204025",15,46.00001,27,60,29,23,37,51,59,28,72
"ENSG00000204033",254,373,47,26,64,63,49,43,26,80,21
"ENSG00000204052",71,66,33,20,21,17,26,29,30,78,51
"ENSG00000204065",324,433,242,228,300,302,282,258,287,366,384
"ENSG00000204070",445,529,1704,1528,1697,1840,1567,1938,2363,1900,2671
"ENSG00000204084",514,490,607,458,635,649,537,367,396,469,746
"ENSG00000204103",138,45,82,123,79,76,85,86,160,165,237
"ENSG00000204104",1052,812.99999,152,136,116,99,117,88,197,437,472
"ENSG00000204116",333.99999,143,154,116,172,98,149,64,113,85,117
"ENSG00000204120",5025.00001,4982.99998,1969,1887,2315,2011,2163,1497,1769,1883,2343
"ENSG00000204128",85,88,41,25,26,33,18,24,36,54,134
"ENSG00000204130",1522.99999,1452.99999,459,407,363,525,494,477,499,505,549
"ENSG00000204131",122,110.99999,362,856,287,477,429,559,732,494,587
"ENSG00000204138",1721.00001,1111.00001,1203,1153,1250,1141,1200,1134,1225,1124,1226
"ENSG00000204147",132,173.99999,222,255,277,261,309,254,209,202,184
"ENSG00000204149",430.99999,222.00001,278,256,236,211,293,248,195,269,376
"ENSG00000204152",920,715,385,417,340,438,357,374,524,465,657
"ENSG00000204160",388,585,116,91,127,56,86,43,72,86,68
"ENSG00000204172",115,127,187,129,199,138,212,134,95,192,214
"ENSG00000204178",1295,1217,229,170,222,152,236,212,291,227,391
"ENSG00000204186",828,1072,679,784,957,687,999,361,350,385,538
"ENSG00000204209",571.99999,477,1340,1245,1480,1780,1439,1439,1487,1951,2449
"ENSG00000204217",1779,1700.99999,1299,1235,1358,816,970,638,637,588,592
"ENSG00000204219",45,53.00001,25,13,28,25,18,38,21,26,18
"ENSG00000204220",267.00001,250.99999,193,172,177,218,159,246,194,136,149
"ENSG00000204227",717,772,243,170,239,158,240,193,208,151,147
"ENSG00000204228",175,217,554,500,536,679,523,791,897,828,705
"ENSG00000204231",535,444.00001,366,306,398,207,330,180,200,266,255
"ENSG00000204237",341,543.00001,758,790,769,1142,884,1320,1427,1185,1257
"ENSG00000204248",62,82,46,31,49,44,53,31,18,53,54
"ENSG00000204256",3296,2862.99999,3423,2955,4619,1855,3950,1782,1912,1967,3661
"ENSG00000204257",51,84,128,120,148,157,185,135,250,264,349
"ENSG00000204262",778,424,1052,941,498,839,524,382,509,1135,623
"ENSG00000204264",214,165.00001,754,924,743,944,849,1179,1237,999,950
"ENSG00000204267",169.99999,299.99999,132,120,163,83,144,47,53,56,53
"ENSG00000204271",1002,273,570,534,549,666,575,412,511,620,672
"ENSG00000204272",1619.99999,1056.99999,1697,1464,1560,2176,1577,2195,2430,2048,2050
"ENSG00000204291",1045.99999,440,160,465,45,192,109,198,159,80,778
"ENSG00000204301",154,110,165,136,90,144,103,222,305,304,236
"ENSG00000204304",682.00001,527,84,68,95,15,69,25,19,13,13
"ENSG00000204305",85.00001,90.00001,56,20,51,32,34,40,31,41,41
"ENSG00000204308",1112,930,2733,2488,2569,3169,2446,3357,3682,2860,3316
"ENSG00000204310",837.99999,828.00001,1837,1764,1652,1485,1712,1564,1843,1838,1765
"ENSG00000204311",80,108.99999,123,65,112,123,110,95,126,95,118
"ENSG00000204314",89.99999,63,24,20,28,10,25,6,14,18,7
"ENSG00000204315",60,48,131,88,124,115,92,126,116,120,210
"ENSG00000204316",491,488,1224,941,1131,1405,1149,1642,1754,1564,1824
"ENSG00000204323",56,27,42,42,30,60,35,19,62,44,23
"ENSG00000204334",157,396.99999,120,107,79,117,83,139,146,68,216
"ENSG00000204344",332.99998,283.99999,628,456,509,675,544,704,881,926,991
"ENSG00000204347",163,78,76,103,17,36,8,99,311,685,390
"ENSG00000204348",233.00001,252.00001,746,646,716,996,740,958,1087,981,1118
"ENSG00000204351",297,617.99999,1121,1166,1395,740,1158,660,552,583,671
"ENSG00000204356",929,798.99999,2135,1964,2088,2914,1900,2819,2960,2840,3397
"ENSG00000204370",598,412.00001,1987,1687,1733,2363,1779,2568,3099,3003,4043
"ENSG00000204371",1001,845,3051,2493,3218,2656,2629,1886,1662,2320,2409
"ENSG00000204381",78,213.99999,286,473,220,313,340,835,639,196,475
"ENSG00000204385",30.99999,63,39,27,56,3,38,65,62,15,54
"ENSG00000204386",386,607,2482,2533,2937,3469,3116,3580,3502,2720,5547
"ENSG00000204388",240,261,1774,2028,2275,2112,1886,2120,2561,3718,5261
"ENSG00000204389",254,268,1277,1494,1226,1630,1449,1788,1892,2153,3669
"ENSG00000204390",102,137,195,186,155,187,176,160,225,324,262
"ENSG00000204392",700.99999,590.99999,671,484,659,835,551,846,847,831,785
"ENSG00000204394",490,402,1205,1124,1239,1086,1113,742,878,1229,1200
"ENSG00000204396",138,27,87,50,134,50,110,63,76,66,96
"ENSG00000204406",5824,3901,624,416,721,348,580,220,270,277,355
"ENSG00000204410",355.99999,314,196,127,206,216,269,162,146,160,152
"ENSG00000204427",726.00001,491,1852,1685,1671,2230,1674,2300,2449,2584,2410
"ENSG00000204428",65,148,24,22,10,18,17,14,27,30,42
"ENSG00000204435",1675,1380.00001,2626,2462,2612,3307,2529,3529,3644,3096,3522
"ENSG00000204438",410.99999,437,575,553,602,752,666,796,665,669,708
"ENSG00000204439",180,138,1001,1092,1091,1381,1092,1199,1524,1307,2139
"ENSG00000204442",292,1370,140,124,124,168,80,86,126,272,66
"ENSG00000204444",59,51,54,58,53,53,41,100,80,69,90
"ENSG00000204463",1995.00002,2852.99999,881,847,1087,330,835,417,363,420,357
"ENSG00000204469",2620.00001,2025.99999,743,584,774,398,717,459,455,408,428
"ENSG00000204498",487,255.99999,626,595,678,753,686,718,707,751,654
"ENSG00000204514",761,573.99999,907,683,811,808,894,760,748,543,829
"ENSG00000204519",141,178,290,280,357,302,294,200,233,146,274
"ENSG00000204520",101,201,238,408,267,430,450,526,594,210,506
"ENSG00000204524",352,332,708,486,647,444,710,336,358,522,582
"ENSG00000204525",889.99999,2384,3205,4466,3848,3774,4853,4199,4440,4530,4812
"ENSG00000204531",81,21,61,31,30,46,52,35,41,49,47
"ENSG00000204536",134.99999,288.99999,341,294,314,430,288,447,362,449,450
"ENSG00000204560",395,498,1423,1318,1520,1703,1494,1235,1675,2142,2633
"ENSG00000204564",246.99999,368.00001,188,179,238,247,270,264,238,203,218
"ENSG00000204568",825,1072,2353,1741,2090,2628,2061,2748,2992,2832,3199
"ENSG00000204569",1040,973,1310,1242,1161,1213,1226,996,1080,1929,2658
"ENSG00000204574",1254,1494.99999,1378,1290,1319,1562,1275,1337,1755,1922,2284
"ENSG00000204576",463,382.99999,845,774,842,1157,736,1024,1251,1227,1458
"ENSG00000204580",3774,3295.99999,8220,7906,10408,4726,8460,4050,3869,7274,4765
"ENSG00000204590",990,929,2434,2223,2799,2452,2496,2352,2761,3361,3618
"ENSG00000204592",577,515,3186,3707,3844,3648,4050,3535,5190,9270,10820
"ENSG00000204599",253,304,628,711,623,665,614,571,669,785,1297
"ENSG00000204604",110,121,605,566,575,600,618,483,494,596,1003
"ENSG00000204611",180.99999,157,781,616,823,545,753,379,375,381,308
"ENSG00000204619",580.99999,541,1518,1410,1292,1557,1287,1648,1985,1771,2037
"ENSG00000204624",422,502,341,236,250,209,215,169,268,341,233
"ENSG00000204628",14481.99999,8881.99998,15378,11201,15135,12784,14751,14295,14036,11874,13865
"ENSG00000204634",503,514,408,578,427,392,392,243,480,493,722
"ENSG00000204642",33,53.99999,84,160,72,82,139,215,236,196,174
"ENSG00000204655",71,123,142,85,20,194,70,193,248,25,227
"ENSG00000204673",489.99999,370.00001,310,257,284,145,236,156,173,153,196
"ENSG00000204677",37,113,52,22,30,56,48,19,25,31,34
"ENSG00000204681",1604.99999,1198.99999,1419,694,799,883,733,653,687,1339,801
"ENSG00000204711",41,58,25,4,14,8,0,5,21,18,12
"ENSG00000204713",933,710,2513,2188,2424,2625,2505,2466,2499,2480,3261
"ENSG00000204740",164,220,15,26,7,26,5,23,27,20,30
"ENSG00000204764",1984.99999,1607.00001,245,187,207,266,210,273,296,276,233
"ENSG00000204815",220,240,191,136,156,224,113,178,167,206,267
"ENSG00000204822",37,982,503,408,457,675,443,841,776,489,508
"ENSG00000204839",55.99999,93,31,41,33,30,53,29,41,23,38
"ENSG00000204842",4165.99999,4428.00003,965,907,838,667,797,648,851,1075,1014
"ENSG00000204843",1314,1201.00001,5878,5773,5289,5717,5697,4296,4559,6856,6093
"ENSG00000204851",69,102,79,77,93,39,70,58,39,55,54
"ENSG00000204852",659.99999,662,2036,1683,1459,2127,1510,2479,2690,2218,2186
"ENSG00000204856",414,319,421,318,423,501,447,416,403,341,479
"ENSG00000204859",221,197.99999,525,468,613,640,654,612,739,765,1113
"ENSG00000204869",181,157,507,305,351,516,506,385,272,381,328
"ENSG00000204899",470,402,266,198,248,239,244,237,273,212,264
"ENSG00000204920",174,124.00001,433,338,389,475,418,352,390,335,441
"ENSG00000204922",584,566,517,349,469,567,505,892,777,661,828
"ENSG00000204923",88,114,148,103,124,121,122,91,84,82,93
"ENSG00000204930",22,17,13,7,16,21,13,10,28,10,2
"ENSG00000204946",258.99999,265.00001,364,346,409,378,378,303,306,440,562
"ENSG00000204947",100,132,324,337,297,265,310,286,265,319,360
"ENSG00000204950",31,28,15,19,20,10,15,26,20,33,7
"ENSG00000204954",426.00001,286.99999,330,280,276,389,375,385,355,345,367
"ENSG00000204961",204,294,88,61,87,86,134,54,42,45,41
"ENSG00000204965",40,51,15,5,19,22,15,14,19,1,2
"ENSG00000204967",250.99999,262,1343,1349,1190,1104,982,1124,906,1610,1185
"ENSG00000204977",801.00002,781,963,750,878,820,833,785,874,911,806
"ENSG00000204991",263.00001,246,125,100,139,96,118,68,116,172,244
"ENSG00000205038",203,265,24,13,17,16,25,13,16,0,12
"ENSG00000205045",36,50,78,49,85,85,66,40,52,38,54
"ENSG00000205060",440,557,2034,1795,2189,1801,1925,1840,2282,1827,2372
"ENSG00000205078",456,653,102,81,115,124,87,188,102,109,77
"ENSG00000205084",417.99999,480.99999,1403,1106,1357,1668,1384,1302,1448,1579,1803
"ENSG00000205085",144,172.99999,32,41,43,42,39,25,38,30,71
"ENSG00000205129",312,374,328,195,284,238,339,208,167,236,449
"ENSG00000205133",1158.99999,477,476,369,559,459,405,316,286,260,366
"ENSG00000205138",194,252,399,344,385,518,370,476,632,766,784
"ENSG00000205155",599,574,1323,996,955,1423,915,1838,1946,1742,1820
"ENSG00000205189",762,698,471,348,396,255,406,184,275,261,346
"ENSG00000205208",395,315,402,227,273,255,239,226,250,303,290
"ENSG00000205209",142,73,79,71,52,51,57,47,66,41,58
"ENSG00000205213",2706.99999,2371.99999,1567,1473,1195,892,1061,738,1509,4597,2077
"ENSG00000205220",374,263,567,526,447,726,460,1088,1031,881,668
"ENSG00000205238",489,125,157,88,46,135,116,124,124,66,157
"ENSG00000205250",515,426,918,821,776,972,775,1042,1650,1784,2117
"ENSG00000205268",781,1017,230,152,155,270,217,160,132,219,208
"ENSG00000205269",373,393,148,105,136,100,130,62,78,96,122
"ENSG00000205302",1284,1274,3047,2651,3316,3674,3263,3150,3445,3275,4823
"ENSG00000205309",151,168,35,40,38,38,43,40,41,54,75
"ENSG00000205323",1121.00001,892,1408,1254,1292,1811,1303,2115,2182,1882,2108
"ENSG00000205336",371,420.99999,613,626,411,246,521,171,187,301,246
"ENSG00000205339",1648,1529,972,824,1436,545,928,459,379,329,472
"ENSG00000205352",315,336.00001,1528,1280,1414,1654,1477,1831,2036,1962,2785
"ENSG00000205356",831,1119,809,575,924,504,696,333,290,424,429
"ENSG00000205363",218,171,105,69,46,57,70,16,34,66,61
"ENSG00000205364",20,51,4,2,0,2,0,3,23,10,85
"ENSG00000205403",2478.00001,1884,4081,2873,3928,4022,3204,3365,7076,8484,5653
"ENSG00000205413",40,58,24,58,19,36,44,30,53,43,22
"ENSG00000205423",311.00001,403.99999,564,393,527,549,416,428,551,520,816
"ENSG00000205476",1182,1910,521,368,452,301,522,265,488,277,398
"ENSG00000205482",122,125,21,14,32,31,32,15,23,21,36
"ENSG00000205517",205,173.00001,298,143,361,196,335,288,344,243,177
"ENSG00000205531",3035,2141.00001,3248,3037,3084,3364,2931,3443,3824,3988,3800
"ENSG00000205542",9530,6389.99999,72577,46830,58017,83134,50120,83804,91076,87559,54872
"ENSG00000205544",739,707,509,397,460,589,400,732,734,553,463
"ENSG00000205560",244,213.99999,373,251,316,389,383,249,331,390,428
"ENSG00000205571",31,24,362,324,339,388,349,319,433,321,698
"ENSG00000205581",6094,9829.99998,5807,3061,4602,6928,3655,4954,5321,5134,4009
"ENSG00000205593",526,322,662,572,556,552,403,598,789,971,986
"ENSG00000205609",90,105,0,84,0,0,32,24,13,0,0
"ENSG00000205629",936.99999,1134,1197,944,941,1464,947,1537,1622,1563,1841
"ENSG00000205639",60,73,15,16,20,10,33,25,14,3,5
"ENSG00000205643",203,118,494,374,455,671,440,713,631,504,504
"ENSG00000205659",350,429,781,755,777,981,687,872,1165,975,1310
"ENSG00000205683",1752.99999,1394,332,108,203,217,216,136,152,280,165
"ENSG00000205702",161,144,148,72,134,134,127,66,48,118,53
"ENSG00000205707",445,467.00001,690,483,532,686,435,667,826,583,821
"ENSG00000205726",4274,5035.99999,1990,1637,1510,2255,1653,1900,1698,1848,1406
"ENSG00000205730",248,164,210,102,101,99,135,117,166,230,192
"ENSG00000205744",21,36.99999,178,102,224,171,308,138,156,72,192
"ENSG00000205758",1471.00001,1667.99999,1320,903,1338,1552,1388,1475,1601,1372,1731
"ENSG00000205765",482,563,864,867,1098,616,1031,467,554,648,835
"ENSG00000205795",102,110,188,173,238,204,196,134,345,385,390
"ENSG00000205808",90,178,604,525,556,616,515,527,543,366,401
"ENSG00000205838",909,712,123,55,82,82,65,77,72,57,46
"ENSG00000205903",422,390,131,102,85,48,95,93,81,158,191
"ENSG00000205929",125,62,268,162,189,266,162,355,369,386,375
"ENSG00000205937",1727.99998,1226.00001,4988,4355,4705,6448,4593,6764,7841,7552,8111
"ENSG00000205978",303,225,1690,1373,2707,856,2045,637,541,822,552
"ENSG00000205981",1062.99999,670.99999,1256,940,1022,1473,899,1449,1777,1338,1662
"ENSG00000206052",579,1132,189,151,211,112,136,126,131,258,157
"ENSG00000206053",789,430.00001,1087,986,1069,856,1081,764,671,671,575
"ENSG00000206072",96,108,29,11,127,26,60,33,56,15,88
"ENSG00000206077",153,233,197,269,263,264,357,119,141,106,214
"ENSG00000206190",57.00001,118,24,7,9,17,3,19,20,26,22
"ENSG00000206384",1156,573,314,162,99,228,95,115,66,170,33
"ENSG00000206418",732,593,22,30,30,12,20,13,16,14,12
"ENSG00000206432",94,84,53,44,41,48,46,29,37,36,54
"ENSG00000206503",1734,2484.00001,5974,8328,5643,7810,7240,8431,10425,7809,8011
"ENSG00000206527",249,297,871,834,842,583,768,463,526,421,499
"ENSG00000206530",466,770.99999,168,165,110,127,130,77,123,106,130
"ENSG00000206535",314,351,227,163,215,362,157,280,365,309,299
"ENSG00000206538",44,132,29,55,19,16,29,14,13,39,14
"ENSG00000206557",104,88,153,28,129,83,152,96,119,47,35
"ENSG00000206559",135,216,91,89,108,124,95,118,78,64,79
"ENSG00000206560",3408.99999,2124,700,610,574,526,603,319,544,705,739
"ENSG00000206561",433.00001,221,190,107,149,200,157,113,146,158,232
"ENSG00000206562",418.00001,419.00001,456,333,434,472,426,439,486,406,718
"ENSG00000206579",405,349,322,130,238,137,147,214,196,135,71
"ENSG00000211445",4381,11313.00001,3377,7814,3829,8784,3949,6077,9597,9456,12279
"ENSG00000211448",393,251,68,102,63,57,22,41,119,464,77
"ENSG00000211450",2209,1660,1837,1470,1540,2534,1581,3268,3333,2592,2449
"ENSG00000211454",147,74,31,30,25,37,39,26,24,57,52
"ENSG00000211455",599.99999,504,793,644,710,624,696,458,581,882,1205
"ENSG00000211456",1903.00001,952.99999,1120,1016,1058,978,1114,810,1084,918,1079
"ENSG00000211460",866,675.99999,2868,2321,2413,2974,2364,2671,3154,3258,3617
"ENSG00000211584",394,351,2169,2091,2342,2049,1970,2017,3228,3091,4323
"ENSG00000212127",40,54,55,43,45,47,59,52,59,43,87
"ENSG00000212747",647,658,700,622,622,765,739,923,978,884,705
"ENSG00000212864",277,232,71,33,66,19,84,40,41,38,25
"ENSG00000212907",3571,1455,1357,1578,1681,1210,1546,1514,2647,1047,1230
"ENSG00000212916",79,28,82,67,68,155,85,87,51,69,65
"ENSG00000212993",21,32,29,21,21,33,24,26,24,10,19
"ENSG00000213015",661,561.99999,625,521,483,338,287,402,539,519,437
"ENSG00000213020",551,442,506,439,483,310,514,285,277,302,280
"ENSG00000213023",55,95,52,28,56,59,39,37,68,142,89
"ENSG00000213024",817.00002,700.99998,1788,1757,1966,1782,1804,1778,1812,1642,1707
"ENSG00000213047",2534,2259.00002,534,490,540,399,405,351,487,399,356
"ENSG00000213064",743,421,1516,1409,1212,1237,1270,993,1175,1105,1335
"ENSG00000213066",1343.99999,1276.00001,629,364,530,604,592,373,505,505,568
"ENSG00000213079",2665,2748,704,592,610,437,558,325,443,566,601
"ENSG00000213085",39,55,31,11,1,11,0,18,6,15,7
"ENSG00000213088",190,100,49,32,31,47,40,40,57,133,69
"ENSG00000213096",939.00001,863,721,707,714,732,724,505,668,483,543
"ENSG00000213123",620,763.00001,367,203,276,329,195,413,418,415,319
"ENSG00000213139",103,115,13,2,10,13,11,14,24,31,13
"ENSG00000213145",120,34,121,98,150,99,115,237,242,232,165
"ENSG00000213160",767,672,1018,712,1153,946,898,651,585,482,766
"ENSG00000213186",210.00001,173,348,259,422,255,410,264,217,218,258
"ENSG00000213190",2792,2298,4793,3312,3411,5255,2706,5101,4638,5374,4847
"ENSG00000213199",84,104,50,24,32,29,44,18,28,16,16
"ENSG00000213204",309,24,6,41,9,19,20,37,2,23,10
"ENSG00000213213",190,138,50,66,73,81,75,71,56,63,75
"ENSG00000213221",314,231,18,27,3,3,6,16,45,146,106
"ENSG00000213246",870,834,1063,886,992,1184,886,1382,1321,970,1228
"ENSG00000213265",27,47,47,33,46,54,57,37,30,32,40
"ENSG00000213281",607,454,1430,1204,1092,1070,1092,817,918,1086,1390
"ENSG00000213297",85,39,163,134,199,339,210,255,259,286,436
"ENSG00000213337",452,417,479,411,416,474,387,645,508,410,433
"ENSG00000213339",442,368,1234,858,945,1304,1059,1528,1822,1495,1365
"ENSG00000213341",445,427,634,698,603,562,612,521,724,648,1122
"ENSG00000213347",211,87.99999,67,44,47,55,46,102,85,52,80
"ENSG00000213366",479,313.99999,1833,2084,2247,2465,2715,2816,2915,1954,2010
"ENSG00000213380",637,396,1432,1228,1330,1500,1307,1433,1730,1878,2722
"ENSG00000213390",377,369.99999,410,416,433,454,353,208,240,394,384
"ENSG00000213397",144,105.00001,219,207,170,253,197,329,385,319,324
"ENSG00000213398",60,50,89,119,113,97,142,65,71,147,86
"ENSG00000213420",393,277,248,167,200,191,150,164,72,91,49
"ENSG00000213424",21,81,8,19,5,21,15,19,20,31,3
"ENSG00000213445",117,119.99999,105,92,78,81,72,92,191,257,253
"ENSG00000213462",49,58,381,253,284,444,337,452,490,407,396
"ENSG00000213463",852,910,979,917,873,862,869,966,1073,818,1337
"ENSG00000213465",698,746,1902,1799,1815,2514,2211,2879,3382,2677,2875
"ENSG00000213512",57,78,19,14,5,11,6,9,19,17,24
"ENSG00000213516",309,450,582,601,637,561,606,502,690,753,1194
"ENSG00000213523",670,591.00001,1190,1023,1010,1502,1023,1723,2165,2091,2912
"ENSG00000213533",277,214,440,474,270,236,186,253,516,1064,1012
"ENSG00000213551",457,511,791,745,756,939,780,1085,1228,1104,1124
"ENSG00000213563",250.00001,276.00001,22,20,29,24,19,11,15,106,132
"ENSG00000213578",36,48,1574,876,1672,2329,1395,1776,1956,1936,952
"ENSG00000213585",2638,2861,5593,4876,5065,6920,4880,6112,7139,6607,7248
"ENSG00000213588",134,137,540,486,512,535,582,488,518,522,690
"ENSG00000213593",833,840.99999,3127,2722,2557,3389,2518,3871,5084,4306,5816
"ENSG00000213614",1699.00003,2548,4850,4873,4697,5482,4751,6338,6561,5327,7412
"ENSG00000213619",1404,1256,1629,1302,1265,2071,1294,2310,2413,2174,2221
"ENSG00000213625",1032,950,2396,2471,2267,2343,2367,2557,3029,1573,2375
"ENSG00000213626",1742,2461,3801,3559,4366,5218,5592,4196,4132,5476,4839
"ENSG00000213638",52,30,105,71,77,95,45,102,185,191,261
"ENSG00000213639",3484,2272.99998,6505,5452,7060,4738,5859,4006,5226,5575,6121
"ENSG00000213658",30,76,28,11,31,26,23,12,27,19,10
"ENSG00000213672",257,299.00001,1120,923,1472,926,1347,747,641,595,861
"ENSG00000213676",929,746.99999,569,531,529,428,493,405,701,1034,419
"ENSG00000213694",418,381,565,492,377,427,348,230,687,1371,791
"ENSG00000213699",773,676,1644,1432,1536,1183,1487,1884,2210,1911,2393
"ENSG00000213719",2466,1478,3501,3070,3424,4521,3151,4908,4989,6108,5373
"ENSG00000213722",1647.00001,1300.00001,3176,2369,2989,3000,2559,4021,3412,3882,2659
"ENSG00000213741",12535,12354.99999,1842,1460,1992,2073,1770,1980,1957,1444,1244
"ENSG00000213760",214,282,703,511,779,779,582,729,781,1030,751
"ENSG00000213762",314,289,1462,1248,1501,1410,1505,1056,1263,1395,1551
"ENSG00000213780",142,186,179,121,179,209,146,143,110,101,67
"ENSG00000213782",592,444.99999,1931,1836,1809,2587,2020,2696,2891,2286,3210
"ENSG00000213793",42,59,94,106,149,81,163,68,83,94,85
"ENSG00000213799",97,87,274,217,258,150,252,106,132,123,169
"ENSG00000213853",230,150,1032,1733,874,1346,1307,1888,1709,765,1356
"ENSG00000213859",108,136,617,678,676,710,710,664,859,683,845
"ENSG00000213889",163.99999,310.00001,62,37,60,76,33,90,63,145,59
"ENSG00000213903",160,145,47,74,47,56,55,59,84,135,103
"ENSG00000213918",261,285,805,759,815,839,777,654,521,562,622
"ENSG00000213920",420,511,730,458,559,852,446,947,1008,804,887
"ENSG00000213923",3142.00001,1956,1478,1253,1337,1091,1279,1345,1412,1819,1513
"ENSG00000213928",567,509.99998,1150,1044,1093,1497,1084,1272,1462,1951,2348
"ENSG00000213930",394.99999,372,1510,1338,1412,2239,1803,2125,2295,1903,1660
"ENSG00000213949",229,267,164,140,78,84,150,99,86,171,79
"ENSG00000213965",215,151,141,161,154,83,182,142,223,252,285
"ENSG00000213977",267,212,1369,1396,1377,1590,1398,2160,1828,1470,1486
"ENSG00000213983",296,300.99998,1267,1116,1432,1667,1693,1147,1222,1072,1153
"ENSG00000213988",111,95,122,111,123,91,139,105,98,74,103
"ENSG00000213995",570,430.99999,2043,1859,1913,2265,1945,2078,2363,2166,2539
"ENSG00000213996",48,38,21,15,6,44,13,25,57,30,65
"ENSG00000213999",98,19,46,39,27,4,4,5,48,5,20
"ENSG00000214013",244,340.00001,459,416,392,452,542,322,316,285,403
"ENSG00000214021",895.00001,546.00003,907,716,905,693,929,524,548,693,589
"ENSG00000214022",1058,1092.99999,1246,1217,1332,914,1095,913,1283,1527,1887
"ENSG00000214029",484,571,458,359,428,401,508,277,232,173,294
"ENSG00000214046",1438.99999,1135.00001,1774,1381,1479,2114,1451,2242,2413,1953,2440
"ENSG00000214050",925,1006,190,114,130,172,165,150,183,194,210
"ENSG00000214063",1230.00001,835.00001,1908,2413,2647,2426,2874,2673,2952,2374,2742
"ENSG00000214078",1480.00002,534,3335,2932,3927,3583,3629,3961,4344,4674,3642
"ENSG00000214087",520.99999,448.00002,1343,1140,1234,1577,1115,1728,1948,1539,2175
"ENSG00000214113",1385,1224.00001,901,780,925,1009,898,1027,1138,978,873
"ENSG00000214114",291,166,382,300,330,394,305,331,566,501,499
"ENSG00000214128",16,26,35,8,25,28,27,18,15,8,36
"ENSG00000214140",626,1311.00002,371,123,230,640,292,302,349,440,268
"ENSG00000214160",252.99999,312,908,1013,1014,1234,1178,1441,1810,1379,1627
"ENSG00000214193",337.00001,330,249,199,267,203,283,136,126,199,215
"ENSG00000214194",670,895,979,768,870,1125,698,1147,1177,842,1073
"ENSG00000214212",36,54,89,81,122,178,160,125,101,123,207
"ENSG00000214226",78,49,19,15,16,15,12,6,6,27,49
"ENSG00000214253",1126,890,1706,1454,1183,2107,1355,2706,2767,2322,1815
"ENSG00000214265",31,31,19,9,2,17,17,19,26,14,26
"ENSG00000214274",98,66,205,174,246,242,336,256,296,245,327
"ENSG00000214279",209.99999,173,134,59,96,52,101,47,57,58,71
"ENSG00000214290",25,16,90,40,87,72,95,47,119,80,117
"ENSG00000214300",127,96,241,155,201,183,228,113,78,45,92
"ENSG00000214309",84,66,50,51,36,90,46,78,111,102,163
"ENSG00000214336",252,160,328,280,550,240,489,200,260,180,144
"ENSG00000214338",1060,820,91,136,115,172,110,138,150,270,233
"ENSG00000214357",77,36,63,29,16,29,36,34,18,51,39
"ENSG00000214367",214,162,367,295,360,319,356,197,289,249,335
"ENSG00000214402",77,121,68,34,62,24,107,10,32,7,25
"ENSG00000214413",847,449.99999,602,482,532,572,428,536,562,481,567
"ENSG00000214435",360,355,384,349,427,415,439,443,467,372,587
"ENSG00000214456",18,27,87,100,95,114,110,125,162,105,213
"ENSG00000214491",208,147,287,342,304,188,319,159,284,233,229
"ENSG00000214517",926.99999,787.00001,2484,2374,2121,2446,2256,2350,2555,2883,3799
"ENSG00000214530",313.00001,457.99999,460,567,797,652,884,706,621,644,978
"ENSG00000214562",24,17,58,40,33,18,37,26,37,41,30
"ENSG00000214575",259,366.99998,384,507,599,585,698,504,487,412,622
"ENSG00000214595",959,1161,182,249,159,289,169,103,108,141,73
"ENSG00000214654",127,112,214,150,107,133,107,100,101,100,245
"ENSG00000214655",930.00001,626,708,667,777,302,600,321,387,416,534
"ENSG00000214706",335,268,1386,1408,1330,1807,1499,2172,2592,1868,2551
"ENSG00000214711",29,100,23,24,21,22,31,19,7,13,11
"ENSG00000214753",1272,1028,124,73,102,92,120,118,128,140,100
"ENSG00000214756",106,112,133,102,103,86,117,129,78,82,69
"ENSG00000214787",50,31,78,50,60,43,64,35,39,34,75
"ENSG00000214872",33,30,18,24,13,24,19,22,10,14,18
"ENSG00000214941",462,703,638,449,546,694,541,742,789,701,804
"ENSG00000214944",612,1769.99999,639,623,778,495,689,273,379,398,324
"ENSG00000214960",311,488,99,208,65,154,130,184,139,72,116
"ENSG00000215012",323,290.00001,1037,1106,1242,807,1291,838,858,807,1111
"ENSG00000215018",346,431,72,45,66,38,76,42,82,33,39
"ENSG00000215021",1405.00001,1214,2352,2029,2067,2698,2069,3098,3352,2858,3279
"ENSG00000215041",188,198,267,200,248,138,208,79,155,180,128
"ENSG00000215045",146,350,23,13,32,26,25,17,18,24,17
"ENSG00000215114",688,580,1705,1404,1404,1524,1393,1135,1211,1510,1670
"ENSG00000215126",227,193,276,188,259,299,262,312,314,316,438
"ENSG00000215156",110,141,111,95,114,106,172,68,56,57,62
"ENSG00000215193",708.00001,594.99999,381,297,335,303,348,288,330,284,292
"ENSG00000215217",59,45,207,66,82,156,75,193,268,270,209
"ENSG00000215218",232,471,97,85,99,137,112,86,115,108,81
"ENSG00000215251",320,358,691,631,705,876,760,599,985,1100,1875
"ENSG00000215252",467,576.00001,1028,804,846,926,1005,801,1053,747,657
"ENSG00000215301",2079,2144.99999,8623,8283,8100,7621,8096,5382,7387,8830,11906
"ENSG00000215305",367,383.00001,1296,1341,1176,1545,1200,1420,1522,1950,1398
"ENSG00000215375",405.99999,462,329,330,325,423,336,445,511,422,327
"ENSG00000215397",79,73,55,16,40,18,34,34,5,21,11
"ENSG00000215421",774.99999,628.99999,347,328,357,253,305,215,211,173,249
"ENSG00000215440",458,285,158,117,150,164,202,162,218,265,189
"ENSG00000215472",32,32,1630,1220,1470,2014,1452,1739,2097,1553,1824
"ENSG00000215612",1713,1410,131,70,117,43,93,97,98,392,197
"ENSG00000215644",97,76,1072,764,2267,1252,2101,1154,1056,929,1081
"ENSG00000215712",453,428,700,669,638,899,623,928,1025,1023,1131
"ENSG00000215717",492,570,1706,1468,1870,1624,1692,1322,1311,1069,2133
"ENSG00000215788",508,483,250,143,156,134,189,150,252,335,301
"ENSG00000215883",138,229,416,398,412,421,470,331,259,322,504
"ENSG00000215912",83,118,41,19,22,24,39,25,30,21,14
"ENSG00000216937",776.99999,1764.99999,71,35,58,97,63,67,66,60,44
"ENSG00000217128",2129,2626,733,688,777,646,789,422,500,456,750
"ENSG00000217442",32,41,37,14,26,38,35,27,34,33,27
"ENSG00000217555",662.00001,308.00001,252,191,188,354,176,403,383,273,276
"ENSG00000217930",465.00001,554.00001,326,204,291,398,269,464,380,361,324
"ENSG00000218336",499,380,1321,1583,1185,547,908,602,1047,1093,769
"ENSG00000218739",251,61,298,323,273,187,270,215,159,123,315
"ENSG00000218891",246,239,23,25,36,12,24,13,4,9,9
"ENSG00000219200",2094,2348.00001,3720,3587,3956,4913,3852,5862,5586,4039,4464
"ENSG00000219481",490,454.00001,3211,3128,3327,3015,3375,1944,1906,2541,2575
"ENSG00000219545",835,1249,518,474,443,507,426,557,617,541,744
"ENSG00000219607",34,51,123,116,103,113,67,46,149,124,190
"ENSG00000219626",1189,1229,789,682,700,952,789,654,785,816,767
"ENSG00000220201",42,60.00001,42,52,49,40,42,50,41,83,46
"ENSG00000220205",3451,4295,2567,2057,3042,2792,2573,2527,3057,3021,3045
"ENSG00000221821",174,216,196,154,203,259,176,308,302,229,204
"ENSG00000221823",1151,2033,68,43,37,55,41,18,50,29,34
"ENSG00000221829",164.99998,87.99999,533,453,520,528,444,507,470,470,513
"ENSG00000221838",349,301,595,459,576,650,630,656,610,593,698
"ENSG00000221843",121,40,89,79,72,111,71,32,58,101,49
"ENSG00000221866",232,414,183,140,158,89,105,83,103,184,82
"ENSG00000221869",688,545,76,45,61,55,35,36,191,1938,1749
"ENSG00000221886",169,172,557,461,648,588,568,446,459,480,544
"ENSG00000221890",234,293,170,171,177,89,153,79,88,124,102
"ENSG00000221909",196,224,448,337,434,472,422,426,487,439,682
"ENSG00000221914",1379.00002,947.99999,326,241,373,211,260,192,263,248,216
"ENSG00000221916",38,56,46,39,54,80,56,76,64,59,49
"ENSG00000221923",201,260.99999,188,168,161,96,160,138,114,109,137
"ENSG00000221926",387.99999,356,1195,1002,902,1475,1109,1036,1125,1383,2014
"ENSG00000221944",187,158,821,564,798,983,920,701,701,585,954
"ENSG00000221946",263.00001,109,24,13,23,23,18,18,21,26,17
"ENSG00000221947",105,380,83,38,103,59,80,56,55,54,106
"ENSG00000221955",125,191,162,122,162,88,187,122,143,100,126
"ENSG00000221963",82,58,203,271,186,107,162,98,137,255,439
"ENSG00000221968",189,200.00001,506,723,211,421,261,709,1249,892,1912
"ENSG00000221978",1997.00001,1428,4986,4170,3862,5855,4821,3921,5133,6003,5912
"ENSG00000221983",5413.99998,3787.00002,3595,3016,3709,3988,3828,5059,4307,3421,3281
"ENSG00000221986",29,19.00001,55,59,20,97,62,121,67,26,61
"ENSG00000221988",392.99999,434,1008,783,750,1010,769,1104,1258,1318,1014
"ENSG00000221994",69,127,38,45,23,53,21,24,66,59,38
"ENSG00000222009",107,61,252,252,267,200,223,271,240,195,240
"ENSG00000222011",509,325,249,157,245,361,261,277,222,199,165
"ENSG00000222046",65,41,31,27,36,21,26,24,25,15,16
"ENSG00000223496",541,740,372,433,338,372,390,396,456,436,772
"ENSG00000223501",591,463,1785,1645,1645,2336,1686,1772,2127,2368,1987
"ENSG00000223547",182.99999,216,275,221,243,200,301,121,154,130,225
"ENSG00000223572",72,89,110,61,144,247,106,115,122,185,111
"ENSG00000223573",77,44,493,250,568,201,390,247,225,313,192
"ENSG00000223802",379,356,33,35,35,32,39,26,23,68,76
"ENSG00000223865",366,244.00001,408,357,498,563,496,469,559,725,652
"ENSG00000223953",585,16,686,1086,181,531,223,1235,2221,675,2142
"ENSG00000224051",213,187,468,438,523,246,452,265,276,256,305
"ENSG00000224109",32,28,80,133,43,90,64,138,118,126,168
"ENSG00000224383",19,19,77,32,39,6,24,13,13,29,14
"ENSG00000224389",65,60,6318,5903,6270,4247,6378,2157,5263,9801,9722
"ENSG00000224420",59,49,17,5,7,12,9,6,12,25,31
"ENSG00000224470",339,302,540,583,619,304,667,203,323,325,525
"ENSG00000224531",547,779,186,81,230,155,186,79,149,190,172
"ENSG00000224877",668,848,487,468,299,580,256,746,987,947,899
"ENSG00000225190",482.00001,355,441,487,567,293,558,218,170,275,404
"ENSG00000225663",1348.00001,1068,2133,1898,2183,2667,1877,2741,2861,2809,2233
"ENSG00000225697",117.99999,140,561,449,578,787,750,467,430,429,492
"ENSG00000225828",99,110,74,51,134,54,124,30,47,50,66
"ENSG00000225830",1341,1117.99998,610,532,613,543,601,381,445,364,506
"ENSG00000225921",1307,1384,1220,1193,1100,1786,1238,1910,2047,1869,2267
"ENSG00000225968",774,738,262,237,230,107,157,71,111,130,92
"ENSG00000225973",279,302,343,228,274,371,297,409,381,403,381
"ENSG00000226124",80,243.99999,79,97,106,90,77,119,121,90,81
"ENSG00000226174",89,33,31,22,30,7,18,24,14,34,43
"ENSG00000226314",20,116,51,31,36,18,31,28,28,30,30
"ENSG00000226479",246,248,796,955,719,596,581,709,1058,1428,1790
"ENSG00000226742",183,233,270,237,244,311,266,322,417,293,366
"ENSG00000226763",61,33,35,12,29,34,25,8,14,25,14
"ENSG00000227051",378,319,2901,2249,2614,2075,2611,1266,1056,1547,1505
"ENSG00000227057",262.99999,213,759,593,715,997,709,959,956,1140,1212
"ENSG00000227268",15,765,32,43,31,28,42,22,24,48,45
"ENSG00000227345",819,815,775,798,846,866,786,551,605,722,905
"ENSG00000227500",521.00001,434.00001,813,716,908,296,789,535,529,424,532
"ENSG00000227729",40,49,27,16,30,44,26,76,66,40,49
"ENSG00000227877",208.99999,256,8,27,16,16,17,64,13,14,1
"ENSG00000228049",28,26,315,260,196,366,315,229,201,188,271
"ENSG00000228198",18,34,31,7,23,11,23,14,21,7,22
"ENSG00000228253",21,24,1195,1487,1167,967,1256,1045,2553,1198,1717
"ENSG00000228300",290.00001,296,139,182,178,162,200,258,429,462,531
"ENSG00000228474",3320.00001,2636,4108,3544,4070,4976,3623,6217,5960,4618,4444
"ENSG00000228486",374.99998,405.99999,48,47,61,82,85,47,43,53,51
"ENSG00000228570",255,29,22,4,15,19,17,8,10,10,9
"ENSG00000228594",167,160,103,61,108,42,68,77,107,198,124
"ENSG00000228623",762,902,368,318,336,376,425,304,241,263,294
"ENSG00000228672",44,31,28,17,32,13,25,14,33,67,117
"ENSG00000228696",149,419,620,542,514,616,584,491,529,496,526
"ENSG00000228716",314,260,334,322,225,239,183,274,307,257,217
"ENSG00000229117",1947,1554,16038,11510,16124,15776,14476,19401,17991,13398,13150
"ENSG00000229474",19,25,35,22,22,41,25,15,33,16,17
"ENSG00000229809",253.00001,170,435,339,353,530,365,561,748,646,583
"ENSG00000229833",357,340.00001,1127,1010,1094,1675,952,1960,1893,1307,1124
"ENSG00000230124",1272,2031.00001,1091,1084,940,1247,985,1324,1576,1452,1506
"ENSG00000230358",222,34,11,13,10,14,18,20,27,20,12
"ENSG00000230797",92,72,36,40,31,45,32,40,37,38,51
"ENSG00000230989",3569.99999,2965.00001,7432,4963,5733,7624,4422,7826,8759,7617,7671
"ENSG00000231500",5459.00001,3230.99999,17675,10250,15764,14523,13714,18011,17378,13927,12666
"ENSG00000231738",105.00001,251,65,48,92,61,55,93,98,56,71
"ENSG00000231887",221,224,123,125,121,147,104,139,198,127,147
"ENSG00000231925",1311.00001,1118.99999,4664,4488,5448,4588,5001,3894,5175,6776,6088
"ENSG00000232040",140,219.99999,293,257,365,311,322,173,206,248,214
"ENSG00000232112",3393,3103,2989,2211,2179,3424,2192,4542,4318,2997,3268
"ENSG00000232119",568.99999,562,779,617,691,731,633,865,768,661,769
"ENSG00000232388",1191,1168,1002,753,887,1063,799,1238,1360,929,1280
"ENSG00000232434",297,135,62,64,83,69,75,34,49,37,108
"ENSG00000232593",794,1078,364,235,385,350,354,210,247,231,328
"ENSG00000232653",80,36,49,42,54,34,80,14,22,27,4
"ENSG00000232838",219,211,383,337,472,539,438,514,592,433,501
"ENSG00000232859",244.00002,275,547,470,564,501,481,557,579,485,537
"ENSG00000233232",72,72,36,15,22,7,16,14,15,18,34
"ENSG00000233276",1824,1782.99999,3279,3096,2637,4180,3324,5431,5075,3521,4023
"ENSG00000233436",276,241,46,41,76,27,55,9,12,24,7
"ENSG00000233757",263,197,224,135,177,94,216,86,78,65,111
"ENSG00000233822",112,157,46,32,39,34,64,49,47,51,96
"ENSG00000233927",164.00001,142.99999,3423,2731,3406,3627,3477,4356,3897,2515,2985
"ENSG00000233954",78,67,47,30,46,24,41,25,12,20,19
"ENSG00000233974",146,67,118,67,99,102,205,52,50,48,43
"ENSG00000234127",749,685.99999,1132,1012,1064,1407,1106,920,1397,1541,1858
"ENSG00000234284",196,236,358,269,359,311,334,255,275,249,352
"ENSG00000234465",148,139.99999,182,105,139,185,131,165,203,208,165
"ENSG00000234545",845.00001,610.99999,379,237,302,418,305,434,460,480,655
"ENSG00000234616",250.00001,109,831,906,891,653,893,434,422,398,392
"ENSG00000234719",103,170,252,244,246,266,282,259,241,204,331
"ENSG00000234745",1158,3248,5244,7607,5874,6515,8310,7643,7610,7315,8459
"ENSG00000234857",20,29,0,51,0,18,10,17,117,108,200
"ENSG00000235034",309,373,65,62,60,70,44,98,155,153,140
"ENSG00000235098",533,114,101,79,62,121,126,97,209,160,375
"ENSG00000235106",500,538,2955,2374,3010,3216,2925,3000,3032,3358,3638
"ENSG00000235109",143,83,243,169,140,232,181,161,213,129,190
"ENSG00000235162",168,250,158,242,179,181,150,148,336,270,178
"ENSG00000235169",69,81,65,55,51,72,74,125,64,22,39
"ENSG00000235173",170,156,66,69,54,43,50,79,107,271,331
"ENSG00000235194",410.99999,675,434,315,631,457,587,282,273,317,398
"ENSG00000235272",63,102,20,14,13,12,36,12,5,20,28
"ENSG00000235453",658,717.00001,233,159,215,288,180,309,321,242,267
"ENSG00000235718",100,307,696,1054,179,798,595,1426,1651,193,1446
"ENSG00000235750",20,40,92,121,122,132,123,87,194,479,543
"ENSG00000235863",71,97,26,5,4,26,3,19,24,56,43
"ENSG00000235961",40,31,156,104,222,113,139,94,91,110,114
"ENSG00000236104",292,268,570,410,637,281,517,224,217,242,216
"ENSG00000236287",977,892.00001,1427,1150,1291,1454,1201,1048,1238,1190,1522
"ENSG00000236609",497,491,83,75,53,39,59,76,95,208,223
"ENSG00000236782",589,742.99999,1687,993,1861,2007,2094,1461,2114,1150,1306
"ENSG00000237172",126,80,906,1019,948,667,674,727,1406,1610,1895
"ENSG00000237190",441,560,632,467,533,741,496,868,830,756,749
"ENSG00000237289",118,156,287,101,169,384,209,211,246,382,125
"ENSG00000237412",19,28,24,13,4,4,2,20,71,123,140
"ENSG00000237440",292,273.00001,628,547,589,472,639,348,415,248,377
"ENSG00000237441",504.00001,685.99999,1027,817,959,577,802,532,525,607,507
"ENSG00000237489",132.99999,111,98,98,91,140,82,123,197,147,103
"ENSG00000237515",168,168,231,188,149,151,223,136,162,368,284
"ENSG00000237649",233,57,183,122,111,123,145,181,54,84,49
"ENSG00000237651",312,228,381,286,397,471,338,482,538,457,442
"ENSG00000237765",703,711,894,857,1081,1102,884,975,1239,1039,1018
"ENSG00000238083",114.99999,107,626,493,567,537,501,383,371,410,352
"ENSG00000238227",283,375,195,161,99,98,134,152,293,442,508
"ENSG00000239264",444,301,286,279,272,7,290,354,312,644,994
"ENSG00000239268",648.99999,505,61,78,57,85,54,81,52,147,93
"ENSG00000239282",99,60,684,509,793,727,704,923,856,656,682
"ENSG00000239305",461,477,340,269,237,250,217,263,399,511,576
"ENSG00000239306",520,532,2142,1842,2064,1915,2025,1613,1497,1504,2306
"ENSG00000239382",156.00001,180.99998,206,212,124,135,87,180,406,455,494
"ENSG00000239388",124,119,14,18,15,31,19,12,10,3,14
"ENSG00000239474",34,142,81,53,54,100,93,81,81,57,48
"ENSG00000239672",2959.99999,2690,2705,1402,1608,2740,1387,2769,3451,3268,2701
"ENSG00000239697",87,62,67,32,42,48,27,38,81,120,91
"ENSG00000239779",1219,1064,2021,1520,1677,1911,1577,2575,2903,2469,1833
"ENSG00000239789",346,360,354,278,333,361,320,432,433,401,526
"ENSG00000239857",266,256,958,817,756,785,568,879,1633,2814,3631
"ENSG00000239887",300,479,636,498,489,568,472,315,460,754,767
"ENSG00000239900",969.99999,808.00001,2019,1668,1346,2222,1369,2431,2371,2056,2455
"ENSG00000239920",43,98,92,82,85,90,105,91,84,57,141
"ENSG00000240038",344,368,373,312,319,380,376,193,211,357,182
"ENSG00000240053",208,35,166,143,157,144,207,80,84,103,136
"ENSG00000240065",53,59,105,164,92,158,119,202,216,402,250
"ENSG00000240184",93,703,397,268,220,168,190,193,119,444,144
"ENSG00000240204",41,44,91,51,66,68,38,83,83,85,87
"ENSG00000240230",413,324,912,617,852,838,907,665,655,742,1035
"ENSG00000240303",519,753,1547,1287,1578,1476,1632,984,1298,1181,2523
"ENSG00000240344",506.00001,511,677,509,603,812,632,707,762,701,995
"ENSG00000240445",213,248,402,303,306,228,204,193,233,315,415
"ENSG00000240583",3000,934,3552,5149,1237,1583,2432,3242,4585,1563,4494
"ENSG00000240682",668,585,787,681,782,1144,770,941,1217,1176,1343
"ENSG00000240694",295,296.99999,2208,1866,1730,1641,1615,1100,1344,1980,2994
"ENSG00000240771",345,392,72,38,54,0,47,8,7,0,11
"ENSG00000240849",246,263,545,547,512,508,412,540,837,840,1068
"ENSG00000240857",329,323,383,475,402,372,216,421,811,821,1023
"ENSG00000240891",402,877,470,218,491,334,390,180,176,281,179
"ENSG00000240972",16958,14511,21440,18173,19584,26756,22166,31713,27028,20216,22947
"ENSG00000241058",355.99999,430.99999,288,199,227,259,238,235,220,285,407
"ENSG00000241127",623,595,643,472,461,603,467,672,688,615,765
"ENSG00000241258",743.00001,720,627,566,532,738,548,772,916,631,1113
"ENSG00000241322",43,61,24,25,24,31,30,10,13,10,57
"ENSG00000241343",189.00001,146,1859,1336,1899,1656,1593,1705,1583,1109,1048
"ENSG00000241360",412,377,199,142,145,125,165,143,217,245,179
"ENSG00000241370",538.00001,523,579,440,561,755,498,1008,839,772,990
"ENSG00000241399",126,60,333,366,439,342,394,195,411,247,323
"ENSG00000241404",134,91,130,120,127,160,168,137,106,107,144
"ENSG00000241468",2458,2461,1484,1185,1160,1580,1080,2072,1931,1435,1258
"ENSG00000241484",134,160,160,71,147,194,156,141,182,33,62
"ENSG00000241489",339,192.00001,774,608,647,814,605,502,629,790,636
"ENSG00000241553",967.99999,602.99999,1726,1505,1330,1943,1292,2322,2654,2494,2428
"ENSG00000241563",34,61,21,10,0,16,16,2,6,26,12
"ENSG00000241685",1254,1184,2745,2399,2379,3553,2341,3930,4101,3376,3992
"ENSG00000241697",184,99,208,474,145,189,246,208,255,325,317
"ENSG00000241837",3004.99999,2743.99999,5042,4261,3901,6231,4357,7359,7143,5241,5986
"ENSG00000241839",664,514,1769,2333,2295,2454,2190,1582,2405,3430,4646
"ENSG00000241852",155,107.99999,258,264,169,270,173,236,361,463,367
"ENSG00000241878",696.00001,574,1253,1147,1272,1528,1431,1534,1853,2179,2786
"ENSG00000241935",48,43,157,144,110,168,172,185,292,130,385
"ENSG00000241962",127,102,31,32,27,30,30,20,10,44,37
"ENSG00000241973",1575.99999,1795.00001,2563,2702,1972,1640,2069,1558,1980,2958,3293
"ENSG00000242028",168,122,265,157,248,133,292,141,123,183,145
"ENSG00000242110",319.00001,289,663,564,715,696,673,627,646,584,458
"ENSG00000242114",368,442,599,545,463,910,514,731,560,825,478
"ENSG00000242173",186,153.99999,52,26,23,21,25,26,32,48,45
"ENSG00000242220",24,52,44,27,20,16,24,13,27,6,47
"ENSG00000242247",1293,1239,1906,1519,1931,2105,1924,1715,1970,2192,2475
"ENSG00000242259",715,987,1700,1479,1720,1837,1640,1605,1847,1568,1852
"ENSG00000242265",763.99999,818.99998,1693,2000,2166,703,1777,833,519,526,347
"ENSG00000242372",899,727,2185,2042,1968,3148,2195,3751,3984,3218,3528
"ENSG00000242485",1486.99999,1359,1473,1237,1252,1781,1264,2395,2385,1990,1922
"ENSG00000242498",392,460,600,557,650,448,625,469,471,445,540
"ENSG00000242574",29.00001,21.00001,29,42,17,22,8,50,60,106,91
"ENSG00000242612",122,134.99999,466,381,437,549,410,534,640,701,631
"ENSG00000242616",814,675,644,677,502,763,581,954,1160,694,780
"ENSG00000242715",118,211.99999,64,62,90,45,79,49,55,66,62
"ENSG00000242732",252,234,274,326,299,225,281,165,188,168,142
"ENSG00000242802",293,329.99999,711,735,584,751,676,810,1061,1015,1635
"ENSG00000242852",173,138,258,291,350,246,242,248,293,236,245
"ENSG00000242866",36,60.99999,57,20,69,44,53,22,27,16,71
"ENSG00000242950",93,47,573,393,463,417,550,265,375,317,313
"ENSG00000243056",68,63,128,144,121,224,237,239,279,115,429
"ENSG00000243147",1022.00001,1034.00001,1044,911,939,1291,911,1392,1643,1268,1442
"ENSG00000243156",1287.99999,911.00001,334,187,327,309,369,134,159,234,161
"ENSG00000243207",26,20,85,82,97,64,105,90,46,10,56
"ENSG00000243232",303,233,948,847,808,851,618,457,639,777,1106
"ENSG00000243244",1017,743,1368,1336,1430,1228,1532,704,711,778,753
"ENSG00000243279",612,502,1952,1506,1753,1924,1546,2367,2234,2038,2046
"ENSG00000243317",1405,1245,3178,2482,2544,3214,2275,3875,4073,2914,3028
"ENSG00000243335",419.00001,562.00001,1403,1158,1566,1314,1378,1147,1247,1017,1415
"ENSG00000243364",136,94,178,166,226,209,190,206,261,262,217
"ENSG00000243449",1247,1041,273,266,142,201,66,357,716,776,519
"ENSG00000243477",61,66,252,218,335,208,278,280,194,141,122
"ENSG00000243566",15,36,58,62,7,23,42,129,24,19,15
"ENSG00000243646",413,263,675,511,581,765,649,665,673,720,870
"ENSG00000243649",46,26,1248,1125,1259,1261,1382,784,4374,3604,3484
"ENSG00000243660",167.99999,326.00001,239,123,155,256,156,230,262,206,171
"ENSG00000243667",421,504,277,233,236,340,221,301,390,276,276
"ENSG00000243678",2955.99999,2303,2272,1770,2060,2747,2052,3187,3202,2573,2771
"ENSG00000243696",24,21,38,14,35,10,11,13,39,27,20
"ENSG00000243709",22,25,4,23,13,8,2,46,10,23,27
"ENSG00000243710",87,130,46,42,34,70,15,30,25,55,23
"ENSG00000243716",255.99999,110,2880,2542,2438,2869,3384,1493,1465,1908,2599
"ENSG00000243725",234,171,881,671,769,1069,801,998,916,1034,1295
"ENSG00000243749",110,57,735,830,575,908,625,1246,1112,528,828
"ENSG00000243789",60,47,430,344,384,531,413,634,673,646,605
"ENSG00000243811",27,16,40,25,37,22,51,19,23,35,35
"ENSG00000243927",1107,857,2863,2167,2784,2978,2603,3333,3370,3038,2616
"ENSG00000243943",1113.99999,1216,2925,2337,2660,3094,2300,2115,2210,2855,2916
"ENSG00000243955",30,34,136,81,9,74,30,273,198,23,96
"ENSG00000243978",27,20.99999,50,38,58,78,54,30,48,28,24
"ENSG00000243989",173,396,725,731,378,862,642,1124,1555,659,1068
"ENSG00000244005",356,439,850,697,763,971,789,837,1084,949,1188
"ENSG00000244038",1467,1186,7079,6668,6689,7957,6569,8996,10630,10092,11893
"ENSG00000244045",362,360.00001,712,628,562,947,578,914,1137,963,1367
"ENSG00000244165",114,73,39,34,46,17,33,21,30,39,35
"ENSG00000244187",679.00001,436.00001,585,548,575,668,647,799,719,497,570
"ENSG00000244219",15,57,46,42,87,36,55,22,30,56,115
"ENSG00000244242",152,47,13,31,37,15,39,24,40,34,49
"ENSG00000244274",265.00001,275,971,754,874,978,802,1024,1092,1119,1391
"ENSG00000244405",1896,848.00001,1007,909,377,746,363,506,667,1260,1256
"ENSG00000244462",557,879.99999,2002,1916,2026,1508,1952,1089,1314,1613,2265
"ENSG00000244486",150,111,58,42,67,19,65,20,50,185,160
"ENSG00000244509",211,85,538,717,685,691,617,911,966,1155,865
"ENSG00000244607",25.99999,37,159,27,81,134,84,238,184,66,58
"ENSG00000244687",1383.00001,1802,2596,2137,2270,2926,2494,2772,2893,2692,3316
"ENSG00000244694",1226.00001,923.99999,1145,3305,1375,1946,2484,1394,1724,360,1354
"ENSG00000244731",74,96,8071,8077,8942,5379,9091,3050,7500,13788,13575
"ENSG00000244754",3635,3307,3620,2844,3581,3955,3860,3256,3459,2430,3888
"ENSG00000245680",212,166,105,70,81,76,75,66,84,83,89
"ENSG00000245848",40,50,22,41,35,10,18,14,18,107,193
"ENSG00000246705",84,306,27,52,34,84,32,55,42,57,60
"ENSG00000246922",1243,1494,438,241,372,510,462,281,315,442,276
"ENSG00000247077",445,381,147,116,113,63,121,109,171,320,525
"ENSG00000247315",462,397,204,198,194,72,162,142,208,213,246
"ENSG00000247595",74,56,25,11,9,25,10,19,22,10,19
"ENSG00000247596",296.99999,248,965,873,936,1206,967,1505,1464,1542,1419
"ENSG00000247626",77,130,205,193,177,231,226,166,203,266,242
"ENSG00000247746",251,286.00001,150,113,171,123,145,135,169,123,97
"ENSG00000248098",474,557.99999,3013,2591,3205,3720,3792,3111,3443,3327,5422
"ENSG00000248333",1278,1136,309,268,280,322,275,347,353,329,311
"ENSG00000248383",272,36,141,143,131,129,73,108,120,102,127
"ENSG00000248483",466,196,89,55,79,46,53,29,26,26,55
"ENSG00000248485",130,114,1213,804,927,1280,733,750,988,1295,908
"ENSG00000248487",919,997,2597,1983,2086,3469,1813,4320,4765,3890,2985
"ENSG00000248592",38,29,67,95,102,118,49,82,74,101,99
"ENSG00000248643",41,34,294,244,242,234,374,284,410,310,424
"ENSG00000248712",36,43,78,37,41,60,38,64,65,57,39
"ENSG00000248905",2932,5274,254,82,196,289,242,135,97,117,130
"ENSG00000249115",306.00001,214,715,556,728,710,761,601,643,648,691
"ENSG00000249158",192,45,142,131,193,142,206,86,85,69,66
"ENSG00000249240",61,31,35,83,61,52,62,46,42,89,129
"ENSG00000249242",258,167,583,634,664,671,570,881,1240,971,929
"ENSG00000249437",117,45,496,305,393,337,424,313,273,311,481
"ENSG00000249471",82,57,99,92,65,87,101,51,39,46,36
"ENSG00000249624",24,271,59,71,44,53,18,66,0,38,28
"ENSG00000249693",30,38,13,24,5,21,25,13,31,36,36
"ENSG00000249709",320.00001,238,625,467,605,500,640,427,547,393,463
"ENSG00000249715",70.00001,87.00001,78,38,43,43,63,42,49,69,58
"ENSG00000249773",40,20,93,76,47,76,33,68,69,70,100
"ENSG00000249915",1145.99999,1142.99999,2165,1752,1646,2672,1735,2764,3367,3409,3426
"ENSG00000250021",16,21,1351,1084,950,1397,1102,1546,1616,1751,1627
"ENSG00000250067",203.00001,244,78,79,131,95,145,65,48,64,69
"ENSG00000250120",1000,1314,83,75,85,77,76,42,56,64,29
"ENSG00000250138",41,17,344,259,243,170,323,169,142,185,127
"ENSG00000250151",37,23,105,100,107,119,110,98,165,11,199
"ENSG00000250305",124,368,128,119,209,118,153,56,85,78,71
"ENSG00000250312",521,459,133,141,149,135,136,134,165,142,156
"ENSG00000250317",855.99999,910,960,729,823,1083,830,1175,1119,1069,1057
"ENSG00000250479",613,1025,75,58,33,25,33,38,30,18,42
"ENSG00000250510",776.00001,486.99999,1282,964,1278,985,939,881,1357,1372,1255
"ENSG00000250565",80,97,105,78,73,106,73,124,127,119,146
"ENSG00000250571",310,293,77,72,58,35,35,49,195,301,251
"ENSG00000250644",60,116,434,525,470,542,602,619,863,566,813
"ENSG00000250722",992,712.99999,3479,3172,3748,3934,3419,3826,5108,4102,3418
"ENSG00000251192",214,450,91,65,77,56,58,67,76,75,93
"ENSG00000251201",37,55,168,139,204,159,130,97,130,152,286
"ENSG00000251247",718,686.99999,400,383,446,430,416,421,461,290,337
"ENSG00000251322",983.99999,374,40,42,44,32,47,23,41,29,19
"ENSG00000251349",555,429,102,0,67,82,25,53,155,62,0
"ENSG00000251369",266,187,550,468,747,510,696,368,461,355,374
"ENSG00000251503",285,91.00001,30,22,38,93,37,85,64,87,84
"ENSG00000251664",46,95,469,619,574,697,580,459,618,589,768
"ENSG00000253117",777,302,4983,3387,721,5145,2653,10603,5521,383,1916
"ENSG00000253250",179,94,327,283,272,353,342,437,358,178,319
"ENSG00000253251",97,116,91,59,48,59,40,69,106,72,140
"ENSG00000253276",207,162,38,47,45,24,29,28,31,44,62
"ENSG00000253305",1084,205,7652,7943,8411,4568,7065,4080,3583,4480,4378
"ENSG00000253309",82,228,4856,4037,495,4377,2045,7232,7369,1252,6954
"ENSG00000253352",1414.99999,1285.00001,2510,2078,2302,1429,1755,1312,1620,1409,1703
"ENSG00000253368",121,207,12,21,19,20,23,17,21,40,17
"ENSG00000253649",48.99999,180,21,17,21,8,8,17,15,20,9
"ENSG00000253710",852,806,1465,1613,1413,1568,1605,1367,1749,1579,2140
"ENSG00000253719",1408,1464,8379,7548,8485,8036,7652,6186,8537,9069,10879
"ENSG00000253729",2072,1926.00001,3326,3144,2903,2200,2924,1998,1994,1877,2116
"ENSG00000253846",214,55,181,66,133,117,130,65,91,87,90
"ENSG00000253953",35,181,1,46,5,21,62,8,7,37,0
"ENSG00000254004",530,435,1539,1201,1360,1101,1410,839,779,887,842
"ENSG00000254087",1102,512.00001,300,224,158,268,206,294,344,679,605
"ENSG00000254093",362,777.00001,255,276,222,310,271,378,374,366,478
"ENSG00000254122",16,104,257,163,180,106,187,58,135,106,77
"ENSG00000254206",92,66,123,92,100,132,140,62,54,91,71
"ENSG00000254402",217,223,12,10,14,0,0,4,13,236,131
"ENSG00000254413",126,117,158,184,102,176,126,126,159,196,162
"ENSG00000254469",185.00001,195,61,66,58,68,58,59,96,68,106
"ENSG00000254470",266,261,591,632,490,397,439,382,603,637,1106
"ENSG00000254505",470.00001,447,751,637,584,932,624,1143,1125,1090,1227
"ENSG00000254536",34,21,187,78,125,169,126,180,154,107,98
"ENSG00000254585",112,106,144,228,185,84,152,88,89,112,113
"ENSG00000254685",222,169,418,347,326,306,276,331,388,369,462
"ENSG00000254726",1268,722,272,169,204,100,221,119,91,113,88
"ENSG00000254772",4831,2365,20286,15210,20182,18912,19757,23545,21209,18959,17740
"ENSG00000254806",144,178,238,87,133,299,126,267,459,510,598
"ENSG00000254858",158,217,500,578,408,732,539,924,1006,886,1257
"ENSG00000254870",73,31,47,112,111,30,63,52,14,17,84
"ENSG00000254901",183.00001,269.99999,245,223,165,332,189,328,332,399,293
"ENSG00000254986",598.00001,513.99999,547,644,458,803,421,623,575,894,733
"ENSG00000254995",66,28,72,22,104,35,166,70,51,110,74
"ENSG00000254996",256.00001,288,440,173,238,145,157,328,206,217,213
"ENSG00000254999",1743,1546,3628,3191,3156,4308,3071,4995,5560,5295,5256
"ENSG00000255073",18,50,0,49,5,0,0,45,53,0,83
"ENSG00000255104",36,40,53,34,80,40,83,12,10,14,18
"ENSG00000255112",524,449,1593,1458,1517,1888,1552,1742,2112,2071,2182
"ENSG00000255152",87,91,70,104,36,93,67,77,104,47,32
"ENSG00000255154",102,128,680,520,703,693,755,867,845,658,1113
"ENSG00000255292",16.99999,17,0,15,23,35,7,22,15,24,22
"ENSG00000255302",5051,4619,6968,5916,6024,8995,5582,9114,11351,9160,9835
"ENSG00000255330",362,374.99999,240,155,152,181,125,135,132,175,165
"ENSG00000255339",20,109,209,175,280,287,250,262,257,316,346
"ENSG00000255408",31,44,59,55,34,43,73,28,11,41,17
"ENSG00000255423",27,27,60,27,35,38,51,23,43,48,34
"ENSG00000255439",84,43,77,34,49,73,96,139,127,100,72
"ENSG00000255508",147,66,132,73,52,183,80,93,122,186,145
"ENSG00000255524",42,61,18,16,3,6,32,4,1,5,24
"ENSG00000255526",16,23,17,10,14,16,15,37,11,23,9
"ENSG00000255529",448.00001,456.99999,1506,1201,1443,1314,1345,941,1209,1292,1566
"ENSG00000255561",52,43,258,145,166,219,184,233,216,163,135
"ENSG00000255639",85,107,465,424,357,558,260,660,664,641,762
"ENSG00000255690",33,22,418,467,349,490,313,222,341,449,330
"ENSG00000255837",54,1034,25,20,36,20,29,28,40,19,24
"ENSG00000256043",201.99999,190,374,555,323,476,238,401,653,689,583
"ENSG00000256053",1185.00001,1124.00001,497,414,374,531,472,520,562,498,655
"ENSG00000256060",253,299,229,213,238,269,259,291,331,351,355
"ENSG00000256061",717.00001,969.00001,77,59,53,82,46,87,99,69,87
"ENSG00000256087",404,347,230,164,198,142,216,120,139,187,171
"ENSG00000256223",689,572,439,425,426,348,444,285,301,322,381
"ENSG00000256229",132,80,122,138,105,53,115,61,79,57,108
"ENSG00000256235",150,154,590,369,463,684,534,589,730,847,943
"ENSG00000256269",220,236,761,604,583,964,624,1079,1108,1008,1129
"ENSG00000256294",117,137,421,345,430,325,434,269,264,387,352
"ENSG00000256500",35,23,80,52,52,90,33,103,118,129,0
"ENSG00000256525",383,306,256,188,233,247,270,226,281,214,279
"ENSG00000256537",1201,1040,818,779,621,1043,773,1185,1355,1062,1034
"ENSG00000256574",16,37,20,37,9,8,24,18,4,10,20
"ENSG00000256591",197,161,151,128,185,184,177,177,210,148,311
"ENSG00000256713",22,28.00001,5,10,13,28,19,20,15,6,14
"ENSG00000256771",321,353,50,113,68,90,52,47,60,109,90
"ENSG00000256806",32,64,271,216,247,391,196,311,240,264,317
"ENSG00000256870",53,70,121,178,113,129,232,101,291,50,140
"ENSG00000257017",49,18,19,8,16,27,28,8,21,170,623
"ENSG00000257093",714,884,485,385,446,277,485,239,330,329,179
"ENSG00000257103",2583.00001,2587,3040,2772,3430,2416,3096,2226,2550,2278,2953
"ENSG00000257218",791,525,1267,1057,1225,1255,1222,1241,1369,1434,1784
"ENSG00000257315",136,186,152,146,293,91,212,67,72,0,127
"ENSG00000257335",129,283,23,24,19,33,38,11,7,10,36
"ENSG00000257365",481,493,1286,1002,1112,1218,1315,1199,1206,1191,1511
"ENSG00000257390",19,25,1,33,1,43,2,1,6,10,33
"ENSG00000257524",55,72,379,196,240,167,203,196,227,262,249
"ENSG00000257591",190,125,176,77,123,144,132,124,105,96,63
"ENSG00000257594",47,26,310,300,255,233,253,192,266,273,313
"ENSG00000257704",408,384,169,135,76,81,55,121,190,539,500
"ENSG00000257727",1661.00001,1458,2526,2221,2056,3161,2162,4087,4166,3267,3707
"ENSG00000257743",69,209,22,29,24,14,14,17,9,4,23
"ENSG00000257921",37,19,157,9,70,50,49,96,116,260,143
"ENSG00000257923",6479.00001,4265,1960,1635,2036,1434,1927,1355,1363,1376,1104
"ENSG00000257950",210,131,97,106,90,78,99,95,112,105,194
"ENSG00000258102",31,52,101,102,122,141,104,138,147,130,151
"ENSG00000258289",867.99999,1182.00001,2051,1546,1606,1920,1369,2398,2572,2376,2688
"ENSG00000258311",191.99999,84,367,340,159,360,309,443,359,348,553
"ENSG00000258315",191,163,875,517,686,1017,618,1122,1083,1221,760
"ENSG00000258366",402.99999,376.99999,239,218,267,248,259,133,180,265,256
"ENSG00000258388",159,104,121,64,147,110,146,70,131,135,190
"ENSG00000258429",120,87,82,121,82,72,35,130,220,265,283
"ENSG00000258461",16,15,64,52,13,39,56,26,33,52,22
"ENSG00000258465",76,31,723,822,865,815,765,725,652,720,650
"ENSG00000258539",34,33,16,25,22,7,25,5,6,1,14
"ENSG00000258555",141,117,31,20,0,75,11,0,87,60,36
"ENSG00000258643",297,125,78,68,61,36,78,63,111,108,75
"ENSG00000258644",21,24,154,204,167,208,225,311,340,226,176
"ENSG00000258653",49,26,60,48,76,79,52,81,139,78,116
"ENSG00000258659",64,66,94,92,74,112,71,60,88,172,79
"ENSG00000258674",59,24,13,3,2,6,17,9,18,6,24
"ENSG00000258713",16,50,22,2,11,15,4,11,11,30,0
"ENSG00000258818",259,98,711,550,894,663,775,712,916,874,1071
"ENSG00000258839",142,77,331,299,383,277,453,243,276,360,381
"ENSG00000258881",279,156,46,49,19,27,63,32,24,15,43
"ENSG00000258890",1453,1439,892,688,910,998,1003,636,714,800,997
"ENSG00000258947",1718,1259,2204,1849,1614,2314,1475,2634,1696,3059,1701
"ENSG00000258986",170,111,536,407,403,272,307,268,242,393,262
"ENSG00000259024",291.00001,426,461,568,649,574,588,508,546,478,627
"ENSG00000259030",384,529,192,154,176,182,143,122,141,149,196
"ENSG00000259075",132,82,9,29,19,35,27,23,11,49,71
"ENSG00000259112",44,24,720,446,605,678,351,622,958,848,967
"ENSG00000259207",121,32,144,97,89,73,83,36,112,124,374
"ENSG00000259305",24,16,31,25,39,24,47,43,33,12,45
"ENSG00000259330",172,237,57,57,34,48,49,44,57,118,72
"ENSG00000259417",19,28,10,38,9,30,13,38,33,48,40
"ENSG00000259431",179,218.00001,1075,939,977,1385,909,1422,1379,1488,1389
"ENSG00000259494",379,420.99999,628,551,533,805,561,959,907,870,918
"ENSG00000259916",103,16,30,19,16,9,15,11,9,11,10
"ENSG00000259956",735,551,483,323,374,345,385,340,541,1807,1534
"ENSG00000260001",63,146,76,81,116,55,49,92,116,101,141
"ENSG00000260007",43,53,63,20,59,33,32,26,24,13,55
"ENSG00000260027",108,54,73,1,0,91,2,27,35,89,339
"ENSG00000260230",637,478.99999,471,460,519,305,380,291,477,471,439
"ENSG00000260238",64,97,248,237,242,314,215,388,422,297,391
"ENSG00000260456",146,98,108,92,73,145,92,171,121,118,140
"ENSG00000260643",108,67,176,89,108,110,113,129,122,174,188
"ENSG00000260691",54,26,24,23,16,7,33,36,20,15,18
"ENSG00000260729",831,53,51,44,61,25,51,39,34,43,20
"ENSG00000260802",127,139,1478,365,726,570,585,376,304,185,160
"ENSG00000260903",160,301,108,26,66,36,59,22,24,34,9
"ENSG00000260916",1485,2229.99999,3199,2682,2668,3485,2540,3442,3627,3057,5182
"ENSG00000261115",281,225,425,442,380,272,278,201,276,432,328
"ENSG00000261150",16,24,147,122,97,63,170,108,193,199,164
"ENSG00000261210",134,71,862,220,935,430,340,959,1112,774,659
"ENSG00000261236",186,174,450,397,313,301,194,403,603,678,659
"ENSG00000261371",25,37,1,42,2,17,10,23,3,8,1
"ENSG00000261408",302,196,52,52,58,49,56,55,69,83,101
"ENSG00000261609",384,438,677,443,532,513,592,379,479,656,976
"ENSG00000261611",20,53,88,86,175,121,135,79,144,127,155
"ENSG00000261652",76,96,62,44,62,58,44,80,41,69,95
"ENSG00000261701",64,76,17,15,11,12,21,5,13,42,24
"ENSG00000261732",139,103,64,74,72,39,63,38,39,39,51
"ENSG00000261740",255,277,420,378,413,482,387,469,466,341,513
"ENSG00000261794",47,26,18,7,19,17,44,14,11,1,8
"ENSG00000261832",40,19,54,79,42,75,90,57,62,82,131
"ENSG00000261884",37,118,159,129,162,154,119,139,120,105,160
"ENSG00000261915",226,260,17,68,30,55,28,71,76,58,41
"ENSG00000261949",57,57,40,51,79,40,50,41,34,42,14
"ENSG00000262165",36,60,21,16,23,16,16,27,18,12,24
"ENSG00000262246",643,320,1157,1572,1168,1404,1216,1097,1470,2448,1693
"ENSG00000262304",30,20,68,26,32,48,34,35,27,0,0
"ENSG00000262484",39,17,19,5,24,18,23,10,20,18,12
"ENSG00000262655",990,680,1521,1006,1591,1435,1317,880,1465,2317,2800
"ENSG00000262814",742,610,776,695,586,945,585,1106,1141,868,1065
"ENSG00000262919",326,391,295,223,288,314,200,309,354,420,525
"ENSG00000263001",2057.99999,1696.00001,5123,4531,3832,3925,2833,2983,4945,5852,5592
"ENSG00000263002",232.99999,227,446,429,454,397,469,318,349,321,434
"ENSG00000263020",15,140,65,30,12,43,23,39,46,55,137
"ENSG00000263465",777,720,1477,1615,1294,1497,1020,1512,2437,2668,3224
"ENSG00000263528",51,39,127,145,127,175,95,117,205,277,173
"ENSG00000263874",86,106,506,446,465,561,464,644,634,683,614
"ENSG00000263956",733,681.00001,785,645,742,747,776,502,457,691,811
"ENSG00000264058",78,63,22,12,27,82,17,68,18,42,21
"ENSG00000264324",24,28,24,9,66,65,78,16,12,2,11
"ENSG00000264343",177,93.99999,2181,2814,2395,2706,2704,2973,3601,2484,2777
"ENSG00000264364",1324,1341,208,208,197,172,161,180,207,160,201
"ENSG00000264522",918,917,222,187,293,199,267,180,250,267,301
"ENSG00000265203",1293,4013,3530,567,2998,3985,2700,1259,1351,4021,971
"ENSG00000265241",1637.00001,1351.00001,5159,4298,4295,4664,3788,4180,5054,4880,5347
"ENSG00000265354",983,788,2091,1921,1660,2613,1529,2686,3791,3318,4069
"ENSG00000265491",1014,1029,1007,956,700,1010,768,1014,1643,1382,1092
"ENSG00000265590",1351.00001,940.99999,890,616,886,1064,916,790,767,926,933
"ENSG00000265681",1632.99998,1333,6318,4554,7011,4920,5992,6342,5074,3533,3959
"ENSG00000265690",48,69,13,18,12,8,26,6,6,10,24
"ENSG00000265763",306,196,635,288,596,467,453,316,442,420,191
"ENSG00000265808",772,636,2346,2100,2393,2358,2153,2159,2633,2364,3578
"ENSG00000265817",358,360,418,395,505,344,400,296,257,209,316
"ENSG00000265972",2945.00001,2381,7181,3536,6234,5675,5276,4650,4273,2117,1928
"ENSG00000266028",877.00001,473,895,830,952,642,781,480,447,549,478
"ENSG00000266074",567,576.99999,90,70,80,56,99,54,73,103,48
"ENSG00000266086",47,40,171,128,373,119,280,107,93,49,69
"ENSG00000266094",30.00001,32,141,145,292,114,162,155,177,268,260
"ENSG00000266173",720,654.99999,823,750,882,584,756,628,672,566,724
"ENSG00000266338",450.00001,376,798,677,780,715,854,471,469,678,654
"ENSG00000266412",1188,1070,4962,4932,4573,5520,4956,4694,5528,5871,7804
"ENSG00000266472",1589,1293,2158,1819,1954,2584,1872,3074,3224,2565,2640
"ENSG00000266524",50,291,564,27,18,478,15,64,583,1613,766
"ENSG00000266714",599,619.00001,234,142,223,145,261,97,169,217,104
"ENSG00000266964",1353,678.00001,130,117,57,43,98,44,71,68,41
"ENSG00000266967",387.99999,450.00001,811,727,776,1141,802,1349,1160,1224,1190
"ENSG00000267041",304,84,68,27,74,58,64,39,48,32,54
"ENSG00000267060",67,88,79,50,55,65,76,98,109,74,96
"ENSG00000267127",29,97.99999,42,16,67,21,40,29,20,19,32
"ENSG00000267221",103,140,179,101,233,94,161,74,56,57,80
"ENSG00000267426",33,44,30,38,15,21,76,0,6,58,20
"ENSG00000267508",76,93.00001,471,410,397,440,380,327,260,347,295
"ENSG00000267534",115,81,149,155,234,65,177,121,215,279,412
"ENSG00000267645",74,110,607,341,456,658,538,611,650,662,922
"ENSG00000267673",238.00001,240.00001,426,526,405,541,504,745,838,494,657
"ENSG00000267680",202,214.99999,637,519,643,675,844,421,450,456,622
"ENSG00000267740",42,69,26,21,50,19,48,36,23,45,52
"ENSG00000267796",222,249.99999,320,267,302,390,364,500,499,453,488
"ENSG00000267855",2020,2357,934,693,771,1123,841,1202,1158,916,984
"ENSG00000268043",926,778,1319,1289,1186,1223,1370,896,903,1184,1319
"ENSG00000268089",28,35,37,36,43,13,45,19,22,67,17
"ENSG00000268163",117,142.00001,10,8,11,12,13,23,21,8,18
"ENSG00000268173",79,77,28,16,0,20,15,46,53,9,52
"ENSG00000268182",181,119,113,70,75,118,122,88,96,120,104
"ENSG00000268350",76.99999,270,1196,961,1023,1257,414,970,886,975,1109
"ENSG00000268750",72,53,60,38,67,42,90,42,59,47,41
"ENSG00000269190",460,432,561,514,633,748,684,816,759,581,765
"ENSG00000269313",71,49,146,102,152,150,152,168,165,169,142
"ENSG00000269335",196.99999,138,283,250,324,244,291,248,229,353,333
"ENSG00000269343",330.99999,289,176,137,124,189,176,120,167,116,126
"ENSG00000269556",291.00001,171,1228,1045,1208,1357,1139,1120,1448,1571,1523
"ENSG00000269713",370.00001,479.00001,2341,2450,2638,2153,2768,1552,1367,1732,1848
"ENSG00000269743",291,407,303,238,277,293,180,212,277,278,284
"ENSG00000269825",131,255,209,106,152,137,118,76,107,59,48
"ENSG00000269858",556,550.99999,1485,1462,1522,1676,1657,1709,1910,2056,2710
"ENSG00000269955",445,464,338,371,253,378,379,276,322,378,391
"ENSG00000270106",64,455,13,4,9,31,11,9,28,23,19
"ENSG00000270170",338,588,1056,940,1020,1488,1001,1581,1897,1480,1762
"ENSG00000270231",350,266,856,741,829,879,936,538,574,691,785
"ENSG00000270316",42,40,0,20,0,37,0,32,31,0,0
"ENSG00000270629",439,143,3368,3654,3292,3169,4001,2721,3021,3829,3545
"ENSG00000270647",2347.99999,2116.99999,892,626,846,710,786,679,613,331,404
"ENSG00000270800",109,77,2279,1756,2045,1652,1408,1548,1796,2060,1912
"ENSG00000270885",122,149,269,183,260,135,172,98,92,136,145
"ENSG00000271303",315,542,522,508,264,226,143,317,1015,1784,4244
"ENSG00000271383",317,374,2173,1917,2024,1935,2514,1362,1607,2163,1795
"ENSG00000271425",164,105,1343,1383,1463,1294,1514,947,1028,1229,1055
"ENSG00000271447",32.99999,26,90,25,11,104,9,36,100,393,117
"ENSG00000271601",902,775,1182,1187,1202,738,1008,747,936,872,672
"ENSG00000271723",639,523,78,76,32,63,209,40,41,30,89
"ENSG00000271741",60,74,192,160,223,235,248,154,142,223,249
"ENSG00000271793",63,33,68,0,0,32,48,15,0,38,84
"ENSG00000272031",54,97,135,90,150,106,119,80,80,80,87
"ENSG00000272047",980.00001,1013.00001,1149,832,915,1246,857,1361,1338,1100,1208
"ENSG00000272325",2150,1858,2312,2300,1903,1643,1698,1467,2465,2794,2401
"ENSG00000272333",977.00001,772,92,82,112,50,85,59,85,76,69
"ENSG00000272391",1481.00001,1116.99999,1586,1236,1521,1170,1597,944,1112,1101,1397
"ENSG00000272398",363,266,973,527,716,896,490,750,394,386,411
"ENSG00000272414",47,75,79,96,74,112,36,65,70,137,95
"ENSG00000272514",81,259,91,9,32,27,58,80,101,128,111
"ENSG00000272617",28,17,73,41,31,57,52,31,59,73,163
"ENSG00000272636",2392,1991,426,287,304,273,273,224,352,429,195
"ENSG00000272674",175,131,236,296,292,468,331,262,356,298,437
"ENSG00000272822",41,47,18,19,36,42,21,27,44,41,42
"ENSG00000272886",1006,796,2035,1587,2008,2128,1943,1968,2294,2634,2815
"ENSG00000272899",19,24,19,6,14,6,7,2,8,17,46
"ENSG00000272916",39,43,66,87,49,92,91,32,109,79,65
"ENSG00000272968",46,32,18,12,27,21,22,3,17,22,55
"ENSG00000272980",26.00001,25.99999,74,74,93,82,27,117,77,94,135
"ENSG00000273045",75,49,85,92,130,77,139,142,117,94,84
"ENSG00000273079",169,280,110,133,160,125,105,76,71,67,51
"ENSG00000273136",230.00001,412,863,914,816,887,1030,554,848,1024,871
"ENSG00000273154",16,48,163,129,203,226,229,142,130,204,180
"ENSG00000273173",102,93,62,69,27,96,56,80,88,55,62
"ENSG00000273274",56,80,243,161,207,170,233,135,120,139,148
"ENSG00000273345",306.00001,226,59,39,64,58,93,111,109,61,106
"ENSG00000273398",52,23,137,104,84,105,89,132,119,122,151
"ENSG00000273559",724,606.00001,703,502,736,837,816,657,875,1179,1405
"ENSG00000273604",77,73,35,55,42,15,15,13,39,36,75
"ENSG00000273611",525,543.00001,729,507,647,673,633,868,887,787,939
"ENSG00000273706",93,89,25,17,41,62,34,36,39,47,19
"ENSG00000273749",720.99999,493,2493,2675,2953,2486,2860,1978,1893,2965,2368
"ENSG00000273820",113,75,38,36,41,19,44,29,24,31,43
"ENSG00000273841",671.99999,782.00002,1490,1105,1224,1717,1253,1717,1839,1461,1799
"ENSG00000273899",356,316,479,388,317,566,354,756,930,758,700
"ENSG00000274049",70,59,4,2,34,0,21,4,0,33,5
"ENSG00000274070",684,553,1745,2411,2020,1427,2292,1093,1399,1750,2085
"ENSG00000274180",114,122,189,200,205,201,241,136,144,219,192
"ENSG00000274211",1369,815,420,353,473,308,447,288,306,307,366
"ENSG00000274349",170,163,248,280,301,328,404,219,233,196,145
"ENSG00000274386",111,59,32,28,38,28,88,8,21,35,63
"ENSG00000274523",423,415,1006,1003,890,783,678,829,1394,1432,1369
"ENSG00000274750",58,56,45,46,47,57,44,57,59,95,137
"ENSG00000274810",51,16,18,0,49,34,17,7,9,8,16
"ENSG00000275004",277,201,678,520,621,551,697,609,795,778,1039
"ENSG00000275023",1486,1304,745,607,937,394,850,415,542,570,529
"ENSG00000275052",2394.00001,2199,2453,2243,2050,2077,2081,1802,1916,1841,2873
"ENSG00000275066",1370.00001,1925.00001,1425,1218,1384,1125,1349,748,925,866,1426
"ENSG00000275074",125,125,157,114,104,161,104,143,234,289,211
"ENSG00000275111",88.99999,126.99999,340,269,367,408,286,314,297,317,359
"ENSG00000275342",109,70,56,32,33,36,44,32,15,21,26
"ENSG00000275395",25,33,36,32,72,30,29,10,30,44,38
"ENSG00000275591",17,31,39,13,11,6,4,6,7,49,0
"ENSG00000275700",857,729.99999,1095,1107,1110,1526,1146,1433,1569,1572,2312
"ENSG00000275740",294,434,447,393,500,559,409,613,617,445,653
"ENSG00000275778",663.99999,708.00001,224,214,298,301,264,351,289,219,232
"ENSG00000275832",1289.99999,847,99,113,56,48,72,55,66,118,65
"ENSG00000275835",704,706.99999,763,681,839,848,822,687,920,1064,1238
"ENSG00000276023",285,335,764,434,457,785,480,711,1083,1552,1964
"ENSG00000276043",215,247.99998,162,165,52,154,53,161,133,343,146
"ENSG00000276045",172,121.99999,171,204,217,166,236,241,373,348,542
"ENSG00000276087",57,141,26,5,19,17,12,11,12,8,19
"ENSG00000276234",990.00002,1066,397,277,281,424,346,333,391,392,415
"ENSG00000276293",944,966,1527,1251,1506,997,1641,797,1000,1245,1170
"ENSG00000276600",64,167,71,43,45,115,28,58,80,327,83
"ENSG00000276644",4217.00001,3767,1026,900,1458,831,936,888,1023,880,486
"ENSG00000276966",320,286,7,7,9,14,6,22,11,8,31
"ENSG00000277149",173,318,78,63,60,79,100,76,70,51,107
"ENSG00000277161",126,87.99999,215,266,212,299,250,328,485,319,357
"ENSG00000277200",68,116,92,48,50,50,81,59,41,40,59
"ENSG00000277258",807.00001,723.00001,119,51,126,43,70,56,106,69,53
"ENSG00000277363",665.00001,523,72,79,78,33,76,46,63,32,55
"ENSG00000277399",89,136,21,17,24,14,26,8,12,34,6
"ENSG00000277443",7564,4733,2337,1319,1863,1559,1218,1889,1904,1583,1541
"ENSG00000277462",118,148,263,197,187,190,198,182,238,200,379
"ENSG00000277531",122,80,239,140,176,171,125,146,98,173,166
"ENSG00000277586",36,67,242,60,64,112,66,104,206,410,402
"ENSG00000277791",1074,1117,3287,2579,2680,4189,2365,5010,5328,4427,4306
"ENSG00000277972",317,230.99999,261,265,254,329,241,464,679,570,610
"ENSG00000278023",18,140,28,14,29,19,14,30,12,14,13
"ENSG00000278053",870,819,668,593,567,616,584,690,705,781,1057
"ENSG00000278129",398,320,531,412,579,392,487,299,336,353,313
"ENSG00000278259",1047.99999,1273,518,467,578,635,585,331,365,474,581
"ENSG00000278311",1654,1438,1876,1697,1925,2320,2059,2240,3041,2669,3933
"ENSG00000278535",303,398,463,344,441,474,337,340,633,757,508
"ENSG00000278540",3606.00002,3191.99999,1405,1671,1412,1008,1401,652,732,944,1083
"ENSG00000278570",1141,2413,285,190,291,653,195,310,82,164,99
"ENSG00000278615",631,541,755,571,600,877,625,998,1016,775,1091
"ENSG00000278619",151,73,139,189,159,199,195,208,200,151,255
"ENSG00000278662",82,87,75,66,93,68,125,66,52,51,71
"ENSG00000278828",37,25,23,16,22,26,36,30,32,30,53
"ENSG00000278845",424,402,866,706,783,1004,760,1133,1166,1090,1332
"ENSG00000279170",267,630,338,288,308,297,298,287,292,244,305
"ENSG00000280165",43,29,44,49,31,49,55,21,33,22,13
"ENSG00000280571",116,64,163,185,151,279,115,285,303,326,312
"ENSG00000280670",30,52.99999,54,50,50,93,62,81,48,47,225
"ENSG00000280789",967,865,1179,969,1318,1113,1122,1053,1195,1149,1127
"ENSG00000280893",18,18,592,482,591,773,712,937,964,775,731
"ENSG00000280987",195,185,621,386,422,522,280,614,329,18,415
"ENSG00000281348",16,19,17,14,23,15,28,1,2,1,7
"ENSG00000281406",388,265,93,24,121,54,72,32,49,33,12
"ENSG00000282034",276,204,531,425,463,271,555,468,415,472,483
"ENSG00000282933",24,34,76,73,113,174,88,139,112,133,105
"ENSG00000283128",92,135.00001,157,46,149,79,156,44,52,62,71
"ENSG00000283154",449.00001,187.00001,144,87,75,185,89,137,203,328,274
"ENSG00000283189",245.99999,186.99999,310,395,442,502,617,330,497,415,189
"ENSG00000283199",23,34,26,16,17,12,17,11,17,18,23
"ENSG00000283515",65,49,492,333,409,463,419,394,442,408,568
"ENSG00000283536",30,119,33,12,39,56,36,27,14,32,9
"ENSG00000283632",27,38,5,4,13,0,1,5,1,22,29
"ENSG00000283761",434,1003.99999,368,80,210,309,139,314,320,156,232
"ENSG00000283765",59,42,0,22,5,34,5,5,10,26,17
"ENSG00000283782",1264.99999,1709,49,79,83,24,77,26,17,28,37
"ENSG00000283900",63,44,137,110,119,99,129,130,153,194,170
"ENSG00000283930",52,31,124,105,103,96,129,71,86,44,91
"ENSG00000284024",259,304,429,364,417,430,472,316,459,612,563
"ENSG00000284130",33,90,233,117,234,177,187,179,178,137,96
"ENSG00000284194",157,194,301,223,240,432,311,426,534,412,654
"ENSG00000284292",74,56,29,105,96,146,57,87,140,177,90
"ENSG00000284308",118,112,249,182,267,311,297,337,295,389,358
"ENSG00000284431",66,31,112,111,222,143,316,100,104,67,145
"ENSG00000284461",25,47,4,17,27,7,12,34,14,18,0
"ENSG00000284479",56,54,157,136,206,89,183,124,190,425,297
"ENSG00000284512",16,18,43,42,63,31,56,33,60,68,99
"ENSG00000284526",524,180,75,43,41,49,64,44,70,52,65
"ENSG00000284686",17,30.00001,9,0,15,21,2,32,12,1,1
"ENSG00000284691",96,151,172,121,246,141,172,105,99,92,116
"ENSG00000284753",53,50,181,127,185,158,175,261,245,216,347
"ENSG00000284770",2028.99999,2228,635,506,431,692,473,689,755,556,945
"ENSG00000284773",37,55,24,7,20,3,19,10,19,23,24
"ENSG00000284820",24,34,148,100,105,159,117,80,86,102,77
"ENSG00000284862",163,212.99999,39,19,6,26,12,9,11,27,34
"ENSG00000284874",471,372,32,7,35,3,44,6,27,231,174
"ENSG00000284906",91,45,55,50,77,80,12,19,19,25,43
"ENSG00000284922",27,17.99999,23,60,36,22,22,32,48,23,44
"ENSG00000284946",142,91,60,83,48,65,81,12,23,58,34
"ENSG00000284969",16,19,11,8,1,19,4,36,37,10,10
"ENSG00000285043",741,495.99999,1969,1542,1634,2607,1786,1830,2484,2531,3551
"ENSG00000285053",343,220,192,203,264,210,157,255,135,195,177
"ENSG00000285077",222.00001,176,24,27,12,17,37,8,18,2,9
"ENSG00000285130",227,178.00001,80,67,114,176,108,90,86,50,121
"ENSG00000285253",39,66,21,14,19,22,2,12,25,24,12
"ENSG00000285269",78,85.99999,52,5,15,12,30,12,44,33,18
"ENSG00000285330",25,21,97,106,33,53,32,106,127,160,171
"ENSG00000285382",62.99999,146,70,33,103,66,74,50,66,93,67
"ENSG00000285437",243,110,1209,847,813,1474,1102,1179,1069,875,1390
"ENSG00000285509",19,20,18,3,11,37,0,8,7,15,27
"ENSG00000285589",1811,1614,427,315,367,548,446,420,571,467,476
"ENSG00000285733",36,50,28,13,47,40,37,11,36,29,34
"ENSG00000285791",36,27,74,57,90,87,50,65,76,80,51
"ENSG00000285815",20,29,57,25,63,31,78,27,19,56,74
"ENSG00000285816",130,37,92,32,53,96,108,56,88,129,122
"ENSG00000285827",63,32,76,56,86,33,75,124,135,153,42
"ENSG00000285932",111,189,17,5,15,27,44,26,9,4,19
"ENSG00000285942",58,33,28,27,32,64,57,40,33,14,33
"ENSG00000285943",151,154,221,123,163,97,221,59,127,64,118
"ENSG00000285953",22,42,34,22,16,6,37,4,14,43,15
"ENSG00000286001",43,26,292,251,230,345,184,442,393,403,442
"ENSG00000286019",97,85,576,581,586,450,638,378,496,480,425
"ENSG00000286070",1017,667,609,636,544,1069,675,1271,1147,780,771
"ENSG00000286106",52,35,57,60,63,51,33,76,76,29,27
"ENSG00000286112",64,31,102,124,169,125,175,73,119,74,161
"ENSG00000286132",29,26,99,97,97,119,122,76,49,92,33
"ENSG00000286140",72,199,889,995,1070,1090,897,533,763,931,1188
"ENSG00000286185",40,35,28,55,34,27,38,46,61,51,53
"ENSG00000286219",420,152,681,657,675,625,724,545,615,531,686
"ENSG00000286264",136,149,83,37,36,74,43,92,89,77,99
"ENSG00000286905",41,17,141,116,88,194,101,281,310,224,164
"ENSG00000287542",30,24,51,140,219,109,115,112,84,96,97
"ENSG00000287725",56,160,67,117,142,68,125,53,74,59,131
"ENSG00000287839",32,29,116,94,130,129,109,123,157,181,138
"ENSG00000287908",21,33,16,16,15,36,19,7,9,21,0
"ENSG00000288534",45,32,1473,872,1160,1297,1179,783,1222,1265,1376
"ENSG00000288558",487.99999,422,151,112,132,144,109,66,89,173,160
"ENSG00000288593",37,37,33,9,29,38,38,19,38,36,10
"ENSG00000288602",174,24,144,133,106,33,188,154,111,142,169
"ENSG00000288637",679,327,84,77,129,98,86,97,129,77,108
"ENSG00000288640",24,23,64,24,77,48,91,70,0,56,145
"ENSG00000288674",56,24,35,37,22,35,37,30,36,26,42
"ENSG00000288701",5066.00002,4353.00001,3337,3151,3223,1318,2658,1158,1280,1718,1361
"ENSG00000288721",95,120,144,85,119,117,77,37,35,50,59
"ENSG00000288920",887.00001,1074.99999,376,296,380,377,363,289,431,240,332
"ENSG00000289027",209,117,8,12,49,41,14,0,50,2,0
"ENSG00000289346",19,23,154,260,136,141,125,199,215,209,216
"ENSG00000289517",17,25,12,36,9,23,26,27,31,35,66
"ENSG00000289701",62,70,16,15,18,25,9,19,36,44,25
"ENSG00000289716",21,18,47,22,30,45,22,46,33,38,41
"ENSG00000289720",144,247,330,201,17,113,342,174,171,31,310
"ENSG00000289731",52,291,36,26,9,26,16,5,18,24,16
"ENSG00000290146",147,226,133,107,90,220,117,216,223,166,186
"ENSG00000290147",4789,6906,958,92,286,1061,254,329,357,754,214
"ENSG00000290263",75,49,28,31,4,73,34,91,58,9,52
"ENSG00000290292",332.00001,244,504,532,640,347,653,255,294,211,315
"ENSG00000290318",33,54,503,410,279,447,464,577,599,573,613
"ENSG00000291237",972,937.00001,3645,3084,3290,2836,3580,2294,1760,2586,4658
"ENSG00000291316",21,23,91,76,138,63,100,86,112,97,144
"ENSG00000291317",364.00001,431.99999,1461,1310,1445,2005,1442,2477,2834,2651,2387
"ENSG00000292277",27,17,82,68,75,90,99,35,58,54,77
