"","LR__EP1_WT_hRO_2","LR__H9_BRN3B_hRO_2","LR__H9_CRX_hRO_2","SR__D65_2","SR__D65_3","SR__D65_5","SR__D65_6","SR__D100_3","SR__D100_4","SR__D100_5","SR__D100_6"
"ENSG00000000003",963,661,568,3801,3080,2974,3637,3934,4191,2988,3587
"ENSG00000000419",661.99999,596.99998,488.99999,571,375,513,406,777,632,526,580
"ENSG00000000457",184,212,202,148,176,181,133,406,364,333,368
"ENSG00000000460",175.99999,237,197,221,158,168,201,302,352,347,370
"ENSG00000001036",286,259,284,1693,1534,1441,1761,1659,1457,1603,1561
"ENSG00000001084",213,176.99999,188.99999,194,107,143,165,189,194,203,197
"ENSG00000001167",310,334,273,1047,869,944,1167,857,1034,1221,1063
"ENSG00000001460",105,126,69,205,223,215,211,305,275,361,358
"ENSG00000001461",292,348,354,1034,996,992,1321,906,1130,1738,1419
"ENSG00000001497",331.99999,417.99999,353,1146,1109,1064,1036,1281,1582,1572,1394
"ENSG00000001561",106,123,76,361,204,278,360,427,404,516,423
"ENSG00000001617",487.00001,508.99999,685.99999,147,151,169,198,212,250,205,225
"ENSG00000001629",582,704,581,347,325,366,279,511,390,487,518
"ENSG00000001630",498.99999,601.00001,600.00001,2136,1558,1781,1883,1654,2142,2064,2079
"ENSG00000001631",719,1035,812.00002,450,369,416,484,792,721,687,768
"ENSG00000002016",588,533.00001,664.00001,246,216,239,286,317,231,251,296
"ENSG00000002330",518,673,522,2251,2533,2001,2484,3096,2357,2380,2445
"ENSG00000002549",241,264,232.00001,533,439,459,494,1055,1131,1144,1081
"ENSG00000002587",15,17,26,40,76,36,74,102,66,194,96
"ENSG00000002745",23,14,28,18,13,20,13,29,32,55,36
"ENSG00000002746",70,52,36,174,146,182,191,94,151,178,189
"ENSG00000002822",255,245,205.99999,515,638,567,698,873,909,1071,932
"ENSG00000002834",453,588,414,2453,2396,2418,3132,1902,2549,3253,2597
"ENSG00000002919",99,140,147,398,446,406,461,654,870,1025,793
"ENSG00000002933",271,401,321,1941,1906,1877,2155,1388,1712,1731,1590
"ENSG00000003056",174,223,246,1340,1181,1315,1565,1712,1545,2215,1776
"ENSG00000003096",96,220,192.00001,1674,1306,1372,1851,1153,1619,2055,1498
"ENSG00000003137",536,230.00001,405,259,452,318,419,220,256,517,353
"ENSG00000003147",262,139.99999,89,153,134,110,138,156,120,131,133
"ENSG00000003249",97,54,37,522,591,570,520,278,235,323,405
"ENSG00000003393",780,606,857.00001,701,567,612,723,931,988,1377,1216
"ENSG00000003402",122.00001,154,73.99999,334,281,292,327,386,393,379,441
"ENSG00000003436",58,92,29,146,144,133,148,211,164,304,273
"ENSG00000003509",382,257,208,230,177,223,240,365,400,384,423
"ENSG00000003756",1317.99997,1378.00001,1367.99998,1368,1268,1315,1178,2311,2154,2013,1957
"ENSG00000003987",343,444,261,453,347,329,375,264,269,352,327
"ENSG00000003989",36,30,57,146,97,153,175,82,101,105,139
"ENSG00000004059",573,692,608,3511,4112,3287,3565,2880,2138,2655,3164
"ENSG00000004139",258,308.00001,194,379,391,382,284,525,420,481,502
"ENSG00000004142",364,366,332,2176,2386,2103,2149,2111,1642,2714,3086
"ENSG00000004399",40,61.00001,59,94,149,81,144,76,80,108,97
"ENSG00000004455",572.99999,841.99999,675,2533,2321,2218,2520,3011,3292,3023,3301
"ENSG00000004478",448,488,483,3087,2635,2787,2997,1627,1235,1996,2400
"ENSG00000004487",2086,5218.99998,2214,2430,2783,2599,1906,1530,967,1426,2780
"ENSG00000004534",2105,2028,2657.99999,1365,1325,1240,1300,1590,1518,1742,1676
"ENSG00000004660",185.99999,220,197,138,154,162,116,250,321,311,340
"ENSG00000004700",204,187,225.00001,321,249,282,226,514,630,540,510
"ENSG00000004766",499,487.99999,285,243,192,210,242,435,426,445,429
"ENSG00000004777",310.99999,310,212,1056,1115,1034,1096,622,703,901,837
"ENSG00000004779",910,1041,865.99999,2466,2203,2187,2157,3037,2642,1996,2340
"ENSG00000004799",52,45,48,234,176,182,208,161,172,261,174
"ENSG00000004838",43,84,78,265,241,261,285,242,247,265,223
"ENSG00000004846",12,14,9,6,8,10,13,27,31,42,30
"ENSG00000004864",525,594.00001,670,768,542,594,696,891,927,1030,1011
"ENSG00000004866",364,515,429.00001,567,574,557,664,629,678,765,667
"ENSG00000004897",704,736.99999,959,821,741,760,967,1124,1139,1218,1172
"ENSG00000004961",112,113,114,447,352,327,488,757,682,616,632
"ENSG00000004975",183,213.00001,147.99999,814,790,694,797,694,936,1108,1126
"ENSG00000005007",237.00001,418.00001,253,248,266,213,224,172,181,210,240
"ENSG00000005020",23,53,44,324,275,300,286,172,172,386,161
"ENSG00000005022",1110,1714,1466,7990,7455,6297,7845,6111,6583,5520,6200
"ENSG00000005059",257,292,385,793,590,626,654,368,252,501,661
"ENSG00000005075",613,837,842,1345,1544,1336,1539,2066,1463,1150,1314
"ENSG00000005100",137,163,126,118,97,90,89,173,103,150,152
"ENSG00000005108",331,253,268,441,400,497,355,607,470,593,660
"ENSG00000005156",268,279,254,1527,1330,1341,1610,1698,2018,2035,2161
"ENSG00000005175",365,431.00001,403,551,384,449,539,806,652,618,663
"ENSG00000005187",11,21,8.99999,5,27,6,5,24,11,24,20
"ENSG00000005189",188,202,187,319,314,290,342,366,387,327,468
"ENSG00000005194",392.00001,448,436,1502,1775,1582,1745,2406,2098,2128,2127
"ENSG00000005206",250.99999,248.00001,225,889,1099,981,987,1116,1154,1258,1187
"ENSG00000005238",153,159,165.99999,506,481,494,640,533,713,990,707
"ENSG00000005243",40.99999,68,77.00001,60,47,46,46,40,29,47,74
"ENSG00000005249",216.00001,246.99999,241,575,398,469,451,353,255,260,281
"ENSG00000005302",172,147.99998,184,451,371,430,405,479,368,447,437
"ENSG00000005339",1325.00001,947.00001,1028.99999,711,905,825,958,1090,902,1078,1016
"ENSG00000005379",250.99999,239,256,543,644,665,604,718,970,1070,1193
"ENSG00000005436",496.99999,711.00001,752.99999,432,305,335,384,421,346,314,475
"ENSG00000005448",732.00001,991,881,3738,3986,3635,4183,3771,3850,3644,3277
"ENSG00000005469",183,256,281,184,129,153,133,683,788,663,770
"ENSG00000005471",62,79.99999,70,8,11,19,17,30,18,19,12
"ENSG00000005483",3584.99999,3535.99999,3849.99999,4973,4107,4820,5076,4379,4688,5894,5221
"ENSG00000005486",675,645,629.00001,5615,6186,5123,7092,6463,6819,7299,6993
"ENSG00000005513",39,106,104,53,59,71,40,62,36,79,63
"ENSG00000005700",1175,1130,1018.00001,540,429,525,460,938,1011,1276,1086
"ENSG00000005801",330.00001,408,402,1009,879,913,943,1608,1436,1211,1322
"ENSG00000005810",2054.00001,2447.99999,2838,1043,925,1020,956,1127,1135,1424,1366
"ENSG00000005812",161,221.00001,263,465,325,386,398,211,158,290,494
"ENSG00000005882",280,255,234,1575,1721,1566,2090,2045,2374,2684,2307
"ENSG00000005884",68,75,91,163,232,190,212,145,211,382,308
"ENSG00000005889",486,626.99999,672,841,777,788,847,1071,1182,1359,1281
"ENSG00000005893",618,777,659,5299,4068,4427,6002,3660,4777,5226,4497
"ENSG00000005961",116,110,74.99999,118,105,107,100,139,148,106,133
"ENSG00000006007",214,220,200,1205,1155,1076,1295,1504,1606,1552,1541
"ENSG00000006015",295.00001,363.00001,298,1235,1579,1249,1383,1382,773,1021,1215
"ENSG00000006025",83,84.00001,66,177,222,221,247,277,239,267,317
"ENSG00000006042",1155,1477,2161,6690,6548,6741,8860,6828,6064,7736,7104
"ENSG00000006062",122,112,298,157,125,149,144,257,212,261,227
"ENSG00000006071",120.99999,412.99999,58.99999,189,187,196,138,188,188,200,204
"ENSG00000006116",23,10,7,59,53,51,68,331,258,365,317
"ENSG00000006118",398.00001,413,506.99999,1222,1603,1653,1302,650,442,1279,1576
"ENSG00000006125",1051,1086.00001,1077,6259,6730,5816,7228,4233,5842,7475,6180
"ENSG00000006194",87.00001,128,96,945,878,861,1017,484,485,840,836
"ENSG00000006210",12,18,19,144,203,165,213,193,282,463,304
"ENSG00000006282",80,120,131.00001,612,787,639,773,602,704,929,893
"ENSG00000006283",196.00001,348.99999,293,100,104,91,92,87,37,70,54
"ENSG00000006327",112,57,53,164,155,140,203,254,221,454,316
"ENSG00000006432",182,128,189,198,175,241,180,193,192,318,262
"ENSG00000006451",499,652,674,2268,1759,1928,2139,2216,1941,1830,1935
"ENSG00000006453",105,102,109,138,148,98,101,102,106,92,152
"ENSG00000006459",329,368,337,97,63,112,76,145,71,115,125
"ENSG00000006468",294,154.99999,124,367,320,322,427,356,424,576,422
"ENSG00000006530",502.99998,586,425,714,712,692,692,918,1044,1099,1126
"ENSG00000006534",22,35,20.00001,62,110,64,129,129,176,170,114
"ENSG00000006576",637.00001,657,455,1176,938,974,1426,636,823,863,810
"ENSG00000006607",431,306,474,417,401,396,492,685,953,1079,922
"ENSG00000006625",292,404.00001,319,402,328,357,380,547,407,341,412
"ENSG00000006634",220.99999,343,311.00001,363,256,247,307,234,253,218,178
"ENSG00000006652",859.99999,1008.99999,846,2080,1585,1762,2240,1404,1652,1962,1755
"ENSG00000006695",202,118,130.99999,520,442,490,666,554,622,666,578
"ENSG00000006704",905,727.00001,892,499,549,559,694,741,686,783,707
"ENSG00000006712",257,274,287,821,926,859,1099,1572,1519,1807,1499
"ENSG00000006715",758,768,689.00001,1072,934,1020,1042,1628,1905,2297,1823
"ENSG00000006740",155,267,293.99999,129,125,115,132,118,92,121,142
"ENSG00000006744",337,292,277.99999,980,1187,1203,1141,1585,1460,2195,2053
"ENSG00000006747",16,25,7,52,35,30,61,69,53,44,57
"ENSG00000006756",273.99999,261,277,660,637,688,707,573,931,1045,1095
"ENSG00000006757",239,108,235.00001,186,240,196,247,284,225,242,213
"ENSG00000006831",238,284,270,307,351,299,282,297,322,269,296
"ENSG00000006837",134.99999,274,189,78,82,88,55,134,102,87,92
"ENSG00000007047",429,433,348,253,248,230,236,167,109,141,164
"ENSG00000007062",2312,1524.99999,1012,1272,941,1302,927,1786,2416,2471,2425
"ENSG00000007080",360,469,395,1466,1901,1538,1894,1687,1349,1463,1264
"ENSG00000007168",1395.99999,1475.00002,1557.00001,1506,1155,1340,1231,1850,1717,1912,1766
"ENSG00000007171",7,32,18,46,80,63,58,13,39,82,47
"ENSG00000007174",71,123,134,35,51,38,40,44,35,61,80
"ENSG00000007202",452,393.99999,381,1966,2084,2006,1999,1869,2391,3504,3119
"ENSG00000007237",157,171.99999,80.00001,315,279,277,352,306,502,529,478
"ENSG00000007255",118.99999,156.00001,179,473,580,613,523,858,620,527,568
"ENSG00000007264",41,85,78.00001,38,80,103,86,203,168,265,266
"ENSG00000007341",893,944,1154,599,552,521,543,561,550,485,501
"ENSG00000007350",14,15,20,141,176,89,217,102,144,338,191
"ENSG00000007372",3332,4908,4142.99999,14195,12656,12017,14252,14774,14716,11338,13334
"ENSG00000007376",56.99999,52.00001,42,137,226,208,125,244,151,278,304
"ENSG00000007384",47,54,47,201,168,132,162,113,73,157,235
"ENSG00000007392",1030,1130,1149,1102,1081,959,1250,1214,979,934,903
"ENSG00000007402",422.00001,283,286.00001,321,307,274,306,266,237,280,254
"ENSG00000007516",75.00001,135.99999,117,239,437,329,489,228,263,563,300
"ENSG00000007520",265,287,250,118,129,101,82,123,67,88,116
"ENSG00000007541",199.99999,210,158,1246,1459,1413,1300,1433,1478,2287,2359
"ENSG00000007545",249,234,197.99999,97,134,126,145,115,160,194,162
"ENSG00000007866",167.00001,183.99999,174,469,444,428,574,374,304,345,422
"ENSG00000007923",399,633,285,531,437,457,447,999,1202,1412,1135
"ENSG00000007944",63,69,112,319,263,332,391,264,353,479,381
"ENSG00000007968",40,61,49,63,73,67,39,146,115,129,135
"ENSG00000008018",1124,1475,1300,5787,5953,5219,6143,7977,7166,6118,6710
"ENSG00000008056",90,78,89,98,160,146,126,45,54,60,88
"ENSG00000008083",467,347,473,377,405,443,552,545,559,816,616
"ENSG00000008086",574,511,540,277,213,222,214,335,222,302,342
"ENSG00000008118",27,39,35,451,538,446,624,226,265,293,303
"ENSG00000008128",171,304,393.99999,72,91,66,84,128,72,85,85
"ENSG00000008130",168,155,145,237,375,320,278,300,213,288,392
"ENSG00000008196",69,47,60,30,30,34,21,256,246,145,209
"ENSG00000008197",25,66,25,131,140,154,126,89,62,43,64
"ENSG00000008226",32,36,37,5,7,3,5,30,13,18,23
"ENSG00000008256",157,184,165,319,337,294,344,290,266,380,453
"ENSG00000008277",363,501,312.00001,212,196,216,250,218,213,257,239
"ENSG00000008282",196.00001,264.99999,189,1359,816,973,1305,952,1228,1120,1105
"ENSG00000008283",71,73.99999,79,215,294,276,282,479,473,618,594
"ENSG00000008294",990.99999,1037,976,2046,1545,1777,2203,1628,1892,2736,2382
"ENSG00000008300",131,149,156,370,410,374,364,238,169,276,272
"ENSG00000008311",356.99999,356.00002,423.00001,489,359,409,408,612,643,616,590
"ENSG00000008324",300,329,324,534,412,431,455,677,553,358,451
"ENSG00000008382",95,158,119,78,113,95,76,124,66,74,65
"ENSG00000008394",67,86,50,307,360,314,398,307,285,470,331
"ENSG00000008405",425,427,551,1661,1275,1278,1633,1193,1208,1709,1427
"ENSG00000008441",293.99999,115,282,19,32,17,37,69,100,269,128
"ENSG00000008513",176,66,111,276,377,238,426,365,388,472,430
"ENSG00000008710",310,297.99998,241,351,420,376,321,276,220,229,327
"ENSG00000008735",121,135,125,169,165,168,156,168,91,154,119
"ENSG00000008838",383,514,442.00001,2484,2762,2555,2842,2410,3102,3415,3043
"ENSG00000008853",139,126,174,175,270,253,251,282,281,438,316
"ENSG00000008869",285,300,278,577,462,565,615,583,674,872,882
"ENSG00000008952",1906,1975.00001,1995.99999,1514,1367,1336,1326,1763,1350,1432,1473
"ENSG00000008988",9994,11010.99998,9971,8894,9200,7962,9116,9453,7724,4875,6712
"ENSG00000009307",3005,2487.00001,2009.00001,13143,11423,11415,14161,9089,11129,11279,11238
"ENSG00000009335",548,509,667,91,115,160,138,323,203,259,286
"ENSG00000009413",1468,1454,1799,1330,985,1207,1204,1044,916,1711,1377
"ENSG00000009694",304,170,331,473,441,481,452,742,545,641,708
"ENSG00000009780",141,171,268,263,180,209,265,344,363,322,306
"ENSG00000009830",264,271.99999,216.00001,759,709,743,799,462,529,1053,897
"ENSG00000009844",786.99999,734,593,2534,1985,2139,2463,2684,2898,2658,2725
"ENSG00000009950",13.00001,29,23.99999,26,38,37,21,22,18,19,32
"ENSG00000009954",1153,1308,1252,670,655,717,616,653,662,663,800
"ENSG00000010017",555,629,675,873,661,715,879,542,455,481,458
"ENSG00000010072",149,120,103.00001,167,122,154,187,275,338,316,305
"ENSG00000010165",153,145.00001,144,405,363,502,599,555,687,983,733
"ENSG00000010219",292,322,319.00001,1010,1126,1027,1210,1147,963,867,862
"ENSG00000010244",1126,1207,1257,3599,3160,3177,3889,3755,3835,3879,3775
"ENSG00000010256",721,1172,920.99999,10613,11856,10134,12632,10180,10419,10237,9288
"ENSG00000010270",554,785.00001,534.00001,2583,2038,2306,2449,1702,1414,1631,1713
"ENSG00000010278",285.99999,341,350.99998,1345,1218,1115,1393,1518,1267,2487,1506
"ENSG00000010292",429,354,314,2040,1835,1829,2509,1324,1682,2141,1985
"ENSG00000010295",106,113,129.99999,77,86,81,60,133,74,71,103
"ENSG00000010310",43,90,53,60,129,74,98,46,52,61,47
"ENSG00000010318",114.99999,110.00001,75,197,172,180,230,179,160,201,230
"ENSG00000010322",532.99999,615,602,1697,2241,1957,2309,2429,3563,4445,3774
"ENSG00000010361",124,185.00001,172,427,491,469,489,682,602,579,584
"ENSG00000010404",523.00001,531,764,3903,3439,3451,4468,2183,2483,3362,2792
"ENSG00000010539",99,83,94.00001,186,153,173,238,418,286,312,286
"ENSG00000010610",290.00001,247,256,315,294,281,359,318,291,258,309
"ENSG00000010626",123.00001,172,135.99999,392,452,329,484,463,479,378,491
"ENSG00000010704",15,13,26,35,30,30,50,63,48,49,58
"ENSG00000010803",1161,1631.99999,1427.00001,1152,1073,1101,1307,1168,1378,1515,1328
"ENSG00000010810",1493,1687,1465,530,573,588,540,810,497,613,544
"ENSG00000010818",145.99999,200,157,215,228,188,251,294,285,529,435
"ENSG00000010932",11,15,10,2,9,3,28,105,111,39,84
"ENSG00000011007",476.99999,484,420,1690,1492,1612,1801,1911,1615,1996,1717
"ENSG00000011009",191,211,171,686,655,757,791,1116,968,1189,1068
"ENSG00000011021",336,290,263.00001,623,574,556,570,576,660,984,816
"ENSG00000011028",162,123,145,826,1100,967,1054,354,409,1206,1186
"ENSG00000011052",76.00001,53,60,898,992,886,898,834,801,692,781
"ENSG00000011105",312.00001,352,385,148,141,113,172,218,302,262,270
"ENSG00000011114",500.00001,367,400,436,355,449,383,391,380,546,603
"ENSG00000011132",94.99999,80,59,184,239,217,270,393,361,401,342
"ENSG00000011143",137.00001,165,154,672,679,625,703,1043,971,1003,932
"ENSG00000011198",176.99999,175.00001,140.00001,197,164,172,158,349,457,311,376
"ENSG00000011201",291,210,372,526,526,509,552,464,418,426,438
"ENSG00000011243",735.00001,1015.99997,1572.99999,2459,3315,2586,2506,920,885,1713,2404
"ENSG00000011258",512,936,681,207,171,182,187,285,262,301,272
"ENSG00000011260",303,388,264,495,383,419,448,627,701,566,626
"ENSG00000011275",527,646,580,768,818,795,1010,1239,1516,1870,1540
"ENSG00000011295",592,649,639,578,621,708,415,638,451,551,692
"ENSG00000011304",795.00001,824,739,3412,3375,3082,3703,3361,3266,3852,4273
"ENSG00000011332",99,122,115.99999,74,77,88,86,75,66,92,42
"ENSG00000011347",1075,1295.99999,873,1214,979,1215,802,677,612,549,619
"ENSG00000011376",295,516,324.99999,476,440,485,547,605,848,991,782
"ENSG00000011405",812,970.99999,753,1078,700,911,822,1031,1073,1294,1174
"ENSG00000011422",55,129,134.00001,140,117,133,92,183,162,173,164
"ENSG00000011426",122,225,194,569,382,361,538,448,449,497,394
"ENSG00000011451",319,331.00001,343.00001,346,393,434,304,271,192,279,411
"ENSG00000011454",1122,929,1050,1472,1134,1266,1533,1315,1818,1841,1969
"ENSG00000011478",73,89,56,119,149,115,210,165,117,158,172
"ENSG00000011485",366,368,368.00001,1427,1775,1527,1608,1955,1952,1826,2018
"ENSG00000011523",457.00002,1066.00002,463.00001,1383,1245,1348,1629,1616,1814,2280,1826
"ENSG00000011566",847,1213.00001,872.99999,300,200,315,237,431,409,453,574
"ENSG00000011638",146.00001,264,213.00001,790,712,610,893,664,469,470,580
"ENSG00000011677",39,48,37,1703,1992,1813,2165,993,966,1100,1050
"ENSG00000012048",396.00001,375.00001,780.99999,334,238,276,220,393,411,383,376
"ENSG00000012061",468.99999,723.00001,565.99999,2482,2717,2048,2686,2829,2434,2182,2341
"ENSG00000012171",241,300,449,953,980,984,1275,1419,1354,1957,2285
"ENSG00000012174",248,209,234,768,563,744,738,774,1073,1262,1015
"ENSG00000012211",15,16,21,27,29,21,36,28,39,57,29
"ENSG00000012232",360.00001,377,385,1427,1613,1440,1765,1170,1445,2248,2001
"ENSG00000012660",356,497,400,2435,2018,1880,2402,1415,1585,2123,1670
"ENSG00000012779",23,36,34,39,43,11,47,38,79,34,35
"ENSG00000012822",331.99999,355.00001,299,2546,2602,2652,3160,3334,3701,3651,3389
"ENSG00000012963",280.00001,294,363.99999,834,751,709,832,1356,1580,1604,1524
"ENSG00000012983",1187,911.99998,770.99999,376,316,411,275,432,423,521,604
"ENSG00000013016",81,76,84,301,338,388,483,336,350,716,547
"ENSG00000013275",300,470,338,1634,1821,1556,1935,2385,2109,2235,2001
"ENSG00000013288",225,213,106,441,521,428,509,536,629,959,718
"ENSG00000013293",12,12,15,172,127,176,179,78,76,150,108
"ENSG00000013297",86,82,77,172,136,224,227,245,263,167,227
"ENSG00000013306",476.00002,496,453,2723,3267,2555,2993,3086,2707,3177,3845
"ENSG00000013364",139,196,170,433,419,502,544,1162,1408,1434,1490
"ENSG00000013374",454,524,514,1044,792,1003,1145,1000,958,958,899
"ENSG00000013375",306.00002,412.00001,483.99999,997,896,973,1060,1377,1446,1521,1285
"ENSG00000013392",111,107,103,148,139,162,169,336,376,378,379
"ENSG00000013441",797,1107.99998,970,2099,1691,1650,2186,2378,2715,1891,2296
"ENSG00000013503",124,158,76,131,100,108,126,241,309,369,328
"ENSG00000013523",128,202,228,974,831,950,1264,1133,1445,1691,1444
"ENSG00000013561",315,439,286,1389,1173,1244,1594,1836,2048,2188,2194
"ENSG00000013563",104,75.00001,53,125,155,166,216,228,302,310,339
"ENSG00000013573",145,337.99999,183.99999,542,539,573,443,713,629,605,619
"ENSG00000013583",240.00001,302,222,1104,1063,995,1054,629,539,645,855
"ENSG00000013588",20,26,25,306,320,402,437,376,543,846,546
"ENSG00000013619",146.99999,185,805.99999,769,625,620,763,383,386,569,718
"ENSG00000013810",202,312,185,782,849,735,902,775,894,856,763
"ENSG00000014123",381,531,464,747,539,700,770,697,680,809,753
"ENSG00000014138",167,250,158,386,313,359,335,516,653,540,606
"ENSG00000014164",104,123,93,490,588,584,608,669,746,857,813
"ENSG00000014216",275.00001,418,279,1514,1700,1652,1888,2533,2828,3174,2775
"ENSG00000014641",1193.99999,1476.00001,1087,4228,4336,4260,4566,6354,6103,5145,5676
"ENSG00000014824",668,797,638,2716,1897,2250,2515,3169,3894,3652,3911
"ENSG00000014914",55.99999,57,55,304,241,232,355,311,365,436,447
"ENSG00000014919",317,363,335,1031,906,952,1142,1207,1300,1332,1257
"ENSG00000015133",144,128,120,103,148,146,144,193,208,287,244
"ENSG00000015153",563,780.99998,935.99997,454,397,391,321,546,419,268,337
"ENSG00000015171",993.99998,1980,1483.99999,720,667,764,721,927,1003,1229,1381
"ENSG00000015475",274,283,170,757,706,765,754,1016,892,864,858
"ENSG00000015479",2534.99999,2819.99999,2721,12499,9016,9070,11739,12626,14698,13697,13583
"ENSG00000015532",123,132,104,164,278,255,331,365,477,622,484
"ENSG00000015568",8,11,11,118,487,276,66,66,498,106,799
"ENSG00000015592",575,852,575,5575,6278,5458,6730,2848,2383,3093,2592
"ENSG00000015676",376,355,334,2185,2507,2168,2750,2721,3070,3754,3006
"ENSG00000016082",102,163,72,538,634,768,421,597,419,462,357
"ENSG00000016391",20,10,22,43,55,44,41,45,56,98,109
"ENSG00000016864",374.99999,423,390.99999,1234,1160,1206,1171,1299,1088,1562,1713
"ENSG00000017260",1709.99999,3366.00002,2354.00001,2040,1666,1699,1934,1897,2282,2803,2525
"ENSG00000017483",1369,1129,1612,793,913,860,816,2139,2005,1683,1990
"ENSG00000017797",491,625,573.99999,700,673,716,731,623,578,532,736
"ENSG00000018189",2136,2264,1649,4260,3493,3768,3739,3054,2603,3424,2837
"ENSG00000018236",742.00001,652.00001,735.00001,2435,1919,2472,2790,2135,2852,4107,3346
"ENSG00000018280",8,17,16,13,18,31,37,41,35,36,36
"ENSG00000018408",298.00001,354,391,1344,1072,1264,1508,1067,1271,2377,1997
"ENSG00000018510",1613.99999,1077.99998,825.00001,610,356,544,449,605,563,783,720
"ENSG00000018610",168,213.99999,178.00001,379,236,281,395,329,357,467,468
"ENSG00000018625",345,264,367,2560,2624,2006,2676,3231,3798,4142,4204
"ENSG00000018699",167,346,150,151,138,149,132,357,325,342,294
"ENSG00000018869",42,56.99999,23,52,61,57,60,104,80,48,76
"ENSG00000019144",231,279.99999,195.99999,1113,1150,1109,1369,881,1065,1236,1159
"ENSG00000019485",129,205,94,43,59,58,71,85,88,126,117
"ENSG00000019505",90,103,62,796,1148,911,1072,442,232,440,380
"ENSG00000019582",20.00001,33,40,360,401,301,419,391,345,358,418
"ENSG00000019991",38,21,24,94,120,89,152,187,261,354,240
"ENSG00000019995",225,178,209,356,342,375,360,340,278,379,370
"ENSG00000020129",187,205,176.99999,773,931,833,1078,907,1113,1437,1240
"ENSG00000020181",671,732,674,167,178,254,224,175,252,254,348
"ENSG00000020256",192,378,298.99999,417,388,403,525,503,523,603,598
"ENSG00000020426",497.99999,574.99999,631.00001,378,341,411,336,669,647,480,506
"ENSG00000020577",63,53,30,49,43,35,42,61,47,31,71
"ENSG00000020922",436,489,448,382,254,317,301,429,456,384,440
"ENSG00000021300",657.00001,480,695.99999,2234,2219,2214,2201,4456,3496,4441,4427
"ENSG00000021355",111,77,112,52,52,67,85,104,76,111,84
"ENSG00000021574",731.99999,1057.00001,1251.00001,529,411,512,421,471,357,447,549
"ENSG00000021645",830.00001,732,981.99999,950,1338,1060,1688,821,847,2240,1450
"ENSG00000021762",101,168,104.99999,308,419,398,485,463,560,775,689
"ENSG00000021776",424,448,438,625,384,525,460,933,1131,1103,1160
"ENSG00000021826",121.00001,266,78,535,350,470,454,340,366,443,376
"ENSG00000022267",491,800,1070.99999,9094,9992,8891,8748,3910,2748,4414,6373
"ENSG00000022277",593.00001,646,554,2687,2680,2421,2908,3159,2869,2962,2853
"ENSG00000022567",47,53,74,25,59,62,38,70,66,55,54
"ENSG00000022840",545,529,531.99999,3392,3304,3290,3461,1911,1271,3099,3689
"ENSG00000022976",203,224.00001,157.99999,100,81,90,92,129,113,116,105
"ENSG00000023041",180,256,234,571,397,483,519,801,665,693,692
"ENSG00000023171",906,412,790.99999,373,358,454,454,714,1020,1245,1043
"ENSG00000023191",429.00001,472.99999,415.00001,1573,1818,1836,2046,2896,3230,3630,3083
"ENSG00000023228",1071.00001,1172.00001,1052.00001,1494,1271,1409,1621,1704,2238,2347,2415
"ENSG00000023287",714,1113.00001,983,1046,761,1027,1225,1325,1175,1632,1549
"ENSG00000023318",565.00001,628,511,1557,1329,1365,1598,1865,1739,1832,1766
"ENSG00000023330",279,239,222,963,1056,1017,1282,1069,1198,1665,1273
"ENSG00000023516",487,500,493,459,316,468,453,540,394,556,452
"ENSG00000023572",383,93,232,399,176,261,241,334,337,332,350
"ENSG00000023608",324,387,345,294,274,313,372,409,450,388,429
"ENSG00000023697",469,683.00001,455.99999,1197,839,918,993,1522,1396,1213,1392
"ENSG00000023734",1127,1301,1077,6744,5069,5608,6287,5701,6182,5518,5632
"ENSG00000023839",10,48.99999,14.99999,14,10,20,7,31,35,29,22
"ENSG00000023892",21.00001,28,15,10,12,20,18,24,10,11,16
"ENSG00000023902",364,390,336,335,422,361,377,391,265,319,325
"ENSG00000023909",188,152,143,50,55,48,46,95,45,53,56
"ENSG00000024048",874,693.99999,741,393,274,399,391,577,632,905,736
"ENSG00000024422",64,48,44,412,573,479,906,820,913,1445,1175
"ENSG00000024526",91,137,128,392,209,239,304,252,267,275,200
"ENSG00000024862",109,162,157,240,261,245,304,387,321,323,278
"ENSG00000025039",350,370,321,589,481,546,594,652,741,737,767
"ENSG00000025156",406,541,492,1843,1488,1662,2047,1463,1651,1357,1459
"ENSG00000025293",484.00001,618,519,921,944,933,950,1214,977,1150,1139
"ENSG00000025423",43,21.99999,17,52,32,24,40,29,50,52,65
"ENSG00000025434",102,38.99999,99.00001,98,106,98,125,150,140,169,150
"ENSG00000025708",71,73,48.99998,36,23,22,19,31,19,61,28
"ENSG00000025770",192,285,255,1102,1300,1164,1140,1741,1492,1616,1402
"ENSG00000025772",223,238,143,869,849,749,970,1165,1519,1557,1466
"ENSG00000025796",757,1009,834,2654,2107,2306,2380,2143,2409,2423,2358
"ENSG00000025800",518,660,590,1662,1612,1629,1925,1742,2130,2865,2411
"ENSG00000026025",13255,13132,11354,28860,29621,24249,34932,24984,20003,29613,25323
"ENSG00000026036",33,23.99999,22,81,77,86,43,90,59,95,156
"ENSG00000026103",38,44.99999,17,127,105,124,141,127,164,157,150
"ENSG00000026297",185,257,233.99998,472,576,495,574,434,292,526,518
"ENSG00000026508",94,57,72.99999,201,196,164,220,273,349,495,331
"ENSG00000026559",8,9,12,46,86,48,56,42,12,73,56
"ENSG00000026652",467,433.00001,453.00001,972,884,892,1133,932,720,971,877
"ENSG00000026950",92,130,140,309,326,338,349,483,544,557,473
"ENSG00000027001",160,90,98,203,196,221,206,461,464,436,472
"ENSG00000027075",33,41,77,65,54,52,90,106,139,151,115
"ENSG00000027644",16,18,13,45,46,42,74,55,42,65,39
"ENSG00000027697",393.99999,364,354.99999,962,719,739,911,942,1034,1003,904
"ENSG00000027847",334.00001,104,273,332,386,318,474,607,536,757,787
"ENSG00000028116",231,276.99999,290.99999,47,46,41,55,68,98,81,91
"ENSG00000028137",17,37,26,123,105,113,41,53,24,41,103
"ENSG00000028203",2392,1392,1247.99999,1528,1046,1236,1478,1335,1297,1805,1457
"ENSG00000028277",273.00001,332,240,411,432,465,373,110,73,107,140
"ENSG00000028310",295,321,314.00002,361,425,388,303,256,238,318,359
"ENSG00000028528",1179.00001,877,744.00001,882,800,740,811,1348,1443,1507,1475
"ENSG00000028839",314,410,391.00001,728,554,580,549,622,520,410,520
"ENSG00000029153",92.99999,121.00001,79,12,18,23,12,24,28,22,34
"ENSG00000029363",1269,1267.99999,1159.99999,2720,2191,2447,2264,3752,4264,4190,4429
"ENSG00000029364",541.99999,594.99999,466,1277,1053,1225,1529,1567,1700,1743,1490
"ENSG00000029534",163,83,120,200,214,294,187,131,78,221,196
"ENSG00000029639",218,164,186,244,176,230,194,406,411,354,334
"ENSG00000029725",651,818,878,1482,1436,1480,1352,1121,845,1668,1814
"ENSG00000029993",451.00001,962,500.99999,2324,1818,1937,2063,1865,2107,1908,1941
"ENSG00000030066",730,783.00001,567.00001,705,569,739,613,1323,1601,1717,1458
"ENSG00000030110",34,75,54,648,626,575,661,757,716,877,765
"ENSG00000030419",140.99999,220.99999,170.99999,145,104,112,115,123,133,128,122
"ENSG00000030582",492,564,518,2645,3434,2989,3910,4900,6006,6658,6054
"ENSG00000031003",675.00001,1359,890,360,314,319,344,439,523,643,612
"ENSG00000031081",45,14,36,40,66,42,65,89,98,173,170
"ENSG00000031691",72,94,98,155,102,128,86,249,231,115,146
"ENSG00000031698",723.00001,945,699,5811,6213,5611,6563,6362,5436,5786,5581
"ENSG00000031823",444.99999,448,471,256,297,310,257,411,410,410,398
"ENSG00000032219",888.00001,981,899,443,350,449,414,699,582,738,682
"ENSG00000032389",281,274.00001,245.00001,761,742,683,735,880,832,884,904
"ENSG00000032444",203.00001,226,209.99999,254,271,245,284,260,382,566,415
"ENSG00000032742",455,531,560,236,177,196,243,496,398,462,427
"ENSG00000033011",122.00001,80.99999,125,293,285,217,256,704,608,738,744
"ENSG00000033030",194,188,231.99999,274,182,214,284,482,418,530,384
"ENSG00000033050",186,220,158,430,479,480,503,815,824,1033,816
"ENSG00000033100",106.00001,135,99,218,240,173,241,444,528,797,698
"ENSG00000033122",76,83,53,115,100,111,138,85,51,97,94
"ENSG00000033170",355,461,413.99999,438,404,362,501,688,606,726,699
"ENSG00000033178",460,491.00001,513,772,544,637,512,769,888,866,813
"ENSG00000033327",292,220,198,735,753,770,677,355,490,401,537
"ENSG00000033627",945,1228.99999,927,3886,4342,3874,4644,3684,4407,6346,4946
"ENSG00000033800",1078,1216,1301,4624,3752,4252,5317,3647,4411,4313,4369
"ENSG00000033867",1942,1797.00001,1832.99999,531,360,531,423,465,314,357,482
"ENSG00000034053",316.99999,436.99999,727,1005,1236,1155,1143,928,907,1228,1168
"ENSG00000034152",81,144,125,223,281,255,234,137,97,243,345
"ENSG00000034239",26,43,29.99999,79,73,75,81,52,60,55,30
"ENSG00000034510",9173,12393,8595,14629,17376,13827,14891,16853,10427,7220,9439
"ENSG00000034533",76,57,48.99999,68,65,36,31,108,92,60,80
"ENSG00000034677",416,438.99999,413,676,434,638,759,833,920,1114,944
"ENSG00000034693",259,287,301,329,210,252,303,560,480,524,529
"ENSG00000034713",1423,1535,1581,5613,4614,4454,5190,6861,5786,4239,5347
"ENSG00000035115",364.00001,413.99999,313.00001,533,481,524,525,741,605,456,603
"ENSG00000035141",318,438,456.99999,1312,1025,1168,1289,1590,1457,1312,1528
"ENSG00000035403",495,467,452,1376,1423,1277,1948,2211,2979,3553,3537
"ENSG00000035499",168,232,214,596,406,430,663,482,589,440,522
"ENSG00000035664",32,16,24,44,58,49,32,84,17,60,53
"ENSG00000035681",290,426,333,276,236,246,250,381,434,409,527
"ENSG00000035687",366,360,284,561,392,424,495,565,540,625,563
"ENSG00000035862",944,838.99999,668,942,1058,862,959,866,659,723,670
"ENSG00000035928",512,851.00001,633,842,742,838,801,969,1050,1054,1142
"ENSG00000036054",434,562,432,708,430,526,613,1066,1052,1099,1175
"ENSG00000036257",1081.99999,1972,1475,688,491,560,518,624,486,407,453
"ENSG00000036448",25,51,40.99999,26,40,62,25,37,21,23,38
"ENSG00000036530",175,134,191,276,221,226,173,121,89,136,163
"ENSG00000036549",768.99999,703,468.99999,1235,881,1226,1433,1213,1724,1774,1486
"ENSG00000036672",96,73,112.99999,54,85,89,97,163,127,161,177
"ENSG00000037042",118,168,118,1259,1393,1174,1678,1021,1002,1162,1090
"ENSG00000037241",197,189,149,725,794,688,744,1239,940,646,842
"ENSG00000037280",8,34,23,27,39,23,26,20,26,26,35
"ENSG00000037474",243,228,242,286,188,288,191,476,465,725,581
"ENSG00000037637",424,531,407,1231,1160,1312,1639,1494,2087,2953,2146
"ENSG00000037749",274.99999,373,326.00001,705,468,613,668,1084,1439,1640,1486
"ENSG00000037757",229.99999,183.99999,172,389,377,353,523,457,433,559,545
"ENSG00000037897",35,43.00001,38,65,63,98,55,214,153,160,183
"ENSG00000038002",90,130,118,380,295,279,290,524,510,451,540
"ENSG00000038210",59,70,61,82,63,86,50,42,87,100,116
"ENSG00000038219",848,985,863.99999,574,531,679,591,636,501,618,763
"ENSG00000038274",437,557.99999,604.00001,2050,1364,1558,1971,2087,2382,1968,2126
"ENSG00000038295",262,125,102,44,36,35,71,107,125,195,164
"ENSG00000038358",265,278,200.99999,1147,1342,1359,1360,1192,1275,1857,1987
"ENSG00000038382",2863,3019.00002,2203,446,323,365,415,376,254,352,425
"ENSG00000038427",555,582.99999,586.00001,2413,2662,2437,2856,2042,2319,3363,3254
"ENSG00000038532",570.00001,626,316,758,804,840,839,793,1103,1557,1202
"ENSG00000039123",765,733,731,996,758,870,924,1165,1282,1404,1387
"ENSG00000039139",34,48,53,35,19,20,26,37,26,29,33
"ENSG00000039319",784.99999,674,665.99999,505,340,458,451,857,968,807,960
"ENSG00000039523",356,381,262.00001,876,998,1053,1153,1169,1062,1275,1307
"ENSG00000039560",1144.00001,794.00001,1426,1755,1445,1653,1830,3010,3544,3977,3828
"ENSG00000039650",136,232.99999,135.99999,546,521,451,549,654,527,604,550
"ENSG00000040199",211,234,346,236,185,304,225,218,218,423,482
"ENSG00000040275",169,221,211,385,313,350,370,682,635,552,594
"ENSG00000040341",1153.99998,1647.00002,2261,1478,1176,1174,1460,1655,1767,1730,1795
"ENSG00000040487",66,107,135.99999,288,343,291,385,526,493,572,528
"ENSG00000040531",95,110.00001,64,141,167,176,204,297,308,371,298
"ENSG00000040608",64,78.00001,84,108,169,153,129,114,83,110,98
"ENSG00000040633",219,218,206,317,311,327,340,684,591,586,641
"ENSG00000040731",33,37,41,133,109,94,173,70,108,156,133
"ENSG00000040933",481.00001,499,417.99999,295,311,321,279,290,263,205,279
"ENSG00000041353",14.99999,12,16,53,63,76,70,45,62,86,84
"ENSG00000041357",879.00002,1143.99999,1207.00001,3178,2835,2917,3055,4928,4112,3239,3862
"ENSG00000041515",420,429,527,375,360,408,252,264,185,265,296
"ENSG00000041802",139,205,205,510,517,515,602,1054,997,1055,995
"ENSG00000041880",53,70,50,265,283,269,351,367,410,428,339
"ENSG00000041982",50,41,70,617,1159,691,1006,735,922,4011,1576
"ENSG00000041988",139,202,193,591,734,673,827,754,580,791,671
"ENSG00000042062",47,30,33,22,11,16,14,16,6,20,10
"ENSG00000042088",399,594,316,385,353,388,398,532,603,611,669
"ENSG00000042286",63,73,67,34,35,47,78,89,119,153,147
"ENSG00000042317",423,727,430,542,435,474,517,626,507,471,472
"ENSG00000042429",340,422.99999,348.00001,355,217,334,284,537,441,664,588
"ENSG00000042445",127,110,86,676,781,550,984,665,754,894,742
"ENSG00000042493",20,9.99999,24,14,30,21,24,47,34,54,43
"ENSG00000042753",596.99999,711.99999,625,952,1167,882,1041,1158,988,908,801
"ENSG00000042781",227,182.99999,113,97,52,100,56,213,229,329,356
"ENSG00000042832",14,26,46,19,21,22,16,18,35,38,46
"ENSG00000043093",268,461,336,566,307,502,511,643,751,748,788
"ENSG00000043143",94,34,136.99998,56,114,58,125,126,151,184,154
"ENSG00000043355",893,1287,1138,429,333,327,341,488,458,332,334
"ENSG00000043514",471.00001,793,527.99999,614,477,433,604,703,647,493,565
"ENSG00000044090",355,312,255,1885,2313,2165,3020,1528,2585,2920,2728
"ENSG00000044115",1507,1391.00001,1113.99999,7146,6799,5969,8381,6014,7540,8554,7502
"ENSG00000044446",126,167,131,311,337,278,368,381,381,415,430
"ENSG00000044459",678,850,645,694,486,648,641,727,580,630,575
"ENSG00000044524",564,714.99999,512,1010,672,879,1120,1129,1403,1461,1340
"ENSG00000044574",1236.99999,1331.99999,1321,18191,18312,16059,22666,13311,15822,22315,16883
"ENSG00000046604",198.99999,249,210,1672,1290,1395,2021,1032,1272,1175,1337
"ENSG00000046647",319,321,179,731,734,631,876,633,621,612,606
"ENSG00000046651",1064.99999,707,493.99998,431,362,428,354,701,534,610,670
"ENSG00000046653",2895.00001,2597.99998,1933,27538,20229,21036,26819,24735,27273,33603,27530
"ENSG00000046889",266,302,255,194,142,172,144,156,202,339,235
"ENSG00000047056",514.00001,550,611.00001,292,314,307,341,379,390,667,519
"ENSG00000047188",373,496,488,421,263,282,344,429,437,571,569
"ENSG00000047230",630,667.99999,521,1991,1425,1495,1758,1798,1882,1829,1996
"ENSG00000047249",523,467.99999,370,1524,1292,1227,1463,1763,1961,1825,1810
"ENSG00000047315",717,884.99999,921,2063,1675,1811,1820,2801,3264,3091,2980
"ENSG00000047346",390.99999,278,436,288,203,247,252,319,260,440,415
"ENSG00000047410",1323.99999,1584,1413,2532,2085,2217,2856,3126,3170,3289,3319
"ENSG00000047457",348.99999,576,364.99999,1227,534,616,1032,1459,2319,2666,2072
"ENSG00000047578",385,270,307,278,286,247,301,766,875,949,898
"ENSG00000047579",276.99999,253.00002,225.00001,331,480,353,483,443,445,611,551
"ENSG00000047597",13,13,14,48,63,35,57,39,37,49,75
"ENSG00000047617",210,182.99999,261,77,91,100,74,324,496,513,460
"ENSG00000047621",219,170,216,228,138,174,145,417,403,402,379
"ENSG00000047634",174.99999,199,165.99999,833,680,649,746,593,545,325,473
"ENSG00000047644",124,130,132,169,160,169,189,235,193,230,191
"ENSG00000047648",57,188,111,235,201,167,290,67,79,112,101
"ENSG00000047662",148,173,208,107,82,106,114,241,206,299,340
"ENSG00000047849",1427,1300.99999,1240,7170,7242,6849,8241,5925,6206,8815,7094
"ENSG00000047932",458,535.00001,486,800,586,695,798,768,958,954,971
"ENSG00000048028",534,633.00001,731,905,582,714,884,1010,1229,1216,1330
"ENSG00000048052",2580.99999,1754.00001,1535.00001,2950,1981,2369,2921,2318,2661,2923,2879
"ENSG00000048140",204,249.99999,150.99999,590,719,593,628,371,246,580,744
"ENSG00000048162",95,182,116,197,237,201,182,410,300,343,274
"ENSG00000048342",1957.99999,2218.00001,1555,672,527,574,633,868,817,962,847
"ENSG00000048392",266,288,259,710,563,598,811,596,786,923,793
"ENSG00000048405",258.99999,155,209,170,213,207,164,140,99,151,219
"ENSG00000048471",456,248,304,322,284,325,339,494,377,544,453
"ENSG00000048540",219,27,32.99999,429,409,390,495,374,391,888,508
"ENSG00000048544",282,292,255,775,610,680,690,1208,1152,967,1001
"ENSG00000048545",267,188,185,1613,1783,1755,1500,1608,774,2210,1727
"ENSG00000048649",1308.00001,1586.00001,1532,1338,1340,1340,1328,1659,1423,1541,1557
"ENSG00000048707",695.99999,692,844,704,693,743,687,1054,959,1595,1353
"ENSG00000048740",5887,4942,4422.00002,2072,1745,1674,1771,2559,2468,2692,2617
"ENSG00000048828",509,479,625,450,391,327,317,652,560,652,625
"ENSG00000048991",1651,1761,1581.00001,1256,943,903,922,824,926,874,934
"ENSG00000049089",205,111,169.99999,2596,2861,2450,2973,4139,6230,2935,6893
"ENSG00000049130",86,128,115,280,176,207,216,220,327,278,247
"ENSG00000049167",338,440.00001,372.99999,527,417,486,436,493,557,541,577
"ENSG00000049192",286,355,392,209,146,156,166,151,213,188,215
"ENSG00000049239",342,224,251,428,524,474,541,456,749,909,1048
"ENSG00000049245",348,334,265,732,679,663,813,1119,1131,933,1360
"ENSG00000049246",643,360,325,660,516,548,756,533,491,671,723
"ENSG00000049323",326.99999,289,392,711,878,698,787,813,915,1087,919
"ENSG00000049449",803.99999,1156,1008.99999,8593,6879,6816,7188,4646,3608,5085,6870
"ENSG00000049540",857.99999,818.00001,1765.00001,6021,6358,7025,9382,1784,2810,4867,3465
"ENSG00000049541",210,213,248.99999,764,801,650,723,1223,1135,938,1042
"ENSG00000049618",2108,2130.99999,1876,1037,955,1055,944,1281,997,1166,1263
"ENSG00000049656",241,246,229.00001,219,268,210,209,286,259,250,203
"ENSG00000049759",2980,1657,2264.99999,1285,1393,1350,1444,1661,1276,1877,1767
"ENSG00000049769",81,163,94,70,96,82,84,94,46,69,70
"ENSG00000049860",204.00001,201.00001,176.99999,1683,1501,1459,1786,1065,903,1457,1597
"ENSG00000049883",254,215,125.00001,250,200,222,229,389,403,378,460
"ENSG00000050030",87,90,85,233,227,249,271,228,197,362,319
"ENSG00000050130",460,514.00001,554,1485,1157,1324,1441,1982,2257,2006,2133
"ENSG00000050165",3898.99999,5383,5506,11475,11199,10651,12799,9604,9479,13405,14474
"ENSG00000050344",25,41,87,29,30,34,31,41,26,45,42
"ENSG00000050393",237,196,212,269,251,287,254,195,129,214,242
"ENSG00000050405",234,210.00001,190,256,290,264,325,552,497,734,651
"ENSG00000050426",243.99998,272.99998,369,751,810,694,720,733,612,647,611
"ENSG00000050438",720,836.99999,676.99998,1853,1508,1524,2372,766,1104,1795,1380
"ENSG00000050628",7,10,15,35,43,44,41,46,18,29,31
"ENSG00000050730",35,16,24,60,67,72,36,30,19,28,23
"ENSG00000050748",340,332.00001,264,265,201,242,202,231,140,139,170
"ENSG00000050767",183.00002,308,477.00001,135,127,68,106,291,260,134,250
"ENSG00000050820",357,293,249,597,834,751,662,438,409,747,1083
"ENSG00000051009",208,154,171.00001,494,584,545,528,734,595,586,663
"ENSG00000051108",585,667,516.00001,1764,1645,1804,2310,2164,2410,3339,2655
"ENSG00000051128",260,214,245.00001,230,322,273,300,258,237,237,296
"ENSG00000051180",181,114,142,162,158,145,141,273,351,226,250
"ENSG00000051341",85,133,79,84,46,49,65,82,73,111,90
"ENSG00000051382",367.99999,416,299.99999,286,176,256,301,264,296,474,418
"ENSG00000051523",168.99998,209.99998,210.99999,307,335,277,308,422,264,273,436
"ENSG00000051596",101,145,148,1728,1739,1560,1935,1875,1830,1825,1782
"ENSG00000051620",511,631,596,502,513,447,359,462,343,279,490
"ENSG00000051825",668.00002,464,688,554,396,504,557,564,485,597,470
"ENSG00000052126",2176,1721.00001,1830.99998,658,438,469,520,859,729,989,876
"ENSG00000052344",21,12,9,33,31,36,60,21,25,15,23
"ENSG00000052723",279,350,381,1182,754,881,923,1161,1145,1144,1159
"ENSG00000052749",264.99999,309.00001,156.00001,386,387,427,534,614,728,918,766
"ENSG00000052795",223,335,228,235,276,281,333,317,254,433,334
"ENSG00000052802",327,588,501,3553,2666,2715,3180,1365,1658,1308,1462
"ENSG00000052841",1772.00001,1551.00001,1154,2043,1784,1973,2121,1834,2454,2659,2467
"ENSG00000053108",320,483.99999,179,185,205,239,197,189,257,245,231
"ENSG00000053254",758,666.00001,610,943,797,850,882,839,852,979,960
"ENSG00000053371",422,518,391,1914,2560,2042,1671,518,353,795,1881
"ENSG00000053372",145,158,143,300,424,347,393,742,549,594,507
"ENSG00000053501",169.00001,234.00002,193,322,378,358,432,588,420,364,425
"ENSG00000053524",210.00001,171,187.00001,194,200,187,200,120,78,234,180
"ENSG00000053702",35,70,31,33,19,32,19,23,18,21,25
"ENSG00000053747",63,53,32,18,25,38,42,17,24,65,52
"ENSG00000053770",276,313,290,494,403,516,524,1053,1118,1081,995
"ENSG00000053900",237.00001,340.00001,341.00001,476,341,407,372,667,634,541,611
"ENSG00000053918",40,37,35,15,20,26,15,18,7,5,17
"ENSG00000054116",377,398.00001,405,882,984,896,1045,1212,1456,1474,1429
"ENSG00000054118",905,1207.99999,1017,2417,2401,2437,2646,3052,3039,3481,3459
"ENSG00000054148",2312.00001,1649.99999,1375,4763,6106,4532,5603,5988,4334,3427,4048
"ENSG00000054267",2400,2196.99999,2684.00001,909,649,765,724,1114,929,1201,1075
"ENSG00000054277",161,169,94,70,111,89,70,129,76,71,99
"ENSG00000054282",523.99999,491,496.00001,760,646,619,729,856,870,886,829
"ENSG00000054356",196,233.00001,170.99999,1318,1470,1418,1309,935,1325,2045,1620
"ENSG00000054392",130.99999,232,198,341,237,352,379,357,399,606,438
"ENSG00000054523",4618.99999,4200.00001,4127.99999,2049,2225,2179,2132,2110,1770,2579,2260
"ENSG00000054611",254.99999,263.99999,217,273,404,323,334,454,552,607,606
"ENSG00000054654",2054.99999,1841.99999,1909,2429,1867,2161,2109,2312,2026,3646,3221
"ENSG00000054690",470.99999,351,324.99999,385,389,341,351,516,413,559,604
"ENSG00000054793",394,357,302,918,954,779,879,767,623,1138,1065
"ENSG00000054965",807.99999,660,645,1412,1373,1315,1490,1671,1548,2159,1782
"ENSG00000054967",57,37.00001,42,84,113,100,72,85,35,98,121
"ENSG00000054983",167,152,122,311,315,295,242,176,182,301,220
"ENSG00000055044",664.99999,784,770,587,466,533,494,1308,952,899,961
"ENSG00000055070",423,508,398,1152,1190,1139,1355,1157,1321,1307,1273
"ENSG00000055118",144,160.99999,92,337,266,336,332,314,300,316,302
"ENSG00000055130",1308.99999,1722,1439,1079,1034,1271,1281,2653,3215,3220,3079
"ENSG00000055147",266,290,269,483,414,324,415,962,894,734,926
"ENSG00000055163",900.99999,919,703,5940,5802,5300,6449,3959,4853,6063,5126
"ENSG00000055208",932,836,830,701,634,632,759,737,617,681,779
"ENSG00000055211",274,261,314,630,651,594,796,1075,1072,908,1201
"ENSG00000055332",701.99999,933,924,1288,767,1036,1188,1000,1417,1469,1381
"ENSG00000055483",499,320,247,323,306,381,434,468,517,669,537
"ENSG00000055609",2409.99999,3252.99998,2227.99999,2518,2081,2369,2407,2143,2155,3877,3453
"ENSG00000055917",2533.00001,2378,2192.00001,1332,965,1214,1278,1828,1705,1872,1853
"ENSG00000055950",510.99999,599.00001,554.99999,1319,1392,1213,1543,1977,1892,1511,1585
"ENSG00000055955",31.00001,11.99999,66.99999,9,8,0,0,20,5,18,23
"ENSG00000056050",438,463,486,551,382,432,435,728,615,411,508
"ENSG00000056097",1027,1472.00001,1236,6101,4890,5607,6685,4331,4848,5086,4525
"ENSG00000056277",173,260,396,370,277,277,371,329,353,350,360
"ENSG00000056291",58,22,26,91,81,87,78,245,191,202,202
"ENSG00000056487",416.99999,478.99999,601,286,235,234,244,176,134,213,181
"ENSG00000056586",668.99998,679.99999,666.99999,1798,1718,1703,2165,1775,1511,2004,1949
"ENSG00000056736",68,59,36,34,38,37,37,69,96,67,127
"ENSG00000056972",538,248,365,343,317,318,528,433,481,638,657
"ENSG00000056998",240.00001,255,366,819,937,903,1022,715,844,1175,933
"ENSG00000057019",2734.00001,2195,2290,2286,1829,2133,1547,2718,2705,2496,3450
"ENSG00000057252",227,275,242,820,775,724,896,973,1160,1126,1085
"ENSG00000057294",120,143,114.99999,368,308,364,346,309,299,338,352
"ENSG00000057608",1233,1714,1493,9125,7534,7589,8448,7597,7337,6159,6977
"ENSG00000057657",624,712.99999,1194,523,315,425,370,1935,2229,2070,2132
"ENSG00000057663",472,532.00001,620,420,321,386,388,631,633,493,556
"ENSG00000057704",28,28,26,499,409,439,542,537,482,682,701
"ENSG00000057757",323,201,189,570,608,656,628,347,243,411,578
"ENSG00000057935",979,823.00001,767,1206,1108,1045,1193,1167,1252,1293,1288
"ENSG00000058056",294.99999,269.99999,278,187,123,163,127,262,225,198,231
"ENSG00000058063",498,588.99999,613,294,214,263,260,290,260,277,321
"ENSG00000058091",347,483,421,497,411,391,387,465,463,536,480
"ENSG00000058262",621.00001,683,594,2893,2951,2875,3261,3330,4390,5944,4861
"ENSG00000058272",1265,1667.99999,1210.99999,1682,1557,1503,1890,1888,1879,1780,1930
"ENSG00000058335",47,50,23,32,41,43,70,47,48,50,29
"ENSG00000058404",294.99999,588.99999,573.00002,241,331,211,302,241,229,396,377
"ENSG00000058453",190,230,244,165,226,198,200,267,226,333,408
"ENSG00000058600",382,275,242,400,417,470,425,638,561,681,574
"ENSG00000058668",549,585,797,2985,2432,2733,3276,1998,3186,5323,3857
"ENSG00000058673",1080,1322,2389.00001,1138,976,1169,1095,1814,1848,2003,1931
"ENSG00000058729",210,245,248,492,330,394,442,561,653,643,640
"ENSG00000058799",289,186,149,400,489,444,533,583,599,670,563
"ENSG00000058804",287,379,381,691,460,625,625,704,887,960,864
"ENSG00000058866",43,29,23,53,27,59,36,65,51,91,60
"ENSG00000059122",228,174,178.99999,643,814,681,705,477,477,972,971
"ENSG00000059145",202.00001,155,224.00001,150,175,208,177,111,130,150,103
"ENSG00000059377",36,81,88,46,59,30,58,66,73,62,91
"ENSG00000059378",22,41,35.00001,5,12,13,17,49,26,23,18
"ENSG00000059573",350.00001,357,311,1210,1170,1197,1294,1751,2347,2088,2232
"ENSG00000059588",252,313,290,180,174,230,134,279,161,198,242
"ENSG00000059691",447.00001,515,697,532,541,636,618,1635,1307,1114,1370
"ENSG00000059728",227,175,169,606,520,558,636,316,381,555,423
"ENSG00000059758",395,538,400,425,384,454,379,218,163,438,610
"ENSG00000059769",129,162,126,131,121,126,112,67,33,82,135
"ENSG00000059804",375,807,478.99999,2928,2796,3223,3817,2920,7956,9502,6261
"ENSG00000059915",253,229.99999,233.99999,164,212,169,182,154,97,164,188
"ENSG00000060069",64.00001,122,100,75,54,70,69,104,75,77,91
"ENSG00000060138",333,276,223.00001,256,244,199,204,212,151,161,168
"ENSG00000060237",2158.00001,1828.00001,1843,2213,2067,2274,2204,2462,1926,2560,2662
"ENSG00000060339",2288.99999,2290.99999,2199.00001,2127,1910,1887,2489,2516,2460,2253,2301
"ENSG00000060491",148,206,157,213,296,239,283,211,212,377,366
"ENSG00000060642",108,83.99998,101.00001,401,335,351,510,546,632,670,594
"ENSG00000060656",475,413,329,708,948,906,867,564,474,685,855
"ENSG00000060688",291,370,267,991,1033,1056,1039,1932,1842,1675,1614
"ENSG00000060709",112.00001,152,197.00001,108,86,69,116,77,71,139,140
"ENSG00000060718",3220.99999,5550,5853.00001,3241,2280,2585,3250,3423,5101,5321,5502
"ENSG00000060749",559,741,601,537,435,545,476,554,598,551,639
"ENSG00000060762",340,408.99999,388.99999,540,527,547,493,1093,797,619,789
"ENSG00000060971",119,150.99999,138.99999,516,555,591,579,505,399,714,783
"ENSG00000060982",324,264,236,725,656,684,807,261,248,467,372
"ENSG00000061273",233.99999,168,158,286,325,289,344,290,303,338,318
"ENSG00000061337",36,60,29,166,269,272,233,164,172,288,245
"ENSG00000061656",352.99999,531.99999,636.00001,116,107,136,136,263,159,100,137
"ENSG00000061676",1678,1721,1747,1860,1415,1667,1428,1942,1396,1590,1862
"ENSG00000061794",411,500,376.99999,1217,915,1000,1140,1266,1267,1064,1157
"ENSG00000061918",203,448,413,1952,1310,1610,1957,1830,2129,1656,2070
"ENSG00000061936",408.00001,706.00001,384,723,714,701,892,606,646,682,639
"ENSG00000061938",215,253.00001,260.00002,104,76,98,134,76,72,97,86
"ENSG00000061987",834.99999,1917.99999,1049.00001,655,428,493,619,738,818,1077,1010
"ENSG00000062038",53,71,70,485,513,595,720,289,364,682,399
"ENSG00000062194",1220,1370,1425,2206,1684,1922,2409,2606,2482,2591,2474
"ENSG00000062282",11,21.99999,25.00001,67,90,95,121,33,62,160,124
"ENSG00000062370",106,174,290,127,99,111,107,200,202,235,200
"ENSG00000062485",854,1007,907.99999,6857,6302,6612,7535,5081,6350,6934,6208
"ENSG00000062582",570,814,678,2078,2245,2067,2483,1899,1801,1624,1635
"ENSG00000062598",331.99999,415.00001,384.00001,784,895,925,1017,1181,1455,2020,1632
"ENSG00000062650",391,442,395,619,600,619,638,808,957,1363,1449
"ENSG00000062716",850,982,810,1075,987,845,968,1932,1690,1488,1673
"ENSG00000062725",470,553.99999,583,1072,759,824,1057,1385,1865,2072,1859
"ENSG00000062822",198,246.00001,198,1323,1402,1477,1382,1396,1777,1754,1571
"ENSG00000063015",140.99999,171,148,295,507,325,305,249,235,408,564
"ENSG00000063046",1171,1381,1222,7643,6532,6837,8076,4776,5438,4924,5089
"ENSG00000063127",261,126.00001,122,44,42,60,46,65,50,41,57
"ENSG00000063169",286,217,224.99999,53,55,57,59,44,44,45,55
"ENSG00000063176",101,92,78,110,180,138,146,360,354,348,292
"ENSG00000063177",6704.99999,9808.00001,8644.00001,12595,15419,11849,14271,13362,9424,7248,8892
"ENSG00000063180",265,287,229,756,1012,798,1072,1143,1009,1079,1097
"ENSG00000063241",150,191,151,497,667,551,624,937,747,791,795
"ENSG00000063244",637.00001,671.99999,535,386,455,405,442,614,497,465,513
"ENSG00000063245",283,271,227,454,509,467,421,174,159,414,453
"ENSG00000063322",303,317,274,1849,1919,1688,2261,2697,3100,3450,2983
"ENSG00000063587",108,111,68.99999,239,314,276,221,171,179,220,323
"ENSG00000063601",353.00001,376,1073,215,156,181,177,261,199,221,254
"ENSG00000063660",267,229,244.99999,247,408,291,289,336,272,362,358
"ENSG00000063761",91,94.00001,78,118,159,120,191,243,233,357,276
"ENSG00000063854",386,446,317.00001,1136,1227,1074,1101,1243,851,1270,1441
"ENSG00000063978",392,497,491.00001,1136,1273,1415,1526,1524,1724,2188,1820
"ENSG00000064012",64,31,9,1,2,3,9,28,13,28,38
"ENSG00000064042",2048,2142.00001,2757.00001,3163,2362,2624,3669,2521,2855,3096,3151
"ENSG00000064102",230,374,242,548,384,571,481,605,608,501,591
"ENSG00000064115",416,444.00001,493,906,865,816,689,475,395,498,909
"ENSG00000064199",72,139,84,326,330,339,334,367,358,234,344
"ENSG00000064225",178.99999,186.99999,184,76,83,115,80,98,85,62,75
"ENSG00000064300",103,104,225,364,283,361,365,331,265,578,532
"ENSG00000064309",2439.00002,5104.99998,3192.00001,3601,1968,2929,3556,2183,3330,2821,3538
"ENSG00000064313",750,792.00001,554.99999,816,621,745,641,1148,1205,1167,1198
"ENSG00000064393",1474,1284,1219,2497,2722,2636,2866,2838,2911,3797,3520
"ENSG00000064419",755,758,653,1536,1490,1570,1842,1437,1970,2422,2069
"ENSG00000064489",36,97.00001,30,54,32,38,37,59,13,43,43
"ENSG00000064490",253,304.00001,313.00001,499,628,458,540,935,709,718,680
"ENSG00000064545",174.00001,179.99998,158,1011,1130,984,1296,1119,1217,1140,1028
"ENSG00000064547",141,137.00001,98.99999,633,678,677,641,534,395,380,459
"ENSG00000064601",273,269,230,793,918,777,936,1766,1744,2439,1933
"ENSG00000064607",926.00001,874,892.00001,2948,2849,2727,3003,2342,2239,3152,2794
"ENSG00000064651",1006,1062,987.99999,232,185,226,213,411,302,361,352
"ENSG00000064652",203,235,203,470,350,380,423,320,326,297,294
"ENSG00000064655",631,674,960,173,192,152,196,237,241,230,245
"ENSG00000064666",480,652.00001,385,7295,6647,6340,9120,5117,5348,5088,5389
"ENSG00000064687",273,229,190,675,774,760,556,947,791,1698,1489
"ENSG00000064692",121.00001,221.00001,171,216,251,194,262,257,247,446,290
"ENSG00000064703",183.00002,175,184,366,202,281,376,438,520,596,553
"ENSG00000064726",341,433,424,1416,925,1149,1071,905,958,1440,1495
"ENSG00000064763",290.99999,413,161.00001,1449,1052,1184,1266,1514,1414,1400,1668
"ENSG00000064932",69.99999,99,95,33,41,35,33,43,34,36,47
"ENSG00000064933",1300,807.99999,565,389,312,350,276,542,566,495,579
"ENSG00000064961",302,279,281,1440,1500,1451,1646,1603,1170,1696,1764
"ENSG00000064989",42,126,92,64,46,63,55,117,58,94,99
"ENSG00000064995",482,433,426.99999,576,538,515,640,865,630,623,642
"ENSG00000064999",722.99998,769.99999,557.99999,366,415,469,447,451,422,658,582
"ENSG00000065000",1078.99998,967,866.99999,776,1022,882,873,861,638,730,723
"ENSG00000065029",326,367.00001,339.99999,876,947,736,920,1312,1432,1405,1468
"ENSG00000065057",111,110,106,448,539,462,510,595,463,474,406
"ENSG00000065060",195,218,170,554,426,493,458,387,457,673,605
"ENSG00000065135",787,907,815,4914,3416,4198,4659,4477,5254,4344,4457
"ENSG00000065150",770,1021,775.00001,5351,4357,4219,4770,3476,3858,3289,3476
"ENSG00000065154",334,518,427,2094,1860,1754,2301,2486,2748,2842,2662
"ENSG00000065183",211,209,211,456,348,403,462,658,797,911,848
"ENSG00000065243",1306,1861.99999,1324.00001,706,481,449,497,1030,1184,1273,1257
"ENSG00000065268",284,450.00001,302,1521,1690,1693,1679,2371,2346,2427,2361
"ENSG00000065308",115,101,130,387,365,369,458,381,311,879,619
"ENSG00000065328",78,135,173,248,307,260,292,429,439,303,388
"ENSG00000065357",88.99999,112,76,227,191,209,208,351,332,475,497
"ENSG00000065413",74.00001,116,52,167,127,133,152,140,141,227,201
"ENSG00000065427",601,720,637,3839,3379,3281,3958,2721,2561,2574,2592
"ENSG00000065457",174,243,123.99999,334,344,305,324,462,523,629,726
"ENSG00000065485",269,280.00001,299,450,446,432,569,533,520,912,577
"ENSG00000065491",104,84,103,286,391,372,412,447,632,658,562
"ENSG00000065518",1603,2074,1728.00001,2832,2123,2299,2346,2756,2060,1815,2008
"ENSG00000065526",749.99999,902.99999,607,786,997,918,1063,923,932,1162,1092
"ENSG00000065534",480,356,296,319,292,311,227,474,508,742,668
"ENSG00000065548",667,1033,732,1409,1064,1170,1242,1598,1343,1140,1337
"ENSG00000065559",747,1027.00001,1292,780,783,864,725,523,360,668,1138
"ENSG00000065600",177,234,184,728,775,742,839,788,749,766,655
"ENSG00000065609",1672.99999,1510,1881.99999,673,711,688,535,742,599,792,1012
"ENSG00000065613",447,633,560,408,276,293,276,341,321,416,359
"ENSG00000065615",138,134,137,261,160,188,178,318,285,292,318
"ENSG00000065621",24,83,38,56,82,81,83,112,130,132,132
"ENSG00000065665",421.99999,374,339,821,806,703,809,764,794,965,811
"ENSG00000065675",365.99999,958,767,82,97,87,167,134,109,125,148
"ENSG00000065717",226,290,201.00002,310,360,340,446,393,321,361,355
"ENSG00000065802",138,143,152,348,378,370,363,278,407,543,478
"ENSG00000065809",310.99999,269,263,258,212,249,207,245,230,162,188
"ENSG00000065833",101,93,63,501,351,375,360,312,241,327,515
"ENSG00000065882",477,327,259,474,557,387,558,612,454,445,691
"ENSG00000065883",907.99999,990.99999,1055,411,322,347,320,503,367,305,412
"ENSG00000065911",490,571.99999,381,1347,946,1032,1161,845,816,651,715
"ENSG00000065923",145,293,133,581,505,521,561,439,415,635,599
"ENSG00000065970",148,126,82,897,797,800,1019,679,1029,1186,1061
"ENSG00000065978",4487,5970,5149.99999,4264,4708,4191,3873,2922,1869,1861,2204
"ENSG00000065989",40,82,27.99999,88,124,124,131,87,68,116,94
"ENSG00000066027",266,235,208,189,141,187,163,190,161,164,207
"ENSG00000066032",505.99999,723,417.99999,3626,3854,3363,3935,1389,1371,2037,1797
"ENSG00000066044",650,822,637,727,626,520,550,502,455,381,427
"ENSG00000066084",781,609,585,1361,1206,1337,1650,1022,1304,2081,1916
"ENSG00000066117",420,468,412.00001,1129,974,1065,1096,791,923,907,951
"ENSG00000066135",345,284,359,905,905,963,1038,1378,1755,2089,1747
"ENSG00000066136",567,660,483,1711,1556,1667,2016,1821,1915,1937,1742
"ENSG00000066230",78,76,90,39,42,70,68,51,67,109,114
"ENSG00000066248",63,51.00001,17,35,64,77,59,26,35,23,36
"ENSG00000066279",412,592,646.99999,708,563,589,459,516,529,665,681
"ENSG00000066322",98.99999,128,105,321,300,258,326,465,506,649,511
"ENSG00000066379",251,352.00001,256,557,699,518,680,855,609,548,581
"ENSG00000066382",2066,1989,2395,2065,1559,1602,1691,1891,2174,2395,2786
"ENSG00000066422",235.99999,181.00001,189,516,366,461,524,540,541,588,666
"ENSG00000066427",830,533,657.00001,317,238,293,300,281,243,249,273
"ENSG00000066455",178,229,204,694,661,664,878,966,912,1069,1045
"ENSG00000066468",119.99999,141.99999,111.99999,126,154,114,235,104,68,104,101
"ENSG00000066557",260,359,249,338,237,348,310,580,505,493,485
"ENSG00000066583",208,363,336,840,640,994,778,3365,4659,4374,4458
"ENSG00000066629",1926.00001,1960.00001,2098,3048,2498,2953,2970,5044,5685,5646,7812
"ENSG00000066651",369,473,513,569,420,552,665,553,562,584,564
"ENSG00000066654",279,362,356,936,755,808,881,887,1030,1116,1108
"ENSG00000066697",260.00001,282.99999,287,306,319,311,359,257,233,227,273
"ENSG00000066735",466,388,318.99999,102,126,142,80,131,153,214,157
"ENSG00000066739",344,323,448,342,238,295,261,404,328,492,437
"ENSG00000066777",1408,1367.99999,1043.99999,584,417,503,470,789,761,990,993
"ENSG00000066827",117.99998,86,143,79,47,85,76,136,219,217,194
"ENSG00000066855",949,958,801.99999,282,211,234,231,393,441,324,378
"ENSG00000066923",368,260,282,20,60,46,36,42,31,60,55
"ENSG00000066926",210,208.99999,160.00001,594,513,497,675,785,853,897,953
"ENSG00000066933",1372,1392,1525,699,536,616,726,747,627,1127,940
"ENSG00000067057",2175,2271.00001,1969.99999,1006,1236,1187,1603,1639,1481,1689,1500
"ENSG00000067064",371,606,532,2173,1795,1945,2176,1255,1249,1045,1210
"ENSG00000067066",28,21,18,8,3,10,16,52,60,78,77
"ENSG00000067082",422,441,367,2518,2439,2268,2588,1615,1846,2116,1610
"ENSG00000067113",268,293,218,247,237,269,326,396,372,543,621
"ENSG00000067141",1143.99999,1047,945,1439,1626,1432,1455,859,981,1418,1667
"ENSG00000067167",635,758,865,1891,1361,1481,2027,1999,1950,1879,1992
"ENSG00000067177",144.99999,116,133,316,275,283,331,290,377,440,389
"ENSG00000067182",155.99999,170.99999,120,551,524,610,775,781,821,1271,1119
"ENSG00000067191",205,152,146,400,458,371,371,398,297,547,372
"ENSG00000067208",725,1683.00001,1999,357,296,379,391,398,444,576,495
"ENSG00000067221",97.99999,81,104,357,487,426,499,675,613,889,698
"ENSG00000067225",5374,7984,7304,18464,18715,17921,22126,21989,28849,28935,24744
"ENSG00000067248",520,616,471,549,356,437,378,689,541,583,629
"ENSG00000067334",301,406,322.00001,741,625,741,758,1392,1228,1239,1187
"ENSG00000067365",278,306,231.00001,533,541,459,603,644,460,599,515
"ENSG00000067369",1075,1108.00001,1203,1542,1507,1526,1745,2244,2601,3380,3174
"ENSG00000067445",394,413,368.99999,4262,4328,4061,4809,4448,5039,6184,5354
"ENSG00000067533",184,285,263,183,114,146,78,283,259,212,232
"ENSG00000067560",1851.99998,2256,1914,8440,7191,7170,8387,8157,8476,7508,8163
"ENSG00000067596",313.00001,277,308,659,577,614,721,843,1054,1376,1169
"ENSG00000067606",173,204,116,675,969,664,885,435,335,499,426
"ENSG00000067704",563,626,567,1689,1381,1513,1613,1963,2551,2765,2558
"ENSG00000067715",5142,5586.00001,8115.99999,6299,5786,5472,6169,5456,5889,6620,5872
"ENSG00000067798",253,280,331,202,296,248,263,198,163,242,240
"ENSG00000067829",220,310,255.00001,1781,2214,1864,2282,2148,2058,2079,1931
"ENSG00000067836",414,315.00001,314,825,857,868,951,1640,1325,1526,1536
"ENSG00000067840",173,222.99999,197.00001,359,416,414,373,122,195,195,155
"ENSG00000067842",26,32.99999,71,79,82,73,75,53,38,43,53
"ENSG00000067900",766,1187,768,893,662,855,859,910,875,1180,1113
"ENSG00000067955",401,454.99999,479.00001,465,294,398,320,374,308,276,389
"ENSG00000067992",519,941.99999,877,2655,2069,2497,2738,2360,2351,3819,3511
"ENSG00000068001",183,173,155,1428,1752,1484,1465,1324,963,1617,2136
"ENSG00000068024",577.00001,319.00001,435,146,185,234,154,178,163,334,277
"ENSG00000068028",109,225,134,1658,1416,1488,1666,1288,1480,1326,1219
"ENSG00000068078",187.99999,78,88,112,184,125,117,32,11,31,28
"ENSG00000068079",23,33,19,38,56,35,53,148,149,128,144
"ENSG00000068097",147,163,187,492,513,523,601,488,580,779,645
"ENSG00000068120",219,246.00001,219,1864,2008,1937,2296,2139,2221,2403,2202
"ENSG00000068137",61,92.00001,79,104,112,114,102,101,76,130,109
"ENSG00000068305",2491.99999,3785.99999,3069,608,517,550,653,524,619,681,737
"ENSG00000068308",285,490.99999,236,432,503,534,458,538,374,485,542
"ENSG00000068323",308,349,164,1316,1231,1206,1528,884,1198,1181,1116
"ENSG00000068354",69,70,88,290,280,361,367,339,406,492,430
"ENSG00000068366",361.99999,565,395,2245,1388,1815,1916,1128,1184,1484,1403
"ENSG00000068383",174,191,165,242,191,179,167,235,150,126,167
"ENSG00000068394",138,184,133,370,376,366,453,589,654,826,702
"ENSG00000068400",820,1491.00002,471.99997,1448,1480,1398,1530,1990,1744,2215,1954
"ENSG00000068438",284,311,306,737,752,703,793,1191,1202,1191,1197
"ENSG00000068489",143.99999,217,119.00001,751,541,656,812,346,408,429,428
"ENSG00000068615",470,178.99999,250,1166,1210,1160,1092,755,536,726,1283
"ENSG00000068650",455.00001,262,384.00001,175,279,230,220,250,206,272,248
"ENSG00000068654",259,252,176,217,240,269,255,525,551,735,630
"ENSG00000068697",1168,1473,1376,5983,5209,4942,6753,6617,6881,5964,6675
"ENSG00000068724",247,163,255,224,225,296,280,297,375,424,475
"ENSG00000068745",996.99999,948,1003.99998,4247,3874,3632,4610,3742,3470,3569,3363
"ENSG00000068784",224,212,190,316,273,310,282,528,561,615,574
"ENSG00000068796",1786,1879.00001,1246,3053,2053,2305,2609,2475,2140,2399,2661
"ENSG00000068831",10,30,11,48,64,34,51,33,29,77,46
"ENSG00000068878",344.99999,498,412,352,305,317,303,481,424,434,478
"ENSG00000068885",674,868.00001,604,691,370,515,529,839,939,877,915
"ENSG00000068903",333,417.99999,375,1848,2150,1845,2506,2191,2097,2534,2266
"ENSG00000068912",597.00001,669,648.99999,1249,955,957,1104,1755,1836,1698,1674
"ENSG00000068971",157,226,171,931,1051,1128,992,679,519,904,825
"ENSG00000068976",27,41,25,200,179,314,298,181,186,296,171
"ENSG00000069020",419.99999,215,254.99999,357,288,336,402,275,339,599,443
"ENSG00000069188",1069,953,825,901,1185,1074,1054,905,1035,1142,1155
"ENSG00000069248",355,194,364,1164,912,965,1016,1215,1492,1630,1479
"ENSG00000069275",3183,4247,7229,9124,6376,7001,8051,6212,7909,7629,7393
"ENSG00000069329",767,1132,882,3874,3291,3521,3893,4383,5244,5132,4918
"ENSG00000069345",435,644,501,2960,2287,2377,2986,2643,2391,2433,2266
"ENSG00000069399",64,96,74,85,80,79,105,33,56,62,43
"ENSG00000069424",136.99999,106,147,226,258,240,250,277,279,287,260
"ENSG00000069431",21,43,7.00001,56,33,41,36,33,38,89,52
"ENSG00000069482",141,229,97,1047,930,842,568,92,47,93,161
"ENSG00000069493",157,190,155,131,78,82,66,123,108,102,102
"ENSG00000069509",390,240,234,1195,1044,1010,1069,1576,1398,1159,1478
"ENSG00000069535",16,33,32,129,110,104,122,251,237,393,222
"ENSG00000069667",988,1814,1400,590,439,540,616,708,679,826,882
"ENSG00000069696",58,60,80,22,15,18,12,12,8,15,18
"ENSG00000069702",101,113,62,434,361,378,587,173,240,218,229
"ENSG00000069812",34,45,51,27,15,32,11,46,19,15,35
"ENSG00000069849",808,885.99999,832,4695,4219,4229,4842,3872,3299,3545,3885
"ENSG00000069869",195,573,356,459,327,406,375,576,353,700,555
"ENSG00000069943",128,179.00001,124,147,133,145,159,202,233,229,204
"ENSG00000069956",591,775.99999,484,1968,1435,1609,1891,1183,1308,1634,1402
"ENSG00000069966",491.99999,564,510,1336,1229,1258,1349,1376,1796,1812,1898
"ENSG00000069974",260.00001,142,148,167,164,120,255,244,398,317,344
"ENSG00000069998",294,521,391.00001,759,822,794,683,677,617,925,995
"ENSG00000070010",333,382,336.99999,1132,1008,840,1085,1379,1363,1139,1267
"ENSG00000070018",752,671,983,1175,1142,1197,1247,905,895,1353,1448
"ENSG00000070047",273,399,330,307,354,366,370,356,347,857,590
"ENSG00000070061",906.00001,1045.99999,740,1143,846,991,984,1012,1266,1590,1531
"ENSG00000070081",711.99999,1086,874,1607,1076,1231,1348,1673,1440,1323,1463
"ENSG00000070087",1442.00001,1866,1505,10006,8183,8485,8868,8556,7710,6697,7846
"ENSG00000070159",33.00001,36,43,50,42,85,75,41,76,132,78
"ENSG00000070182",42,24,30,65,50,85,64,85,40,62,61
"ENSG00000070214",673,636,397.99999,494,405,419,411,468,356,452,399
"ENSG00000070269",392,915,600,420,324,325,368,598,524,597,631
"ENSG00000070366",584.99999,447,302,805,891,796,1049,970,1234,1432,1181
"ENSG00000070367",682,685,707,1771,1050,1413,1404,1617,1998,2063,2035
"ENSG00000070371",142,189,161,208,244,193,249,191,231,246,227
"ENSG00000070404",63,67,70,141,200,153,232,157,224,320,230
"ENSG00000070413",443.00001,393,512,2151,2548,2375,3263,2918,3969,4964,4188
"ENSG00000070423",181,248.99999,185,303,353,317,314,201,178,272,288
"ENSG00000070444",265,242,192,121,115,96,134,89,109,95,79
"ENSG00000070476",325,403,349,82,79,81,81,86,76,117,94
"ENSG00000070495",269,287.00001,223.99999,1018,988,924,1219,815,901,1042,903
"ENSG00000070501",410,467,422,1258,1076,1014,1040,1286,1115,678,995
"ENSG00000070540",304.99999,234,159.99999,398,339,373,379,302,266,424,420
"ENSG00000070601",202,160,192,141,117,143,111,374,471,596,499
"ENSG00000070610",215,260.99999,208,919,1225,1285,788,801,655,884,1532
"ENSG00000070614",281,232,220,1199,1136,1054,1313,539,855,1365,1187
"ENSG00000070669",352.99999,666.99999,235,1688,1674,1532,1899,1198,866,1096,925
"ENSG00000070718",207,304,333,762,718,656,833,1108,1220,1268,1292
"ENSG00000070729",70,50,38,67,54,47,72,151,135,209,135
"ENSG00000070731",23,82,89,206,186,188,166,266,150,431,445
"ENSG00000070756",4060.00001,4672.99997,4394.99998,13411,12285,11355,12804,8815,8774,7011,7975
"ENSG00000070759",31,36,47,68,102,76,114,63,73,67,77
"ENSG00000070761",274,386,373,1351,1259,1216,1513,1847,1555,1705,1648
"ENSG00000070770",312.99999,404,346,388,397,347,410,286,228,263,232
"ENSG00000070778",634,338,294,148,110,120,100,155,106,192,202
"ENSG00000070785",225,256,203,889,854,730,728,1040,820,853,931
"ENSG00000070808",85,76,53,97,127,88,102,41,29,81,50
"ENSG00000070814",393.00001,460,440,825,922,965,1059,1235,1475,1712,1398
"ENSG00000070831",1354.00002,1564.00001,1398.99998,3995,2815,2777,3466,2719,2538,2336,2358
"ENSG00000070882",667,695.99999,517.99999,483,297,322,410,480,633,580,593
"ENSG00000070886",53,93,165,32,65,79,58,136,137,131,88
"ENSG00000070950",123,122,124,249,186,252,243,367,290,325,323
"ENSG00000070961",1406.99999,1599,1567.99999,1403,1035,1138,1184,1738,1579,2212,2187
"ENSG00000071051",334,250,200,358,300,391,335,331,250,269,300
"ENSG00000071054",2801.99999,2531,2452.00001,1112,1126,1070,1070,1107,1011,1105,1075
"ENSG00000071073",173,230,166,278,222,245,288,201,274,321,283
"ENSG00000071082",14689.00001,17734.99999,14659,16436,18062,15071,17054,15340,13256,8340,11317
"ENSG00000071127",596.99999,666.00001,609,3015,3050,2884,3266,4248,4641,5705,5529
"ENSG00000071189",700,787,746,675,442,634,761,704,1009,982,833
"ENSG00000071205",129.99999,129,149.00001,48,44,43,43,100,72,72,127
"ENSG00000071242",438,734,482,568,609,565,537,475,450,571,438
"ENSG00000071243",223,389.99999,354,445,323,352,380,526,521,413,464
"ENSG00000071246",268,311,268,296,348,309,247,332,307,382,375
"ENSG00000071282",117.99999,47,58,163,209,196,238,263,225,286,276
"ENSG00000071462",299,294,287,592,638,586,642,1322,1344,1253,1436
"ENSG00000071537",467,525,491,1055,858,1093,1260,1370,1822,2259,1937
"ENSG00000071539",74,87,84,302,229,195,263,348,272,309,328
"ENSG00000071553",462,516,400,8181,9808,7574,10315,5552,4976,8687,8206
"ENSG00000071564",741.99999,619.99999,469,415,514,493,457,592,496,488,451
"ENSG00000071575",526,803,707,4339,3263,3699,4834,3212,4149,4865,4233
"ENSG00000071626",426,543.99999,486.99999,103,141,134,140,149,88,111,82
"ENSG00000071655",330.00001,333,343,320,367,372,348,587,594,505,514
"ENSG00000071794",1094,1219,1203,1348,1089,1204,1098,1882,1865,1981,1971
"ENSG00000071859",554.99999,695,570.00001,257,312,281,240,242,186,162,196
"ENSG00000071889",223,178,169.00001,763,765,718,812,1057,989,979,1020
"ENSG00000071894",401,549,485,2749,3284,3135,3201,2240,2895,3101,2959
"ENSG00000071909",1183.99999,775.00001,677,173,144,157,144,139,177,236,247
"ENSG00000071967",146,189,205,977,869,887,1353,1015,1380,1623,1426
"ENSG00000071994",373,374,391,303,279,331,276,305,258,212,340
"ENSG00000072041",223.00001,287.99999,283.99999,1204,965,1117,1334,835,1173,1299,1067
"ENSG00000072042",533.99999,636,678,2063,2102,1905,2392,2404,2490,3036,2587
"ENSG00000072062",654,564.00001,519,104,107,107,80,109,73,74,76
"ENSG00000072071",516.99999,502,418,481,663,596,636,638,619,849,648
"ENSG00000072110",251,185.00001,554.99998,1037,1249,1086,1320,1116,982,1995,1856
"ENSG00000072121",352,450.00002,374.99999,107,146,125,157,173,293,357,294
"ENSG00000072133",129,182,180,108,111,105,98,119,90,110,95
"ENSG00000072134",537.99999,538.99999,259.99999,418,609,539,632,516,553,774,672
"ENSG00000072135",149,205,182,488,495,507,464,428,433,529,605
"ENSG00000072163",22.00001,38.99999,43.99999,92,86,67,94,110,114,88,102
"ENSG00000072182",232.00001,222,299.00001,484,576,569,452,474,567,448,521
"ENSG00000072195",220,216,199.99998,220,207,213,173,189,163,177,166
"ENSG00000072201",13,20.99999,22,112,97,116,143,86,86,85,70
"ENSG00000072210",324.00001,328,380.99999,1067,889,1017,1336,1644,2049,2307,1974
"ENSG00000072274",759,939.00003,912.99999,1744,1276,1474,1615,2332,2751,2735,2732
"ENSG00000072310",305.99998,278.99999,297,350,483,422,284,228,215,479,660
"ENSG00000072315",30,20,33,100,101,104,110,67,116,92,104
"ENSG00000072364",1191,1476,1356,1568,1122,1465,1499,1123,1445,2226,2016
"ENSG00000072401",291,367,324,775,492,610,488,770,589,628,784
"ENSG00000072415",572.99999,496.99998,548.99999,501,351,374,558,455,594,624,597
"ENSG00000072422",508,270,190,214,189,357,201,344,380,423,497
"ENSG00000072501",1244,826,813,3665,3092,3170,3997,2557,3349,3562,3557
"ENSG00000072506",260.99999,272,257,1087,1105,947,1053,2027,1634,1478,1468
"ENSG00000072518",430.99999,409,327.99999,95,124,106,117,156,73,111,117
"ENSG00000072571",130,162,142,317,263,263,251,307,249,206,200
"ENSG00000072609",331.00001,302.00001,285.99999,306,257,292,309,493,400,621,474
"ENSG00000072657",140,92,142,62,54,95,59,45,37,79,103
"ENSG00000072682",512,653,508,1282,1179,1196,1607,1140,1377,1578,1308
"ENSG00000072736",1596,1707.99999,1050.00001,922,874,974,964,683,727,1012,1001
"ENSG00000072756",250.00001,313.99999,361.00002,779,498,623,583,946,927,1014,984
"ENSG00000072778",704.99999,812.00001,796.00001,6325,6498,5576,6181,4344,3767,6074,6654
"ENSG00000072786",59,46,49,117,172,132,147,150,156,272,212
"ENSG00000072803",1024.00001,833.99999,941.99999,2207,1693,2032,2085,1010,1217,2284,2163
"ENSG00000072818",71.00001,52,124,77,72,79,86,104,87,75,96
"ENSG00000072832",1887.00001,2037,1820,9944,12514,10373,10583,5171,3828,6912,7322
"ENSG00000072840",309,310,294,86,127,102,129,251,249,278,272
"ENSG00000072849",343,379.99999,349.99999,769,706,734,846,1058,1051,925,977
"ENSG00000072864",188.99999,304.99999,284.99999,747,753,658,893,509,701,685,643
"ENSG00000072952",134,46.99999,81,89,95,96,99,130,123,133,123
"ENSG00000072954",93,113,118,321,467,392,482,452,293,426,532
"ENSG00000072958",367.99999,430,368,2198,2528,2220,2358,1985,1664,2283,2451
"ENSG00000073008",185.99999,226,225.00001,792,751,614,893,463,532,832,665
"ENSG00000073050",535,485,391,1876,1985,1815,2246,1584,1638,1728,1410
"ENSG00000073060",705,656.00001,796.99998,890,1016,894,1075,1010,1007,2299,1714
"ENSG00000073111",258,331.00001,253,2673,2504,2086,2633,2739,3875,3162,3386
"ENSG00000073150",40,73,45,24,33,51,52,33,42,35,44
"ENSG00000073169",127,178,163,96,94,126,74,139,86,100,64
"ENSG00000073331",34.99999,51,26,31,50,33,51,68,69,132,102
"ENSG00000073350",260.99999,183.00001,136.00001,55,85,84,93,145,133,174,257
"ENSG00000073417",477,1452.00002,871,123,101,82,78,112,77,95,130
"ENSG00000073464",586,374,309,885,926,1000,1072,1180,1439,2233,1771
"ENSG00000073536",76,104,86,307,355,375,414,456,522,513,506
"ENSG00000073578",358.99999,441,382,4025,4273,3657,5102,3415,4566,5111,4470
"ENSG00000073584",1316,1589,1383.99999,8275,6788,6854,8020,7525,6896,6022,6778
"ENSG00000073605",200.00001,159,247,110,79,74,138,99,68,83,59
"ENSG00000073614",743,793.99999,855,1632,1323,1488,1625,1872,2045,2516,2454
"ENSG00000073670",175,216,189,538,496,479,334,299,253,210,201
"ENSG00000073711",258,366,285,382,340,369,348,346,376,439,394
"ENSG00000073712",372,413.99999,337.00001,526,500,464,578,640,566,722,713
"ENSG00000073734",19,20,16,60,27,39,50,34,42,50,47
"ENSG00000073756",43,104,56,61,45,38,77,109,84,143,96
"ENSG00000073792",1531.00001,1832.00001,1521,1005,834,963,967,936,823,1033,966
"ENSG00000073803",829,1124.00001,1108,702,557,724,621,1102,937,981,1029
"ENSG00000073849",198.99999,202,165,744,651,617,796,529,681,633,766
"ENSG00000073910",675,968.99999,633,414,381,423,517,386,268,687,476
"ENSG00000073921",1559.00001,2041,1924,958,760,807,864,1141,1065,1054,1165
"ENSG00000073969",474,501,606.00001,2219,2347,1970,2427,2683,3048,4111,3639
"ENSG00000074047",440,312,287,110,97,110,156,174,162,198,223
"ENSG00000074054",1567,2790,2664.99999,1708,1606,2022,1813,1994,2459,3346,2857
"ENSG00000074071",486,603,606.00001,1124,1377,1068,1274,1073,695,1003,1166
"ENSG00000074181",302,321,279,412,514,488,582,310,320,545,456
"ENSG00000074201",1098,1377.00001,1381,3424,2792,2949,3213,3418,3601,3255,3421
"ENSG00000074219",869.99999,490,462.99999,480,502,398,428,448,516,399,459
"ENSG00000074266",382,378.99999,401.00001,388,333,361,308,324,271,278,310
"ENSG00000074276",89,42,49,45,27,20,71,20,7,13,9
"ENSG00000074317",115.99999,168,101,130,180,156,178,124,62,149,172
"ENSG00000074319",520,697.99999,608,2155,1774,1865,2329,2648,2881,2411,2592
"ENSG00000074356",331,361,396.00001,1100,796,930,993,1038,1154,993,1098
"ENSG00000074370",14,34,37,34,30,48,33,23,25,28,21
"ENSG00000074410",28,37,21,185,97,131,133,62,68,283,158
"ENSG00000074416",273,208.99999,187,437,503,440,464,743,704,553,811
"ENSG00000074527",41,42,80,53,51,71,56,84,44,95,51
"ENSG00000074582",112.99999,168.99999,131.00002,567,822,575,691,870,879,852,787
"ENSG00000074590",136,241,169,401,362,405,392,146,170,252,245
"ENSG00000074603",550.00001,546,451,376,295,392,311,630,660,798,758
"ENSG00000074621",144.00001,125.99999,82,75,49,57,67,107,167,206,185
"ENSG00000074657",1318.00001,1193.00001,964.00001,1680,1559,1694,1933,1520,1696,2167,1987
"ENSG00000074695",1583,2118,1836,10223,5996,7719,8752,5265,6526,6542,6552
"ENSG00000074696",1425,1527.99999,1445.99999,4662,3812,4302,4314,6569,7258,6921,6982
"ENSG00000074755",432,350,356,453,386,409,527,308,314,529,641
"ENSG00000074800",10067.99999,17794,13537,30004,30294,29592,37797,34607,36078,37288,32470
"ENSG00000074842",395,438,403,1314,1642,1362,1735,1907,1614,1955,1770
"ENSG00000074855",180,178,146,59,94,80,55,39,51,49,70
"ENSG00000074935",176,235,253,345,258,280,356,369,342,409,364
"ENSG00000074964",689.99999,557.99999,392,330,367,330,289,477,378,475,474
"ENSG00000075035",61,57,25,124,156,96,148,478,786,488,839
"ENSG00000075043",217.99999,504,402,348,576,424,377,193,117,203,169
"ENSG00000075089",272.00001,333,368,421,265,321,288,515,439,392,440
"ENSG00000075131",90,87,104,103,86,83,89,240,180,124,146
"ENSG00000075142",756.00001,1015,869,3733,3687,3304,3901,4490,3983,3664,3751
"ENSG00000075151",5631,4422.00001,4832.00001,572,650,703,663,879,796,979,968
"ENSG00000075188",192,256.00001,239,265,241,213,231,519,458,365,467
"ENSG00000075213",874,1093,975,782,671,908,939,1285,1577,2351,1695
"ENSG00000075218",153,195,129,466,513,442,500,355,424,410,375
"ENSG00000075223",157,123,107.99999,590,570,651,739,582,524,1043,855
"ENSG00000075234",188,126,121,661,694,611,624,996,1194,1280,1189
"ENSG00000075239",566,613,435.99999,1142,995,1010,1250,2051,2185,2072,2127
"ENSG00000075240",201,246,263,122,142,142,142,173,130,159,144
"ENSG00000075275",199,149.99999,129.99999,291,339,285,293,433,369,541,512
"ENSG00000075292",1636.99998,2109.00001,2122.00001,1554,1236,1377,1523,2053,2086,2139,2269
"ENSG00000075303",198,257.00001,194,523,258,328,409,356,416,331,358
"ENSG00000075336",280,264,261,507,404,485,490,774,633,731,721
"ENSG00000075340",672.99999,827,598.99999,2569,2364,2296,2971,1521,1744,2344,2027
"ENSG00000075391",618,509.00001,457.00001,795,753,679,759,613,568,849,866
"ENSG00000075399",128,123,101,121,151,119,118,138,155,105,138
"ENSG00000075407",536,693,472,473,419,485,381,670,675,808,705
"ENSG00000075413",3998,2029.99999,4011,1347,1063,1092,1030,994,717,1167,1443
"ENSG00000075415",2316.00001,3087.00001,2498,8064,7842,7390,8314,9074,8725,8481,8608
"ENSG00000075420",673.00001,456,318.00001,425,450,486,631,866,1247,1350,1414
"ENSG00000075426",51,55,77,96,118,115,120,111,176,376,256
"ENSG00000075429",199,166,186,659,641,659,613,798,794,936,1015
"ENSG00000075461",142,210,141,270,331,319,275,252,213,302,200
"ENSG00000075539",1682,1794,1869.99998,880,555,714,679,1199,1012,1525,1245
"ENSG00000075568",581,478.00001,538,317,295,325,318,418,340,417,335
"ENSG00000075618",949,975,952,1975,2243,2025,2310,1278,1284,1640,1573
"ENSG00000075624",9762,13718.99999,10064.00001,183645,188209,164303,198531,176113,165189,174553,165595
"ENSG00000075643",8,19,29,31,13,10,32,53,30,49,40
"ENSG00000075651",93.00001,72,115,100,130,98,211,307,337,305,353
"ENSG00000075702",283.99999,190,163.99999,320,287,265,316,251,403,399,357
"ENSG00000075711",2446,11601.00001,3242.00001,457,299,355,370,485,623,696,644
"ENSG00000075785",984,1051,919.99999,6053,6062,5630,7323,6613,7062,7485,7129
"ENSG00000075790",112,121,125.00001,408,261,313,377,527,484,390,500
"ENSG00000075826",129,141.99999,112.99999,392,366,392,375,380,360,349,384
"ENSG00000075856",317,292,266,928,948,950,1047,1217,1569,1937,1779
"ENSG00000075891",102,100,35,125,67,165,159,42,68,139,97
"ENSG00000075914",353,412,377,748,782,649,909,1138,1041,1039,1031
"ENSG00000075945",760.00001,662,564,2198,2095,2105,2279,1998,2000,2832,2228
"ENSG00000075975",166.99999,161.00001,148.00001,1710,1479,1584,2162,1786,1787,1991,1795
"ENSG00000076003",386,495,449,886,819,787,729,1777,1791,1198,1670
"ENSG00000076043",196,252,253,427,367,349,364,555,419,375,447
"ENSG00000076053",236,308.00001,283.00001,899,588,661,848,698,747,789,705
"ENSG00000076067",201,192,191,358,319,276,344,352,441,461,476
"ENSG00000076108",973,898.00001,682,1587,1593,1663,1803,1323,1439,1826,1821
"ENSG00000076201",349,343,262,428,476,465,585,439,485,573,520
"ENSG00000076242",676.00003,1098.00001,835.99999,1026,954,912,948,1441,1557,1398,1456
"ENSG00000076248",275,282,293,716,633,704,732,1199,1330,1066,1173
"ENSG00000076258",37,23,39,38,19,16,37,53,66,54,52
"ENSG00000076321",251,391.00001,273,436,380,386,522,608,594,802,604
"ENSG00000076344",42,48,27,50,77,86,56,106,58,86,84
"ENSG00000076351",90,76,107,246,249,207,235,217,217,344,446
"ENSG00000076356",161,104,116,477,847,674,614,579,648,1141,992
"ENSG00000076382",196,256,211,1371,1150,1261,1581,884,1191,1535,1133
"ENSG00000076513",182.00001,281.00001,274,343,295,303,277,419,336,379,328
"ENSG00000076554",816,670,529,2207,1400,1621,1810,1946,1892,2022,2086
"ENSG00000076555",219,245,280.00001,203,185,194,205,145,186,227,192
"ENSG00000076604",334,336,297,195,267,197,157,131,121,136,177
"ENSG00000076641",243,163,209,373,329,422,328,565,437,841,977
"ENSG00000076650",153,131,127,164,148,143,176,323,238,357,280
"ENSG00000076685",757.00001,889.99999,1151,2434,1625,1760,2397,2737,3107,3110,3049
"ENSG00000076706",134.00001,63,141,637,721,556,770,491,439,573,520
"ENSG00000076716",22,21,51,2595,1926,1946,2794,483,491,808,1268
"ENSG00000076770",155,143,59.00001,146,88,130,81,112,146,121,224
"ENSG00000076826",181,143,126,112,158,164,149,100,102,142,113
"ENSG00000076864",110,127,124,228,256,206,317,339,545,653,520
"ENSG00000076924",201,306,241,371,463,376,528,290,277,353,339
"ENSG00000076928",265,208,227,328,382,339,389,615,740,727,713
"ENSG00000076944",74,75.99999,47,172,231,175,264,282,297,276,215
"ENSG00000076984",261,271,255.00001,76,73,70,53,46,46,40,43
"ENSG00000077009",26,32,64,342,403,400,635,221,330,346,267
"ENSG00000077044",282,398.99999,192,423,601,622,434,407,361,567,659
"ENSG00000077063",210.99999,176,101,157,143,156,166,151,158,298,264
"ENSG00000077080",99,114,76,710,940,788,909,575,689,797,672
"ENSG00000077092",713,576,906,1466,1320,1317,1878,1243,1485,1805,1465
"ENSG00000077097",1851,1942.00001,1543.99999,2623,2228,2218,2289,2266,2367,2822,2840
"ENSG00000077147",728,860,764,957,703,861,724,1008,791,790,880
"ENSG00000077150",63.99999,53.99999,36.99999,88,100,101,97,83,57,112,96
"ENSG00000077152",206,210,587.99999,1157,951,887,991,1172,1123,802,952
"ENSG00000077157",339,530.99999,966.00001,449,504,581,608,564,606,810,734
"ENSG00000077232",636,850.00001,699,1881,1260,1492,1582,1899,2260,2475,2324
"ENSG00000077235",579,622,531.99999,1528,1734,1878,1785,2134,2907,4214,3402
"ENSG00000077238",37.99999,15,9,7,16,7,15,19,28,9,21
"ENSG00000077254",950.00001,1315.99998,1216.99999,2258,1571,1830,1992,2433,2602,2767,2669
"ENSG00000077264",2386,4949,4771.00001,3335,3564,3189,3571,2382,1879,3220,2641
"ENSG00000077274",237,101,42,3592,2876,3304,4469,2781,2935,2972,3139
"ENSG00000077279",2490,2533.00001,2041.00001,13617,12555,12980,13913,5127,5726,7012,6280
"ENSG00000077312",258,368,280,1397,1389,1207,1459,1156,1109,1114,1109
"ENSG00000077348",83,145,121,470,528,478,565,633,578,504,477
"ENSG00000077380",1459.99999,2588,1244.99999,3954,3220,3236,3806,3819,3737,3360,3553
"ENSG00000077454",125,108,100,258,335,302,269,368,320,329,394
"ENSG00000077458",186,201,237,250,195,220,234,313,277,229,290
"ENSG00000077463",77,77.99999,58,46,48,54,70,59,41,70,51
"ENSG00000077498",140,79,326,681,935,752,1522,734,978,1115,927
"ENSG00000077514",174,255,170,398,409,448,423,852,749,548,599
"ENSG00000077522",18,8,30.00001,88,142,171,183,20,16,56,76
"ENSG00000077549",944,1220,913.99999,3615,3825,3220,3681,3402,3143,3118,3495
"ENSG00000077585",212,263,270,151,160,189,123,82,48,106,177
"ENSG00000077616",290,289,237,1061,758,768,899,493,425,432,409
"ENSG00000077684",513,474,668.00001,2170,1901,1970,2318,1350,1659,1988,2151
"ENSG00000077713",64,37,52,100,79,68,109,76,102,124,140
"ENSG00000077721",392.00001,446.99999,433,1281,997,1161,1099,1541,1471,1190,1401
"ENSG00000077782",405.99997,471,951.00001,1028,1357,1056,1259,877,798,1246,1455
"ENSG00000077942",624,718.00001,515,1378,1554,1315,1351,1127,829,906,1014
"ENSG00000077943",9,23,32,61,62,47,43,39,24,109,46
"ENSG00000078018",2578,2608.99999,2549.99999,7537,7003,6838,7771,5791,5805,8909,7073
"ENSG00000078043",675.99999,861.99999,669,563,462,463,427,436,312,507,769
"ENSG00000078053",311,390,308,1857,1542,1573,1736,1204,1419,1782,1508
"ENSG00000078061",152,133,137,756,731,689,849,995,1289,1232,1090
"ENSG00000078070",462.99999,525.99999,444.00001,737,585,585,688,852,954,984,896
"ENSG00000078098",76,32.00001,42,39,48,52,60,184,132,221,166
"ENSG00000078114",441.99998,316.99998,271.00002,453,375,390,459,418,632,473,660
"ENSG00000078124",255,603,197.99999,521,381,427,471,431,401,608,541
"ENSG00000078140",1453.00001,1576.00001,1278.99999,866,604,732,783,847,969,839,850
"ENSG00000078142",694.99999,902,743,694,518,606,621,1033,1173,1187,1230
"ENSG00000078177",828.99999,1164,929,846,666,890,790,934,744,1140,1179
"ENSG00000078237",262,258,237,105,139,109,103,355,365,315,340
"ENSG00000078246",280,335,317,746,762,805,921,990,1170,1142,1127
"ENSG00000078269",70,70,96.00001,45,36,41,37,47,41,88,62
"ENSG00000078295",69,106,97,196,305,226,272,231,144,247,260
"ENSG00000078304",1445.99999,1191.00001,1536.00001,2282,1684,1890,2004,2096,2189,2381,2186
"ENSG00000078328",58.99999,43,158.99999,309,292,372,369,110,145,216,119
"ENSG00000078369",2030,2068.99999,2084.00002,2240,2167,2037,2159,1859,1460,1548,1562
"ENSG00000078403",2370.99999,1751,2603.00001,650,500,556,562,814,734,844,747
"ENSG00000078487",90,113,104,65,73,66,72,128,107,75,110
"ENSG00000078549",20,24,30,150,203,169,188,63,51,207,103
"ENSG00000078596",31,19,22,286,385,269,420,446,609,283,515
"ENSG00000078618",1008.99999,1062.00001,1081.99999,3690,2843,3101,3656,3585,4076,4112,4128
"ENSG00000078668",858,1103.99999,931,2266,2227,2369,2289,3594,3018,2703,3204
"ENSG00000078674",2334.00001,2374,2402.99999,2916,2216,2489,3013,2922,3202,3483,3633
"ENSG00000078687",1172,1165,1055,571,559,541,540,550,404,583,641
"ENSG00000078699",787.00001,1205.00001,713.00001,830,1098,922,977,580,681,1135,1129
"ENSG00000078725",129,113,154,397,651,410,597,569,614,1244,734
"ENSG00000078747",2483.99999,1823.00001,1797,623,371,439,489,586,701,1044,979
"ENSG00000078804",545,368,526,530,504,448,512,874,892,917,921
"ENSG00000078808",406.00001,455,422.99999,165,290,265,151,135,105,142,280
"ENSG00000078814",151,61,53.99999,35,13,30,37,29,18,45,49
"ENSG00000078900",25,52,31,32,12,41,15,32,43,64,45
"ENSG00000078902",270,292.99999,216,1244,1391,1284,1778,1204,1478,2156,1764
"ENSG00000078967",152.99999,144,152,232,325,292,228,434,268,430,476
"ENSG00000079101",15,160,54,39,47,48,50,52,71,55,41
"ENSG00000079102",1235.99998,426.00001,488,663,880,869,966,819,763,1094,938
"ENSG00000079134",369,426.00001,457.00001,320,230,265,234,513,516,374,492
"ENSG00000079150",183,271.00001,210,656,572,663,571,802,689,519,668
"ENSG00000079156",416,309,246.99999,523,405,451,540,316,278,443,580
"ENSG00000079215",224.99999,183.99999,139,1840,2277,1857,2274,1856,1862,3980,2587
"ENSG00000079246",2458,3098,2628,10159,8130,8668,10068,9688,11038,10316,10245
"ENSG00000079257",64,86,62,73,62,84,97,250,185,195,198
"ENSG00000079277",125.99999,133,148.00001,189,208,181,243,293,270,445,315
"ENSG00000079308",194,168,154,366,441,413,519,368,519,904,614
"ENSG00000079313",131,98,87,49,36,35,34,41,42,27,29
"ENSG00000079332",758,1070,1153,2845,2295,2507,2753,3846,4086,3439,3718
"ENSG00000079335",361.99999,535.00001,433.00001,215,149,224,224,222,240,276,308
"ENSG00000079337",23.00001,26,22,41,46,29,46,61,61,66,74
"ENSG00000079387",214,319,302,650,411,530,508,605,722,582,643
"ENSG00000079432",637,463,361.00001,230,305,265,302,327,382,404,374
"ENSG00000079435",333,344.99999,346.00001,55,62,69,105,139,128,200,177
"ENSG00000079459",771,1421.00001,1474.99999,10213,10594,8847,10495,4259,3948,3841,4188
"ENSG00000079462",735,1100,749.00001,4134,4661,3798,4465,4838,3864,3646,3674
"ENSG00000079482",193.99999,305.99999,342.99999,364,267,324,334,501,381,630,526
"ENSG00000079616",357.99999,480.00002,428.99999,3422,3576,3154,3947,2875,3414,2949,3123
"ENSG00000079691",164,309,212,46,62,62,83,119,95,171,200
"ENSG00000079739",445,565,626,1683,1544,1570,2139,1635,1945,2184,2007
"ENSG00000079785",1466,1323.99999,1419.99999,2322,1956,2124,2194,3951,4247,3740,3783
"ENSG00000079805",678.99999,603.99999,623,974,1220,1007,961,517,538,1038,1497
"ENSG00000079819",1011.99999,1175.99999,1284.99999,1844,1274,1463,1531,1549,2102,2228,2001
"ENSG00000079841",261,306,179,214,159,167,144,155,115,115,110
"ENSG00000079931",217,226,302,1509,1308,1174,1512,885,830,1919,1117
"ENSG00000079950",573,671,599,2972,2206,2576,2827,2295,2472,2217,2316
"ENSG00000079974",174,176.00001,171.00001,591,610,558,673,754,785,789,851
"ENSG00000079999",422,447,472.99999,1497,1667,1536,1804,2450,3019,3005,2926
"ENSG00000080031",30,70.99999,32,238,156,223,231,292,336,433,273
"ENSG00000080166",1767,1408,3122,6315,8690,5829,11795,7970,8520,5969,7716
"ENSG00000080189",269,307,275,701,843,801,861,1201,1191,1515,1363
"ENSG00000080200",350,704,369,566,316,484,517,869,921,1373,1293
"ENSG00000080224",156,275,133,87,85,68,84,53,40,67,46
"ENSG00000080298",1370,962,1181.99999,2585,2267,2276,2892,1350,1405,1616,1365
"ENSG00000080345",1068,1325,1182,1050,698,926,830,1230,1243,1442,1515
"ENSG00000080371",425,510,450,510,350,384,348,390,358,362,394
"ENSG00000080493",104,100,55,130,133,135,151,160,102,158,147
"ENSG00000080503",1145,1133,1555.99998,849,682,655,788,769,730,796,832
"ENSG00000080546",336,452,322,625,451,490,381,357,308,556,680
"ENSG00000080561",39,53,51.99999,313,230,244,357,209,242,267,257
"ENSG00000080603",748,511,499,1018,1272,1217,1228,1364,1582,2382,2290
"ENSG00000080608",311,359,435,308,248,293,319,446,391,393,428
"ENSG00000080644",775,742,871,1260,1199,1203,940,1084,793,1170,1864
"ENSG00000080709",20,19,18,24,24,31,13,11,14,23,22
"ENSG00000080802",1403.00001,1104,867,714,564,681,770,761,871,1071,927
"ENSG00000080815",1093,684,926.99998,1488,1381,1356,1956,1764,2079,2365,2208
"ENSG00000080819",70,106,73,71,55,60,72,51,35,25,39
"ENSG00000080822",371,500,501.00001,1939,1551,1560,2018,1839,1921,2031,1957
"ENSG00000080823",593.99999,377,394.99999,548,495,432,495,1026,866,888,1009
"ENSG00000080824",7623.99999,9826,8186.99999,26557,24169,23045,23181,22615,19030,18011,19340
"ENSG00000080839",290,321,282,139,99,157,111,240,401,302,377
"ENSG00000080845",847.99999,715,700,1803,1734,1802,2254,1432,1480,1630,1518
"ENSG00000080854",524,416,428,363,382,398,357,333,408,626,562
"ENSG00000080986",161,202,189,558,367,451,603,454,597,500,514
"ENSG00000081014",258,431.00001,370,89,92,75,94,148,102,158,178
"ENSG00000081019",526,713.99999,665.00001,1122,897,1001,1164,1434,1221,1269,1349
"ENSG00000081026",2068,1858,1586,518,470,458,441,731,554,522,616
"ENSG00000081052",64,36,27,37,77,53,26,63,54,42,83
"ENSG00000081059",117,179,129.99999,62,65,61,58,98,99,77,110
"ENSG00000081087",743,265,318.00001,473,372,441,501,606,561,772,748
"ENSG00000081138",648,1023,434.00001,961,1022,1054,992,1241,1143,1402,1340
"ENSG00000081148",1109,776,724,706,485,778,422,1771,2512,3601,2903
"ENSG00000081154",1590.00001,1763,1320.00001,3349,1852,2371,2727,2644,2774,2129,2504
"ENSG00000081177",233,426.99999,411.00001,719,767,792,923,1093,1185,1457,1141
"ENSG00000081181",83,109,91,502,410,502,504,521,467,465,466
"ENSG00000081189",118,124.00001,465.99999,114,210,183,237,98,142,345,182
"ENSG00000081248",15.00002,31.99998,29,5,17,14,17,9,34,19,22
"ENSG00000081307",358,397,378.99999,850,563,713,821,929,1004,1141,1082
"ENSG00000081320",37,97,64,123,89,115,90,88,85,74,69
"ENSG00000081377",314.99999,295.00001,180.99999,151,99,167,126,217,161,206,177
"ENSG00000081386",146,131,130,278,203,225,219,324,357,309,312
"ENSG00000081479",1060,1016,1175,2888,2425,2584,3249,2861,4135,3166,4644
"ENSG00000081665",436,270.00001,169,39,19,31,36,35,19,56,41
"ENSG00000081692",83,102,100.99999,338,417,371,401,774,641,819,706
"ENSG00000081721",334,429,351,725,652,626,743,788,777,903,750
"ENSG00000081760",273,259,203,683,782,769,787,696,664,1099,1068
"ENSG00000081791",227.99999,241,263,505,641,487,685,537,575,675,553
"ENSG00000081803",242.99999,336,261.99999,634,520,488,444,425,412,362,747
"ENSG00000081818",26,18,26,56,42,34,53,74,43,59,63
"ENSG00000081842",14,49,41.99999,12,25,18,28,15,23,9,25
"ENSG00000081870",517.99999,592,423.00001,415,357,365,375,681,445,356,496
"ENSG00000081913",467,358,633,328,384,330,380,431,362,506,411
"ENSG00000082014",241,316.99999,234.99999,650,982,763,555,522,234,303,636
"ENSG00000082068",461.00001,324,477,687,537,461,579,896,842,826,756
"ENSG00000082126",1089.00001,664.00001,710.00001,286,320,257,173,1037,683,742,930
"ENSG00000082146",1196,1199,1247,2085,1738,1992,1519,1457,1034,1653,2307
"ENSG00000082153",446.99999,576.00001,546,4766,3052,3660,4081,5684,6210,5480,6008
"ENSG00000082196",127.99999,72,112,84,71,74,73,135,119,237,129
"ENSG00000082212",847,670,460.99999,1491,1285,1320,1339,1323,1301,1305,1621
"ENSG00000082213",296,231.00001,203,823,557,760,755,687,750,802,774
"ENSG00000082258",548.99999,947,816,1160,823,1163,1246,1039,1176,1221,1189
"ENSG00000082269",718,893.99998,895.99999,306,270,317,298,441,505,651,583
"ENSG00000082293",31,54,41,69,63,48,67,31,43,46,39
"ENSG00000082397",1158.99999,1047.99999,1065.00001,2786,2220,2561,2379,1858,1783,2602,2985
"ENSG00000082438",263,232.00001,258.00001,159,92,140,190,261,208,320,307
"ENSG00000082458",310,546.99999,366,697,648,709,628,845,957,936,943
"ENSG00000082482",58,44,26,65,44,70,48,43,29,43,51
"ENSG00000082497",11,10,19,39,40,30,46,28,12,40,28
"ENSG00000082512",138,180,81,157,110,142,113,264,203,216,267
"ENSG00000082515",394.00001,480.99999,432,1522,1232,1312,1301,1699,1387,1012,1250
"ENSG00000082516",188,144,143,492,441,435,510,780,1017,1056,1118
"ENSG00000082556",37,42,48,342,170,215,275,385,273,340,404
"ENSG00000082641",541.99999,693,453,1164,1614,1439,1722,1003,1333,1542,1260
"ENSG00000082684",460,359.99999,247.00001,431,612,643,540,276,246,913,621
"ENSG00000082701",1241,1770.00001,1380.99999,1727,1356,1587,1647,1399,1410,1723,1689
"ENSG00000082781",131,194,106,268,319,247,332,310,241,274,294
"ENSG00000082805",2132.99999,1475,2205.00001,785,886,885,901,1170,1209,1700,1582
"ENSG00000082898",1916.00002,1576.99999,1972.99999,1632,1109,1346,1257,1997,2155,2178,2189
"ENSG00000082996",965,1334,970,1863,1538,1613,1817,2546,2546,2093,2175
"ENSG00000083067",11781.99999,4428.00001,7878.99999,2188,2806,1986,3199,3581,3063,2302,3429
"ENSG00000083093",291,63.99999,150,200,190,208,206,310,353,404,400
"ENSG00000083097",556.99999,593,358,398,241,311,324,437,395,547,510
"ENSG00000083099",458.00002,416,364.99999,925,796,858,802,1341,1152,1192,1089
"ENSG00000083123",557,490,425,620,437,471,569,723,857,839,905
"ENSG00000083168",730,1050,1417.00001,1278,1021,1217,1339,1013,1229,1679,1446
"ENSG00000083223",472,676,647.99999,258,256,367,313,456,536,584,527
"ENSG00000083290",557,525,581,417,440,409,333,414,296,284,348
"ENSG00000083312",1510.99999,1881,1794.00001,4198,3158,3731,4094,2351,3397,3714,3395
"ENSG00000083444",578,736.99999,494.99999,1836,2349,1986,2774,2542,3218,2967,3132
"ENSG00000083457",359.99998,450,397.00001,872,675,644,702,1007,892,444,734
"ENSG00000083520",440,566,455.99999,608,484,546,652,787,696,776,773
"ENSG00000083535",967,1282,1026,447,313,405,414,517,458,378,463
"ENSG00000083544",822,928.00001,730.99999,553,422,396,478,456,378,413,416
"ENSG00000083635",123,99,102,132,138,169,155,283,224,238,218
"ENSG00000083642",1009,1238,1443,1262,767,1053,1212,1233,1635,1986,1764
"ENSG00000083720",172.99999,220,236,670,531,570,661,845,925,1089,908
"ENSG00000083750",171.00001,201,153,777,686,708,764,1052,970,1025,983
"ENSG00000083799",198.00001,213.99999,167,302,198,288,331,386,455,693,548
"ENSG00000083807",106.99999,143,124.99999,260,279,219,221,361,266,214,242
"ENSG00000083812",86,84,78,435,486,455,557,793,743,838,740
"ENSG00000083814",114,205,110,126,198,150,236,324,310,325,311
"ENSG00000083817",27,32,56,108,123,118,165,205,153,314,293
"ENSG00000083828",383,231,272,365,314,278,391,478,451,408,409
"ENSG00000083838",90.00001,127,114,252,359,328,336,432,575,606,534
"ENSG00000083844",219.00001,252,185,268,210,279,287,209,210,308,310
"ENSG00000083845",6639.99999,10809.00001,8655.00001,16203,20576,14453,17782,15808,15160,9162,12371
"ENSG00000083857",371.00001,286.99999,290,1766,1799,1805,2113,1404,1547,2658,2310
"ENSG00000083896",1076,1268.00001,1231.99999,878,672,754,663,957,784,897,796
"ENSG00000083937",370,539,469,864,583,695,706,1213,987,957,960
"ENSG00000084070",388,362,221,913,756,916,866,907,1001,1389,1190
"ENSG00000084072",265,298.00001,265,878,1065,897,1175,1161,1100,1106,1167
"ENSG00000084073",247.99999,247,236,364,265,349,323,863,885,736,847
"ENSG00000084090",564,606,555,2333,2173,2388,2374,1767,1982,2599,3321
"ENSG00000084092",129,183,188,481,463,502,638,403,383,492,399
"ENSG00000084093",708.00001,897.00001,1007.99999,729,606,692,755,503,472,612,751
"ENSG00000084112",359,391,239,196,243,231,231,363,260,367,377
"ENSG00000084207",3096.99999,4675,4794,15038,16437,13778,16284,17682,17042,14907,15601
"ENSG00000084234",1590,1661,1443,13107,12615,11758,15932,9517,11017,13843,12131
"ENSG00000084444",264,306,288,2407,2059,2258,2743,1346,1804,2247,1940
"ENSG00000084463",469,525,441,2304,1941,2002,2461,2232,2484,2691,2446
"ENSG00000084623",870.00001,1123.00001,865.99998,5843,6025,4842,6368,5985,5559,4667,4893
"ENSG00000084628",148,213,112,355,381,385,253,176,114,118,147
"ENSG00000084636",40,57,79,95,111,75,65,200,235,223,195
"ENSG00000084652",386,224,218,1412,1394,1561,1815,2559,3414,3951,3542
"ENSG00000084676",2793.99999,2373.00001,1731.99999,675,603,589,623,1459,1020,1251,1385
"ENSG00000084693",189,267.00001,178.00001,2805,2670,2340,3043,2035,2766,2606,2546
"ENSG00000084710",440,416,448,1630,1816,1917,1784,1727,1933,2527,2373
"ENSG00000084731",299,327,208,1235,1543,1371,1484,877,1001,1485,1177
"ENSG00000084733",518,624,655,2366,1969,2372,2909,3004,3241,3793,3425
"ENSG00000084754",619,838.99999,701.99999,4018,4089,3640,4849,3559,4126,4001,3763
"ENSG00000084764",370,340.99999,302,699,709,616,768,652,555,754,821
"ENSG00000084774",140,151,168,953,1080,931,1104,1087,1425,1683,1709
"ENSG00000085063",561.00001,626.00001,646.99999,2209,2249,1892,2379,3676,3368,3607,3728
"ENSG00000085117",84,62,63,402,605,468,497,379,478,653,564
"ENSG00000085185",170,194,279,740,757,746,876,443,439,611,456
"ENSG00000085224",3408,4094.00002,3760.00001,2577,1909,2277,2123,2760,2574,3233,3145
"ENSG00000085231",404.00001,429.00001,384,505,447,488,545,749,734,783,709
"ENSG00000085274",214,314,279.99999,547,388,393,493,643,702,720,644
"ENSG00000085276",148.99998,80,28.99999,65,53,77,56,390,454,212,549
"ENSG00000085365",751,918,1061.99999,2970,1980,2527,2522,2327,2510,2589,2612
"ENSG00000085377",210,194,201,288,272,331,219,345,219,246,334
"ENSG00000085382",580,796.00001,532,518,370,349,388,533,500,711,614
"ENSG00000085415",347,414,325,853,511,654,642,716,833,714,788
"ENSG00000085433",288.99999,242,288,1029,811,994,1120,912,897,1353,1238
"ENSG00000085449",335,398,293,4228,2983,3281,4304,2230,3172,3057,2893
"ENSG00000085465",11,12,11,25,38,31,28,49,35,36,43
"ENSG00000085491",320,412,373,287,180,264,182,213,215,235,295
"ENSG00000085511",1280,775.00001,601,484,394,397,395,460,482,596,654
"ENSG00000085514",43,17,22,17,19,14,15,47,56,44,39
"ENSG00000085552",663.99999,452,535.99999,2779,2415,2428,3007,3029,3477,3776,3687
"ENSG00000085563",102,160,80,257,142,205,210,277,381,763,386
"ENSG00000085644",105,87,71.99999,162,238,189,212,166,163,208,205
"ENSG00000085662",569,713,630.99999,4178,4677,3740,4280,4836,4147,3728,4016
"ENSG00000085719",549.99999,665,570,3915,2966,3381,4107,3095,3143,2798,3060
"ENSG00000085721",294,358,347,736,683,867,945,1191,1514,1583,1281
"ENSG00000085733",759,827,892.99999,1593,1604,1513,1512,2041,2142,2481,2329
"ENSG00000085760",199,223,182.00001,388,374,344,425,341,447,452,444
"ENSG00000085788",550,600.99999,609.99999,1316,992,1214,950,922,754,1171,1711
"ENSG00000085831",57.00001,71.99999,34.99999,41,26,37,27,31,14,37,38
"ENSG00000085832",1002.99999,1325,1217,1608,1248,1321,1532,1309,1315,1314,1240
"ENSG00000085840",51,58,63,269,235,184,221,237,224,154,172
"ENSG00000085871",79,52.00001,109,70,103,52,88,123,135,97,92
"ENSG00000085872",461,426,319,673,679,756,783,574,517,804,748
"ENSG00000085978",162,196.99999,173.99999,337,306,319,370,546,512,554,485
"ENSG00000085982",384,385.99999,400.00002,285,323,283,316,694,688,642,681
"ENSG00000085998",261.00001,266.99998,246.00001,1687,1793,1643,1597,1936,1896,2866,2657
"ENSG00000085999",99,190,160,190,216,140,162,214,278,260,261
"ENSG00000086015",384,416,309,602,880,727,664,701,540,629,658
"ENSG00000086061",2047,2149,2069,6400,5382,5695,6046,6568,6115,6040,6508
"ENSG00000086062",198,135,133,381,425,355,503,355,510,496,530
"ENSG00000086065",549,873,792,1551,1578,1471,1680,2352,2046,1578,1967
"ENSG00000086102",502.99999,488,537.99999,765,644,710,834,1247,1445,1820,1492
"ENSG00000086189",116,156.00001,212,390,320,343,346,647,526,470,490
"ENSG00000086200",397,430,388,341,255,298,289,464,606,616,567
"ENSG00000086232",559,645,577,2892,2453,2494,2673,2127,1745,2608,3387
"ENSG00000086289",67,72,62,244,201,189,235,203,208,520,512
"ENSG00000086300",340.99999,370,413.00001,456,265,351,391,651,548,584,627
"ENSG00000086475",500,652.99999,497,790,694,712,767,885,958,842,942
"ENSG00000086504",305,423,375,1524,1837,1532,1726,2386,1902,2154,1989
"ENSG00000086506",7,27,21,40,47,60,63,52,32,23,28
"ENSG00000086544",99,148,144,114,142,119,151,230,162,188,158
"ENSG00000086570",28,14,17,11,7,17,15,43,36,26,30
"ENSG00000086589",245,316,286,1402,1188,1289,1406,1196,1229,1180,1081
"ENSG00000086598",625,912,882,4132,2810,2936,4192,5040,5160,4531,5088
"ENSG00000086619",807.00001,415.00001,577,312,149,218,289,278,270,307,250
"ENSG00000086666",915.99999,873,1037.00001,2557,2096,2185,2415,3231,3344,2669,3048
"ENSG00000086696",214,179,370,1264,2009,1109,2573,2228,2583,1672,2657
"ENSG00000086712",351,399,385,717,583,617,657,821,802,848,761
"ENSG00000086717",71,43,69,54,65,86,40,205,146,106,146
"ENSG00000086758",1711.00001,1507.00001,1523,3209,3393,3205,3479,2890,3054,4060,4045
"ENSG00000086827",165,159,153,493,374,410,382,596,720,641,592
"ENSG00000086848",445,513,526.00001,896,774,827,866,699,736,842,793
"ENSG00000086991",415.00001,318,198,128,117,120,167,145,182,220,192
"ENSG00000087008",298.99999,304,215,138,210,232,217,313,248,378,295
"ENSG00000087053",1380.00001,1937.99995,1544.99993,2911,1975,2452,2976,2131,2563,2304,2432
"ENSG00000087074",268,277,209,1776,1880,1976,2417,1200,1281,2266,1457
"ENSG00000087076",138,284.99999,201,474,598,550,854,694,709,623,657
"ENSG00000087077",205,217,190,243,189,219,243,300,385,396,366
"ENSG00000087085",39.99999,53.99999,22,739,873,769,764,459,356,697,569
"ENSG00000087086",13329,11936,9552,46676,55724,42970,58726,46583,35953,37521,36623
"ENSG00000087087",513,474.00001,451.00002,779,738,860,794,1266,1604,1281,1440
"ENSG00000087088",207,288.99999,190.00001,648,767,688,678,871,727,773,723
"ENSG00000087095",1015,735,1520,475,437,548,348,793,669,559,599
"ENSG00000087111",327,313.00001,279,1744,1810,1588,2224,1664,1868,2387,1869
"ENSG00000087116",27,55,56.00001,80,46,100,67,71,39,23,63
"ENSG00000087152",171.00001,168,121.99999,192,223,216,218,252,176,214,198
"ENSG00000087157",265,204,270.00001,572,616,582,643,837,770,954,793
"ENSG00000087191",635.00001,682,554.00001,2034,2268,1810,2176,2850,2476,2672,2413
"ENSG00000087206",756,441,546,887,762,694,887,792,806,701,792
"ENSG00000087245",59,70,46,197,366,318,287,677,424,562,569
"ENSG00000087250",48,89,137,49,96,56,100,72,75,52,84
"ENSG00000087253",28,44,57,81,88,85,96,144,130,126,150
"ENSG00000087258",172.99999,147.00001,136.99999,990,1336,1191,1217,463,332,658,518
"ENSG00000087263",332,366,388,765,690,695,863,1264,1271,1221,1213
"ENSG00000087266",270.00001,274.99999,307.00001,254,347,244,252,366,256,459,387
"ENSG00000087269",267,231,216,368,252,231,302,375,455,436,458
"ENSG00000087274",1346,1081.99999,1095,4227,4148,4309,4485,4292,4941,6341,6049
"ENSG00000087299",119,262,187,205,174,196,214,211,208,229,238
"ENSG00000087301",258,313,253,1124,869,1088,1248,742,1018,969,1016
"ENSG00000087302",984.00001,1349.00001,1079,2576,2478,2363,2626,2659,2265,2104,2150
"ENSG00000087303",34,34,39,535,764,581,1078,460,883,662,820
"ENSG00000087338",246,238,221,372,245,283,334,495,496,448,563
"ENSG00000087365",1072.99999,1494,1278,3697,3737,3419,3999,3051,3372,3483,3244
"ENSG00000087448",279,295,263,446,407,517,390,404,326,395,519
"ENSG00000087460",8403.99998,9381.00004,9512.99999,10396,11991,9421,10120,8285,5373,5192,5913
"ENSG00000087470",1911,1905.99999,1932.99998,2999,2302,2631,2673,2724,3089,2825,2873
"ENSG00000087495",54,44,37,300,373,329,305,225,170,241,213
"ENSG00000087502",499,570,566,602,417,563,510,941,788,752,838
"ENSG00000087510",29,20,36,13,15,12,12,30,29,40,53
"ENSG00000087586",188,168,138,544,369,499,630,443,499,637,461
"ENSG00000087842",187.99999,303,277,411,519,397,532,599,587,488,521
"ENSG00000087884",225,243.00001,327,364,370,322,429,453,461,374,429
"ENSG00000087903",274,350.99999,274.99999,474,429,419,531,396,476,577,465
"ENSG00000087995",238,250,189,490,586,519,570,694,680,666,669
"ENSG00000088035",203,273.00001,208,339,215,252,256,370,391,304,362
"ENSG00000088038",346,357.00001,231.99999,270,317,281,290,224,254,253,272
"ENSG00000088179",626.99999,926,854,334,309,323,294,280,198,288,357
"ENSG00000088205",635,762,861,999,829,864,910,1871,1556,1416,1605
"ENSG00000088247",942.00001,924.99999,855,635,710,645,525,410,403,395,585
"ENSG00000088256",223,246,228,128,169,193,111,174,164,213,260
"ENSG00000088280",145,181.00001,109,985,1043,956,1232,667,665,1319,1119
"ENSG00000088298",75,91,112,384,442,370,403,711,703,815,772
"ENSG00000088305",229.99998,296.99999,146,276,229,255,211,279,191,272,269
"ENSG00000088325",305,765,350,5421,4844,4510,5632,2427,3073,3374,3084
"ENSG00000088356",266,471,297,2038,2120,1759,2261,2441,1924,2127,2020
"ENSG00000088367",660.99999,559,473,427,516,526,566,342,356,435,447
"ENSG00000088387",744.00001,1318.99999,931.99999,177,157,166,200,351,261,325,317
"ENSG00000088448",1200.00001,1481,1301.00001,2041,1619,1618,1739,1975,1939,1702,1892
"ENSG00000088451",231,229,231,320,391,277,501,654,729,498,550
"ENSG00000088538",597,510,341,152,171,166,124,279,223,279,292
"ENSG00000088543",82,123,104.99999,668,648,607,808,602,793,1094,922
"ENSG00000088682",402,397.99999,376,729,899,776,894,1666,1497,1474,1335
"ENSG00000088727",82,134.00001,147.99999,87,107,80,80,143,136,158,138
"ENSG00000088756",118,243,112,384,355,388,442,253,255,385,417
"ENSG00000088766",298,433,389,123,100,109,102,156,95,88,137
"ENSG00000088808",332,288,298,159,166,125,187,201,229,231,249
"ENSG00000088812",449,390,402,375,428,485,430,291,275,433,546
"ENSG00000088826",83,143,112.00001,1060,1019,879,1264,852,857,1140,941
"ENSG00000088832",847.00001,989.00001,757.99999,1297,1262,1229,1188,1713,1673,1739,1780
"ENSG00000088833",616.99999,582,472.99999,1845,2021,2037,2293,2364,2308,2483,2447
"ENSG00000088854",726,708,688,467,414,499,415,647,484,603,689
"ENSG00000088876",82,109,90,295,304,308,459,344,476,515,441
"ENSG00000088881",148,225,155,174,154,134,152,189,147,131,143
"ENSG00000088882",151,207,130,4383,5472,4184,5425,2899,2968,5067,4926
"ENSG00000088888",686,622,565,896,839,876,1014,917,1388,2108,1599
"ENSG00000088899",147.00001,160.99999,131,236,294,274,261,153,119,147,185
"ENSG00000088930",889,1197,974,2564,1962,2120,2254,2518,2827,2449,2703
"ENSG00000088970",265,334,428.00001,457,415,422,492,487,381,564,429
"ENSG00000088986",959,1025.99999,1061.99999,4440,4679,4157,4416,7319,5590,4199,4928
"ENSG00000089006",490,591.00001,458.00002,1212,1074,1048,1249,1293,1149,1140,1296
"ENSG00000089009",1408.99998,2325.99999,1882,9364,10460,8521,9982,9070,6755,5126,6545
"ENSG00000089022",458,410,400,499,485,454,386,391,291,554,694
"ENSG00000089041",25,10,13,13,44,28,30,48,21,76,31
"ENSG00000089048",584,731,657,300,217,277,257,443,310,327,343
"ENSG00000089050",148,172,137,460,312,396,656,617,712,765,765
"ENSG00000089053",790.99999,943.00001,888,2645,2610,2341,2590,4546,4546,4367,4402
"ENSG00000089057",447,423,468,858,1002,934,1057,1350,1534,2441,2167
"ENSG00000089060",51,54.00001,39,124,151,164,159,192,189,293,253
"ENSG00000089063",1047,1018,1133,3436,2698,2667,2851,3984,3643,2926,3390
"ENSG00000089091",250,355.00001,353.99999,177,134,145,164,228,144,177,194
"ENSG00000089094",344,440.00001,326.00001,348,327,351,367,335,371,520,430
"ENSG00000089101",34,49,73,81,36,70,71,38,51,65,58
"ENSG00000089123",262,300.99999,373,118,138,118,107,238,304,264,283
"ENSG00000089154",221,176,231,1669,1628,1726,1933,1423,2686,2821,2451
"ENSG00000089157",3883.00001,5535.00001,4625,38027,44620,33700,42608,37186,30716,22430,28649
"ENSG00000089159",649,797,570,1917,1864,1843,2299,1726,2454,2618,2212
"ENSG00000089163",21,40,36,63,112,79,120,114,96,88,128
"ENSG00000089169",23,35.00001,26,497,355,430,429,145,91,264,193
"ENSG00000089177",166.99999,236.99999,326,220,135,192,240,260,269,338,342
"ENSG00000089195",137,165,129,148,143,117,131,276,216,208,236
"ENSG00000089199",213,210,214,1049,1291,1314,1574,1307,1241,1763,1582
"ENSG00000089220",3304,3544,3135,18384,17455,16004,18946,15271,14446,12871,13773
"ENSG00000089234",277,302,319,682,652,696,721,494,402,826,1033
"ENSG00000089248",872,1173,856,3733,3900,3282,4097,3582,3401,3328,3374
"ENSG00000089280",1456,1405,1353,3776,3533,3368,3267,4642,7071,6596,6798
"ENSG00000089289",587,696,632,1641,1764,1571,1874,1449,1333,1186,1254
"ENSG00000089327",33,32,49,35,34,23,45,32,21,34,26
"ENSG00000089335",302.99999,453.00001,366,233,267,353,224,843,790,1035,762
"ENSG00000089351",307,285,253.99999,416,540,419,453,425,336,317,359
"ENSG00000089356",157.00001,231.99999,439.00001,69,50,86,72,209,178,102,186
"ENSG00000089472",406,643,371.99999,3700,3329,3258,4736,2361,3558,4445,3686
"ENSG00000089486",308,387,378,636,845,814,733,845,773,899,778
"ENSG00000089597",648,740,700.00001,4893,5010,4291,5922,4000,5852,6553,5658
"ENSG00000089639",54.00001,68,63,148,197,174,180,77,91,163,186
"ENSG00000089682",580,540,1089.99999,1105,785,868,999,922,804,954,874
"ENSG00000089685",240,456,384,1891,1817,1616,1803,1371,1626,1380,1453
"ENSG00000089693",839,932,922,6137,6394,5840,6709,7534,7054,7525,7088
"ENSG00000089723",38,29,24,116,110,153,182,129,201,302,178
"ENSG00000089737",686,823.99999,815,3133,3476,3099,4174,3634,3841,4208,3780
"ENSG00000089775",295,342,243,594,423,487,533,482,453,674,549
"ENSG00000089818",261.99999,333,325,1027,937,883,1197,1651,1447,1874,1674
"ENSG00000089820",45,62,33,118,104,128,77,141,178,156,210
"ENSG00000089876",564.99999,591,435.00001,308,282,343,246,576,537,642,656
"ENSG00000089902",202,233,211,189,151,188,192,165,162,177,162
"ENSG00000089916",612.99999,582,543,1065,861,956,1080,1153,1195,1334,1347
"ENSG00000090006",550.00002,536,537.00001,1103,1403,1233,1135,462,478,944,1201
"ENSG00000090013",311.00001,339,209,1142,1445,1237,1756,1391,1408,1306,1340
"ENSG00000090020",78,58,59,125,178,166,127,96,119,151,165
"ENSG00000090054",631,1077.99999,705.00001,1208,889,993,1165,1608,1660,1654,1529
"ENSG00000090060",1295,1627.99997,1587,5154,3447,4002,4074,4157,4726,4412,4700
"ENSG00000090061",232.00001,229,209,328,315,335,406,307,274,338,316
"ENSG00000090097",2634.99999,2517.99999,2598.99999,10030,9601,9563,10076,11241,10030,11818,11438
"ENSG00000090238",248.99999,323.99999,330.00001,713,774,754,554,313,259,352,645
"ENSG00000090263",262,327,297.00001,449,484,421,464,785,586,491,612
"ENSG00000090266",1524,1692,1833.00001,1506,1670,1446,1492,2829,2281,1868,2074
"ENSG00000090273",539,605,560.00001,2993,3240,3123,3634,3464,3105,3536,3331
"ENSG00000090316",591.00001,735.99999,505.99999,720,760,629,785,1471,1201,1298,1224
"ENSG00000090339",18,23,11,116,110,94,152,90,137,415,139
"ENSG00000090372",326.99999,331,370,658,716,706,649,648,451,506,540
"ENSG00000090432",141,145,116,827,900,883,1053,1017,1171,1488,1179
"ENSG00000090447",115,131,106,44,58,44,45,39,37,43,21
"ENSG00000090470",300,502,428,158,211,191,193,225,193,136,190
"ENSG00000090487",641,681,582,2033,1955,1940,2178,1868,1597,1514,1895
"ENSG00000090520",316.99999,280,259,846,799,757,839,1414,1294,1505,1440
"ENSG00000090530",420,173,155,266,309,225,360,375,335,322,428
"ENSG00000090554",37,28.99999,32.99999,23,10,13,14,36,14,34,26
"ENSG00000090565",537,500,462.99999,172,230,204,197,259,203,243,215
"ENSG00000090581",337,302,303,679,661,532,614,558,393,650,821
"ENSG00000090612",240,268,200.99999,400,334,478,391,913,1003,1036,1018
"ENSG00000090615",679.00001,779,869.99999,403,436,439,460,541,448,814,708
"ENSG00000090621",319,331.99999,266.00001,532,534,424,500,622,317,396,386
"ENSG00000090661",503.99999,568.00001,343.00001,1115,1465,1197,1403,1048,714,1350,1456
"ENSG00000090674",64,64,59,180,226,237,201,281,266,338,283
"ENSG00000090686",787,860.99998,919,540,579,540,545,587,432,724,726
"ENSG00000090776",145,334,188,1571,2034,1724,2119,676,675,1097,1048
"ENSG00000090857",251.99999,238,299.99999,465,446,606,572,627,695,1057,777
"ENSG00000090861",553.99999,913.00001,854,2927,3512,3356,4421,4462,5344,6780,5652
"ENSG00000090863",817,1238.99999,869,4952,5415,4979,5991,3949,5489,7668,6493
"ENSG00000090889",121,129,119,843,684,672,762,611,731,725,641
"ENSG00000090905",1358.00001,1161.00002,1534.99999,498,437,448,536,427,314,643,567
"ENSG00000090924",333,313,243.99999,365,434,499,424,498,654,897,747
"ENSG00000090932",310,413,464,395,418,384,473,363,225,299,324
"ENSG00000090971",240,326,305,439,529,422,485,259,177,275,377
"ENSG00000090975",133.99999,73,47.99999,36,97,59,46,35,36,40,74
"ENSG00000090989",483.99999,579,575,630,513,571,656,800,819,882,865
"ENSG00000091009",511,522,440,420,435,493,431,496,414,390,359
"ENSG00000091039",1326.99999,1619.99999,1320,1111,845,1055,969,1240,941,1120,1201
"ENSG00000091073",90,83,50.00001,127,143,160,170,207,278,215,217
"ENSG00000091127",169,194,189,169,143,146,121,312,309,345,357
"ENSG00000091129",2310,2891,2249,7496,5444,6272,7388,5272,7754,9442,8430
"ENSG00000091136",451,416.99999,401.00001,1247,1074,1114,1526,1097,1386,2426,1703
"ENSG00000091140",489.00001,469.99999,480,813,609,798,785,1323,1410,1653,1546
"ENSG00000091157",294.00001,420,379,849,753,792,912,1030,1190,1445,1306
"ENSG00000091164",921.00001,1182.99999,1017,2180,1782,1904,1998,2452,2156,2033,2177
"ENSG00000091262",82,76.99999,76,169,171,193,279,265,325,368,413
"ENSG00000091317",415,532,465,1779,1170,1424,1545,1975,2302,1867,2126
"ENSG00000091409",190,190,315,826,583,807,824,635,623,1189,1148
"ENSG00000091428",336,361,583,73,90,61,73,130,67,236,199
"ENSG00000091436",209.00001,592.00001,181.00001,606,593,530,678,636,728,737,985
"ENSG00000091483",327.99999,502,388,1666,1548,1374,1788,1546,1425,1387,1485
"ENSG00000091490",493,405,522,295,271,234,215,479,320,405,438
"ENSG00000091513",4868,109,355,9636,5286,11934,12202,27163,28521,29784,28019
"ENSG00000091527",1140.99999,1110.99999,1234,1009,765,930,869,758,702,666,710
"ENSG00000091536",54,66,51,89,100,81,103,46,34,49,23
"ENSG00000091542",1020,1065,921,2087,2276,2391,1923,790,624,871,1314
"ENSG00000091592",548.99998,603.99999,553,142,13,30,104,66,47,53,31
"ENSG00000091622",27,76,45,61,96,67,152,117,73,154,118
"ENSG00000091640",354,461,293.00001,1921,2333,2039,2405,2236,2283,2225,2180
"ENSG00000091651",181.99999,212,163,554,449,451,410,575,491,412,427
"ENSG00000091656",912,857,589.00001,1539,1365,1555,1564,1125,881,1670,1395
"ENSG00000091664",71,79,64,283,212,272,152,138,76,130,136
"ENSG00000091732",237,255.99999,243.99999,309,360,340,407,771,611,701,651
"ENSG00000091844",138,155,188,267,213,273,222,280,230,225,277
"ENSG00000091879",66,153,126,19,11,11,25,30,8,19,9
"ENSG00000091947",210,291.00001,231,842,1078,858,1079,808,868,803,756
"ENSG00000091972",356,455,279,3000,2911,2639,3560,2131,1904,2512,2154
"ENSG00000091986",125,61,65,367,307,345,494,373,457,559,555
"ENSG00000092010",695,834,778.99999,3246,3332,2601,3167,4931,3990,3120,3718
"ENSG00000092020",512.00001,520.99999,440,884,726,696,740,943,712,733,779
"ENSG00000092036",187,331.99999,225,885,886,749,850,837,705,625,773
"ENSG00000092051",153,156.00001,188,157,253,193,180,172,85,137,133
"ENSG00000092068",248.99999,199,283.99999,1565,2388,1891,3185,1798,2426,2408,2329
"ENSG00000092094",237,264.00001,268,516,631,542,469,1107,1016,939,1014
"ENSG00000092096",454,498,445,1642,2105,1643,2276,1171,1150,1779,1688
"ENSG00000092098",187,153.99999,125,277,401,367,314,277,315,414,558
"ENSG00000092108",896,1109.99999,939,1077,813,994,1022,1555,1549,1298,1540
"ENSG00000092140",497,571,557,630,397,581,615,694,605,550,539
"ENSG00000092148",1238.99998,1204,1183.00001,1067,1037,1064,1060,1305,1587,2153,2066
"ENSG00000092199",2875,3235,3117.99999,18258,17403,15502,20839,17674,16782,13123,15245
"ENSG00000092200",701,529.99999,427,90,107,62,67,319,272,299,337
"ENSG00000092201",778,808,684,3546,2710,2882,3622,3720,4364,4728,4384
"ENSG00000092203",494,450.00001,457.00001,2142,2091,1967,2272,2312,2369,2338,2330
"ENSG00000092208",283.00001,334.00001,272,316,339,295,261,530,538,402,445
"ENSG00000092330",311.99999,229,328.99999,999,1066,902,1116,1402,1790,1724,1606
"ENSG00000092421",551,640.00001,442,1981,2201,2302,2043,1654,1473,2652,2525
"ENSG00000092439",639.00001,746,737,316,182,260,294,387,471,644,482
"ENSG00000092445",70,89,78,266,358,323,407,327,242,363,316
"ENSG00000092470",152,192,147,139,96,89,100,193,329,286,328
"ENSG00000092529",33.99999,50,40.99999,72,70,92,130,161,90,116,74
"ENSG00000092531",545.99999,354,444.99999,421,360,301,521,627,712,608,755
"ENSG00000092621",307,620.00002,398.99999,2659,3215,2598,3576,2587,2713,3268,2763
"ENSG00000092758",61,61,161.99999,123,168,220,193,188,296,238,438
"ENSG00000092820",430,462,551,2160,2261,2163,2967,2356,2721,3789,3154
"ENSG00000092841",5556,6421.00001,5635.99999,29216,33812,25421,30401,37966,33883,23839,30101
"ENSG00000092847",749.00001,896.99999,864.00001,1503,1278,1295,1394,1284,1540,1979,1977
"ENSG00000092850",40,107.99999,74,412,350,343,353,207,235,213,181
"ENSG00000092853",212,247,231,252,158,180,146,284,265,251,325
"ENSG00000092871",374,387,461.00001,1297,969,1028,1374,1096,1523,1309,1417
"ENSG00000092929",26,18,38,61,48,35,64,43,37,100,67
"ENSG00000092931",350.00001,437,440,285,243,246,265,350,356,398,411
"ENSG00000092964",1725,1696,1648,21024,20876,19772,22207,13835,15768,16372,16394
"ENSG00000092969",625,423,422,2617,2242,2203,2885,1604,1955,4739,3404
"ENSG00000092978",204,255,243,302,226,282,237,399,297,330,311
"ENSG00000093000",348,372,382,554,380,510,587,596,579,947,820
"ENSG00000093009",121,113,115,365,322,333,265,475,630,409,470
"ENSG00000093010",605.99999,54.99999,50,803,820,786,874,1659,1368,1338,1395
"ENSG00000093072",58.00001,171,326,35,35,53,57,19,10,19,18
"ENSG00000093144",318.00001,382.00001,350,1279,936,989,1095,1131,1053,875,982
"ENSG00000093167",442,771,585.00001,633,525,526,671,483,429,654,710
"ENSG00000093183",301.99999,358.00001,338.00001,1391,1179,1156,1526,1240,1413,1383,1372
"ENSG00000093217",54,222.00001,116.00001,73,39,60,33,102,87,111,110
"ENSG00000094631",328.99999,442.99998,349.00001,3675,3561,3634,3991,2865,3891,3907,3663
"ENSG00000094804",82,107,94,192,191,168,172,428,419,266,357
"ENSG00000094841",165,126.99999,158.99999,198,138,167,208,358,298,444,380
"ENSG00000094880",209,281,292,686,534,676,708,1030,1069,1345,1123
"ENSG00000094914",211,334,270.00002,1418,1758,1416,1628,1799,2028,2053,1989
"ENSG00000094916",1711,1795,1608,11612,9084,9811,11546,8170,10372,12007,11404
"ENSG00000094975",609.99999,609,588,1053,725,883,901,1297,1364,1649,1559
"ENSG00000095002",1154,1306,1171,1545,1200,1335,1626,1761,2298,2118,2305
"ENSG00000095015",226,173,242,202,154,209,226,315,359,379,352
"ENSG00000095059",385,578,462.99999,3176,3697,3070,3720,3428,3067,2846,2640
"ENSG00000095066",177,215.00001,163.99999,165,201,213,204,235,155,232,272
"ENSG00000095139",558,534,583.99999,3531,2865,3259,4499,3240,4101,4228,4054
"ENSG00000095203",91,109,133,71,70,58,97,117,96,106,116
"ENSG00000095209",185,372,322,1091,782,713,1050,871,985,669,805
"ENSG00000095261",215,104,146,595,327,437,479,518,497,512,532
"ENSG00000095319",184,247,231,1554,1425,1422,1551,2044,3028,3081,3027
"ENSG00000095321",117,120,178.99999,2610,2859,2493,3260,1973,2089,2585,2695
"ENSG00000095370",192,163.99999,253,553,639,662,767,513,529,823,637
"ENSG00000095380",94,130,96,486,550,476,573,540,491,586,480
"ENSG00000095383",97,74.00001,96,80,116,66,86,100,178,191,136
"ENSG00000095397",611.99999,191.00001,271,723,872,765,670,416,293,391,545
"ENSG00000095464",57,80,43,51,29,65,24,89,64,105,74
"ENSG00000095485",141,244,145,388,308,330,389,416,471,388,403
"ENSG00000095539",135.99999,83.00001,131,224,323,256,295,227,155,227,222
"ENSG00000095564",741,728,609,1207,752,1031,847,1037,928,1268,1325
"ENSG00000095574",215,274,248.00001,656,369,490,609,602,609,561,563
"ENSG00000095585",78,54.99999,45.99999,3,11,5,20,26,30,20,30
"ENSG00000095587",8,10,12,52,60,67,84,34,32,77,44
"ENSG00000095596",1534,2797,1854,3250,3759,3511,4459,2940,2383,6250,3912
"ENSG00000095637",668,660.00001,505,402,386,435,538,473,591,1135,764
"ENSG00000095713",357.00001,161,165,2255,2111,1707,1909,1168,1394,1717,2444
"ENSG00000095739",361,516,476,26,32,29,13,41,15,25,45
"ENSG00000095777",288,284.00001,194,264,118,147,124,113,208,146,221
"ENSG00000095787",1662.99999,2158.00002,2285.99999,1363,960,1292,1228,1650,1459,1727,1445
"ENSG00000095794",462.99999,821.99999,1068.99999,502,451,472,577,632,669,553,675
"ENSG00000095906",271,321.00001,283,1460,1879,1590,1756,2795,2177,2068,2007
"ENSG00000095932",9,18,45.00001,18,11,23,27,20,9,12,35
"ENSG00000095951",362,333.99999,613,287,294,337,302,360,305,369,423
"ENSG00000096060",302,321.99999,243,658,521,571,631,744,951,1287,965
"ENSG00000096063",840,836,755,1573,1211,1344,1331,1496,1353,1464,1412
"ENSG00000096070",304.99999,195,185,294,315,336,341,390,409,419,362
"ENSG00000096080",136,150,188,473,500,549,608,1162,1047,1235,1072
"ENSG00000096092",336,506,417,785,680,637,781,1049,728,571,759
"ENSG00000096093",900,582,614.99998,861,646,692,834,1086,1025,1380,1220
"ENSG00000096384",4318,5982,5172.00001,39691,37332,34699,42334,28032,30667,29147,29311
"ENSG00000096401",398,462,333,1154,1065,1005,1186,1242,1193,1344,1278
"ENSG00000096433",30,23,35,93,48,54,108,78,56,79,64
"ENSG00000096654",104,146.99999,109,462,290,388,465,495,578,516,591
"ENSG00000096696",180.99999,171,97,477,524,493,712,623,917,817,1040
"ENSG00000096717",254,327,291,200,171,180,167,158,194,164,164
"ENSG00000096746",1451,1836,1610.99999,5245,4043,4452,5008,4239,4970,4709,4487
"ENSG00000096872",496.99999,532.00001,560,332,246,264,221,495,434,324,454
"ENSG00000096968",140,184,136,194,136,178,225,209,283,437,410
"ENSG00000097007",518,369,388,1246,1357,1168,1664,1360,1533,1727,1714
"ENSG00000097021",177,322,174,2011,2771,2039,2504,1844,1391,1974,1574
"ENSG00000097033",700,707.99999,652.99999,2322,1740,2068,2095,1712,1637,2109,2493
"ENSG00000097046",177,310,277,325,211,285,262,341,381,442,423
"ENSG00000097096",89,106,154,93,67,54,60,30,24,42,53
"ENSG00000099139",153,90,139,377,411,406,509,222,204,573,521
"ENSG00000099194",1325,2168,1702,14311,13404,14179,16601,4194,6560,6850,5870
"ENSG00000099203",97,154,106,1071,1416,989,1305,1376,1353,1348,1302
"ENSG00000099204",1073.99999,1003.00001,745,2345,1914,2299,2504,2965,3361,4365,4212
"ENSG00000099219",238.99999,355.99999,247,748,541,665,726,236,323,458,444
"ENSG00000099246",628.00001,688.00002,626.99999,1769,1196,1485,1412,2500,2913,2697,2628
"ENSG00000099250",865.99999,761.00001,432.00001,1359,1419,1403,1597,1228,1112,2015,1267
"ENSG00000099256",184,160,242.99999,235,127,162,171,317,259,238,273
"ENSG00000099260",218.00001,241,315,279,225,258,329,521,545,651,583
"ENSG00000099282",104,151,137,810,770,839,1007,870,835,1023,949
"ENSG00000099284",526.99999,605,558.00001,2601,2745,2453,2819,2775,2604,2895,2760
"ENSG00000099290",209,211,282,1143,946,991,1010,1100,1467,1609,1320
"ENSG00000099308",160,165,167,233,296,285,273,225,246,282,235
"ENSG00000099326",244,230,180,339,432,407,322,377,322,498,493
"ENSG00000099330",140,152.99999,135.99999,252,301,325,328,568,358,429,380
"ENSG00000099331",1050.00001,954,1051.00001,324,329,365,281,386,301,353,432
"ENSG00000099337",11,22,12,41,51,58,37,22,31,37,32
"ENSG00000099338",213.99999,310,420.00001,115,159,112,108,129,117,125,92
"ENSG00000099341",934.00001,1320,1121.00001,5164,5922,4991,6511,5688,5389,4796,4849
"ENSG00000099364",263,234,159.99999,11,31,45,28,30,19,24,23
"ENSG00000099365",71,122,76,138,158,112,137,83,71,89,96
"ENSG00000099377",16,15,9,34,51,33,65,145,195,194,180
"ENSG00000099381",220.00001,215,187,76,103,105,88,158,125,123,84
"ENSG00000099385",274.00001,334,270.99999,161,172,142,138,184,153,172,235
"ENSG00000099617",336,561,674,443,374,513,512,304,406,432,396
"ENSG00000099622",2267.00001,2689.99999,2539.99999,7360,7255,6621,7986,7053,7041,7095,6777
"ENSG00000099624",832,949,805,344,518,428,336,235,177,239,340
"ENSG00000099783",1204.99999,1699.99998,1432,2885,2721,2407,2664,4876,5349,5479,5655
"ENSG00000099785",131.99999,163,124,160,212,168,144,153,94,121,201
"ENSG00000099795",863,1026,982,2003,2627,2000,2552,3189,2149,1769,2131
"ENSG00000099797",722,908,705.99999,6490,6792,5986,7083,7209,7137,5729,6476
"ENSG00000099800",641,669,613,1898,2143,1797,2391,2003,2007,1877,1879
"ENSG00000099804",487,735,496,307,363,262,306,245,201,197,194
"ENSG00000099810",314,499,221.99999,378,304,323,397,432,494,583,497
"ENSG00000099814",285,152,160,57,120,83,49,140,101,104,93
"ENSG00000099817",773.99999,844,815.99999,3725,3847,3580,4428,3837,3655,3917,3805
"ENSG00000099821",125,190,165,242,315,321,311,268,266,285,251
"ENSG00000099840",30,28,28.99999,19,15,14,18,28,17,21,32
"ENSG00000099849",173,261.00001,175.99999,384,364,365,503,498,534,550,539
"ENSG00000099860",78,55,47,688,636,596,765,845,786,779,834
"ENSG00000099864",482,535,381.00002,707,773,673,732,423,347,445,434
"ENSG00000099866",36,20,15,47,51,34,22,28,23,17,26
"ENSG00000099875",482.99999,413,438.99998,215,200,231,226,276,197,206,218
"ENSG00000099889",516,424,414.00001,734,751,831,836,773,860,1338,1139
"ENSG00000099899",130,125,153,685,812,838,861,1291,1175,1506,1481
"ENSG00000099901",850,1083,875,2116,1883,1690,1659,1572,1172,1287,1773
"ENSG00000099904",129,144,120,113,153,110,124,143,120,100,120
"ENSG00000099910",231,367,299,443,642,454,598,896,953,1019,984
"ENSG00000099917",723.00001,895.00001,764.99999,1573,1690,1444,2063,1449,1580,1771,1538
"ENSG00000099940",253,247,181,737,749,744,905,852,1019,1176,1080
"ENSG00000099942",430,401,366,3640,3134,3522,4506,2336,2769,4151,3674
"ENSG00000099949",205.99999,243,158.00001,945,1071,1167,1016,1325,1434,1990,1946
"ENSG00000099953",61,88,39,154,190,179,183,102,96,201,333
"ENSG00000099954",997.00001,876,1017,110,95,88,119,134,80,93,70
"ENSG00000099956",1291,1398,1098.99999,3735,3696,3553,3936,3011,2392,3024,3277
"ENSG00000099957",11,10.99999,8,46,63,49,34,67,59,46,51
"ENSG00000099958",23.99999,34,31,232,250,199,197,94,66,71,64
"ENSG00000099968",932.99999,893.99999,1397.00001,3342,2876,2783,3835,3883,4485,4911,4727
"ENSG00000099977",584,810,685,735,745,680,763,1043,902,800,764
"ENSG00000099991",1012.99999,937,666,415,493,456,552,450,555,801,651
"ENSG00000099992",52,81,43,445,455,461,567,503,529,629,569
"ENSG00000099994",49,31,114,306,304,260,197,392,497,374,416
"ENSG00000099995",553,551,442,1580,1375,1333,1576,995,1200,1149,1166
"ENSG00000099999",69,64,73,118,121,121,85,177,165,155,142
"ENSG00000100003",359,471,312.99999,460,405,390,603,778,896,1340,903
"ENSG00000100014",2053,1675,815.00001,867,740,972,953,788,1031,1205,1243
"ENSG00000100023",360,421.99999,459,653,696,737,686,1245,1133,1355,1224
"ENSG00000100024",16,22,14,18,31,19,36,34,24,32,39
"ENSG00000100027",172,168,250,406,471,403,366,393,248,302,441
"ENSG00000100028",255,269,243,1520,1402,1342,1576,1875,1886,1936,1851
"ENSG00000100029",238,287,217,677,740,692,854,910,1070,1164,1028
"ENSG00000100030",844,780,750,1047,1008,948,944,1083,933,1090,1181
"ENSG00000100031",10,9,12,63,11,38,65,34,62,146,36
"ENSG00000100034",114,163,200,213,255,294,308,343,505,531,536
"ENSG00000100036",53,39,57,157,241,205,219,144,177,282,291
"ENSG00000100038",130,146,117,466,614,516,590,688,676,888,752
"ENSG00000100053",1212,413,290,15,0,95,4,321,45,1,202
"ENSG00000100056",139,176,140,381,368,396,435,440,492,533,421
"ENSG00000100060",104,103,146,500,386,452,428,358,422,395,349
"ENSG00000100065",9,19,27,13,30,21,20,53,28,48,49
"ENSG00000100075",285,361,270,830,1051,857,1008,712,614,623,704
"ENSG00000100077",267,408,289,239,179,193,227,177,125,222,163
"ENSG00000100083",499.99999,437,387.99999,887,953,806,992,1061,998,1051,923
"ENSG00000100084",130,126,158,76,92,198,92,216,123,125,98
"ENSG00000100092",59.00001,64,38,36,54,16,53,21,14,48,32
"ENSG00000100095",149.99999,59,194,517,754,527,657,275,277,498,459
"ENSG00000100097",156,75,70,121,222,136,191,517,375,585,432
"ENSG00000100099",398.99997,461.99997,487,1039,932,1048,1219,943,894,1233,960
"ENSG00000100100",121,97,98,1142,973,948,1299,1171,1464,1838,1477
"ENSG00000100104",145,141,163,290,222,217,206,220,190,354,394
"ENSG00000100105",431.99999,332,291,779,675,602,706,704,552,603,634
"ENSG00000100106",1433,1197,976.99999,604,695,846,900,867,689,930,774
"ENSG00000100109",342,227,211,496,614,577,677,747,868,1103,853
"ENSG00000100116",71,54.99999,66,578,722,480,754,650,608,636,564
"ENSG00000100122",29690,4237,4339,80,2,1219,55,2736,211,10,1669
"ENSG00000100124",141,215,151,651,746,625,475,452,283,458,671
"ENSG00000100129",2813.99998,4110,3580.00001,12737,13147,11078,13470,9305,8877,7366,8011
"ENSG00000100138",916,1097,939.00001,3795,4021,3288,4245,4456,3831,3573,3794
"ENSG00000100139",203,98.99999,99.00001,113,120,129,80,114,88,131,146
"ENSG00000100142",587.99999,633.00001,604.99999,1200,1359,1095,1098,2064,1477,1271,1430
"ENSG00000100147",207,131,233,855,757,767,1001,604,1102,1220,1189
"ENSG00000100150",527.00002,559,1046.00002,197,176,204,158,395,476,431,438
"ENSG00000100151",132,116,112.99999,233,277,222,211,303,274,347,305
"ENSG00000100154",1031,918,751.99999,1187,1292,1336,1271,1044,1023,1811,1685
"ENSG00000100162",178.00001,213.99999,168.99999,379,397,372,391,522,517,414,472
"ENSG00000100167",436,597,406,2410,2977,2539,2757,1747,1220,1576,1338
"ENSG00000100196",49,80,80,100,145,123,128,186,161,200,228
"ENSG00000100201",3623.99999,3519.00001,3637,2571,2339,2276,2190,3707,2365,2618,2600
"ENSG00000100207",555.00001,377,426,155,106,126,119,88,122,112,81
"ENSG00000100209",395,275.99999,370.00001,146,124,105,113,274,243,146,192
"ENSG00000100211",307.99999,311,459.00001,535,575,506,580,1328,978,1005,1102
"ENSG00000100216",457,567,509,1288,1183,1103,1237,1508,1428,1085,1245
"ENSG00000100218",13,24,18,81,100,74,87,73,65,68,76
"ENSG00000100219",344,408.99999,401,2301,2215,2014,2386,975,788,1932,1665
"ENSG00000100220",439,501,402,1627,1716,1627,1974,1994,2374,2712,2286
"ENSG00000100221",161,165.99999,152,204,154,168,166,262,286,329,312
"ENSG00000100225",535.00001,686.99999,532,2724,2562,2543,3303,2029,2224,2910,3018
"ENSG00000100226",179.00001,283,211,1800,1891,1854,2239,1303,1691,2058,1969
"ENSG00000100227",532,510,522.99999,3721,3906,3628,5110,2583,3450,4412,3576
"ENSG00000100228",146,153,131,321,398,428,394,660,925,1083,907
"ENSG00000100234",488,471,685,1029,1199,824,1270,1275,1265,1538,1566
"ENSG00000100239",725.00001,464.99999,417,249,314,324,216,212,147,297,528
"ENSG00000100241",502.99999,508,358,573,820,763,657,645,476,603,656
"ENSG00000100242",315,337,279,415,544,516,456,358,352,417,427
"ENSG00000100243",737,759.99998,627,2638,2715,2514,2849,2705,2587,3293,3374
"ENSG00000100246",171,217,200,381,436,419,410,585,672,535,612
"ENSG00000100258",159,173,136,397,500,498,608,644,816,875,777
"ENSG00000100263",147,135,136,739,860,784,886,1228,1108,1517,1235
"ENSG00000100266",403.00001,272.00001,360,580,627,648,817,625,724,835,887
"ENSG00000100271",144,136,123,645,622,577,636,780,632,723,785
"ENSG00000100280",372,333.99999,343.99999,1959,2050,1822,1920,1644,2444,2619,2234
"ENSG00000100281",494,540,535,609,547,661,694,763,633,817,767
"ENSG00000100284",234.99999,209.99999,199,724,939,760,1092,937,1330,1644,1329
"ENSG00000100285",28,25,20,17,45,47,35,38,33,53,39
"ENSG00000100288",168,203.00001,147.99999,609,716,558,679,738,588,630,572
"ENSG00000100292",38,43,47,141,116,135,131,359,292,445,354
"ENSG00000100294",87,83,94,206,221,249,175,198,213,289,331
"ENSG00000100296",436.99999,408,321,855,807,831,844,853,872,1000,934
"ENSG00000100297",186,258,215,1053,1000,1102,937,1614,1736,1291,1539
"ENSG00000100299",131.00001,124,118.00001,507,674,548,527,638,551,618,605
"ENSG00000100300",214,79,303,891,1542,1082,1411,1827,1781,1786,1698
"ENSG00000100304",100,152,113,117,134,136,116,173,132,155,226
"ENSG00000100307",69,100.99999,93,34,24,27,43,45,43,47,67
"ENSG00000100314",164,240,171,90,137,123,97,139,140,102,107
"ENSG00000100316",10403,16289,13351.99999,47663,54010,42940,54046,42458,38080,30382,35000
"ENSG00000100319",181,256,251,938,1006,897,1136,996,906,747,790
"ENSG00000100320",1664,1771.99999,1590.00001,3549,3885,3951,3909,2853,2842,3492,3104
"ENSG00000100321",338,379,387,1472,1424,1522,1918,1293,1446,2081,1769
"ENSG00000100324",309,347,292,236,269,344,300,447,547,450,470
"ENSG00000100325",295.99999,244,235.99999,1031,1071,1029,1230,1273,1142,1453,1128
"ENSG00000100330",570.99999,436,532,1462,1262,1346,1891,1595,2152,2507,2257
"ENSG00000100335",186,244,208.00001,1097,1161,1172,1557,989,1218,1576,1510
"ENSG00000100342",17,25,19,23,2,8,12,27,25,33,20
"ENSG00000100344",283.00001,205,234,354,270,365,418,506,528,671,666
"ENSG00000100345",427,488.99999,273,1973,2170,1819,2587,1881,3298,3716,3289
"ENSG00000100347",332.99999,452,366,1626,1642,1560,1900,1710,1578,1617,1597
"ENSG00000100348",391.00001,541,391,2051,2414,2130,2424,2579,2741,2596,2480
"ENSG00000100350",286,292.00001,209.99999,1002,1094,963,1002,1372,1358,2176,1856
"ENSG00000100353",836,1004,848,2129,2425,2065,2645,2516,2535,2231,2397
"ENSG00000100354",2114.00001,1873,1921.99999,1174,963,1215,1119,1247,1027,2231,1765
"ENSG00000100359",231.99999,283,240,2148,2243,2119,2404,2161,2409,2529,2209
"ENSG00000100360",363,339.00001,324,584,638,528,528,709,557,485,533
"ENSG00000100362",39,28,18,19,40,34,32,76,25,11,18
"ENSG00000100364",141,217,162,245,290,221,206,264,189,193,240
"ENSG00000100372",296,206,273,420,395,371,461,856,720,611,685
"ENSG00000100376",266,348,297,534,501,471,526,584,589,687,627
"ENSG00000100379",152,177.99999,262.00001,371,374,309,288,213,244,347,488
"ENSG00000100380",2305,3033.99999,2810,8376,6716,6747,8085,7479,7443,6865,7182
"ENSG00000100387",1311,1371,1264,2783,2920,2518,2563,4683,3881,2460,3344
"ENSG00000100393",1301,1197,1329.99999,681,686,819,673,1022,858,1206,1053
"ENSG00000100395",165.99999,148,144,312,328,290,306,759,862,861,812
"ENSG00000100401",309.00001,349,298,1696,1780,1671,1945,1312,1573,1750,1635
"ENSG00000100403",510,393,347,287,196,247,341,203,254,282,269
"ENSG00000100410",211,207,238,515,491,415,526,604,576,432,456
"ENSG00000100412",538,591,507,3420,4207,3516,4494,4063,4512,6153,5277
"ENSG00000100413",173,149,133.99999,378,455,458,431,836,891,1406,1396
"ENSG00000100416",243.99998,378,238.99999,536,716,559,704,787,681,756,669
"ENSG00000100417",228,283,247,1124,1404,1182,1562,1404,1332,1384,1172
"ENSG00000100418",141,157,134,325,374,310,322,445,369,546,496
"ENSG00000100422",513,582,462,493,511,537,427,514,357,592,638
"ENSG00000100425",308,341,290.00001,213,190,155,175,243,182,171,218
"ENSG00000100426",160,211,144,272,280,327,265,350,285,378,472
"ENSG00000100429",89,110.99999,104.99999,90,118,104,59,107,95,108,94
"ENSG00000100433",11,20,23,75,110,99,99,87,92,153,125
"ENSG00000100439",129,131,136,1903,2001,1615,2681,1941,2555,2866,2388
"ENSG00000100441",210,287,233,762,646,758,825,734,852,1236,1097
"ENSG00000100442",1112,1446.00001,1418,2818,2116,2175,2177,3155,2532,2110,2413
"ENSG00000100445",531.99999,659.99999,625,2652,2860,2605,2984,3180,2793,2646,2603
"ENSG00000100461",1198.99999,948.00001,1591.99998,1530,1644,1553,1854,3054,3249,3295,3284
"ENSG00000100462",270.99999,386,352,2730,2588,2414,3058,2247,3204,3010,2728
"ENSG00000100473",318,211,112,671,513,626,568,763,759,768,805
"ENSG00000100478",117,105,171,116,64,84,99,109,147,141,138
"ENSG00000100479",694,292,370,47,49,56,53,132,81,50,77
"ENSG00000100483",176,177,245,205,138,194,171,170,148,160,154
"ENSG00000100485",766,720,740,162,118,165,119,249,164,174,202
"ENSG00000100490",169.99999,125,158,52,31,49,46,51,49,78,79
"ENSG00000100503",797.99999,705,948.99999,759,558,556,722,658,662,990,791
"ENSG00000100504",266,309.99999,326,865,617,606,872,1718,1570,1798,1447
"ENSG00000100505",479,508.00001,835,1372,1095,1115,1187,1918,2308,3241,2374
"ENSG00000100519",660,814,748.00001,2267,1914,1806,2314,2488,2337,2089,2106
"ENSG00000100522",162,194,137.00001,338,262,288,309,302,383,419,413
"ENSG00000100523",766.00001,628,675.00001,450,353,402,340,627,470,816,905
"ENSG00000100526",169,320,241,678,550,579,615,771,811,490,686
"ENSG00000100528",612,721.00001,639.00001,1896,1328,1587,1634,1783,1907,1530,1721
"ENSG00000100532",187,233.00001,243,432,363,357,429,702,710,442,615
"ENSG00000100554",617.99999,560,499,1563,1413,1431,1642,1926,1857,1808,1732
"ENSG00000100564",163.99999,166.99998,211,614,588,666,731,855,648,734,757
"ENSG00000100567",835.99999,1031,994.99999,1367,1217,1351,1342,2245,1958,1442,1774
"ENSG00000100568",544.99999,673,501.00001,1698,1619,1453,1726,1838,1699,1711,1699
"ENSG00000100575",357.00001,486,423,528,409,469,448,649,543,418,481
"ENSG00000100577",117,85,104.00001,174,175,193,192,234,220,223,205
"ENSG00000100578",439.00001,729,526.99999,286,221,244,216,359,329,370,400
"ENSG00000100580",233,239,195,805,674,747,812,699,984,1097,1082
"ENSG00000100583",45,30,40,50,34,49,64,47,97,110,113
"ENSG00000100591",347.00001,455,410.99999,1787,1963,1622,1989,2388,1981,2130,2222
"ENSG00000100592",1409,2067.00001,2057,2049,1602,1882,1594,2121,1995,2465,2125
"ENSG00000100596",313,299,356,991,838,917,908,869,951,1225,1062
"ENSG00000100599",61,30,18,14,30,17,12,20,19,37,39
"ENSG00000100600",344,367,374,2306,2670,2216,3486,2200,2603,2957,2588
"ENSG00000100601",157,207,157.99999,736,770,645,785,926,1002,748,963
"ENSG00000100603",889,639,799,1910,1499,1542,1979,2259,2099,1817,1995
"ENSG00000100604",215,170,219,245,422,357,285,169,128,175,381
"ENSG00000100605",586,600.99999,853,958,989,970,1014,603,461,1057,1017
"ENSG00000100612",716,803,948.00001,2308,2061,1915,2229,3082,2569,2652,2759
"ENSG00000100614",703,829,676,1213,846,994,873,1012,894,748,879
"ENSG00000100625",25,43,28,123,87,91,148,90,79,165,138
"ENSG00000100626",26,69,51.00001,459,592,520,634,391,422,610,509
"ENSG00000100629",246.00001,388.99999,533,171,92,148,118,132,155,214,165
"ENSG00000100632",1085,1334,1398,1972,1708,1620,1756,3111,2215,1520,1966
"ENSG00000100644",1603.00001,1482.00001,2315.00001,4712,2969,3904,4662,5279,7809,7339,7358
"ENSG00000100647",194,172,189,339,354,373,401,532,597,765,592
"ENSG00000100650",2074.99999,2264,2502.99999,3734,3104,2929,3197,5146,4804,4687,4422
"ENSG00000100664",1638.00001,1588.00001,1647.00001,3411,2832,3147,3550,4157,3313,5046,4054
"ENSG00000100678",82,64,48,21,24,25,36,49,25,57,54
"ENSG00000100697",711.99999,741.00001,725.99999,666,593,693,670,589,534,927,906
"ENSG00000100711",228,183.99999,192.99999,574,658,668,651,1032,958,1052,1016
"ENSG00000100714",612,1202.00001,986.00001,2131,2001,1780,2015,2284,2780,2728,2382
"ENSG00000100722",856,940.99999,1727.00002,1576,1219,1252,1396,2122,2095,2148,2134
"ENSG00000100726",92.99999,132,107,270,406,425,359,828,886,1015,744
"ENSG00000100731",852.00001,828.00001,690,315,285,322,368,426,385,479,490
"ENSG00000100744",277,303.00001,338,553,416,484,447,994,968,716,966
"ENSG00000100749",333.00002,406,585.00001,960,618,785,724,1007,908,736,863
"ENSG00000100764",132,249,126,2801,2491,2380,2921,2915,2554,2230,2458
"ENSG00000100767",23,58,84,69,105,47,122,199,333,524,392
"ENSG00000100784",216,323,306,266,221,232,261,427,375,470,517
"ENSG00000100796",484,792,544.99999,297,268,324,251,338,308,313,353
"ENSG00000100802",106,136,162,180,222,255,249,308,340,436,352
"ENSG00000100804",1114.99999,1265,1092.00001,6630,7383,6476,7527,6768,7216,6390,6431
"ENSG00000100811",854.99999,1005,918,1453,1338,1367,1445,1211,1032,1082,1244
"ENSG00000100813",1174,1123,985.00001,651,759,640,595,931,923,924,868
"ENSG00000100814",387,653.00001,448.00001,2090,2044,1846,2139,1466,1317,921,1112
"ENSG00000100815",635,752,674,435,345,454,444,653,515,657,671
"ENSG00000100823",897.99999,1257,1061.99999,4443,4420,4045,4634,5853,5407,4933,5213
"ENSG00000100836",1911.00001,2591,2263,1312,1391,1057,1102,968,741,842,853
"ENSG00000100842",315,302,238,165,133,118,106,210,176,121,156
"ENSG00000100852",995,1451.00001,1159,2516,1647,2013,2032,2049,1949,2274,2148
"ENSG00000100865",183,226,200,519,620,521,715,729,627,564,626
"ENSG00000100883",645.00001,818,685.00001,1229,882,1096,1173,1527,1477,1475,1421
"ENSG00000100888",492.00001,428,444.99999,674,710,675,686,773,1074,1314,1188
"ENSG00000100889",102,203,185,619,648,593,704,766,766,1151,835
"ENSG00000100890",37,50.99999,85,441,334,359,426,606,610,606,601
"ENSG00000100897",215.00001,303,218,2278,2146,2228,2642,1916,2671,3011,2683
"ENSG00000100902",790.00001,1050.00001,932,4082,3654,3541,4340,5693,5636,3682,4697
"ENSG00000100906",254.99999,290,306.99999,659,667,742,714,433,398,666,803
"ENSG00000100908",125,142.99999,130,764,832,712,886,1143,1111,907,843
"ENSG00000100911",228.99999,344.99999,240.99999,980,1009,825,1010,1714,1307,1173,1276
"ENSG00000100916",180,217,234,355,209,256,301,452,505,478,447
"ENSG00000100918",258,156,161.99999,18,20,8,8,14,9,8,22
"ENSG00000100926",221,239,209.00001,945,1152,924,1326,1990,2256,2609,2360
"ENSG00000100934",837,1118,1048,2254,1598,2016,2460,2253,2975,3028,2984
"ENSG00000100938",228,298,115,1484,1580,1461,1572,1594,1579,1656,1584
"ENSG00000100941",1494,1776,1613.00001,2264,1943,1939,2031,1806,1895,1785,2021
"ENSG00000100949",119.99999,135.00001,115.99999,486,553,516,588,673,637,659,639
"ENSG00000100968",435,549.99998,388.99999,638,776,656,819,724,952,944,946
"ENSG00000100979",494.99999,597,622.99999,6644,7458,6904,8817,6173,6029,9133,6924
"ENSG00000100982",212,302,308.00001,2100,2513,2167,2947,2454,2987,3257,2952
"ENSG00000100983",351.99999,335,219,1354,1346,1165,1473,1809,2141,1894,2065
"ENSG00000100985",11,12,7,22,14,14,9,37,46,80,63
"ENSG00000100987",131,233.99999,177,46,61,25,24,311,197,225,630
"ENSG00000100991",790,796,743,2031,1923,1971,2123,2938,2987,4318,3769
"ENSG00000100994",411,628,498,3949,3934,4039,4897,5445,7900,11236,8466
"ENSG00000100997",485,405.99999,338,317,408,358,269,328,217,268,355
"ENSG00000101000",16,30,14,22,50,24,63,65,96,189,72
"ENSG00000101003",267,412,215,580,352,433,439,571,731,496,642
"ENSG00000101004",762.00001,781.00002,686.00002,748,668,745,823,832,768,1218,1017
"ENSG00000101019",644.99998,679,567.99999,830,669,667,710,1061,922,1198,989
"ENSG00000101040",3217.00001,2569.99999,2637.00001,1071,912,1032,1093,1569,1593,2051,1765
"ENSG00000101049",35,53.99999,26,9,17,19,9,19,12,6,7
"ENSG00000101052",337,433,522,1855,1661,1477,1807,1937,1745,1446,1732
"ENSG00000101057",98,139,124,190,197,195,131,202,184,131,159
"ENSG00000101079",728.99999,722,707,2905,2676,2931,2886,3927,3389,3810,3903
"ENSG00000101084",479,485,472,1200,1354,1087,997,668,367,788,1244
"ENSG00000101098",8,15,9,196,221,167,216,72,74,129,95
"ENSG00000101104",214.99998,213,179,220,193,180,156,278,203,168,176
"ENSG00000101109",452,427,324,535,473,500,552,646,835,1030,824
"ENSG00000101115",12,9,14,17,42,41,48,14,7,13,18
"ENSG00000101126",1059,1188,1132.99999,1029,982,999,877,1257,991,1084,1094
"ENSG00000101132",350,607,417,578,479,445,492,608,558,300,456
"ENSG00000101134",126,211,262,1045,923,976,1229,1278,1024,1352,1172
"ENSG00000101138",178,255,225,697,633,711,775,897,932,1078,908
"ENSG00000101144",208.00001,216,288,425,758,545,825,631,551,752,678
"ENSG00000101146",346,394,297.99999,1823,1805,1637,2075,2389,2289,2068,2189
"ENSG00000101150",289,343,346,2096,2155,2049,2364,2825,2967,2915,2761
"ENSG00000101152",376,326,328.99999,512,758,640,670,642,521,769,743
"ENSG00000101158",523,545,473.99999,3328,3005,2790,3255,3180,3660,3516,3319
"ENSG00000101160",51,39,59.00001,386,324,251,308,132,148,173,204
"ENSG00000101161",414,545,514,2151,2396,2325,2346,2995,3189,3505,3281
"ENSG00000101166",387,288,437,1020,646,785,756,799,828,641,817
"ENSG00000101181",147.99999,131,142,337,281,322,325,572,626,694,692
"ENSG00000101182",1965,2728.99999,2202.00001,7019,7548,6353,7622,7810,6160,5423,6689
"ENSG00000101187",64.99999,69.00001,55,146,128,126,146,190,226,170,223
"ENSG00000101189",206,302,272,380,451,465,438,341,240,447,524
"ENSG00000101190",141,200,262,56,34,51,27,107,51,44,46
"ENSG00000101191",499.99999,505,466,857,840,915,938,1039,1226,1618,1284
"ENSG00000101193",346,437,444,523,580,585,632,740,794,958,855
"ENSG00000101197",90,89,88,77,73,117,132,109,46,45,81
"ENSG00000101198",486,862,677,2704,2800,2414,2611,2625,2056,1696,1882
"ENSG00000101199",189.00001,205,149.99999,657,761,756,758,928,898,983,895
"ENSG00000101204",58,44,52,180,212,174,169,82,59,109,87
"ENSG00000101210",517,830,598.00001,398,410,405,420,238,145,235,205
"ENSG00000101216",118,126,122,88,126,81,119,151,117,172,132
"ENSG00000101220",228,219,176,532,532,536,567,545,496,621,553
"ENSG00000101222",9,16,11,6,27,19,9,17,11,23,22
"ENSG00000101224",234,309,227,1352,1567,1265,1714,1218,1229,1734,1419
"ENSG00000101236",278,829,513,408,453,539,445,345,266,584,582
"ENSG00000101246",135,165.00001,134.99999,588,634,567,672,980,955,1139,1085
"ENSG00000101247",234.00001,209,221.00001,335,278,289,275,472,377,301,294
"ENSG00000101255",132,113,78,316,464,303,434,493,278,610,478
"ENSG00000101265",127,128,126,247,238,275,361,361,465,584,441
"ENSG00000101266",1000.99999,1091.00001,838.00001,4767,3378,4024,4671,3177,3334,3831,3336
"ENSG00000101290",624,680,648,1261,1310,1370,1245,1047,857,1254,1405
"ENSG00000101294",863.99999,1416,869,3326,3272,3073,3452,5090,4637,4488,4793
"ENSG00000101298",52,34,62.99999,207,198,218,221,157,177,307,242
"ENSG00000101310",427,721,541,1184,1259,1101,1377,1664,2001,2402,2130
"ENSG00000101331",21,117,30,24,21,20,18,20,7,5,16
"ENSG00000101333",2716.99999,2836,3020.00001,505,367,469,328,451,343,395,496
"ENSG00000101335",201,162,126,58,124,72,132,183,138,96,142
"ENSG00000101337",446,806,408.00001,2181,2381,2306,2843,2583,3193,4208,3557
"ENSG00000101343",339.00001,301,314,652,497,504,557,755,842,761,849
"ENSG00000101346",273.99999,325,215,656,806,699,698,1462,1959,2627,2168
"ENSG00000101347",140,132.99999,102,328,283,233,333,330,459,526,485
"ENSG00000101349",151,149,79,392,384,415,397,498,389,461,448
"ENSG00000101350",189,330,166,568,597,617,569,863,761,979,1087
"ENSG00000101353",99,146.99999,98,221,221,189,226,196,190,195,185
"ENSG00000101361",697.00001,761.99998,643.99999,2054,2375,1975,2201,3737,2809,3074,2925
"ENSG00000101363",268.99999,307,270,1387,1513,1293,1797,1829,1611,1683,1671
"ENSG00000101365",403.99999,519.00001,459.99999,2585,2787,2372,2791,2683,2636,2728,2482
"ENSG00000101367",481,722,463,2035,1623,1850,2024,2005,2007,2263,2206
"ENSG00000101384",187,42,70,168,278,171,236,127,127,225,176
"ENSG00000101391",261,459,587.00001,531,571,617,582,673,822,858,843
"ENSG00000101400",127,141,164,73,88,89,83,91,105,100,98
"ENSG00000101407",275,281,231,452,398,483,442,687,812,975,898
"ENSG00000101412",131,278,222,139,158,83,112,250,186,169,137
"ENSG00000101413",507,419,419,427,309,430,366,605,613,487,626
"ENSG00000101417",72,67,36,158,238,183,167,233,257,260,247
"ENSG00000101421",647,1007,690,191,189,188,174,180,186,165,164
"ENSG00000101438",24,9,19,53,73,42,93,46,55,97,81
"ENSG00000101439",1009,1254,1668,8396,8768,8875,8761,6327,3284,8602,8599
"ENSG00000101442",63,60,54,145,151,149,105,138,70,111,169
"ENSG00000101443",52.99999,78,73.99999,122,100,96,88,133,74,110,70
"ENSG00000101444",419,575,410,5062,5827,4648,5966,4620,4632,4042,4059
"ENSG00000101445",15,16,28,112,111,143,124,74,143,277,210
"ENSG00000101447",49,69,60,686,552,499,594,220,321,353,413
"ENSG00000101452",266.99999,385,246,172,191,191,224,412,444,517,364
"ENSG00000101457",264,327,265,1116,1195,991,1159,1684,1417,1398,1408
"ENSG00000101460",267,146,331,425,617,385,563,178,142,279,208
"ENSG00000101463",89,63,80,80,96,100,103,332,369,425,557
"ENSG00000101464",349,482,404,815,771,790,890,1064,1217,1079,1092
"ENSG00000101470",23,16,12,137,210,205,249,111,90,120,143
"ENSG00000101473",196.00001,203.99999,205.99999,743,777,673,782,1214,983,979,981
"ENSG00000101474",615,618,651,3062,3257,2988,3542,3962,4515,4949,4509
"ENSG00000101489",471.99999,683.00001,401.99999,721,1070,935,842,867,633,1172,891
"ENSG00000101493",504,648,628.00001,366,379,411,405,379,370,430,384
"ENSG00000101542",828,1001,839,262,269,226,273,409,573,380,514
"ENSG00000101544",143,149,145,278,309,266,244,304,177,259,208
"ENSG00000101546",191,220,202,298,248,237,235,289,235,252,338
"ENSG00000101557",544,596,573.00001,921,675,901,833,855,743,1065,1045
"ENSG00000101558",886,1341.00001,1134,5485,4254,4662,5564,4009,4089,4529,4795
"ENSG00000101574",130.00001,136.99999,159.00001,159,147,161,203,333,282,238,245
"ENSG00000101577",512,403.00001,473,452,478,491,625,703,959,1185,1041
"ENSG00000101596",1371,1297.00001,1312.00001,751,502,832,566,657,582,680,947
"ENSG00000101605",30,32,29,39,61,92,102,35,46,80,37
"ENSG00000101608",600.99999,584.00001,467,1323,1277,1150,1446,2021,1627,1570,1737
"ENSG00000101624",212,293,211,170,154,154,174,272,262,218,268
"ENSG00000101638",16,11,28,83,115,100,71,120,113,282,232
"ENSG00000101639",761,899,725.99999,297,255,293,217,479,655,638,680
"ENSG00000101654",736.00001,822.99999,829,782,710,841,937,799,806,827,807
"ENSG00000101665",129,159,149,64,70,83,83,123,122,90,98
"ENSG00000101670",67,50,71,295,292,295,366,181,169,427,251
"ENSG00000101680",105.00001,112,125,423,317,381,500,245,264,606,448
"ENSG00000101695",19,11,9,21,15,18,17,10,25,20,30
"ENSG00000101745",2423,2955.00001,2394.00001,1033,862,990,1175,1316,1046,1346,1280
"ENSG00000101746",616,1056,856,891,673,734,800,838,837,1170,1090
"ENSG00000101751",445,366.00001,344,609,380,459,445,746,789,817,805
"ENSG00000101752",920,1001,1037,1294,956,1056,944,1054,852,840,830
"ENSG00000101773",318,468,288.00001,382,363,347,336,674,605,486,569
"ENSG00000101782",564.99999,639,572,2729,1707,1925,2408,1375,1587,1590,1510
"ENSG00000101811",142,141.00001,252,187,213,204,258,457,520,515,448
"ENSG00000101825",59,26,40,54,111,89,173,226,315,700,557
"ENSG00000101843",624,790,799.99999,5083,4245,4516,5363,4649,4905,4164,4419
"ENSG00000101844",151,137,127.00001,354,374,365,352,587,502,537,577
"ENSG00000101846",42,65,114,59,47,54,86,104,101,100,95
"ENSG00000101849",2654,1942,2131.99999,878,779,798,1006,1243,879,1262,1139
"ENSG00000101850",96,84,172,87,103,116,134,144,130,181,137
"ENSG00000101856",1771,1573,1392,4164,2930,3234,3571,3078,2601,2957,3264
"ENSG00000101868",855,997,1089.00001,876,617,591,666,912,1420,1120,1211
"ENSG00000101871",3073.00001,2551,3758.99999,3120,2453,2545,3045,4128,4479,4001,4815
"ENSG00000101882",359,401,334,395,323,407,462,431,364,384,442
"ENSG00000101883",49,60,41,73,45,43,41,55,64,36,52
"ENSG00000101888",80,66,98,491,297,382,322,502,539,382,483
"ENSG00000101901",1455.00001,1670.00001,896.00001,615,471,443,479,777,634,484,605
"ENSG00000101911",59,119,102,348,277,266,313,348,364,302,363
"ENSG00000101928",96,192,254,885,570,781,988,1004,1100,1073,919
"ENSG00000101935",377,242,356,283,270,272,281,350,357,345,353
"ENSG00000101938",172,176,109,1858,1371,1323,2707,825,1734,2076,1911
"ENSG00000101940",312.00001,404,296,2121,2528,2043,2349,2505,2324,2712,2487
"ENSG00000101945",45,46,45,234,220,222,269,290,269,262,304
"ENSG00000101955",41,43,18,228,348,312,371,311,288,730,439
"ENSG00000101958",200,211,94,547,453,398,501,209,271,361,404
"ENSG00000101966",555,587,1310,1062,703,801,1144,891,962,1008,1101
"ENSG00000101972",1664.99999,2039.00001,3717.99999,5477,3774,4701,5104,4168,5363,5513,5060
"ENSG00000101974",180,227,450,492,251,363,373,303,302,404,447
"ENSG00000101977",64,70,53,96,88,88,124,85,77,100,91
"ENSG00000101986",29,28,29,57,60,73,91,85,108,111,137
"ENSG00000101997",76,104,54,511,559,536,618,530,648,576,647
"ENSG00000102001",106,73,72,77,95,80,70,151,227,261,229
"ENSG00000102003",648,557.99999,584,975,1153,1031,1016,1431,1634,1882,1772
"ENSG00000102007",116,101,61,102,101,100,157,193,151,152,171
"ENSG00000102024",354,451.99999,353,4464,3802,3893,5215,3800,4442,4905,4793
"ENSG00000102030",334,420,321,1812,1989,1584,1698,1753,1281,1262,1460
"ENSG00000102032",66,109,53,38,44,40,82,74,59,86,45
"ENSG00000102034",31,32,40,173,203,153,195,109,115,185,190
"ENSG00000102038",750,1080,1790,2972,2215,2528,3077,3623,4579,5026,4598
"ENSG00000102043",47,81,39,96,93,75,66,130,97,111,93
"ENSG00000102053",259,228,316.00001,177,97,162,153,165,155,239,184
"ENSG00000102054",1006.00001,1212.00001,967,7731,6290,6680,7900,8675,9474,8364,8922
"ENSG00000102057",38,73,18,100,95,117,141,179,214,177,194
"ENSG00000102078",125,141,151.00001,787,778,697,786,1247,1087,926,1139
"ENSG00000102081",448.00002,1529.99998,1138.99997,497,306,401,334,452,432,414,481
"ENSG00000102096",84,145,58,1421,1383,1238,1819,1153,1483,1409,1269
"ENSG00000102098",121,202,183,446,290,355,415,253,286,316,307
"ENSG00000102100",101,120.99999,54,613,636,632,717,565,645,796,658
"ENSG00000102103",271.99998,622,309.99999,3752,4436,3412,4112,4208,3133,2953,3042
"ENSG00000102104",252,170,152,68,73,76,41,265,157,243,265
"ENSG00000102109",709,914,695,609,1328,1040,489,192,144,253,734
"ENSG00000102119",323.00001,387.00001,320.00001,803,749,615,786,491,545,611,619
"ENSG00000102125",149.00002,170,138.00001,638,687,630,559,563,431,495,683
"ENSG00000102144",6064,9942.00001,7565.00001,12472,11082,11620,14569,11963,13672,13961,11969
"ENSG00000102158",297,270.00001,340.00001,1316,1091,932,1374,1556,2120,1502,1952
"ENSG00000102172",452,874,500,8235,7599,7279,8725,5219,4981,5281,4640
"ENSG00000102174",66.00001,9,16,44,38,31,22,32,45,80,56
"ENSG00000102178",133,145,121,351,383,362,353,531,410,506,584
"ENSG00000102181",448.00001,578,618.00001,3413,3792,3220,4293,2640,3531,4637,3740
"ENSG00000102189",524,558,520.99999,676,638,639,709,747,651,893,735
"ENSG00000102218",126,225,128,359,188,255,378,386,566,544,539
"ENSG00000102221",81,261,85,846,636,737,985,803,961,862,919
"ENSG00000102225",943,992.00001,810.00001,3509,5480,4552,3252,1661,1317,1804,3178
"ENSG00000102226",1338.00001,1695,1380,26624,29533,25468,33371,20885,25197,30584,26146
"ENSG00000102230",232,242,395.99999,400,463,457,430,600,800,784,716
"ENSG00000102241",587.99999,789,670,1639,1478,1522,1534,1204,1252,1493,1592
"ENSG00000102265",569,967.99999,465,2106,2281,1811,2413,2820,2438,2975,2364
"ENSG00000102271",95,124,77,281,261,337,323,533,561,693,690
"ENSG00000102287",41.99999,49.99999,54.99999,133,120,128,92,179,139,150,187
"ENSG00000102290",1717,1775,765,1397,1091,1174,1343,1408,1084,1958,1232
"ENSG00000102302",107,102,74,231,290,195,242,186,195,199,246
"ENSG00000102309",364,387,358.99999,664,641,607,630,931,716,636,701
"ENSG00000102312",134,123.99998,113.99999,633,620,535,637,578,522,574,571
"ENSG00000102316",1424.99999,1780,1701,14652,17552,13988,18289,23935,24207,23542,23974
"ENSG00000102317",444,450,390.99999,1254,920,1019,1149,1641,1729,1484,1535
"ENSG00000102349",60,64,53,110,116,117,129,123,146,182,217
"ENSG00000102359",9,20,10,13,17,6,22,41,82,71,59
"ENSG00000102362",64,105.00001,161.99999,145,84,82,115,500,606,723,575
"ENSG00000102383",186,190,165,317,276,335,380,398,432,470,484
"ENSG00000102384",156,287,200,96,79,74,68,69,144,136,90
"ENSG00000102385",60,27.99999,28,113,108,116,105,101,89,170,104
"ENSG00000102390",231,300,269,485,464,471,584,655,584,622,626
"ENSG00000102393",114,133,148,411,368,405,498,434,433,500,385
"ENSG00000102401",494.99999,602.99999,503,2984,2095,2207,2784,2119,2811,3172,2673
"ENSG00000102409",909,1076,968,4054,3252,3545,3667,4153,3994,4025,3867
"ENSG00000102445",63,189,45,29,21,37,37,41,14,40,50
"ENSG00000102452",226.99999,359,143,87,93,79,84,51,61,98,75
"ENSG00000102466",104,53.00001,84,237,235,223,241,109,107,230,155
"ENSG00000102471",380,224,175,555,366,365,480,568,552,555,441
"ENSG00000102531",1194,1239.99999,1224.00001,1555,1143,1289,1644,1431,1632,2172,1746
"ENSG00000102543",177.00001,181,147,184,133,161,142,218,211,258,210
"ENSG00000102547",176,385,148.00001,446,451,382,566,497,560,757,601
"ENSG00000102554",52,39,18,51,53,53,79,75,36,31,34
"ENSG00000102572",282.99999,312,320,777,668,658,676,836,716,835,630
"ENSG00000102575",71.00001,67,113,152,132,163,217,218,208,286,220
"ENSG00000102580",245,351,390,686,552,586,808,855,1084,1331,1140
"ENSG00000102595",566,710.99999,898.99999,733,467,514,643,731,771,706,677
"ENSG00000102606",1085.99999,1180,1077.00001,959,870,851,818,970,754,1101,991
"ENSG00000102678",179,236,224,607,521,514,443,294,297,308,352
"ENSG00000102683",21,30,15,65,54,51,51,37,33,51,42
"ENSG00000102699",368,395,291,460,383,465,459,950,1253,1660,1290
"ENSG00000102710",741.99999,791.99998,569.00001,1641,1222,1296,1543,1744,1839,1867,1721
"ENSG00000102738",354,418,376,281,248,289,262,441,320,359,374
"ENSG00000102743",137,175,233,254,208,218,193,197,154,198,233
"ENSG00000102753",460,418,438,1618,1120,1396,1526,1615,1882,1934,1792
"ENSG00000102755",303,290,480,33,41,53,29,210,169,261,357
"ENSG00000102763",494,338,297,249,227,202,303,268,281,449,425
"ENSG00000102780",447,553,612.00001,172,92,121,137,219,126,229,194
"ENSG00000102781",595,416.99999,293.00001,615,499,582,671,404,476,607,522
"ENSG00000102786",571.99998,636.99999,698,382,195,243,255,433,345,423,434
"ENSG00000102796",96,166.00001,65,82,112,84,100,149,150,175,154
"ENSG00000102804",1430.99999,1184,1064,5303,4610,4592,5889,10869,12024,10104,12670
"ENSG00000102805",206.00001,231.00002,223.99999,397,437,354,442,714,711,647,801
"ENSG00000102858",619,572.99999,494.00001,401,373,501,437,395,396,566,462
"ENSG00000102870",224,201,201,520,588,559,615,856,981,1262,1127
"ENSG00000102871",48,59,29,16,26,14,11,27,10,28,60
"ENSG00000102878",161,165.00001,114,63,66,58,54,123,44,26,41
"ENSG00000102879",32.00001,50,45,208,374,245,315,244,215,238,206
"ENSG00000102882",280,300,313,532,638,526,577,524,548,667,566
"ENSG00000102893",708.99998,1038,710.00002,1613,1296,1339,1480,1898,2293,2273,2304
"ENSG00000102897",404,423.99999,319.00001,1221,1049,1032,1153,2122,1779,1123,1425
"ENSG00000102898",611.00001,828,675.99999,3854,4113,3735,4278,5442,5011,4171,4455
"ENSG00000102900",613,713,484,4282,4348,3832,4377,3839,3889,4293,3889
"ENSG00000102901",176,259.99999,227.99999,1132,1422,1171,1095,1769,1463,1280,1210
"ENSG00000102904",44,77,35,92,103,105,90,173,175,173,186
"ENSG00000102908",863,1246.00001,821.99999,1108,798,913,1032,577,518,747,877
"ENSG00000102910",879,861.99999,825.00001,1853,1589,1779,2388,1847,2617,3320,2768
"ENSG00000102921",251,224,272,129,110,116,152,171,136,154,167
"ENSG00000102924",34,46,41,125,150,108,95,50,51,101,68
"ENSG00000102931",437,484,452,2590,1980,2291,2178,2368,1967,2317,2792
"ENSG00000102934",49,45,66,41,51,41,61,38,34,57,59
"ENSG00000102935",377.00001,419,452,1362,1619,1281,1587,667,691,1205,1552
"ENSG00000102967",121,145,103,156,177,123,176,302,266,290,251
"ENSG00000102974",451.99999,541.00001,570,599,628,543,551,637,550,615,780
"ENSG00000102977",190.99999,238.99999,214.99999,765,830,919,866,1046,960,947,811
"ENSG00000102978",503,667,693,1318,1364,1170,1379,1715,1549,1291,1371
"ENSG00000102981",64,62,74,87,118,78,102,97,58,87,89
"ENSG00000102984",246,286,247.99999,699,871,689,759,338,251,600,652
"ENSG00000102996",34,58,26,218,315,243,239,134,75,100,138
"ENSG00000103005",188,215,180,1265,1353,1242,1506,1328,1259,1516,1518
"ENSG00000103018",286,496.99999,378,1810,1633,1510,1895,1986,1796,2085,1914
"ENSG00000103021",90,86,79,386,354,353,357,435,406,541,500
"ENSG00000103024",246.99999,305.99999,332.99999,89,117,72,85,130,93,110,109
"ENSG00000103034",746,698,784,5326,5332,5538,5986,3616,3486,5646,4143
"ENSG00000103035",666,845,734,1439,1520,1369,1510,1902,1941,1996,1736
"ENSG00000103037",129.00001,151.00001,145,295,278,270,268,451,389,421,476
"ENSG00000103042",105.00001,91,106.99999,280,303,271,259,441,561,796,607
"ENSG00000103043",237.99999,208.99999,167,923,1045,840,930,727,684,1221,1243
"ENSG00000103047",67,72,74,167,175,175,119,243,364,419,362
"ENSG00000103051",337.99999,300.99999,307.00001,2689,2588,2227,2983,2985,3312,3424,2949
"ENSG00000103056",95,43,66,508,590,646,543,345,333,675,713
"ENSG00000103061",74,114,113.99999,991,955,967,1097,863,864,993,904
"ENSG00000103064",438.00001,367,610,565,569,453,581,695,764,509,822
"ENSG00000103066",73.99999,77.99999,64,345,630,503,729,544,747,1041,886
"ENSG00000103091",499,673.99999,624,507,503,537,568,680,721,826,707
"ENSG00000103111",185,199.99999,180,887,1039,1083,1170,1384,1978,2121,1853
"ENSG00000103121",397,437.00002,410.99999,1700,1584,1365,1565,1661,1522,877,1234
"ENSG00000103126",218,245,177,99,92,75,100,72,105,105,70
"ENSG00000103145",345,457,288.99999,488,511,450,507,443,310,342,280
"ENSG00000103148",1065,615,1190,682,829,679,888,670,627,764,637
"ENSG00000103150",200,111,147,62,44,55,48,52,30,44,46
"ENSG00000103152",156,231,216,849,1106,816,1074,1221,905,881,940
"ENSG00000103154",354,295.99999,326,550,647,486,472,527,425,348,494
"ENSG00000103160",365,456,411,2146,1765,1827,2107,1973,2435,2498,2585
"ENSG00000103168",161,160.99999,157,494,624,528,530,744,663,710,787
"ENSG00000103174",23,31,34,19,26,46,24,31,16,24,97
"ENSG00000103175",115.99999,135.00001,162,14,41,38,37,151,124,62,134
"ENSG00000103184",35,20,13,10,21,23,9,43,28,39,35
"ENSG00000103187",1409,750,689,1000,1218,985,1014,863,579,600,641
"ENSG00000103194",904,806.99999,795.99999,3435,3142,3139,3645,3809,4140,4896,4307
"ENSG00000103196",12,18,21,22,31,49,51,32,53,82,59
"ENSG00000103197",744,700,487.00001,2645,3088,2762,3064,2762,3089,4076,3848
"ENSG00000103199",192,134,148,325,376,282,426,473,628,641,566
"ENSG00000103202",511,693.00001,496,2076,2473,2003,1693,976,852,1068,1890
"ENSG00000103222",567,671.00001,450,135,201,181,182,232,174,297,220
"ENSG00000103226",83,62,204,991,1046,1098,1216,587,673,1473,1337
"ENSG00000103227",161,180.99999,161.99999,289,387,416,376,550,465,684,502
"ENSG00000103245",193,240.99999,168.99999,620,814,795,694,1184,1011,1204,896
"ENSG00000103248",115.00001,106.00001,132.99998,210,184,174,182,330,263,292,321
"ENSG00000103249",192.99999,193.00001,134,507,736,672,535,570,536,1165,1296
"ENSG00000103253",82,103,78.99999,217,231,185,273,192,148,185,140
"ENSG00000103254",132,116,132.00001,90,170,116,100,88,70,71,93
"ENSG00000103257",137,170,178,323,509,410,410,263,292,579,424
"ENSG00000103260",834,1179.99999,1151.00001,313,417,289,397,283,229,293,326
"ENSG00000103264",359,183,329,233,333,239,241,299,353,380,384
"ENSG00000103266",284.00001,301.00001,263.00001,367,562,491,345,306,225,375,546
"ENSG00000103269",16,38.00001,36.99999,24,43,40,33,38,32,43,25
"ENSG00000103274",164,147.99999,229,297,281,289,345,350,375,356,320
"ENSG00000103275",1093,1239,926.99999,2455,2169,2092,2460,2544,2538,2530,2426
"ENSG00000103316",282,252,351,1089,902,989,1351,1820,1636,2118,1879
"ENSG00000103319",376,333,422,393,391,430,416,538,530,900,705
"ENSG00000103326",144,169,101,54,58,53,43,66,54,67,76
"ENSG00000103335",76,85,70,131,197,126,165,223,269,284,338
"ENSG00000103342",825.99999,708,1011,749,721,740,668,787,631,710,726
"ENSG00000103343",91.99999,89.00001,99.99999,307,307,321,405,316,300,449,491
"ENSG00000103351",407,487.00001,400.00001,584,532,582,674,874,799,850,879
"ENSG00000103353",256.00001,254.99999,240.99999,689,774,697,621,553,482,618,769
"ENSG00000103355",78.99999,84,105,691,735,872,840,231,141,553,689
"ENSG00000103356",98,116,90,537,537,479,726,600,757,1003,830
"ENSG00000103363",2421,3093.00001,3029.00001,5873,7119,5627,6679,7801,5527,4089,5145
"ENSG00000103365",687.99999,637,652.99999,1969,2067,2025,2278,2182,2254,3225,3426
"ENSG00000103381",84,91,83,387,330,355,438,512,535,548,508
"ENSG00000103404",143,120,113,135,145,140,134,205,155,216,209
"ENSG00000103415",192,488,277,695,917,651,908,1418,1098,1306,1212
"ENSG00000103423",341.99998,312,349,1256,1225,1239,1508,1443,1549,1914,1653
"ENSG00000103426",10,12,9,21,86,0,65,103,75,63,151
"ENSG00000103429",305,501,291.00001,795,837,877,956,1170,1150,1093,1155
"ENSG00000103449",242,203,243,278,396,319,328,217,184,353,239
"ENSG00000103460",793,1127,1185,718,604,682,786,778,759,892,772
"ENSG00000103479",443,549,596.00001,1084,857,926,1060,1311,1530,2009,2020
"ENSG00000103485",570.99999,806,704,3512,3741,3466,4813,3289,3110,3344,3235
"ENSG00000103489",130,113,89,90,77,90,118,50,45,93,68
"ENSG00000103494",521,424,459,242,202,213,226,440,382,433,398
"ENSG00000103495",956,1150.99999,1170,972,945,879,1045,922,714,758,725
"ENSG00000103496",153,201.99999,188,281,277,249,334,387,399,388,356
"ENSG00000103502",376,394,432,1520,1688,1398,1437,888,697,1139,1501
"ENSG00000103507",191.99999,228.99999,195.99999,1181,1242,1095,1362,1840,1945,2478,1796
"ENSG00000103510",325,397,318,1591,1659,1469,1821,1117,914,1106,1293
"ENSG00000103512",129,67,79,1664,1904,1578,1827,1078,1075,2009,1959
"ENSG00000103528",82,94.99999,85,326,340,311,444,290,299,308,387
"ENSG00000103540",288.00001,391.00001,350,1327,933,1103,1189,684,878,1140,1127
"ENSG00000103544",773.00001,640,572.99999,1636,1705,1528,1829,1631,1940,2023,2049
"ENSG00000103549",363,327,361.99999,1586,1799,1574,2077,1997,2481,2906,2767
"ENSG00000103550",442,767.99999,717.99999,384,441,422,360,545,474,535,554
"ENSG00000103591",473.00001,339,375,1202,1004,1080,1237,1213,1792,1492,1700
"ENSG00000103599",178.00001,92.00001,120,165,100,107,155,168,205,177,200
"ENSG00000103642",139,142,145.00001,167,113,156,93,78,55,43,89
"ENSG00000103647",321,484,292,480,447,461,328,572,325,473,417
"ENSG00000103653",202,199,144,111,159,170,165,171,129,145,123
"ENSG00000103657",858,990,941,1407,1369,1492,1560,1295,1326,2109,1881
"ENSG00000103671",276,257,206,581,529,530,693,815,781,786,713
"ENSG00000103707",314,262,276,160,176,174,173,231,238,274,244
"ENSG00000103723",117.99999,237.00001,369.99999,752,783,742,818,674,661,1090,971
"ENSG00000103742",424,352,255,201,189,213,170,281,269,260,295
"ENSG00000103769",969.99999,1220,1070,7662,5666,6118,7142,5815,6226,5336,5816
"ENSG00000103811",176,354.99999,316.00001,744,974,756,1265,977,1008,872,936
"ENSG00000103852",266,260,197.99999,448,351,415,650,442,542,623,551
"ENSG00000103855",457.99999,457.99999,314,2492,2994,2526,3238,1952,2524,3193,3323
"ENSG00000103876",72.00001,66,72,228,265,217,245,282,299,312,325
"ENSG00000103888",344,392,218,22,25,14,28,29,42,114,83
"ENSG00000103932",227.00001,213,150,795,879,959,1017,1088,1362,1527,1423
"ENSG00000103942",961.99999,853.99999,874,1249,871,991,1025,1127,1062,1099,1238
"ENSG00000103966",62,52,41,235,249,231,229,236,285,434,382
"ENSG00000103978",699,825,924.99999,641,639,639,638,1144,1025,1297,1183
"ENSG00000103994",497.00001,594.99999,710,1743,1729,1761,1987,2540,2858,3579,3343
"ENSG00000103995",106,217.99999,161,227,150,183,169,153,138,226,220
"ENSG00000104044",44,30,57,146,109,173,182,146,211,143,213
"ENSG00000104047",352.99999,481.00001,429.00001,392,232,298,355,512,449,477,495
"ENSG00000104059",15,19,18,42,35,33,18,17,13,19,22
"ENSG00000104064",180.99999,251.00001,261,818,616,674,792,657,709,643,658
"ENSG00000104067",996.99999,1161,1116,1126,916,992,902,1263,1244,1513,1709
"ENSG00000104081",104.99999,93,122,101,165,160,230,169,143,220,191
"ENSG00000104093",759,983,939.99999,1067,791,1038,983,1093,1183,1732,1587
"ENSG00000104112",757,666,725,2063,1723,1970,1596,2251,1626,1417,1587
"ENSG00000104129",162,148.99999,140.99999,234,203,272,256,438,398,411,373
"ENSG00000104131",519,564.99999,660,510,356,376,340,489,386,370,406
"ENSG00000104133",1351,1963.00001,1005.99999,1084,745,818,866,1294,1577,1505,1466
"ENSG00000104142",81,88,72,419,544,508,811,518,985,1537,1073
"ENSG00000104147",39,83,68,111,149,142,123,294,210,194,234
"ENSG00000104154",68,84,76,238,247,243,246,237,264,356,325
"ENSG00000104164",467.99997,842.99999,635.00001,2428,1550,1899,1910,2213,2042,2058,2103
"ENSG00000104177",1043.99999,1158,1178,1656,1081,1289,972,876,621,925,1188
"ENSG00000104205",214,270.99999,750,66,44,84,54,180,188,101,78
"ENSG00000104213",10,10,10,18,36,26,44,51,59,77,38
"ENSG00000104218",3027,2015.99998,1984.99998,367,258,289,319,456,416,420,419
"ENSG00000104219",400,446,447,288,180,237,208,294,240,244,239
"ENSG00000104221",61,102,74,238,351,247,296,385,366,390,365
"ENSG00000104228",89,121,124,244,236,292,245,172,221,304,257
"ENSG00000104231",275.99997,502.00001,276.00001,837,575,619,669,562,554,424,486
"ENSG00000104237",166,132,129,45,26,25,31,287,296,344,337
"ENSG00000104267",900,1431,881,1632,1175,1199,1295,2139,1338,3069,2563
"ENSG00000104290",1142,1244,1292,4283,3107,3604,3630,3284,2979,4146,4038
"ENSG00000104299",226.00001,304.99999,302,262,217,226,236,525,656,628,620
"ENSG00000104312",59,106,316,250,210,310,328,241,290,352,311
"ENSG00000104313",214,177.00002,178.99999,142,170,233,200,191,178,324,252
"ENSG00000104320",583,388,624.00001,906,718,865,813,991,909,950,845
"ENSG00000104324",30,17,57,74,42,58,86,83,104,102,149
"ENSG00000104325",450,548.99999,399,1206,966,951,1106,1754,1547,1296,1436
"ENSG00000104327",101,57,52,224,162,137,183,730,809,1244,906
"ENSG00000104331",300,337,316,715,548,572,596,636,510,563,548
"ENSG00000104332",582,475,655,1378,1194,1221,1311,1473,1325,1066,1477
"ENSG00000104341",1565,1669,1630,4372,5257,4746,3941,2221,1695,3007,4591
"ENSG00000104343",814,1171.99999,1507,933,523,675,714,840,1069,811,954
"ENSG00000104356",162,145,165,173,162,186,141,282,302,231,325
"ENSG00000104361",108,154,104,49,31,48,35,106,108,118,124
"ENSG00000104365",224.99999,183,149,149,164,160,119,297,200,302,219
"ENSG00000104368",59.99999,84,49,534,760,601,850,785,886,2247,1115
"ENSG00000104369",48,22,25,25,19,18,14,32,29,45,52
"ENSG00000104375",257,415.99999,339.99999,454,338,340,432,511,568,449,524
"ENSG00000104381",383,386.00002,403.00001,2033,1451,1716,1815,2042,2144,2471,2257
"ENSG00000104388",1004,1301,1080,3101,2441,2705,2755,3476,3017,3380,3682
"ENSG00000104408",2328.00001,3743.99998,3169.99999,7238,5437,5671,6045,5724,5100,3433,4561
"ENSG00000104412",410,476,564,426,385,376,514,597,617,672,651
"ENSG00000104419",587,735,752.00001,343,391,334,429,327,331,319,328
"ENSG00000104427",579,846.00001,647,927,759,896,840,1209,930,821,877
"ENSG00000104435",2065,3654.99999,1962,14368,15171,13837,13854,8987,6144,5387,6124
"ENSG00000104442",484,486,436,921,764,890,969,1515,1523,1205,1349
"ENSG00000104447",377.00001,274,276.00001,311,385,366,461,463,607,510,562
"ENSG00000104450",128,125,111.99999,15,23,15,21,27,24,36,30
"ENSG00000104472",268,226,305,330,257,274,301,346,324,306,392
"ENSG00000104490",383.99999,323,573,1350,1178,1300,1504,1721,1821,2612,1987
"ENSG00000104497",165.99999,201.99999,162,152,116,124,130,148,221,211,189
"ENSG00000104517",1023.00001,1276,1282,1329,1162,1144,1067,1273,1273,1476,1561
"ENSG00000104522",94,136,109,711,738,620,746,1003,805,823,791
"ENSG00000104524",48,41,38,183,238,221,184,474,493,457,499
"ENSG00000104529",1550.00001,2286.99997,1848,6863,8156,6184,8412,5199,5552,4901,5029
"ENSG00000104549",458,576,556,2746,2485,2357,2852,1407,1548,1514,1399
"ENSG00000104613",452.00001,544,458.99999,1218,997,1047,1156,1394,1446,1210,1502
"ENSG00000104626",316,327,336,322,206,311,220,534,631,700,690
"ENSG00000104635",158,150,116,692,763,640,884,633,697,955,858
"ENSG00000104643",317,367,287,484,448,426,336,431,407,443,493
"ENSG00000104660",387.99999,614,595.99999,996,717,858,818,1344,1164,1444,1333
"ENSG00000104671",391,446,371.99999,1029,923,908,981,1296,1334,927,1160
"ENSG00000104679",232,319,310,862,933,931,1116,1671,1407,1565,1457
"ENSG00000104687",770,547,306,564,577,532,510,274,318,406,615
"ENSG00000104691",89,117,60.99999,116,104,137,126,169,178,174,159
"ENSG00000104695",809,904,800,644,667,700,652,760,457,421,467
"ENSG00000104714",244,400,306,207,200,217,174,252,211,187,223
"ENSG00000104722",210.00001,258,78,3039,4076,2863,4172,973,647,1840,1179
"ENSG00000104723",1516.00001,1616.00002,1302.99999,3264,2704,2580,3136,2251,1920,2454,3052
"ENSG00000104728",477,516,641,149,123,120,182,155,171,111,109
"ENSG00000104731",290,241.99999,151,294,330,287,329,388,350,456,405
"ENSG00000104738",418,356,327,3347,2489,2460,3160,3459,4692,3843,3992
"ENSG00000104756",193.99999,266,175,213,71,174,135,113,147,146,127
"ENSG00000104763",823.99999,983,927,4378,3670,3738,4844,4452,5208,5063,5220
"ENSG00000104765",2406.00001,3214,3002.99999,10062,7666,8286,10238,7561,7681,7579,7397
"ENSG00000104774",157.00001,207.99999,223.00001,967,1170,1052,1383,861,885,1390,1179
"ENSG00000104805",572,555,652,2158,2650,2291,2841,2217,2781,3005,2712
"ENSG00000104808",29,47,30,66,95,88,92,86,64,74,81
"ENSG00000104812",346,499,388,1004,1271,1016,1356,2059,2582,3619,2694
"ENSG00000104814",84,120,56,126,176,148,143,176,140,129,123
"ENSG00000104823",513,599,581,2513,3117,2337,3005,3937,3478,3254,3600
"ENSG00000104824",643.00001,690.99999,654,1509,1709,1468,1303,722,638,826,1198
"ENSG00000104825",91.00001,116,78,253,249,219,288,186,211,269,227
"ENSG00000104833",371,402.99999,332,5011,6178,4898,6499,3437,2911,4031,3951
"ENSG00000104835",121,107,77,491,569,457,606,541,489,501,471
"ENSG00000104852",1150.00001,1349,1268.99999,3358,3770,3228,3874,2520,2480,3111,3433
"ENSG00000104853",357,287,311.00001,980,1120,962,1286,1494,1476,1961,1604
"ENSG00000104856",15,17,15,16,14,22,15,10,7,22,21
"ENSG00000104859",302,317.99998,321.99999,223,170,129,188,140,111,176,168
"ENSG00000104863",137.99999,177.00001,133,266,383,324,423,633,394,364,459
"ENSG00000104866",146.99999,173,128.00001,46,75,40,49,61,43,68,63
"ENSG00000104870",131,85,98.00001,386,580,399,648,809,909,969,972
"ENSG00000104872",316,507.00001,425.99999,882,890,790,884,1423,1131,1163,1163
"ENSG00000104880",371.99999,234,301,182,245,174,172,189,168,212,237
"ENSG00000104881",187.99999,314.00001,174.99999,41,44,52,44,107,65,60,57
"ENSG00000104883",25,21,34,22,22,15,8,32,2,18,20
"ENSG00000104884",128,165.99999,194,460,504,421,597,418,386,481,427
"ENSG00000104885",435,298,291,364,394,485,293,475,298,396,416
"ENSG00000104886",363,413.00001,290,1235,1505,1166,1436,1768,1512,1463,1511
"ENSG00000104888",425,329,395,180,227,210,115,476,329,310,385
"ENSG00000104889",160.99999,303,230,1028,1022,894,1022,1322,1347,1056,1161
"ENSG00000104892",16,15,17,21,38,36,43,33,23,24,25
"ENSG00000104897",498,410,371,229,245,205,269,146,142,177,138
"ENSG00000104901",53,58,25,131,138,112,140,154,73,106,104
"ENSG00000104904",2117,2852,2594.00001,5987,6366,5772,7154,7459,5712,5540,5661
"ENSG00000104907",138.99999,201.99999,130,844,962,868,1021,1006,871,1015,792
"ENSG00000104915",122,220,158.99999,528,572,535,585,805,748,761,758
"ENSG00000104936",274,248.99999,272.00001,132,147,163,129,157,107,132,175
"ENSG00000104946",180,219.00001,207,340,406,308,434,382,348,478,429
"ENSG00000104953",69,86,75.99999,443,336,363,567,379,368,376,322
"ENSG00000104957",344,388,310.99999,813,921,783,888,1197,1049,953,989
"ENSG00000104960",1061.99999,1162.99998,1073,1490,1849,1524,1581,1575,1144,1097,1207
"ENSG00000104964",1384,1881,1636.00001,1093,1098,973,1097,972,891,762,902
"ENSG00000104967",401,379,323,990,1052,1007,963,727,602,849,796
"ENSG00000104969",518.00001,558,465,2410,2788,2590,2892,3649,3440,3942,3603
"ENSG00000104973",406.99999,431.99999,419,591,567,508,656,366,511,487,448
"ENSG00000104976",86,77,57,479,538,462,632,255,224,340,331
"ENSG00000104979",899,1066,967,1632,1766,1496,1751,1984,1556,1228,1471
"ENSG00000104980",255,317,243.99999,486,503,474,542,670,422,512,461
"ENSG00000104998",10,16,8,98,113,125,174,149,90,140,110
"ENSG00000105011",119,155,136,481,521,511,555,1031,1145,781,1032
"ENSG00000105048",64.00001,243.99999,123.99999,234,490,396,471,524,455,448,518
"ENSG00000105053",252.99999,318.00001,328,845,1038,880,997,1395,1344,1441,1293
"ENSG00000105058",757,718,675.99999,1939,2245,2143,2322,3581,3257,3490,3572
"ENSG00000105063",284,231,227,194,218,241,213,257,204,320,297
"ENSG00000105072",97.99999,71.00001,90,102,138,170,163,257,291,242,226
"ENSG00000105085",59,67,74,35,56,40,43,44,36,55,37
"ENSG00000105088",239,399,283,512,654,636,677,307,213,303,237
"ENSG00000105127",309.00001,372,447.99999,679,531,598,729,578,817,691,693
"ENSG00000105135",326,438,445,1612,1843,1631,2178,2476,2656,3228,2813
"ENSG00000105136",131.99999,113.99999,85,283,252,294,278,407,463,475,443
"ENSG00000105137",76.00001,59,55,19,40,18,34,52,38,41,34
"ENSG00000105143",104.99999,52,40,62,110,79,55,52,17,54,53
"ENSG00000105146",20,10,12,14,20,21,37,8,7,7,4
"ENSG00000105171",154,223,195,359,361,451,452,884,697,647,647
"ENSG00000105176",925.00001,860,780.00001,407,278,350,327,383,343,260,336
"ENSG00000105185",843,965,908.99999,1033,1038,1033,989,1395,893,792,805
"ENSG00000105186",171,128,126,398,384,463,626,508,616,842,693
"ENSG00000105193",9257.00001,14310,12168,9301,10738,8563,9824,10532,8468,4901,7029
"ENSG00000105197",325.99999,352.99999,308,1763,1857,1511,1833,2017,1801,1605,1704
"ENSG00000105202",1183,1822.99999,1425,2260,2061,1934,2187,1631,1672,1371,1337
"ENSG00000105204",317,153,134.99999,130,158,143,134,213,179,341,313
"ENSG00000105220",2582,3597.00001,3229,10208,10706,10343,14246,8217,8404,8187,7813
"ENSG00000105221",440,446,472,498,448,504,561,595,623,648,727
"ENSG00000105223",1732,2261.00002,1814.00001,13873,15752,13098,16890,11451,12976,15441,13389
"ENSG00000105227",81.99999,29,30,32,37,40,39,32,45,55,46
"ENSG00000105229",216,273,225.99999,154,155,226,208,241,222,298,245
"ENSG00000105245",242,171,205,147,201,201,144,165,140,155,132
"ENSG00000105248",121,105,101,197,254,167,257,287,212,276,240
"ENSG00000105251",162,190,212,1037,903,894,828,620,559,688,867
"ENSG00000105254",717,755,677,2963,3667,2900,3378,3570,3079,3137,2928
"ENSG00000105255",133.99999,167,125.99999,1319,1555,1230,1409,974,705,1018,879
"ENSG00000105258",650,732.00001,626,1736,2091,1589,2062,2379,1763,1509,1663
"ENSG00000105270",626,754,626,6586,6426,6125,7997,4006,4375,4874,4263
"ENSG00000105278",152,113,113,248,330,277,267,435,345,341,410
"ENSG00000105281",121,149,104,438,585,430,583,346,288,531,652
"ENSG00000105287",192.00001,120,120,206,234,218,287,151,129,204,225
"ENSG00000105289",158,161,167,351,384,282,411,504,582,620,768
"ENSG00000105290",788,1194.99999,944,4569,5899,5244,4092,1483,997,2258,3877
"ENSG00000105298",46,52,51,128,172,138,116,94,89,173,202
"ENSG00000105321",125,157,136,363,384,318,351,180,174,270,246
"ENSG00000105323",1807.00001,1332.00001,1048.00001,2686,2567,2467,2957,1863,2170,2402,2569
"ENSG00000105325",229.99999,299,298,747,871,829,923,519,513,851,1055
"ENSG00000105327",87,112,106,63,56,67,64,28,22,27,32
"ENSG00000105329",131,81,112,43,59,87,82,40,39,63,67
"ENSG00000105339",136,127,161,232,171,165,218,131,86,153,127
"ENSG00000105341",393,434,412.99998,1717,1888,1577,1947,1455,1494,1481,1662
"ENSG00000105355",224,285,229,1469,1628,1621,1764,1823,2065,2046,1893
"ENSG00000105357",173.99999,166.99999,114.99999,55,55,55,46,70,57,85,152
"ENSG00000105364",197,196,167.00001,563,671,651,659,932,758,800,745
"ENSG00000105370",3169,517,509,13,4,109,6,171,14,1,50
"ENSG00000105372",14571,22310,16436,33137,38131,29682,35638,30801,23966,16909,21017
"ENSG00000105373",1420,1868.00001,1596.99999,2215,2668,2213,1999,667,432,995,1508
"ENSG00000105376",17,44,31,32,41,37,47,11,19,13,24
"ENSG00000105379",1094,1359,1140,2630,3212,2859,3256,3867,2890,2865,2910
"ENSG00000105392",2229,2394,2756,2005,1868,2152,1780,2851,3849,4865,4465
"ENSG00000105393",483.99999,491.00001,529.99999,1049,1230,1118,1143,1547,1469,1298,1343
"ENSG00000105397",411,295.99999,397.99999,653,758,709,688,1229,1318,1471,1290
"ENSG00000105401",561.99999,752.00001,668.99999,2130,2381,2058,2500,2438,2314,2245,2253
"ENSG00000105402",455,499,403.99999,2029,2232,2112,2202,3396,3002,3291,3013
"ENSG00000105404",613,907,666,3174,3935,3186,3865,3546,2972,2777,2827
"ENSG00000105409",859,657.99999,757,2446,3057,2582,2316,1583,1596,1929,1882
"ENSG00000105419",651,625,419.00001,736,847,786,783,768,564,623,608
"ENSG00000105426",2065,1767,2365,4382,5289,4600,4592,2124,2036,3351,3624
"ENSG00000105427",20,25,17,34,33,18,27,44,17,23,20
"ENSG00000105429",483,418,316.00001,606,730,671,846,686,866,1348,1077
"ENSG00000105438",1030.99999,1405,1187,4483,4611,3921,5188,3075,3169,2743,3079
"ENSG00000105443",478,453,448,1810,1781,1640,1960,1829,1759,2137,2015
"ENSG00000105447",123,151,115,505,489,566,566,743,723,927,757
"ENSG00000105464",145,135,200,31,41,41,23,8,4,14,9
"ENSG00000105472",178,224,189,189,225,206,242,265,189,170,199
"ENSG00000105479",11,24,12,4,15,11,15,14,22,22,27
"ENSG00000105483",567,583.00001,622.00001,426,419,410,436,491,548,564,532
"ENSG00000105486",440,435,433.00001,1437,1399,1218,1329,1620,1868,1657,1610
"ENSG00000105497",121,59,90,215,194,206,248,243,228,271,260
"ENSG00000105499",185,297,139.99999,205,218,204,219,421,414,603,419
"ENSG00000105507",197,207,218,408,390,432,290,910,853,792,813
"ENSG00000105509",44,28,19,48,94,78,103,74,53,156,121
"ENSG00000105514",197,202,178,521,434,487,527,257,436,497,494
"ENSG00000105516",233,358,287,377,415,374,357,265,205,239,188
"ENSG00000105518",501.99999,474.99998,469.99999,1285,1573,1270,1591,2001,1782,1819,1856
"ENSG00000105519",59,69,88,141,107,78,94,105,140,79,110
"ENSG00000105520",263,196,182,2015,2563,2045,2681,1324,1357,2010,1752
"ENSG00000105552",250.00001,332,245.99999,475,625,542,573,673,516,631,631
"ENSG00000105556",151.00001,151,162,163,212,191,179,144,158,204,195
"ENSG00000105559",101.99999,142,129,204,220,191,259,231,226,338,268
"ENSG00000105568",1172,1363,1093,13652,15879,13531,16699,12752,14849,16838,14677
"ENSG00000105576",622.00001,773.00001,682,1077,1020,968,1221,718,798,1029,871
"ENSG00000105583",16,11,7,3291,3739,3179,3703,4240,3645,3548,3399
"ENSG00000105605",263,358,337,62,99,69,110,57,49,52,65
"ENSG00000105607",106,120,139,187,231,175,171,379,379,410,343
"ENSG00000105612",114,133,126,921,1206,926,1516,1114,1349,1705,1412
"ENSG00000105613",252,358,308,1064,1179,1094,1046,546,518,933,869
"ENSG00000105617",76,87,80,105,130,98,151,156,113,88,85
"ENSG00000105618",288,366,349,1306,1585,1365,1621,2162,2303,2378,2226
"ENSG00000105619",227,144,83,86,94,97,86,184,131,116,95
"ENSG00000105639",19,79,41,100,204,84,132,38,52,72,45
"ENSG00000105640",57,106,96,23221,26210,21299,25930,21918,18242,11409,14991
"ENSG00000105642",326,511.00001,306.99999,151,162,184,140,145,111,216,164
"ENSG00000105643",41,38.00001,40,41,37,35,36,20,22,37,40
"ENSG00000105647",230,180,218,100,142,157,102,144,129,179,170
"ENSG00000105649",435,672,446,1685,1863,1696,2007,850,795,941,808
"ENSG00000105650",166,390,403,32,39,69,35,109,70,62,67
"ENSG00000105655",828,1318,1057.99999,10494,11952,10364,13194,9066,9537,8141,9215
"ENSG00000105656",54,69,102,113,127,121,196,177,184,282,204
"ENSG00000105662",460,371,428,176,191,208,169,211,178,221,258
"ENSG00000105669",642,845,700.99999,4211,5422,4099,4833,5551,5134,4380,4477
"ENSG00000105671",196.00001,237.99999,220,1072,1196,992,1244,1288,1243,1249,1109
"ENSG00000105672",24,33.99999,22.00001,40,48,19,34,52,58,24,28
"ENSG00000105676",130.00001,161,164,746,940,713,730,1182,1045,1028,1091
"ENSG00000105677",565,787.99999,643,3204,3603,3071,3787,4170,3326,3492,3794
"ENSG00000105696",125,178,98,691,1224,1036,751,178,100,228,372
"ENSG00000105698",796.00001,782.99999,752,412,420,370,397,426,296,302,304
"ENSG00000105699",252.00001,272,208.00001,585,571,510,688,649,796,867,992
"ENSG00000105700",403.00001,507.99999,402,1085,960,983,1212,1074,1126,1176,1043
"ENSG00000105701",801.99999,1007,878,2906,3252,2842,3358,2476,2673,2699,2480
"ENSG00000105705",280,278.00001,232.99999,476,565,487,518,923,898,891,849
"ENSG00000105708",119,136,150,232,110,202,219,370,383,407,489
"ENSG00000105711",33,44,42,10,9,14,7,33,25,31,41
"ENSG00000105717",180,370.00001,113,105,170,120,92,50,21,32,59
"ENSG00000105722",241,229,249,210,180,219,206,111,110,165,212
"ENSG00000105723",319.00001,312.00001,184,272,321,185,271,235,174,192,193
"ENSG00000105726",276,230.99999,219,380,462,355,351,481,238,344,527
"ENSG00000105732",147,120,107,1141,1221,1104,1520,920,894,1470,1083
"ENSG00000105737",466.99999,352.99999,330,92,115,120,123,130,140,129,137
"ENSG00000105738",541,326,354,344,317,318,291,209,187,395,369
"ENSG00000105750",155,188.00001,117,155,85,120,138,210,207,187,206
"ENSG00000105755",150,211,171,495,668,484,682,528,519,478,473
"ENSG00000105767",320,323,361,163,231,197,228,89,96,139,198
"ENSG00000105771",267,291,232,315,391,351,389,399,483,434,410
"ENSG00000105778",708.99999,609,466,441,391,360,464,491,451,514,487
"ENSG00000105784",156,190,112,408,344,372,271,247,179,254,215
"ENSG00000105792",211.99999,291.00001,203,99,58,53,73,117,85,74,92
"ENSG00000105793",334,349.00001,349,277,182,187,215,382,366,342,331
"ENSG00000105808",123.00001,30,53,1434,1778,1561,1190,604,722,895,1629
"ENSG00000105810",190,230,258,441,399,430,413,500,418,589,697
"ENSG00000105819",557.00002,893.99999,529,2255,1753,1682,2003,2165,2330,1963,2035
"ENSG00000105821",309,493.00001,447.99999,421,395,414,400,449,406,413,392
"ENSG00000105825",452,219,1179,1256,2154,1312,3160,2758,2854,1081,1507
"ENSG00000105829",277,343.00001,304,552,341,409,493,837,839,540,615
"ENSG00000105835",287.99999,436.00001,365.00001,1373,894,1145,1350,1244,1612,1569,1542
"ENSG00000105849",165,227,171,325,269,300,385,350,293,369,353
"ENSG00000105854",755,679,577,919,877,671,842,1315,1402,1589,1510
"ENSG00000105855",926,1101,1145,1126,752,1043,967,943,918,1563,1286
"ENSG00000105856",320,342,240,2301,1791,1870,2741,2956,4200,3910,3702
"ENSG00000105865",76,87,76,190,134,123,148,204,247,215,221
"ENSG00000105866",259,252,241,579,388,450,629,486,601,562,516
"ENSG00000105875",87.00001,115.99999,96.99998,184,230,244,276,310,321,381,292
"ENSG00000105877",137,241,344,58,25,32,30,38,27,25,64
"ENSG00000105879",232,206,257,1112,740,909,937,1030,1051,1057,947
"ENSG00000105887",1142,1082,890,3319,2621,2930,2825,2484,2445,2091,2394
"ENSG00000105894",635,336,424,2213,2875,2317,3086,2491,1936,3551,2400
"ENSG00000105926",393.99999,343.00001,234.00001,446,280,310,262,400,397,285,413
"ENSG00000105928",79,90.99999,73.00001,274,280,291,356,319,436,506,428
"ENSG00000105939",106,112,74.99999,258,224,239,334,545,584,684,644
"ENSG00000105948",283,291.99999,244,242,207,252,190,344,446,390,359
"ENSG00000105953",758,558,532.00001,580,594,597,660,752,1155,1367,1092
"ENSG00000105963",19,21,63,103,123,83,102,88,64,89,74
"ENSG00000105967",17,10,12.99999,55,21,36,50,27,35,108,47
"ENSG00000105968",1691,2025.99999,1829.00002,4247,3519,3644,3441,2800,2599,2981,3606
"ENSG00000105971",52,35.99998,28,59,78,96,119,83,85,114,117
"ENSG00000105974",92.00001,35,31,106,106,128,158,131,191,310,196
"ENSG00000105976",72,55,123,222,217,192,390,206,330,400,357
"ENSG00000105982",78.99999,128,41,75,72,57,61,107,95,66,106
"ENSG00000105983",469,456,428,920,840,847,669,519,342,733,1146
"ENSG00000105993",475,660,548,3265,2713,2672,3146,3520,2970,2595,3171
"ENSG00000106003",354,288,395,13,16,13,20,38,13,22,14
"ENSG00000106009",276,333,290,963,1086,1023,1318,1552,2002,1956,2065
"ENSG00000106012",282.99999,218,289.99999,210,240,269,217,277,267,423,412
"ENSG00000106018",33,63,50,90,88,70,119,52,78,178,75
"ENSG00000106025",42,102,57,233,156,187,249,249,324,252,343
"ENSG00000106028",702,844.99999,864,1404,1023,1089,1069,1924,1457,1412,1431
"ENSG00000106049",371,439,410,968,776,850,1122,1069,1381,1465,1429
"ENSG00000106052",1193,1388,1372,3398,2790,2704,3353,3733,3723,3449,3919
"ENSG00000106066",41,36,43,174,179,225,297,176,212,434,286
"ENSG00000106069",330,247.00001,256.00001,361,347,381,312,560,523,939,756
"ENSG00000106070",2295,2529.00001,2099.99999,607,554,602,470,949,625,638,734
"ENSG00000106077",71,88,65,281,376,323,409,747,627,723,701
"ENSG00000106078",37,128.00001,32.99999,104,87,97,110,60,68,72,119
"ENSG00000106080",95,112,128,380,261,319,402,465,499,515,467
"ENSG00000106086",369.00001,548,407.99999,636,381,543,365,304,284,381,537
"ENSG00000106089",167.00001,239,145,477,645,599,553,416,290,425,284
"ENSG00000106100",134,118.99999,100,108,108,135,106,103,159,199,158
"ENSG00000106105",799,922.99999,575.99999,2592,2143,2408,2661,2442,2080,2967,2676
"ENSG00000106113",24,14,8,26,39,31,51,49,58,49,45
"ENSG00000106123",67,114.00001,104.99999,337,342,343,329,308,362,462,447
"ENSG00000106125",55,104,88,94,97,85,82,156,134,89,113
"ENSG00000106144",211.99999,341,305,680,740,713,732,886,1230,1000,1149
"ENSG00000106153",2119,420,2671,6250,6005,5321,5693,7589,6489,4655,5894
"ENSG00000106211",1432.00001,887,823.00001,1566,1600,1580,1703,996,712,926,923
"ENSG00000106236",70,58,47,89,113,100,83,133,43,67,66
"ENSG00000106244",810,945,899,753,840,758,941,1095,1197,1179,1195
"ENSG00000106245",433,583,443,1879,2150,1879,2360,2570,2038,1695,1791
"ENSG00000106246",127,111,94,238,150,216,194,285,291,333,304
"ENSG00000106258",48,80,42,133,106,94,107,189,106,177,193
"ENSG00000106261",789,946,887.00001,2313,1985,2451,2582,2550,2521,4150,3317
"ENSG00000106263",360,444,405.00001,461,613,471,453,698,443,489,465
"ENSG00000106266",139,175,160,155,163,174,211,286,250,345,299
"ENSG00000106268",163,209.99999,238,456,485,399,480,616,468,412,376
"ENSG00000106278",3824.99999,3429,3947.00001,5139,4456,4854,5300,4873,5694,8996,6563
"ENSG00000106290",765,604.99999,475.00001,1834,1981,1757,2083,1839,2162,2130,1985
"ENSG00000106299",346,431,525,890,607,739,787,924,1110,1180,1062
"ENSG00000106305",148.00001,180,134,239,281,289,279,654,536,506,530
"ENSG00000106327",57,90.99999,56,33,55,28,49,64,75,72,34
"ENSG00000106330",160.99999,168.99999,143.99998,446,545,419,502,502,514,468,527
"ENSG00000106333",95,183,113,390,461,443,461,581,493,510,479
"ENSG00000106336",40.99999,21,70,16,26,15,32,36,19,36,21
"ENSG00000106341",20,30,17,269,268,297,248,208,156,333,195
"ENSG00000106344",368,409,422,493,465,537,429,695,692,846,847
"ENSG00000106346",421,402,342,224,260,256,227,201,196,265,311
"ENSG00000106348",356.00001,305.00001,285.99999,874,1014,1010,833,1431,1277,2048,1902
"ENSG00000106351",50,70,48,40,79,82,77,95,107,195,147
"ENSG00000106355",504,659.99999,328,1123,690,782,808,1024,934,666,827
"ENSG00000106366",39,22,19,152,151,117,183,385,707,899,487
"ENSG00000106367",198,273,213,131,114,136,142,143,115,111,102
"ENSG00000106392",431,426,425,413,309,315,287,521,451,432,530
"ENSG00000106397",106,138,95,359,440,417,471,510,580,738,695
"ENSG00000106399",439,452,410,477,456,457,483,975,785,445,582
"ENSG00000106400",521,699,641,1760,2045,1688,1847,2700,2135,1568,1938
"ENSG00000106404",71,70,57,48,17,49,31,92,111,82,91
"ENSG00000106415",868.00001,815,605,625,402,528,473,490,384,366,395
"ENSG00000106443",1882.99998,2502,1794.00001,630,593,508,616,653,538,588,580
"ENSG00000106459",488,610.00001,538.99999,506,503,580,731,518,606,714,611
"ENSG00000106460",496,638.99999,615,2039,1179,1759,1881,1854,2013,1825,1838
"ENSG00000106462",1307,1128.00001,1050,986,797,862,890,854,815,960,1040
"ENSG00000106477",367.99999,756.00001,307.00001,1642,1201,1318,1337,1368,1601,1641,1509
"ENSG00000106479",170,227,224,201,256,299,255,379,421,525,496
"ENSG00000106483",14,23,11,82,89,82,82,119,132,590,313
"ENSG00000106484",1408.00001,2982,2244,5520,6105,5765,3959,2724,1925,2066,3774
"ENSG00000106524",238,349,282,1042,901,924,1187,1035,1011,1280,1017
"ENSG00000106536",226,231,134,304,397,420,202,166,100,157,144
"ENSG00000106537",228,195,168,824,708,774,687,361,228,346,497
"ENSG00000106538",129,267,319,219,230,146,216,168,128,117,152
"ENSG00000106546",51,62,43,48,50,48,72,33,42,92,106
"ENSG00000106554",448,1555,1363,2094,1766,1790,2151,1898,2080,2127,1943
"ENSG00000106565",234,336.00001,299,783,1031,905,1062,1511,1782,1704,1564
"ENSG00000106571",897,506,657,928,893,882,837,1024,723,1086,1170
"ENSG00000106588",1004.00002,1255.99999,1179.00001,3990,3519,3284,3873,4187,4114,3131,3463
"ENSG00000106591",331,391.99999,361,1205,884,848,1057,1135,885,765,918
"ENSG00000106603",847,877,790.99999,2119,2001,1684,2043,2355,1980,1603,1892
"ENSG00000106605",295,342,250,703,641,588,678,748,655,648,629
"ENSG00000106608",282,334,247,345,473,455,488,557,654,1014,816
"ENSG00000106609",378,392,391,377,480,440,432,543,488,460,545
"ENSG00000106615",491,491.99999,459,3120,2533,2599,2916,2330,2029,2057,2470
"ENSG00000106617",147,92,87.00001,100,93,83,105,90,74,118,90
"ENSG00000106624",282,335,216,464,554,432,537,420,340,563,555
"ENSG00000106628",510,574,444.00001,3587,3558,3325,4013,3465,3521,3699,3628
"ENSG00000106633",182,144,173,570,589,538,833,508,668,560,491
"ENSG00000106635",181.00001,160,210,122,176,218,174,242,169,207,271
"ENSG00000106636",313.99999,317,252.00001,1231,1224,1272,1388,1005,1206,1561,1414
"ENSG00000106638",137,163,165,877,976,844,1158,1393,1568,1875,1600
"ENSG00000106665",300,319,229,285,403,291,295,240,215,345,293
"ENSG00000106682",790,1114.99998,1138.99999,10395,9447,9661,12979,8513,10756,12190,10873
"ENSG00000106683",217,156,244,275,294,269,255,219,169,162,195
"ENSG00000106686",63,136.00001,89.00001,29,18,21,23,26,39,55,40
"ENSG00000106688",52,78,51,63,67,76,78,46,48,98,103
"ENSG00000106689",1210,1504.99999,1460,640,486,496,501,771,561,589,679
"ENSG00000106692",314.99999,289,425.99999,280,173,205,321,371,408,459,464
"ENSG00000106701",622,925.00001,817,623,326,529,423,524,558,595,644
"ENSG00000106714",70,79.99999,67,299,309,313,280,169,138,147,218
"ENSG00000106723",1108,1478.99999,1357,4284,2894,3329,4135,3318,3961,4342,4113
"ENSG00000106733",117.00001,118,66,137,88,123,84,162,182,135,152
"ENSG00000106771",855,859.00001,1128,1038,1032,1163,911,1172,952,955,1348
"ENSG00000106772",144,185.00001,162,545,510,520,622,375,366,750,454
"ENSG00000106780",880,501,417,512,462,448,495,556,571,603,655
"ENSG00000106785",14,24,26,20,22,27,10,12,19,33,38
"ENSG00000106789",51,56,55,212,192,260,213,129,121,167,132
"ENSG00000106799",504,639.99999,583,863,628,737,672,838,633,625,698
"ENSG00000106803",870,1169,1022,1787,1801,1416,1744,2641,1913,1665,1761
"ENSG00000106804",137,164,141,206,132,161,191,245,329,241,229
"ENSG00000106809",26,46,26,5,11,25,14,10,25,15,28
"ENSG00000106829",1346,988.00001,386,535,537,483,457,533,385,407,409
"ENSG00000106853",333.99999,256.99999,250.00001,656,539,536,607,718,671,691,700
"ENSG00000106868",187.00001,296.00001,157,34,30,40,41,59,52,59,38
"ENSG00000106948",522,293,356,74,102,117,107,126,156,130,172
"ENSG00000106976",668.00001,586.00001,512.00001,344,365,311,306,265,175,238,252
"ENSG00000106991",16,10,23,11,31,19,27,10,44,61,60
"ENSG00000106992",261,406,306,897,1120,995,1063,1318,1087,1073,1108
"ENSG00000106993",309,271,257,413,319,445,536,555,471,536,551
"ENSG00000107020",189,318,249,202,187,185,202,457,284,229,313
"ENSG00000107021",141,151,141,426,466,498,636,768,821,1174,1068
"ENSG00000107036",428,338,410,196,253,216,207,171,143,262,343
"ENSG00000107077",1134,1106,964.99999,580,532,546,549,766,928,1344,1045
"ENSG00000107099",330,251,241,71,52,65,61,126,257,377,300
"ENSG00000107104",442.00001,637,539.00002,492,492,425,548,654,839,1203,957
"ENSG00000107105",345,582.99999,315,477,400,485,332,459,238,239,286
"ENSG00000107130",204,198,127,539,606,554,551,320,285,321,259
"ENSG00000107140",146,136,116,187,256,191,203,196,155,150,130
"ENSG00000107159",50,84,79,60,100,111,166,350,312,608,416
"ENSG00000107164",399,542,409,740,671,754,633,431,385,693,922
"ENSG00000107165",257,261,940,4023,5036,3880,8173,3264,5064,5007,4591
"ENSG00000107175",266,265,261,1315,1481,1383,1774,2119,1905,2007,1803
"ENSG00000107185",372,350,369,434,371,432,427,401,459,630,586
"ENSG00000107186",1877.99999,2084,2384,1831,1392,1595,1860,1694,2060,2667,2557
"ENSG00000107187",32,19,27,6,15,16,8,18,9,15,35
"ENSG00000107201",457.99999,180,317,69,19,56,80,194,117,169,149
"ENSG00000107223",2127,1937,1651,3261,3853,3082,3728,4620,3263,3270,3067
"ENSG00000107242",934,562,662,487,316,362,471,665,762,446,802
"ENSG00000107249",244,128.99999,84,380,474,347,446,283,285,562,503
"ENSG00000107262",368,437.99999,419.99999,1003,1193,1079,898,407,251,475,977
"ENSG00000107263",601,463.99999,418,210,266,258,285,298,327,346,359
"ENSG00000107281",403,429,369.00001,319,502,413,324,269,202,226,304
"ENSG00000107282",159,142,102,507,348,544,532,398,382,815,589
"ENSG00000107290",465,450,480,608,477,544,464,998,1046,1334,1185
"ENSG00000107295",136,142,139,822,874,779,980,1054,697,1171,1288
"ENSG00000107317",1385,846,1868,3019,3512,3460,4115,5575,4612,5776,5291
"ENSG00000107331",256.99999,380.00001,213,379,440,335,438,269,266,471,393
"ENSG00000107338",110,145,132,137,159,148,133,108,64,86,109
"ENSG00000107341",741,929,694,1094,1101,1069,1046,1057,854,792,863
"ENSG00000107362",158,254,255,421,290,346,463,211,155,298,487
"ENSG00000107371",228.00001,290,451.99999,537,389,376,496,704,610,486,680
"ENSG00000107372",773,752.99999,760,1852,1536,1798,1344,1697,1297,1311,1823
"ENSG00000107404",137,182,146,147,184,140,177,187,115,145,156
"ENSG00000107438",70,83,52,399,393,349,405,263,269,439,282
"ENSG00000107443",178,236,185,385,309,358,245,234,161,245,251
"ENSG00000107518",360,370,283,581,415,460,435,303,281,301,416
"ENSG00000107521",176.99998,207,262,1137,1247,1135,1549,1393,1605,1837,1606
"ENSG00000107537",235,310,263,986,883,747,892,1114,967,881,1080
"ENSG00000107551",637,551.99999,450,2696,2736,2660,2855,3678,3892,4074,3762
"ENSG00000107554",345,214,206.99999,562,412,472,680,771,928,873,935
"ENSG00000107560",240,342,350,340,237,288,305,267,225,298,321
"ENSG00000107562",58,60,86,94,127,160,211,141,150,219,161
"ENSG00000107566",344,377.99999,366,997,792,808,991,1015,1422,1298,1263
"ENSG00000107581",1279,1676,1385,3703,3251,3494,4201,3086,3517,3903,3918
"ENSG00000107611",108,86,73,108,105,64,87,180,141,202,189
"ENSG00000107614",393.99999,301,333,472,282,364,366,441,444,445,461
"ENSG00000107625",457,634,412,874,761,704,797,1071,1266,1014,1153
"ENSG00000107643",1009.99999,1281.99999,1240,1906,1491,1655,1698,1231,1169,1340,1261
"ENSG00000107651",289,311,344,1061,909,975,1096,1019,1058,1136,1055
"ENSG00000107669",1592.99998,995,1047,1895,1295,1516,1857,1323,1340,1576,1629
"ENSG00000107672",321,317.99999,394,491,470,562,456,818,601,643,802
"ENSG00000107679",2748,3729.00001,3104,4765,3856,4382,3926,3210,1968,3046,2884
"ENSG00000107719",77,198,150,177,218,245,241,208,286,424,421
"ENSG00000107731",125,159,149,209,370,273,243,183,168,374,240
"ENSG00000107736",1282,1204,1211,585,650,652,518,678,529,559,654
"ENSG00000107738",64,25,43,48,45,25,62,17,39,73,29
"ENSG00000107742",174,188,140,528,757,564,767,531,436,596,560
"ENSG00000107745",656,615,540,1620,1682,1455,1748,2533,2128,2219,2171
"ENSG00000107758",1209.00001,705,1076,392,398,399,395,506,389,327,411
"ENSG00000107771",1056,1105,1140.99999,1565,1301,1329,1442,917,832,1110,1357
"ENSG00000107779",866.00001,639,819,580,509,543,573,565,567,743,959
"ENSG00000107789",325.00001,293,303,398,264,340,343,538,609,579,596
"ENSG00000107796",146.00001,66,27,439,1001,524,611,3120,2625,1244,3094
"ENSG00000107798",166.00001,136,73,1091,844,931,972,1045,973,1028,1079
"ENSG00000107815",70,95,59,109,124,133,115,179,204,224,207
"ENSG00000107816",358,476.00001,447,668,676,673,780,868,733,866,886
"ENSG00000107819",196,235,148,844,906,987,1055,886,1065,1482,1283
"ENSG00000107821",24,12,12,27,54,55,59,30,10,38,46
"ENSG00000107829",331,377.00001,353,144,162,165,138,129,181,183,181
"ENSG00000107833",162,207,175,275,264,211,292,325,239,214,288
"ENSG00000107854",542,503,476,425,275,384,365,613,495,508,608
"ENSG00000107862",913.99998,929.00001,866.99999,1707,1779,1548,2112,1895,2590,3637,3129
"ENSG00000107863",839.00001,1296,1042.00001,914,818,808,861,861,718,1095,977
"ENSG00000107864",143,152,118,74,48,90,83,68,64,90,74
"ENSG00000107872",133,168,159,485,590,496,629,514,336,641,637
"ENSG00000107874",514,666.99999,568,2849,3420,2745,3247,4155,3752,3609,3791
"ENSG00000107882",211,231,173,283,334,342,336,448,503,558,555
"ENSG00000107890",1026.99999,1371.00002,1277.99999,377,274,296,240,469,321,314,321
"ENSG00000107897",466.99999,671.99999,590,1039,813,908,1041,861,1176,1306,1182
"ENSG00000107902",147,133,106,152,175,139,117,203,150,155,182
"ENSG00000107929",746,860,837,496,343,422,392,544,517,667,628
"ENSG00000107937",339,465,382,1150,960,990,1102,1464,1517,1406,1420
"ENSG00000107938",358.99999,283,264.99999,370,203,256,304,396,461,564,392
"ENSG00000107949",552,775.00001,724,1523,1242,1256,1431,2500,2610,2218,2335
"ENSG00000107951",377,416,457,771,604,737,825,664,1013,875,938
"ENSG00000107954",78,76,84,57,83,58,62,66,65,58,80
"ENSG00000107957",222,273,284,136,141,192,167,251,164,238,271
"ENSG00000107959",445.00001,563,437.00001,1668,1683,1570,1772,1722,1968,2359,2120
"ENSG00000107960",223,367.00001,214.00001,1099,951,971,1120,922,987,1040,869
"ENSG00000107968",64,72,84,141,112,138,124,75,86,117,107
"ENSG00000107984",22,73,51,335,319,597,321,934,731,450,486
"ENSG00000108001",163,184,117,138,103,172,91,73,32,17,26
"ENSG00000108010",690,683,521.99999,2256,1648,1467,1866,2273,1808,1354,1549
"ENSG00000108018",686,590,632.99999,2377,2039,1964,2061,1719,1640,2160,2762
"ENSG00000108021",594.00001,646.00001,674,337,292,342,316,434,302,510,524
"ENSG00000108039",442.00001,554.00001,520.00001,1882,1922,1698,2164,2045,2411,2895,2470
"ENSG00000108055",1506.99999,2072.00001,1944,2996,2137,2572,2993,3112,3151,3106,3032
"ENSG00000108061",482.99999,742,618.00001,1134,777,983,1051,1256,1454,1422,1381
"ENSG00000108064",336,406.99999,357,590,449,552,542,889,827,713,735
"ENSG00000108091",203,253,300,1355,1016,1213,1377,644,658,929,901
"ENSG00000108094",469.99999,671,692.99999,730,533,652,664,848,895,979,907
"ENSG00000108100",1025,562,793,281,243,268,258,370,267,261,318
"ENSG00000108106",210,317,263,1880,2336,1891,1344,257,146,378,908
"ENSG00000108107",6336,8331.00001,6464,3308,3913,3107,3833,3407,2826,2231,2497
"ENSG00000108175",1161,1104,746,1548,1670,1827,1717,1307,1434,2067,1731
"ENSG00000108176",190,199,165,373,349,384,396,424,367,370,387
"ENSG00000108179",117,163,131,268,352,346,243,196,149,268,514
"ENSG00000108187",70.99999,70,64,83,85,70,88,178,183,233,239
"ENSG00000108219",740.99999,801,676.99999,2245,2036,2377,2528,2387,2628,3262,3030
"ENSG00000108231",28.00001,40,33,123,100,63,138,93,78,86,93
"ENSG00000108239",151,219,197,189,144,114,147,138,152,176,161
"ENSG00000108255",20649,2511,2173,129,7,1476,80,2921,307,18,2490
"ENSG00000108256",632,581,553,1182,768,1021,936,730,824,1029,913
"ENSG00000108262",224.99999,278,240,573,721,693,723,786,541,651,639
"ENSG00000108298",10523.99999,14351.99998,11331.99999,14189,16935,12691,15949,15594,12346,8929,10993
"ENSG00000108306",969,710,874,704,639,702,843,700,797,1141,1059
"ENSG00000108309",233,270.99999,190.99999,867,1003,797,862,590,567,650,640
"ENSG00000108312",423.99999,485,369.00001,665,738,686,650,1501,1668,1589,1704
"ENSG00000108344",469,525,427,2585,2377,2196,2895,2363,2152,2582,2419
"ENSG00000108349",631,627,548.00001,3173,2796,2924,3479,2413,3084,3384,3012
"ENSG00000108352",117,231,261.99999,103,121,78,69,111,88,112,96
"ENSG00000108370",211,119.99999,82,482,617,529,799,546,660,735,670
"ENSG00000108375",17,117,14,84,58,59,139,188,261,204,294
"ENSG00000108379",27,28.00001,35,70,177,99,152,62,61,94,64
"ENSG00000108384",262.00001,183.00002,217.99998,514,367,423,489,614,554,521,511
"ENSG00000108387",1109.99999,1257,1145.00001,2742,2593,2684,2083,3868,2952,3719,4106
"ENSG00000108389",393,361,298,949,884,1014,920,1186,1106,1454,1326
"ENSG00000108395",516,499,490,953,845,1045,1041,1194,1393,1635,1574
"ENSG00000108406",540,685,593,1807,1419,1593,1821,2392,2667,2429,2466
"ENSG00000108423",141,196,170.99999,158,111,155,182,276,206,183,222
"ENSG00000108424",1352,1902,1410,3146,2914,2918,2982,2544,2424,2097,2382
"ENSG00000108433",560.00002,619.00002,436.00001,1816,1585,1555,1914,1788,2117,2311,2007
"ENSG00000108439",81,30,37,246,219,231,272,335,404,482,412
"ENSG00000108443",242,232,390,396,262,312,355,555,488,672,598
"ENSG00000108465",513,736.00002,740,2034,2141,2058,2183,2577,2512,2678,2555
"ENSG00000108468",1975,2357,2384.00001,3856,3448,3213,4106,3738,3512,3642,3648
"ENSG00000108469",123,136.00001,122,172,233,235,304,555,644,652,697
"ENSG00000108474",227,204,293,608,605,513,579,414,345,376,368
"ENSG00000108479",110,118,140,898,1046,1055,1192,1111,1097,1208,1060
"ENSG00000108506",300,381,376.99999,216,120,135,153,246,250,337,232
"ENSG00000108509",645.99999,363,514,239,295,250,309,258,324,381,367
"ENSG00000108510",641,626,722,684,533,520,626,777,685,786,868
"ENSG00000108515",123,77,37.00001,522,544,507,546,382,237,262,335
"ENSG00000108518",1486,1485,1236,5964,6016,5470,6148,5760,3880,5616,5855
"ENSG00000108523",373.00001,426,454.99999,470,505,430,492,560,402,438,443
"ENSG00000108528",277.99999,374,270,2173,2626,2185,2527,2957,2344,2818,3076
"ENSG00000108551",171,174,182,406,494,490,315,361,251,497,491
"ENSG00000108557",532,440,385,507,467,511,453,434,575,797,692
"ENSG00000108559",1573.00001,1068.99999,736,1530,1317,1472,1432,2236,2371,2216,2091
"ENSG00000108561",659,719,609,1261,1532,1402,967,602,349,677,1879
"ENSG00000108578",267,367,300,1271,1154,1099,1275,1355,1424,1454,1330
"ENSG00000108582",347,419,426,1330,912,1114,1097,698,631,1188,1517
"ENSG00000108587",464,499.00001,504.00001,387,458,484,496,644,528,669,723
"ENSG00000108588",425,435,401,968,1028,1070,1124,1329,1733,2257,1914
"ENSG00000108590",152,182,194,161,168,166,172,356,299,184,201
"ENSG00000108591",210.00001,198.99999,192,888,980,759,971,1247,1110,1162,1144
"ENSG00000108592",176,136,130,639,729,604,825,968,1072,1106,1043
"ENSG00000108599",439,508,404,356,221,351,395,496,557,648,497
"ENSG00000108604",125,132,121,109,120,95,134,166,117,76,116
"ENSG00000108639",155,139.00001,151,559,839,569,965,920,749,1050,1114
"ENSG00000108641",291.99999,384.99999,356.00001,718,826,687,742,1555,1311,1233,1390
"ENSG00000108651",310,413.00001,343.00001,606,590,555,615,1102,994,836,946
"ENSG00000108654",2991,3075,3242.00002,14460,12065,12812,13577,18579,20135,20468,20108
"ENSG00000108666",293,344,330.99999,536,516,483,460,986,888,732,902
"ENSG00000108669",591.99999,452.00001,385.00002,695,668,697,674,792,682,1378,1086
"ENSG00000108671",821,852,969.00001,2488,2443,2308,2689,2602,2899,3055,2755
"ENSG00000108679",418,557,412.00001,4404,5788,4959,6272,8405,9904,12033,9935
"ENSG00000108684",128,72,78,64,80,102,105,127,112,134,127
"ENSG00000108691",76,53,60,118,88,71,61,137,96,151,134
"ENSG00000108733",106,115,89,156,120,117,153,160,191,247,183
"ENSG00000108773",146,161,147,534,603,489,555,549,403,439,389
"ENSG00000108774",354,413,468,742,725,670,1050,834,1125,1104,986
"ENSG00000108784",107,109,132,93,104,106,106,152,124,145,107
"ENSG00000108786",21,15,22,23,28,14,33,49,31,35,75
"ENSG00000108788",244,253,241.00001,754,768,665,749,1078,946,870,888
"ENSG00000108797",142,108,100,115,127,137,159,81,116,151,120
"ENSG00000108799",381,709,427,1573,1206,1286,1631,1300,1504,1659,1326
"ENSG00000108819",176,181,170,49,71,78,50,60,48,73,74
"ENSG00000108821",71,116,62,269,347,328,398,532,490,908,861
"ENSG00000108825",26,37,24,76,77,59,77,84,47,48,67
"ENSG00000108826",351.00001,421.99999,378,750,924,691,940,1413,932,946,954
"ENSG00000108828",622,662,469,11660,12214,10512,14040,4595,4574,6222,6254
"ENSG00000108829",246,238,239,911,931,979,1083,1083,1141,1286,1057
"ENSG00000108830",306,307,347,1215,1312,1179,1464,946,910,952,953
"ENSG00000108840",526.00001,512.99998,537.00001,4204,4258,4128,4993,2337,2704,4202,3731
"ENSG00000108848",2958.99997,4126.99999,3868,2992,2222,2421,2257,2589,1905,1770,1830
"ENSG00000108852",140.99999,275.99999,297,1502,1553,1523,1861,1293,1808,2420,1773
"ENSG00000108854",481,513.99999,552,226,218,207,215,261,211,325,300
"ENSG00000108861",383,534,406,1700,1530,1733,1948,1551,2006,2676,2081
"ENSG00000108883",423.00001,350,443,1906,1699,1950,2137,2673,3553,4087,3524
"ENSG00000108924",315,185,193,909,643,663,743,520,635,818,894
"ENSG00000108932",90,91,94,27,28,37,20,90,136,151,126
"ENSG00000108946",1038.99999,1251,1008,6955,5312,5790,7201,6122,8088,9149,8505
"ENSG00000108947",160,247,187,832,1173,863,1059,466,446,818,582
"ENSG00000108950",53,67,53,16,15,30,14,33,29,31,50
"ENSG00000108953",3862,5153,5030,13461,12339,11237,12784,12313,11647,9571,10738
"ENSG00000108960",798,697,438,1196,841,984,949,554,491,766,698
"ENSG00000108961",232,326.00001,255,906,985,813,989,1046,809,789,718
"ENSG00000108963",388.00001,358.99998,390,697,692,774,729,1103,1076,1285,1285
"ENSG00000108984",301,288,303.99999,628,483,553,593,558,469,483,531
"ENSG00000109016",133.99999,191,151,240,331,287,354,656,599,617,584
"ENSG00000109046",3316.99999,4702,3958.99999,8891,6317,7293,7272,11377,9942,9491,9372
"ENSG00000109047",745,1333,1065,56,77,99,64,435,495,465,349
"ENSG00000109062",103,100,128,594,727,691,1089,1329,1339,2650,2060
"ENSG00000109063",63,50.99999,48,323,577,570,797,126,151,401,283
"ENSG00000109065",187.99999,297,215.00001,790,896,828,890,970,924,1017,860
"ENSG00000109066",89,121,106,103,135,140,118,202,212,271,241
"ENSG00000109072",38,85,75,472,498,428,329,1175,1237,1297,1063
"ENSG00000109079",214,243,173,1198,1293,1321,1459,1914,2241,3009,2467
"ENSG00000109083",279.00001,327,328.00001,1077,972,907,939,1234,961,770,890
"ENSG00000109084",281,393,332,1442,1147,1350,1246,1103,1161,1033,993
"ENSG00000109089",91,90,78,91,88,99,89,92,59,91,66
"ENSG00000109099",112,90.00001,68.99999,378,379,421,459,392,545,659,520
"ENSG00000109103",1282,1235,1095,4780,4750,4773,4477,6777,4999,7182,6791
"ENSG00000109107",769,1219,1117,4407,4726,4113,5081,3333,2659,2987,2489
"ENSG00000109111",352,416,369,1122,1119,1173,1509,1047,1638,1808,1713
"ENSG00000109113",283,304.00001,246.99999,1117,1312,1030,1342,1875,1854,1757,1939
"ENSG00000109118",337.99999,367,317.00001,306,271,329,407,404,442,481,415
"ENSG00000109133",429.99999,505.99999,439,1008,794,949,905,1200,1193,1153,1305
"ENSG00000109171",581,573,422,1001,698,869,857,481,494,765,847
"ENSG00000109180",2452.00001,1447.00001,1346,2429,1880,2061,2043,3232,2754,2400,2592
"ENSG00000109184",596.99999,758,674.99999,1140,664,858,841,1217,1475,1063,1214
"ENSG00000109189",209,268,245.99999,977,648,822,1078,761,934,972,906
"ENSG00000109220",131,436,145,432,419,401,484,495,439,486,563
"ENSG00000109255",27,66,62,111,92,77,115,86,66,73,79
"ENSG00000109265",2229,2273,1974,646,497,637,662,693,608,683,737
"ENSG00000109270",408.99999,571,589.00001,2437,1435,1718,1991,2265,2352,1856,2117
"ENSG00000109320",297.99999,343.99998,361,131,117,86,124,194,123,153,194
"ENSG00000109323",566,1124,829,920,895,794,1123,925,1121,1088,1010
"ENSG00000109332",1603,2047.99999,1756.99999,9129,6659,7572,8319,8805,8973,7894,8266
"ENSG00000109339",2377.00002,2035.00005,1801.00002,3260,2431,2731,3049,2214,2240,2407,2273
"ENSG00000109381",910.00002,1056.99999,1064.00001,785,679,629,758,922,1016,1093,986
"ENSG00000109390",1638,1940,1749.00001,2055,1935,1867,1997,3167,2474,2010,2237
"ENSG00000109436",671,680,892,523,392,476,567,714,643,648,759
"ENSG00000109445",313,397,412,1357,1173,1213,1618,1110,1225,1439,1112
"ENSG00000109452",121.00002,47,35,70,36,48,63,44,55,71,69
"ENSG00000109458",282,367,522,203,174,213,220,341,364,456,396
"ENSG00000109466",381,137.99999,176,47,81,72,62,67,100,88,81
"ENSG00000109472",1468,1568,1330.00001,2959,2939,2690,2237,2406,1810,1453,2262
"ENSG00000109475",8067,12405,11873.99999,8074,9140,7605,8305,9138,7829,4153,6304
"ENSG00000109501",206,118.99999,87,546,730,686,938,981,984,1227,1070
"ENSG00000109519",224,245,215,365,403,358,483,651,691,774,651
"ENSG00000109534",319,307,332.00001,124,122,124,102,150,173,204,206
"ENSG00000109536",304,390,317,627,504,459,506,694,580,433,506
"ENSG00000109572",1438,1589,1618.99999,1888,1530,1909,1981,2395,3286,3960,3579
"ENSG00000109576",410,433,334.00001,88,88,81,52,125,104,123,98
"ENSG00000109586",303,365,331,742,524,698,570,1137,1272,1476,1221
"ENSG00000109606",1468,1256,1163,3610,2829,3209,3996,3548,4294,3712,3992
"ENSG00000109618",191,106.99999,132,221,138,185,200,291,289,360,315
"ENSG00000109625",16,57,81,96,108,114,123,103,146,129,153
"ENSG00000109654",2620.99999,1752.00001,1330.00002,2499,2195,2254,2678,2148,2414,3567,2932
"ENSG00000109670",558.00001,758,896.00001,794,575,647,754,1174,1364,1768,1395
"ENSG00000109674",57,105,89,242,166,202,224,174,186,171,167
"ENSG00000109680",772,928.99999,646,378,208,272,360,435,382,436,424
"ENSG00000109685",1123,1495,2199,2143,1806,1929,1809,1488,1408,1897,1840
"ENSG00000109686",638.99999,936,446,190,104,125,118,272,196,218,232
"ENSG00000109689",288.99999,306.99999,295.99999,173,127,138,158,260,170,150,228
"ENSG00000109736",353,336,274.99999,1482,1685,1461,1589,1598,1665,1727,1596
"ENSG00000109738",211,306,210,230,162,188,281,341,291,369,389
"ENSG00000109756",808.99999,1260.00001,829,244,243,274,231,239,250,393,339
"ENSG00000109762",866,896,944,71,64,85,75,82,64,88,81
"ENSG00000109771",194,177,197,96,49,75,61,98,62,79,107
"ENSG00000109775",560,568,564,1899,1263,1570,1934,1232,1612,1796,1499
"ENSG00000109787",353,443,389,942,878,1099,806,631,591,679,1014
"ENSG00000109790",177.99999,381.99999,231,515,424,447,460,402,399,575,521
"ENSG00000109794",362.00001,268.99999,363.99999,75,72,84,82,148,91,198,205
"ENSG00000109805",165,247,192,643,428,442,442,551,607,554,495
"ENSG00000109814",434.99999,449,403,1848,1248,1355,1795,1434,1913,1768,1685
"ENSG00000109819",145,140,113,325,266,384,427,298,369,765,501
"ENSG00000109832",43,69,37,158,196,162,199,350,266,228,293
"ENSG00000109846",10146.99999,1133,916.99998,684,810,1176,1041,2376,1008,1332,2741
"ENSG00000109861",256.00001,316.00001,218,805,843,766,1063,1020,1140,982,1039
"ENSG00000109881",758,1238.99999,1142.99999,666,597,541,540,574,526,357,476
"ENSG00000109906",254,413.00001,383,685,607,604,727,464,619,632,594
"ENSG00000109911",1042.99999,795.00001,1201,1447,871,1186,1055,1553,1501,1148,1354
"ENSG00000109917",107,178,161,1026,924,878,1069,746,631,767,723
"ENSG00000109919",824.99999,935,919,2634,2381,2272,2575,3473,3405,3584,3553
"ENSG00000109920",673,708,625.99999,1172,1007,1033,1098,849,765,860,965
"ENSG00000109927",32,65,23,19,23,16,29,62,66,59,45
"ENSG00000109929",333,445.99999,412,1330,965,1072,1364,1140,1344,1133,1179
"ENSG00000109944",53,60,55,30,30,22,52,42,40,73,39
"ENSG00000109956",152,211.99999,212.99999,122,135,140,138,131,121,139,127
"ENSG00000109971",4684.00001,4506,4246.00001,10416,12299,10217,11064,13524,10207,10928,11426
"ENSG00000109991",143,121,76,2083,2219,2596,1840,518,337,185,265
"ENSG00000110002",166.00001,150,111,1226,1160,1081,1632,1452,1922,2726,2053
"ENSG00000110011",338.99999,346,385,1089,1264,1122,1341,1100,1008,924,1047
"ENSG00000110013",72,83,79,525,606,498,723,460,567,888,713
"ENSG00000110025",205,213,216.99999,223,239,201,221,245,200,197,197
"ENSG00000110031",123,84,122,136,67,114,101,103,82,128,102
"ENSG00000110042",778,1177,1142,1229,1277,1268,1194,1315,1392,1485,1476
"ENSG00000110046",116,109,127,138,152,181,166,252,248,290,278
"ENSG00000110047",244,238,171,667,758,782,865,748,723,845,791
"ENSG00000110048",299,325,310,301,263,263,370,276,243,318,354
"ENSG00000110057",13,35,16,102,145,85,137,76,64,119,135
"ENSG00000110060",106,144,122,156,171,248,217,280,239,351,222
"ENSG00000110063",101,153,147,448,462,396,407,622,589,611,521
"ENSG00000110066",939,932.00002,825.00001,1241,1138,1246,1059,944,723,1062,1466
"ENSG00000110074",208.00001,272.99999,198.00001,742,766,763,761,1490,1342,1317,1284
"ENSG00000110075",2602,2878,2205.99999,849,704,812,701,1507,1421,1549,1546
"ENSG00000110076",445,316,293,204,300,255,248,116,81,148,130
"ENSG00000110080",44.99999,54,80,237,317,250,335,185,199,476,484
"ENSG00000110090",203,146.99999,140,178,153,196,160,209,188,309,241
"ENSG00000110092",1710,2056,2729,7418,5586,6957,6707,9082,9905,8127,9923
"ENSG00000110104",103,99,78,249,320,315,333,426,439,522,458
"ENSG00000110107",284,341,333,326,409,312,390,409,436,471,394
"ENSG00000110108",124,148,129,431,575,489,744,826,987,1003,1075
"ENSG00000110148",13,16,13,119,92,171,123,249,408,251,261
"ENSG00000110169",8,16,9,16,4,5,12,22,27,7,30
"ENSG00000110171",168,144.99999,86,386,523,399,457,340,310,449,457
"ENSG00000110172",418,400.00001,432,660,447,597,446,683,563,519,517
"ENSG00000110200",183,245,193.00001,674,743,629,738,947,784,656,674
"ENSG00000110218",81,123,56,326,308,317,335,297,235,505,401
"ENSG00000110237",183,214,215,348,434,394,411,338,409,555,648
"ENSG00000110274",541.99999,411.99998,506.00001,221,248,236,175,378,374,475,374
"ENSG00000110315",313,356,317,1594,1117,1406,1486,1342,1717,1469,1523
"ENSG00000110318",537,683,426,363,279,317,345,350,288,415,330
"ENSG00000110321",3841,3960,3456.99999,28848,24695,24537,30752,27176,32298,30966,31631
"ENSG00000110328",98,97,95,246,265,250,267,217,208,340,235
"ENSG00000110330",352,653.99999,441,1145,756,967,983,1156,1264,1291,1111
"ENSG00000110344",327,401,372,742,713,767,767,1081,1227,1652,1390
"ENSG00000110367",1920,1936,2607,1272,940,1091,1411,972,1022,1385,1226
"ENSG00000110395",490.99999,440,423,922,858,959,1147,652,677,914,816
"ENSG00000110400",238,234,250,239,258,284,267,185,143,151,179
"ENSG00000110422",599,444.99999,263.00001,1100,869,940,1244,970,1092,1220,1320
"ENSG00000110427",37,44,64,159,154,171,169,95,93,178,117
"ENSG00000110429",426.99999,489,452,1164,895,977,1145,2060,2360,2109,2331
"ENSG00000110435",595,707.99999,595.00001,891,717,863,1128,973,973,1001,1030
"ENSG00000110436",231,118.99999,223.00001,654,868,727,720,619,532,1301,1070
"ENSG00000110442",236,306,258,1158,1117,1083,1289,1374,1264,1267,1182
"ENSG00000110446",19,100,31,31,9,31,36,11,4,8,7
"ENSG00000110492",3010,4132.99999,2713,9480,9489,8275,8844,7335,6644,5137,5962
"ENSG00000110497",765,359.99999,476,542,628,672,680,906,1089,1216,1035
"ENSG00000110514",797.99999,830,676.99998,1692,1823,1876,1836,2038,2313,3604,2981
"ENSG00000110536",303.00001,347,362,777,796,873,783,1332,884,937,1330
"ENSG00000110583",357,382,342,1174,957,1089,1212,1773,2183,2389,2233
"ENSG00000110619",443.00001,619,319,1081,1033,1052,1077,1084,1049,1284,1217
"ENSG00000110628",55,75,45,277,376,284,353,399,284,486,366
"ENSG00000110651",1196,1373.99999,1334.99999,926,1103,850,955,1250,725,731,703
"ENSG00000110660",20,29,13,36,47,47,68,92,165,148,151
"ENSG00000110675",34,31,29,173,122,129,145,82,54,129,130
"ENSG00000110693",193,237,158,192,235,184,240,177,126,274,188
"ENSG00000110696",1797.00001,2281.00001,2116,2828,2252,2302,2424,4176,3892,3353,3669
"ENSG00000110697",538,683.00001,653.99999,1713,2118,2039,1533,811,972,1697,2249
"ENSG00000110700",8697,12784.00001,11179.00001,10399,9251,9150,9580,10630,9814,4900,7472
"ENSG00000110711",284.00001,461,441,1285,1681,1474,1651,1898,1555,1368,1353
"ENSG00000110713",3063.00001,1841.99998,2404.00001,876,782,730,853,1329,1712,1882,1863
"ENSG00000110717",784,1020.00001,870.00001,3634,4646,3624,4515,4754,3727,3319,3502
"ENSG00000110721",307,346,241,177,216,203,167,418,212,165,250
"ENSG00000110723",33,30,43,78,55,65,107,66,66,124,114
"ENSG00000110756",166,234.99999,198.99999,161,108,156,141,334,317,424,398
"ENSG00000110768",265,362.99999,364,498,355,404,502,627,690,797,685
"ENSG00000110801",347.00001,311,285.00001,1148,1212,1066,1201,1611,1440,1442,1414
"ENSG00000110811",242.00001,239,177,244,260,262,207,532,368,326,344
"ENSG00000110841",376.99999,330,326.00002,428,330,333,475,273,284,402,308
"ENSG00000110844",247,278,250,677,754,720,831,840,833,862,712
"ENSG00000110851",240,228,166,658,597,623,789,536,641,1029,921
"ENSG00000110871",423,381,298,1170,1157,1001,1230,1821,1608,1449,1521
"ENSG00000110880",506,993,552.99999,6410,5750,6022,6506,6031,5742,7063,6238
"ENSG00000110881",117,78.00001,67,128,111,146,123,87,70,77,68
"ENSG00000110888",819.00001,380.00001,280.99998,260,281,254,260,347,284,383,320
"ENSG00000110900",276,252,130,485,667,609,651,469,457,892,639
"ENSG00000110906",275,231,186,1345,980,1256,1284,1249,1676,1839,1605
"ENSG00000110911",775,543,448,767,728,698,864,900,1142,1281,1232
"ENSG00000110917",478,525,497,2088,2264,2056,1849,1002,952,1334,1880
"ENSG00000110921",99,128,129.99999,228,296,209,218,286,229,251,249
"ENSG00000110925",298,318,316,1121,1088,1055,1121,612,517,994,1112
"ENSG00000110931",256.00001,276,297.00001,528,563,509,498,638,570,819,862
"ENSG00000110955",2387,3093,2722,29396,29620,26694,31921,27769,30100,31421,29258
"ENSG00000110958",1629,2026,1802.99999,6037,4056,4690,5115,5184,4715,4138,4535
"ENSG00000110987",516,617,544,955,1137,1143,1232,645,858,1090,1074
"ENSG00000111011",1129.00001,1563.00001,1439.99998,1521,1168,1361,1418,1542,1378,1440,1318
"ENSG00000111052",321,444,227,839,737,850,942,604,810,992,847
"ENSG00000111057",88,158,85,413,448,373,583,323,437,430,467
"ENSG00000111058",262,316,214,449,329,374,555,304,499,501,437
"ENSG00000111077",72.99999,36,24.99999,57,93,66,111,188,222,290,277
"ENSG00000111110",175,188,124,463,463,555,598,527,702,741,789
"ENSG00000111142",874.99999,1181,1010,1148,878,1131,1050,1285,1177,1108,1114
"ENSG00000111144",583.00001,743.00001,612,3155,2681,2712,3367,2423,2277,2139,2226
"ENSG00000111145",116,82,84,46,88,80,103,137,216,244,204
"ENSG00000111181",12,22,13.99999,24,18,20,9,24,7,20,2
"ENSG00000111186",88,74,68,48,56,78,64,104,65,132,104
"ENSG00000111196",203.99999,213.99998,185,298,212,244,226,573,409,304,385
"ENSG00000111203",252,189,289,633,517,570,769,851,884,898,837
"ENSG00000111206",146,225,180,933,840,764,807,525,495,728,630
"ENSG00000111215",151,29,203,36,41,59,29,57,25,42,23
"ENSG00000111218",23,64,23,98,86,90,83,42,42,50,36
"ENSG00000111224",283,324.99999,468,312,193,283,258,179,254,232,229
"ENSG00000111229",940,1258,1012,3046,2743,2566,2590,4367,3349,2641,3067
"ENSG00000111231",146,194,171,352,348,312,337,569,453,411,475
"ENSG00000111237",619.00002,685.00001,635.00001,1533,1306,1163,1253,2490,2133,1560,1748
"ENSG00000111247",134,342,208,299,255,211,219,294,305,186,233
"ENSG00000111249",1229,1248,1646,186,213,225,177,397,260,319,301
"ENSG00000111252",47,71,28,72,56,80,29,61,45,60,60
"ENSG00000111254",29,20,30,18,25,32,30,103,69,117,92
"ENSG00000111261",129,154,104,263,216,211,281,380,441,656,526
"ENSG00000111266",562,572,562,770,894,681,888,629,899,1278,1044
"ENSG00000111269",310,328,393,913,629,689,928,955,1142,1094,1069
"ENSG00000111271",324.00001,362,416,444,560,496,466,749,1006,1060,878
"ENSG00000111275",285,412,252,2680,2879,2448,3050,2076,1797,2515,2351
"ENSG00000111276",454,976,748.00001,672,543,645,601,536,436,342,373
"ENSG00000111300",658,581.99999,425,644,409,564,627,636,528,753,688
"ENSG00000111305",59.99999,183.99999,171,79,77,81,74,963,542,625,673
"ENSG00000111325",86.99999,80.99999,86,289,249,233,295,373,380,400,374
"ENSG00000111328",655.99998,681.00001,644,819,703,695,701,947,639,592,750
"ENSG00000111331",9,25,14.00001,75,89,72,91,136,220,174,169
"ENSG00000111341",20,46,14,186,178,362,193,964,959,961,1486
"ENSG00000111348",17,33,21,581,348,345,387,260,276,167,214
"ENSG00000111358",198.99999,338,221,258,226,247,244,443,438,547,539
"ENSG00000111361",313,447,306.00001,1002,833,914,1056,1340,1381,1331,1302
"ENSG00000111364",188,286,228,299,292,288,321,519,419,413,404
"ENSG00000111371",938,1320,868,2610,2227,2576,2028,2690,2728,3409,3426
"ENSG00000111412",282,292,291.99999,607,488,528,566,467,488,577,558
"ENSG00000111445",259.99999,339,366.99999,1678,1189,1409,1558,1349,1530,1164,1381
"ENSG00000111450",371,599.00001,541,263,213,270,259,236,195,202,234
"ENSG00000111452",35,46,12,81,44,54,52,25,55,65,90
"ENSG00000111481",895.99999,1153,1093.00001,5859,5707,5281,6427,6346,6444,6059,5867
"ENSG00000111490",144,136,113,172,231,233,230,263,195,329,364
"ENSG00000111530",855,950,876,3346,2592,3113,3111,3774,4409,5311,5244
"ENSG00000111540",634,616.00001,674,2544,2502,2486,2852,2104,2641,2134,2366
"ENSG00000111554",191,207,172.00001,336,255,300,316,351,419,384,450
"ENSG00000111581",473,518.00001,439.00001,1094,823,920,875,1333,1587,1342,1435
"ENSG00000111596",1362,1558,1095,1366,1190,1193,1272,2057,1739,1869,1877
"ENSG00000111602",218,306,267,2933,2215,2324,2873,1691,2911,2768,2684
"ENSG00000111605",1480,1577,1690,2060,1426,1705,1635,2245,2389,2172,2450
"ENSG00000111615",628,668,711,430,340,372,365,576,625,545,472
"ENSG00000111639",566.00001,840,753,2399,2810,2296,2786,3044,2488,2038,2222
"ENSG00000111640",19878,29814,23016,107277,109344,1e+05,127060,94185,88663,82135,79937
"ENSG00000111641",144,131,117.00001,251,305,230,286,394,385,511,488
"ENSG00000111642",2115.99997,2412.00001,1975.00001,8222,7758,7894,9221,5464,6436,7134,7263
"ENSG00000111647",372.99999,414,308,1003,702,753,986,686,835,933,917
"ENSG00000111652",281.00001,303,234.99999,836,935,804,937,1691,1633,1856,1622
"ENSG00000111653",445,578.00001,556.00001,2145,2355,1814,2519,2860,2802,2502,2427
"ENSG00000111664",1698,1529.99999,1870,1508,1432,1835,1560,6712,7195,6701,6692
"ENSG00000111665",160.99999,191.00001,196.99999,1054,1033,916,1183,910,902,870,780
"ENSG00000111666",189,195,193,151,91,85,102,122,73,81,68
"ENSG00000111667",265.00001,337,295.99999,2226,2533,2173,2382,2212,2957,3602,2852
"ENSG00000111669",5331,8830,8127,37692,36062,34860,42603,35526,39692,38045,35242
"ENSG00000111670",216,252,214,156,176,166,190,185,175,224,236
"ENSG00000111671",68,47,119,80,88,102,117,139,149,151,133
"ENSG00000111674",3717,5279,4089,13852,14412,14615,16804,12913,12525,15789,13676
"ENSG00000111676",920,932,763,472,564,504,485,427,410,357,292
"ENSG00000111678",812.00001,1112.99999,1074.99999,1824,2442,1705,2115,2451,1853,1516,1722
"ENSG00000111684",210,171,249,327,294,328,389,668,850,1025,897
"ENSG00000111696",53,43,36,112,95,120,162,128,134,210,206
"ENSG00000111707",294,371,357,924,814,960,820,909,776,983,1104
"ENSG00000111711",217.00001,321,229.99999,815,516,572,651,622,579,368,519
"ENSG00000111716",3286.99999,4299.00001,3712.00001,21998,21505,19670,23769,17916,17947,16416,17393
"ENSG00000111725",149,154.99999,145,1031,1076,965,1217,1610,1383,1530,1372
"ENSG00000111726",239,342,260,1226,850,1147,1179,944,1018,1078,1047
"ENSG00000111727",266,250,297,439,340,320,421,460,572,549,488
"ENSG00000111728",77,58,119,110,142,128,151,110,75,188,148
"ENSG00000111729",19,53,11,41,36,38,42,11,19,27,14
"ENSG00000111731",756,1076.99999,1306,750,665,694,764,767,866,918,867
"ENSG00000111737",126,116.99999,105,115,148,92,83,108,141,144,154
"ENSG00000111752",218.99999,243,190.99999,1609,1451,1354,1508,1139,1177,1024,1195
"ENSG00000111775",1215,1428,1296,13563,16567,12276,14928,17857,12974,9934,12557
"ENSG00000111783",88,86,42,175,299,224,225,81,101,388,118
"ENSG00000111785",375.00001,437,349,382,305,334,381,489,550,536,516
"ENSG00000111786",1322,1692.00001,1663,770,961,893,532,517,371,458,768
"ENSG00000111790",309,402.00001,360,589,402,499,516,753,598,571,591
"ENSG00000111799",32,32,12.00001,9,13,29,15,44,67,158,66
"ENSG00000111801",30,22,54,40,73,62,58,101,114,123,109
"ENSG00000111802",212,334,266,348,235,307,368,460,500,411,499
"ENSG00000111816",9,11,10,92,47,64,64,112,82,102,109
"ENSG00000111817",212.99999,239,304,271,289,277,321,478,432,482,542
"ENSG00000111832",870.00001,1200.99999,1001,1339,1187,1183,1352,1639,1252,1012,1181
"ENSG00000111834",26,44,55,19,9,10,14,54,45,89,23
"ENSG00000111837",1604.99999,2205,1439.00001,146,114,148,117,531,514,563,635
"ENSG00000111843",1014.99999,1292,1155,2527,2439,2020,2388,4050,3181,2139,2973
"ENSG00000111845",188,243,162,254,190,195,212,380,392,330,325
"ENSG00000111846",125.99999,156,114,545,505,511,498,833,902,649,723
"ENSG00000111850",258,288,319,511,487,497,524,813,734,472,678
"ENSG00000111859",326,507,249,855,780,664,1051,1218,1508,1919,1636
"ENSG00000111860",675.00001,929,375.99999,568,439,472,552,395,313,562,467
"ENSG00000111875",306,342,283,514,369,466,547,1024,998,923,924
"ENSG00000111877",169,215.99999,269.00001,77,112,108,90,133,135,132,204
"ENSG00000111879",263.99998,313,317.99999,125,131,153,106,157,137,119,131
"ENSG00000111880",386.99999,405,460,282,227,249,286,501,578,590,513
"ENSG00000111885",656,482,411,435,329,371,334,636,517,312,496
"ENSG00000111886",367,325,400,217,157,269,149,364,312,300,365
"ENSG00000111897",1111,1285,1228,10627,8428,9341,11642,7320,9013,9872,9225
"ENSG00000111906",425,522,421,1945,2090,1884,2181,2338,2088,1428,1895
"ENSG00000111907",246,171.99999,259,525,560,547,740,1191,1257,813,1157
"ENSG00000111911",300,287,253,569,407,545,594,412,547,554,477
"ENSG00000111912",167,191,225.99999,191,194,222,275,262,279,388,296
"ENSG00000111913",288,457.99999,436,672,534,651,806,411,368,622,553
"ENSG00000111961",413,479,317,399,401,451,565,580,637,989,807
"ENSG00000111962",32,24,30,72,74,64,78,100,99,131,85
"ENSG00000112029",143,200,173,605,427,474,564,492,610,447,523
"ENSG00000112031",137,161,161.00001,506,531,498,527,696,537,632,671
"ENSG00000112033",279,236,170,201,164,251,255,280,377,430,415
"ENSG00000112039",67,82,72,63,65,76,69,100,63,80,69
"ENSG00000112041",727,477,555.99999,580,678,623,531,1471,1170,1556,1465
"ENSG00000112062",449,500,478,502,474,376,348,288,243,323,642
"ENSG00000112078",513,590.99999,569,1067,1100,1092,1021,1357,1456,1899,1913
"ENSG00000112079",405,430,395,298,228,304,278,607,543,609,552
"ENSG00000112081",1537,1911.99999,1731,5528,4492,4296,4414,8128,7283,4774,6283
"ENSG00000112110",451,401,399,815,766,723,743,1375,994,814,983
"ENSG00000112118",389,565,469,1456,1467,1203,1473,3014,3999,3000,3439
"ENSG00000112130",251,336.00001,351.00001,431,392,366,531,666,695,588,663
"ENSG00000112137",369,311,339,1177,1210,1132,1249,691,778,819,815
"ENSG00000112139",44,37,34,89,136,93,119,126,104,168,137
"ENSG00000112144",394.99999,351,385,499,353,512,470,633,692,773,698
"ENSG00000112146",390,392.00001,378.99999,714,575,653,701,1163,940,1176,1080
"ENSG00000112149",37,31,33,89,112,101,133,147,177,309,236
"ENSG00000112159",454.99999,615.99999,532,321,273,300,254,451,425,573,584
"ENSG00000112167",124,142,176,319,333,395,292,520,487,499,538
"ENSG00000112182",543,182,155.99999,237,273,262,252,224,200,349,243
"ENSG00000112183",120,34,42,83,91,130,86,76,67,73,66
"ENSG00000112186",297.99999,327.00001,295,888,804,754,1066,858,941,846,847
"ENSG00000112200",697.99999,897,832,1120,657,830,1149,990,1070,1227,1289
"ENSG00000112208",177,143,103,206,139,123,133,339,303,253,282
"ENSG00000112210",40,157,134,254,173,199,162,112,118,201,273
"ENSG00000112218",56,95,53,282,239,205,265,119,172,103,121
"ENSG00000112234",499,474,523,652,493,535,756,783,901,853,784
"ENSG00000112237",691,819,898,574,376,439,428,819,780,702,704
"ENSG00000112238",90,45,62,32,24,29,19,35,19,27,52
"ENSG00000112242",119,129,128,159,151,155,161,185,202,238,285
"ENSG00000112245",633,772,688,5742,3391,3732,5188,2136,2140,2693,2593
"ENSG00000112249",436.99999,641,437,899,799,779,971,978,850,1159,1041
"ENSG00000112276",19,10,14,97,78,85,150,46,23,82,78
"ENSG00000112280",476,372,356,1765,1928,1736,1951,2781,3792,2614,4464
"ENSG00000112282",413,515.99999,516.99999,572,325,567,589,593,915,1039,878
"ENSG00000112290",703,837,608.00001,3130,2206,2667,2927,1749,1833,2065,2044
"ENSG00000112293",79,83,63,140,124,168,124,139,89,133,143
"ENSG00000112294",119,159,134,241,241,236,226,284,146,216,214
"ENSG00000112297",26,29,53,6,4,19,11,33,22,35,32
"ENSG00000112304",479.99999,395,325,546,678,625,598,1069,905,779,936
"ENSG00000112305",516.00001,1010,904.99999,1952,1630,1733,1932,1474,1472,1567,1789
"ENSG00000112306",10777,16274,12195,8690,9961,7699,9557,9882,9453,5018,7575
"ENSG00000112308",997,1451,1404,2172,1654,1909,2092,3084,3061,3099,3125
"ENSG00000112309",95,121,196,160,162,150,115,250,168,253,223
"ENSG00000112312",304.00001,401.99999,370,480,386,423,380,726,670,484,644
"ENSG00000112319",80,66.00001,69.00001,149,79,159,139,137,95,89,105
"ENSG00000112320",383,296,285,183,162,162,153,169,178,150,160
"ENSG00000112333",529,577,610,313,373,401,281,446,415,582,911
"ENSG00000112335",785,1051,940,3968,3211,3253,3373,3601,2757,2835,4119
"ENSG00000112339",597.99999,806,541,1309,1032,1103,1260,1430,1472,1680,1509
"ENSG00000112357",211,137,102,125,122,105,105,129,74,116,156
"ENSG00000112365",146,97,99,129,138,128,137,182,169,266,202
"ENSG00000112367",785.00001,1091.00001,736,1593,1327,1428,1603,1550,1850,1911,1869
"ENSG00000112378",282,300,188,993,652,653,868,677,526,890,885
"ENSG00000112379",297,398,285,193,177,270,233,479,410,539,496
"ENSG00000112394",28,55,40,46,58,35,36,67,66,45,54
"ENSG00000112406",106,144,107,399,259,265,333,143,160,159,162
"ENSG00000112414",19.00001,36,12.99999,21,35,16,31,12,48,33,71
"ENSG00000112419",189,254.99999,246.00002,315,307,294,308,460,368,342,425
"ENSG00000112425",136,177.99999,125.99999,121,50,78,61,116,98,89,90
"ENSG00000112473",109,104,98.00001,1545,1796,1436,1447,1064,1213,1591,1359
"ENSG00000112511",258,275.99999,320.99999,1041,1083,916,1218,743,729,876,841
"ENSG00000112514",1025.00001,1361.99999,1142.00001,3912,4657,3633,4627,4528,3643,3434,3592
"ENSG00000112530",43,35,42,127,137,111,131,167,177,126,145
"ENSG00000112531",2000.99999,1746.00001,2867,1604,1192,1331,1409,1242,991,1194,1154
"ENSG00000112539",10,32,30,19,38,26,32,14,26,30,11
"ENSG00000112541",637,1080,233.00001,237,150,207,179,165,150,168,153
"ENSG00000112559",105,95,106,310,337,299,378,297,377,433,376
"ENSG00000112561",21.99998,64,52,54,37,70,51,54,62,78,72
"ENSG00000112562",24,24,31,83,67,144,118,109,144,495,377
"ENSG00000112576",100.99999,145.99998,106,295,295,289,349,340,345,498,494
"ENSG00000112578",78,63,70,264,261,277,329,391,426,400,330
"ENSG00000112584",754,552,1708.99999,734,596,660,753,963,1168,1506,1289
"ENSG00000112592",213.99999,257,231,324,336,360,376,516,484,521,457
"ENSG00000112599",772,541,382,888,708,808,497,666,515,1455,1107
"ENSG00000112619",239,206,130,313,287,375,217,584,503,807,643
"ENSG00000112624",246,226,227,134,157,142,133,187,274,254,248
"ENSG00000112640",260,211,238.00001,2035,1772,1743,2464,1415,1904,1937,1857
"ENSG00000112651",196,267,230,414,545,487,623,659,579,580,506
"ENSG00000112655",328,397.99999,286.00001,627,822,800,680,574,734,876,1119
"ENSG00000112658",181,124,175,51,70,53,66,66,35,73,60
"ENSG00000112659",276,274.99999,275.99999,571,468,564,572,662,845,979,972
"ENSG00000112667",374,426.00001,382,863,967,870,967,1517,1218,1054,1110
"ENSG00000112679",473,320.00001,168,714,681,603,766,623,690,853,903
"ENSG00000112685",260,216,223,496,488,508,530,746,944,1026,1070
"ENSG00000112695",1734,1822,1689,6467,7017,5928,6524,7935,6476,4097,5437
"ENSG00000112697",465.00001,451,461,2025,1512,1809,1693,1916,1617,2342,1953
"ENSG00000112699",49,70,48,79,153,100,118,59,50,55,166
"ENSG00000112701",1078.00001,1396.99999,1230.00001,1072,849,902,961,1090,942,1355,1738
"ENSG00000112706",87,48,68,49,24,39,18,333,262,334,338
"ENSG00000112715",1227,2110.99999,1607.00002,1028,996,1037,946,835,731,994,1218
"ENSG00000112739",826.99999,1108,1089,912,598,655,720,1005,1070,834,890
"ENSG00000112742",94,223,152,529,353,376,367,369,460,384,329
"ENSG00000112759",98.99999,194,108,948,1023,994,1347,778,841,1025,918
"ENSG00000112763",222,244.99999,200,752,768,692,1041,533,729,722,740
"ENSG00000112769",179,109,90,107,68,103,92,112,184,267,195
"ENSG00000112773",115,96,151.00001,250,264,247,231,255,281,377,353
"ENSG00000112787",682,676,671,88,118,92,76,103,99,113,90
"ENSG00000112796",42,63,93,198,143,163,269,248,371,451,352
"ENSG00000112851",2329,2328.99999,2833.99999,533,343,455,419,744,775,780,783
"ENSG00000112852",519,192,796,1121,1098,1174,1317,1284,1027,1780,1687
"ENSG00000112855",109,186,157,477,483,460,563,656,709,812,772
"ENSG00000112874",110,114.99999,125,194,125,175,199,234,277,285,264
"ENSG00000112877",72,86,87,96,114,61,100,187,117,124,171
"ENSG00000112893",265,298,385,309,292,298,338,299,300,397,372
"ENSG00000112902",411,248,252,1502,1428,1598,1869,1001,999,2172,1841
"ENSG00000112936",33,26,13,67,69,56,105,278,138,242,283
"ENSG00000112941",239,432,332,170,165,181,198,155,97,136,133
"ENSG00000112964",32,55,76.99999,29,22,19,25,46,49,50,59
"ENSG00000112972",700,1276,1129,2880,2103,2183,2707,659,1181,1411,1322
"ENSG00000112977",424.99999,449,379,799,1211,783,927,1054,917,953,1271
"ENSG00000112981",122,88,109,71,61,71,44,224,223,152,172
"ENSG00000112983",734,816,741.99997,1656,1626,1548,1950,2534,2758,2878,2700
"ENSG00000112984",109,127,113,1254,1108,1071,1761,824,1143,1202,948
"ENSG00000112992",803,956,950,2135,1469,1815,2166,1684,2266,2608,2424
"ENSG00000112996",251,324,292,951,765,735,935,729,780,821,791
"ENSG00000113013",992,1189.00001,1038,4060,3648,3822,4263,5532,5665,6161,5576
"ENSG00000113048",543.00002,422.00001,890,1196,1248,1219,1439,1783,1864,1731,1931
"ENSG00000113068",461,582,535,1902,1809,1697,2011,2261,1962,1851,1910
"ENSG00000113070",22,17,10,66,75,86,66,49,49,136,70
"ENSG00000113083",60,92,45,117,148,155,157,67,44,122,110
"ENSG00000113108",236,287,184,791,863,878,874,1247,1013,1247,1115
"ENSG00000113119",46,85,63,180,201,184,230,293,305,286,249
"ENSG00000113140",1596,1537.00001,1701,27233,26012,21965,35635,23428,24686,29875,27109
"ENSG00000113141",765,945,831,2973,2738,2641,3379,3163,2801,2651,2679
"ENSG00000113161",549.99999,899.99999,688,2990,2761,2798,3425,1866,2229,2527,2384
"ENSG00000113163",597.00001,3778.00001,987,542,504,560,538,466,628,697,592
"ENSG00000113194",496,426,427,919,970,1026,1039,1698,1908,2149,2080
"ENSG00000113205",12,12,21,82,72,72,73,69,77,112,122
"ENSG00000113231",221,192,128,70,30,41,35,70,57,64,61
"ENSG00000113240",441,517,406.99999,682,538,597,743,1013,1054,922,897
"ENSG00000113248",78,85,75,36,24,23,7,18,16,20,21
"ENSG00000113262",161,71,372.00001,42,32,28,29,258,152,127,178
"ENSG00000113269",1602.00001,1386,1294,2758,2494,2343,2556,1349,973,1721,1799
"ENSG00000113272",88,104,84,242,245,234,280,255,253,212,217
"ENSG00000113273",174.99999,146,158.99999,285,309,264,218,216,148,296,487
"ENSG00000113282",636,747,775.00001,1089,856,943,1035,1174,1568,1657,1660
"ENSG00000113296",141.00001,100,128.00001,231,304,259,271,354,273,382,338
"ENSG00000113300",340.99999,562.00001,427,457,333,460,342,460,395,425,509
"ENSG00000113312",594.00001,666.99999,558.99999,702,560,553,623,1099,897,879,843
"ENSG00000113318",414,459,395,442,369,384,322,429,340,463,447
"ENSG00000113319",1073,671.99999,621,391,323,375,443,596,530,595,743
"ENSG00000113327",26,27,21,173,153,142,220,217,204,260,228
"ENSG00000113328",1120.99999,1431,1094,8457,5563,6064,7727,4039,5041,4525,4398
"ENSG00000113356",54,80,91,41,35,31,27,91,63,46,80
"ENSG00000113360",739,564,535,784,762,781,895,848,986,1121,1017
"ENSG00000113361",463,438,314,2334,1723,2474,3019,2040,2355,4090,2915
"ENSG00000113368",381.99999,352,462,193,188,177,137,107,119,109,218
"ENSG00000113369",547.99999,885,776.00001,5775,3623,4050,5281,8496,14770,10613,10609
"ENSG00000113384",266,298,319,478,485,538,356,326,246,224,567
"ENSG00000113387",1355,1523,1508,2900,2347,2348,2517,4419,3644,2431,3118
"ENSG00000113389",21,16,13,44,10,18,24,21,49,33,21
"ENSG00000113391",1231.00001,924,965.00001,1560,1051,1282,1332,1532,1420,1872,1857
"ENSG00000113396",59,25,22,25,22,39,28,44,94,97,59
"ENSG00000113407",708,991.00001,801,1951,1538,1884,1940,2417,2710,2762,2387
"ENSG00000113441",442,458,317,762,502,692,698,514,604,842,850
"ENSG00000113448",1558,1239,1618,566,548,486,575,655,862,742,804
"ENSG00000113456",251.99999,307,233,913,748,726,860,994,913,671,887
"ENSG00000113460",279.99999,288.00001,274,442,398,419,481,718,540,561,477
"ENSG00000113494",31,98,83,85,69,100,80,105,119,109,127
"ENSG00000113504",307,307,221,656,756,863,752,503,655,844,848
"ENSG00000113522",208,204,204,510,323,358,406,725,728,704,799
"ENSG00000113532",96,139.99999,98,415,310,402,403,308,379,454,397
"ENSG00000113552",394,376,473,1500,1337,1272,1541,2070,2302,2021,2043
"ENSG00000113558",2767.99999,3032,3156.00001,8273,7865,7513,8408,10341,9485,6678,8777
"ENSG00000113569",394.00001,432,411,597,468,490,550,603,1001,941,1076
"ENSG00000113575",753.99999,839.00001,684,6108,4615,4847,5730,5046,4609,5970,5560
"ENSG00000113578",22,58.99999,34,55,29,18,50,53,104,269,168
"ENSG00000113580",195.99999,403.00001,295.00001,787,712,649,782,532,701,758,771
"ENSG00000113583",475,496,488,714,457,653,644,1068,1137,1073,1210
"ENSG00000113593",398,352.99999,423,279,199,237,219,376,431,408,448
"ENSG00000113594",131,123,111,582,534,577,562,396,261,452,435
"ENSG00000113595",324,450,470,855,613,710,868,650,815,803,725
"ENSG00000113597",590,627.00001,564.00002,343,270,317,338,596,648,488,572
"ENSG00000113615",287,311,277,557,450,595,651,604,565,864,692
"ENSG00000113621",486,553.99999,477.99999,775,690,671,838,1155,1228,956,1041
"ENSG00000113638",345.00001,623,366,646,500,525,684,862,974,904,920
"ENSG00000113643",475,563,529,400,290,418,418,747,648,823,726
"ENSG00000113645",371.00001,398.99999,569.99999,199,176,164,171,288,180,224,235
"ENSG00000113648",1233.00001,1455,1195.99998,7559,7201,6379,6973,7032,5561,5956,6953
"ENSG00000113649",1142.99999,1866,1250,2628,2189,2452,2697,1730,1655,2019,1908
"ENSG00000113657",1455.00001,1311,1255,6951,8834,7158,8235,3788,3659,6229,4884
"ENSG00000113658",625,765,646,1461,1070,1339,1406,1048,1325,1478,1400
"ENSG00000113712",1574,1437.99999,1424.00001,4538,3554,3815,4472,4678,5408,6093,5521
"ENSG00000113716",389,213,206,672,740,855,874,1087,1154,1723,1562
"ENSG00000113719",864,721.99998,627.99999,875,911,820,1217,658,678,1054,1048
"ENSG00000113721",321,305.99999,325,1417,1614,1424,1953,1927,3059,3522,3211
"ENSG00000113732",473,562.00001,514,1037,1188,960,1541,2310,2005,1858,2050
"ENSG00000113734",98,141,83,394,441,369,438,526,551,304,467
"ENSG00000113739",519,1031,819,298,350,407,352,464,526,761,518
"ENSG00000113742",646.00001,393.99999,524.00001,772,642,594,692,611,619,923,751
"ENSG00000113758",635,786,662,5627,5429,5474,6325,6591,6676,7485,6784
"ENSG00000113761",206.99999,263.99999,285,873,984,914,1181,1203,1568,1616,1494
"ENSG00000113763",46,51,42,94,81,55,94,68,65,82,53
"ENSG00000113790",27,27,7,15,23,12,17,51,60,82,37
"ENSG00000113805",282,478,483,144,93,107,120,143,85,98,109
"ENSG00000113810",794.00001,1224,1382.00002,1419,882,1132,1023,1418,1114,1100,1161
"ENSG00000113811",899,1164,1090,2829,2593,2406,2879,3289,2749,2150,2661
"ENSG00000113812",145,166,175,465,425,427,502,512,846,993,1010
"ENSG00000113838",173,197,160,343,282,267,396,605,519,634,531
"ENSG00000113845",473,634.00001,551.99999,638,779,714,724,1537,1428,1133,1333
"ENSG00000113851",333.00001,390,356,1205,933,991,1198,1845,1631,1398,1470
"ENSG00000113916",90.99999,95.99999,94.00001,99,100,81,143,152,307,378,329
"ENSG00000113966",521,716.00001,827.99999,339,230,295,280,876,794,501,694
"ENSG00000113971",385,354.99999,330,161,107,172,134,192,145,166,201
"ENSG00000114019",337,273,352.99999,1993,1994,1896,2860,1820,2412,2659,2664
"ENSG00000114021",257,235,226,549,587,512,532,1168,980,774,944
"ENSG00000114023",1860,3018,2341,2163,1980,1953,2291,4033,3969,3150,3102
"ENSG00000114026",181.00001,302.99999,229.99999,635,628,537,576,815,851,773,834
"ENSG00000114030",718,1031.99999,730.00001,1328,1234,1314,1499,1601,2003,2324,2129
"ENSG00000114054",1023,550,640.99999,1393,1462,1256,1777,1583,1854,1745,1608
"ENSG00000114062",1169.99999,1319,856,2257,1814,2078,1945,1810,1624,2396,2484
"ENSG00000114098",1030,1401,1849.99998,1429,1099,1200,1267,1281,1568,1578,1467
"ENSG00000114107",773,943.99999,890,1080,796,838,981,1067,1083,915,1103
"ENSG00000114115",6277.99999,9545.99999,6420.99999,21959,23283,19139,21465,19563,14552,14473,14156
"ENSG00000114120",1067.00001,1593.99998,1533.99999,3429,2299,2609,3261,2110,2138,1840,1916
"ENSG00000114125",1035.99999,1293,1141.99999,4309,3797,3632,4217,3318,2969,2381,2682
"ENSG00000114126",1429,1896,1678,2708,2066,2228,2593,1716,1821,2190,2229
"ENSG00000114127",1176,1112,1244,743,461,558,675,657,681,763,751
"ENSG00000114166",261,245,359,183,136,156,95,288,233,176,247
"ENSG00000114200",458,844,476.00001,934,639,720,883,989,1027,1267,1065
"ENSG00000114209",504,569.99999,689,437,342,450,415,879,836,599,668
"ENSG00000114251",140,143,124.99999,590,361,450,437,348,356,399,575
"ENSG00000114268",1409,1633,1204.99999,642,618,869,805,928,1296,1906,1252
"ENSG00000114270",229.00001,222,224,175,159,177,189,295,186,263,247
"ENSG00000114279",116,92,64,246,283,231,326,201,142,217,200
"ENSG00000114302",657,686,664.00001,1248,1153,1226,1244,947,880,1085,1142
"ENSG00000114315",1000,1386,1913,656,497,468,426,940,804,459,700
"ENSG00000114316",402,510,390.00001,1354,1401,1209,1590,1358,1636,1662,1519
"ENSG00000114331",748.00002,999.99999,975,596,532,481,530,562,491,660,800
"ENSG00000114346",434,649,377,1239,843,1022,990,1168,1255,1154,1051
"ENSG00000114349",23,9,29,5,8,9,8,73,180,208,144
"ENSG00000114353",1448.99999,1910,1809.00001,3489,4914,4313,2883,1384,977,1770,3471
"ENSG00000114354",1570.00001,2116.99998,1409,3189,2547,2777,3268,3089,2785,3449,3465
"ENSG00000114383",224,198,224,604,733,669,794,706,487,746,727
"ENSG00000114388",206.99999,307.99999,269.00001,1401,1559,1316,1661,2139,1550,1284,1379
"ENSG00000114391",4547.00001,6411,5452,6187,7447,5660,6608,7899,5612,3077,4828
"ENSG00000114395",86,101.00001,99,191,213,192,167,413,367,386,312
"ENSG00000114405",271,348,367,512,464,535,443,872,650,490,669
"ENSG00000114416",1777,1936.00001,1922.00001,1751,1236,1406,1696,1303,1145,1203,1208
"ENSG00000114423",1190.00001,3676.99999,1993.00001,879,677,702,953,977,1150,1100,1246
"ENSG00000114439",1392.00001,2302.99999,2009,2989,2505,2751,3315,2352,2262,2993,2536
"ENSG00000114446",509,627,666,1360,1135,1189,1199,2149,2104,1896,2167
"ENSG00000114450",271.00001,624.99999,295,702,412,509,573,371,456,519,533
"ENSG00000114473",200,234,185.00001,208,239,203,199,313,294,453,345
"ENSG00000114480",513,798,526,549,349,529,671,509,621,619,568
"ENSG00000114491",178,222.99999,212.00001,208,188,261,264,560,505,599,515
"ENSG00000114503",636.00001,652,796.99999,2769,2275,2499,2718,2873,3201,3129,3102
"ENSG00000114520",692,768,696.99999,1282,924,1101,1078,1444,1755,1462,1611
"ENSG00000114541",643,718,782.99999,851,665,811,977,900,1146,1285,1313
"ENSG00000114544",355,459.99999,387,2200,2308,1865,2597,2020,2152,2118,2327
"ENSG00000114554",266,277,236,831,1059,1034,1101,980,789,1081,915
"ENSG00000114573",820,1035.99999,946.99999,5609,5233,4940,6263,5271,5760,6470,5945
"ENSG00000114626",69.99999,123.00001,93.00001,293,241,286,336,413,423,389,347
"ENSG00000114631",262,248,299,1389,2184,1577,1290,467,371,957,1379
"ENSG00000114646",622.99999,454.99999,580,126,107,147,136,199,116,165,126
"ENSG00000114648",172,182,211.00001,432,461,565,526,528,699,833,788
"ENSG00000114650",394.00001,381,337,2067,2292,2372,2327,2158,2568,3689,3262
"ENSG00000114656",94,80,61,77,67,80,94,39,44,52,66
"ENSG00000114670",148,54,106,38,56,35,34,104,103,77,95
"ENSG00000114686",498.00001,282,511.00001,755,561,642,636,867,883,840,927
"ENSG00000114698",61,91,150,51,39,34,70,87,93,72,74
"ENSG00000114735",271,273,243,691,686,678,619,829,826,725,750
"ENSG00000114737",34,44,33,138,188,148,181,168,170,242,175
"ENSG00000114738",201,265.00001,152,1441,1378,1490,1619,1846,2564,2316,2267
"ENSG00000114739",413,472,389,1468,1031,1424,1474,686,839,1181,1014
"ENSG00000114742",231,516,340,2839,2047,2576,2904,2697,3491,3487,3380
"ENSG00000114744",389,370,350,1241,967,1049,1038,1810,1856,1401,1520
"ENSG00000114745",231.99999,240,234.99999,824,847,863,1254,1022,1387,1668,1371
"ENSG00000114757",1288,1419,884.00001,311,303,373,239,818,715,855,920
"ENSG00000114767",66,96,62,341,418,364,390,611,639,657,587
"ENSG00000114770",424.99999,478,532.99998,1141,1040,1167,1093,1471,1648,1871,1624
"ENSG00000114779",115,104.99999,132,773,866,748,1097,1065,1410,1168,1265
"ENSG00000114784",1066,1301,1174,4402,3703,3654,4489,3169,2697,2401,2646
"ENSG00000114786",65.99999,64,42,302,431,396,362,462,316,469,561
"ENSG00000114790",905,1215,1160,647,502,583,626,1081,1219,1386,1235
"ENSG00000114796",998.00001,1250.99999,1211.00003,4326,2921,3305,4551,2409,3364,3330,3126
"ENSG00000114805",420,911,753,1108,854,1047,1238,1184,1595,1636,1559
"ENSG00000114841",103.00001,72.00001,77,57,55,61,72,98,63,103,121
"ENSG00000114850",888.99999,964.00001,1005,3010,2102,2158,3029,2044,2847,2924,2601
"ENSG00000114853",68,45,75,21,51,29,53,107,89,94,97
"ENSG00000114854",7,16,17,44,68,46,81,63,59,42,64
"ENSG00000114857",1434,1516.99999,1753.00001,1753,1114,1289,1205,1490,927,1180,1274
"ENSG00000114859",117,64.00001,107,102,159,108,118,120,79,168,176
"ENSG00000114861",1980,1924.99999,2340,2503,2337,2188,2287,2326,2367,2957,3207
"ENSG00000114867",853,725,461,1577,1940,1774,2079,2139,2534,2953,2566
"ENSG00000114902",1462.00001,1614.99999,1577,2330,1842,2062,2014,4261,3303,2736,3218
"ENSG00000114904",303,283,319,501,434,459,562,585,614,782,686
"ENSG00000114923",138,107,95,208,403,312,320,240,249,368,342
"ENSG00000114933",334,326,311,407,384,448,334,385,357,386,401
"ENSG00000114942",1176,1641.00001,1434.99999,4776,5253,4291,4559,4848,4591,3147,4078
"ENSG00000114948",225,215,220,99,131,97,76,71,85,109,72
"ENSG00000114956",831,865,887.00001,2283,2525,2206,2624,3104,2569,1983,2377
"ENSG00000114978",668,733,796,2210,1436,1770,2052,2570,3014,2367,2800
"ENSG00000114982",780,646,825,2481,2156,2163,2726,2226,3409,3290,3081
"ENSG00000114988",230,167,159,601,653,625,814,1171,1330,1231,1040
"ENSG00000114993",133.00001,171,128.99999,242,284,253,258,527,638,656,608
"ENSG00000114999",342,430,323,376,395,307,438,491,461,362,457
"ENSG00000115020",609.99999,585,614.99999,502,420,459,525,478,609,859,659
"ENSG00000115041",41,18,43,29,65,34,91,143,142,129,136
"ENSG00000115042",190,248,216.99999,803,927,770,946,908,898,878,842
"ENSG00000115053",3812.00001,4466,4129.00001,10296,9043,9407,10883,9821,11468,11529,11006
"ENSG00000115073",488,577,543,755,1000,814,747,913,719,878,858
"ENSG00000115084",633.99999,601.99999,654,852,514,654,763,722,744,921,829
"ENSG00000115091",799,901,805,3288,2347,2736,3024,3541,4068,3831,3684
"ENSG00000115109",857.00001,774.00001,834,1413,1059,1183,1413,1048,1802,1960,1735
"ENSG00000115128",858,965,952,1651,1260,1390,1343,2103,1541,1339,1564
"ENSG00000115129",299,105,106,202,274,174,243,384,337,320,363
"ENSG00000115137",136,184,165,407,254,336,493,291,396,505,496
"ENSG00000115145",299,326,303,374,258,295,329,527,521,561,553
"ENSG00000115159",184,276,254,647,424,589,602,466,682,698,642
"ENSG00000115163",73,231,227,228,171,155,169,73,71,99,120
"ENSG00000115170",325.99998,291.99999,248.00001,99,96,97,93,235,211,224,233
"ENSG00000115183",478.99999,599.99999,496,605,456,539,621,739,844,1527,1051
"ENSG00000115204",331,422.00001,398,1626,1632,1374,1605,2794,2400,2239,2402
"ENSG00000115207",272,299,291,769,805,834,994,1289,1678,1954,1759
"ENSG00000115211",233.99999,258,262,1064,1148,977,1071,1750,1699,1725,1643
"ENSG00000115216",505,662.99999,544,2093,2277,1972,2738,3723,3994,4279,4057
"ENSG00000115226",83,105,72,103,128,107,131,59,46,78,52
"ENSG00000115232",36,75,53,97,64,76,86,167,235,375,254
"ENSG00000115233",470,583.99999,505,1565,1322,1285,1467,2204,2176,1814,2123
"ENSG00000115234",523,513,545,3056,3470,2931,3671,5148,5286,5364,5260
"ENSG00000115239",945,777,902,1212,1203,1093,1340,1493,1499,1374,1506
"ENSG00000115241",557,757,653,2435,2826,2092,2460,1456,1244,2118,2641
"ENSG00000115252",39,63.99999,20,65,96,102,76,49,70,116,88
"ENSG00000115255",140,209,157,694,696,649,672,803,623,737,785
"ENSG00000115257",59,63,47,109,97,116,114,93,89,70,98
"ENSG00000115266",310,363.00001,228,335,501,487,398,329,282,506,376
"ENSG00000115267",18,18,36,9,7,3,5,17,19,18,34
"ENSG00000115268",4399,6762,5928.99999,11362,13540,10670,12951,13977,10945,8094,9587
"ENSG00000115271",123,336,298.00001,469,396,441,563,649,597,732,613
"ENSG00000115274",41,82,20,89,100,67,65,65,62,58,71
"ENSG00000115275",171,131.99999,129.99999,856,1059,906,939,467,402,962,1169
"ENSG00000115282",105,114.99999,121,407,429,385,363,815,716,845,673
"ENSG00000115286",588.99998,751.00001,681.00001,3775,4440,3864,4365,4424,3578,3489,3695
"ENSG00000115289",108,147.00001,119,345,358,322,400,388,418,401,356
"ENSG00000115290",11,26.00001,21,20,16,16,30,18,18,13,25
"ENSG00000115295",611.00002,798.00001,673,205,166,204,191,189,208,336,319
"ENSG00000115306",1212.99999,878,873,4937,5248,5141,6026,3785,4604,6274,5741
"ENSG00000115307",492.99999,506.00001,466,1485,1530,1435,1534,2040,1702,1972,1636
"ENSG00000115310",6896.00001,8448.00002,7679.00002,7031,5163,6309,4659,7501,5271,6101,6360
"ENSG00000115317",95.99999,98.00001,96.99999,463,531,493,492,767,668,663,662
"ENSG00000115318",375,584,477,1348,1256,1508,1817,1278,2060,2448,1776
"ENSG00000115325",38,57,48,136,112,111,201,160,193,241,243
"ENSG00000115350",191,136,162,337,392,250,405,431,335,272,370
"ENSG00000115353",14,15,9,17,45,29,21,35,47,133,90
"ENSG00000115355",2106,2462.00001,2593,2158,1565,1675,1617,2358,1843,2185,2322
"ENSG00000115363",55,55,48,54,81,83,112,186,151,262,203
"ENSG00000115364",312,425,308,1942,1252,1503,1706,1216,1209,1247,1247
"ENSG00000115365",445,588,498.00001,2333,1826,2214,2280,2166,3131,3104,2864
"ENSG00000115368",302.00001,358,269,341,226,325,398,455,459,527,456
"ENSG00000115380",239,132.00001,227.00001,1665,2267,1603,2830,3120,3976,2875,3862
"ENSG00000115392",1751.00002,685.99998,804.99996,845,669,737,729,1324,1184,987,1181
"ENSG00000115414",294.99998,242.99999,245.99999,1470,2066,1485,1930,1811,2411,5799,3953
"ENSG00000115415",373.99999,265,263,910,750,758,1031,986,1474,1651,1417
"ENSG00000115419",616,595.99999,650.99999,300,234,187,153,286,145,190,183
"ENSG00000115421",431,348,309.99999,316,251,324,396,499,609,603,602
"ENSG00000115423",82,77,53,34,18,25,28,32,36,56,28
"ENSG00000115425",188.00001,252.00001,148,248,196,173,233,340,344,337,349
"ENSG00000115446",439,447,496.99999,408,390,458,519,1052,890,871,988
"ENSG00000115457",2369,4034,3524.99999,837,867,843,893,729,499,516,590
"ENSG00000115459",195,343.99998,210,514,541,491,586,605,595,632,580
"ENSG00000115461",3005,2589,3405,3461,2813,2852,3418,3512,3346,3774,3606
"ENSG00000115464",1688.00001,1656,1726.00001,1765,1527,1686,1704,2132,1912,2398,2284
"ENSG00000115468",25,19,36,156,194,181,126,77,72,82,199
"ENSG00000115474",107,113,132,170,145,119,179,783,689,443,781
"ENSG00000115484",1381,1470,1344,6200,5386,5261,6373,5347,5049,4315,4771
"ENSG00000115486",213.99999,374.99999,371.00001,525,436,427,582,699,768,876,811
"ENSG00000115504",1091.99999,877,1026,965,854,1035,1085,1334,1381,1285,1362
"ENSG00000115507",28,22,11,288,492,349,530,448,474,208,516
"ENSG00000115514",274,334,299,287,255,237,266,507,406,294,399
"ENSG00000115520",182,115,131,493,318,347,447,518,578,486,475
"ENSG00000115524",1737.00001,1996.00001,1876.00001,9478,7974,8194,9991,10674,13803,12269,12338
"ENSG00000115525",406.00003,298.99997,440.99999,430,371,411,354,289,206,401,494
"ENSG00000115526",147,105,112,171,280,264,265,296,272,376,369
"ENSG00000115539",147,294,205,359,275,291,284,502,393,350,333
"ENSG00000115540",492,638,666,1398,816,1036,1212,1240,1547,1229,1405
"ENSG00000115541",1655,1632.99999,1481,1395,1355,1334,1289,2730,2102,1736,1944
"ENSG00000115548",1077.99999,1293.00001,1235,2306,1820,2302,2503,2738,4875,5425,4432
"ENSG00000115556",47.99999,25,10.00002,91,106,73,59,220,219,366,329
"ENSG00000115561",533.99999,663,574,1463,1129,1307,1264,1376,1456,1634,1559
"ENSG00000115568",198,153.99999,127,461,476,523,587,639,581,732,725
"ENSG00000115594",22,24,9,6,4,3,16,21,12,50,29
"ENSG00000115641",126,58,46,211,197,179,226,256,230,256,221
"ENSG00000115649",333,363.99999,303.99999,1440,1481,1376,1653,1473,1940,2099,1839
"ENSG00000115652",226,227.99999,188,379,399,409,456,514,444,517,475
"ENSG00000115657",159,160.99999,173,663,751,681,849,752,813,1254,996
"ENSG00000115661",103.00001,106.00001,101,373,480,348,528,473,592,567,502
"ENSG00000115677",1413,1534,1318.00001,8526,8605,7774,9725,7498,9547,10477,9770
"ENSG00000115685",383.00001,508,528,830,849,815,883,1048,901,922,905
"ENSG00000115687",128.00001,136.99999,173.00001,329,274,254,306,388,530,550,525
"ENSG00000115694",701.00001,833,707.00001,5425,5474,5223,5873,3739,3709,4993,4782
"ENSG00000115738",337,434,253,1877,2147,1510,2415,1482,1648,1745,1471
"ENSG00000115750",433.99999,322.00001,240.99999,218,230,228,148,424,402,486,444
"ENSG00000115756",181.99999,117.99999,254,414,690,626,353,186,109,193,290
"ENSG00000115758",885,1014.99999,812,1340,1252,1189,1148,1027,883,890,894
"ENSG00000115760",1637,1859,1976,1350,968,1192,1215,1380,1133,2120,2341
"ENSG00000115761",609.99998,478.99998,780.99999,472,376,384,448,635,735,657,713
"ENSG00000115762",619,651,556,2907,2592,2840,3363,3717,4161,4687,4323
"ENSG00000115806",526,548,525,2577,2273,2407,2736,3209,3394,3471,3435
"ENSG00000115808",307,353,309,181,128,207,157,215,156,135,254
"ENSG00000115816",473,409,412,896,796,814,936,1096,1064,970,953
"ENSG00000115825",444.99999,708,659,527,415,454,509,1023,1249,1119,1123
"ENSG00000115827",200,178,205.99999,448,318,434,388,356,527,601,532
"ENSG00000115839",1151.00001,1704,1732.00001,1561,1167,1335,1533,1696,1653,1762,1608
"ENSG00000115840",508,484.99999,468.00001,490,443,441,540,718,721,738,859
"ENSG00000115841",114,111.00001,154,118,93,129,138,168,138,151,150
"ENSG00000115844",12,23,8,16,43,22,25,9,6,6,9
"ENSG00000115866",1154,1680.00001,1699,2702,2127,2455,2641,2983,2928,3017,2881
"ENSG00000115875",989.00001,1192,1109.99999,2227,1966,1909,1842,3951,3416,2546,3047
"ENSG00000115884",46,45,52,108,173,175,115,61,86,61,178
"ENSG00000115896",33,59,29,94,90,116,82,68,44,103,120
"ENSG00000115902",169.00001,175,105.99999,237,372,268,270,315,324,350,375
"ENSG00000115904",922.00001,903.99999,674,303,249,296,283,482,427,396,451
"ENSG00000115919",26,8,15,48,27,38,19,24,28,50,41
"ENSG00000115935",235.99999,263.00001,266,275,169,283,254,186,238,219,194
"ENSG00000115942",253,273,277,172,123,163,143,264,269,210,254
"ENSG00000115944",1157,1609.99999,1329,3468,3147,2951,3593,3518,2937,2502,2762
"ENSG00000115946",156,140,154,234,160,178,225,527,467,402,509
"ENSG00000115947",1589,1252.00001,941.00001,1402,934,1110,1205,1502,1395,1333,1515
"ENSG00000115963",426,477,492,1379,1353,1293,1512,1899,2287,2003,2265
"ENSG00000115966",1251,1859.99999,1590.99999,2667,1923,2328,2766,1896,2254,2105,2236
"ENSG00000115970",605,624.99999,406.99999,419,309,355,515,914,1078,1261,1051
"ENSG00000115977",737.00001,621.99999,459.99999,577,479,567,592,549,510,758,727
"ENSG00000115993",777,689,761,429,370,493,361,1670,1093,1055,1180
"ENSG00000115998",105,137,108,121,101,99,91,180,147,206,238
"ENSG00000116001",1583.99999,1777,1771.99999,2619,2054,2223,2105,4602,4075,2492,3378
"ENSG00000116005",522,567,602,2582,2006,2128,2799,2747,3605,3573,3638
"ENSG00000116016",58,48,66,279,279,228,431,199,305,524,507
"ENSG00000116017",227,393,323,153,141,206,169,108,129,171,142
"ENSG00000116030",959,1268.00001,1355,3046,2344,2448,2618,4673,3924,2903,3648
"ENSG00000116031",53,47,62,205,135,189,166,130,138,127,102
"ENSG00000116035",823,601,661,1047,985,1148,888,1033,727,838,1147
"ENSG00000116039",509,763,828,4022,3435,3337,3411,3150,3006,2570,2759
"ENSG00000116044",499,622.99997,731.00002,1480,1513,1271,1446,1230,1047,1428,1825
"ENSG00000116062",1236,1553,1243.00001,2431,1931,2199,2524,2719,3131,3365,3485
"ENSG00000116095",340,330,410,278,211,263,208,250,263,356,370
"ENSG00000116096",15,19,20,38,48,29,41,16,2,33,54
"ENSG00000116106",233.99999,508,363,662,511,689,693,488,503,881,614
"ENSG00000116117",294,316,373,412,434,348,381,341,286,369,531
"ENSG00000116120",376,460,386,1460,1049,1162,1210,1641,1585,1588,1693
"ENSG00000116127",1463.00002,1418.99999,2238.99997,663,599,610,595,772,555,761,945
"ENSG00000116128",445,407.99999,346,1005,910,1057,1368,1046,1119,1643,1328
"ENSG00000116133",138,278,172,4158,4804,3973,4751,1702,2500,2124,2552
"ENSG00000116138",319,294.00001,244.99999,202,181,222,216,260,421,395,418
"ENSG00000116141",801.00001,594.99999,451,293,246,329,214,290,241,284,385
"ENSG00000116147",67,44,34,250,306,319,298,273,314,466,376
"ENSG00000116151",214.00002,184.00001,156,322,299,279,267,389,383,420,371
"ENSG00000116157",151,160,421,163,162,121,170,259,168,158,170
"ENSG00000116161",583.99999,846,673,2786,2203,2198,2410,3221,2592,2308,2702
"ENSG00000116171",967.99999,1390,1223,2062,1400,1703,1614,2493,2651,2287,2496
"ENSG00000116183",34,32,21,259,214,208,253,260,333,520,415
"ENSG00000116191",1380,1336,851.00001,806,456,621,766,736,822,794,850
"ENSG00000116194",177,162,400,303,232,238,286,540,540,779,546
"ENSG00000116198",656,440,414,311,277,264,203,180,132,171,341
"ENSG00000116199",239,304,262,401,320,359,402,380,393,392,482
"ENSG00000116205",106,101,93,387,351,345,442,468,559,604,527
"ENSG00000116209",1727,1964.00001,1788,6228,5521,5312,6460,7799,7531,6272,6999
"ENSG00000116212",305,328,319.00001,828,757,739,986,749,858,831,801
"ENSG00000116213",138,204,146.99999,507,495,591,520,985,794,852,885
"ENSG00000116221",398,411,385,1885,1929,1729,2198,1997,1965,2045,1902
"ENSG00000116237",356,318,225,80,119,99,74,205,163,179,248
"ENSG00000116251",4291,5957.00001,5468,3976,3439,3300,3446,3199,2761,2030,2529
"ENSG00000116254",26,53,37,103,171,83,132,92,75,145,91
"ENSG00000116260",225,237,221,347,467,419,454,483,520,940,866
"ENSG00000116266",415,434,444,499,332,402,451,793,850,811,902
"ENSG00000116273",134,146,117,426,426,437,622,256,228,475,585
"ENSG00000116285",200,158,139,808,550,561,521,443,340,604,525
"ENSG00000116288",1579.99999,1623,1558.00001,5999,6383,5337,6680,8351,6889,5927,6824
"ENSG00000116299",48,57,52.00001,123,163,127,218,119,98,206,159
"ENSG00000116329",31,36,35,21,22,36,20,31,48,84,67
"ENSG00000116337",335.99999,540.99998,462,2131,2517,2182,3062,2375,3464,3812,3577
"ENSG00000116350",1129.99999,1390.99999,1096.00001,3772,3830,3475,3488,1559,1192,1866,2629
"ENSG00000116353",243.99999,206.99999,144,348,433,450,489,764,670,748,758
"ENSG00000116396",16,28,21.99999,31,21,32,63,18,14,11,30
"ENSG00000116406",360,364,341.99999,495,264,465,391,476,529,739,625
"ENSG00000116455",157,187,158,569,663,552,561,926,1067,1233,1062
"ENSG00000116459",1107,1322,1165,6369,5527,5439,6099,7871,8215,5785,6935
"ENSG00000116473",423,562,477,635,403,491,500,615,612,536,565
"ENSG00000116478",393,550,581.00001,2028,1998,1731,1817,2732,3146,2792,2958
"ENSG00000116489",777,1067,1113,3820,2711,3265,3355,4467,4078,3807,4131
"ENSG00000116497",530,488,503,880,650,748,762,855,1055,1014,1057
"ENSG00000116514",93,88,65,71,114,68,74,61,58,66,50
"ENSG00000116521",383,398,368,1243,1441,1329,1563,1821,1611,1833,1620
"ENSG00000116525",165,131,135,192,216,186,237,226,161,231,280
"ENSG00000116539",1403.99998,2086.00002,1518.99998,1073,785,918,854,1115,790,1143,1132
"ENSG00000116544",27,23,13,46,28,41,26,10,6,13,24
"ENSG00000116560",1995,2076,2045.00002,1065,1244,1128,727,1310,844,821,1413
"ENSG00000116574",100,92,105,153,116,158,115,176,143,165,140
"ENSG00000116580",451.99998,499.99999,518.99999,630,680,700,726,1068,1053,1361,1217
"ENSG00000116584",328.00001,296.00001,278.00001,438,455,453,508,565,645,820,618
"ENSG00000116586",460.99999,538,497,1106,1212,1094,1336,1577,1374,1274,1244
"ENSG00000116604",554,378,393.00001,288,378,376,307,163,191,278,358
"ENSG00000116641",1894,2260,1606.00001,687,517,645,537,746,593,758,731
"ENSG00000116649",317,309,258,201,290,205,202,263,217,175,222
"ENSG00000116661",34,95,32,137,133,96,112,66,46,77,125
"ENSG00000116663",74,56,36.00001,98,157,72,131,158,159,160,178
"ENSG00000116667",355,511,397,1819,1723,1617,2049,1512,1640,1877,1805
"ENSG00000116668",174,278,188.00001,186,134,146,176,258,280,174,190
"ENSG00000116670",339,579,444,3249,3478,2809,3420,2800,2468,2607,2695
"ENSG00000116675",257.99999,389.99999,249,678,638,666,761,411,470,770,757
"ENSG00000116678",57,110,92,227,205,199,220,213,223,181,236
"ENSG00000116679",990,982.00001,810,2990,2321,2673,3326,3208,4037,4032,4118
"ENSG00000116685",119,176,153,224,215,218,168,270,129,173,176
"ENSG00000116688",571.99998,569.99999,537,1819,1939,1940,2533,1886,2810,3611,3005
"ENSG00000116691",106.00001,182,140,817,969,765,969,867,817,879,714
"ENSG00000116698",453,654,469.99999,1738,1568,1511,1830,1510,1740,1930,1880
"ENSG00000116703",731,869,1225,2182,1745,1902,1566,5184,4542,3959,4149
"ENSG00000116704",192,227,228,214,131,162,176,213,244,339,279
"ENSG00000116711",40,22,41,117,73,74,128,127,203,213,217
"ENSG00000116717",847.99999,738,686,1283,1141,1073,1156,1122,853,1147,1362
"ENSG00000116729",73,76,112,331,692,535,650,612,531,575,613
"ENSG00000116731",456,615,693,578,652,640,640,649,549,622,586
"ENSG00000116741",131,161,140,913,899,836,922,912,750,696,782
"ENSG00000116745",17,25,23,91,102,81,152,178,145,120,180
"ENSG00000116747",834.00001,1687.99999,1237.00001,3942,2728,3244,3574,3580,3339,3958,3711
"ENSG00000116750",559.00001,315.99999,427.00001,550,420,521,542,723,775,781,769
"ENSG00000116752",386,448,466,656,593,575,624,1100,839,764,867
"ENSG00000116754",2057.99999,2648.00001,2035.00001,4185,3754,3426,4290,3954,3398,2720,3177
"ENSG00000116761",103,107,54,140,155,164,256,216,227,274,213
"ENSG00000116774",22,17,10,76,49,115,53,117,150,177,163
"ENSG00000116786",315.99999,411,319,431,539,465,505,530,531,735,598
"ENSG00000116793",1015.99999,699,958.00001,800,510,590,640,626,515,687,835
"ENSG00000116809",218.00001,205.99999,245,508,591,530,590,954,852,962,898
"ENSG00000116815",87,75,73,111,66,80,59,277,314,189,245
"ENSG00000116830",245,219,228,415,321,309,290,493,438,475,501
"ENSG00000116852",513.99999,420,349.00001,1090,1231,1165,1167,674,677,1009,927
"ENSG00000116857",745.99999,897.99999,880.00001,3586,4158,3559,4543,4148,4084,3791,3775
"ENSG00000116863",282,281,249,569,682,692,701,1130,860,1334,1194
"ENSG00000116871",337,405,330,376,434,417,431,308,243,298,301
"ENSG00000116874",174,125,129,530,458,415,610,394,528,426,500
"ENSG00000116885",101,283,131,174,170,184,228,307,322,356,320
"ENSG00000116898",422.00001,440,325,838,1032,863,905,1430,1166,850,1056
"ENSG00000116903",38,29,38,89,90,44,97,87,104,93,60
"ENSG00000116906",394,536,535,969,728,798,832,1081,1025,1033,937
"ENSG00000116918",277.99999,339,405,894,602,717,688,1106,1237,1037,1091
"ENSG00000116922",109,115,132,308,339,363,403,514,468,515,483
"ENSG00000116954",184,246,149,262,214,231,221,302,267,282,295
"ENSG00000116962",103,82,76,314,480,334,451,272,279,450,431
"ENSG00000116977",288.99999,163,284.99999,420,281,333,385,303,374,414,353
"ENSG00000116984",938.00001,1063,1012,526,414,541,509,506,631,711,735
"ENSG00000116990",51.00001,38,35,144,191,129,162,120,91,144,134
"ENSG00000116991",441.99999,260,391.99999,177,211,211,167,180,152,273,208
"ENSG00000117000",350,582,635,982,754,1048,1105,1270,1813,2016,1862
"ENSG00000117009",66,19,42,4,4,2,7,21,17,19,34
"ENSG00000117010",69.99999,56.99999,45,36,33,41,48,90,61,78,65
"ENSG00000117016",172,190,161,1329,1442,1358,1069,491,376,682,736
"ENSG00000117020",3562,2434.00001,3157,1848,1250,1421,1427,1237,979,1150,1197
"ENSG00000117036",159,158,135,349,206,278,335,175,207,325,292
"ENSG00000117054",1256.99999,1289,694,895,654,719,669,1264,1286,1133,1246
"ENSG00000117069",63,58,28,285,235,203,215,100,96,284,253
"ENSG00000117114",5454,6035,8594.00002,774,556,769,691,1260,1206,1533,1559
"ENSG00000117115",25,27,19,108,129,146,108,187,171,275,227
"ENSG00000117118",561,542,497,1779,1790,1717,1929,2411,2254,2091,2088
"ENSG00000117122",465,549.99999,534.00001,2706,3021,2605,3413,6044,6111,5297,6043
"ENSG00000117133",289,337,328,664,456,504,598,744,604,534,639
"ENSG00000117139",1492,1374.99999,2852.99999,5132,4515,5144,5898,4537,5532,8614,7479
"ENSG00000117143",211,321,311,997,797,843,949,909,1030,1109,1153
"ENSG00000117151",346.00001,412,463,831,598,605,793,917,955,939,1044
"ENSG00000117152",34,30,21,95,73,103,80,174,198,262,205
"ENSG00000117153",277,426,718,1512,1327,1362,1770,1773,1956,2222,2260
"ENSG00000117154",307,244,308,110,144,118,95,257,107,155,156
"ENSG00000117155",959,787.00001,1026.00001,2341,1394,1797,2116,2650,3181,3287,3149
"ENSG00000117174",240,282,347,449,331,391,414,426,538,557,577
"ENSG00000117222",191,267,442,716,613,673,890,767,889,942,794
"ENSG00000117245",33.00001,55,23.00001,133,137,122,137,36,51,39,51
"ENSG00000117262",143.99999,118,91,435,367,347,449,637,663,731,629
"ENSG00000117266",245,239,388.00001,350,445,457,538,482,512,525,601
"ENSG00000117280",36.00001,74.99998,116,160,210,153,238,250,305,384,286
"ENSG00000117298",282,213,155,1029,1047,1075,1336,1130,1655,2163,1789
"ENSG00000117305",265.00001,300,298,565,658,755,802,1401,1199,1571,1301
"ENSG00000117308",148,162.00001,108.99999,386,532,478,468,793,622,713,658
"ENSG00000117318",589,892,387,1556,2153,2003,2252,4103,5695,3305,4376
"ENSG00000117322",20,24,12,19,28,19,57,28,26,32,43
"ENSG00000117335",868.00001,1165,1099,2651,1879,2353,2323,2616,2550,2062,2150
"ENSG00000117360",283,285.99999,342,1054,1063,992,1249,1226,1073,1018,1056
"ENSG00000117362",244,316,287,1454,1432,1495,1814,1871,1943,2023,1893
"ENSG00000117385",196.00001,190.00001,224.99999,842,1102,1027,760,375,223,457,1084
"ENSG00000117394",9240,12274,12461,26115,26557,27147,40655,31423,52968,52489,46848
"ENSG00000117395",301,361,369,501,616,485,522,1193,913,916,836
"ENSG00000117399",171,268,206,3716,3575,3175,4232,1648,2064,2085,1568
"ENSG00000117408",157,146,139,695,822,713,835,1064,1756,2118,1791
"ENSG00000117410",896.99998,972.99999,922,5601,7121,5490,6360,8599,7247,6263,6795
"ENSG00000117411",210.00001,221.99999,169,132,196,178,142,246,161,148,173
"ENSG00000117419",380,684,525,1250,1544,1237,1356,1493,1461,1381,1677
"ENSG00000117425",94,45,29.00001,36,53,31,31,51,48,80,57
"ENSG00000117448",553,547,421,2510,2850,2381,2870,3007,2538,2588,2642
"ENSG00000117450",3217,3025,3527,5504,5175,4920,5069,10439,9124,7960,8943
"ENSG00000117461",411.00001,377,406.00001,1197,1432,1249,1481,1614,1719,1834,1912
"ENSG00000117472",12,28,19,73,35,42,27,32,52,25,15
"ENSG00000117475",246,284,319,299,246,234,311,419,439,478,468
"ENSG00000117477",335,464.99999,449.00001,535,295,348,390,535,481,483,469
"ENSG00000117479",114,185,121,214,180,178,174,225,238,304,201
"ENSG00000117480",126,219,159,211,244,251,144,190,149,171,292
"ENSG00000117481",256.00001,201,183.00001,465,393,392,450,552,545,780,556
"ENSG00000117500",352,420.00001,384,1127,700,822,1005,898,1084,1098,992
"ENSG00000117505",362,406,303,1852,1086,1304,1440,938,976,1162,1336
"ENSG00000117519",1368,1642.00001,1858,14298,12681,11290,15508,13763,14582,13316,14610
"ENSG00000117523",3177.99998,3002.00001,2670.99999,2286,1866,2209,2178,2212,1721,2378,2387
"ENSG00000117525",106,61,151.99999,107,114,83,140,143,181,434,252
"ENSG00000117528",581,625,516,1002,782,803,762,1326,1617,1519,1432
"ENSG00000117533",130,278,214,612,358,456,479,480,580,434,506
"ENSG00000117543",483.00001,403,356,579,552,470,706,818,723,593,658
"ENSG00000117569",2680.99999,2383.00001,3649,1496,896,1254,1037,1705,1652,1410,1413
"ENSG00000117586",18,24,12,14,11,20,16,18,23,46,42
"ENSG00000117592",1365,1482,1241,6529,5634,5229,6777,5986,5537,4365,5148
"ENSG00000117593",478,311,371,324,330,265,281,559,666,647,516
"ENSG00000117597",83,101,86,189,171,204,229,307,385,461,403
"ENSG00000117598",84,112,134,81,72,100,97,130,71,89,133
"ENSG00000117600",141,73,145,310,260,313,299,492,652,806,757
"ENSG00000117602",276,247,243,475,388,390,407,419,438,467,429
"ENSG00000117614",430,545,677,629,563,588,650,597,564,449,527
"ENSG00000117616",543,557.99999,550.99999,1364,1253,1091,1193,2721,2045,1578,1922
"ENSG00000117620",373.00001,238.99999,214,393,261,327,292,252,285,427,395
"ENSG00000117625",787,857.00002,903,1050,741,833,951,1156,1402,1317,1167
"ENSG00000117632",4227.99999,6070.00001,5406.99999,40498,39733,36785,38369,48034,37705,27531,35170
"ENSG00000117640",271.00001,324.00001,266,2173,2257,2137,2368,3237,2818,3009,3028
"ENSG00000117643",198,126,117,96,127,142,88,179,164,190,241
"ENSG00000117650",121,247,169,3588,2703,2635,3695,1124,1322,1068,1145
"ENSG00000117676",73,57,39,102,115,105,101,105,120,115,174
"ENSG00000117682",719.00001,441,735.00002,581,576,554,631,1347,1458,1747,1713
"ENSG00000117691",490.99999,649,653,169,220,170,184,267,158,131,186
"ENSG00000117697",278.00001,466,387,583,517,587,583,1004,846,774,857
"ENSG00000117707",475,178,207,530,514,596,580,607,608,934,861
"ENSG00000117713",1925.99999,1925,1636.00001,2297,2488,2490,2455,2828,2537,2681,2640
"ENSG00000117724",773,1053.99999,881,1642,1519,1665,1601,1557,1308,1955,1611
"ENSG00000117748",314,425,444,1109,1191,1028,1145,2560,2179,1580,2029
"ENSG00000117751",388,437.99999,375.99999,1003,828,810,1187,851,1427,1379,1436
"ENSG00000117758",415,541,449,1257,991,1079,1159,1194,1266,1412,1224
"ENSG00000117791",51,72,58,24,30,25,19,23,15,8,35
"ENSG00000117859",1241.00001,1323.00001,1187,1329,1185,1279,1347,1933,1825,1808,1953
"ENSG00000117862",333,470,502,1309,1260,1141,1467,1653,1436,1284,1406
"ENSG00000117868",452.99999,778.00001,712.99999,303,211,259,270,266,215,239,251
"ENSG00000117877",48,53,73,32,44,54,53,68,38,78,55
"ENSG00000117899",449,535,504,641,669,630,666,1189,1144,1195,1055
"ENSG00000117906",1050,1450,1365,1497,1524,1586,952,971,701,615,1242
"ENSG00000117971",696,709,686,1439,1104,1315,1338,1721,1903,2614,2441
"ENSG00000117984",745.99999,1045,1193,5669,6228,5309,7273,5943,7298,8458,7114
"ENSG00000118007",1878.00001,1618,1888,700,453,595,612,1147,1453,1524,1466
"ENSG00000118046",131,194.99998,190.99999,159,211,167,169,129,111,121,166
"ENSG00000118058",1009.00001,1360.99998,1184,1621,1723,1693,1565,1659,1304,1826,1994
"ENSG00000118096",247,333,261,587,644,535,672,984,967,805,932
"ENSG00000118137",9,8,13,39,35,24,24,33,22,29,13
"ENSG00000118160",96,94,96,43,59,52,59,28,23,44,39
"ENSG00000118162",99.00001,104,92,350,443,403,348,438,497,516,469
"ENSG00000118181",4548,6677.99999,5737.99999,17146,18203,15463,16899,17480,14093,9119,11978
"ENSG00000118193",108,182,150,173,119,141,174,86,173,190,163
"ENSG00000118194",7.00001,12,11.99999,39,47,55,75,15,15,13,42
"ENSG00000118197",183,238,244,370,280,292,341,414,404,316,328
"ENSG00000118200",672.00001,668,576,492,436,509,485,602,444,493,537
"ENSG00000118217",1356.00001,1423.00002,1241,709,543,639,640,1104,1226,1358,1248
"ENSG00000118242",234,194,365,75,62,60,43,202,139,106,131
"ENSG00000118246",309,330,344,767,622,778,840,1335,1399,1288,1349
"ENSG00000118257",81,60.99999,25,576,838,567,832,303,341,1262,575
"ENSG00000118260",1046,977,918,1361,1157,1172,1343,1508,1674,1579,1757
"ENSG00000118263",1574,1594,1244.00001,2171,2107,2155,2100,2002,2029,2110,2144
"ENSG00000118271",548,5999,4627,3034,2324,2515,2638,7436,4011,5074,5250
"ENSG00000118276",117,168,145,120,82,99,85,107,87,83,94
"ENSG00000118292",211,229,195,342,394,324,430,497,416,380,426
"ENSG00000118298",195,219.00001,294,4425,5828,4683,6646,4068,3679,4797,4037
"ENSG00000118307",53,111,44,15,29,20,24,40,46,53,37
"ENSG00000118363",553,589,689.99999,3806,2777,3089,3610,4012,3934,3283,3702
"ENSG00000118369",57,86,43.99999,38,66,42,37,20,42,26,31
"ENSG00000118402",285,262,242,1105,833,1038,1057,1201,1267,1501,1420
"ENSG00000118407",94,50,139.00001,531,405,375,582,411,315,464,388
"ENSG00000118412",476.99998,536.00001,556.00001,568,487,523,476,719,595,552,624
"ENSG00000118418",1869,2261.00001,2022.99999,3346,2295,2534,2680,4927,4264,2805,3583
"ENSG00000118420",383,477.99999,328.00001,172,149,175,165,266,242,172,259
"ENSG00000118432",105.99999,142.99999,125,751,699,750,764,489,606,649,765
"ENSG00000118454",517,517,652,721,570,590,701,725,832,930,864
"ENSG00000118473",1901.99999,3244.99999,2569.00001,551,393,466,442,702,634,642,651
"ENSG00000118482",1010,1119.99999,1174,1858,1348,1663,1977,1475,1613,1943,1931
"ENSG00000118492",73,111,129.99999,46,35,30,32,13,25,23,18
"ENSG00000118495",208,374.00001,195,230,230,265,278,138,142,173,226
"ENSG00000118496",115,124,148,991,686,686,919,673,910,962,773
"ENSG00000118503",41,61,42,131,128,157,167,239,213,424,249
"ENSG00000118507",102.00001,224.00001,184,125,75,88,93,141,97,101,100
"ENSG00000118508",156,235,242,155,147,159,148,303,235,285,359
"ENSG00000118513",889.99999,947,1481.00002,289,217,253,163,463,325,281,406
"ENSG00000118515",146.99999,97,84,687,942,493,1317,1957,2285,1692,2330
"ENSG00000118518",494.00001,486,563.99999,1632,1337,1388,1707,1695,2099,1707,1837
"ENSG00000118523",73,57,31,37,39,34,37,28,24,30,26
"ENSG00000118557",85,35,43.00001,10,30,28,16,42,20,59,39
"ENSG00000118564",886,1207.00001,1183.00001,1930,1499,1675,1946,2772,3209,3178,3066
"ENSG00000118579",859,986,1037,4160,2996,3472,4069,3292,3457,2958,3202
"ENSG00000118596",57,62,35.00001,84,68,79,101,40,51,92,76
"ENSG00000118600",176,307,216.00001,224,190,242,245,351,383,382,402
"ENSG00000118620",148,174,167,392,284,361,370,491,505,457,490
"ENSG00000118640",12,9,24,32,17,21,14,30,30,23,24
"ENSG00000118655",86,86,83,284,354,261,234,400,480,506,433
"ENSG00000118680",1122,1169,1088,5587,6470,5003,6305,9448,7815,6028,7485
"ENSG00000118689",448,363,362,1774,1742,1775,1645,1532,1382,1497,1804
"ENSG00000118690",222,180,152,72,75,77,78,82,115,86,98
"ENSG00000118705",1445.00001,1582,1723,8058,8277,7146,8476,8111,8607,9602,8980
"ENSG00000118707",403,317.99998,591.00001,446,506,509,625,592,832,845,1073
"ENSG00000118733",128,88,125,206,199,174,175,360,441,210,387
"ENSG00000118762",813,837,905,108,65,128,101,210,152,179,181
"ENSG00000118785",1719.00001,4018,3603,6496,5233,4627,6747,27212,24613,24477,23220
"ENSG00000118804",77,53,48,400,279,381,413,486,782,695,651
"ENSG00000118816",3214,4517,3990,19993,18285,17530,19364,10511,8113,9148,10321
"ENSG00000118855",195,280,171,396,325,324,371,608,718,948,766
"ENSG00000118873",979.00001,808.99998,820.00001,941,756,884,929,1079,1237,1804,1306
"ENSG00000118894",46,61,48,162,179,164,183,362,288,304,327
"ENSG00000118898",137,69,36,31,69,53,79,48,32,76,93
"ENSG00000118900",270,302.99999,368,230,244,287,300,255,268,312,339
"ENSG00000118922",579,612,417.99999,922,842,870,895,902,761,883,881
"ENSG00000118939",192,294,275.99999,340,282,288,276,428,316,344,346
"ENSG00000118946",156,186,265,299,373,297,362,322,311,338,323
"ENSG00000118960",167,227.99999,168.99999,676,661,574,930,787,1048,1060,959
"ENSG00000118961",354,1374.00001,492,638,476,492,652,1002,1070,998,1049
"ENSG00000118965",472.00001,513,445,288,202,220,202,559,645,722,715
"ENSG00000118971",515,395.99999,576,5066,4365,4659,5528,2934,3495,4861,4352
"ENSG00000118985",638,664,645,978,469,625,672,544,600,644,520
"ENSG00000118997",102,94,64,46,33,44,62,80,53,77,52
"ENSG00000119004",575.99999,586.00001,571.99999,423,314,371,395,593,551,644,639
"ENSG00000119013",781,737,722.99999,1357,1099,1231,1102,2625,2226,1410,2006
"ENSG00000119041",269,318,290.00001,1014,841,874,968,929,1174,1112,1059
"ENSG00000119042",27,71.99999,99.99999,60,38,52,35,57,43,39,39
"ENSG00000119048",805,1030.00001,993.00001,917,512,698,655,1106,997,677,843
"ENSG00000119121",42,26,35,17,9,11,17,15,27,33,23
"ENSG00000119125",27,37,11,3,12,12,9,16,23,42,28
"ENSG00000119138",48,24,19,98,104,85,96,63,69,80,81
"ENSG00000119139",434,530,469.00001,254,284,209,189,357,369,504,582
"ENSG00000119185",876.00001,1007.00001,1009,2520,2102,2326,2033,3520,2929,2020,2646
"ENSG00000119203",331,358,312,1225,1012,1049,1110,1758,1787,1542,1697
"ENSG00000119227",28,43,27,90,118,106,91,81,67,81,172
"ENSG00000119231",472,402,564,683,518,583,640,677,555,711,680
"ENSG00000119242",269,293,244.99999,139,224,224,210,243,181,166,178
"ENSG00000119280",294,305.00001,249,2777,2210,2451,3040,1627,1725,2300,2451
"ENSG00000119283",120.00001,99,84,234,262,321,270,329,265,336,330
"ENSG00000119285",235,225,249,451,312,434,384,546,634,840,658
"ENSG00000119314",510,490,452,922,582,789,861,490,697,624,645
"ENSG00000119318",1392,1519,1368,854,670,668,783,569,594,646,895
"ENSG00000119321",795.99999,918.00001,613.99999,409,407,411,429,657,746,1030,733
"ENSG00000119326",793,878,1140,1946,1391,1457,1981,2477,2092,2013,2428
"ENSG00000119328",172,221,225,490,311,481,503,496,602,534,494
"ENSG00000119333",158,275,176,1454,1436,1380,1606,1963,2057,2525,2378
"ENSG00000119335",2597,3506,3448,5578,4443,4688,4306,3992,4077,3076,3595
"ENSG00000119383",566.99999,531,593.00001,547,649,616,669,633,868,850,724
"ENSG00000119392",415.99999,422,373,729,575,722,740,974,1178,1219,1052
"ENSG00000119396",529,643,533,2317,1689,2112,2226,2071,2614,2914,2781
"ENSG00000119397",874.99999,1061,578.99999,508,378,457,499,598,419,485,448
"ENSG00000119401",245,279,233,692,721,793,915,1202,1460,1703,1496
"ENSG00000119402",474,478.99999,399,755,714,695,857,944,1095,1225,1248
"ENSG00000119403",97,147,179,134,105,103,87,95,104,123,114
"ENSG00000119408",640,630.99999,755,392,504,418,419,371,392,613,588
"ENSG00000119414",427.99999,547.00001,495,1459,1046,1340,1264,1410,1577,1455,1405
"ENSG00000119421",427,538,493,890,930,839,965,1444,1155,1113,1183
"ENSG00000119431",124,158,150,467,578,428,564,1060,1077,1059,885
"ENSG00000119446",205,246,230,1249,897,965,1228,1119,1175,930,1047
"ENSG00000119471",287.00001,438.99999,387,992,679,739,1002,948,1132,1070,1045
"ENSG00000119487",389,476,364.00001,1050,922,974,1023,1296,1412,1887,1771
"ENSG00000119509",502,609,364.00001,547,469,486,552,636,870,734,816
"ENSG00000119514",38,53,47,37,32,36,36,51,27,25,51
"ENSG00000119522",1752.00001,1659,1527.00001,1713,1571,1446,1814,998,1045,1355,1184
"ENSG00000119523",95,143,125,359,360,378,412,372,290,505,526
"ENSG00000119537",407,384,410,338,313,295,313,257,196,331,419
"ENSG00000119541",327,348,358,271,168,276,214,540,476,567,519
"ENSG00000119547",316,297,211,873,755,861,808,730,464,465,591
"ENSG00000119559",206,226.99999,239,598,794,684,773,847,915,874,822
"ENSG00000119574",123.99999,125,107,69,123,116,107,54,31,100,129
"ENSG00000119596",1107,1065,892,1663,1518,1596,1636,1986,1919,2204,2185
"ENSG00000119599",49,95.00001,39,75,96,71,97,147,149,143,145
"ENSG00000119614",1169,1402,1202,2514,2413,2666,2654,4867,5326,5092,6437
"ENSG00000119616",161,242.00001,171.99999,149,141,129,173,140,205,264,215
"ENSG00000119630",23,19,22,138,150,190,175,255,159,235,205
"ENSG00000119632",598.99999,742,736,666,888,725,837,1026,865,788,817
"ENSG00000119636",93,84,119,97,93,109,59,163,148,118,165
"ENSG00000119638",430,482.99999,320.00001,734,627,647,661,697,934,921,937
"ENSG00000119640",274.99999,468,435,593,494,517,480,566,469,336,417
"ENSG00000119650",505.99999,549.00001,490.99999,550,524,491,500,1031,861,623,782
"ENSG00000119655",892,1275,1011,3341,3437,2952,4245,3470,3159,2935,3106
"ENSG00000119661",295,257,326,324,234,253,298,342,353,352,305
"ENSG00000119669",309,284,243,265,331,233,242,222,152,162,216
"ENSG00000119673",40,47,59,69,140,71,79,135,98,150,236
"ENSG00000119681",86,97,52,110,114,134,107,245,359,274,597
"ENSG00000119682",329.00001,402,306,418,416,518,588,772,797,1341,1111
"ENSG00000119684",316,423,345.99999,138,127,144,138,237,290,238,247
"ENSG00000119685",714,712,673,600,393,429,448,593,702,784,830
"ENSG00000119686",54,29,55,29,38,32,52,17,67,75,56
"ENSG00000119688",565.99999,661.99998,591.99999,1570,1556,1539,1811,1901,1850,2231,1868
"ENSG00000119689",187,169.99999,140.99999,289,233,272,227,235,257,327,310
"ENSG00000119698",351,240,375,140,107,145,92,98,62,132,161
"ENSG00000119699",79,45,60,90,87,119,107,217,208,276,189
"ENSG00000119703",24.99999,26,34.00001,50,68,57,57,60,62,106,96
"ENSG00000119705",957.00001,1062,969,1328,1338,1162,1253,2289,1671,1341,1539
"ENSG00000119707",1557,1947,1573.00001,2549,2053,2048,2590,2241,1848,1734,1854
"ENSG00000119711",221,253,236,1429,1257,1170,1535,1442,1713,1763,1791
"ENSG00000119714",21.99999,16,19,46,34,38,40,36,62,49,66
"ENSG00000119715",19,19,17,17,23,21,51,75,109,71,102
"ENSG00000119718",204,219,239,1117,1184,994,1376,1241,1254,1241,1237
"ENSG00000119720",203.00001,157.99999,222,264,274,283,283,437,408,471,448
"ENSG00000119723",175.00001,181.99999,168,399,414,470,453,786,797,646,746
"ENSG00000119725",337.00001,356.99999,297,1539,1506,1314,1836,1877,2027,1767,1880
"ENSG00000119729",363,428,488,444,264,349,313,440,269,298,342
"ENSG00000119760",352,388,390.00001,1123,965,923,1132,1091,1210,1277,1217
"ENSG00000119771",477,127,223,148,107,158,121,285,202,180,200
"ENSG00000119772",607,699.99998,661,1513,1339,1312,1713,1101,1430,1510,1536
"ENSG00000119777",138.00001,128,147,587,763,578,788,840,803,1002,893
"ENSG00000119778",543,551,518,341,214,259,312,334,429,525,579
"ENSG00000119782",215,202.00001,126,1197,1615,1230,1471,828,741,681,798
"ENSG00000119787",317,1146,344,447,349,398,458,505,708,567,550
"ENSG00000119801",614.99999,770.99999,764.00001,4172,3316,3336,3797,4192,3798,3176,3876
"ENSG00000119812",136.00001,163.00001,171.99999,518,320,489,500,527,527,563,676
"ENSG00000119820",579,595,640,1171,762,841,1009,1180,1084,1296,1314
"ENSG00000119844",504,580.00001,515,490,430,404,586,761,530,717,657
"ENSG00000119862",283,262,254,831,575,697,812,843,760,891,917
"ENSG00000119865",261.99999,278.00001,234.00001,1611,1428,1342,1427,1520,1186,1559,1574
"ENSG00000119866",642,669.00001,683.99999,1103,898,858,1001,636,731,949,956
"ENSG00000119878",556,768,758,685,487,547,543,917,858,819,870
"ENSG00000119888",39,83,59,41,61,32,48,21,19,17,35
"ENSG00000119899",219,249,200,254,209,231,305,418,585,685,569
"ENSG00000119900",481,382,329,238,132,186,165,227,169,229,215
"ENSG00000119906",438,487,484,472,390,493,479,755,803,988,838
"ENSG00000119912",648.00001,866.99999,1206,604,526,467,526,831,1005,1011,985
"ENSG00000119917",20,22,8,13,25,23,22,33,54,99,57
"ENSG00000119922",31,23,17,8,29,20,19,38,62,136,100
"ENSG00000119927",120,132,122,290,249,266,298,451,566,702,592
"ENSG00000119929",281,323,297,523,520,555,571,845,838,887,746
"ENSG00000119938",108,61,192,220,149,144,201,365,822,675,562
"ENSG00000119946",61,35,36,43,72,66,50,38,25,62,64
"ENSG00000119950",707,833,1224,1165,868,992,1037,962,917,860,761
"ENSG00000119953",345.99999,433.99999,370,719,384,488,532,543,523,366,434
"ENSG00000119965",158,101,75,200,141,251,182,365,369,321,298
"ENSG00000119969",880,1219,974.00001,887,481,710,548,712,714,644,791
"ENSG00000119977",405.99999,553.00001,465,1457,1431,1340,1643,2182,2392,2549,2385
"ENSG00000119979",199,222.00001,266,708,701,718,790,1228,1152,1264,1175
"ENSG00000119986",58,61,62,422,538,497,644,734,1047,954,888
"ENSG00000120008",489,544.00001,559,628,485,616,579,1138,1486,1575,1533
"ENSG00000120029",343,363.00001,319,550,465,557,612,889,1191,1105,1173
"ENSG00000120049",193,100,88,396,469,417,407,249,179,429,364
"ENSG00000120051",20,23,19,19,10,7,7,19,19,11,12
"ENSG00000120053",248,344,241,1539,1842,1617,1897,1917,1689,1838,1705
"ENSG00000120057",187,227,305,109,73,85,99,128,65,130,74
"ENSG00000120063",347,459,385,1915,1345,1563,1568,1069,1261,1289,1540
"ENSG00000120071",1938.99999,1363,1944.99999,1236,824,963,1023,849,863,1002,912
"ENSG00000120129",91,115,109,238,216,197,172,172,109,136,150
"ENSG00000120137",504,599,676,744,601,719,655,468,537,486,598
"ENSG00000120149",13,18,16,31,67,34,46,9,9,30,13
"ENSG00000120158",112,128.99999,192,333,252,302,322,415,480,567,464
"ENSG00000120159",357.99999,479,427,251,177,209,164,338,364,311,350
"ENSG00000120162",446,933,638,864,597,711,878,944,982,1349,994
"ENSG00000120251",487.99999,544.99999,228.99999,653,566,534,667,422,333,653,533
"ENSG00000120253",219.00001,259,262,554,390,474,635,546,659,630,682
"ENSG00000120254",688,462.00001,503.99999,88,139,156,152,196,167,181,213
"ENSG00000120256",247,275,220,225,174,164,167,165,125,143,144
"ENSG00000120265",726,756,556,2754,2439,2379,2832,3452,3358,3044,3200
"ENSG00000120278",2044,2106,1737,1332,1119,1233,1337,1720,2125,2182,2529
"ENSG00000120306",500,451,423,2412,2735,2256,3054,3127,3201,2871,3068
"ENSG00000120314",113.00001,111,100.99999,355,408,330,343,432,500,656,576
"ENSG00000120318",73.00001,49,44.00001,16,18,10,11,22,19,21,18
"ENSG00000120324",44,45,57,341,285,242,293,335,323,368,402
"ENSG00000120327",51,63,112,206,150,160,211,240,239,332,317
"ENSG00000120333",388,400,344,1098,896,849,1012,1384,1361,1249,1294
"ENSG00000120334",61.99999,108,77,304,221,225,261,270,331,214,242
"ENSG00000120370",96,114.00001,104,152,167,144,203,263,274,209,227
"ENSG00000120437",185,423,293,1618,1781,1597,1525,1452,1293,956,1337
"ENSG00000120438",1209,1348.99999,1203.99999,5004,4212,4269,5078,4892,4509,4028,4230
"ENSG00000120451",412,364,415.99999,1241,1179,1213,1424,1542,2043,2421,2221
"ENSG00000120458",265,179.99999,99.99999,90,70,92,55,105,76,68,84
"ENSG00000120500",146,144,141,766,720,701,515,2078,1033,2441,2183
"ENSG00000120509",428,561.99999,517,1994,1930,1651,1814,2701,1965,1731,1972
"ENSG00000120519",119,165,174,81,51,72,81,102,119,144,117
"ENSG00000120526",282,353,222.00001,828,581,668,771,1019,1084,774,931
"ENSG00000120533",974.00001,1156.99999,991.99999,1972,1578,1688,1544,2980,2545,1919,2343
"ENSG00000120539",128,185.99999,141,425,333,320,391,390,484,422,428
"ENSG00000120549",2892.00001,3149,3068,1171,936,1041,1274,1182,1284,1504,1435
"ENSG00000120594",772,816,327,1180,1004,961,1381,1217,1752,2112,1793
"ENSG00000120616",831,906.99999,1301,531,373,497,512,600,442,579,486
"ENSG00000120645",190,73,119,103,126,116,119,91,103,144,117
"ENSG00000120647",253,230,242.00001,165,135,134,135,252,233,198,216
"ENSG00000120656",252,208.99999,246,632,544,516,577,861,675,619,706
"ENSG00000120658",62,73,41,197,199,183,242,163,164,299,226
"ENSG00000120662",186,213,204,152,140,132,136,325,263,208,225
"ENSG00000120675",179,97,335,868,580,647,690,1211,1019,568,869
"ENSG00000120685",264,228,211,966,796,803,869,656,568,881,881
"ENSG00000120686",471,771,677,1940,1326,1476,1727,1711,1739,1615,1608
"ENSG00000120688",398,409,347,280,251,247,247,442,347,334,300
"ENSG00000120690",138,168,158,179,171,218,228,254,300,325,323
"ENSG00000120693",384,898,397,1301,879,1146,978,585,657,518,667
"ENSG00000120694",446.00001,501,434.99999,2938,2121,2373,2320,2162,2001,2404,2034
"ENSG00000120696",137,187,186,712,530,604,856,785,791,1077,905
"ENSG00000120697",573.00001,514.99999,603.00001,952,821,758,957,1577,1366,1023,1200
"ENSG00000120699",553,629.00001,648.99999,1404,1046,1134,1163,1787,1452,1153,1262
"ENSG00000120705",566,462,513,843,643,781,876,953,1104,1228,928
"ENSG00000120708",28,35,13,130,155,239,200,271,327,396,309
"ENSG00000120709",350,284,241.00001,2914,2705,2531,3257,2026,2625,3666,2642
"ENSG00000120725",242,252,287,918,1166,917,1273,1160,1197,1294,1246
"ENSG00000120727",1994,2470,2316,8380,6604,7025,7714,9075,7420,5650,6925
"ENSG00000120733",686,642.00001,688,1912,1825,1716,2044,1697,1453,1545,1890
"ENSG00000120738",290,174,143,156,160,179,134,197,128,252,193
"ENSG00000120742",558,676,593,2407,1662,1846,1896,1443,1108,1566,1825
"ENSG00000120756",151.99999,225,184,363,251,304,362,424,461,454,473
"ENSG00000120784",507,513,630,234,187,234,278,260,315,368,334
"ENSG00000120798",604.00001,620.00001,702,412,318,355,372,577,479,503,512
"ENSG00000120800",218,199,198,69,83,112,67,245,277,236,341
"ENSG00000120802",1094,1410,1406.00001,3841,2588,2701,3032,2415,2818,2224,2371
"ENSG00000120805",417,590,543,1758,1329,1562,1888,2280,2519,1939,2385
"ENSG00000120820",19,22,21,197,159,151,189,306,325,264,376
"ENSG00000120832",204,236,328.99999,982,826,847,889,1800,1647,1228,1401
"ENSG00000120833",52,62.99998,48,474,400,505,593,370,415,532,423
"ENSG00000120837",319,390.00001,324,1341,874,1001,1183,738,761,628,642
"ENSG00000120860",361,384,377.00001,708,529,614,553,937,884,658,788
"ENSG00000120868",393,484,397.99999,364,293,302,231,341,422,487,491
"ENSG00000120875",384,330,392,1181,1134,1107,1604,1267,963,1619,1246
"ENSG00000120885",2689,3181,2655,21468,21965,18543,25940,34951,38271,46019,40916
"ENSG00000120889",275,280.99999,185,2010,1751,1857,2425,1269,1783,2255,1701
"ENSG00000120896",285,278.00001,163,696,666,600,829,336,371,588,566
"ENSG00000120899",94.99999,126,175.99999,211,193,230,327,219,287,441,426
"ENSG00000120907",55,46,55,179,136,210,212,78,90,159,149
"ENSG00000120910",382,168,260.00001,622,553,523,558,266,266,380,499
"ENSG00000120913",131.99999,206.99999,155,501,429,421,550,422,520,524,429
"ENSG00000120915",639,542,394,1588,1460,1455,1716,1654,1754,1584,1510
"ENSG00000120925",313,310.99999,396.00001,457,326,427,345,740,640,696,658
"ENSG00000120937",33,39,20,76,38,45,66,44,14,23,22
"ENSG00000120942",133,137,136,626,467,515,553,831,715,886,787
"ENSG00000120948",841,1049.00001,993,3354,2566,2708,3786,4016,4768,4872,4724
"ENSG00000120963",508,695.00001,624,1880,1735,1673,1931,2516,2040,2168,2201
"ENSG00000120992",682,785,701,1313,749,1049,874,1212,1332,930,1262
"ENSG00000121005",414,569,499,781,614,887,1065,1012,1384,2197,1429
"ENSG00000121022",498,584,496,1861,1480,1599,1715,2449,2198,1873,2016
"ENSG00000121039",947,775,960,570,497,545,491,1834,1410,1033,1486
"ENSG00000121057",178,224,178.99999,407,526,497,436,337,281,447,632
"ENSG00000121058",325,397,330,492,460,558,527,969,752,639,772
"ENSG00000121060",138.00001,194.99999,147.00001,206,215,161,182,280,327,440,334
"ENSG00000121064",222.99999,220.99999,232,661,678,604,863,761,1003,1088,1138
"ENSG00000121067",648,612.00001,812.00001,1207,1165,1038,1255,2026,1775,1778,1806
"ENSG00000121068",614,883,641,207,233,154,142,213,162,185,191
"ENSG00000121073",314,333.99999,296.99999,799,814,692,863,1160,1049,1176,1114
"ENSG00000121101",129,169.00001,100,21,20,10,12,38,43,48,43
"ENSG00000121104",127,107,128,100,96,93,80,72,45,56,107
"ENSG00000121152",149,150,108,386,367,345,368,426,541,512,487
"ENSG00000121207",30,22,32,37,43,39,48,43,36,55,65
"ENSG00000121210",235,217,151,163,125,137,168,220,337,422,330
"ENSG00000121211",61.99999,107,82.99999,67,63,96,75,115,60,22,56
"ENSG00000121236",22,19.99999,36,60,48,54,80,39,81,76,42
"ENSG00000121274",284,397,341,244,226,234,216,258,203,170,175
"ENSG00000121281",83,83,135,179,264,275,257,271,282,458,275
"ENSG00000121289",389,468,390,738,762,803,847,724,826,944,886
"ENSG00000121297",135,94,63,367,400,338,412,196,165,313,225
"ENSG00000121310",376.99999,221,259,116,93,99,115,301,213,219,212
"ENSG00000121316",45,37,65,196,160,237,177,135,122,250,234
"ENSG00000121350",139,201,157,194,112,127,164,382,287,240,292
"ENSG00000121361",30,31,22,120,168,122,164,105,114,167,152
"ENSG00000121390",735,750.00001,1002,399,434,371,321,353,241,350,596
"ENSG00000121406",102,121,84,175,175,166,184,329,333,587,379
"ENSG00000121410",186,270,280.99999,447,583,423,600,632,457,335,407
"ENSG00000121413",435.00001,528.99999,435,1668,1735,1597,1680,1281,1382,2095,1885
"ENSG00000121417",161,135.99999,123,530,400,454,636,561,541,802,571
"ENSG00000121440",420,525,679,204,226,261,222,646,747,1083,722
"ENSG00000121454",275,307,368,224,156,223,204,1568,2040,2236,2094
"ENSG00000121481",197,357,232,1460,989,995,1252,1014,999,902,951
"ENSG00000121486",219,187,171,470,365,402,519,571,688,781,659
"ENSG00000121542",1521,512.99999,1038,316,242,311,341,540,582,581,602
"ENSG00000121577",13.00001,24,28,44,50,65,40,94,77,80,71
"ENSG00000121578",219,196.00001,178,615,504,579,787,461,591,694,624
"ENSG00000121579",354,335,409,1582,1091,1293,1399,1498,1680,1583,1629
"ENSG00000121621",82,138,131,305,152,240,244,217,347,317,301
"ENSG00000121644",288.00001,331.99999,329,1265,1118,1092,1203,703,685,989,1124
"ENSG00000121653",251,175,193,278,361,255,234,143,142,224,264
"ENSG00000121671",265.99999,276.00001,281,974,1114,1225,1606,1242,1540,2397,1778
"ENSG00000121680",96,115,120.99999,255,342,327,342,479,447,543,435
"ENSG00000121690",20,17,14,76,67,73,54,106,102,66,82
"ENSG00000121716",218.00001,167.99999,144,309,329,280,325,440,394,465,430
"ENSG00000121741",1553.99999,2071,1833.00001,1420,1061,1307,1380,1799,1904,1984,1963
"ENSG00000121749",333,579,491,449,359,394,555,595,707,744,544
"ENSG00000121753",154,158,161,657,714,749,821,707,593,818,778
"ENSG00000121766",808.00001,782,964.99999,1288,1415,1214,1235,2033,1410,1191,1562
"ENSG00000121769",89,84,73,537,563,570,677,420,347,285,347
"ENSG00000121774",1621,2013,1663,1652,1413,1460,1317,1409,1044,890,1061
"ENSG00000121775",236.00001,301.99999,200,253,263,208,253,256,234,259,267
"ENSG00000121851",368,497.00001,499,849,814,779,870,1141,1066,895,1066
"ENSG00000121864",212.99999,291,235,229,141,221,178,221,185,163,199
"ENSG00000121871",11,21,13,42,69,53,54,37,36,63,25
"ENSG00000121879",436,377,460,363,248,285,342,236,241,207,285
"ENSG00000121892",798.00001,955,963.99999,778,532,655,590,907,884,820,1006
"ENSG00000121897",121.99999,124.00001,144.00001,283,229,228,338,322,268,275,229
"ENSG00000121898",63,52,89,97,200,138,163,69,81,76,183
"ENSG00000121900",55,69.00001,45,123,177,170,130,91,60,107,182
"ENSG00000121903",74,91,52,80,92,148,170,171,198,291,210
"ENSG00000121904",64,54,83,22,54,30,19,24,9,27,26
"ENSG00000121905",112.99999,79,110,93,77,72,77,98,90,51,48
"ENSG00000121931",182,228,134,269,197,246,283,303,316,328,283
"ENSG00000121940",982,1092.00002,990,825,570,631,754,788,1028,1085,1034
"ENSG00000121957",288,468,445.00001,772,551,604,722,504,517,759,675
"ENSG00000121964",278.00001,309,267,419,392,374,378,448,391,450,513
"ENSG00000121966",901,1554,1203,1487,1233,1446,1743,1800,2356,1903,1875
"ENSG00000121988",218,297,255,206,156,151,225,271,303,227,305
"ENSG00000121989",190.00001,406,363,587,495,541,550,632,726,743,694
"ENSG00000122008",498.00001,633,543.99999,616,448,573,611,774,768,742,790
"ENSG00000122012",19,31,15,57,74,74,57,37,26,69,56
"ENSG00000122026",188,370,310,35931,36013,32436,34791,35769,33667,17198,25394
"ENSG00000122033",487.00001,471,362,597,593,566,698,783,672,586,614
"ENSG00000122034",423,517,411,1709,1633,1377,1291,1182,816,992,1541
"ENSG00000122042",283,278,413,1003,686,775,867,543,550,776,960
"ENSG00000122068",515,676.00001,730.99999,2647,1673,1982,2347,2261,2415,2284,2565
"ENSG00000122085",288.99999,355,269,366,350,398,399,571,578,589,583
"ENSG00000122126",332,311,476,2521,2350,2209,2765,2360,2441,2489,2494
"ENSG00000122140",224,280,239.00001,891,1142,939,1225,989,943,1207,1151
"ENSG00000122203",680.00001,870,808,4738,4439,4334,5355,4611,4354,4182,4017
"ENSG00000122218",1178.00001,1166.00001,970.00001,5493,4711,5002,6036,7292,9687,10899,10184
"ENSG00000122257",848,821,797.00001,953,772,899,749,676,444,688,839
"ENSG00000122299",479,395.99999,396.99999,283,213,273,216,269,261,258,394
"ENSG00000122335",510,278,356.99999,1508,992,1373,1412,1163,1338,1191,1274
"ENSG00000122359",185,147,133,231,221,228,328,430,351,666,689
"ENSG00000122367",89,141,93,644,444,515,448,84,111,94,97
"ENSG00000122376",156,159,195,206,192,179,210,263,219,203,275
"ENSG00000122378",1188,1514.99999,1400,2931,2743,2747,3378,2883,2837,3583,3188
"ENSG00000122386",140,140,111,157,231,192,233,155,148,256,210
"ENSG00000122390",585,601,481.99999,690,693,768,907,1063,1123,1388,1081
"ENSG00000122406",12548,17764,14243.99999,46607,47127,38654,46981,44724,40909,23301,33401
"ENSG00000122417",953.99999,1003.00002,583,621,486,583,534,800,576,675,725
"ENSG00000122420",22,15,29,402,183,321,328,136,181,220,184
"ENSG00000122435",380,319.99999,296,159,99,104,109,242,226,204,214
"ENSG00000122477",193,69,97,53,45,67,64,76,43,86,67
"ENSG00000122481",302.00001,215,351,393,339,364,416,739,731,430,589
"ENSG00000122482",788,654,623,1496,1109,1292,1293,1764,1723,1614,1742
"ENSG00000122483",1060,1035.00001,1267.99999,193,153,150,169,147,123,94,134
"ENSG00000122484",468,598,505,908,615,706,700,1277,1063,1237,1271
"ENSG00000122490",352,262.00001,306.99998,42,87,53,72,110,61,79,83
"ENSG00000122507",595,1110,824,633,513,557,573,781,814,793,746
"ENSG00000122512",152,189.99999,605,312,293,309,377,385,445,629,559
"ENSG00000122515",566.99999,535,466,273,302,302,306,295,297,276,257
"ENSG00000122545",1901,2718.00001,2465.00001,9065,6606,7615,8324,8161,7924,6979,7295
"ENSG00000122547",97,54,53,153,205,195,227,222,202,395,312
"ENSG00000122550",897.00001,1149.00001,1158,2612,1843,2011,2544,2809,3878,3123,3207
"ENSG00000122557",475,384,595,510,458,446,440,376,280,500,649
"ENSG00000122565",1481,1918,1750,4134,2982,3188,3603,5243,4291,3049,3967
"ENSG00000122566",5330.00001,6690.99996,6397.00003,17296,13643,14617,15176,13466,18693,18143,17598
"ENSG00000122574",37,17,33,84,91,106,112,87,64,146,94
"ENSG00000122591",288,451.99999,304.99999,753,495,600,731,620,810,964,809
"ENSG00000122642",259,209,238,1219,1286,1234,1153,380,338,885,1274
"ENSG00000122643",222.99999,429.00001,286.00001,757,513,594,508,867,747,699,744
"ENSG00000122644",262,156.99999,175.99999,1883,1854,1691,2152,4213,5496,3133,5222
"ENSG00000122674",72,133.00001,128,374,269,273,257,370,365,393,430
"ENSG00000122678",123,129.00001,140,271,286,245,237,369,344,431,364
"ENSG00000122687",166,184,167,348,423,405,392,757,642,803,771
"ENSG00000122692",449,583,514,1716,1473,1615,1959,2216,2450,2492,2530
"ENSG00000122694",128,96.00001,69,695,837,650,913,1522,1690,2047,1684
"ENSG00000122696",102,165,283,149,141,145,138,171,132,208,190
"ENSG00000122705",1157,1593,1131.99999,3394,3573,3097,3845,3734,2773,3399,3728
"ENSG00000122707",344.99999,332,258.00001,304,254,247,245,186,217,385,322
"ENSG00000122711",19,22,31,10,22,14,11,97,77,61,68
"ENSG00000122729",284.00001,407,262,1221,992,1057,1265,1336,1666,1855,1692
"ENSG00000122733",221,294,452,59,107,76,94,193,214,275,305
"ENSG00000122735",92,112,92,103,96,100,107,79,88,88,68
"ENSG00000122741",453,666,394,889,790,848,787,780,816,1068,1214
"ENSG00000122756",485,390,413,472,436,442,520,334,344,338,314
"ENSG00000122778",374,341,266,375,480,443,449,441,420,594,535
"ENSG00000122779",1251,1371,1101,524,474,620,455,655,519,763,1023
"ENSG00000122783",154,216.00001,152.99998,255,259,215,252,559,589,707,730
"ENSG00000122786",937,1084,967,1729,1470,1491,2000,2336,2138,1913,2157
"ENSG00000122824",60,74,48,580,468,466,536,462,443,511,454
"ENSG00000122861",8,10,7,45,89,66,70,144,211,478,291
"ENSG00000122863",70,73,60,310,431,347,454,209,279,688,389
"ENSG00000122870",85,129,44,91,81,99,85,143,208,197,196
"ENSG00000122873",341,446,387,733,683,732,713,885,708,661,724
"ENSG00000122882",273,393.00001,268,550,414,442,449,862,877,788,750
"ENSG00000122884",1955,3760,3317.99999,6223,3709,4660,6700,2785,4331,4352,3721
"ENSG00000122912",167,155,179,114,59,76,69,155,141,181,180
"ENSG00000122952",112.00001,251.00001,171.99999,921,670,734,835,1107,1206,1092,1051
"ENSG00000122958",446,635,533.99999,1072,816,959,1032,1526,1592,1312,1267
"ENSG00000122965",260,243,183,644,566,599,648,542,658,752,696
"ENSG00000122966",249,405,323,473,428,428,516,324,358,523,543
"ENSG00000122970",837.00001,748,749,1206,855,944,1037,1097,1258,1135,1220
"ENSG00000122971",70,102,83,308,278,239,262,351,209,317,256
"ENSG00000122986",19,35,160,17,20,12,27,25,10,12,8
"ENSG00000123064",203,196,169,726,827,780,965,975,1041,1349,1074
"ENSG00000123066",793,758,703,912,619,787,901,754,790,1084,985
"ENSG00000123080",92.99999,103,110,191,188,159,160,243,248,239,210
"ENSG00000123091",539,579,519,2187,1382,1730,1432,965,823,1053,1692
"ENSG00000123094",420,355.99998,324.00001,245,181,216,255,250,270,245,282
"ENSG00000123095",200,270,157,88,81,62,72,109,128,244,154
"ENSG00000123096",50,85,66,108,116,161,162,166,200,167,179
"ENSG00000123104",109,90,78,126,100,152,153,155,127,192,221
"ENSG00000123106",559.99999,221.00001,474.00001,372,284,361,325,500,474,371,453
"ENSG00000123119",189,174,168,290,137,192,191,208,183,158,152
"ENSG00000123124",521,579,531.99999,281,212,247,240,246,199,370,390
"ENSG00000123130",141.99999,192.99999,174,525,537,537,658,801,951,701,883
"ENSG00000123131",925,2012,1059,5538,5553,5145,5972,7640,6690,4633,5618
"ENSG00000123136",319,415,317.99999,1417,1864,1501,1663,2684,2357,2011,2013
"ENSG00000123143",413,426.99999,341.00001,594,694,619,693,568,462,565,519
"ENSG00000123144",657,900.00001,798.99999,1746,1814,1541,1665,1797,1428,1598,1783
"ENSG00000123146",24,29,48,70,66,59,69,157,97,115,112
"ENSG00000123154",80.99999,128,84,328,392,290,413,504,444,520,449
"ENSG00000123159",365,353,361.99999,383,426,372,438,424,291,468,446
"ENSG00000123178",199,312,228,245,203,223,251,271,315,255,293
"ENSG00000123179",498,550,505,298,382,360,281,303,197,162,324
"ENSG00000123191",145.99999,186,203,418,412,376,464,401,352,466,430
"ENSG00000123200",1481.99999,1906.00001,1559,1990,1712,1877,1925,2173,1932,2125,2120
"ENSG00000123213",293,352,158,839,655,753,755,549,471,793,931
"ENSG00000123219",401.99999,519.99999,402,259,147,184,189,305,340,202,271
"ENSG00000123240",295,491,301,1293,1282,1194,1500,860,800,992,884
"ENSG00000123243",70,56,72,312,401,358,576,252,297,502,296
"ENSG00000123268",280,200,230,169,121,127,171,190,248,182,191
"ENSG00000123297",187,233.99999,264.00001,297,326,323,285,650,528,487,496
"ENSG00000123307",556,636,727,1227,690,960,733,4705,4547,4068,4469
"ENSG00000123329",9,9.99998,12,45,29,37,61,57,40,69,39
"ENSG00000123349",1925,2697.00001,2225,9334,11426,8330,10371,11562,10178,5614,8082
"ENSG00000123352",582,751.00001,659,755,650,685,803,851,819,795,830
"ENSG00000123353",125,167,160,576,565,554,563,831,724,712,778
"ENSG00000123358",80.99999,70.99999,71,445,511,463,425,273,276,265,284
"ENSG00000123360",22,14.00001,12.00001,122,123,129,154,156,106,229,164
"ENSG00000123374",123.99999,230,188,996,712,724,874,743,903,855,838
"ENSG00000123384",883.00001,844,704,2791,3761,3134,4056,1903,2265,4632,3486
"ENSG00000123395",96,97,110.99999,473,587,378,602,541,588,701,553
"ENSG00000123411",280,229,325.00001,525,509,679,652,463,642,679,578
"ENSG00000123415",205.00001,220.99999,258.99998,391,486,465,515,1029,974,1042,968
"ENSG00000123416",5298.00001,8058,6632,54075,56967,46040,56853,43115,41653,36618,38810
"ENSG00000123427",95.99999,117,53,290,257,235,278,324,395,369,352
"ENSG00000123444",116,128,79,723,687,646,881,1062,1437,1616,1388
"ENSG00000123453",47,35,75,197,214,233,244,305,384,345,257
"ENSG00000123472",469.00001,635,708.00001,659,721,745,440,478,285,393,716
"ENSG00000123473",167.99999,120.99999,104,201,158,213,249,205,303,321,237
"ENSG00000123485",130,179,129,756,746,687,883,560,667,719,617
"ENSG00000123500",44,54.99999,33,23,16,15,20,52,106,66,105
"ENSG00000123505",414,371.00001,306.99999,1375,986,976,1445,1419,1497,1311,1300
"ENSG00000123545",230,266,226,463,355,370,453,514,420,374,387
"ENSG00000123552",1034,876.00001,1229,265,171,233,199,232,220,204,176
"ENSG00000123560",568.00001,853,1167,1333,1095,1150,1355,3157,3770,3855,3815
"ENSG00000123562",1488,3677.00001,1895.99999,13805,12383,11743,14027,16579,14948,12938,14534
"ENSG00000123570",179,153,154,335,340,351,302,648,575,537,598
"ENSG00000123572",34.00001,9,29,50,42,38,43,54,123,113,132
"ENSG00000123575",505,233,456,1349,1013,1132,1268,1012,947,1083,1314
"ENSG00000123595",320,236,175,617,492,531,648,801,814,794,768
"ENSG00000123600",275,274.00001,247,268,268,269,292,430,280,395,398
"ENSG00000123607",792.99999,884,1531,603,467,514,582,552,650,775,717
"ENSG00000123636",4031,3557.99999,4665,3419,2442,2912,3162,3632,3418,4457,4530
"ENSG00000123643",95,111,157,231,210,169,260,189,229,305,265
"ENSG00000123684",383,391,448,500,350,411,328,514,364,378,453
"ENSG00000123689",28,34,33,135,153,123,133,98,102,161,106
"ENSG00000123700",19,23,33,10,14,20,9,26,12,18,23
"ENSG00000123728",217,169,319,634,434,463,468,419,397,364,460
"ENSG00000123737",326.00001,394,336,517,420,406,390,645,602,535,596
"ENSG00000123739",472,475,453,1564,1261,1170,1439,1004,1050,1387,1577
"ENSG00000123810",99,104,136,94,127,91,95,179,130,150,110
"ENSG00000123815",305.99998,300.99999,368.99998,655,772,649,791,983,1118,1175,1059
"ENSG00000123836",59,104,82,169,143,155,173,215,202,306,265
"ENSG00000123892",71.99999,88,131,334,277,328,505,383,485,368,488
"ENSG00000123901",14,21,28,83,66,73,85,57,39,82,83
"ENSG00000123908",463,572,501,464,422,448,412,444,372,499,459
"ENSG00000123933",280,284,344,314,361,331,287,475,342,417,429
"ENSG00000123975",481,720,596,4353,3436,3250,3448,3252,2944,1555,2123
"ENSG00000123983",828.99999,1221,882.00001,1797,1314,1633,1636,1487,1812,2392,2100
"ENSG00000123989",201,248,210,1440,1989,1643,1853,888,957,2838,2581
"ENSG00000123992",270,340.00001,212,658,724,691,766,911,966,1200,1082
"ENSG00000123999",24,25,24,19,18,33,26,18,26,42,36
"ENSG00000124006",754,957,879,1008,1124,1045,1142,1452,1235,1103,1261
"ENSG00000124067",150,75,84,620,805,645,967,452,488,786,613
"ENSG00000124074",151.99999,187,148,171,240,165,181,225,139,160,169
"ENSG00000124098",319,422,353,762,750,758,566,617,445,433,611
"ENSG00000124104",66,110,69.99999,273,330,260,400,330,310,542,465
"ENSG00000124116",19,11,8,8,19,20,6,16,18,8,30
"ENSG00000124120",161.00001,139,116.00001,198,159,167,122,290,315,546,432
"ENSG00000124126",201,214,217,514,601,576,590,562,509,678,501
"ENSG00000124140",118,161,94.99999,109,169,119,110,97,71,118,144
"ENSG00000124145",200,280,234,802,758,760,848,796,816,891,704
"ENSG00000124151",302,272,300,927,952,962,1193,962,1308,1831,1484
"ENSG00000124155",331.99998,366,287,3928,4131,3703,4573,3639,4063,4705,3894
"ENSG00000124160",337,273,256,252,283,291,234,749,613,678,779
"ENSG00000124164",456.99999,482,385.99999,892,650,888,754,793,762,969,933
"ENSG00000124171",268,268,292,529,323,493,470,346,366,492,464
"ENSG00000124172",3273.99999,4157.00001,3823,4166,4558,3951,4237,5396,3988,2912,3565
"ENSG00000124177",893.00001,843,837.00001,1280,1288,1165,1363,1182,1077,1253,1263
"ENSG00000124181",503,538.99999,469.00001,820,893,860,685,650,656,717,962
"ENSG00000124191",178,313.99999,477,382,325,345,354,203,102,153,160
"ENSG00000124193",654,848,845,2864,1850,2218,2173,3936,3740,2555,3151
"ENSG00000124194",127,182,123,768,993,835,931,652,487,580,543
"ENSG00000124198",664,550,701.00001,228,196,242,210,265,231,316,311
"ENSG00000124201",261,224,231,395,464,432,561,726,853,1029,979
"ENSG00000124207",619,744,665,1945,1324,1715,1656,2352,2342,2157,2234
"ENSG00000124209",255,285,270,316,197,270,220,321,209,307,342
"ENSG00000124212",29,71,38,75,72,64,112,95,83,214,130
"ENSG00000124214",643,786,972.99999,3434,3083,3033,3520,2990,3300,3383,3459
"ENSG00000124217",69,68,71,141,90,124,96,168,277,356,292
"ENSG00000124222",1146,843.00001,1005.99999,2660,1954,2127,2409,2312,2594,2557,2394
"ENSG00000124225",688,639,713,152,169,239,118,469,365,301,369
"ENSG00000124226",424.99999,453.99999,357,1672,1550,1540,2032,1830,1799,1955,1774
"ENSG00000124228",323,339,341.99999,737,723,745,866,966,920,1000,974
"ENSG00000124243",80,108,87.00001,490,575,469,705,383,387,356,350
"ENSG00000124257",18,21,23,48,28,43,27,41,65,85,68
"ENSG00000124275",254.99999,215.99999,292,255,185,174,225,370,367,406,364
"ENSG00000124279",128,132.00001,108,128,85,151,122,313,269,254,257
"ENSG00000124299",476.99999,681.00001,612,2067,2308,1973,2360,2705,3062,3354,2937
"ENSG00000124313",244,115.99999,218.00002,205,175,134,183,219,193,174,185
"ENSG00000124356",635.00001,405.00002,828.99996,1019,863,904,960,1293,1290,1112,1235
"ENSG00000124357",495.99998,674,564,1258,1428,1417,1272,2405,2019,1928,2000
"ENSG00000124370",113,127.00001,92,187,149,159,230,277,249,189,221
"ENSG00000124374",116,165,148,907,706,715,872,513,639,515,523
"ENSG00000124380",421,581.99999,549.00001,847,760,719,755,903,704,592,652
"ENSG00000124383",397,484.00001,408,508,330,391,441,502,351,420,382
"ENSG00000124406",626,602.00001,724,481,464,528,387,353,253,448,444
"ENSG00000124422",2057.00001,2865.00001,2863,2861,3129,3034,2960,2917,2334,2830,3074
"ENSG00000124440",876,920,867.99999,2235,2324,2311,3717,2019,2477,2680,2546
"ENSG00000124444",100.00001,93,87.00001,220,246,237,210,278,295,351,311
"ENSG00000124459",147,158,116,144,146,156,206,323,454,489,414
"ENSG00000124466",15,33,16,66,75,62,111,32,66,67,66
"ENSG00000124479",60,69,54,951,838,897,942,2301,2060,1792,1892
"ENSG00000124486",3590.99999,2863,1522.99999,2120,1725,2011,2298,1889,1925,3609,3086
"ENSG00000124493",65,33,44,25,36,33,46,25,15,20,38
"ENSG00000124496",522,504.99999,716,312,265,284,340,229,278,355,287
"ENSG00000124507",108.99999,107.99999,128,279,291,332,273,559,576,569,730
"ENSG00000124508",126,170.99999,152,613,613,476,834,681,890,1039,861
"ENSG00000124523",262,203.99999,418.99999,252,267,284,272,478,459,462,445
"ENSG00000124532",251,357,346,665,458,588,547,897,901,784,862
"ENSG00000124535",325,450,377,223,271,226,205,250,217,216,259
"ENSG00000124541",185,212,243,242,272,252,210,143,139,201,365
"ENSG00000124562",520,803.00001,596,2812,2759,2616,3031,3825,3249,2663,2956
"ENSG00000124570",1151,688,683,1730,1833,1502,1849,2498,2268,2141,2412
"ENSG00000124571",425,447,384,1683,1575,1576,1849,1592,2141,2543,2166
"ENSG00000124574",88,107,99.99999,415,441,427,455,525,560,819,672
"ENSG00000124575",68,109,102,194,201,193,177,182,129,73,108
"ENSG00000124587",150,135,174,235,351,273,221,250,178,232,267
"ENSG00000124588",355.00001,305,311,721,865,737,843,910,709,791,740
"ENSG00000124593",879,1013.00001,932,142,106,98,125,178,166,143,178
"ENSG00000124596",341.99999,380.99999,395,748,643,736,797,1059,938,922,940
"ENSG00000124602",23,22,33,28,31,50,27,34,13,35,24
"ENSG00000124608",161,159,140,410,425,481,534,585,676,935,853
"ENSG00000124613",60,57,101,411,235,291,351,276,330,269,300
"ENSG00000124614",1344,2092,1795,10307,12389,8804,10930,12669,11769,6182,9670
"ENSG00000124615",27,51,47,279,345,280,435,458,451,587,457
"ENSG00000124635",41,48,77,77,78,94,81,33,23,18,29
"ENSG00000124641",128,105,113.00001,472,433,385,511,700,929,832,806
"ENSG00000124659",267,164,240,972,1007,970,1004,1675,1575,1807,1710
"ENSG00000124688",166,193,169,450,510,467,470,622,565,706,542
"ENSG00000124702",434,540,475,3271,3427,3189,3687,3771,4329,4167,4044
"ENSG00000124733",578,781,664,2266,2539,2323,2497,3475,3065,2679,2822
"ENSG00000124743",20,12,12,34,14,35,30,55,69,50,53
"ENSG00000124749",25.00001,16,20,367,266,303,375,287,408,348,388
"ENSG00000124762",1116.00001,492,609,4289,4873,4504,6710,4225,4312,7180,4208
"ENSG00000124766",5447,6407,6623,11963,11965,11915,11481,11412,11264,10395,10764
"ENSG00000124767",919,1080,1025,5059,3676,3970,4384,5823,5534,4298,5158
"ENSG00000124772",78,138,85,93,94,91,113,105,135,167,134
"ENSG00000124782",508,371.99999,361,213,234,245,235,263,260,459,379
"ENSG00000124783",1092.99999,1005,868.99999,3920,2808,3320,3623,3277,3694,3681,3530
"ENSG00000124784",212,241.99999,208,491,410,512,479,638,579,489,587
"ENSG00000124785",499,981,643,543,496,561,508,574,459,569,423
"ENSG00000124786",172.99999,294.99999,196,185,110,124,125,260,241,281,283
"ENSG00000124787",51,58,40.99999,188,139,172,184,179,165,114,99
"ENSG00000124788",619,368,417,307,273,291,317,350,271,396,343
"ENSG00000124789",463,533,442,395,287,287,281,427,488,430,496
"ENSG00000124795",2148.99999,2823.99999,2660.00001,2957,1761,2051,2059,1823,1655,1736,2044
"ENSG00000124802",365.99999,425,358.00001,827,585,774,715,1112,1035,700,858
"ENSG00000124831",519.00001,507,478.00001,309,384,386,367,443,302,443,459
"ENSG00000124920",282,190,299,461,561,568,666,350,332,582,518
"ENSG00000124942",230.00001,79,85,220,266,226,563,186,263,597,408
"ENSG00000125037",365,389.00001,355,827,842,739,836,1512,1215,1132,1236
"ENSG00000125089",33,20.99999,19,23,16,21,24,64,50,89,101
"ENSG00000125107",984.99999,1014.99999,1018.99999,1685,1605,1702,1940,2260,3317,4021,3794
"ENSG00000125124",501.00002,834.00002,763.99998,1305,1256,1342,1567,1792,2102,2265,2129
"ENSG00000125144",68,18,10,7,2,8,2,105,38,28,38
"ENSG00000125148",160,154,231,106,119,107,93,308,174,188,151
"ENSG00000125149",292,216,294,330,315,408,402,496,498,649,485
"ENSG00000125166",327,435,383,4993,4911,4685,5708,5394,5699,5678,5633
"ENSG00000125170",129,164,104,554,646,638,660,411,408,592,426
"ENSG00000125246",324,228.99999,210.99999,213,259,269,330,345,298,286,328
"ENSG00000125247",653.99999,1088.99999,822.99999,1881,1882,1878,1704,1874,2355,2595,2282
"ENSG00000125249",338,316,360,517,378,367,378,351,342,256,324
"ENSG00000125257",242.99999,228,128,292,239,239,275,243,273,291,339
"ENSG00000125266",422,887,737,196,209,199,173,179,139,137,181
"ENSG00000125304",861,1001,883,2905,2332,2484,2689,4083,5309,5273,5399
"ENSG00000125319",74,93,120,91,124,86,120,136,148,142,97
"ENSG00000125347",44,55,35,89,73,117,78,188,136,195,195
"ENSG00000125351",522,573,505,488,424,434,369,559,416,346,325
"ENSG00000125352",134,187,166,719,856,620,847,815,740,628,675
"ENSG00000125354",910.99999,1067.99999,677.99999,2567,2691,2443,2960,1984,1694,2124,1862
"ENSG00000125355",8,23,76,114,180,142,223,107,95,327,141
"ENSG00000125356",1466,1593,1501,4360,4386,4158,4014,5691,4943,3064,4267
"ENSG00000125375",260,273.00001,234,294,224,217,215,362,373,308,339
"ENSG00000125378",69,118,116.99999,235,235,190,277,287,367,223,310
"ENSG00000125386",1414.00001,1159,1727,326,374,301,349,540,423,526,450
"ENSG00000125388",306,277,310.99999,131,110,105,82,107,79,109,117
"ENSG00000125398",1005,1033,1177,549,425,469,472,740,527,610,535
"ENSG00000125409",16.00001,34,60,19,32,17,17,29,27,26,34
"ENSG00000125430",71,46,65,168,132,184,128,232,192,255,310
"ENSG00000125434",73,76,68,103,123,91,88,135,124,134,123
"ENSG00000125445",385.99999,475,471.99999,970,1064,1006,1080,2038,1755,1684,1671
"ENSG00000125447",252,238,207,229,300,297,245,372,322,494,377
"ENSG00000125449",79,94.00001,69,55,61,78,84,117,115,130,121
"ENSG00000125450",604.00001,424.99999,523,458,538,443,460,958,1089,908,924
"ENSG00000125454",29,64,43.00001,66,96,87,85,183,149,138,132
"ENSG00000125457",184.00001,235.00001,194.00001,1062,989,942,992,1010,911,1042,1164
"ENSG00000125458",231.99998,302,268,860,967,832,803,656,434,610,931
"ENSG00000125459",92.99999,105,77,503,613,560,640,934,921,1074,925
"ENSG00000125482",205,189,197,212,183,266,224,349,240,231,253
"ENSG00000125484",276,233,199,530,453,452,520,346,483,593,610
"ENSG00000125485",118,178,94,79,102,86,79,135,141,159,112
"ENSG00000125505",497.99998,520,466,852,1221,978,954,488,451,869,1108
"ENSG00000125510",18,18.99999,21.99999,43,74,60,70,34,33,63,37
"ENSG00000125520",165,191,151,47,56,31,36,53,53,41,42
"ENSG00000125531",10,15,11,58,70,84,55,44,20,21,18
"ENSG00000125534",2257,2969,2181,859,781,744,976,485,511,371,422
"ENSG00000125611",276.00001,320,254.99999,692,879,685,913,1248,1023,848,1002
"ENSG00000125629",574,1277,1015,1187,692,1068,1119,1045,1651,1645,1364
"ENSG00000125630",221.00001,239,201.99999,343,298,403,333,608,762,812,838
"ENSG00000125633",529,561,699,683,628,649,720,884,865,1092,1050
"ENSG00000125637",48,64.99999,41,49,23,29,35,61,58,129,74
"ENSG00000125648",158.99999,165.99999,169,540,842,710,690,503,409,411,647
"ENSG00000125650",29,43,32,68,42,64,78,27,42,62,46
"ENSG00000125651",375,532,420,1703,1878,1566,2074,1545,1491,1614,1405
"ENSG00000125652",552,649,623,1749,2230,1684,2139,1944,1412,1257,1442
"ENSG00000125656",337.99999,358,322.00001,2086,2448,2091,2483,1947,1831,2021,1881
"ENSG00000125657",13,25,15,118,121,114,90,8,8,53,60
"ENSG00000125675",96.99998,127,355,342,413,351,519,219,214,463,300
"ENSG00000125676",1518.00001,1599.99999,1488.00001,1535,1244,1386,1458,1884,1964,2006,1991
"ENSG00000125686",391,394,421,428,403,412,541,662,798,1139,1001
"ENSG00000125691",10616.00001,12792,11266,11239,11618,9814,10567,9883,9061,5893,7546
"ENSG00000125703",110,262,269,201,139,172,155,259,258,242,228
"ENSG00000125733",88.99999,121,113.99999,586,610,477,783,470,489,625,525
"ENSG00000125734",231,258.99999,212,1587,1457,1377,1693,1553,1518,1509,1400
"ENSG00000125741",106,126,74,186,196,200,236,268,203,272,331
"ENSG00000125743",1868,2576,2316,7685,9534,7070,8369,10109,8361,4957,6746
"ENSG00000125744",111,154.99999,131,94,100,96,81,75,58,85,86
"ENSG00000125746",136,177,117.00001,436,623,521,623,260,366,459,427
"ENSG00000125753",48,113,90,62,78,96,79,87,69,114,98
"ENSG00000125755",409.00001,600.00001,587.00001,414,499,456,505,350,449,510,508
"ENSG00000125772",477,328,397,1301,897,1052,1209,703,632,939,901
"ENSG00000125775",19,41,28,191,173,177,317,106,76,121,75
"ENSG00000125779",639,894,682,253,269,245,230,179,196,232,277
"ENSG00000125812",103,133,111,201,127,224,201,225,227,398,311
"ENSG00000125814",619.00001,535,661.99999,2580,2422,2442,2526,2363,2801,3613,3156
"ENSG00000125817",146,205,196,53,60,35,59,108,76,49,49
"ENSG00000125818",920,718,640,3105,2906,2639,3364,2991,3220,3401,3008
"ENSG00000125821",497,812,601,2720,2739,2479,2855,2069,1839,1944,1967
"ENSG00000125826",350.99999,419.00001,400,949,1104,947,1036,1020,883,973,1037
"ENSG00000125827",538,532,609,2372,1935,1948,1723,1298,974,1520,2787
"ENSG00000125834",245,216,164,350,444,487,423,376,337,393,428
"ENSG00000125835",1078,1322.99999,1175.99999,3648,3930,3143,3749,5378,4514,3460,4086
"ENSG00000125841",328,316,313,1366,1641,1532,1680,2312,2532,3025,2694
"ENSG00000125843",97,99.00001,105,168,141,147,172,297,346,460,385
"ENSG00000125844",252.00001,286.00001,244.99999,190,286,237,319,388,375,563,581
"ENSG00000125845",71,57,50,109,93,93,87,131,148,120,127
"ENSG00000125846",332,426,259,705,795,750,979,1087,1114,1089,963
"ENSG00000125848",166,159,115.99999,1290,1209,1113,1379,1960,2701,1973,2653
"ENSG00000125851",86,127,86,292,408,339,344,329,307,353,299
"ENSG00000125863",452,431,389,696,638,673,708,1413,1148,1185,1271
"ENSG00000125868",1394,1669,1535,5171,3870,4003,3901,4622,4730,3453,4211
"ENSG00000125869",230,370,456,665,492,631,841,893,734,1546,810
"ENSG00000125870",564,763,812,1305,1030,1013,906,1447,1132,783,920
"ENSG00000125871",195,254,209,839,708,712,903,757,921,691,773
"ENSG00000125875",250,373.99999,288.99999,368,453,455,521,386,456,797,722
"ENSG00000125877",256.00001,253,207,283,370,293,348,754,712,713,686
"ENSG00000125885",188,169.99999,235,97,106,106,42,147,144,123,128
"ENSG00000125895",36,48,40,45,63,39,42,20,15,11,14
"ENSG00000125898",83,99.99999,202,170,239,258,145,37,21,62,95
"ENSG00000125901",271,356,320,1728,2116,1831,2120,2015,1466,1659,1905
"ENSG00000125912",158,134,116,315,354,355,253,344,291,446,556
"ENSG00000125931",31,29.00001,28,27,56,48,43,47,25,46,34
"ENSG00000125944",2262.99999,2327,2631,7532,5945,6152,7837,5660,7287,7442,7107
"ENSG00000125945",238,210,171,803,682,771,840,1035,1319,2076,1570
"ENSG00000125952",343.00001,368.99999,330.99999,675,664,596,724,754,818,879,897
"ENSG00000125954",12,16,12,107,159,93,133,209,170,169,174
"ENSG00000125962",75.99999,86,80.00001,513,461,406,649,492,601,616,519
"ENSG00000125966",123,148,58,249,396,295,319,219,164,171,203
"ENSG00000125967",180,377.99999,133.99999,293,406,345,326,399,296,266,334
"ENSG00000125968",196,382,115,397,682,456,530,599,622,607,1032
"ENSG00000125970",646,762.00001,643,4699,4851,4352,5043,3984,3229,4197,4438
"ENSG00000125971",893.00001,886,897.99999,2422,2990,2425,2885,3155,2209,2285,2331
"ENSG00000125977",717,906,791,939,833,794,979,1075,865,809,913
"ENSG00000125991",1249,1696.99999,1461.99999,5136,6024,4672,6100,6023,6481,5587,5862
"ENSG00000125995",1425.00001,1539.99999,1693,2495,3086,2372,2676,5089,3518,2444,3244
"ENSG00000126001",659,789.99999,511,602,827,922,1096,837,952,1719,1191
"ENSG00000126003",213,244,133,939,981,1077,1119,1082,1090,1520,1304
"ENSG00000126005",332,342.99999,337,276,297,277,258,179,102,153,187
"ENSG00000126010",27,19,21,49,38,33,61,77,90,59,78
"ENSG00000126012",746,814,757,4634,4897,4701,5570,2531,4312,4926,4333
"ENSG00000126016",215,255,223,1402,982,1036,1449,586,890,994,965
"ENSG00000126062",173,181,154,559,690,728,868,959,1014,1531,1135
"ENSG00000126067",774,992,909,3799,3467,3378,4171,3812,4199,3979,4155
"ENSG00000126070",690,631,617,617,478,710,736,491,573,713,665
"ENSG00000126088",321.00001,379,266,1502,1926,1491,1702,2901,2615,2550,2474
"ENSG00000126091",913.99999,2020.99999,3824,748,759,771,779,559,400,702,787
"ENSG00000126106",107.99999,103,94,283,356,322,348,478,466,470,531
"ENSG00000126107",86,132,79,582,635,625,646,307,264,679,751
"ENSG00000126214",1275.00002,1965.99999,1268.99999,5343,5713,5439,4431,1810,1135,2896,4389
"ENSG00000126215",41.99998,67,39.99999,138,193,171,137,232,314,235,272
"ENSG00000126216",538,310.00001,315,579,540,666,592,655,548,839,872
"ENSG00000126217",1022.00001,699,562.00002,256,340,350,237,291,161,351,498
"ENSG00000126218",56,41,56,286,294,282,275,274,230,194,252
"ENSG00000126226",356,440.99999,445,581,579,501,587,1038,1094,845,982
"ENSG00000126243",91,73,49,57,64,69,48,70,55,68,94
"ENSG00000126246",41,23.00001,17,56,52,56,40,160,106,93,128
"ENSG00000126247",1070,1096,833.00001,1559,2083,1600,1625,1476,1073,1209,1631
"ENSG00000126249",155.00001,139,120,189,212,223,254,215,174,241,198
"ENSG00000126254",245,258,259.00001,934,955,908,981,1306,1028,1326,1308
"ENSG00000126259",101,132,95,160,194,190,167,300,332,337,389
"ENSG00000126261",1605.00001,1848.99999,1636,3225,2424,2689,2905,2504,2549,2395,2754
"ENSG00000126267",1565.00001,1938,1807,4172,4952,3914,4522,5104,3593,3139,3433
"ENSG00000126351",686.00001,673,676,1372,1593,1400,1610,1320,1112,1358,1535
"ENSG00000126368",156,179,120,1174,1043,977,1233,666,1008,873,798
"ENSG00000126391",111,70.99999,78,90,181,116,137,372,361,505,510
"ENSG00000126432",1173.00001,1534,1400,5482,6268,5245,6294,6702,5476,4987,5028
"ENSG00000126453",167,223,153.99999,74,62,56,62,91,71,78,97
"ENSG00000126456",184,247.99998,176,396,493,411,499,537,662,505,559
"ENSG00000126457",866,1178.00001,1115,5939,6692,5759,6073,7688,6185,5446,6014
"ENSG00000126458",114,167,95,585,735,471,792,589,456,584,754
"ENSG00000126461",250,253,250,88,114,96,91,121,112,124,119
"ENSG00000126464",359,224,223,38,35,51,38,59,34,40,53
"ENSG00000126500",236,372,332,284,322,341,464,294,278,385,321
"ENSG00000126522",92,114,77.00001,311,342,319,349,533,592,651,535
"ENSG00000126524",451.99999,561.99999,583,1638,1349,1406,1806,1656,1519,1570,1515
"ENSG00000126561",29,21,25,26,38,49,17,34,38,63,55
"ENSG00000126581",279,285,282,791,778,809,787,1493,1647,1675,1510
"ENSG00000126583",42,96,58,138,131,157,125,138,148,127,151
"ENSG00000126602",391,724.99999,472.99999,2318,2695,2445,2582,1855,1284,2359,2327
"ENSG00000126603",244,263,249,218,209,194,233,231,244,203,197
"ENSG00000126653",964.00001,1158.99999,963,340,266,342,301,537,458,456,409
"ENSG00000126698",795,1048,987,3134,3276,2960,3211,4856,4532,3648,4095
"ENSG00000126705",634,312,277,233,355,276,403,225,295,276,313
"ENSG00000126709",175,221,174.99999,1166,1308,1083,1418,1804,1661,1568,1468
"ENSG00000126733",197,174,139,439,458,417,411,422,426,417,400
"ENSG00000126746",341.00001,369,364.99999,831,922,804,983,909,1164,1324,1131
"ENSG00000126749",197,232,193,412,475,326,463,640,644,635,661
"ENSG00000126756",614,782.99999,771,1517,1619,1303,1649,1879,1540,924,1227
"ENSG00000126767",134,101,99,512,518,459,767,598,698,691,606
"ENSG00000126768",568,1270.00001,625.99999,3921,4139,3636,4181,4152,3799,3274,3285
"ENSG00000126773",1204,1343.99999,1268.99999,2014,1484,1878,2164,2627,3293,3686,3401
"ENSG00000126775",268,304,148,257,221,279,377,304,396,403,373
"ENSG00000126777",1583.99999,2476,1922,1500,1217,1281,1410,1171,1056,1077,1308
"ENSG00000126785",93,61,114,60,116,120,143,532,653,456,616
"ENSG00000126787",131,233,161,883,554,650,740,515,705,669,615
"ENSG00000126790",105,97,70,151,167,116,131,197,154,211,144
"ENSG00000126804",293,316,286,324,230,282,243,324,360,513,519
"ENSG00000126814",188,100,107,210,174,188,215,228,347,408,360
"ENSG00000126821",115,138,167,118,57,58,63,115,74,69,71
"ENSG00000126822",139,114,101.99999,363,416,504,423,352,260,637,426
"ENSG00000126858",1017.00001,1312,1384.99999,3191,2035,2839,3121,3390,3962,3854,3980
"ENSG00000126861",192,266,330,38,10,9,20,24,11,26,18
"ENSG00000126870",699,915,884,286,255,273,263,512,309,394,409
"ENSG00000126878",498,492,603,1660,1379,1377,1546,1797,2424,2274,2197
"ENSG00000126883",814.00002,584,1026,651,542,753,746,867,1099,1256,1202
"ENSG00000126903",39,29,32,72,150,141,139,148,140,167,188
"ENSG00000126934",469.99999,555.00001,526,478,644,431,531,494,300,325,405
"ENSG00000126945",366,519,462,4283,3615,3527,4633,4160,5722,5571,5072
"ENSG00000126947",318,252,361,782,618,704,837,642,932,968,867
"ENSG00000126950",183,197,174,1420,1327,1252,1413,804,754,856,772
"ENSG00000126953",72,61,66,138,160,138,160,185,185,194,210
"ENSG00000126970",365,510,423.00001,1998,1745,1863,2195,1596,1831,1851,1755
"ENSG00000127022",2414.99998,3016,2152.99998,20108,15466,16455,20565,13248,16408,18339,16836
"ENSG00000127054",460.99998,601,439.99999,1774,1898,1707,1804,2202,2094,2198,2001
"ENSG00000127080",83,77,60,101,84,85,103,160,151,291,250
"ENSG00000127081",125.99999,217,174.99999,145,115,165,158,192,253,234,188
"ENSG00000127124",307,222.99999,237.00001,241,260,267,273,276,251,382,350
"ENSG00000127125",350,467,429.00001,742,609,676,733,1362,1123,985,1045
"ENSG00000127184",4648.99999,5508,4855.00001,6755,7403,6326,6916,8704,6665,5117,6133
"ENSG00000127191",197,153,108,422,379,417,425,625,623,659,628
"ENSG00000127220",109,93,78,385,501,410,410,162,122,278,456
"ENSG00000127241",19,12,52,434,696,466,637,124,99,347,161
"ENSG00000127249",77,67,72,34,43,22,24,44,27,73,53
"ENSG00000127252",336,362,302,183,162,194,156,300,198,249,383
"ENSG00000127311",183,131,112,64,39,66,66,48,113,138,83
"ENSG00000127314",578.00002,734.00001,541.99999,2615,1617,2038,2231,2604,2689,2391,2559
"ENSG00000127328",293,299.00001,247,678,538,571,685,556,567,595,609
"ENSG00000127329",51,47,56,15,33,10,26,40,31,59,59
"ENSG00000127334",194,190,164,693,578,574,568,499,446,655,661
"ENSG00000127337",401,629,565,620,539,508,581,783,867,441,681
"ENSG00000127415",49,75,52,37,52,37,16,17,19,19,38
"ENSG00000127418",129,133,133.00001,233,272,233,332,216,219,298,173
"ENSG00000127419",223,416.00001,370,501,549,523,575,716,605,712,710
"ENSG00000127423",34,42,34,72,70,58,77,105,82,79,90
"ENSG00000127445",528.00001,616.99998,437.00001,2254,2208,2013,2383,2013,1936,1966,1961
"ENSG00000127452",231.99999,245,192,298,292,286,350,317,322,298,285
"ENSG00000127463",390.99999,438.99998,399.99999,1006,1057,993,1226,1052,1658,2216,1664
"ENSG00000127472",26,12,18,12,6,11,16,32,11,21,21
"ENSG00000127481",737.00001,651,610.00002,1721,1841,1767,1876,1853,1559,2527,2407
"ENSG00000127483",1475,1395.00001,1475,3335,2633,2812,2963,3744,4380,4603,4823
"ENSG00000127511",297,318.99999,265.00001,322,390,390,309,205,181,315,414
"ENSG00000127526",324,339,350.99999,232,224,294,305,355,309,423,348
"ENSG00000127527",730.00001,719.99998,693,690,785,611,854,462,457,530,501
"ENSG00000127540",1900,1987.99999,2191,4032,4531,3980,4336,6423,5295,3842,4731
"ENSG00000127554",93,109.00001,82,220,212,179,189,77,75,118,173
"ENSG00000127561",67,141,27,218,341,293,256,74,73,106,168
"ENSG00000127564",76.99999,73,48.00001,306,274,221,289,335,370,405,376
"ENSG00000127580",94,106,77,448,558,556,648,733,785,1035,801
"ENSG00000127585",179,173,177,81,81,81,62,48,59,31,63
"ENSG00000127586",95.00001,139,142.99999,740,733,705,692,729,800,982,759
"ENSG00000127603",2043.00001,1910.99998,1897,1612,1373,1492,1572,1638,1379,2587,2106
"ENSG00000127616",2092,2014,1814.00001,4794,5423,4740,4844,3164,3039,4587,4580
"ENSG00000127663",980,1100.00001,899.99999,814,839,916,795,504,436,888,1029
"ENSG00000127666",18,9,10,23,35,26,24,47,55,54,57
"ENSG00000127720",148,199,142,126,85,97,68,216,161,121,124
"ENSG00000127774",330,291,308,440,535,427,459,780,635,538,645
"ENSG00000127804",480,370,500,670,615,697,819,896,1124,1057,1048
"ENSG00000127824",479,395,547,662,701,741,735,2224,1819,1972,1922
"ENSG00000127837",362.00001,400.00001,420,2090,2420,2325,2525,3271,3502,3729,3389
"ENSG00000127838",443.99999,482.99999,522.99998,1621,1887,1470,1891,2318,1980,1539,1739
"ENSG00000127863",57,52,97,261,323,312,324,176,295,478,294
"ENSG00000127870",226,239,179.99999,614,462,625,758,577,636,871,736
"ENSG00000127884",635,672,594,1864,2376,1878,2182,3579,3084,2666,3146
"ENSG00000127914",6086.99999,7866.99999,6716.99999,1664,1435,1724,1394,2598,1767,2516,2360
"ENSG00000127920",77,65,307,162,203,156,263,1369,987,495,993
"ENSG00000127922",936,1202.00002,1214.99998,2061,2064,1853,2010,3071,2179,1699,1885
"ENSG00000127928",74,43,255,333,453,343,602,978,679,427,568
"ENSG00000127946",399,384,486,789,834,751,774,896,982,1177,1176
"ENSG00000127947",881,1154.99999,1181,411,287,376,321,484,458,411,456
"ENSG00000127948",284.99999,286.99999,331,2559,2958,2390,3452,2355,3123,3243,2920
"ENSG00000127952",162.00001,238.99998,245.00001,616,560,512,597,812,647,668,685
"ENSG00000127955",402,863.99999,985,4954,3537,3825,4828,3079,3578,3217,3370
"ENSG00000127980",337,268,270,264,259,247,232,383,508,590,466
"ENSG00000127989",171,121.99999,199,133,109,105,92,271,217,225,231
"ENSG00000127990",642,546.00001,715.00001,723,584,616,700,803,745,746,769
"ENSG00000127993",135,152,145,243,235,252,328,374,486,484,430
"ENSG00000127995",773,728,403,312,233,238,251,415,306,332,335
"ENSG00000128000",371,353.00001,382,104,69,98,109,174,107,202,168
"ENSG00000128011",57,93,81,119,186,133,166,158,134,225,298
"ENSG00000128016",45,50,34,95,110,93,133,138,229,310,197
"ENSG00000128039",90,158,138,146,149,166,135,189,137,226,242
"ENSG00000128045",41,28,53,152,141,137,278,154,117,207,189
"ENSG00000128050",1224,1506,1481,4514,3492,3727,4880,3710,4430,4194,4318
"ENSG00000128052",484,421,664,447,326,567,688,1410,1841,2929,1850
"ENSG00000128059",215,228,166,1053,708,726,884,863,985,855,795
"ENSG00000128159",170,188,164,642,768,710,831,916,1301,1297,1165
"ENSG00000128185",300,389,321,2096,2374,1928,2510,2871,2182,2166,2330
"ENSG00000128191",384,410.99999,356,63,71,76,55,189,222,174,193
"ENSG00000128203",55,56,60,94,92,100,84,89,49,75,56
"ENSG00000128228",93,138,106,205,252,231,231,287,242,446,404
"ENSG00000128242",39.00001,14,24,15,29,19,12,23,7,14,12
"ENSG00000128245",708,789.00001,642,1006,1074,989,1026,945,546,717,814
"ENSG00000128266",267,340,344,421,486,427,476,508,468,575,508
"ENSG00000128268",132,133,133,116,173,161,138,73,77,160,124
"ENSG00000128272",997,1113,963,3510,3488,3138,3863,2949,2251,2341,2259
"ENSG00000128283",28,32,34,27,44,43,64,66,53,128,67
"ENSG00000128285",23,15,19,261,276,335,272,264,264,475,286
"ENSG00000128294",205,133,170,523,555,562,735,684,640,1063,702
"ENSG00000128309",235,347.99999,294,1384,1658,1297,1274,601,481,641,874
"ENSG00000128311",90,80,118,138,163,163,156,280,218,194,224
"ENSG00000128335",88,114,99,347,368,340,556,384,578,498,420
"ENSG00000128342",25,12,12,29,19,17,58,27,29,82,20
"ENSG00000128346",165,55,20,33,39,37,74,53,56,51,61
"ENSG00000128394",51,66,43,70,72,74,122,161,201,191,186
"ENSG00000128463",789.99999,814,721,2355,2301,2257,2276,3907,3207,2699,3153
"ENSG00000128482",7,12,8,14,26,29,22,26,22,23,30
"ENSG00000128487",763,1042,849,898,1120,892,1142,574,578,793,692
"ENSG00000128512",410,375,367.99999,488,440,433,565,351,348,662,554
"ENSG00000128513",844.00001,506,542,696,434,595,594,892,928,728,813
"ENSG00000128524",970,1187,1114,6696,7894,6210,7680,7604,6449,5643,5925
"ENSG00000128534",459,627,550,709,545,624,555,799,763,761,722
"ENSG00000128536",209,255,229.00001,171,117,116,157,137,125,147,112
"ENSG00000128563",562.00001,812,733,645,780,657,829,623,620,760,855
"ENSG00000128564",34,32,33,15,27,14,18,20,14,54,13
"ENSG00000128567",279,258,153.00001,1119,1125,1038,1074,862,793,1303,1697
"ENSG00000128573",1084.00002,1413.00001,1260,1246,898,1075,1165,808,833,781,1251
"ENSG00000128578",133,158,235.00001,158,123,145,189,338,384,392,261
"ENSG00000128581",424.99999,531.00001,474,1230,1160,1005,1135,2016,1972,1702,1858
"ENSG00000128585",1147,2045,1241,1050,648,777,898,1201,1301,1532,1564
"ENSG00000128590",305,378,373,2231,1592,1703,1983,1792,1929,1608,1699
"ENSG00000128591",213,150,122,1529,1503,1500,2055,1088,1752,3138,1906
"ENSG00000128594",177,32,100,34,35,39,49,36,15,22,52
"ENSG00000128595",1018,1181.99999,1020,6121,5180,5372,6902,5558,6568,6636,6398
"ENSG00000128596",582.00001,556.99999,435,761,782,720,770,597,484,850,745
"ENSG00000128602",289,272,256,184,220,208,177,312,235,226,194
"ENSG00000128606",210,167,149,405,408,359,440,996,1206,562,1049
"ENSG00000128607",696,512,588,1090,879,956,1044,617,612,717,623
"ENSG00000128609",982.99999,1437,1470,2294,1482,1825,1755,2320,2036,1647,1915
"ENSG00000128626",140.99999,160.00001,132.99999,479,651,546,632,899,688,757,630
"ENSG00000128641",805,604,430.00001,1403,1009,1158,1065,718,743,1036,1333
"ENSG00000128654",747,750,759,1089,916,1001,962,1191,1256,1249,1169
"ENSG00000128655",63,87,41,55,59,76,87,193,372,108,321
"ENSG00000128656",850,1016,664.00002,962,755,751,812,677,679,729,884
"ENSG00000128683",139,126,146.00001,245,391,311,488,206,248,530,296
"ENSG00000128694",245,263.99999,233,255,164,206,227,381,417,422,399
"ENSG00000128699",693,749.99999,756,1219,854,1085,1013,1618,1623,1344,1428
"ENSG00000128708",454,574,492,769,593,647,593,1635,1826,1417,1627
"ENSG00000128731",764,803,748,790,907,865,850,935,925,1607,1458
"ENSG00000128739",1744.00001,2012.00002,1724,13225,14406,12011,15875,14037,12615,12378,13044
"ENSG00000128789",535.99999,582,529.00001,1162,980,955,999,1510,1245,1019,1095
"ENSG00000128791",362,453,441,1146,733,858,1073,1010,1330,1160,1424
"ENSG00000128829",750,799,615,1004,907,941,1006,600,464,847,1037
"ENSG00000128833",172,182,179,138,102,81,108,230,266,217,316
"ENSG00000128849",387,306,324,181,277,223,412,268,633,796,608
"ENSG00000128872",239,248.99999,256,1619,1268,1392,1416,880,1041,1406,1157
"ENSG00000128881",473,579,895,920,827,775,990,742,640,931,968
"ENSG00000128886",14,13.99999,18,67,47,72,67,117,75,46,71
"ENSG00000128891",187,150.99998,174,529,502,447,648,809,609,656,691
"ENSG00000128908",386.99999,371,350.99999,72,117,117,102,232,215,252,195
"ENSG00000128915",532.99998,573.99999,654,510,359,457,403,891,962,884,1020
"ENSG00000128917",104,177,226,391,415,450,717,741,946,1251,1071
"ENSG00000128918",15,41,18.00001,19,37,18,49,43,37,109,54
"ENSG00000128923",696,1044,821,1645,1191,1470,1340,1321,1164,1673,1460
"ENSG00000128928",414,537.00001,471.00001,873,862,872,1173,1676,1650,1914,1782
"ENSG00000128944",236.00001,260,248.00002,829,772,711,876,912,769,802,752
"ENSG00000128951",971,1109.00001,1005.99999,1734,1696,1533,1418,1823,1437,1306,1930
"ENSG00000128965",37,98,27,100,101,97,106,97,66,136,117
"ENSG00000128973",135.00001,145,124,191,162,134,127,241,182,277,297
"ENSG00000128989",1197.99999,1417.99999,1271,7184,4489,5522,6202,4066,4402,4225,4377
"ENSG00000129003",1256,2052.00001,1356.00001,635,389,548,509,603,571,891,800
"ENSG00000129007",58.00001,56.99999,83,62,58,63,63,49,45,41,61
"ENSG00000129009",25,24,37,80,124,85,170,117,148,388,199
"ENSG00000129028",27,39,25,128,117,146,145,155,169,155,145
"ENSG00000129038",314.99999,363,466,229,232,234,232,306,239,209,347
"ENSG00000129055",429,633.99999,502,1919,1642,1552,1900,1970,1817,1593,1778
"ENSG00000129071",222.00001,295,289,461,449,496,490,592,491,520,541
"ENSG00000129083",756.99999,958.00001,878.99999,3810,2950,3160,4443,3591,4162,4307,4030
"ENSG00000129084",744,1154.00001,977.00001,4060,3327,3507,3794,4914,4166,3260,3889
"ENSG00000129103",510.99998,329.99999,496.99998,2377,2531,2094,2677,2574,2557,2652,2477
"ENSG00000129116",1421,1203,965,2018,1717,1607,1992,2038,2227,1668,1933
"ENSG00000129128",387,485,435,435,262,332,371,501,497,529,606
"ENSG00000129158",414.99999,589,369.99998,913,966,829,1078,655,554,694,726
"ENSG00000129159",141,55.99999,153,66,103,62,69,67,39,75,45
"ENSG00000129167",172,54,59,59,46,73,49,59,42,52,43
"ENSG00000129173",62.99999,91,89,83,62,103,92,80,161,159,147
"ENSG00000129187",269,347.00001,358.00001,1454,1357,1349,1540,1455,1611,1514,1644
"ENSG00000129195",103,185.99999,124,1454,1535,1301,1634,963,1063,1140,973
"ENSG00000129197",732.00002,758.00001,819,1628,1719,1473,1664,2415,1920,1505,1700
"ENSG00000129214",9,14,22,53,60,40,33,50,42,37,30
"ENSG00000129219",64,69,72,268,381,292,364,479,486,584,567
"ENSG00000129221",659.00001,494,731,727,724,842,575,1709,1692,1495,1578
"ENSG00000129235",570,614,556.00001,856,872,855,791,1615,1276,975,1075
"ENSG00000129244",1373,1368,1706,2638,3190,2743,3018,2193,2327,2736,2468
"ENSG00000129245",178,221,187.00001,232,258,248,239,220,179,200,214
"ENSG00000129250",125,154,97,87,108,97,94,117,154,156,154
"ENSG00000129255",156,228,185,400,463,380,407,631,598,678,598
"ENSG00000129292",574,920,883.99998,482,398,411,315,349,270,360,527
"ENSG00000129295",128.00001,310,161,90,97,81,104,111,102,102,126
"ENSG00000129315",310,372,312,511,353,452,431,396,346,411,350
"ENSG00000129317",263,85,147,336,197,277,205,372,376,365,387
"ENSG00000129347",244,239,219,472,480,486,486,812,745,825,915
"ENSG00000129351",1878.99998,1910.00001,1556.00001,4746,4627,4642,5116,5306,5057,5433,5249
"ENSG00000129353",293,345.00001,229.99999,2443,2343,2338,3041,2017,2299,3458,2731
"ENSG00000129355",212,332,262,1147,1340,1275,1287,700,561,587,697
"ENSG00000129422",173,157,201.00001,268,305,324,295,455,380,484,382
"ENSG00000129460",293.00001,413,371,982,866,951,1029,974,988,963,940
"ENSG00000129472",300.00001,369,443,1016,735,906,1113,828,782,841,781
"ENSG00000129473",134,167,160,136,140,115,119,143,149,207,167
"ENSG00000129474",176,164,177,621,364,417,808,320,413,691,622
"ENSG00000129480",89,153,123,134,121,135,138,194,171,196,195
"ENSG00000129484",265,330,268.99999,1390,1201,1232,1575,1165,1170,1322,1106
"ENSG00000129493",230,199,284,286,232,205,249,367,401,541,433
"ENSG00000129515",641.99999,917.99999,738.99999,2279,1785,1861,2017,2445,2426,1912,2159
"ENSG00000129518",403,541.99999,507,1171,1004,1022,1329,1877,1733,1288,1551
"ENSG00000129521",211.99999,288.99999,265,277,356,343,404,695,1123,1028,1016
"ENSG00000129534",252,466,263,849,460,503,576,404,412,365,391
"ENSG00000129535",286.99999,198,635,21,24,15,11,187,284,268,259
"ENSG00000129559",921,1286,1205,3208,3787,2979,3280,4670,4023,3271,3488
"ENSG00000129562",804.99999,995,899,2789,3018,2562,3186,4216,3370,2942,2991
"ENSG00000129566",91,147,81,85,129,107,107,79,107,190,153
"ENSG00000129595",161,174,205,388,274,364,235,180,150,219,331
"ENSG00000129596",356,389,325,2043,2103,1736,2540,2058,1846,2135,1885
"ENSG00000129625",637.00001,729,802,3983,3338,3702,4271,4226,4488,4483,4671
"ENSG00000129636",581,590,628,2536,2333,2062,2408,1908,2067,2643,2458
"ENSG00000129646",316,30,198.00001,89,115,108,54,131,127,124,134
"ENSG00000129654",22,34,24,28,32,33,32,18,7,28,19
"ENSG00000129657",637.00001,720,510,2276,2135,2075,2622,1003,2014,2552,2305
"ENSG00000129667",31,34,34,57,45,73,46,137,100,175,110
"ENSG00000129673",87,98.00001,93,116,101,105,90,565,509,348,414
"ENSG00000129675",76,45,81,260,262,239,312,288,315,548,449
"ENSG00000129680",155,263,347,425,412,444,432,547,543,442,496
"ENSG00000129682",282.00001,315,481,4873,4340,3900,5267,2874,2866,2725,2869
"ENSG00000129691",223.00001,368.99999,349,1165,1040,1043,1214,1783,1893,1798,1827
"ENSG00000129696",179,92,78.00001,501,582,496,730,776,734,608,677
"ENSG00000129757",697,1131.99999,950,319,268,325,257,227,187,168,174
"ENSG00000129810",202.00001,227.99998,271.00001,284,204,286,300,346,231,202,234
"ENSG00000129911",125,170,203,44,32,42,23,36,31,62,39
"ENSG00000129925",133,170.99999,154,180,305,247,240,261,212,270,278
"ENSG00000129932",55,73,55,163,215,232,279,95,100,184,255
"ENSG00000129933",367,381,323.00001,1149,1252,1152,1410,1329,1401,1885,1802
"ENSG00000129946",547,472.00001,371,286,292,310,291,327,222,183,197
"ENSG00000129951",335,586,442.00001,200,265,190,198,97,105,151,147
"ENSG00000129968",141.00001,179,194.99999,480,630,504,402,213,169,340,448
"ENSG00000129990",63,98.99999,64.99999,268,340,274,290,84,75,163,167
"ENSG00000129991",70,166,105.00001,292,347,300,366,272,215,167,181
"ENSG00000129993",125.00001,87.99999,83.00001,41,74,77,59,50,37,48,58
"ENSG00000130005",292,338,286,1630,1772,1443,1708,1301,880,1235,1472
"ENSG00000130021",280,154,231,254,242,266,221,467,315,361,370
"ENSG00000130023",201.00001,293,249,236,303,245,282,382,376,360,412
"ENSG00000130024",509.99999,568,606,548,396,415,391,594,520,369,462
"ENSG00000130032",23,20,24,96,79,106,88,74,85,59,72
"ENSG00000130035",43,71,51,59,52,74,54,51,58,61,68
"ENSG00000130037",10,9,11,50,37,52,59,60,44,112,114
"ENSG00000130045",159,60,59,154,179,168,175,157,119,145,125
"ENSG00000130054",14,19,11,41,69,56,67,52,43,42,45
"ENSG00000130055",94.00001,78,66.99999,205,290,257,272,666,887,1255,866
"ENSG00000130066",1352,1565.99999,1218,8870,9639,8133,9801,8020,7068,6916,7018
"ENSG00000130119",295.00001,279,302.00001,440,367,330,530,519,605,722,700
"ENSG00000130147",217,237,225,716,855,852,747,885,896,1007,1318
"ENSG00000130150",245,332,224.00001,428,326,328,445,893,1011,737,1030
"ENSG00000130158",78.00001,98,53,256,278,287,220,167,143,216,191
"ENSG00000130159",282,376.00001,270,1219,1405,1245,1367,1266,1227,1279,1179
"ENSG00000130164",178,256.99999,241,1274,1588,1059,1533,345,476,483,440
"ENSG00000130165",259,304.00001,280,2015,2231,1835,2396,2155,1886,1913,1759
"ENSG00000130175",819.99999,1037.00001,934.99999,2013,2294,1963,2219,1542,1813,1865,1690
"ENSG00000130176",15,11,9,43,58,59,68,57,67,63,47
"ENSG00000130177",1097,1226.99999,1128,942,804,727,769,787,535,674,830
"ENSG00000130193",77,41,65,182,342,264,183,93,113,221,439
"ENSG00000130202",414,686,448,2326,2410,2216,2844,1785,1652,2501,2649
"ENSG00000130203",400.99999,551,548,422,1231,927,555,285,137,483,733
"ENSG00000130204",200.00001,239,174.99999,134,151,169,115,117,84,115,161
"ENSG00000130208",21,35,38,65,95,63,106,105,110,82,56
"ENSG00000130222",647,715,950,792,843,734,847,1605,1245,1393,1382
"ENSG00000130224",718,789,602,506,369,422,484,324,309,325,263
"ENSG00000130227",507,626,469,2857,2737,2675,3380,2185,2283,2655,2759
"ENSG00000130244",68,79.00002,69,197,218,206,222,83,44,140,205
"ENSG00000130254",432,448,401,942,847,814,975,1142,920,1192,1204
"ENSG00000130255",7161.00001,10075.00001,9240,9410,11449,8981,10492,10970,8300,5899,7352
"ENSG00000130270",22,47,29.99999,71,92,117,112,62,74,85,79
"ENSG00000130287",117,128,90,386,628,548,393,326,234,354,432
"ENSG00000130294",1848.99999,1900.00001,1865,8708,9708,9416,10684,7125,8123,11760,8881
"ENSG00000130299",187,168,151.00001,315,354,324,359,343,277,368,367
"ENSG00000130303",52,95,43,147,184,167,279,261,243,379,285
"ENSG00000130304",237.00001,221.00001,262,325,489,394,508,539,521,865,683
"ENSG00000130305",114,132,99,453,568,510,503,591,495,546,494
"ENSG00000130309",254.99999,435,293,510,513,511,452,503,460,463,436
"ENSG00000130311",149,204,162,369,420,388,432,468,438,437,472
"ENSG00000130312",308,368,337,1150,1242,1040,1312,1475,1143,939,1025
"ENSG00000130313",497.99999,676,585,1121,1336,1109,1142,1131,804,1083,1235
"ENSG00000130332",766,1072,1068,1487,2050,1627,1701,2335,1778,1265,1585
"ENSG00000130338",1037,746.99999,921,2350,1981,2291,2316,2579,2729,3883,3959
"ENSG00000130340",470.00001,353.99999,479,258,236,282,215,208,148,275,429
"ENSG00000130347",98,96,73,73,61,55,84,129,163,155,167
"ENSG00000130348",132,169,178,455,404,398,488,552,631,712,597
"ENSG00000130349",193,225,254.99999,191,170,170,169,444,273,355,323
"ENSG00000130363",307,312,314,326,283,285,384,455,409,531,482
"ENSG00000130382",350,326,371,247,291,273,328,294,272,387,376
"ENSG00000130396",2504,2501,1799.00001,673,524,591,552,634,536,606,542
"ENSG00000130402",1284,1271,1326,595,587,620,746,1104,1099,1480,1259
"ENSG00000130413",676.00001,704,548.99999,482,391,411,407,654,705,696,776
"ENSG00000130414",883,752.99998,1071.99998,2853,2739,2544,2973,3001,3167,3198,3180
"ENSG00000130429",131.99999,161.99999,107.99999,301,317,278,377,431,478,618,462
"ENSG00000130433",70,37,48,13,19,10,9,18,9,12,22
"ENSG00000130449",307,382,367,265,215,277,197,195,198,216,209
"ENSG00000130475",141,326.99999,318.99998,280,293,276,329,159,210,224,177
"ENSG00000130477",228,276,240,238,307,327,231,280,185,329,311
"ENSG00000130479",146.00001,169,164,923,1070,1013,1164,642,564,1052,1053
"ENSG00000130508",1245,1082,928.00002,4031,4220,3736,4134,2799,2598,3593,5027
"ENSG00000130511",294.99999,494,425,299,296,262,249,320,265,240,274
"ENSG00000130513",313,91,183,653,1113,714,1000,617,312,1049,573
"ENSG00000130517",223,200,158,212,215,168,275,201,219,344,256
"ENSG00000130518",286.00001,164.00001,259,99,92,137,67,212,155,216,202
"ENSG00000130520",670,824,654,3347,3733,2771,3255,3939,2854,2820,3329
"ENSG00000130522",1337,1926,1987,404,341,364,317,230,227,246,228
"ENSG00000130528",76,139,44,462,393,485,486,279,130,197,156
"ENSG00000130529",71,106,58.99999,374,332,331,346,147,121,197,197
"ENSG00000130540",66,61,88,456,449,412,402,195,107,218,163
"ENSG00000130544",174,180,151,412,357,347,472,355,436,541,434
"ENSG00000130558",535,458,475,3987,4799,4686,3058,1073,567,797,1535
"ENSG00000130559",604,470.99999,479,595,681,719,684,872,688,839,794
"ENSG00000130560",251,266,238,258,258,247,276,313,230,286,283
"ENSG00000130584",97.99999,150,88,46,67,33,53,64,42,50,61
"ENSG00000130589",50,66.99999,56,73,75,78,85,62,57,133,90
"ENSG00000130590",72.99999,76.00001,73.00001,131,175,186,163,197,197,210,234
"ENSG00000130595",16,34,23,96,202,163,180,72,79,153,173
"ENSG00000130635",388,589,644,221,368,264,285,344,335,461,475
"ENSG00000130638",1121,1343,1049,5860,5575,5405,6346,6714,6757,6634,7114
"ENSG00000130640",444.99999,508.99999,357,2384,2421,2185,2614,2067,2520,2910,2577
"ENSG00000130643",58,84,110,79,189,101,85,13,7,15,42
"ENSG00000130649",18,29,47,6,12,15,10,22,23,12,23
"ENSG00000130653",44,89,44,22,16,14,14,33,17,21,22
"ENSG00000130669",196,206,195,517,503,436,538,318,479,448,442
"ENSG00000130684",291,106,196,338,260,340,341,731,745,730,709
"ENSG00000130695",223,258,228.99999,565,468,561,723,640,803,807,761
"ENSG00000130699",176,165,150,56,53,49,66,47,41,55,65
"ENSG00000130702",505.00001,352,425,452,606,537,585,733,625,990,895
"ENSG00000130703",415.99999,520,437,589,630,730,756,883,903,1202,1056
"ENSG00000130706",383.00001,405.00001,338.99999,1061,1239,1102,1298,1687,1317,1525,1348
"ENSG00000130707",265,292,243,2570,2999,2310,2870,2755,3021,1703,3180
"ENSG00000130713",268.00001,267,243.99999,529,453,548,631,907,938,894,925
"ENSG00000130714",327.99998,392.00002,347,1970,2050,1767,2140,2155,2517,2485,2307
"ENSG00000130717",136.99999,146.00001,164,1175,1303,1124,1436,1363,1650,1470,1524
"ENSG00000130720",178.00001,143,81,347,507,368,391,367,297,317,352
"ENSG00000130724",725.99999,898.99999,809.00001,2597,3271,2625,3252,3698,2983,2805,3016
"ENSG00000130725",499,512,432,102,149,120,103,128,69,88,80
"ENSG00000130726",800,1196,938,1572,1955,1766,1846,1739,1147,1211,1291
"ENSG00000130731",521.00001,733,583.99999,1095,1296,1203,1350,1160,789,946,974
"ENSG00000130733",181,167,137,753,833,709,978,900,813,856,843
"ENSG00000130734",82,121.00001,144,177,259,237,147,109,53,100,265
"ENSG00000130741",1991,2550,2142,7029,5275,5542,6448,4769,4916,4173,4414
"ENSG00000130748",302,382,314,568,928,688,605,214,121,335,542
"ENSG00000130749",278,206,248.99999,121,103,142,74,202,156,168,160
"ENSG00000130751",68,54,92,20,26,28,27,13,9,21,30
"ENSG00000130758",126,126,102,14,26,20,14,18,10,19,11
"ENSG00000130762",88.00001,74,59.00001,69,73,81,85,111,94,96,94
"ENSG00000130764",278,317,277,266,338,342,329,423,349,300,377
"ENSG00000130766",115,134,84,401,375,378,491,341,311,589,459
"ENSG00000130768",8,11,13,17,37,35,57,67,82,44,77
"ENSG00000130770",1781.00001,1882,1657.99999,4013,4450,3816,4316,6116,4728,3737,4476
"ENSG00000130772",78,79,72.99999,66,78,72,97,94,77,139,122
"ENSG00000130775",9,18,20,20,39,41,52,31,25,60,25
"ENSG00000130779",688,667,605,584,654,581,654,952,774,1080,908
"ENSG00000130787",129,130,124,355,463,514,557,579,633,796,735
"ENSG00000130803",242,200,209.00001,766,724,675,1002,745,979,1222,1107
"ENSG00000130810",113,123.00001,107.99999,196,194,199,268,322,386,410,348
"ENSG00000130811",605.99999,819.99999,660,2170,2331,2045,2396,2488,2121,2130,1984
"ENSG00000130812",10,19,35,14,11,23,14,25,16,31,63
"ENSG00000130813",89,125,96,468,563,509,551,647,594,712,851
"ENSG00000130816",1178,942.99999,956,1448,1370,1385,1303,1699,1757,1873,1771
"ENSG00000130818",227,242,180,735,517,606,652,729,695,940,854
"ENSG00000130821",273,282,293,364,463,394,384,491,308,352,363
"ENSG00000130822",45.99999,64.00001,65.99999,29,58,48,60,37,38,66,50
"ENSG00000130826",351,460.00001,361.00002,774,745,785,710,1270,1376,1192,1182
"ENSG00000130827",301,274,228,448,565,480,415,434,392,457,405
"ENSG00000130830",119,173.99999,158,951,793,815,909,668,695,558,760
"ENSG00000130844",183,169,217,426,333,457,471,442,409,526,487
"ENSG00000130856",295.00001,301,363,209,233,228,230,278,236,287,313
"ENSG00000130881",199,226,259,226,286,313,265,293,195,251,282
"ENSG00000130921",506.99998,392,428,379,372,430,511,706,595,743,632
"ENSG00000130935",357,342,321,669,443,564,609,1004,1103,896,985
"ENSG00000130939",862,629.00001,599.99999,1149,970,915,1071,919,1210,1297,1233
"ENSG00000130940",474.00001,522,709,474,520,521,595,442,638,772,724
"ENSG00000130956",222,273,321,188,253,170,174,140,78,75,134
"ENSG00000130958",234,278.99999,253,50,51,78,38,101,64,40,46
"ENSG00000130962",82,142.99999,119,487,370,463,608,374,485,580,435
"ENSG00000130985",1948,2301.00001,1629,18913,20531,17649,22293,14413,18521,21437,18802
"ENSG00000131013",385,488,448,1103,661,778,897,837,767,801,824
"ENSG00000131015",10,12,7,32,29,30,41,20,9,27,23
"ENSG00000131016",953,1034,652.99999,2053,2480,2354,2368,1073,1143,1677,1780
"ENSG00000131018",642,666.00001,572.00001,659,614,593,827,676,686,1309,1038
"ENSG00000131019",51,34,19,105,77,81,101,82,70,125,110
"ENSG00000131023",608,583,609,903,705,748,873,860,1215,1337,1070
"ENSG00000131037",51.99999,108.00001,33,157,231,194,194,181,142,125,132
"ENSG00000131043",244.99999,255,292.99999,692,702,624,893,1070,1255,1378,1156
"ENSG00000131044",44.99999,181.00001,84.99999,50,37,45,41,48,67,62,63
"ENSG00000131051",2700,3228,2783.99997,5474,4331,4717,5593,6210,6728,6161,6183
"ENSG00000131061",99,109,65,55,85,66,62,132,136,160,95
"ENSG00000131067",275,268,257,449,526,432,491,433,475,442,429
"ENSG00000131069",154,298,192.99999,846,902,742,847,779,846,911,1028
"ENSG00000131080",81,141,78,361,298,280,479,258,335,408,220
"ENSG00000131089",1406.00002,638.99999,1117,2129,1899,1923,2410,1616,1931,2617,2270
"ENSG00000131094",56,166,97,45,55,44,28,35,34,56,40
"ENSG00000131100",402,534,510,1303,1400,1320,1605,2267,1921,1665,1866
"ENSG00000131115",522,1095,362,360,297,360,428,491,556,614,573
"ENSG00000131116",464,685,600,1225,1385,1053,1284,866,823,1118,1091
"ENSG00000131127",381,329,324,598,298,379,467,545,589,643,657
"ENSG00000131143",2758.00001,3639.99998,3094,7865,9586,7520,8838,10408,7715,6566,7758
"ENSG00000131148",281,234,218,439,473,474,262,176,131,258,501
"ENSG00000131149",1453.99999,1637,1491,839,916,998,738,1176,1029,1498,1202
"ENSG00000131153",279,405,302,1033,1039,796,834,1583,1415,823,1240
"ENSG00000131165",229,307,226.99999,1261,1565,1480,1494,2090,2274,2299,2128
"ENSG00000131171",680,843,764,4228,2708,3199,3710,3826,3557,2955,3458
"ENSG00000131174",1202,1347,1215,3581,3576,3051,3380,5541,4742,2535,3677
"ENSG00000131187",38.99999,47.00001,57.99999,115,221,166,190,106,73,74,63
"ENSG00000131188",60.00001,105,75,92,97,111,119,69,57,65,60
"ENSG00000131196",8,33.99999,20.99999,23,30,36,20,30,37,62,36
"ENSG00000131236",723,887,856,3377,3083,2919,3202,4083,4238,3904,3890
"ENSG00000131238",438,779,440,3631,3583,3156,4234,4682,4797,5143,5075
"ENSG00000131242",93,137.00001,82,322,349,388,383,244,159,271,260
"ENSG00000131263",281,330,371,1213,828,1097,1221,981,1429,1451,1343
"ENSG00000131269",302.00001,470.99999,500.99999,705,562,645,821,520,626,684,632
"ENSG00000131323",212,244.99999,224,162,187,193,170,191,228,339,305
"ENSG00000131351",127,123,121,87,75,66,90,138,114,96,137
"ENSG00000131368",784.99999,602.00001,582,1175,976,1110,1092,1331,1000,1254,1029
"ENSG00000131370",76,112.00001,88,418,560,520,469,271,272,413,600
"ENSG00000131373",307.00001,430.99999,375,430,345,423,514,535,609,590,503
"ENSG00000131374",1479,1862,1161.99999,2647,2112,2237,2583,1965,2475,3043,2698
"ENSG00000131375",485,546.00001,583,611,480,521,643,789,974,1124,1156
"ENSG00000131378",159,207,274,260,383,249,459,171,213,506,316
"ENSG00000131381",231,236,215.00001,749,692,783,1041,710,898,1718,1091
"ENSG00000131389",433,553.00001,400,350,358,426,485,403,474,841,620
"ENSG00000131400",20,26.99999,13,11,20,16,11,26,9,10,5
"ENSG00000131408",151,206,199,440,597,516,767,1061,1063,1247,1088
"ENSG00000131409",270,273,295,35,55,62,41,37,50,55,45
"ENSG00000131435",269.00001,344,378,1436,1517,1534,1564,1289,926,1499,1323
"ENSG00000131437",830,979,1012,1070,869,1082,910,1084,922,1008,1090
"ENSG00000131446",398.00001,248.99999,234.00001,776,881,854,941,1089,1045,1446,1497
"ENSG00000131459",85,92,91,402,429,464,533,464,583,549,537
"ENSG00000131462",323,426.00001,357.00001,3143,3341,2790,3626,2958,2979,2778,2996
"ENSG00000131467",299.99999,254,238.00001,1487,1322,1455,1450,2526,2915,3038,2975
"ENSG00000131469",9478,11112.99999,9909.99999,8056,8640,7100,8173,10781,9579,4603,7550
"ENSG00000131470",89.00001,97,67,239,259,250,253,257,254,244,209
"ENSG00000131471",33,32,23,544,734,579,748,1028,1407,527,1339
"ENSG00000131473",910,895,1044.00001,4747,4608,4640,4886,3762,5282,5865,5091
"ENSG00000131475",449,578,467,1034,1144,964,1143,1701,1759,1675,1741
"ENSG00000131477",282,330.99999,247,1055,1142,988,1109,1293,963,1036,1182
"ENSG00000131480",40,24,42,2339,2834,1816,2747,12418,20474,6303,20404
"ENSG00000131495",843.00001,1011,883.00001,1625,2053,1475,1714,2844,1994,1380,1809
"ENSG00000131503",1586,1512,1674.99999,1610,1502,1538,1933,1601,1715,2354,2567
"ENSG00000131504",199,221,206,520,495,555,456,495,540,658,758
"ENSG00000131507",1336,1432,1310,3593,2556,2907,2659,2618,2196,2852,3338
"ENSG00000131508",2147,1572,1745.99999,2090,1554,1770,1649,1440,1513,1407,1602
"ENSG00000131558",648,637,769,3473,3209,3030,4170,2429,3362,3814,3319
"ENSG00000131584",314,425,363.99999,175,269,297,186,174,105,140,203
"ENSG00000131591",162,188.99998,206,270,336,331,389,364,340,410,399
"ENSG00000131620",118,426,326,293,274,268,183,183,252,172,222
"ENSG00000131626",667.00001,730,608.00001,231,210,302,243,319,299,340,312
"ENSG00000131652",73,86,79,311,333,332,328,570,497,503,483
"ENSG00000131653",252,314,275,719,862,847,841,704,860,756,820
"ENSG00000131669",153,195,147,959,1345,1091,1466,1292,1198,1376,1446
"ENSG00000131697",199.00001,263,183.99999,276,307,333,237,365,440,450,431
"ENSG00000131711",8259,9377,7202,43924,43789,42628,46368,37414,34640,51343,47090
"ENSG00000131724",57,93,81,655,602,589,498,360,504,682,1044
"ENSG00000131725",239.00001,250,444,489,425,487,534,626,803,1000,740
"ENSG00000131732",266,173.00001,329.00001,309,281,287,303,393,347,294,304
"ENSG00000131747",1192,2004,1688,14141,9447,10472,13973,5907,8416,7982,7346
"ENSG00000131748",276.99999,262,260.99999,780,958,818,1004,1138,1129,1294,1093
"ENSG00000131759",467,486,484,1072,1010,1045,1309,710,1053,1039,871
"ENSG00000131771",72.99999,81,99,56,83,70,66,168,152,191,228
"ENSG00000131773",272.99999,253,255.00001,137,112,115,107,126,50,45,56
"ENSG00000131778",826.00001,1001.99999,655,818,719,665,764,729,927,952,818
"ENSG00000131779",178,222,218,641,618,577,761,850,925,911,1014
"ENSG00000131781",66,43,36,6,10,13,4,20,26,16,25
"ENSG00000131788",307,289.00001,285.99999,739,657,817,880,1151,1141,1288,1274
"ENSG00000131791",174,212,156,1592,1141,1327,1694,709,866,912,822
"ENSG00000131828",527,729.00001,594.00001,1806,1809,1836,1970,2467,2535,2631,2637
"ENSG00000131831",77,66.00001,49,164,125,151,183,211,221,231,277
"ENSG00000131844",379,247,46.99999,872,800,779,958,1186,1395,1427,1455
"ENSG00000131845",75,66,56,182,282,242,295,246,390,541,445
"ENSG00000131848",169.99998,93,82.99999,114,96,91,96,183,167,159,167
"ENSG00000131849",28,38,24,30,31,22,62,50,51,60,56
"ENSG00000131871",372,487,406,499,511,449,528,667,433,550,567
"ENSG00000131873",182,251,232,94,127,78,113,157,138,156,169
"ENSG00000131876",439.99999,507,505,1247,1081,1091,1292,1214,1130,955,1059
"ENSG00000131899",149,206,227,425,482,521,385,728,397,513,463
"ENSG00000131931",101,142,129,405,312,325,392,303,325,288,280
"ENSG00000131941",190,139,202,467,435,429,687,732,964,1140,855
"ENSG00000131943",277,298,209.00001,364,383,398,323,477,427,518,609
"ENSG00000131944",28,50,45,47,50,48,37,95,84,88,96
"ENSG00000131951",137,227,106,33,30,35,12,37,17,31,31
"ENSG00000131966",938.99999,953,898,2288,1699,1897,2067,3147,3508,2535,3121
"ENSG00000131979",36,24,26,38,14,21,15,8,10,21,21
"ENSG00000131981",508,249,129,279,265,192,266,1132,954,1405,810
"ENSG00000132000",20,11,16,77,71,63,86,66,61,106,87
"ENSG00000132002",706.99999,605,538.99999,5371,4902,5086,4901,3455,3339,4647,3499
"ENSG00000132003",201,173,164,34,38,65,47,70,34,76,46
"ENSG00000132004",68,98,76,623,788,700,762,848,873,962,864
"ENSG00000132005",317,234,225.99999,47,51,56,69,77,39,68,64
"ENSG00000132010",70,72,46,52,30,62,30,57,61,95,63
"ENSG00000132016",52,69,78,117,102,160,105,275,292,249,193
"ENSG00000132017",101,159,112,124,131,130,126,116,121,88,114
"ENSG00000132024",193,193.99999,245.99998,502,503,478,496,671,681,855,919
"ENSG00000132026",114,52,61,76,126,124,79,196,120,150,148
"ENSG00000132109",55,66,53,169,157,136,183,197,240,252,236
"ENSG00000132122",342,587,727.00001,450,311,341,402,308,325,385,415
"ENSG00000132128",474.00001,469.00001,424.00001,3746,3847,3892,5135,4370,5672,6458,5462
"ENSG00000132141",67.99999,63,53,104,94,51,74,152,171,106,160
"ENSG00000132153",1139,1115,1021.99999,2605,3062,3085,3499,3995,5057,5313,5039
"ENSG00000132155",891.99997,736.00001,683,2085,2236,2364,2684,3395,3540,3905,3559
"ENSG00000132164",13,10,20,25,57,32,65,42,39,79,77
"ENSG00000132182",248,289,221,489,552,610,631,588,594,989,860
"ENSG00000132196",125,108,124,422,427,402,507,529,667,573,521
"ENSG00000132199",1009,1125.99999,886,397,343,382,383,529,425,482,564
"ENSG00000132205",27,29,36,26,31,26,32,46,28,13,9
"ENSG00000132254",214,241.00001,195,934,1106,904,1109,1692,1688,1615,1398
"ENSG00000132256",197.99999,233.99998,222.99999,300,285,292,392,311,345,421,327
"ENSG00000132274",69,74,51.00001,103,102,81,153,203,222,367,254
"ENSG00000132275",162,177,221.00001,596,533,559,641,671,700,697,673
"ENSG00000132286",184.99999,283,295,1136,803,887,1131,831,966,903,861
"ENSG00000132294",797,612,717,322,231,318,272,569,481,811,807
"ENSG00000132300",439,553,458,1006,884,881,777,1629,1549,1765,1567
"ENSG00000132305",734.99999,790,724,3234,2951,3015,3555,2709,3135,3298,3102
"ENSG00000132313",135,173,179,428,353,421,489,606,528,675,570
"ENSG00000132321",26,20,115,43,39,37,26,89,93,59,69
"ENSG00000132323",293,278.99999,315,889,822,751,733,987,738,706,965
"ENSG00000132326",250,215,192,100,95,119,110,79,62,99,78
"ENSG00000132329",31,27,53,212,318,291,269,488,348,505,360
"ENSG00000132330",156.99999,206,149.99999,337,297,269,314,413,427,373,439
"ENSG00000132334",97,119,129,77,118,122,80,114,49,91,78
"ENSG00000132341",2658.00001,3448,2952.99999,10892,10622,9561,11015,11121,10164,7996,9052
"ENSG00000132356",190,238.99999,187,307,264,352,386,475,563,585,596
"ENSG00000132359",330.99999,191.00001,115.00001,137,150,178,140,196,165,242,187
"ENSG00000132361",86,105,68,134,215,232,143,152,148,314,352
"ENSG00000132376",130.99998,91,143,878,832,775,978,1294,1291,1785,1592
"ENSG00000132382",128,134.99999,116,480,498,494,528,643,806,1051,916
"ENSG00000132383",426,486,415,3412,2760,2708,3560,3092,4049,3738,3750
"ENSG00000132386",885,1053,1817.00001,6905,7270,7126,9411,6325,5635,7731,6651
"ENSG00000132388",373,511.00001,381,1479,986,1225,1006,902,741,1094,1517
"ENSG00000132394",81,150,137,754,807,718,846,758,663,926,979
"ENSG00000132405",608,515.00001,556.99999,1915,2059,1947,2161,1988,2380,3034,3228
"ENSG00000132406",255,346,298,628,531,538,526,717,681,608,692
"ENSG00000132423",48,80,42,188,160,193,166,308,247,192,248
"ENSG00000132424",2495,3192,2788,3232,2532,2881,2933,3131,2614,2682,2772
"ENSG00000132432",937,1256,1138,1231,1043,1146,1109,1654,1425,945,1088
"ENSG00000132434",201.00001,173,191,443,434,370,386,541,527,754,745
"ENSG00000132436",54,90,76,117,102,127,88,219,218,159,143
"ENSG00000132437",41,30,41,106,158,123,113,79,82,73,70
"ENSG00000132463",680,738,630.99999,574,526,606,561,992,867,887,836
"ENSG00000132466",2252,2323.00001,2511,1109,1209,1205,1324,1830,1873,2342,2539
"ENSG00000132467",189,225,187,91,109,108,112,116,117,176,121
"ENSG00000132470",20,10,19,39,81,47,111,86,194,378,203
"ENSG00000132471",661,612,509,2052,2275,1990,2517,2294,2274,2703,2359
"ENSG00000132475",5189,6605.00001,6114.99999,62632,46974,49475,59242,52276,53643,52771,48867
"ENSG00000132478",355,404,303,662,640,674,747,801,960,944,906
"ENSG00000132481",22,15,24,14,19,18,13,30,46,57,37
"ENSG00000132485",851,1063,988,2118,1456,1540,1594,2236,1997,1607,1777
"ENSG00000132507",679.99999,1132,947,4091,4111,3755,3801,5040,3737,4473,5034
"ENSG00000132510",556,619,529,297,313,316,255,241,220,420,275
"ENSG00000132518",120,57,52,47,50,50,15,57,43,85,83
"ENSG00000132522",404.99998,547.99999,515.00001,1102,949,971,1210,1164,1006,996,1053
"ENSG00000132535",948.99998,805,1070.99999,251,264,239,216,383,388,392,435
"ENSG00000132541",535,461,480,455,414,416,430,1061,1049,575,877
"ENSG00000132549",1457.99999,1530.99999,1338,935,825,851,939,903,955,1290,1202
"ENSG00000132561",97,46,88.99999,461,594,482,917,666,881,1314,1139
"ENSG00000132563",427,450,351,576,682,659,526,339,295,389,552
"ENSG00000132570",164,159.00001,103,170,143,159,197,273,309,286,338
"ENSG00000132581",183,284.00001,292.00001,791,830,704,1058,1729,1765,1476,1604
"ENSG00000132589",375.99999,323.99999,244.99999,2297,2353,2206,2845,2578,2802,3293,3172
"ENSG00000132591",159,207,160,1187,1337,1212,1501,2141,1910,2040,1842
"ENSG00000132600",380,1023.99999,484.99999,698,781,833,826,1356,1433,1374,1240
"ENSG00000132603",112,110,105.00001,160,131,144,143,276,239,240,224
"ENSG00000132604",331,258.00001,263.00001,186,142,206,215,229,158,174,221
"ENSG00000132612",494,566,386,1048,1249,1030,847,623,504,892,1229
"ENSG00000132613",318,208,225,63,57,92,90,45,53,105,84
"ENSG00000132623",104,89,99,147,113,153,135,191,201,236,187
"ENSG00000132635",232,309.99999,241,729,867,758,866,982,941,1221,1139
"ENSG00000132639",949.99997,1096.99995,824.99998,1793,1710,1777,1748,2936,2594,3115,3012
"ENSG00000132640",707,737.99999,671.99999,2272,1766,1970,2515,1780,1919,2285,2247
"ENSG00000132646",789,1106,1031,734,710,636,512,2078,1752,1278,1589
"ENSG00000132661",175,196,155,603,775,594,727,1067,746,610,860
"ENSG00000132664",247,245,222.00001,251,155,178,182,341,339,307,360
"ENSG00000132669",873,986,887.99999,481,428,444,471,677,690,822,769
"ENSG00000132670",1064.99999,1362,1112,1379,1301,1326,1282,1108,1159,1232,1118
"ENSG00000132676",647,732,556.99999,1173,1086,979,1179,1542,1433,1422,1399
"ENSG00000132680",542,620,567,409,298,344,324,366,294,324,353
"ENSG00000132688",1218,1337,1412,593,927,850,751,963,751,1029,846
"ENSG00000132692",22,10,19,38,167,67,124,132,141,316,237
"ENSG00000132694",466,452,414,417,517,395,391,742,598,781,643
"ENSG00000132716",1286.99999,798,944,1303,1236,1327,1298,2275,2077,2065,1985
"ENSG00000132718",1140,1347,203,7651,6825,7100,9091,6530,8211,10771,8216
"ENSG00000132740",153.99999,184,202,381,468,446,500,400,471,537,505
"ENSG00000132749",42,41,48,45,60,52,30,26,26,26,53
"ENSG00000132763",64,68,76,81,101,76,71,141,127,119,124
"ENSG00000132768",66,56,61,212,245,285,234,429,412,462,401
"ENSG00000132773",78,52,42,198,244,251,207,392,374,300,343
"ENSG00000132780",1225.00001,1235,1583.00002,1857,1905,1566,1594,2803,2738,2286,2604
"ENSG00000132781",144.99999,222.99998,213,846,855,698,712,1277,1094,984,951
"ENSG00000132792",421.00001,487.99999,573.00001,1690,1621,1589,1935,1489,1683,2014,1779
"ENSG00000132793",53,58,42,39,63,62,49,56,42,55,32
"ENSG00000132801",39,48,67,62,43,71,58,102,78,167,123
"ENSG00000132819",188,179,180,60,87,93,65,95,66,52,62
"ENSG00000132821",112,141,143,164,257,229,169,93,71,65,107
"ENSG00000132823",209,296,254,2699,2448,2184,2926,1852,2042,1611,1680
"ENSG00000132824",573,686,561.99999,2262,1939,2169,2392,1892,2358,3130,2447
"ENSG00000132825",38,49,49,25,6,26,24,34,33,14,26
"ENSG00000132837",53,58,50,43,41,35,37,41,71,73,85
"ENSG00000132842",2482.99998,1901,1296.99999,1154,793,837,1107,1185,1528,1543,1547
"ENSG00000132846",214,142,131,97,128,93,147,218,273,226,278
"ENSG00000132849",264,410,465.00001,412,281,377,607,283,317,504,415
"ENSG00000132854",125,74,103,45,63,84,67,127,114,152,189
"ENSG00000132872",607.99999,797,605,4221,3020,3910,3033,2749,2832,3355,3046
"ENSG00000132879",207.99999,317.99999,186,495,574,493,607,493,551,534,492
"ENSG00000132881",39,23,26,23,52,29,38,34,84,77,58
"ENSG00000132906",134,202,208,188,221,195,152,291,292,307,260
"ENSG00000132912",606.99999,648,634,2075,1622,1758,2042,1959,2048,2234,2068
"ENSG00000132915",10,10.99999,15.00001,36,18,34,39,51,28,64,55
"ENSG00000132932",352,314.00001,289.00001,306,372,265,263,273,343,534,495
"ENSG00000132938",25,28,57,124,102,108,111,182,140,134,176
"ENSG00000132950",391.99999,415.99999,464,520,350,365,389,572,553,530,478
"ENSG00000132952",293,339,336,888,610,737,833,826,719,756,696
"ENSG00000132953",350,296,250,341,271,338,299,320,425,567,474
"ENSG00000132963",1066.99999,1440,1305,2225,1849,1844,1939,3561,2660,2132,2531
"ENSG00000132964",400.99999,583,600,261,256,264,284,244,203,183,257
"ENSG00000132970",856,1090,1214,1135,1011,976,981,801,631,692,936
"ENSG00000133019",24,58,9,63,57,58,75,57,86,104,85
"ENSG00000133020",7,14,12,88,181,175,198,53,57,149,167
"ENSG00000133026",2188.99999,3969.00001,3356.00001,4161,3558,4132,4003,4106,4749,6067,5936
"ENSG00000133027",279,354,303.00001,1389,1648,1448,1666,1546,1289,1190,1291
"ENSG00000133028",205,211,195,287,291,299,361,541,476,477,541
"ENSG00000133030",837,1022,686,671,772,784,736,937,692,933,925
"ENSG00000133056",243,197.99999,265,270,311,354,281,279,196,328,286
"ENSG00000133059",245,243,383,1018,1017,1095,1260,1303,1334,1891,1907
"ENSG00000133065",138,120,217,678,715,798,999,689,1031,1368,998
"ENSG00000133069",203,204,412,353,379,366,299,872,902,976,1017
"ENSG00000133083",1577.00001,2301,1421,1124,1033,1042,1006,962,737,1160,811
"ENSG00000133101",184,349,230,659,525,501,701,256,333,281,254
"ENSG00000133103",666.00001,565,468,944,646,910,1029,1142,1430,1223,1294
"ENSG00000133104",719.00001,949,663,1426,1187,1336,1531,2085,2401,2681,2646
"ENSG00000133107",25,71,40,123,130,134,155,173,217,318,224
"ENSG00000133110",8,12,8,83,91,74,129,110,133,344,174
"ENSG00000133111",159,205,147,44,25,33,14,23,25,16,50
"ENSG00000133112",11847,14380.99999,13970.99999,12696,11915,10222,11666,14887,11437,6700,9724
"ENSG00000133114",394.99999,457,327,428,246,324,335,461,422,397,451
"ENSG00000133119",151,208,153,521,439,418,510,627,745,470,588
"ENSG00000133121",103,35,95,69,91,93,80,95,123,139,93
"ENSG00000133124",58,55,55,510,397,376,332,286,333,164,319
"ENSG00000133131",69,133,225,508,469,479,434,509,392,408,548
"ENSG00000133134",723,719,1221,3022,3665,2959,3352,5581,4384,4742,4616
"ENSG00000133135",7,9,24,25,14,17,30,8,13,44,33
"ENSG00000133138",56,57,84,255,221,205,216,280,278,379,333
"ENSG00000133142",2085,2656,1173.99999,1778,1762,1579,1953,2106,1844,1833,1871
"ENSG00000133169",2056,1311,2373,3625,3585,3006,4014,7605,6869,7556,6822
"ENSG00000133193",302,259,253,515,501,526,613,854,954,809,858
"ENSG00000133195",66,194,171,107,119,128,150,224,252,230,255
"ENSG00000133216",2315,1565,970,1447,1701,1571,1551,2193,1660,2687,2112
"ENSG00000133226",1390,1868,1512.00001,3250,2845,2728,3058,2452,2255,2290,2221
"ENSG00000133243",360.00001,398,422,565,630,535,700,518,369,433,448
"ENSG00000133247",89.00001,117.99999,127,171,202,193,164,109,90,120,151
"ENSG00000133250",159,165.00001,98,68,90,60,84,58,38,49,40
"ENSG00000133256",302.99999,210,230.99999,269,263,221,245,475,757,913,833
"ENSG00000133265",260.00001,186,198,770,865,834,813,1086,1043,1146,1209
"ENSG00000133275",295,335,313,167,214,178,174,232,163,160,170
"ENSG00000133302",518,751.00001,758,778,475,543,585,844,851,552,648
"ENSG00000133313",301.99999,331.00001,324.99999,972,989,893,1016,2234,2710,2764,2537
"ENSG00000133315",133,144,221.99999,153,216,201,110,95,53,75,170
"ENSG00000133316",238,264.99999,326.99999,409,531,559,622,746,593,737,645
"ENSG00000133318",1430,1892.99999,1647,8073,6787,6667,8570,6238,6355,7697,7157
"ENSG00000133321",15,10,17,33,80,36,88,359,438,372,403
"ENSG00000133392",110,81,71.99999,18,22,25,10,16,27,36,21
"ENSG00000133393",204.00001,371.00001,311,708,400,499,571,629,745,557,627
"ENSG00000133398",315,340,301,753,689,703,788,739,526,640,524
"ENSG00000133401",331,306,460,115,102,160,137,391,365,532,505
"ENSG00000133422",190,200,148,262,308,269,268,409,323,360,367
"ENSG00000133424",1385.99998,1500.00001,1727,166,235,200,230,411,326,486,387
"ENSG00000133460",231,185,191,442,289,311,362,525,456,583,570
"ENSG00000133466",134,100.99999,82,249,313,280,355,562,749,814,819
"ENSG00000133597",98,83,66,114,107,100,106,88,74,62,72
"ENSG00000133606",558,680.99998,638.99999,6905,6509,6354,8093,3716,4331,5188,5331
"ENSG00000133612",540.00001,519,381.00001,530,726,499,604,468,353,385,411
"ENSG00000133619",106.99999,150,95,96,92,97,98,62,95,125,95
"ENSG00000133627",272.00001,363,299,261,321,325,238,278,233,360,507
"ENSG00000133639",1325,1700,1839,1340,1165,1339,1167,1604,1326,1169,1599
"ENSG00000133640",189,252,199,121,76,68,63,78,71,75,87
"ENSG00000133641",175,201.00001,173,362,256,249,377,348,302,236,305
"ENSG00000133657",500,502,411.00001,413,221,280,286,271,214,303,300
"ENSG00000133678",310.00001,430,392.99999,985,848,871,960,1130,1121,1206,1059
"ENSG00000133687",262,216,136,177,130,124,133,171,175,163,182
"ENSG00000133703",497,527.00001,758.99999,832,557,745,631,580,510,646,744
"ENSG00000133704",269,247,300,308,205,267,279,466,542,586,594
"ENSG00000133706",1583.99998,1915.00002,1248,2364,2038,2039,2072,2927,3198,3219,3158
"ENSG00000133731",238,283,266,440,312,324,382,407,460,373,409
"ENSG00000133739",271.99999,304,214,527,272,314,326,485,446,353,446
"ENSG00000133740",434,411.00001,484,266,156,187,185,182,146,104,180
"ENSG00000133773",225.99999,291,282.99999,415,380,340,403,463,355,312,334
"ENSG00000133789",126.00001,207,126,734,656,642,823,552,592,645,592
"ENSG00000133794",380.00002,234.99999,132.99999,536,381,454,397,779,762,951,954
"ENSG00000133805",165,135,137,39,41,55,41,136,216,190,176
"ENSG00000133812",1541.99999,5395.00001,2667.99999,1302,1126,1189,1194,965,763,1388,1530
"ENSG00000133816",57,50.00001,43.99999,63,63,65,97,74,49,138,102
"ENSG00000133818",141.99998,403,166,150,95,144,117,171,122,116,143
"ENSG00000133835",672,675.00002,862.99999,1863,1516,1575,1892,2022,2228,2273,2505
"ENSG00000133858",572.00001,695.99999,580.00001,389,313,375,343,472,424,545,418
"ENSG00000133872",1761,2183,2042.00001,11801,10505,10619,12752,10836,11119,13209,12124
"ENSG00000133874",129,150,118,108,104,88,151,139,122,145,134
"ENSG00000133878",118,118,148,945,912,920,1184,891,866,1097,913
"ENSG00000133884",453,543.99999,528,3600,3462,3293,4577,3029,3426,3742,3434
"ENSG00000133895",197,307.99999,197.99999,895,801,858,924,1019,969,1309,1467
"ENSG00000133935",373,484,372,968,1070,953,1146,1318,1150,1068,1171
"ENSG00000133943",578,492.99999,324.99998,687,626,797,782,1184,1255,1584,1545
"ENSG00000133958",578,440,304,159,205,189,211,130,120,210,156
"ENSG00000133961",659,585,643.99999,1795,1487,1506,1964,1707,1814,2048,1984
"ENSG00000133983",494,592,571,1103,906,879,886,1418,1140,745,1068
"ENSG00000133985",45,52,60,39,30,53,31,40,30,53,41
"ENSG00000133997",339.99999,406,369.99999,435,416,408,498,648,495,481,516
"ENSG00000134001",444,553,427,1534,1098,1211,1473,1623,1849,1589,1607
"ENSG00000134013",155,131,108,229,248,246,327,173,338,502,365
"ENSG00000134014",379,479,346.99999,803,842,798,953,1019,1162,1301,1160
"ENSG00000134030",382.99999,491,471,342,391,400,444,260,298,428,304
"ENSG00000134042",13,9,19,10,14,11,13,20,11,23,26
"ENSG00000134046",250,428,309,83,81,68,75,113,59,72,93
"ENSG00000134049",486,612,556,949,653,748,742,1316,1106,808,950
"ENSG00000134056",435,529,436,455,330,415,407,617,359,310,397
"ENSG00000134057",326,468,397,1610,1566,1521,1993,1749,1850,1823,1818
"ENSG00000134058",647,314,385,375,246,334,385,505,558,483,518
"ENSG00000134070",16,18,11,46,60,75,99,41,69,108,85
"ENSG00000134072",222.99999,82,118,434,461,355,435,464,336,692,649
"ENSG00000134077",295,352,86,390,402,367,434,748,696,786,784
"ENSG00000134086",464,544.00001,580,830,757,871,967,778,925,1382,1110
"ENSG00000134107",305,539,353,2900,2918,3042,4820,6145,11027,9689,9039
"ENSG00000134108",276,379,253,1287,865,986,1210,1383,1385,1376,1353
"ENSG00000134109",157,213,160,161,132,132,133,140,122,182,217
"ENSG00000134115",27,55,15,90,59,84,71,28,30,68,64
"ENSG00000134121",103,133,278,435,450,457,637,405,466,1023,618
"ENSG00000134138",1565.00002,1427.99998,1922.00001,367,443,435,474,775,816,916,878
"ENSG00000134146",183,231,255,375,312,383,296,584,571,413,561
"ENSG00000134152",620,974,670,720,409,581,549,776,602,654,583
"ENSG00000134153",526,578,547,1297,1220,1124,1274,1678,1414,1531,1411
"ENSG00000134160",1651.99999,794,2026.00002,411,492,436,798,1134,1010,1141,1036
"ENSG00000134183",238,229,216,241,245,300,181,897,502,776,801
"ENSG00000134186",602,682,672,1541,1257,1273,1488,1347,1306,1066,1092
"ENSG00000134198",41,77,48,273,216,253,252,164,158,165,169
"ENSG00000134202",368,534.00001,476,2605,2715,2251,2962,3964,3546,2550,3210
"ENSG00000134207",39.00001,25,16,121,127,99,140,88,98,186,116
"ENSG00000134215",48,76.99999,87,26,34,23,31,25,24,12,12
"ENSG00000134222",156,209.99999,241.00001,662,722,657,801,590,716,1003,712
"ENSG00000134240",7,9,7,8,10,16,13,25,25,26,24
"ENSG00000134243",485,589,562,598,535,494,555,732,705,866,770
"ENSG00000134245",87.00001,83,116,178,283,295,278,604,451,391,557
"ENSG00000134247",195,157,168,726,679,751,756,590,625,1057,1149
"ENSG00000134248",1015.99999,1240.00001,1287,5241,4930,4501,5239,6857,5993,3779,5116
"ENSG00000134250",421,387,315,2768,2696,2451,3895,2132,2608,6042,4194
"ENSG00000134253",94,98,112,201,213,212,233,306,216,318,286
"ENSG00000134255",370,406,328.99999,638,434,465,540,637,663,549,627
"ENSG00000134259",9,17,8,2,6,6,15,59,60,36,57
"ENSG00000134262",111,156,145.99999,259,313,294,340,600,565,514,536
"ENSG00000134265",299,303,282,421,366,421,397,547,436,516,437
"ENSG00000134278",745,919,719,244,259,179,183,320,257,269,289
"ENSG00000134283",470,664.00001,513,948,754,821,852,1469,1310,1238,1280
"ENSG00000134285",148,74.00001,134.00001,98,82,108,111,91,71,116,92
"ENSG00000134287",443.99999,456,504,1445,1611,1360,1679,1403,1731,1933,1800
"ENSG00000134291",440.00002,509,497,3486,3593,2952,3752,4720,5096,3682,4772
"ENSG00000134294",885,1290,1223.00001,1437,1065,1530,1464,1586,1678,2158,2203
"ENSG00000134308",1927,2332,1923,17166,14115,14646,14659,14684,13128,13667,14867
"ENSG00000134313",1014.99998,1445.99999,909.99999,5630,5232,6032,6443,4034,4957,7860,6140
"ENSG00000134317",70.00001,40.00001,69,47,30,28,44,52,117,78,118
"ENSG00000134318",513.00001,739.99999,574,341,250,317,261,356,385,461,450
"ENSG00000134321",20,19,22,24,16,10,9,26,50,21,56
"ENSG00000134323",303,340,314,100,95,119,69,115,55,57,81
"ENSG00000134324",345.99999,334,276,674,565,692,657,684,778,805,855
"ENSG00000134326",20,14,31,121,87,70,112,62,61,85,91
"ENSG00000134330",322.99999,431.99999,235,1308,1097,983,1217,1551,1252,970,1152
"ENSG00000134333",2035.99999,2735.99999,5312,5731,4737,5779,6184,7781,9282,8195,8364
"ENSG00000134352",815.00001,2452.99999,1020,2103,1433,1721,1882,1294,1871,3067,2870
"ENSG00000134363",19,17,26,33,22,32,32,23,18,41,19
"ENSG00000134369",568,364,346,546,744,657,607,660,650,952,982
"ENSG00000134371",763,646.99999,1597.99999,890,552,686,892,834,1117,1044,1103
"ENSG00000134375",408,416,430,925,869,843,934,1433,1199,1106,1231
"ENSG00000134376",4094,6580.00001,6678.00001,5896,4482,4685,5858,7198,9829,9080,8728
"ENSG00000134419",9798.00001,13464.99999,11784,12013,13104,10123,11442,12966,12705,5568,9538
"ENSG00000134438",1905.99999,2597,3015,1009,960,1018,693,1504,893,851,1305
"ENSG00000134440",755,853.99999,753,3422,2862,3095,3575,3713,4039,4156,3914
"ENSG00000134444",588,496.99999,568.99999,304,234,271,279,303,455,523,564
"ENSG00000134452",399,339.00001,317,576,679,463,427,476,376,621,982
"ENSG00000134453",670.99999,889,753,1128,1049,1112,1031,841,690,1002,1264
"ENSG00000134461",168,160,153,38,44,40,46,61,24,37,60
"ENSG00000134480",423,499,401,1016,794,752,851,1067,968,928,966
"ENSG00000134490",304,313.99999,367,238,239,230,212,183,234,335,238
"ENSG00000134504",222,187.99999,123.00001,117,107,115,127,186,189,172,224
"ENSG00000134508",110,94,172,22,17,37,26,126,73,74,92
"ENSG00000134531",38,12,7,228,187,209,293,233,393,570,474
"ENSG00000134532",523.00001,295.00001,1121.99999,194,266,232,203,321,394,534,457
"ENSG00000134533",35.99999,38,56,149,122,106,115,111,140,162,135
"ENSG00000134548",31.99999,19.99999,40,167,132,131,198,245,234,106,246
"ENSG00000134551",557,248,573,21,15,12,20,24,8,16,19
"ENSG00000134569",71,91,140,394,500,488,507,454,381,753,583
"ENSG00000134574",355.99999,318.00002,361,718,760,647,716,701,646,766,728
"ENSG00000134575",238.99999,143.00001,215,342,469,337,538,838,1092,1298,1068
"ENSG00000134590",585,555,410,2923,3145,2948,3505,3880,3523,3707,3433
"ENSG00000134594",56,117,102,787,1004,790,976,726,545,562,559
"ENSG00000134595",24,10,15,21,34,13,22,17,18,16,11
"ENSG00000134597",219,347,296,395,515,464,460,617,427,485,449
"ENSG00000134602",178,177,213,1088,712,771,1066,413,518,516,560
"ENSG00000134644",2641.99999,2688.00001,2888.00001,4510,4069,4369,5702,4695,6392,6840,6612
"ENSG00000134684",314.99998,508.00001,450,2504,2599,2320,2836,2175,2150,2689,2390
"ENSG00000134686",1035,882,902,983,1066,993,1054,1287,1109,1049,1154
"ENSG00000134690",141,192,165,776,757,768,994,604,660,655,585
"ENSG00000134697",304.99999,368,337,1864,1750,1718,2107,1462,1461,1563,1522
"ENSG00000134698",353,411,442,235,170,201,186,282,220,289,241
"ENSG00000134709",301,325,397,303,231,276,263,379,340,398,347
"ENSG00000134717",728,971,852,2697,2154,2238,2219,3513,3257,2230,2836
"ENSG00000134744",2943.99999,3566,2691.00002,2209,1545,1831,1925,1803,1585,1802,1931
"ENSG00000134748",390,413,353,1827,1565,1716,1759,2415,2493,2523,2432
"ENSG00000134755",352.99999,331,312,943,638,686,872,493,617,654,915
"ENSG00000134758",291.00001,460,361,1065,637,824,838,878,885,684,820
"ENSG00000134759",721,1143.00001,1083,1321,1062,1163,1494,1767,2028,2090,2103
"ENSG00000134762",43,10,17,102,24,34,55,16,50,50,28
"ENSG00000134769",2262.00001,3005.99998,2283,2666,1948,2362,3035,2232,2228,2581,2489
"ENSG00000134775",1603,606.00001,704,175,159,207,178,163,137,150,225
"ENSG00000134779",715,963.00002,801,5286,5017,4382,5394,4069,3862,4114,3785
"ENSG00000134780",63,41,37,87,90,102,101,57,98,167,123
"ENSG00000134802",18,22,19.99999,27,14,39,25,44,23,41,72
"ENSG00000134809",257,299.99999,266,721,832,590,642,1311,1124,739,848
"ENSG00000134815",170,158,151,198,292,252,237,309,374,519,410
"ENSG00000134824",780,1072,808.99999,4300,4503,4106,4645,2016,2911,3165,3035
"ENSG00000134825",1380.99999,1776,1456.00001,2212,2244,1934,2189,2980,2361,1722,2014
"ENSG00000134851",527,457,476.99999,184,222,229,142,201,154,202,427
"ENSG00000134852",632.00001,763,627.00001,471,359,463,494,496,397,561,582
"ENSG00000134853",286,191,155,308,472,302,698,482,783,1155,980
"ENSG00000134871",465,327.99999,295.00001,4472,4934,4624,5541,2129,2749,6022,5433
"ENSG00000134873",81,69,73,388,403,366,480,661,507,595,645
"ENSG00000134874",539,566,653.00001,362,389,383,456,333,209,273,358
"ENSG00000134882",914.00001,613,559.99999,1818,1530,1519,1928,1689,1885,1710,1787
"ENSG00000134884",2399,3303,3123,3505,2203,2273,2447,1876,1731,1924,1802
"ENSG00000134897",630,685.99999,532.00001,595,414,527,576,866,746,863,1015
"ENSG00000134899",387,387,397.99998,828,726,726,966,873,948,1131,974
"ENSG00000134900",577,502.99999,673,961,749,746,830,1077,1221,1126,1159
"ENSG00000134901",94.99999,186,136,521,357,421,487,465,410,390,410
"ENSG00000134905",358,354.99998,475,273,257,262,210,353,259,199,329
"ENSG00000134909",1199.99999,699.00001,963.00001,562,566,587,481,629,496,726,674
"ENSG00000134910",438.99999,486,401,4889,4638,4259,5964,4252,5255,5731,5389
"ENSG00000134917",17,12,23,14,7,27,22,14,21,18,25
"ENSG00000134954",11.00001,10,16,10,12,16,24,14,36,22,43
"ENSG00000134970",488,449,602,2367,1552,1862,1686,1086,777,1106,1824
"ENSG00000134982",1443,1871,1737,931,1128,1097,1014,1344,1240,2240,1719
"ENSG00000134986",2882,3213.00001,2939.00001,16882,15544,14590,16911,14049,12608,10354,12262
"ENSG00000134987",219,289,262,359,249,378,404,521,579,533,492
"ENSG00000134996",130,75,76,223,213,200,260,302,219,287,284
"ENSG00000135002",184,218,165.00001,764,633,666,695,599,465,678,663
"ENSG00000135018",918.00001,1158.99999,1007.00001,3908,3591,3668,4012,3806,2925,3561,3419
"ENSG00000135040",705,669,454,645,496,533,624,760,763,928,862
"ENSG00000135045",103,172,145,68,84,95,57,84,66,57,58
"ENSG00000135046",176,170,85,156,179,156,271,434,513,671,616
"ENSG00000135047",435,420.99998,438.00001,1572,1557,1602,1983,1827,1739,2068,1789
"ENSG00000135048",410.00001,843.99998,620,418,360,361,381,377,429,528,516
"ENSG00000135049",1627,2010,1339,2278,1700,2034,1903,1150,1333,1543,1781
"ENSG00000135052",824,1321,1143,2023,2188,1961,1795,1540,1219,1833,2694
"ENSG00000135063",35.00001,44.99999,28,26,31,34,34,51,19,32,29
"ENSG00000135069",545,538,415,2577,2462,2267,2767,4582,5551,3363,5321
"ENSG00000135070",468,676,490,1327,864,1064,1097,1200,1241,1116,1051
"ENSG00000135074",361,365,348,127,115,123,93,156,155,200,233
"ENSG00000135083",91.00001,132.99999,104,99,143,99,95,190,128,152,213
"ENSG00000135090",279,354.99999,337.00001,418,472,412,392,509,380,564,511
"ENSG00000135093",148,245,187,761,635,651,802,670,790,1007,842
"ENSG00000135097",1200,1391,1355,1107,860,1031,962,830,699,699,712
"ENSG00000135108",784,702,586,3117,2955,3092,4188,3226,3889,4901,3922
"ENSG00000135111",24,38,41,78,145,220,57,50,62,90,90
"ENSG00000135116",31,26,22,60,68,83,62,83,50,144,87
"ENSG00000135119",385.00001,330.99999,305,784,667,680,674,574,600,789,680
"ENSG00000135124",98.00001,89.00001,114,344,350,323,378,498,509,554,519
"ENSG00000135127",160,142,115,72,69,63,82,117,112,92,130
"ENSG00000135144",51,73.00001,46,103,145,103,111,78,76,81,75
"ENSG00000135148",330,370,324,1312,1312,1090,1511,1884,2151,2336,2200
"ENSG00000135164",1072,959.00001,988.00002,2073,1456,1758,1774,2055,2239,2115,1998
"ENSG00000135185",74,79,71,153,120,132,116,189,134,152,183
"ENSG00000135205",131,148,127,25,14,14,28,34,56,40,41
"ENSG00000135211",206,218,192,308,354,329,374,600,511,487,497
"ENSG00000135241",328,579,363.99999,954,846,854,987,1263,1215,1156,1278
"ENSG00000135245",495,826,749,1358,1325,1420,1695,3129,4440,3798,3036
"ENSG00000135249",212,187,181,349,237,284,382,510,493,492,559
"ENSG00000135250",959.99999,1173,892,2241,1914,1942,2261,1708,1644,2088,1768
"ENSG00000135253",51,70,32,35,52,46,50,63,40,54,68
"ENSG00000135269",323,460,302,856,642,786,983,895,1054,1145,1075
"ENSG00000135272",72,132,107,88,76,68,84,89,97,84,82
"ENSG00000135297",938.99997,506.99998,164.99999,476,396,372,489,470,660,663,554
"ENSG00000135298",1650.99999,1558,1114.00001,689,537,596,606,895,852,1068,1054
"ENSG00000135299",316.00002,312,296.99999,422,447,440,412,252,182,325,405
"ENSG00000135314",72,111,78,121,196,159,134,160,119,138,181
"ENSG00000135315",443,524.00001,541.00001,140,123,154,105,295,260,240,227
"ENSG00000135316",1858.99998,1976.00002,2100.99999,2151,1458,1818,1967,1967,2197,2177,2245
"ENSG00000135317",1646.99999,1523.99999,2798.00002,816,553,701,723,1433,1395,1358,1508
"ENSG00000135333",216,192.99999,248.00002,145,146,149,179,155,170,194,183
"ENSG00000135334",428,432,347,1443,1121,1108,1375,1113,921,1263,1296
"ENSG00000135336",415,536,599,901,695,686,867,1240,1253,1152,1184
"ENSG00000135338",698.99999,914,617,4320,2894,3544,4170,3591,3980,4232,4039
"ENSG00000135341",1096.99999,1930.99999,1076,1653,1038,1435,1404,2036,2207,1889,2084
"ENSG00000135362",77,114,89,92,119,133,111,164,169,312,198
"ENSG00000135363",22,12,44,24,19,13,20,11,7,19,10
"ENSG00000135365",3304.99997,2746.00001,1123.99998,1827,1533,1608,2076,1189,1417,1566,1487
"ENSG00000135372",330,430,291,859,762,741,909,1140,1387,1624,1267
"ENSG00000135387",1189,1136.99999,1088,9374,7206,8081,8791,5975,5891,7636,8049
"ENSG00000135390",2810.99998,3710,3039,9291,9890,8394,9893,9779,7164,6049,6903
"ENSG00000135392",117.00001,113.00001,98.00001,408,429,431,542,768,983,1291,1091
"ENSG00000135404",1709.00001,2041.99998,2277,8920,9778,7848,10527,12904,10195,10313,10586
"ENSG00000135406",244,359,171,1757,2619,2850,1635,688,259,545,453
"ENSG00000135407",33,77.99999,51,18,10,11,11,32,35,53,25
"ENSG00000135414",508,510,430,578,520,507,436,893,576,771,852
"ENSG00000135423",73,52,51,184,240,175,258,278,307,308,288
"ENSG00000135424",152,156,147,579,529,591,556,526,494,672,562
"ENSG00000135437",47,36,75,163,138,179,308,440,302,423,364
"ENSG00000135439",67,40,53,40,63,41,53,51,24,43,21
"ENSG00000135441",529,709.99999,633.99999,913,1074,746,871,1356,1148,856,1006
"ENSG00000135446",607,766,614.99999,2667,2765,2437,2908,4221,4258,4241,4157
"ENSG00000135447",160,190.00001,142.00001,407,480,502,302,116,49,79,160
"ENSG00000135451",182,183,109.99999,1030,1076,844,1132,630,838,682,639
"ENSG00000135452",206.99999,253,243,1184,1078,987,1289,2050,1689,1623,1796
"ENSG00000135454",96,51.00001,76,380,492,395,513,311,237,471,319
"ENSG00000135457",125,90,141,101,84,96,112,75,101,118,83
"ENSG00000135469",102,90.00001,96,126,144,149,109,221,140,199,290
"ENSG00000135472",108,107,57,591,740,626,777,676,535,851,756
"ENSG00000135473",300,350,306,1314,1217,1153,1406,1591,1897,2086,1920
"ENSG00000135476",61,92,99,407,497,359,477,428,606,623,564
"ENSG00000135482",122,108,125,214,246,198,247,345,434,485,445
"ENSG00000135486",4181.99998,6022.00001,5178.00002,41686,36070,35413,41407,28237,29220,24543,27699
"ENSG00000135503",472.99999,501,320,519,466,446,607,298,445,642,461
"ENSG00000135506",585,696.00001,596,2308,2477,2141,2800,2090,2575,3078,2536
"ENSG00000135517",1158,151,193,8,2,35,3,76,9,13,37
"ENSG00000135519",34,41,23,18,20,14,13,29,25,24,15
"ENSG00000135521",193,243,187,105,135,196,148,325,289,335,320
"ENSG00000135525",954,586.00001,996,288,245,266,285,528,511,603,604
"ENSG00000135535",627.99999,719,719,4206,2624,2901,3876,3620,4130,3428,3777
"ENSG00000135537",88.99999,117,86,57,56,52,53,137,60,79,75
"ENSG00000135540",890,666.00001,1001.00001,950,863,977,889,1360,1546,1837,1653
"ENSG00000135541",2272.99999,4006.99999,2632.99999,953,741,748,662,996,694,736,862
"ENSG00000135547",11,15,15,64,115,84,102,82,69,235,137
"ENSG00000135549",204,450.00002,166,596,418,470,452,590,450,360,420
"ENSG00000135587",31,40,32,214,208,185,233,261,184,282,229
"ENSG00000135596",253.99999,262.99999,203,773,844,736,785,810,788,805,746
"ENSG00000135597",725.99999,549,723,350,281,298,296,463,348,375,315
"ENSG00000135605",93,80,88,57,55,54,56,131,108,112,92
"ENSG00000135617",68,82,63,367,473,377,408,627,347,392,531
"ENSG00000135622",125.00001,113.99999,82,563,658,713,753,757,763,1301,1006
"ENSG00000135624",966,1186,891,7016,7642,6409,7977,7579,7193,6759,7132
"ENSG00000135631",65,70,50,83,159,135,142,113,85,154,176
"ENSG00000135632",85,109,62,344,364,362,481,492,495,713,471
"ENSG00000135636",36,115,70,38,47,27,37,18,35,33,33
"ENSG00000135637",585,68.99999,60,273,267,256,276,517,425,456,464
"ENSG00000135638",162,115,88,13,8,5,6,49,18,67,29
"ENSG00000135643",257,349,288,324,257,343,283,311,276,248,281
"ENSG00000135655",509,614,589,743,561,654,699,926,894,931,823
"ENSG00000135677",590,582,626,4224,3836,3951,5146,4377,5547,7089,5886
"ENSG00000135678",23,16,13,70,62,46,54,63,59,152,68
"ENSG00000135679",979,798,1491,951,735,839,1050,921,1228,1415,1201
"ENSG00000135686",154,200,148,513,479,511,592,322,334,579,578
"ENSG00000135697",17,8,21,43,45,42,69,118,137,276,169
"ENSG00000135698",275,342,320,186,113,114,149,323,199,213,236
"ENSG00000135709",162.99999,155.99999,145.00001,408,582,520,559,352,480,917,615
"ENSG00000135720",715,840,680,2284,1999,2107,2122,2502,2766,3263,2871
"ENSG00000135722",63,82,54,41,37,44,51,35,23,93,80
"ENSG00000135723",127,116.99999,83,73,123,108,83,132,115,101,122
"ENSG00000135736",48,55,40,18,15,17,16,35,28,29,13
"ENSG00000135740",135,72,74.99999,100,111,116,85,122,74,97,106
"ENSG00000135744",88.99999,40.99999,79.99999,142,234,236,325,347,345,658,515
"ENSG00000135749",272.00001,302,142.99999,288,315,380,353,197,200,296,296
"ENSG00000135750",255,242,325,357,317,321,410,368,424,374,487
"ENSG00000135763",58,28,55,75,82,89,90,212,249,258,249
"ENSG00000135766",576,818,691.00001,435,312,353,381,499,582,529,560
"ENSG00000135773",14.00001,13,25.00001,38,27,26,36,56,51,22,35
"ENSG00000135775",181,247,157,377,299,374,365,739,673,760,697
"ENSG00000135776",128,43,121,78,51,68,64,142,72,50,98
"ENSG00000135778",331,465.00001,453,1753,1629,1499,2004,1998,1633,1180,1430
"ENSG00000135801",143,62,159,202,159,150,126,101,84,87,124
"ENSG00000135821",895.00001,1301,1127.00001,16186,14214,14279,20204,15499,18093,21780,17811
"ENSG00000135823",296,288,261,1049,819,951,972,961,1090,1334,1220
"ENSG00000135824",231,241.00001,163,227,173,183,183,213,265,382,279
"ENSG00000135828",43,37,43,117,119,172,191,230,250,338,311
"ENSG00000135829",1118,1274.99999,1399,3608,3206,3011,3491,4905,6318,5905,5912
"ENSG00000135835",117,163,167.00001,60,53,67,56,179,138,194,202
"ENSG00000135837",1224.99999,1546.99998,1067.99999,858,743,825,846,869,658,969,1126
"ENSG00000135838",75,70.00001,68.00001,30,23,50,34,99,69,72,82
"ENSG00000135842",73,24,31,109,137,90,198,244,326,367,319
"ENSG00000135845",230,293,247,922,963,874,1077,1641,1387,1219,1342
"ENSG00000135862",204,174,140,537,632,526,765,579,591,895,802
"ENSG00000135870",751.00001,689,766,676,393,395,514,336,264,551,482
"ENSG00000135899",67.00001,56,72.00001,71,63,59,94,150,167,184,149
"ENSG00000135900",196,228,208,743,713,711,815,672,674,691,624
"ENSG00000135902",7,16,44,18,45,38,51,28,23,20,24
"ENSG00000135905",66,97,50,23,24,18,29,47,66,75,87
"ENSG00000135912",561.99999,471.00001,581,517,517,528,751,840,944,1521,1092
"ENSG00000135913",424,518,342,407,236,328,314,580,628,603,629
"ENSG00000135916",1001.99999,928,908.00001,9548,9878,8527,11109,7386,9797,8779,9851
"ENSG00000135919",98,172,120.99999,773,742,714,724,296,210,512,571
"ENSG00000135924",431.99999,516.99999,465.99999,460,500,457,558,433,370,377,438
"ENSG00000135925",8,8,12,19,35,30,15,3,4,11,18
"ENSG00000135926",72.00001,62,50,105,139,108,192,239,300,277,241
"ENSG00000135929",167,91,130,490,376,562,677,414,468,972,932
"ENSG00000135930",362,475,391.00001,1536,1717,1590,2018,2182,2168,2325,2175
"ENSG00000135931",2225.00001,1108.99999,803,655,667,689,697,1133,1186,1345,1300
"ENSG00000135932",473,439,336,441,329,355,322,441,368,308,346
"ENSG00000135940",1671,1966,1774.00001,3903,4761,3727,4051,6801,4840,3589,4334
"ENSG00000135945",525.99999,499,438,525,488,406,484,444,391,594,684
"ENSG00000135951",195,190.00001,213.00002,164,116,105,129,192,155,188,175
"ENSG00000135953",98.99999,103,86.00001,478,504,449,485,346,325,514,401
"ENSG00000135956",214,174,161,196,319,228,206,308,186,272,442
"ENSG00000135966",121,158,149,129,168,141,122,200,188,269,251
"ENSG00000135968",542.99998,623,665.99999,354,229,376,354,544,435,526,479
"ENSG00000135972",334,440,275,627,688,656,743,831,698,734,620
"ENSG00000135974",276,310,373,818,538,688,808,659,744,663,709
"ENSG00000135976",1576,1696,1621,885,768,815,746,976,734,947,901
"ENSG00000135999",409,323,477.00001,111,145,150,126,220,173,126,148
"ENSG00000136002",142,144,169.99999,148,204,242,122,111,103,137,103
"ENSG00000136003",372,489.00001,417.99999,1575,1442,1415,1666,1352,1217,1368,1361
"ENSG00000136010",89.99999,64.99999,45.99999,88,88,88,88,92,117,138,130
"ENSG00000136014",34,41,39,33,21,32,32,34,33,27,43
"ENSG00000136021",489.00001,621,668.99999,1122,694,866,888,1003,1129,1056,988
"ENSG00000136026",811,837,804,743,860,783,733,776,642,762,814
"ENSG00000136040",450,260,256,431,362,321,431,528,422,393,602
"ENSG00000136044",779,808.99999,439.00001,418,379,403,449,844,965,965,906
"ENSG00000136045",465.00001,613,577,1254,1201,1282,1241,2057,1691,1743,1755
"ENSG00000136048",16,23,16,24,33,42,39,25,24,39,46
"ENSG00000136051",456.99999,595.00001,659.99999,323,207,380,308,561,534,685,626
"ENSG00000136052",91,99,106,102,57,62,88,103,108,168,86
"ENSG00000136059",18,11.00001,37,29,23,34,20,46,46,30,20
"ENSG00000136068",377.99998,472,369,1572,1442,1631,1847,1661,2568,2898,2732
"ENSG00000136098",166.99999,241.00001,252,437,384,376,505,349,349,299,380
"ENSG00000136099",27,26,13,109,171,140,67,55,21,65,96
"ENSG00000136100",590,594.99999,645,461,307,451,373,701,649,721,687
"ENSG00000136104",181,189.00001,279,179,142,176,184,217,234,187,230
"ENSG00000136108",544,540,582,2025,1361,1566,1769,1746,1957,1973,2074
"ENSG00000136111",71.99999,93,112,61,95,124,80,75,69,100,150
"ENSG00000136122",329,338,401,444,298,357,431,241,262,262,251
"ENSG00000136141",180.00001,311.00001,299,142,124,148,128,218,249,311,301
"ENSG00000136143",415,700,628.00001,1619,1178,1433,1506,1730,1926,1906,1752
"ENSG00000136144",599,511,570,1392,1110,1211,1429,1705,2275,2319,2311
"ENSG00000136146",679,726,628,890,701,777,823,1386,1303,986,1244
"ENSG00000136147",139,177.00001,142,38,27,29,30,76,68,47,73
"ENSG00000136152",312.00001,331,295,413,350,381,496,690,752,749,744
"ENSG00000136153",165.99999,167.00001,169,76,61,80,73,67,57,75,75
"ENSG00000136156",2086.99999,2126,2238,12690,10716,10211,11975,8025,5972,8562,12188
"ENSG00000136158",204,220,200,261,206,185,260,242,258,222,262
"ENSG00000136159",164,166,183,798,490,693,768,516,562,491,540
"ENSG00000136160",110,62,35,1155,1228,952,1550,443,499,1971,854
"ENSG00000136161",198,170,161,1232,993,1091,1090,1583,1725,1813,1674
"ENSG00000136167",21,15,14,9,11,16,12,70,101,67,76
"ENSG00000136169",202,268,224,336,250,228,363,368,373,413,346
"ENSG00000136193",1398.99999,1222,1154.00001,11747,9593,10477,13756,6340,9311,13751,11358
"ENSG00000136205",1039.00001,689,943.00001,830,729,797,1028,870,1377,1416,1410
"ENSG00000136206",17,112,20,48,43,49,25,81,31,82,54
"ENSG00000136213",117,114,108,298,308,333,309,456,385,584,470
"ENSG00000136231",765.99999,788,1015,438,286,417,452,512,505,485,585
"ENSG00000136235",194,141.99999,239.00001,1037,1144,850,1781,1303,2052,1957,1619
"ENSG00000136237",455.99999,235.99999,219,91,66,73,97,68,60,61,59
"ENSG00000136238",1115,1390.99999,1120,2204,2074,1938,2003,1888,1396,1194,1435
"ENSG00000136240",629.00001,639,550,3553,3425,3311,3347,1858,1310,2088,3157
"ENSG00000136243",356.99999,371.99999,328.00001,306,222,270,201,546,412,412,383
"ENSG00000136247",136.99999,342.99999,317.99999,894,924,851,991,1203,1184,1207,1206
"ENSG00000136261",526,512.99999,465,2032,2047,2110,2234,2335,2029,2187,1996
"ENSG00000136267",45,55,7,70,43,75,98,144,136,283,189
"ENSG00000136270",206.99999,303,219,1163,1322,1167,1368,1434,1662,1758,1553
"ENSG00000136271",292,271.99999,256,1020,1043,918,1011,1621,1535,1616,1609
"ENSG00000136273",164.99999,258,180,399,303,329,511,334,344,452,344
"ENSG00000136274",184,230,146,888,1169,1186,914,633,511,835,807
"ENSG00000136279",483.99998,380,379.99999,1406,1530,1380,1521,2693,2677,3055,2916
"ENSG00000136280",629,1102,329,224,287,267,259,382,206,306,386
"ENSG00000136295",943,799,626,583,903,710,677,595,542,700,661
"ENSG00000136297",58,44,128,8,49,10,20,46,31,57,71
"ENSG00000136319",218.00001,263,220.00001,1146,1046,1186,1270,1510,1498,1489,1434
"ENSG00000136367",281,275,142,134,195,180,134,209,148,197,224
"ENSG00000136371",194,157,126,99,54,55,114,232,127,145,192
"ENSG00000136378",148,132,132,391,601,397,500,302,287,444,493
"ENSG00000136379",43,46,53,65,61,67,53,81,59,43,44
"ENSG00000136381",741,753,638,1076,650,879,952,951,1083,1332,1229
"ENSG00000136425",170,275,166,167,141,146,128,118,112,96,76
"ENSG00000136436",585.99999,603.99998,637,2373,1885,1785,2607,2199,2098,2096,2086
"ENSG00000136444",155,213,263,625,644,622,553,323,234,552,784
"ENSG00000136448",495.00001,645.99999,646.99999,1195,1351,1365,1428,1143,1440,1940,1604
"ENSG00000136450",1002.00001,1027,976,2165,1586,1667,1681,2406,2567,2198,2499
"ENSG00000136451",687,752.00001,700.99999,2641,2255,2513,2628,3083,3188,3319,3120
"ENSG00000136463",73,123,78,164,191,154,227,330,248,290,323
"ENSG00000136478",234,230,223,491,608,478,772,873,1259,1658,1353
"ENSG00000136485",1100.00001,1174.00001,914.00001,8165,7149,7404,9308,5369,6974,7764,6999
"ENSG00000136490",297,292,277.00001,462,500,489,441,527,473,443,476
"ENSG00000136492",298,396.99999,260.99999,282,175,199,226,334,355,310,300
"ENSG00000136504",1001,622.00002,526.00001,2285,1954,2230,2818,1879,2669,2979,2691
"ENSG00000136518",482,612,560,2457,2014,2074,2195,2848,2838,2158,2471
"ENSG00000136521",677,820,794.00001,1447,1045,1119,1089,2013,1946,1148,1662
"ENSG00000136522",319,347,276,821,643,748,754,1269,1002,818,915
"ENSG00000136527",1020,1226.00001,1090,2170,1656,1826,1771,2859,3186,2949,2834
"ENSG00000136531",192,266.99999,178.99999,366,383,454,400,356,291,582,479
"ENSG00000136536",1586,1669.99999,1478.99999,2782,2057,2118,2836,2967,3679,3681,3373
"ENSG00000136546",26.99999,21,12,44,25,28,31,38,22,47,26
"ENSG00000136560",219.99999,369,336.99998,547,459,541,629,829,905,868,927
"ENSG00000136603",963,1287.99999,1656,874,461,726,682,907,984,1000,1068
"ENSG00000136628",803,1021,903,3044,2397,2632,2742,3326,3268,3602,3380
"ENSG00000136631",625.99997,701.99999,1102,1228,990,1077,1178,1544,1450,1444,1537
"ENSG00000136636",480,595,589,553,473,437,407,531,340,426,390
"ENSG00000136643",863,1029.99999,963.99999,404,322,425,376,560,556,896,823
"ENSG00000136682",299,440,422.99999,895,705,764,826,1212,1194,1065,1108
"ENSG00000136699",607.00001,608,338.99999,1187,1144,1080,1126,1437,1757,1819,1698
"ENSG00000136709",825,882,730,3331,2237,2407,3039,2152,2627,2304,2278
"ENSG00000136710",234,348,335.00001,1068,1164,1009,1357,1419,1282,1363,1323
"ENSG00000136715",519,463.00001,701.99999,661,797,727,827,858,1005,996,1039
"ENSG00000136717",615,890.99998,718,1944,2098,1939,1740,904,736,1182,1443
"ENSG00000136718",186.99999,200.99999,200.00001,1448,1273,1164,1594,1295,1311,1415,1208
"ENSG00000136720",443,515,518,563,771,678,696,785,535,805,660
"ENSG00000136731",354,426,443,608,452,484,599,569,702,1064,891
"ENSG00000136732",67,63,58.00001,33,48,29,32,43,22,34,29
"ENSG00000136738",500,556,481,634,470,625,699,686,923,946,846
"ENSG00000136750",158,33,26,88,110,123,124,111,106,130,125
"ENSG00000136754",458.99999,482.00001,539,1343,958,1090,1362,1294,1669,1689,1548
"ENSG00000136758",1128,1329,1157.00001,2455,1891,2106,2626,2829,3275,2912,3033
"ENSG00000136770",519,600.00001,562,509,420,433,568,445,454,467,367
"ENSG00000136783",149,227,170,813,680,717,697,1221,1337,856,1109
"ENSG00000136802",205.99999,193.99999,193.00001,447,744,584,434,530,490,691,830
"ENSG00000136807",128,245,155,655,814,675,811,652,531,755,821
"ENSG00000136810",1445,1803,1505.00001,1620,1689,1556,1631,2118,1534,1210,1539
"ENSG00000136811",292.99999,444,444.00001,2376,2235,1997,2416,1692,2131,1869,1950
"ENSG00000136813",854.99999,831,790,1248,1078,1180,1089,914,1088,1440,1494
"ENSG00000136816",149,171,149,144,131,113,167,262,209,265,300
"ENSG00000136819",302.99999,353,284,1100,1008,1047,1167,1479,1193,1367,1333
"ENSG00000136824",308,493,370,721,560,659,541,647,692,690,678
"ENSG00000136827",153,157,135,613,498,515,557,1022,895,1097,1058
"ENSG00000136828",426,437.99999,300,399,408,380,329,202,267,328,451
"ENSG00000136830",80,72,87,36,40,50,46,68,77,86,79
"ENSG00000136840",51,77,63,362,440,369,486,330,313,358,310
"ENSG00000136848",604,605,624,198,250,258,237,291,249,390,381
"ENSG00000136854",1957.99999,1581.99999,1892.99999,6728,7189,6743,7850,5563,5838,8396,7156
"ENSG00000136856",71,89.99999,63.99998,139,251,212,107,88,65,89,221
"ENSG00000136859",135,28,43,70,72,69,82,88,132,128,125
"ENSG00000136861",704.99999,1618.00001,2531.99999,942,834,866,851,885,861,1060,1067
"ENSG00000136866",137,172,165.99999,213,191,236,275,410,415,448,357
"ENSG00000136867",16,21,14,2,12,20,15,54,22,35,33
"ENSG00000136868",218,250,217,953,856,918,1070,1195,1314,1312,1234
"ENSG00000136870",345,233,273,201,146,184,213,408,419,336,417
"ENSG00000136874",225,246,432,474,436,435,532,650,684,649,655
"ENSG00000136875",277,297,302,624,644,647,786,1126,1106,1054,971
"ENSG00000136877",220.00001,203.00001,253,799,907,741,775,625,438,965,1141
"ENSG00000136878",226,198,227.99999,605,704,659,701,880,1058,1105,927
"ENSG00000136883",45,84,70,170,166,163,163,235,300,160,246
"ENSG00000136888",1662.00001,2321,1970.99999,5027,4063,4085,4668,5720,4967,3316,4206
"ENSG00000136891",547,587,323,808,678,751,863,1015,1378,1185,1201
"ENSG00000136895",255,318,311,261,325,356,394,339,342,473,432
"ENSG00000136897",213,237,301,740,560,612,696,865,882,785,780
"ENSG00000136908",251,244,216,1431,1439,1241,1630,1625,1586,1504,1522
"ENSG00000136925",327,190,285.99999,610,535,546,644,985,1110,1233,1152
"ENSG00000136928",96,174,179,305,330,371,329,444,340,347,350
"ENSG00000136930",1167,1294,1065,3462,3545,3112,3453,3886,3235,2977,3130
"ENSG00000136932",43,63,63,117,123,115,161,193,161,184,182
"ENSG00000136933",170,225.99999,313.99999,453,519,488,519,1086,1080,825,942
"ENSG00000136935",262,210,209,158,169,149,163,364,273,366,322
"ENSG00000136936",321,532,360,368,305,312,346,445,338,364,359
"ENSG00000136937",445,356,472,1130,785,1081,844,1388,1870,1778,1786
"ENSG00000136938",820,1432,1092,1511,1251,1217,1565,1019,767,790,1033
"ENSG00000136940",299,368,375,682,486,511,621,506,551,499,563
"ENSG00000136942",6623,9218,8131,7148,8806,6472,7450,8631,6239,3933,5331
"ENSG00000136943",58,81,96,381,561,279,853,742,748,636,707
"ENSG00000136950",201,252,246,302,275,336,249,400,269,403,476
"ENSG00000136960",434.99999,351,579.99999,3585,3260,3307,5187,2555,3513,6028,4280
"ENSG00000136982",51,93,51,94,53,73,68,83,56,37,77
"ENSG00000136986",426,408,465.00001,1034,818,907,989,1173,1153,1291,1283
"ENSG00000136997",9,27.00001,11.99999,152,126,139,124,95,78,127,82
"ENSG00000136999",16,10,22,68,75,59,81,72,50,136,63
"ENSG00000137038",500,586,503,895,957,959,954,1457,1301,955,1140
"ENSG00000137040",157,181,191,857,625,919,836,978,1068,1267,1136
"ENSG00000137054",102,90.99999,111,208,224,218,228,256,261,285,277
"ENSG00000137055",323.99999,327,274,947,665,854,929,812,936,1120,926
"ENSG00000137070",104.99999,102,91.99999,289,391,399,407,352,322,421,332
"ENSG00000137073",1243.99999,1385.99998,891,567,530,575,585,674,766,916,913
"ENSG00000137074",414.00001,550.00001,422,598,643,672,614,831,788,872,737
"ENSG00000137075",1640.99999,1153,923,2703,1755,2404,2629,1461,1974,1865,1813
"ENSG00000137076",538,496,438.99999,1247,1485,1237,1556,2567,2731,3740,3398
"ENSG00000137094",249,201.99999,235.00001,1093,1128,1132,1545,983,1107,1507,1203
"ENSG00000137098",26,38,44.99999,79,110,67,54,92,75,108,129
"ENSG00000137100",709,953,780.99999,2974,3524,2588,3207,3783,3311,2589,2925
"ENSG00000137101",24,38,17,67,61,80,113,85,71,84,74
"ENSG00000137103",494.00001,432,358.99999,1187,1300,1198,1327,822,907,1187,1060
"ENSG00000137106",594,731.99999,654,1903,2199,1826,2327,2489,2277,2141,2182
"ENSG00000137124",33,46,55,449,439,443,558,616,566,735,597
"ENSG00000137133",216,268,236.99999,727,859,688,770,1019,660,808,856
"ENSG00000137135",73,89,231,212,178,160,193,261,214,240,183
"ENSG00000137142",473,787,568,6612,6294,5967,5315,2717,2196,1843,1967
"ENSG00000137145",1333,1076,1282,898,720,751,1114,1107,1461,1634,1490
"ENSG00000137154",15168,21173,17845.99999,28249,29844,23555,28947,33148,28611,14919,23133
"ENSG00000137161",294,362,262,1215,1359,1247,1594,1683,1434,1453,1400
"ENSG00000137166",695.00001,791,622,436,418,449,460,306,363,284,280
"ENSG00000137168",261,291,261,531,453,462,456,1024,845,785,803
"ENSG00000137171",200,256,250,964,1069,1024,1243,1066,1181,1359,1066
"ENSG00000137177",966,960,1407.99999,146,149,128,195,153,127,207,163
"ENSG00000137185",195.00001,180,218.99999,256,282,290,343,415,372,381,335
"ENSG00000137193",49.99999,88,67,1074,1154,977,1005,301,258,399,797
"ENSG00000137198",23,33,39,33,39,48,75,65,79,83,84
"ENSG00000137200",205,199,248.99999,741,805,740,869,998,1482,1538,1366
"ENSG00000137203",163.99999,81,120,68,56,84,68,225,272,272,231
"ENSG00000137207",581,727.00001,623,3257,3601,3201,3845,3724,3792,3906,3739
"ENSG00000137210",1085,1303.00001,1338,1485,1327,1236,1206,2787,2212,1524,2033
"ENSG00000137216",280.00001,315,216.99999,324,425,357,381,253,315,349,303
"ENSG00000137218",89,77,48,134,197,174,120,57,51,77,107
"ENSG00000137221",212,181.99999,221.99998,196,204,210,191,398,363,282,268
"ENSG00000137261",18,30,22,77,46,41,57,25,50,98,112
"ENSG00000137266",1998,696,2428,238,247,264,238,386,295,464,367
"ENSG00000137267",1044,1149,838,18877,24899,19302,24647,11732,8829,14059,11409
"ENSG00000137269",83,102,92,172,161,158,218,155,213,275,245
"ENSG00000137274",270.00001,267.00001,277,729,732,549,626,1374,1282,908,1132
"ENSG00000137275",259.99999,330,315.00001,164,102,139,149,231,258,341,315
"ENSG00000137285",4074,5581,4601.99999,25658,28294,24374,29821,16258,14856,18178,15147
"ENSG00000137288",776,923,845,1896,2318,1782,1795,3331,2617,1695,2309
"ENSG00000137309",990.99999,1185,989,2206,2175,1932,1847,944,690,952,1283
"ENSG00000137310",77,132.99999,108,247,211,206,264,597,773,652,668
"ENSG00000137312",581.99999,671,496.00001,3655,4001,3496,4434,3943,3874,4275,4291
"ENSG00000137331",63,84,106,162,129,130,139,120,159,180,115
"ENSG00000137337",253,238,188,668,586,597,653,705,1026,754,912
"ENSG00000137338",137,268,273,243,222,230,278,420,351,462,407
"ENSG00000137343",602,540.99999,498.99999,1181,1416,1193,1340,819,878,896,885
"ENSG00000137364",120,153,152,356,258,270,344,509,418,478,470
"ENSG00000137393",17,23,17,32,29,45,42,35,60,65,45
"ENSG00000137404",138.99999,319.00001,236,1188,1216,1026,1273,778,852,738,703
"ENSG00000137409",823.99999,1020.99999,831,4664,5290,4669,3956,1677,1405,2428,4377
"ENSG00000137411",130,389.99999,270,274,289,302,305,249,320,296,286
"ENSG00000137413",170,217,156.00001,448,382,405,478,388,330,475,387
"ENSG00000137414",223,214,215,792,522,605,487,401,303,348,635
"ENSG00000137434",52.00001,44,34,73,89,69,98,131,101,68,74
"ENSG00000137449",287,374.99999,216.99999,88,59,84,72,98,85,88,76
"ENSG00000137460",23,25,15,35,21,32,27,38,64,18,33
"ENSG00000137463",1539,1964,1457,1661,1091,1329,1265,2957,2854,1863,2411
"ENSG00000137473",30,112,78,269,183,218,181,64,79,42,53
"ENSG00000137474",132.99999,103,127,307,363,282,380,279,344,617,430
"ENSG00000137478",754,1094,1035.00001,626,643,664,712,563,609,636,829
"ENSG00000137486",219,210.99999,120,88,146,150,93,172,148,253,185
"ENSG00000137492",254.00001,267.00001,309,449,351,382,340,547,390,488,691
"ENSG00000137494",218,333,270,190,174,133,280,235,332,474,288
"ENSG00000137496",43.00001,42.00001,45.00001,44,75,76,42,64,76,66,72
"ENSG00000137497",1324.00001,997.00002,1215.99999,5637,6154,5979,8111,5933,8770,10079,9047
"ENSG00000137500",472.99999,605,575.99999,1686,1443,1602,1473,2793,2284,1805,2051
"ENSG00000137501",179.00001,191,169,223,138,162,165,263,272,362,275
"ENSG00000137502",420,487.99999,378,781,651,718,757,608,773,765,671
"ENSG00000137504",522.99999,508,546,2295,1540,1862,2256,1963,2362,2471,2463
"ENSG00000137509",277,416,403.99999,3056,2778,2562,3224,3093,3239,3527,3227
"ENSG00000137513",1481.00001,1932.00001,1670.99999,819,563,634,739,892,995,834,860
"ENSG00000137522",199,298,255.00001,207,211,257,201,212,310,322,266
"ENSG00000137547",334,408,320,969,910,879,1036,1489,1329,1202,1411
"ENSG00000137561",29,39,35,6,17,24,12,8,7,7,23
"ENSG00000137563",473,748,568.99999,2207,1690,1770,1912,2639,2848,1661,2317
"ENSG00000137571",407,545,498,330,263,261,280,299,228,281,410
"ENSG00000137573",1489.00001,979.99999,935.00001,558,490,544,515,1075,1549,2441,1589
"ENSG00000137574",276,353,360,203,142,207,150,370,240,310,305
"ENSG00000137575",1001,1431,1051.99999,8684,6378,6741,8625,6753,7446,7264,7038
"ENSG00000137601",1513.00001,1252,1066.99998,599,491,516,513,694,643,649,703
"ENSG00000137628",94.99999,92,73,156,80,100,128,282,327,333,261
"ENSG00000137642",99,98,112,542,614,610,803,382,316,650,596
"ENSG00000137656",155,172,184,493,571,453,644,562,611,595,623
"ENSG00000137691",43,14,72,87,73,74,60,101,103,57,94
"ENSG00000137692",375,396.00001,576,589,376,494,496,619,486,566,588
"ENSG00000137693",1991,906.99999,834.00001,779,479,607,586,398,589,500,586
"ENSG00000137700",285,306.99999,295.99999,928,1199,902,1059,1595,1667,1559,1589
"ENSG00000137710",1543,2194.00002,1819.99999,3488,2502,3018,2897,2779,2449,3044,3024
"ENSG00000137713",230,321.99999,142.99999,350,281,313,352,355,409,494,393
"ENSG00000137714",304,394,328,229,234,192,163,165,120,131,223
"ENSG00000137720",142,120,122,287,287,300,292,434,366,288,345
"ENSG00000137726",960.99999,1159,964.00001,10956,11755,10078,13236,8128,8428,11134,8433
"ENSG00000137727",39,52.00001,67,35,10,20,18,87,45,76,60
"ENSG00000137731",11,10,12,39,36,14,59,17,20,31,30
"ENSG00000137760",178,111,105,176,100,95,102,167,188,195,195
"ENSG00000137764",663,746,569.00001,313,320,324,338,177,184,238,261
"ENSG00000137766",32,46,29,66,92,76,60,132,149,144,176
"ENSG00000137770",895.00001,1102.99999,726,1041,793,966,951,1358,1444,1438,1445
"ENSG00000137776",1137,1699.00002,1269.00002,1054,918,1003,1008,1215,948,974,1142
"ENSG00000137802",150,236,149.99999,370,434,466,493,442,657,840,683
"ENSG00000137804",1000,988.99999,901,2836,2297,2292,2423,2523,2674,2022,2146
"ENSG00000137806",175,138.99999,170,283,304,299,271,508,418,523,494
"ENSG00000137807",308.99999,332.99999,245,667,497,648,763,509,602,711,500
"ENSG00000137809",102,88,17.00001,13,35,19,27,11,10,41,21
"ENSG00000137812",193,327,205.99999,276,234,243,241,219,310,313,296
"ENSG00000137814",210,212,258,386,288,299,484,336,436,446,481
"ENSG00000137815",1001,1199,952,1168,1090,1004,1083,1463,1202,1224,1240
"ENSG00000137817",706.00001,652,568,1861,1856,1570,1555,1169,1048,1269,1607
"ENSG00000137818",16700.00002,24502,20518,25327,27021,21835,27261,25992,22922,15813,20010
"ENSG00000137819",32,40,35,142,110,100,178,132,258,165,256
"ENSG00000137821",550,586,700.00001,1094,720,932,918,913,903,807,863
"ENSG00000137822",225,233.00001,190,779,644,721,693,820,861,1095,977
"ENSG00000137824",215,241,241,820,802,847,854,1423,1462,1586,1465
"ENSG00000137831",629.00001,710,589,1732,1107,1336,1851,1543,1605,1801,1715
"ENSG00000137834",84,73,114,15,20,19,28,27,30,21,31
"ENSG00000137842",101,136,190,107,155,133,94,115,86,123,187
"ENSG00000137843",16,19,41,63,51,70,90,44,66,137,98
"ENSG00000137845",895.99999,971.99999,918.00001,2489,1833,2358,2451,2517,3164,3261,3105
"ENSG00000137857",434.99998,343,603,71,44,77,56,57,54,82,89
"ENSG00000137868",1144,1403.00001,1074.00001,5498,5496,5010,5667,8638,8459,9966,8503
"ENSG00000137871",302.00001,29.00001,222.99999,245,163,152,173,270,230,159,228
"ENSG00000137872",379,411,511.00002,879,1092,1107,1020,1291,1281,2157,1711
"ENSG00000137876",651,1054,828,2429,1602,1777,1871,2204,1793,1133,1624
"ENSG00000137877",35,33,38,34,47,44,9,82,42,61,61
"ENSG00000137880",245,340,286.00001,826,1084,802,1066,1317,1374,939,1275
"ENSG00000137936",226.00001,129.99999,193,106,132,143,157,102,72,178,156
"ENSG00000137941",551,723.99999,656.00001,543,332,420,473,648,499,681,684
"ENSG00000137942",1556,1943,2042.99999,3954,3012,3424,3803,3091,3758,4158,3669
"ENSG00000137944",297.99999,398,395,1438,1033,1233,1367,1299,1411,1190,1228
"ENSG00000137947",349,386,416,638,489,539,669,911,979,732,848
"ENSG00000137955",475.00001,582,509.00001,928,659,687,858,705,880,608,716
"ENSG00000137959",66,15,15,379,431,329,473,490,539,603,582
"ENSG00000137962",148,201,151.99999,295,187,236,244,214,194,419,270
"ENSG00000137968",341,338,710,264,229,268,200,308,246,367,344
"ENSG00000137992",306,217,221,312,261,340,341,453,490,492,497
"ENSG00000137996",439,454,409,599,491,550,604,570,661,669,665
"ENSG00000138002",368.00001,386.99999,365,466,457,393,415,727,781,896,857
"ENSG00000138018",221,199,233,411,327,402,430,355,379,405,399
"ENSG00000138028",17.00001,16,29,27,27,21,23,17,21,13,26
"ENSG00000138029",501.99999,623.00001,540,1949,1899,1529,2525,2630,2803,2766,2665
"ENSG00000138030",47,81,44,204,283,238,188,310,427,341,300
"ENSG00000138031",177,218,108,41,61,37,37,98,104,62,94
"ENSG00000138032",440,647,603,1579,1227,1335,1547,1226,1281,1879,1855
"ENSG00000138035",419,460,387.99999,773,512,658,561,917,940,879,807
"ENSG00000138036",659.99999,769.99999,548,484,395,430,432,771,740,608,721
"ENSG00000138050",371,288.00001,133,233,203,189,231,232,232,224,175
"ENSG00000138061",663,1199,1049,8472,5482,6899,7500,7232,6664,8717,15702
"ENSG00000138069",1130,1308.99999,1350.99999,3685,2805,3088,3402,3319,3152,3533,3318
"ENSG00000138071",831,950,862,4964,3514,4217,4305,3396,4613,4548,4416
"ENSG00000138073",172,190,166.00001,922,1051,966,1050,1231,978,1266,1745
"ENSG00000138074",131.99999,143.99999,144.00001,571,607,587,795,720,959,1117,916
"ENSG00000138078",1114.00001,1345.00001,1047.99999,4727,3385,3676,4304,3150,3754,4040,3561
"ENSG00000138080",9,15,12,8,23,15,8,18,4,20,25
"ENSG00000138081",856.00001,883,1283.99999,609,532,701,542,926,731,676,722
"ENSG00000138083",1664,2259,1664,1834,1266,1541,1373,1556,1404,1438,1606
"ENSG00000138085",711.00001,748,742,5811,6603,5075,6505,8245,7137,5427,6869
"ENSG00000138092",126,123,101.99999,254,296,253,186,259,339,286,278
"ENSG00000138095",1549.99998,1661.00004,3452.99999,2730,2071,2371,2381,2062,1897,2220,2467
"ENSG00000138101",587,581,506,468,543,535,521,387,345,387,428
"ENSG00000138107",622,718,675.00001,5251,5715,5022,5735,5283,5751,6263,5660
"ENSG00000138111",82,103,63,124,92,125,108,190,250,354,243
"ENSG00000138119",110,152,103,124,118,130,168,210,248,322,360
"ENSG00000138131",37,20,38,99,79,77,116,111,63,139,81
"ENSG00000138134",108.00001,114,73,84,41,55,54,82,93,77,76
"ENSG00000138138",572,923.99999,611,3169,2128,2588,2888,2153,2406,2615,2471
"ENSG00000138160",260.99999,413,188.99999,848,562,731,753,751,956,1003,852
"ENSG00000138162",936,678.99998,564,288,337,360,282,317,254,278,348
"ENSG00000138166",61,50,56,20,29,11,9,42,32,50,43
"ENSG00000138172",21.00001,11,14,54,35,47,60,93,84,69,90
"ENSG00000138175",1026,1163,1060,2575,1967,2032,2322,2417,2366,1751,1997
"ENSG00000138180",73,106,54,222,146,169,193,161,159,186,176
"ENSG00000138182",240,497,388,384,297,303,227,320,335,308,343
"ENSG00000138185",156,121,105,286,224,175,244,285,203,396,296
"ENSG00000138190",526,726,633.00001,205,175,229,190,399,459,379,432
"ENSG00000138193",396,345,274,354,332,346,361,391,447,750,747
"ENSG00000138207",235,210,270,399,511,446,381,501,244,289,296
"ENSG00000138231",147,133,177,236,155,179,278,339,397,388,374
"ENSG00000138246",595,535,420,274,180,222,242,340,458,488,565
"ENSG00000138279",321.99999,382,341,985,970,876,1249,1960,2225,1961,2021
"ENSG00000138286",638,576,559.00001,422,316,346,339,344,281,338,343
"ENSG00000138303",952.99999,743,614.99999,978,761,803,1017,1058,1194,1052,1125
"ENSG00000138311",16,17,24,47,59,29,59,73,83,115,114
"ENSG00000138326",10279.99999,12493,11057.00001,7789,8581,6793,7710,7094,5961,4128,5324
"ENSG00000138336",799,796,712,1423,1173,1420,1770,1159,1402,1665,1481
"ENSG00000138346",229,293,145,155,127,140,134,203,190,164,186
"ENSG00000138363",272,295,260.99999,1725,1638,1602,1856,1484,1594,1611,1661
"ENSG00000138375",353,389,285.99999,628,595,557,670,906,969,985,911
"ENSG00000138376",291,670,573,645,481,468,564,528,575,438,477
"ENSG00000138378",62,24,45,47,57,37,48,50,72,60,47
"ENSG00000138379",18,25,15,41,41,56,25,37,39,10,31
"ENSG00000138380",370.99999,267.00001,424.99999,304,200,215,262,409,460,432,456
"ENSG00000138381",301,464,395.99999,943,616,659,816,1300,1258,1128,1245
"ENSG00000138382",398,509.99999,438.99999,1433,1206,1267,1434,1453,1279,988,1171
"ENSG00000138385",1306,1616,1296,1544,1125,1263,1274,1796,1502,1358,1368
"ENSG00000138386",162,242,192,611,519,531,586,600,598,631,677
"ENSG00000138395",47,35,38,20,18,21,16,40,42,30,21
"ENSG00000138398",1381,1688,1543.00002,1897,1595,1716,1925,1882,1598,1613,1534
"ENSG00000138399",289.99999,319.99998,291,219,165,195,195,437,359,280,333
"ENSG00000138400",60,48,54.00001,145,107,90,99,243,306,192,299
"ENSG00000138411",239,435.00001,226.99999,133,104,111,96,105,100,170,141
"ENSG00000138413",445,540,559,2003,1987,1867,2199,2263,2157,2143,2307
"ENSG00000138430",971,1307,1187,3722,2795,2822,3196,3092,2638,2026,2628
"ENSG00000138433",440.99999,570,575,709,643,618,715,654,575,533,553
"ENSG00000138434",522,526.99999,334,1490,1119,1142,1590,915,925,1176,1028
"ENSG00000138435",37,31,34,164,147,174,165,197,140,185,179
"ENSG00000138439",210,356,307,725,666,799,843,739,777,827,795
"ENSG00000138442",255,332,235.99999,362,395,363,443,514,615,667,647
"ENSG00000138443",1963.99999,2009,1551,4688,3467,3982,4453,3067,3573,4269,4044
"ENSG00000138448",985,1102,957.00001,926,678,725,755,488,556,851,951
"ENSG00000138449",143,172,396,257,188,282,371,1228,2040,1951,1732
"ENSG00000138459",283,334,285,666,526,608,601,995,998,924,937
"ENSG00000138463",174,167,145,155,164,161,132,83,69,166,242
"ENSG00000138468",602.00001,936,810.99999,678,445,491,500,744,697,557,737
"ENSG00000138495",491.99999,502.00001,481.99999,531,585,488,486,885,571,452,562
"ENSG00000138496",140,107,165.99999,141,110,94,105,452,606,656,541
"ENSG00000138592",545.99999,719,1070,679,521,620,655,1144,995,1184,1031
"ENSG00000138593",610,724.00001,634.00001,467,431,479,553,364,372,602,596
"ENSG00000138594",368.00001,429,470,1448,871,1124,1320,1063,1227,1584,1361
"ENSG00000138600",518,519.99999,526.99999,469,320,389,341,408,314,526,546
"ENSG00000138604",314,274,228,940,632,757,861,953,1406,1189,1198
"ENSG00000138606",202,217,258.00001,176,231,201,153,213,164,145,152
"ENSG00000138613",229,206,217,375,180,235,344,298,386,469,421
"ENSG00000138614",281.99999,495.99999,313,388,413,420,466,918,923,1019,943
"ENSG00000138615",7,11,8,18,18,19,15,51,40,30,38
"ENSG00000138617",275,181.00001,181.99999,736,696,594,778,521,513,573,613
"ENSG00000138621",103.00001,148.99999,136.00001,197,204,162,191,341,286,257,263
"ENSG00000138622",17,23,12,38,73,56,43,19,34,20,43
"ENSG00000138623",39,31,39,60,75,79,48,17,23,32,50
"ENSG00000138629",240,360.00001,296,1951,1955,1835,2144,2485,2281,2268,2240
"ENSG00000138639",73,59,65,171,158,170,173,407,530,522,582
"ENSG00000138640",883.99999,1202.99999,727.99998,1091,910,830,1205,919,1056,1238,1065
"ENSG00000138641",144,369,222,331,322,434,406,573,559,574,518
"ENSG00000138646",33,41,45,88,82,81,91,36,36,91,97
"ENSG00000138650",214,242,218,464,361,408,412,435,517,650,485
"ENSG00000138653",42,111,20,136,93,121,115,156,109,151,122
"ENSG00000138658",213,290,197,99,84,138,110,193,196,189,166
"ENSG00000138660",154,205,157,489,355,470,473,502,562,562,529
"ENSG00000138663",443,564.00001,498.99999,1579,1201,1322,1482,2021,1959,1691,1855
"ENSG00000138668",2190.99999,2645,2269.00002,2586,1959,2186,1577,1379,901,1393,2419
"ENSG00000138669",28,10,31,13,14,21,5,37,83,76,71
"ENSG00000138670",914,540.99999,826.99999,1207,957,981,1154,1696,1606,1593,1680
"ENSG00000138674",1900,2134,1895,5250,4470,4507,5719,4218,4906,4755,4946
"ENSG00000138685",206,271,138,197,100,147,128,168,143,132,129
"ENSG00000138686",250,327,288,567,544,527,558,597,700,719,572
"ENSG00000138688",1907,2545,1978,1331,1052,1173,1137,1013,1031,1397,1356
"ENSG00000138696",572,743.99999,770,2741,1801,2215,2953,3454,4317,4260,4191
"ENSG00000138698",1437,792.00001,895.00001,1878,1613,1596,1929,1679,1634,1477,1814
"ENSG00000138709",771.00001,1175,1044,395,309,314,324,426,454,298,307
"ENSG00000138722",69,88,75,511,363,557,417,717,849,540,803
"ENSG00000138735",392.00001,411,239,168,78,140,142,191,181,222,269
"ENSG00000138738",166,198,160.99999,226,130,151,156,113,140,112,145
"ENSG00000138741",29,45,20,17,23,41,17,17,19,19,33
"ENSG00000138744",54.99999,22,25,182,213,198,221,136,79,126,150
"ENSG00000138750",358,470.00002,481.99999,537,430,476,564,987,1046,799,993
"ENSG00000138756",205,335,186,140,88,88,94,115,117,123,139
"ENSG00000138757",1024.99998,973.99999,1048.99998,2482,2099,2253,2840,2458,3026,3359,3211
"ENSG00000138758",1284,1483.00001,1149,6392,4960,5240,6484,3966,4437,5622,4808
"ENSG00000138759",164,193,154,472,400,422,514,341,272,347,411
"ENSG00000138760",1563,1668.00001,1692.00002,12469,8889,10416,11118,7498,7718,10623,12906
"ENSG00000138764",526,789,734,810,515,701,643,685,797,1104,1047
"ENSG00000138767",329,659.99999,525,329,221,303,217,396,328,310,343
"ENSG00000138768",630,742,677,1321,1097,1266,1314,1798,1964,1705,2000
"ENSG00000138769",137,256.00001,134,299,209,300,305,273,225,348,266
"ENSG00000138771",1512,1173,1233.99999,959,792,756,818,643,618,642,940
"ENSG00000138777",922.99999,1009.00001,895.00001,1979,1523,1542,1846,2187,2102,1704,1969
"ENSG00000138778",194,344,302,301,198,227,226,214,207,245,180
"ENSG00000138780",408.00001,539,384,302,233,254,238,241,336,325,300
"ENSG00000138785",235,261,237,514,517,473,537,646,544,701,590
"ENSG00000138794",363.00001,370,310,301,266,291,349,984,934,709,860
"ENSG00000138795",138,52,129.00001,75,88,82,95,117,82,100,128
"ENSG00000138796",566.99999,515.99998,535.00001,1909,1821,1645,1945,2504,2515,2025,2292
"ENSG00000138798",100,163.00001,126,84,100,85,105,90,74,192,120
"ENSG00000138801",383,687.00001,629,2863,2553,2464,2989,3139,3420,3607,3385
"ENSG00000138802",1133.99999,1162,954,957,845,1033,948,512,526,881,1320
"ENSG00000138814",849.00001,851.00001,1265,474,378,443,418,640,508,502,598
"ENSG00000138821",154,389.99999,324.99999,586,349,426,464,372,275,374,461
"ENSG00000138823",17,17,42,30,41,44,22,49,24,60,36
"ENSG00000138829",1106,525.99999,522.99999,3093,2610,2495,4302,1198,1494,2631,2362
"ENSG00000138834",509.99999,405.00001,443.99999,718,838,816,706,787,727,1156,1348
"ENSG00000138835",416,445,475,1133,1141,1094,1381,1139,1032,1308,1158
"ENSG00000138867",182,163.00001,162.00001,593,654,662,696,785,810,1253,1051
"ENSG00000138942",370,461,263.00001,909,926,928,1140,1538,1687,2032,1714
"ENSG00000138944",77,87,60,192,193,177,172,125,102,96,87
"ENSG00000139044",28,14,34,31,39,26,62,14,24,63,39
"ENSG00000139053",2444,2149,1392,2022,1821,1867,1302,4131,1922,2027,2758
"ENSG00000139083",190,244,171,248,229,191,222,450,452,556,546
"ENSG00000139112",407.99999,420.99999,278.99999,2137,1826,1796,2174,1105,1676,2212,1707
"ENSG00000139116",946,1000,911.00001,1455,1426,1462,1299,1123,859,1383,1417
"ENSG00000139117",133,117,162,73,56,59,80,161,180,92,158
"ENSG00000139131",136,155,117,269,253,245,286,379,331,351,327
"ENSG00000139132",2591.99999,2286,2207.99999,1368,1045,1170,1318,1297,1390,1726,1606
"ENSG00000139133",45,153,107,97,58,58,80,89,76,64,91
"ENSG00000139146",652.00001,727,680,5577,3946,4597,5568,4006,4729,3533,4201
"ENSG00000139154",478,413,462,380,247,355,311,389,486,465,467
"ENSG00000139160",69.00001,104,107.99999,57,41,55,36,114,79,97,143
"ENSG00000139163",718,743,770,1995,1225,1411,1630,1708,1497,1173,1429
"ENSG00000139168",645.00001,940.99999,764.99999,1890,1617,1628,1901,2178,1679,1389,1590
"ENSG00000139173",158,157,128,122,71,100,107,203,222,278,287
"ENSG00000139174",61.00001,58,39,291,376,426,586,360,482,678,740
"ENSG00000139178",126,106,149,147,107,117,139,140,184,168,136
"ENSG00000139180",435.99999,440,434,1500,1444,1205,1805,1932,1667,1670,1696
"ENSG00000139182",482.99999,519,487.00001,1159,1318,1236,1640,761,1375,1621,1290
"ENSG00000139187",63,136,57,180,80,124,132,117,130,137,77
"ENSG00000139190",21,34,27,712,616,467,655,412,310,466,420
"ENSG00000139192",21.99999,12.00001,15.00001,13,13,19,13,47,37,67,17
"ENSG00000139197",175,195.99999,206.00001,1007,1038,951,1259,961,1453,1882,1441
"ENSG00000139200",202,176,152.00001,287,368,291,346,265,219,267,280
"ENSG00000139209",139,249,173,200,131,205,126,287,236,235,284
"ENSG00000139211",27,27,34,82,77,93,89,72,67,127,107
"ENSG00000139218",820.99999,1086.99999,921.00001,2114,1344,1612,1791,2585,2285,2307,2327
"ENSG00000139219",895,733,1027,7110,6283,6533,9700,7459,10866,9743,12113
"ENSG00000139220",3492.00002,2462.99998,1938,619,601,557,509,665,611,659,665
"ENSG00000139233",196,212,211,346,280,315,342,478,345,362,457
"ENSG00000139263",84,101,56,115,120,143,167,128,163,213,239
"ENSG00000139266",93,140,125,110,176,177,151,194,111,153,159
"ENSG00000139278",18,16,14,67,23,49,48,20,25,37,18
"ENSG00000139289",880,772,951,1241,1045,958,1046,2004,1489,1651,2412
"ENSG00000139291",214,224,172,598,465,550,667,727,908,922,905
"ENSG00000139292",160.00001,63,97.00001,382,291,249,321,416,360,443,600
"ENSG00000139318",60,69,52,226,359,199,280,146,130,257,202
"ENSG00000139323",174,174.00001,156.99999,877,550,512,758,614,715,535,618
"ENSG00000139324",368,323,360,245,144,196,222,385,363,344,359
"ENSG00000139329",29,77,16,116,39,111,122,121,161,169,191
"ENSG00000139343",731.99999,906,818,940,911,908,825,1231,1020,739,865
"ENSG00000139350",391,495.99999,353,964,673,681,859,842,1078,1099,1005
"ENSG00000139352",355,473,703,311,337,302,266,473,537,400,503
"ENSG00000139354",244.99999,350,286.00001,425,264,318,388,405,456,469,395
"ENSG00000139364",222,93,118,141,141,142,178,199,226,459,304
"ENSG00000139372",335.99999,408.00001,382,446,379,408,375,1015,637,638,702
"ENSG00000139405",116,162,105,586,522,661,743,580,711,816,580
"ENSG00000139410",24,34,48,54,66,66,91,169,164,268,170
"ENSG00000139428",201,250,241.00001,525,670,554,656,740,660,635,601
"ENSG00000139433",235,305,291,528,545,457,563,623,616,697,743
"ENSG00000139436",362.00001,257,327.00002,827,764,731,958,1063,1166,1344,1231
"ENSG00000139437",203.99999,249.99999,189,272,297,271,265,349,288,343,312
"ENSG00000139438",433,306,387,127,122,134,93,217,143,164,145
"ENSG00000139445",355,578,498,335,312,301,288,273,290,215,287
"ENSG00000139496",761,939.99998,740.99999,1093,817,972,1018,1215,1288,1261,1144
"ENSG00000139505",260,426,406,810,553,688,706,997,1089,1026,1016
"ENSG00000139508",116,58,111.00001,131,105,162,122,356,295,482,343
"ENSG00000139514",218,255,198,421,389,421,373,247,274,403,346
"ENSG00000139517",65,90,68,222,208,192,249,75,95,182,239
"ENSG00000139531",140.99999,154,177.00001,528,543,440,607,944,1020,1226,1128
"ENSG00000139537",74,214,39,54,43,30,38,45,46,50,57
"ENSG00000139540",35,28,21,29,22,37,15,125,110,175,193
"ENSG00000139546",128.99999,133,116.99999,429,522,481,425,813,682,579,673
"ENSG00000139579",234,298.00001,247,496,609,480,505,525,491,483,430
"ENSG00000139597",109,117,77,336,186,226,350,180,160,225,241
"ENSG00000139613",1127,1376,1187,3574,3485,3079,3572,2936,3415,3738,3567
"ENSG00000139618",279.99999,219.99999,382.99999,151,115,129,105,216,244,195,217
"ENSG00000139620",344,300.00002,419.00001,1195,1086,1142,1360,1400,1385,1274,1393
"ENSG00000139624",489,543.99999,584.00001,1404,1381,1352,1578,2066,1930,2039,1978
"ENSG00000139625",192,225,172.00001,463,470,466,517,603,669,734,685
"ENSG00000139629",18,22,41,51,71,94,111,34,33,68,52
"ENSG00000139631",378,212.99999,194.99999,231,177,176,223,182,159,210,209
"ENSG00000139636",289.99998,244,226,772,804,812,841,943,878,1158,852
"ENSG00000139637",135,229,176,926,1097,910,1167,913,965,1146,1017
"ENSG00000139641",264.99999,299,199,1539,1631,1569,1975,1886,2618,2874,2454
"ENSG00000139644",2246,2443,2317.99999,26418,26512,24140,31449,26853,29501,32378,30289
"ENSG00000139645",219,205,185,417,425,437,469,493,335,813,778
"ENSG00000139651",129,235,178,175,131,154,194,156,201,253,249
"ENSG00000139668",258,303,256,503,414,449,519,450,428,637,525
"ENSG00000139679",118,173,153,116,73,79,118,143,134,203,151
"ENSG00000139684",663,772,926.99999,4135,3737,3613,4229,3457,3180,2751,2855
"ENSG00000139687",591,598.99999,561,1652,875,1156,1298,938,916,1416,1589
"ENSG00000139697",850,1007,907,2136,1727,2129,2345,2009,1933,2480,2340
"ENSG00000139714",20,27,26,56,55,33,51,35,46,64,88
"ENSG00000139718",252,197,223,109,105,79,105,114,72,111,112
"ENSG00000139719",203,193,202,526,522,547,541,941,1033,960,1004
"ENSG00000139722",137,160,203,259,201,263,249,441,457,540,484
"ENSG00000139725",83,12,20,36,65,41,76,61,62,73,78
"ENSG00000139726",584,653.00001,628,1383,988,1129,1292,1604,1676,1568,1598
"ENSG00000139734",247,440,218.99999,344,237,300,317,274,291,236,238
"ENSG00000139737",525,625,1148,141,131,121,104,222,189,195,201
"ENSG00000139746",1080,1782,1438,287,191,216,263,313,248,241,270
"ENSG00000139767",1099,848,1179,317,361,332,252,501,426,531,519
"ENSG00000139793",1477.99998,2629,1470.99999,1717,979,1136,1773,918,1228,1367,1309
"ENSG00000139800",451,655,793,390,237,354,355,595,675,483,492
"ENSG00000139826",128,158,159,474,286,376,354,472,460,437,406
"ENSG00000139832",42,70,38,21,37,30,37,41,79,156,71
"ENSG00000139835",45,69,88,164,132,131,148,147,163,170,136
"ENSG00000139842",498.99999,767,633,325,284,364,279,355,338,493,666
"ENSG00000139880",71.00001,37,42.99999,88,107,120,71,61,51,44,76
"ENSG00000139890",54,83,92,359,423,393,408,263,222,294,318
"ENSG00000139910",529.00001,409.00001,438,773,769,685,753,475,448,743,530
"ENSG00000139915",195,121,140,62,33,38,36,78,69,90,49
"ENSG00000139921",660,865,1007,1021,634,972,807,1357,1696,1717,1534
"ENSG00000139926",101.00001,123,135,303,243,248,455,294,515,598,430
"ENSG00000139946",243.00001,1475,323,319,207,300,197,220,192,214,209
"ENSG00000139970",628,897,547,6423,7164,5892,6591,3246,2830,3811,3391
"ENSG00000139971",241,351,316,1242,954,1085,1219,469,502,1026,1125
"ENSG00000139973",42,57,67,123,77,142,97,63,57,101,83
"ENSG00000139974",522.00001,426,372,325,264,225,245,348,246,241,232
"ENSG00000139977",243,256,241,506,332,465,432,298,311,562,603
"ENSG00000139988",25,19,34,62,70,95,46,108,74,144,132
"ENSG00000139990",638,587.00001,647.00001,2085,2226,2105,2651,2113,2475,2941,2830
"ENSG00000139998",130,191,129.99999,199,190,196,153,210,173,171,145
"ENSG00000140006",143,169.00001,193,290,191,250,258,266,472,465,415
"ENSG00000140009",77,45,65,20,23,35,41,35,71,59,58
"ENSG00000140022",1291,1152,1446,3723,2418,2998,3498,3100,3351,4238,3911
"ENSG00000140025",413.99999,97,110.00001,163,94,148,84,227,194,188,209
"ENSG00000140043",198,158.00001,189.99999,417,312,378,415,551,570,605,629
"ENSG00000140044",44,50,60,66,63,49,71,96,114,111,142
"ENSG00000140057",43,65,59,134,91,114,132,107,137,152,113
"ENSG00000140090",154,38,39,28,48,29,45,60,37,49,43
"ENSG00000140092",28,53,63,183,177,163,235,187,199,315,259
"ENSG00000140104",80,113,78.00001,199,224,211,240,323,291,417,383
"ENSG00000140105",582,460.99999,454,1701,1479,1389,1565,2442,2960,3528,2949
"ENSG00000140153",295.00001,451,458,493,470,462,577,719,760,864,831
"ENSG00000140157",350.99999,219.99998,352.00001,599,553,589,570,711,711,919,823
"ENSG00000140199",757.99999,520,459,598,467,527,601,473,546,671,604
"ENSG00000140259",399,515,496,712,790,676,931,1217,1168,1307,1214
"ENSG00000140262",2947,5404.00001,3238,4017,3257,3215,3985,4224,5365,5144,5511
"ENSG00000140263",148.99999,140,110,586,667,586,699,522,505,500,530
"ENSG00000140264",2448.99999,3066,3025.99999,11126,12612,9909,11943,15605,12264,9796,11569
"ENSG00000140265",212.00001,269,268,372,365,435,354,520,449,517,502
"ENSG00000140284",38,50,49,87,58,54,100,37,36,49,74
"ENSG00000140299",496,468.00001,573,593,389,611,586,920,881,1166,978
"ENSG00000140307",571,590.99999,718,1456,1136,1304,1098,2311,1868,1272,1634
"ENSG00000140319",4313,4351,4278.99999,13474,13013,12157,14222,18912,15381,12269,14740
"ENSG00000140320",196,197,134,156,231,175,230,149,173,215,224
"ENSG00000140323",53,54,46,201,268,216,235,192,111,235,176
"ENSG00000140326",189,148,170,116,82,115,96,177,145,118,169
"ENSG00000140332",893,828.00001,947,444,509,508,417,717,694,673,719
"ENSG00000140350",1037,1243,1356,1009,812,868,1218,881,902,911,888
"ENSG00000140365",245,294.99999,252,531,642,505,469,1043,899,933,875
"ENSG00000140367",615,584,553.99999,219,198,230,187,335,233,190,297
"ENSG00000140368",35,53,14,31,34,22,13,24,19,7,20
"ENSG00000140374",689,1187.99998,912,2125,1912,1718,2065,2889,2396,1878,2286
"ENSG00000140382",541,496,451,1284,1058,1254,1410,1616,2136,2367,2332
"ENSG00000140386",1380,1522,1259.99998,1154,959,1021,1275,940,885,1116,923
"ENSG00000140391",2053,2219.99999,1915,17489,16568,14955,16443,14463,13616,15543,19003
"ENSG00000140395",490,648,623.99999,1207,1156,1042,1019,2295,2114,1516,1847
"ENSG00000140396",738,547,770.00001,728,468,635,726,799,991,1250,1148
"ENSG00000140398",116,125.00002,92.99999,202,209,180,172,234,234,224,266
"ENSG00000140400",215,176,177,1454,1596,1479,1623,1469,1691,1880,1606
"ENSG00000140403",7,37.99999,19.00001,21,31,21,15,24,22,30,15
"ENSG00000140406",100,108,143,32,32,44,22,23,28,19,30
"ENSG00000140416",668,699.00001,591,2403,2167,1988,2367,2094,1945,2101,2481
"ENSG00000140443",1566,1330,2300,1276,1214,1346,1552,1137,1320,2028,1636
"ENSG00000140450",155,209,205,88,71,66,81,73,38,65,64
"ENSG00000140451",62,64,49.00001,99,85,84,71,52,46,38,41
"ENSG00000140455",1265,779.00001,1282,2007,1538,1609,2125,1382,1587,1741,1519
"ENSG00000140463",653.99999,645,681.00001,1041,944,958,973,1599,1745,1521,1616
"ENSG00000140464",283.99999,159,105.99999,453,484,523,532,450,443,628,562
"ENSG00000140470",37,62,44,35,21,31,14,24,36,38,39
"ENSG00000140471",157.99999,170,121,194,182,206,239,302,320,248,335
"ENSG00000140474",175,227,259.99999,917,987,962,792,1339,1306,1451,1664
"ENSG00000140479",92,145,61.00001,93,81,77,111,92,72,110,111
"ENSG00000140481",207.00001,324,228.99999,551,612,518,606,609,611,543,584
"ENSG00000140488",123,110,156,275,320,300,258,138,117,288,408
"ENSG00000140497",205,208.00001,200.00001,483,585,475,759,820,768,859,778
"ENSG00000140521",257.99999,169.99999,236.00001,771,804,793,854,562,646,1056,893
"ENSG00000140522",147,84,349,116,105,79,187,664,529,614,584
"ENSG00000140525",538.00001,566.99998,585,1014,782,874,894,892,1227,1202,1110
"ENSG00000140526",277,286,293,776,937,888,1180,745,1145,1850,1332
"ENSG00000140527",42,50,30,12,7,9,19,26,23,13,21
"ENSG00000140534",104,120,109,127,119,132,106,125,154,218,132
"ENSG00000140538",16.00001,62.99999,36,128,171,129,185,56,48,100,78
"ENSG00000140543",213,329.00001,281,214,232,241,252,405,330,322,313
"ENSG00000140545",249,364.99999,318.99999,763,853,729,872,533,522,771,723
"ENSG00000140548",58,84,46,110,120,162,105,103,118,145,115
"ENSG00000140553",223,277.00001,238.99999,1435,1630,1381,1670,1929,2374,2559,2279
"ENSG00000140557",183,137,127,480,598,454,544,511,337,396,475
"ENSG00000140564",141,121,134.99999,161,270,250,191,239,251,306,284
"ENSG00000140575",333,344.99999,292,1309,893,956,1384,1206,1712,2087,1719
"ENSG00000140577",294,294,251,394,323,440,328,274,300,445,550
"ENSG00000140598",276,238,354.99999,610,598,554,653,790,938,955,937
"ENSG00000140600",85,135,70,123,138,101,77,79,34,31,91
"ENSG00000140612",1022.00001,1346,1198,1636,1399,1425,1623,2048,1801,1467,1671
"ENSG00000140632",439.99999,431,452,631,644,735,582,1204,1373,1489,1336
"ENSG00000140650",321.99999,169,321.99998,118,77,113,111,178,143,173,198
"ENSG00000140682",75,85.00001,48.99999,154,202,157,242,202,246,344,335
"ENSG00000140688",210,276.00001,207,1266,1318,1286,1520,1438,1588,1606,1435
"ENSG00000140691",52.00001,76,147,330,389,393,352,193,151,343,458
"ENSG00000140694",996,662,841.00001,781,651,707,738,1080,1237,1279,1277
"ENSG00000140718",901.00001,1597,787,3849,3472,3420,4018,3361,4226,4563,4140
"ENSG00000140740",847,1070,1008,4418,4562,3965,5368,4670,4628,4312,4473
"ENSG00000140743",81,52,81,145,134,123,167,144,97,164,126
"ENSG00000140750",551,509.00001,463,472,419,419,450,488,507,650,639
"ENSG00000140795",18,12,18,36,28,27,19,42,16,26,50
"ENSG00000140807",107,62,84,159,104,125,120,68,90,141,111
"ENSG00000140829",212,339,254.00001,707,837,827,959,737,971,1225,957
"ENSG00000140830",109.00001,135,106,177,159,152,166,293,249,229,270
"ENSG00000140836",880,946,950,753,621,810,717,640,447,763,685
"ENSG00000140839",17,14,7,663,599,716,848,582,541,925,591
"ENSG00000140848",155,193,153,150,251,214,200,182,138,133,157
"ENSG00000140853",30,53,71,12,16,12,12,80,95,148,120
"ENSG00000140854",199,204,178,878,974,1000,1033,1052,1066,1278,998
"ENSG00000140859",159,164.00001,192,123,199,202,164,159,180,246,353
"ENSG00000140873",586,561,554,407,454,481,259,445,270,426,651
"ENSG00000140876",74,86,78,87,134,117,139,249,161,131,146
"ENSG00000140905",74,96,71,629,524,597,635,871,634,717,921
"ENSG00000140931",251.99999,261.99999,234,189,226,261,166,184,91,149,270
"ENSG00000140937",2290,1596,2504.99999,3732,3051,3641,4722,2270,2278,3242,2593
"ENSG00000140939",437,581,464,117,177,178,204,462,400,575,396
"ENSG00000140941",746,1007,867,8200,6725,7256,7083,6132,4730,6264,7118
"ENSG00000140943",543,574,541,1751,1893,1958,2356,3090,4037,4832,4148
"ENSG00000140945",20,18,23,146,232,156,373,69,71,246,159
"ENSG00000140948",480,438.99999,473,202,217,199,189,333,228,312,257
"ENSG00000140950",328,308,259.99999,460,461,551,500,778,687,974,828
"ENSG00000140961",73,38,21,47,61,55,48,41,89,71,52
"ENSG00000140983",235,299.99999,251,1865,2055,2069,1904,2585,2520,2650,2640
"ENSG00000140987",91,188,148.99999,219,200,254,267,310,378,488,384
"ENSG00000140988",4545,6750,4990,37839,43473,35393,40490,27251,22331,21944,26260
"ENSG00000140990",753,897.99999,786,2917,3246,2785,3412,3424,2632,2548,2553
"ENSG00000140992",222,235,240,666,824,746,692,822,837,1154,983
"ENSG00000140993",75,54,68,120,107,95,117,217,218,262,227
"ENSG00000140995",233,326,333.99998,948,1277,1111,1115,1759,1485,1744,1708
"ENSG00000141002",1064.99999,1149.99998,1020.00001,2848,3064,2482,3022,2819,2968,3105,3037
"ENSG00000141012",172,162,141,487,451,384,527,533,509,793,718
"ENSG00000141013",126.00001,56.99999,41.99999,152,190,165,167,235,215,237,227
"ENSG00000141026",161,188,135,652,683,682,704,991,968,1246,1196
"ENSG00000141027",3070.99999,3654,2919.00001,2438,2286,2482,2478,2574,2043,3271,3262
"ENSG00000141030",433,506,452,2266,1852,1895,2297,2542,2302,1830,2142
"ENSG00000141034",75,115,130,185,223,211,222,125,139,143,165
"ENSG00000141040",133,135,128,152,119,182,136,409,373,504,402
"ENSG00000141052",106,64,19,83,134,75,94,170,265,81,259
"ENSG00000141068",350,355,366.99999,173,217,203,173,193,152,284,236
"ENSG00000141076",323.00001,252,223.99999,1120,979,937,1120,1330,1331,1433,1544
"ENSG00000141084",349,283,348,244,247,255,294,387,369,524,415
"ENSG00000141086",34,14,12,42,38,56,36,82,34,36,38
"ENSG00000141098",214,247.99999,230,1262,1492,1416,1548,1350,1478,1673,1574
"ENSG00000141101",312,411,293,792,796,805,873,822,779,719,772
"ENSG00000141127",684,710.99999,817.99999,685,729,705,745,1245,1243,1010,1152
"ENSG00000141179",96,152,137.00001,258,220,233,338,209,159,164,165
"ENSG00000141198",416,424,389.99999,697,591,574,699,896,833,620,747
"ENSG00000141219",387,348.99999,261,412,438,417,524,929,965,1019,1056
"ENSG00000141232",330,271,397,310,283,302,314,321,332,760,402
"ENSG00000141252",898.00001,796.99998,1010.99998,743,694,728,685,905,919,1233,1112
"ENSG00000141258",321,307,265.99999,366,443,337,322,500,411,528,473
"ENSG00000141279",2048,1918.00002,1608.00001,2877,2627,2764,2783,3064,3498,4187,3640
"ENSG00000141294",36,33,32,34,17,31,24,45,53,43,39
"ENSG00000141295",136,209.99999,166,1299,1494,1392,1661,1701,1578,1689,1514
"ENSG00000141298",700.99999,547,774,530,385,466,422,517,583,705,639
"ENSG00000141314",616,513,823,187,190,196,126,261,182,349,256
"ENSG00000141337",136,168,156,228,232,200,263,295,376,358,372
"ENSG00000141349",403.99999,417.99999,369.99999,2563,3091,2607,3028,3409,3463,3499,3415
"ENSG00000141367",1832.99999,1424.99999,1217.99998,6775,5634,5918,7075,6992,9494,11608,10158
"ENSG00000141376",664,1001.00001,1002.00001,2486,2061,2287,2438,2196,2259,2368,2218
"ENSG00000141378",139,184,123.99999,151,150,133,176,265,201,203,187
"ENSG00000141380",1172.00001,1031,669,2048,1468,1645,2091,1727,2541,2592,2576
"ENSG00000141384",54,68,28,40,31,51,59,62,25,29,52
"ENSG00000141385",489.99999,466,513.99999,280,272,274,237,233,195,271,367
"ENSG00000141391",93,105,116,38,32,36,49,45,31,31,24
"ENSG00000141401",120,136,142.99999,196,243,227,219,169,230,334,328
"ENSG00000141404",105,132,180,267,327,274,254,275,208,254,213
"ENSG00000141424",709,872,762.00001,3247,2682,2888,3322,3047,3593,3928,3783
"ENSG00000141425",854.00001,813,669,2147,1329,1533,1733,1775,1877,1617,1685
"ENSG00000141428",267,288,268,191,185,200,217,233,199,189,207
"ENSG00000141429",703,789,815,340,313,352,279,607,483,466,498
"ENSG00000141431",288.99999,324,203.00001,196,164,177,217,133,106,181,132
"ENSG00000141433",18,24,21,86,43,81,67,16,26,30,44
"ENSG00000141434",25,16,26,18,17,21,38,10,2,2,0
"ENSG00000141441",137,78,78,105,95,81,91,102,84,154,122
"ENSG00000141446",330,350,311,296,192,254,250,358,365,455,364
"ENSG00000141447",719,687,536.99999,1254,1161,1134,1534,1196,1439,1306,1478
"ENSG00000141449",840.99999,675.99999,797,685,552,674,566,638,483,718,771
"ENSG00000141452",168,166,214,453,392,453,388,384,266,388,521
"ENSG00000141456",352,416.00001,367,383,451,451,512,262,469,479,379
"ENSG00000141458",230,315.00001,221,591,596,711,723,622,759,1142,720
"ENSG00000141480",176,270.00001,188,158,187,138,178,160,145,111,126
"ENSG00000141499",93.99999,109.99999,116,487,556,457,600,511,468,510,464
"ENSG00000141503",269,327.00001,344,208,263,272,248,367,428,519,458
"ENSG00000141504",670,1103,853,2015,2227,1844,2337,1786,1428,1347,1484
"ENSG00000141505",89.99999,126.00001,144,222,282,204,332,175,146,190,162
"ENSG00000141510",343.99997,277.99998,409,458,364,327,428,484,422,457,380
"ENSG00000141519",151.99999,104.99999,79,199,236,247,207,238,278,317,257
"ENSG00000141522",345.99999,366,284,395,450,433,415,521,644,537,525
"ENSG00000141524",34,30,51.00001,82,121,99,167,99,96,168,170
"ENSG00000141526",415.00001,414.00001,650,213,260,293,309,304,287,370,262
"ENSG00000141527",32,29,74.00002,28,19,25,37,33,34,49,29
"ENSG00000141540",269.00001,276,412.00001,912,758,832,1096,899,1019,1289,1137
"ENSG00000141542",188,160.99999,169,123,143,143,121,113,80,179,209
"ENSG00000141543",420,473.00001,409,2613,2390,2408,2918,4062,3725,3792,3976
"ENSG00000141551",615.99999,572,607,1935,2525,2096,2777,2651,2922,3659,3391
"ENSG00000141552",1559.99999,1484.99999,1510,2854,3331,2757,3147,4407,3058,2388,2903
"ENSG00000141556",1010.99999,798.99998,961.00001,1718,1926,1672,1709,1080,998,1982,2145
"ENSG00000141560",237,234,193,480,510,504,497,832,734,806,763
"ENSG00000141562",610.00001,907.00001,749,1999,2211,2031,2147,2200,1797,2524,1940
"ENSG00000141564",495.99999,398,295,240,274,251,330,295,278,354,276
"ENSG00000141568",481,551,485,419,393,441,354,440,338,508,473
"ENSG00000141569",66,93,64,60,46,72,70,82,42,63,74
"ENSG00000141570",107,121,109,178,177,197,257,185,176,236,164
"ENSG00000141576",377.00001,338,265.99999,817,887,746,749,826,596,731,684
"ENSG00000141577",129,230.00001,118,669,741,783,811,437,393,592,628
"ENSG00000141580",549.00001,922,546,2865,2725,2804,3923,2509,2672,3054,2618
"ENSG00000141582",146,167,135,64,94,100,65,93,48,58,70
"ENSG00000141622",843,960.99999,733,1240,1093,1262,1109,1114,1145,1228,1138
"ENSG00000141627",498,849,731.99999,2777,2067,2232,2678,2049,1994,2044,2123
"ENSG00000141639",184,134,181,40,67,54,46,57,27,42,49
"ENSG00000141642",108.99999,107,109,186,172,139,152,409,388,396,416
"ENSG00000141644",381.00001,362.99998,309.99999,861,967,903,969,1112,1313,1455,1282
"ENSG00000141646",787.99999,803.00001,796,852,715,886,702,881,656,739,740
"ENSG00000141664",206,201,210,100,79,105,104,78,54,64,104
"ENSG00000141665",67,35,25.00001,91,51,52,56,99,100,81,103
"ENSG00000141668",73.00001,80,84,62,74,81,59,118,80,91,90
"ENSG00000141682",82,168,90,573,317,429,386,669,479,391,433
"ENSG00000141696",277,328,243.00001,268,542,412,312,295,184,218,595
"ENSG00000141698",319,443.99999,343.99999,2451,2530,2249,2410,2060,1684,1955,2248
"ENSG00000141699",472,424,413,2134,2113,1890,2424,2162,2763,3308,2903
"ENSG00000141736",313.99999,318,239.99999,890,903,986,1000,949,887,1736,1490
"ENSG00000141741",362,416.99999,413.00001,1814,2135,1645,2070,2596,1942,1618,1818
"ENSG00000141750",133,131,100,114,92,93,123,153,169,194,166
"ENSG00000141753",128,165,160,439,463,395,413,463,470,352,384
"ENSG00000141756",344,313,190,1196,1201,911,1631,958,1543,1835,1755
"ENSG00000141759",596,757,647,1070,1183,1021,883,742,519,803,1127
"ENSG00000141837",847.00001,524,837.99999,159,90,129,106,64,52,72,60
"ENSG00000141854",39,32,61,131,177,107,120,71,58,92,95
"ENSG00000141858",267,372,355,91,107,98,94,125,68,75,72
"ENSG00000141867",1366,1260.00001,1191,884,962,967,1061,831,695,773,819
"ENSG00000141873",98,124,136,579,633,584,647,549,421,695,726
"ENSG00000141905",612,376,389.00001,143,268,182,284,373,376,548,558
"ENSG00000141933",151,209,194,137,133,115,96,102,53,90,99
"ENSG00000141956",104.99999,106,75,152,170,151,177,221,219,284,219
"ENSG00000141959",566.00001,692,746,4849,5579,4929,5689,5219,5562,7228,6951
"ENSG00000141965",147,123,151,175,218,198,241,187,138,330,281
"ENSG00000141971",269,298,230,816,1029,763,983,892,862,952,848
"ENSG00000141985",278,324,289,419,477,423,440,351,281,320,393
"ENSG00000141994",58,73.99999,81,202,246,278,288,510,394,488,444
"ENSG00000142002",190,228,217,353,394,350,427,574,696,794,742
"ENSG00000142039",177,179,190,624,582,575,685,768,768,833,683
"ENSG00000142046",158,190,218,139,283,157,224,180,158,129,137
"ENSG00000142065",205,218,194,283,218,245,395,273,503,558,453
"ENSG00000142082",237.00001,176.00001,172.99999,406,420,445,518,827,880,997,903
"ENSG00000142089",2579,2433,1788.00001,12534,12314,10007,13620,17505,18089,19213,16851
"ENSG00000142102",70,95,70,375,368,339,394,483,438,472,444
"ENSG00000142149",306,156,193,163,193,190,132,320,299,191,297
"ENSG00000142156",819,803,760.99999,7140,8121,7256,8444,4481,5058,6634,6181
"ENSG00000142166",495,364,322.99998,1076,715,920,856,1026,1089,1530,1257
"ENSG00000142168",2618,2581,2250,6950,7029,6041,7148,8441,7568,6042,6983
"ENSG00000142173",189,305,239,1844,2378,1825,2462,1423,1802,2713,2355
"ENSG00000142186",335.99998,351.99999,269,1178,1376,1297,1693,1618,1765,1890,1681
"ENSG00000142188",536,604,576.99999,1467,1264,1212,1441,2172,2129,1469,1978
"ENSG00000142192",2404.99999,2535.00001,3273.99999,7375,6490,5245,11656,2630,4645,8589,7176
"ENSG00000142197",308.99999,307,244,341,288,322,275,368,426,603,523
"ENSG00000142207",138,116,98,194,179,204,200,244,311,481,429
"ENSG00000142208",499,541.99999,466,602,609,622,659,716,570,523,586
"ENSG00000142227",292.00001,473,301.00001,1065,1175,1062,1400,1183,1099,1204,1086
"ENSG00000142230",505.99999,834.00001,892.00001,3203,3079,2722,3656,2993,3577,3675,3562
"ENSG00000142235",109.99999,102,100.00001,67,55,61,85,40,36,38,19
"ENSG00000142252",67,211,144.99999,186,274,257,216,696,479,513,448
"ENSG00000142279",102,86,122,52,33,41,46,50,41,50,63
"ENSG00000142303",168,157.99999,125.99999,169,167,147,167,149,131,255,342
"ENSG00000142327",141.00001,86,89.99999,51,67,50,45,123,107,107,108
"ENSG00000142330",115.00001,131,141.99999,260,319,307,261,134,120,225,327
"ENSG00000142347",93,108,73,15,4,6,20,24,10,21,24
"ENSG00000142396",225,279.99999,252,867,899,806,823,1596,1270,863,1166
"ENSG00000142408",132,296,135,121,110,97,115,102,129,218,200
"ENSG00000142409",140,167,153,45,46,29,25,31,29,28,33
"ENSG00000142444",148,146,115,250,272,215,207,121,102,226,348
"ENSG00000142449",184,236,144,244,344,328,317,226,245,339,392
"ENSG00000142453",551.99999,649.00001,518.99999,124,157,121,153,136,145,143,147
"ENSG00000142459",192,165,146,141,135,131,99,119,88,152,135
"ENSG00000142494",27,71,38,78,125,129,168,126,164,203,187
"ENSG00000142507",874,978,837,4115,4615,3795,4381,5451,4739,4559,4638
"ENSG00000142528",101,154.00001,160,151,159,177,225,382,365,512,442
"ENSG00000142530",55.99999,51,50,38,56,45,59,127,56,69,76
"ENSG00000142534",10318.99999,15530,14038,28871,33865,25926,30299,25582,25458,15016,20422
"ENSG00000142538",528,1040,849,431,264,357,287,128,69,164,243
"ENSG00000142541",2861.99999,3821.99999,3410.00001,32795,38855,30437,38899,36102,32135,20487,27471
"ENSG00000142546",294.00001,353,324,1807,2234,1709,2037,2344,2011,1791,1844
"ENSG00000142549",135,149,119,316,345,366,334,225,237,195,226
"ENSG00000142552",29,25,23,38,99,59,74,84,52,59,70
"ENSG00000142556",125,115,123,390,378,405,508,517,575,722,605
"ENSG00000142599",2440.00001,2958.00002,2664.00001,679,794,859,804,982,783,991,1071
"ENSG00000142609",30,48,19,50,25,26,37,15,33,22,28
"ENSG00000142611",70,100,137,68,110,93,157,99,77,186,122
"ENSG00000142621",30,65.99999,64.99999,10,9,11,23,19,21,32,15
"ENSG00000142627",300,257,332,1008,1096,1089,1228,632,619,1154,1196
"ENSG00000142632",24,36,38,62,58,66,57,184,118,165,120
"ENSG00000142634",209,303,183,216,308,295,164,210,142,120,209
"ENSG00000142655",157,199,196,135,170,150,137,171,142,159,163
"ENSG00000142657",642,786,731.00001,6856,7160,6105,7364,6420,7306,6591,6719
"ENSG00000142661",7,8,21,10,12,30,11,6,18,32,18
"ENSG00000142669",1586,2035,1601,6386,5842,5358,6255,5311,4241,4254,4141
"ENSG00000142675",8.00001,23,17,38,42,56,43,24,46,66,52
"ENSG00000142676",10967.00001,15137,11831,10636,11324,9676,11476,8143,8561,5990,7099
"ENSG00000142684",120,179,134,604,724,593,748,636,497,547,464
"ENSG00000142686",40,49,38,755,716,605,766,957,1120,1135,1273
"ENSG00000142687",1795,1249.99999,1804.99998,1680,1693,1656,1851,2129,2566,3504,2976
"ENSG00000142694",43,91,64,23,29,31,25,20,13,15,28
"ENSG00000142731",129,221,197,223,162,244,206,322,323,322,366
"ENSG00000142733",25,40,44,48,51,56,38,35,49,55,52
"ENSG00000142751",119,128,129,305,295,289,333,355,351,563,553
"ENSG00000142765",22.99999,38,38.99999,45,17,22,27,21,23,46,31
"ENSG00000142784",351,318,276,234,338,218,361,269,300,345,399
"ENSG00000142794",152,154,144.99999,163,163,140,210,239,244,310,293
"ENSG00000142798",134,105,83,239,343,236,442,231,276,312,341
"ENSG00000142856",350.99999,485,425,354,309,324,272,583,517,276,378
"ENSG00000142864",1670.99999,2060,1737,4045,2968,3299,3790,3200,3378,3322,3268
"ENSG00000142867",162,185,212,446,310,370,464,330,337,470,360
"ENSG00000142871",73,53,48,2171,1966,1416,1997,278,254,365,789
"ENSG00000142875",861.00001,639.00001,685,1510,1177,1275,1407,1533,1788,1903,1911
"ENSG00000142892",208,185,183,718,452,556,556,716,806,794,781
"ENSG00000142920",137,230,521,259,301,291,340,397,440,486,430
"ENSG00000142937",15764.00001,22674,18858.00001,16831,17386,14847,16161,16384,13501,7627,10934
"ENSG00000142945",121,187,210,1098,1107,969,1210,532,696,817,605
"ENSG00000142949",2323,2334.00001,2330.00001,6664,6392,7016,7494,3947,4495,5989,6359
"ENSG00000142961",46,28,40,38,89,74,118,134,145,206,159
"ENSG00000143013",690,908,851,472,529,500,604,665,513,492,563
"ENSG00000143033",889.99999,1257.99999,1323.00001,1961,1397,1580,1421,1472,1225,1284,1383
"ENSG00000143036",98.99999,135.99998,100,124,136,133,139,144,172,169,193
"ENSG00000143061",145,151,125,1005,1168,1019,1326,701,814,1402,956
"ENSG00000143067",55,50,54,150,101,121,91,96,63,68,64
"ENSG00000143079",404,581,338,1014,773,876,986,879,1093,1298,1049
"ENSG00000143093",170,194,186.99999,580,612,619,687,773,750,1269,1094
"ENSG00000143106",525,650,515,935,987,821,1006,1769,1407,1154,1284
"ENSG00000143126",262,265,236,1481,1851,1630,1691,1141,1017,1897,1402
"ENSG00000143147",247,314.99999,210,599,703,789,674,535,586,681,755
"ENSG00000143149",345,323,346,1761,1709,1509,2272,2337,2828,2674,2817
"ENSG00000143153",696.00002,852.00001,1039.99999,3197,2414,2683,3068,1162,1036,1513,1440
"ENSG00000143155",372,426,424,1090,902,966,1086,1229,1018,900,911
"ENSG00000143156",274.00001,367,362,886,776,738,790,1223,1158,1032,1068
"ENSG00000143157",355,339.00001,340,828,757,911,898,1209,1500,1560,1379
"ENSG00000143158",442,585,482,1353,1078,1084,1237,1542,1244,1064,1219
"ENSG00000143162",217,256,210,274,312,342,198,257,100,137,355
"ENSG00000143164",851,791.00001,902,307,265,281,261,510,570,483,574
"ENSG00000143167",10,20,12,45,17,18,48,20,48,12,55
"ENSG00000143171",1061,1039.00001,1459,1311,1449,1523,1157,4184,4066,3810,3990
"ENSG00000143178",22,21,11,84,87,84,164,68,75,71,66
"ENSG00000143179",155,176,126,1116,1030,958,1141,660,740,949,975
"ENSG00000143183",696.00001,711,737.00001,1951,1533,1564,1740,2584,2255,1922,2338
"ENSG00000143190",2447,1637,1757,902,863,814,980,820,690,863,835
"ENSG00000143194",34,204,37,22,18,22,24,45,34,32,53
"ENSG00000143195",1110.99999,721.99999,982,832,608,717,600,814,724,904,907
"ENSG00000143198",831,1112.99999,1152,2209,2389,2169,2170,3237,2874,2526,2532
"ENSG00000143207",1470.99999,1132.00001,2356,275,225,255,248,341,194,200,327
"ENSG00000143222",577,635.00001,597.99999,1373,1422,1241,1399,1889,1628,1358,1604
"ENSG00000143224",175.99999,216,193,544,573,649,626,819,730,914,930
"ENSG00000143228",185,270,235,489,342,359,407,412,392,333,293
"ENSG00000143248",82,111,50,591,307,355,526,552,753,588,866
"ENSG00000143252",264,367.99999,429.00001,1893,1858,1780,2004,3886,3672,2994,3598
"ENSG00000143256",508,616,520,1081,1292,1027,1199,1048,760,782,748
"ENSG00000143258",150,183,150.00001,638,717,608,771,847,800,833,819
"ENSG00000143294",324,359.00001,363,850,910,833,966,1044,1227,1229,1228
"ENSG00000143303",152,152,140,323,394,333,472,518,428,474,466
"ENSG00000143314",235,235.00001,223,534,650,567,593,1186,882,862,961
"ENSG00000143315",605,604,519,1137,976,1017,1069,1674,1501,1922,1651
"ENSG00000143318",40,14,7,83,88,88,117,121,108,81,101
"ENSG00000143319",325,232,277,532,481,535,580,835,776,872,750
"ENSG00000143320",2329,1289,2547,4497,4869,4348,5285,7524,6435,4804,6335
"ENSG00000143321",914.99999,1288.99999,1020,1299,1369,1135,1226,918,833,784,983
"ENSG00000143322",408.99999,466.00001,400,270,221,261,308,322,276,400,312
"ENSG00000143324",809,794,627,5519,4592,4843,5395,2213,3353,5137,4082
"ENSG00000143333",575,673,823,2430,2139,2416,2488,3148,2646,3547,2595
"ENSG00000143337",183,184.00001,259,670,589,666,812,1068,1137,1270,1267
"ENSG00000143340",17,27,22,95,96,192,75,97,150,68,144
"ENSG00000143341",65,53,39,94,95,135,170,76,48,152,103
"ENSG00000143344",268,166,217,290,296,336,364,497,625,1008,931
"ENSG00000143353",535.00002,573,579,440,323,372,373,940,698,605,692
"ENSG00000143355",172.99999,178.00001,300.99999,435,280,299,282,598,569,389,607
"ENSG00000143363",203.00001,235,273.00001,997,1005,946,1042,1457,1694,1557,1532
"ENSG00000143367",82,77,102,637,679,618,748,694,968,881,863
"ENSG00000143368",276,299,277,634,657,674,717,880,840,871,864
"ENSG00000143369",26,23,13,36,61,55,92,69,87,195,99
"ENSG00000143373",198,160,193,131,141,117,209,204,254,254,243
"ENSG00000143374",160,212,220,399,419,475,464,882,841,1022,882
"ENSG00000143375",229,217,255,709,595,626,668,912,1011,1625,1324
"ENSG00000143376",420.99999,417.00001,486,1397,1363,1451,1631,1762,1813,2464,2264
"ENSG00000143379",481.00002,654.99999,511.00001,592,767,610,747,760,744,1154,916
"ENSG00000143382",14,13,10,33,34,31,43,17,21,21,14
"ENSG00000143384",459,542.99999,502.00001,2472,1754,1994,2127,1366,1785,2290,2182
"ENSG00000143387",51.99999,34,73,67,76,81,90,103,136,102,108
"ENSG00000143390",181.00001,190.99999,185,818,843,822,925,932,1227,1423,1266
"ENSG00000143393",362,298,284,1410,1609,1383,1780,1779,2063,2695,2253
"ENSG00000143398",748.99999,894.99999,693,703,618,716,970,653,1191,1626,1295
"ENSG00000143401",1027.00001,1592.00001,1318.00001,3476,1985,2463,2679,2325,2763,2521,2448
"ENSG00000143409",142,61,93.00001,477,569,462,667,671,739,885,812
"ENSG00000143412",22,64,47,11,17,23,29,31,25,36,30
"ENSG00000143416",132,116.00001,139.00001,628,644,583,736,1222,1246,1409,1125
"ENSG00000143418",323,234.99999,217.99999,982,952,919,1062,1304,1107,1205,1264
"ENSG00000143420",1296.00001,1431,1415,2148,1947,2036,2201,2165,2392,2270,2219
"ENSG00000143434",232.00001,205,207,53,108,79,99,76,60,73,97
"ENSG00000143436",299,387,319,1263,1101,1048,1296,1129,1138,1019,969
"ENSG00000143437",671,702,530.00001,1658,1307,1492,2120,1403,1728,2012,1868
"ENSG00000143442",1583.00001,1751.00001,1647.99999,1634,1129,1299,1601,1474,1717,2346,2033
"ENSG00000143443",59,49,62,201,213,187,174,434,405,372,416
"ENSG00000143457",145,182,197,484,348,404,453,527,556,616,606
"ENSG00000143458",143,225,145,116,87,108,107,157,174,194,190
"ENSG00000143469",366,173.99999,162.99999,153,136,133,126,133,92,154,118
"ENSG00000143473",30,111,53,58,54,37,29,40,44,74,54
"ENSG00000143476",237,179,144,628,441,484,512,726,872,639,802
"ENSG00000143479",90,89,107,250,210,206,238,304,262,434,380
"ENSG00000143486",274.00001,350,283.00001,1222,1242,1082,1294,1166,1100,1015,1027
"ENSG00000143493",388,397,298,632,449,546,562,980,970,848,998
"ENSG00000143494",130.00001,146.00001,132,297,245,219,198,196,139,150,160
"ENSG00000143498",194.00001,136,184,143,70,118,124,121,185,144,132
"ENSG00000143499",249.00001,356.99999,263.99999,237,247,270,220,184,116,204,273
"ENSG00000143502",42,17.99999,19,251,193,214,222,126,117,267,185
"ENSG00000143507",138,123,131,571,493,482,501,853,1134,973,970
"ENSG00000143514",356,372,328,965,910,940,937,535,539,754,915
"ENSG00000143515",265,288,194.99999,200,242,200,245,153,148,175,222
"ENSG00000143537",121.99999,149.99999,185.00001,651,706,567,710,472,586,809,878
"ENSG00000143543",726,769,734.00001,2622,2775,2400,3012,3409,2526,2457,2931
"ENSG00000143545",470.99999,678,537,971,768,776,1170,1009,1092,1036,876
"ENSG00000143549",755.99999,826.99997,661.99998,2841,2353,2654,2900,3694,3393,3541,3366
"ENSG00000143553",379,409,375,1152,1294,1045,1220,2167,1737,1724,1843
"ENSG00000143554",52,54,44,133,154,183,137,132,102,133,182
"ENSG00000143569",1100.99999,1091.99999,1067,3781,3484,3454,4351,3381,4595,5063,4705
"ENSG00000143570",265.99999,219.99999,264.99999,1361,1556,1357,1890,1794,2439,2657,2346
"ENSG00000143575",500.99999,701.99999,648.99999,1992,2121,1777,2257,2767,2457,1956,2080
"ENSG00000143578",106.99999,223,112,321,295,303,317,483,434,409,394
"ENSG00000143590",108,201.99999,118,618,517,535,643,211,239,427,356
"ENSG00000143603",66,80,62,177,221,153,252,270,168,453,290
"ENSG00000143612",922,1171,1051,4849,4896,4501,5810,5108,4771,4625,4747
"ENSG00000143614",942,974,906,747,642,622,710,596,650,741,724
"ENSG00000143621",917.00001,1160.99999,1001.00001,5510,5634,4799,5639,8623,8278,6899,7951
"ENSG00000143622",211.00001,396,265,494,448,481,549,866,793,883,795
"ENSG00000143624",446,364.99999,360.99999,933,865,803,962,1087,1245,1446,1426
"ENSG00000143630",69,91,52,987,976,892,1117,674,732,854,759
"ENSG00000143632",37,27,9,1015,1926,1765,2425,438,347,678,824
"ENSG00000143633",135,187,159.00001,220,201,194,166,265,162,160,176
"ENSG00000143641",567,480,400,2229,1990,2091,2200,1806,2228,2979,2956
"ENSG00000143643",110,150,108,235,208,237,208,99,92,192,296
"ENSG00000143653",551,667,669,2539,2027,2106,2448,2724,2712,2279,2850
"ENSG00000143669",599,760.99998,651,446,318,413,389,477,489,731,589
"ENSG00000143674",8,13,18,24,5,28,33,24,22,11,17
"ENSG00000143702",977.00001,1090.00001,1036.00001,3068,2357,2746,2956,2419,2560,3277,3047
"ENSG00000143727",1019.00001,1350,1066.00001,4939,4098,4100,4479,4945,4485,3611,4247
"ENSG00000143740",304.99999,265,309.99999,1051,1310,1137,1486,1457,1637,1704,1612
"ENSG00000143742",1426,1943.99999,1941.00001,14259,8761,10605,10083,12940,13298,8391,10633
"ENSG00000143748",459.00001,604.99999,578.99999,509,415,491,406,761,703,619,672
"ENSG00000143751",103,147,128,693,478,567,769,437,636,797,636
"ENSG00000143753",326,353,310,977,849,914,1062,1652,1412,1662,1634
"ENSG00000143756",209,234,244,325,281,334,326,607,597,660,589
"ENSG00000143761",1301,1624.00001,1364,20648,19855,17952,24240,13298,12831,12660,12423
"ENSG00000143768",33,46,14,156,185,170,212,284,414,914,549
"ENSG00000143771",474,576,579,1118,943,1089,1084,1489,1599,1366,1410
"ENSG00000143772",70,55,77,132,181,146,198,152,146,221,173
"ENSG00000143774",1369.00001,1697.99998,1528,6158,7826,5897,6809,7780,5217,5789,7065
"ENSG00000143776",1956,1976.99999,2295.00001,456,424,427,357,437,354,489,537
"ENSG00000143786",75,53,70,66,92,51,73,98,80,117,114
"ENSG00000143793",254,373.99999,328,313,378,363,389,475,380,462,560
"ENSG00000143797",662,920,829,1441,991,1119,1153,840,712,894,1103
"ENSG00000143799",1080.99999,1357.00001,1167.99999,6383,5724,5532,6169,6599,6998,7540,7347
"ENSG00000143801",153,188,141,327,321,338,317,566,478,577,662
"ENSG00000143811",301,358,293.00001,342,421,391,481,707,937,949,795
"ENSG00000143815",413,625,592,1611,1055,1272,1305,1513,1727,1624,1611
"ENSG00000143819",115,146,106,83,95,81,124,127,114,127,142
"ENSG00000143842",26,36,39,43,65,85,63,38,25,46,55
"ENSG00000143845",56,56,67,567,681,590,719,338,309,512,575
"ENSG00000143847",898,709,1223.00001,296,278,403,366,297,196,311,321
"ENSG00000143850",564,758,837,1011,1107,1170,1487,577,886,1183,865
"ENSG00000143858",43,38,82,14,12,16,21,28,20,44,27
"ENSG00000143862",313,303,449,89,92,79,83,68,41,65,88
"ENSG00000143870",951.99999,1297.99999,1046.99999,7008,6754,6225,7843,5837,5759,7257,6711
"ENSG00000143878",198,84,231,258,344,314,231,220,149,143,192
"ENSG00000143882",231,161,313,196,188,175,203,374,266,149,406
"ENSG00000143889",739.00001,1203.99999,692,1173,916,1073,953,701,661,616,1019
"ENSG00000143891",146,142,122,482,518,474,595,849,869,542,741
"ENSG00000143919",275.99999,276,303.00001,333,237,270,298,531,496,410,450
"ENSG00000143924",755.99999,757.00002,771,1670,1214,1484,1439,1903,2371,2484,2320
"ENSG00000143933",4674.99999,5580,5120.99999,38748,32339,33824,32401,45570,36124,25611,33707
"ENSG00000143942",47,50,59,27,18,20,18,64,43,36,58
"ENSG00000143947",1166,1441,1273,13065,13448,11203,13206,14310,14533,7417,11652
"ENSG00000143951",211.99999,416,250,296,273,270,276,430,356,473,455
"ENSG00000143952",927,943,772,234,139,191,189,262,187,176,246
"ENSG00000143970",371,380,376,152,139,153,146,191,205,243,269
"ENSG00000143971",208.99999,199.99999,230,259,145,202,207,364,373,423,399
"ENSG00000143977",1298,1647,1609,3043,3005,2576,2358,7140,6536,2781,4622
"ENSG00000143995",2716,4299.99999,3789.99999,3439,2642,3038,3046,3775,5196,4978,5019
"ENSG00000144021",472,568,508,2085,2090,2092,2366,3222,3273,3629,3461
"ENSG00000144026",200,178.99999,189,246,200,300,227,332,309,314,367
"ENSG00000144028",1083,1210,1214,11502,10888,10933,13549,8072,11739,12865,12093
"ENSG00000144029",788,906,875.99999,2107,1880,1916,2507,1415,1310,1564,1308
"ENSG00000144031",48.00001,71.99999,52,53,47,58,35,56,41,54,50
"ENSG00000144034",352,398.00001,388.00001,380,268,314,291,531,388,289,389
"ENSG00000144036",553,867,779,883,815,773,971,1075,1567,1738,1592
"ENSG00000144040",289,215.99999,255,208,273,236,300,272,435,765,511
"ENSG00000144043",271.00001,242.00001,215,609,694,664,562,792,727,960,1247
"ENSG00000144048",207,314,298.99999,369,338,373,409,621,699,636,689
"ENSG00000144057",122,53,28,194,167,215,162,159,101,218,219
"ENSG00000144061",249,233.99999,144.00001,124,92,109,100,290,273,222,202
"ENSG00000144118",116,163,166.00001,983,758,889,1029,852,925,829,873
"ENSG00000144120",115,116,166.99999,253,281,309,261,733,714,814,651
"ENSG00000144134",194.00001,153.99999,169.99999,487,555,506,602,549,693,668,679
"ENSG00000144136",347.00001,465,441,1816,1528,1556,1965,1687,2373,2957,2464
"ENSG00000144152",130,109,167,48,32,42,55,46,20,42,39
"ENSG00000144161",260,350.00001,309,300,224,232,231,300,218,210,275
"ENSG00000144182",107.99999,92,68.00001,97,52,98,74,123,146,175,141
"ENSG00000144191",70,52,58,81,95,121,67,187,182,271,297
"ENSG00000144199",77,118,106,356,566,477,435,604,494,517,456
"ENSG00000144214",89,83,114,34,31,43,43,89,68,25,82
"ENSG00000144218",315.99998,510.00001,267,255,248,293,230,171,165,199,168
"ENSG00000144224",1463.99999,1623.00001,1741,2512,2032,2208,2512,4735,4386,3922,4210
"ENSG00000144228",146,312,181,214,124,168,245,134,177,183,117
"ENSG00000144229",59,88,78,353,164,403,335,270,307,774,401
"ENSG00000144231",379.00001,419.99999,404,831,810,882,940,895,1023,1024,1166
"ENSG00000144233",167,105,143.99999,210,228,206,212,223,244,312,278
"ENSG00000144278",410,412,538,179,105,136,91,232,219,228,263
"ENSG00000144283",1514.99999,2120.00001,2082,1035,950,812,1181,952,887,996,1090
"ENSG00000144285",42.99999,130.00001,11.99997,151,139,136,147,39,37,111,100
"ENSG00000144290",53,114.99999,35,97,77,103,140,52,36,132,74
"ENSG00000144306",251.00001,297.00001,362.00001,374,330,364,344,535,532,497,531
"ENSG00000144320",908,1661,1365.00001,1974,1282,1614,1749,1312,1562,1515,1374
"ENSG00000144331",347.00001,116,126,36,28,32,40,133,98,188,230
"ENSG00000144339",64,32,28,442,543,439,657,615,625,500,584
"ENSG00000144354",163.99999,248.99999,299.00001,784,568,646,530,863,843,492,747
"ENSG00000144355",30,48,29.99999,123,236,137,171,60,72,109,96
"ENSG00000144357",862,1170.99999,1150,362,278,299,251,361,317,291,407
"ENSG00000144362",192.99999,562,506,121,71,63,60,204,200,86,126
"ENSG00000144366",593.00001,593,635.99999,670,462,431,548,653,794,450,656
"ENSG00000144369",327,432,383,1320,916,1048,1085,695,849,888,968
"ENSG00000144381",2615,3405.00001,2591.99999,8356,6903,6815,7524,8222,7853,7026,7622
"ENSG00000144395",91.00001,181.00001,101.99998,65,63,42,57,52,45,52,37
"ENSG00000144401",217.00001,213,385,601,420,485,544,441,448,428,467
"ENSG00000144406",510,342,465,141,105,103,116,153,123,280,220
"ENSG00000144407",13,19,59,6,22,14,9,45,46,38,39
"ENSG00000144426",843.99998,759.99999,782.00002,301,261,294,342,339,268,391,397
"ENSG00000144445",548.99999,533,597,150,101,111,102,203,137,161,147
"ENSG00000144451",493,625.99999,653,1124,829,969,1105,1008,953,912,757
"ENSG00000144455",363,162,314,391,422,307,407,687,755,855,829
"ENSG00000144460",104,75,53,179,129,215,161,151,141,228,199
"ENSG00000144468",156,125.99999,159,411,311,428,445,419,427,510,466
"ENSG00000144476",370,372,283,1067,1052,1000,1495,2212,2536,2088,2342
"ENSG00000144485",2221,2958,3363.99999,3001,3875,3438,1962,1521,1106,1301,3021
"ENSG00000144504",103,130.00001,207.99999,87,91,77,65,107,118,199,149
"ENSG00000144524",242,276.00001,223.99999,788,798,778,803,842,802,897,781
"ENSG00000144535",441,427,505.99999,746,840,800,756,850,824,900,866
"ENSG00000144550",51,31,17,143,136,161,85,19,28,28,56
"ENSG00000144554",177.99999,382.00001,305.99999,518,509,422,389,446,577,596,499
"ENSG00000144559",342,310.99999,304,351,274,316,335,384,417,413,357
"ENSG00000144560",1081,1001,883,2363,2062,2029,2657,2287,2791,3309,2898
"ENSG00000144566",427,509,449.99999,1683,1207,1416,1506,1400,1710,1745,1693
"ENSG00000144567",321.00001,460,396.00001,794,1028,885,801,690,531,621,800
"ENSG00000144579",218,252.00001,209,75,80,61,78,203,225,205,255
"ENSG00000144580",353.00001,427,416,914,900,930,927,1338,1341,1136,1173
"ENSG00000144583",23,21,9,72,94,101,69,47,66,79,76
"ENSG00000144589",115,158,143.99999,395,423,445,471,513,635,593,629
"ENSG00000144591",123,110,116,432,435,404,429,785,734,789,754
"ENSG00000144596",33,29,13,141,203,147,165,45,22,73,46
"ENSG00000144597",166,179,145,938,693,774,885,667,698,754,631
"ENSG00000144619",327,576,234.99999,1109,836,1127,996,1035,1205,1192,1320
"ENSG00000144635",532,675,479,1241,973,1052,1092,1232,1172,1193,1134
"ENSG00000144642",126,157.00001,86.00001,553,712,662,573,370,495,451,539
"ENSG00000144645",62,44,39,91,69,100,84,115,67,118,138
"ENSG00000144647",117.99999,128.99999,107.99999,535,844,704,591,409,286,537,791
"ENSG00000144649",7,16,27,715,530,631,481,1032,396,845,870
"ENSG00000144655",22,23,32,235,227,184,188,85,97,238,236
"ENSG00000144659",164,221,199,898,890,748,1038,1025,1084,956,1052
"ENSG00000144668",73,57,37,48,40,63,24,72,62,89,97
"ENSG00000144674",2404,3139.00001,3079,1369,1402,1445,1932,1544,1492,1852,1830
"ENSG00000144677",170,413,225,139,134,160,142,191,191,171,165
"ENSG00000144681",92,28,7,153,199,178,248,65,103,151,126
"ENSG00000144711",1370,1103.00001,1234.99999,1119,1283,1397,1126,1534,1566,2008,1941
"ENSG00000144712",92,109,91,320,390,325,399,431,396,602,631
"ENSG00000144713",11684,17636,13850,10949,13221,9555,11640,12654,8994,5413,7979
"ENSG00000144724",680,634,637,2195,1397,1811,1841,1624,1799,2201,1559
"ENSG00000144730",598,561,371,561,447,468,543,332,526,866,615
"ENSG00000144736",168,147,189,146,164,177,113,342,328,286,389
"ENSG00000144741",713.00001,581.00001,471.99999,459,512,466,502,565,484,521,452
"ENSG00000144744",556,905,697.99999,833,591,771,645,1762,1940,1752,1640
"ENSG00000144746",847,1038,825,5044,4493,4188,4972,4120,3997,4132,3872
"ENSG00000144747",553,651,494,795,590,747,855,967,1033,1174,1137
"ENSG00000144749",128,357,194.00001,365,440,366,404,284,242,425,383
"ENSG00000144771",29,12,23,15,12,12,14,36,38,14,35
"ENSG00000144791",314,216.00001,231,494,400,458,465,314,237,506,557
"ENSG00000144792",468,294,362,170,123,113,118,353,329,252,363
"ENSG00000144802",28,42,37,26,26,22,21,11,33,66,54
"ENSG00000144810",666,408.99999,707,906,884,989,1107,787,1043,1951,1521
"ENSG00000144815",495.00001,359.00001,289,548,413,462,713,312,514,820,612
"ENSG00000144821",76,53,51,56,31,34,27,110,98,126,132
"ENSG00000144824",247.99999,230.99999,241,219,183,235,153,204,218,309,211
"ENSG00000144827",333,429,422,1459,1133,1181,1500,1807,1935,1759,1717
"ENSG00000144834",578,780,716,3020,3177,2967,2739,2977,2181,1980,2013
"ENSG00000144840",217,200,179.99999,678,490,711,686,919,1057,1052,1063
"ENSG00000144847",261,269.99999,199,246,144,209,254,233,287,431,289
"ENSG00000144848",286,472.00001,430,849,658,716,680,970,754,969,1025
"ENSG00000144857",398.99999,440,277,1823,1741,1620,2269,1023,1074,1799,1787
"ENSG00000144867",258,621,1014,683,778,699,919,1240,1007,1154,1011
"ENSG00000144868",651,545,415,704,614,624,746,819,981,928,833
"ENSG00000144893",685,446,344.00001,606,438,507,593,436,489,583,601
"ENSG00000144895",540,815.00001,543.00001,1527,1189,1256,1551,1356,1242,1130,1191
"ENSG00000144908",11,8.00002,15,56,97,69,113,85,95,200,81
"ENSG00000144909",127,160,152,313,271,265,308,300,312,432,319
"ENSG00000144935",862,978,861.00001,162,84,127,138,132,158,197,142
"ENSG00000144959",46,37,22,564,489,382,683,646,998,854,916
"ENSG00000145012",740.99999,607.00001,660,935,622,740,841,711,625,868,901
"ENSG00000145014",190.00001,184.00001,184,75,77,78,90,107,67,59,78
"ENSG00000145016",161.00001,225,206.99999,724,985,827,998,944,915,1424,1346
"ENSG00000145020",129.00001,150.00001,169.00001,528,435,433,556,728,670,750,703
"ENSG00000145022",108,87,82,346,372,334,345,735,657,641,700
"ENSG00000145029",45,52,68,490,394,442,573,539,574,683,697
"ENSG00000145041",284.00001,277,209,697,748,770,927,1195,1268,1335,1365
"ENSG00000145050",383.99999,406.00001,401,737,750,658,540,739,727,683,700
"ENSG00000145087",766,699,1416.99999,166,129,195,174,276,301,408,402
"ENSG00000145088",52,107,68,50,41,68,55,162,86,58,83
"ENSG00000145147",1013.99999,954.99999,424,730,958,859,826,878,898,1414,1410
"ENSG00000145191",166.99999,216.99999,217.00002,1096,992,965,1092,1182,1151,1395,1278
"ENSG00000145214",66,89,64,77,120,95,106,114,93,112,121
"ENSG00000145216",1995.99999,2109,1513.00003,2396,1976,1940,2423,2068,2448,2255,2319
"ENSG00000145217",17,20,10,12,18,13,17,31,12,26,24
"ENSG00000145220",125,179,146,80,39,65,48,110,81,108,94
"ENSG00000145241",317,460,399.00001,461,334,433,552,497,519,526,445
"ENSG00000145242",1188,2041,1987,937,723,955,951,553,491,850,690
"ENSG00000145246",132,172,131,423,212,335,382,487,543,704,590
"ENSG00000145247",611,547.00001,544,1349,1413,1142,1277,1704,1324,926,1311
"ENSG00000145284",425,434,501,3040,2678,2573,3521,2273,2748,3570,3432
"ENSG00000145293",343,434,343,1716,1284,1414,1756,1689,1495,1863,1892
"ENSG00000145331",117.00001,158.99999,112.99999,179,133,133,154,200,173,173,196
"ENSG00000145332",662,452,595.00001,753,544,753,789,1395,1302,1851,1468
"ENSG00000145335",526,573.99999,671.00001,1668,1876,1823,1900,2315,2093,1665,2208
"ENSG00000145337",687,714,720,3724,2676,2806,3217,3132,2750,2831,3363
"ENSG00000145348",1274.00001,1756,872,748,587,708,647,1252,1150,1309,1299
"ENSG00000145349",1667,3590.00001,1610.99999,1250,961,1130,1032,1081,1137,1198,1301
"ENSG00000145354",508,634,581,1397,885,1116,1157,1290,1213,1093,1152
"ENSG00000145358",46,29,26,136,114,82,184,178,216,175,196
"ENSG00000145362",7408.00003,6980,2948.99999,4267,4007,4150,4181,3202,2978,5337,4665
"ENSG00000145365",62,106,59,309,210,293,298,287,335,321,273
"ENSG00000145375",291,259,200.99999,227,141,167,187,203,283,220,232
"ENSG00000145386",229,368,288,2590,1949,1899,2434,1292,1586,1381,1282
"ENSG00000145388",340.00001,409,391,370,267,357,430,574,534,643,567
"ENSG00000145390",330.99999,415,499,262,187,264,328,427,494,508,504
"ENSG00000145391",244,178,210,489,415,559,545,681,858,1159,852
"ENSG00000145414",127.00001,244.99999,222,133,133,77,128,69,57,62,55
"ENSG00000145416",398,149.00001,234,347,308,254,321,489,479,637,474
"ENSG00000145423",4412,4635,3625,6674,5076,5926,4939,10948,12269,5944,14659
"ENSG00000145425",1156.99999,1845,1698,48689,56907,39025,48148,59128,54088,21167,40229
"ENSG00000145428",370,976,348.99999,387,294,363,334,346,265,221,343
"ENSG00000145431",75,96,105,142,123,128,131,87,76,145,99
"ENSG00000145439",549.99999,583.99999,731,635,447,546,544,686,628,653,660
"ENSG00000145476",178,113,128,200,138,191,120,248,259,305,280
"ENSG00000145491",52,54,79,35,36,26,21,39,44,55,23
"ENSG00000145494",807,1063,912,1163,1212,1121,1231,1346,1076,1087,1055
"ENSG00000145495",1538,1893,1574.00001,5249,3963,4261,4905,3473,3650,4052,3766
"ENSG00000145506",41,58,37,38,54,48,42,39,23,21,25
"ENSG00000145526",39,74,16,101,134,114,146,104,81,190,120
"ENSG00000145536",30,84,25,89,104,135,111,28,33,100,85
"ENSG00000145545",247,216,248,752,843,761,874,502,435,552,585
"ENSG00000145555",1357,1212.99999,1595.00001,689,806,835,898,1496,1732,2806,2200
"ENSG00000145569",42,43,45,154,136,123,140,165,136,147,234
"ENSG00000145592",9792.00001,13269,12629,8277,9116,7420,8615,7473,5908,4452,5365
"ENSG00000145604",340,522.99998,323.99999,1253,1049,984,1187,1195,1273,827,1179
"ENSG00000145632",385,255.99999,220.99999,1446,1498,1320,1837,1645,2125,1677,2114
"ENSG00000145675",2176.99999,1909.99999,1952.99999,1823,1466,1682,1929,2586,3100,4419,4218
"ENSG00000145685",206,160,187.00001,298,285,320,458,532,651,994,785
"ENSG00000145687",3682.00001,4235,3302.00001,4985,3993,4386,5051,5574,6112,5495,5415
"ENSG00000145692",1076,145,216,204,22,897,54,1375,100,17,903
"ENSG00000145703",521,326,226,345,403,310,274,318,323,374,721
"ENSG00000145715",1124,1142.99999,1308,475,324,485,492,621,797,666,764
"ENSG00000145721",39,39,32,329,310,306,440,301,327,550,425
"ENSG00000145723",96,111,102,202,165,184,195,256,304,299,278
"ENSG00000145725",1178.99999,1412.99999,1121,1265,917,1066,1036,1208,1585,1362,1489
"ENSG00000145730",3181,4038,2403,2342,2067,1993,1919,1060,879,2414,2931
"ENSG00000145734",1009,1181,1121,577,408,556,566,616,496,760,741
"ENSG00000145736",108,126,129,311,213,266,204,422,424,367,373
"ENSG00000145740",283,302,244.00001,647,511,598,688,648,666,878,934
"ENSG00000145741",2791.00002,3452.00001,3387,7301,6318,5935,7057,6331,5090,4156,4575
"ENSG00000145743",408,705,466,67,53,66,76,126,136,92,122
"ENSG00000145779",52,81,58,129,77,77,128,142,188,101,154
"ENSG00000145780",172,165,177,700,436,634,689,647,948,1042,875
"ENSG00000145781",229,626.00001,460,973,646,663,789,1198,1289,723,1096
"ENSG00000145782",515.00001,563,512,1699,1158,1319,1583,1294,1391,1241,1167
"ENSG00000145794",224,205,134,543,619,603,798,302,467,1249,613
"ENSG00000145808",96,61,109,22,16,25,17,58,23,25,31
"ENSG00000145817",370,405,348,870,804,859,1000,1150,966,1065,917
"ENSG00000145819",237,227,222,200,149,152,160,272,161,304,265
"ENSG00000145824",136,137,196,265,188,212,268,408,384,201,610
"ENSG00000145833",1174,1173,1262,761,718,675,718,1170,900,885,934
"ENSG00000145860",1057,893,1549,647,439,623,500,520,793,767,952
"ENSG00000145864",29,79,51,155,123,114,137,72,66,126,96
"ENSG00000145868",269,309,270,590,647,653,876,1016,1409,1228,1219
"ENSG00000145882",79,98,61,175,274,166,138,133,110,210,322
"ENSG00000145888",51,32,27.00001,14,18,19,25,2,0,11,2
"ENSG00000145901",689.99999,715.00001,650,249,284,316,326,305,433,463,444
"ENSG00000145907",893.99998,1028,1031.99999,2419,1763,2248,2378,3333,3836,3375,3653
"ENSG00000145911",71,122,87,171,239,258,222,112,109,131,158
"ENSG00000145912",833,1036,914,3359,3793,3143,3396,4312,3396,2678,3252
"ENSG00000145916",321,362,346,829,923,904,1042,1127,1169,1355,1435
"ENSG00000145919",402.99999,505.99999,461,1796,1913,1597,1664,870,683,824,1277
"ENSG00000145920",278,298,369,1702,1730,1843,1392,1394,1822,1754,1565
"ENSG00000145934",357,206,242,389,489,430,460,352,496,708,669
"ENSG00000145979",220,281.00001,221.99999,987,993,891,1071,1172,997,809,1003
"ENSG00000145982",213,182,171.99999,407,361,327,416,489,515,502,515
"ENSG00000145990",15,13,12,129,163,123,145,60,45,90,90
"ENSG00000145996",324,628,234,611,382,490,553,460,604,618,615
"ENSG00000146005",59,72,68,150,193,243,199,130,133,201,272
"ENSG00000146006",59,102,93,229,182,205,210,200,163,296,213
"ENSG00000146007",220,326,546,843,886,829,959,858,947,995,925
"ENSG00000146021",215,340,309,318,311,394,584,377,479,583,431
"ENSG00000146054",15,20,18,20,13,17,17,10,6,15,18
"ENSG00000146063",135,143,126.99999,61,56,61,50,56,68,65,62
"ENSG00000146066",552,704,606,1196,1367,1159,1351,1419,1090,982,1077
"ENSG00000146067",465.00001,370.00001,342.99999,271,322,293,280,256,259,257,230
"ENSG00000146072",56,51,56,1162,1621,1224,1682,764,661,1587,1274
"ENSG00000146083",475.99999,474.99999,405,227,211,282,199,203,165,159,142
"ENSG00000146085",238,339,329,1014,842,958,1013,1222,1417,1385,1402
"ENSG00000146090",47,94.00001,72,26,16,22,24,19,16,19,28
"ENSG00000146094",21,12,12,12,10,12,9,25,21,23,31
"ENSG00000146109",136,190,194,833,962,915,1071,1517,1147,1269,1367
"ENSG00000146112",339,411.00001,309.00001,362,357,308,325,221,175,150,173
"ENSG00000146122",80.00001,52.00001,116,140,180,177,193,128,172,304,220
"ENSG00000146143",294.00001,192,274,145,188,121,132,198,233,173,149
"ENSG00000146151",62,148,83,173,155,161,157,113,65,94,103
"ENSG00000146197",225,219,222,284,265,303,335,355,274,297,307
"ENSG00000146205",90,68,99,34,44,39,57,52,75,85,65
"ENSG00000146216",56.00001,50,26,30,25,33,26,25,8,16,6
"ENSG00000146221",36,11,13,25,32,54,30,30,83,83,88
"ENSG00000146223",719,697.00001,720,1515,1466,1578,1715,2456,2077,2359,2238
"ENSG00000146232",55,46,43,160,156,167,208,125,69,221,260
"ENSG00000146233",74,49,80,114,87,110,91,166,172,116,157
"ENSG00000146242",219,192,236,590,827,857,593,331,249,446,947
"ENSG00000146243",197,272,341,212,172,181,159,295,395,254,383
"ENSG00000146247",2967.00001,3008.99999,2716,3266,2617,2637,3115,3809,3468,4141,3820
"ENSG00000146250",353,406,484,1983,1460,1658,2146,2883,3432,2821,3007
"ENSG00000146263",399,663,425.99999,390,177,301,262,384,349,289,336
"ENSG00000146267",137,153,103,273,256,243,218,267,194,164,255
"ENSG00000146278",1034,1018.00001,1227,522,480,570,502,468,402,452,546
"ENSG00000146281",298,418,244,499,321,435,394,362,275,430,647
"ENSG00000146282",866,912.99996,973.00001,1995,1488,1694,1768,1899,1782,1644,1803
"ENSG00000146350",478.99999,460,555.00001,80,84,82,89,228,186,158,236
"ENSG00000146352",101,237,138,461,250,377,348,188,201,251,221
"ENSG00000146373",249,313,248.99999,93,54,65,64,88,103,95,90
"ENSG00000146376",215,250,312,204,142,213,245,639,582,459,565
"ENSG00000146386",150,314,224,394,306,299,295,443,389,305,355
"ENSG00000146409",89,148,118,472,414,382,447,546,567,657,595
"ENSG00000146410",42,26,19,18,21,24,26,26,29,33,47
"ENSG00000146411",57,59,51,344,202,279,385,445,518,684,533
"ENSG00000146414",677,685,885.00001,823,581,616,597,932,850,838,961
"ENSG00000146416",395,383,399,908,818,805,846,1206,1153,1038,1223
"ENSG00000146425",959,1161,982,4260,4534,3749,3687,6749,5379,3735,4922
"ENSG00000146426",655.00001,403,638.00001,173,109,176,140,278,354,425,402
"ENSG00000146433",347,365,241,251,211,268,188,376,328,482,415
"ENSG00000146457",908.99999,1017,996.99998,1422,1290,1373,1156,1660,1506,1254,1592
"ENSG00000146463",639,703,703,1658,1585,1516,1500,1860,1639,1807,2280
"ENSG00000146476",177,207,228,353,244,316,359,386,402,441,395
"ENSG00000146535",254,243,171,188,224,215,231,364,284,351,350
"ENSG00000146540",530,475,516,1538,1662,1545,1888,2292,2057,2689,2535
"ENSG00000146555",554,684,147,433,417,466,359,191,232,387,359
"ENSG00000146574",161,110,91,986,788,932,852,1432,1031,1183,1395
"ENSG00000146576",142,157,126,59,79,75,62,69,72,56,90
"ENSG00000146587",156,125,133,194,121,166,169,196,180,257,283
"ENSG00000146592",525,494,557,846,784,899,1047,745,658,1648,908
"ENSG00000146648",903.00001,606,484,940,925,833,904,1119,1378,1083,1664
"ENSG00000146670",84,130,112,593,712,577,655,573,797,790,647
"ENSG00000146674",11,30,10,45,30,35,23,23,37,17,19
"ENSG00000146676",261,322,300,313,211,215,233,195,125,182,186
"ENSG00000146700",25,14,21,67,104,95,91,47,55,56,120
"ENSG00000146701",788,1015,813,5877,6192,5587,7043,4942,4746,5090,4982
"ENSG00000146707",56,44,62,180,175,145,121,102,70,98,143
"ENSG00000146729",1032,782.00001,1170.00001,2131,1509,1520,1538,1007,775,1176,1789
"ENSG00000146731",1583.99998,1747,1422,4274,3685,3591,4091,4483,4076,3960,4160
"ENSG00000146733",274,228,204,1019,970,864,997,1300,1306,851,1157
"ENSG00000146757",152.99999,174,200.99999,287,170,236,301,351,346,337,352
"ENSG00000146776",283.99999,281.99999,207.99999,116,110,121,160,126,136,148,169
"ENSG00000146802",269,249,290,445,324,365,379,512,630,575,643
"ENSG00000146826",40.99999,59.99999,24.00001,42,53,48,33,50,32,34,54
"ENSG00000146828",80,80.99999,64,79,113,78,95,90,116,142,150
"ENSG00000146830",361,360,398,110,177,152,100,192,152,203,183
"ENSG00000146834",110,98,105,123,155,91,104,232,148,185,189
"ENSG00000146842",391,323,411,638,601,571,582,825,1118,1156,1031
"ENSG00000146856",131,159,250,58,36,41,38,76,79,60,69
"ENSG00000146858",87,58,147,67,40,50,40,36,35,49,57
"ENSG00000146872",988.00001,649.99999,840.99999,348,242,305,325,417,286,380,334
"ENSG00000146909",120,152,140,152,181,186,193,218,151,316,256
"ENSG00000146918",245.00001,277.00001,325.99999,641,499,611,655,492,841,863,699
"ENSG00000146938",240.99999,364.99999,254.99999,870,970,993,1221,929,1253,1776,1459
"ENSG00000146950",312.99999,139,167,687,787,685,790,717,661,969,804
"ENSG00000146963",1202,1559,1348,2926,2035,2250,2586,2237,2404,2159,2145
"ENSG00000146966",696,641,745,190,202,195,180,285,217,384,242
"ENSG00000147003",52,45,79,49,48,46,36,81,59,77,75
"ENSG00000147010",582,263.00002,430,366,456,407,406,174,114,204,353
"ENSG00000147027",134,299,109,2437,1844,2184,1695,660,569,997,1748
"ENSG00000147044",1568.99999,2517,1034,1464,1332,1272,1247,1156,1007,1012,1021
"ENSG00000147050",2641,1192.00001,1711.99999,844,542,657,716,701,682,1243,1198
"ENSG00000147059",40,23,22,58,28,43,36,35,26,35,32
"ENSG00000147065",484,510,436,10164,8050,8285,10195,6900,9036,9134,8788
"ENSG00000147082",26,10,18,48,54,50,57,111,110,116,111
"ENSG00000147099",632.00002,661.00001,475,863,774,699,723,983,960,944,1052
"ENSG00000147100",343,913,956,2165,1972,1721,2252,1673,2193,2337,2376
"ENSG00000147118",76,97,97,288,194,230,210,243,292,295,254
"ENSG00000147119",27,34,28,134,279,254,152,113,76,138,290
"ENSG00000147121",151.99999,153,162,305,243,246,327,571,545,478,604
"ENSG00000147123",926.00001,1132,1006,2724,3054,2392,3009,3421,2614,2434,2607
"ENSG00000147124",62,90.00001,87,157,103,156,173,377,402,413,400
"ENSG00000147130",402,408,344,721,824,868,885,816,578,702,702
"ENSG00000147133",517.99999,483.99999,393,341,287,303,412,290,457,499,527
"ENSG00000147140",2502.99998,3247.99998,3032.99998,12115,10594,10607,12237,10932,11813,11993,11485
"ENSG00000147144",102.99999,120,96,115,124,188,149,89,69,151,114
"ENSG00000147145",71,94,68.99999,65,50,40,45,58,58,81,73
"ENSG00000147155",173,246.99999,169,1417,1693,1402,1679,1314,1148,1055,1045
"ENSG00000147162",814.00001,805.99999,822,2645,2226,2217,2472,2548,2324,2601,2477
"ENSG00000147164",244,331.00001,300,228,137,164,193,188,146,176,143
"ENSG00000147180",696,459.99999,412,617,443,519,473,473,397,569,706
"ENSG00000147202",249,395,288,879,658,703,825,523,583,572,704
"ENSG00000147224",220,402,392.99999,1186,1230,1102,1318,1220,1367,1164,1221
"ENSG00000147231",70.00001,134,282,728,532,512,581,751,839,660,682
"ENSG00000147234",36,54,54,47,45,57,37,37,22,37,24
"ENSG00000147246",18,208,214,41,32,30,64,37,30,58,40
"ENSG00000147251",133,128,267,141,97,131,111,107,124,140,175
"ENSG00000147255",15,75.00001,140,561,631,454,700,484,581,563,564
"ENSG00000147257",87,163,236,3610,4747,3677,5203,2095,2155,4269,2565
"ENSG00000147274",1704,2151.00001,2438,11516,10147,9453,10477,13015,11888,9235,10633
"ENSG00000147316",347,410.00001,335.00001,652,481,472,578,746,715,767,710
"ENSG00000147324",208,168.99999,226,175,111,222,163,282,229,240,294
"ENSG00000147364",209,214.99999,184,373,369,306,402,508,510,604,537
"ENSG00000147383",120,148,105,475,586,500,563,540,541,564,530
"ENSG00000147394",38,88,46,71,48,50,124,64,66,58,71
"ENSG00000147400",419,529,481,1519,1380,1346,1399,1876,1458,1168,1420
"ENSG00000147403",1352,1007.99998,947,23040,25382,20560,24450,20244,16332,12191,14615
"ENSG00000147408",53,83,16,31,59,48,47,35,26,82,48
"ENSG00000147416",566,616,557,2918,2635,2687,3408,3957,5077,5441,4944
"ENSG00000147419",413.99999,563.99999,478.00001,1009,832,971,1012,1039,994,923,999
"ENSG00000147421",769,643,497.00001,485,421,461,514,507,488,749,653
"ENSG00000147432",62,81,42,240,138,251,138,74,34,45,34
"ENSG00000147434",21,27,12,38,52,67,49,67,20,63,56
"ENSG00000147437",28,25,21,23,27,19,38,16,13,7,8
"ENSG00000147439",136,172.99999,141.00001,263,315,327,328,533,460,608,494
"ENSG00000147454",182.00001,299.00001,226.99999,576,565,590,686,560,488,624,604
"ENSG00000147457",215,248,219,623,779,657,747,858,1139,1419,1135
"ENSG00000147459",122,51,61,43,13,21,22,28,29,43,59
"ENSG00000147465",16,44,36,56,50,67,83,40,45,65,30
"ENSG00000147471",292,291,254.99999,918,935,787,1095,1332,1225,1238,1223
"ENSG00000147475",233,231.99999,235,151,151,130,167,255,247,220,181
"ENSG00000147481",132,38,117,26,25,30,36,16,20,37,19
"ENSG00000147488",519,428.00001,352,216,194,223,222,288,281,373,298
"ENSG00000147509",541.99999,318,238,329,213,214,270,601,512,451,508
"ENSG00000147526",329.00001,198.00002,267.99999,400,384,426,456,510,510,891,833
"ENSG00000147533",473,570,435,2342,1685,1945,2268,2555,2380,1978,2171
"ENSG00000147535",229.99999,219,216,699,654,620,749,735,675,722,719
"ENSG00000147536",113.99999,99,103,144,129,119,95,163,194,151,144
"ENSG00000147548",1265.99999,1395,1387.00001,3024,2630,2846,2831,1675,1277,2160,2380
"ENSG00000147576",177.00001,216,145,299,229,206,196,452,431,423,412
"ENSG00000147586",854.00001,445,538.00001,307,333,339,330,675,548,475,553
"ENSG00000147592",150,171,124,108,128,125,95,306,204,145,197
"ENSG00000147601",421,461.00002,447.99999,860,642,693,633,822,631,620,728
"ENSG00000147604",530,718,754,39618,39637,34006,40581,36985,32857,23612,29676
"ENSG00000147606",625,228,200,248,238,161,271,450,518,507,472
"ENSG00000147614",20,24,19,13,12,15,13,32,60,68,47
"ENSG00000147642",200.00001,163.00001,125,635,656,702,807,610,746,1015,853
"ENSG00000147649",1324,1661,1501.99999,1501,1482,1522,1519,1414,1166,1495,1728
"ENSG00000147650",183,263.99999,225.99999,512,449,401,470,349,414,498,496
"ENSG00000147654",262.00001,348,272.99999,311,223,257,310,445,345,382,372
"ENSG00000147655",12,17,29,4,15,55,6,30,65,35,41
"ENSG00000147669",478,570,615,1090,772,836,802,1265,979,702,879
"ENSG00000147676",17,32,12,54,55,75,73,51,28,38,63
"ENSG00000147677",1783,2649,2211,4609,4223,4163,4570,3832,3350,2652,3229
"ENSG00000147679",185,274,181,266,263,311,312,421,326,381,352
"ENSG00000147684",1148.99999,1338.00001,1206,2654,2971,2414,2830,4355,3395,2461,3193
"ENSG00000147687",339,503.99999,412,641,410,525,539,784,528,449,400
"ENSG00000147789",221.99999,206.00001,247.99999,370,451,429,463,860,891,828,803
"ENSG00000147799",116,104,97,29,48,65,24,51,24,37,67
"ENSG00000147813",101.00001,125,127,320,431,380,356,338,275,357,567
"ENSG00000147852",389.00001,676.00001,468,982,906,890,1019,1428,1465,2115,1858
"ENSG00000147853",594,767,513,2139,1534,1648,1805,1111,1141,1360,1599
"ENSG00000147854",447,547,410.99999,467,393,355,393,343,242,194,299
"ENSG00000147862",818.00001,587.00001,757,427,604,513,551,868,779,1231,927
"ENSG00000147872",234,425,294,1769,1665,1584,2225,1820,2161,2648,1840
"ENSG00000147874",209,391,277,522,361,421,459,602,519,534,411
"ENSG00000147883",25,20,30,34,35,31,25,80,84,109,82
"ENSG00000147889",11,14,12,6,13,5,8,53,26,71,44
"ENSG00000147894",399.99999,608,638,673,449,596,597,904,1105,1085,1080
"ENSG00000147905",725.00001,835.99999,823.00001,1159,923,882,1107,1215,1123,1019,1098
"ENSG00000147912",237,240,157,164,185,231,187,252,318,440,466
"ENSG00000147955",320,334.99999,254,2412,2507,2291,2272,1662,1283,2238,2780
"ENSG00000147996",100.99999,128,112,470,345,336,394,437,446,408,423
"ENSG00000148019",534,726.00001,514,603,479,516,596,582,467,644,739
"ENSG00000148053",692,703.00001,328.99997,2026,2497,2361,2714,2485,2874,3997,3719
"ENSG00000148057",160,129.00001,115,115,76,72,59,135,112,97,134
"ENSG00000148082",85,119,74,141,180,181,174,116,142,252,160
"ENSG00000148090",420,538.99999,721,781,611,599,752,437,282,449,574
"ENSG00000148110",255,325,258,160,110,136,118,255,199,170,188
"ENSG00000148120",440.00001,560.00001,414.99999,158,188,172,220,320,168,319,289
"ENSG00000148123",498,571,639,588,545,515,598,885,782,873,819
"ENSG00000148143",1426.00001,1060,1706,709,919,817,821,937,833,966,1055
"ENSG00000148153",288,307,373,591,406,507,498,598,738,725,806
"ENSG00000148154",322,388,477,1116,835,910,1021,908,775,629,752
"ENSG00000148158",202,237,159,482,298,387,329,310,296,344,410
"ENSG00000148175",43,51,65,391,414,391,505,284,416,720,542
"ENSG00000148180",639,859,657.00001,2251,2560,2446,3728,2787,3313,6402,3681
"ENSG00000148187",238,391,238,430,430,413,390,581,547,482,536
"ENSG00000148200",176,113,166,112,93,90,111,54,48,101,67
"ENSG00000148204",134,94,135,252,287,282,410,164,168,305,235
"ENSG00000148218",223,257,235,540,524,556,529,765,772,861,812
"ENSG00000148219",73.00001,143,118,227,230,265,213,284,228,277,260
"ENSG00000148225",277,196,346,308,257,301,263,412,447,506,518
"ENSG00000148229",330.99999,507,497,2503,2315,2081,2705,2241,1942,1762,1950
"ENSG00000148248",450,398,409,2384,2537,2361,2807,2782,2896,3536,3973
"ENSG00000148290",205,227,225.99999,987,1176,910,912,657,453,653,1000
"ENSG00000148291",151,144,137,260,311,240,325,397,325,320,333
"ENSG00000148296",180,190,198,462,445,414,582,584,626,803,748
"ENSG00000148297",121.00001,135,143,614,641,564,734,758,951,1148,1063
"ENSG00000148300",190,199,155,680,715,595,699,532,486,671,655
"ENSG00000148303",3067.00001,4698.99999,3827,13974,16274,12219,15233,14409,10963,7748,10196
"ENSG00000148308",297.00001,263.99999,249,1369,1526,1249,1597,1723,1767,1708,1611
"ENSG00000148331",210,158,117,347,349,427,465,535,457,779,732
"ENSG00000148334",182.00001,236.00001,146.99999,443,730,577,487,228,193,410,746
"ENSG00000148335",117.99999,218,151,829,970,750,1077,972,836,823,855
"ENSG00000148337",796.00001,624.99998,545.99999,2598,2663,2355,2648,1306,1282,2096,2088
"ENSG00000148339",144,174.99999,135.99999,262,338,295,296,140,160,306,286
"ENSG00000148341",362.99999,266.00001,330,147,240,151,199,238,155,147,144
"ENSG00000148343",120.99999,92,108.00001,212,254,232,225,347,322,382,328
"ENSG00000148344",19,14,9,90,90,90,122,138,72,142,99
"ENSG00000148356",657.00001,890.00002,595.99999,422,431,410,453,713,754,813,719
"ENSG00000148357",25,27,25.99999,26,25,35,31,4,13,26,19
"ENSG00000148358",473,490,675.99999,635,581,651,764,600,651,841,736
"ENSG00000148362",289,424,393.00001,909,1153,934,1060,1048,761,790,853
"ENSG00000148384",161,215,173,166,195,158,126,141,101,112,158
"ENSG00000148396",648.99999,615.99999,464,634,672,661,781,979,1283,1718,1357
"ENSG00000148399",214.99999,210,186,816,895,771,923,666,417,763,830
"ENSG00000148400",1082,1054,1226,706,852,814,796,997,933,1488,1220
"ENSG00000148408",273.00001,440.99999,216.99999,87,121,116,67,81,45,83,83
"ENSG00000148411",68,63,52,61,57,54,68,69,57,130,91
"ENSG00000148429",401,339,329,654,440,416,519,471,436,522,696
"ENSG00000148444",373,449.00001,459,1413,1061,1069,1122,2207,1738,1297,1620
"ENSG00000148450",326,452,342,406,470,466,383,292,194,339,538
"ENSG00000148459",97,80,83,43,58,36,23,37,9,26,52
"ENSG00000148468",283,344,295,451,539,477,613,480,406,631,601
"ENSG00000148481",397.00001,409,460,541,373,492,470,788,729,582,624
"ENSG00000148482",7,38,42,16,20,19,11,101,79,82,100
"ENSG00000148484",226,234,203,1086,1239,1060,1178,1476,1233,1540,1357
"ENSG00000148498",2121.99999,2749.99999,2895.99999,764,755,655,758,1289,1183,1195,1181
"ENSG00000148516",2132.99999,1640.99998,3756.99999,4429,3210,3653,5037,3294,3561,4171,3736
"ENSG00000148541",549,490.99999,397,552,523,583,737,717,613,825,671
"ENSG00000148572",138,174,170,321,263,312,367,451,366,468,311
"ENSG00000148600",576,444,463.99999,1121,1095,1094,847,1825,1986,2696,2874
"ENSG00000148602",47,36,46,42,41,72,38,88,94,186,149
"ENSG00000148604",252.00001,198.00001,291.99999,341,304,310,300,815,513,527,525
"ENSG00000148606",549.99999,410,549.99999,680,675,790,810,848,1010,1421,1163
"ENSG00000148634",914.00001,1304.99998,872.99999,539,392,480,496,623,781,739,705
"ENSG00000148660",558.99998,430.99999,649,485,542,469,544,448,388,456,433
"ENSG00000148672",318,305,282.99999,1161,1119,971,1017,809,573,623,798
"ENSG00000148688",286.00001,450.00001,405.99999,622,480,482,496,589,639,527,536
"ENSG00000148690",608,656,587,393,270,294,259,349,244,247,258
"ENSG00000148700",695,670.99999,850,2407,2058,2197,2833,4158,4546,4345,4578
"ENSG00000148704",21,30,21,31,53,48,52,48,57,107,81
"ENSG00000148719",278,233,245,638,569,630,579,1011,1182,1296,1092
"ENSG00000148730",774,1001,1039,2868,2478,2771,2701,1779,1513,2692,3321
"ENSG00000148734",69,41,108,215,182,267,325,192,179,550,505
"ENSG00000148737",610.99999,1168.00002,1097.99999,599,469,619,601,477,427,484,487
"ENSG00000148773",441.00001,517,363,1668,1538,1667,1741,1441,1352,1991,1928
"ENSG00000148798",607,635,491,2357,2364,2465,1899,1443,1010,1198,1353
"ENSG00000148803",45,43.99999,39,80,92,104,71,114,96,65,126
"ENSG00000148814",224,404.99999,171.99999,336,347,294,397,465,470,492,530
"ENSG00000148824",437,434,276,814,895,802,876,1525,1407,1321,1339
"ENSG00000148832",59,66,43,58,72,65,48,22,14,48,81
"ENSG00000148834",273,519.00001,543,656,812,609,671,1509,1265,761,1041
"ENSG00000148835",62,112.99999,79,168,162,184,136,114,51,132,159
"ENSG00000148840",114,95,68,330,395,451,431,573,715,835,728
"ENSG00000148841",88,164,123,1206,1274,1144,1532,1236,1477,1596,1622
"ENSG00000148842",141,215,181,352,412,412,360,235,165,313,350
"ENSG00000148843",251,306,277,611,675,598,443,807,826,932,898
"ENSG00000148848",57,101,54,25,23,21,12,51,40,47,50
"ENSG00000148908",54,42,35,152,176,214,170,88,46,45,49
"ENSG00000148925",284,390,359,1883,1684,1635,2059,1549,1552,1580,1395
"ENSG00000148926",111,345,207,505,494,546,829,1665,2473,2424,1822
"ENSG00000148935",59,17,34,45,68,50,49,67,50,64,59
"ENSG00000148942",22,31,64,25,19,28,21,64,139,66,100
"ENSG00000148943",511,588,650,2505,1341,1825,2134,1874,2441,2089,2223
"ENSG00000148948",184,285,288.99999,340,298,332,315,472,621,576,682
"ENSG00000148950",700.99999,685.00001,1020.00001,648,598,604,721,1319,1063,486,742
"ENSG00000148985",179,203.99997,164,715,615,627,666,715,815,793,737
"ENSG00000149016",99,80,104,548,679,580,778,597,761,799,753
"ENSG00000149050",125.99999,133,83,157,121,177,132,271,365,235,260
"ENSG00000149054",26,192,58,98,56,50,54,87,111,75,112
"ENSG00000149084",728,924,827,1075,716,877,943,882,976,791,1011
"ENSG00000149089",332.99999,520,332,669,526,562,561,635,652,437,516
"ENSG00000149090",9,19.99999,7,101,168,133,210,149,209,420,265
"ENSG00000149091",183,268.99999,166.00001,138,134,145,157,170,122,128,128
"ENSG00000149100",967,1375,1115.99999,2906,2748,2631,2924,3105,3008,2643,2597
"ENSG00000149115",206.00001,246.00001,223.99999,456,628,589,658,305,404,591,732
"ENSG00000149131",437.00001,403.99999,259,3516,3725,3110,4228,5031,5825,6233,5230
"ENSG00000149136",521,792,554,2088,2224,1922,2156,1874,1929,1886,1928
"ENSG00000149150",27,41,31,107,96,85,118,101,125,130,140
"ENSG00000149177",462.99999,330.99999,237.00001,277,273,293,322,301,279,403,359
"ENSG00000149179",686,582.99998,532,1596,1827,1510,1940,2609,2707,3022,2697
"ENSG00000149182",373.00001,444.00001,379,1441,1414,1340,1566,1768,2225,2615,2047
"ENSG00000149187",1798,1537,1402.00001,2438,2263,2665,2637,2598,2945,4472,4169
"ENSG00000149196",458,519.00001,522,1024,963,869,1044,1358,1141,884,978
"ENSG00000149201",53.99999,38,42,13,21,13,16,32,13,30,38
"ENSG00000149212",2044,1457,1719.99999,1887,1302,1541,1641,1835,2211,1990,2411
"ENSG00000149218",48,57,56,153,148,177,157,149,111,247,336
"ENSG00000149231",523,593.99998,636.00003,921,620,726,827,910,866,707,742
"ENSG00000149243",110,84,132.00001,92,89,86,40,61,47,53,59
"ENSG00000149256",895.99999,506,535,1186,1101,1254,1265,1464,1482,2247,2102
"ENSG00000149257",548.00001,503,508.99999,1785,1879,1609,2409,1606,1650,2143,1888
"ENSG00000149260",87,77,62,867,857,918,963,541,572,1292,1071
"ENSG00000149262",1738.00001,1263,1294.99999,1122,971,980,989,1269,1252,1301,1281
"ENSG00000149269",983,1082,1279,1218,1256,1297,1553,1497,1507,1573,1510
"ENSG00000149273",12881,18853,14837,43932,51383,38016,46645,44510,44267,23062,34992
"ENSG00000149289",375.00001,630.00001,377,167,126,162,199,221,205,283,171
"ENSG00000149292",328,405.99999,200,257,225,239,233,311,378,322,323
"ENSG00000149294",3627.99999,4425.99999,4515,11767,10415,9742,13442,7522,9251,11414,9518
"ENSG00000149295",74,55,44,259,216,286,185,155,139,181,316
"ENSG00000149308",255,277,234,293,265,275,307,483,434,490,507
"ENSG00000149311",1019.00001,1422.00001,1303.99998,560,349,376,401,496,491,593,646
"ENSG00000149313",587,738,663,2092,1476,1821,1911,2527,2663,2530,2486
"ENSG00000149328",152,172,168.99999,377,337,354,379,348,521,526,553
"ENSG00000149346",137,244,125,371,236,365,277,403,383,409,379
"ENSG00000149357",469,578,460,1062,1305,1109,1314,1987,1787,1381,1544
"ENSG00000149403",63,140,103,14,39,25,40,14,15,42,24
"ENSG00000149428",336,299,321.99999,1713,1794,1813,2043,1160,1762,1909,1673
"ENSG00000149452",8,18,15,99,140,115,211,268,347,227,379
"ENSG00000149474",220.99998,315,283.99999,268,280,412,346,578,626,829,610
"ENSG00000149476",164,151,110,527,625,549,678,899,1071,1247,964
"ENSG00000149480",184,186,169,708,732,711,737,918,807,991,1118
"ENSG00000149483",250,218.99999,202,435,344,318,339,487,429,549,546
"ENSG00000149485",933,1345.99999,1133,8260,7381,7008,7434,3954,3656,4060,5186
"ENSG00000149489",92,45,90,61,59,85,90,377,654,743,546
"ENSG00000149499",86,101.99999,89,150,211,165,194,227,158,368,290
"ENSG00000149503",84,129,122,164,147,156,169,103,110,113,122
"ENSG00000149527",150,157.99999,214.99999,225,197,230,217,252,264,476,447
"ENSG00000149532",498,504,439.99999,1015,942,878,1099,1024,1184,1202,1237
"ENSG00000149541",251.00001,275,227,602,731,662,678,978,978,992,893
"ENSG00000149547",520.99999,615.00001,619.00001,1606,1618,1696,1671,1666,1287,1830,2190
"ENSG00000149548",92,74,92,99,79,80,66,70,91,118,96
"ENSG00000149554",315.99999,242.00001,330,263,189,234,222,301,403,225,318
"ENSG00000149557",394.99999,414,378,4417,5486,4047,5111,2962,2212,3793,3480
"ENSG00000149571",65,32,46,95,123,104,125,82,102,134,158
"ENSG00000149573",10,16,22,137,133,123,207,181,178,220,170
"ENSG00000149575",12,15,9,23,57,43,55,67,78,95,109
"ENSG00000149577",141.00001,150,147.00001,375,415,337,389,419,299,300,283
"ENSG00000149582",199.99999,273.99998,224,1080,1097,1107,1438,1513,1434,1639,1417
"ENSG00000149591",63,33,43,92,112,112,98,269,206,229,211
"ENSG00000149599",50.99999,132,77,85,121,99,82,37,22,66,95
"ENSG00000149600",351,642,360,2270,2265,1947,2091,3293,2587,2373,2737
"ENSG00000149633",32,41.00001,119.00001,30,44,42,56,121,156,141,162
"ENSG00000149636",240,399,441.99999,197,187,197,214,552,525,363,476
"ENSG00000149639",1115,826,851,639,668,780,779,805,819,1283,1042
"ENSG00000149646",31,36,27,64,282,42,133,107,112,65,21
"ENSG00000149654",31,37,27,29,37,33,23,23,20,30,28
"ENSG00000149657",523,590,629.00001,48,46,49,42,56,25,19,41
"ENSG00000149658",313,307,322,310,294,268,233,348,207,228,245
"ENSG00000149679",79,90,90,79,155,85,98,145,90,144,131
"ENSG00000149716",152,127.99999,146,159,143,191,161,268,233,216,215
"ENSG00000149743",396.99998,542.00001,463.00002,1874,1812,1614,1926,1810,1620,1548,1484
"ENSG00000149761",136.99999,154,111.00001,296,253,325,319,518,534,593,541
"ENSG00000149782",44,89,64,62,71,47,52,43,47,53,61
"ENSG00000149792",245.99999,246,250,1134,1196,1067,1522,1736,2169,1939,2123
"ENSG00000149798",29,39,19,62,72,98,58,175,162,244,185
"ENSG00000149806",5364.99999,7474,6838,5006,5954,4714,5692,6099,4742,3359,4151
"ENSG00000149809",287,259,216,1036,1354,1120,1123,1505,1086,1754,1679
"ENSG00000149823",292.99999,418.00001,335,2107,2300,2041,2333,1532,1490,2343,2340
"ENSG00000149923",592.00001,567,572,1899,2279,1880,1936,3141,2712,2722,2937
"ENSG00000149925",4611.99999,7087,5626.00001,35001,34715,33486,47490,31575,31071,31837,28641
"ENSG00000149926",1176,1291,1406,521,519,519,448,525,440,497,485
"ENSG00000149927",51,71,54.00001,118,118,173,130,143,124,137,146
"ENSG00000149929",224,232,265.99999,755,742,736,881,1055,1080,901,929
"ENSG00000149930",218,185.99999,203,533,524,540,596,562,603,960,836
"ENSG00000149932",528,661.99999,536,2449,2932,2446,2857,2846,2610,2440,2521
"ENSG00000149948",251.99999,160.99998,203,244,152,185,163,98,54,93,74
"ENSG00000149970",747,527,152.00001,638,494,525,588,315,402,526,486
"ENSG00000149972",945.99999,1856,702,544,481,458,543,411,568,659,505
"ENSG00000150054",200,368,326,440,326,356,457,274,324,437,453
"ENSG00000150093",913.00001,931,775.99999,5531,4348,4390,5229,3535,3744,4771,5130
"ENSG00000150275",213,710.99999,299.99998,52,56,107,99,78,88,158,110
"ENSG00000150281",52,52,55,11,22,8,34,38,29,25,20
"ENSG00000150316",689,939,860,1583,1304,1342,1549,1860,1296,1093,1213
"ENSG00000150347",300,427,357.99999,717,599,686,956,993,1080,1618,1239
"ENSG00000150361",75,87,69,354,296,366,232,239,182,218,187
"ENSG00000150394",70,71,13,156,130,103,192,94,89,136,123
"ENSG00000150401",157,261,254,417,416,521,462,539,501,620,581
"ENSG00000150403",301,428.00001,426,907,960,929,998,1006,1077,1477,1649
"ENSG00000150433",189,210,214.00001,687,707,578,620,1075,996,847,866
"ENSG00000150455",134,76.99999,124,83,64,54,79,109,155,183,191
"ENSG00000150456",147,104,97,121,101,81,103,269,173,133,179
"ENSG00000150457",101,118,73,95,88,82,94,68,54,57,52
"ENSG00000150459",1181,1485,1316.00001,4945,3915,3858,4503,4949,4168,3770,3996
"ENSG00000150471",2302.00001,3797,5359,663,664,678,709,738,761,1031,1065
"ENSG00000150477",273,239.99999,388.99999,426,290,352,422,438,323,404,420
"ENSG00000150510",130,106,119,244,299,238,276,296,277,531,628
"ENSG00000150527",482.99999,544,385,218,175,208,316,476,512,481,467
"ENSG00000150540",12,16,8,6,27,16,21,39,52,75,56
"ENSG00000150551",141,112,162,1212,1348,1062,1520,1013,905,1584,1575
"ENSG00000150556",26,37,8.99999,32,65,39,24,61,52,26,84
"ENSG00000150593",665,585.00001,608.00001,1342,1029,1229,1361,1726,2136,2680,2277
"ENSG00000150625",5042,4404,5319,15905,9257,11216,12934,11562,13285,12081,12335
"ENSG00000150627",399,357,351,201,123,145,127,175,205,253,253
"ENSG00000150628",7,11,10,11,9,7,9,35,14,24,19
"ENSG00000150630",15,21,20,26,20,23,26,26,29,12,19
"ENSG00000150636",111,136,146,78,60,71,66,129,136,105,141
"ENSG00000150667",33,35,16,31,29,29,21,52,48,56,62
"ENSG00000150672",1298.00001,1605.00001,946.99999,549,421,599,504,577,700,769,684
"ENSG00000150687",1504,1292,1410,6859,4980,5437,5377,9948,8281,10410,11527
"ENSG00000150712",381,403,443,341,355,438,410,419,507,678,661
"ENSG00000150722",97,45,63.00001,114,141,134,91,169,108,64,100
"ENSG00000150753",906,1113,856,4946,4749,4444,4766,5215,5081,4269,4788
"ENSG00000150756",125,151,117.99999,102,108,90,104,167,211,177,210
"ENSG00000150760",334,346,231,1349,1042,1154,1520,1311,2007,1716,1817
"ENSG00000150764",299.99999,353,307,921,807,923,1008,699,718,1032,816
"ENSG00000150768",398.99998,432,504.99999,545,418,508,504,840,967,995,945
"ENSG00000150773",30,55.00001,48,42,45,65,38,129,90,70,103
"ENSG00000150776",270.00002,332,281.99999,710,600,642,744,700,607,607,543
"ENSG00000150779",803,772.00001,704,1709,1930,1478,1796,2652,2022,1471,1834
"ENSG00000150787",423,394.99999,366,699,525,615,578,792,639,430,559
"ENSG00000150867",124,170,166,263,230,242,175,204,204,156,205
"ENSG00000150873",14,21,22,19,54,28,34,42,89,61,66
"ENSG00000150893",50,38,49,248,176,204,283,120,217,389,247
"ENSG00000150907",71,77,64,231,176,166,189,209,166,156,184
"ENSG00000150938",435,309,494,188,179,177,239,252,213,320,253
"ENSG00000150961",143,227,131,614,542,575,1053,553,633,850,857
"ENSG00000150967",90,113,129,148,220,165,225,201,313,380,329
"ENSG00000150977",67,81,60,152,141,161,221,200,201,213,184
"ENSG00000150990",77.99999,69,56,108,160,119,157,167,173,235,214
"ENSG00000150991",2681,3688,2666,54086,62930,51282,70048,46234,44468,49621,44914
"ENSG00000150995",84,127,109,55,62,70,67,69,90,127,114
"ENSG00000151006",28,35,19,16,17,24,46,14,21,11,11
"ENSG00000151012",139,146,108,108,67,84,70,184,218,268,208
"ENSG00000151014",180,162,97,14,13,21,25,26,13,19,28
"ENSG00000151023",67,64,91,40,53,70,52,104,101,130,87
"ENSG00000151062",1094,629.99999,211.99999,94,188,153,149,351,403,357,482
"ENSG00000151065",184.00001,223,321.00001,622,552,657,714,833,915,928,920
"ENSG00000151067",1314,1080.00001,507.99999,84,135,110,122,98,68,129,129
"ENSG00000151090",1354.00002,1772.99999,1113.00001,1001,698,974,750,1571,1643,1260,1695
"ENSG00000151092",795,672.99999,725.99999,1194,755,985,1162,1347,1728,1743,1634
"ENSG00000151093",138,42,68,86,66,53,91,194,196,185,162
"ENSG00000151116",326,315,193,165,154,218,179,513,478,462,486
"ENSG00000151117",53,62,82,160,161,132,175,276,304,460,345
"ENSG00000151131",222,240,240.00001,832,727,719,695,922,642,802,815
"ENSG00000151135",504.99999,576.99999,646.00001,2649,1550,1959,2231,1511,1520,1644,2114
"ENSG00000151136",26,23,8,68,62,76,65,57,67,88,58
"ENSG00000151148",273,351,254,624,568,593,643,997,1076,1266,1080
"ENSG00000151150",1204.99999,651,718.99999,1228,1234,1187,1482,1064,1119,1782,1576
"ENSG00000151151",128,157,114,288,140,228,203,110,166,177,241
"ENSG00000151164",24,26,17,21,18,25,27,42,49,27,29
"ENSG00000151176",163,167,135,522,648,490,518,220,208,419,577
"ENSG00000151208",375,493,564,388,441,386,425,528,438,721,483
"ENSG00000151229",43,70,39,99,76,100,65,98,63,50,77
"ENSG00000151233",272,279,302,209,141,170,191,210,169,146,241
"ENSG00000151239",240.99999,298,259.00001,2026,1153,1477,1571,1928,2016,1590,1800
"ENSG00000151240",816,829,945,985,1030,1158,1323,964,858,1687,1314
"ENSG00000151247",428,662.00001,637,4189,3069,3270,3657,3562,4447,3644,3973
"ENSG00000151276",3496.99999,1880,1833.99999,1440,1232,1129,1451,1444,1433,2176,1966
"ENSG00000151287",113.99999,172.99999,173.99999,212,102,161,126,384,312,156,298
"ENSG00000151292",417.99999,940,548.00001,638,521,659,514,388,312,380,556
"ENSG00000151304",136,226,190,214,188,217,253,266,217,203,273
"ENSG00000151320",375,417,495,1483,1163,1214,1412,662,631,1122,790
"ENSG00000151322",486,453,632.99999,87,76,54,67,81,100,106,97
"ENSG00000151327",493.99999,575.00002,538.00001,885,753,744,767,729,673,794,743
"ENSG00000151332",249,320,289.00001,420,264,302,444,372,387,469,409
"ENSG00000151338",571,691.99999,753.99998,341,255,304,252,416,334,389,439
"ENSG00000151348",322.00001,398,379,2366,2544,2271,3044,2639,3065,3850,3492
"ENSG00000151353",403,477.00001,437,810,748,795,896,1123,1149,969,1023
"ENSG00000151365",10,17,21,12,16,13,9,63,45,41,37
"ENSG00000151366",1404,1649.00001,1536,2248,2639,2307,2835,3718,2955,2460,2762
"ENSG00000151376",718,330,524,558,613,574,651,386,185,315,464
"ENSG00000151388",69,94,82,129,90,70,131,75,95,108,119
"ENSG00000151413",297,463.00001,396,543,404,377,479,516,530,563,570
"ENSG00000151414",419,379,596,242,138,175,147,190,156,127,132
"ENSG00000151422",761,1216.00001,903,808,676,732,743,1113,1164,1241,1313
"ENSG00000151445",247,244,241,528,585,524,581,634,712,795,661
"ENSG00000151458",478,453,378,967,753,926,1008,605,797,1134,1022
"ENSG00000151461",633.99999,652,639.99999,389,295,287,380,432,378,435,376
"ENSG00000151465",339.00001,442,447.99999,1342,1057,1100,1224,1892,1931,1598,1788
"ENSG00000151466",954,1086.99999,912.00002,545,382,417,470,557,526,378,482
"ENSG00000151468",28,35,28,98,90,72,79,64,84,87,72
"ENSG00000151470",145,140,119,321,224,234,200,416,395,260,382
"ENSG00000151474",1358.99999,1444.99998,810,356,381,371,414,500,259,511,462
"ENSG00000151490",1105.99999,1493.99999,1675.99999,3155,2313,2612,2958,2515,3343,3037,3171
"ENSG00000151491",917,575,643.99999,866,744,783,1038,1360,1739,2003,1738
"ENSG00000151498",168,137,147,476,463,430,530,876,1004,1040,956
"ENSG00000151500",366,460,463,1314,1535,1291,1463,2146,1727,1377,1529
"ENSG00000151502",341,330,261,522,530,430,437,506,381,460,395
"ENSG00000151503",638,515.99999,601,628,472,580,657,799,1173,1059,1036
"ENSG00000151532",145,127,104,408,316,321,423,396,507,575,432
"ENSG00000151552",562,520,893,1190,1248,1053,1298,2632,2401,2169,2448
"ENSG00000151553",334.99999,392,229.00001,355,293,381,272,194,144,259,345
"ENSG00000151572",17.00001,28.99999,56.99999,55,43,37,38,38,28,79,59
"ENSG00000151575",331,384.00001,377.99999,328,238,222,300,348,303,238,283
"ENSG00000151576",131,114,130.99999,145,161,232,189,413,487,501,509
"ENSG00000151611",47,78,53,143,100,126,152,206,307,280,266
"ENSG00000151612",846,851.00001,871.99999,364,418,395,362,567,541,636,550
"ENSG00000151615",120,278,114,646,449,690,403,170,93,145,106
"ENSG00000151623",74,135,110.99999,51,45,54,76,71,102,83,99
"ENSG00000151632",101,109,77,1370,1302,1199,1441,1369,928,1022,989
"ENSG00000151640",429,474.99999,498.00001,918,1042,1015,904,1167,893,950,901
"ENSG00000151651",17,21,15.00001,21,11,40,48,34,59,64,67
"ENSG00000151657",206,259,231,209,153,159,178,342,268,307,235
"ENSG00000151665",317.99999,447.99999,357.00001,1418,1160,1168,1241,1299,1259,937,1048
"ENSG00000151687",260,289.99999,424.00001,28,10,25,15,43,33,24,27
"ENSG00000151689",64,102,86,98,138,121,105,148,90,102,149
"ENSG00000151690",89.99999,65,88,12,40,34,29,30,17,57,28
"ENSG00000151692",407,445,385,598,638,601,607,491,332,582,592
"ENSG00000151693",427,488.00001,350,150,115,145,125,145,175,157,140
"ENSG00000151694",1484.00002,875.99999,1184,729,578,685,726,846,911,1317,1088
"ENSG00000151718",185,241.99999,368,134,109,148,129,123,111,111,108
"ENSG00000151725",203,261,205.99999,763,538,539,586,790,752,475,655
"ENSG00000151726",314,212,316,437,322,393,382,674,705,968,915
"ENSG00000151729",894,771,811,2129,2133,2047,2354,3407,3370,3455,3212
"ENSG00000151743",291,582.99999,302.99998,501,471,585,545,733,680,672,589
"ENSG00000151746",475,393,318.99999,1352,1079,1189,1308,965,880,1333,1291
"ENSG00000151748",214,192,177,142,101,124,147,150,127,154,149
"ENSG00000151773",51,176,85,73,54,68,63,69,42,36,49
"ENSG00000151778",25,63,108,36,61,31,52,31,11,26,27
"ENSG00000151779",1125.00001,1496.00001,1254,2022,1731,1699,2388,1497,1925,2219,2036
"ENSG00000151789",4567,4006,2726.00001,632,678,651,683,968,842,1019,897
"ENSG00000151806",219,305.99999,206.00001,532,366,478,501,496,503,714,678
"ENSG00000151834",52.99999,100.99999,75,145,170,134,195,110,149,168,152
"ENSG00000151835",410.00001,570,500.00001,692,544,677,572,756,761,996,972
"ENSG00000151838",116,130,129,31,11,16,19,32,18,15,24
"ENSG00000151849",166,253.00001,256,248,232,270,229,234,294,251,233
"ENSG00000151876",19,25,66,57,27,30,28,101,65,40,59
"ENSG00000151881",122,106,113,80,47,78,79,173,183,131,175
"ENSG00000151883",325.99999,492,328,190,172,156,160,283,346,358,366
"ENSG00000151892",331.00001,338,306,3026,2429,2766,3257,1359,1466,2219,1636
"ENSG00000151893",554,525,558,1089,804,921,1107,1146,1148,1466,1392
"ENSG00000151914",4310.99999,5016.99997,4647.99999,2621,2133,2806,2505,3745,2897,5665,5229
"ENSG00000151923",883,946,961,505,403,390,388,549,368,309,367
"ENSG00000151929",205,186,135,600,531,605,501,179,104,337,518
"ENSG00000151967",405,941,506,2014,1815,1819,2118,3241,2771,1859,2340
"ENSG00000152056",37,44,50,57,47,56,57,79,51,61,52
"ENSG00000152061",847,811,790.99999,1482,1165,1246,1388,963,1017,1220,1245
"ENSG00000152076",79,132.99999,104,279,307,220,312,235,223,275,276
"ENSG00000152078",78,92,81,601,382,362,465,287,223,298,403
"ENSG00000152082",1466.00001,2118.99999,1813,2558,2921,2685,2803,1430,1051,1390,1807
"ENSG00000152092",577.99999,686.00001,639.00001,3146,2814,2955,3679,2718,3892,4820,4310
"ENSG00000152102",885,865,776,2227,1911,2206,2230,1536,1503,2498,2586
"ENSG00000152104",69,101,103,152,160,203,295,190,210,286,282
"ENSG00000152127",189,225.00001,95,221,281,260,292,277,313,368,343
"ENSG00000152133",178,222,239,220,162,235,206,366,343,372,355
"ENSG00000152137",74,52,81,428,375,271,490,208,317,407,343
"ENSG00000152147",148,150,150.99999,191,205,189,244,371,334,332,327
"ENSG00000152154",351,309,231,215,183,203,156,160,124,152,173
"ENSG00000152193",172,218,194,797,655,778,821,683,692,671,621
"ENSG00000152208",122,66,99,145,109,150,163,282,311,250,236
"ENSG00000152217",978.00001,342.00001,930,441,458,437,480,489,395,562,528
"ENSG00000152219",255,344,291,577,451,512,599,1062,898,855,889
"ENSG00000152223",698,917.00001,799.00002,292,257,282,314,395,348,451,332
"ENSG00000152229",239,161,181,400,359,305,388,648,678,450,652
"ENSG00000152234",2771,3396,3135,22696,22126,20779,26459,22757,24520,23443,23613
"ENSG00000152240",362.00001,506.99998,418,1055,869,746,770,1098,1024,586,907
"ENSG00000152242",235,252,258,835,597,643,807,762,968,1029,1023
"ENSG00000152253",80,170,121,209,193,201,198,312,371,277,271
"ENSG00000152256",1004,1298,1455,1463,995,1238,1258,814,652,1396,1451
"ENSG00000152270",128,203,74,119,83,91,91,74,63,116,102
"ENSG00000152284",259,302,375,210,179,209,212,215,251,196,183
"ENSG00000152291",283.00001,257,238,2025,1680,1930,2251,2103,2570,3384,2761
"ENSG00000152332",387,418,534,804,412,525,597,475,611,721,526
"ENSG00000152348",278.99999,143.99999,104,246,220,185,239,301,300,318,416
"ENSG00000152359",158,171,212,216,199,184,214,288,215,174,201
"ENSG00000152377",215,151,116,3663,3839,3356,4305,2381,2000,3242,3411
"ENSG00000152380",80,53.00001,58.99999,40,38,37,25,59,48,48,58
"ENSG00000152382",217,282,268,1450,1273,1269,1685,1362,1638,1460,1551
"ENSG00000152402",109,192,161,188,114,160,129,121,94,99,96
"ENSG00000152404",396,400,484,280,230,229,301,286,285,227,263
"ENSG00000152409",233,263,288,288,240,319,234,337,298,351,358
"ENSG00000152413",119,97,137,171,179,153,174,111,127,158,165
"ENSG00000152422",134.99999,220,184.99999,139,90,87,146,253,204,223,237
"ENSG00000152433",34,29,59,38,41,46,39,78,56,109,72
"ENSG00000152439",83,72,71.99999,120,165,122,179,237,221,358,288
"ENSG00000152443",190,186,181,735,407,516,653,720,857,828,816
"ENSG00000152454",30,28,44,119,97,137,201,145,160,199,192
"ENSG00000152455",178.99999,176,157,381,243,310,293,419,379,446,369
"ENSG00000152457",679.99999,1694,853.99999,443,349,402,317,550,483,493,482
"ENSG00000152463",27,50,36,14,0,17,10,15,20,18,29
"ENSG00000152464",117,139.99999,110.00001,217,191,222,268,387,277,296,332
"ENSG00000152465",331,420,378,786,691,729,758,765,797,836,757
"ENSG00000152484",217,194,185,130,109,89,85,130,81,115,98
"ENSG00000152492",506,624,446,1433,974,1126,918,633,464,834,1059
"ENSG00000152495",303,558.99999,506,439,361,446,301,418,425,373,549
"ENSG00000152503",603,554,369.99999,1369,987,1202,1154,876,905,816,930
"ENSG00000152518",1698,2385,1917,1844,1558,1561,1329,3857,3950,2011,3418
"ENSG00000152520",919,881.99999,1202,407,235,311,242,528,389,383,405
"ENSG00000152527",85,151.00001,96,125,100,137,173,164,176,205,226
"ENSG00000152556",1073,1401.99999,952.99999,6182,6041,5863,6680,6277,7361,7717,7118
"ENSG00000152558",750,825,1009.99999,5101,3005,3517,4344,2943,3066,3017,3424
"ENSG00000152578",2690.99999,3195.99998,1323,1889,1401,1504,1787,1816,2572,1956,2397
"ENSG00000152582",324.99999,466.00002,550.00001,227,196,141,172,341,306,289,307
"ENSG00000152583",79,41,73,627,1211,673,1638,1189,1454,3094,1896
"ENSG00000152601",428.99999,762.99998,315,453,356,412,514,424,503,608,610
"ENSG00000152620",333,350,385,286,228,269,278,262,281,253,264
"ENSG00000152642",89,70,65,719,489,551,706,602,760,891,851
"ENSG00000152661",548,446,675,2238,2854,1867,3561,3771,4650,2040,3931
"ENSG00000152669",24,32,42,71,51,66,74,263,237,310,291
"ENSG00000152672",166,203,224,318,228,325,253,271,295,203,194
"ENSG00000152683",609.00002,417.99999,417.00001,205,140,223,217,389,396,414,350
"ENSG00000152684",157,168,160,673,534,516,746,553,675,715,719
"ENSG00000152689",24,25,35,91,85,90,142,84,74,107,86
"ENSG00000152700",364.00001,401.00001,363,762,675,647,718,1046,924,1084,1027
"ENSG00000152749",394,392,529,390,404,282,572,718,833,682,785
"ENSG00000152763",153.99999,119,108,158,110,125,132,174,232,165,194
"ENSG00000152767",1204.99999,1208.00001,1247.99999,1665,1723,1654,1623,1650,1330,1602,1668
"ENSG00000152778",142,120,89,604,431,491,582,702,866,1076,848
"ENSG00000152779",38,22,22,25,33,23,40,159,251,81,277
"ENSG00000152782",85,141.00001,120,59,64,69,56,43,44,75,117
"ENSG00000152784",50,130,25,31,19,29,19,17,8,12,13
"ENSG00000152785",12,14,19,18,8,11,3,20,32,40,30
"ENSG00000152795",2971,3596,3025,6717,4865,5194,5276,4676,4862,4067,4320
"ENSG00000152818",550,612.00001,622,944,658,752,950,530,641,824,888
"ENSG00000152894",2371.99999,3721,1656.99998,1936,1611,1724,2195,1791,2348,2769,2559
"ENSG00000152904",219,323,383,1022,806,904,877,1481,1379,1169,1304
"ENSG00000152910",127,288,111,202,182,183,260,80,101,201,149
"ENSG00000152926",499,493,410,256,111,208,167,246,212,206,163
"ENSG00000152932",72,66,55,999,1154,953,1230,577,449,750,615
"ENSG00000152939",39,48,32.00001,19,12,11,7,21,21,25,25
"ENSG00000152942",798,1174.99999,980,413,289,339,384,608,618,619,695
"ENSG00000152944",273,320,286,751,605,638,737,735,724,598,699
"ENSG00000152952",1510.00002,3259.99999,2015.99999,762,506,681,608,608,693,773,1010
"ENSG00000152953",49,43,102,99,164,114,164,116,132,254,279
"ENSG00000152954",51,57.99999,43,641,531,561,628,388,273,372,289
"ENSG00000152969",147,81,109,121,103,144,125,85,55,199,190
"ENSG00000152977",495,422,515,686,810,648,641,599,510,487,604
"ENSG00000152990",708.99999,926,886,349,254,286,240,469,396,481,457
"ENSG00000153006",781,982.00001,951,543,421,469,421,621,539,442,500
"ENSG00000153012",21,25,9,55,63,67,51,33,10,43,33
"ENSG00000153015",718,823.99998,758.99999,1230,961,1061,1110,1044,895,1048,990
"ENSG00000153037",413.00001,446.00001,457.99999,513,384,491,483,946,664,645,706
"ENSG00000153044",172,314,202,477,282,272,298,330,286,195,274
"ENSG00000153046",327.00001,605.99999,428,179,195,199,237,275,160,180,197
"ENSG00000153048",784.00001,1050.99998,569.99999,1591,1729,1562,2002,869,1285,1047,1183
"ENSG00000153066",232,202,163,117,171,165,81,158,89,123,246
"ENSG00000153071",116,121,123.99999,268,299,267,340,361,385,456,403
"ENSG00000153094",143.99999,120,235.99999,188,147,164,184,175,132,224,233
"ENSG00000153107",229,268,228,651,489,577,627,649,851,1140,951
"ENSG00000153130",758.00001,956,835,2320,1398,1796,1853,2254,2266,1419,1839
"ENSG00000153132",473,630,605,921,541,779,713,1074,1002,961,1101
"ENSG00000153140",298,417,470.99999,293,221,247,234,568,377,288,401
"ENSG00000153147",896,988,999,2420,1743,2404,2143,3200,3321,3841,3838
"ENSG00000153157",78,285,253,26,30,18,11,46,23,12,30
"ENSG00000153179",37,56,50,15,15,30,30,33,36,29,35
"ENSG00000153187",2889,3438,3125.99999,8073,5531,6434,6295,4378,4477,6897,8135
"ENSG00000153201",593.99999,713,711.00001,1039,571,922,841,1025,1012,1460,1439
"ENSG00000153207",816,795,1000,556,512,516,582,658,564,867,927
"ENSG00000153208",95,131,81,218,209,184,308,142,183,330,200
"ENSG00000153214",260,322,263,155,96,120,96,134,87,142,129
"ENSG00000153233",40,43.99999,61,60,57,60,56,209,226,246,220
"ENSG00000153234",109,83.00001,85,91,47,54,77,97,117,152,122
"ENSG00000153237",185,383,292,136,107,127,122,178,204,182,208
"ENSG00000153246",38,35,23,20,5,26,11,24,30,40,39
"ENSG00000153250",375,345,271,495,408,393,467,407,399,585,467
"ENSG00000153253",361,466.99999,636,412,359,373,449,338,407,530,527
"ENSG00000153266",603,934,834,438,376,336,324,487,325,370,312
"ENSG00000153291",228.99999,390.00001,330,334,285,310,348,200,221,208,287
"ENSG00000153310",944.99999,787.99999,563,1803,1245,1419,1563,1481,1431,1401,1481
"ENSG00000153317",431,461,384,327,298,319,274,293,266,257,250
"ENSG00000153339",654,709,748,425,337,399,414,603,444,609,916
"ENSG00000153391",110.99999,142.00001,122,213,234,195,223,312,225,209,213
"ENSG00000153395",552,521.99999,546,428,574,500,430,714,478,563,743
"ENSG00000153404",221.00001,182,145,383,338,425,439,523,655,896,698
"ENSG00000153406",134,284,327.00001,89,110,85,99,247,254,205,210
"ENSG00000153443",65,59,73.00001,43,48,45,57,40,20,55,47
"ENSG00000153485",165,207,193,437,369,448,397,688,604,531,658
"ENSG00000153487",217,280,187,315,213,262,305,233,234,225,234
"ENSG00000153531",25,32,33,53,36,29,24,55,83,57,60
"ENSG00000153551",90,58,44,389,401,395,348,106,100,125,243
"ENSG00000153558",369.99999,408,500.99999,707,662,789,870,745,781,969,892
"ENSG00000153560",720,470,543.99999,265,208,208,221,305,271,215,238
"ENSG00000153561",442,512,482,1298,990,1155,1093,1384,1280,1241,1335
"ENSG00000153574",117,174,150,323,341,321,366,413,450,406,463
"ENSG00000153707",3130,1425,1944,876,699,791,814,1054,894,984,1196
"ENSG00000153714",145,352,446,274,258,279,282,544,519,445,459
"ENSG00000153721",80,157,98,460,359,335,449,227,264,328,522
"ENSG00000153767",105,140,112,235,211,286,266,369,446,446,418
"ENSG00000153774",852,1149,991.00001,1894,1920,1726,2086,1773,1552,1500,1577
"ENSG00000153786",216,130,126,116,116,136,132,140,109,160,123
"ENSG00000153789",13,40,43,214,197,141,200,142,118,111,91
"ENSG00000153790",34,52,41,47,50,62,54,75,45,57,55
"ENSG00000153814",142,243,215,476,303,432,483,221,308,299,271
"ENSG00000153815",594.99999,584,481,147,133,121,156,78,83,82,76
"ENSG00000153820",8,27,16,109,72,108,80,14,40,49,44
"ENSG00000153827",1754.00002,2103.99998,3574.00002,1218,1001,1220,1418,1447,1748,2106,1951
"ENSG00000153832",133,134,174,231,217,181,225,374,441,318,432
"ENSG00000153879",364,383,317,1752,1356,1498,1660,1155,1098,1534,1333
"ENSG00000153885",138,181,167.00001,273,285,261,241,359,313,438,376
"ENSG00000153896",59.99999,103,92,417,396,390,418,497,485,449,493
"ENSG00000153902",486,705.00001,1081.00001,293,280,293,302,551,367,529,568
"ENSG00000153904",226,210,239,1239,837,987,1006,637,582,634,716
"ENSG00000153914",837.99999,1198.00002,1034.00001,1438,1071,1120,1141,1778,1677,1500,1538
"ENSG00000153922",930.00001,1288,1119,604,443,477,575,635,542,729,686
"ENSG00000153930",14,19,6.99999,36,30,47,42,8,19,31,14
"ENSG00000153933",86,94,92,174,126,171,125,173,153,199,153
"ENSG00000153936",350.99999,405,434,753,446,628,714,987,1285,1350,1228
"ENSG00000153944",5988.00001,6679.00001,7925.99998,2387,1666,1953,1697,2094,1612,1816,1913
"ENSG00000153956",1699.99999,2164,1498.00001,407,244,332,267,391,348,350,424
"ENSG00000153975",178.99999,222,141,303,257,318,304,267,275,363,308
"ENSG00000153982",211,237,273,258,218,258,238,272,262,237,249
"ENSG00000153989",128,201,144,408,305,310,327,371,288,461,456
"ENSG00000153993",51,58,48,225,155,193,241,137,152,223,204
"ENSG00000154001",1108,1165,1292,1087,872,1027,827,1108,851,1047,1336
"ENSG00000154027",61,54,94,316,322,299,418,234,206,396,423
"ENSG00000154040",115,46,44,54,52,49,63,62,62,75,60
"ENSG00000154059",227,197,243,599,451,569,588,669,714,831,854
"ENSG00000154079",172.00001,202,160.00001,355,250,230,300,281,402,306,356
"ENSG00000154080",68,69,90,55,77,85,68,153,182,206,183
"ENSG00000154096",87,51,72,436,587,540,623,415,345,614,420
"ENSG00000154099",34.00001,25.99999,13,32,25,14,21,37,26,43,33
"ENSG00000154102",136.99999,55,59,21,27,18,22,31,10,12,30
"ENSG00000154114",386.99999,238,197,331,221,222,300,333,383,528,489
"ENSG00000154118",134,78.99999,77,88,163,146,142,89,66,84,73
"ENSG00000154122",499,521,531,266,321,263,225,330,215,258,336
"ENSG00000154124",186,214,196,306,251,309,250,264,224,182,248
"ENSG00000154134",33,57,45,228,218,231,243,181,140,200,169
"ENSG00000154144",216,268.99999,229,400,397,461,479,702,577,775,650
"ENSG00000154146",20,19,12,32,29,15,19,15,16,18,17
"ENSG00000154153",165,175,126.99999,219,202,256,211,181,98,168,235
"ENSG00000154162",96,204,120,224,284,254,316,297,324,366,333
"ENSG00000154174",363,374,361,1195,971,1088,1013,1042,856,1100,1244
"ENSG00000154175",116,323.00001,180,25,95,51,109,82,74,273,109
"ENSG00000154217",241,146,136,312,340,298,299,255,205,218,375
"ENSG00000154222",152,178,151,158,186,175,211,258,311,445,395
"ENSG00000154229",89.00001,73,73,142,127,129,135,125,117,218,151
"ENSG00000154237",51,57,75,161,142,198,184,196,144,213,208
"ENSG00000154240",926,1531.99999,904.00001,402,296,311,286,362,415,392,431
"ENSG00000154258",10,8.00001,11,24,11,23,28,33,31,77,22
"ENSG00000154265",270,221.00001,247,124,101,136,97,185,140,141,179
"ENSG00000154274",16,13,14,11,18,26,5,32,9,31,22
"ENSG00000154277",2460.00001,2694.00001,1652.00001,7366,9098,7347,8590,6872,5257,5498,5375
"ENSG00000154305",483,602,489,944,711,936,814,1106,1313,1628,1476
"ENSG00000154309",250.99999,437.99999,331.99999,210,174,171,227,296,288,366,268
"ENSG00000154310",853,1047,719,754,743,766,925,451,567,1177,806
"ENSG00000154319",92,52,34,620,591,575,718,223,366,582,518
"ENSG00000154328",222.99999,349,350,739,682,730,1055,775,993,1013,1028
"ENSG00000154330",217.99999,163,192,572,517,420,572,342,604,349,610
"ENSG00000154358",637.99999,400.99999,257.99999,196,296,284,257,249,183,295,356
"ENSG00000154359",182,296,255,79,68,76,98,95,89,103,101
"ENSG00000154370",54,63.99999,72.99999,238,326,294,248,138,93,124,273
"ENSG00000154380",1705,1639.99999,2056,2378,1655,2078,1749,1783,1678,1677,1883
"ENSG00000154429",219,240,250,373,240,312,288,237,254,249,282
"ENSG00000154447",218,109,158,651,571,691,760,716,1072,1195,978
"ENSG00000154473",454.99999,652,604,5119,4075,4302,5013,4157,4015,3483,3778
"ENSG00000154479",112,152,211.99999,46,39,52,50,38,42,38,28
"ENSG00000154511",173.00001,368,282,223,155,241,228,394,501,445,469
"ENSG00000154518",1644.99999,2177.00001,1901,6709,6570,6025,6956,8014,7084,5975,6333
"ENSG00000154529",143.99999,79,50,454,422,394,355,282,249,241,384
"ENSG00000154545",8,10,10,3733,3951,3815,4327,4152,3889,5809,4624
"ENSG00000154548",167,384,213,439,350,406,410,375,370,380,394
"ENSG00000154553",138,214,266.99999,828,1053,840,1058,971,857,1713,1074
"ENSG00000154556",3023.99998,3107.00002,3277.00002,2076,1440,1823,2100,2036,2122,2423,2179
"ENSG00000154582",1032,999.99999,978.00001,1166,965,1023,1111,1497,1163,844,1058
"ENSG00000154639",663,893,872,6263,4697,5341,5836,3367,3253,4156,3966
"ENSG00000154640",463,757,690.00001,2733,2328,2096,2687,1385,1166,1238,1495
"ENSG00000154642",214,187.99999,162,269,166,231,259,403,412,406,373
"ENSG00000154645",19,19,15,139,136,120,133,157,98,136,252
"ENSG00000154654",72,84,60,395,281,234,413,216,219,397,370
"ENSG00000154655",59,38.99999,30,22,21,26,24,33,24,49,63
"ENSG00000154678",1823.99999,1343.99999,3504.99999,641,416,499,361,828,847,1093,1150
"ENSG00000154710",532,379,282,599,491,656,739,807,837,988,958
"ENSG00000154719",370,534,455,656,491,475,508,948,824,677,782
"ENSG00000154721",251,275.99999,217,942,936,852,936,785,849,1082,867
"ENSG00000154723",1810,1976,1849,2949,2778,2691,2767,4870,3421,2463,3320
"ENSG00000154727",189,284,237,753,470,600,721,635,863,844,849
"ENSG00000154734",222,268,206,1467,992,1196,1321,2294,2513,2891,2744
"ENSG00000154736",17,19,19,34,30,25,38,37,14,33,56
"ENSG00000154743",1336.99999,1248.00002,543.99999,400,378,314,337,664,559,510,615
"ENSG00000154767",386,504,429,749,720,685,724,1197,1225,1508,1339
"ENSG00000154781",302,417,370,326,335,329,409,463,389,443,377
"ENSG00000154803",249.00001,236.99999,240,558,470,493,632,400,584,828,644
"ENSG00000154813",320.00001,375,278,1033,789,876,884,1177,1040,824,1082
"ENSG00000154814",272.99999,197,161,223,180,153,229,242,257,259,287
"ENSG00000154822",142,186,145,209,187,236,174,206,277,316,320
"ENSG00000154832",186.99998,287.99999,221.00001,920,1041,986,1074,1707,1701,1484,1489
"ENSG00000154839",28,70,57,191,168,179,176,143,197,171,160
"ENSG00000154845",506,512,506,529,492,532,477,1094,1165,1072,1070
"ENSG00000154856",158,100,75,161,196,185,166,341,242,101,287
"ENSG00000154864",262.99999,434.99999,409,273,221,228,231,207,229,321,337
"ENSG00000154889",229,179.00001,152,495,492,501,480,763,793,723,706
"ENSG00000154914",137,171,174.99999,158,135,142,112,239,170,162,232
"ENSG00000154917",410,528,475,3186,2667,2654,3471,1175,1299,1854,1802
"ENSG00000154920",44.00001,56.99999,44,190,202,169,174,195,174,184,194
"ENSG00000154928",76,59,49,661,777,723,909,818,750,1674,1214
"ENSG00000154930",43,48,63,106,135,119,109,109,149,74,138
"ENSG00000154945",209,254,267,205,218,216,171,248,227,242,225
"ENSG00000154957",85.99999,86.99999,84.99999,130,157,123,196,299,257,323,249
"ENSG00000154975",17,26,19,187,197,127,311,329,233,356,363
"ENSG00000154978",692.99999,271,577,954,1181,960,1028,1198,1082,1144,1257
"ENSG00000155008",274,312,293,852,627,689,931,556,680,756,657
"ENSG00000155016",68,76,68,56,77,72,59,90,65,105,142
"ENSG00000155034",170,137,169,158,162,193,172,199,204,333,273
"ENSG00000155052",57,103,48,103,146,126,199,202,314,723,407
"ENSG00000155066",68,26,70,13,23,6,26,7,12,18,17
"ENSG00000155085",391,443,327.99999,394,280,328,307,518,496,366,397
"ENSG00000155090",419,446,550,1866,1593,1553,1948,1885,2182,2180,2149
"ENSG00000155093",463,240.99999,508,305,489,314,348,157,158,207,213
"ENSG00000155096",891.00001,996,913,6082,4594,4660,5510,5356,5394,4968,5178
"ENSG00000155097",547,660,447,1109,896,1004,1161,1230,1499,1970,1652
"ENSG00000155099",258,397.00001,215,1686,1186,1312,1673,844,997,1029,877
"ENSG00000155100",174,167.99999,186.99999,131,107,137,87,186,204,169,176
"ENSG00000155111",601.00001,837.99999,884,624,385,495,461,438,444,485,449
"ENSG00000155115",640,635,597,942,787,835,844,1457,1237,1089,1111
"ENSG00000155158",351,261,246,146,126,137,146,179,201,268,226
"ENSG00000155189",492,655,553,364,260,245,234,409,382,404,363
"ENSG00000155229",938,1047,680.99999,1383,1392,1435,1480,1481,1863,2334,1915
"ENSG00000155252",139,117,147,322,487,379,400,445,421,392,408
"ENSG00000155254",130,120,92,79,109,120,98,172,148,171,215
"ENSG00000155256",237.99999,230,202.00001,892,1123,1081,1130,1241,1302,1636,1312
"ENSG00000155265",52,31,32,83,130,89,105,86,51,55,25
"ENSG00000155275",130,114,72,69,84,71,73,147,134,243,230
"ENSG00000155287",87.99999,103,103,94,108,96,79,98,69,76,68
"ENSG00000155304",369,540,448,1942,1300,1563,1929,1684,2113,1935,2029
"ENSG00000155307",7,27,28,26,15,31,11,19,22,23,33
"ENSG00000155313",386.99999,604,526,84,68,74,57,109,100,73,80
"ENSG00000155324",320.99999,269,341,297,210,246,333,532,579,792,678
"ENSG00000155329",255,311,328,438,253,316,284,426,408,310,417
"ENSG00000155330",225,370,341,358,263,361,390,276,397,352,358
"ENSG00000155363",357.00001,341.00001,533,1387,1348,1285,1543,1580,1419,1754,1486
"ENSG00000155366",595.99999,677.00001,727.00001,2959,3093,2447,3532,4445,3815,4001,3769
"ENSG00000155367",60,45,37,282,264,325,307,88,60,166,146
"ENSG00000155368",613.99999,890,897,2385,2505,2080,2287,3031,2393,2155,2344
"ENSG00000155380",1732,2521,2232,2919,2100,2581,3097,3528,4662,4969,4506
"ENSG00000155393",109,148,153,46,31,37,30,45,36,32,65
"ENSG00000155438",396.99999,387,329,503,463,369,504,767,659,600,646
"ENSG00000155463",783,972,791,1798,1791,1661,1893,1719,1665,1653,1624
"ENSG00000155465",18,14,119,19,19,22,19,13,12,33,15
"ENSG00000155506",863,763,636,1428,1544,1505,1589,1521,1519,1905,1710
"ENSG00000155508",402.00001,546,565,1680,1256,1511,1733,1837,2063,2000,2039
"ENSG00000155511",643.99999,605,626.00001,821,981,811,1003,959,1022,1534,1062
"ENSG00000155530",115,75,121,21,4,27,22,48,31,58,43
"ENSG00000155542",46.00001,66.99999,71,64,54,47,50,98,76,56,94
"ENSG00000155545",308.00001,248.99999,356,312,246,270,228,363,523,434,387
"ENSG00000155561",501,474,353,1132,806,1009,1169,1209,1724,1927,1698
"ENSG00000155592",191,152,139,365,316,400,423,362,332,630,584
"ENSG00000155621",134.00001,482,177,180,141,133,171,144,174,227,232
"ENSG00000155636",164,184.00001,190,195,153,164,159,293,280,281,276
"ENSG00000155657",1158,727.99999,1221.00001,354,353,455,398,688,312,836,882
"ENSG00000155660",530,502,478.99999,5099,5397,4505,6522,4026,5165,6102,5545
"ENSG00000155666",43,45,29,67,42,58,72,140,142,147,91
"ENSG00000155729",118,165,160,120,78,91,100,235,206,200,210
"ENSG00000155744",389,402,360.99999,493,367,487,463,449,497,648,538
"ENSG00000155755",523,602,567.00001,1175,1020,1081,1004,1847,1685,1800,1644
"ENSG00000155760",250,184,234,247,298,270,278,290,216,312,265
"ENSG00000155761",64,70,107.99999,42,22,31,28,18,44,23,31
"ENSG00000155792",10,12,11,67,74,78,111,79,68,160,48
"ENSG00000155816",367,382,511,80,92,101,75,105,56,86,86
"ENSG00000155827",329,428,392,1862,1733,1785,2176,1681,1669,1906,1700
"ENSG00000155846",15,28,17,27,42,41,50,69,49,67,71
"ENSG00000155849",104,121,34,345,548,318,498,204,122,363,224
"ENSG00000155850",81,96,90,342,333,319,328,487,480,673,592
"ENSG00000155858",98,116,93,377,273,390,338,215,168,205,166
"ENSG00000155868",123,184,134,198,175,194,180,419,379,386,410
"ENSG00000155876",417,345,421,1616,1631,1486,1854,1505,1275,2033,2304
"ENSG00000155886",54,17,18,102,106,128,60,69,28,130,149
"ENSG00000155893",400,373,364,1658,1523,1407,1844,1861,2063,2487,2175
"ENSG00000155897",30,54,22,42,42,40,69,66,66,148,164
"ENSG00000155903",503,467,431,140,87,130,112,166,161,178,175
"ENSG00000155906",372.99998,435.99998,411.99999,281,262,259,287,401,374,327,368
"ENSG00000155957",671.99999,666.00001,663.99999,1124,837,891,949,1819,1872,1254,1597
"ENSG00000155959",637,777,642,3071,2298,2331,2713,2405,2677,1882,2272
"ENSG00000155961",112,146,109,778,571,640,741,680,626,748,601
"ENSG00000155962",10,11,8,29,10,19,3,33,37,32,20
"ENSG00000155966",118,153,108,85,107,73,94,91,59,115,95
"ENSG00000155970",286,413,401,171,106,130,102,76,60,72,101
"ENSG00000155974",1144.00001,1248,1174.99999,436,334,423,337,424,460,637,596
"ENSG00000155975",401.00001,446,379,868,596,804,839,986,1042,1043,1048
"ENSG00000155980",282.00001,441,228,740,956,954,819,798,647,995,765
"ENSG00000156011",419,726.00001,361,1439,1263,1275,1533,1169,1178,1515,1676
"ENSG00000156017",180,221,239,113,99,120,84,110,93,101,166
"ENSG00000156026",196.99999,237.00001,233,771,515,671,704,437,475,710,643
"ENSG00000156030",231,321.99999,231,538,578,560,596,447,590,968,754
"ENSG00000156042",151,164,188.99999,92,73,84,83,155,154,140,141
"ENSG00000156050",90,78,98,269,273,283,416,451,439,468,476
"ENSG00000156052",461,669,501,855,688,711,759,928,683,719,704
"ENSG00000156076",227,30,226,170,142,171,256,968,939,1787,1202
"ENSG00000156097",22,14,23,39,49,51,63,123,165,120,148
"ENSG00000156103",263,309,164,440,293,358,358,254,332,414,379
"ENSG00000156110",643.00001,850.00001,475,857,891,788,914,1131,1129,1037,1017
"ENSG00000156113",1021,926,733,119,118,187,136,78,84,229,134
"ENSG00000156136",254,392,287.00001,1294,879,945,1282,945,964,1006,989
"ENSG00000156140",33,37,25,155,132,113,93,229,165,236,194
"ENSG00000156162",245.00001,258,282,547,316,388,493,457,664,546,604
"ENSG00000156170",364.99999,408,361,348,273,308,256,456,400,469,626
"ENSG00000156171",454,791,598,1390,1127,1136,1419,1131,1181,892,1006
"ENSG00000156172",58,82,76,169,118,155,200,178,286,244,263
"ENSG00000156218",30,16.00001,15,107,102,87,95,103,71,127,97
"ENSG00000156219",35,57,80,5,18,8,13,47,63,63,74
"ENSG00000156232",183,220,227,79,60,73,96,81,104,80,101
"ENSG00000156239",113,135,117,399,270,311,362,418,490,503,526
"ENSG00000156253",180.00001,104,68,455,404,437,414,530,566,502,522
"ENSG00000156256",545,530.99999,401,600,470,504,504,741,695,681,699
"ENSG00000156261",1026.00001,1837,1693,6350,5574,5708,6679,5542,5238,4699,5099
"ENSG00000156273",510,507,582,1045,841,886,1095,974,1253,1318,1210
"ENSG00000156298",766,724,491,11372,10897,10758,12176,7681,6696,8740,7540
"ENSG00000156299",418,628,483.00001,918,784,1010,954,773,823,1258,1429
"ENSG00000156304",448.99999,371.99999,291.00001,692,709,833,629,358,291,545,1051
"ENSG00000156313",283.99998,700.99999,201,287,222,264,237,315,334,488,417
"ENSG00000156345",154,189.99999,161,944,975,946,1184,1145,1192,1330,1174
"ENSG00000156374",143,179.99999,200,295,177,224,218,394,326,303,359
"ENSG00000156381",80,116,89,37,38,56,63,40,42,44,62
"ENSG00000156384",100,136,155,192,121,166,153,330,342,268,286
"ENSG00000156395",47,44,47,31,62,45,49,29,16,39,42
"ENSG00000156398",205,219,62,142,105,109,108,197,236,166,182
"ENSG00000156411",1590.00001,1868,1746,4790,4684,4102,4557,5915,4498,3322,4141
"ENSG00000156414",13,51,17,41,6,11,11,114,158,221,141
"ENSG00000156453",25,35,26,107,179,124,127,77,58,109,94
"ENSG00000156463",74,89,77,162,141,169,243,207,216,277,199
"ENSG00000156467",2432.00001,3281.99999,2766.00001,2918,2748,2654,2868,2720,2333,1799,2104
"ENSG00000156469",265,283,213.00001,209,184,186,185,523,418,279,400
"ENSG00000156471",243,250,231,1601,1584,1418,1846,1589,1828,1739,1781
"ENSG00000156475",782,612.99999,532.99999,733,701,630,753,685,514,832,706
"ENSG00000156482",13566,19699,17478,13522,14305,12194,13637,12263,10858,7037,9211
"ENSG00000156486",24,14,16,19,20,12,7,32,23,20,23
"ENSG00000156500",190.99999,161,176,275,213,216,284,223,157,229,189
"ENSG00000156502",258,269.99999,225,521,365,513,457,739,848,813,720
"ENSG00000156504",177,238,287,426,286,289,260,371,315,273,298
"ENSG00000156508",12365,18891.99999,15745.00003,284049,290644,231145,308545,237170,236145,169471,213375
"ENSG00000156509",13,22,12,33,14,34,12,38,30,37,46
"ENSG00000156510",19,21,13,30,33,17,30,47,40,201,66
"ENSG00000156515",1143.99999,1773,1361.00001,7270,7234,6990,8671,4358,6153,8898,6819
"ENSG00000156521",119,93,94.00001,92,131,114,129,185,131,157,190
"ENSG00000156531",504.00001,498.99998,781,4275,2598,3323,4129,2598,3087,3416,3056
"ENSG00000156535",35,38,21,8,6,12,28,10,20,24,15
"ENSG00000156564",132,130,122,109,89,92,75,165,193,200,305
"ENSG00000156587",349,440,346,3027,3050,2702,3590,3041,3115,3429,3259
"ENSG00000156599",312.00001,328,369,678,683,798,976,1199,1271,1562,1606
"ENSG00000156603",303.99999,323,249,336,378,338,409,630,405,402,457
"ENSG00000156639",1781,1016,1249,576,542,518,685,316,321,431,493
"ENSG00000156642",518.99999,509,476,830,731,720,937,950,1178,1276,1104
"ENSG00000156650",756.99999,839.99999,513.00001,530,568,566,673,916,807,1231,1099
"ENSG00000156671",320.99999,341.00001,343.00001,926,771,844,917,591,698,928,951
"ENSG00000156675",143,169,132,788,754,790,1138,683,841,1383,1243
"ENSG00000156687",56,56,115,52,105,64,75,67,49,86,104
"ENSG00000156689",39,165,49,16,19,19,21,31,34,24,36
"ENSG00000156697",99,139,226,278,294,277,275,508,394,379,436
"ENSG00000156709",243.00001,283.00002,365.99999,806,835,839,927,1291,1517,1704,1511
"ENSG00000156711",29,36,42,26,25,27,24,29,25,24,25
"ENSG00000156735",222,259,217,788,603,665,773,853,793,716,794
"ENSG00000156787",268.99999,378,257,223,125,156,197,229,290,227,284
"ENSG00000156795",233.99999,289,286,1349,1158,1079,1381,962,1109,644,859
"ENSG00000156802",581,765.00001,619,1023,650,818,851,1153,1544,1297,1243
"ENSG00000156804",122.00001,116,139,448,435,420,496,367,341,957,871
"ENSG00000156831",318.99999,347,316.99999,972,831,727,911,996,964,699,772
"ENSG00000156853",105,112,101,388,458,362,535,516,496,763,603
"ENSG00000156858",304.99999,334,295.99999,260,319,289,329,394,349,374,359
"ENSG00000156860",235,213,193,119,149,129,110,136,79,103,98
"ENSG00000156869",146,118,95,84,54,65,71,170,185,199,212
"ENSG00000156873",156.99999,147,180,712,835,744,851,1069,942,1064,882
"ENSG00000156875",272,403,327,1637,1369,1494,2157,1292,1976,2174,2073
"ENSG00000156876",165,218,289,119,88,98,86,117,95,88,125
"ENSG00000156925",211,340,673,1494,1481,1543,1627,2102,2327,2105,2253
"ENSG00000156928",331,377,333,288,325,341,382,580,450,587,447
"ENSG00000156931",883.99999,662,919,718,657,610,735,1022,1197,1288,1200
"ENSG00000156958",659,600,535.99999,356,356,392,487,450,506,616,590
"ENSG00000156959",91,58,52,66,148,81,105,86,77,101,72
"ENSG00000156968",58.99999,24,125,94,45,64,66,101,59,113,118
"ENSG00000156970",167,241,157,595,554,502,583,560,701,732,574
"ENSG00000156973",246,269,284,633,673,659,648,1124,800,765,858
"ENSG00000156976",2898.00001,4136.00001,3728.00001,10813,9231,8855,10688,9256,8415,6155,7438
"ENSG00000156983",133.00001,203,259.99998,552,499,544,647,478,545,736,771
"ENSG00000156990",277.99999,314.99999,280,1013,1001,950,1126,1247,1244,1212,1151
"ENSG00000157014",127,167,121,201,210,210,188,237,182,246,273
"ENSG00000157020",505,697,527.99998,4194,4667,3897,5089,4682,4167,3984,3937
"ENSG00000157036",258,349,168,235,182,208,196,318,368,349,342
"ENSG00000157045",175,194,155,472,441,430,471,266,220,227,309
"ENSG00000157064",96,125,99,921,938,1043,940,303,342,671,502
"ENSG00000157077",290.99999,479,468,222,186,238,193,134,157,214,287
"ENSG00000157087",132,38,87.00001,104,104,90,93,139,80,168,117
"ENSG00000157103",83,104.99999,38.99999,437,472,539,396,161,82,366,334
"ENSG00000157106",668.00001,686,658,1519,1002,1190,1277,1206,1150,1744,1809
"ENSG00000157107",374,594,442,444,311,330,401,418,543,439,458
"ENSG00000157110",456,299,238,240,286,347,199,182,131,158,165
"ENSG00000157152",68,54,43,74,87,79,80,92,65,81,78
"ENSG00000157168",1024.99999,751,484.99999,513,488,380,475,206,197,241,233
"ENSG00000157181",441,644.99999,738,488,322,390,427,674,627,647,583
"ENSG00000157184",170.99999,115,140,347,403,332,339,468,347,693,727
"ENSG00000157191",282,335,383.00001,246,370,309,433,716,644,733,746
"ENSG00000157193",356.00001,252,500,256,310,288,279,233,218,244,255
"ENSG00000157212",280.99999,245,261,121,100,103,84,188,152,183,186
"ENSG00000157214",197,143,118,210,87,155,145,160,149,212,170
"ENSG00000157216",2656,1878,1985,1028,1001,975,977,1044,1074,1108,1036
"ENSG00000157219",11,8,9,40,44,62,23,27,27,33,30
"ENSG00000157224",250,290.99999,256,956,704,848,884,950,1081,1082,1002
"ENSG00000157227",146.99999,80,195.99999,19,31,16,71,48,65,91,70
"ENSG00000157240",140,145,102,108,94,95,121,135,124,142,104
"ENSG00000157259",398,478.00001,412.00001,389,314,318,329,346,286,251,286
"ENSG00000157326",153,131,140,257,311,281,307,465,516,454,477
"ENSG00000157343",10,21,14,46,71,49,63,28,19,17,48
"ENSG00000157349",545.99999,676,483,1738,1693,1531,2076,1709,1694,1594,1614
"ENSG00000157350",394,341,327.99999,243,250,284,267,274,256,388,354
"ENSG00000157353",82,82,65,144,211,180,134,211,238,398,362
"ENSG00000157379",142,205,193.99999,543,595,582,588,740,703,786,746
"ENSG00000157388",455.99999,452,356,81,58,49,52,130,155,181,190
"ENSG00000157399",81,162,68,11,14,18,27,12,16,25,11
"ENSG00000157404",123,91.00002,119,264,257,269,376,277,320,400,313
"ENSG00000157423",114,192,150,377,273,283,312,282,260,369,279
"ENSG00000157426",485.00001,406.00001,439,156,172,218,216,389,334,332,265
"ENSG00000157429",97,76,107,211,178,197,165,340,395,407,389
"ENSG00000157445",147,135,75,77,146,83,104,178,167,76,122
"ENSG00000157450",413.99999,583.00001,440,1162,782,930,1141,942,1106,1401,1067
"ENSG00000157456",242,410,281,2586,2052,2168,2544,1618,1703,1575,1477
"ENSG00000157470",33,30,37,24,31,34,41,13,13,17,29
"ENSG00000157483",230,239,342,291,267,284,354,430,496,683,605
"ENSG00000157500",627,785.00001,797,983,701,791,1041,867,983,1164,1187
"ENSG00000157502",43,51,79,223,170,221,273,403,521,464,496
"ENSG00000157510",12,10,11,16,32,20,26,31,21,16,40
"ENSG00000157514",426,596,499,4707,4844,4378,5763,3691,4084,3954,3980
"ENSG00000157538",312,315.99999,338,605,554,608,745,835,934,1245,1009
"ENSG00000157540",1086.00001,1097.99999,968.99999,377,356,352,336,532,354,351,427
"ENSG00000157557",26,41,40,42,117,73,82,49,21,98,92
"ENSG00000157570",546,315,477,340,459,420,367,480,440,598,461
"ENSG00000157578",42,71,109,11,10,8,12,26,28,28,46
"ENSG00000157593",251,269,223,779,1030,821,1029,1369,1501,1970,1830
"ENSG00000157600",1027,403,687.00001,753,821,707,791,959,837,840,888
"ENSG00000157613",18,23,18,50,72,44,77,39,30,54,56
"ENSG00000157617",322.99999,205,255,127,117,83,62,158,124,102,176
"ENSG00000157625",273.99999,200.99999,177.99999,211,160,200,150,158,188,184,292
"ENSG00000157637",329,264.99999,244,933,1094,949,935,1344,1497,2548,2761
"ENSG00000157653",23,16,17,30,13,20,13,42,22,20,16
"ENSG00000157654",311.00001,89.00001,67,336,400,416,468,512,431,802,617
"ENSG00000157657",789,584.00001,543.00001,481,653,572,639,524,468,699,644
"ENSG00000157680",149,120,83.99999,73,57,73,60,92,77,86,56
"ENSG00000157693",104,112,131,129,129,91,115,204,121,190,197
"ENSG00000157734",35,50,37,33,48,52,52,30,36,26,42
"ENSG00000157741",434,478,535,219,228,274,199,287,211,286,318
"ENSG00000157764",980,1016.99999,1062,539,459,438,478,464,305,471,513
"ENSG00000157778",256,326,322,403,463,356,388,617,438,421,484
"ENSG00000157782",39,50,37.99999,19,25,25,21,40,18,29,30
"ENSG00000157796",619.99999,518.00001,543,625,528,657,617,778,991,933,904
"ENSG00000157800",257.99999,362.00001,328.99999,355,329,315,361,542,509,765,594
"ENSG00000157823",573.00001,600,423,1073,1083,940,1244,1171,1284,1420,1399
"ENSG00000157827",565,613,542,271,211,236,203,301,284,273,304
"ENSG00000157833",76,76,54,196,169,165,146,102,91,104,116
"ENSG00000157837",409,314,316.00001,257,269,218,224,385,283,355,308
"ENSG00000157851",1070,1446,709.00001,5517,7023,6151,5409,2657,2406,3722,4285
"ENSG00000157856",12,87,51,48,53,90,76,33,54,88,26
"ENSG00000157869",834,1128,994.00001,326,190,287,207,504,479,422,429
"ENSG00000157870",409.00001,246.99999,238.99999,990,1034,1011,1239,1238,1416,1508,1367
"ENSG00000157881",182,197.99999,213,440,580,641,626,945,962,1262,1106
"ENSG00000157890",214,170.00001,115,50,43,45,71,118,122,380,273
"ENSG00000157895",125.99999,128,122,188,226,241,250,375,344,397,317
"ENSG00000157911",105,103,113,760,785,715,882,784,671,1173,1393
"ENSG00000157916",402.00001,458,369,904,1059,971,1220,1399,1362,1679,1545
"ENSG00000157927",123,111,76,130,161,128,98,102,54,75,73
"ENSG00000157933",228,213,166,76,78,88,69,67,56,94,84
"ENSG00000157954",492,547.99999,571,383,420,445,365,529,401,462,517
"ENSG00000157978",45,56,43,119,146,126,156,194,238,213,364
"ENSG00000157985",3699,3006,2996.99999,698,633,795,683,950,820,1191,1184
"ENSG00000158006",201,140,120,114,124,141,120,391,406,405,448
"ENSG00000158008",15,21,17,53,45,59,38,100,128,122,144
"ENSG00000158019",527.00001,709,661,608,663,556,658,1122,1208,1251,1235
"ENSG00000158023",128,77,113,65,48,55,30,66,89,88,64
"ENSG00000158042",407,436,459,786,715,580,988,1177,981,891,956
"ENSG00000158062",165,221,171.00001,1053,1115,1010,1237,1109,1038,1135,1148
"ENSG00000158077",9,10,31,4,12,13,3,33,22,38,29
"ENSG00000158079",158.00001,177.99999,117,250,178,237,221,172,119,245,243
"ENSG00000158089",30,111,55,259,373,309,343,201,192,299,261
"ENSG00000158092",315.99999,346,274,946,686,713,910,1020,1156,970,1092
"ENSG00000158106",99,103,107,311,471,416,388,207,172,315,518
"ENSG00000158109",125,163,140,142,176,164,154,145,127,175,237
"ENSG00000158113",25,18,9,13,32,30,21,31,25,19,33
"ENSG00000158122",60,114,89,43,37,45,28,65,46,41,51
"ENSG00000158125",33,118,25,33,28,58,49,45,29,53,59
"ENSG00000158156",45,31,29.99999,27,12,27,22,25,17,29,40
"ENSG00000158158",239,120,185,273,230,257,311,357,244,343,268
"ENSG00000158161",379.99999,604,447.99999,712,675,653,807,756,987,830,904
"ENSG00000158163",139,173.99999,142,187,178,178,191,206,224,209,222
"ENSG00000158164",733,1033,977,5517,4864,4681,5007,4246,3480,2086,2758
"ENSG00000158169",248.99999,431.99999,435.99999,255,210,311,275,370,411,537,437
"ENSG00000158186",150,180,154,481,450,414,412,377,340,489,555
"ENSG00000158195",615,648,412,3220,3001,2956,3809,1699,2162,2112,2265
"ENSG00000158201",103,141.99999,120.00001,288,249,230,280,221,183,296,385
"ENSG00000158220",31,22,22,16,12,26,11,16,15,36,27
"ENSG00000158234",84.99999,69.99999,123.99999,29,27,40,14,72,34,36,40
"ENSG00000158258",484,277,257,1548,1607,1418,1622,698,659,1117,1046
"ENSG00000158270",252,205,346,325,403,346,344,883,881,739,1293
"ENSG00000158286",94,76.99999,159,84,94,66,64,288,234,226,296
"ENSG00000158290",357,462,657.00001,1513,1058,1092,1258,1260,1466,1488,1532
"ENSG00000158292",146,148,147,92,109,95,88,107,116,79,118
"ENSG00000158296",82,94,264,111,123,126,127,277,342,184,346
"ENSG00000158301",222.99999,188.99999,158,604,629,602,777,650,861,1408,926
"ENSG00000158315",185,67,39,24,26,23,31,31,17,22,18
"ENSG00000158321",3385.99999,1681,2533,656,777,641,584,447,428,626,519
"ENSG00000158352",67,107,98,127,137,161,136,294,311,327,311
"ENSG00000158373",151,186,209,1030,1009,803,785,505,366,284,296
"ENSG00000158402",109,154.00001,167.99999,324,293,274,343,221,197,256,186
"ENSG00000158406",34.99999,69,55.99999,39,18,30,36,65,56,70,62
"ENSG00000158411",277.99999,273,318,245,232,213,235,382,270,270,305
"ENSG00000158417",1262,1490,1192,528,449,476,491,815,604,715,718
"ENSG00000158423",55.99999,32,20.99999,36,41,68,59,111,97,88,118
"ENSG00000158427",14,11,16,962,864,756,665,1369,1235,623,1074
"ENSG00000158435",214,277,163,427,271,351,316,331,209,390,437
"ENSG00000158445",235,128,185,246,267,280,201,422,278,390,431
"ENSG00000158457",33,46,21,86,91,80,105,105,73,69,75
"ENSG00000158467",474.99999,454,424.00001,565,522,612,610,405,382,637,830
"ENSG00000158470",332,247,217,303,329,275,292,257,200,235,227
"ENSG00000158480",68,85,69,151,179,146,172,184,169,264,176
"ENSG00000158526",316,364,284,1736,1621,1598,1948,2013,2277,2137,2006
"ENSG00000158528",969,756.99999,839,882,805,888,959,1003,929,1237,1098
"ENSG00000158545",219.99999,309,258,313,296,362,329,418,463,569,602
"ENSG00000158552",135.99999,238.99999,200.99999,788,831,868,868,654,548,763,645
"ENSG00000158555",440,247.99999,246,396,488,507,468,467,270,442,367
"ENSG00000158560",123,62,53,269,232,240,390,105,61,191,155
"ENSG00000158604",806,949.99999,948,3247,3071,2949,4043,3495,3500,3507,3420
"ENSG00000158615",293.99999,264.99999,445,825,714,701,953,549,554,691,579
"ENSG00000158623",245,546,276,533,561,503,626,728,513,704,591
"ENSG00000158636",1077,749,1019,619,597,617,539,830,740,988,817
"ENSG00000158669",279,337,282,823,846,840,986,836,973,1429,1010
"ENSG00000158691",196,265,198,744,420,562,731,705,847,811,827
"ENSG00000158710",576,601,811,6024,5405,5064,5549,3687,3191,3753,3253
"ENSG00000158711",198.99999,206,295,206,124,142,110,126,102,93,116
"ENSG00000158716",139,126,87,397,395,400,389,532,385,446,426
"ENSG00000158717",87,111,85,85,142,114,58,53,65,90,122
"ENSG00000158747",437,253.99998,174.00002,114,152,103,125,182,155,90,196
"ENSG00000158769",41,77,67,122,109,98,221,68,103,195,122
"ENSG00000158773",120,118,138.99999,1203,1307,1136,1263,1588,1544,1530,1448
"ENSG00000158792",52,54,78,162,226,189,243,136,160,320,279
"ENSG00000158793",203,262.00001,211.99999,676,737,596,765,1123,1132,1053,1041
"ENSG00000158796",231.00001,297,260,1144,1026,948,1111,1030,1119,1264,1291
"ENSG00000158805",75,119,97,118,119,162,86,182,125,196,282
"ENSG00000158806",94,63,65.99999,45,67,55,64,66,51,52,51
"ENSG00000158813",15,19.00001,39,56,81,78,81,54,65,46,79
"ENSG00000158816",18,30,28,27,22,21,24,16,23,18,21
"ENSG00000158828",245.99999,274,309,355,488,367,454,577,425,508,519
"ENSG00000158850",188,240,191.99999,1532,1588,1361,1801,1381,1469,1538,1428
"ENSG00000158856",179.00001,74,52.99999,196,371,270,282,132,100,151,125
"ENSG00000158859",43,46,36,73,54,51,67,83,72,190,100
"ENSG00000158863",230,192,226.99998,469,656,633,619,565,528,999,977
"ENSG00000158864",549.99999,693,600.00002,3363,3331,3211,3512,3457,3943,4601,4011
"ENSG00000158882",90,114.00001,60,190,209,255,226,281,282,292,345
"ENSG00000158941",222,208,229,2099,2412,2286,2834,2810,3481,4189,3690
"ENSG00000158966",476,422,513.00001,258,266,258,277,246,296,275,321
"ENSG00000158985",374,827,674,1540,969,1225,1457,1283,1337,1388,1342
"ENSG00000158987",2147.99999,1740.99999,2008,627,470,532,586,533,490,578,570
"ENSG00000159023",3957,2419.99999,2946,1897,1505,1699,1841,1320,1592,1914,1826
"ENSG00000159055",162,216,215,292,252,215,207,365,307,281,309
"ENSG00000159063",621.99999,386.00001,529,789,615,708,723,926,842,805,806
"ENSG00000159069",373.99999,279,229,1285,1488,1318,1479,1437,1245,1637,1511
"ENSG00000159079",638,743,700,2147,2038,1791,2186,2554,2160,1984,2173
"ENSG00000159082",502.99999,484.99998,343.00003,361,226,331,336,413,369,626,588
"ENSG00000159086",550,686.00001,717.00001,390,254,286,231,341,240,262,257
"ENSG00000159110",204,240.99999,266,503,385,452,437,392,274,419,488
"ENSG00000159111",273.00001,412,285,1603,1616,1612,1868,1322,1378,1495,1340
"ENSG00000159128",343,450,301,302,413,402,254,229,185,213,295
"ENSG00000159131",371,388,335.99999,730,610,760,769,1360,1616,1678,1476
"ENSG00000159140",2447.99999,2252.99999,2254.99999,4191,3566,3912,3948,4161,3839,4423,4415
"ENSG00000159147",277,245,217,180,179,200,168,167,101,99,118
"ENSG00000159164",272,270,254,1994,2199,2150,2053,1230,1453,1976,1530
"ENSG00000159167",323,525,583,622,574,548,808,562,839,1019,808
"ENSG00000159173",51,51,43,720,832,650,999,520,525,390,613
"ENSG00000159199",552,620,576.99999,1529,1904,1539,1622,3251,2111,1804,2221
"ENSG00000159200",111,114,105.00001,161,174,152,149,275,256,352,277
"ENSG00000159202",505.00001,504,489,587,643,631,554,559,447,524,667
"ENSG00000159208",176,172.99999,155,930,752,750,1095,683,949,1250,876
"ENSG00000159210",435,408,354,1083,1032,945,1024,1150,1048,1288,1314
"ENSG00000159212",171,150,157,38,46,45,48,183,117,125,137
"ENSG00000159214",104,150,115,153,149,172,148,239,217,216,133
"ENSG00000159217",772,853,629,912,840,889,955,614,643,947,677
"ENSG00000159228",447,249,273,929,1174,933,1332,2107,2167,1620,1926
"ENSG00000159248",140,149,263,46,22,40,33,90,43,30,60
"ENSG00000159251",106,74,39,1368,2367,2124,2981,524,626,1035,1290
"ENSG00000159256",351,432.00001,394,558,331,539,601,538,642,751,655
"ENSG00000159259",104,121,125,203,155,181,202,330,352,316,332
"ENSG00000159267",268.00001,213,214,307,296,350,306,431,450,583,570
"ENSG00000159307",77,52,59,242,392,387,255,115,102,166,134
"ENSG00000159314",21,11,15,9,43,14,23,43,52,46,54
"ENSG00000159322",264,266.99999,219.00001,667,668,584,727,812,679,897,1082
"ENSG00000159335",3773,4515.00001,3835,669,726,711,606,756,541,548,523
"ENSG00000159346",383,485,645,2726,2507,2528,3092,2024,2163,2884,2927
"ENSG00000159348",168.99999,177.99999,269,996,999,925,1149,1648,1230,1431,1374
"ENSG00000159352",542,690,663,3334,3764,3294,3895,3941,3774,3914,3711
"ENSG00000159363",200,215.00001,212.00002,305,573,381,434,394,370,482,349
"ENSG00000159377",1326.00001,1260.99999,1390,1283,1518,1217,1273,1926,1662,1423,1533
"ENSG00000159387",65,47,19,52,80,43,76,1198,1834,1744,1381
"ENSG00000159388",164,223,296,903,1025,1008,1380,1049,1670,2778,1842
"ENSG00000159399",1007,1797,1701,3820,3075,3706,5319,2180,4490,4954,4098
"ENSG00000159403",71,78,121.99999,566,485,554,686,967,1281,2166,1385
"ENSG00000159409",709,551,417.99999,718,714,754,752,721,612,667,618
"ENSG00000159423",50,88,63.99999,334,495,344,467,543,690,607,642
"ENSG00000159433",380,444.00001,626,380,327,357,438,424,313,453,451
"ENSG00000159445",164,129,158,137,191,178,179,364,282,287,342
"ENSG00000159459",677,726,641.99999,428,376,424,403,603,647,870,716
"ENSG00000159461",351,387,424,941,932,837,903,909,619,745,776
"ENSG00000159479",269,266,246,947,952,874,1216,1265,1049,1060,1114
"ENSG00000159556",138,146,103,67,28,59,41,135,65,75,97
"ENSG00000159579",577,576,547,921,811,822,774,1051,1151,1398,1273
"ENSG00000159592",655.99999,512,519,1046,854,981,1159,1099,1312,1487,1372
"ENSG00000159593",1196,943,986.00002,1078,779,943,854,1857,1889,1430,1688
"ENSG00000159596",231,310,314,779,645,687,729,947,766,725,807
"ENSG00000159640",36,16.99999,23,35,51,36,29,63,53,63,64
"ENSG00000159648",10,30,14,10,15,20,27,18,17,26,22
"ENSG00000159658",557,338.00001,400,1261,1075,1049,1134,949,931,1574,1699
"ENSG00000159674",135,88,282,206,140,162,201,315,332,524,346
"ENSG00000159685",286.00001,367,275,974,1129,931,1238,932,844,825,764
"ENSG00000159692",847.99999,1002.99999,1102,686,746,641,658,719,719,727,680
"ENSG00000159708",53,32,64,31,30,41,29,41,42,22,17
"ENSG00000159713",297.99999,671,555.00001,1246,1241,1187,1158,1271,1180,1120,1172
"ENSG00000159714",96.99999,91,102,45,69,45,58,53,58,90,63
"ENSG00000159720",255,350,241,2708,3249,2782,3115,4785,4858,5122,4682
"ENSG00000159761",15,17,19,107,47,91,98,100,115,121,112
"ENSG00000159784",64,106,87,192,213,217,174,83,116,243,156
"ENSG00000159788",380.99998,271.99999,241.00001,628,608,669,678,559,540,644,657
"ENSG00000159792",139,88,134,346,464,453,462,544,723,1247,1186
"ENSG00000159840",352,337,229,753,953,936,768,442,382,549,796
"ENSG00000159842",732,797,735.99999,1278,1558,1394,1508,1853,2062,2885,2484
"ENSG00000159873",304,316,220,396,295,344,191,196,135,134,266
"ENSG00000159882",59,72,71,183,126,124,230,245,231,281,257
"ENSG00000159884",209.99999,240.99999,258,875,1016,875,1156,1040,820,844,823
"ENSG00000159885",58,82,56,70,61,76,96,95,115,97,103
"ENSG00000159899",130.00001,113,92,93,68,93,50,100,80,95,78
"ENSG00000159905",194,149,37,43,44,47,83,78,131,223,152
"ENSG00000159915",92,98,40,57,24,58,28,43,22,51,19
"ENSG00000159917",60,154.99999,125,66,51,51,34,107,116,135,130
"ENSG00000159921",572,655,433,346,228,338,331,329,342,419,463
"ENSG00000159958",46,82,41,19,11,16,7,12,5,18,15
"ENSG00000160007",576,441,459,855,881,1038,1030,836,910,1457,1230
"ENSG00000160014",1650.99999,1947,1613.99999,5183,5493,4652,5445,3449,3510,3703,3702
"ENSG00000160049",560,537,503,1671,1677,1638,1943,2270,2351,2180,2236
"ENSG00000160050",256.99999,405,344,1502,1740,1402,1652,1690,1241,1411,1461
"ENSG00000160051",58,43,51,206,151,158,155,195,214,278,157
"ENSG00000160055",93.99999,131,102,263,245,249,252,267,310,298,355
"ENSG00000160058",709,831.99999,700,2343,2706,2558,2959,2499,2682,3191,2739
"ENSG00000160062",158,170,145,239,195,247,218,395,261,234,242
"ENSG00000160072",89.99999,99,91,178,202,182,115,118,87,100,148
"ENSG00000160075",457,532,450,793,849,763,915,942,849,786,869
"ENSG00000160087",271,286,250.00001,535,666,559,570,354,226,570,701
"ENSG00000160094",655,373,563,330,282,283,284,233,273,276,364
"ENSG00000160097",343.99999,426.99999,367.99999,742,763,734,598,691,467,395,484
"ENSG00000160111",1008.00001,706.99999,607.00001,324,381,282,339,501,655,375,855
"ENSG00000160113",627,752,644,155,178,160,152,143,144,138,164
"ENSG00000160117",29,11,38,36,23,44,27,32,26,30,56
"ENSG00000160124",216.99999,262,246,75,42,59,44,97,74,55,71
"ENSG00000160131",385,509,502,2703,1742,2050,2241,2095,2127,1970,1905
"ENSG00000160145",3858,3083.00001,2378.99999,307,326,329,269,360,312,466,456
"ENSG00000160161",15,37,17,281,277,320,318,120,94,189,217
"ENSG00000160179",819,340,384.00001,121,156,103,164,171,116,185,182
"ENSG00000160188",47.99999,75,77,104,81,64,84,147,90,92,97
"ENSG00000160190",466,317.99999,171.00001,389,350,363,331,329,276,383,352
"ENSG00000160191",1178.00001,987,1190.99998,320,349,349,315,355,262,337,324
"ENSG00000160193",113,174,103,73,104,67,75,158,124,166,129
"ENSG00000160194",844,871,775,996,1137,881,1171,1226,833,886,859
"ENSG00000160199",180,177,674,504,532,541,581,680,560,646,691
"ENSG00000160207",50,34,17,50,49,42,41,36,63,59,70
"ENSG00000160208",282,353,294,670,784,799,606,668,499,791,926
"ENSG00000160209",366.99999,401.00001,358,504,586,560,483,674,584,815,845
"ENSG00000160211",251.99999,169,188.99999,189,206,188,189,183,267,271,236
"ENSG00000160213",1037.99999,1180,1270.99999,2095,2215,1827,2480,2497,1912,1861,2004
"ENSG00000160214",88.00001,123,99.99999,294,336,328,363,451,374,661,556
"ENSG00000160216",561,445,533.00001,229,202,275,211,330,334,411,437
"ENSG00000160218",320,245,210,109,141,102,103,122,105,154,182
"ENSG00000160226",121,139,114,398,458,448,396,493,434,696,692
"ENSG00000160229",133,151,171,180,148,197,150,334,247,289,312
"ENSG00000160233",34,61,59,153,197,214,166,112,71,108,184
"ENSG00000160256",232,244,155,78,58,76,73,94,59,78,101
"ENSG00000160271",485.99999,588.99999,472,561,807,703,587,615,475,431,502
"ENSG00000160284",112,207,200,444,439,447,538,382,250,373,395
"ENSG00000160285",487.99999,510.99999,436,1667,1778,1811,1925,1243,1896,2392,1831
"ENSG00000160293",319.00001,262,170,496,580,494,497,348,465,615,607
"ENSG00000160294",543.99999,438.00001,466,609,763,642,575,582,463,946,1269
"ENSG00000160298",336.00001,247.00001,248,245,327,248,242,329,358,367,347
"ENSG00000160299",494.00001,552.00001,350,448,478,475,397,462,466,765,689
"ENSG00000160305",596.99999,594,375,546,542,533,450,633,515,694,676
"ENSG00000160307",123,31,48,209,443,236,438,1092,1044,1240,1200
"ENSG00000160310",1303,1425,1189,4406,4622,4411,5157,5084,5664,5716,5650
"ENSG00000160318",50,25,41,52,56,70,59,45,32,24,33
"ENSG00000160323",227,101.99999,96,56,68,85,75,107,48,65,82
"ENSG00000160325",148.00001,185.99999,166.00001,793,1140,1041,1166,1229,1344,1619,1388
"ENSG00000160326",83,70,70,152,180,212,173,212,199,278,185
"ENSG00000160336",117,132,82,234,167,205,314,366,521,443,432
"ENSG00000160345",55,98,85,81,116,97,109,136,117,106,121
"ENSG00000160352",433.99999,436,489.99999,1001,683,741,923,630,869,828,737
"ENSG00000160360",434,436,438,380,451,409,368,400,313,436,426
"ENSG00000160392",80,98.99999,58,184,200,222,249,240,228,338,255
"ENSG00000160404",98.99999,129,112.99999,384,388,408,361,443,346,444,470
"ENSG00000160408",121.00001,196,153.00001,822,894,809,1003,578,577,817,822
"ENSG00000160410",169.99999,201,169,1282,1318,1198,1541,1239,1441,1552,1219
"ENSG00000160439",302.00001,255,169,221,230,237,238,277,265,373,369
"ENSG00000160445",261,296,274,1110,1415,1278,1637,1600,2172,2409,2302
"ENSG00000160446",141,112,103,166,191,159,257,356,271,356,300
"ENSG00000160447",42,68,52,59,67,122,77,102,147,133,164
"ENSG00000160460",100,143,115,72,94,98,116,61,28,61,80
"ENSG00000160469",215,221,196,52,44,53,37,36,25,31,39
"ENSG00000160471",19,9,9,16,32,19,22,28,10,20,15
"ENSG00000160539",24,23,29,116,94,83,105,141,113,99,103
"ENSG00000160551",1072,1216,1057,1085,937,1128,905,1291,1060,1342,1312
"ENSG00000160563",321,312.00001,213,833,861,847,940,1595,1645,1594,1497
"ENSG00000160570",112,136,120,956,1045,944,1101,828,580,1001,927
"ENSG00000160584",1059,933.99999,674,254,252,254,287,322,267,342,338
"ENSG00000160602",65,36,31,43,44,52,22,94,127,100,116
"ENSG00000160606",9,19,8,14,21,12,4,23,12,22,27
"ENSG00000160613",275,243.00001,228.00001,560,481,549,607,755,655,975,789
"ENSG00000160633",847.99999,983.00001,1080,2849,2866,2881,3258,3203,3142,3846,3878
"ENSG00000160679",634,620.99999,606,1552,1409,1581,1725,2174,1949,1757,1957
"ENSG00000160685",42,39,43,30,30,33,30,23,56,52,62
"ENSG00000160688",212.00001,229,218,692,785,744,728,1298,1320,1063,1151
"ENSG00000160691",544,332.00001,259,1686,1725,1555,1644,1341,1901,1681,1711
"ENSG00000160695",117,153,141,566,569,505,680,840,1049,1308,985
"ENSG00000160703",84.99999,55.00001,79.99999,26,30,41,56,63,93,116,164
"ENSG00000160710",870,848.99998,781.99998,3871,3761,3605,4141,4025,5097,6158,5893
"ENSG00000160714",313,481.99999,332,171,192,196,170,214,109,175,167
"ENSG00000160716",27,47,23,116,176,156,81,77,77,172,179
"ENSG00000160741",284,206.99999,213,326,302,332,372,357,470,413,437
"ENSG00000160746",409,407,364.00001,854,669,702,768,934,1148,924,1028
"ENSG00000160752",565.99999,947.99999,782,2659,3317,2650,2860,2495,2625,2385,2496
"ENSG00000160753",235.00001,194,223.00002,612,656,609,667,583,615,562,615
"ENSG00000160767",216,196,164,200,280,227,247,172,158,131,158
"ENSG00000160781",80,66.99999,45,215,197,224,193,359,313,352,311
"ENSG00000160783",373,403,381.00001,892,1102,750,1119,1281,1162,976,1117
"ENSG00000160785",218,224,187,583,648,582,739,839,884,1301,959
"ENSG00000160789",631.99998,624.99999,711.99999,654,718,654,811,672,621,1142,1022
"ENSG00000160796",88,83,64,113,110,85,84,72,100,133,161
"ENSG00000160799",367,363.99999,352,718,787,705,843,1019,813,758,748
"ENSG00000160803",139,114,89,672,807,685,742,621,674,759,725
"ENSG00000160813",129.99999,216.99999,201,55,35,41,30,47,30,24,25
"ENSG00000160818",76,72.00001,62,129,135,135,89,248,215,235,204
"ENSG00000160867",27,15,21,91,100,79,101,76,109,110,68
"ENSG00000160877",117,109,77,23,9,14,29,22,28,33,36
"ENSG00000160888",132.00001,178,160,973,1066,922,887,609,425,1112,929
"ENSG00000160908",269,208,143,306,326,290,445,471,403,527,463
"ENSG00000160917",237,283.99999,232,531,553,516,510,459,493,580,585
"ENSG00000160932",102,107,78,434,517,395,498,476,503,500,418
"ENSG00000160948",661,932.99999,872,3059,3482,2964,3435,3907,3478,3295,3193
"ENSG00000160949",80,56,47,333,299,354,332,326,412,571,549
"ENSG00000160953",830,1000,1654.00001,2023,1477,1679,1752,1625,1423,2254,2062
"ENSG00000160957",60,100.99999,71,83,118,95,76,150,98,135,234
"ENSG00000160959",130,101,131.99999,106,200,146,159,163,158,228,201
"ENSG00000160961",310.00001,309.99999,322,451,429,423,492,435,411,564,570
"ENSG00000160963",22,53,30,411,639,561,736,222,350,436,439
"ENSG00000160972",179.99999,173,137,440,488,471,570,681,560,892,816
"ENSG00000160991",397.99999,423.00001,424.99999,819,942,928,969,806,901,1633,1417
"ENSG00000160993",96,117,89,230,312,264,323,496,414,432,428
"ENSG00000161010",281,271.99998,288,561,589,561,578,821,683,902,769
"ENSG00000161011",1780.00001,1124,1089,4155,4688,3927,6112,6327,6415,9570,8516
"ENSG00000161013",342.00001,371,307,390,440,368,400,309,257,324,438
"ENSG00000161016",8270.00002,12029,9198.00001,27070,31982,24782,32074,27554,23536,17266,20742
"ENSG00000161021",414,296,255,314,298,428,347,389,409,384,371
"ENSG00000161036",122,95,92,609,591,578,573,890,818,918,908
"ENSG00000161040",610,509.99999,682.99999,60,55,81,80,59,63,45,60
"ENSG00000161048",331.00001,309.00001,487,231,217,217,220,270,300,276,324
"ENSG00000161057",567.00001,569,539.00001,1218,1177,1118,1416,2051,1925,2068,2060
"ENSG00000161082",225,240,196,128,191,164,152,74,78,114,92
"ENSG00000161091",182.99999,163,157,88,106,81,93,107,73,115,84
"ENSG00000161179",86.00001,111,72,298,337,327,301,241,168,305,326
"ENSG00000161202",529,535,475,1392,1438,1334,1512,1323,967,1224,1239
"ENSG00000161203",1174.00001,1291,1299,12548,13441,11536,14657,12770,13216,14088,13074
"ENSG00000161204",148,169.99999,146,455,475,513,546,818,1019,1160,1034
"ENSG00000161217",208,254,213,210,200,228,219,418,400,468,379
"ENSG00000161243",33,47,40,55,60,56,66,22,22,41,62
"ENSG00000161249",45.99999,55,50,168,153,141,216,271,291,481,371
"ENSG00000161265",62,153,121.00001,226,187,191,266,315,294,257,264
"ENSG00000161267",65,105,196.99999,99,85,74,82,107,153,132,147
"ENSG00000161270",48,76,43,114,90,89,104,108,65,95,71
"ENSG00000161277",153,219,193,927,895,861,1112,789,947,997,756
"ENSG00000161298",188.99999,187,184,123,54,95,121,117,128,141,122
"ENSG00000161328",24,14,27,29,34,33,21,66,57,49,45
"ENSG00000161381",322.00001,181.99999,186.99999,92,113,122,101,162,84,138,159
"ENSG00000161395",99,130.99999,136,385,410,440,432,656,767,793,746
"ENSG00000161405",28,26,9,55,30,39,37,40,36,65,44
"ENSG00000161513",59,71,72,278,391,318,398,290,294,411,311
"ENSG00000161526",307.00001,318.00001,351,882,1039,902,976,1617,1453,1563,1436
"ENSG00000161533",454,440,491,561,490,522,640,761,966,1198,1076
"ENSG00000161542",499,593,560,1302,1291,1204,1290,1243,1312,1533,1621
"ENSG00000161544",79,82,53,38,40,43,39,49,28,28,19
"ENSG00000161547",1043.00001,1067.99999,1171.99999,1908,1727,1640,1412,2266,1657,2008,2537
"ENSG00000161551",232.00001,333,302,135,113,153,110,140,135,172,189
"ENSG00000161558",65,94,64,199,206,194,265,250,240,341,222
"ENSG00000161609",45,39,19.00001,26,10,7,8,30,17,20,10
"ENSG00000161618",70,76.99999,49,189,197,142,179,258,377,426,436
"ENSG00000161638",81,115,103,388,473,514,697,643,908,1370,976
"ENSG00000161642",845.00001,789,780,2609,2400,2643,2606,3368,2715,2992,2715
"ENSG00000161647",133,107,123.99999,370,379,354,362,288,252,234,256
"ENSG00000161653",19,48,33,26,36,37,52,53,32,63,45
"ENSG00000161654",219,287.99999,159,1906,1608,1619,1909,1575,1445,1469,1688
"ENSG00000161671",697,640,768,249,276,304,299,274,263,292,291
"ENSG00000161677",152,161,132.99999,101,117,128,102,212,169,182,167
"ENSG00000161681",190,167,220,13,20,18,8,20,19,16,13
"ENSG00000161682",435,506,440,76,133,159,91,90,65,85,109
"ENSG00000161692",103,159,119.00001,129,117,115,109,92,114,129,137
"ENSG00000161714",155,92,134,178,222,179,190,265,200,225,247
"ENSG00000161791",138,124,131,310,337,351,244,610,589,598,827
"ENSG00000161800",493,570.00001,467.00001,2383,2122,1990,2676,1259,2187,2273,1912
"ENSG00000161813",676.00001,886,843,424,374,428,428,653,739,900,755
"ENSG00000161835",61,93,111,18,26,22,28,25,20,20,19
"ENSG00000161847",212.00001,149,177.00001,266,331,349,331,347,398,463,412
"ENSG00000161860",35,40,23,57,53,60,75,77,66,65,94
"ENSG00000161888",95,147,139.99999,204,265,162,220,238,279,254,214
"ENSG00000161896",15,12,14,56,84,62,64,28,39,73,57
"ENSG00000161904",258,276,267,150,195,160,149,182,125,142,188
"ENSG00000161914",31,48,44,24,36,20,16,36,22,37,27
"ENSG00000161920",119,176,132,131,145,174,187,454,326,316,356
"ENSG00000161921",31,27,47,99,83,98,128,106,126,185,205
"ENSG00000161939",303,430,365,818,536,540,596,722,519,528,583
"ENSG00000161955",20,15,17.99999,55,47,54,42,100,104,77,102
"ENSG00000161956",240.99999,170,198,175,188,152,207,220,248,276,237
"ENSG00000161958",235.99999,390,326,498,580,570,656,514,461,519,505
"ENSG00000161960",3184.99999,3757.99998,4009,4679,5181,4195,5158,3896,3660,3441,3392
"ENSG00000161970",9807.99999,13070,10578.99999,7216,7542,6642,7360,6779,7102,3664,5641
"ENSG00000161980",163,198,164,318,284,292,296,496,411,379,403
"ENSG00000161981",279,295,223,963,1070,803,899,1524,1104,1086,1138
"ENSG00000161996",203,184,152.00001,255,280,326,294,366,398,381,448
"ENSG00000161999",234,243,221,353,558,465,309,336,253,318,564
"ENSG00000162032",352,477.99999,422.00001,1797,1931,1723,2073,2020,1944,1879,1662
"ENSG00000162062",58,78.00001,50,174,223,224,205,245,246,245,283
"ENSG00000162063",125,176,145,322,393,462,490,344,408,765,492
"ENSG00000162065",166,158.99999,200.00001,220,250,291,288,346,392,484,410
"ENSG00000162066",55,100,97.99999,220,187,187,252,503,473,729,564
"ENSG00000162073",241,249.00001,252,412,420,331,327,568,406,553,630
"ENSG00000162076",245,267,265,533,662,541,703,858,677,643,651
"ENSG00000162086",288.00001,305,258,182,128,194,176,433,409,446,396
"ENSG00000162104",217,162,95,130,152,143,156,144,120,154,164
"ENSG00000162105",546,162.99999,264,166,220,250,180,223,175,318,255
"ENSG00000162129",358,419.00001,331,548,565,542,682,568,628,702,557
"ENSG00000162139",63,100,78,403,364,434,490,489,603,778,672
"ENSG00000162144",132.99999,91,73.00001,293,288,275,305,444,375,438,439
"ENSG00000162148",41,69.00001,56,165,116,147,129,119,77,70,81
"ENSG00000162174",196.00001,245.00001,167,1024,1150,955,1173,1053,1243,1538,1131
"ENSG00000162188",105,211,135,4027,4040,3552,4026,1707,1301,1530,1257
"ENSG00000162191",606.99999,928.99999,745,2104,2325,2121,2541,2180,1733,1839,1859
"ENSG00000162194",43.00001,81,34.00001,54,55,31,47,138,136,111,118
"ENSG00000162222",172,223.00001,183,382,452,333,460,505,374,482,476
"ENSG00000162227",112,87,97,35,58,36,31,63,38,51,78
"ENSG00000162231",334,385,392,1420,1371,1312,1506,2783,3117,2977,2980
"ENSG00000162236",245.99999,261.99999,328,261,308,252,255,321,325,265,286
"ENSG00000162244",4067,7839,6731.99999,14171,16666,12587,15464,15056,11786,8634,10597
"ENSG00000162298",282,310.00001,254,251,248,271,233,304,253,355,305
"ENSG00000162300",189,216,175,870,973,792,1022,841,717,836,737
"ENSG00000162302",55,69,63,23,39,30,49,58,52,75,74
"ENSG00000162337",481,285,307,280,312,320,287,353,284,315,296
"ENSG00000162341",125,246.99999,235.99999,99,79,100,90,120,146,218,233
"ENSG00000162344",148,263,112,872,664,730,628,861,890,327,880
"ENSG00000162368",473,493.00001,471,654,475,560,556,886,817,611,759
"ENSG00000162373",280.00001,412,309,672,607,613,736,650,664,844,680
"ENSG00000162374",190,79.99999,84.99999,1482,1496,1542,1285,666,403,513,393
"ENSG00000162377",97,98,95,224,309,305,317,391,418,602,457
"ENSG00000162378",427,422,521,1709,1358,1540,1708,832,979,1494,1668
"ENSG00000162383",655.00001,528,766,438,490,663,416,1802,1792,1919,1977
"ENSG00000162384",288,362,331,652,670,688,661,1092,953,916,862
"ENSG00000162385",387,452,403.00001,267,266,226,231,563,345,327,385
"ENSG00000162390",78,74,79,45,64,102,66,189,169,199,209
"ENSG00000162396",45,64,60,126,141,105,185,233,248,319,230
"ENSG00000162402",830,938.00001,662,363,427,392,332,551,437,567,579
"ENSG00000162407",552,799,662,2501,2528,2414,3394,2403,2172,2687,3342
"ENSG00000162408",245,245,180,351,271,352,343,273,244,437,527
"ENSG00000162409",530,440,439,624,379,468,529,499,474,410,477
"ENSG00000162413",79,73,74,226,285,199,217,225,197,207,232
"ENSG00000162415",379,267,280,372,367,306,317,424,497,548,479
"ENSG00000162419",142,189,152,271,263,273,345,421,416,529,488
"ENSG00000162426",25,41,39,70,78,64,84,86,76,82,75
"ENSG00000162430",425,462,339,385,511,365,462,372,323,364,360
"ENSG00000162433",727,814.99999,1136.00001,1491,1310,1499,1879,1497,1987,1907,1885
"ENSG00000162434",764.00001,778.00001,850.00002,2359,2090,2265,2271,1644,1648,2471,3528
"ENSG00000162437",241,239,210,147,122,135,137,172,161,122,136
"ENSG00000162441",466.00001,540.99999,527,857,708,793,832,1060,1324,1263,1326
"ENSG00000162444",16,22,42,35,34,21,72,85,38,32,56
"ENSG00000162458",108,98,64,155,129,126,166,219,173,270,249
"ENSG00000162461",12,32,24,9,9,9,23,17,30,19,34
"ENSG00000162490",81,94,76,474,792,613,708,271,358,568,512
"ENSG00000162493",181,164,244,644,607,570,815,753,849,1032,966
"ENSG00000162496",883,1172,1229,3809,5801,4656,6250,6794,7094,8844,7236
"ENSG00000162512",336,335,220,1305,1762,1450,1661,824,715,1286,813
"ENSG00000162517",258,389,326,1567,1746,1513,1710,2321,2383,2116,2196
"ENSG00000162520",22,19,35,939,231,450,395,813,719,484,769
"ENSG00000162521",1442,1826,1744.00001,12131,9740,9679,11525,12812,13111,11261,12618
"ENSG00000162522",238,255.00001,159.00001,406,431,392,398,247,230,313,280
"ENSG00000162545",289,425,464,607,536,505,511,349,273,206,222
"ENSG00000162551",11,37,20,130,215,133,263,127,73,198,102
"ENSG00000162552",11,12,13,31,89,64,106,26,3,38,26
"ENSG00000162572",65,39.99999,71,65,84,91,81,111,101,86,87
"ENSG00000162576",94,60.00001,86,481,630,541,476,230,150,481,565
"ENSG00000162585",442.00002,403,353,713,870,747,709,625,461,704,970
"ENSG00000162591",94,156,179,336,519,441,371,265,251,492,564
"ENSG00000162599",625.99999,425,681.99998,721,844,593,878,1128,1088,1743,1516
"ENSG00000162600",259,135.99999,183,124,91,98,120,282,305,191,283
"ENSG00000162601",278,375.99998,416.99997,472,268,319,263,317,359,400,355
"ENSG00000162604",808.99998,824.00001,886.99999,551,432,530,465,742,669,589,707
"ENSG00000162607",433,542.99999,549,1126,657,862,791,1029,1195,897,967
"ENSG00000162613",1218,1502,1413.99999,2641,2020,2045,2081,2163,2373,2091,2291
"ENSG00000162614",102,133,74,48,27,43,66,45,38,35,29
"ENSG00000162616",206.99999,266,205,620,440,442,497,469,506,498,522
"ENSG00000162620",57,14,10.00001,90,37,50,51,110,104,59,113
"ENSG00000162627",256,339,323,450,300,402,482,480,478,508,477
"ENSG00000162630",61,86,76,40,49,45,71,105,73,108,85
"ENSG00000162631",65,31,8,68,109,42,110,32,28,41,40
"ENSG00000162636",305,314,313,293,176,235,212,229,148,160,216
"ENSG00000162639",20,13,29,33,3,30,16,45,54,47,44
"ENSG00000162642",443,521,486,840,660,571,724,675,601,548,502
"ENSG00000162643",9,16,26,20,16,7,23,20,15,34,25
"ENSG00000162650",93.99998,101.99999,63.99999,144,133,115,131,194,133,210,202
"ENSG00000162664",1455,1392,1358,1141,814,854,867,1547,1498,1473,1393
"ENSG00000162669",304,278,302,134,90,76,60,234,177,115,169
"ENSG00000162687",1357.99999,1881,1211.00001,158,95,102,98,196,181,185,193
"ENSG00000162688",954.99999,1155,1261,493,349,656,543,889,1066,2095,1421
"ENSG00000162694",251,333,306,545,550,528,528,853,754,649,709
"ENSG00000162695",353,415,343,329,249,343,284,521,437,538,537
"ENSG00000162702",276,327,293,1253,929,1053,1409,1082,940,1181,1002
"ENSG00000162704",574,760,629,3138,2370,2565,2773,3758,3547,2890,3338
"ENSG00000162706",1190.99999,1126,1184,1363,1458,1338,1479,1195,1506,1571,1300
"ENSG00000162714",244,213.99999,127,743,809,745,784,618,543,763,792
"ENSG00000162729",178,268,202,2046,2480,2145,2744,1425,1532,1881,1635
"ENSG00000162733",43,37,60.99999,148,173,141,224,292,225,568,334
"ENSG00000162734",1612,1934,1912,10081,10568,9090,11071,7572,8559,10722,10137
"ENSG00000162735",325,449,396,3033,2758,2700,3348,3299,3618,3576,3437
"ENSG00000162736",441.99999,440,402,3660,3572,3386,4076,3466,4813,5729,4819
"ENSG00000162738",473,484,398.99999,2354,2395,2216,2567,974,1186,1569,1236
"ENSG00000162745",83,75,95,266,228,315,328,384,318,632,415
"ENSG00000162755",78.99999,95,83,647,776,567,651,1019,723,724,813
"ENSG00000162757",25,25,30,0,11,66,34,115,79,79,61
"ENSG00000162761",13,91,46,1,6,25,5,6,20,5,21
"ENSG00000162769",320,291,271,427,297,329,284,410,332,267,325
"ENSG00000162772",63,93,49.99999,492,505,503,593,347,233,505,353
"ENSG00000162775",197.99999,184,153,460,463,497,476,283,384,456,288
"ENSG00000162783",191,297,222,161,127,108,93,113,80,102,65
"ENSG00000162804",80.99999,93,166,31,39,49,48,70,71,65,62
"ENSG00000162813",225,260,219,264,231,185,298,347,334,265,306
"ENSG00000162814",32,37,36,60,48,43,51,104,90,68,88
"ENSG00000162817",11,22,18,60,63,83,85,36,18,52,68
"ENSG00000162819",325,372.00001,365,1090,620,769,805,858,967,897,892
"ENSG00000162825",113,145,111,166,203,206,211,199,176,391,296
"ENSG00000162836",152,179,132,444,368,393,399,351,417,516,419
"ENSG00000162849",61,88,62,298,183,310,209,372,332,291,497
"ENSG00000162851",115,124,117,168,126,163,179,282,254,223,242
"ENSG00000162852",220,178,346,857,623,767,878,870,1110,1155,1073
"ENSG00000162869",1098,727,998.99999,439,354,412,426,766,810,852,822
"ENSG00000162873",83.99999,63.99999,84,593,742,611,641,426,339,951,547
"ENSG00000162878",455,595,604,465,349,408,357,352,233,285,283
"ENSG00000162885",400.99999,371,320,834,680,748,726,594,427,699,967
"ENSG00000162889",222,299,220,129,134,111,101,137,134,173,124
"ENSG00000162909",521,604,506,1128,1136,1075,914,1067,947,1072,1449
"ENSG00000162910",268.99999,365,288.99999,1569,1898,1651,1840,2424,1758,1708,1622
"ENSG00000162923",1157.00002,941.00001,723.00001,631,461,666,543,876,654,662,722
"ENSG00000162924",255,288,299.00001,271,195,296,303,229,220,384,347
"ENSG00000162927",177,145,122,90,52,89,70,126,159,130,137
"ENSG00000162928",232,408,368,1127,871,870,1184,934,860,741,828
"ENSG00000162929",683,619.99999,487,328,209,247,321,272,357,321,339
"ENSG00000162931",84.99999,87,52,17,5,22,18,30,18,17,30
"ENSG00000162944",124,237,205,592,409,551,625,471,500,603,517
"ENSG00000162946",71,38,33,38,39,34,32,37,35,99,86
"ENSG00000162951",13,8,28,23,32,21,30,18,5,39,25
"ENSG00000162959",1035.99999,866,1300.99999,615,512,509,532,429,426,432,416
"ENSG00000162961",793.00001,793.99999,799.00001,1193,1002,995,1100,1785,1348,842,1223
"ENSG00000162971",251,223.99999,255.99999,357,228,227,317,370,363,347,352
"ENSG00000162972",171,165,145,96,107,117,117,201,181,252,191
"ENSG00000162975",15,15,25,34,66,27,50,20,19,20,17
"ENSG00000162976",45.99999,58,71,421,286,320,344,404,331,372,466
"ENSG00000162980",519,732,741.00001,631,376,507,363,349,335,367,611
"ENSG00000162981",277,207,242,1298,1178,1117,1279,1753,1862,1853,3487
"ENSG00000162989",33,68,74,89,100,82,86,119,76,76,77
"ENSG00000162992",1589,2037.99999,1990,3714,3221,3766,3201,10064,8394,7507,8441
"ENSG00000162994",448,264.00001,265,244,164,170,178,397,336,282,288
"ENSG00000162998",353,321,486,1620,1494,1621,1985,1587,1620,2631,1920
"ENSG00000162999",56,54,69,97,65,80,83,105,155,165,133
"ENSG00000163001",790.99999,740,749,1052,994,959,1142,1349,1199,1080,1104
"ENSG00000163002",308,175,515,167,174,187,223,475,445,280,354
"ENSG00000163006",295,645.00001,419,266,206,210,230,309,298,227,273
"ENSG00000163013",93,75.00001,70,127,170,171,181,143,121,184,177
"ENSG00000163026",150,140,95,254,210,313,282,324,305,326,352
"ENSG00000163029",402,455,552.99999,304,285,322,300,457,466,423,462
"ENSG00000163032",24,25,16,961,735,760,1047,413,282,637,545
"ENSG00000163040",88.99999,139,133,608,735,610,770,525,486,536,608
"ENSG00000163041",222,302,255,26480,24761,22263,23661,32410,25482,18995,22806
"ENSG00000163050",92,174,143,716,861,884,1266,967,1232,1261,1074
"ENSG00000163053",113,128,111,538,514,504,726,413,516,716,596
"ENSG00000163069",366,476.00001,416,2621,1812,1961,2410,1550,1813,2035,1874
"ENSG00000163071",100,154,49,105,68,49,56,29,42,45,33
"ENSG00000163075",107,118.99999,81,65,63,61,81,84,62,61,105
"ENSG00000163083",102,84,253,8,12,17,11,33,41,18,20
"ENSG00000163093",230,243,260,95,96,118,99,98,136,136,170
"ENSG00000163104",844,1119,800,631,384,474,437,812,920,939,914
"ENSG00000163110",2389,1968,1667.00001,3026,2090,2482,3082,2070,2482,3066,2623
"ENSG00000163125",688,544,621,889,913,990,1137,1159,1253,1412,1318
"ENSG00000163126",59,101,33,67,74,45,50,67,65,82,101
"ENSG00000163132",27,49,36,14,29,15,31,42,39,46,37
"ENSG00000163138",624,311.99999,271.99999,287,162,165,231,307,318,274,302
"ENSG00000163155",132,109,150,283,275,298,257,356,254,229,222
"ENSG00000163156",228.99999,249,246,742,854,729,824,992,721,729,771
"ENSG00000163159",301,415,341,2429,2625,2169,2592,2762,2320,2012,2124
"ENSG00000163161",326,430,355.99999,776,877,850,753,1354,1410,1645,1446
"ENSG00000163162",372.00001,328,521,377,335,312,305,215,135,316,433
"ENSG00000163166",487,623,472.99999,728,651,645,680,1091,947,1085,1016
"ENSG00000163170",268.99999,329,278,198,128,148,157,320,220,176,217
"ENSG00000163171",331,326,472,752,705,700,914,1524,1381,978,1602
"ENSG00000163191",174,118,70,112,157,114,183,383,394,637,416
"ENSG00000163214",437.00001,332,341,403,404,389,412,584,602,706,641
"ENSG00000163249",770,579.00001,402.99999,94,83,120,73,144,159,182,206
"ENSG00000163251",875,1222,1222,3141,2090,2810,2745,2107,2478,2510,2759
"ENSG00000163254",13723,942,1361,6,4,58,22,84,15,1,61
"ENSG00000163257",536,498,432,1220,889,850,1187,1158,1479,1456,1449
"ENSG00000163273",20,13,18,123,114,109,103,16,16,54,55
"ENSG00000163281",214.99999,298.00001,280,760,495,639,683,737,947,784,756
"ENSG00000163291",230,162,228,525,353,462,346,318,250,298,366
"ENSG00000163297",311,251,263,282,221,295,249,255,252,365,321
"ENSG00000163312",273,289.99999,273.99998,150,182,195,208,399,326,339,343
"ENSG00000163319",372,372,399.00001,604,470,499,531,854,738,650,711
"ENSG00000163320",770,746,856,3481,2374,2670,3043,2808,3095,2880,3232
"ENSG00000163322",326.00001,338.00001,271,289,172,150,194,213,233,145,196
"ENSG00000163328",307,408,339,224,185,320,231,385,331,412,367
"ENSG00000163331",2155,1871,1778,9060,8408,6474,8354,12151,8994,5489,8768
"ENSG00000163344",280,328,305,634,787,735,807,1254,1097,1143,1123
"ENSG00000163346",205.99999,246.99999,242.00001,1285,1454,1289,1712,1978,2704,3488,2989
"ENSG00000163347",131,121,148,1673,1359,1283,1618,2261,2632,1550,2633
"ENSG00000163348",182,198,145,728,758,736,749,758,752,953,973
"ENSG00000163349",972.99999,1127.00002,794.00001,1552,1095,1303,1390,1240,1248,1292,1384
"ENSG00000163354",27,47,19.99999,38,28,20,31,4,5,6,15
"ENSG00000163362",20,18,12,95,101,97,92,57,107,146,98
"ENSG00000163374",336.00001,376.00001,383.00001,1140,1134,1186,1326,1351,1206,1479,1389
"ENSG00000163376",18,15,10,32,18,31,17,41,46,51,52
"ENSG00000163377",407,220,229,143,95,108,91,662,595,602,677
"ENSG00000163378",233.00001,160,229.00001,51,28,30,47,185,187,198,192
"ENSG00000163382",535.99999,540,431.00001,1719,2245,1683,1949,2736,2234,2133,2493
"ENSG00000163389",129,162.99999,184,291,282,342,253,592,560,547,537
"ENSG00000163393",52,62,37,90,60,75,88,101,70,65,76
"ENSG00000163399",499,512.99999,533,2262,2569,2227,2591,1395,1221,1973,2021
"ENSG00000163406",48,47,49,50,109,112,97,529,727,590,771
"ENSG00000163412",227,391,362,298,223,243,231,275,262,204,289
"ENSG00000163428",247,335,238,1018,687,904,906,649,627,919,965
"ENSG00000163430",574,464.99999,497,5668,5694,5094,7833,5819,7639,9192,9000
"ENSG00000163431",616,368,459,250,270,264,255,701,660,642,794
"ENSG00000163435",13,15,18,34,39,36,50,32,107,157,77
"ENSG00000163444",193,263,376,2325,2172,1949,2376,2375,2176,2213,2545
"ENSG00000163449",257,122,126.00001,415,504,398,385,578,555,679,718
"ENSG00000163453",990,644,925,183,320,267,217,297,167,184,311
"ENSG00000163462",107.00001,101,65,325,304,274,355,297,347,341,283
"ENSG00000163463",867,961,977,1598,1825,1606,1857,2358,1676,1484,1638
"ENSG00000163466",976.00001,1216,1056,4032,3961,3849,4132,4373,4092,4156,4526
"ENSG00000163468",1574,1333,1195.99999,7950,8684,7296,9043,9568,9323,8294,8918
"ENSG00000163472",39,48,45,97,89,90,130,177,191,156,168
"ENSG00000163479",974.99999,1310,1125.00001,3582,3866,3099,3983,4544,3910,3423,3745
"ENSG00000163481",70,97,108,400,400,345,416,598,531,598,522
"ENSG00000163482",192,128,113,407,551,507,499,873,1097,998,977
"ENSG00000163485",70,42,56,126,150,133,195,186,252,305,240
"ENSG00000163491",87,139.99999,65.99999,24,17,21,18,22,38,30,25
"ENSG00000163492",62,32,47,102,59,129,83,310,342,307,374
"ENSG00000163499",5234.00001,672,455,2,4,48,10,30,12,1,81
"ENSG00000163507",255,325,217,329,242,281,263,183,310,257,336
"ENSG00000163508",26,18,9,7,3,5,4,55,31,34,36
"ENSG00000163510",291,432,378,480,345,510,552,665,699,660,731
"ENSG00000163512",277.99999,515.99999,500.00001,1030,791,809,983,1206,935,967,972
"ENSG00000163513",26,33,25.99999,26,22,7,36,29,49,46,54
"ENSG00000163516",240,369.00001,322.00001,1213,1102,1227,1432,1324,1314,1398,1279
"ENSG00000163517",421,213.00001,190.99999,807,847,773,1199,786,900,1239,992
"ENSG00000163520",93,65,94,1804,1825,2304,2975,1044,1606,3828,2171
"ENSG00000163521",34,52,50,113,163,152,114,236,220,314,267
"ENSG00000163527",462,570.99999,532.00001,821,595,545,683,709,544,553,668
"ENSG00000163528",76,78,93,208,241,239,266,254,198,292,252
"ENSG00000163531",219.99999,387.99999,408,1281,1410,1334,1613,570,588,984,758
"ENSG00000163535",126,212,155,314,175,245,276,190,220,219,185
"ENSG00000163536",37,154,39,344,358,311,406,257,221,397,290
"ENSG00000163539",4881,3755,3134.00001,3601,2647,3222,3211,3346,3850,4156,4005
"ENSG00000163541",467.99999,655,608,2149,2051,1945,2403,2421,2032,1751,1989
"ENSG00000163545",100,79,110,378,365,342,553,421,572,759,584
"ENSG00000163558",276,350,309,818,567,718,624,532,488,758,808
"ENSG00000163565",64,60.99999,42,87,89,83,114,196,248,427,309
"ENSG00000163568",66,120,51.00001,23,17,15,22,38,30,39,34
"ENSG00000163576",22,50.00001,35,18,24,18,16,49,33,46,24
"ENSG00000163577",61,95,56,252,186,200,249,189,242,244,225
"ENSG00000163584",417,580,421,502,363,327,332,458,433,164,269
"ENSG00000163590",823,1644,1005,2074,1436,1702,1730,1133,1188,1582,1632
"ENSG00000163596",642.00001,614.99999,419,599,484,520,569,585,591,651,685
"ENSG00000163602",387,493,425,850,742,774,861,614,499,510,514
"ENSG00000163605",741.99999,1169,1188,709,462,514,568,750,762,695,750
"ENSG00000163607",166,71,143.00001,204,120,138,145,165,170,154,156
"ENSG00000163608",243.00002,297.99999,206.99999,1024,768,717,949,665,704,557,637
"ENSG00000163611",196,301.00001,254,628,514,537,691,627,738,578,632
"ENSG00000163617",396.99999,328,298.99999,193,178,208,199,266,224,179,269
"ENSG00000163618",1939,1577,2078,863,750,793,709,1380,1068,1163,1348
"ENSG00000163624",105,139,154,195,143,205,182,204,167,271,290
"ENSG00000163625",1160,1304,840,355,271,378,365,506,456,588,638
"ENSG00000163626",297.99999,251,303,374,284,314,354,406,401,342,333
"ENSG00000163629",1757,1605.99999,3941.99999,1050,750,889,861,986,886,1327,1695
"ENSG00000163630",1007,597,769,1408,991,969,1308,1678,2021,1203,1817
"ENSG00000163634",575,722,608.99999,656,459,580,491,1106,904,647,793
"ENSG00000163635",400,399.00001,243,206,132,187,186,194,124,148,127
"ENSG00000163636",551.00001,617.00001,665,1533,1229,1281,1294,1949,1896,1860,1910
"ENSG00000163637",896.99999,501,775.00001,575,629,744,773,1260,1772,2557,2268
"ENSG00000163638",122,123,122.00001,50,35,46,40,86,136,84,175
"ENSG00000163644",145,188,166,613,493,523,685,437,528,576,495
"ENSG00000163646",250.00001,266,236,43,36,54,37,47,22,67,68
"ENSG00000163655",451,606,584,2945,2266,2439,3290,2279,2528,2604,2551
"ENSG00000163659",466,315,448,690,657,695,740,605,1019,918,976
"ENSG00000163660",558.99999,756,697.00001,1109,833,911,978,1388,1229,1163,1162
"ENSG00000163661",9,20,18,35,66,57,48,25,12,31,47
"ENSG00000163666",30,68,31,24,18,24,42,30,34,21,23
"ENSG00000163681",1418.00001,1621.00001,1159,430,296,361,377,349,311,522,552
"ENSG00000163682",427,605.00001,530,12466,13337,10163,11970,15241,13216,5622,9951
"ENSG00000163683",412,536,502,1770,1448,1339,1636,1803,1798,1630,1688
"ENSG00000163684",270.00001,252.00001,221,109,154,149,124,270,206,255,305
"ENSG00000163686",138,161,169,224,243,209,291,431,411,728,586
"ENSG00000163689",33,83,52,39,27,33,34,24,13,24,40
"ENSG00000163694",49,97.99999,113.00001,127,122,108,154,282,431,376,446
"ENSG00000163697",694,558.00001,505.99999,1526,1316,1696,1644,1654,1785,2237,1789
"ENSG00000163702",52.99998,75.99999,83,201,239,215,240,562,540,639,648
"ENSG00000163703",341.00001,360.00002,331.00002,1540,1717,1527,1994,1523,1304,1621,1592
"ENSG00000163704",106,115,97,64,128,96,71,54,43,89,136
"ENSG00000163710",53,49,115,117,107,129,146,111,82,90,150
"ENSG00000163714",995.99999,1301,1228.99999,1108,899,1050,839,1872,1499,1287,1504
"ENSG00000163719",322.00001,260,204,296,398,434,350,701,643,815,736
"ENSG00000163728",538.99999,737,644,1023,525,673,640,703,682,637,634
"ENSG00000163738",505.99999,673.99999,567,595,383,442,447,704,747,457,552
"ENSG00000163743",213,324.99999,282,1308,732,1031,1216,1252,1536,1294,1277
"ENSG00000163754",473,575,564,4408,3673,3282,4146,3943,3646,2766,3340
"ENSG00000163755",217,233,275,708,642,688,929,1038,1370,1503,1315
"ENSG00000163781",469,633,748,970,666,966,783,772,809,1053,1113
"ENSG00000163785",469,533,497,264,231,264,241,395,258,196,244
"ENSG00000163788",207.99999,178.00001,184.00001,520,471,554,643,643,737,877,745
"ENSG00000163794",11,20,19,39,52,47,49,24,12,32,46
"ENSG00000163795",88,68,89,92,97,83,68,140,104,115,114
"ENSG00000163798",313.99999,350,266.99999,611,553,507,610,861,683,941,768
"ENSG00000163803",20,29,41,13,22,18,34,11,25,21,24
"ENSG00000163807",240,260,226,721,546,689,767,769,943,946,881
"ENSG00000163808",285,386,325,899,690,661,732,559,681,622,688
"ENSG00000163811",380,404,382,334,251,297,321,574,594,679,617
"ENSG00000163812",282.99999,190.99999,187.00001,878,847,829,1022,792,804,1136,1070
"ENSG00000163817",31,26,63,193,139,210,235,186,122,303,224
"ENSG00000163818",398.99999,365.00001,408,809,538,641,564,795,790,726,704
"ENSG00000163820",211,196,196,253,189,254,281,288,432,841,599
"ENSG00000163832",236,233,257.99998,514,610,529,506,1023,905,776,914
"ENSG00000163840",69,74,64,87,60,69,84,230,310,360,338
"ENSG00000163848",818.00001,1340.00001,1151.99998,1226,935,1164,1266,1527,1673,1861,1885
"ENSG00000163864",170.00001,147,333.99999,951,694,906,834,938,594,958,984
"ENSG00000163866",199,200,196.00001,394,461,378,430,820,665,704,738
"ENSG00000163867",184,207,203,283,186,294,287,368,396,401,336
"ENSG00000163870",143.99999,173,156.00001,625,757,690,669,534,524,672,895
"ENSG00000163872",1056.99999,1104,1000,793,722,822,743,686,699,1125,1193
"ENSG00000163873",114,261,152,124,161,161,116,103,105,179,194
"ENSG00000163874",10,21,13,27,24,17,25,43,50,82,44
"ENSG00000163875",544,865,877.99999,3724,3287,3197,3821,3122,2926,2643,2994
"ENSG00000163877",134,162,143,97,90,89,176,92,154,235,158
"ENSG00000163879",216,249.99999,196.99999,1062,972,834,1161,974,926,905,887
"ENSG00000163882",366.00001,473,491.99998,830,834,759,834,1108,1046,842,971
"ENSG00000163888",44,61,50,57,61,66,81,71,39,39,47
"ENSG00000163900",131,185,167,376,357,332,433,455,425,448,481
"ENSG00000163902",609,765,717,9007,9363,7590,10403,8221,8243,8432,8358
"ENSG00000163904",405,517,425,634,497,546,648,736,771,830,852
"ENSG00000163909",206,164,179,234,187,229,248,378,416,474,334
"ENSG00000163913",1784.00002,394.00004,675.99998,1391,1338,1211,1415,1271,1526,1601,1515
"ENSG00000163918",392,311,304,618,437,488,504,892,709,541,726
"ENSG00000163923",70,105,48,113,111,64,96,131,93,71,84
"ENSG00000163930",301.00001,342,312,830,807,876,772,1067,1024,1237,1001
"ENSG00000163931",1261.00001,1534,1051.99999,7186,8765,6622,8461,6909,7959,6413,7598
"ENSG00000163932",66,98,80,54,51,43,67,88,46,42,63
"ENSG00000163933",127,155,104,285,322,311,417,498,674,723,730
"ENSG00000163935",140,126,107,116,126,180,112,248,276,396,398
"ENSG00000163938",466,597.99999,521,1250,1071,1097,1339,1802,1578,1487,1601
"ENSG00000163939",3231,3628,3033,1844,1591,1742,1300,1037,1025,1445,1998
"ENSG00000163945",199.99999,197.99999,225.99999,156,131,183,117,219,114,108,216
"ENSG00000163946",945.99999,1005.00001,1011.00001,487,363,415,403,972,790,983,913
"ENSG00000163947",308,361.00001,332,699,739,535,1002,772,1209,1529,1072
"ENSG00000163950",267,435,308,313,382,367,246,149,134,153,380
"ENSG00000163956",566,592,573,1906,2276,1987,2790,2682,2431,3151,2758
"ENSG00000163960",700,676,751.00001,2756,2135,2305,3086,2054,2554,2940,2831
"ENSG00000163961",294,339,268,542,535,502,630,553,465,597,539
"ENSG00000163964",323.99999,349,340.99999,206,161,188,185,211,227,187,210
"ENSG00000163975",18,24,29,78,68,53,83,108,58,131,73
"ENSG00000163995",270,331.00002,417.99999,230,235,194,220,175,157,214,211
"ENSG00000164002",158.99999,303,63,71,63,47,49,119,122,103,128
"ENSG00000164007",33,27,83.99999,124,155,144,178,388,461,258,413
"ENSG00000164008",145,158,190,554,462,480,561,730,547,565,624
"ENSG00000164010",76.00001,77,47,90,88,74,101,177,165,177,200
"ENSG00000164011",112,152.00001,167.99999,252,374,284,266,734,680,531,679
"ENSG00000164022",613.00001,728.99999,497.00001,828,701,818,887,847,833,795,766
"ENSG00000164023",21,31,15,108,69,42,101,101,149,106,185
"ENSG00000164024",434,457,389.00001,1126,1040,1015,1270,1063,1461,1335,1350
"ENSG00000164031",320,552.99999,507,592,330,431,455,580,508,519,585
"ENSG00000164032",2978,4437.99999,3764,9504,8885,7931,9074,12192,10266,7173,8687
"ENSG00000164038",192,207.99999,172,214,274,223,270,221,229,345,286
"ENSG00000164039",508,685,587.99999,1040,1054,931,1269,1679,1653,1418,1506
"ENSG00000164040",882.99999,1209.00001,1542.00001,651,509,589,570,1240,1226,1172,1340
"ENSG00000164045",64,63,83,99,127,113,121,114,113,91,156
"ENSG00000164048",370,336.99999,281.99999,481,516,580,719,504,681,874,725
"ENSG00000164049",11,19,16,17,10,33,23,31,28,18,16
"ENSG00000164050",298,311,349,691,963,731,807,943,930,992,1066
"ENSG00000164051",88.00001,95,81,415,548,456,584,823,740,735,720
"ENSG00000164053",69,82,84,67,98,98,76,144,90,128,192
"ENSG00000164054",442,810.99999,656,4451,5119,4500,5561,4473,4683,5859,5122
"ENSG00000164056",158,181,208,292,234,272,341,282,258,401,292
"ENSG00000164061",365,309,278,577,637,679,554,695,577,634,822
"ENSG00000164062",256,360.00001,275.99999,2685,2991,2382,2981,3325,3639,3855,3638
"ENSG00000164066",374,512,395,366,267,390,322,379,338,382,350
"ENSG00000164068",210,207,158,898,1046,916,1103,1042,1340,1681,1288
"ENSG00000164070",341,363,352,660,424,589,596,518,534,882,715
"ENSG00000164073",701.99999,878,291.00002,205,159,206,249,386,444,354,482
"ENSG00000164074",455.99999,753,783,295,270,251,303,254,306,321,279
"ENSG00000164076",23,14,17,856,1228,895,1196,396,419,647,517
"ENSG00000164077",35.00001,86.00001,29,216,234,213,208,333,263,397,331
"ENSG00000164080",415,394,511,1687,1683,1810,1706,1257,1269,1701,1808
"ENSG00000164081",420,405.00001,277,598,816,639,774,1372,1147,1193,1212
"ENSG00000164082",18,30,20.99999,899,751,763,849,358,450,494,328
"ENSG00000164086",160,221,235,114,95,94,106,130,120,138,131
"ENSG00000164087",47,77.99999,53,420,450,308,332,374,462,417,394
"ENSG00000164088",38,61,50.00001,28,48,34,56,81,45,51,40
"ENSG00000164089",28,17,31,47,54,40,41,100,89,59,100
"ENSG00000164091",847,923,842,1424,1356,1437,1391,1089,1318,1469,1271
"ENSG00000164096",1775,2891,2385,4234,2677,3363,3730,3640,4051,3617,3480
"ENSG00000164099",11,11,11,28,38,38,32,24,18,18,8
"ENSG00000164100",21,48,17,109,108,96,103,27,42,95,40
"ENSG00000164104",1625.99999,2709,2449,9989,8304,7685,9969,5698,5814,4799,5114
"ENSG00000164105",364,563,438,78,47,53,69,53,64,61,65
"ENSG00000164106",146,99,123,37,47,12,48,84,64,104,91
"ENSG00000164109",337,569,498,1928,1193,1357,1670,1290,1564,916,1177
"ENSG00000164111",824.00001,880,689,7682,7055,6158,8456,9233,9610,8729,8949
"ENSG00000164112",27,25,22,104,82,66,138,132,208,71,225
"ENSG00000164114",390,460.00001,448,381,269,316,353,432,370,498,373
"ENSG00000164116",56,148,165,347,342,348,392,629,619,669,796
"ENSG00000164117",120,116,179,352,326,301,362,363,389,386,396
"ENSG00000164118",373.99999,299,316,501,307,317,440,409,492,416,431
"ENSG00000164124",21.00001,47,37,17,18,19,27,26,34,31,40
"ENSG00000164125",90.00001,32,16,132,130,113,163,65,96,180,135
"ENSG00000164128",82,62,70,240,108,119,181,340,478,305,375
"ENSG00000164129",38,37,49,86,49,75,66,72,70,93,83
"ENSG00000164134",1283,1191,880.99999,898,664,738,928,1053,1094,1085,1100
"ENSG00000164142",571,286.99999,624,168,149,192,180,133,235,253,217
"ENSG00000164144",748.99999,680,371,394,329,340,314,735,611,630,659
"ENSG00000164151",379,396,329,304,302,300,278,289,311,416,444
"ENSG00000164161",54,63,81,156,176,129,190,158,155,179,139
"ENSG00000164162",241.99999,285.00001,242.99999,416,281,313,379,430,444,350,369
"ENSG00000164163",396,508,391,854,578,748,733,1117,1252,1188,1087
"ENSG00000164164",357,368,390.00001,287,241,258,221,297,220,293,263
"ENSG00000164167",361,640,584,357,338,369,295,437,417,256,349
"ENSG00000164168",315,393,306,999,764,943,878,1116,1316,1396,1238
"ENSG00000164169",136,197,175,369,320,304,368,480,453,485,465
"ENSG00000164171",78,74,89,32,45,48,41,75,50,99,49
"ENSG00000164172",260,320.00001,311,586,415,530,551,890,784,681,673
"ENSG00000164175",27,41,27,40,58,46,71,59,50,45,36
"ENSG00000164176",222,292,251,1073,708,978,713,609,462,447,543
"ENSG00000164180",793,995,379,287,128,193,227,340,350,352,347
"ENSG00000164181",27,30,25,33,40,33,60,48,65,44,47
"ENSG00000164182",302,397.00001,262.00001,483,453,409,455,428,340,296,333
"ENSG00000164187",153,185,144,311,131,242,204,251,292,346,270
"ENSG00000164188",24,79,32,21,10,13,21,35,22,38,58
"ENSG00000164190",1585,2220,1745,1256,1043,1189,1255,1545,1445,1667,1775
"ENSG00000164197",221,233,223,432,264,297,385,455,494,509,608
"ENSG00000164199",2382.00001,2038,2848,677,603,585,679,673,568,891,812
"ENSG00000164209",445,523.99999,589,939,604,740,687,1317,1397,1125,1282
"ENSG00000164211",138.99999,352.00001,275.00001,1184,798,936,1055,440,621,429,517
"ENSG00000164219",323,328,310,398,265,366,298,471,524,554,474
"ENSG00000164220",22,14,7,29,30,21,25,28,52,59,42
"ENSG00000164221",360,553,361,599,451,533,529,374,232,325,256
"ENSG00000164236",441,272,479,123,95,141,114,494,520,505,560
"ENSG00000164237",143,173,165,503,438,445,559,398,349,281,396
"ENSG00000164244",415.99999,480,472,1395,1237,1257,1412,997,1260,1263,1250
"ENSG00000164252",384,402,392,446,342,365,369,418,309,568,548
"ENSG00000164253",503.00002,1015,681.99999,1223,941,1013,1131,1158,1128,1236,1133
"ENSG00000164258",934.00001,1295,1006.99999,1967,1902,1914,2052,2658,2267,1671,1955
"ENSG00000164284",207.99999,217,180,707,453,579,670,513,514,618,487
"ENSG00000164287",42,77,41,219,235,149,251,292,250,209,256
"ENSG00000164291",127,199,169,358,264,312,425,425,428,395,404
"ENSG00000164292",550,745,602,766,653,795,659,454,376,417,439
"ENSG00000164294",196,211,191.99999,848,768,783,964,1031,1193,862,1153
"ENSG00000164296",44,58,46,291,254,209,237,296,379,469,353
"ENSG00000164300",242,352,342,346,282,293,336,373,501,870,665
"ENSG00000164305",604,638.00001,724,2907,1554,2259,2146,2269,2313,2547,2366
"ENSG00000164306",502,581.00001,575.00001,204,174,139,159,354,366,313,301
"ENSG00000164307",94,101,125,309,270,256,302,328,406,476,436
"ENSG00000164308",33,38,33,45,58,45,45,106,156,122,129
"ENSG00000164318",1199.00001,892,788.00001,802,712,829,621,1576,2630,3321,2971
"ENSG00000164323",307.00001,398,403,1556,1037,1200,1289,1120,1299,1342,1397
"ENSG00000164327",1022.00001,1311,1822.00001,624,401,517,508,690,646,908,733
"ENSG00000164329",517,646,889.00001,413,345,436,481,579,681,676,619
"ENSG00000164330",403.99999,415,220,1050,982,924,923,507,355,380,396
"ENSG00000164331",332,379,398,412,340,365,366,443,433,453,472
"ENSG00000164332",277,319,318,440,366,397,393,729,673,536,583
"ENSG00000164338",91,119,108,132,63,141,146,220,254,291,268
"ENSG00000164346",712,1182,908,1084,821,834,1026,946,841,616,699
"ENSG00000164347",301,362.00001,378,329,312,356,373,587,793,626,682
"ENSG00000164366",191,213,211,425,478,485,556,728,603,667,609
"ENSG00000164398",253.99999,174,219,149,125,114,142,260,275,427,436
"ENSG00000164402",207.00001,366,310.99999,531,548,514,558,525,408,631,622
"ENSG00000164403",20,9,21,12,23,10,18,24,12,13,16
"ENSG00000164404",15,13.00001,7.00001,23,22,25,19,34,24,50,43
"ENSG00000164405",1832,2117.00001,2194.00001,5183,5508,4473,4993,7568,5902,3858,5278
"ENSG00000164406",37,39,14,32,17,17,28,33,26,17,25
"ENSG00000164414",396,358,330,634,458,594,639,1166,1238,720,1003
"ENSG00000164418",1199.99999,1165,1679.99999,566,433,556,600,716,477,696,650
"ENSG00000164434",769,485,1045,886,1151,844,1234,2035,1754,1258,1445
"ENSG00000164442",414,385,340,160,170,166,197,187,175,149,219
"ENSG00000164463",216,347,279.00001,1711,1166,1412,1820,944,1094,1394,1205
"ENSG00000164465",43,52,27,59,48,49,66,99,98,122,75
"ENSG00000164466",574,815.00001,711,2207,1624,1854,2272,1542,1469,2040,1630
"ENSG00000164483",26,35,9,21,21,14,15,15,16,18,17
"ENSG00000164484",54.00001,25,22,220,177,193,135,239,247,237,254
"ENSG00000164488",75,87,39,39,45,47,60,169,264,344,186
"ENSG00000164494",172,149,202,370,269,317,436,406,419,506,417
"ENSG00000164506",1397.99999,1162,1485,179,135,175,166,317,217,248,225
"ENSG00000164512",21,13,16,15,25,19,48,6,1,37,18
"ENSG00000164532",11,27,15,40,38,42,34,92,39,21,47
"ENSG00000164535",202,227,186.99999,364,343,315,396,481,494,554,492
"ENSG00000164542",308,294,296.99999,670,470,520,650,601,721,862,894
"ENSG00000164543",239,137,219,104,93,94,84,74,61,75,106
"ENSG00000164548",1178.00001,1186,1197.00001,835,592,624,535,868,729,513,632
"ENSG00000164574",267.00001,213,215,198,249,272,256,488,436,457,538
"ENSG00000164576",116,178,176,114,144,130,86,232,134,160,196
"ENSG00000164587",10227,14706.99999,11937,28378,36078,24639,30646,36770,32200,15506,25228
"ENSG00000164588",220,85,72,40,31,41,21,66,38,43,52
"ENSG00000164591",15.99999,25.99999,26,22,19,12,24,40,32,31,34
"ENSG00000164597",869.00001,924,1021,868,640,727,893,1161,1397,1376,1356
"ENSG00000164603",588,538,418,1184,725,952,1085,1098,1369,1165,1227
"ENSG00000164604",57,68,61,553,456,493,531,435,472,560,534
"ENSG00000164609",345,479,383,1348,1127,1210,1452,1291,1370,1504,1397
"ENSG00000164610",262.00001,288.00001,286,309,303,254,227,167,114,138,204
"ENSG00000164611",520.00001,768.00001,557,3245,2901,2636,3429,1889,1696,1579,1584
"ENSG00000164615",617,910.00001,878,1674,1294,1425,1698,1391,1404,1200,1121
"ENSG00000164619",131.00001,91,24.99999,57,45,40,35,35,37,43,57
"ENSG00000164620",33,63,39,245,317,267,263,206,167,287,203
"ENSG00000164626",13,16,9,9,22,21,28,16,22,13,22
"ENSG00000164627",34,29,12,33,21,16,32,34,41,42,34
"ENSG00000164631",243.99999,310,268,334,259,268,268,360,295,345,371
"ENSG00000164638",494,386,426,657,831,868,680,768,569,567,741
"ENSG00000164647",36,25,17,43,38,31,40,93,101,35,83
"ENSG00000164649",570,1064,683.00001,3096,2232,2598,3163,2443,3210,3046,3103
"ENSG00000164654",193,304,232,381,331,293,269,301,263,334,429
"ENSG00000164659",296,744.99999,768.00001,664,455,637,574,645,541,775,673
"ENSG00000164663",284,316,272,416,279,291,222,310,247,298,372
"ENSG00000164674",19,33.00001,12,14,11,41,16,20,27,31,24
"ENSG00000164675",62,84,79,86,62,46,65,55,79,68,76
"ENSG00000164683",121,167,124.00001,1038,733,849,772,678,766,988,745
"ENSG00000164684",468,500,483,414,358,419,333,645,482,557,533
"ENSG00000164687",220,73,57,1378,1109,1213,1146,2106,1502,1074,1431
"ENSG00000164692",274,210,278,1604,1734,1520,3217,3722,4149,5268,5386
"ENSG00000164695",24,15,7,11,20,15,20,39,59,35,56
"ENSG00000164707",78,92,142,113,175,108,259,268,227,248,296
"ENSG00000164713",750,1079,758,389,337,408,351,326,225,237,237
"ENSG00000164715",305,289,236,536,601,536,649,466,421,765,774
"ENSG00000164733",1743.00003,1662.99999,1558.00001,9126,10091,8745,12492,9020,9983,15279,11299
"ENSG00000164741",13,35,22,30,47,48,86,46,32,81,47
"ENSG00000164742",956,948,349,642,771,863,617,661,608,964,813
"ENSG00000164743",22,17,18,8,6,5,1,17,31,37,23
"ENSG00000164751",337,592.99999,387,1793,1350,1269,1716,2164,2352,1569,1980
"ENSG00000164754",1242,1788.00001,1520.00001,4581,3280,3614,4071,3108,3071,2626,2983
"ENSG00000164758",152,241,208,675,674,607,744,620,619,453,558
"ENSG00000164776",58,49,72,18,19,19,20,14,20,19,28
"ENSG00000164796",36,70,43,48,52,71,77,69,63,82,54
"ENSG00000164808",1103,1053.99999,621.99998,1047,979,881,952,1108,1266,1332,1287
"ENSG00000164815",341,282,418,447,317,338,411,684,750,542,630
"ENSG00000164818",396,137,178,49,57,73,71,138,51,72,82
"ENSG00000164823",171,159,195,111,98,105,112,88,90,81,107
"ENSG00000164828",676,837.99999,688.99999,1944,2015,1999,2332,2680,3322,3481,3093
"ENSG00000164830",1097.99999,1952,1534,2216,1503,1853,1864,1839,1789,1407,1622
"ENSG00000164841",46,33,18,118,121,103,111,89,66,101,94
"ENSG00000164849",84,69,100,27,46,42,33,25,37,87,109
"ENSG00000164850",70.00001,26,11,25,16,24,36,36,70,92,72
"ENSG00000164877",58,45,74,67,94,86,62,67,55,81,149
"ENSG00000164879",61,53,67,38,40,49,46,47,74,61,78
"ENSG00000164880",211,272,243,834,1012,1002,950,687,915,1966,1591
"ENSG00000164885",151,183,164,941,1150,902,1096,1428,1157,1100,1130
"ENSG00000164889",199,166.99999,239.99999,1236,1415,1299,1543,1277,1929,2714,1977
"ENSG00000164896",244.00001,200,180,965,1120,915,967,1928,1848,2061,1882
"ENSG00000164897",106,162,149.00001,234,286,321,256,140,72,93,233
"ENSG00000164898",321,496,519,472,535,470,404,1041,705,518,652
"ENSG00000164902",389,411,386,893,733,834,910,1091,1190,1206,1166
"ENSG00000164904",1478.00001,1244.99998,1356.99999,5166,4509,4205,5379,4518,5227,5038,5071
"ENSG00000164916",317,315,205,528,608,580,680,422,474,887,638
"ENSG00000164919",2065,2323,2044.00001,3539,3651,3358,3441,5680,3987,3185,3923
"ENSG00000164924",2656,3479,3250.99999,32219,23009,25809,29056,23031,23331,22460,22671
"ENSG00000164929",311,526,400,740,839,698,790,571,360,706,587
"ENSG00000164930",179,323,292,239,223,244,315,541,817,895,764
"ENSG00000164933",159,161.00001,137,205,130,151,144,257,280,407,268
"ENSG00000164934",411.00001,663.99999,492.99999,1669,1164,1213,1447,2054,2101,1573,1723
"ENSG00000164938",344,276,311,1445,854,1081,1068,626,640,1084,1056
"ENSG00000164941",538,629.00002,486,868,749,716,774,952,1003,850,947
"ENSG00000164944",439,558.99999,494.99999,710,574,714,893,859,993,1296,1070
"ENSG00000164946",44,53,23,148,191,129,162,91,170,330,238
"ENSG00000164949",136,128,174,828,611,611,824,812,808,897,861
"ENSG00000164951",83,111,110,446,384,436,505,438,547,756,704
"ENSG00000164953",1017,656.00002,919.99999,236,159,173,204,382,394,424,370
"ENSG00000164961",270,302,224,582,393,487,515,942,1025,1271,1138
"ENSG00000164967",129,184,167,161,225,160,203,446,376,340,322
"ENSG00000164970",1732,1321,305,318,304,388,314,211,130,170,157
"ENSG00000164972",32,70,59.00001,32,29,12,25,24,27,11,19
"ENSG00000164975",740,1084.99999,991.99999,1560,1107,1317,1291,1651,1772,1668,1666
"ENSG00000164978",294,188.99999,176,668,785,577,789,943,729,489,696
"ENSG00000164983",166,173,259.00001,129,77,104,80,83,55,63,59
"ENSG00000164985",3394.99999,3855.99999,3899,1389,1044,1188,971,1625,1467,1070,1366
"ENSG00000164989",393,361,358,287,218,256,248,295,278,257,256
"ENSG00000165006",409,417.99999,574,1580,1631,1568,2047,1777,1936,1960,1900
"ENSG00000165023",555,608,529,2263,1884,2001,2730,2591,3586,4020,3417
"ENSG00000165025",158,169,193,74,89,128,58,253,198,284,344
"ENSG00000165028",17,18,22,23,18,19,16,26,26,23,18
"ENSG00000165029",264.00001,113,180,181,164,190,142,243,166,571,282
"ENSG00000165030",160,254,189,436,359,412,403,364,368,250,255
"ENSG00000165046",69,59.99999,72,161,108,121,126,198,120,147,180
"ENSG00000165055",490.99999,394,267,458,419,426,400,626,594,681,671
"ENSG00000165060",156.99999,162,138.00001,315,257,287,295,383,296,320,379
"ENSG00000165061",169,73,90,304,231,339,279,377,367,354,409
"ENSG00000165072",142,58,64,99,61,109,147,90,149,169,104
"ENSG00000165078",55,55,81,32,17,23,18,58,68,124,102
"ENSG00000165084",16,23,28,19,29,15,9,16,13,32,21
"ENSG00000165092",1402,1118,688,755,1256,817,1442,1659,1872,901,1924
"ENSG00000165097",203,187,233,113,66,86,71,70,66,57,115
"ENSG00000165102",397.00001,434,397,296,313,305,298,281,265,338,329
"ENSG00000165113",504,597,523,302,247,255,255,153,167,94,184
"ENSG00000165115",323.00001,352,426,225,210,252,251,258,286,266,223
"ENSG00000165119",4073.00001,4631.00001,4918,29613,23741,24424,26981,26598,32904,30975,31079
"ENSG00000165124",34,42,33,35,6,20,16,74,47,209,133
"ENSG00000165138",165,181,233,113,88,92,99,124,122,141,133
"ENSG00000165152",191,255,280,2694,2667,2722,3186,2101,2458,3095,2516
"ENSG00000165156",655,700,655.00001,1598,1131,1275,1463,1430,1354,1758,2022
"ENSG00000165164",84,138.99999,119,132,72,88,106,62,87,78,77
"ENSG00000165169",176,209,185,563,405,464,557,521,607,425,483
"ENSG00000165171",34,38,43,115,102,98,164,147,171,202,154
"ENSG00000165175",228,373,200,388,494,421,444,319,292,327,345
"ENSG00000165185",734,989,812,779,545,580,647,533,470,553,552
"ENSG00000165194",414.99999,317,252.99999,406,421,457,381,643,654,686,626
"ENSG00000165195",63,97.99999,113,314,197,277,306,297,429,366,301
"ENSG00000165209",729,496,797,640,691,670,528,460,373,493,653
"ENSG00000165215",19,37,43,34,27,38,43,15,12,20,17
"ENSG00000165219",968.99999,876,705,1039,1049,1138,1356,1354,1702,2267,2085
"ENSG00000165233",189,289,177.99999,629,701,559,559,497,358,430,439
"ENSG00000165238",1751.00001,1141.99999,1402.99999,454,498,540,429,458,316,375,435
"ENSG00000165240",417.99999,435.00002,342.00003,304,239,294,349,318,486,583,553
"ENSG00000165244",93,92,96,39,13,34,14,39,31,15,34
"ENSG00000165259",80.00001,138,98,196,146,154,120,287,278,268,249
"ENSG00000165264",924,1127,950,1261,950,1070,1128,2027,1476,968,1394
"ENSG00000165271",98,85,77,353,321,338,346,627,705,773,704
"ENSG00000165272",66,59,77,207,160,160,142,216,217,256,218
"ENSG00000165275",252.99999,182,190.99999,214,145,184,158,304,219,216,209
"ENSG00000165280",885.00001,919,836.99999,6549,6746,6448,8185,8101,7875,10729,10360
"ENSG00000165282",217,162.99998,159.99999,661,712,615,820,919,1089,1443,1125
"ENSG00000165283",730,1032,932,4281,4535,3914,4880,5052,5300,4064,4639
"ENSG00000165288",305,428,413,357,271,284,351,240,265,273,203
"ENSG00000165300",297,374,302,791,548,612,583,418,287,490,495
"ENSG00000165304",449,803.99999,445,515,442,424,499,512,551,477,479
"ENSG00000165312",56,119,112,139,56,82,97,88,64,47,69
"ENSG00000165322",708,648,1132.00001,643,370,568,512,789,893,1086,955
"ENSG00000165323",598,418,528,1215,862,1031,1088,678,510,1069,893
"ENSG00000165338",369.00001,303,328,707,384,543,433,410,420,430,474
"ENSG00000165349",19,64,29,678,599,465,763,308,338,356,403
"ENSG00000165355",92,111,103,74,70,52,52,80,60,58,59
"ENSG00000165359",205.99999,227,440.99999,208,202,168,160,299,245,252,297
"ENSG00000165376",10,17,34,59,52,27,58,126,111,155,187
"ENSG00000165379",96,223,106,215,220,267,250,177,91,191,135
"ENSG00000165389",407,483,490,1466,1081,1113,1175,1670,2073,1456,1811
"ENSG00000165392",710,715,656,112,104,117,121,195,170,180,204
"ENSG00000165406",239,263.99999,309,433,480,459,465,564,506,642,735
"ENSG00000165410",526,656,590.00002,3585,2255,2689,2967,3070,3595,2824,3059
"ENSG00000165416",671,749,631,1240,857,1185,1106,1217,1107,1233,1138
"ENSG00000165417",907,936,1022,469,297,352,457,350,530,548,572
"ENSG00000165424",63,51,79,54,70,51,56,109,92,109,74
"ENSG00000165434",266,232,170,1666,1400,1598,1578,924,723,1235,960
"ENSG00000165443",2400,2881,2742,7166,5005,6193,6964,8234,8937,7120,8191
"ENSG00000165449",123,107,81,255,170,239,221,343,416,685,475
"ENSG00000165458",262.99999,255,256,328,330,300,333,453,389,417,433
"ENSG00000165475",445,506,549.99999,2520,2471,2035,2945,2664,2347,2221,2585
"ENSG00000165476",588,493,565,790,632,692,712,675,633,541,669
"ENSG00000165480",96,107.00001,118,432,291,263,290,423,437,292,306
"ENSG00000165487",690,720.99999,631,610,405,519,465,731,613,628,766
"ENSG00000165490",44,57,48.00001,81,62,70,69,121,92,129,79
"ENSG00000165494",529,582,617.99999,513,387,423,375,480,569,705,660
"ENSG00000165495",480,328,441,351,451,406,552,303,328,554,377
"ENSG00000165501",120,185,111,170,143,159,150,370,336,263,329
"ENSG00000165502",1139,1580,1471,1198,1192,1100,1171,1298,942,1069,873
"ENSG00000165506",156,220,174,566,464,475,505,684,742,704,732
"ENSG00000165507",54,49,55,206,185,254,238,610,846,972,856
"ENSG00000165512",262,294,537,1630,1380,1402,1607,1873,1523,1489,1564
"ENSG00000165516",474,548,509,1809,1536,1596,1401,1065,754,1229,2026
"ENSG00000165521",264,276,253,41,18,60,36,106,71,138,121
"ENSG00000165525",1016,1245,1136,880,725,866,811,1102,1054,1079,1110
"ENSG00000165526",115,145,139,466,462,465,605,401,430,533,435
"ENSG00000165527",259,297,315,556,441,549,469,442,398,527,730
"ENSG00000165533",725,691,786,750,601,739,879,1406,1450,1176,1286
"ENSG00000165548",83,115,60,44,94,63,86,59,65,115,79
"ENSG00000165566",530,650,1058,863,595,838,613,1638,1528,1478,1716
"ENSG00000165572",140,163,121,1464,1319,1336,1678,1046,1204,1410,1281
"ENSG00000165588",1096.99999,1413,2084,2547,2464,2268,2249,8324,8459,6377,8240
"ENSG00000165591",54,47,44,47,47,41,65,81,86,47,86
"ENSG00000165609",431.00001,546.00001,479,1270,1146,1118,1168,1980,1778,1586,1581
"ENSG00000165617",35,33,47,77,110,57,101,68,61,82,57
"ENSG00000165626",631.99999,574,385,190,132,184,199,171,180,172,213
"ENSG00000165629",1522.99999,1975,1582,5986,5599,5405,6001,8547,6611,5191,6230
"ENSG00000165630",307,244.00001,332.00001,348,289,387,369,505,464,406,401
"ENSG00000165632",285.99999,346.99999,421,339,305,322,407,435,366,382,421
"ENSG00000165637",800,963,848,7558,6480,6612,7832,6686,6267,5784,6081
"ENSG00000165644",118.99999,85,75,203,271,223,261,161,112,167,180
"ENSG00000165646",186,293,57,1734,1084,1456,1059,593,470,625,572
"ENSG00000165650",174,221,256,557,449,557,482,360,293,479,537
"ENSG00000165655",117,120,154,82,99,140,97,57,37,32,58
"ENSG00000165660",177,229,193,249,175,221,230,285,291,430,255
"ENSG00000165661",155,187,200,83,79,78,55,79,84,90,91
"ENSG00000165669",438,589.00001,518.99999,1217,901,942,1157,1470,1179,1120,1221
"ENSG00000165671",1210,631.99998,785,458,456,554,581,491,554,880,648
"ENSG00000165672",952,1307,1130,3796,3369,3338,3767,5611,5747,3861,5316
"ENSG00000165675",222.99999,254,468.00001,639,560,558,621,809,820,840,778
"ENSG00000165678",1184.99998,1412,1266.00001,7761,6390,6392,7916,6738,7251,6636,6698
"ENSG00000165684",148,128,117,128,93,120,106,139,145,171,155
"ENSG00000165688",215.00001,285,244.99998,1425,1473,1440,1838,1873,1986,1866,1833
"ENSG00000165689",200,190,193,57,85,72,73,119,74,73,90
"ENSG00000165695",46,68,34,33,40,44,39,101,80,68,90
"ENSG00000165698",93,164,124,502,582,492,540,590,577,582,525
"ENSG00000165699",374.99998,449.00002,340,841,795,898,994,929,1038,1278,1143
"ENSG00000165704",245,443,705,1532,1226,1178,1334,2517,2629,1874,2274
"ENSG00000165714",103,120,104,352,338,294,456,404,437,655,559
"ENSG00000165716",200,274,211,236,415,345,318,282,179,237,223
"ENSG00000165724",100,117,88,79,50,68,61,63,49,36,33
"ENSG00000165730",72,50.00001,55,60,52,43,46,101,51,81,60
"ENSG00000165731",13,22.99999,8,40,96,62,48,23,18,48,46
"ENSG00000165732",569,779.99999,594.00001,635,546,614,578,749,608,568,639
"ENSG00000165733",323,415,337,697,797,740,818,1029,1040,1301,1182
"ENSG00000165752",193,193,153,197,214,194,237,222,183,187,188
"ENSG00000165757",49,51,105,180,129,214,228,225,257,385,386
"ENSG00000165775",460.00001,695,548,2237,2605,1992,2612,2712,2801,1669,2307
"ENSG00000165782",153,179,157,700,703,663,574,562,461,829,718
"ENSG00000165792",287,457.99999,417,1031,1076,919,1128,1281,1291,1312,1222
"ENSG00000165795",116.99999,185.99998,155.00001,1273,1280,1179,1455,1538,1705,1656,1565
"ENSG00000165801",358.00001,311,311,716,816,781,715,873,936,1267,1581
"ENSG00000165802",146,202,162,310,350,339,348,369,229,324,277
"ENSG00000165804",291.99999,348,328,403,401,414,392,359,196,410,503
"ENSG00000165806",250,407.99999,295,407,337,425,469,682,1227,864,1074
"ENSG00000165813",264,296,280.00001,708,402,498,553,446,500,498,463
"ENSG00000165816",16,11,11,10,14,14,15,14,22,55,34
"ENSG00000165819",279,291,362.99999,1199,1081,1078,1258,1390,1465,1562,1427
"ENSG00000165821",325.00001,257.99999,274.00001,1391,1604,1494,1753,1330,1451,1804,1695
"ENSG00000165828",25,12,9,71,46,62,85,95,42,71,79
"ENSG00000165832",191,246,243,497,265,325,364,538,631,550,613
"ENSG00000165861",190,148,276,538,610,668,792,759,1104,1456,1110
"ENSG00000165868",242,265.99999,192,1360,1206,1415,1402,916,841,1654,1481
"ENSG00000165879",34,34,48,7,4,23,13,31,22,26,39
"ENSG00000165886",46,49,47,206,249,186,290,247,189,322,318
"ENSG00000165891",146,156,204,171,148,152,212,205,169,218,188
"ENSG00000165895",743,549,515,117,71,92,75,134,113,168,153
"ENSG00000165898",259.00001,307,299,1085,1068,1037,1282,1643,1609,1174,1549
"ENSG00000165912",79,107.99999,110,187,161,205,188,265,268,306,313
"ENSG00000165914",273,345.00001,238,184,255,234,235,281,193,178,157
"ENSG00000165915",258,287,223,636,783,668,705,983,844,978,926
"ENSG00000165916",418,622,487,4090,4273,3495,4385,4646,4847,4524,4482
"ENSG00000165923",35,12.99999,21,15,12,13,19,38,30,7,28
"ENSG00000165929",29.99999,32,23.00001,68,40,60,75,56,45,127,83
"ENSG00000165934",372,366,302,568,387,459,532,746,804,885,775
"ENSG00000165943",475,459,384,2127,1959,1878,2417,2426,2720,2875,2905
"ENSG00000165948",242.00001,311.99999,273,691,879,688,790,888,750,768,778
"ENSG00000165949",20,25,35.99999,62,122,94,118,73,60,52,52
"ENSG00000165959",243.99999,358.00001,243,166,126,153,106,338,254,326,261
"ENSG00000165973",36.99999,12,10,38,44,25,68,14,13,38,10
"ENSG00000165983",7.99999,15,8.99999,16,21,16,21,20,13,15,16
"ENSG00000165995",1503.99999,941,1249.99998,198,157,189,164,311,297,308,347
"ENSG00000165996",62,80,81.00001,210,119,156,145,137,95,151,204
"ENSG00000165997",300,320,311,1127,598,819,822,615,624,696,694
"ENSG00000166002",142,132.99999,129,461,454,365,470,432,377,457,449
"ENSG00000166004",381,281.00001,310,216,187,217,188,343,283,280,295
"ENSG00000166012",828,1066.99998,977.00001,950,648,690,831,579,499,390,446
"ENSG00000166016",168,82,128,165,205,194,161,165,149,286,420
"ENSG00000166024",334,216.00001,214,460,351,386,476,617,872,697,759
"ENSG00000166025",322,319,357,644,598,768,815,809,1239,1257,1322
"ENSG00000166033",765,722,599,172,297,240,242,393,230,340,255
"ENSG00000166035",8,16,18,43,52,34,32,10,8,1,7
"ENSG00000166037",627,920.99998,786,1834,1370,1412,1734,1279,1231,1140,1215
"ENSG00000166046",80.00001,85.00001,110.00001,438,406,350,490,472,541,450,449
"ENSG00000166068",527,532,376,209,188,201,208,213,217,322,291
"ENSG00000166073",13,15,15,171,135,129,227,123,113,310,241
"ENSG00000166086",137,171,214,2721,2721,2524,3191,3089,3846,4142,3533
"ENSG00000166105",12,12,12,25,23,19,14,14,7,7,16
"ENSG00000166106",11,16,11,77,78,70,107,42,86,252,194
"ENSG00000166111",139,118,144,420,519,511,483,460,717,1066,837
"ENSG00000166123",299,365,260,434,597,546,399,324,234,445,538
"ENSG00000166128",268,322.99999,459,1464,783,1069,1188,999,1288,1271,1239
"ENSG00000166130",249,397,350,197,121,176,144,268,287,229,278
"ENSG00000166133",60,88,64,177,228,200,264,284,231,383,313
"ENSG00000166135",362,346,343,723,662,789,674,1176,1544,1913,1417
"ENSG00000166136",1195,1442,1207,5491,6105,5238,6061,6690,5775,4726,5492
"ENSG00000166140",98,155,107,301,401,365,466,521,513,528,467
"ENSG00000166147",634,459.00001,411,1189,1273,962,1507,1815,1852,1614,2788
"ENSG00000166153",64,54.00001,67,63,37,31,58,61,65,54,52
"ENSG00000166159",39.00001,25,15,22,11,25,3,20,21,35,28
"ENSG00000166164",783.99999,1278,948.99999,397,432,427,368,565,508,402,494
"ENSG00000166165",11949.99999,14426,12897,46963,49683,42402,42485,28637,19246,35811,37818
"ENSG00000166166",68,64,240,296,327,280,331,441,496,575,442
"ENSG00000166167",419,388,394.99999,248,247,311,269,552,683,894,718
"ENSG00000166169",225.99999,230.00001,177.99999,474,611,568,622,650,676,767,608
"ENSG00000166170",191,193,206,1032,790,861,1034,1245,1421,1541,1436
"ENSG00000166171",229,379.00001,293,657,790,613,885,1221,1184,1091,1131
"ENSG00000166173",135,148,129,672,671,607,695,373,351,615,663
"ENSG00000166181",591,721,670.00001,1943,1226,1565,1679,2429,2778,2843,2638
"ENSG00000166188",128,96,100,101,143,120,138,138,100,136,251
"ENSG00000166189",69,52,49,42,57,101,56,47,43,95,144
"ENSG00000166192",40,48,68,73,101,106,94,174,148,148,156
"ENSG00000166197",342,346,309,2172,2022,1898,2230,2115,2342,2490,2348
"ENSG00000166199",186,139,129,478,536,487,596,726,590,556,631
"ENSG00000166200",621,815,667.99999,1849,1219,1481,1660,1254,1348,1154,1200
"ENSG00000166206",303,286,315.00001,796,807,808,858,633,503,785,682
"ENSG00000166224",228.99999,318.00001,244.99999,1645,1444,1370,1877,1439,1800,2429,1852
"ENSG00000166225",704,499,456.99999,928,664,811,955,917,1013,964,1016
"ENSG00000166226",1195,1447.99999,1307.99999,5586,4746,4555,5267,4882,4842,4389,4572
"ENSG00000166228",393,493,465.00001,520,657,535,550,700,610,525,625
"ENSG00000166233",1284,913,717,773,596,725,648,753,698,868,814
"ENSG00000166246",51,12,16,24,14,24,9,18,39,47,16
"ENSG00000166250",26,21,22,26,41,26,38,54,46,60,38
"ENSG00000166257",186.99999,188,207,1911,1986,1783,2311,1446,1803,2561,2167
"ENSG00000166260",626.99998,632.99999,538,1230,874,945,1094,1563,1463,1072,1382
"ENSG00000166261",53.00001,82,74,233,192,217,242,375,395,489,400
"ENSG00000166262",176.99999,238.00001,201,239,124,159,196,253,197,174,175
"ENSG00000166263",597.00001,564,328.00001,191,167,201,184,370,388,339,407
"ENSG00000166265",101,94,100,752,629,542,710,349,458,312,408
"ENSG00000166266",762,966,925,730,490,669,705,758,814,946,958
"ENSG00000166272",232,232,268,552,642,569,721,919,1077,1387,1213
"ENSG00000166275",245,290,270,706,680,620,721,1001,905,845,951
"ENSG00000166278",13.99999,14,35,22,20,32,42,44,34,35,44
"ENSG00000166289",13,19,13,40,65,56,97,98,80,131,182
"ENSG00000166295",1274.99999,1668.00001,1771,2018,1854,1753,1938,3082,2524,1936,2334
"ENSG00000166311",124,117,93,101,157,126,120,233,211,269,256
"ENSG00000166313",461,620,556,4375,4657,4593,5594,3286,4676,5837,4494
"ENSG00000166317",58,50,54,9,25,16,24,23,10,10,29
"ENSG00000166321",228.99999,242,368.99999,16,12,13,9,44,34,18,27
"ENSG00000166323",34,91,93,16,20,24,12,31,13,27,21
"ENSG00000166326",1222,1133,1257,2748,1900,2316,2240,2178,2111,2913,2969
"ENSG00000166333",429.00001,533.00001,543.00001,3608,3790,3413,4207,4693,4643,4566,4428
"ENSG00000166337",477,572,516,325,365,240,263,268,187,142,220
"ENSG00000166340",500.99999,352.99999,307.99998,4051,4327,3635,5075,3289,3869,5182,4232
"ENSG00000166341",269,194,194,728,980,904,934,894,738,985,1075
"ENSG00000166347",196,329,238.00001,1010,856,822,965,1042,840,597,763
"ENSG00000166348",1689.99999,939.00001,556.99999,1380,963,1181,1536,1528,1986,2662,1965
"ENSG00000166352",467.99997,459.99998,421.00001,764,759,644,839,951,695,775,803
"ENSG00000166359",90,68,41,7,8,7,19,8,24,38,20
"ENSG00000166377",508,473.00001,387,627,419,467,594,806,623,773,750
"ENSG00000166387",113.99999,121.99999,106.99999,141,189,199,262,378,393,621,457
"ENSG00000166394",43.00001,37,53,57,41,48,64,57,35,51,30
"ENSG00000166398",366,324,389,544,527,555,601,542,623,828,721
"ENSG00000166401",40,60,26,40,34,58,27,120,128,115,100
"ENSG00000166402",613,694,531,882,717,806,756,639,508,738,668
"ENSG00000166405",187,211,217,559,466,433,544,569,437,647,503
"ENSG00000166407",96.99999,168.00001,109,214,248,240,215,284,207,233,225
"ENSG00000166411",183,203,224,709,597,587,751,1174,974,1034,1021
"ENSG00000166415",237.99999,309,463,72,49,57,28,175,186,150,152
"ENSG00000166426",11181,25546,18460,83122,75448,68105,79359,58353,43158,34967,38172
"ENSG00000166428",132,39,133,30,55,51,32,85,62,62,110
"ENSG00000166432",348,360,336,372,269,344,273,478,373,316,514
"ENSG00000166435",422.00001,465.99998,319.00001,376,441,438,466,507,466,391,521
"ENSG00000166436",204,137.99999,143.99999,99,113,89,95,81,85,144,117
"ENSG00000166439",239,229,197,203,221,190,228,214,120,210,174
"ENSG00000166441",1843.00001,2091,1696.99999,10387,12306,9176,11481,12738,10061,6048,8492
"ENSG00000166444",868.99999,659,701.00001,848,884,891,857,1493,1817,2203,2004
"ENSG00000166446",33,83,26,11,20,27,29,11,20,27,9
"ENSG00000166448",74,53,44,1117,1318,1044,1384,472,479,709,782
"ENSG00000166450",297.00001,431,319,754,471,583,614,247,213,368,414
"ENSG00000166451",185,187,145,451,336,360,468,396,439,422,454
"ENSG00000166452",199,228,178,551,533,577,612,701,611,787,633
"ENSG00000166454",169,238,207,322,326,290,315,372,297,339,391
"ENSG00000166455",47,22,125,52,65,90,78,95,57,57,69
"ENSG00000166471",351.00001,401,378,563,416,453,500,470,517,548,505
"ENSG00000166473",19,37,33,28,46,43,68,52,46,43,18
"ENSG00000166477",304,337,289,499,522,436,421,645,576,665,572
"ENSG00000166478",322,340.99999,346,663,537,575,785,837,926,934,997
"ENSG00000166479",413,534,445,548,368,440,471,747,700,755,668
"ENSG00000166482",190.00001,233,224,1693,2444,1839,2602,4227,4295,4693,4696
"ENSG00000166483",373,333,291.99999,408,245,308,341,441,457,473,466
"ENSG00000166484",197.99998,223.00001,153,335,394,389,503,538,881,690,718
"ENSG00000166501",39,41,58,130,177,129,160,121,141,166,122
"ENSG00000166503",1122,1396,1145,1632,1220,1280,1252,1269,865,927,1043
"ENSG00000166507",139.00001,124,98,339,370,374,334,379,446,641,577
"ENSG00000166508",612.99999,779.99999,662,5111,5075,4922,5679,5482,7096,5347,5561
"ENSG00000166526",332.00001,403,428.00001,510,583,584,624,1296,1175,1342,1192
"ENSG00000166529",191,226,191,299,351,242,344,466,357,447,392
"ENSG00000166532",324.00001,444.00001,402.00001,1118,874,982,1199,975,1216,1326,1126
"ENSG00000166548",256.99999,299.99999,217.99999,281,311,296,330,449,343,510,478
"ENSG00000166557",366,375,268,2482,2970,2249,3005,2095,1801,1974,1921
"ENSG00000166562",557.00001,842,732.99999,2781,2219,2350,2828,2765,2270,2065,2097
"ENSG00000166569",759,261,193,599,477,509,421,1258,855,901,1025
"ENSG00000166575",472,533.00001,421,691,448,541,617,725,699,726,793
"ENSG00000166578",27,54,62,112,93,96,123,129,147,119,119
"ENSG00000166579",161.00001,148,194,858,855,785,1017,903,796,835,922
"ENSG00000166582",670,923,874.99999,262,343,264,199,242,166,141,200
"ENSG00000166592",853,665,1415,131,169,169,219,751,528,334,622
"ENSG00000166595",815,983,922.00001,2144,2663,1982,2308,2856,2082,1603,1958
"ENSG00000166596",18,52,64,12,11,8,6,23,12,31,26
"ENSG00000166598",2424.99998,2979.00002,2822.99999,10074,8586,9038,10967,8639,8801,9638,9277
"ENSG00000166619",637.99999,449.00001,640,4400,5035,4075,6033,3293,3377,4370,3738
"ENSG00000166664",26,24,18,82,84,68,99,91,64,72,87
"ENSG00000166669",433,479,211.99999,120,73,101,78,145,149,118,131
"ENSG00000166676",46,106,82,58,82,62,65,82,58,85,61
"ENSG00000166681",2954.00001,2474,2621.00001,11958,12759,10942,13644,14815,13153,13641,13350
"ENSG00000166682",156,117.00001,77,81,94,65,58,127,168,128,186
"ENSG00000166685",156.99999,167,140,809,898,830,974,845,706,1060,1007
"ENSG00000166689",747,454.00001,726.00001,643,566,560,841,610,978,993,860
"ENSG00000166704",257,228,239,342,249,330,433,781,782,995,836
"ENSG00000166707",102,50,86,696,628,679,699,512,565,576,671
"ENSG00000166710",930.99999,1304,1208,7998,6922,6543,8650,11024,13661,11415,11463
"ENSG00000166716",258,231,193,490,448,585,652,510,566,698,554
"ENSG00000166734",862,942.99999,906,1550,1123,1256,1464,1725,2326,2423,2472
"ENSG00000166741",30,59.99999,40,47,51,28,38,70,44,31,75
"ENSG00000166747",572,739.00001,716.00001,1058,834,904,1186,1121,1674,2000,1604
"ENSG00000166750",106,141,85,149,126,184,173,356,317,527,455
"ENSG00000166762",138,161.00001,145,39,14,33,25,59,42,57,57
"ENSG00000166780",965,1313.99999,968,2731,2796,2622,2776,3049,3125,3209,3037
"ENSG00000166783",537,556.99999,551,555,500,546,568,739,602,757,776
"ENSG00000166788",205,224,202.00001,408,359,380,379,436,390,351,386
"ENSG00000166793",88,161.99999,146.99999,39,72,66,59,62,35,72,50
"ENSG00000166794",1026.99999,1226,1175.00001,5857,7105,5656,6998,8280,6318,6218,6790
"ENSG00000166797",520.99999,747,618.99999,1175,838,992,1026,1548,1471,915,1088
"ENSG00000166801",193,190.00002,315.99999,682,453,486,648,583,797,676,776
"ENSG00000166803",339,571,468,763,530,590,580,935,942,446,709
"ENSG00000166813",96,91,92,24,29,36,27,29,49,45,47
"ENSG00000166821",104,119.99999,85,159,107,160,121,358,348,380,336
"ENSG00000166822",464,605.99999,641,987,712,815,1032,797,842,1036,872
"ENSG00000166823",46,52,70,28,50,43,26,20,6,16,62
"ENSG00000166831",94,112,97,190,178,205,162,89,58,64,58
"ENSG00000166833",1344.00001,1064.00001,1105,365,324,351,358,413,300,738,584
"ENSG00000166839",225.00001,232,332,296,205,237,353,235,308,346,308
"ENSG00000166840",85,68,34,44,46,48,55,85,64,89,92
"ENSG00000166845",133.99999,120,188,278,151,202,189,136,179,188,181
"ENSG00000166847",433,204,402,1377,1311,1309,1403,2179,2492,2665,2504
"ENSG00000166848",1072,1276,959,6149,6391,5712,5683,2282,1810,3621,4815
"ENSG00000166851",165,167,146,1347,1250,1145,1711,763,1034,1142,872
"ENSG00000166855",492,538,497,795,623,670,958,878,1127,1315,1137
"ENSG00000166860",105,105,110,296,257,350,232,182,235,471,295
"ENSG00000166862",12,11,12,38,28,19,36,25,25,54,15
"ENSG00000166881",226,224.00001,200,526,436,444,453,535,634,741,611
"ENSG00000166886",131,198,133,421,456,423,426,482,431,611,538
"ENSG00000166887",426.00001,417,419,1099,1201,1102,1210,2074,2769,3069,2734
"ENSG00000166888",53.00001,95,102.00001,478,469,469,525,482,644,932,631
"ENSG00000166889",298,378,301,333,304,292,319,397,380,409,399
"ENSG00000166896",74,63,85,192,162,151,158,224,145,182,159
"ENSG00000166897",45,77,85,46,58,57,63,10,20,21,20
"ENSG00000166900",728.00001,473,493,493,503,553,408,693,522,845,1118
"ENSG00000166902",329,398.99999,394,339,385,265,305,1082,739,747,792
"ENSG00000166908",147.00001,149,158,450,337,401,522,858,967,1339,989
"ENSG00000166912",349.00001,285,257,208,222,182,208,393,435,452,454
"ENSG00000166913",1810.00001,1794,1779,5218,4951,4591,5174,6892,5687,5753,6115
"ENSG00000166922",88.99999,151,190,279,385,331,425,131,58,211,166
"ENSG00000166925",159,164,203,116,127,126,148,166,176,270,203
"ENSG00000166938",355,336,446,500,470,504,614,784,862,949,948
"ENSG00000166946",265,356.99999,361.00001,788,720,705,897,1083,1060,1018,953
"ENSG00000166949",352.00001,448.00001,260.00001,392,391,379,472,370,385,464,393
"ENSG00000166963",268,282,261,2375,3073,2557,3192,2273,2519,4364,3459
"ENSG00000166965",101,95.99999,131,324,222,222,248,159,90,188,206
"ENSG00000166971",388.99999,276,274,487,436,445,454,746,733,828,886
"ENSG00000166974",1473,932.00001,985,4722,4074,4205,5261,3676,4050,5588,4446
"ENSG00000166979",71,87,42.00001,15,23,17,18,31,11,70,58
"ENSG00000166986",416.00002,569.99999,454,2036,2307,2265,2195,3598,4176,4596,3884
"ENSG00000166987",493,410.00001,342,129,94,103,112,126,162,111,117
"ENSG00000166997",282,311,279,387,415,380,396,867,990,897,849
"ENSG00000167004",1069,1481.99999,1183.00002,10491,10593,10634,8234,9815,5460,7531,8135
"ENSG00000167005",547,777,760,3082,2126,2339,2782,2247,2942,2590,2617
"ENSG00000167037",185,121,93,189,201,286,285,168,190,302,261
"ENSG00000167065",140,207,196,434,452,379,439,525,550,630,654
"ENSG00000167074",142,93,102,806,792,710,1070,462,734,1311,888
"ENSG00000167081",724,907,708,1302,1270,1297,1362,541,490,676,624
"ENSG00000167083",733,638,575,125,142,116,100,611,415,621,654
"ENSG00000167085",498.99999,667.00002,569.00001,2256,2636,2358,2624,2902,2986,2799,2865
"ENSG00000167088",723,881,777,1841,1624,1446,1496,2230,1940,1520,1756
"ENSG00000167100",111,115,84,175,243,253,200,150,64,223,227
"ENSG00000167103",23,22,13,63,88,64,87,69,27,76,50
"ENSG00000167106",263.99999,256.00001,240.00001,135,140,126,134,205,139,267,199
"ENSG00000167107",45,88,75,238,218,223,268,310,297,312,318
"ENSG00000167110",339,399.99999,372.99999,570,597,556,613,639,583,651,604
"ENSG00000167112",149,157,158,486,694,606,596,1529,1188,1130,1142
"ENSG00000167113",342.00001,366,307,1278,1337,1103,1469,1505,1455,1160,1348
"ENSG00000167114",72,64,71,115,121,123,130,185,143,221,202
"ENSG00000167118",242,278,267,564,640,573,638,743,845,883,855
"ENSG00000167123",91,81,71,287,405,322,370,322,255,391,583
"ENSG00000167130",76,91,88,461,442,499,510,386,356,469,362
"ENSG00000167131",22,17,20,63,65,58,50,124,221,408,265
"ENSG00000167136",85,117,123,58,88,74,68,105,85,47,76
"ENSG00000167173",91,96,78,93,91,92,125,149,129,177,138
"ENSG00000167178",730,787,772,1173,1385,1179,1057,619,561,608,581
"ENSG00000167182",164,168,133,479,427,450,582,460,684,540,507
"ENSG00000167186",208,244,240,379,386,391,335,585,650,662,631
"ENSG00000167191",169,183,161,1748,2261,1856,2438,920,965,2372,1629
"ENSG00000167193",407,416,372,1194,1242,1307,1324,1089,887,1245,1704
"ENSG00000167196",483.00001,499.99999,457,736,748,733,836,1112,1042,903,967
"ENSG00000167202",75.99999,117,83,271,250,250,272,251,188,259,203
"ENSG00000167216",166,210.99999,239.99998,180,108,130,136,97,110,100,135
"ENSG00000167220",337.99999,474,512,1653,1339,1405,1512,1584,1650,1628,1549
"ENSG00000167232",820,863.99999,924.00002,4999,3639,4501,4737,4433,4375,4133,4307
"ENSG00000167244",1918,7445.00001,1645,3272,2739,3065,3582,3627,3560,2533,3562
"ENSG00000167257",389.99999,480,321.00001,500,459,433,512,425,362,438,413
"ENSG00000167258",575,536,496,249,303,258,262,424,290,312,344
"ENSG00000167264",79,140,219.00001,172,234,207,197,461,506,468,489
"ENSG00000167272",194,171,178,409,498,410,328,921,734,598,725
"ENSG00000167280",108,145,142,334,322,349,352,277,245,419,446
"ENSG00000167281",282,229,210,170,188,247,138,105,144,108,140
"ENSG00000167283",2328,3025,2747.99999,6239,5816,5333,5478,6829,5425,3611,4614
"ENSG00000167291",345,268,261,621,694,811,835,614,893,1500,1101
"ENSG00000167302",72.00001,56,76,59,89,75,68,120,119,85,114
"ENSG00000167306",230.99999,162,291,115,74,87,101,133,115,118,210
"ENSG00000167311",22,40.00001,24,131,141,123,218,94,90,74,67
"ENSG00000167315",542.00001,706,523.99999,2725,2213,2125,2672,2562,2659,2397,2623
"ENSG00000167323",190.00001,538,122.99999,650,731,617,967,478,609,911,898
"ENSG00000167325",519,690,684,3732,2895,2983,3747,3258,4254,3695,3795
"ENSG00000167332",12,17,21,5,11,9,25,8,25,17,26
"ENSG00000167333",57,83,66.99999,242,242,275,309,442,489,659,425
"ENSG00000167363",178,189,125,152,198,167,182,232,119,164,232
"ENSG00000167371",774,842,706.99999,1979,1803,1827,1696,1431,1104,1005,1092
"ENSG00000167377",106.99999,131.00001,109,545,586,511,554,679,630,652,631
"ENSG00000167378",327,318,279,1489,1319,1541,1742,1016,1373,2101,2036
"ENSG00000167380",288.00001,355,321,832,677,674,781,721,779,969,879
"ENSG00000167384",140,119,135,99,58,87,87,146,144,214,160
"ENSG00000167394",65,53,36,186,196,213,243,315,294,300,281
"ENSG00000167395",85,102,107,252,225,325,358,264,404,421,348
"ENSG00000167397",854,1324,998.99999,2467,2811,2280,3215,2169,2301,2178,1941
"ENSG00000167414",39,36,58,162,142,111,136,106,90,51,81
"ENSG00000167447",127,149,134,433,456,501,617,470,573,887,649
"ENSG00000167460",913,1183,1000,4506,3411,3740,4256,3317,2750,3361,3812
"ENSG00000167461",260,313.99999,289,570,674,630,721,1182,944,1202,1085
"ENSG00000167468",2291.00001,3037.99999,2650.99999,6972,8335,6486,7954,8328,6539,5762,6554
"ENSG00000167470",830,763.99999,873,203,195,255,220,143,107,131,120
"ENSG00000167483",9,24,70,45,28,18,22,41,32,36,41
"ENSG00000167487",52,71,55,288,314,261,387,323,280,388,328
"ENSG00000167491",442,454,318,429,364,339,314,243,350,337,371
"ENSG00000167508",92,157.99999,117,863,1148,951,1030,871,744,903,823
"ENSG00000167513",71,112,78,125,165,136,150,138,75,103,85
"ENSG00000167515",252,349.00001,343,1793,1966,1565,2102,2272,2184,1805,1978
"ENSG00000167522",1497.00001,1513.99999,1322,604,750,792,628,915,702,837,880
"ENSG00000167523",128.99999,160,159,100,129,140,116,203,160,142,155
"ENSG00000167524",183.99999,179.00001,168,120,80,111,82,99,61,72,100
"ENSG00000167525",89.99999,104,89,61,60,41,63,32,42,31,44
"ENSG00000167526",6729.00001,7169,5952.99999,18897,23025,18727,21183,20369,14002,10956,13587
"ENSG00000167528",251,142,176.99999,323,243,251,291,331,339,492,426
"ENSG00000167535",333,436.99999,326,1159,1141,1196,1293,897,629,768,854
"ENSG00000167536",107,306,178,355,493,386,360,317,355,675,797
"ENSG00000167543",160.00001,220,180,866,1156,970,879,400,328,729,1030
"ENSG00000167548",680,546.00001,459,327,355,293,302,339,308,462,433
"ENSG00000167549",31,35,19,123,188,142,175,148,109,127,104
"ENSG00000167552",12278.00001,14388,10263,115920,149755,114983,128841,116466,94123,85583,94545
"ENSG00000167553",2073.00001,2177.99999,1464.00001,975,1130,951,1161,1184,1004,882,960
"ENSG00000167554",216,169,129,307,253,354,375,474,460,541,491
"ENSG00000167555",25,30,29.00001,53,57,65,65,54,46,48,65
"ENSG00000167562",84,70,67,137,121,101,103,218,255,223,227
"ENSG00000167565",52,75,68,385,403,346,522,341,332,419,327
"ENSG00000167566",230,200,163,449,507,544,492,487,441,584,524
"ENSG00000167578",131,145,94.00001,382,410,323,406,473,397,486,433
"ENSG00000167595",354.99999,344,229.99999,152,162,166,198,199,221,225,260
"ENSG00000167600",8,10,11,85,143,61,222,71,96,179,106
"ENSG00000167601",184,212,227,2308,1973,1987,2760,1197,1646,1776,1695
"ENSG00000167604",27,39,29,39,13,18,9,38,10,43,14
"ENSG00000167608",44,69,53,32,9,20,23,29,29,25,35
"ENSG00000167612",40,14,27,26,21,34,18,56,43,62,42
"ENSG00000167614",1251,1700,1805,7980,8510,8265,9077,4630,3780,7789,6847
"ENSG00000167615",772,738,638.00001,1452,1287,1277,1406,732,1125,1023,1113
"ENSG00000167619",95,154,101,117,155,106,108,94,73,140,137
"ENSG00000167625",58.99999,114,122.99999,304,238,260,323,266,350,317,349
"ENSG00000167632",281,366,167,1316,1153,1107,1322,887,1115,1471,1219
"ENSG00000167635",824,860,829,1292,1036,1277,1325,1988,1873,2164,2039
"ENSG00000167637",108,108,147,54,47,59,74,55,59,60,93
"ENSG00000167641",84,90,107,75,63,45,52,110,52,31,31
"ENSG00000167642",684,853,638.99999,771,1068,769,1210,861,518,598,733
"ENSG00000167645",242,254,211,1622,1829,1544,2005,1509,1351,1448,1305
"ENSG00000167646",77.00001,89,101,149,168,168,167,202,252,180,246
"ENSG00000167654",404,467,375,1221,1426,1380,1370,1076,1095,1772,1353
"ENSG00000167657",236,214.99999,203.99999,328,433,418,463,410,418,827,682
"ENSG00000167658",4662,5715,5005,17727,20311,16656,20906,12175,14313,12979,13450
"ENSG00000167670",166,187,219,236,232,228,132,228,242,245,372
"ENSG00000167671",318,418,374,439,597,450,513,621,395,417,407
"ENSG00000167674",315.00001,458.99999,380,1023,1031,888,946,538,436,830,915
"ENSG00000167680",187,311,242,78,79,65,73,101,50,81,89
"ENSG00000167685",162,183,135,329,373,433,311,133,99,217,358
"ENSG00000167693",763,776,721,465,492,409,539,648,614,613,681
"ENSG00000167695",232,128,201,67,97,84,71,124,148,192,243
"ENSG00000167699",502,567,525,1248,1249,1210,1318,1994,1746,1918,1754
"ENSG00000167700",105,141,101,314,439,374,269,359,271,571,636
"ENSG00000167702",83,105,57,157,234,210,124,69,60,79,158
"ENSG00000167703",59,85,60,255,339,256,268,195,180,359,305
"ENSG00000167705",10,12,8,102,66,81,77,44,28,53,43
"ENSG00000167711",16,16,9,32,27,38,42,24,19,56,32
"ENSG00000167716",36.99999,40,28,76,106,91,120,137,139,251,206
"ENSG00000167720",320,147,167,770,697,618,737,1408,1488,1555,1525
"ENSG00000167721",201,204,178,970,816,901,1117,1241,1597,1947,1505
"ENSG00000167723",12,12,22,11,6,26,26,24,30,48,21
"ENSG00000167733",118,152.00001,90,819,964,835,881,736,540,756,899
"ENSG00000167740",130,143,158,537,714,572,636,1112,1054,1190,1119
"ENSG00000167749",17,9,20,36,34,31,56,28,16,23,12
"ENSG00000167766",630.99999,760,858,1347,1047,1069,1177,1257,947,957,1100
"ENSG00000167770",530.99999,611.00001,557,3758,4237,3435,4100,3962,3489,3487,3427
"ENSG00000167771",417,655,669,88,118,138,94,143,101,91,98
"ENSG00000167772",128,169,175,15,49,51,80,270,402,527,257
"ENSG00000167775",251,198,166,735,989,804,921,1283,1107,1162,1193
"ENSG00000167778",92,107,99,289,370,328,386,576,825,1004,879
"ENSG00000167779",48,57.99999,42,165,258,181,278,500,518,838,724
"ENSG00000167785",110,66,226,847,653,639,857,699,804,1150,1049
"ENSG00000167791",49,20,8,16,21,4,14,61,36,17,34
"ENSG00000167792",482,663,543.00001,3659,4031,3618,4287,3402,3638,4017,3544
"ENSG00000167797",251,312,264.99999,1248,1467,1283,1447,1795,1406,1522,1333
"ENSG00000167799",171,315,264,28,33,41,20,30,17,10,25
"ENSG00000167815",2475,3517,2764,15196,16817,13237,16182,16605,14948,12774,13647
"ENSG00000167840",181,198,194,189,229,210,205,419,361,363,394
"ENSG00000167842",158,158.00001,206,456,320,347,428,548,548,543,513
"ENSG00000167858",42,53.00001,79,107,88,82,66,39,63,32,40
"ENSG00000167861",119,137.99999,114,1634,1491,1547,2126,1369,1747,2028,1601
"ENSG00000167862",189,226,190.99999,235,223,219,245,372,313,277,317
"ENSG00000167863",1144,1319,1101.00001,2721,3053,2574,2929,4073,2775,2274,2655
"ENSG00000167881",420.00001,443.99999,445,1788,1944,1683,2246,1671,1760,2549,2425
"ENSG00000167889",36,48,34,77,104,87,98,60,37,71,38
"ENSG00000167900",78,103,142,264,240,264,264,600,609,542,497
"ENSG00000167904",364.99999,490.99999,311.99999,398,264,310,354,507,554,430,466
"ENSG00000167925",22.99999,36,46,164,146,153,114,194,213,234,200
"ENSG00000167930",423.00001,410.00001,438,2021,2370,2149,2873,3206,3557,4050,3689
"ENSG00000167962",191,239,163.99999,68,51,49,48,56,51,49,57
"ENSG00000167964",45,92,82,211,180,202,133,72,59,71,88
"ENSG00000167965",221,336.99999,227,1646,2016,1587,1935,2079,2069,2304,2088
"ENSG00000167967",164,147.00001,150,634,838,798,817,1075,1011,1038,950
"ENSG00000167969",518.99999,612.00001,565.99999,218,288,207,217,307,144,144,214
"ENSG00000167971",92,95,76,13,15,21,21,22,22,21,26
"ENSG00000167972",304.99999,342.00001,361.00001,1095,1277,1254,1126,783,730,1345,1536
"ENSG00000167977",133.00001,146,114,363,478,463,468,272,204,467,641
"ENSG00000167978",3266.00001,3499,3077.99999,10058,10920,10073,10665,6341,4939,8374,10776
"ENSG00000167981",60,53,37,43,33,35,62,57,38,107,70
"ENSG00000167984",66,73,74,39,36,45,30,82,41,47,55
"ENSG00000167985",295,238.99999,264,212,314,245,272,660,428,407,525
"ENSG00000167986",1046,1258,1096.99999,9448,9207,8382,10446,7294,10953,12069,10781
"ENSG00000167987",170,143,111,61,78,69,77,108,124,104,99
"ENSG00000167992",34,54,50,29,24,41,22,26,14,44,17
"ENSG00000167994",14,19,14,18,40,59,40,43,13,39,39
"ENSG00000167995",192,173,481,441,406,479,615,891,758,2116,1306
"ENSG00000167996",8423.00002,11912,7669,75118,80584,65242,86375,72157,53149,67486,79819
"ENSG00000168000",516.99998,654.99999,674,3926,4438,3892,4813,3137,2853,3365,3091
"ENSG00000168002",755.00002,874,910.00002,3051,3494,2888,3173,5607,4412,3637,4363
"ENSG00000168003",630.99999,806.00002,656.00001,5627,6463,5201,7595,5259,5916,7025,5414
"ENSG00000168005",265,297,233,34,49,62,26,54,48,29,40
"ENSG00000168010",156,130,146,293,402,393,204,221,193,195,417
"ENSG00000168014",385.00001,486.99999,530.99999,551,454,496,521,743,793,942,883
"ENSG00000168016",88,44,64,15,12,23,21,29,18,32,64
"ENSG00000168026",64.00001,215.99999,105,141,87,112,124,115,128,183,114
"ENSG00000168028",1303,1627,1329.00001,15468,19305,14451,17031,14463,13609,8060,11487
"ENSG00000168032",84,42,63,62,63,77,51,54,38,107,104
"ENSG00000168036",2228,1612,1716.00002,6564,5748,6034,7649,8393,9778,10256,9565
"ENSG00000168038",59,92,65.00001,43,63,60,53,82,106,116,142
"ENSG00000168040",160,197,176,198,202,156,199,229,192,382,317
"ENSG00000168056",464.00001,363,399,213,374,386,287,326,322,457,603
"ENSG00000168061",86.00001,110.99999,89,33,26,23,34,24,12,24,21
"ENSG00000168066",891.00001,815.99998,738,1505,1354,1443,1333,1510,1473,1275,1385
"ENSG00000168067",62,56,49,115,131,146,144,127,125,228,176
"ENSG00000168071",26.00001,41,32,49,58,50,45,53,33,50,37
"ENSG00000168077",162,221,174,298,357,280,297,461,408,678,667
"ENSG00000168078",162,326,248,1322,819,1014,1187,970,1005,708,743
"ENSG00000168090",595.00001,704.00001,653,4465,4937,4183,4993,5502,5309,4852,4999
"ENSG00000168092",825,947,898,1577,1334,1412,1503,1685,1571,1637,1712
"ENSG00000168096",229.00001,192,183.99999,385,442,373,425,454,512,499,527
"ENSG00000168101",200.99999,175,196,1203,1521,1224,1344,1867,1542,1579,1735
"ENSG00000168116",198,395,295,230,126,211,162,266,270,257,256
"ENSG00000168118",290,417,383,2020,1491,1568,1712,939,879,946,1174
"ENSG00000168135",17,32,27,20,26,28,43,21,16,34,18
"ENSG00000168137",2197.00002,2127.99999,1677.99999,1735,1619,1662,1547,1956,1290,1909,1661
"ENSG00000168140",31,39,42,381,473,460,537,317,402,773,608
"ENSG00000168152",80,116,89,224,163,182,235,313,336,246,290
"ENSG00000168159",766,768,519,499,665,476,542,612,389,389,409
"ENSG00000168172",1143.99999,1186,1189,953,682,709,835,738,824,1031,1085
"ENSG00000168175",1042,959,1070,3013,2461,2631,3243,3182,3689,4100,3697
"ENSG00000168209",2021,3605,2323,18771,17616,19069,24700,24777,42275,26012,31252
"ENSG00000168214",5612,2883,2638.00001,6341,4944,5460,6241,5467,5637,5570,5236
"ENSG00000168216",4054.99998,1998.99999,2856,1829,1231,1387,1722,1642,1747,1405,1700
"ENSG00000168228",138,185.99999,125,144,74,106,124,220,256,217,255
"ENSG00000168234",183,282,219,193,184,184,199,247,218,196,221
"ENSG00000168237",97,24.99999,37,976,1095,1038,1444,882,1071,1498,970
"ENSG00000168243",147,229,164.99999,1057,1084,958,1218,675,556,793,727
"ENSG00000168246",214,232,229,317,328,294,255,347,262,280,410
"ENSG00000168255",72.00001,27.99999,20,738,649,668,878,818,720,851,710
"ENSG00000168256",310,315,310,2718,2700,2699,2991,2938,2991,2988,2744
"ENSG00000168259",691,704.00001,698.00001,1174,990,1040,1084,1578,1386,1480,1434
"ENSG00000168263",1252,685,635,1673,1534,1861,1339,3346,2536,3447,3317
"ENSG00000168264",440,508,557,1119,819,867,949,1244,1321,1448,1274
"ENSG00000168267",30,44,61,21,16,24,35,17,17,3,17
"ENSG00000168268",571,720,580,880,1029,828,849,1040,814,680,738
"ENSG00000168273",225.00001,119,139,123,144,138,125,258,190,139,198
"ENSG00000168275",289.99999,356,309,477,361,432,447,525,473,323,370
"ENSG00000168280",1754,2279.99999,2770.99997,2166,1969,2180,1649,1809,1481,1900,1858
"ENSG00000168282",109,103,127,348,275,278,296,356,356,571,473
"ENSG00000168283",270,338,329,369,263,310,275,510,415,415,518
"ENSG00000168286",149,171,157,169,238,156,225,233,144,207,194
"ENSG00000168288",450,543,567,1487,1225,1143,1490,1672,1619,1335,1535
"ENSG00000168291",654,793.99999,769.99999,1445,1415,1399,1562,3021,2783,2768,2910
"ENSG00000168297",455.00002,430,441,695,560,610,644,768,747,758,828
"ENSG00000168298",1415,1657,1787,369,355,239,276,221,141,62,145
"ENSG00000168300",1110.00001,1278.00001,1540,898,610,699,717,1059,1198,1068,1136
"ENSG00000168301",243.99999,307,302,860,676,689,868,975,1067,911,927
"ENSG00000168303",347,352,382,1091,918,985,1100,1371,1060,887,979
"ENSG00000168306",60,39.99999,33,64,53,33,63,131,206,178,247
"ENSG00000168309",313,212,349,672,668,704,555,1173,1060,1191,1269
"ENSG00000168310",162.00001,217.99999,229,212,157,226,228,353,364,395,360
"ENSG00000168348",47,89,96,105,80,123,74,168,105,180,292
"ENSG00000168350",53,28,26,23,39,39,43,17,35,29,34
"ENSG00000168356",113,51.99999,68,24,22,40,27,35,29,31,51
"ENSG00000168374",1023,1416.99999,1330,4524,3750,3700,4458,5445,4470,4120,4418
"ENSG00000168385",2199,2751.99999,2520.00002,11704,8076,8909,10069,10371,12238,11716,12352
"ENSG00000168386",282.99999,228,273,124,104,100,117,194,145,328,236
"ENSG00000168389",53,58,53,152,203,206,261,218,158,193,147
"ENSG00000168393",509,563,431.00001,1207,1345,1234,1337,1832,1582,1290,1447
"ENSG00000168394",43,78,80,465,572,456,780,529,822,1138,783
"ENSG00000168395",321.00001,381,399,321,399,321,350,282,251,228,343
"ENSG00000168397",481,544,447.00001,1373,1506,1433,1413,2207,1830,2063,1867
"ENSG00000168411",151.00001,209,179,384,298,373,299,572,927,829,805
"ENSG00000168418",93,167,85,92,76,91,96,391,396,404,440
"ENSG00000168434",284,271,182,311,359,330,384,613,535,726,806
"ENSG00000168438",297,397,362,266,231,186,212,383,375,394,325
"ENSG00000168439",554,672.00001,606.00001,4005,4536,3951,4691,5140,4902,4471,4558
"ENSG00000168453",56,19,39,31,47,41,38,17,15,20,24
"ENSG00000168461",922,1688.00001,1186,8360,5911,6588,6949,4790,4564,5150,6024
"ENSG00000168476",56,69,41,252,314,257,363,276,209,265,248
"ENSG00000168477",85,120,67,81,77,79,114,73,40,76,47
"ENSG00000168487",99,179,173,259,313,258,323,182,223,410,367
"ENSG00000168488",923,1052.00001,795.00001,853,825,888,872,544,522,573,583
"ENSG00000168491",39.00001,40,36.00001,10,11,18,4,14,22,25,16
"ENSG00000168495",154,281,151.00001,904,958,909,1053,775,716,795,706
"ENSG00000168496",216,280,280,404,452,497,417,1350,1215,1194,1159
"ENSG00000168502",341,186.99999,232,72,112,108,56,197,106,194,157
"ENSG00000168517",89.00001,57,50,111,93,86,110,212,230,159,175
"ENSG00000168522",589.00001,729.00001,565,1815,1511,1542,1797,1867,1941,1773,2269
"ENSG00000168528",278,236,125,1296,1645,1171,1572,801,905,1014,1213
"ENSG00000168530",13,11,10,391,655,476,757,206,164,200,352
"ENSG00000168538",471,419,383,717,530,670,767,903,1221,1268,1131
"ENSG00000168542",72,331,26,709,1327,1212,1525,1261,1088,2750,2051
"ENSG00000168546",31,27,37,326,406,398,375,178,205,262,231
"ENSG00000168556",182,224,217,96,86,96,91,92,83,77,103
"ENSG00000168564",143,117,172,546,394,400,483,409,453,400,376
"ENSG00000168566",178,191,222,332,236,307,338,235,258,257,202
"ENSG00000168569",190,226,258,294,328,239,277,666,469,410,479
"ENSG00000168575",276.00001,290.99999,310.99999,210,228,289,282,278,315,500,443
"ENSG00000168591",143,165.99999,162.99999,894,943,814,935,1275,1083,1165,1019
"ENSG00000168610",890.00002,417.00001,526.99999,1092,1353,1195,1566,2531,3493,4958,3789
"ENSG00000168612",69,63,55,227,209,183,241,290,236,301,271
"ENSG00000168615",1460,673.00002,1481.99999,1045,965,936,1331,1029,1318,2506,1739
"ENSG00000168646",66,81,105,82,110,122,163,88,134,179,122
"ENSG00000168653",1763,1920,1662,5644,6432,5146,5910,7207,5150,4224,4947
"ENSG00000168661",146,132,168,205,137,167,158,414,469,474,406
"ENSG00000168672",185,171,248.99999,1591,1455,1252,1895,658,785,1720,1289
"ENSG00000168675",1166,525,667,366,296,307,278,359,435,638,642
"ENSG00000168676",17,38,9,16,24,28,17,21,21,18,21
"ENSG00000168679",178.00001,78,128,87,74,63,117,162,195,286,208
"ENSG00000168701",221.00002,281.00001,276.99999,1033,1115,952,1078,1788,1601,1443,1458
"ENSG00000168702",195,434,37,885,669,692,1287,315,318,511,421
"ENSG00000168710",870,1045,875,3660,3298,3322,3341,2241,1937,2775,3443
"ENSG00000168724",519,680.00001,553.99999,354,242,320,292,309,203,232,226
"ENSG00000168734",323.00001,480.99999,362,1116,1192,951,1097,1387,1179,1149,1147
"ENSG00000168743",27,43,18,74,239,155,227,118,215,166,210
"ENSG00000168758",209,213,167,147,171,196,151,226,205,213,226
"ENSG00000168763",264,244,262,249,251,214,235,273,226,258,251
"ENSG00000168765",122.99999,156,127.00001,761,710,710,840,736,719,807,749
"ENSG00000168769",555.99999,376,469.99998,907,749,845,920,609,522,626,585
"ENSG00000168772",490,591,623,689,591,657,659,642,613,688,596
"ENSG00000168778",219,293,291,224,189,168,264,280,275,371,420
"ENSG00000168781",68,69,44.99999,360,320,418,324,415,635,787,751
"ENSG00000168785",483,419,404,333,455,361,346,340,257,401,456
"ENSG00000168792",59,59,57,92,76,76,77,114,66,104,146
"ENSG00000168795",374,368,301,606,526,558,625,575,681,698,685
"ENSG00000168802",46,64,47,258,339,348,390,373,202,445,742
"ENSG00000168803",147,168.00001,117,195,210,208,250,414,357,313,303
"ENSG00000168806",72,70,95,138,94,121,107,338,337,362,433
"ENSG00000168807",292,222,277,116,115,90,106,161,138,154,162
"ENSG00000168813",335,160.99999,189,403,316,387,503,458,591,696,485
"ENSG00000168818",397,597.99999,374.00001,549,490,431,450,910,915,818,860
"ENSG00000168824",796,985,515.99999,4014,4197,4557,3661,2071,1345,1612,1587
"ENSG00000168826",117,72,61,107,110,84,112,162,157,177,143
"ENSG00000168827",276,348,329,712,568,683,704,1143,1184,1361,1209
"ENSG00000168843",1331,1240,1173,1452,1228,1525,1056,2040,2141,2478,2376
"ENSG00000168872",282,321.00001,266.99999,782,828,733,835,1265,1433,1556,1329
"ENSG00000168874",378,456,335,132,147,123,107,161,202,194,322
"ENSG00000168876",117,143,144,225,167,222,201,403,446,298,326
"ENSG00000168883",353,640,400.00002,2121,2056,1732,2042,2539,2368,2205,2284
"ENSG00000168884",111.00001,87,85.00001,80,93,61,65,99,88,133,182
"ENSG00000168887",397,294,308,668,679,675,582,1239,1169,1396,1446
"ENSG00000168890",84,85,82.99999,240,329,309,308,375,322,303,375
"ENSG00000168894",430.00001,602.99999,458,1258,1555,1311,1396,1818,1317,1322,1184
"ENSG00000168899",33,25,38,46,66,56,53,187,165,179,142
"ENSG00000168904",359.99998,384.99999,326.99999,1225,1068,1034,1184,880,861,863,874
"ENSG00000168906",779,597.00001,668,2562,1850,2060,1910,3869,3362,4007,3802
"ENSG00000168913",37,38,22,68,98,106,72,59,40,54,63
"ENSG00000168916",1672.99999,1574.99999,1240,1052,916,1053,1071,1218,1160,1348,1360
"ENSG00000168917",147,126,185,480,387,456,562,642,716,679,698
"ENSG00000168918",48,56,122,210,275,209,265,212,96,209,117
"ENSG00000168924",164,162,135,222,312,280,211,246,162,253,340
"ENSG00000168936",225,197.99999,155,450,670,624,485,404,358,487,657
"ENSG00000168938",79,55,55,164,187,139,283,259,249,233,281
"ENSG00000168944",308,414,416,341,330,369,427,377,403,491,440
"ENSG00000168952",87,43,52,175,167,183,194,125,128,236,225
"ENSG00000168958",883,1136,1208.00002,4455,3716,3626,4530,3564,3290,2729,3014
"ENSG00000168970",254,187.00001,197,383,413,373,351,324,354,410,353
"ENSG00000168993",124,247,228,91,88,70,68,74,46,62,57
"ENSG00000168994",32.00001,38,14,28,46,36,44,65,25,70,27
"ENSG00000169016",241.99999,245,203,791,600,579,802,591,530,615,624
"ENSG00000169018",391,412,476,1971,1394,1798,1938,1033,1191,1928,1910
"ENSG00000169019",194,258,271,307,181,251,251,561,527,321,432
"ENSG00000169020",1999,2072.00001,2187,2140,2698,2263,2304,3367,2265,1694,2045
"ENSG00000169021",473,600,522,3450,3340,2902,3804,2760,2325,3270,3299
"ENSG00000169031",112.99999,41,31,24,51,34,49,50,39,43,48
"ENSG00000169032",648.00001,542,986.00001,459,399,427,349,258,241,313,451
"ENSG00000169045",2203.00002,2961.99999,3493,4166,3099,3593,3259,3267,4150,3816,4042
"ENSG00000169047",191,128,99,380,365,339,430,235,336,444,412
"ENSG00000169057",499.00001,440.00001,485.00001,825,894,894,949,758,686,837,803
"ENSG00000169062",922.99999,1219,1164.00001,861,777,848,872,934,794,761,878
"ENSG00000169064",115,143.99999,101.00001,34,30,28,34,30,30,24,12
"ENSG00000169071",555,567,519,741,813,683,865,589,594,1156,1488
"ENSG00000169083",124,101,132,109,82,121,159,174,221,312,236
"ENSG00000169085",1027,1431,1173.99999,2587,1941,2658,1880,7927,6110,4074,5602
"ENSG00000169087",158,148,218,180,108,149,180,331,321,227,309
"ENSG00000169105",88,90,92,104,71,86,60,218,86,78,138
"ENSG00000169116",102,158,147,792,695,775,923,810,985,995,1009
"ENSG00000169118",314,363.00002,449.99998,430,385,435,450,611,572,966,797
"ENSG00000169122",145,138,104,1005,828,904,1045,939,848,1265,1316
"ENSG00000169126",49,96,80,60,44,81,56,75,82,79,116
"ENSG00000169129",14,38.00001,30,183,186,176,321,182,184,547,192
"ENSG00000169131",114,102,102,261,223,256,186,399,278,213,344
"ENSG00000169136",298,223,205,73,65,76,65,109,55,78,45
"ENSG00000169139",878,997,918,2349,1520,1925,1929,2507,2301,1871,2108
"ENSG00000169155",160.00001,171,195,819,761,674,926,638,715,912,911
"ENSG00000169169",446,310.99998,368.00002,1113,1193,1131,1222,1377,1438,1748,1554
"ENSG00000169180",695,690,544.00001,423,470,455,396,576,552,559,624
"ENSG00000169181",41,50,74,38,42,34,18,77,57,45,54
"ENSG00000169184",320,270,280,229,242,191,262,145,120,222,173
"ENSG00000169188",79,66,62,209,214,138,204,482,489,447,432
"ENSG00000169189",150,276.99999,151,419,509,444,484,593,498,519,517
"ENSG00000169193",210.00001,177,109,147,100,117,128,220,228,214,237
"ENSG00000169203",19,12,7,212,135,158,144,219,109,176,180
"ENSG00000169213",325,425,277,2789,2766,3154,2966,1486,1484,2106,1879
"ENSG00000169217",284,360,304,1098,1115,1122,1356,1286,1400,1756,1450
"ENSG00000169218",51,33.00001,19,112,101,77,67,68,110,68,261
"ENSG00000169220",49,108,86,143,145,127,154,176,228,230,176
"ENSG00000169221",146,192.00001,166,241,304,311,269,324,271,281,259
"ENSG00000169223",443,528,505,3254,3569,3026,3888,4124,4134,4257,4106
"ENSG00000169228",219.99999,264,242,870,1097,923,1127,1261,1214,1200,1155
"ENSG00000169230",359,394,290,1915,2168,1872,1731,1090,640,1333,2137
"ENSG00000169231",308,263,201.00001,1771,1619,1551,1849,1676,2022,2287,1879
"ENSG00000169239",178,196,215.00001,288,189,249,356,224,252,280,236
"ENSG00000169241",88,85,109.99999,292,374,267,447,625,616,467,613
"ENSG00000169242",115,142,70,535,617,592,815,1128,1865,1625,1311
"ENSG00000169246",23,40,12,309,363,384,307,501,294,520,475
"ENSG00000169247",58,29.00001,101,37,24,38,35,92,168,76,179
"ENSG00000169249",463,626,372.00002,266,223,269,263,269,188,238,220
"ENSG00000169251",500,851,504,1883,1403,1692,1832,2362,2394,2476,2135
"ENSG00000169255",193.00002,128,292.99999,457,376,389,430,723,853,591,783
"ENSG00000169258",87,80,42,98,117,84,98,76,68,90,73
"ENSG00000169282",34,100,69,144,114,128,175,182,259,385,248
"ENSG00000169288",256,376,251,210,154,184,174,258,162,185,209
"ENSG00000169299",144,142,126,403,254,321,333,406,468,424,408
"ENSG00000169302",19,14,9.00001,163,159,142,131,125,85,124,83
"ENSG00000169306",9,29,14,178,168,178,189,105,108,203,166
"ENSG00000169314",82,81,163,9,17,7,27,37,43,17,14
"ENSG00000169330",51,59,76,546,296,448,511,319,427,433,490
"ENSG00000169359",178,386,276,445,369,429,426,415,593,589,499
"ENSG00000169371",174,274.00001,217,407,435,388,454,815,753,716,798
"ENSG00000169372",394,405,511,485,418,433,599,597,595,446,512
"ENSG00000169375",865,680.99999,904,1066,1070,981,1327,1346,1700,1875,1778
"ENSG00000169379",538.00002,794.99999,774.00001,263,209,242,308,438,371,371,357
"ENSG00000169398",4052,2902,3684.99999,3394,2606,2910,3243,2996,3348,3760,3971
"ENSG00000169410",222,254,227,244,249,200,252,337,273,280,323
"ENSG00000169427",21,8,16.99999,33,43,38,30,5,18,20,18
"ENSG00000169432",65.99999,85,57,144,128,146,113,113,83,216,108
"ENSG00000169439",318,302,380.99999,1745,1567,1292,1970,1604,1532,1358,1817
"ENSG00000169446",174,188.99999,404,957,697,883,818,749,863,783,741
"ENSG00000169490",228,214,214.00001,370,300,347,435,625,508,627,624
"ENSG00000169499",291,417,350.00001,212,147,180,218,170,133,190,153
"ENSG00000169504",454,570,623,5054,2805,3330,4227,3906,4691,4453,4511
"ENSG00000169515",212,239,276,629,593,592,802,664,1079,1302,1100
"ENSG00000169519",767,680.00002,734.99999,326,218,301,323,432,427,437,416
"ENSG00000169554",1270.00003,1205.99999,1083.99997,2493,1561,2079,2469,2389,2865,2909,2894
"ENSG00000169564",2166,2551,996,3969,3935,3700,4518,3307,2811,2892,2793
"ENSG00000169567",3180,4086,3227,5754,5907,5076,6036,8194,6241,4923,5910
"ENSG00000169570",134,117,120,151,70,122,123,151,157,146,189
"ENSG00000169592",201,210.99999,192,112,102,99,105,133,80,115,102
"ENSG00000169598",143.00001,82,99.99999,115,125,90,121,212,232,215,207
"ENSG00000169599",392.00001,527,417,1161,1058,1020,1127,1541,1194,964,1125
"ENSG00000169604",414,708,765,922,933,881,818,1003,812,996,891
"ENSG00000169607",118,224,170,735,519,654,724,512,671,628,548
"ENSG00000169609",287,262,216.99999,377,373,400,354,717,610,538,566
"ENSG00000169612",124,143,170,997,752,833,853,1248,1117,1012,1143
"ENSG00000169621",58,157,90,67,50,55,62,75,64,81,93
"ENSG00000169635",192,177,153,172,235,204,174,137,85,119,94
"ENSG00000169641",179,188,239,382,365,347,479,381,340,474,401
"ENSG00000169660",128,129,152.99999,169,204,194,129,226,154,151,197
"ENSG00000169679",239,233,167,1257,848,985,1285,753,1084,1096,952
"ENSG00000169682",182,170.99999,162.00001,1099,1313,1130,1302,1345,1387,1746,1513
"ENSG00000169683",32,56,39,125,128,128,102,177,133,226,204
"ENSG00000169684",158,198,179,71,69,89,41,92,85,90,76
"ENSG00000169689",403,378,378,969,1217,932,1128,1687,1459,874,1218
"ENSG00000169692",79,101,88,656,656,615,823,540,394,539,618
"ENSG00000169696",141.99999,279,185.99999,454,562,499,587,741,555,652,640
"ENSG00000169710",586,618,387,956,1276,1092,1174,466,613,872,806
"ENSG00000169714",1763.00001,2268.99999,2026.00001,14911,11966,12158,14850,14014,13409,10516,12280
"ENSG00000169718",248.99999,280.00001,219,122,154,139,112,162,92,99,89
"ENSG00000169727",474.99997,530.99999,492.99998,5197,5703,4602,5918,5041,4561,4663,4488
"ENSG00000169733",176,177,140.99999,305,443,364,382,456,392,327,303
"ENSG00000169738",462.00001,369.00001,333,1776,2206,1795,1966,2139,1725,1637,1747
"ENSG00000169740",327,382,407,1177,1300,1053,1148,2058,1917,1352,1882
"ENSG00000169744",63,81,52,376,393,349,455,374,486,417,443
"ENSG00000169750",162,250,199,72,68,54,87,32,25,51,54
"ENSG00000169756",303,391,284,490,371,438,482,492,453,526,515
"ENSG00000169758",12,21,31,48,39,46,57,17,37,31,28
"ENSG00000169760",329,313,232,616,537,500,574,443,512,829,719
"ENSG00000169762",230,264,231,120,90,98,50,147,119,164,162
"ENSG00000169764",451.99999,546.99999,506.99999,1613,1279,1424,1456,2028,2024,1785,1940
"ENSG00000169783",191.99999,372,227.99999,331,407,394,420,232,218,264,249
"ENSG00000169813",961,1120,990,3833,3321,3596,4572,5373,6408,5545,5633
"ENSG00000169814",267,193.00001,241.00001,330,358,317,389,501,448,521,463
"ENSG00000169826",177,213,150,417,319,429,341,205,237,377,417
"ENSG00000169851",723,968,632.00001,970,963,807,839,762,838,547,843
"ENSG00000169855",501,393,268.99999,884,1016,950,1177,837,1028,1874,1338
"ENSG00000169856",645.99999,739,718,251,249,404,177,222,126,161,227
"ENSG00000169857",69,77,72,32,17,23,39,22,30,20,31
"ENSG00000169860",167,270,291,746,426,518,518,512,480,789,590
"ENSG00000169862",2081.00001,1791.99999,1877,1073,1130,1124,1102,924,817,835,812
"ENSG00000169871",259,299,254,318,334,418,376,444,446,758,639
"ENSG00000169891",18,86,84,87,108,79,145,232,174,153,254
"ENSG00000169895",747,846,799,1113,931,950,1081,1538,1481,1452,1486
"ENSG00000169902",144,161,145,420,406,389,436,415,394,754,553
"ENSG00000169905",581,589,561,528,439,457,583,725,701,957,820
"ENSG00000169914",122,128,126,122,95,100,85,87,52,122,114
"ENSG00000169918",100,114,73,124,104,108,98,80,70,93,87
"ENSG00000169919",189,308,264.99999,1373,1418,1234,1527,1637,1515,1517,1392
"ENSG00000169925",862,1074,974,1917,2159,2217,2155,2529,2696,3167,2950
"ENSG00000169926",329,371,279,108,142,138,98,132,102,133,108
"ENSG00000169933",35,14,26.99999,31,30,31,34,9,9,24,33
"ENSG00000169946",83,30,22,38,61,28,62,46,55,41,98
"ENSG00000169951",92,84,109,149,151,147,124,197,109,188,204
"ENSG00000169955",59,92,91,174,163,118,172,245,325,357,372
"ENSG00000169957",184,179,165,148,188,165,172,136,156,149,190
"ENSG00000169964",143.99999,136,154,741,858,692,826,1003,986,677,929
"ENSG00000169967",388,497,565,457,330,435,459,538,391,443,511
"ENSG00000169972",68,83,80,356,341,348,396,415,318,383,334
"ENSG00000169976",653,826,688,1663,2095,1673,2219,2746,2133,1956,1994
"ENSG00000169981",95,64,93,98,99,100,95,225,143,153,194
"ENSG00000169989",69,54,101,41,28,46,47,78,106,87,67
"ENSG00000169991",69,50,106,22,30,22,27,19,13,33,30
"ENSG00000169992",585,579,534,335,401,317,339,279,220,220,219
"ENSG00000170004",672,785,652.99999,1817,2100,1875,2001,1376,1151,1720,1393
"ENSG00000170011",102.99999,73,70,106,86,138,169,60,102,149,181
"ENSG00000170017",97,98,56.99999,964,955,873,1429,664,692,1040,853
"ENSG00000170027",1915,2240,1878,1156,1123,1185,1048,861,597,642,655
"ENSG00000170035",1662.99999,1030.99999,961,4011,3237,3173,3438,2407,2293,2031,2468
"ENSG00000170037",323.00001,362,313,776,712,683,822,831,964,999,946
"ENSG00000170043",533.00001,623,549,1448,1695,1496,1500,1545,1417,1346,1313
"ENSG00000170049",73,92,94,42,65,48,53,50,52,32,48
"ENSG00000170075",9,27,106,7,7,12,16,11,19,25,19
"ENSG00000170085",249,327,263,411,485,385,378,240,176,258,564
"ENSG00000170088",273,243,224,724,555,634,836,659,679,785,662
"ENSG00000170091",327,363,356,1646,1981,1419,2117,985,982,1192,1147
"ENSG00000170100",96,103,108,131,123,114,158,154,254,456,317
"ENSG00000170113",218,209,205.00001,392,218,397,302,314,246,331,314
"ENSG00000170142",691.99999,643,532,399,332,454,195,372,382,224,267
"ENSG00000170144",1722,2334.00002,2057,6121,4266,4931,5085,3885,4282,4018,4124
"ENSG00000170145",357,303,277,285,217,257,263,326,346,479,372
"ENSG00000170153",401,321,326,714,613,570,725,599,590,671,756
"ENSG00000170175",135.99999,152,128,316,326,307,364,471,443,386,389
"ENSG00000170185",284.00001,178.99999,158,603,489,537,682,710,678,967,962
"ENSG00000170191",76,71,81,158,142,140,204,204,226,274,259
"ENSG00000170222",65,96.99999,93,394,350,367,407,497,388,300,366
"ENSG00000170234",254,295,296,498,448,443,440,332,311,503,617
"ENSG00000170242",1507,2043,1934,2375,1838,2283,2187,2811,3290,4308,3842
"ENSG00000170248",659,779,718.99999,1606,1181,1465,1808,1793,2254,2250,1994
"ENSG00000170260",83,117,127,423,416,398,498,474,566,624,541
"ENSG00000170264",348,440.00001,483.99999,823,601,643,744,950,968,797,898
"ENSG00000170265",142,156,158,113,153,127,135,165,148,110,104
"ENSG00000170266",387,511,450.99999,2549,2961,2540,3613,3237,3697,4003,4016
"ENSG00000170270",170,210,158,103,93,85,82,289,215,157,202
"ENSG00000170271",233,240.00001,200,1171,1071,1007,1551,859,1025,1306,1176
"ENSG00000170275",578,677,554,3470,4008,3372,3321,1784,1190,1762,2969
"ENSG00000170279",70,55,66,18,20,15,12,202,266,181,193
"ENSG00000170289",98,97,116,125,76,131,151,192,121,198,236
"ENSG00000170291",357,425.00001,316.00001,1544,1655,1608,1995,2013,1765,1745,1752
"ENSG00000170293",63,34,26,29,27,22,44,20,19,22,19
"ENSG00000170296",2343,3155.00001,2624.99999,14512,15758,12587,16489,12904,11165,10390,11226
"ENSG00000170310",257,353,267.00001,1183,1336,975,1291,1232,1015,776,905
"ENSG00000170312",429,693,663.99999,3445,2135,2350,2710,2214,2643,1793,2086
"ENSG00000170315",2430.00001,2897,3892.00001,16470,20246,15157,17847,20135,15681,12730,14532
"ENSG00000170322",322,309.99999,311,558,491,551,578,791,964,924,866
"ENSG00000170324",156,35,49.99999,72,50,66,51,123,142,217,217
"ENSG00000170325",275.99999,183.99999,226.99999,311,290,262,311,244,365,371,384
"ENSG00000170340",20,18,18,89,99,87,94,33,40,59,121
"ENSG00000170345",38,33,33,895,1083,866,838,732,854,1136,827
"ENSG00000170348",909,1052,934,6286,5377,5366,6691,6022,6344,6475,6193
"ENSG00000170364",130.99999,164.00001,168,215,162,189,203,361,359,264,368
"ENSG00000170365",252.00001,350,284,796,790,855,841,519,419,848,847
"ENSG00000170379",24,35,43,39,33,42,40,91,97,127,101
"ENSG00000170381",61,85,26,226,229,262,242,412,529,531,558
"ENSG00000170382",257,245,393,216,261,269,276,551,546,648,719
"ENSG00000170385",90,99,95,200,152,142,126,154,102,105,85
"ENSG00000170390",1491.00001,1012,812.00001,211,295,285,314,266,206,332,322
"ENSG00000170396",46,41,42,82,82,82,44,49,41,46,52
"ENSG00000170412",70,72.99999,62.00001,332,424,395,631,335,406,580,412
"ENSG00000170417",61,103.00002,76.00001,203,134,179,187,210,216,183,186
"ENSG00000170419",163,93,90,786,642,671,764,764,738,570,687
"ENSG00000170421",166,210,160,859,1134,875,1358,1100,1094,1116,1068
"ENSG00000170425",185,150,136,229,221,289,310,739,889,997,949
"ENSG00000170430",115,49,224,744,880,710,863,1015,788,650,787
"ENSG00000170445",317,340.99999,377,1369,1461,1332,1461,1724,1771,1889,1708
"ENSG00000170448",230,351,276,276,224,204,279,292,347,378,343
"ENSG00000170456",458.99999,661.99999,665.99999,483,368,440,338,632,548,677,786
"ENSG00000170464",433,401,357,1975,1676,1909,2139,1562,1725,1876,1725
"ENSG00000170468",55,70,67,49,33,42,16,43,27,41,34
"ENSG00000170469",46.99999,80,65,117,113,92,101,119,94,66,92
"ENSG00000170471",571,509,560,521,492,527,486,612,574,880,1092
"ENSG00000170473",139.00001,136,135,301,267,281,269,497,426,438,383
"ENSG00000170485",275,305.00001,191,11,38,23,17,21,35,15,23
"ENSG00000170500",105,134,85,327,303,360,369,232,270,439,392
"ENSG00000170502",259.00001,307.00001,373,574,588,517,643,714,750,663,681
"ENSG00000170515",819,1036,812,2795,2642,2660,3029,3196,3053,3066,2865
"ENSG00000170522",160,264,234,698,634,703,708,508,486,588,515
"ENSG00000170525",1331,1433.99999,1529.99999,785,607,804,848,662,1284,1884,1414
"ENSG00000170537",35,40,53,41,53,80,62,47,38,106,73
"ENSG00000170540",1144,1547,1502.99999,18419,14877,14796,17544,12941,12553,11997,12185
"ENSG00000170542",215,142,164,87,88,98,94,63,94,192,113
"ENSG00000170545",10,19,21,53,36,40,28,22,37,43,41
"ENSG00000170558",3007.99998,3288,2995,8352,6530,6632,8515,5594,6744,7702,7633
"ENSG00000170561",23,41,32,41,47,45,52,25,16,19,8
"ENSG00000170571",16,12,27,50,33,54,30,96,106,63,107
"ENSG00000170579",56.99998,49,53.00001,53,97,70,88,42,47,108,100
"ENSG00000170581",267,346,279.00002,809,762,767,753,1561,1689,1902,1816
"ENSG00000170584",513,669,631,1150,984,1026,1130,1248,1144,1176,1078
"ENSG00000170604",57,69,65,52,66,61,84,53,40,55,72
"ENSG00000170606",648,785,626,2237,2031,2187,2481,3068,3555,4161,3697
"ENSG00000170619",142,136,109.99999,275,388,297,357,692,517,610,568
"ENSG00000170624",54.99999,72,135,28,37,37,41,65,78,100,90
"ENSG00000170631",67,63,60,238,310,273,373,489,490,619,523
"ENSG00000170632",188,234.00001,248,192,209,224,183,275,185,162,177
"ENSG00000170633",357,331.99999,327,799,713,752,994,1072,1227,1132,1233
"ENSG00000170634",488.00001,428,429,433,369,363,339,637,618,407,551
"ENSG00000170638",158,180,172,384,414,498,510,549,594,709,613
"ENSG00000170653",325.99999,332,261,1013,923,987,1278,911,1292,1400,1366
"ENSG00000170667",256,129,105,923,1113,1227,811,756,416,758,1313
"ENSG00000170677",208,219,235,368,268,369,315,372,507,537,531
"ENSG00000170681",121,200,77,64,56,60,46,61,41,60,64
"ENSG00000170703",21,36,10,26,36,10,40,38,15,29,15
"ENSG00000170734",275,273,282,295,274,263,370,456,471,612,583
"ENSG00000170743",57,134,125,734,514,576,657,504,627,771,1135
"ENSG00000170759",1339,1707,1480,5278,3814,4488,5050,4021,3700,4867,4289
"ENSG00000170775",121,183,157,742,517,511,712,591,662,903,799
"ENSG00000170776",1279,1579,1638,1375,1287,1615,1505,2198,2418,4118,3807
"ENSG00000170779",121,183,158,393,433,398,494,582,688,515,633
"ENSG00000170791",197.99999,277.00001,292,405,310,337,386,564,582,611,499
"ENSG00000170802",409,516.00001,473,887,537,687,635,707,818,671,722
"ENSG00000170832",595,619.00001,548,593,549,478,624,654,657,1077,880
"ENSG00000170836",278.99999,266.99999,253,573,429,448,528,418,328,637,679
"ENSG00000170837",96,133,101,36,20,39,18,38,34,22,24
"ENSG00000170846",183,147,146,86,87,55,78,105,68,71,93
"ENSG00000170852",272,373,362,1063,799,880,975,829,1012,1129,1225
"ENSG00000170854",245,186,383,249,248,241,231,623,631,728,681
"ENSG00000170855",168,184,192,482,458,409,535,570,501,633,523
"ENSG00000170860",491,551,577,1426,949,1118,1088,1494,1335,895,1058
"ENSG00000170871",699,668,806,591,472,767,591,582,525,711,909
"ENSG00000170873",520,353,442,1889,1569,1769,2150,1283,1587,2045,1670
"ENSG00000170876",345,322,285,1021,1038,1083,1332,1344,1585,1909,1662
"ENSG00000170881",107,147,128,265,247,216,253,346,280,325,416
"ENSG00000170889",5830.99999,8054.99999,7340.00001,7461,9011,6670,8130,6583,5990,4361,5067
"ENSG00000170892",234.00001,401.00001,342,1734,1859,1765,2165,1954,1699,2378,2282
"ENSG00000170893",2305,2333,2511,2604,1645,2433,2373,1017,633,1582,885
"ENSG00000170899",776,815,850.00001,4387,3466,3600,3896,4216,3747,3138,3660
"ENSG00000170903",512,630,464,2316,1455,1851,2263,2356,3262,2767,2878
"ENSG00000170906",1095.00001,1026,1154,1733,1996,1603,1863,2185,1605,1278,1562
"ENSG00000170915",93,94,63,241,227,293,259,212,192,540,412
"ENSG00000170917",96,109,99,130,109,75,111,264,227,221,274
"ENSG00000170921",574.99999,382,236.99999,785,731,804,872,637,538,1017,819
"ENSG00000170946",417,628,444,513,310,387,435,402,458,426,356
"ENSG00000170949",696.99999,732.99999,665,1446,1128,1232,1870,924,1387,1869,1467
"ENSG00000170954",119.00001,198,96.99999,410,313,411,476,613,623,632,563
"ENSG00000170959",371,331.99999,240.99999,282,166,175,249,235,322,237,269
"ENSG00000170961",71,53,37,111,141,113,98,280,499,589,597
"ENSG00000170962",49,30,41,505,569,403,726,634,790,870,848
"ENSG00000170989",82,66,87.99999,618,550,597,714,641,917,1241,945
"ENSG00000171004",42,25,69,968,1009,723,1298,471,553,638,597
"ENSG00000171016",167,244,199.99999,214,119,200,185,229,203,149,177
"ENSG00000171033",723,762,850,4681,3823,4073,3660,1892,1528,2000,3206
"ENSG00000171044",283.99999,213,189,120,140,137,133,104,71,124,87
"ENSG00000171045",300.00001,361,352,207,189,182,217,151,163,206,215
"ENSG00000171055",328.99999,549.99999,526,212,204,212,186,275,243,262,213
"ENSG00000171056",32,32,21,38,50,49,27,13,15,22,14
"ENSG00000171067",161,150,97,354,360,370,375,463,387,493,460
"ENSG00000171094",401.00001,163.00001,141,89,92,99,97,68,43,83,121
"ENSG00000171097",119,177,120,486,482,442,590,440,433,387,418
"ENSG00000171100",182,139,349.99999,271,235,306,337,417,560,708,517
"ENSG00000171103",250,246.99999,257,147,116,139,160,299,315,255,283
"ENSG00000171105",462,446,518,624,643,775,681,779,774,1061,882
"ENSG00000171109",327,444,348,673,566,621,635,1007,731,904,976
"ENSG00000171121",27,20,19,26,26,24,10,20,10,16,8
"ENSG00000171124",8,19,18,10,25,30,30,19,6,6,6
"ENSG00000171130",463.00001,645.00001,530.00001,3982,4634,4088,4946,3358,3497,4722,3804
"ENSG00000171132",257,87,69.99999,154,182,164,161,161,122,144,141
"ENSG00000171135",292,282,273,609,613,585,610,1112,841,879,869
"ENSG00000171148",450.00001,517,504.00001,1303,1542,1156,1591,1832,1929,2013,2093
"ENSG00000171150",176,178,174,636,428,397,513,539,553,604,574
"ENSG00000171155",167,207,309,306,257,275,319,788,733,642,719
"ENSG00000171159",647,686,621,1045,1029,1032,1256,968,1008,877,869
"ENSG00000171160",242,307,264,940,1086,923,1203,864,806,983,855
"ENSG00000171161",185,193.00001,193.99999,698,810,761,755,307,235,586,1164
"ENSG00000171163",195.99999,184.00001,142,736,939,780,940,902,854,847,745
"ENSG00000171169",40.99999,33,29,71,76,98,94,148,131,223,160
"ENSG00000171174",137,88,140,52,41,56,55,126,76,90,71
"ENSG00000171189",127,262.99999,233,130,138,88,129,171,188,288,231
"ENSG00000171202",278.99999,268,231.00001,479,427,436,497,644,511,360,454
"ENSG00000171204",357.00001,416,368.99999,492,372,389,426,719,654,371,481
"ENSG00000171206",315,282,362,225,325,283,312,308,236,360,381
"ENSG00000171208",233,323,355,310,347,322,282,297,222,225,198
"ENSG00000171219",11,27,22,26,23,11,27,15,14,23,26
"ENSG00000171222",639,663,726,1675,1868,1707,1996,2780,1707,2053,2113
"ENSG00000171223",48,81,116,770,756,746,805,608,652,1196,1085
"ENSG00000171224",169,311,226,883,974,878,1046,1045,826,848,735
"ENSG00000171227",39,55,92,173,118,116,190,259,224,280,217
"ENSG00000171241",45.99999,60,59,171,107,102,161,165,226,262,159
"ENSG00000171243",56,59,54,299,373,231,463,292,302,272,311
"ENSG00000171246",74,153,126,79,85,123,91,224,132,206,177
"ENSG00000171262",331,400,367,186,155,141,116,180,127,112,122
"ENSG00000171295",151,112,156,176,94,192,163,198,248,289,315
"ENSG00000171298",238,152.00001,130,1556,1861,1735,1736,1690,1984,2151,1999
"ENSG00000171302",200,241,200,117,160,133,172,184,146,199,171
"ENSG00000171303",273,232,391,167,177,221,175,378,333,322,410
"ENSG00000171307",144.00001,221,182,562,657,476,601,843,787,1071,1036
"ENSG00000171310",73,75,75,151,166,157,149,120,119,152,192
"ENSG00000171311",213,209,228.00001,669,618,662,648,767,645,622,641
"ENSG00000171314",643,1027,865,12419,11818,11926,14736,13177,16119,16699,13813
"ENSG00000171316",4119.00002,4268,4132.00001,2647,2256,2775,2375,3448,2856,4305,3981
"ENSG00000171320",83.00001,108,137,197,92,128,105,226,299,155,217
"ENSG00000171345",22,12,20,50,30,42,20,33,68,71,35
"ENSG00000171357",17,18,25,63,65,85,101,76,135,128,111
"ENSG00000171365",314,256,291.99999,864,873,1008,879,708,630,1134,946
"ENSG00000171368",68,73,55,594,650,586,875,260,369,607,450
"ENSG00000171385",94,45,17,128,149,154,128,140,88,94,105
"ENSG00000171408",55,53,55,49,62,79,118,123,152,177,180
"ENSG00000171421",254.00001,326,288.00001,707,888,692,907,1126,865,842,1017
"ENSG00000171425",145,283,189.00001,665,881,794,907,538,533,535,514
"ENSG00000171428",8.99999,14,25,13,14,20,15,46,59,54,39
"ENSG00000171435",86,108,96,346,350,334,328,268,273,296,300
"ENSG00000171443",29,41,52,116,120,82,110,98,123,123,145
"ENSG00000171444",1815,1605.00001,2215.00001,751,704,812,694,1581,1548,1799,2129
"ENSG00000171448",133,152,129,505,334,426,472,349,480,391,388
"ENSG00000171450",133,132,163,28,46,37,20,35,23,26,30
"ENSG00000171451",121,159,88,279,167,237,280,204,191,305,384
"ENSG00000171453",258,192.00001,206.99999,330,419,314,404,841,706,834,686
"ENSG00000171456",357.00001,819,489.99999,1051,998,957,928,1165,947,1062,990
"ENSG00000171462",28,41,19.99999,32,40,33,51,11,14,26,17
"ENSG00000171466",472,315,613.99999,128,89,171,165,237,162,210,223
"ENSG00000171467",196,184,176,206,144,206,162,240,208,250,230
"ENSG00000171469",141.00001,154.00001,126,322,267,259,303,483,463,479,468
"ENSG00000171475",542,474,463,380,365,370,412,348,334,503,410
"ENSG00000171476",52.99999,43.00001,86.00001,88,101,88,155,212,146,287,217
"ENSG00000171488",12,20,18,81,78,52,66,68,75,69,114
"ENSG00000171490",881,1056,836,3643,3031,2976,3848,3211,2827,2485,2600
"ENSG00000171492",237,328,290,148,155,125,128,185,157,161,179
"ENSG00000171497",253,342,260,665,559,584,647,813,721,661,629
"ENSG00000171502",26,42,19,25,18,37,34,16,21,18,3
"ENSG00000171503",310.99999,484,379.99997,492,314,415,386,525,488,647,617
"ENSG00000171522",13,8,9,20,19,4,21,6,4,10,23
"ENSG00000171530",1055,1505,1442.99999,2306,2091,1941,2195,2840,2135,1816,1977
"ENSG00000171533",701,697,744,1391,1581,1340,1242,1116,924,961,1052
"ENSG00000171551",54,126,238,162,372,344,250,159,52,90,84
"ENSG00000171552",413,1021.00002,545,1460,1604,1582,1822,2749,3253,3051,2868
"ENSG00000171566",319.99999,421,387.99999,1115,992,1100,1286,1487,1546,1828,1533
"ENSG00000171574",125,103.00001,109,303,392,386,463,595,623,751,652
"ENSG00000171587",80,60,70,99,116,69,63,48,53,115,85
"ENSG00000171603",1359.00001,1222,1412,1427,1808,1534,1526,1744,1364,1559,1578
"ENSG00000171604",725,677.99999,702,1035,1204,1232,1173,1158,1073,1129,1384
"ENSG00000171606",307.99999,276.99999,295,404,401,518,508,645,680,957,695
"ENSG00000171608",184.99999,139,103,116,115,182,165,56,75,103,118
"ENSG00000171612",128,122,137,91,95,81,83,102,57,73,104
"ENSG00000171617",227.00001,238.99999,232,1180,1992,1425,1732,1133,963,1715,1302
"ENSG00000171621",39,35,39,59,101,97,70,55,36,65,101
"ENSG00000171634",3652,3713.99999,3363.00001,1194,1252,1467,1205,1469,1081,1293,1225
"ENSG00000171649",122,161,119,296,218,328,337,427,555,551,613
"ENSG00000171680",633.99999,481.00001,218.99999,140,229,155,171,186,157,224,210
"ENSG00000171681",2401.99999,2505,1452.00001,4059,3300,3726,4671,3736,3937,5142,4304
"ENSG00000171700",15,24,18,22,35,40,47,42,28,48,57
"ENSG00000171703",438,434.99999,447,1309,1580,1357,1268,1092,798,1112,1436
"ENSG00000171714",184,351,197,139,121,169,204,178,157,211,195
"ENSG00000171720",339,434,456,1890,1835,1667,1846,1555,1608,2024,2327
"ENSG00000171723",1365.00001,1030,1092.00001,581,551,567,681,680,822,868,843
"ENSG00000171724",108,96,119,1510,1893,1473,2351,1329,1595,2612,2141
"ENSG00000171729",45,77,115,67,66,113,103,89,70,88,132
"ENSG00000171735",1838,1803.99998,1358,1462,1329,1423,1382,1422,1116,1278,1449
"ENSG00000171757",40,53,42,12,6,9,5,37,21,18,20
"ENSG00000171763",121,154,80,107,130,134,66,66,43,114,178
"ENSG00000171766",75,71.99999,77,363,411,324,428,408,399,475,393
"ENSG00000171786",186,194,165,782,657,755,611,324,252,279,351
"ENSG00000171791",217,190.99999,180.99999,87,82,84,88,94,87,115,127
"ENSG00000171792",287,306,258,1138,1089,1010,1325,1417,1410,1483,1405
"ENSG00000171793",323.00001,343.00001,207.99999,1182,918,974,967,1140,1443,1180,1225
"ENSG00000171798",153,289,107.00001,237,325,269,286,203,175,264,265
"ENSG00000171806",71,71,65,116,95,109,114,232,209,172,162
"ENSG00000171811",81.00001,187.00002,113,119,92,82,90,96,83,111,70
"ENSG00000171812",59,49,110,307,245,258,326,83,95,201,161
"ENSG00000171813",65,84,107,87,127,94,115,98,64,83,101
"ENSG00000171817",88.00001,119,74,152,130,143,163,282,187,198,195
"ENSG00000171819",38,20,7,3,2,0,7,20,21,28,37
"ENSG00000171823",499,375,369,78,59,82,77,89,78,108,87
"ENSG00000171824",499,576.99999,566.00001,1155,1084,1079,1136,1637,1546,1554,1517
"ENSG00000171827",119,119,134,138,159,176,198,211,167,228,198
"ENSG00000171843",356,390,455,786,627,671,818,545,568,607,520
"ENSG00000171848",271,438.00001,302.00001,1450,1040,1071,1355,1335,1614,1356,1446
"ENSG00000171853",343.99999,395.00001,331.99998,214,223,218,187,257,131,224,316
"ENSG00000171858",7045,9390.00001,9410,4015,4547,3312,3796,4650,4339,1811,3272
"ENSG00000171861",98,94,96,207,236,233,233,384,330,430,343
"ENSG00000171862",717,1214,1064.00001,999,710,921,742,1021,948,1231,1043
"ENSG00000171863",211,301,251.00001,9538,10926,7936,9642,11240,8777,4373,7189
"ENSG00000171865",225,252,205,593,450,643,659,516,640,793,652
"ENSG00000171867",671.00001,786,961,2411,2343,2515,3034,4242,4390,6012,5118
"ENSG00000171877",291.99999,167.00001,173.99999,206,147,207,144,222,211,238,275
"ENSG00000171885",20.00001,9.00001,17.99999,53,44,62,87,77,104,169,130
"ENSG00000171914",384,252,351,345,447,400,457,518,422,771,806
"ENSG00000171928",217.00001,328.00001,332.00001,777,623,702,887,929,1143,1135,1020
"ENSG00000171940",150,154,135.99999,151,90,124,116,145,122,183,156
"ENSG00000171943",41,79,67,669,583,626,755,577,596,664,614
"ENSG00000171951",61,65,82,1041,1258,962,1470,766,544,1306,913
"ENSG00000171953",191,169,152,602,683,559,626,781,681,728,724
"ENSG00000171960",218.00001,272.99999,267,518,491,433,485,642,506,428,536
"ENSG00000171962",49,99.00001,79,89,45,67,51,118,121,130,135
"ENSG00000171970",17,12,22,57,37,38,47,82,71,66,93
"ENSG00000171984",80,63,61.99999,335,328,290,335,451,378,300,381
"ENSG00000171988",1285,1246,1019,1205,839,922,1173,1428,1383,1557,1656
"ENSG00000171992",43,20,26.00001,30,38,38,77,51,87,149,98
"ENSG00000172006",86,94,91,116,128,137,118,103,87,118,188
"ENSG00000172007",112,126,107,280,192,235,306,258,340,273,311
"ENSG00000172009",324.99999,295,240,493,534,506,469,930,885,1262,1153
"ENSG00000172020",951,1367,794,5376,6041,5539,5500,3999,2081,2110,2147
"ENSG00000172037",330,420.99999,413.00001,4880,6104,5271,8292,4957,8626,8680,8796
"ENSG00000172046",257.00001,242,212,1189,1268,1275,1483,1468,1834,2199,1919
"ENSG00000172053",798.00001,1103.99998,1005.99998,4303,4603,4218,4887,3720,3734,3518,3536
"ENSG00000172057",375,434,492,1913,1795,1560,2275,1460,2569,2870,2580
"ENSG00000172059",124,139,185,95,105,98,126,105,106,119,94
"ENSG00000172062",58,63,55,1582,1073,1270,1473,1567,1317,1250,1183
"ENSG00000172071",376,473.99999,248,272,177,276,216,326,241,391,275
"ENSG00000172081",196,208,144,409,424,487,574,603,739,1039,824
"ENSG00000172086",374,402,407,175,167,184,165,463,478,334,485
"ENSG00000172113",271.99999,263.99998,224,429,521,492,426,968,696,838,791
"ENSG00000172115",854,1104,950,2579,1881,2258,2123,3304,2544,2137,2347
"ENSG00000172137",73,70,58,867,705,656,596,452,392,381,357
"ENSG00000172159",86,66,24,162,139,186,145,100,96,145,133
"ENSG00000172164",37,34,56,23,28,31,44,30,43,61,52
"ENSG00000172167",136,146,124,87,69,72,105,144,168,102,132
"ENSG00000172171",141,158.99999,175,218,137,206,193,452,408,336,408
"ENSG00000172172",355,456.00001,410,793,696,725,737,1922,1718,1120,1439
"ENSG00000172175",538.99999,575.99999,612,311,249,323,209,406,328,286,471
"ENSG00000172179",11,22,51.00001,17,26,14,9,110,68,44,68
"ENSG00000172197",118,36,28,126,117,123,141,187,223,315,279
"ENSG00000172201",582,623,621,253,238,271,201,390,268,305,247
"ENSG00000172209",29,23,23,18,24,17,27,7,8,21,5
"ENSG00000172216",87,133,116,18,9,17,13,23,17,17,15
"ENSG00000172232",37,36,38,85,90,72,85,70,39,54,67
"ENSG00000172239",545.00001,537,813,1862,1490,1622,1849,1500,1164,1320,1702
"ENSG00000172244",49.99999,58,52,107,70,83,71,160,141,106,152
"ENSG00000172247",93,116,104,18,49,20,40,24,16,19,33
"ENSG00000172260",36,53,105,282,207,209,284,170,158,254,236
"ENSG00000172262",661,843,561.99999,547,537,501,552,670,682,704,710
"ENSG00000172264",239,263.99999,222,342,277,285,349,199,252,253,297
"ENSG00000172269",180.00001,175.99998,138,735,735,669,896,1087,1035,1241,1199
"ENSG00000172270",2496.99998,4002.99999,3330.00001,21814,22596,19957,25625,22003,20512,19521,19452
"ENSG00000172273",157.99999,189.99999,136,665,676,590,807,943,1014,916,870
"ENSG00000172292",320,342,293,459,467,489,505,486,476,458,534
"ENSG00000172296",46,25,20,57,70,44,43,183,275,385,244
"ENSG00000172301",304,416,329,462,663,580,391,269,168,249,590
"ENSG00000172315",100,118,109,537,488,560,571,687,560,775,914
"ENSG00000172318",220,230,133,289,199,190,222,407,392,445,432
"ENSG00000172331",206,240.00001,222,866,763,761,889,1045,852,873,877
"ENSG00000172336",126,245,198,472,543,473,519,716,506,649,590
"ENSG00000172339",89,99,76,113,114,97,97,235,231,247,189
"ENSG00000172340",242,288.99999,200,606,527,535,725,558,696,586,681
"ENSG00000172345",14,8,9.00001,43,44,59,41,56,29,76,38
"ENSG00000172346",72,42,53,483,578,632,724,517,506,778,572
"ENSG00000172348",161,123,112,2635,2218,2410,3056,1782,1671,2476,2011
"ENSG00000172350",87,51,70,70,99,116,77,240,273,366,321
"ENSG00000172354",517.00001,765,514,916,1235,897,954,600,481,557,640
"ENSG00000172361",32,56,56,43,30,53,44,62,50,46,38
"ENSG00000172366",156,162,133.00001,301,385,395,389,191,140,261,325
"ENSG00000172375",84,78,71,178,187,165,126,97,70,116,170
"ENSG00000172379",490,329,276,811,1036,959,1095,797,791,1242,1269
"ENSG00000172380",114,92,80,1460,1063,1248,1516,1388,1895,1954,1889
"ENSG00000172382",69.99999,105,75,74,92,76,99,103,88,116,129
"ENSG00000172403",56,155.99999,62,270,146,174,244,208,217,336,229
"ENSG00000172409",85,99,89,164,165,179,237,219,183,314,287
"ENSG00000172426",296,410,327,459,462,409,422,577,617,301,427
"ENSG00000172428",956,992,927,1299,1610,1284,1332,3160,2132,1316,1876
"ENSG00000172432",242,232.00001,249,381,352,372,333,487,430,527,469
"ENSG00000172456",163,231,235,240,234,197,230,227,258,239,307
"ENSG00000172458",60,79,59,75,92,70,75,99,67,60,97
"ENSG00000172461",27,58,50,322,165,203,231,148,104,145,170
"ENSG00000172465",492,591.00001,416.99999,573,553,509,545,908,743,790,743
"ENSG00000172466",563,658,741,2165,1694,1838,2221,1925,1997,2206,1988
"ENSG00000172469",152.00001,175.00001,167,471,275,331,351,426,466,418,442
"ENSG00000172476",75,78,47,38,17,23,35,42,45,66,48
"ENSG00000172493",1678,1249.99998,1189.99999,937,766,880,977,946,1208,1336,1447
"ENSG00000172500",332.00001,397,270.99999,1441,1545,1316,1518,2119,1887,1787,1878
"ENSG00000172530",427.99999,354.99999,357,347,371,367,421,474,513,516,418
"ENSG00000172531",499,660,571,2032,2325,2013,2125,4366,3354,3168,3460
"ENSG00000172534",413,392.00001,416,1180,1393,1281,1510,1141,1639,2179,2029
"ENSG00000172572",446,280,311,304,168,353,301,617,650,883,743
"ENSG00000172575",234,89,79.99999,105,97,137,119,203,155,187,184
"ENSG00000172586",462,559,560,554,544,457,456,758,643,443,570
"ENSG00000172590",598.99999,666,537.99999,918,1121,934,1097,1446,950,879,904
"ENSG00000172594",105,134,146,165,114,163,132,238,241,233,238
"ENSG00000172602",17,19,32,156,208,167,214,77,90,161,129
"ENSG00000172613",133,105,123,170,156,196,165,181,170,186,191
"ENSG00000172638",255.00001,214.00001,195.99999,977,1052,863,1014,1275,1232,1620,1604
"ENSG00000172650",59,14,8,44,17,39,38,30,35,38,6
"ENSG00000172661",222,303,268.99999,950,871,882,935,982,1120,1321,1202
"ENSG00000172663",263,297,245,603,761,646,678,663,588,684,716
"ENSG00000172667",302,302,250,1528,1163,1280,1336,623,379,656,640
"ENSG00000172671",192,240,218,67,49,67,46,81,68,60,81
"ENSG00000172687",398,497.00001,398.99999,712,605,618,661,584,555,572,549
"ENSG00000172725",168,219.00001,202,1357,1492,1219,1723,1510,1780,1915,1671
"ENSG00000172728",92,99.99999,143.00001,281,250,273,324,356,278,310,306
"ENSG00000172731",176,135,150,506,599,595,651,618,776,816,746
"ENSG00000172732",255,294,231.00001,920,938,823,932,1033,802,1146,1144
"ENSG00000172733",380,439.99999,294,143,106,140,134,130,103,112,124
"ENSG00000172738",20,13.99998,29,17,17,22,14,44,29,28,42
"ENSG00000172757",4217.00001,5503.00001,4425.99999,18600,19873,17151,19934,20081,17286,17092,16452
"ENSG00000172765",582.00001,574.99999,730,534,483,477,640,641,591,838,645
"ENSG00000172766",533,705.00001,631,646,398,410,520,588,531,414,444
"ENSG00000172771",19,8,19,58,36,60,46,57,66,85,92
"ENSG00000172775",377.00001,504.00001,415,1939,1803,1826,2202,2314,2280,2307,2345
"ENSG00000172780",51,25,23,0,55,17,45,28,7,22,6
"ENSG00000172785",349.00001,395.00001,434.00001,695,624,672,674,1306,1256,1180,1365
"ENSG00000172795",516.99999,789.99999,610.99999,1342,794,1037,1160,862,965,945,987
"ENSG00000172803",61,104,64,193,200,159,181,251,182,169,197
"ENSG00000172809",7928,8938,9175.99999,5676,6272,5269,5483,6095,4700,3271,4127
"ENSG00000172817",138,110,100,174,113,138,113,177,267,256,313
"ENSG00000172819",44,49,40,151,206,171,268,294,404,430,414
"ENSG00000172824",50,54,47,154,164,134,186,239,183,235,172
"ENSG00000172828",39,62,59,89,140,133,115,124,151,174,144
"ENSG00000172830",75.00001,83,86,68,67,59,69,123,148,105,111
"ENSG00000172831",441,515,465,1277,1566,1341,1652,2187,2343,2861,2650
"ENSG00000172840",109,114,122,644,500,530,795,326,609,685,593
"ENSG00000172845",1106,689.00001,770,1949,1433,1534,1703,1417,1768,1651,2147
"ENSG00000172869",459,806,659.99999,622,457,533,616,603,576,809,861
"ENSG00000172878",105,94,95,99,90,81,66,154,158,163,163
"ENSG00000172888",337.99999,252,246,348,203,264,288,373,330,461,423
"ENSG00000172889",36,77,63,90,131,85,123,145,141,114,146
"ENSG00000172890",200.00001,191.00001,168.00001,814,836,679,788,993,1001,999,930
"ENSG00000172893",166,235,214,2268,2455,2121,2970,1467,1696,1973,1778
"ENSG00000172915",6673.99999,3433,5369.00001,3207,2349,2819,2712,4424,5319,5087,5455
"ENSG00000172922",528,585,570.99999,1194,1396,1058,1287,1973,1620,1379,1467
"ENSG00000172932",254.00001,290.99999,251.99999,332,327,315,295,267,163,260,261
"ENSG00000172936",73,71,81,131,131,106,132,303,385,397,333
"ENSG00000172939",572,498,480,661,563,581,661,652,688,896,934
"ENSG00000172943",518.99999,262,289,974,1064,958,1303,921,1036,1105,1091
"ENSG00000172954",483,449,386.00001,744,515,643,679,623,780,775,795
"ENSG00000172977",126,179,137.00001,1284,1404,1264,1657,1518,1692,1766,1578
"ENSG00000172985",20,15,17,35,55,29,26,33,42,56,34
"ENSG00000172986",38,37,97,61,43,42,47,58,41,48,64
"ENSG00000172992",592.99999,584,514,1936,2278,1940,2291,2279,2380,2600,2636
"ENSG00000172995",127,111.99999,175,130,103,88,133,124,86,130,136
"ENSG00000173011",117,70,75,60,64,76,94,124,83,127,127
"ENSG00000173013",9,14,21,10,14,24,15,31,16,30,29
"ENSG00000173020",209,190,200,187,228,201,225,172,127,163,140
"ENSG00000173039",212.99999,243,192.99999,635,618,646,620,853,763,935,751
"ENSG00000173064",1064.00001,1011.99999,942,1060,1125,1129,1051,859,805,1302,1253
"ENSG00000173065",782.99999,545,490.99999,623,629,749,779,707,718,894,786
"ENSG00000173068",50,48.99999,30,228,287,199,417,382,476,476,539
"ENSG00000173085",73.99999,86,107.99999,50,76,71,31,49,27,37,84
"ENSG00000173113",1116.99999,1346,1301,3872,4306,3404,4172,4910,3612,2788,3402
"ENSG00000173114",361,368,555,717,575,764,652,926,988,1152,1061
"ENSG00000173120",742.99999,796.99999,867,289,289,291,310,377,346,411,391
"ENSG00000173137",52,73,80,101,153,102,160,313,288,260,220
"ENSG00000173141",855,972,844,1494,1632,1420,1669,2919,2184,2067,2201
"ENSG00000173145",265,277,255,272,214,234,242,307,320,263,301
"ENSG00000173153",65,122.99999,150,48,49,48,37,43,36,49,54
"ENSG00000173157",199,169,237,60,22,33,48,27,18,23,16
"ENSG00000173163",326,328,220,891,889,691,857,1397,1029,757,970
"ENSG00000173166",519,1206.99999,829.99999,433,360,362,465,184,223,192,247
"ENSG00000173171",121,161,129.99999,554,729,574,652,919,818,855,858
"ENSG00000173175",307,235,213,153,174,173,179,200,130,179,192
"ENSG00000173193",213,210,156,167,151,127,177,387,496,481,520
"ENSG00000173207",209.00001,422,368,3895,3348,2931,3703,2304,2338,1456,1811
"ENSG00000173210",29,85,29,281,317,288,364,177,294,430,359
"ENSG00000173214",381.00001,371,437,414,311,334,330,403,383,533,526
"ENSG00000173218",110,90,51,152,155,174,223,251,190,350,314
"ENSG00000173221",145,240,135.00001,597,524,467,395,366,264,202,241
"ENSG00000173226",418,602,740,1002,870,834,893,1092,1221,1008,1100
"ENSG00000173230",2490.00001,2198,1708.00001,1665,1448,1574,1571,2510,2123,2656,2874
"ENSG00000173258",320,319,359,404,356,336,464,529,505,434,486
"ENSG00000173262",11,26,14,23,15,21,9,5,39,62,23
"ENSG00000173264",199.99999,199,166,408,528,388,358,504,498,445,517
"ENSG00000173267",135.99999,241,144,1899,2276,2111,1665,786,463,357,431
"ENSG00000173272",601,817,617,1282,1424,1262,1310,756,488,769,897
"ENSG00000173273",1316,1590.99999,1134,2351,1823,2104,2427,1535,1818,2511,2259
"ENSG00000173275",78,72,65,219,128,138,189,197,171,191,202
"ENSG00000173276",244,147,192,274,283,289,348,318,472,519,476
"ENSG00000173281",44,54,58,193,203,211,294,318,558,778,529
"ENSG00000173320",352,339,416,1485,1215,1413,1347,1213,1065,1183,1319
"ENSG00000173327",104,98.00001,90,149,176,220,214,137,147,212,214
"ENSG00000173334",163,203,131,426,405,464,426,417,416,483,482
"ENSG00000173376",26,73,41,45,57,47,42,71,73,96,88
"ENSG00000173402",437.99999,423.99999,489.99999,1171,1287,1052,1437,1091,1250,2103,1834
"ENSG00000173404",234,248,305,166,112,138,97,173,180,122,160
"ENSG00000173406",89,92.99999,113,88,142,134,192,167,122,237,190
"ENSG00000173409",238,221,216,252,234,232,256,477,439,441,407
"ENSG00000173418",476,579,543.99999,873,779,822,909,1565,1385,1183,1263
"ENSG00000173436",776.99999,797.00001,751.99999,1151,1173,1145,1167,2130,1643,1300,1612
"ENSG00000173451",175,214,197,312,217,267,270,346,359,313,309
"ENSG00000173456",155,200,125,3428,3663,3132,4061,2151,2895,3638,2968
"ENSG00000173457",384,576,406,291,360,262,283,214,137,181,214
"ENSG00000173465",98.99999,185,127,467,454,472,520,542,369,372,402
"ENSG00000173473",1465,1668,1653,3732,2740,3269,3181,2185,1944,2534,3072
"ENSG00000173480",194,158,155,114,156,161,144,286,244,258,246
"ENSG00000173482",347.00001,446,388,668,851,757,975,781,915,972,1157
"ENSG00000173486",514.00001,554,551,845,935,933,1003,1521,1182,1300,1110
"ENSG00000173511",352,499.99999,388,291,284,265,284,305,240,221,236
"ENSG00000173517",569,566.99999,846.00001,942,790,728,1054,852,955,1215,1206
"ENSG00000173530",56,95,74,32,40,34,67,27,57,68,24
"ENSG00000173531",101.99999,98.99999,112,194,257,237,216,358,251,344,281
"ENSG00000173540",82,98.00001,125,327,396,391,341,358,652,696,673
"ENSG00000173542",207,574,350,635,346,406,509,346,387,411,386
"ENSG00000173545",138,167,160,602,536,537,731,760,882,1164,885
"ENSG00000173546",26,22,13,84,88,97,120,94,186,284,141
"ENSG00000173548",67,42,40,203,201,206,231,295,412,454,417
"ENSG00000173559",64,30,40,18,34,26,35,43,45,58,40
"ENSG00000173575",1690.00002,2244,2078.99999,1447,1255,1362,1293,1515,1592,2354,2161
"ENSG00000173581",119,113,119,145,162,166,169,187,142,216,213
"ENSG00000173588",202,262,276,275,256,255,288,288,339,298,273
"ENSG00000173598",830,869,555,4361,2944,3210,3571,3880,4207,4260,4007
"ENSG00000173599",72.99999,121.99999,50,683,853,634,984,538,836,1221,811
"ENSG00000173611",275.99999,254,258,445,280,319,383,308,298,336,378
"ENSG00000173614",130,102,73,184,164,161,213,283,305,301,291
"ENSG00000173621",50,70,59,68,109,81,70,64,51,77,58
"ENSG00000173638",231,146,244,684,722,788,887,1306,1469,1995,1577
"ENSG00000173653",114,61,43,158,214,213,183,111,58,198,192
"ENSG00000173660",2072,2517,2318,2926,3078,2633,2951,3687,3025,2086,2691
"ENSG00000173674",403,571,518,1428,1029,1172,1167,1842,1574,1255,1444
"ENSG00000173681",197,333,324,119,67,94,72,119,113,114,169
"ENSG00000173692",1216.00001,1080.99999,1103.00001,2644,2458,2396,2656,3304,3854,4169,3949
"ENSG00000173698",168,146.00001,191.99997,37,46,23,54,64,33,123,74
"ENSG00000173706",364,170,120,282,253,251,218,272,242,450,351
"ENSG00000173714",14,36,69,44,37,45,46,41,62,78,44
"ENSG00000173715",372.99999,560,649.99999,501,537,443,483,320,334,364,417
"ENSG00000173726",1230,1543,1407,4004,3255,3633,4018,2956,3261,2943,2982
"ENSG00000173744",1052.00001,970,1230,459,311,367,371,528,416,311,400
"ENSG00000173757",380,241,295,934,970,908,885,628,594,923,1090
"ENSG00000173786",439,441.99999,482,1821,1969,1811,2381,2780,3122,3808,3311
"ENSG00000173801",364,371.00001,309.00001,3924,3944,3685,5348,3313,3684,3795,3718
"ENSG00000173805",78,141,87,495,454,355,399,443,610,448,502
"ENSG00000173809",12.99999,14,24,17,9,18,15,20,22,15,24
"ENSG00000173812",4263,6268.99999,4883.00001,27539,25019,22940,30308,18096,16418,15739,15756
"ENSG00000173818",240.00001,311,270,513,524,497,488,678,676,651,696
"ENSG00000173821",517.00001,487.00001,490.99999,639,578,488,641,762,689,1017,919
"ENSG00000173825",27,26,16,31,35,34,15,27,15,26,47
"ENSG00000173826",441.00001,313.99999,312,312,268,385,216,789,751,748,746
"ENSG00000173846",40.00001,57,29,151,173,160,133,86,78,69,93
"ENSG00000173848",194,233,256,989,864,852,1174,836,967,1058,1012
"ENSG00000173852",521,758.00001,673,237,209,204,222,423,312,271,318
"ENSG00000173867",14,21,15,45,32,25,30,29,62,53,32
"ENSG00000173868",33,28,14,13,3,16,9,31,12,25,19
"ENSG00000173875",338,343,396,953,629,767,858,1214,1266,1307,1299
"ENSG00000173889",864,1115.99999,907.00001,958,738,859,1131,636,890,1184,1202
"ENSG00000173890",202,53,70,6,7,19,6,20,36,45,41
"ENSG00000173894",157,185,148,632,718,762,811,629,733,749,894
"ENSG00000173898",275,325,269,154,196,201,187,171,143,241,169
"ENSG00000173905",511,641,612,729,514,645,704,779,745,1046,1153
"ENSG00000173914",305.00001,447.99999,397,921,988,860,926,1186,985,1177,1031
"ENSG00000173915",1307,1347.99999,1246,1720,1665,1556,1706,2291,1889,1023,1458
"ENSG00000173918",9,21,19,14,14,16,7,34,17,26,14
"ENSG00000173926",751,800,404,1112,914,1031,1152,1011,1142,1241,1174
"ENSG00000173928",39,40,22,27,29,44,42,58,66,60,64
"ENSG00000173933",843.00001,684,753.00001,4706,4521,4266,5308,4782,4716,4846,4360
"ENSG00000173947",29,66.00001,52.99999,152,123,180,202,153,222,225,163
"ENSG00000173950",247,231,211,529,723,601,457,356,285,397,644
"ENSG00000173960",414,375,531,418,298,367,430,426,463,481,493
"ENSG00000173976",98,69,116,51,54,70,30,132,118,259,445
"ENSG00000173992",173,138,211,433,471,440,430,838,803,727,657
"ENSG00000174007",113,141,126,259,276,246,235,349,275,337,345
"ENSG00000174010",132,145,148.99999,1050,711,836,836,424,506,770,756
"ENSG00000174013",94,137,120,152,128,182,164,167,112,168,120
"ENSG00000174021",1619,2239,2071,4941,3818,3964,4600,4740,4099,2977,3727
"ENSG00000174032",136,112,138,113,136,113,165,70,89,121,83
"ENSG00000174099",65,73,76.00001,154,126,142,166,361,439,370,505
"ENSG00000174106",230,346,182,419,209,346,404,294,382,590,621
"ENSG00000174109",100,124,123,370,372,381,454,425,317,390,335
"ENSG00000174132",123,184,111,156,208,188,222,324,292,263,273
"ENSG00000174136",298,273,191,691,747,673,704,261,230,423,589
"ENSG00000174145",27,25,12,29,21,36,17,38,35,53,52
"ENSG00000174151",58,70,56,190,187,166,253,215,214,409,257
"ENSG00000174165",182,204,164,391,366,378,423,297,219,464,531
"ENSG00000174173",206,276,244,407,271,267,286,595,456,530,460
"ENSG00000174177",42,47.00001,33.00001,200,190,207,195,286,275,364,276
"ENSG00000174197",553.99999,582,642,735,638,682,690,971,1154,1477,1355
"ENSG00000174206",40,67,40,142,104,105,137,169,171,134,171
"ENSG00000174227",377.99999,378.99999,305.99999,527,522,494,538,678,878,1052,942
"ENSG00000174231",954.00001,1292,1143.00001,12310,11518,11070,14666,8300,12478,14103,13007
"ENSG00000174233",196.99999,171,167,317,422,409,351,450,385,444,423
"ENSG00000174238",1039.00001,1180,1036,707,672,642,710,967,633,700,783
"ENSG00000174243",341.99999,291,352,769,984,823,968,1416,1462,1293,1314
"ENSG00000174276",55,52,58,152,174,163,209,232,147,245,238
"ENSG00000174282",315,270,276,281,309,312,330,493,498,589,626
"ENSG00000174292",24.99999,31,20,22,32,11,23,23,26,48,44
"ENSG00000174306",292,547.99999,189,173,166,188,234,241,219,367,330
"ENSG00000174307",126,124,97,150,249,242,178,122,107,126,248
"ENSG00000174326",16,9.99999,11,6,10,12,10,21,17,31,21
"ENSG00000174327",22,44,22,23,29,36,25,64,43,65,48
"ENSG00000174332",11,19,17,18,47,37,68,27,16,22,14
"ENSG00000174348",33,15,37,77,104,45,126,83,140,128,128
"ENSG00000174371",75,138,143,193,159,178,126,263,317,250,238
"ENSG00000174373",1906.99999,1838,1965,727,594,748,703,773,807,1118,1294
"ENSG00000174405",132.99999,129.99998,132.99999,320,171,255,261,336,374,405,437
"ENSG00000174428",128,132.99999,126,156,200,222,172,208,179,214,319
"ENSG00000174437",1022,916,683,913,991,1007,885,679,610,726,854
"ENSG00000174442",200,197,163,631,475,542,492,749,753,557,668
"ENSG00000174444",5133,7856,6659,18511,19065,16503,19537,15532,13097,10093,12294
"ENSG00000174446",159,188.99999,189,326,353,330,316,678,557,464,567
"ENSG00000174456",316,365,321.99999,861,969,894,1054,1017,933,833,880
"ENSG00000174460",140,202,250,1594,1655,1628,1940,1507,1189,1538,1372
"ENSG00000174469",360,291,305,2404,2466,2567,2948,1769,1728,2602,2083
"ENSG00000174473",20,25,22,49,44,63,68,24,40,38,63
"ENSG00000174482",194,340,143,180,175,183,181,183,245,380,266
"ENSG00000174483",442.00001,453.99999,373.00001,1684,1832,1730,1902,2238,2946,3173,2873
"ENSG00000174485",918,832,1006.99999,317,252,341,388,708,770,918,939
"ENSG00000174498",166,109,117,118,116,101,82,160,78,98,101
"ENSG00000174501",881,1197.00001,1083,852,608,758,657,874,486,766,864
"ENSG00000174514",35,46,58,81,72,97,151,108,94,137,88
"ENSG00000174516",79,80,56,143,213,200,119,135,147,210,332
"ENSG00000174521",57,108,59,179,288,200,151,74,34,55,81
"ENSG00000174529",10,14,20,65,66,54,67,50,35,16,56
"ENSG00000174547",291,399.00001,290.00001,947,932,878,924,1457,1107,986,1030
"ENSG00000174574",659,600,471,1600,1532,1560,1327,488,407,725,1361
"ENSG00000174579",349,139,274,463,368,428,477,279,285,307,328
"ENSG00000174586",185,33,80,78,90,71,83,119,86,137,176
"ENSG00000174599",47,39,66,71,54,70,42,135,132,125,127
"ENSG00000174606",299,305.00001,410.00001,407,297,381,356,447,471,506,531
"ENSG00000174611",26,14,63,10,10,20,6,23,32,19,14
"ENSG00000174628",404.99999,292,301,443,398,404,410,527,508,463,484
"ENSG00000174652",246,206.00001,220.00001,462,431,479,393,727,598,626,646
"ENSG00000174669",151,165,251,113,171,133,133,198,146,185,175
"ENSG00000174672",541.00001,474,510.00001,138,158,144,158,137,102,144,117
"ENSG00000174684",390,469,458,3056,3506,3034,4180,3258,3291,4430,3604
"ENSG00000174695",483,625,686.99999,2927,2190,2713,2704,2993,2807,2957,2834
"ENSG00000174705",328,493,247,213,295,291,252,287,286,429,345
"ENSG00000174718",331,366,346.00001,790,603,743,884,852,681,916,807
"ENSG00000174720",576.99998,667.99998,626.00001,458,350,415,331,623,567,546,556
"ENSG00000174721",126,250,245,301,395,418,248,76,55,76,161
"ENSG00000174738",569,615,676,603,397,508,544,486,495,474,485
"ENSG00000174740",92,140,126,380,276,253,374,382,407,460,455
"ENSG00000174744",99,123.00001,113,582,597,520,733,750,749,761,602
"ENSG00000174748",5470,7066,6531,53300,50747,45260,55060,48594,44896,32684,39444
"ENSG00000174749",10,12,15,522,255,456,343,577,304,573,574
"ENSG00000174775",290.99999,301,224,149,229,159,164,148,122,131,144
"ENSG00000174780",797.99999,974,867,3854,3193,3326,3751,3810,3605,3234,3472
"ENSG00000174796",229,191.99999,260.99999,197,124,219,220,375,368,338,349
"ENSG00000174799",226.00001,325,318,215,174,175,167,186,140,184,193
"ENSG00000174804",100,124,88,100,141,118,166,128,73,138,150
"ENSG00000174827",83,100,126,62,38,50,50,40,39,56,60
"ENSG00000174839",315,352,357,320,227,268,327,313,311,482,485
"ENSG00000174840",166,123,100,240,192,199,246,263,269,361,263
"ENSG00000174842",522,586,334,188,110,134,144,201,240,177,257
"ENSG00000174851",369.00001,431.99999,397.99999,1336,1461,1292,1501,2266,1916,1912,1903
"ENSG00000174871",90,127,108,43,49,48,46,24,29,29,28
"ENSG00000174886",1170,1434.99999,1242.00001,2913,3860,2983,3284,5105,3947,2794,3609
"ENSG00000174891",336,490.99999,471,262,269,300,283,364,274,320,328
"ENSG00000174903",349,441,373,976,966,945,1334,1192,1177,1181,1175
"ENSG00000174915",132,109,138,556,690,639,449,292,200,320,550
"ENSG00000174917",382.99999,519,403,601,693,611,669,1391,891,803,973
"ENSG00000174928",69.00001,111,100,194,173,150,193,212,226,209,202
"ENSG00000174938",484,455,472.99999,1304,1392,1314,1499,870,897,1039,967
"ENSG00000174939",129,114.99999,118.00001,183,185,140,200,185,134,177,157
"ENSG00000174943",148.99999,121.99999,139,740,695,658,754,429,324,591,632
"ENSG00000174945",45,23,41,20,17,20,26,14,9,18,13
"ENSG00000174953",1399.99999,1357,1238,765,613,662,651,888,828,798,785
"ENSG00000174963",47,73,78,604,953,677,944,378,278,685,515
"ENSG00000174989",230,176,184,305,302,309,309,356,435,466,408
"ENSG00000174996",218,207.00001,156,907,1020,1008,859,845,913,1457,1172
"ENSG00000175029",1088.99998,1075.00001,1363,1038,1024,1084,817,1785,1571,1614,1863
"ENSG00000175040",36,31,57,47,52,46,32,58,36,52,36
"ENSG00000175048",38,75,58.00001,38,42,39,33,60,50,57,47
"ENSG00000175054",704.99999,613.99999,538.99999,228,205,223,170,440,423,475,451
"ENSG00000175063",348.99999,680.99999,473,3559,3645,3372,4105,1992,2214,2108,1773
"ENSG00000175066",324,359,352,336,195,295,278,275,318,337,325
"ENSG00000175073",156,166,286,681,524,591,642,455,652,717,753
"ENSG00000175087",122.00001,141.00001,128,272,227,300,295,369,480,599,546
"ENSG00000175093",160,164,85,236,284,314,197,126,113,135,177
"ENSG00000175104",146,203,173,496,430,426,519,397,512,756,536
"ENSG00000175105",514,495,673,605,408,550,674,713,873,1215,1072
"ENSG00000175106",313,614,311.00001,181,145,138,115,119,155,114,150
"ENSG00000175110",370,454.99999,364,936,631,680,734,879,775,723,766
"ENSG00000175115",356,375,309,353,427,386,394,251,271,342,387
"ENSG00000175130",2494,2440,2174,8176,10876,9292,7004,3728,2203,3999,8343
"ENSG00000175137",78,57.00001,71,196,265,207,250,158,156,333,230
"ENSG00000175155",93,104,109,869,637,660,893,514,573,644,632
"ENSG00000175161",2119.99999,2326,3065,2445,1640,1868,1945,1755,1740,2030,2569
"ENSG00000175166",476,557,443,8063,7806,7265,9030,6894,9216,10814,9214
"ENSG00000175175",272,186,166,391,277,353,278,351,269,402,417
"ENSG00000175182",105.99999,121.00001,104.00001,343,458,431,411,281,242,361,285
"ENSG00000175183",703,893,1006.99999,3095,2615,2688,3187,3901,3374,3367,3255
"ENSG00000175193",324.99999,461.99999,418.00001,946,943,913,1109,1386,1368,1330,1322
"ENSG00000175197",430,604.00001,361.99999,1920,1846,1680,2283,2305,2080,3181,2031
"ENSG00000175198",1911.99999,2565,1694,903,700,776,773,1182,1407,1302,1221
"ENSG00000175203",1221.00001,1495.00002,1281.00001,11496,11742,10009,12904,9189,8847,8292,8315
"ENSG00000175206",24,51,47,207,175,185,176,131,70,68,65
"ENSG00000175213",67,49,59,261,273,282,345,300,387,536,376
"ENSG00000175215",607,685,526,1455,1447,1451,1649,1212,1242,1894,1888
"ENSG00000175216",1077.00001,1285,1053,6553,5480,5832,7623,3894,5699,6357,5603
"ENSG00000175220",275,211,211,741,828,798,1084,1232,1560,1696,1660
"ENSG00000175221",362,319,277,1745,1994,1995,2226,2362,2419,3859,3414
"ENSG00000175224",548.99999,547,616.00001,1385,1322,1368,1415,1738,1880,2592,2163
"ENSG00000175229",63,58,48,14,25,15,16,31,24,34,33
"ENSG00000175264",35,23,33,88,173,119,127,28,26,42,87
"ENSG00000175265",802,1069.00001,942,644,598,651,564,1086,810,772,878
"ENSG00000175267",29,62,60,31,27,38,27,32,20,36,28
"ENSG00000175274",764,767.99998,835.00001,4650,4444,5312,4275,2389,2366,3413,4439
"ENSG00000175279",183,163,74,247,220,174,163,424,387,336,368
"ENSG00000175283",70,89,66,204,212,195,227,568,359,652,527
"ENSG00000175287",84,59,46.00001,132,145,138,139,334,338,313,363
"ENSG00000175305",85,94.00001,87,47,28,31,36,156,156,83,102
"ENSG00000175309",482,329,315,617,667,663,697,553,538,754,774
"ENSG00000175322",216.00001,218,212.00001,407,299,362,307,398,361,322,348
"ENSG00000175324",280,342,329,420,400,346,368,605,493,476,553
"ENSG00000175334",588,767.99999,701,2899,3774,2763,3246,4039,2895,2355,2811
"ENSG00000175344",43.99999,217,49,430,371,372,447,507,346,422,509
"ENSG00000175348",205,188.00001,198.00001,858,791,924,887,1123,1036,1224,1198
"ENSG00000175352",34,27,31,392,454,358,441,253,244,496,361
"ENSG00000175354",513.99999,491.00001,369,794,581,592,675,812,887,741,903
"ENSG00000175356",28.99999,8.00001,26,29,101,43,39,25,31,90,40
"ENSG00000175376",212,176.00001,107.00001,390,395,456,528,408,471,503,456
"ENSG00000175387",2353,3333.00001,3487.99999,4853,3035,3782,4595,4208,4895,5047,5213
"ENSG00000175390",826,1205,1032.99999,11370,12446,10641,13150,8544,7684,7012,7691
"ENSG00000175395",158,250,258,561,484,513,536,644,771,810,735
"ENSG00000175414",319,235,238,377,357,376,389,274,228,407,418
"ENSG00000175416",329,400,433,364,586,497,321,349,241,300,498
"ENSG00000175426",35,49,45,110,97,74,94,41,82,91,87
"ENSG00000175445",90,12,24,167,310,211,376,87,120,151,155
"ENSG00000175449",11,31,37,62,28,54,61,81,99,93,68
"ENSG00000175455",817,638,811.00001,1031,592,746,801,909,945,688,913
"ENSG00000175463",35,26,8,61,45,55,88,27,15,111,30
"ENSG00000175467",199,333,254.99999,918,1124,946,1076,649,517,939,1055
"ENSG00000175470",348.00001,397.99999,426,272,232,216,259,247,159,236,217
"ENSG00000175471",187.99999,286,182,161,121,92,132,112,115,164,147
"ENSG00000175482",205,214,133,115,134,153,163,265,259,284,407
"ENSG00000175497",1296,1033,1138.99999,254,205,207,191,401,348,300,454
"ENSG00000175505",55,33,24,15,22,17,10,33,18,46,45
"ENSG00000175536",33,23,33,28,46,34,38,30,21,38,50
"ENSG00000175544",15,10,10,20,4,11,10,29,18,38,12
"ENSG00000175548",150,104,121,332,141,286,218,245,261,212,249
"ENSG00000175550",493,733,550.00001,1258,1426,1132,1428,1280,916,1004,1035
"ENSG00000175567",182,220,158.00001,3684,3404,3288,3838,3145,3100,3275,3036
"ENSG00000175573",160,171,141,144,220,154,170,196,91,152,154
"ENSG00000175575",315,450,445.99999,731,830,735,831,1062,849,1033,929
"ENSG00000175581",340.99999,427,319,1157,1260,1122,1212,1361,1105,800,999
"ENSG00000175582",795.00001,1046.00001,797,5022,3930,4227,5028,3917,3994,4446,4081
"ENSG00000175595",161.99999,165,161,266,200,258,227,404,385,387,409
"ENSG00000175600",102,176,97,106,91,116,122,155,165,115,138
"ENSG00000175602",93,223,119,304,417,316,324,226,149,378,383
"ENSG00000175606",187,228,155,240,180,190,252,403,379,385,420
"ENSG00000175634",181.00001,186,184.00001,932,951,888,909,1057,1029,1016,943
"ENSG00000175643",109,105.99999,98,63,48,57,38,67,34,44,52
"ENSG00000175662",517.00001,569,300.00001,622,616,671,721,709,710,1060,902
"ENSG00000175691",72,65,56,60,80,64,89,122,96,122,148
"ENSG00000175697",9,9,10,28,48,49,35,37,51,40,68
"ENSG00000175711",92.00001,132,82,113,175,150,181,258,185,148,242
"ENSG00000175727",661,533,481.99999,409,509,549,414,594,403,623,687
"ENSG00000175745",3393.00001,3769,3188.00001,2387,2674,2535,2711,3296,3137,2831,3060
"ENSG00000175756",449,609,430,952,1426,1082,1273,1642,1271,1297,1408
"ENSG00000175764",83,86,127,54,68,64,32,84,55,71,67
"ENSG00000175768",814,1000,945,2382,1921,1933,1858,3379,2695,1791,2296
"ENSG00000175782",452.00001,455.99999,335.00001,428,339,401,388,559,565,714,611
"ENSG00000175785",8,21,7,23,25,20,22,21,10,44,20
"ENSG00000175787",62,61,116,82,49,63,66,123,81,74,110
"ENSG00000175792",432,503,493.00001,1119,1156,953,956,1807,1780,1473,1623
"ENSG00000175806",74,74.00001,83,122,120,73,84,106,64,63,62
"ENSG00000175826",758,755,667.00001,478,555,483,470,380,239,301,387
"ENSG00000175832",58,91.99999,41,130,109,100,165,124,89,139,151
"ENSG00000175854",222.99999,236,255,472,563,476,629,850,742,518,661
"ENSG00000175866",396.99999,278,275,865,1067,983,1163,1169,966,1224,993
"ENSG00000175868",16,26,30,215,161,192,163,128,78,52,57
"ENSG00000175874",7,23,10,46,56,53,55,17,14,38,33
"ENSG00000175893",488,452,482,341,190,257,197,310,295,322,324
"ENSG00000175895",48,65,38,189,115,162,212,100,137,179,163
"ENSG00000175899",158,186,143,524,1073,617,941,1506,1830,6601,3342
"ENSG00000175906",315,388,491,1460,1368,1444,1782,1876,1678,2186,1826
"ENSG00000175920",27,25,16,11,20,14,33,6,16,26,35
"ENSG00000175928",594,743,589,1252,1298,1470,1133,1357,1267,1535,2881
"ENSG00000175931",356,277,238,605,809,667,682,582,507,647,723
"ENSG00000175938",129,109,134,476,530,431,610,505,530,690,782
"ENSG00000175970",320,288,249,1475,1129,1146,1388,770,855,1023,1218
"ENSG00000175984",24,54,38,32,21,15,39,23,27,16,34
"ENSG00000176014",316.00001,373.00001,317.99999,820,1002,729,1014,1797,1924,1918,2007
"ENSG00000176018",181.00001,210,238,439,229,310,389,381,460,406,400
"ENSG00000176022",190,162,164,39,81,49,59,89,86,93,84
"ENSG00000176024",85,63,60,76,98,73,102,189,224,222,171
"ENSG00000176046",73,34,33,31,73,33,82,275,196,336,214
"ENSG00000176049",419,700,440,769,840,782,863,831,841,1141,982
"ENSG00000176055",78,148,124,359,243,326,295,332,369,335,414
"ENSG00000176058",79,95,214,161,181,175,227,197,151,194,187
"ENSG00000176087",179,199,130,527,534,646,605,1062,1294,1676,1306
"ENSG00000176095",249,372,271.00001,1453,1465,1443,1993,1454,2105,2568,2087
"ENSG00000176101",345,414,391,808,1145,937,917,1126,910,727,922
"ENSG00000176102",455.00001,536.99999,525,717,624,628,528,1050,887,847,967
"ENSG00000176105",445,446,443,1054,637,861,992,888,1278,1426,1232
"ENSG00000176108",127,194,153,411,575,449,610,1099,1034,1162,978
"ENSG00000176142",229,241.00001,225.99999,489,389,334,519,502,620,523,527
"ENSG00000176148",210.99999,213,196,246,199,210,276,176,216,289,226
"ENSG00000176155",611,468.99999,476.99999,291,281,274,276,397,493,524,545
"ENSG00000176165",253,133,187,157,156,56,169,63,68,77,108
"ENSG00000176170",123.00001,84,81,221,244,198,188,146,152,253,309
"ENSG00000176171",3094.00001,5117.00001,4350,6052,4647,5700,6895,5173,6407,7141,5737
"ENSG00000176204",82,219,141,206,194,158,223,156,162,186,160
"ENSG00000176208",486,589,662.00001,200,136,194,176,262,183,182,180
"ENSG00000176209",293,330.00001,272.00001,321,299,287,327,647,519,383,430
"ENSG00000176222",143.00001,274,203,22,13,19,20,20,25,27,16
"ENSG00000176225",967.99999,598,653.99999,249,237,281,246,389,355,463,430
"ENSG00000176244",99,121,133,569,394,466,500,178,264,253,242
"ENSG00000176248",149,131,130,103,135,131,101,185,147,150,119
"ENSG00000176261",310.99998,361.99999,311,263,204,221,176,519,460,340,420
"ENSG00000176273",59,90,87,508,386,367,429,229,189,265,264
"ENSG00000176340",1968,2242,2090,2881,3189,2682,3290,3660,2760,2454,2609
"ENSG00000176371",256.00001,211,258.00001,357,371,383,514,551,487,564,579
"ENSG00000176383",45,21,42.00001,7,11,33,29,35,27,18,25
"ENSG00000176386",116,161,138,750,675,612,740,1055,850,674,825
"ENSG00000176387",18,11,17,66,37,55,47,56,39,49,25
"ENSG00000176390",696,810,744,620,351,510,482,462,621,485,488
"ENSG00000176393",576,545.99999,273,605,731,669,474,387,294,396,668
"ENSG00000176396",221,212,195,55,36,51,18,63,39,38,38
"ENSG00000176399",35,46,25,197,189,219,215,116,116,175,134
"ENSG00000176401",94,83,104,256,230,205,319,304,232,320,384
"ENSG00000176406",2517,2789.99999,2059,489,430,493,442,603,605,700,703
"ENSG00000176407",503,481,382,631,501,535,564,461,379,394,525
"ENSG00000176410",151,136,123,85,89,93,105,231,185,284,226
"ENSG00000176422",105,78,63,222,255,222,270,612,568,481,549
"ENSG00000176428",131,201,180,108,142,128,127,90,79,58,73
"ENSG00000176438",33.99999,74,24,84,57,69,132,45,68,81,80
"ENSG00000176444",385,422,353,422,436,410,416,572,680,620,770
"ENSG00000176454",170,296,249,310,335,347,313,236,173,189,152
"ENSG00000176463",236,227,196.99999,189,171,214,218,107,94,156,141
"ENSG00000176473",131.99999,120,121.00001,369,390,439,465,769,766,789,745
"ENSG00000176476",97,127,124.99999,608,686,649,804,619,523,516,525
"ENSG00000176485",629.00001,534,538,662,598,531,796,908,1065,1222,1000
"ENSG00000176490",108,117,80,116,166,136,116,70,95,69,74
"ENSG00000176531",40,94.00001,63.99999,51,73,55,90,56,66,65,53
"ENSG00000176532",7,18,13,28,23,17,19,48,34,44,50
"ENSG00000176533",89,149,116,288,323,344,349,374,348,528,400
"ENSG00000176542",248,278,219,277,244,327,286,347,286,436,379
"ENSG00000176563",13,16,26,15,9,14,25,25,25,15,13
"ENSG00000176595",128,157,194,210,228,246,213,220,174,227,205
"ENSG00000176597",215.99999,222,162,367,206,299,303,265,258,361,321
"ENSG00000176619",201,233,192,441,474,456,403,486,395,466,444
"ENSG00000176623",322.99999,268,356.00001,389,305,278,390,483,573,691,623
"ENSG00000176624",307,275,274,227,191,236,238,213,213,202,186
"ENSG00000176635",22,16,21,15,15,13,19,45,28,43,24
"ENSG00000176641",55,53,29,158,166,164,196,98,129,207,174
"ENSG00000176658",214.99999,132.00001,107,110,117,144,97,79,127,111,129
"ENSG00000176681",19,16,61,39,32,24,27,60,35,40,60
"ENSG00000176697",6.99999,16,19,24,34,26,33,23,17,31,18
"ENSG00000176714",48,47,32,67,43,64,58,186,152,181,139
"ENSG00000176715",318.99999,192,219.99999,366,369,349,388,615,703,690,665
"ENSG00000176720",51,45,71,223,320,282,226,106,98,241,307
"ENSG00000176723",18,23,16,36,53,44,39,34,55,72,39
"ENSG00000176731",826,1050.99998,890,886,618,761,780,1047,844,536,729
"ENSG00000176732",43,87,58,12,18,12,2,14,12,26,23
"ENSG00000176749",307,248,265,670,758,697,730,502,460,698,616
"ENSG00000176771",268,299,281,421,361,446,411,753,669,1188,815
"ENSG00000176783",552.99999,779.00001,732,439,497,444,497,585,571,598,543
"ENSG00000176788",2354,2484,2281,1355,1436,1369,1115,1015,630,600,638
"ENSG00000176809",138,159,163,155,155,156,171,292,294,278,323
"ENSG00000176834",110,183,171,269,217,223,301,290,367,346,298
"ENSG00000176845",174,258,273,50,61,54,35,66,72,74,57
"ENSG00000176853",238,291,250,414,282,445,433,479,434,691,765
"ENSG00000176871",499,647.99999,536,1186,1178,1084,1285,862,839,953,896
"ENSG00000176887",1665,2536,2292,2832,1794,2509,1785,1455,1185,1265,1244
"ENSG00000176890",563,961,701,1043,1033,964,672,590,464,429,1015
"ENSG00000176894",465.99999,346.00001,339,291,457,305,207,208,113,135,338
"ENSG00000176896",77.99999,102.00001,30,125,96,82,130,162,181,156,165
"ENSG00000176903",688,626,612,1109,999,958,997,871,775,765,985
"ENSG00000176907",28,11,16,41,49,41,53,41,30,83,54
"ENSG00000176909",136,142,122.99999,56,65,46,62,107,57,75,100
"ENSG00000176915",284.00001,351.99999,287.00001,279,254,288,229,348,231,249,271
"ENSG00000176920",57,89,65,31,32,34,38,30,38,69,57
"ENSG00000176927",30,20,55,15,21,13,15,23,30,12,21
"ENSG00000176945",121,120,115,82,80,87,60,151,110,114,122
"ENSG00000176946",178,247,185,568,688,521,644,698,589,595,658
"ENSG00000176953",287,388,334,277,242,286,282,529,426,512,584
"ENSG00000176956",42.99999,68,37,285,484,362,405,182,169,288,272
"ENSG00000176971",41,9,41,19,45,56,43,114,204,262,140
"ENSG00000176973",315,440,278.00001,139,119,127,98,112,85,79,78
"ENSG00000176974",229,219.00001,245,509,516,442,558,952,1274,908,1180
"ENSG00000176978",141,258.00002,156,689,773,610,668,824,538,727,766
"ENSG00000176986",352,425,326,3164,2806,3124,4104,3035,4244,4834,4086
"ENSG00000176994",80,90,90,159,165,145,202,168,338,450,367
"ENSG00000177000",210,253,163.99999,362,300,355,428,498,665,931,732
"ENSG00000177030",490,502.99999,548,730,1012,789,838,602,493,657,745
"ENSG00000177034",215,228.00001,211.99999,425,300,427,360,327,406,505,362
"ENSG00000177042",189.00001,272.00001,198.00001,482,641,534,531,944,880,945,958
"ENSG00000177045",38,131,125,119,112,134,128,164,172,234,180
"ENSG00000177051",135,149,119,95,88,75,81,107,130,136,146
"ENSG00000177054",262,371,334,489,478,456,579,947,1168,1248,1182
"ENSG00000177058",305,455.99999,357.99999,137,110,139,136,200,172,249,226
"ENSG00000177076",137,144,98,29,29,37,45,59,57,74,51
"ENSG00000177082",361.00001,307.99999,348.00001,835,790,803,895,1266,1236,1351,1218
"ENSG00000177084",250,321,339.99999,403,418,383,296,488,674,612,640
"ENSG00000177103",115,167,152.00001,114,71,132,141,65,39,48,35
"ENSG00000177105",96,100,81,221,271,241,302,239,256,245,288
"ENSG00000177106",66.99999,63.99999,68.00001,61,106,91,106,66,63,62,50
"ENSG00000177108",62,108,176,303,379,354,335,493,695,802,592
"ENSG00000177119",999,1028.99999,644,1756,1212,1419,1676,1332,1591,1784,1755
"ENSG00000177125",117,122,98,255,258,333,332,225,208,342,322
"ENSG00000177150",249.00001,490,393.99999,328,253,329,336,459,577,651,556
"ENSG00000177156",639,771,681.00001,3071,3110,2610,3097,4087,3363,3148,3039
"ENSG00000177169",263,281,300,277,277,263,275,330,212,273,263
"ENSG00000177181",129,130,134,90,107,102,120,186,107,181,166
"ENSG00000177182",199,149,154,491,435,481,410,488,458,484,388
"ENSG00000177189",1301.00001,1658,1346.99999,221,182,260,155,267,194,280,295
"ENSG00000177191",14,21,27,2,11,8,15,24,19,40,24
"ENSG00000177192",98.99999,103,82,31,55,41,37,52,30,53,73
"ENSG00000177200",3863.00001,3840,2338.99999,1923,1500,1557,1847,1683,1620,2151,1992
"ENSG00000177225",420.99999,462,399,726,640,690,833,932,1002,1114,1102
"ENSG00000177239",202.99999,308.00002,210,1086,1179,1062,1100,1365,1620,1839,1582
"ENSG00000177272",12,11,8,55,34,47,50,20,12,34,32
"ENSG00000177283",246,212,223,19,21,35,21,40,36,63,53
"ENSG00000177301",75.99999,57.99999,95,45,62,94,43,170,101,257,138
"ENSG00000177302",426.00001,393.99999,357,429,487,495,574,723,1071,1179,1112
"ENSG00000177303",97,88,69,116,150,174,95,153,140,175,135
"ENSG00000177311",263,203,174,458,490,528,408,737,737,778,782
"ENSG00000177352",79,76,75,12,30,26,46,40,20,42,43
"ENSG00000177370",183,209,219,453,584,503,518,800,685,777,815
"ENSG00000177380",241.99999,262,223,244,302,286,287,279,203,298,264
"ENSG00000177383",600,628,568,1818,1601,1775,1914,2406,2551,2869,2867
"ENSG00000177409",17,46,13,12,13,18,9,56,79,81,95
"ENSG00000177425",251,348,218,363,223,318,268,297,217,183,204
"ENSG00000177426",239,309,228.99999,798,828,696,1013,1473,1592,1689,1549
"ENSG00000177427",90,117,89,580,703,665,932,1050,873,1026,929
"ENSG00000177432",101,103,102,359,340,351,377,351,264,411,373
"ENSG00000177453",62,85,95,158,128,169,164,143,222,306,217
"ENSG00000177459",408,276,258,883,924,693,1389,1593,1856,1052,1729
"ENSG00000177463",382,763,317,158,144,169,140,182,176,330,386
"ENSG00000177469",46,17,23,22,75,67,59,88,90,203,255
"ENSG00000177479",863,1019,732.99998,1808,1660,1769,2036,2397,3052,3452,3135
"ENSG00000177485",163,194,477,1162,681,876,1077,754,1019,1074,1043
"ENSG00000177511",36,24,37,128,94,106,96,110,47,134,65
"ENSG00000177519",58,28,71,190,164,163,209,230,268,227,247
"ENSG00000177542",203,158,139,450,571,616,585,728,800,922,801
"ENSG00000177548",98.99999,126,92.99999,161,185,131,140,170,196,241,211
"ENSG00000177551",63,39,89,181,150,188,101,45,33,66,78
"ENSG00000177556",473,522.99999,522,836,1140,830,1068,1546,1238,1144,1131
"ENSG00000177565",2080,2277.00001,2462.99999,3712,2218,2706,2876,2609,3163,2875,3070
"ENSG00000177570",177,178,127,190,125,194,177,225,200,269,224
"ENSG00000177576",788,995,948.00001,1099,1101,1008,1198,1219,848,906,975
"ENSG00000177595",113,143.00001,120,518,586,515,552,569,667,586,516
"ENSG00000177599",126,151,129,37,52,38,50,179,163,123,148
"ENSG00000177600",14082,20437,18034.99999,8127,9013,7099,8348,7185,5907,4430,5277
"ENSG00000177606",1069,1022,930,5509,6094,5495,4302,2214,2022,3853,5315
"ENSG00000177613",179,181,197,839,636,680,555,737,811,898,705
"ENSG00000177614",50,44,45,97,146,103,95,63,55,97,89
"ENSG00000177628",51.99999,66.00001,42,498,550,375,464,821,932,1138,929
"ENSG00000177646",265.00001,434.99999,248.99999,549,605,558,564,1013,1028,1203,1093
"ENSG00000177663",87.99999,118.00001,72,168,141,143,168,135,124,297,343
"ENSG00000177666",126.00001,133,114,251,271,229,259,236,207,275,402
"ENSG00000177674",166,195.00001,166.99999,616,763,632,709,939,1082,1081,1025
"ENSG00000177679",294,246,271,182,171,180,146,101,84,103,100
"ENSG00000177683",250,257,301.00001,392,290,402,391,603,740,590,584
"ENSG00000177685",170.00001,295.99999,160.00001,342,421,324,381,359,330,266,361
"ENSG00000177692",32,50,43,15,13,14,7,53,38,51,61
"ENSG00000177694",197,201,289,70,66,70,60,126,135,145,136
"ENSG00000177697",575.99999,678,595.99999,862,981,798,939,1286,1283,1256,1212
"ENSG00000177700",980,985,1041,915,842,895,1054,2005,1736,1164,1498
"ENSG00000177706",98,158,146,107,146,105,101,139,88,140,136
"ENSG00000177707",388,383.00001,713,289,219,219,186,265,248,181,320
"ENSG00000177728",384.00001,425.00001,358,1493,1570,1452,1812,1480,2030,2399,2048
"ENSG00000177731",332.99999,385,338,3455,3176,2972,3833,2335,3316,3607,3334
"ENSG00000177732",389,407,392,624,695,619,567,311,233,213,240
"ENSG00000177733",1127,1562,1530,2627,2237,2437,2512,2414,2628,2733,2770
"ENSG00000177791",12,15,8,62,93,64,74,94,77,68,105
"ENSG00000177807",89,92.99999,48,153,133,220,201,138,90,131,154
"ENSG00000177830",467,617.99999,605.99999,2964,3774,2955,3670,3413,3619,3821,3731
"ENSG00000177839",56,38,74,122,98,93,157,77,86,208,178
"ENSG00000177842",105.99999,146,144,230,168,197,242,320,281,400,282
"ENSG00000177853",586.00001,742.00001,687,519,312,417,376,533,338,441,414
"ENSG00000177854",42,58,144,79,80,65,102,112,153,167,133
"ENSG00000177868",648,863,868,1355,1439,1303,1499,1409,1187,845,1129
"ENSG00000177873",98.99999,109.99999,62,110,63,76,116,142,144,184,139
"ENSG00000177875",70,103,74,551,665,553,558,274,220,398,286
"ENSG00000177879",686,1018.00001,717.00001,2097,1381,1528,1477,1409,1265,970,1149
"ENSG00000177885",536,573,486,2203,2282,2180,2554,2164,2026,3017,2886
"ENSG00000177888",347,546,482,1535,885,1114,1286,1101,1484,1080,1331
"ENSG00000177889",755.00001,800,763,2838,2297,2261,2409,4325,3847,3314,3587
"ENSG00000177917",568.99998,561.99999,511.99999,1093,738,831,804,1059,1085,822,866
"ENSG00000177943",98.99999,75.99999,60.00001,60,101,139,75,114,123,105,93
"ENSG00000177951",227,238,220,559,700,649,866,828,911,981,942
"ENSG00000177954",658,1007.00001,829.00001,16056,17367,14596,17162,15417,13382,9786,11731
"ENSG00000177963",412,307.00001,340,1105,1336,1287,1371,1997,2105,2336,2180
"ENSG00000177971",287,289,270,534,633,592,654,1063,770,920,943
"ENSG00000177981",272,333,294,1371,1244,1239,1454,1529,1515,1570,1486
"ENSG00000177989",8,42,30,19,31,24,24,12,14,25,22
"ENSG00000177990",614,667.99999,706.99999,302,153,227,212,305,233,265,252
"ENSG00000178026",112,90,137,81,107,80,78,110,84,123,91
"ENSG00000178028",197,279.99999,266,926,1110,985,1106,1322,1292,1464,1340
"ENSG00000178031",46,24,15,446,351,286,392,149,162,353,222
"ENSG00000178035",789.00001,1290.99999,1088.99997,4156,4388,4049,4886,3788,4004,3889,3735
"ENSG00000178038",8.99999,19.00001,21,23,35,21,17,33,39,16,48
"ENSG00000178053",224.99999,408.99999,281.99999,716,660,598,805,806,774,645,612
"ENSG00000178057",549,679.99999,591,1587,1727,1436,1756,2564,1845,2102,2052
"ENSG00000178074",166,176,153,602,347,414,479,309,327,354,378
"ENSG00000178075",99,70,56.00001,90,55,69,77,89,114,96,114
"ENSG00000178078",205,204.99999,150,81,119,88,143,158,101,116,136
"ENSG00000178093",20,88,14,9,11,12,18,29,9,22,21
"ENSG00000178096",101,114,90,128,175,149,165,372,330,241,297
"ENSG00000178104",307.00001,292,237,2134,1765,1706,2345,1996,2567,3110,2996
"ENSG00000178105",665.99999,639,662.00001,754,620,655,733,932,947,778,934
"ENSG00000178127",892,1045.00001,880,2715,2145,2534,2577,3949,3224,3049,3185
"ENSG00000178149",153.00001,270.00001,252.00001,1670,1906,1685,2004,1370,1343,1627,1737
"ENSG00000178150",67,46.99999,83.00001,74,56,65,95,138,146,154,164
"ENSG00000178163",223,232,357,457,377,535,494,762,995,1078,938
"ENSG00000178171",36,40,26,62,86,78,58,66,42,89,92
"ENSG00000178177",898.00002,1336.99999,2540.00002,1368,845,1046,1293,999,1159,1170,1129
"ENSG00000178184",111,128,103,47,43,70,37,31,16,35,54
"ENSG00000178187",12,9,8,21,14,15,14,26,16,16,25
"ENSG00000178188",322,261.99999,230,121,172,129,88,162,129,129,100
"ENSG00000178201",17,39,9,30,16,33,49,43,18,46,32
"ENSG00000178202",108,135,81,352,213,222,237,167,180,205,342
"ENSG00000178209",282,269,240,938,1249,1194,1046,975,706,1549,1329
"ENSG00000178229",104,60,68,191,195,224,258,374,397,495,410
"ENSG00000178233",85,63,79,203,186,193,193,96,62,95,97
"ENSG00000178234",315,334.00001,327,748,838,759,861,716,730,1038,1210
"ENSG00000178235",83,76,79,274,227,221,253,268,439,552,364
"ENSG00000178252",1125,986.99998,967.00001,5377,5314,5480,6628,6466,10192,9828,8945
"ENSG00000178295",134,196,184,88,63,63,63,124,109,103,91
"ENSG00000178297",16,41.99999,90,24,26,23,17,12,1,25,10
"ENSG00000178301",189,108,135,81,100,84,110,110,119,134,130
"ENSG00000178307",279,283,296,1410,1224,1323,1746,1513,1587,1403,1346
"ENSG00000178338",141,153,157,138,82,95,92,158,178,114,152
"ENSG00000178381",83,134,109,330,398,316,456,461,376,335,333
"ENSG00000178385",261,333,248,1153,782,1058,1138,800,1161,1451,1184
"ENSG00000178386",49,34,64,65,91,85,114,158,143,210,146
"ENSG00000178401",37,49,36,130,108,177,224,159,156,399,220
"ENSG00000178403",39,27,36,58,33,26,34,23,11,34,44
"ENSG00000178409",75,92,82,61,107,98,97,130,151,137,163
"ENSG00000178425",164,184,163,363,270,281,336,440,510,445,527
"ENSG00000178440",117,123,61,155,106,72,136,102,190,185,211
"ENSG00000178445",219,187.00001,142,295,279,255,277,442,315,375,369
"ENSG00000178449",669,555,536.00001,1328,1656,1159,1584,2443,2029,1202,1790
"ENSG00000178460",38,24,39,14,17,19,18,25,14,1,21
"ENSG00000178467",304,344,353,790,1187,972,729,468,301,630,975
"ENSG00000178498",426,467.00001,382.99999,907,922,825,885,796,791,800,749
"ENSG00000178502",174,185,159,1164,831,921,1107,865,790,1199,1227
"ENSG00000178531",359,461,408,65,63,79,73,59,51,42,60
"ENSG00000178537",58,77,80,134,145,128,164,297,301,348,347
"ENSG00000178538",95,144,179,633,381,462,587,316,413,430,605
"ENSG00000178567",356,478,506,1882,1355,1460,1597,1732,1686,1843,1742
"ENSG00000178568",142,568.99999,184,244,193,252,186,134,91,196,172
"ENSG00000178573",497,326,422.00001,158,102,115,114,102,128,112,109
"ENSG00000178585",452,418,361,606,681,534,543,629,555,439,519
"ENSG00000178607",72.99999,95,87,254,185,207,237,245,179,268,244
"ENSG00000178623",24,22,17,23,22,14,9,19,12,36,24
"ENSG00000178662",2595,1016,2313,1724,1418,1585,1641,1285,1435,1911,1667
"ENSG00000178665",132,117,74,110,102,131,125,80,75,119,215
"ENSG00000178685",29,61,40,184,179,184,159,409,605,633,655
"ENSG00000178691",560,718,587,451,247,320,243,321,271,320,347
"ENSG00000178694",167,167,163,341,201,247,300,297,404,378,395
"ENSG00000178695",100,82,76,167,148,112,153,171,95,134,122
"ENSG00000178700",155,152.00001,155,86,60,64,102,175,188,274,273
"ENSG00000178718",32,29,37,65,86,68,88,73,32,127,88
"ENSG00000178719",986,1008,786.00001,939,1184,1107,974,975,745,815,1061
"ENSG00000178741",1359,1564,1246,4696,4824,4215,4818,3922,2552,3320,3598
"ENSG00000178761",401.00001,467.00001,362.00001,3360,3286,3033,3144,1805,1622,3019,3058
"ENSG00000178764",352,500,338,3361,2829,3051,4233,2877,3677,3418,3402
"ENSG00000178773",29,24,14,15,42,44,50,28,21,18,43
"ENSG00000178796",21,32,22,55,51,36,31,57,37,45,52
"ENSG00000178802",294,387.99999,371.99999,1232,1451,1255,1665,1865,2033,2185,2025
"ENSG00000178814",10,11,10,9,29,12,21,32,30,25,36
"ENSG00000178821",8.00001,12,10,70,61,78,73,17,16,31,31
"ENSG00000178852",793,902,901,28,12,8,4,28,17,27,19
"ENSG00000178878",86,210,167,110,93,83,103,142,124,124,133
"ENSG00000178882",104,111,174,160,222,138,229,169,178,170,167
"ENSG00000178896",113,124,118,332,455,348,371,581,471,560,492
"ENSG00000178904",873.99998,698,551,917,627,724,775,670,723,822,757
"ENSG00000178913",1132,1532,1599,6297,5489,5270,6707,6670,5753,5092,5584
"ENSG00000178917",130,126,153.99999,231,122,155,136,194,169,152,203
"ENSG00000178921",167,153,165,430,451,467,467,762,1230,1291,1168
"ENSG00000178922",106,136,115.99999,188,188,133,177,177,96,138,215
"ENSG00000178927",311.00001,325,273.99999,847,1003,847,910,1692,1702,1984,1808
"ENSG00000178935",188,278,99,57,33,62,50,60,76,112,138
"ENSG00000178947",22,57,81,179,252,231,210,105,107,115,151
"ENSG00000178950",383.99999,384.00001,300.99999,913,1149,1102,1147,1325,1212,1888,1750
"ENSG00000178951",297,300,409,17,14,15,13,20,21,25,18
"ENSG00000178952",761,904,767,5440,6263,5426,6455,5646,5660,6124,5475
"ENSG00000178966",89,155,132,323,184,246,295,361,417,362,419
"ENSG00000178971",297.99999,259.00001,213.99999,318,474,361,415,569,646,991,688
"ENSG00000178974",318.00001,163.00001,263,834,868,836,1040,859,791,1207,1353
"ENSG00000178980",1364.00001,1546.00001,1364.99999,4698,5576,4397,5307,7134,5444,4839,5553
"ENSG00000178982",1208,1615,1349.00001,2264,2678,2095,2353,3021,2448,1905,2267
"ENSG00000178988",604,725,619,1449,1306,1366,1635,2274,2043,2047,2101
"ENSG00000178996",167,129,135.99999,173,99,124,112,55,88,73,81
"ENSG00000178999",98.99999,209,164,1754,1681,1296,1819,1145,1117,961,928
"ENSG00000179008",343,158,350,79,33,22,42,122,107,44,75
"ENSG00000179010",2012,2024,1995.99999,4407,4336,4269,5420,4750,4638,4876,4696
"ENSG00000179021",196,208,210,710,449,526,631,588,665,620,620
"ENSG00000179029",293,348,359.99999,684,714,700,650,1215,1191,1046,1104
"ENSG00000179041",58,60,70,101,91,78,89,148,108,119,105
"ENSG00000179044",46,45,45,32,29,27,20,16,8,26,32
"ENSG00000179051",556,529,518,562,491,473,449,681,489,461,445
"ENSG00000179083",31,133,100,34,53,39,33,63,50,18,26
"ENSG00000179085",302,366,380.00001,532,592,483,581,785,590,438,545
"ENSG00000179091",494,626,468,3529,4857,3700,3581,2067,1328,2313,3696
"ENSG00000179094",297,386,236,1215,1358,1040,1525,502,647,929,743
"ENSG00000179104",1193,1131.00001,925.00001,623,466,472,635,477,520,646,582
"ENSG00000179115",283.99999,388,336,1882,1980,1925,2195,2805,2918,3215,2887
"ENSG00000179119",238,202,183,488,338,405,634,400,422,533,460
"ENSG00000179134",501.00001,498.00001,401,607,697,630,682,577,582,783,786
"ENSG00000179151",256,401,277,1479,1336,1389,1691,1439,1703,2101,1727
"ENSG00000179152",469,426,443,444,348,388,424,627,576,669,641
"ENSG00000179163",80,97,107,368,382,365,504,516,549,730,621
"ENSG00000179195",987,1265.99999,1005.00001,1645,1185,1226,1648,1089,1378,1377,1327
"ENSG00000179218",2648.00001,2705,3260.00001,3638,4563,3690,4663,4759,4365,4440,4208
"ENSG00000179222",1386.00001,1503,1383.00001,17311,21436,17107,23233,21526,22258,25681,23554
"ENSG00000179240",190,168.00001,143.99999,570,381,395,465,429,431,572,499
"ENSG00000179241",647.00001,463,552,2923,2350,2462,3170,2022,2308,2502,2477
"ENSG00000179242",303,187,197,275,424,326,381,316,256,447,398
"ENSG00000179262",698.00001,755,624,2088,2230,2195,2547,2267,2007,2044,2064
"ENSG00000179270",29,36,65,36,14,31,7,38,97,82,67
"ENSG00000179271",555,618,529,1581,1969,1517,1709,1663,909,1234,1528
"ENSG00000179292",38,25,44,41,43,33,50,25,25,50,41
"ENSG00000179295",546.00001,660,619,2658,2077,2365,2688,2190,2732,3403,3073
"ENSG00000179299",196,175.00001,225,74,62,25,82,126,60,60,86
"ENSG00000179314",346.99999,265,529,369,504,494,544,517,548,788,685
"ENSG00000179331",26,24,9,40,16,32,31,14,35,32,19
"ENSG00000179335",338.99999,446,331,1921,1952,1883,2408,1959,2016,1963,2012
"ENSG00000179344",7,98,272,39,46,46,63,28,24,28,24
"ENSG00000179361",428.00001,361,290.99999,792,617,812,776,766,939,1163,1036
"ENSG00000179363",7,19,28,25,38,14,42,50,30,11,28
"ENSG00000179364",417.00001,495,391,464,574,469,482,545,482,513,570
"ENSG00000179387",259,370,319,485,321,409,310,761,850,729,724
"ENSG00000179399",18,22,13,49,70,67,81,62,65,88,80
"ENSG00000179403",76,147,111,44,41,52,57,61,74,78,79
"ENSG00000179409",118,122,107,237,345,343,339,642,741,899,879
"ENSG00000179431",278,272,264,138,151,128,140,244,105,171,150
"ENSG00000179454",447,421,476.00001,1562,1274,1437,1526,944,978,952,955
"ENSG00000179455",70.99999,39,70,317,348,315,430,477,304,331,270
"ENSG00000179456",333,425,537,301,278,300,308,365,478,582,406
"ENSG00000179476",70,83,48,188,103,124,147,63,58,122,115
"ENSG00000179520",13,16,17,64,34,43,31,32,22,25,19
"ENSG00000179526",179,222.99999,241.00001,567,722,680,579,427,333,457,600
"ENSG00000179532",308.00001,304.99999,368.00001,245,283,244,251,300,190,179,213
"ENSG00000179542",79.99999,85,113,755,592,638,806,362,475,674,492
"ENSG00000179562",125,90,55,276,292,278,328,265,286,589,383
"ENSG00000179588",153,176,211,16,12,12,13,16,33,19,33
"ENSG00000179598",27,29,23,15,21,27,17,29,7,24,25
"ENSG00000179603",45,58,49.00001,13,21,37,22,48,54,111,68
"ENSG00000179604",643,751,901,2624,2692,2910,3610,3610,4687,7632,5101
"ENSG00000179627",25,18,29,26,30,51,30,58,56,85,83
"ENSG00000179630",25,15,24,16,9,12,18,19,29,28,23
"ENSG00000179632",419,452.00001,471,2075,2398,2250,1896,677,444,1046,1990
"ENSG00000179698",29,37,33.99999,20,23,19,14,27,15,29,29
"ENSG00000179750",30,14,35,53,55,47,66,125,135,127,142
"ENSG00000179761",62,72,68,165,235,143,207,279,217,254,209
"ENSG00000179774",444,760,550,322,276,326,327,268,226,161,209
"ENSG00000179796",57,29,56,61,68,70,46,186,161,119,154
"ENSG00000179820",432.00001,545,489,1802,1498,1502,2009,1279,1235,1333,1375
"ENSG00000179832",167.00001,150.00001,140.99998,405,460,652,691,637,748,980,873
"ENSG00000179833",261,308,278,933,792,802,949,743,981,1041,933
"ENSG00000179841",28,26,30,16,15,38,30,32,43,46,41
"ENSG00000179859",36,82,48,244,168,203,199,235,357,321,297
"ENSG00000179869",60,75,34,29,8,19,25,24,18,32,32
"ENSG00000179886",79,114,98,82,89,86,100,159,138,138,99
"ENSG00000179889",1607,1145,1238,1409,1247,1468,1676,1796,2092,2371,2179
"ENSG00000179902",37.99999,122.00001,29.00001,30,19,16,19,21,24,22,10
"ENSG00000179909",334,313,236,177,111,135,157,170,258,274,240
"ENSG00000179912",1059,937,1448,939,1076,954,903,774,673,801,771
"ENSG00000179915",269.00001,444.00003,318,1028,1031,922,1219,582,651,930,822
"ENSG00000179918",166,210,217,358,399,369,465,557,465,847,669
"ENSG00000179922",34,50,54,15,29,27,17,25,20,29,31
"ENSG00000179933",331,421,413,597,570,675,671,1611,1428,1179,1340
"ENSG00000179941",132,152,159,598,376,497,489,810,862,657,811
"ENSG00000179943",69,82,77,53,65,40,44,61,56,46,72
"ENSG00000179950",574.00001,770,587.00001,4716,5195,4733,5853,6756,6732,7154,6502
"ENSG00000179954",41,44,44,18,18,17,31,23,29,43,44
"ENSG00000179958",219,329,290,675,756,662,672,1185,1180,872,973
"ENSG00000179965",135,148,91.00001,48,54,58,50,48,46,58,74
"ENSG00000179981",130,148,115,425,529,453,584,337,278,614,395
"ENSG00000179988",100,141,90.00001,178,209,153,186,240,216,159,175
"ENSG00000180008",163,197,204,591,407,503,461,642,560,603,560
"ENSG00000180011",171,180,181,465,552,494,575,418,345,530,541
"ENSG00000180035",145,180,147,135,195,183,138,169,140,161,249
"ENSG00000180071",45.00001,41.00002,51,44,49,46,54,26,47,23,31
"ENSG00000180096",120,109,102,34,26,33,33,29,25,24,20
"ENSG00000180098",273,353,341,491,438,433,420,706,554,532,538
"ENSG00000180104",215,242,231,523,618,469,521,667,587,755,619
"ENSG00000180155",24,19,18,65,95,69,121,96,72,142,99
"ENSG00000180176",10,38,35,239,176,273,185,130,95,116,129
"ENSG00000180182",256.99999,278.99999,238,609,400,518,543,414,455,447,573
"ENSG00000180185",163,154,124.99999,429,403,375,453,716,613,774,662
"ENSG00000180190",135,207,211,363,263,346,285,190,140,235,275
"ENSG00000180198",343,311,307,614,700,540,695,800,999,887,960
"ENSG00000180209",26,27,25,240,534,407,603,252,207,295,491
"ENSG00000180228",675.99999,793,678,2155,1560,1638,1836,2359,2102,1997,1939
"ENSG00000180233",156,232,179,22,18,19,31,49,32,20,35
"ENSG00000180257",25,49.00001,41,49,71,101,89,173,150,225,192
"ENSG00000180263",126,169,126,164,157,167,166,213,181,214,218
"ENSG00000180287",24,27,63,19,40,34,34,34,29,50,43
"ENSG00000180304",1226,1231.00001,1228,7991,6708,6946,8081,5879,6487,6513,6310
"ENSG00000180329",238,312.99999,278,624,620,596,684,713,646,579,634
"ENSG00000180336",18,34,20,43,26,30,38,23,19,34,34
"ENSG00000180340",251,264,250,511,557,498,534,332,328,344,431
"ENSG00000180346",69,83,84,200,207,229,249,441,441,417,469
"ENSG00000180354",287,287,318,569,513,529,523,608,486,498,623
"ENSG00000180357",792.99999,580,714,963,910,902,820,726,741,818,834
"ENSG00000180370",576,608,572,1915,1385,1530,1704,1209,1280,1472,1417
"ENSG00000180376",584.99999,580.99999,471.99999,364,207,310,303,522,441,363,398
"ENSG00000180398",431,510,467,2086,1697,1852,2349,2495,3255,3217,3082
"ENSG00000180423",49,40,39,136,161,125,111,275,198,217,277
"ENSG00000180425",97,161,131,679,547,528,647,1153,1019,854,866
"ENSG00000180447",213,204,228,48,41,38,51,62,76,56,69
"ENSG00000180448",66,61.00001,24,41,60,46,47,42,61,85,120
"ENSG00000180479",109,64,62,171,112,145,168,247,237,230,207
"ENSG00000180481",10,17,18,9,7,13,10,20,20,14,24
"ENSG00000180483",27,67,20,47,48,61,26,141,106,72,98
"ENSG00000180488",480,974,532.99999,266,186,307,315,318,324,358,332
"ENSG00000180530",1810.00001,2027,1811.00001,1162,718,1009,1062,1813,1906,1482,1801
"ENSG00000180537",172.99999,159,157.99999,1827,1357,1583,1997,1188,1563,1606,1345
"ENSG00000180573",215,269,310.99999,3081,2410,2278,2555,2621,2424,1922,1946
"ENSG00000180592",145,209,201,135,119,129,108,122,78,95,136
"ENSG00000180596",100,80,92,88,98,64,76,116,41,69,51
"ENSG00000180611",40,76,43,231,197,164,230,195,248,286,215
"ENSG00000180613",19,16,29,36,44,18,42,30,24,20,32
"ENSG00000180616",169,274,328,563,530,550,545,608,458,605,567
"ENSG00000180626",127,144,122,29,40,52,36,123,140,147,192
"ENSG00000180628",323.99999,464,300,420,269,355,385,305,363,391,493
"ENSG00000180638",25,18,17,12,9,10,13,18,34,46,31
"ENSG00000180660",2812,3784,3290,24845,18281,19522,28391,26315,32113,23340,27861
"ENSG00000180667",118,143,167,586,393,443,512,224,256,338,265
"ENSG00000180694",182,201.99999,190,369,286,297,323,216,213,265,291
"ENSG00000180720",45,138,46,9,34,25,21,51,25,44,38
"ENSG00000180730",366,387,372,638,469,637,566,586,473,695,920
"ENSG00000180739",8,11,7,25,50,38,96,43,39,57,88
"ENSG00000180758",16,21,25,15,24,11,17,13,23,15,19
"ENSG00000180773",367,427,403,1238,888,1074,993,792,632,772,962
"ENSG00000180776",624,788,886,526,253,349,447,271,336,346,344
"ENSG00000180801",25,12,14,47,79,42,120,118,153,299,200
"ENSG00000180817",2578,2971,2399,6713,5446,5455,6284,8367,8323,6527,7500
"ENSG00000180822",235.99999,185.99999,279,315,273,285,247,455,334,353,391
"ENSG00000180828",255,368,237,39,44,60,22,155,107,59,106
"ENSG00000180834",11,15,29,0,0,20,4,0,29,33,25
"ENSG00000180855",44,49,45,225,150,193,258,283,264,249,268
"ENSG00000180875",60,32,64,98,67,105,36,50,31,79,96
"ENSG00000180879",911.99999,1262,1160,3534,4201,3272,3850,4723,3930,2812,3296
"ENSG00000180881",126,183,117,58,63,55,66,145,151,80,135
"ENSG00000180884",33,39,40,185,150,135,188,147,194,317,233
"ENSG00000180891",294.00001,379,341.00001,228,243,265,201,198,150,235,342
"ENSG00000180900",241.99999,233,207.99999,158,200,150,160,161,153,241,244
"ENSG00000180901",146,123,120,225,303,264,258,309,210,258,298
"ENSG00000180902",386,223.99999,270.00001,230,341,222,267,182,172,229,292
"ENSG00000180914",8,9,9,4,3,12,9,19,22,13,22
"ENSG00000180917",196,178,215.00001,448,280,406,460,525,803,899,870
"ENSG00000180957",533,744.00001,686,1257,932,1183,1348,1484,1695,1711,1625
"ENSG00000180964",557,497.00001,860,2060,1492,1531,1780,2099,1951,1698,1909
"ENSG00000180979",255,299,357,665,553,611,754,816,876,998,1071
"ENSG00000180992",375,572,515,1957,2248,1852,2245,2507,2201,1579,1858
"ENSG00000180998",586,712,644,209,135,126,100,218,172,143,178
"ENSG00000180999",14,16,10,22,18,21,17,20,18,19,49
"ENSG00000181004",83,118,99,238,155,238,256,764,640,573,647
"ENSG00000181007",187,236,187,446,316,424,514,761,730,809,722
"ENSG00000181019",247,198,139,279,285,271,292,803,992,787,1000
"ENSG00000181026",117,171,135.00001,1074,975,919,1303,651,824,1025,732
"ENSG00000181027",143,149.99999,123.00001,72,102,90,77,113,80,96,73
"ENSG00000181029",631,758,821,1415,1798,1415,1412,1379,799,1300,1627
"ENSG00000181031",274,300,199.00001,229,187,250,250,236,250,292,285
"ENSG00000181035",133,129,135,204,231,254,207,145,113,212,258
"ENSG00000181038",265,232.99999,280.00001,424,433,457,492,933,771,747,740
"ENSG00000181045",282,292,339,789,951,840,1217,1053,1277,1437,1255
"ENSG00000181061",863,1034.00001,933,3014,2086,2422,2422,3979,4307,2861,3707
"ENSG00000181085",28,73,36,119,120,112,119,82,91,77,66
"ENSG00000181090",878.00002,980.00001,1018.00001,774,822,874,748,655,460,855,1137
"ENSG00000181104",318,315,247,1567,1529,1562,1808,1470,1470,2208,1906
"ENSG00000181135",22,34.99999,30,37,49,32,35,58,53,48,41
"ENSG00000181163",1762.00001,2793.99999,1980.00001,13639,12592,11246,13923,12478,11388,8840,10541
"ENSG00000181191",357,849.00001,457.99999,5284,5617,5200,6967,4043,4634,5259,4644
"ENSG00000181192",208,210,222,1070,1197,1091,1537,1187,1632,1852,1537
"ENSG00000181218",342,365,300,1831,2064,1518,1798,1568,1264,730,890
"ENSG00000181220",150,160,114.99999,138,123,129,124,131,73,91,107
"ENSG00000181222",1041,1038,809,5616,5664,5634,6923,4620,5576,7214,6424
"ENSG00000181264",194,203,163,604,589,555,751,498,719,695,645
"ENSG00000181274",55,78,47,30,45,31,35,45,52,40,44
"ENSG00000181284",11,21,15,10,27,17,7,9,11,22,37
"ENSG00000181291",29,17,23,108,146,111,94,75,53,84,115
"ENSG00000181315",151,122,170,953,758,860,1067,1095,1229,1199,1082
"ENSG00000181322",89,67,226,75,70,62,50,120,86,111,90
"ENSG00000181350",106,172,647,45,66,45,85,57,65,107,98
"ENSG00000181378",20,20,18,5,16,11,13,34,17,56,41
"ENSG00000181381",103,87,81.00001,52,57,68,77,137,179,109,121
"ENSG00000181396",107,118,87,326,345,277,338,227,269,389,423
"ENSG00000181404",107,62,70,219,260,299,290,281,268,291,189
"ENSG00000181409",156,98,126,80,73,58,75,76,91,125,131
"ENSG00000181444",79,147,148,267,305,269,330,137,107,119,228
"ENSG00000181449",1416,1739,1795,941,1163,915,937,809,636,714,638
"ENSG00000181450",189,254,240,201,172,253,203,196,227,301,254
"ENSG00000181458",225.99999,326.99999,266,492,354,482,501,577,469,522,590
"ENSG00000181467",299,308,285,386,331,316,331,277,351,416,366
"ENSG00000181472",79,68,83,269,207,234,283,181,163,201,265
"ENSG00000181481",31,33.00001,39,33,34,25,44,22,19,32,59
"ENSG00000181513",116.99999,95,92,274,308,251,381,344,315,286,288
"ENSG00000181523",115,155,144,1166,1423,1182,1509,1881,2033,2364,2028
"ENSG00000181541",531,489,164,3617,3743,3032,3909,2145,2822,1719,2522
"ENSG00000181544",163,153,276.99999,191,147,152,128,152,165,125,119
"ENSG00000181555",2049.00001,1725,2038.00001,1621,1380,1560,1660,1485,1321,1579,1986
"ENSG00000181588",291,308,325,18,13,15,17,22,25,13,17
"ENSG00000181610",324,411,409,721,753,765,839,1345,1239,1024,1157
"ENSG00000181619",106,72,50,29,13,17,17,32,34,30,21
"ENSG00000181638",110,53,74,126,196,193,232,167,195,411,316
"ENSG00000181652",44.99999,46,26,47,39,65,37,33,48,38,58
"ENSG00000181666",515.99999,460,1029,1035,853,924,912,1403,1549,1625,1516
"ENSG00000181690",230,319,205,873,596,679,1003,428,449,545,438
"ENSG00000181704",265,404,375,1211,950,1084,1207,1101,1149,1047,1046
"ENSG00000181722",1717.99999,3450,1693.99999,1320,1099,1261,1485,1574,1210,2635,2340
"ENSG00000181744",266,379,308,532,357,410,459,331,354,532,640
"ENSG00000181751",128,122,138,912,550,637,805,536,719,714,651
"ENSG00000181754",37,37,55,131,255,184,145,132,127,179,294
"ENSG00000181788",143,187,154,151,171,159,176,187,106,59,76
"ENSG00000181789",314,327,305,3883,4201,3637,4946,4429,5263,6246,5660
"ENSG00000181790",40,60,52,25,24,44,20,15,11,15,29
"ENSG00000181804",27,20,20,188,192,155,280,275,281,322,259
"ENSG00000181817",201,236,210.99999,896,1209,838,1090,1100,922,829,861
"ENSG00000181826",85,133,139,267,202,278,278,264,302,414,337
"ENSG00000181827",555,824,1319,779,652,853,810,599,642,731,702
"ENSG00000181830",82,64,64,129,280,202,248,223,187,258,304
"ENSG00000181852",263.00001,321,300,879,1058,964,1051,1137,1240,1359,1257
"ENSG00000181856",19,30,15,166,165,117,170,90,111,95,118
"ENSG00000181873",108,163,135,173,174,187,202,138,195,234,212
"ENSG00000181894",126.99999,183,207,185,169,153,343,198,316,353,348
"ENSG00000181896",58,95,117,134,122,107,131,105,155,157,162
"ENSG00000181904",405,492,435,1095,724,988,963,776,739,869,1060
"ENSG00000181915",148,151,138,226,212,241,151,162,106,103,178
"ENSG00000181924",329,344,387,593,603,558,696,1100,962,826,838
"ENSG00000181929",273,332,270,1014,1007,885,1063,1632,1609,1510,1499
"ENSG00000181938",43,59,60,103,34,69,76,166,94,123,119
"ENSG00000181965",306,196,272,60,53,104,37,324,269,528,611
"ENSG00000181982",95,135,178,136,116,94,113,158,137,200,191
"ENSG00000181991",337,283,348,612,744,593,670,1172,899,887,856
"ENSG00000182004",838.99999,1036,1475,2205,2004,2058,1976,2771,2497,1657,2134
"ENSG00000182010",142,248,197.99999,251,145,209,182,270,218,200,226
"ENSG00000182013",351,481,405,3193,3039,3025,4060,2430,3309,3561,3302
"ENSG00000182022",74,102,109,447,292,394,428,332,410,504,441
"ENSG00000182050",55,70,23,98,56,66,100,62,101,109,121
"ENSG00000182054",570,548,516,7464,7412,6829,8078,4302,3508,5807,5847
"ENSG00000182087",309,352.99999,312.99999,485,607,570,453,237,147,278,378
"ENSG00000182093",788,1201.00001,1019,2442,1997,2061,2136,2759,2349,2445,2251
"ENSG00000182095",1090,755,815,326,413,361,382,313,268,495,446
"ENSG00000182108",123,152,125,102,168,155,86,93,53,100,163
"ENSG00000182117",680,840.00001,809,1674,1871,1520,1732,2261,1737,1534,1597
"ENSG00000182118",166.99999,182,192,60,34,41,38,84,57,49,49
"ENSG00000182132",29,10,21,82,195,143,103,120,51,181,174
"ENSG00000182134",71,86,80.00001,442,436,362,491,344,344,475,363
"ENSG00000182141",250,252,271.99999,185,136,142,156,310,312,251,327
"ENSG00000182149",809,1006.99999,1020,2055,2046,2141,2706,2495,2625,3444,3022
"ENSG00000182150",808,1940.00002,1166.00001,886,638,815,781,1251,1131,1306,1344
"ENSG00000182154",299,386,399,551,718,605,671,669,328,423,475
"ENSG00000182158",205,194,177,880,885,715,1019,724,837,702,824
"ENSG00000182168",258,342,133,314,317,398,412,361,382,319,399
"ENSG00000182173",133,169.99999,114,209,257,241,213,242,156,268,337
"ENSG00000182175",62,68,68,213,523,327,319,200,200,342,261
"ENSG00000182180",530,601.99999,590.00001,1241,1171,1152,1161,1889,2260,2131,2059
"ENSG00000182185",404.99999,398,503.00001,211,204,152,188,262,235,224,248
"ENSG00000182195",344,377,258,1363,1526,1388,1730,1856,1411,1586,1715
"ENSG00000182196",787,938,757.00002,2180,2680,2139,2484,2231,1722,1881,2106
"ENSG00000182197",329,220,287,251,224,197,194,274,222,260,226
"ENSG00000182199",338.00001,571,519,2260,2479,1950,2322,2395,2280,2817,2135
"ENSG00000182208",122,154,107,249,247,264,286,269,304,263,309
"ENSG00000182218",43,66,74,37,69,65,73,135,102,99,118
"ENSG00000182220",581.00001,1024,637.00001,13057,10539,10423,12568,11582,11931,11571,11796
"ENSG00000182224",25,20,20,179,108,147,228,283,319,392,335
"ENSG00000182240",127,156,209,110,86,124,139,110,130,113,116
"ENSG00000182247",792,673,619.99999,2503,1669,2077,2491,1675,1465,1610,1479
"ENSG00000182253",75,105,54,142,88,73,127,222,254,247,306
"ENSG00000182255",69,107,94,376,316,261,398,233,353,355,368
"ENSG00000182256",40,44,92,18,34,28,27,35,39,67,70
"ENSG00000182263",573,986,508,1275,925,1046,1026,818,851,743,833
"ENSG00000182272",421,507,424,242,371,254,270,361,181,210,268
"ENSG00000182287",1393,1707.00001,1797.00001,5883,3946,4745,4740,2830,2185,3653,4244
"ENSG00000182307",268,315,287,2275,2394,2289,2635,2287,2580,2622,2408
"ENSG00000182310",220.99999,270,261,119,100,75,75,107,110,112,99
"ENSG00000182318",63,63,55,113,75,115,73,116,207,242,234
"ENSG00000182324",34,26,21,34,32,40,31,32,27,30,39
"ENSG00000182325",55,75.99999,46,29,50,33,29,57,32,37,49
"ENSG00000182326",55,67,118,601,605,652,936,1109,1454,2609,1711
"ENSG00000182329",28.00001,24,19,28,23,26,25,12,24,39,21
"ENSG00000182359",179,159,187.99999,212,177,194,175,373,435,273,332
"ENSG00000182362",237,173.00001,229,228,317,284,312,321,271,230,270
"ENSG00000182372",199.99999,168,131.00001,437,411,389,561,320,401,711,482
"ENSG00000182389",74,202.00001,64.99999,233,187,192,193,144,105,200,177
"ENSG00000182400",218,283,247,691,530,640,639,917,824,905,741
"ENSG00000182405",32,35,30,65,63,57,76,82,90,117,109
"ENSG00000182446",448.00001,397.99999,373.99999,290,394,379,329,474,350,482,594
"ENSG00000182463",308,225,310,949,963,899,1155,627,625,901,760
"ENSG00000182473",764.99999,801.99999,723.99998,2433,2795,2495,2954,3375,4495,4680,4371
"ENSG00000182481",647.99999,803,637,10231,9224,8598,10606,5817,5893,5960,5456
"ENSG00000182492",9,9,19,31,28,63,44,56,61,69,76
"ENSG00000182504",358,411.99999,779.99999,695,553,590,741,588,555,667,588
"ENSG00000182512",414,425,404,190,175,135,130,221,109,78,103
"ENSG00000182518",127.99998,165.00002,161.99999,653,635,631,679,779,777,585,662
"ENSG00000182534",444,512.99999,396.99999,1626,1627,1644,1466,1380,942,763,909
"ENSG00000182541",286.99999,444,367.00001,1046,1078,1109,1372,1248,1876,2082,1895
"ENSG00000182544",59,63,90,171,234,254,243,443,456,711,609
"ENSG00000182551",264,152,183,736,559,545,539,1250,1217,947,1193
"ENSG00000182552",143,152.00001,86,636,460,557,561,779,635,587,767
"ENSG00000182568",501,761,756,514,518,496,477,538,409,442,425
"ENSG00000182578",22,19,29,67,88,86,126,61,27,87,72
"ENSG00000182580",170,121,131,325,535,386,399,389,281,285,331
"ENSG00000182600",17,22,21,35,55,32,25,11,3,8,12
"ENSG00000182606",1183,1356,1457,1209,1092,1258,1138,1332,1299,1850,1553
"ENSG00000182612",96,78,189.00001,99,72,76,105,170,112,108,140
"ENSG00000182621",237,415.99999,131,94,104,102,73,86,62,105,115
"ENSG00000182628",564,833.00001,758.99999,2572,1594,1915,2059,1995,2057,1560,1816
"ENSG00000182636",678,715,745,822,1074,922,775,853,581,512,854
"ENSG00000182667",289,237.00001,222,454,575,575,479,529,529,691,554
"ENSG00000182670",5801.00001,6609,6324,14357,13393,13618,12927,9242,7198,9667,11760
"ENSG00000182674",608,94,621,90,89,107,80,125,144,191,228
"ENSG00000182685",56,51,64,56,55,48,28,76,48,31,49
"ENSG00000182700",27,34,37,24,16,22,18,31,16,27,28
"ENSG00000182704",215,226,247,357,417,484,565,986,1319,1772,1514
"ENSG00000182712",94,107,116,86,91,56,86,109,100,111,104
"ENSG00000182718",869.00001,648,661.00002,2012,1976,1554,2934,2495,2799,4218,3165
"ENSG00000182732",72,173,45,12,38,25,31,5,15,27,22
"ENSG00000182749",90,82,88,64,69,68,75,63,64,107,112
"ENSG00000182752",50,53,24,48,79,116,60,126,80,167,94
"ENSG00000182768",1795.00001,1491,836.99999,8992,9799,8863,10672,8986,8318,7953,8531
"ENSG00000182774",12562,17767,14781.99999,7626,8430,6914,7662,8532,7338,4057,6138
"ENSG00000182809",395,648.00001,442.00001,4065,4530,3866,4856,3073,2720,3222,3116
"ENSG00000182810",64,80,48,145,163,161,157,356,325,513,428
"ENSG00000182827",465,448,427,325,257,272,319,257,208,175,179
"ENSG00000182831",662,655,723,1201,898,809,1006,712,888,1092,1007
"ENSG00000182858",203,163,203,758,830,725,1077,802,929,977,867
"ENSG00000182870",17.99999,15,32,35,53,45,38,22,25,31,30
"ENSG00000182871",582,972,1121.00001,881,904,883,923,523,447,983,982
"ENSG00000182872",429.00001,524.00001,428,1110,1316,1221,1224,1927,1983,2064,1917
"ENSG00000182899",11038.99999,13435.99999,11643.00001,9065,9289,7759,8904,8859,6755,4565,6163
"ENSG00000182901",128.00001,82.00001,102.00001,92,129,131,109,96,86,125,199
"ENSG00000182903",434,883,560,589,362,562,632,844,931,862,925
"ENSG00000182916",401,500,516,3765,2649,2880,2917,3337,2953,2365,2581
"ENSG00000182919",557,583.00001,561.99998,470,369,385,500,718,796,602,716
"ENSG00000182923",508.00002,713,856.99998,749,721,710,718,784,614,765,817
"ENSG00000182934",399,481,401,1589,1793,1710,2072,2138,2188,2262,2284
"ENSG00000182944",1588,1420,1048.99999,7932,7329,7660,8099,11173,13308,11925,12315
"ENSG00000182952",322,456,404,1294,1056,1175,1235,1557,1433,1322,1375
"ENSG00000182957",566,428.99999,311.00001,678,761,648,1122,960,1500,2455,1710
"ENSG00000182963",115,201,158,369,319,352,334,193,202,231,319
"ENSG00000182968",59,10,11,34,45,30,37,12,5,11,8
"ENSG00000182973",775,931.99999,753,833,634,745,704,1210,1268,951,1088
"ENSG00000182979",580.99999,852.00001,553.99999,284,374,256,282,212,193,170,226
"ENSG00000182985",2784,2961.99999,3009,7114,6348,6787,7709,5704,6520,7902,6194
"ENSG00000182986",252,322.99999,263.00001,250,180,217,261,402,432,552,473
"ENSG00000182993",35,42,44,71,81,103,73,191,175,169,142
"ENSG00000183010",214.99999,282,187,1329,1526,1312,1488,1726,1641,1384,1480
"ENSG00000183011",639,831,1328.00001,975,1305,984,1160,1485,1077,931,1052
"ENSG00000183018",137,75,122,83,97,75,82,82,86,109,55
"ENSG00000183020",627.00001,763.99998,497.00001,940,1064,1049,947,801,898,998,1028
"ENSG00000183023",817,913,428.99999,434,446,523,464,549,514,928,763
"ENSG00000183032",24,52,17,36,45,48,24,80,73,66,74
"ENSG00000183036",331.99999,392.99999,434.99999,2488,2576,2618,2636,3273,2146,1813,2232
"ENSG00000183044",1042,1324.00001,893,2690,2509,2712,3169,2135,2736,3470,3066
"ENSG00000183048",72,76.00001,40.00001,158,147,144,121,218,133,186,248
"ENSG00000183049",314,398,286,615,546,520,424,463,368,560,545
"ENSG00000183060",104,129,126.99999,276,293,326,294,438,390,458,475
"ENSG00000183067",11,18,8,50,56,51,61,43,40,30,34
"ENSG00000183077",205,272,346.99999,322,290,303,300,339,284,275,320
"ENSG00000183087",206,270,245,247,285,210,194,251,203,205,256
"ENSG00000183091",146.00001,180.00001,145,110,166,201,221,123,41,94,186
"ENSG00000183092",45,27,74,61,54,87,58,23,6,40,40
"ENSG00000183098",966,1256,807,2778,2289,2179,2918,1976,2995,2714,3177
"ENSG00000183111",82,75,48,35,53,59,82,90,110,184,158
"ENSG00000183117",67,91.99998,48,49,28,31,54,13,12,27,20
"ENSG00000183137",526,458.00002,410,537,352,434,454,511,498,513,472
"ENSG00000183150",59,42.99999,33,118,146,145,204,152,108,166,148
"ENSG00000183155",154,169,230,286,275,295,258,452,400,427,410
"ENSG00000183161",166,252,144,998,792,885,1078,840,955,1040,957
"ENSG00000183166",12,12,14,34,18,28,27,27,9,63,41
"ENSG00000183172",733,1131,828,1654,1819,1508,1649,2405,1849,1421,1818
"ENSG00000183185",10,12,9,3,4,1,0,35,36,54,75
"ENSG00000183186",27,49,31,72,88,70,52,19,14,19,38
"ENSG00000183196",11,16,11,20,25,32,28,57,80,82,82
"ENSG00000183207",443,587.00001,466.99999,2655,3089,2604,2907,3438,3104,3642,3003
"ENSG00000183208",67.00001,76.00001,69,16,13,24,22,61,35,72,51
"ENSG00000183230",32,60,67,44,29,28,24,65,52,102,81
"ENSG00000183248",326,305,209,657,722,722,734,314,272,337,311
"ENSG00000183255",1052.00001,1199.00001,1083,7239,6676,6585,8030,8081,8087,8207,7922
"ENSG00000183258",313,425.99999,335.00001,1299,1403,1365,1812,1801,1890,2021,1693
"ENSG00000183273",44,18,48,31,32,44,52,71,53,46,58
"ENSG00000183283",816.99999,912,994.99999,5917,5173,5408,6815,6218,6395,6293,6157
"ENSG00000183287",96,47,47,398,342,433,394,492,421,718,584
"ENSG00000183291",861,875,945,1489,1355,1218,1391,3057,2855,1582,2480
"ENSG00000183307",66,58,65,118,84,121,97,150,97,116,134
"ENSG00000183309",135,133.00001,125,337,302,433,480,487,532,765,731
"ENSG00000183317",189,86,134,36,51,50,42,68,48,81,84
"ENSG00000183323",174,43,76,63,28,33,45,62,71,91,76
"ENSG00000183337",796.00002,480,463.00001,1102,996,1228,1168,1303,1574,2040,1877
"ENSG00000183340",61,106,98,196,127,141,203,240,175,283,256
"ENSG00000183346",51,50,55,74,33,57,48,50,47,49,48
"ENSG00000183354",544.00001,664,700,374,374,387,410,629,465,495,622
"ENSG00000183386",23,50.99999,32,117,170,124,127,86,87,116,132
"ENSG00000183401",102,109,87.99999,225,263,168,286,350,314,302,322
"ENSG00000183423",27,15,9,73,66,57,43,85,51,116,106
"ENSG00000183426",163,125.99999,145,453,400,467,408,566,465,597,582
"ENSG00000183431",464,655,558,2039,1831,1876,2228,2987,3082,2993,2948
"ENSG00000183454",16,44,29,87,158,122,121,113,137,196,189
"ENSG00000183474",41.99999,91.00001,66,335,218,328,248,489,489,430,517
"ENSG00000183475",109,147,91,344,257,306,333,377,449,560,476
"ENSG00000183476",23,44,27,24,21,17,40,16,8,20,20
"ENSG00000183495",763.00001,664,575.00001,493,379,445,449,548,388,591,694
"ENSG00000183496",216,211,214,116,92,127,83,71,33,48,89
"ENSG00000183508",47,9,12,72,32,72,92,72,99,145,82
"ENSG00000183513",361.00001,380,434,1012,868,829,933,1856,1603,1332,1536
"ENSG00000183520",346,400,339,540,548,522,580,890,765,642,738
"ENSG00000183527",140,216,144.00001,489,437,430,439,698,697,605,656
"ENSG00000183530",421,285,308,656,686,810,865,1036,1127,1439,1281
"ENSG00000183569",24,25,63,16,19,16,22,32,21,22,26
"ENSG00000183570",1042,542.99999,848.99999,878,825,1037,558,367,294,496,898
"ENSG00000183576",334.00001,781,310,649,710,710,972,817,752,1084,1077
"ENSG00000183579",126,211,126,159,166,151,166,234,148,205,173
"ENSG00000183580",250,194,144,131,155,139,146,173,142,131,143
"ENSG00000183597",192.99999,118.99999,113.99999,262,324,269,355,497,539,692,578
"ENSG00000183605",194,162,197,266,289,236,314,381,304,321,344
"ENSG00000183617",245,228,237,703,936,631,807,1162,782,605,722
"ENSG00000183621",305,388,175,210,209,177,253,330,407,388,422
"ENSG00000183624",177.00001,245,347,667,603,726,818,829,964,1206,1061
"ENSG00000183638",67,35,38,77,77,105,61,41,51,189,141
"ENSG00000183647",57,61,45,129,113,93,154,162,164,140,127
"ENSG00000183648",1015.00001,878,1001.00001,854,1005,800,780,1584,1187,826,1062
"ENSG00000183655",42,62,70,449,486,508,488,326,385,511,463
"ENSG00000183665",62,61,48,80,78,71,81,129,102,113,100
"ENSG00000183684",274,246,210,83,90,68,63,80,65,54,50
"ENSG00000183688",194,158,183,113,143,95,135,141,112,118,128
"ENSG00000183690",46,41,39,152,101,143,136,158,194,163,149
"ENSG00000183691",46,58,118,86,62,74,98,45,30,55,65
"ENSG00000183696",388,116.00001,62.00001,217,317,252,286,183,171,309,151
"ENSG00000183715",246,146,217,811,736,661,885,419,623,748,870
"ENSG00000183718",59,116.99999,172.00001,411,330,404,401,389,427,604,505
"ENSG00000183722",147,131,99,848,1090,988,1417,1120,1203,1640,1446
"ENSG00000183723",119.99999,92.99999,95,258,312,262,265,177,237,249,218
"ENSG00000183726",555.99999,705,567,1750,1759,1785,1962,3007,2546,2715,2598
"ENSG00000183735",448.99999,242,237.00001,241,194,223,247,358,482,542,486
"ENSG00000183741",389,349,400,256,294,340,312,299,364,565,454
"ENSG00000183751",145,190,153,1192,1290,1461,1528,1846,2275,2392,2184
"ENSG00000183762",401,352.99999,419,624,810,753,842,883,784,1131,942
"ENSG00000183763",61,48,44,246,248,183,205,277,303,251,223
"ENSG00000183765",176.00001,180,259,203,222,210,273,267,287,272,245
"ENSG00000183773",38,40,37,192,176,168,161,310,358,240,388
"ENSG00000183775",696,897,590,1544,1059,1416,967,1191,1190,1277,1218
"ENSG00000183778",38,46,23,43,39,40,37,35,40,83,76
"ENSG00000183779",85,78,100,80,57,81,83,61,58,103,70
"ENSG00000183780",125,159.00001,196,58,67,61,55,49,69,69,109
"ENSG00000183783",67,25,42,13,17,20,8,45,48,21,24
"ENSG00000183785",17,18.00001,14,16,2,53,56,33,58,66,53
"ENSG00000183798",13,24,13,75,75,65,78,105,67,60,74
"ENSG00000183808",385,424,386,1182,879,1007,1166,1051,1099,1325,1361
"ENSG00000183814",152,169.99998,143,181,118,136,157,208,256,171,222
"ENSG00000183826",253,312,332,329,359,320,279,474,594,712,758
"ENSG00000183828",214,212,217,877,1176,1088,1056,935,627,872,983
"ENSG00000183831",53,523,42,93,71,69,78,138,95,94,104
"ENSG00000183833",147.99999,213,172,232,246,217,295,200,165,158,204
"ENSG00000183837",27,9,18,358,409,358,482,195,207,284,249
"ENSG00000183840",12,17,17,55,38,73,76,143,158,110,159
"ENSG00000183850",99,137,124,101,59,101,103,94,178,90,128
"ENSG00000183853",347,299,262.99999,1271,1278,1422,1629,1230,1760,2575,1926
"ENSG00000183856",70,83,56,224,224,162,237,140,233,253,197
"ENSG00000183864",391,295,350,561,641,738,757,935,953,1571,1240
"ENSG00000183873",445.99999,210.99999,195,225,209,237,235,264,216,473,466
"ENSG00000183876",60,26,25,19,27,28,18,15,22,32,68
"ENSG00000183889",22,37,27,343,337,345,403,359,243,440,318
"ENSG00000183891",213,145,248,321,277,251,269,301,306,287,315
"ENSG00000183908",26.99999,15,17,45,77,84,56,32,29,58,48
"ENSG00000183943",210,316,227,537,611,645,468,467,421,484,525
"ENSG00000183955",189,225,316,171,188,186,156,133,97,116,167
"ENSG00000183960",47,88,72,51,45,36,26,13,17,39,19
"ENSG00000183963",92.00001,83.99999,61.99999,342,379,368,406,305,264,268,295
"ENSG00000183978",412,513,497,1768,2405,1814,1995,3662,3141,2285,2863
"ENSG00000184005",630,559,681,2021,1179,1476,1741,2199,3013,2490,2692
"ENSG00000184007",1077,1314,1277,2155,1643,1767,1678,1947,1645,1482,1566
"ENSG00000184009",15637.00002,19701.00001,14538,111800,115085,104014,123977,121474,108941,118593,109980
"ENSG00000184014",1659.00001,1002.99998,753.99999,1009,976,875,846,1029,721,1026,913
"ENSG00000184047",331,446.99999,426,1558,1629,1412,2095,2441,2038,1747,2130
"ENSG00000184056",206,156,199,176,225,183,215,309,332,389,307
"ENSG00000184076",1806,1952,1936,3564,4129,3363,3750,5647,4104,3257,3975
"ENSG00000184083",144,110,99,67,66,81,68,89,115,135,152
"ENSG00000184110",38,79,62,10007,10882,9031,11535,7943,9385,10162,9349
"ENSG00000184113",99,155.00001,222,632,701,641,581,438,341,379,330
"ENSG00000184117",747,996,791,6799,6762,6036,7873,5777,5942,5827,5299
"ENSG00000184144",759.00001,824.00001,1192.00002,5615,5295,5685,3764,1165,845,1039,1377
"ENSG00000184154",172.00001,104,288,473,465,443,532,576,585,507,533
"ENSG00000184156",29,44,33,113,104,92,135,86,57,101,86
"ENSG00000184160",129,309,229,11,25,7,23,40,30,28,31
"ENSG00000184162",56.00001,68,57,146,120,131,170,261,201,169,217
"ENSG00000184163",18.99999,20,16,21,28,44,35,5,5,8,12
"ENSG00000184164",169,136,106,274,421,308,256,142,95,232,469
"ENSG00000184178",82,112,82,171,238,204,227,389,424,428,430
"ENSG00000184182",449.99999,565,498.00001,860,717,710,712,1074,891,890,1010
"ENSG00000184185",27,28,27,47,52,51,47,43,20,28,22
"ENSG00000184194",441,378,219,144,205,193,206,147,173,131,157
"ENSG00000184203",427,528,456,1544,1150,1271,1348,1667,1667,1579,1689
"ENSG00000184205",128.99999,171.99999,153,502,405,433,535,665,500,769,647
"ENSG00000184207",227,244,241,63,79,89,79,88,89,69,82
"ENSG00000184209",176,250,169,336,370,328,354,482,387,470,424
"ENSG00000184216",77,45,31,19,8,30,50,16,21,19,16
"ENSG00000184220",406,541,482,645,539,516,612,1064,810,649,665
"ENSG00000184226",1651.00001,957.99999,1080.00001,2284,1643,1673,1735,1951,1887,2029,2320
"ENSG00000184232",482,384,332,195,200,208,200,423,322,316,357
"ENSG00000184254",397,227,289,5982,5504,5164,8712,8615,10472,10021,11365
"ENSG00000184260",78,88,120,17,36,24,38,30,13,12,3
"ENSG00000184261",51,95,61,112,90,121,77,122,69,108,126
"ENSG00000184271",134,75,85,124,163,131,158,146,132,99,141
"ENSG00000184277",464.00001,587,525.00001,1540,1589,1624,1893,1597,1627,1578,1554
"ENSG00000184281",118,132,108,656,888,734,958,934,815,1042,797
"ENSG00000184302",1565,2026,1678,2095,1888,1938,2494,2726,2786,2670,2583
"ENSG00000184304",457.99999,1017.99999,435,209,213,174,190,249,165,227,249
"ENSG00000184305",222,133,88,123,126,100,113,123,123,121,135
"ENSG00000184313",57,20,51,0,10,6,21,34,3,31,46
"ENSG00000184343",25,11,18,19,24,30,30,8,21,12,11
"ENSG00000184347",45,38,33,153,184,177,222,273,372,499,404
"ENSG00000184349",2091,2161,791,2296,1671,1901,1996,2710,3530,2014,3588
"ENSG00000184357",115,119,171,18,19,27,11,27,23,9,16
"ENSG00000184368",9,31,58,62,84,88,41,90,60,78,94
"ENSG00000184371",50,61,51,97,117,80,77,205,157,178,259
"ENSG00000184381",152,348.99999,146,282,361,332,353,495,491,424,520
"ENSG00000184384",1421,404,399,276,243,261,276,343,461,424,445
"ENSG00000184402",308.99999,238,266,295,213,259,348,271,271,353,239
"ENSG00000184428",98,171.00001,113,195,279,204,208,265,295,257,264
"ENSG00000184432",763.00002,1014.99999,915.99998,3166,2925,3191,3908,3981,4990,5470,4941
"ENSG00000184436",214,239,234.00001,465,556,429,591,898,804,862,799
"ENSG00000184445",326.00001,265,276.00001,416,283,309,259,381,382,465,398
"ENSG00000184451",12,26,14,38,60,36,59,28,28,70,59
"ENSG00000184454",13,13,14,25,26,10,19,31,29,63,53
"ENSG00000184465",314,255.99999,360,645,525,511,596,518,463,609,577
"ENSG00000184470",84.99999,9,11,113,64,80,96,186,163,205,177
"ENSG00000184481",63,85,103,90,61,90,120,49,98,81,87
"ENSG00000184486",37,31,78,164,159,184,149,65,39,83,60
"ENSG00000184489",923.99999,870.99999,802,1624,1888,1746,2432,2708,3156,4332,4181
"ENSG00000184497",11,40,21,31,18,25,26,20,10,16,22
"ENSG00000184500",400.99999,348,214,805,736,715,669,757,849,1346,1371
"ENSG00000184508",92.99999,118,114,219,285,194,303,411,358,421,356
"ENSG00000184517",297,355,302,291,272,343,299,427,327,579,527
"ENSG00000184524",20,34,29,300,345,330,277,263,185,273,198
"ENSG00000184545",209,238,202,166,217,264,231,159,102,159,156
"ENSG00000184557",40,47,23,85,115,82,118,113,150,352,426
"ENSG00000184564",34,29,23,90,88,47,56,175,192,189,196
"ENSG00000184575",766.00001,915,707,3355,2184,2488,3035,2380,2718,2995,3418
"ENSG00000184588",124,156.99999,120.99999,438,426,418,548,596,877,867,802
"ENSG00000184599",111,124,131,5,10,15,7,32,20,28,38
"ENSG00000184602",474,510,432,874,1019,960,960,802,625,1017,1169
"ENSG00000184613",1431.00001,924.00001,1084,7358,6974,6596,7656,5081,7071,8829,6841
"ENSG00000184616",29,35,40,42,14,10,25,14,6,39,8
"ENSG00000184619",264.99999,232,206,411,433,405,407,455,471,517,544
"ENSG00000184634",325,400.99998,251.00001,1356,1184,1287,1466,925,1419,1696,1519
"ENSG00000184635",99,161,95,459,310,520,397,575,726,554,563
"ENSG00000184640",944,1079,957.00001,842,885,843,876,757,838,923,908
"ENSG00000184661",113,100,80,409,326,358,464,261,317,352,271
"ENSG00000184672",1531.99999,4233,673,888,689,690,881,839,785,865,907
"ENSG00000184675",46,69,29,13,19,17,15,45,13,22,30
"ENSG00000184677",293,288,208.99999,309,229,294,236,636,889,792,884
"ENSG00000184678",105,101,100,5179,4533,4021,3903,2781,1950,1300,1546
"ENSG00000184697",15,24.99999,8,50,30,51,48,33,40,45,31
"ENSG00000184702",33,31,12,933,1093,941,967,477,384,533,503
"ENSG00000184708",375,455.00001,382,1042,1001,937,1076,925,940,1207,1125
"ENSG00000184719",23,19,51,53,62,60,49,97,119,91,118
"ENSG00000184731",15,18,18,19,21,12,21,19,29,33,31
"ENSG00000184743",130,159,199.99999,173,169,141,185,263,417,400,411
"ENSG00000184752",632.00001,783.99999,682,1672,1674,1502,1610,2323,1728,1343,1664
"ENSG00000184785",24,15,39,24,19,31,16,57,52,62,52
"ENSG00000184787",668.00001,514.00001,432,1421,1176,1328,1365,1848,1950,2058,1927
"ENSG00000184788",133,123,97,62,54,61,52,80,48,43,61
"ENSG00000184792",420.00001,313,451.99999,428,495,537,602,1241,1276,1845,1719
"ENSG00000184828",38,45.00001,73.99999,113,143,116,131,146,101,161,161
"ENSG00000184831",490,591,512,1321,1154,1096,1115,2213,1884,1566,1738
"ENSG00000184838",103,55,43,49,58,59,59,65,56,82,84
"ENSG00000184840",676,808,726,2357,2757,2343,3014,3718,2492,2704,2644
"ENSG00000184857",78,89,74,154,184,170,244,344,417,372,325
"ENSG00000184863",740,829.99999,941.99999,1321,1167,1199,1408,840,844,1036,1012
"ENSG00000184867",228.00002,272,223.99999,263,323,271,326,442,378,412,412
"ENSG00000184887",74,63,67,25,24,24,13,47,29,20,15
"ENSG00000184897",1326,2108,2056,860,1071,883,855,569,343,388,483
"ENSG00000184898",41,45,32,51,43,37,59,65,89,71,63
"ENSG00000184900",716.00001,894,856,2464,2198,2173,2597,2123,2072,1824,2155
"ENSG00000184903",195,222,308,241,228,240,233,345,348,279,367
"ENSG00000184905",232,234,196,269,477,273,419,338,254,421,260
"ENSG00000184908",47,32,11,23,21,14,27,17,18,16,16
"ENSG00000184916",94,90,96,61,132,101,89,64,50,62,106
"ENSG00000184924",263,324,224,689,739,527,664,765,767,500,596
"ENSG00000184925",42,18,9,18,20,17,30,24,16,19,29
"ENSG00000184939",881.99999,623.99999,472.99999,944,778,897,726,1106,1196,1269,1312
"ENSG00000184949",589,446.00001,602,275,246,260,218,232,216,266,219
"ENSG00000184967",85,112,93,617,694,654,670,763,746,838,772
"ENSG00000184979",17,10,19,103,122,109,126,122,158,148,146
"ENSG00000184983",1058.00001,1238,1034.99999,2658,2603,2347,2653,3757,2878,2408,2943
"ENSG00000184985",769,643,728.99999,424,420,443,382,549,546,744,594
"ENSG00000184990",489.00001,726,659.99999,2080,2760,2087,2300,3473,2680,1946,2463
"ENSG00000184992",116,141,88,108,87,105,76,148,155,152,144
"ENSG00000185000",135,157.99999,148,179,200,169,151,229,160,149,145
"ENSG00000185008",6234,17569,3976.00002,1197,993,1210,1211,1193,1061,1246,1236
"ENSG00000185009",327,385,303,2012,1357,1715,1780,1487,1736,1895,1717
"ENSG00000185010",20,16,21,55,36,40,44,90,180,99,141
"ENSG00000185015",98,102,88,92,51,66,79,201,135,168,153
"ENSG00000185019",99,55,86,305,328,289,428,464,473,607,480
"ENSG00000185022",60.99999,61,66.00001,51,55,46,38,24,17,33,50
"ENSG00000185024",331.99998,240.00001,224.99999,127,136,155,155,116,143,173,173
"ENSG00000185033",674,600,758,784,905,1037,974,1049,1271,2284,2498
"ENSG00000185043",256,285,268,877,904,704,912,1228,1009,1139,993
"ENSG00000185046",247.99999,438,193,213,189,185,211,134,143,162,210
"ENSG00000185049",442.00002,617.00001,517.99999,1296,1137,1096,1622,1203,1217,1233,1094
"ENSG00000185055",73,34,36,41,11,21,22,12,11,14,17
"ENSG00000185070",610,457.99999,264,1002,763,911,837,1490,1316,1303,1557
"ENSG00000185085",80,80,89,245,310,306,360,446,389,830,695
"ENSG00000185088",1109.99999,1336,919.99999,1346,1069,1041,1203,1523,1198,1048,985
"ENSG00000185090",111.00001,107,122,169,253,168,127,210,107,144,157
"ENSG00000185100",100.99999,82,84,194,198,152,149,109,42,108,164
"ENSG00000185104",479,502,450,356,373,305,315,353,291,306,250
"ENSG00000185112",61,47,95,33,58,52,59,29,26,60,45
"ENSG00000185115",184,245,220,349,425,336,285,181,101,164,335
"ENSG00000185122",363.99999,367.00001,329,1067,1168,1046,1048,488,422,651,836
"ENSG00000185127",196,206,164,335,232,324,376,382,350,615,502
"ENSG00000185129",265,268,300.99999,153,135,157,119,159,115,146,133
"ENSG00000185133",48,78.99999,45.99999,184,257,218,187,277,225,297,233
"ENSG00000185158",195,234.00001,195,148,138,96,168,211,150,201,172
"ENSG00000185163",104,88,71,115,117,114,108,183,130,143,161
"ENSG00000185164",131,83,69,2316,2153,2142,2385,1441,1259,2507,2382
"ENSG00000185187",88.99999,88,191,236,302,242,219,165,135,107,100
"ENSG00000185189",224.99999,260,209,342,399,405,251,308,217,254,302
"ENSG00000185201",799.00001,1772,1277,2137,1741,1501,2113,3324,3420,3355,3353
"ENSG00000185219",347.99999,328,346,878,673,896,946,731,979,1456,1145
"ENSG00000185220",56,49,52,25,29,58,38,111,95,111,117
"ENSG00000185222",1036,794.99999,1217,2578,1694,1980,2033,2398,2186,1941,2014
"ENSG00000185236",660,731,662,1984,2223,1968,2184,1633,2062,2039,1860
"ENSG00000185238",164,240.99999,166,189,156,163,150,334,308,313,385
"ENSG00000185246",478,591,710,771,473,571,628,656,705,559,585
"ENSG00000185250",163,250,247,137,150,126,144,149,153,116,144
"ENSG00000185252",171,186,180.00001,912,966,924,1170,708,836,1090,1044
"ENSG00000185261",124.00001,185,289,54,18,37,33,146,137,104,144
"ENSG00000185262",249,336,321,57,59,62,69,53,42,32,35
"ENSG00000185267",58,24,34,19,12,16,22,42,42,35,33
"ENSG00000185272",40,68,40,144,118,131,129,84,76,58,75
"ENSG00000185274",17,29.00001,15.00001,111,155,111,153,96,71,176,96
"ENSG00000185278",187,142,171,404,283,392,338,341,298,413,393
"ENSG00000185298",165,133,155,181,220,225,199,429,376,411,349
"ENSG00000185305",161,249,237,596,352,448,512,521,587,596,583
"ENSG00000185324",201,279,210,1158,1165,1093,1159,1383,1248,1304,1090
"ENSG00000185339",192,149.00001,188.99999,651,826,719,816,1089,1570,1956,1687
"ENSG00000185340",28,20,29,28,26,34,31,21,19,33,52
"ENSG00000185344",188,177,211,140,130,145,100,121,110,157,203
"ENSG00000185345",265,570,320,283,222,258,306,319,373,428,401
"ENSG00000185347",24,39,44.99999,105,101,74,96,105,114,145,123
"ENSG00000185352",27,20,11,106,89,105,68,131,121,144,117
"ENSG00000185359",457,492,510.00001,2285,2496,2448,2565,2538,2556,3049,2705
"ENSG00000185361",64,91,66,176,182,206,258,89,169,222,220
"ENSG00000185379",101.99999,229,182.99999,208,262,228,269,358,405,482,499
"ENSG00000185386",40,60,36,43,46,54,59,25,28,37,55
"ENSG00000185414",251,299,281,956,577,663,875,607,678,731,791
"ENSG00000185418",471,729,548,335,328,358,281,210,208,393,378
"ENSG00000185420",519.00001,638,990,856,927,816,982,1000,1108,932,1123
"ENSG00000185432",74.00001,55,53,352,406,220,602,325,712,692,708
"ENSG00000185436",27,22,16,81,71,59,82,79,37,75,84
"ENSG00000185437",130.99999,40,45,86,115,82,92,213,164,172,153
"ENSG00000185442",58,59,92,52,91,77,93,187,189,151,160
"ENSG00000185453",123,148,122,38,32,29,50,21,27,42,29
"ENSG00000185475",229,253,278,960,1037,827,1080,1782,1731,1407,1468
"ENSG00000185477",144,94,97,527,489,495,522,522,406,632,639
"ENSG00000185480",74,221.99999,119,309,251,229,261,229,246,168,204
"ENSG00000185483",69,78,55,144,141,154,182,229,174,184,215
"ENSG00000185499",42.99999,41.00001,34,26,25,13,23,23,22,26,13
"ENSG00000185504",244,234,232,1186,1349,1410,1254,1470,1462,2170,2256
"ENSG00000185507",57,73,54.00001,132,169,175,234,243,351,478,311
"ENSG00000185513",260,347.99999,296,571,481,384,471,661,581,634,640
"ENSG00000185515",226.00001,383.99999,324.00001,311,228,321,219,485,524,599,578
"ENSG00000185518",299,201,227,527,479,625,514,755,883,1529,1237
"ENSG00000185519",47,85,73,113,140,147,114,94,100,105,128
"ENSG00000185527",28,15,28,23,30,15,15,43,48,49,40
"ENSG00000185532",239,186,307,158,129,141,188,281,422,373,401
"ENSG00000185551",323,458,408,197,302,216,186,198,121,235,205
"ENSG00000185559",1113,749,768.99999,2845,3759,3400,3309,1322,654,1788,1813
"ENSG00000185561",95,119,74,165,140,191,219,149,166,277,225
"ENSG00000185565",692,500,522,1618,1700,1478,1941,1009,960,1404,1160
"ENSG00000185567",207,138.99999,133.99999,129,104,84,102,131,164,235,206
"ENSG00000185585",15,16,12,22,38,39,46,35,50,100,53
"ENSG00000185591",362,341.99999,288.00001,1724,1517,1473,1781,1289,1587,1663,1582
"ENSG00000185608",262,290,284,567,677,585,636,1228,926,854,948
"ENSG00000185615",34,30.00001,23,44,35,50,19,23,18,16,9
"ENSG00000185619",633.99999,574,503,775,731,778,826,949,802,970,939
"ENSG00000185621",130,119,125,146,117,139,105,252,195,241,273
"ENSG00000185624",1081.99999,1445,1236.99999,6305,7199,5924,8222,6211,5334,7434,7867
"ENSG00000185627",500.00002,599.00002,541,2891,3207,2744,3407,4854,3956,3005,3358
"ENSG00000185630",2827.00001,3342,2456.00001,2400,2197,2250,2252,3308,2973,2998,3225
"ENSG00000185633",125,147,251,43,34,54,31,89,47,63,36
"ENSG00000185634",52,21,21,55,61,62,62,71,82,57,86
"ENSG00000185650",2812,4143,3312,9976,10401,9463,11469,12720,13840,11662,11935
"ENSG00000185651",805.00001,643,486,3247,2942,2896,3537,3151,3282,3165,3248
"ENSG00000185652",35,33,38,62,79,67,86,128,136,87,108
"ENSG00000185658",2162.99999,1737.99999,2221,978,746,854,711,736,608,794,880
"ENSG00000185664",1035,1010.99999,2831,22494,30200,24407,41562,13267,19572,22738,17754
"ENSG00000185666",72,28,18,590,616,620,659,215,245,481,420
"ENSG00000185668",160,423,339,133,143,122,183,110,123,84,92
"ENSG00000185669",31,23,26,15,7,20,25,13,24,48,34
"ENSG00000185670",68,61,69,97,146,123,120,109,129,244,173
"ENSG00000185681",19,24,22,34,32,26,25,109,84,66,90
"ENSG00000185697",348.99999,359.00001,423.00001,425,257,343,255,425,318,348,404
"ENSG00000185716",180,179,192,53,49,80,46,72,56,57,50
"ENSG00000185721",458,477,385,2841,2644,2274,3273,2501,2445,1959,2242
"ENSG00000185722",528,674,681,713,745,790,758,1335,1602,2296,2012
"ENSG00000185728",706.99999,1038.99999,1147,1871,1259,1517,1817,1608,2065,2236,1981
"ENSG00000185730",136,111,110,138,166,190,123,122,143,174,212
"ENSG00000185736",97,47,114,51,37,46,44,81,63,37,58
"ENSG00000185737",272.99999,69,108.99999,91,91,64,81,37,32,52,30
"ENSG00000185745",80,57,39,297,283,247,451,434,492,534,505
"ENSG00000185753",94,146,100,413,383,407,492,317,307,400,411
"ENSG00000185774",62,101,191,292,309,226,340,347,231,312,269
"ENSG00000185787",1605,2109.99999,1837.99999,10807,9317,9415,10782,11959,11165,9482,10912
"ENSG00000185798",53,49,39,67,85,70,78,159,111,153,167
"ENSG00000185800",206,167,180,130,140,137,137,117,90,127,130
"ENSG00000185803",59.00001,102.99999,55.00001,413,586,464,500,516,470,791,697
"ENSG00000185808",305,269.00001,256.00001,254,187,258,190,416,331,264,321
"ENSG00000185813",65,76.99999,50,248,320,254,227,161,111,208,342
"ENSG00000185818",91,132,81,71,106,81,54,52,86,121,72
"ENSG00000185825",523,555.00001,574,2266,2966,2266,2884,3175,2902,2720,2811
"ENSG00000185829",153,199.99999,194,511,437,439,410,671,489,602,599
"ENSG00000185838",23,122,48,87,109,136,91,202,161,124,155
"ENSG00000185842",1512,1725,1666.99999,411,266,319,342,328,247,214,266
"ENSG00000185864",7,29,10,105,43,85,91,79,33,133,67
"ENSG00000185869",79,81,30,26,14,19,14,24,19,30,18
"ENSG00000185875",82,68,120,134,122,192,174,361,337,425,385
"ENSG00000185880",201,198,219,1055,966,1016,1000,1235,1420,1377,1431
"ENSG00000185883",1499,1587,1340,1396,1485,1277,1490,1073,1097,1103,1160
"ENSG00000185885",1113.00001,1611,852.99999,6019,4712,4729,6747,7571,8899,12109,8146
"ENSG00000185896",329,328,292,151,142,132,132,159,138,166,169
"ENSG00000185900",504.00001,469.00001,398,1759,1399,1654,2084,1163,1718,2132,1772
"ENSG00000185909",301,393,373,2565,2663,2433,3361,2332,3167,2814,3061
"ENSG00000185917",194,234,195.99999,349,311,291,408,483,476,580,464
"ENSG00000185920",635.99999,310.99999,323.99999,368,376,423,461,474,431,632,524
"ENSG00000185924",74,70,58,115,172,158,93,131,139,138,179
"ENSG00000185942",502.99999,404,234,1155,931,997,1090,785,645,1126,1073
"ENSG00000185946",458,368,427.00001,428,296,325,310,509,371,355,430
"ENSG00000185947",49,88,56,121,100,91,140,179,168,162,203
"ENSG00000185950",261,238,176,332,357,294,281,236,263,380,334
"ENSG00000185963",234,232,255,1174,1142,1271,1128,695,522,1007,1254
"ENSG00000185973",269,162,161.99999,523,490,503,540,586,637,552,617
"ENSG00000185988",26,26,32,16,31,17,21,28,41,33,18
"ENSG00000185989",130,141,115,200,194,226,228,170,159,288,338
"ENSG00000186001",1475.99999,1284.99999,1310,556,415,572,445,1002,927,1447,1146
"ENSG00000186007",202.00001,107,224.00001,79,149,92,112,136,99,153,147
"ENSG00000186010",1833.99999,2006,2012,4894,6698,4877,5480,8111,6155,4788,5596
"ENSG00000186017",303,380,369,326,221,217,314,278,295,335,307
"ENSG00000186020",301,470,423.99999,327,189,258,351,283,317,350,299
"ENSG00000186026",49,66,73,94,58,98,102,138,169,207,170
"ENSG00000186063",219,227,317,1386,910,1079,1130,686,836,804,742
"ENSG00000186073",245,276,284,439,370,401,458,439,558,529,392
"ENSG00000186088",134.99999,44,75.00001,21,12,15,5,36,21,48,32
"ENSG00000186104",142,188,155.99999,174,225,180,200,242,256,212,243
"ENSG00000186106",310,386.99999,429.00001,1566,1209,1383,1485,1652,1621,1269,1492
"ENSG00000186111",532,412,404,418,532,428,459,519,374,755,952
"ENSG00000186130",69,102,106,153,115,108,137,148,198,255,186
"ENSG00000186132",110,198,149,121,102,105,83,228,183,156,134
"ENSG00000186141",238.00002,303.99999,286.99999,799,670,753,696,1002,1037,1210,1045
"ENSG00000186153",486.99999,522,421,1076,1026,858,1234,1057,1202,1072,1241
"ENSG00000186166",235.00001,250.00001,263,185,151,146,186,384,279,243,274
"ENSG00000186174",254,229,271,130,183,130,224,149,193,202,165
"ENSG00000186184",637,849.99999,671.00001,2546,2364,2094,2530,1927,1696,1435,1466
"ENSG00000186185",58,83,80,210,173,231,242,200,263,335,189
"ENSG00000186187",272,266,185.00001,166,234,207,211,200,152,198,213
"ENSG00000186193",75,114,49,83,77,64,47,49,46,61,53
"ENSG00000186197",14,22,16,35,21,46,50,88,107,45,89
"ENSG00000186205",102,102.00001,87.00001,45,45,71,25,36,39,24,54
"ENSG00000186222",173,174,191,27,28,28,22,51,25,34,42
"ENSG00000186230",111,100,64,119,135,143,148,169,183,157,234
"ENSG00000186231",41,104,43,106,108,129,156,106,173,104,127
"ENSG00000186260",568.00001,640.00001,422.99999,536,453,452,623,587,763,1396,1058
"ENSG00000186272",67,63,55,201,130,197,170,258,274,330,266
"ENSG00000186280",37,43,35,51,72,56,64,83,157,131,129
"ENSG00000186283",116,99,101,441,554,497,510,641,512,698,852
"ENSG00000186298",922,948,954,6616,4701,4811,5514,2963,2907,3188,3452
"ENSG00000186300",110,143,136,630,428,517,563,555,530,653,654
"ENSG00000186310",277,285,250,3275,2655,2537,3542,2305,2269,2688,2590
"ENSG00000186314",532.00001,918.99999,674.99999,711,512,494,593,666,569,594,652
"ENSG00000186318",427.00001,415.99999,501,628,642,627,622,700,582,685,729
"ENSG00000186340",33,30,80,178,204,241,306,124,135,547,251
"ENSG00000186350",242,259,247,231,227,184,213,251,217,239,242
"ENSG00000186352",252,452,341,467,402,382,623,611,1011,908,717
"ENSG00000186364",21,23.00001,20,146,179,155,209,156,157,174,126
"ENSG00000186367",12,25,14,48,21,41,21,28,25,25,26
"ENSG00000186376",91,95,95,239,233,215,289,299,319,480,371
"ENSG00000186395",761.99999,827,758,507,578,497,370,460,195,211,396
"ENSG00000186409",317,546.99999,241.99999,287,308,232,290,334,323,265,355
"ENSG00000186416",123,113,106,256,157,170,139,189,131,178,178
"ENSG00000186432",896,949.00001,939,1979,1394,1698,1775,2007,1446,1456,1671
"ENSG00000186448",281.00001,327,228,431,297,390,480,491,703,737,680
"ENSG00000186453",20,53,38,19,32,11,17,24,30,21,24
"ENSG00000186462",53,64,61,160,111,146,134,162,132,109,107
"ENSG00000186468",10730.00002,18679,15232,17073,16604,14197,16357,13873,12487,8593,10819
"ENSG00000186469",310,274.00001,196,3552,3357,3168,3916,2217,2137,2938,2522
"ENSG00000186470",85,121.99999,106.00001,273,273,289,281,469,462,556,493
"ENSG00000186472",467,442,347,1317,1305,1268,1409,1262,789,1430,1378
"ENSG00000186479",21,14,20,149,130,192,168,59,48,92,119
"ENSG00000186480",164.99999,295,209,5323,4593,4350,4956,1089,1302,1487,1811
"ENSG00000186487",234,79,276.99999,234,331,269,295,158,104,201,223
"ENSG00000186496",24,22,29.00001,40,37,47,34,84,73,108,115
"ENSG00000186501",234,247,217.00002,1434,1526,1406,1865,1566,1603,1747,1638
"ENSG00000186517",40,59,44,78,60,60,71,63,102,113,87
"ENSG00000186522",429.99999,488.99999,421.99999,746,505,603,594,704,744,632,659
"ENSG00000186523",12,20.00002,23.00002,105,96,93,90,145,106,170,169
"ENSG00000186532",134,152,124,311,281,295,365,399,398,545,460
"ENSG00000186566",878.99999,984.99999,841.99999,1025,1166,946,1242,1482,1360,1677,1678
"ENSG00000186567",47.99999,42,29,30,30,22,53,15,40,30,40
"ENSG00000186575",812.00001,626,596,1046,1142,1135,1330,1370,1288,2003,1767
"ENSG00000186577",206.99999,294.99999,174,1098,1194,1143,1330,1321,1142,1145,1121
"ENSG00000186591",684,965,742.00001,1207,1121,1162,1060,1079,940,998,1139
"ENSG00000186625",363,244,221.99999,369,315,288,430,494,449,497,465
"ENSG00000186628",73,36,56,19,1,20,27,33,30,26,16
"ENSG00000186635",189,210,234.00002,723,944,847,1077,1065,1203,1724,1513
"ENSG00000186638",84,137,89,143,147,138,119,200,250,253,269
"ENSG00000186642",7,67,25,149,155,153,137,104,108,106,125
"ENSG00000186648",58,98,100.99999,118,137,159,100,86,113,99,102
"ENSG00000186654",136.99999,107.99999,141,228,228,204,206,250,180,273,282
"ENSG00000186660",525,549,417,658,502,582,607,618,530,683,697
"ENSG00000186665",187.00001,261,230,338,311,288,280,224,178,203,257
"ENSG00000186666",85,84,71,101,76,103,108,222,196,240,213
"ENSG00000186684",89,50,56,112,91,86,77,85,87,84,83
"ENSG00000186687",229,275,282,479,301,374,280,581,444,434,432
"ENSG00000186716",197.00001,180,192,331,426,352,439,448,329,427,518
"ENSG00000186732",64,84.99999,52,115,102,165,114,83,54,132,97
"ENSG00000186767",115,170,130,898,685,747,871,615,644,597,550
"ENSG00000186787",96,120,121.00001,438,375,326,470,305,387,317,303
"ENSG00000186792",23,16,26,120,146,95,103,256,222,232,253
"ENSG00000186806",109,62,68,305,317,255,380,337,327,283,310
"ENSG00000186812",439.99999,535,462,573,575,556,638,674,737,678,726
"ENSG00000186814",225,183.99999,208,365,392,403,427,521,632,832,637
"ENSG00000186815",169.99999,175,184,128,166,170,126,134,130,174,236
"ENSG00000186834",278,286,319,498,358,399,418,331,298,454,343
"ENSG00000186854",11.99999,40,10,20,15,19,12,16,12,36,21
"ENSG00000186862",88,57,30.00001,248,232,248,170,110,109,113,81
"ENSG00000186866",220,206.99999,165.99999,230,325,267,246,188,208,258,199
"ENSG00000186868",505.00001,541,417,2402,3264,2628,3067,1324,1186,1786,1453
"ENSG00000186871",91,118,51,77,52,55,84,76,93,115,98
"ENSG00000186889",47,43,35,131,117,162,109,217,226,195,235
"ENSG00000186908",654,683.00001,545,1998,1395,1617,1812,1203,1618,1630,1586
"ENSG00000186918",761,884,812,878,811,746,876,831,1260,1317,1192
"ENSG00000186951",131,184,148,128,117,120,183,122,165,214,179
"ENSG00000186952",203,178.00001,174.99999,18,33,30,29,67,84,88,79
"ENSG00000186973",221,124,329,58,55,34,40,83,61,38,50
"ENSG00000186976",140,151,135,77,55,80,84,122,146,131,130
"ENSG00000186998",46,60,53,66,83,70,86,55,47,93,92
"ENSG00000187010",117,107,25,34,15,30,26,25,21,28,22
"ENSG00000187017",433,616.99998,551.00001,16,10,23,10,33,27,15,19
"ENSG00000187024",50,70,60.00001,108,144,113,133,262,162,260,262
"ENSG00000187033",96,22,15,10,21,7,10,47,58,125,94
"ENSG00000187049",188,190.00001,229,344,415,388,445,558,535,465,465
"ENSG00000187051",405,432.00001,432,902,1090,947,1080,1178,821,974,876
"ENSG00000187068",21,33,34,81,116,116,57,99,116,205,152
"ENSG00000187079",885,1736,607,1017,894,894,888,876,830,1067,1082
"ENSG00000187091",142,185,192,699,673,661,961,586,669,946,719
"ENSG00000187094",18,15,8,25,34,33,19,114,102,33,115
"ENSG00000187097",93,131,98,142,159,156,179,223,227,252,255
"ENSG00000187098",299,294.00001,1019,965,1149,751,1515,1002,1026,1077,978
"ENSG00000187109",6465.00001,9546.00002,9304.00001,9579,7019,7389,7255,6851,5940,4074,5092
"ENSG00000187118",465,506,512,432,367,323,277,616,513,304,402
"ENSG00000187122",337,528,288,3967,3962,3879,4073,1268,1706,3164,2920
"ENSG00000187123",213.00001,118,60,229,209,204,210,352,302,317,396
"ENSG00000187134",62,56,39,958,939,1009,1100,856,713,740,633
"ENSG00000187135",127,106,162,33,21,23,19,49,27,29,26
"ENSG00000187147",268.00001,264,258,346,541,514,401,364,344,410,466
"ENSG00000187164",346,511.00001,339.99999,1510,1180,1242,1504,1260,1366,1533,1294
"ENSG00000187186",131.99999,130,74,127,190,168,195,186,123,157,109
"ENSG00000187187",403,261,400,100,69,108,74,210,204,267,189
"ENSG00000187189",498,510,412,1808,1646,1528,1957,1318,1685,1816,1745
"ENSG00000187193",161,73,98,75,50,53,67,285,144,99,173
"ENSG00000187210",18,8,10,25,69,46,50,16,24,43,49
"ENSG00000187231",520,524,543,778,662,764,718,715,604,642,674
"ENSG00000187239",737,953.99999,863,837,792,731,915,573,677,888,819
"ENSG00000187240",1347.99999,1171,1332.00001,598,365,491,486,568,529,622,602
"ENSG00000187243",9,15,21,1277,2242,1508,1457,1505,1331,1583,1549
"ENSG00000187244",131,120,114,234,287,192,303,196,204,208,164
"ENSG00000187257",726,820,679,603,431,480,503,671,638,652,653
"ENSG00000187260",138,163.99999,96,522,658,582,505,80,64,193,335
"ENSG00000187266",99,122,107,203,227,253,319,301,340,412,280
"ENSG00000187323",238,264,118,1640,1298,1497,1426,446,433,738,579
"ENSG00000187325",264,433,302,1573,928,1124,1186,1440,1442,1234,1389
"ENSG00000187372",64,8,31,59,31,34,31,44,19,66,56
"ENSG00000187391",1396,1469.00001,1081.99999,526,381,504,550,455,386,608,573
"ENSG00000187398",59.99999,109,118.99999,251,175,205,226,346,373,264,354
"ENSG00000187416",35,21,36,148,129,107,142,195,311,226,238
"ENSG00000187446",267,284,261,1686,1460,1397,1660,1199,1353,1230,1284
"ENSG00000187479",35,64,40,26,17,21,12,24,13,21,9
"ENSG00000187486",15.99999,23,16,47,46,61,65,47,35,46,40
"ENSG00000187498",241,176,106,1297,1126,1158,1409,872,922,2068,1778
"ENSG00000187514",2700,4393.99999,3250,23053,20075,19016,21693,20625,16472,12190,15015
"ENSG00000187522",134,167,140,216,172,179,188,428,372,287,341
"ENSG00000187531",65,87,80,101,94,109,109,153,110,202,162
"ENSG00000187535",332.99999,343,398.99999,942,1093,1082,1176,1189,1565,1912,1956
"ENSG00000187554",13,39,16,10,27,24,54,22,31,35,27
"ENSG00000187555",890,1010,766.99999,662,638,731,621,924,880,862,860
"ENSG00000187595",83,53,53.00001,370,379,371,443,477,566,561,548
"ENSG00000187601",447,551,549,1530,1744,1501,1854,2082,1882,1997,2026
"ENSG00000187605",442,426,510.00001,385,396,422,494,424,422,568,565
"ENSG00000187607",437,462,458.00001,958,796,873,893,953,833,972,867
"ENSG00000187608",53,69,99,108,143,149,160,181,143,114,121
"ENSG00000187609",261,271,250,453,531,457,512,448,405,413,441
"ENSG00000187624",48,58,35,22,11,18,27,39,31,23,30
"ENSG00000187626",69,132,35,125,119,164,202,223,249,267,232
"ENSG00000187630",46,41,60,164,155,148,159,193,248,213,226
"ENSG00000187634",186,319.99999,265,56,75,107,46,68,77,72,74
"ENSG00000187650",11,9,18,35,39,31,43,31,16,77,88
"ENSG00000187672",732.99999,675.99999,751,637,494,501,511,414,515,432,527
"ENSG00000187676",141,169,194,224,237,304,166,272,348,362,598
"ENSG00000187678",131,153,77,114,139,111,168,154,120,183,156
"ENSG00000187688",8,14,25,49,30,68,57,169,129,190,121
"ENSG00000187699",326,270,257,50,36,54,29,39,27,65,38
"ENSG00000187713",264,241,186,103,188,117,102,134,110,107,212
"ENSG00000187720",35,38,32,489,449,702,703,91,89,436,137
"ENSG00000187735",632,625.99999,529.99999,4024,3181,3234,3607,4271,3300,3003,3202
"ENSG00000187736",99,144.00001,111.99999,509,480,494,675,551,485,450,405
"ENSG00000187741",674,650,570.00001,316,276,268,282,406,559,514,492
"ENSG00000187742",638,807.99999,777,1432,1173,1236,1221,1581,1368,1332,1308
"ENSG00000187764",354,296,186.99999,286,314,289,252,340,272,287,323
"ENSG00000187772",38,42,16,74,57,59,103,31,18,42,33
"ENSG00000187773",57,56,143,133,134,122,125,226,285,230,221
"ENSG00000187775",60,86,67,29,40,15,21,22,30,30,25
"ENSG00000187778",268,342.00001,274,1291,1473,1187,1390,1702,1632,1556,1618
"ENSG00000187790",450.00001,175.99998,216,283,149,148,136,249,244,255,236
"ENSG00000187792",188,138,138,59,67,80,80,103,78,118,158
"ENSG00000187801",29,22,37,83,68,83,56,135,106,137,134
"ENSG00000187815",56,80,66,78,51,65,59,75,50,80,123
"ENSG00000187824",68,212,114,34,34,31,20,58,66,34,58
"ENSG00000187837",293,390,434,5232,4816,3585,4527,1847,1290,703,993
"ENSG00000187838",163,154.00001,91.99999,350,357,265,360,517,510,647,639
"ENSG00000187840",243,450,291,1767,1755,1657,1791,1749,1254,1170,1067
"ENSG00000187860",53,122,88.99999,348,397,316,431,406,460,380,422
"ENSG00000187866",229,208,181,603,499,477,543,584,668,671,723
"ENSG00000187867",8.00001,24,20,19,27,11,20,10,7,2,8
"ENSG00000187889",26,53,61,24,24,16,38,56,36,40,58
"ENSG00000187902",37,87,53,81,69,78,74,55,37,30,36
"ENSG00000187954",120,123.00001,119.00001,137,193,136,151,181,167,140,134
"ENSG00000187955",25,50,21,32,67,47,77,55,67,134,56
"ENSG00000187957",235,197,149,1668,1529,1332,1538,1194,872,1051,953
"ENSG00000187961",46,48,35,72,56,79,72,70,44,54,36
"ENSG00000187980",10,12,8,35,26,22,23,31,30,22,26
"ENSG00000187987",179,144,136,79,63,83,96,108,135,168,131
"ENSG00000188010",246,264,267.99999,624,541,592,582,1036,940,713,810
"ENSG00000188021",411,421,311,2893,2145,2333,3038,1681,1850,2534,2793
"ENSG00000188026",362,469,324,86,82,89,82,87,68,70,66
"ENSG00000188033",100,114,107,129,155,184,215,277,409,443,400
"ENSG00000188038",42,16,23,59,51,42,45,117,75,45,66
"ENSG00000188042",430,667,510,1559,1631,1547,1545,1345,1127,1479,1363
"ENSG00000188051",44,60,54,18,31,22,13,44,25,37,30
"ENSG00000188070",302,360,281,248,232,213,237,245,154,182,194
"ENSG00000188092",197,193,129,179,181,163,171,330,350,335,389
"ENSG00000188095",10,8,14,9,5,2,11,6,25,21,22
"ENSG00000188107",560,1926.99999,1878,149,118,111,104,344,254,364,349
"ENSG00000188112",19,24,22,25,11,27,21,24,20,44,30
"ENSG00000188130",187.99998,224,102.00001,211,285,174,134,271,183,185,187
"ENSG00000188153",1473,1491,1231,3060,2785,2539,3608,2453,3488,4104,3920
"ENSG00000188157",313,366.00001,331,372,538,446,473,263,278,408,306
"ENSG00000188158",261,623,651,205,118,163,125,217,143,297,235
"ENSG00000188167",46,61,49,87,61,91,133,144,57,140,103
"ENSG00000188171",181,295,214,194,163,194,178,329,297,353,301
"ENSG00000188176",27,31,27,38,36,47,46,73,64,82,90
"ENSG00000188177",391,637,590,433,286,432,356,351,365,388,363
"ENSG00000188186",622,680,624,2538,3163,2406,2704,4092,3207,2406,3157
"ENSG00000188191",142,137,162,231,338,260,285,289,265,320,297
"ENSG00000188211",22,30,20,166,133,166,167,97,149,250,184
"ENSG00000188215",158,131,141,221,217,252,210,315,352,511,389
"ENSG00000188227",294,269.00001,229,223,190,203,208,224,208,289,255
"ENSG00000188229",2994,3849,3419,5905,6671,6360,7534,11576,10911,10801,10375
"ENSG00000188234",80,46,59,114,124,112,119,176,168,138,136
"ENSG00000188243",1827,2755,2349,2996,3114,2796,3020,3626,2714,1874,2538
"ENSG00000188266",27.99999,64,41,111,78,57,85,74,94,112,107
"ENSG00000188283",143,127,147,138,120,135,164,143,168,194,175
"ENSG00000188290",814,1583.99999,1230.99999,51,62,56,65,34,20,29,24
"ENSG00000188295",110,99,97,219,206,252,229,305,303,443,359
"ENSG00000188312",134,126,72,137,77,116,140,272,284,235,182
"ENSG00000188313",52,49,108,114,84,89,143,234,203,246,197
"ENSG00000188315",69,55,70,60,67,42,42,71,75,59,96
"ENSG00000188316",64,36,42,13,20,40,34,48,61,85,69
"ENSG00000188322",579,599,398,789,926,918,783,529,394,444,436
"ENSG00000188338",261,148,154,612,512,630,551,1488,1240,1486,1526
"ENSG00000188342",342,423,414,760,631,672,676,846,681,553,668
"ENSG00000188343",528.00002,508,427.99999,1215,808,907,1045,899,781,587,695
"ENSG00000188352",772,792,857,1587,1274,1278,1493,1344,1615,1876,1726
"ENSG00000188368",13,11,8,37,34,27,53,50,38,56,44
"ENSG00000188385",125,221,40,52,89,57,40,19,38,50,52
"ENSG00000188419",200.00001,336,488,234,195,217,258,437,555,521,479
"ENSG00000188428",191,187,173,428,338,430,521,627,613,578,622
"ENSG00000188452",237,562.00001,424,340,225,308,259,477,586,433,481
"ENSG00000188467",55,41,81,87,125,81,157,158,205,121,167
"ENSG00000188483",297,394,300,94,101,123,94,96,86,65,83
"ENSG00000188486",298,333,300,200,292,217,163,149,88,143,218
"ENSG00000188493",132,121,82.99999,509,568,564,735,617,637,679,680
"ENSG00000188501",74,23,25,27,6,9,11,27,21,14,28
"ENSG00000188505",140,61,147,1050,1291,1073,1631,508,487,938,1328
"ENSG00000188517",1669.99999,2172.99999,1542,1073,734,909,1094,524,615,642,632
"ENSG00000188529",1000,1278.99999,1135,3288,2202,2683,2742,3559,3556,2509,2790
"ENSG00000188542",57,60,57.99999,143,119,132,117,132,105,119,171
"ENSG00000188549",19,14,17,38,43,29,53,116,131,159,120
"ENSG00000188554",566.99999,692,649.00001,2847,2553,2422,3369,2778,3728,4541,3725
"ENSG00000188559",514,691,575,226,212,217,192,346,281,333,394
"ENSG00000188566",61,66,78,141,140,177,130,249,223,264,252
"ENSG00000188573",68,82,59,76,96,78,67,42,23,34,22
"ENSG00000188580",25,64,24,94,118,79,103,89,104,100,97
"ENSG00000188582",25,25,42,28,26,32,30,5,14,30,26
"ENSG00000188596",99,111,93,110,62,76,47,92,74,103,79
"ENSG00000188603",276.99999,202.00001,187.00001,388,430,329,462,567,599,681,664
"ENSG00000188611",119,124,41,1003,485,466,645,453,541,651,555
"ENSG00000188612",2460,3746,3431,10371,7868,8206,9080,9757,8168,6544,7477
"ENSG00000188613",304,297,423,53,62,66,62,173,104,62,145
"ENSG00000188636",265,307,268,1467,1591,1601,1659,1441,1733,2368,2100
"ENSG00000188641",195,216,174,656,473,607,706,859,982,940,938
"ENSG00000188643",157,32,109,285,338,285,404,981,1046,839,1007
"ENSG00000188647",743,691,634,1444,685,982,933,811,903,861,870
"ENSG00000188659",57,50,54,64,38,35,45,81,77,65,65
"ENSG00000188672",23,45,70,26,27,26,12,11,5,15,30
"ENSG00000188677",25,26,36,22,13,25,13,12,21,25,18
"ENSG00000188687",947.99999,420.99999,1062,408,345,438,455,388,499,506,726
"ENSG00000188690",448.00001,286.99999,295,1183,1333,1066,1220,2121,1653,2080,1881
"ENSG00000188706",196,230,315,3065,3102,2965,3872,2018,2117,2593,2240
"ENSG00000188725",286,325,296,1314,949,1043,1151,1296,1386,1215,1222
"ENSG00000188730",29,26,22,24,24,20,20,49,21,32,45
"ENSG00000188732",180.99999,337,172.00001,289,267,279,333,400,357,283,319
"ENSG00000188735",188,189,160,197,163,207,142,144,108,224,236
"ENSG00000188738",463,993.99999,638.00001,205,147,207,129,298,155,246,238
"ENSG00000188739",28,63,75,363,369,284,381,578,373,448,399
"ENSG00000188747",44,25.00001,63,16,30,15,14,16,8,23,20
"ENSG00000188760",83,119,85,108,133,148,167,146,178,304,223
"ENSG00000188766",139,134.00001,104,32,39,26,33,33,30,40,27
"ENSG00000188770",13,14,15,146,100,134,128,703,1363,204,1486
"ENSG00000188783",39,27,49,436,328,338,547,491,852,564,927
"ENSG00000188785",111,144,169.99999,316,249,274,364,399,552,657,545
"ENSG00000188786",140,134,110,186,229,252,267,226,270,404,321
"ENSG00000188803",32,21.00001,8.00001,33,43,57,12,9,8,16,9
"ENSG00000188807",183,173,186.00001,151,203,162,136,232,187,270,269
"ENSG00000188811",355.99999,496.99999,444.00001,398,252,316,277,502,547,501,478
"ENSG00000188818",212,82,148.99999,219,159,176,197,155,168,180,137
"ENSG00000188827",53,74,47.99999,84,112,108,73,73,124,149,106
"ENSG00000188846",1987.00001,2178,1761,7870,8215,6820,8813,7360,6050,4458,5714
"ENSG00000188848",16,27,14,63,52,74,49,48,35,50,43
"ENSG00000188859",36,42,41,39,46,13,25,90,81,43,74
"ENSG00000188868",53,43,73,50,54,65,69,204,254,233,194
"ENSG00000188878",99,71,60,112,147,141,156,229,286,322,280
"ENSG00000188895",828,815,767.00001,986,860,880,921,705,607,616,701
"ENSG00000188897",52,42.99999,44.99999,28,30,33,29,38,22,56,60
"ENSG00000188906",49,113,74,22,7,16,24,16,8,12,18
"ENSG00000188916",84,43.99999,62,30,34,29,39,70,46,48,77
"ENSG00000188917",158,118,75,301,205,217,310,221,410,500,435
"ENSG00000188921",39,51,41,6,5,3,1,30,24,17,21
"ENSG00000188938",327,319.00001,348,873,829,883,814,1022,899,1382,1575
"ENSG00000188976",222,285.00001,215,2050,2177,2139,2528,2082,2414,2935,2527
"ENSG00000188986",282,330,275,183,295,243,216,178,124,192,276
"ENSG00000188994",2522,2954.00001,2559,2859,2030,2723,2762,3683,4288,5119,4670
"ENSG00000188997",29,41,22,89,129,76,89,203,155,245,209
"ENSG00000189007",66,89,88,156,101,156,114,114,100,87,98
"ENSG00000189042",220,208,103,145,110,133,157,255,241,208,242
"ENSG00000189043",2629,3001,2347,8380,8393,7768,8640,11653,9274,5792,8134
"ENSG00000189046",136,155,171,439,439,342,518,623,417,368,427
"ENSG00000189050",172,175.00001,161,213,143,160,124,391,341,262,336
"ENSG00000189056",2093.00001,1144,1162.99999,3488,2667,3093,2997,2164,2329,2263,3496
"ENSG00000189057",239,179,189.00001,128,73,97,86,234,154,118,216
"ENSG00000189060",1065,1459,1754,3838,3317,3128,4898,1585,2019,2251,1729
"ENSG00000189067",374.00001,347,316,2104,2349,1814,2913,2020,2320,3257,2463
"ENSG00000189077",126,134.00001,128.00001,863,1033,849,1051,774,638,564,554
"ENSG00000189079",1852,1296,1274,1620,1098,1509,1480,1556,1752,2157,1993
"ENSG00000189091",693,724,635,4210,4007,3800,4828,4490,7106,6666,6847
"ENSG00000189114",46,51,60,53,78,66,63,105,78,159,130
"ENSG00000189129",47,23,22,10,12,19,25,11,16,39,53
"ENSG00000189143",35,48.99999,23.99999,168,113,201,242,79,117,287,159
"ENSG00000189144",186,229,180.00001,222,189,247,170,299,284,341,298
"ENSG00000189157",146.99999,83,103.99999,148,153,147,163,270,248,230,261
"ENSG00000189159",1190,1516,1166.99999,6762,7004,6373,7326,6416,5008,4882,4694
"ENSG00000189164",131.00001,76,105.99999,115,94,91,128,182,236,254,231
"ENSG00000189171",284,391.99999,378,829,871,787,911,1111,815,541,721
"ENSG00000189180",649.00001,652,536,883,668,896,865,1147,1437,1279,1485
"ENSG00000189184",174,211,238,1095,912,999,1551,1191,1911,2083,2019
"ENSG00000189190",35,52,31,39,28,35,64,80,110,119,103
"ENSG00000189195",286.99998,363,287,298,238,302,249,473,413,541,486
"ENSG00000189221",348,329,382.00001,1666,1420,1454,1579,1922,2262,2096,2362
"ENSG00000189227",187,211,206,191,174,202,177,208,127,204,217
"ENSG00000189241",456,556,609,1428,1111,1296,1425,1227,1467,1636,1390
"ENSG00000189266",621,688,692,2871,1846,2173,2646,2466,2309,2092,2154
"ENSG00000189283",61,73.00001,34,52,87,62,87,91,67,77,74
"ENSG00000189298",194,189,206,108,98,125,128,254,340,329,308
"ENSG00000189306",207,345,269,867,893,861,862,1339,1374,1624,1405
"ENSG00000189308",322.00001,612,436.99999,397,209,273,456,420,486,560,406
"ENSG00000189319",99,155,107,256,303,322,353,187,286,320,301
"ENSG00000189337",389.99999,304.00001,612,174,244,251,233,228,198,339,263
"ENSG00000189339",307,273.00001,258,1801,1611,1849,2275,2201,2395,3830,3474
"ENSG00000189362",99,65,43,102,67,83,94,127,141,163,116
"ENSG00000189367",29,23,34,293,238,236,178,271,290,200,208
"ENSG00000189369",182,216,204,531,502,469,586,690,690,860,639
"ENSG00000189376",343.00001,339,278,263,183,190,289,554,371,304,334
"ENSG00000189403",1714,2530,2137.99999,13618,11589,11538,12201,13741,12439,10128,11659
"ENSG00000196072",361,405,392,856,666,776,803,912,896,789,831
"ENSG00000196081",85,67,40,182,171,143,117,153,172,181,171
"ENSG00000196083",57.00001,65.99999,91,109,76,92,98,95,104,190,100
"ENSG00000196091",17.00001,97.99998,58,91,119,143,113,28,53,90,148
"ENSG00000196092",44,131,16,67,73,82,104,26,26,93,74
"ENSG00000196104",38,50,43.99999,494,473,469,633,328,327,341,308
"ENSG00000196110",73,118,90,180,136,218,230,147,151,253,189
"ENSG00000196116",520,155,186,227,195,243,178,514,626,717,690
"ENSG00000196118",16,59,54,57,64,68,74,99,71,98,100
"ENSG00000196123",442.99999,531.00001,355.00001,1658,1813,1916,1804,989,864,1465,1461
"ENSG00000196132",319,280.00001,311,337,322,468,431,263,255,354,324
"ENSG00000196136",162,159,128,190,169,238,173,1134,1469,3171,1973
"ENSG00000196139",26,37.00001,16,175,213,192,193,545,480,425,555
"ENSG00000196141",208.00001,295.00001,399,233,287,219,315,386,257,338,333
"ENSG00000196150",420,367.00001,409.99999,434,585,477,658,820,814,738,818
"ENSG00000196151",1054,285,713,501,268,388,464,253,265,212,269
"ENSG00000196152",95,38,110,48,72,86,77,87,132,236,165
"ENSG00000196154",394.99999,235,179.99999,106,103,100,100,151,135,59,131
"ENSG00000196155",46,26.99999,59,40,8,41,25,85,75,94,86
"ENSG00000196159",263,223,201,673,507,569,724,411,556,702,786
"ENSG00000196169",22,46,39,449,284,362,291,68,64,195,168
"ENSG00000196172",123,133,136,260,165,198,173,272,245,213,216
"ENSG00000196177",139,176,155,220,156,216,185,383,565,557,529
"ENSG00000196182",303,258,258.99999,771,911,919,784,429,419,672,1011
"ENSG00000196187",122,189,132,134,175,151,162,294,280,312,243
"ENSG00000196189",34,29.99999,70,210,246,209,465,233,320,477,291
"ENSG00000196199",944,1068,1075,789,651,669,728,840,796,753,755
"ENSG00000196208",276,283,238,599,600,598,531,301,240,342,452
"ENSG00000196214",289,332,261,332,345,338,448,618,649,772,676
"ENSG00000196218",150,184.00001,219,128,99,82,104,95,51,105,80
"ENSG00000196220",984,1071,887,1699,1565,1699,1572,1280,1101,2104,2148
"ENSG00000196227",205,267,230,551,404,581,563,513,336,546,518
"ENSG00000196230",6133.99999,9159.00001,7356.00001,51084,57816,46814,57198,39242,37799,35465,36482
"ENSG00000196233",1118,1215,785.00001,1783,1412,1847,1505,1504,1372,1642,1558
"ENSG00000196235",514,549.99999,501,3277,3405,3321,4376,2505,3289,3566,3076
"ENSG00000196236",192,222,169,417,351,337,395,357,461,543,484
"ENSG00000196247",159,95,180,81,95,88,71,154,225,220,207
"ENSG00000196262",774,938.99999,858.00001,24047,25379,20818,24319,31764,26898,20365,25212
"ENSG00000196267",70,83,78,308,278,247,274,195,224,271,202
"ENSG00000196268",168.99999,244,154,199,161,154,113,227,202,204,208
"ENSG00000196275",40,81,60,97,103,105,79,88,51,99,127
"ENSG00000196277",68,49,20,25,20,15,35,16,25,27,22
"ENSG00000196284",251,293,378,339,290,330,338,307,280,200,233
"ENSG00000196290",194,178,158.99999,354,347,273,346,653,596,687,562
"ENSG00000196296",62,72,47,27,35,45,55,13,31,40,35
"ENSG00000196305",1256,1047,816.99998,3470,2718,2721,2821,3548,4437,4866,4350
"ENSG00000196313",403.99999,396,329,524,538,645,586,649,602,875,904
"ENSG00000196323",398,493.00001,510.00001,607,363,492,519,579,553,525,579
"ENSG00000196338",80.99999,62,44.99999,1212,1308,1067,1542,758,1088,1593,1230
"ENSG00000196345",159.00001,184,159,177,144,141,134,266,264,351,268
"ENSG00000196352",56.99999,95.99999,80,644,492,456,666,399,436,401,487
"ENSG00000196353",87,215,33,349,278,311,376,496,500,752,626
"ENSG00000196357",53,91,71,163,146,241,160,280,216,292,239
"ENSG00000196358",213,160,271,38,45,40,37,92,64,64,80
"ENSG00000196361",552.99999,792,578,248,251,256,233,148,119,178,101
"ENSG00000196363",225,249,212,239,281,280,230,246,237,306,368
"ENSG00000196365",489,580,675,781,1059,1049,949,886,723,1381,1557
"ENSG00000196367",1027.99999,828.00001,910.99999,637,683,616,666,790,712,904,956
"ENSG00000196368",133,242,177,1610,1175,1251,1481,838,828,872,927
"ENSG00000196369",27,33,48.99999,760,620,723,819,646,563,701,736
"ENSG00000196372",83,99,111,155,211,260,259,341,467,573,484
"ENSG00000196376",407,359,335,1371,1078,1178,1337,1145,1005,1068,1295
"ENSG00000196378",95,110,103,348,438,359,432,671,590,544,454
"ENSG00000196387",292,276.99999,213.00001,401,303,361,419,826,704,615,684
"ENSG00000196391",37,39,34,58,54,66,91,99,112,91,133
"ENSG00000196396",208,246,219,601,449,568,605,488,577,606,532
"ENSG00000196405",1057.00001,1065.99999,903,1286,1471,1312,1217,1019,784,758,755
"ENSG00000196411",136,131,98,100,84,60,103,93,124,104,97
"ENSG00000196417",139,168,196,384,347,319,456,358,420,472,395
"ENSG00000196418",330,335,300.00001,340,356,307,293,354,346,235,282
"ENSG00000196419",1310,1732.99999,1840,12798,12020,10908,13098,13357,14264,13145,13352
"ENSG00000196422",138,135,153,343,424,395,493,423,623,758,626
"ENSG00000196428",360,423,324,1126,1028,1034,965,587,475,796,769
"ENSG00000196431",14438,2342,2320,96,11,986,47,2616,125,14,1265
"ENSG00000196437",208,209,252.99999,195,136,171,189,245,289,328,309
"ENSG00000196440",467,332,349,327,294,294,344,365,333,305,274
"ENSG00000196449",95,69,64,36,29,31,25,48,28,28,14
"ENSG00000196453",83,82,70,36,35,29,36,34,35,43,38
"ENSG00000196455",272,247,251,317,326,386,437,634,828,987,951
"ENSG00000196456",165,256,221,41,68,37,53,58,48,63,46
"ENSG00000196458",237,248.99999,223,224,194,256,175,385,361,385,362
"ENSG00000196459",499.00001,471,276.00001,559,378,483,500,496,466,533,485
"ENSG00000196465",798,1058.00002,854.00002,3522,4378,3443,4373,3499,2725,2413,2525
"ENSG00000196466",25,32,48,175,131,169,214,198,233,162,211
"ENSG00000196470",339.99999,386,346,946,799,767,942,620,541,695,710
"ENSG00000196476",224,522,404,295,328,229,319,247,251,218,184
"ENSG00000196482",956,956,1388.00001,1145,1178,1179,1275,1801,1903,1818,2061
"ENSG00000196497",119,111,107,268,410,396,360,522,802,828,746
"ENSG00000196498",3126,1963.00001,2124,703,866,892,849,970,1100,1601,1345
"ENSG00000196502",128,111,98,646,571,382,593,1082,1067,911,861
"ENSG00000196504",1590.99999,2047,1458,3193,2688,2857,2880,2969,3289,3027,3118
"ENSG00000196505",356,367,395,573,428,505,567,589,697,615,632
"ENSG00000196507",717,793,570,717,891,788,907,787,757,886,825
"ENSG00000196510",299.00001,311.99999,281.99999,958,833,826,831,1584,1564,1287,1564
"ENSG00000196511",95,80,89,114,104,109,125,116,163,95,141
"ENSG00000196517",339.99999,248.00001,298,350,400,359,384,1030,1363,1004,1288
"ENSG00000196526",456,424,374,1724,1348,1553,1728,986,1026,1625,1609
"ENSG00000196531",6173,8269.99999,6760.99998,11950,12255,10654,13143,10604,8595,7374,8158
"ENSG00000196535",323,368.00001,383.00001,924,1044,953,1106,1047,1127,1542,1340
"ENSG00000196544",25,34,34,213,213,236,287,201,219,375,348
"ENSG00000196547",316.99999,275.99999,274,859,1021,887,1106,758,731,922,903
"ENSG00000196549",23,40.00002,17,35,29,15,30,29,24,30,32
"ENSG00000196557",190.99999,306.99999,187,274,346,374,282,178,125,202,244
"ENSG00000196562",281.99999,353,301,712,1014,705,732,699,663,1243,1067
"ENSG00000196569",140,117,114,221,157,191,298,179,245,503,264
"ENSG00000196576",748.00001,633.00001,612,4771,5596,5297,7088,4605,5705,8264,6267
"ENSG00000196581",116,90,184,60,50,75,48,85,50,48,75
"ENSG00000196584",74,111,85,172,108,183,181,172,296,239,226
"ENSG00000196586",1268,1729,1649,2340,1632,1945,2092,1868,1985,2000,2148
"ENSG00000196588",468,474,327,272,313,254,263,363,381,444,424
"ENSG00000196591",1592,2297,1711,10545,7289,8631,9268,6959,8213,7343,7419
"ENSG00000196597",209,435,357,35,31,21,46,87,68,56,83
"ENSG00000196605",216,160,107.00001,81,105,81,87,140,168,86,181
"ENSG00000196628",4730.99998,3516.00001,2769.00001,1372,1377,1727,1397,2124,2073,2872,2654
"ENSG00000196632",395.99999,412,395,541,408,430,486,435,401,566,487
"ENSG00000196636",240,271,304,496,358,350,443,615,459,282,388
"ENSG00000196642",739,579,545.99999,253,244,276,195,244,182,234,248
"ENSG00000196646",89,149,105,452,478,558,568,663,790,692,709
"ENSG00000196652",163,182,166,382,362,360,439,510,598,705,635
"ENSG00000196655",361,470,399,613,750,602,722,1159,933,1106,1069
"ENSG00000196659",39,66,51,77,91,106,120,279,352,477,365
"ENSG00000196660",20,19,27,59,44,24,48,22,13,57,49
"ENSG00000196663",369,338,263,307,315,305,357,542,662,830,854
"ENSG00000196670",307.99999,300,283,543,479,482,506,852,1204,1070,1149
"ENSG00000196678",97.99998,97,146.99999,199,148,182,166,241,256,317,277
"ENSG00000196683",1884.99999,2755,2859.99999,1893,1870,1735,1990,2364,2062,1530,1820
"ENSG00000196689",199.99999,199,159,129,122,143,94,217,189,199,133
"ENSG00000196693",252,398,333,423,295,328,349,582,639,558,664
"ENSG00000196700",140,118,107,39,71,72,59,79,84,130,122
"ENSG00000196704",469.00001,544.00001,501.99999,2882,2386,2471,2619,2849,2614,2394,2470
"ENSG00000196705",357.99999,321,336.99999,417,176,279,365,426,410,318,389
"ENSG00000196712",1795.00001,1468,1658,736,661,712,616,965,538,688,609
"ENSG00000196715",278,249,252.00001,364,332,348,281,498,410,419,507
"ENSG00000196724",152.00001,134.99999,137,149,119,119,222,195,169,240,216
"ENSG00000196730",1383.99999,696.00001,673,784,665,764,1030,1081,1223,2031,1575
"ENSG00000196739",301,292.00001,289.99999,78,97,94,88,164,103,84,122
"ENSG00000196743",179,222,237,892,767,808,1019,358,786,925,750
"ENSG00000196754",22,14,28.00001,25,10,18,32,60,59,51,51
"ENSG00000196757",47,196.99999,68,167,133,125,121,240,253,258,236
"ENSG00000196776",673,796.00001,932,1933,1330,1544,1298,1409,1161,1650,2054
"ENSG00000196781",502,489,344,440,473,428,337,568,566,564,705
"ENSG00000196782",197,242,214,510,550,478,676,527,670,926,792
"ENSG00000196787",43,39,59,73,50,50,49,56,33,18,25
"ENSG00000196792",714,676,743.00001,295,209,307,237,327,263,307,366
"ENSG00000196793",44,38.99999,47,83,92,36,81,202,217,155,211
"ENSG00000196812",97,90,128,116,109,162,142,344,253,249,275
"ENSG00000196814",509.00001,365,360,602,749,740,757,645,576,885,739
"ENSG00000196821",415,207,250,562,737,634,676,807,685,795,898
"ENSG00000196826",12,14,10,0,0,0,20,0,97,140,0
"ENSG00000196834",12,55,17,384,241,274,263,336,128,334,266
"ENSG00000196839",66,115,67.99999,914,1138,748,1141,879,786,1029,823
"ENSG00000196843",50,43,45.99999,445,403,458,501,518,545,703,676
"ENSG00000196850",97,85,74,119,63,88,49,54,41,58,57
"ENSG00000196865",483,520,458,1255,963,972,1060,970,865,1182,1112
"ENSG00000196866",26,34,65,99,124,111,101,156,134,49,117
"ENSG00000196867",111.99999,132.99999,12,157,138,130,106,154,125,155,139
"ENSG00000196873",63,37,46,519,498,495,486,652,564,594,560
"ENSG00000196876",454.99999,501.99999,459,296,293,248,272,241,164,270,230
"ENSG00000196890",98,128,96,577,566,444,484,298,293,252,281
"ENSG00000196911",787,1376.99999,611,523,309,439,406,674,525,686,594
"ENSG00000196912",390,714.99999,594.99999,357,268,325,320,372,385,425,451
"ENSG00000196914",907.99999,835,763,1271,1248,1235,1230,1154,945,1672,1888
"ENSG00000196923",623.00001,567,485.00001,2214,2267,2209,2512,2802,2480,2254,2403
"ENSG00000196924",955,874.99999,690,8621,9669,7942,11687,6425,13352,16179,15060
"ENSG00000196932",10,36,44,7,5,8,22,22,20,41,14
"ENSG00000196935",464,337,267,824,822,839,848,793,678,1332,1179
"ENSG00000196937",337,536,390,1143,861,1152,1055,1302,1241,1549,1460
"ENSG00000196943",154,111,121,231,200,202,251,208,260,273,291
"ENSG00000196950",1470.99999,858,905,2246,1602,2044,2324,2000,2444,2599,2285
"ENSG00000196961",324.00001,273,215.00001,1004,1225,1126,1304,899,1105,1380,1182
"ENSG00000196967",157,213,252,192,191,205,174,223,216,154,242
"ENSG00000196968",413,697,616.99999,657,554,689,762,569,764,904,773
"ENSG00000196972",21,48,25,46,52,53,34,35,17,34,53
"ENSG00000196975",92,122,121,214,189,150,258,435,435,564,444
"ENSG00000196976",304,299,295,498,588,442,478,703,526,514,667
"ENSG00000196981",75,107,71,119,76,127,108,253,281,297,250
"ENSG00000196993",17,23,23,26,35,5,30,28,8,12,37
"ENSG00000196998",97,192,130.00001,1061,1191,956,1125,1464,1440,1532,1460
"ENSG00000197006",1044,1205.00001,1151,3984,3231,3348,3444,1643,1250,2133,3249
"ENSG00000197008",151,96,240,354,209,321,268,513,431,379,401
"ENSG00000197013",247.00001,253,148,267,166,266,274,366,488,477,432
"ENSG00000197016",136,137,116.99999,99,118,120,123,282,219,287,248
"ENSG00000197019",37,43,56,131,218,153,222,172,130,199,140
"ENSG00000197020",167,139,129,84,44,68,68,120,137,150,158
"ENSG00000197021",93,150.99999,258,370,458,439,499,443,367,448,448
"ENSG00000197024",240,210,195.00001,186,149,186,153,238,192,224,272
"ENSG00000197037",105,129,114.00001,284,266,300,268,452,446,628,589
"ENSG00000197043",605,862.99999,633,1986,2195,1797,2535,1905,2343,2584,2305
"ENSG00000197044",117,125,94,159,112,152,209,266,355,358,360
"ENSG00000197045",346.99999,369.99999,383,2162,1303,1515,1689,2212,2145,1864,1978
"ENSG00000197050",141,195,209,366,239,283,363,504,592,521,509
"ENSG00000197054",35,23,30,79,46,66,85,127,157,171,156
"ENSG00000197056",237,222.99999,390.00001,268,175,179,228,255,304,275,292
"ENSG00000197061",1106,992,1524,15866,17588,13519,14183,15570,14400,8523,11129
"ENSG00000197062",260.99999,296,246.00001,561,541,633,793,1224,1306,1468,1342
"ENSG00000197063",165,198,158,212,169,219,148,152,164,212,172
"ENSG00000197070",108,163,97,506,635,580,636,781,742,940,923
"ENSG00000197077",230,179.00001,179.00001,245,267,289,347,292,352,538,409
"ENSG00000197081",642,616,467.99999,389,363,389,344,485,487,901,728
"ENSG00000197093",199,156,113.00001,165,182,153,192,154,161,179,160
"ENSG00000197102",2699,3332.00001,3059.00002,8030,8530,8081,9317,5400,5382,8589,7791
"ENSG00000197106",9,20,58,52,71,43,68,26,190,244,206
"ENSG00000197111",2610,3882.99999,3304.99999,5755,5613,5070,5231,4988,3489,2697,3278
"ENSG00000197114",105.00001,101.00001,116,284,393,354,395,503,587,717,664
"ENSG00000197119",387.99998,322.00002,292.99999,1073,1378,1008,907,387,258,576,1048
"ENSG00000197121",785,1011,920,1075,570,865,755,748,1006,1124,1003
"ENSG00000197122",390,238,286,530,796,599,562,503,327,409,467
"ENSG00000197124",318,137.00001,124.99999,120,90,86,140,176,163,130,167
"ENSG00000197128",249.99999,237,106.99999,498,301,366,487,538,652,781,655
"ENSG00000197136",114,85,65,311,330,306,247,394,276,458,385
"ENSG00000197140",18.99999,74,41,76,36,61,46,75,36,65,70
"ENSG00000197147",215,160,136,281,299,337,261,289,177,370,454
"ENSG00000197150",130.99999,206.99999,131,277,376,350,410,504,599,812,582
"ENSG00000197153",69,72,93,90,93,66,76,100,105,46,59
"ENSG00000197157",984,968,875,3805,3976,3393,4327,3769,4692,4272,4168
"ENSG00000197162",202,187,212,301,327,253,363,312,364,282,367
"ENSG00000197165",14,18,8,18,18,17,23,15,19,19,25
"ENSG00000197168",129,135.00001,287,51,25,32,34,24,24,44,48
"ENSG00000197170",512,489,487,929,540,699,780,1089,1087,1195,1052
"ENSG00000197177",57,26,54,157,191,169,145,77,100,107,153
"ENSG00000197183",762,942.00001,621,5249,5389,6216,6525,5416,5980,7647,6842
"ENSG00000197208",53,61,118,49,24,30,29,41,22,61,39
"ENSG00000197217",402.00001,388,343.99999,616,564,639,651,692,666,1109,890
"ENSG00000197223",295,255,257.00001,319,256,239,268,495,457,254,406
"ENSG00000197226",648,516.00001,514.99999,1883,2004,2134,2290,2411,3080,4143,3907
"ENSG00000197238",31,42,35,651,699,536,618,586,447,231,288
"ENSG00000197256",110,84,96.99999,483,507,532,663,661,851,1077,1036
"ENSG00000197265",157,278,160,834,819,727,780,429,269,357,513
"ENSG00000197275",192,231,266,153,130,148,141,227,241,184,212
"ENSG00000197279",33,44,52,46,20,52,71,56,48,55,62
"ENSG00000197283",948,565.00001,522,142,108,121,148,82,83,122,116
"ENSG00000197296",63,63,55,254,212,262,290,271,292,503,289
"ENSG00000197299",105,135.99999,112,107,90,78,91,125,203,166,192
"ENSG00000197302",118,137,185.00001,327,190,338,303,426,350,379,356
"ENSG00000197312",230,220.00001,207,339,308,311,267,253,162,359,312
"ENSG00000197321",534,399.00001,290.00001,333,304,397,506,451,433,983,700
"ENSG00000197323",652,824,744,545,415,507,407,752,566,618,721
"ENSG00000197324",235,201,190,1506,1554,1417,1982,1590,2339,3195,2611
"ENSG00000197329",249,346.99999,382,2482,1670,1948,2491,966,1183,1360,1315
"ENSG00000197343",494.99999,372.99999,419.99999,981,716,814,928,1184,1640,1542,1415
"ENSG00000197345",275,460,342,661,755,643,720,879,659,571,619
"ENSG00000197355",36,81,33,33,37,36,45,87,35,63,44
"ENSG00000197362",79,129,90,135,149,128,129,307,285,335,311
"ENSG00000197363",99,109,88,94,87,83,112,113,102,171,224
"ENSG00000197372",197,145,137.00001,546,282,484,551,563,698,533,615
"ENSG00000197375",118.00001,133,166,139,140,136,162,191,176,200,247
"ENSG00000197380",78,84.99999,69,211,170,165,152,117,77,97,80
"ENSG00000197381",3042.00001,1673.00002,2233,365,295,348,225,360,349,346,364
"ENSG00000197386",960,856,836,552,701,659,608,937,762,990,896
"ENSG00000197406",375,431,236,260,225,193,214,449,756,750,593
"ENSG00000197410",214,169,170.00001,80,91,98,64,63,66,95,65
"ENSG00000197415",39.00001,39,42,185,226,207,306,328,397,281,324
"ENSG00000197417",67,58,43,504,503,443,613,442,623,761,668
"ENSG00000197429",235,191.99999,240,568,430,503,548,603,943,905,884
"ENSG00000197444",71,95,87,234,310,273,354,254,283,347,308
"ENSG00000197448",307.99999,275.99999,236,484,554,417,634,1056,1037,905,976
"ENSG00000197451",763,981.99999,995,435,525,575,278,452,217,251,612
"ENSG00000197457",487,488,407,2148,2520,2271,2384,2021,2114,2604,2220
"ENSG00000197461",36,37,92,25,41,24,41,53,33,22,54
"ENSG00000197467",1402,727,754,506,428,464,402,212,171,193,453
"ENSG00000197472",19,40,74,85,71,79,69,91,65,52,62
"ENSG00000197479",43,28,30,93,34,101,74,36,49,80,71
"ENSG00000197483",45,46,43,32,25,38,28,28,31,32,37
"ENSG00000197487",33,28,25.00001,91,63,92,52,74,55,33,39
"ENSG00000197496",59,66,93,95,104,100,116,201,227,390,320
"ENSG00000197497",36,61,56.00001,142,158,113,109,161,129,171,154
"ENSG00000197498",270,441,291,579,470,507,508,655,605,513,569
"ENSG00000197530",193.00002,178.99999,212,389,529,551,383,145,116,356,649
"ENSG00000197535",573.99999,582.00001,566.00001,988,1080,1062,963,1013,826,1361,1134
"ENSG00000197548",517.99999,584,574,401,464,417,418,664,871,851,766
"ENSG00000197555",536,382,373.99999,349,318,355,339,545,671,869,855
"ENSG00000197557",65,53,61,171,121,134,162,373,676,800,620
"ENSG00000197562",117,131.99999,143,281,329,279,319,257,196,249,338
"ENSG00000197563",413,690.99999,1068.00001,903,699,702,781,1208,1262,1356,1324
"ENSG00000197565",492,446,374,1327,1124,1136,1361,915,1204,1167,1294
"ENSG00000197566",108,144,137,186,136,175,184,240,391,516,375
"ENSG00000197579",233,276,301,878,590,692,845,805,936,968,1016
"ENSG00000197580",142.99999,212.00001,176,401,276,378,481,306,339,318,316
"ENSG00000197584",39,71,87,111,65,76,63,52,51,91,66
"ENSG00000197586",364,197,259,752,950,914,846,1037,988,1350,1217
"ENSG00000197587",93,116,111,133,152,164,186,621,523,590,690
"ENSG00000197594",16,8,18,24,31,24,19,37,30,34,43
"ENSG00000197601",425,481,435,590,360,517,420,573,709,811,669
"ENSG00000197603",863,1026,963,523,354,450,473,591,559,628,772
"ENSG00000197608",121,85,55,46,46,37,68,44,54,70,79
"ENSG00000197619",68.00001,146,94.00002,102,70,96,115,162,203,229,162
"ENSG00000197620",51,108.00001,173.99999,250,303,277,303,302,357,384,288
"ENSG00000197622",370,362,369.00001,763,639,701,737,1034,906,1031,954
"ENSG00000197635",220.99999,124,106,31,22,31,23,20,24,27,30
"ENSG00000197647",262.00001,148.99999,208.99999,343,254,294,340,504,540,444,489
"ENSG00000197653",62.99999,167,100,45,35,40,23,29,25,34,25
"ENSG00000197694",2392,1773,1925,4705,5402,5172,6207,4666,4731,7744,6220
"ENSG00000197696",109,80,57,59,64,67,72,79,65,100,85
"ENSG00000197702",245,270,226,1347,1106,981,1299,995,1274,1253,1438
"ENSG00000197705",183,294,139,664,473,591,684,788,953,997,983
"ENSG00000197712",150,193,137,296,277,287,359,410,472,513,437
"ENSG00000197713",328.99999,283.00001,402.99999,631,406,426,502,749,881,817,804
"ENSG00000197714",197,193,134,722,571,767,822,515,704,1061,854
"ENSG00000197724",251,314,228,326,344,294,370,329,212,301,313
"ENSG00000197728",98,123,110,2802,2456,2334,2666,2686,2597,1814,2313
"ENSG00000197746",2846.99999,3400,3055,31740,35485,31114,45800,22528,31404,43556,34052
"ENSG00000197747",495,130,93,328,317,330,407,535,503,768,519
"ENSG00000197748",136.00001,230.99999,302.99999,58,49,30,54,79,57,93,77
"ENSG00000197753",68,39,83,57,48,76,69,35,18,23,70
"ENSG00000197756",16823.00001,22437,22975,18096,19528,15505,17452,17104,14008,9611,12568
"ENSG00000197763",43,72,70,32,49,39,40,57,40,41,73
"ENSG00000197766",62,58,58,87,122,111,148,210,143,159,164
"ENSG00000197771",619.99999,517.00001,553,381,259,312,263,511,355,272,341
"ENSG00000197774",105,61,56,127,144,155,97,148,119,128,83
"ENSG00000197776",136,149,191,56,23,17,38,85,95,107,86
"ENSG00000197779",124,126,79,158,96,171,131,198,245,256,269
"ENSG00000197780",147,148,154,89,93,94,117,130,92,92,83
"ENSG00000197782",215,272.99999,148,169,130,151,152,218,270,360,270
"ENSG00000197785",135,129,87,267,380,282,203,133,132,157,385
"ENSG00000197798",143,187,194,335,347,324,340,864,870,755,870
"ENSG00000197808",102,173,95,128,100,84,109,167,167,146,160
"ENSG00000197816",34,47,41.00001,45,48,70,56,30,36,50,59
"ENSG00000197818",205.99999,203,173,115,124,134,98,198,199,222,208
"ENSG00000197822",33,28,45,245,222,267,299,258,361,408,414
"ENSG00000197837",29,31,11,36,21,11,32,16,23,29,29
"ENSG00000197841",123,109,96,187,151,169,194,410,405,538,512
"ENSG00000197852",73,89,45,72,118,137,106,166,196,249,212
"ENSG00000197857",287,191.99999,242.99999,379,282,279,437,580,687,828,691
"ENSG00000197858",509,504,480.99999,2422,3179,2818,3121,3517,3395,4831,4110
"ENSG00000197859",7,19,37,21,46,44,56,41,34,44,60
"ENSG00000197860",232,234,213,463,284,324,543,394,400,519,392
"ENSG00000197863",138,175,175,53,57,66,62,161,136,212,166
"ENSG00000197872",79,73,83,1093,1113,1075,1405,605,634,894,712
"ENSG00000197879",125,163.99999,126,412,427,441,484,444,493,631,603
"ENSG00000197885",258.99999,411,309,981,693,764,1034,1145,1286,1207,1279
"ENSG00000197889",22,35,14,18,14,12,14,21,18,16,6
"ENSG00000197892",181,367,146,99,89,77,125,110,137,247,212
"ENSG00000197893",24,53,33,20,21,11,13,63,85,40,88
"ENSG00000197894",784,850,763,3217,2780,2761,3386,4635,4714,4341,4630
"ENSG00000197903",159,124,124,64,84,51,96,122,76,88,64
"ENSG00000197905",11,11,11,42,59,27,61,16,41,51,29
"ENSG00000197912",1162,1019.00001,834.00001,1105,1151,1238,1125,2180,1938,2409,2404
"ENSG00000197921",921,1104,1105,65,87,88,92,155,136,125,132
"ENSG00000197930",596,1133.99999,725.00001,596,465,624,609,533,593,717,731
"ENSG00000197933",84,97,111,97,73,93,113,162,161,143,172
"ENSG00000197937",100,135,135,153,109,164,130,324,279,372,370
"ENSG00000197943",51,31.99999,84,16,30,34,66,44,43,97,69
"ENSG00000197948",124.99999,116,91,139,159,203,185,213,177,243,191
"ENSG00000197951",168,152,138.99999,746,743,713,741,823,755,799,754
"ENSG00000197956",1029.99999,243,498.00001,141,138,127,94,433,240,235,241
"ENSG00000197958",468,605,523,8385,9476,7321,9185,8368,6990,4919,6394
"ENSG00000197959",165,189.00001,111,416,369,398,446,338,344,661,554
"ENSG00000197961",340,367,351,764,481,601,710,665,802,771,811
"ENSG00000197965",373.00001,521.99999,555,3060,2559,2871,3450,2248,2490,3411,3401
"ENSG00000197969",869,925.00001,1015,376,228,268,283,393,404,469,345
"ENSG00000197971",66,30,35,73,105,98,113,117,113,224,173
"ENSG00000197977",217,191,349,729,524,553,565,780,911,976,931
"ENSG00000197978",183,222,165,1189,648,946,1002,599,621,606,628
"ENSG00000197982",507,555.99999,491,999,1287,934,1133,1192,981,1177,1287
"ENSG00000198000",285.99999,365.00001,236.99998,303,244,243,298,527,517,520,449
"ENSG00000198001",121.99998,61,97,164,144,141,157,263,299,268,280
"ENSG00000198003",98,127,130,137,132,135,115,130,131,131,103
"ENSG00000198010",50,21.99999,35,9,28,22,33,8,8,26,19
"ENSG00000198015",1041.00001,1159.99998,815,4154,2757,3198,3616,2709,2930,1980,2468
"ENSG00000198018",98,148,97,150,116,135,163,199,198,261,289
"ENSG00000198026",135,103,92,277,314,367,295,409,467,578,508
"ENSG00000198034",14819,10651,17460.99999,21236,23321,17931,21377,19244,16727,10986,14880
"ENSG00000198039",148,136,149,209,131,186,165,244,200,163,203
"ENSG00000198040",807.00001,572,486,974,762,842,1045,1264,1496,1720,1778
"ENSG00000198042",166,205,191.00001,280,184,240,200,381,337,332,341
"ENSG00000198053",83,48,37,76,122,100,94,61,39,73,79
"ENSG00000198055",127,188,133,105,116,121,131,151,102,96,105
"ENSG00000198056",134,174,168,395,284,343,326,419,442,385,417
"ENSG00000198060",556,600,383,2008,1393,1551,1696,1225,1171,1540,1630
"ENSG00000198064",23,33,37,475,295,362,344,626,283,831,730
"ENSG00000198075",215,216,223,533,439,498,536,667,841,877,832
"ENSG00000198081",138,175.00001,151.00001,275,182,235,289,275,286,310,332
"ENSG00000198087",244,287,256,324,155,242,302,232,364,324,372
"ENSG00000198088",71.00001,109,111,526,335,320,382,237,282,111,208
"ENSG00000198089",590,410.99998,493.00001,579,564,569,625,664,660,724,612
"ENSG00000198093",133,121,109,140,127,176,141,282,237,280,255
"ENSG00000198105",427.00001,53,8,324,242,345,346,442,446,469,420
"ENSG00000198108",483,597,122,37,38,58,40,244,259,72,318
"ENSG00000198121",93,62,98,512,405,393,519,424,438,332,560
"ENSG00000198130",974.00001,816,523.99999,825,620,754,879,1299,1063,1211,1112
"ENSG00000198131",881.99999,494,534.99999,410,377,396,413,652,517,487,655
"ENSG00000198133",22,16,26,79,137,62,126,85,96,98,122
"ENSG00000198142",39,54,51,73,64,52,40,59,51,57,63
"ENSG00000198146",618,793,623,2400,2107,2331,2461,2926,2108,2391,2312
"ENSG00000198156",14,12,8,42,49,53,41,41,36,34,38
"ENSG00000198157",323.99999,512.00001,443.00001,280,164,219,215,253,216,195,194
"ENSG00000198160",1104,1581.00001,1058,753,459,565,729,952,962,863,913
"ENSG00000198162",1036,1638,1388.00001,1655,1374,1301,1548,1306,1358,1109,1231
"ENSG00000198168",347,368.99999,320.00001,563,346,405,468,540,594,345,440
"ENSG00000198169",234,140.99999,336,392,373,451,509,615,701,655,756
"ENSG00000198171",387,562,462.00001,747,887,701,776,731,706,843,789
"ENSG00000198176",339,579,309,202,189,203,205,366,294,219,312
"ENSG00000198182",110,136,84,232,183,222,267,321,387,478,449
"ENSG00000198185",216.99999,205,209,191,153,225,191,301,332,270,342
"ENSG00000198189",170,231,157,423,321,363,490,469,435,496,447
"ENSG00000198198",324,262.00003,269,372,313,413,395,530,744,915,865
"ENSG00000198203",30.99999,27,37.99999,33,23,46,41,75,86,59,78
"ENSG00000198208",176.99999,141,208,365,445,387,410,434,360,526,463
"ENSG00000198216",46,60,37,242,249,212,256,89,79,197,147
"ENSG00000198218",1009,662.00001,863,842,909,830,859,1118,1212,1179,1396
"ENSG00000198231",448.00001,467,560.99999,767,691,696,767,867,991,1087,1086
"ENSG00000198242",393,501,438.99999,24237,24183,21291,24178,21267,18134,12967,16387
"ENSG00000198246",134,159,168,284,259,332,303,481,354,417,437
"ENSG00000198252",139,148,199,227,157,211,182,224,337,303,283
"ENSG00000198258",2192.99999,2308.99999,2250.99999,3263,3892,3005,3173,5745,3976,2747,3800
"ENSG00000198265",1242.99999,1557,1530,1310,1125,1294,1391,1441,1614,2346,1998
"ENSG00000198270",119.00001,157,128.00001,524,565,464,522,612,642,453,487
"ENSG00000198276",435.99999,456.00001,382,1456,1579,1342,1590,2098,2103,1790,1876
"ENSG00000198298",41,46,19,30,36,30,30,44,39,61,51
"ENSG00000198301",378.99998,584,445,600,512,565,625,881,788,765,804
"ENSG00000198315",275,283,279,1993,1225,1430,1805,927,1550,1373,1347
"ENSG00000198324",81,100,74,106,118,75,110,102,53,134,131
"ENSG00000198331",66,61,55,26,28,29,27,53,50,35,48
"ENSG00000198336",142,50,34,142,217,211,153,191,106,195,222
"ENSG00000198342",18,45,34,102,78,105,121,132,236,225,197
"ENSG00000198346",63,73,65,84,73,108,127,186,168,213,179
"ENSG00000198354",19,14,18,43,25,35,39,20,13,25,27
"ENSG00000198355",112,131,102,97,122,125,89,44,61,69,59
"ENSG00000198356",236,319,269,920,1238,938,1205,2293,1979,2025,2111
"ENSG00000198363",2247.99999,2490.00001,1971,2967,2683,2468,3070,4082,4552,5400,4987
"ENSG00000198369",229,151,167,394,383,407,366,409,365,571,584
"ENSG00000198373",304.99999,339,300,840,894,734,1072,1048,1305,1630,1221
"ENSG00000198380",748,733,641,1468,1221,1182,1694,1131,1426,1585,1385
"ENSG00000198382",327,615.99999,573,822,701,711,839,811,655,911,1002
"ENSG00000198393",189,169,185,316,264,276,347,465,722,549,659
"ENSG00000198399",594.00001,559,538.99999,353,250,251,352,307,241,403,431
"ENSG00000198400",79,117,64,1131,983,1013,969,427,323,451,575
"ENSG00000198408",1422,1641,1452,4067,2920,3372,3391,2614,2377,3357,3190
"ENSG00000198417",13,39,90.99999,32,28,40,37,78,36,58,64
"ENSG00000198420",390,414,354.99999,2795,2463,2772,3055,2885,3733,4157,3690
"ENSG00000198429",167,222,63,108,96,134,117,157,197,234,255
"ENSG00000198431",491,829,797,1711,1340,1451,1747,1814,2117,2171,2098
"ENSG00000198435",210,263,403,27,24,22,40,11,13,20,13
"ENSG00000198440",137,150,115,101,71,91,104,168,159,226,208
"ENSG00000198453",211.00001,425,205.99999,88,62,65,53,81,74,125,109
"ENSG00000198455",62,76,77,216,149,148,128,110,98,122,205
"ENSG00000198464",126,182,148,198,197,149,194,540,395,485,352
"ENSG00000198466",228,275,228,411,338,323,325,438,521,636,545
"ENSG00000198467",220.00001,217,196,272,470,414,592,240,197,251,262
"ENSG00000198478",1026,1051.99999,1348,4030,2175,2891,3363,2399,2525,2475,2510
"ENSG00000198482",148,159,126,216,183,199,243,233,276,304,234
"ENSG00000198483",15,17,41,29,23,24,15,49,22,50,27
"ENSG00000198492",658.00001,832,696.99999,2319,2111,2270,2435,3290,3188,3931,3630
"ENSG00000198498",340,424,337,283,186,273,228,376,280,267,265
"ENSG00000198513",310,644.99998,383,1109,953,1065,1188,1498,1221,1302,1293
"ENSG00000198517",25,41,16,40,43,23,30,24,8,25,15
"ENSG00000198520",258,358.99999,152,44,36,50,35,68,69,38,84
"ENSG00000198521",410.00001,462,399,500,346,501,513,655,853,639,748
"ENSG00000198522",373.99999,388,459,1243,1066,1104,1204,1620,1891,1485,1495
"ENSG00000198523",22,64,30,19,24,18,18,149,129,37,114
"ENSG00000198538",108,106,108,240,251,259,271,497,649,727,571
"ENSG00000198546",133,211,160,499,627,490,446,386,204,359,515
"ENSG00000198547",32,50,18,15,16,29,19,36,10,25,12
"ENSG00000198551",285,350,283,1004,914,1051,1256,2075,2256,1651,1815
"ENSG00000198554",151,235,203,291,247,311,264,408,461,443,409
"ENSG00000198556",129,82,139,130,110,102,99,305,238,235,204
"ENSG00000198561",1149.99997,1787.99998,2082,2196,1791,1797,2972,1889,3047,3006,3166
"ENSG00000198563",1386.99999,1411,1255.99999,1877,1978,1840,2023,2024,2052,1933,1990
"ENSG00000198570",426.00001,397.00001,501,455,399,485,282,1569,1518,1836,2089
"ENSG00000198585",204,122,186,580,498,595,606,550,676,668,547
"ENSG00000198586",1297,1178,1009,686,453,535,564,1165,1087,1123,1130
"ENSG00000198589",2083.99999,2327,2325.99999,1084,827,948,1008,1986,2505,2490,2778
"ENSG00000198597",2788.00001,1617.99999,3117,950,1002,902,865,1265,1348,1753,2026
"ENSG00000198598",43,68,45.00001,79,57,65,66,47,22,48,55
"ENSG00000198604",583.00001,951,732,561,500,485,481,526,576,479,480
"ENSG00000198612",580,735.99999,673,3182,2460,2787,2977,3640,3608,3694,3526
"ENSG00000198624",30,13.00001,31,69,69,79,102,85,147,148,117
"ENSG00000198625",1286,1215,2453,933,652,758,847,951,946,983,1005
"ENSG00000198626",105,106.00001,61,31,12,24,28,17,8,33,22
"ENSG00000198642",390,384,386,2116,1598,1699,2020,1952,2341,2205,2235
"ENSG00000198646",900,865,789,869,957,794,814,922,825,877,946
"ENSG00000198648",697,819,765,200,146,158,128,267,170,158,163
"ENSG00000198663",341,330,305,884,921,920,1160,1191,1392,1634,1486
"ENSG00000198668",1761.99999,2049,1995,8621,8314,8202,9294,9107,7197,8882,7968
"ENSG00000198673",107,159.99999,102,237,158,172,206,126,136,303,198
"ENSG00000198677",1922.00001,1723.00001,2010.00002,1905,1475,1655,1712,2280,2672,2630,2540
"ENSG00000198682",40,50,45,30,73,42,99,78,87,62,94
"ENSG00000198689",213,382.99999,520,1663,1319,1447,1731,1223,1554,1995,1850
"ENSG00000198690",426.99999,346.00001,354.99999,923,824,898,924,1152,1377,1478,1431
"ENSG00000198691",474,268,277,455,474,443,382,705,623,1019,879
"ENSG00000198695",4781,5985,4228,1724,1282,1780,2139,1213,2229,2742,1959
"ENSG00000198700",1013,953,835,3355,3342,3138,3467,4365,5715,6689,6025
"ENSG00000198707",1597,2218.00001,1546.00001,426,287,335,312,390,283,357,376
"ENSG00000198712",17759,22550,18667,10049,10603,12365,12503,16007,19086,18732,15237
"ENSG00000198715",117,141.99999,118,96,118,122,178,220,266,352,291
"ENSG00000198718",738.00001,684,447,1068,884,782,1059,1001,886,1222,1004
"ENSG00000198719",137,109,130,95,171,196,134,106,71,204,198
"ENSG00000198720",138,222,155,142,132,152,138,109,82,89,112
"ENSG00000198721",478,586.99999,512,1359,1274,1159,1498,1960,1982,1937,1893
"ENSG00000198722",825,789.99999,750,1519,1321,1487,1763,1335,1773,2219,1996
"ENSG00000198723",33,25.99999,7.99999,19,27,33,39,19,15,20,10
"ENSG00000198727",8298,12680,9319,13155,13976,16379,15281,23486,29876,30595,25523
"ENSG00000198728",626,451.00001,503,420,424,495,464,399,438,351,397
"ENSG00000198729",36,29,48,58,64,50,82,57,32,50,25
"ENSG00000198730",413,508,466,826,622,858,894,1528,1990,2339,2036
"ENSG00000198732",794,642,427,273,301,341,248,398,226,523,527
"ENSG00000198736",70,109,86,162,226,162,203,611,419,410,418
"ENSG00000198739",24,39,29,115,68,101,101,65,68,92,101
"ENSG00000198740",440,488,466,461,344,434,364,452,451,557,510
"ENSG00000198742",322,221,213,130,151,129,121,147,98,148,178
"ENSG00000198743",594,580,606,1653,1136,1348,1642,895,1239,1459,1279
"ENSG00000198746",58,58,46,162,172,182,209,322,376,337,332
"ENSG00000198752",626.00001,448,449,185,222,223,242,214,236,296,351
"ENSG00000198753",37,33,50,55,100,49,66,67,65,141,108
"ENSG00000198755",4432,6979.00001,5715,10906,11479,8632,11336,9683,9550,5965,8352
"ENSG00000198756",411,339,286,1145,1198,1225,1173,1568,1866,1847,1994
"ENSG00000198759",23,32,37,262,302,338,525,296,229,108,218
"ENSG00000198763",8206,11469,10557,6988,6535,8097,6490,6802,7706,7440,5855
"ENSG00000198768",81,36,156,41,21,22,9,37,19,39,50
"ENSG00000198774",62,53,43,51,35,60,57,93,171,81,130
"ENSG00000198780",1161,1244.99999,1344,492,363,481,797,242,470,675,900
"ENSG00000198783",133,169,190,302,231,290,351,398,296,363,372
"ENSG00000198785",9,11,14,99,60,80,71,70,55,135,157
"ENSG00000198786",30383,16795,23973,6076,6225,7655,7311,6908,8370,9254,7247
"ENSG00000198791",907,1275.99999,1202,4125,2943,3347,3909,3930,4280,3328,3829
"ENSG00000198792",455,463,374.99999,928,1209,1268,1157,806,824,1569,1661
"ENSG00000198793",769.00001,545.99999,664,1075,1070,1022,1175,1343,1826,2179,1808
"ENSG00000198794",327,352,321.99999,594,596,456,576,428,403,639,582
"ENSG00000198795",225,300,334,796,1019,1064,1219,1051,1225,1557,1481
"ENSG00000198796",14,13,9,23,40,27,28,30,34,60,60
"ENSG00000198797",108,64,78,434,505,506,589,923,1174,1035,1372
"ENSG00000198799",725,682,521,897,700,920,1085,733,1201,1494,1373
"ENSG00000198804",13763,15429,14659,44553,43646,51175,54591,49384,59463,64475,48434
"ENSG00000198805",110,113.00001,137,292,345,287,308,439,373,315,397
"ENSG00000198814",165,121.99999,150.00001,214,163,127,192,256,328,280,339
"ENSG00000198815",1105,1756,1348.99999,1226,835,1041,1406,995,1336,1757,1324
"ENSG00000198816",373,400,319,364,468,438,466,327,259,263,292
"ENSG00000198818",258.99999,482,432,403,393,381,492,691,642,610,660
"ENSG00000198822",51,81,66,65,86,54,70,98,76,154,118
"ENSG00000198824",409,268,302,228,208,229,203,83,77,148,166
"ENSG00000198825",838,445,366.99999,1000,905,990,821,611,394,680,933
"ENSG00000198826",168,251.00001,182,1026,692,824,975,605,642,685,640
"ENSG00000198830",1749,2291,2251,16643,14279,12553,14689,23956,20945,16804,19434
"ENSG00000198832",172,290,231,546,758,518,738,1116,727,588,745
"ENSG00000198833",386,477,463,1344,1037,1234,1061,1066,947,1298,1645
"ENSG00000198836",964.00001,1385.00001,1179,1552,1106,1454,1384,1409,1780,1992,1811
"ENSG00000198837",243.99999,281,237,302,417,390,330,339,298,410,353
"ENSG00000198838",124.99999,142.00001,149.99999,34,34,26,26,35,26,55,58
"ENSG00000198839",263,364,367.00001,418,318,292,360,473,419,369,424
"ENSG00000198840",6237,27249,6370,333,232,308,293,371,416,468,325
"ENSG00000198841",71,69,54,123,101,96,158,99,135,211,140
"ENSG00000198843",410.99999,543,510,2778,2451,2422,2914,4369,4500,3285,4095
"ENSG00000198846",712,588,333,3673,2978,2988,4040,1670,1950,1795,1846
"ENSG00000198853",194,196,191,1940,2241,2197,2606,1864,2039,3087,2752
"ENSG00000198855",31,38,60,32,40,42,33,99,76,141,99
"ENSG00000198856",856,1046.99999,979,2810,2350,2452,2569,3935,3595,1976,3105
"ENSG00000198858",180,133,123,838,965,885,850,419,293,702,786
"ENSG00000198860",376,443,414.99999,2018,1629,1672,1626,2156,1881,1646,1930
"ENSG00000198862",480.00001,629.99999,540,732,504,671,723,682,737,856,894
"ENSG00000198863",204,225,203,213,265,252,196,205,226,295,379
"ENSG00000198865",17,45,79,72,57,48,76,69,54,43,55
"ENSG00000198870",57,50,71,80,63,56,59,62,62,37,61
"ENSG00000198873",65,78,61,141,170,180,180,124,109,156,164
"ENSG00000198874",215,378,332,290,265,297,311,420,496,522,458
"ENSG00000198876",308,325,322,1768,1362,1509,1922,1429,1889,2074,1830
"ENSG00000198879",500,576,669.99999,303,253,295,269,134,141,276,214
"ENSG00000198885",25,55,37,29,43,35,25,93,73,53,69
"ENSG00000198886",28685,25067,24233,25593,26776,30266,27472,25056,28747,27338,22052
"ENSG00000198887",680,707,653,652,414,605,672,592,721,661,626
"ENSG00000198888",8717,9010,10633,2254,2439,2881,2646,3269,3411,3975,2734
"ENSG00000198890",139,112,105,363,407,436,439,870,1053,1160,1065
"ENSG00000198892",102,98,97,359,351,296,343,239,205,362,421
"ENSG00000198894",198,232.00001,253,808,680,746,976,868,1135,1592,1270
"ENSG00000198898",946,1175.00001,1084,2402,1787,2203,2435,4424,5444,3504,4157
"ENSG00000198899",8214,11660.99999,10825,12807,12891,14641,13436,14801,21362,19067,16265
"ENSG00000198900",1384,1521,1437,651,699,674,657,1044,850,805,899
"ENSG00000198901",338.99999,364,331,1758,1639,1567,2122,1215,1551,1602,1488
"ENSG00000198908",115,97.00001,165.00001,346,179,270,327,333,407,454,510
"ENSG00000198909",183.99999,172,181,95,153,118,100,150,121,125,116
"ENSG00000198910",489.00001,579,414.99999,2816,3260,3041,2613,1013,883,1401,1299
"ENSG00000198911",951,1046.99999,876,3321,3432,3367,3742,1410,1930,2288,2318
"ENSG00000198912",249,257.00001,176,644,481,501,627,614,505,624,560
"ENSG00000198917",133,119,153,322,409,337,379,510,613,768,718
"ENSG00000198918",24,25,20,8580,9739,7450,8605,10135,9105,3989,6789
"ENSG00000198919",712,772,852.99999,903,846,953,886,1397,1419,1539,1479
"ENSG00000198920",242,364,276.99999,226,213,195,221,295,313,366,350
"ENSG00000198924",97,105,85,178,169,186,202,394,425,418,410
"ENSG00000198925",157.00001,179.99999,127,884,1060,904,1262,1118,1605,2213,1640
"ENSG00000198929",113,231,52,102,122,145,99,128,80,192,165
"ENSG00000198931",361,370,303.99999,934,1255,1000,1217,1598,1304,1246,1287
"ENSG00000198932",89,103,112,239,273,191,310,176,254,427,303
"ENSG00000198933",147,127,92,70,122,105,132,120,91,114,95
"ENSG00000198934",50,40,56,425,395,352,356,317,371,437,333
"ENSG00000198937",413,583,463,2285,2759,2058,2391,3088,2178,1604,2084
"ENSG00000198938",15320,17757,19892,23337,23418,27720,26784,36867,41348,42172,34671
"ENSG00000198939",93.99999,81,84,94,70,87,87,121,150,146,144
"ENSG00000198945",273.99999,312,314,88,82,81,95,146,117,144,148
"ENSG00000198947",554.00001,613,581.00001,1823,1336,1505,2150,2689,3210,3273,3529
"ENSG00000198948",138,109,135.00001,311,325,279,424,317,288,394,407
"ENSG00000198951",172,220.99999,184,917,984,948,1081,950,1265,1543,1378
"ENSG00000198952",313,259,235,1627,1660,1487,1727,1803,2034,2772,2492
"ENSG00000198954",258,273.00001,226.99999,715,687,688,888,901,880,1127,1055
"ENSG00000198959",50,27,40,459,676,557,442,843,889,1329,957
"ENSG00000198960",109,166.00001,160,1065,1147,993,1240,1665,1495,1156,1417
"ENSG00000198961",1063,1560,1476,8893,6262,7301,8928,5134,7245,8043,7291
"ENSG00000198963",2293,3411,2648,6555,4615,5363,6329,5098,5400,5403,5369
"ENSG00000198964",143,154,128.99999,639,364,472,746,593,874,915,823
"ENSG00000203326",86,81,97,55,59,46,73,124,149,162,126
"ENSG00000203485",379,257,193.99998,252,296,308,263,219,145,257,203
"ENSG00000203546",78.99999,36,75,29,57,59,97,81,122,109,130
"ENSG00000203666",208,265,299,304,268,241,262,323,338,288,325
"ENSG00000203667",744,809,749,1262,847,975,882,1566,1421,1142,1379
"ENSG00000203668",88,116,105,309,182,267,204,160,159,164,167
"ENSG00000203705",464,317.99999,280.99999,311,298,295,314,568,450,492,530
"ENSG00000203724",106,83,103,92,71,68,50,123,129,74,96
"ENSG00000203727",34,33,28,18,16,37,42,34,53,28,36
"ENSG00000203756",49,30,111,3,6,15,2,90,106,54,98
"ENSG00000203760",71,146,119,311,299,254,242,422,344,251,280
"ENSG00000203778",286.00001,583,527,1484,1520,1256,1596,1866,1679,1474,1513
"ENSG00000203780",136,162,121,127,100,94,102,132,147,142,151
"ENSG00000203791",245,431,432,617,387,415,531,404,475,466,411
"ENSG00000203805",22,21,27,33,44,14,33,43,79,21,53
"ENSG00000203814",123,84,89,82,72,52,52,36,19,13,8
"ENSG00000203867",13,15,12,81,148,125,185,63,41,176,90
"ENSG00000203872",14,11,31,16,19,11,6,21,14,18,11
"ENSG00000203879",1056,1280.99999,1009.99999,7993,8768,7716,8577,4173,4839,5526,4965
"ENSG00000203880",586,675,690,1344,980,1148,1116,2001,2119,2228,2601
"ENSG00000203943",68,52,46,60,44,31,58,97,109,62,74
"ENSG00000203950",552,539,645,1890,2193,2031,2244,3253,2738,2698,2659
"ENSG00000203952",39,86,166,428,230,301,288,202,198,160,181
"ENSG00000203965",247,261,282,321,225,239,221,396,418,352,356
"ENSG00000204033",44,14,27,20,15,11,15,58,56,44,61
"ENSG00000204052",26,39,30,27,19,32,35,24,15,38,39
"ENSG00000204060",165,217,274,5,25,11,12,8,20,33,18
"ENSG00000204065",133,183,24,306,315,267,322,341,254,343,281
"ENSG00000204070",198.99999,235.00001,259,925,838,740,1117,1029,1177,1390,1241
"ENSG00000204084",170,215,220,318,314,241,291,339,479,536,518
"ENSG00000204103",45,52,31,158,219,179,125,76,36,68,114
"ENSG00000204104",383,409,475,89,78,69,47,107,119,92,118
"ENSG00000204120",2746.99999,2537.00001,3047.99998,945,706,877,1129,1205,1419,1869,1701
"ENSG00000204130",648.99998,627,675,502,373,431,483,569,510,476,558
"ENSG00000204131",64,45,47,134,160,152,146,132,138,231,216
"ENSG00000204138",707.00001,787.00001,825,1201,1102,1073,1325,1323,1365,1545,1342
"ENSG00000204147",75,72.99999,77,186,103,160,122,233,194,204,226
"ENSG00000204149",104.00001,136.99999,76.00001,199,184,240,264,222,189,173,141
"ENSG00000204152",47,41,61,298,272,226,326,281,252,350,276
"ENSG00000204160",108,138,121,137,118,108,100,145,111,101,94
"ENSG00000204172",67,69,74,162,127,146,114,170,117,150,129
"ENSG00000204175",22,26,22,22,29,27,42,25,17,22,20
"ENSG00000204178",448,465,431,243,208,224,226,222,134,225,216
"ENSG00000204186",425,335,525.00001,471,310,405,379,341,386,614,528
"ENSG00000204209",206.99999,329.00001,238,1233,1352,1255,1498,1951,1857,1933,1783
"ENSG00000204217",733,844,793,738,692,829,711,1132,1043,1301,1314
"ENSG00000204219",33,47,47,21,18,8,17,14,17,20,34
"ENSG00000204220",126,121,112,172,177,165,202,213,192,207,205
"ENSG00000204227",332,385,356,240,219,226,241,176,143,194,183
"ENSG00000204228",55,74,44,577,652,470,622,750,615,565,618
"ENSG00000204231",162,172.99999,154.00001,317,377,294,322,372,321,349,338
"ENSG00000204237",125.00001,110,112,390,555,454,509,829,519,578,688
"ENSG00000204248",14.99999,34,17,22,50,17,50,10,11,24,14
"ENSG00000204256",1022.99999,1194.00001,1008.00002,3839,3988,3184,4512,2831,3818,4233,3899
"ENSG00000204257",25,48,27.99999,100,132,114,98,110,99,125,94
"ENSG00000204262",218,230,241,743,791,566,1122,408,601,1338,833
"ENSG00000204264",57.00001,48,67,178,272,180,342,596,753,704,540
"ENSG00000204267",32,53,25.99999,54,74,60,85,96,89,130,93
"ENSG00000204271",192.99999,157,116.00001,636,473,494,636,565,638,659,606
"ENSG00000204272",592,764.99999,931,2428,2266,2102,2457,2620,2293,1912,2064
"ENSG00000204291",14,14,8,62,80,42,123,38,54,45,42
"ENSG00000204301",45.99999,49,55,111,100,99,82,238,167,178,150
"ENSG00000204304",218,248,245,203,186,165,199,118,156,133,107
"ENSG00000204305",50.00001,44.99999,46,34,37,27,27,38,19,20,22
"ENSG00000204308",470,547,583,3704,3637,3480,3782,4097,3544,3497,3524
"ENSG00000204310",433,513.00001,426,1184,1246,1144,1441,1227,1259,1476,1245
"ENSG00000204311",47.00001,58.99999,56,38,34,41,36,49,52,26,51
"ENSG00000204314",36,31.99999,39,39,36,33,33,14,15,33,21
"ENSG00000204315",34,44,34,87,145,86,100,120,109,129,115
"ENSG00000204316",164,209,174.99999,680,859,688,837,1293,1125,974,1095
"ENSG00000204334",51,105,84,26,21,19,33,38,39,40,31
"ENSG00000204344",124,179,148,334,438,337,479,407,532,471,485
"ENSG00000204347",40,36,41,28,61,46,29,44,23,18,28
"ENSG00000204348",90.00001,110,91.99999,648,684,583,628,823,801,755,747
"ENSG00000204351",204.99999,211.00001,249.99999,723,849,760,835,849,1288,1441,1116
"ENSG00000204356",359.99999,522,459,2158,2467,1941,2362,3536,2727,2410,2700
"ENSG00000204370",162,208,236.00001,1330,1118,1183,1360,1997,1898,1578,1766
"ENSG00000204371",518.99999,645.99999,543.99999,3664,3971,3884,4687,2162,2621,3684,3713
"ENSG00000204381",89,176.00001,109,38,67,43,123,93,47,127,59
"ENSG00000204386",222,319,252.99999,1946,2381,1882,2695,2087,2353,2573,2166
"ENSG00000204388",138,150,127,25535,26895,22612,18601,13720,11245,7703,8888
"ENSG00000204389",132,88,114,8252,8292,6760,6337,3881,3476,3648,2875
"ENSG00000204390",48,45,37,58,49,60,51,67,59,87,51
"ENSG00000204392",517,523,535,1015,1119,834,1068,1322,1145,841,1008
"ENSG00000204394",259,254,232,1964,2088,1947,2164,1524,1834,2185,2042
"ENSG00000204406",1882,1705.00001,1513.00001,489,350,379,500,509,509,580,611
"ENSG00000204410",322.99999,267,204.00001,222,273,210,216,284,203,221,243
"ENSG00000204427",308.99999,437,383,1293,1469,1319,1372,1866,1977,1923,1796
"ENSG00000204435",1018,1232,1121.99999,4892,5317,4431,5146,4877,4520,3715,3843
"ENSG00000204438",202,262.99998,179.99999,294,346,287,360,497,461,499,457
"ENSG00000204439",59,52,73,224,238,282,202,410,389,626,505
"ENSG00000204442",179,281,672,225,177,230,188,150,135,214,189
"ENSG00000204444",22,30,33,77,75,46,64,97,43,45,60
"ENSG00000204463",1008.99999,1187.00001,860,1970,2065,1981,2159,1509,1484,1428,1457
"ENSG00000204469",1028,834,701.99999,658,684,663,687,762,655,800,779
"ENSG00000204498",158,144.00001,159.99999,525,536,476,645,450,459,648,491
"ENSG00000204514",399,371.99999,348.00001,343,371,333,350,603,432,626,574
"ENSG00000204519",89,63,91,156,139,156,142,164,226,252,181
"ENSG00000204520",37,136,82,158,186,168,276,101,109,92,108
"ENSG00000204524",173,183,155,363,253,306,448,367,363,548,438
"ENSG00000204525",291,987.99999,638,1305,1737,1596,2071,1592,2031,2762,1852
"ENSG00000204531",20,40,24,28,14,14,11,9,20,32,25
"ENSG00000204536",85,158,148,292,369,298,386,440,485,493,439
"ENSG00000204560",137,161,141,543,664,564,713,1030,1274,1397,1378
"ENSG00000204564",229.00001,182.00001,159.99999,202,220,161,296,273,183,197,199
"ENSG00000204568",351,331,316,1707,1840,1565,2043,2539,2301,2340,2049
"ENSG00000204569",506,426.99999,460.99999,478,539,542,406,1255,1152,1179,1361
"ENSG00000204574",478,543.00001,485,539,509,594,521,980,1004,1192,1007
"ENSG00000204576",172.00001,179.00001,160,593,754,688,812,964,924,879,894
"ENSG00000204580",1674,3072.99998,2170,8179,8278,8055,10110,6708,8975,10467,8751
"ENSG00000204590",294,364,309,2093,2186,2038,2546,1519,2400,2749,2520
"ENSG00000204592",168,277,173,1727,1835,1670,2547,1424,1973,2785,1909
"ENSG00000204599",75,83.99999,152.99999,122,148,144,131,182,257,337,279
"ENSG00000204604",64,42,54,294,209,165,231,332,414,447,353
"ENSG00000204611",158,212,126,343,290,354,384,428,607,713,751
"ENSG00000204618",20,30,17,17,18,17,23,6,12,7,9
"ENSG00000204619",266.00001,319,212,1068,924,1036,1140,1165,1254,1269,1225
"ENSG00000204624",186,223,202,549,532,645,686,650,968,985,873
"ENSG00000204628",9657,13463,11367.99999,32923,36510,29672,36424,27430,25816,20326,22969
"ENSG00000204634",150.99999,259,142,124,122,156,121,129,112,159,184
"ENSG00000204642",11,28,15,51,52,46,85,41,41,113,60
"ENSG00000204655",14,11,24,56,68,122,111,176,204,344,231
"ENSG00000204673",151.00001,130,102,106,115,147,145,145,128,187,168
"ENSG00000204677",17,47,32.99999,29,11,22,15,25,14,14,18
"ENSG00000204681",830.00001,1149.99999,781.00001,1539,1993,1590,1896,1269,1382,1794,1547
"ENSG00000204711",22,44,25,30,20,28,19,24,33,12,21
"ENSG00000204713",396.99999,358,384,1359,1497,1339,1499,1384,1315,1931,1976
"ENSG00000204764",367,323,395.99999,230,208,226,223,258,254,226,355
"ENSG00000204815",78,82,50,58,69,81,99,160,142,174,108
"ENSG00000204822",18,790,705,730,698,594,820,895,673,568,619
"ENSG00000204839",30,38.99999,32,19,29,10,18,23,22,19,16
"ENSG00000204842",1839.00002,2036.99998,3091.00001,753,564,657,566,585,510,579,596
"ENSG00000204843",572,663,624,7231,7155,7027,8594,5452,7542,8832,7584
"ENSG00000204851",26,35,44,87,86,66,77,52,47,52,74
"ENSG00000204852",384.99999,350.00002,263.99999,1289,1314,1191,1427,1529,1612,1659,1593
"ENSG00000204856",287.99999,388,301,786,750,702,810,916,707,577,652
"ENSG00000204859",120.00001,106.99999,124.99999,345,422,393,366,794,642,595,546
"ENSG00000204869",33,39,22,173,118,139,160,225,130,277,271
"ENSG00000204899",264,491,391,776,467,619,645,594,561,350,470
"ENSG00000204920",41.99999,47,44,164,137,181,197,221,195,302,245
"ENSG00000204922",268,241,282,383,389,303,379,621,410,391,407
"ENSG00000204923",43,39,36,88,62,100,70,90,53,99,70
"ENSG00000204946",70,104,104.00001,150,201,158,170,200,189,280,232
"ENSG00000204947",62,38,28,69,78,92,74,149,211,161,199
"ENSG00000204950",41,66,72,37,72,80,26,37,24,17,33
"ENSG00000204954",244,315,291.00001,453,406,427,428,507,430,402,420
"ENSG00000204961",41,41,21,62,30,27,24,22,27,68,67
"ENSG00000204965",31,66,29,19,17,33,9,14,18,17,9
"ENSG00000204967",153,495,105,939,904,1042,1082,824,1086,1809,1398
"ENSG00000204969",33,27,18.99999,4,10,14,12,35,15,25,18
"ENSG00000204977",587,913,583,734,622,697,845,1153,1013,895,978
"ENSG00000204991",181,114.99999,123.99999,92,119,101,69,134,56,94,117
"ENSG00000205060",272,290,255,912,869,934,935,1362,1501,1621,1559
"ENSG00000205078",188,221,249,143,150,108,148,229,181,182,174
"ENSG00000205084",212,253.00001,201.99999,1712,1615,1512,1867,1535,1688,1659,1492
"ENSG00000205129",463,424,503,60,71,79,55,141,72,63,76
"ENSG00000205133",350,307.00001,430.99999,576,377,514,507,496,588,409,466
"ENSG00000205138",70,79,79,224,317,280,285,126,66,164,343
"ENSG00000205155",306,419,377,1449,1496,1329,1426,2149,1537,1379,1499
"ENSG00000205189",345,534,655,923,643,709,609,716,608,606,607
"ENSG00000205208",243,249,263,626,326,442,544,505,708,527,538
"ENSG00000205209",13,32,22,38,16,17,32,65,45,44,39
"ENSG00000205213",1584,2060,1872,1384,859,1229,1096,2116,1596,1819,1809
"ENSG00000205220",149,167,167,400,501,392,468,745,612,502,561
"ENSG00000205238",179,21,48,14,11,13,24,22,11,39,15
"ENSG00000205250",196,243,222,454,505,528,412,570,480,555,837
"ENSG00000205268",424,567,767,299,169,215,191,262,171,219,179
"ENSG00000205269",181,229,218,303,168,236,175,205,146,144,184
"ENSG00000205302",638,741,723,2193,1839,1967,2718,2459,2996,2735,2692
"ENSG00000205309",65,75,82.99999,45,89,37,50,50,57,30,38
"ENSG00000205323",670,858.99999,711.00001,2210,2271,1852,2285,2602,2001,1790,1871
"ENSG00000205336",277,296,309,1111,1643,1331,1704,594,796,1228,875
"ENSG00000205339",828,996,925,1999,1205,1463,1671,1514,1545,1479,1548
"ENSG00000205352",137,172,148,1046,783,870,1026,1251,1094,1173,1156
"ENSG00000205356",287,256,375,453,493,548,485,699,955,1225,894
"ENSG00000205363",161,97,165,92,102,106,71,137,93,147,122
"ENSG00000205403",496.99999,254.99999,296,1618,2047,1477,2271,3897,5307,5394,5389
"ENSG00000205423",173,338,215,381,208,249,395,320,385,405,350
"ENSG00000205476",820,799,801,360,377,399,421,583,589,583,608
"ENSG00000205517",193.99999,265.99999,80,135,88,114,126,173,176,126,177
"ENSG00000205531",1343.99999,1376,1243.00001,2975,2780,2991,3130,4360,4140,4178,4149
"ENSG00000205542",5059.99999,6390,3069,104695,111919,91403,106371,146744,106685,77347,103407
"ENSG00000205544",413,567,514,796,964,727,879,1078,839,552,746
"ENSG00000205560",122,121,137.99999,216,214,195,134,350,205,219,260
"ENSG00000205571",15.00001,8,14,820,656,617,806,676,718,542,559
"ENSG00000205581",1911.00003,2587,2491,6804,4193,4940,4643,5137,3715,4432,5383
"ENSG00000205593",315,336,246.00001,584,756,625,628,394,355,484,611
"ENSG00000205609",42,73,62,0,159,254,0,0,103,0,0
"ENSG00000205629",457.99999,510.00001,523.00001,1264,1318,1106,1454,1561,1431,1233,1283
"ENSG00000205639",27.00001,45,20,41,37,24,43,7,11,22,8
"ENSG00000205643",116,140,86,182,217,192,192,380,468,425,470
"ENSG00000205659",156,218.00001,123,765,588,654,781,967,1211,819,1043
"ENSG00000205683",193,162,169,285,327,345,361,304,299,498,366
"ENSG00000205702",42,39.99999,27.99999,51,75,75,65,65,56,83,63
"ENSG00000205707",198.00001,201,191,367,248,315,305,751,647,428,491
"ENSG00000205726",1661,1606.00001,1671,1502,1588,1550,1548,2383,2162,2877,2622
"ENSG00000205730",70,98,82,40,23,44,30,46,57,58,44
"ENSG00000205744",26,38,25.99999,146,177,152,249,112,117,105,75
"ENSG00000205758",810.99999,1440.00001,1007,1158,990,912,1091,1197,1205,1050,1136
"ENSG00000205765",293,329,278,934,665,777,851,824,1108,1071,913
"ENSG00000205795",23,35,43,22,55,36,46,63,46,76,95
"ENSG00000205808",41,73,35,181,159,207,189,174,199,358,352
"ENSG00000205838",383,341,442.99999,77,36,49,48,103,112,115,89
"ENSG00000205903",162,228,186,83,114,110,83,85,70,69,74
"ENSG00000205922",57,48,28,50,59,62,50,30,31,42,22
"ENSG00000205929",85,66.00001,64,254,212,225,255,198,185,382,243
"ENSG00000205937",801.99999,883,774.99999,5730,5891,5634,6545,6410,5839,5644,5703
"ENSG00000205978",251,241,220,524,739,724,852,1055,1478,1813,1611
"ENSG00000205981",468,651.99999,595,925,840,733,851,1414,1156,968,1083
"ENSG00000206052",160,115,115,293,239,270,217,189,218,234,186
"ENSG00000206053",409,391,368.00001,1102,1017,915,1201,1246,1528,1268,1577
"ENSG00000206077",117,146,175,564,500,560,744,362,414,442,382
"ENSG00000206384",245,123,307,29,16,39,31,169,123,257,202
"ENSG00000206418",132,276,248,25,26,12,24,21,17,19,14
"ENSG00000206432",82,77,40,41,59,41,41,80,52,72,51
"ENSG00000206503",842.99999,961.99999,968.00001,3478,3652,3225,5067,4432,5795,6472,5731
"ENSG00000206527",104,140,127,342,254,310,366,511,591,516,554
"ENSG00000206530",190.99999,238.99999,194,21,35,36,36,92,33,87,60
"ENSG00000206535",139,160,90,165,174,156,170,310,259,226,213
"ENSG00000206538",35,39,27,77,34,57,32,40,33,44,42
"ENSG00000206557",121,67,135,221,122,144,109,178,145,132,156
"ENSG00000206559",38,77,60,18,21,13,47,64,53,40,50
"ENSG00000206560",590,703,1106.99999,277,166,220,231,324,347,527,444
"ENSG00000206561",55.99999,130,169,55,74,65,67,84,120,105,133
"ENSG00000206562",240.99999,312,241.00001,416,318,392,479,443,434,432,462
"ENSG00000206579",97,126,96,427,335,454,392,458,519,356,572
"ENSG00000211445",143,99,84,1634,1321,1444,1823,2659,5313,2727,6499
"ENSG00000211448",18,43,27,0,12,7,1,31,25,51,17
"ENSG00000211450",1115,1368,1217.00001,1843,2331,1780,2115,3543,2662,2011,2436
"ENSG00000211454",18,21,27,19,16,8,11,23,4,15,27
"ENSG00000211455",260,304,248,389,258,287,353,465,600,755,635
"ENSG00000211456",539.99999,787.00002,497.99999,643,474,547,536,908,879,730,845
"ENSG00000211460",385,490,432,2469,1898,1993,2426,3278,3376,2980,3205
"ENSG00000211584",158,213,163,691,771,689,724,548,550,730,1021
"ENSG00000212127",11,262,18,6,17,28,16,23,24,22,26
"ENSG00000212747",334,336,264,244,323,253,334,538,507,625,481
"ENSG00000212864",148,142,125,46,70,54,56,76,65,59,54
"ENSG00000212907",1667,804,529,1536,1557,1666,1541,1471,1923,1886,1492
"ENSG00000213015",411,371,308,592,773,663,516,197,225,313,541
"ENSG00000213020",415.99998,343.00001,299.00001,223,174,216,224,302,528,531,470
"ENSG00000213023",33,27,18,107,151,121,136,67,76,92,71
"ENSG00000213024",498.99998,520.99999,388.99999,1764,1836,1704,2131,2042,2211,2319,2121
"ENSG00000213047",754.99999,1129,868,274,209,214,140,361,337,280,492
"ENSG00000213064",342,319,293,802,746,651,871,983,972,1389,1163
"ENSG00000213066",688,650.99999,847,640,393,442,507,483,473,402,533
"ENSG00000213079",1314.00001,1163.99999,1008.00001,538,466,576,534,555,459,475,579
"ENSG00000213085",9,60,35,5,9,17,9,14,21,20,6
"ENSG00000213088",129,114,116,60,81,59,70,126,115,115,93
"ENSG00000213096",559.00001,496,412.00001,742,516,692,690,968,1056,786,891
"ENSG00000213123",479,576,553,547,434,483,478,574,571,372,479
"ENSG00000213139",8117,864,905,23,2,240,9,559,83,8,606
"ENSG00000213145",36,26,27,61,51,44,40,87,55,70,52
"ENSG00000213160",482,521,444,1655,1211,1225,1280,1356,1916,1338,1629
"ENSG00000213186",173,268,221.99999,1259,634,896,973,756,817,649,709
"ENSG00000213190",1744,2358,2049,17950,14078,15029,15293,11820,10022,9550,9929
"ENSG00000213199",59,36,33,25,55,55,55,62,30,26,29
"ENSG00000213213",78,38,62,56,77,36,50,30,29,42,64
"ENSG00000213246",464,574,544,1201,1190,1063,1294,1517,1342,1083,1239
"ENSG00000213281",339,447,345,2014,1355,1655,1888,1768,1892,1575,1729
"ENSG00000213297",18,20,68,129,73,100,154,227,234,231,209
"ENSG00000213337",242,248,304,543,636,576,647,699,532,535,627
"ENSG00000213339",180.00001,233.00001,191,882,1078,833,897,1214,1300,1303,1361
"ENSG00000213341",150,142,148,323,157,215,227,416,456,451,389
"ENSG00000213347",147.99999,222.99999,211,306,401,294,334,279,203,217,194
"ENSG00000213366",342,341.00001,319.99999,2361,2441,2163,2902,2260,1776,1636,1645
"ENSG00000213380",180.99999,131,198,503,469,515,667,515,588,1037,945
"ENSG00000213390",161,318,209,848,576,788,992,402,692,773,615
"ENSG00000213397",71,91.00001,91.99999,241,278,250,244,416,348,292,341
"ENSG00000213398",151.00001,148,135,47,49,49,83,61,57,47,59
"ENSG00000213420",403.00001,442,370,1717,1800,1790,1423,546,486,1015,931
"ENSG00000213424",15,33,69,20,19,19,35,53,50,31,38
"ENSG00000213445",47.99999,67,42,33,60,38,50,42,18,38,42
"ENSG00000213462",24,18,22,418,332,354,340,466,288,341,349
"ENSG00000213463",380,370,429,818,632,642,746,844,797,894,865
"ENSG00000213465",335,403,276,948,1215,1039,1211,1612,1356,1412,1365
"ENSG00000213516",65,112,75,309,232,291,238,450,434,413,348
"ENSG00000213523",302,239.00001,220.99999,536,636,552,578,1098,795,845,795
"ENSG00000213533",69,68,72,63,73,112,34,73,59,90,140
"ENSG00000213551",259,252,249,836,793,833,780,1240,1307,1129,1115
"ENSG00000213563",93,111.99999,108,35,44,40,45,25,20,17,19
"ENSG00000213578",37,9,29,940,949,1013,1093,1538,1471,1655,1569
"ENSG00000213585",1414,1970.00001,1588,6689,5941,5926,6943,5949,5386,5688,5876
"ENSG00000213588",71,45,49,187,189,178,207,231,194,383,248
"ENSG00000213593",303,374,341,1497,1500,1373,1801,2193,2224,2107,2064
"ENSG00000213614",631.99999,467,600,2952,3224,2522,3293,3136,3283,4213,3386
"ENSG00000213619",663,741,709,1794,1986,1552,1911,2613,2272,1949,2256
"ENSG00000213625",451,558,535.99999,1167,1017,1014,1187,1869,1962,1782,1721
"ENSG00000213626",676,607,568,2075,2322,2309,2530,3662,3334,3540,3284
"ENSG00000213638",16,25,20,64,98,81,39,25,16,28,96
"ENSG00000213639",1705,1856,1828,6233,3819,4891,5160,5967,7557,6611,6953
"ENSG00000213672",236.00001,256,191,439,610,459,620,548,620,964,814
"ENSG00000213676",365.99999,327,323,503,566,571,628,1271,665,786,647
"ENSG00000213694",355,316,226,902,650,758,809,800,781,1380,1033
"ENSG00000213699",270,254.99999,224.00001,519,620,580,673,980,1083,1391,1226
"ENSG00000213719",752,1207.99999,935,5947,5676,5097,6250,5385,4844,4735,4752
"ENSG00000213722",990.00001,1320.99999,1053.99999,6976,7411,6694,7699,5072,5006,4789,5074
"ENSG00000213741",12129.99999,14519.00001,15623.99999,5422,5961,4776,5482,6338,5479,2684,4406
"ENSG00000213760",168,243,209,2219,2189,1981,2438,1440,1215,1445,1286
"ENSG00000213762",139,141,130,849,670,722,946,847,1127,1313,1086
"ENSG00000213780",84.00001,75,92,225,245,209,233,221,321,327,199
"ENSG00000213782",244,304,324,1793,1688,1505,2024,1977,1995,1897,1932
"ENSG00000213793",20,28,25,76,35,69,63,89,109,113,105
"ENSG00000213799",45,54,72,86,57,88,120,183,219,214,184
"ENSG00000213853",147,172.00001,155,585,629,510,678,645,547,586,544
"ENSG00000213859",135,122,45,279,278,277,307,393,400,571,352
"ENSG00000213886",7,11,7,9,0,16,0,62,65,88,84
"ENSG00000213889",20.00001,39.99999,9,26,25,35,25,20,6,22,19
"ENSG00000213903",26,26,24,25,12,20,20,18,7,14,13
"ENSG00000213918",236,175,252,297,364,359,395,419,361,575,488
"ENSG00000213920",184,206.99999,206,433,461,417,423,1044,761,691,672
"ENSG00000213923",1100.00001,963.99999,999,2627,2795,2444,2863,1946,1852,2059,1958
"ENSG00000213928",135.00002,76.99999,82,246,269,283,240,724,762,1140,805
"ENSG00000213930",221.00001,322.00001,208.99999,1108,1181,1164,1293,1307,1211,1385,1285
"ENSG00000213949",33,28,32,26,27,31,28,49,46,108,69
"ENSG00000213965",72,49,82,75,69,80,61,97,80,99,123
"ENSG00000213977",237,315,240,1742,1861,1472,2157,1620,1912,1994,1788
"ENSG00000213983",162,216.00001,136,503,624,608,643,732,827,730,746
"ENSG00000213988",75.99999,95,109,200,139,154,138,157,164,139,191
"ENSG00000213995",322.99999,244,249,638,749,698,847,1145,1241,1556,1222
"ENSG00000213996",12,9,14,18,13,13,19,15,19,13,19
"ENSG00000214013",138.99999,148.00001,156,218,178,215,197,315,292,331,326
"ENSG00000214021",483.99999,341,360.99999,350,418,379,372,460,407,415,422
"ENSG00000214022",470.00001,542.99999,530.99999,983,1116,1133,1016,507,477,824,1116
"ENSG00000214029",224,247,263,263,196,242,235,356,236,322,274
"ENSG00000214046",533.99999,529,595,1257,1070,1172,1347,1654,1292,1203,1333
"ENSG00000214050",336.99999,422,241,139,113,136,147,232,188,150,160
"ENSG00000214063",464.99999,446,488,748,1011,814,1152,1177,1015,1014,1179
"ENSG00000214078",759.00002,842.00001,534.00002,3681,4235,3751,5059,4037,4363,4686,4071
"ENSG00000214087",184,221.99999,188,864,1096,811,1149,1498,1439,1060,1221
"ENSG00000214113",485,504.00001,370.00001,1482,1527,1352,1598,1522,1241,980,1241
"ENSG00000214114",226,288,241,323,228,331,234,456,409,340,320
"ENSG00000214140",154.99999,131,119.99998,180,214,163,97,407,223,212,203
"ENSG00000214160",167.99999,195,167,1004,1040,913,1179,1000,914,962,994
"ENSG00000214193",246,255,353.99999,130,65,103,107,141,65,68,50
"ENSG00000214194",418,484,523,801,647,714,705,1288,1192,776,1010
"ENSG00000214212",9,16,7,14,24,22,20,37,37,25,41
"ENSG00000214253",587.99999,748.00001,631.99999,2309,3017,2116,2869,2680,2448,2138,2230
"ENSG00000214274",40,80,75,216,260,191,348,194,157,125,117
"ENSG00000214279",68,26,22,30,7,11,14,18,13,21,43
"ENSG00000214285",46,10,8,11,3,11,7,252,157,130,198
"ENSG00000214290",15,30,29,41,26,24,29,31,14,19,46
"ENSG00000214300",60,35,87,103,77,78,94,93,41,93,152
"ENSG00000214309",16,12,13,6,30,25,21,26,18,31,27
"ENSG00000214336",154,188,146,263,240,250,309,349,366,259,330
"ENSG00000214338",100,61,61,255,310,316,303,133,118,236,253
"ENSG00000214357",13,34,27,77,82,98,99,55,41,87,87
"ENSG00000214367",118.00001,116,169.00001,241,157,185,215,192,194,300,235
"ENSG00000214413",456,517.99999,565.00001,574,431,467,477,715,583,474,549
"ENSG00000214435",210,249,247,165,150,151,152,324,309,277,295
"ENSG00000214491",52,28,25,35,37,44,36,95,76,91,117
"ENSG00000214517",461.00001,500,437,1264,1330,1355,1449,1778,2013,2607,2004
"ENSG00000214530",173.99999,218,276.99999,640,842,622,736,555,471,542,516
"ENSG00000214562",12,11,8,41,31,24,25,75,34,38,35
"ENSG00000214575",92.99999,101,99,152,208,176,223,167,190,339,232
"ENSG00000214595",183,227,408.00001,56,52,65,92,118,90,116,92
"ENSG00000214654",36,50,32,35,29,48,40,97,86,93,110
"ENSG00000214655",213.99999,203.99999,298,344,483,441,421,532,448,503,542
"ENSG00000214706",161,175,114,307,345,419,370,696,654,841,720
"ENSG00000214711",8,8,16,5,20,14,12,19,19,21,18
"ENSG00000214753",549,602,609,140,113,139,163,172,95,140,161
"ENSG00000214756",70,39,71,139,120,114,121,149,161,141,129
"ENSG00000214941",381,513.00001,492,468,537,488,501,577,533,439,522
"ENSG00000214944",242,217,246,132,144,180,215,263,319,482,429
"ENSG00000214960",117.99999,78.00001,101,30,19,26,29,33,42,24,47
"ENSG00000215012",125,153.00001,131,777,726,798,904,726,934,1100,879
"ENSG00000215018",68,52,64,27,16,18,16,19,27,37,22
"ENSG00000215021",830.00001,991.99998,832,3071,3459,2767,3538,4218,3666,3101,3490
"ENSG00000215041",78,98,75,132,229,162,168,176,220,255,190
"ENSG00000215114",553,460.99999,324.99999,2116,1465,1869,2195,1616,1732,1814,1840
"ENSG00000215126",65.99999,114,72.00001,192,139,97,124,257,254,210,226
"ENSG00000215156",99,160,165,120,64,86,100,83,33,129,106
"ENSG00000215193",366,238,333,270,230,190,282,195,203,321,298
"ENSG00000215217",18,40,29,88,81,109,102,118,94,113,123
"ENSG00000215218",55,52,29,137,145,140,125,126,56,58,56
"ENSG00000215251",123,150,129,413,432,374,447,460,414,438,382
"ENSG00000215252",219.99999,354.00001,258.00001,382,335,326,348,672,504,590,637
"ENSG00000215301",792,906.00001,875.99999,3519,2770,3438,3542,4774,6201,6739,6378
"ENSG00000215305",203,319.99999,188,953,1181,1026,1273,1335,1476,1909,1638
"ENSG00000215375",123,98.99999,126,168,202,145,173,355,260,253,218
"ENSG00000215397",86,108,65,120,111,179,88,118,98,86,72
"ENSG00000215421",123,204,71,172,130,167,236,211,406,340,391
"ENSG00000215440",203.99999,144,142.99999,228,216,203,178,187,144,156,182
"ENSG00000215472",16,40,45,2679,1914,2227,1914,2815,2000,1378,1918
"ENSG00000215612",686,1110,1119,132,134,121,116,222,217,128,176
"ENSG00000215644",53,55,8,163,317,234,374,295,209,288,334
"ENSG00000215712",237,226,229,778,730,694,706,930,832,737,709
"ENSG00000215717",234,254,254,1184,871,919,1143,798,1077,1095,1178
"ENSG00000215788",161.99999,188.00001,194.00001,63,77,89,51,67,45,80,51
"ENSG00000215883",65.99999,90,50,200,199,190,165,261,298,309,255
"ENSG00000216937",298.99999,308,289,49,45,68,70,75,96,53,63
"ENSG00000217128",777,1140,1247,863,625,683,730,650,730,875,735
"ENSG00000217555",239,250,479,119,124,144,133,378,318,209,265
"ENSG00000217930",328,359,352.99999,508,646,505,647,699,496,322,533
"ENSG00000218336",773.00001,826,689.99999,2842,2302,2362,2934,797,1016,1152,1555
"ENSG00000218739",300,47,22,151,119,128,253,145,318,248,278
"ENSG00000218891",134,155,132,19,38,23,46,28,28,25,16
"ENSG00000219200",1227,1651,1270.00001,5581,5768,5087,6083,5213,4459,4200,4438
"ENSG00000219481",334,357.00001,308,1784,1414,1582,1884,1471,1551,2034,1825
"ENSG00000219545",177,314,287,360,249,287,330,360,393,352,423
"ENSG00000219607",15,12,18,12,17,18,5,17,16,8,20
"ENSG00000219626",529,518,487.99999,339,274,317,304,632,426,488,525
"ENSG00000220008",38,52,74,29,25,14,11,18,15,23,53
"ENSG00000220201",25,22,21,22,40,33,29,54,28,34,32
"ENSG00000220205",1170,1309,1137,3209,2991,2928,3019,3137,2663,3165,2840
"ENSG00000221821",74,84,75,209,293,236,289,295,184,247,203
"ENSG00000221823",328,574,457,55,38,65,30,82,47,29,53
"ENSG00000221829",75,149.99999,155.00001,572,673,539,717,816,935,901,942
"ENSG00000221838",157,212,242,262,293,249,313,680,479,498,511
"ENSG00000221843",22,37,17,28,33,33,14,40,45,55,28
"ENSG00000221866",84,138,144,99,71,70,107,86,102,149,159
"ENSG00000221869",51,52,81,18,19,4,22,17,27,56,26
"ENSG00000221886",175,163,179,320,264,298,360,679,686,539,666
"ENSG00000221890",91,58,49,244,254,214,248,90,125,242,180
"ENSG00000221909",120,119,114,214,190,186,199,512,499,380,407
"ENSG00000221914",809.99999,706,594,628,423,482,543,540,517,390,431
"ENSG00000221916",31,26,47,36,56,48,56,93,86,88,89
"ENSG00000221923",112,118.99999,57,220,233,218,212,140,178,175,156
"ENSG00000221926",279,169,180,474,518,490,587,744,855,1010,884
"ENSG00000221944",100,118,81,466,397,499,461,788,740,779,791
"ENSG00000221946",73,126,101.00001,101,82,83,118,105,83,94,79
"ENSG00000221947",21,56,30,31,21,26,9,31,45,27,39
"ENSG00000221955",23,109,28,25,40,31,76,37,44,54,38
"ENSG00000221968",38,56,39,131,140,139,107,120,69,113,117
"ENSG00000221978",1017,946.99999,928.00001,2026,1766,1733,1654,2963,2189,3001,3009
"ENSG00000221983",3988,5236,4254,7850,8459,7027,8229,6786,5976,4901,5426
"ENSG00000221986",40,23,23,12,21,30,44,59,46,28,39
"ENSG00000221988",216,266.00001,285,755,814,762,840,1217,1159,1170,1198
"ENSG00000221994",27,37,45.00001,14,16,23,31,48,31,20,29
"ENSG00000222009",41,105,101,61,69,54,70,76,63,97,107
"ENSG00000222011",188,445,305,166,107,122,135,233,167,217,234
"ENSG00000223496",244,319,312,277,229,251,278,227,231,259,285
"ENSG00000223501",312,308,323,1096,1147,986,1050,1485,1563,1750,1688
"ENSG00000223547",100,115,111,165,83,146,213,249,367,385,240
"ENSG00000223572",12,21,9,156,178,150,171,139,158,233,194
"ENSG00000223573",32,37,42,136,133,144,169,198,222,224,298
"ENSG00000223802",215,232,210,53,82,55,74,41,49,61,46
"ENSG00000223865",189,137,122,275,290,326,358,407,242,328,284
"ENSG00000224051",66,67,59,202,206,179,221,188,191,358,304
"ENSG00000224109",17,15,25,34,37,47,34,19,18,54,59
"ENSG00000224383",11,18,9,22,20,20,24,22,42,35,22
"ENSG00000224470",134,123,140,207,243,272,301,311,357,403,393
"ENSG00000224531",368,332,338,210,194,226,187,253,208,209,210
"ENSG00000224877",336,370,290,255,346,282,229,141,94,180,359
"ENSG00000225190",169.00001,140,128.00001,218,225,243,314,217,281,566,417
"ENSG00000225663",532,644,556.00001,2731,3022,2501,3047,3263,2852,2578,2513
"ENSG00000225697",73.99999,95.99999,91,366,424,413,396,456,486,420,422
"ENSG00000225828",68,105,67,125,97,122,117,73,35,75,63
"ENSG00000225830",277,211,224.00001,223,163,195,192,303,409,535,469
"ENSG00000225921",488.99999,624.00001,503,1045,929,883,1006,1237,897,1143,1070
"ENSG00000225968",370,533,695.00001,169,222,178,103,74,69,95,158
"ENSG00000225973",102,99,69,82,80,75,103,223,191,147,183
"ENSG00000226314",12,30,23,10,22,20,18,56,28,48,27
"ENSG00000226479",94,125,90,169,186,187,155,176,162,199,310
"ENSG00000226742",87,100,88,87,117,103,141,193,90,120,129
"ENSG00000227051",494,577,428,2794,3368,3263,3521,2786,3947,4875,3973
"ENSG00000227057",76,114,103,565,627,563,562,816,860,879,827
"ENSG00000227268",8,12,13,12,14,16,13,29,20,46,28
"ENSG00000227345",233,455,272.00001,481,378,404,441,667,808,806,770
"ENSG00000227500",228,202,198.00001,402,401,359,437,568,533,640,578
"ENSG00000227729",16,11,8,8,22,14,15,98,62,72,53
"ENSG00000227877",43,36.99999,79,29,10,10,8,129,102,86,90
"ENSG00000228300",96,106,67,54,55,61,83,109,81,72,88
"ENSG00000228474",1659,1948,1875,4847,5555,4367,5095,6766,5357,3929,4707
"ENSG00000228486",139,165.99999,128,28,33,33,22,51,24,31,28
"ENSG00000228594",82,105,74,44,63,49,66,98,74,65,59
"ENSG00000228623",260,317,243,177,141,192,121,216,167,256,250
"ENSG00000228696",66,259,290,378,302,369,353,404,390,491,452
"ENSG00000228716",155,178,135,882,526,682,520,953,1019,718,830
"ENSG00000229117",931,993,1001.00001,24089,28129,21315,26312,26452,23463,15696,20125
"ENSG00000229809",103,100,116.00001,265,282,255,205,289,232,319,377
"ENSG00000229833",182.99999,193,242,1181,1333,1169,1163,2604,1852,1250,1701
"ENSG00000230124",483,627,531,1066,975,986,949,1439,1147,1319,1324
"ENSG00000230453",38,73,35,20,30,40,42,21,2,19,25
"ENSG00000230797",31,30,18,26,24,26,25,24,21,31,25
"ENSG00000230989",2458.99999,2697.99999,2604,17060,13050,13702,13843,15097,13502,8789,11741
"ENSG00000231500",2562.00001,3517,2986.99999,39294,50797,34367,42229,52519,46950,20701,35656
"ENSG00000231738",70.99999,82.00001,62.00001,45,37,49,29,89,72,50,73
"ENSG00000231887",64,266,62,102,61,77,66,93,73,95,91
"ENSG00000231925",410.99999,416,469,2197,2215,2003,2745,2270,3667,4411,3766
"ENSG00000232040",82,133,127,166,105,154,150,281,409,470,423
"ENSG00000232112",1558,1662,1650.00001,4398,4235,3758,4142,5615,3967,2780,3569
"ENSG00000232119",436,548,950,1723,1273,1313,1435,1360,1222,924,1159
"ENSG00000232388",311,856,713,1504,1188,1142,1426,1539,1147,791,1056
"ENSG00000232434",73,52,44,49,48,44,56,44,40,43,65
"ENSG00000232593",442,324,391,400,353,415,473,371,225,363,323
"ENSG00000232653",18,26,28,57,37,50,31,40,41,22,27
"ENSG00000232838",112,164,158,482,444,464,581,378,398,368,363
"ENSG00000232859",84,106,109,257,272,315,364,369,345,374,329
"ENSG00000233276",940,1168.00001,1058,3272,4194,2964,4349,5293,4150,3608,3853
"ENSG00000233757",161,150,167,142,91,148,124,120,216,199,189
"ENSG00000233822",45,78,93.99999,46,55,51,44,56,35,45,27
"ENSG00000233927",90,85,98,6798,7511,6200,7281,6701,5403,4095,4706
"ENSG00000233932",13,13,9,21,16,11,8,34,16,7,27
"ENSG00000233954",41,102,115,43,32,30,8,56,16,38,39
"ENSG00000233974",75,16,40,32,25,47,33,37,17,39,28
"ENSG00000234127",355,200,311,499,445,455,495,713,872,1005,862
"ENSG00000234284",65,103,78,93,112,92,69,278,265,220,205
"ENSG00000234465",82.99999,107,50,132,169,152,183,283,209,150,238
"ENSG00000234545",308,417,332,458,294,309,298,445,348,302,339
"ENSG00000234616",134,89,117,572,508,507,581,558,591,834,677
"ENSG00000234719",76,68,94,98,73,95,103,147,114,146,129
"ENSG00000234745",349,1250.99999,464,2095,2564,2272,3241,2635,3035,4077,2892
"ENSG00000235034",202,205,194,56,59,48,44,22,11,10,44
"ENSG00000235098",43,53,71,123,110,102,125,104,111,128,102
"ENSG00000235106",233,294,266,1147,1240,1327,1575,1872,1944,2359,2098
"ENSG00000235109",28,103,79,58,46,85,55,117,148,115,122
"ENSG00000235162",93,245.99999,150,169,172,152,127,83,51,65,110
"ENSG00000235169",56,66,52,44,38,67,67,103,50,31,42
"ENSG00000235173",41,43,52,46,53,33,36,70,71,45,52
"ENSG00000235194",272,365.99999,280,435,385,458,448,414,402,418,387
"ENSG00000235453",320,352,266,309,272,241,233,335,215,215,229
"ENSG00000235718",25,79,209,186,171,204,236,246,256,329,262
"ENSG00000235750",9,9,7,7,12,9,15,19,19,54,29
"ENSG00000235863",19,23,20,9,42,25,17,19,11,38,14
"ENSG00000235961",32,16,32,133,198,189,163,77,42,113,115
"ENSG00000236104",80,75,73,358,369,335,386,414,430,621,498
"ENSG00000236287",498,484,461,908,579,671,692,1313,1335,1180,1192
"ENSG00000236609",127,124,148,32,32,30,40,38,46,59,61
"ENSG00000236782",247.99999,279,284.00001,1522,1548,1412,1627,2172,1435,1439,1568
"ENSG00000237172",27,26,24,31,62,32,44,54,34,58,124
"ENSG00000237190",201,266,222,847,758,722,852,1175,909,710,1037
"ENSG00000237289",15,20,18,198,250,135,250,240,193,312,267
"ENSG00000237440",204,241,194,326,241,330,341,430,610,625,575
"ENSG00000237441",216,242,202,759,957,765,853,857,1008,955,1020
"ENSG00000237489",50,28,27,18,31,32,32,104,77,73,58
"ENSG00000237515",31,41,44,93,97,80,148,116,107,125,173
"ENSG00000237649",121,159,149,1267,1160,1147,1612,808,1234,1365,1120
"ENSG00000237651",154.99999,143,152.00001,196,171,185,196,340,284,208,239
"ENSG00000237765",445.00001,481,428.99998,1284,909,1090,1100,1236,1256,958,1135
"ENSG00000238083",51,80,94,315,244,337,295,340,241,438,462
"ENSG00000238227",165.00001,141,142,41,56,52,62,76,47,80,91
"ENSG00000239264",191,240,177,340,494,260,460,459,350,336,406
"ENSG00000239268",249,171,139,43,60,46,50,34,42,54,59
"ENSG00000239282",52,81,67,334,343,343,409,397,404,379,397
"ENSG00000239305",168,132,151,160,137,123,119,192,122,143,209
"ENSG00000239306",378,304,282,1826,1895,1785,2239,2129,2442,2447,2346
"ENSG00000239382",68.99999,80.99999,82.99998,33,87,61,27,49,42,40,62
"ENSG00000239474",16,20,13,54,54,69,88,43,18,33,35
"ENSG00000239672",899,885,741,3432,3988,3258,3340,5072,4086,3072,3782
"ENSG00000239704",74,105,76,119,69,124,0,92,69,2,35
"ENSG00000239779",486,546,435,2078,2177,1890,2099,2385,2149,1923,2075
"ENSG00000239789",186,230,212,197,162,233,240,298,221,272,274
"ENSG00000239857",165,147,92,330,511,534,377,381,197,316,511
"ENSG00000239887",353,127,189,183,210,192,165,283,285,314,328
"ENSG00000239900",636.99999,654,643,1831,1895,1563,1789,2413,2267,1931,2321
"ENSG00000239920",17,42,29.00001,55,27,36,40,31,29,41,35
"ENSG00000240038",50,46,38,189,142,137,108,202,152,172,143
"ENSG00000240053",29,29,29,53,55,64,68,75,70,87,86
"ENSG00000240184",467.00001,378,392,173,306,230,269,184,141,309,179
"ENSG00000240204",15,25,32,36,45,27,31,45,27,42,47
"ENSG00000240230",336,220,192,290,311,318,321,432,349,612,465
"ENSG00000240303",213,348.99999,188,499,409,491,573,566,798,902,744
"ENSG00000240344",320.99999,405.99999,381.00001,677,590,620,595,743,698,498,685
"ENSG00000240445",217,191,145,290,384,307,266,207,175,167,290
"ENSG00000240563",29,16,18,36,18,27,33,32,28,35,33
"ENSG00000240583",116,117,265,885,755,896,1279,288,436,369,354
"ENSG00000240682",230,235,266,541,590,503,624,710,751,771,658
"ENSG00000240694",241,317,283,2224,1847,1874,2570,1673,2199,3009,2634
"ENSG00000240771",109,119,88,45,58,54,57,60,94,86,75
"ENSG00000240849",139,144,133,342,340,403,333,229,166,253,456
"ENSG00000240857",129,128,117,105,120,140,72,63,61,48,132
"ENSG00000240891",119,95,164,331,296,357,334,454,404,583,504
"ENSG00000240972",11624.00001,14160,11389,26660,32794,27184,32226,33294,23401,17600,20234
"ENSG00000241058",252,312.00001,208,206,163,206,202,248,247,285,240
"ENSG00000241127",326,339,296,380,336,308,346,844,635,427,599
"ENSG00000241258",387,316,259,498,436,454,498,520,657,655,548
"ENSG00000241343",101.99999,161,104.00001,4911,4941,4128,4597,4108,3159,2163,2910
"ENSG00000241360",104,117,112,275,378,280,322,225,135,211,218
"ENSG00000241370",343.00001,500,390,761,951,776,868,951,657,591,648
"ENSG00000241399",52,143,55,45,47,34,39,106,84,65,72
"ENSG00000241404",44,64,52,121,92,176,130,161,100,104,115
"ENSG00000241468",1173.99999,1329,1279.99999,1848,2409,1780,1902,3294,2392,1651,2061
"ENSG00000241484",22,117,72,179,183,162,247,40,54,105,94
"ENSG00000241489",64,99,237,290,456,286,378,366,365,552,566
"ENSG00000241553",493.00001,546,422,1461,1619,1389,1636,2009,1973,1609,1741
"ENSG00000241563",21,29,29,23,15,4,31,14,3,17,25
"ENSG00000241685",646.00001,871,720,2202,2200,2116,2519,2969,2590,2532,2700
"ENSG00000241697",187,332,235,510,260,574,637,274,118,314,305
"ENSG00000241837",1877,2510,2000.99999,7395,8300,6564,7362,11133,8958,5592,7706
"ENSG00000241839",93,115,105,620,691,611,1020,787,949,1200,1040
"ENSG00000241852",86.00001,81,55,75,83,113,63,105,64,98,138
"ENSG00000241878",272.99999,278,226,799,942,822,876,983,940,1064,842
"ENSG00000241935",12,16,14,17,17,9,11,40,35,43,42
"ENSG00000241962",40,14,14,37,38,26,22,39,33,16,38
"ENSG00000241973",918.99999,858,761.99999,1372,1529,1408,1310,1306,1183,1466,1641
"ENSG00000242028",38,28,27,185,172,151,171,178,147,122,116
"ENSG00000242110",124,118.99999,78,245,241,185,358,411,350,528,472
"ENSG00000242114",249,429,356,1156,1078,1104,1478,1218,1712,1633,1318
"ENSG00000242173",52,73,66,44,71,58,50,52,23,23,36
"ENSG00000242220",26,23,11,7,11,4,39,55,10,35,23
"ENSG00000242247",572,818,700,1745,1449,1633,2083,1693,1861,1801,1906
"ENSG00000242259",476,554,504.99999,1731,1522,1518,1715,1255,1579,1700,1604
"ENSG00000242265",657,649,524.99999,6315,5693,4886,7928,1952,3094,4457,3782
"ENSG00000242372",391.99999,424.99999,384,1524,1918,1688,1911,2617,2290,2227,2218
"ENSG00000242419",7,8,15,388,357,345,441,91,165,337,259
"ENSG00000242485",602.00001,603.00001,532,551,575,466,560,1077,853,957,819
"ENSG00000242498",127,150,169,566,431,406,693,416,483,758,630
"ENSG00000242612",70,95,90,315,358,259,378,426,392,397,328
"ENSG00000242616",568,684,523,664,466,507,509,894,832,540,672
"ENSG00000242715",74,63.00001,41,68,83,73,106,80,78,103,84
"ENSG00000242732",98,106,86,167,201,173,216,232,241,334,284
"ENSG00000242802",111,99.00001,99,213,261,263,235,500,596,750,710
"ENSG00000242852",89,87,102,202,113,159,151,297,251,210,348
"ENSG00000243056",36,30,62,70,57,70,86,128,46,55,51
"ENSG00000243147",587,711,680.99999,1111,989,919,1020,1387,1285,766,994
"ENSG00000243156",382,332.99999,353,296,277,226,392,257,174,324,261
"ENSG00000243232",24,56,40,252,278,213,331,249,367,688,695
"ENSG00000243244",491,609,663,1454,920,1235,1672,1069,1840,2029,1786
"ENSG00000243279",417,593,379,2850,3081,2619,3357,2033,1588,2128,2211
"ENSG00000243317",960,1223,1096,4536,3475,3539,3798,4075,3324,2654,3156
"ENSG00000243335",190,230.00001,187,953,740,1038,866,564,963,1126,1256
"ENSG00000243364",128,153,99,175,180,134,213,247,241,235,212
"ENSG00000243449",801,1028,904,223,412,348,161,59,36,47,152
"ENSG00000243477",36,48,53,228,207,223,279,285,318,322,317
"ENSG00000243646",94,288,91,206,177,194,271,478,399,478,453
"ENSG00000243660",76,97,88,180,182,190,138,300,318,222,322
"ENSG00000243667",118,201.99999,153,91,75,81,99,240,205,167,179
"ENSG00000243678",1670.00001,2239,1913.00001,4115,4830,3622,4385,5180,4157,3060,3930
"ENSG00000243710",12,32.99999,20,56,37,36,35,24,48,42,42
"ENSG00000243716",105,125,88.99999,1134,897,1025,1095,1406,979,1555,1539
"ENSG00000243725",289,244,254,807,883,725,924,1062,1002,965,922
"ENSG00000243749",121,118,106,143,158,140,204,483,389,334,366
"ENSG00000243789",36,36,42,265,333,265,329,433,358,418,323
"ENSG00000243927",962,804,797,1336,1395,1407,1563,2258,2247,2102,1999
"ENSG00000243943",583.00001,677,567,2466,2273,2359,2817,2404,2827,2735,2494
"ENSG00000243989",53,134.00001,135,95,143,151,167,684,682,720,638
"ENSG00000244005",147.99999,110.00001,122,295,310,310,319,531,522,651,652
"ENSG00000244038",607,824,675,5916,6694,5353,6915,6944,7320,8007,7507
"ENSG00000244045",139,171.00001,150,484,450,424,531,869,876,792,790
"ENSG00000244165",34,20,32,12,21,14,11,21,24,22,32
"ENSG00000244187",269.00001,207,182.00001,455,539,378,509,857,799,530,603
"ENSG00000244219",26,14,12,39,59,60,89,43,22,37,40
"ENSG00000244274",112,182,181.99999,720,878,633,904,729,635,893,796
"ENSG00000244405",342,294,321.00001,698,644,604,692,968,1037,1347,1165
"ENSG00000244462",367,410,393,1172,934,917,1133,1365,1500,1556,1517
"ENSG00000244486",40,40,22,11,17,18,22,9,15,23,15
"ENSG00000244509",43,53,50,370,393,348,450,409,420,492,431
"ENSG00000244607",8,34,33,28,21,32,50,58,50,35,26
"ENSG00000244687",1225.99999,902,660.00001,3270,2654,2736,3238,2623,2271,2537,2450
"ENSG00000244694",349,524,231,427,443,418,446,717,666,481,605
"ENSG00000244731",12,18,13,164,149,333,305,800,2292,2848,2206
"ENSG00000244752",12595,1646,1511,63,0,992,39,1809,177,10,1522
"ENSG00000244754",1690.00002,2515.00001,1899.00001,2304,1420,1826,1924,2980,2638,2562,2563
"ENSG00000245680",168,66,130,42,47,31,48,57,41,46,44
"ENSG00000246705",203,367,150,77,77,48,96,62,59,41,75
"ENSG00000246922",375,202,238,172,159,135,98,173,113,159,162
"ENSG00000247077",113,113,165,108,109,93,101,100,106,91,116
"ENSG00000247315",264,291,242,255,227,186,207,200,205,156,128
"ENSG00000247595",32,32,34,29,20,22,18,29,11,28,23
"ENSG00000247596",157,154,151,567,645,653,752,1083,922,1075,957
"ENSG00000247626",25,38,42,151,138,138,168,148,157,206,156
"ENSG00000247746",75,147,120,60,42,33,43,113,87,92,96
"ENSG00000248098",339,406,354,2640,2617,2403,3180,2923,3136,3269,2955
"ENSG00000248333",472,542.00001,487,255,258,267,317,312,290,298,276
"ENSG00000248383",119,91,28,43,114,69,90,68,77,183,125
"ENSG00000248405",8,24,7,69,56,153,85,66,19,21,3
"ENSG00000248485",97,129,106,742,769,842,1169,864,612,621,617
"ENSG00000248487",290,355,323,1825,2426,1860,1992,2817,2249,2499,2704
"ENSG00000248592",27,28,28,60,74,23,79,51,40,53,58
"ENSG00000248643",20,17,27,173,156,163,187,220,206,227,221
"ENSG00000248710",28,45,49,0,0,43,85,6,5,83,0
"ENSG00000248712",15,29,9,6,20,14,13,29,14,37,13
"ENSG00000248905",404,213,304,85,50,50,44,149,94,112,119
"ENSG00000249115",135,188.99999,165.00001,497,489,467,497,633,812,704,752
"ENSG00000249240",13,14,13,18,23,21,36,30,45,59,32
"ENSG00000249242",79,95,62,222,211,252,301,507,522,614,583
"ENSG00000249437",30,34.99999,28,133,98,135,117,171,163,248,222
"ENSG00000249471",35,63,41,31,29,37,61,39,65,53,69
"ENSG00000249624",85,9,53.99999,0,9,37,13,5,26,64,22
"ENSG00000249709",101,136,120,351,304,368,411,501,510,566,579
"ENSG00000249715",41,60,55,28,12,30,27,23,28,39,30
"ENSG00000249853",13,16,20,37,37,35,32,29,21,29,47
"ENSG00000249915",438,494,479.99999,1091,1235,1143,1128,2245,1944,1749,1926
"ENSG00000249992",41,27,40,23,12,26,15,15,1,4,18
"ENSG00000250021",30,25,11,1233,1248,1219,1605,1247,1370,1622,1571
"ENSG00000250067",130.00001,113,123,64,90,56,84,111,45,68,56
"ENSG00000250120",139,262,86,65,29,42,47,61,56,63,74
"ENSG00000250138",32,23,14,170,154,158,121,174,88,196,164
"ENSG00000250151",22,29,20,26,36,89,73,80,78,50,136
"ENSG00000250305",94,179.00001,103,80,44,63,55,62,70,88,94
"ENSG00000250312",162,245,181,215,195,172,229,209,164,201,161
"ENSG00000250317",436,526,597,1209,1028,1051,1105,1635,1411,890,1183
"ENSG00000250366",11,17,17,155,194,130,116,74,54,91,135
"ENSG00000250479",304,319,338,42,62,55,41,40,31,26,22
"ENSG00000250510",216.00001,243,212.99999,948,1029,1022,1045,1112,1193,1286,1087
"ENSG00000250565",39,45,30,53,38,53,47,63,42,73,74
"ENSG00000250571",141,116,129,29,43,35,27,68,25,35,50
"ENSG00000250644",15,11,17,184,198,256,246,251,204,247,317
"ENSG00000250722",320,502,444.99999,3029,1922,1949,2727,3039,3527,2458,3057
"ENSG00000251192",61,126,57,47,31,19,41,87,74,99,60
"ENSG00000251201",15,20,25,90,54,61,72,49,38,70,82
"ENSG00000251247",328,326,299.99999,199,179,223,222,424,334,402,325
"ENSG00000251322",229,260,283.99999,45,65,58,41,51,44,40,35
"ENSG00000251349",730,802,766,389,482,268,109,236,297,106,121
"ENSG00000251369",126,139,156,415,342,349,384,400,506,508,489
"ENSG00000251503",41,63,146.99999,70,77,57,39,110,124,50,82
"ENSG00000251664",17,21,384,280,288,317,259,344,388,380,485
"ENSG00000253117",940,1073,4152,1143,883,855,1020,1841,1336,1605,1874
"ENSG00000253250",233,171,174,284,221,245,295,275,308,263,252
"ENSG00000253251",44,56,44,87,38,62,41,156,106,68,89
"ENSG00000253276",79,76,91,26,34,33,36,58,46,39,28
"ENSG00000253305",181,134,232,4910,5192,4786,5878,4855,6375,8768,7418
"ENSG00000253352",783.00002,671,678,1696,1683,1613,1477,2245,1835,1816,2232
"ENSG00000253368",36,49,27,15,17,17,13,27,4,14,8
"ENSG00000253457",13,33,23,47,79,101,80,59,40,35,32
"ENSG00000253710",356.99999,332.00001,307,745,620,704,782,1039,1027,1168,1188
"ENSG00000253719",1007,1083,1041,6192,5775,5755,7252,6221,7700,8845,7678
"ENSG00000253729",920.99999,1025,927,5196,3996,4265,4571,3392,4167,5520,5405
"ENSG00000253846",126,28,36,153,123,110,164,73,101,143,96
"ENSG00000254004",338.00001,411,364,1111,864,1030,1146,1381,1400,1502,1468
"ENSG00000254087",168,152,168,146,136,115,179,233,176,176,218
"ENSG00000254093",124.99999,106,134,185,223,199,238,375,254,239,256
"ENSG00000254122",18,45,12,152,196,197,185,139,121,388,199
"ENSG00000254206",35,19,41,28,49,33,50,40,22,38,52
"ENSG00000254413",40,75,47,118,136,85,111,175,142,139,138
"ENSG00000254469",37.99999,91,71.00001,41,35,31,48,70,46,85,65
"ENSG00000254470",64,54,68,91,136,122,90,166,133,164,206
"ENSG00000254505",239,237,223,382,429,389,424,728,584,601,605
"ENSG00000254536",21,14,9,64,50,40,18,77,57,76,79
"ENSG00000254585",101,92,83,108,123,99,128,99,60,70,120
"ENSG00000254685",69,77.00001,70,215,107,161,175,393,445,337,445
"ENSG00000254726",734,778,745,410,518,457,448,450,345,365,444
"ENSG00000254772",2758,3861,3147,39292,44154,34423,45722,27829,30973,24820,27315
"ENSG00000254806",53,47,53,188,103,202,227,217,270,87,216
"ENSG00000254858",70,53,48,200,218,188,182,396,312,378,324
"ENSG00000254870",25,27,28,129,109,48,85,172,156,126,119
"ENSG00000254901",131.99999,72,152,262,360,324,299,450,391,347,373
"ENSG00000254986",159,221.99999,150,638,757,699,743,701,906,1122,1040
"ENSG00000254995",48,109,43,105,111,112,71,138,80,53,104
"ENSG00000254996",56.99999,178,58.99999,134,163,234,92,355,278,378,208
"ENSG00000254999",1174,1719,1422,4724,4190,3873,4797,4700,4573,3682,4087
"ENSG00000255104",23,25,12,39,37,67,31,49,17,7,11
"ENSG00000255112",343,424,449,1301,944,1052,1294,1462,1569,1568,1404
"ENSG00000255152",153,117,92,102,65,71,99,43,54,41,55
"ENSG00000255154",52,84,59,354,275,374,362,613,465,469,495
"ENSG00000255245",8,14,8,12,18,13,19,20,24,15,10
"ENSG00000255302",1926,2246,2080,4061,3602,3803,4169,7125,5985,5738,6313
"ENSG00000255330",301,496,342,385,420,460,445,332,200,427,389
"ENSG00000255408",20,22,9,60,25,38,62,54,62,74,62
"ENSG00000255439",14,50,37,43,55,17,51,47,78,66,38
"ENSG00000255508",36,44,22,49,68,78,79,33,98,109,92
"ENSG00000255529",269.99999,267.00001,241,1498,1023,1129,1424,1292,1536,1503,1520
"ENSG00000255561",34,32,26,62,66,63,57,137,116,146,147
"ENSG00000255639",38,15,42,574,462,547,571,603,673,552,642
"ENSG00000255690",20,16,13,122,165,170,142,133,89,236,273
"ENSG00000255837",29,188,39,38,16,21,38,37,26,33,14
"ENSG00000256043",45,24,165,66,40,69,76,120,98,120,214
"ENSG00000256053",496.99999,610.00001,539.00001,652,601,473,582,827,591,459,538
"ENSG00000256060",116,195,173,176,135,166,181,223,173,199,175
"ENSG00000256061",157,222,181.00001,57,53,47,60,144,73,70,97
"ENSG00000256087",193,264,176,82,78,74,79,143,127,146,186
"ENSG00000256223",227.99999,274,233,164,171,191,226,264,238,296,239
"ENSG00000256229",77,86,108,89,42,71,117,125,158,130,122
"ENSG00000256235",86,116,116,153,141,154,211,268,239,300,190
"ENSG00000256269",106.99999,158,133,466,522,528,440,921,701,704,704
"ENSG00000256294",40,64,81,153,112,135,160,196,264,345,263
"ENSG00000256463",10,13,13,55,66,52,76,27,10,21,18
"ENSG00000256500",7,12,7,15,49,35,42,10,11,27,29
"ENSG00000256525",225,270.99999,282.00001,173,142,140,167,246,271,222,202
"ENSG00000256537",453,623,418,802,673,662,774,889,750,739,807
"ENSG00000256591",44,26,35,104,64,71,77,109,136,113,138
"ENSG00000256646",111,93.99999,102,482,444,397,418,758,762,796,859
"ENSG00000256771",192,263,167,28,35,55,36,60,84,101,85
"ENSG00000256806",59,69,62,116,108,139,101,325,227,293,235
"ENSG00000257093",392,419,394,306,249,283,295,483,634,705,684
"ENSG00000257103",1286.99999,1563,1263,3892,3065,3397,4167,2802,3554,3486,3543
"ENSG00000257218",297,255,258,1417,1155,1214,1315,1392,1601,1424,1448
"ENSG00000257315",112,93,142,378,185,244,310,138,226,254,219
"ENSG00000257365",256,375,275,506,444,477,601,966,1021,1037,930
"ENSG00000257524",44,26,75,181,191,148,283,105,106,152,150
"ENSG00000257591",62,64,20,34,64,68,85,111,166,194,166
"ENSG00000257594",11,10,31,100,52,69,74,158,119,170,128
"ENSG00000257704",147,162,142,175,296,270,118,71,25,57,102
"ENSG00000257727",750,756,706.00001,1117,1314,1130,1234,2085,1599,1837,1846
"ENSG00000257921",9,10,17,33,20,43,26,0,84,64,60
"ENSG00000257923",1909.00001,2168.99999,1394,2272,2490,2268,2434,2073,2422,2502,2475
"ENSG00000257950",44,34,42,78,42,54,44,86,55,72,89
"ENSG00000258102",16,9,17,92,113,69,79,56,68,80,56
"ENSG00000258289",628,612,531,1517,1202,1291,1309,2195,2036,1557,1798
"ENSG00000258311",33,25,22,77,101,96,78,133,145,139,149
"ENSG00000258315",96,130,133,1048,1330,1083,1361,1221,977,936,1089
"ENSG00000258366",172.00001,135,163,161,208,175,174,195,215,375,266
"ENSG00000258388",101,96,73,123,133,117,110,135,135,88,85
"ENSG00000258643",102,78,144,128,142,175,211,100,180,105,206
"ENSG00000258653",12,20,19,46,36,31,51,111,83,74,107
"ENSG00000258659",30,32,29,22,11,22,19,48,30,50,47
"ENSG00000258728",35,26,32,116,137,167,82,113,158,89,83
"ENSG00000258790",92,112,88,143,163,128,99,308,250,303,342
"ENSG00000258818",67,139,110,673,572,572,915,335,357,424,294
"ENSG00000258839",50,20,26,105,125,140,147,222,165,188,202
"ENSG00000258890",542,607,542.00001,656,479,565,658,984,892,730,834
"ENSG00000258947",2208.99999,3391,2123,16841,21097,17165,19997,10970,8413,10011,8634
"ENSG00000258986",62,52,53,213,230,243,239,294,362,407,426
"ENSG00000259024",378.00001,146.99999,305,379,385,324,599,429,567,691,601
"ENSG00000259030",80.00001,86,67,99,75,60,69,84,81,114,80
"ENSG00000259112",33,21,13,1351,586,812,607,1083,746,688,905
"ENSG00000259207",34,39,37,11,24,6,16,7,12,63,33
"ENSG00000259305",25,37,59,51,107,57,63,47,52,61,44
"ENSG00000259316",17,28,26,72,104,71,70,109,110,106,93
"ENSG00000259330",90,118,99,73,71,76,53,63,63,61,50
"ENSG00000259332",60,58,43,29,68,63,24,74,71,67,55
"ENSG00000259399",7,8,10,35,17,31,29,25,19,23,36
"ENSG00000259431",99,136,136,689,747,625,695,1078,1109,972,972
"ENSG00000259494",179.00001,183,200,390,322,238,414,586,401,477,522
"ENSG00000259956",335,287,304,482,586,530,478,712,565,502,529
"ENSG00000260007",40,30,25,113,47,77,119,27,61,71,49
"ENSG00000260230",338,361.00001,362,352,211,241,264,278,199,245,238
"ENSG00000260238",29,76,57,250,276,213,265,316,297,286,242
"ENSG00000260272",10,20,16,7,19,16,19,32,26,36,11
"ENSG00000260342",7,12,9,27,103,101,162,153,67,93,115
"ENSG00000260456",41,37,23,91,111,110,102,108,89,105,84
"ENSG00000260643",24,52,21,176,111,122,129,75,75,97,122
"ENSG00000260802",281,435,229,1146,888,779,1013,1103,1190,1054,959
"ENSG00000260903",314,280,248,145,130,143,91,203,127,165,169
"ENSG00000260916",454.00001,568.00001,527,1419,1130,1169,1392,1655,1852,1912,2006
"ENSG00000261115",50,45,39,536,609,501,529,325,443,606,560
"ENSG00000261150",15,11,13,63,104,154,83,97,55,67,81
"ENSG00000261210",25,21,11,383,318,274,315,406,620,273,661
"ENSG00000261236",58,79,59,253,367,329,254,174,132,153,351
"ENSG00000261371",8,24,19,19,22,12,26,13,25,11,21
"ENSG00000261408",104,105.00001,70,17,57,14,29,22,56,73,53
"ENSG00000261609",193,188,171,355,291,373,424,305,298,472,419
"ENSG00000261652",30,51,37,55,35,25,37,73,88,49,54
"ENSG00000261678",113,159,90,40,33,30,25,19,18,22,30
"ENSG00000261701",27,11,7,31,20,22,21,13,5,10,12
"ENSG00000261732",78,70,37,17,15,12,21,40,13,31,44
"ENSG00000261740",96,180,133,526,380,433,443,649,560,450,520
"ENSG00000261794",26,29,14,16,25,30,31,21,24,16,17
"ENSG00000261832",24,11,18,32,42,51,47,38,64,53,65
"ENSG00000261884",21,24,15,74,84,86,95,122,92,132,74
"ENSG00000261915",57,9,17,61,90,92,104,34,40,62,86
"ENSG00000261949",103.00001,170.00001,154,366,245,283,330,261,228,196,191
"ENSG00000262246",225,232.99999,221.99999,1355,1545,1467,1568,1319,1522,2524,1749
"ENSG00000262655",98,46,90,639,630,604,740,455,515,1244,810
"ENSG00000262814",259,321,299,649,689,619,653,947,688,721,729
"ENSG00000262919",113,170,135,180,303,249,210,215,162,149,322
"ENSG00000263001",681,774,766.99999,2959,3085,3064,2140,1805,1184,1840,3816
"ENSG00000263002",105,111,100,230,168,188,251,234,249,337,280
"ENSG00000263020",63,57,55,41,39,25,35,34,17,18,16
"ENSG00000263465",300,314,304,844,812,762,665,718,575,706,936
"ENSG00000263528",11,56,26,60,109,45,40,139,128,153,161
"ENSG00000263874",64,82,99,475,525,435,513,453,444,423,453
"ENSG00000263956",342,334,344.00001,202,211,232,214,293,377,513,325
"ENSG00000264058",30,98,63,73,83,35,46,73,55,49,46
"ENSG00000264343",27,38.99999,17,1562,1376,1179,1591,1095,1091,1608,1285
"ENSG00000264364",623,629,571,176,187,159,148,114,127,195,159
"ENSG00000264522",247,300,272,281,187,215,181,170,181,216,224
"ENSG00000265203",356,318,381,1074,955,1257,869,1683,2270,2941,2362
"ENSG00000265241",777,827.99999,885,5110,4389,4498,5162,5682,7140,6902,6872
"ENSG00000265354",426,402,345,1075,1031,1056,1087,2004,1814,1596,1832
"ENSG00000265491",324,351,329,612,487,513,556,613,483,685,764
"ENSG00000265590",475.00001,380.00002,429.99999,471,433,480,444,638,649,795,626
"ENSG00000265681",948,1278,1060.00001,13421,14462,11370,14148,13576,13503,7306,10445
"ENSG00000265763",79,91,87,334,312,307,357,537,628,737,738
"ENSG00000265808",264,366,332,1028,750,977,904,1834,1878,1762,1872
"ENSG00000265817",97,124,124,397,220,332,283,287,339,392,291
"ENSG00000265972",1403,1904,2101,6876,5584,6247,8825,10173,8856,6932,8543
"ENSG00000266028",216,309,217,1248,1372,1188,1522,1053,1224,1479,1538
"ENSG00000266074",255,235,226,102,120,129,108,125,118,134,130
"ENSG00000266086",38,36,66,285,203,280,182,162,120,128,131
"ENSG00000266094",14,17.99999,11,24,23,27,19,31,44,52,64
"ENSG00000266173",382.00001,445,451.00001,457,470,430,506,833,836,734,810
"ENSG00000266338",217.99999,246,224.00001,583,583,542,591,550,561,676,600
"ENSG00000266412",629,713,573,4416,3670,3818,4704,4096,4230,4484,4388
"ENSG00000266472",965,1054,452,2356,2735,2329,2811,3750,2690,2336,2671
"ENSG00000266714",238,195.99999,181,38,55,49,46,113,84,74,110
"ENSG00000266964",277.99999,366.00001,800.99999,46,56,55,36,83,79,65,54
"ENSG00000266967",299.00001,315,190.00001,848,1015,815,921,956,823,974,836
"ENSG00000267041",74,69,59,26,17,28,21,56,26,45,36
"ENSG00000267060",36,53,24,49,47,54,59,92,78,89,58
"ENSG00000267127",21,30,19,52,58,58,66,29,46,63,58
"ENSG00000267221",53,65,50,133,108,104,119,106,100,161,148
"ENSG00000267508",38,78.00001,60.00001,203,155,166,185,239,258,363,289
"ENSG00000267534",47,82,52,164,186,187,211,141,147,253,173
"ENSG00000267645",47,70,59,560,765,597,1003,519,710,604,589
"ENSG00000267673",97.00001,93,86.00001,335,384,315,359,508,416,394,437
"ENSG00000267680",113,133.00001,110,217,254,266,299,433,379,451,409
"ENSG00000267740",27,28,37,29,39,23,37,34,24,19,25
"ENSG00000267796",115,151.99999,111.99999,245,313,291,321,373,277,288,248
"ENSG00000267855",1050,1215.00001,1092.00001,1307,1285,1127,1206,1785,1280,1047,1135
"ENSG00000267909",17,17,12,10,20,20,9,2,9,23,5
"ENSG00000268043",309.00001,243,273,317,301,347,397,401,451,844,553
"ENSG00000268089",20,14,9,45,37,59,75,57,71,49,60
"ENSG00000268182",84,69,62,164,86,112,111,135,96,119,91
"ENSG00000268350",75,45,29,510,326,438,521,426,389,757,681
"ENSG00000268750",17,32,24,34,33,22,26,43,35,54,35
"ENSG00000269190",339,359,246.00001,488,411,427,469,424,306,399,518
"ENSG00000269313",29,19.00001,34.99999,50,78,57,81,133,139,120,101
"ENSG00000269335",23.99999,27,44,124,180,137,135,195,157,217,231
"ENSG00000269343",117,153,147,33,49,48,30,118,96,110,92
"ENSG00000269556",100,105.99999,71,648,795,740,712,830,647,934,853
"ENSG00000269713",137,134,152.99999,1527,1365,1519,1857,1369,1524,1997,1678
"ENSG00000269743",112.00001,98,165,194,163,203,220,212,247,256,258
"ENSG00000269825",312,81,88,208,159,153,128,199,172,192,154
"ENSG00000269858",196,262,208.99999,1062,1293,1205,1565,1217,1290,1703,1429
"ENSG00000269891",33,24,7,222,193,169,183,77,63,112,107
"ENSG00000270106",7,39.99999,33,43,19,12,42,11,17,17,24
"ENSG00000270170",283,298,160,378,522,461,435,604,351,734,757
"ENSG00000270231",179,166,131,781,646,708,879,748,701,713,720
"ENSG00000270629",87,74,69,773,694,819,1124,851,833,2269,1305
"ENSG00000270647",1130,1121.99999,1057,753,497,634,550,537,646,794,662
"ENSG00000270757",7,8,7,147,170,107,0,260,227,206,130
"ENSG00000270800",48,102,79,2409,1957,1996,2091,1814,2048,2447,2225
"ENSG00000270885",84,67,83,325,371,331,320,129,148,251,246
"ENSG00000271303",137,114,68,69,100,87,70,106,51,82,97
"ENSG00000271383",59,123,125,490,395,435,585,537,394,1180,808
"ENSG00000271425",66,36,76,256,367,428,412,381,310,822,719
"ENSG00000271601",477,582,514,1185,880,879,983,1145,965,977,1039
"ENSG00000271741",10,9,11,114,57,133,91,105,200,136,134
"ENSG00000271793",13,16,7,71,37,0,28,71,68,41,35
"ENSG00000272031",34,42,39,65,87,52,77,67,98,140,116
"ENSG00000272047",559,612,645.00001,848,826,863,803,1759,1363,926,1270
"ENSG00000272325",769,960,737,2530,3581,2851,2691,1638,1277,1829,2775
"ENSG00000272333",252,306,272.00001,109,118,120,83,119,114,117,99
"ENSG00000272391",660.99999,539,435,497,509,577,570,799,736,1288,989
"ENSG00000272398",993,1356,936,9769,7700,7966,9010,5377,4605,4702,4516
"ENSG00000272414",17,63,85,23,92,78,90,72,63,92,145
"ENSG00000272514",29,76,94,103,54,87,73,130,123,79,116
"ENSG00000272636",921,1096,580,305,279,413,316,475,292,454,449
"ENSG00000272647",7,12,8,21,23,9,53,6,20,23,4
"ENSG00000272674",52,54,149,237,157,184,260,235,241,337,313
"ENSG00000272772",11,9,16,5845,4744,4452,5320,6419,6216,4583,5466
"ENSG00000272822",18,20,13,32,105,73,41,57,66,33,58
"ENSG00000272886",672,693,626,1812,1740,2038,2094,1737,1565,2129,1765
"ENSG00000272916",16,40,15,32,71,4,64,48,63,65,28
"ENSG00000273045",20,55,36,71,44,38,67,79,68,70,86
"ENSG00000273079",40,31,39,225,291,228,271,124,128,247,139
"ENSG00000273136",55,137,126,262,247,295,383,249,267,527,423
"ENSG00000273154",33,34,23,119,66,95,104,166,78,183,169
"ENSG00000273173",156,88,106,66,94,69,115,89,81,70,50
"ENSG00000273274",39,40,22,165,174,164,168,128,148,228,158
"ENSG00000273345",106,148,135.99999,124,59,54,40,103,59,28,54
"ENSG00000273559",280.99999,294.00001,336,290,294,326,314,604,353,389,369
"ENSG00000273611",432,452,450,1011,838,897,954,1133,958,691,842
"ENSG00000273706",42,30,39,103,97,130,130,34,36,76,56
"ENSG00000273749",494,467,502,2399,2425,2234,2863,2601,3250,3383,3235
"ENSG00000273802",59,63,65,212,299,189,187,185,122,65,122
"ENSG00000273820",55,83,51,39,74,34,82,43,29,58,41
"ENSG00000273841",372,530.99997,454,3664,2785,2906,3527,2582,2217,1784,1996
"ENSG00000273899",114,131,122,312,451,360,384,573,407,429,413
"ENSG00000273983",58,50,74,26,32,21,25,17,12,6,2
"ENSG00000274070",443,386,420,1578,1596,1696,2237,1288,2063,2700,2339
"ENSG00000274180",87,90,98,171,192,174,172,178,164,206,233
"ENSG00000274211",268,339,328,346,345,365,393,291,339,377,399
"ENSG00000274290",194,224,189,45,36,36,24,7,21,12,10
"ENSG00000274349",62,63,84.99999,52,35,89,23,194,147,190,181
"ENSG00000274386",51,42,44,70,51,67,93,58,57,36,46
"ENSG00000274512",12,25,28,155,222,175,175,223,194,153,190
"ENSG00000274523",194,241,209,428,712,499,366,337,230,388,707
"ENSG00000274750",49,58,85,35,15,54,24,53,50,38,51
"ENSG00000274810",12,10,14,34,14,0,7,41,0,4,20
"ENSG00000274997",198,203,622,20,19,6,20,41,32,9,27
"ENSG00000275004",102,87.99999,108.99999,262,251,283,251,374,309,331,298
"ENSG00000275023",580.99999,511,521,299,360,326,268,480,420,531,502
"ENSG00000275052",765.99999,1173,709,1224,996,1112,1188,1494,1900,1975,1956
"ENSG00000275066",633.99999,800.99999,557,728,647,672,768,911,991,1255,1166
"ENSG00000275074",33,73,33,52,86,67,61,29,15,71,104
"ENSG00000275111",69,213.00001,129,99,97,127,182,201,194,251,241
"ENSG00000275221",45,39,62,47,44,41,63,53,43,34,35
"ENSG00000275342",59,57,44,86,94,117,140,79,53,109,81
"ENSG00000275700",278.99999,259,177,846,812,828,1022,1116,1063,1167,1067
"ENSG00000275713",51,53,84,77,88,77,102,73,71,50,53
"ENSG00000275740",19,96,95,535,490,500,607,378,403,507,501
"ENSG00000275778",377,525.00001,306,297,266,249,328,290,224,246,224
"ENSG00000275832",407.99999,339,282,98,113,96,73,100,116,99,99
"ENSG00000275835",229,302,305,464,453,443,460,738,791,828,819
"ENSG00000276023",130,97,105,175,196,227,276,313,198,354,318
"ENSG00000276043",200,99.99999,144,1109,908,969,822,1314,1630,1446,1832
"ENSG00000276045",63,59,75,108,161,101,132,134,74,120,97
"ENSG00000276180",13,15,14,41,61,33,41,18,19,15,10
"ENSG00000276234",350.99999,285.99999,351,216,179,168,209,345,271,337,284
"ENSG00000276293",698,692,576,1454,1480,1506,1731,1216,1273,1858,1586
"ENSG00000276410",9,12,15,1003,1061,943,1388,1384,1468,1735,1504
"ENSG00000276600",9,24,119,10,10,5,11,31,38,63,26
"ENSG00000276644",6102.99999,3198,6448,757,727,789,652,1847,1505,1200,1438
"ENSG00000276966",360,290,480,26,37,31,33,27,24,6,16
"ENSG00000277075",191,141,154,195,195,180,170,227,127,50,112
"ENSG00000277149",84,64,72,53,38,53,37,69,70,49,83
"ENSG00000277157",46,28,70,25,19,32,7,9,1,5,2
"ENSG00000277161",49,44,28,89,60,92,57,147,168,158,163
"ENSG00000277200",30,30,30,25,40,43,36,56,39,71,45
"ENSG00000277258",476.99999,498.99999,339,254,254,321,331,224,177,148,145
"ENSG00000277363",241,255,225,128,184,152,139,119,77,105,86
"ENSG00000277443",4322,5325,6327,4946,3452,4027,3530,4101,3978,3123,3727
"ENSG00000277462",70,141,92,182,151,205,232,309,238,334,232
"ENSG00000277531",56,72,93,256,238,264,260,183,250,356,323
"ENSG00000277586",87,118,39,10007,9807,7026,13021,2316,1696,5309,3419
"ENSG00000277791",591,748,636,4031,4888,3767,4408,6605,5592,4092,4984
"ENSG00000277972",109,130,81.00001,131,163,123,116,187,110,119,137
"ENSG00000278023",99,59,48.00001,140,98,85,122,122,98,84,76
"ENSG00000278053",373,378,367,360,309,418,291,718,580,550,588
"ENSG00000278129",258,167,208,378,381,368,388,354,399,579,514
"ENSG00000278259",294.00001,267,406.00001,282,349,286,216,382,388,396,443
"ENSG00000278311",548.00001,602.00001,500.00001,1621,1465,1535,1956,1737,1562,1910,1874
"ENSG00000278535",89,66,63.99999,215,321,231,189,85,67,98,256
"ENSG00000278540",1062,1210,953,1933,1657,1781,1958,1144,1361,2044,1785
"ENSG00000278570",84.99999,34.99999,120,7,11,4,4,146,366,382,217
"ENSG00000278615",446,450,427,489,557,441,490,1052,674,576,667
"ENSG00000278619",19,12,33,42,49,93,70,137,144,118,123
"ENSG00000278662",60,79,63,170,132,149,209,118,107,100,114
"ENSG00000278677",49,43,78,45,42,51,30,50,12,9,12
"ENSG00000278828",25,47,53,277,257,193,199,66,77,56,69
"ENSG00000278845",319,338,287,1088,920,894,1117,1264,1082,923,1012
"ENSG00000279170",238,336,166,239,182,202,219,252,228,243,275
"ENSG00000280165",39,29,14,170,139,179,228,148,118,178,97
"ENSG00000280670",24,25,33,62,59,60,83,51,51,62,36
"ENSG00000280789",587,711,715,751,732,684,534,683,641,712,869
"ENSG00000280893",12,13,10,712,681,640,561,803,669,673,606
"ENSG00000280987",30,36,25.99999,1357,545,1348,1013,452,818,967,917
"ENSG00000281406",251,26,100,43,27,51,27,93,60,87,64
"ENSG00000282034",98,97,99,110,184,176,115,375,355,242,343
"ENSG00000282988",77,96.00001,99,177,220,137,166,309,150,90,106
"ENSG00000283128",156.00001,91.99999,86,42,48,58,34,66,33,43,36
"ENSG00000283154",318,76,376,121,118,82,67,55,38,102,139
"ENSG00000283189",157,170.99999,138,260,332,181,134,191,198,256,119
"ENSG00000283208",96,75,83,33,13,9,3,32,24,29,48
"ENSG00000283515",36,18,35,51,70,84,54,447,433,431,380
"ENSG00000283761",280,345,505,133,113,150,146,134,246,187,207
"ENSG00000283765",37,25,19,20,46,11,20,58,0,0,30
"ENSG00000283782",639.99999,638.99999,589.99999,31,64,7,21,49,28,8,22
"ENSG00000283900",28,48,33,141,230,187,224,168,152,174,151
"ENSG00000283930",18,18,21,78,82,58,120,42,80,126,87
"ENSG00000284024",138,114,112,690,566,568,779,622,754,697,663
"ENSG00000284130",33,37,74,343,266,282,333,255,296,324,276
"ENSG00000284194",49,57,54,41,152,82,61,220,105,155,115
"ENSG00000284292",26,30,19,70,40,22,50,67,34,93,85
"ENSG00000284308",61,82,58,56,108,85,104,164,163,223,191
"ENSG00000284431",21,35,52,265,263,217,195,222,136,113,112
"ENSG00000284479",22,18,10,66,69,1,79,200,140,175,173
"ENSG00000284505",20,8,8,71,71,61,56,28,8,15,48
"ENSG00000284526",41,68,92,46,50,30,29,40,37,39,45
"ENSG00000284686",31.99999,18,15,7,26,29,15,20,27,23,13
"ENSG00000284691",59,71,71,123,156,101,125,90,58,109,130
"ENSG00000284753",33,33,31,88,129,92,83,204,227,143,173
"ENSG00000284770",578.99999,672.00001,961.99999,515,489,403,465,819,606,565,638
"ENSG00000284820",22,19,9,14,30,50,41,29,75,73,48
"ENSG00000284862",102,129,183.00001,62,20,35,34,41,34,39,30
"ENSG00000284874",261,356,254,81,97,77,93,80,24,71,89
"ENSG00000284906",52,89,69,207,101,110,145,127,205,136,177
"ENSG00000284946",9,61,59,128,100,89,114,118,70,116,64
"ENSG00000285043",307,446,373,713,728,638,933,979,1191,1059,1036
"ENSG00000285053",126.00001,100,64,430,354,365,408,217,327,304,314
"ENSG00000285077",94.99999,99.99999,60,96,56,70,77,51,56,58,53
"ENSG00000285130",84,119,40,104,84,128,178,51,68,69,69
"ENSG00000285382",30,97,56,59,56,49,45,57,44,57,90
"ENSG00000285437",81,44,48,336,334,357,349,471,294,472,495
"ENSG00000285589",970,1106,1093,290,339,333,295,449,336,292,320
"ENSG00000285641",8,24,11,336,355,250,255,269,244,302,361
"ENSG00000285791",49,51,48,42,18,60,27,74,58,52,49
"ENSG00000285815",13,12,11,34,20,28,41,39,55,13,32
"ENSG00000285816",57,26,32,18,22,0,54,108,90,154,97
"ENSG00000285897",10,8,17,8,20,20,15,26,8,18,25
"ENSG00000285942",24,18,24,24,36,17,44,56,53,48,37
"ENSG00000285943",25,52,37,87,84,40,64,105,92,141,81
"ENSG00000285976",22,17,7,2882,2279,2643,3139,1631,2237,3388,2636
"ENSG00000286019",19,34,29,188,164,145,210,117,164,291,278
"ENSG00000286070",363.99999,445,477,477,643,513,626,796,746,556,714
"ENSG00000286132",21,46,30,97,86,92,91,63,123,120,138
"ENSG00000286140",113,122,139,136,263,266,153,335,389,698,642
"ENSG00000286219",82,81,48,246,122,215,257,235,155,301,240
"ENSG00000286237",14,23,14,148,209,187,258,252,293,245,184
"ENSG00000286264",56,60,43,73,64,85,50,38,53,58,53
"ENSG00000286522",80,108,130,22,43,24,22,22,13,12,6
"ENSG00000286905",17,31,12,68,75,61,35,132,107,82,105
"ENSG00000287725",28,62,67,95,103,66,167,83,77,107,107
"ENSG00000288534",11,20,17,990,1046,1047,984,1517,1583,2247,1849
"ENSG00000288550",20,66,9,108,3,9,9,121,13,4,33
"ENSG00000288558",252.99999,183,240.99999,50,51,59,53,95,105,103,126
"ENSG00000288602",19,69,32,55,0,0,67,62,82,190,194
"ENSG00000288637",115,42.00001,227,235,69,138,160,108,284,235,149
"ENSG00000288640",14,16,15,70,37,73,85,76,39,77,42
"ENSG00000288701",2375,1768,1685.00001,2055,2387,2439,2688,1892,2015,3104,2944
"ENSG00000288721",58,10,22,83,82,85,79,53,45,100,109
"ENSG00000288920",797,1070,1083,585,514,529,565,573,529,351,493
"ENSG00000289346",8,25,13,67,51,50,50,120,97,71,104
"ENSG00000289701",16,23,37,26,20,22,11,16,33,13,23
"ENSG00000289720",24,19,21,152,162,146,169,216,401,234,182
"ENSG00000290146",48,68,97,95,103,71,118,187,177,156,167
"ENSG00000290147",999,733,575,153,92,128,48,95,50,104,110
"ENSG00000290263",8,22,7,59,21,19,28,41,50,41,37
"ENSG00000290292",130,128.99999,121,122,140,171,129,201,286,385,318
"ENSG00000290318",43,11,9,361,540,289,407,470,507,516,602
"ENSG00000291237",516.00001,446,471.00001,2839,1641,2046,2722,1515,2515,2656,2423
"ENSG00000291317",107,159,123.99999,578,600,566,602,1105,999,1292,1057
"ENSG00000292277",116,129,7,22,15,22,24,40,31,52,51
