"","LR__H9_CRX_ROs_D45","LR__EP1_WT_ROs_D45","SR__D0_1","SR__D0_2","SR__D0_3","SR__D10_3","SR__D10_4","SR__D10_5","SR__D10_6","SR__D25_1","SR__D25_2","SR__D25_3","SR__D25_4"
"ENSG00000000003",1141.00001,2523.99999,3434,3664,2772,6646,6418,4852,5561,5466,4887,6136,5604
"ENSG00000000419",1265.99999,1485,1110,1090,821,1298,1705,965,1164,878,822,917,945
"ENSG00000000457",339.99999,292.99999,247,189,218,299,209,239,290,477,492,477,351
"ENSG00000000460",541,819.00001,1172,1079,955,1147,1037,1007,1144,1331,1030,1042,1335
"ENSG00000001036",673,486,2888,2803,2304,1608,1350,1274,1419,1863,1635,1685,1617
"ENSG00000001084",212,229,485,423,394,465,272,343,404,360,307,342,401
"ENSG00000001167",512,639,1032,1091,976,1329,893,1295,1254,1312,1170,986,1086
"ENSG00000001460",90,104,341,310,270,544,421,486,525,335,282,252,318
"ENSG00000001461",174.00001,166,521,483,438,482,289,449,426,507,675,459,412
"ENSG00000001497",485.99999,535.99999,3654,3253,2815,3319,2281,3488,3786,2542,2522,1962,2330
"ENSG00000001561",89,122,111,136,108,444,212,304,298,349,306,324,349
"ENSG00000001617",695,474,228,181,187,379,265,368,409,74,70,69,100
"ENSG00000001629",767,1059,520,487,463,793,551,731,613,317,278,283,307
"ENSG00000001630",850,1277,3643,3643,3001,3272,2059,2530,2796,4189,3813,3462,4019
"ENSG00000001631",931,1722,797,626,617,1102,466,814,1001,955,954,998,968
"ENSG00000002016",319.99999,460.99999,264,239,166,358,266,348,376,329,344,348,302
"ENSG00000002330",679.00001,681,686,464,493,581,1005,550,598,1710,1866,1452,1491
"ENSG00000002549",462,497,1972,1683,1443,1780,1438,1647,1701,1267,1279,1251,1356
"ENSG00000002587",78,106,46,42,22,22,12,15,22,91,106,71,62
"ENSG00000002746",103,125,265,191,231,41,24,61,67,184,263,186,198
"ENSG00000002822",674,1066,916,764,707,1012,718,1104,1166,1438,1537,1085,1350
"ENSG00000002834",939,888,3553,3297,2813,2589,1456,2470,2563,3088,3263,2276,3014
"ENSG00000002919",162,192.99999,984,899,700,1555,1537,1463,1493,1335,1343,1164,1243
"ENSG00000002933",335,335.99999,7,9,1,9,11,7,4,783,1157,997,713
"ENSG00000003056",370,478,5016,4540,3637,4854,3327,3941,4530,3161,3102,2603,2696
"ENSG00000003096",232,386,786,720,545,1780,1431,1446,1674,1968,1784,1783,1729
"ENSG00000003147",117.99999,326,1020,932,804,316,218,265,233,59,58,64,62
"ENSG00000003249",126,186,766,550,576,620,691,741,658,119,153,149,144
"ENSG00000003393",652,705.99999,1042,1077,994,1612,837,1438,1446,1338,1366,1137,1071
"ENSG00000003402",141,155,385,275,303,559,377,419,447,568,563,475,593
"ENSG00000003436",162.99999,187,276,251,208,1359,707,879,1069,403,228,309,338
"ENSG00000003509",294,293.00001,1015,956,946,513,415,417,505,555,495,518,488
"ENSG00000003756",1491.99998,2065,1765,1422,1396,2861,2027,2533,2711,2307,2585,2129,2141
"ENSG00000003987",294,499,182,182,150,243,135,224,191,340,269,242,234
"ENSG00000003989",112.00001,126,252,237,228,329,192,348,291,40,32,56,50
"ENSG00000004059",1255,1414,2182,1951,2116,3582,5641,3670,3266,3022,2668,3291,3909
"ENSG00000004139",673,487,91,54,53,51,55,61,63,452,441,352,442
"ENSG00000004142",591,616,1726,2131,2294,2850,3411,2847,2515,2786,2227,2842,3544
"ENSG00000004399",306,63,356,278,271,197,142,215,207,58,53,45,63
"ENSG00000004455",870,1129,4325,3625,3296,4815,5300,4216,4222,4938,4488,4591,4581
"ENSG00000004478",780,854,4857,5386,6293,3996,4106,4301,3588,2350,1915,2557,3488
"ENSG00000004487",4568.99999,6543.00001,2044,1602,1929,2715,3887,3320,2013,1661,1511,1572,3872
"ENSG00000004534",2277,3294.99999,1765,1621,1378,2618,1453,2502,2690,1811,1988,1505,1587
"ENSG00000004660",224,156,120,66,77,75,63,80,82,105,112,123,111
"ENSG00000004700",592,452,1178,1108,938,1119,742,889,1065,884,715,729,787
"ENSG00000004766",398,756,268,267,190,361,216,244,291,463,392,381,393
"ENSG00000004777",527.00001,453,144,109,111,250,157,304,302,1071,1133,775,929
"ENSG00000004779",1318,1685,4045,3817,3400,3170,5339,2794,2877,3095,2990,3183,3410
"ENSG00000004799",46,53,0,1,0,0,1,1,0,60,67,81,90
"ENSG00000004838",187,241,9,6,3,16,20,8,11,257,135,159,237
"ENSG00000004848",70,27,1,0,0,11,3,12,17,93,74,43,71
"ENSG00000004864",802,1120,2577,2505,2231,3811,2191,3098,3488,2612,2529,2449,2568
"ENSG00000004866",521.00002,938.99998,354,352,259,123,105,137,111,666,864,616,584
"ENSG00000004897",1619,1602.00001,1753,1726,1435,2804,1831,2312,2566,2171,1894,1870,2014
"ENSG00000004961",162.99999,212,888,744,759,778,715,583,596,659,677,788,692
"ENSG00000004975",413,445,702,728,699,1413,1011,1399,1332,1442,1549,1309,1821
"ENSG00000005007",445,417,371,236,302,206,253,297,234,220,202,184,263
"ENSG00000005020",37,24,104,105,79,94,47,79,105,74,155,125,123
"ENSG00000005022",2298,2252,15850,13814,12596,9543,13528,7602,7400,6052,5930,6703,6082
"ENSG00000005059",589,739,93,89,127,309,526,300,222,266,171,334,536
"ENSG00000005075",1554,1472,1430,1050,1030,1281,1453,1388,1383,1739,1827,1544,1667
"ENSG00000005100",284.99999,310,716,689,597,490,347,517,486,387,263,238,287
"ENSG00000005108",342,681,23,15,19,24,15,42,27,256,339,282,238
"ENSG00000005156",521.99999,677.99999,3386,3281,2634,3917,2279,3647,3875,3746,3743,3090,3455
"ENSG00000005175",794,930,919,922,784,1440,760,1090,1126,1149,1013,930,1003
"ENSG00000005189",432,378.00001,238,217,205,273,269,217,230,568,572,520,505
"ENSG00000005194",812,894.00001,4086,3323,3145,3968,4969,3508,3675,4107,3911,3939,3665
"ENSG00000005206",653,584,959,751,743,944,671,979,1140,1363,1763,1078,1383
"ENSG00000005238",278.99999,271.00001,132,128,155,508,280,494,492,866,998,739,806
"ENSG00000005249",339,469.99999,248,190,171,279,256,214,219,344,284,307,395
"ENSG00000005302",494.99999,413.00001,281,247,227,583,488,445,500,661,616,572,687
"ENSG00000005339",2462.00001,2289,1120,885,704,1156,799,1261,1037,1439,1392,997,1097
"ENSG00000005379",357,382,157,137,144,425,249,392,471,687,894,620,749
"ENSG00000005421",14,35,52,32,29,132,159,109,109,8,10,2,4
"ENSG00000005436",1021,644,371,420,338,485,420,484,393,399,324,322,343
"ENSG00000005448",1004,1112.99999,5431,4150,3663,8085,10284,7019,7620,6394,6191,6042,5902
"ENSG00000005469",357,410,140,167,90,236,96,131,178,785,638,700,662
"ENSG00000005471",74.00001,49,18,21,25,21,25,26,21,19,29,25,28
"ENSG00000005483",3632,2799.99998,2042,1717,1556,4567,2169,4092,4298,6038,6239,4935,5897
"ENSG00000005486",1155,960,1319,1027,1001,2754,2185,2528,2837,5709,6300,4977,5250
"ENSG00000005513",81,39,35,34,33,38,55,48,29,54,49,66,72
"ENSG00000005700",1653,2060,878,910,688,801,409,787,831,1458,1372,1338,1543
"ENSG00000005801",853.00001,789,2796,2591,2106,2305,2232,1958,2089,1955,1974,2003,1962
"ENSG00000005810",4187.99998,3941.99999,1147,990,868,1079,585,849,838,1492,1576,1181,1279
"ENSG00000005812",322,295,56,96,90,249,214,222,188,159,115,253,337
"ENSG00000005882",416.99999,369.99999,718,549,397,1413,992,1250,1411,1650,1813,1493,1518
"ENSG00000005884",122,78,305,256,316,228,112,148,131,110,83,85,128
"ENSG00000005889",853.99999,956.99999,935,1019,850,1611,865,1396,1336,1628,1538,1366,1457
"ENSG00000005893",826,858.00001,1873,1997,1539,1717,1146,1193,1465,3919,3823,3894,3654
"ENSG00000005961",95,123,206,123,160,250,155,242,319,105,110,93,121
"ENSG00000006007",517,472,1793,1741,1440,1849,1662,1523,1608,2350,2419,2196,2441
"ENSG00000006015",709.00002,655,1380,1216,1360,1267,2098,1581,1470,1224,1362,1384,1502
"ENSG00000006016",60.00001,30.00001,55,51,57,31,54,29,30,15,43,23,19
"ENSG00000006025",77,92.00001,128,100,100,152,84,195,204,196,264,125,169
"ENSG00000006042",1649,1896.00001,2139,1849,1640,4722,5838,4198,4315,5075,5640,5096,4584
"ENSG00000006047",25,43,51,44,45,88,62,92,101,16,19,10,16
"ENSG00000006062",402,246.00001,196,160,147,117,60,99,119,254,258,162,189
"ENSG00000006071",29.00001,241,56,68,64,71,67,58,108,183,157,176,180
"ENSG00000006118",809,669,199,206,267,349,470,439,335,639,666,717,1447
"ENSG00000006125",1835,1546,6395,6663,5630,9816,4866,8987,8881,8271,7837,6121,6976
"ENSG00000006128",19,47,14,22,26,26,12,9,13,14,13,17,5
"ENSG00000006194",218,209,418,556,448,775,702,815,750,624,408,593,820
"ENSG00000006210",40,36,61,60,39,44,29,26,25,340,431,225,274
"ENSG00000006282",165,131,686,599,524,741,530,716,670,533,524,546,648
"ENSG00000006283",340,172,19,9,18,72,68,97,65,73,59,39,77
"ENSG00000006327",484.99999,127,1874,1562,1561,312,413,358,434,1179,828,883,1367
"ENSG00000006432",277,168,790,611,646,810,530,853,817,390,358,252,294
"ENSG00000006451",852,962,2855,2652,2314,2768,2119,2199,2458,2346,1997,1773,2210
"ENSG00000006453",323,226,270,247,233,291,407,447,281,154,85,76,248
"ENSG00000006459",236,280,170,120,125,199,123,189,140,166,120,108,116
"ENSG00000006468",460,777.99999,2202,2015,1646,2019,1257,1710,1696,1103,795,776,1047
"ENSG00000006530",432.99999,488.99999,1472,1303,1023,997,671,872,986,1819,1651,1463,1641
"ENSG00000006534",50,21,20,13,8,29,17,30,30,23,44,21,16
"ENSG00000006576",838.00001,975,490,583,433,802,519,623,736,732,774,771,694
"ENSG00000006607",467,644,804,894,728,990,446,1020,1059,1152,1101,949,1078
"ENSG00000006625",733,741.00001,2142,1952,1701,1964,1647,1788,1741,1224,1029,1009,1308
"ENSG00000006634",833,943.00001,817,743,695,1098,856,879,977,996,720,879,969
"ENSG00000006652",1307,1939,912,788,680,1720,1337,1308,1396,1735,1717,1636,1577
"ENSG00000006695",306.00001,320,1067,973,886,1153,704,1026,931,1139,1093,946,1025
"ENSG00000006704",1189,1010,378,300,228,560,460,619,502,828,883,638,738
"ENSG00000006712",589,541,958,768,728,1102,1014,996,959,1964,2024,1632,1777
"ENSG00000006715",905,1206.00001,1152,1277,1018,1521,997,1588,1476,1612,1568,1397,1620
"ENSG00000006740",183,341,117,89,82,70,99,111,63,65,72,61,77
"ENSG00000006744",576,578,3845,3980,3643,3080,2170,3144,3039,3127,2851,2794,3337
"ENSG00000006756",348,457,185,168,182,251,138,195,175,461,557,488,493
"ENSG00000006757",300.99999,324,521,361,401,777,990,684,611,276,251,272,269
"ENSG00000006831",385,392,420,302,276,404,480,418,318,469,352,436,409
"ENSG00000006837",304.99999,252,33,37,22,97,99,37,60,60,64,75,107
"ENSG00000007047",746,691,121,89,119,129,120,128,110,77,127,89,101
"ENSG00000007062",838.00001,1565.00001,2021,2041,1619,1451,760,1098,1467,1848,1695,1754,1860
"ENSG00000007080",839,792,2058,1448,1535,1429,1585,1510,1551,1905,2006,1332,1692
"ENSG00000007168",1963.99999,2080,1972,1788,1424,2714,1981,2444,2595,2392,2468,2198,2553
"ENSG00000007171",15,19,65,111,74,490,310,381,680,2405,1429,1715,2533
"ENSG00000007174",177,330,9,13,11,11,17,13,3,65,41,41,75
"ENSG00000007202",955,933,3983,3892,3657,3878,2076,3718,3456,4361,3968,3390,4368
"ENSG00000007237",195.99999,289,81,56,46,38,23,46,45,182,217,194,229
"ENSG00000007255",253.00001,206.99999,1467,1003,1083,1850,2776,1628,1881,909,878,831,880
"ENSG00000007341",1163.99999,1793.99999,364,307,239,383,322,310,366,579,535,487,571
"ENSG00000007350",30,15,1,1,0,43,28,29,19,1785,1880,1585,1188
"ENSG00000007372",9133,16936,13,12,4,1580,1396,1456,1631,7872,7824,7382,5991
"ENSG00000007376",155,113,391,352,437,354,572,480,457,214,254,298,478
"ENSG00000007384",111,94,360,276,295,329,250,338,264,111,129,87,149
"ENSG00000007392",1338.00002,2097,1246,1143,1216,1751,1547,1668,1719,1361,1455,1200,1288
"ENSG00000007402",505,192,239,203,157,178,139,227,214,154,151,121,138
"ENSG00000007516",155,109,74,96,61,147,52,112,108,256,395,278,215
"ENSG00000007520",517,494,165,78,100,114,210,131,119,100,148,84,155
"ENSG00000007541",386.00001,395.99999,812,721,744,1189,915,1138,1318,1499,1599,1438,2006
"ENSG00000007545",348.99999,340,237,167,154,197,147,220,164,240,217,173,196
"ENSG00000007866",264,217,1002,739,667,888,604,950,1010,670,729,591,642
"ENSG00000007923",657.00003,731.99999,3401,2818,2584,2328,1660,2425,2653,2370,2346,1895,2108
"ENSG00000007944",182,179,743,629,561,370,229,334,299,138,136,96,185
"ENSG00000007968",355,340,91,67,78,278,195,260,284,429,364,367,505
"ENSG00000008018",2347,2657,12964,12144,10278,12085,15622,10369,10769,10138,9526,10191,10202
"ENSG00000008056",87,51.00001,21,36,40,33,21,41,22,13,27,10,20
"ENSG00000008083",598,570,6439,6038,5167,3941,1998,3729,3578,2208,2454,1851,2305
"ENSG00000008086",281,350,255,208,206,239,149,280,212,137,203,160,147
"ENSG00000008118",60,44,97,68,83,283,177,250,245,559,582,403,522
"ENSG00000008128",362,156.99999,175,74,99,73,70,113,118,58,102,48,61
"ENSG00000008130",338,407,875,614,608,354,430,451,385,286,207,217,439
"ENSG00000008196",19,13,0,0,0,51,32,51,58,1,1,2,0
"ENSG00000008226",22,46,19,10,12,73,81,82,92,37,29,29,33
"ENSG00000008256",293,347,131,137,128,180,114,190,157,385,368,324,417
"ENSG00000008277",574.99999,733.00001,195,272,260,319,158,227,282,419,301,345,403
"ENSG00000008282",414,486,2469,2669,1936,2029,1177,1425,1641,1018,859,1013,976
"ENSG00000008283",164,201,856,706,625,572,448,598,658,682,621,614,667
"ENSG00000008294",1742.99999,1772.99999,749,762,681,929,629,830,859,2858,3039,2232,2834
"ENSG00000008300",216,214,598,404,450,488,335,616,482,373,478,315,377
"ENSG00000008311",929,1530,12020,11970,10206,4315,1932,3885,4156,1507,1509,1229,1301
"ENSG00000008324",514,559,1182,1037,1016,1085,1526,1055,1041,782,763,739,830
"ENSG00000008382",279,305,71,46,65,109,180,152,94,73,71,70,78
"ENSG00000008394",157,96,7897,7538,6366,7165,6709,5747,6470,1005,1309,1142,906
"ENSG00000008405",491,587,995,936,908,1725,1189,1463,1541,1332,1271,1085,1264
"ENSG00000008513",52,119,162,148,113,275,138,149,229,321,315,216,296
"ENSG00000008710",445.00001,323.00001,299,142,162,159,120,162,274,181,281,166,223
"ENSG00000008735",180,169,5,13,6,10,13,9,6,96,117,88,113
"ENSG00000008838",695.00001,634,2818,2504,2140,2821,1809,2847,3212,4284,4887,3491,3891
"ENSG00000008853",348,274,127,103,74,137,100,94,106,484,480,372,418
"ENSG00000008869",279,372,448,533,423,653,271,698,683,856,933,774,792
"ENSG00000008952",2351.99999,2936,775,831,772,1069,749,928,918,1212,1064,884,1161
"ENSG00000008988",15402,21283.00002,8487,7147,7553,8875,11117,10075,8024,7212,6926,6590,6823
"ENSG00000009307",5451.00001,6127.00001,14497,14536,12362,19179,10281,16649,17242,15247,14751,12629,13708
"ENSG00000009335",923,1145,588,485,515,424,422,533,405,250,269,266,297
"ENSG00000009413",1648,2274,290,254,275,474,205,409,346,728,759,684,720
"ENSG00000009694",105,48,179,131,158,198,115,138,167,39,65,37,29
"ENSG00000009780",204,240,320,348,279,457,362,324,357,356,419,369,446
"ENSG00000009830",428.99999,486.00002,575,562,622,744,562,707,724,1127,1014,1054,1627
"ENSG00000009844",1148,1196,3199,2979,2394,3523,3131,2792,3006,3734,3319,3581,3495
"ENSG00000009950",35.00001,15,103,85,86,32,15,32,40,15,40,22,28
"ENSG00000009954",2464,2769,942,736,683,995,812,1153,1047,1254,1120,835,1204
"ENSG00000010017",747,1385,268,217,173,305,253,286,276,351,375,370,381
"ENSG00000010072",226,276,272,318,224,343,349,292,331,464,393,399,420
"ENSG00000010165",247,240,2314,2180,1791,2260,1422,1980,2197,1538,1535,1220,1385
"ENSG00000010219",329.99999,504,223,209,145,220,259,222,215,817,1001,908,866
"ENSG00000010244",2128,2579.00001,6424,5952,4959,7045,6104,6134,6439,6885,6176,6239,6288
"ENSG00000010256",1927.99999,1901.99999,15261,12899,10939,11070,12308,9692,11299,16290,15539,14435,15636
"ENSG00000010270",941,1098,977,985,855,1524,2021,1167,1265,2253,2270,2720,2541
"ENSG00000010278",825.00002,482.99999,8319,7054,6481,889,1030,609,705,1416,878,971,1267
"ENSG00000010292",1277,1188,5952,6115,5231,8026,4372,8253,8297,7023,6491,4960,6510
"ENSG00000010295",171,175.99999,75,44,59,54,86,81,60,66,84,65,63
"ENSG00000010310",23,23,4,9,16,5,15,6,3,21,28,30,28
"ENSG00000010318",149,139,184,161,155,159,87,105,144,101,113,101,104
"ENSG00000010322",904.00001,1031.00001,2059,2045,1704,4776,2682,5157,5556,4463,5329,3591,3935
"ENSG00000010361",300.00001,302.00002,464,412,315,541,517,473,546,595,716,493,645
"ENSG00000010404",1245,580.99999,1535,1478,1326,1937,926,1688,1748,2581,2545,2163,2243
"ENSG00000010539",161,200,338,320,277,366,278,298,305,360,409,386,383
"ENSG00000010610",61,121,209,175,162,349,253,342,293,148,219,175,169
"ENSG00000010626",207,169,97,53,84,94,117,118,107,192,175,154,194
"ENSG00000010704",18,25,52,49,39,49,21,36,44,39,49,48,33
"ENSG00000010803",2317,2367,485,471,348,713,468,652,800,1972,2022,1548,1778
"ENSG00000010810",2468.99999,2341.99999,306,219,203,360,438,386,309,513,540,430,514
"ENSG00000010818",191,142,215,220,205,181,87,168,146,429,379,328,316
"ENSG00000011007",673,614,2048,1844,1558,2027,1403,1952,2098,2071,2194,1723,1816
"ENSG00000011009",564,591,5734,4134,4005,3183,3067,3254,3561,2370,2482,1780,2023
"ENSG00000011021",595.99999,495,629,490,523,756,446,713,799,1133,1302,890,975
"ENSG00000011028",494,302,138,111,122,873,504,929,778,715,683,706,1739
"ENSG00000011052",54,74,354,290,319,373,736,459,462,562,694,494,484
"ENSG00000011105",378,1646,83,124,102,156,124,120,155,84,132,107,115
"ENSG00000011114",907.99999,863,502,480,466,793,436,664,615,561,508,456,733
"ENSG00000011132",85,96.00001,570,461,455,509,497,502,619,507,530,370,438
"ENSG00000011143",246,267.00001,941,667,731,1327,987,1171,1333,1487,1698,1366,1546
"ENSG00000011198",316,305.00001,294,316,220,324,231,286,223,373,313,325,372
"ENSG00000011201",364,615,1370,1237,944,768,559,640,607,352,220,287,302
"ENSG00000011243",2130.00002,1143,529,580,997,1281,928,1432,1390,886,757,1030,1804
"ENSG00000011258",1132.00001,1272,547,510,445,586,404,505,482,471,441,400,452
"ENSG00000011260",664,660,2164,2180,1939,2553,2520,2213,2267,1561,1325,1369,1577
"ENSG00000011275",984,928,1573,1360,1161,1999,1202,2107,2105,2201,2288,1727,2041
"ENSG00000011295",1015,1202.99999,732,558,525,485,473,375,376,445,481,388,568
"ENSG00000011304",2334.99999,2134.00001,7946,7684,7504,10843,7409,11144,10901,7176,6745,6570,8187
"ENSG00000011332",296.00001,365.99999,12,17,24,67,49,52,63,84,92,52,75
"ENSG00000011347",2703,2421.99998,159,88,110,123,138,141,129,271,369,206,265
"ENSG00000011376",838,668.99999,2081,2309,1929,1516,856,1361,1534,1598,1794,1226,1494
"ENSG00000011405",972,1290,2661,3165,2391,3104,1286,2442,2595,1740,1763,1497,1599
"ENSG00000011422",206,98,554,452,359,387,326,361,435,416,427,378,371
"ENSG00000011426",845,878,2340,2339,2008,3319,1698,2437,2828,1991,1933,1746,1833
"ENSG00000011451",594.99998,477.99999,119,100,110,181,169,186,167,271,290,194,372
"ENSG00000011454",1250,1306,896,1042,798,1784,681,1414,1549,2193,2223,1642,1972
"ENSG00000011478",114,154,462,353,324,374,379,351,429,217,210,180,196
"ENSG00000011485",780,853.99999,2032,2095,1681,2481,1708,2236,2475,2602,2479,2233,2590
"ENSG00000011523",673.00002,691.99999,1449,1191,1027,2167,1199,2210,1960,2281,2485,1847,2184
"ENSG00000011566",1059,1358.99999,415,411,408,353,386,321,246,374,262,360,553
"ENSG00000011638",236.99999,294,559,403,396,687,614,481,546,647,665,662,641
"ENSG00000011677",98,147,279,221,179,649,453,534,658,1086,1136,825,929
"ENSG00000012048",1938.99999,1662.00002,1035,1100,894,1972,1070,1731,1869,1680,1565,1353,1566
"ENSG00000012061",1291.99999,1080,1617,1259,1189,2194,2483,2064,2177,3125,3374,2562,2897
"ENSG00000012171",179.00001,168,119,102,90,263,182,284,278,464,542,397,570
"ENSG00000012174",343,366,687,709,569,703,339,532,679,1139,1125,1032,965
"ENSG00000012211",25,42,150,131,130,182,119,204,214,45,39,17,66
"ENSG00000012232",527.00001,932.99999,3259,3490,3097,3617,1774,3699,3594,3736,3555,2672,3573
"ENSG00000012660",634.99999,799,4850,5248,3918,4983,2852,3781,4431,6431,5697,5441,6309
"ENSG00000012822",342.99999,351.00001,499,360,322,1006,593,852,978,1481,2042,1228,1307
"ENSG00000012963",458,672,1744,1827,1420,2879,1592,2397,2719,2997,2705,2560,2570
"ENSG00000012983",1005,1295,315,367,377,564,383,596,574,629,577,540,735
"ENSG00000013016",126,109,509,535,542,619,374,573,706,398,417,439,439
"ENSG00000013275",725,707,4577,3968,3473,3462,3254,3283,3348,3580,3442,2853,3021
"ENSG00000013288",383,205,168,145,111,292,195,246,286,450,547,413,380
"ENSG00000013306",1214,903.99999,7560,6656,6366,5708,5582,6110,5760,3132,2573,2760,3702
"ENSG00000013364",59,34,95,97,113,161,122,173,173,204,261,147,149
"ENSG00000013374",739.00001,684,1039,961,853,1435,1164,1175,1222,1407,1377,1254,1331
"ENSG00000013375",545,697.99998,2100,2437,1834,2829,1786,2442,2305,1852,1774,1716,1898
"ENSG00000013392",131,161,207,146,178,373,471,346,277,324,330,337,298
"ENSG00000013441",906,1580,470,410,343,647,549,379,442,1666,1381,1405,1325
"ENSG00000013503",232,257,588,650,476,531,347,593,539,744,719,615,752
"ENSG00000013523",244,218,1451,1522,1305,1610,781,1306,1548,1816,1823,1384,1506
"ENSG00000013561",477,494,663,636,586,1015,876,700,727,1418,1391,1420,1343
"ENSG00000013563",188.00001,172.00001,475,412,359,480,502,426,525,335,396,296,330
"ENSG00000013573",399,603,2550,1849,1859,1910,1061,2160,2451,1875,2045,1352,1772
"ENSG00000013583",300,447,753,800,782,727,808,731,578,809,660,758,979
"ENSG00000013588",25,19,48,45,37,5,0,1,0,142,183,94,108
"ENSG00000013619",1670,445,46,30,14,22,24,20,22,162,234,177,335
"ENSG00000013810",938,917.00001,3715,3039,2891,3764,2640,4104,4214,3523,3660,2673,3348
"ENSG00000014123",494,558,593,487,467,693,505,528,584,1083,1151,1167,1110
"ENSG00000014138",758,855.00001,1716,1363,1166,1770,1622,1664,1716,2208,1969,1628,1872
"ENSG00000014164",251,204,809,744,729,894,561,991,993,1086,1246,877,1200
"ENSG00000014216",469,533,6442,5456,4797,3540,2589,3616,3566,2028,2126,1607,1841
"ENSG00000014641",1998.00001,2458.00001,13349,11938,10685,8741,9783,7964,7633,7541,7089,7189,7438
"ENSG00000014824",1237.00001,1686,3453,3694,3079,4740,3273,3587,3925,4563,3787,4133,4233
"ENSG00000014914",33,62,161,142,149,117,64,105,138,263,271,251,275
"ENSG00000014919",428,507.99999,1683,1522,1272,1871,1384,1686,1843,1961,1770,1716,1726
"ENSG00000015133",363,387,709,445,450,496,390,468,516,432,396,333,430
"ENSG00000015153",1046,1142.99999,5,6,5,116,113,139,96,384,413,395,409
"ENSG00000015171",1486.99999,1689.99998,650,556,570,995,505,856,808,1107,1101,978,1058
"ENSG00000015475",351,482.99999,1321,1119,991,890,1024,852,961,891,821,735,829
"ENSG00000015479",5572.00002,7013.99999,11565,12591,9534,15268,8617,12804,13606,21186,19324,17775,18734
"ENSG00000015532",211,100,996,974,784,699,453,659,757,627,498,523,517
"ENSG00000015568",16,18,48,134,87,161,5,129,167,356,563,98,50
"ENSG00000015592",670.99999,755.00001,7,3,2,163,185,70,113,4599,4777,3289,3921
"ENSG00000015676",710,663,3081,2924,2453,4492,3138,4031,4384,4066,3961,3223,3465
"ENSG00000016082",131,275,0,2,5,8,15,11,13,69,107,68,100
"ENSG00000016391",67,40,216,203,191,157,173,171,156,92,104,61,137
"ENSG00000016864",602,645.00001,766,806,806,1232,1380,1022,928,1382,997,1533,1809
"ENSG00000017260",3659.99999,4361.00001,1694,1961,1691,2979,1672,2233,2300,1843,1769,1676,1661
"ENSG00000017483",85.00001,62.00001,1452,1393,1097,375,330,355,451,66,82,55,44
"ENSG00000017797",733,809.99999,842,737,727,818,669,891,790,719,592,540,780
"ENSG00000018189",2226.00001,3614,243,247,212,397,242,319,281,2098,2520,1800,1950
"ENSG00000018236",115.00002,486,226,237,179,215,36,102,130,342,479,419,267
"ENSG00000018408",407,357,288,340,340,262,138,200,181,318,342,343,397
"ENSG00000018510",1836,1784.00001,1001,1221,961,1571,730,1234,1239,1007,835,936,1111
"ENSG00000018610",233,275,368,272,228,372,266,324,387,334,318,281,280
"ENSG00000018625",619,289,1156,1024,866,1449,908,1447,1608,681,444,475,457
"ENSG00000018699",193,308,982,979,808,686,608,673,631,621,526,600,589
"ENSG00000018869",59,106,61,50,45,98,105,74,86,127,113,109,81
"ENSG00000019144",446,391,1341,1089,935,1055,683,1074,1137,1146,1519,906,1293
"ENSG00000019485",325,263,74,97,38,68,60,81,93,52,78,45,76
"ENSG00000019505",65,61,257,204,170,324,285,283,341,154,151,141,155
"ENSG00000019549",14,37,46,52,31,63,28,58,71,22,21,22,16
"ENSG00000019582",81,42,1295,1066,1043,1037,757,810,1033,339,332,281,289
"ENSG00000019995",259,333,254,197,169,262,183,169,216,342,448,262,403
"ENSG00000020129",286,221,715,599,596,626,468,812,776,800,1028,616,774
"ENSG00000020181",525,409,10,9,12,6,4,7,12,18,37,10,39
"ENSG00000020256",452,504,549,369,469,911,858,991,967,723,739,535,571
"ENSG00000020426",1038,1407.99999,729,644,535,481,556,496,480,614,554,563,535
"ENSG00000020577",172,66.99999,55,44,33,5,7,7,7,46,60,35,25
"ENSG00000020922",1070,1177,950,1056,876,1011,549,820,855,1129,979,975,1079
"ENSG00000021300",245.00002,247,220,181,156,2108,1617,1823,1761,1394,1202,1160,1609
"ENSG00000021355",347,104,454,361,325,356,349,299,288,218,168,176,215
"ENSG00000021574",1149,1125,339,399,352,449,328,346,380,531,445,623,689
"ENSG00000021645",450.99999,315.99999,132,92,103,608,231,515,576,950,1076,697,626
"ENSG00000021762",255,251.99999,167,161,159,399,292,417,484,466,457,356,418
"ENSG00000021776",673,732,2767,3027,2474,2699,1170,2144,2183,2152,1970,1696,1860
"ENSG00000021826",213,403,315,245,262,960,608,809,859,877,712,659,698
"ENSG00000022267",1651,1013,488,557,624,3117,3303,3492,2504,3455,2969,3630,5844
"ENSG00000022277",924,1091.99998,1819,1547,1418,2480,2580,2199,2363,3237,3254,2853,2887
"ENSG00000022556",276,705.99999,55,57,67,0,3,1,1,0,0,0,1
"ENSG00000022567",111,68,211,98,127,160,116,155,156,62,77,61,81
"ENSG00000022840",837,683,1416,1928,2704,3079,2472,3462,2617,1717,1224,1805,3282
"ENSG00000022976",250,331,133,105,78,152,157,125,161,104,91,103,84
"ENSG00000023041",406.99999,408,735,632,497,1066,986,853,878,1108,1090,1237,1062
"ENSG00000023171",357.99999,282.00001,257,241,223,410,219,370,379,270,260,255,253
"ENSG00000023191",670.99999,703,2526,1923,1741,1735,1417,1912,1986,2706,3004,2123,2472
"ENSG00000023228",1793.99999,1495.99999,3015,2936,2508,2239,1659,2018,2068,2865,2776,2523,2761
"ENSG00000023287",1341,1675,1938,2167,1830,2490,1208,1960,2045,1750,1631,1683,1690
"ENSG00000023318",725,900,1670,1520,1331,1253,1121,985,1125,1489,1361,1374,1219
"ENSG00000023330",360,373,1465,1292,1172,1432,1256,1173,1451,1653,1707,1296,1408
"ENSG00000023516",663,795,235,270,216,391,232,298,338,410,503,376,409
"ENSG00000023572",175,132.99999,310,374,302,346,179,248,270,479,355,387,523
"ENSG00000023608",521,387,559,523,429,787,886,595,566,558,478,599,516
"ENSG00000023697",681.00001,727,801,691,603,1964,2200,1598,1704,1461,1375,1542,1361
"ENSG00000023734",1918,2327,7891,7538,6548,8812,7655,7157,7303,8480,7868,7892,8359
"ENSG00000023892",31,34,255,260,260,80,44,54,66,26,38,28,31
"ENSG00000023902",935,1002.00001,247,228,213,514,669,621,509,570,636,498,636
"ENSG00000023909",239,216,86,41,54,32,40,40,30,169,87,93,187
"ENSG00000024048",990,1081,632,852,677,1114,474,856,957,849,976,826,796
"ENSG00000024422",62,68,769,696,658,1348,783,1428,1743,171,242,160,178
"ENSG00000024526",454,530,1349,1402,1152,2184,1208,1755,1897,1171,814,1066,1135
"ENSG00000024862",129,188,215,205,220,518,485,448,421,305,266,272,293
"ENSG00000025039",447,321,260,260,254,564,317,497,514,354,318,298,381
"ENSG00000025156",688,881,588,548,499,1752,1547,1372,1354,2254,2055,2104,2015
"ENSG00000025293",611,875.99999,2486,2185,1989,3013,1917,2889,3019,1768,1735,1403,1625
"ENSG00000025423",21,26,126,102,98,69,81,59,90,80,65,64,78
"ENSG00000025434",117.00001,136.00001,454,308,314,399,454,374,371,241,225,196,208
"ENSG00000025708",117,87,27,23,15,36,36,42,65,34,62,35,25
"ENSG00000025770",593.99999,677,2000,1358,1195,1628,1551,1584,1708,2635,2652,2108,2521
"ENSG00000025772",528,446,2353,2251,1746,2013,1595,1946,2248,2260,1904,1752,2007
"ENSG00000025796",1444,1635,2139,2024,1699,2320,1345,1701,2051,2657,2453,2121,2477
"ENSG00000025800",862,923,4437,4423,3517,4426,2469,4409,4587,3412,3546,2717,3424
"ENSG00000026025",22315.99999,19192.00001,3106,2886,2752,9993,8681,10464,10475,32650,31769,28439,30881
"ENSG00000026036",55,52,108,54,69,27,8,53,26,80,95,89,129
"ENSG00000026103",38.99999,69,216,229,186,181,154,135,154,99,106,97,96
"ENSG00000026297",235.99999,186.99999,664,615,568,566,543,581,539,382,407,401,387
"ENSG00000026508",141.99999,92,125,89,105,43,36,27,19,53,51,53,19
"ENSG00000026559",23,14,238,252,367,363,274,340,295,150,123,110,256
"ENSG00000026652",1123,1177.00001,850,752,711,1518,978,1235,1252,2024,2482,1841,1585
"ENSG00000026950",60,62,138,113,126,130,125,69,90,193,171,171,139
"ENSG00000027001",217,243,1085,978,819,754,802,599,638,955,675,719,808
"ENSG00000027075",38,13,708,690,649,66,31,40,65,33,57,27,25
"ENSG00000027697",376,386.99999,760,776,638,937,834,715,832,1060,1044,1262,1217
"ENSG00000027847",244,691,742,573,578,660,700,652,564,621,569,610,792
"ENSG00000027869",16,35.00001,56,64,61,17,28,29,39,12,8,12,6
"ENSG00000028116",547.00001,983.99999,406,339,371,496,353,389,388,158,130,153,168
"ENSG00000028137",277,346,82,95,105,45,37,48,38,119,78,115,225
"ENSG00000028203",1543.99999,2303,1129,1187,849,1773,1116,1274,1497,2206,2126,1828,1905
"ENSG00000028277",447.00001,423.99999,86,54,64,76,57,75,64,289,470,264,328
"ENSG00000028310",652.00001,523,409,370,376,458,476,541,470,455,420,338,603
"ENSG00000028528",1798.00001,1239,1121,979,940,1418,1219,1196,1340,2009,2158,1666,1711
"ENSG00000028839",643,748,741,749,545,1157,1506,814,836,964,905,1098,997
"ENSG00000029153",153,164.00001,56,40,55,38,40,37,31,43,32,30,43
"ENSG00000029363",2469,3420.99999,6305,6201,5245,5930,3128,5616,5780,7431,6472,5925,6917
"ENSG00000029364",674.99999,1006,1184,1320,1066,1543,862,1197,1266,2280,2190,2147,2032
"ENSG00000029534",208,362,869,892,723,54,31,40,43,44,55,33,63
"ENSG00000029639",228,349,994,888,820,834,1071,771,820,512,540,480,445
"ENSG00000029725",1025,1283,594,767,805,1132,719,1155,937,1623,1401,1495,2145
"ENSG00000029993",1686,2024,7601,7290,6090,5059,4105,4466,4727,5904,5222,4660,5517
"ENSG00000030066",1113,1545,5482,6075,4699,6340,3003,5632,5983,5737,4949,4658,5169
"ENSG00000030110",137,132,2727,2168,1799,1960,1750,1785,2092,1375,1444,1346,1434
"ENSG00000030419",241,255,14,19,16,221,89,158,150,150,185,190,153
"ENSG00000030582",1024.99999,708.00001,5757,4600,4133,4235,3097,3957,4988,2592,3579,2629,2644
"ENSG00000031003",1756,2125.99999,258,250,214,670,319,548,586,747,709,703,650
"ENSG00000031081",39,26,137,113,124,195,87,219,128,90,77,62,141
"ENSG00000031691",271,286,239,237,218,624,612,434,518,415,292,401,402
"ENSG00000031698",1142.99999,1123,4378,3604,3448,6025,6354,5257,5701,7618,8260,7014,7580
"ENSG00000031823",798,820,482,374,329,489,338,548,590,520,627,440,555
"ENSG00000032219",1033.00001,1613,294,295,296,503,272,458,458,851,778,626,686
"ENSG00000032389",450,448.99999,858,728,551,948,1065,894,901,1050,1050,958,906
"ENSG00000032444",403,225,1026,1059,911,789,451,885,957,511,610,501,568
"ENSG00000032742",643.99999,692,117,174,121,402,249,328,355,734,635,644,673
"ENSG00000033011",221.00001,224.99999,1781,1599,1351,960,774,864,1052,887,890,700,729
"ENSG00000033030",287,355,509,489,395,791,478,639,645,749,716,669,685
"ENSG00000033050",376,332,1650,1399,1201,1590,1284,1423,1650,1370,1569,1400,1732
"ENSG00000033100",229.99999,185.99999,321,317,326,466,224,506,516,550,632,445,616
"ENSG00000033122",69,79,25,16,27,38,27,30,40,40,68,42,27
"ENSG00000033170",411,548,605,578,472,2683,1855,1845,2148,1082,1131,1040,1018
"ENSG00000033178",747,866,1112,1190,999,1658,745,1243,1298,1438,1286,1253,1328
"ENSG00000033327",444,587,107,116,105,324,236,342,311,554,560,344,539
"ENSG00000033627",962,964.99999,1883,1815,1504,2422,1289,2086,2312,3082,3657,2669,2585
"ENSG00000033800",1387,1350,2194,2281,1774,5292,3120,4497,5006,5355,5771,4791,5248
"ENSG00000033867",3102.00002,3950,738,664,560,539,289,390,373,456,422,406,474
"ENSG00000034053",781.00001,1117.99999,270,264,266,1135,887,1334,1233,1581,1709,1193,1513
"ENSG00000034152",208.99999,164,306,270,381,323,397,451,291,230,163,172,530
"ENSG00000034239",13,57.00001,3,3,4,11,27,12,6,110,78,104,159
"ENSG00000034510",20133,20716,4745,3751,4253,7527,11941,7023,6472,7358,7992,7016,6985
"ENSG00000034533",65,87,289,237,212,273,279,273,288,98,85,76,62
"ENSG00000034677",526,523,327,292,255,625,333,439,478,711,747,604,641
"ENSG00000034693",256,512,671,697,544,733,813,590,650,552,485,584,499
"ENSG00000034713",1621.99999,1723,1761,1644,1508,1918,2404,1541,1540,3243,3379,3520,3085
"ENSG00000035115",278,550,327,253,239,178,124,157,183,438,448,420,486
"ENSG00000035141",866,890,3467,3247,2805,3234,2646,2923,3047,2374,2061,1875,2397
"ENSG00000035403",987,924,18399,19004,15909,8796,4358,7042,7702,4258,4320,3825,4353
"ENSG00000035499",752,962,1696,1659,1489,2578,2935,1934,2036,2572,2093,2699,2286
"ENSG00000035664",115.99999,34,35,20,15,32,40,47,25,25,35,25,42
"ENSG00000035681",676,900,537,574,515,633,428,484,638,400,401,401,503
"ENSG00000035687",875,904,1879,1820,1513,1778,1091,1461,1539,1093,935,920,936
"ENSG00000035862",1315,1009,183,156,147,217,187,205,175,524,500,395,480
"ENSG00000035928",1317,1568,1777,1560,1444,1944,1194,1744,1964,1939,1721,1466,1792
"ENSG00000036054",526.99999,577.99999,556,520,469,846,790,668,816,734,701,704,773
"ENSG00000036257",1924,1658,656,496,418,593,597,511,481,597,426,480,567
"ENSG00000036448",46,45,0,3,0,5,4,6,4,27,52,36,21
"ENSG00000036530",332,321,15,21,28,33,21,24,23,101,151,101,143
"ENSG00000036549",887,1169,1780,2007,1454,2286,1149,1849,1913,1929,1686,1794,1916
"ENSG00000036672",30,24,50,76,76,82,68,73,84,59,73,69,107
"ENSG00000037042",117,139,513,414,367,545,403,512,518,659,654,554,567
"ENSG00000037241",342,381,967,855,805,729,1020,818,749,857,935,883,934
"ENSG00000037280",85,56,172,133,126,322,204,291,348,262,252,196,270
"ENSG00000037474",373,422,3245,3593,3229,2486,1491,2415,2422,1598,1544,1433,1714
"ENSG00000037637",415,384,1592,1503,1173,2919,1864,2561,3102,3131,3425,2544,2745
"ENSG00000037749",356.00001,521.00001,787,801,615,1326,624,928,1022,1279,1187,1262,1200
"ENSG00000037757",221,349,412,377,406,323,296,304,363,445,441,472,446
"ENSG00000037897",94,99,745,596,553,611,678,654,611,395,358,345,484
"ENSG00000038002",219,162,170,132,141,138,126,96,119,312,284,360,366
"ENSG00000038210",177,204,146,211,205,246,190,229,198,217,152,203,276
"ENSG00000038219",1346,1510,838,681,635,875,457,835,797,689,808,560,530
"ENSG00000038274",789,1064.99999,2206,2031,1731,1847,1882,1519,1561,3777,3432,4192,3708
"ENSG00000038358",606,487,966,1069,1103,1393,983,1730,1634,2051,1867,1844,2702
"ENSG00000038382",5153.00001,3103.00001,181,109,155,211,144,220,181,293,360,250,242
"ENSG00000038427",1042,1747.99999,6034,6045,4689,6104,2660,5043,5515,5604,4999,3883,4026
"ENSG00000038532",811,736.99999,555,569,466,624,358,656,659,1298,1514,935,1007
"ENSG00000039123",964,1279,2739,3315,2530,3359,1696,2828,2886,2566,2204,1899,2474
"ENSG00000039139",43,40,46,26,28,27,18,18,19,68,42,54,64
"ENSG00000039319",711,1021,509,523,443,1088,567,968,1064,1240,1058,1063,1039
"ENSG00000039523",430.99999,361,147,134,112,397,279,431,451,1291,1279,881,1102
"ENSG00000039560",2695.99999,2661.99999,3821,3878,3218,1820,1072,1597,1609,3832,3757,3426,3678
"ENSG00000039650",379.00001,330.99999,1340,1010,984,1030,1086,1083,1226,716,782,579,661
"ENSG00000039987",21.99999,17,67,74,63,7,14,6,0,1,0,2,1
"ENSG00000040199",590,490,470,493,394,418,187,414,438,471,397,346,334
"ENSG00000040275",753,766,1323,1320,1261,1824,1133,1635,1623,1476,1167,1200,1381
"ENSG00000040341",1455,1941.00002,1433,1352,1284,1562,804,1107,1308,2264,2119,1976,2072
"ENSG00000040487",237.00001,254.99999,420,422,284,372,337,364,461,545,649,520,543
"ENSG00000040531",296,129,511,326,365,409,285,424,453,531,584,394,428
"ENSG00000040608",105,58,142,81,74,85,71,93,86,126,111,85,110
"ENSG00000040633",464,515,857,733,726,1327,1557,1340,1410,880,871,731,790
"ENSG00000040731",57,90,10,16,4,123,69,54,62,401,366,395,356
"ENSG00000040933",754,932.99999,323,232,220,228,243,224,206,278,280,280,272
"ENSG00000041357",2755.99999,3148.99999,7776,7088,6023,7029,8158,6261,6147,6893,6364,6920,7185
"ENSG00000041515",475,1558,2,0,2,4,4,2,0,81,75,63,108
"ENSG00000041802",457,435,1962,1899,1478,1728,1343,1822,1825,1661,1635,1245,1568
"ENSG00000041880",90,65,67,44,50,61,29,44,54,201,245,183,169
"ENSG00000041982",559,183.99999,96,154,110,5103,2189,4492,6399,939,821,558,1269
"ENSG00000041988",194,253,438,337,305,523,697,473,587,603,763,642,605
"ENSG00000042062",56,86,44,30,39,55,39,61,56,45,66,50,62
"ENSG00000042088",986,821.00001,1809,1705,1559,2149,1606,1869,2031,2198,1849,1738,2064
"ENSG00000042286",168,81,235,176,196,48,54,52,54,103,92,69,92
"ENSG00000042317",594.99999,940,211,210,174,444,408,272,386,505,559,537,475
"ENSG00000042429",608.00001,685,715,763,619,929,592,733,656,867,987,753,854
"ENSG00000042445",99,102,688,696,653,481,309,399,468,562,570,454,502
"ENSG00000042493",33,26,1598,1303,1139,571,755,570,480,95,77,68,65
"ENSG00000042753",1668.00001,1575,1779,1374,1460,1782,2906,1732,1653,1380,1297,1177,1250
"ENSG00000042781",109,57,15,6,0,10,2,6,5,14,40,25,6
"ENSG00000042980",65,20,17,14,24,212,81,133,126,1,8,2,5
"ENSG00000043093",842,603.00001,935,1049,846,1242,797,933,957,899,821,905,953
"ENSG00000043143",74.99999,34.00001,383,283,269,89,87,102,84,25,30,24,10
"ENSG00000043355",1017,1413,590,590,496,1029,679,990,933,299,285,230,278
"ENSG00000043514",448.99999,617.00001,1003,883,872,1229,1118,1147,1038,1076,965,936,968
"ENSG00000044090",429.99999,499.99999,1148,982,943,2588,1144,2310,2679,3182,3562,2546,2861
"ENSG00000044115",2123.99999,2319.00001,10648,10213,8714,10254,5841,9411,9854,10065,10198,7648,8668
"ENSG00000044446",162,153,577,579,537,870,546,792,786,612,571,535,550
"ENSG00000044459",400.99999,1140,402,374,325,278,180,263,273,538,502,459,535
"ENSG00000044524",176,281.99999,26,37,23,106,67,50,86,2566,3074,2697,1476
"ENSG00000044574",3181,3136,21253,19945,17310,18491,12029,15863,18163,15260,15480,12091,13063
"ENSG00000046604",423,349,3594,3286,2807,3305,2183,2846,3021,1586,1222,1254,1758
"ENSG00000046647",219,549,717,658,616,897,786,739,711,595,694,528,577
"ENSG00000046651",551,1483,720,494,510,762,457,680,729,627,649,547,667
"ENSG00000046653",1844,4544,5275,5648,4613,4042,3021,2871,3180,10302,11080,9552,9425
"ENSG00000046889",978,820,685,770,619,1073,446,762,827,599,583,533,539
"ENSG00000047056",1131.99999,699,387,349,334,655,312,596,565,550,666,473,483
"ENSG00000047188",597.00001,758,544,601,536,614,363,564,474,715,703,689,800
"ENSG00000047230",1279,1350,2560,2624,2372,3520,2704,3045,3147,2212,2085,2106,2088
"ENSG00000047249",565,696,920,924,765,1020,1063,913,958,1371,1373,1382,1235
"ENSG00000047315",1318.00001,1894,3477,3776,3074,4417,2879,3886,4105,4628,4026,3761,4226
"ENSG00000047346",442,561,99,140,132,115,59,75,84,273,236,257,250
"ENSG00000047410",2615,3210,3986,3421,3070,4726,2614,4517,4670,4435,4394,3306,3746
"ENSG00000047457",975,314,21,29,36,8,11,4,2,2,3,17,7
"ENSG00000047578",295.00001,312,444,412,357,641,294,598,668,728,824,513,650
"ENSG00000047579",385,453.99999,194,152,197,390,428,394,348,455,488,382,461
"ENSG00000047597",19,14,44,33,30,84,33,87,66,41,41,36,69
"ENSG00000047617",29,62,37,35,32,139,103,101,113,188,92,120,103
"ENSG00000047621",300.99999,305,285,281,273,489,364,331,349,369,353,411,316
"ENSG00000047634",218.99999,226.99999,60,53,44,179,95,147,143,643,566,611,538
"ENSG00000047644",314,288,436,264,297,365,262,346,318,343,326,198,296
"ENSG00000047648",42,142.99999,4,4,3,32,10,50,16,96,122,108,151
"ENSG00000047662",62,67,11,19,13,1,3,5,11,20,14,19,23
"ENSG00000047849",2019.00001,1690,6000,5623,4638,6408,3402,6032,6307,9604,10462,7277,8408
"ENSG00000047932",636.99999,778,547,529,507,857,510,788,661,1026,856,883,902
"ENSG00000048028",725.00001,1279,3091,3168,2830,1703,1056,1401,1412,1802,1712,1622,1649
"ENSG00000048052",3367.00001,3790.00001,427,452,341,255,120,204,225,2150,2074,2021,1724
"ENSG00000048140",325,242.00001,614,691,842,1457,1775,1657,1355,519,399,521,795
"ENSG00000048162",262,265,3021,2431,2062,1113,1533,1174,1163,720,583,545,692
"ENSG00000048342",1401,1070.00001,389,449,386,502,318,463,403,746,762,660,695
"ENSG00000048392",250,225,2973,3355,2520,800,349,629,637,638,578,608,545
"ENSG00000048405",341.99999,298.99999,51,56,40,67,52,63,52,115,90,104,173
"ENSG00000048471",408,323,178,91,148,275,172,188,245,327,475,249,302
"ENSG00000048540",162,94,24,26,19,341,309,262,279,1509,1640,1590,1461
"ENSG00000048544",458,541,1599,1589,1375,1518,1431,1372,1311,1484,1320,1426,1539
"ENSG00000048545",74,55,727,603,487,585,698,587,624,274,285,258,243
"ENSG00000048649",2088.99999,2688,1290,1156,982,1835,1047,1609,1696,2181,1986,1619,1790
"ENSG00000048707",863,1192,1334,1307,1164,984,415,813,795,1263,1349,1007,842
"ENSG00000048740",7176,2646.99999,607,544,552,1277,809,1233,1054,2897,3266,2474,2480
"ENSG00000048828",1194.99999,1221,832,758,596,417,384,442,417,539,448,471,571
"ENSG00000048991",3568.99999,3069,1280,1338,1127,1489,752,1318,1196,1536,1618,1345,1610
"ENSG00000049089",268.00001,486,80,60,66,610,482,637,695,631,1010,757,601
"ENSG00000049130",439,697,291,352,223,96,17,54,71,638,377,405,637
"ENSG00000049167",637.00001,853.99997,990,968,732,988,847,932,1029,1066,964,901,988
"ENSG00000049192",344.99999,785,40,25,19,261,152,169,166,279,315,288,260
"ENSG00000049239",469,496,282,242,241,478,270,370,368,729,825,580,832
"ENSG00000049245",613,585,921,816,744,1373,1036,1173,1112,1036,833,970,991
"ENSG00000049246",217,429,127,125,94,138,86,140,136,235,219,213,272
"ENSG00000049323",627,1135.99999,368,389,289,1047,634,861,838,921,770,670,766
"ENSG00000049449",2252,2465,1924,2757,2775,6298,5283,5347,5090,5188,3725,5340,7566
"ENSG00000049540",609.99999,230.99999,103,87,63,149,110,141,122,823,979,818,860
"ENSG00000049541",851,797.00001,2866,2248,1949,2783,3966,2575,2670,2563,2331,2447,2362
"ENSG00000049618",4292,4774,1027,775,759,1151,781,1119,1012,1082,1180,966,1126
"ENSG00000049656",646,602.00001,548,399,401,266,325,290,279,305,320,241,323
"ENSG00000049759",823,1073,1521,1222,1192,939,684,907,808,1237,1403,993,1072
"ENSG00000049769",234,177.99999,47,44,49,54,81,63,52,60,49,56,55
"ENSG00000049860",322.99999,301,1304,1447,1351,1566,1472,1175,1192,986,852,1124,1304
"ENSG00000049883",238.00001,345.00001,479,488,347,661,427,534,533,560,619,497,593
"ENSG00000050030",121,175,32,10,13,60,41,51,75,229,252,239,169
"ENSG00000050130",952,1163,1589,1759,1377,2981,2606,2059,2452,2000,1837,2399,2165
"ENSG00000050165",4474,4563,365,345,329,458,302,384,397,811,934,759,567
"ENSG00000050344",73,53,646,488,492,145,175,121,136,41,20,27,18
"ENSG00000050393",502,538,244,177,228,301,316,342,266,216,180,212,276
"ENSG00000050405",227.99999,194.99999,997,817,778,513,387,439,457,524,571,507,516
"ENSG00000050426",391.00002,491.00001,495,546,420,517,367,412,411,566,597,481,431
"ENSG00000050438",1097,1353.00001,406,384,339,632,327,538,508,1642,1705,1328,1363
"ENSG00000050555",52,41,196,162,184,15,0,28,24,23,17,10,10
"ENSG00000050628",51,95.00001,3,0,1,1,2,2,0,32,44,30,58
"ENSG00000050748",542.00001,960.00001,253,189,194,136,173,168,153,132,131,118,144
"ENSG00000050767",351.99999,512.99998,107,49,76,36,49,32,52,2,0,0,0
"ENSG00000050820",876,679,858,565,589,238,319,379,250,301,294,270,603
"ENSG00000051009",284,369,533,405,350,716,454,694,757,585,624,478,606
"ENSG00000051108",607.00001,556,641,653,551,980,705,731,777,1271,1422,1168,1227
"ENSG00000051128",535,605,213,125,145,297,437,356,282,223,272,244,252
"ENSG00000051180",302,446,1487,1330,1189,1779,2007,1779,1663,1158,947,944,1073
"ENSG00000051341",404,646,691,677,603,711,269,650,587,588,530,406,451
"ENSG00000051382",422,553,812,894,669,482,212,433,449,305,337,312,342
"ENSG00000051523",761,450,2273,2062,2189,1130,1884,1156,1136,418,368,399,384
"ENSG00000051596",265,219.99999,3514,2893,2701,4042,4214,3578,3825,3124,3013,2803,2814
"ENSG00000051620",840,918,251,217,258,408,723,353,300,337,388,477,510
"ENSG00000051825",987,1838.00001,1026,885,780,1735,883,1480,1632,1042,1080,980,1122
"ENSG00000052126",2591,1962,1403,1221,1143,2133,1172,1817,2043,2561,2269,1959,2277
"ENSG00000052723",481,515,1353,1475,1146,1851,1161,1442,1640,1519,1361,1359,1490
"ENSG00000052749",231.99999,254,2493,2113,1817,1287,741,1437,1571,1546,1580,1141,1433
"ENSG00000052795",409,555,123,76,84,111,62,68,61,366,442,351,346
"ENSG00000052802",805,1181,4081,4089,3156,4390,4208,2896,3605,3990,3528,4093,4070
"ENSG00000052841",1934.00001,2194.00001,2613,2477,2089,3466,2022,2929,3363,2475,2614,2237,2214
"ENSG00000053108",169,371,104,92,71,80,45,63,68,10,15,7,29
"ENSG00000053254",1129,954.99999,1638,1469,1252,1105,642,1142,982,484,546,417,558
"ENSG00000053371",972,1173,172,151,296,467,1075,671,314,515,337,532,1587
"ENSG00000053372",526,438,1898,1482,1493,1337,1829,1416,1430,1298,1170,1065,1223
"ENSG00000053501",245.00001,246.99999,229,180,156,293,332,241,276,317,370,277,265
"ENSG00000053524",72,68,97,95,103,107,34,91,73,70,73,71,79
"ENSG00000053702",36,159,26,24,25,29,20,21,9,49,44,39,24
"ENSG00000053747",18,27,21,20,13,10,2,4,0,17,11,13,21
"ENSG00000053770",517,633,1490,1484,1154,1616,1006,1306,1419,1255,1102,1228,1235
"ENSG00000053900",453,561.99999,924,949,821,1330,977,1141,1233,859,785,790,867
"ENSG00000054116",627,716.00001,1419,1205,1139,1346,1685,1250,1273,1409,1408,1307,1352
"ENSG00000054118",2098.99999,2613,6644,5931,5430,6881,4325,6548,7090,6380,6383,4507,5979
"ENSG00000054148",2374,3608,3567,2725,2680,3599,6680,3723,3720,5500,5496,5393,5429
"ENSG00000054267",4372.00001,4720,1021,933,900,1582,894,1520,1647,1327,1272,1128,1134
"ENSG00000054277",130,339,96,86,73,103,182,130,86,113,97,78,122
"ENSG00000054282",571,763,354,265,287,362,269,265,252,670,676,523,540
"ENSG00000054356",89,75,312,226,200,163,176,151,205,567,765,577,575
"ENSG00000054392",106,117,28,28,10,395,283,350,389,504,581,492,585
"ENSG00000054523",4032,3888,1742,1416,1243,2436,1640,2341,2057,2752,2934,2311,2309
"ENSG00000054598",13,64,1,2,0,70,32,48,52,2,6,4,3
"ENSG00000054611",325.99999,741,640,594,436,785,560,847,888,739,771,655,614
"ENSG00000054654",3563.00002,4606.99999,1950,1863,1654,3552,1641,2523,2637,7437,7395,5474,4487
"ENSG00000054690",213,409,669,482,518,611,399,588,625,597,667,587,744
"ENSG00000054793",435,719,195,201,155,336,245,304,331,599,684,612,534
"ENSG00000054965",992,976.99999,600,306,351,1957,1117,1746,1726,1518,1564,1115,1212
"ENSG00000054967",91,74,78,59,57,156,135,219,180,121,81,144,214
"ENSG00000054983",245,304.00001,265,319,282,730,510,684,679,632,653,786,950
"ENSG00000055044",1496,1557,3565,3271,2828,2760,2356,2663,2645,2412,2080,1967,2385
"ENSG00000055070",891.00001,874,1322,1328,1126,1541,1250,1422,1465,2046,1988,1626,1927
"ENSG00000055118",126,137,104,69,81,86,47,125,116,183,179,114,137
"ENSG00000055130",3222.99999,2913.00001,2506,2404,2030,3769,2444,3538,3646,3929,3781,3286,3723
"ENSG00000055147",263.00001,438.00001,300,317,253,558,476,485,544,801,703,654,723
"ENSG00000055163",913,931.99999,4117,4162,3709,4874,2501,4561,4325,7769,8552,6369,6300
"ENSG00000055208",1107.00001,1304,560,481,403,796,654,751,706,1044,973,923,1171
"ENSG00000055211",431,497,592,589,515,741,595,580,619,541,483,486,495
"ENSG00000055332",1509.00001,1347.99999,1796,1889,1469,1277,577,1049,1130,1026,920,933,1125
"ENSG00000055483",789,482.00001,1190,1084,994,1044,546,1152,1059,769,801,474,681
"ENSG00000055609",3887.00002,3209.99997,1775,1647,1531,3271,1312,2542,2650,4515,5662,4004,3601
"ENSG00000055917",3093.99999,3122,1743,1568,1249,2835,1533,2242,2303,2577,2403,2138,2298
"ENSG00000055950",783.00001,705.99998,1215,983,949,1128,2056,942,978,1174,1305,1325,1109
"ENSG00000056050",1035,1210,604,567,585,893,1061,742,779,1037,864,842,1006
"ENSG00000056097",2147,2295,3859,3802,3222,5027,3048,4281,4728,6644,6998,5522,6132
"ENSG00000056277",800,560,582,499,465,1405,701,1197,1133,1519,1460,1316,1504
"ENSG00000056291",72.00001,21,379,349,312,5,18,13,16,18,44,45,33
"ENSG00000056487",771,608,127,90,82,122,66,72,100,314,365,221,312
"ENSG00000056558",30,31,27,27,20,44,55,24,32,26,35,22,26
"ENSG00000056586",1343,1165.99999,1587,1527,1432,2128,1183,2002,1996,2392,2362,2042,2078
"ENSG00000056736",41,41,263,209,190,175,132,164,159,58,71,80,68
"ENSG00000056972",315,317,396,353,369,225,127,196,196,122,166,160,85
"ENSG00000056998",598,664.00001,4138,3907,3333,4025,2859,3871,4196,2655,2533,2294,2597
"ENSG00000057019",4747.99999,4526.99999,858,927,818,1319,963,1079,1006,1874,1667,1651,2281
"ENSG00000057252",394,457,175,225,148,1645,1032,1346,1628,1779,1755,1509,1670
"ENSG00000057294",107.99999,155,842,896,769,1373,641,1084,1150,1407,1127,1035,1584
"ENSG00000057608",3067,3578,12354,11428,9568,12743,12699,10299,10654,12224,10252,11800,11185
"ENSG00000057657",205,207,66,53,42,195,76,118,139,209,127,149,271
"ENSG00000057663",634,825.00001,1145,1261,989,1090,1122,900,885,814,698,784,733
"ENSG00000057704",58,36,25,61,53,180,118,154,147,498,422,360,368
"ENSG00000057757",440,427,360,374,481,646,845,702,540,300,232,411,652
"ENSG00000057935",1625,1797.99999,1953,1932,1720,2703,2300,2465,2413,1283,1269,1235,1262
"ENSG00000058056",946.00001,1137.00001,426,345,326,391,264,398,331,348,310,250,378
"ENSG00000058063",817,949.99999,205,140,197,217,124,186,239,281,189,228,303
"ENSG00000058085",42,18,578,582,510,184,81,181,188,27,35,24,14
"ENSG00000058091",689,1902.00001,226,213,177,580,342,416,481,600,465,574,513
"ENSG00000058262",1280.00002,1087,6573,6162,5455,5159,2842,4861,5366,6108,6266,4907,5819
"ENSG00000058272",2951.00001,2829,2565,2609,2224,2669,1303,2208,2389,2452,2390,1942,2197
"ENSG00000058335",44,22,6,8,6,29,6,28,39,11,4,9,4
"ENSG00000058404",292,252,1,2,10,9,6,14,2,41,52,37,47
"ENSG00000058453",252,374,448,341,403,454,380,569,556,646,790,595,1058
"ENSG00000058600",427,368.00001,1636,1523,1331,1177,814,1117,1295,970,953,856,1037
"ENSG00000058668",1474,884,535,542,520,3557,1333,2772,3062,1998,2604,1722,1536
"ENSG00000058673",2847.99999,2637.99998,1915,2057,1707,2525,1320,2559,2530,3014,3217,2367,2693
"ENSG00000058729",389.99999,496,905,949,759,1146,1004,959,994,1036,978,964,925
"ENSG00000058799",306,336,872,720,620,915,1032,768,822,699,707,727,555
"ENSG00000058804",684,798,3943,3962,3150,3706,2045,2786,3403,3198,2724,2572,2986
"ENSG00000058866",97,64,30,9,13,54,19,21,42,38,27,87,48
"ENSG00000059122",209,224,418,425,470,419,351,442,436,643,808,707,894
"ENSG00000059145",300.99999,298.99999,201,211,176,114,140,122,130,167,160,100,202
"ENSG00000059377",134,253.99999,11,18,9,39,30,27,36,335,288,248,290
"ENSG00000059378",28,17,59,43,25,7,7,10,7,1,4,0,0
"ENSG00000059573",666.99999,772,4998,4854,3902,5160,3044,4169,4817,6011,5642,4613,5478
"ENSG00000059588",323.00001,413,307,226,249,319,219,386,326,229,225,195,217
"ENSG00000059691",405,312,714,671,580,627,734,604,607,858,844,804,770
"ENSG00000059728",128,200,50,53,53,413,186,198,305,798,754,586,569
"ENSG00000059758",912,538.00001,132,167,205,674,489,616,368,371,285,432,1085
"ENSG00000059769",275.99999,230,69,90,68,121,138,115,61,80,54,62,145
"ENSG00000059804",410.99999,383,37968,38221,30498,54661,25997,39484,50462,5349,6397,4870,5128
"ENSG00000059915",217,183,15,14,18,13,13,16,12,53,89,68,82
"ENSG00000060069",198,160.00001,226,158,148,190,210,179,174,102,102,70,114
"ENSG00000060138",685.99999,615.00001,838,504,533,259,354,303,278,147,156,130,189
"ENSG00000060237",2644.99999,3004.99999,2481,2183,1855,2897,1755,2887,2404,3025,2542,1981,2274
"ENSG00000060339",3934.99999,4591.00002,4094,3771,3274,3911,2039,3386,3778,4424,3905,3375,3915
"ENSG00000060491",300,313,186,171,183,209,127,212,192,222,334,240,343
"ENSG00000060642",232.99999,98.99999,884,636,581,886,606,657,644,655,555,513,494
"ENSG00000060656",943.00001,585,885,750,604,746,562,808,951,779,779,626,756
"ENSG00000060688",654,852,4942,4209,3574,5077,5166,4611,4558,4598,4215,4294,4484
"ENSG00000060709",123.99999,136,11,14,10,20,10,20,18,169,124,115,141
"ENSG00000060718",3225.00001,3916,472,459,389,821,384,702,744,2617,2662,1840,1688
"ENSG00000060749",1088.00001,1290,1556,1417,1173,1323,606,1131,1024,990,845,751,885
"ENSG00000060762",511,533.99999,199,168,175,190,222,150,159,491,436,505,558
"ENSG00000060971",235,267.00001,232,280,354,412,395,392,269,364,274,486,592
"ENSG00000060982",848,640,12758,14811,11509,19889,8752,16755,17666,13768,11238,10626,12934
"ENSG00000061273",725.00001,465,827,606,659,421,254,414,350,339,386,273,440
"ENSG00000061337",103,96,356,357,304,137,54,166,147,346,427,269,283
"ENSG00000061656",208.00001,116.99999,136,89,98,225,324,215,233,180,205,174,136
"ENSG00000061676",2406,2354,2015,1763,1441,1556,1095,1353,1196,1312,1089,1138,1520
"ENSG00000061794",544,743,1774,1713,1460,952,1122,813,773,1458,1288,1531,1371
"ENSG00000061918",574,778.00001,53,69,58,464,266,308,325,1336,1145,1201,1103
"ENSG00000061936",1143.99999,1152,695,633,716,571,365,610,681,665,711,489,651
"ENSG00000061938",308.99998,219.99999,85,28,66,80,50,60,76,83,92,65,77
"ENSG00000061987",1637.00001,1483.99999,707,783,617,1419,464,1073,1181,1421,1447,1122,1174
"ENSG00000062194",1843,2071,2462,2256,2111,4319,2802,3484,3550,3334,3064,3000,2997
"ENSG00000062282",51,35,104,117,93,348,224,348,294,223,124,237,194
"ENSG00000062370",172.99999,285,108,98,96,206,144,181,182,302,315,229,286
"ENSG00000062485",1270,1334,5326,4948,4025,5083,3057,4658,4694,6926,6486,5579,5924
"ENSG00000062582",960,1038,2426,2021,1895,1356,1691,1250,1344,1940,1763,1645,1777
"ENSG00000062598",481,430,1324,1358,996,2076,1203,2029,1952,2043,2158,1633,1822
"ENSG00000062650",983,1153,1614,2033,1811,2972,1484,2899,2733,2080,1824,2017,2506
"ENSG00000062716",1396.00002,1247.99999,2061,1992,1546,2055,2023,1487,1582,1623,1550,1771,1593
"ENSG00000062725",845,947,432,412,336,1006,541,703,835,1742,1592,1766,1838
"ENSG00000062822",691.00001,851.00002,5630,4316,4096,5032,3303,5466,6135,7092,7215,5003,6753
"ENSG00000063015",219,99,58,50,40,14,10,28,39,10,35,21,9
"ENSG00000063046",1967,2544,10057,9279,7947,11167,8224,9611,9643,7502,6283,5703,6408
"ENSG00000063127",114.99999,171,11,13,11,19,21,17,22,39,39,32,26
"ENSG00000063169",484,367.00001,48,28,31,53,55,59,50,66,49,51,60
"ENSG00000063176",176,202,541,390,397,502,438,583,646,492,579,372,404
"ENSG00000063177",12595.99999,10775.00002,12232,9574,9679,11499,15374,11247,10845,11098,10708,10222,9846
"ENSG00000063180",280.99999,280,1208,874,844,1434,1457,1310,1407,430,399,382,352
"ENSG00000063241",369,255.00001,1794,1354,1359,720,943,739,780,1061,1122,903,1000
"ENSG00000063244",1170,1175.99999,1003,792,739,800,772,967,1004,781,828,669,772
"ENSG00000063245",919,564,277,287,396,401,340,573,386,271,291,278,603
"ENSG00000063322",399.99999,447,1976,1766,1535,2404,1829,2452,2453,2435,2751,2112,2392
"ENSG00000063587",111,135,196,160,174,165,112,183,136,190,217,197,264
"ENSG00000063601",497,592.00001,173,122,110,126,177,128,108,164,179,147,177
"ENSG00000063660",579,431,311,172,164,301,363,311,339,519,599,408,586
"ENSG00000063761",102,131.99999,263,222,222,239,186,274,242,407,367,280,282
"ENSG00000063854",564,593,487,512,500,596,689,621,499,710,669,692,938
"ENSG00000063978",812.99999,930,3167,2938,2355,3496,2082,3396,3483,2240,2347,1735,1950
"ENSG00000064012",16,106,123,135,112,38,17,24,54,11,19,19,19
"ENSG00000064042",1455.99999,1336,96,77,68,448,243,433,390,752,1085,710,574
"ENSG00000064102",382,499,1566,1406,1223,1252,815,916,1051,585,577,557,627
"ENSG00000064115",747,700,1256,1197,1151,807,1046,804,571,590,481,540,1052
"ENSG00000064199",296,377,170,142,139,512,598,466,455,1343,1073,1143,1162
"ENSG00000064218",19,15,0,0,0,5,4,5,4,27,29,26,10
"ENSG00000064225",256,342,147,162,101,281,292,226,248,253,172,212,206
"ENSG00000064270",61,55,78,60,42,47,18,40,53,22,16,11,5
"ENSG00000064300",254,153,491,523,544,1228,582,1012,1051,542,866,728,886
"ENSG00000064309",2932.99999,3988.99998,288,210,160,434,301,389,383,1014,914,852,951
"ENSG00000064313",885.00001,1106,1722,1801,1487,2117,958,1681,1907,2094,2011,1665,2043
"ENSG00000064393",2539,2354,739,585,508,1404,674,1277,1244,7567,7378,4826,5768
"ENSG00000064419",1197,1289.00001,5287,4871,4153,6233,3413,5843,6061,5873,5390,4496,5183
"ENSG00000064489",46.00001,46.99999,13,15,14,7,17,36,23,18,15,17,17
"ENSG00000064490",455,469.00001,896,715,592,885,1253,896,953,1057,1173,1008,1158
"ENSG00000064545",303.00001,264.99999,2059,1523,1451,1700,1385,1640,1883,1624,1703,1325,1410
"ENSG00000064547",219,356,842,661,752,1054,927,989,1128,1062,1056,758,1002
"ENSG00000064601",329,364,1643,1530,1193,965,784,864,1051,993,1203,842,1043
"ENSG00000064607",1469,1387,2082,1932,1884,3339,1897,3193,3437,3237,3467,2681,3392
"ENSG00000064651",953,1203,170,164,89,153,85,134,130,321,353,298,365
"ENSG00000064652",502,588.00001,189,208,153,247,204,244,194,474,360,333,400
"ENSG00000064655",380,579,10,3,8,18,24,13,13,241,266,216,274
"ENSG00000064666",1199.99999,1027.00001,20450,16886,15140,14970,10226,14351,14934,6162,6824,5435,6611
"ENSG00000064687",192.99999,163.99999,329,335,386,360,242,376,345,194,242,209,275
"ENSG00000064692",146,415.99999,133,139,119,67,65,65,113,524,806,559,371
"ENSG00000064703",420,337,1275,1317,1046,1557,833,1133,1347,1274,1069,1051,1030
"ENSG00000064726",817,780,592,874,903,911,660,832,749,1142,923,1228,1607
"ENSG00000064763",673,920.99999,1329,1390,1144,1078,610,780,800,306,406,330,287
"ENSG00000064932",202,125,68,78,47,60,41,70,93,69,63,49,64
"ENSG00000064933",1150.99999,2404.00001,1171,1219,973,1441,1095,1139,1310,868,784,808,1005
"ENSG00000064961",751.00001,766.99999,1377,1197,1394,1746,2156,1895,1921,1165,1087,1171,1372
"ENSG00000064989",194,511.00001,17,27,9,16,7,7,30,58,49,95,97
"ENSG00000064995",747,632,1168,964,808,1107,1619,973,1087,977,896,1010,859
"ENSG00000064999",611,770,609,428,397,542,397,544,461,978,1346,769,783
"ENSG00000065000",1811.00001,1503.00001,1373,944,942,838,707,950,810,764,880,606,681
"ENSG00000065029",551,499,831,741,654,1145,1123,1128,1078,2045,2011,1757,1997
"ENSG00000065057",322,252,2027,1485,1433,940,1428,1045,1003,1043,888,852,957
"ENSG00000065060",272,374,617,668,485,835,326,757,671,1040,959,826,1146
"ENSG00000065135",1111,1399,4677,4449,3714,7537,5956,5797,6684,6948,6107,6297,6516
"ENSG00000065150",2517.99999,2784,10750,10547,8878,16310,12502,14660,15055,10267,8769,9039,10098
"ENSG00000065154",581,687,3995,3840,3226,1709,1434,1312,1359,2148,2006,2046,1993
"ENSG00000065183",318,402,2140,2225,1832,2143,1299,1993,2187,1717,1337,1235,1565
"ENSG00000065243",2069,2497,912,845,831,1416,749,1072,1197,1803,1646,1624,1777
"ENSG00000065268",655.99999,579,5240,3895,3737,3938,4100,3985,4456,3691,3907,3217,3775
"ENSG00000065308",223,211,552,526,595,799,437,796,723,344,398,355,554
"ENSG00000065328",550,550,1744,1561,1650,2472,1483,2379,2329,2831,2183,1873,2321
"ENSG00000065357",79.00001,96.99999,404,381,331,471,297,431,427,104,76,63,83
"ENSG00000065361",17,31,1648,1573,1213,1310,677,1036,1201,53,42,32,69
"ENSG00000065413",77,96,31,29,37,100,39,67,83,215,180,190,202
"ENSG00000065427",1250.00001,1141,6832,5923,5215,5646,5115,5008,5402,4212,3894,3533,3821
"ENSG00000065457",345,549,807,802,671,1049,618,1027,1032,1254,1231,927,1109
"ENSG00000065485",255,185,610,591,511,462,360,432,478,238,354,243,270
"ENSG00000065491",147,151,541,563,483,783,352,674,694,752,695,530,670
"ENSG00000065518",2140,2445.00001,4059,3314,2975,3027,2785,2565,2646,2059,2043,1713,2033
"ENSG00000065526",1700.00001,1538,898,694,644,992,693,997,896,1327,1228,993,1065
"ENSG00000065534",740,780.99999,553,373,394,942,601,834,759,425,457,365,409
"ENSG00000065548",1541.00001,1813.99999,1921,1771,1443,1737,1421,1705,1624,1980,1721,1668,1841
"ENSG00000065559",1331.99999,1452,419,463,535,839,895,946,647,613,477,582,1267
"ENSG00000065600",335,350,465,413,429,440,441,424,453,1004,983,978,827
"ENSG00000065609",372.99999,1880,11,12,22,34,17,20,25,236,244,244,267
"ENSG00000065613",993,1108,380,387,366,447,268,401,326,533,508,509,499
"ENSG00000065615",276,285,414,348,262,302,357,262,245,411,434,455,416
"ENSG00000065618",13,38,95,71,79,200,116,230,191,15,8,7,5
"ENSG00000065621",73,39,574,511,394,581,569,512,495,98,79,76,65
"ENSG00000065665",558.00001,561,603,593,501,1125,845,934,1061,1283,1229,1088,1147
"ENSG00000065675",156,108,454,369,311,57,63,75,88,93,77,68,87
"ENSG00000065717",188.99998,240.99999,128,101,129,105,91,119,79,25,61,26,35
"ENSG00000065802",356,380.00001,750,645,577,889,678,982,934,665,629,473,535
"ENSG00000065809",773,925.00002,188,163,126,182,199,169,177,427,319,328,418
"ENSG00000065833",163,100,112,122,126,85,37,79,63,84,40,78,104
"ENSG00000065882",912.00001,922,671,555,466,824,639,819,756,554,479,430,638
"ENSG00000065883",1481,1645.00001,405,326,306,345,354,397,390,435,444,344,376
"ENSG00000065911",791,871,4420,4062,3404,2324,2286,2034,2172,1808,1332,1562,2010
"ENSG00000065923",140,126,619,548,496,723,343,492,522,336,318,254,350
"ENSG00000065970",229,202,374,407,334,680,276,702,655,931,914,852,969
"ENSG00000065978",12158,12866,4428,3073,3256,3858,5859,3972,3330,3016,2404,2459,3389
"ENSG00000065989",24,23,179,160,166,147,109,162,173,46,92,40,92
"ENSG00000066027",320,292,282,249,249,159,185,142,114,81,83,72,144
"ENSG00000066032",1407,3927,400,392,330,1813,1029,1562,1656,2670,2797,2231,2000
"ENSG00000066044",1716,1496,670,476,498,652,692,579,581,695,585,647,603
"ENSG00000066084",730,1048,944,960,772,1268,523,1035,1008,1984,2252,1667,1701
"ENSG00000066117",1039,888.99999,1678,1802,1513,2484,1407,2625,2698,2479,2323,1796,2463
"ENSG00000066135",509,645,2479,2408,1992,1966,1183,2192,2184,2192,2367,1629,1677
"ENSG00000066136",1189,1406,1341,1092,944,1519,1290,1325,1520,2645,2696,2337,2250
"ENSG00000066230",218,186,27,39,36,69,87,83,76,102,177,88,143
"ENSG00000066248",194,40,80,55,76,90,84,69,113,14,8,6,10
"ENSG00000066279",2122,2759,2310,2249,2006,2666,1181,2155,2055,2289,2018,1855,2246
"ENSG00000066322",302,218,793,610,571,747,612,581,677,369,368,329,337
"ENSG00000066379",347,465,705,535,547,737,1315,675,634,779,747,941,729
"ENSG00000066382",624.99999,1039,30,17,29,222,204,171,146,1281,1080,1366,1390
"ENSG00000066422",269.99998,374,429,419,291,522,288,362,432,596,547,497,430
"ENSG00000066427",992.99999,1079,403,448,350,549,298,407,438,412,371,377,390
"ENSG00000066455",322,430,883,848,776,1250,703,998,1077,1074,1098,954,1011
"ENSG00000066468",864,495,697,568,557,445,378,574,566,250,366,278,232
"ENSG00000066557",403,585,980,1057,807,1301,1097,963,1029,1176,902,1198,1131
"ENSG00000066583",240,304,1203,1145,986,1667,1307,1158,1295,945,794,828,957
"ENSG00000066629",3087.00001,3660,581,513,494,1467,1076,1369,1349,2477,2260,2324,2655
"ENSG00000066651",901,1038.00001,698,717,545,1044,801,808,921,1124,934,965,1148
"ENSG00000066654",578.00001,735,2227,2330,1793,3027,1775,2462,2671,1873,1864,1610,1832
"ENSG00000066697",622.00001,569,225,169,144,307,409,339,254,355,379,351,406
"ENSG00000066735",337,291,229,151,164,197,184,327,253,134,166,98,185
"ENSG00000066739",369,466,263,324,261,403,194,321,242,384,467,331,266
"ENSG00000066777",1538,1523.00001,1725,1960,1448,797,406,803,696,779,820,721,826
"ENSG00000066827",305.99999,245,163,153,147,206,86,225,246,208,270,154,181
"ENSG00000066855",397.00001,482.00001,280,273,263,422,331,352,289,313,325,340,363
"ENSG00000066923",129,498,92,53,85,60,15,64,56,34,69,38,38
"ENSG00000066926",281.99999,242,445,560,457,440,339,382,346,814,751,840,940
"ENSG00000066933",705.99999,1655,625,590,484,897,319,682,650,750,797,653,567
"ENSG00000067057",594.99999,477,4372,3489,3270,3037,2007,3370,3422,1271,1458,963,904
"ENSG00000067064",1027,1418.99999,3005,3140,2609,3911,3207,3144,3456,4292,3823,3934,4243
"ENSG00000067082",557,773,1053,852,831,1701,1259,1372,1426,1547,1405,1068,1245
"ENSG00000067113",343,182,830,806,768,355,375,257,275,230,217,247,258
"ENSG00000067141",2504.00001,2412,730,593,479,1048,857,1060,919,997,888,771,1059
"ENSG00000067167",1183.99999,1513,1946,1973,1594,3080,2321,2115,2421,1994,2031,2115,1985
"ENSG00000067177",180,193,340,367,335,326,157,313,289,710,661,492,660
"ENSG00000067182",337.00001,310,892,807,734,773,603,722,824,587,499,441,565
"ENSG00000067191",179.99999,217.99999,176,132,101,126,94,126,190,296,422,329,317
"ENSG00000067208",1391.00001,1942.00001,260,320,239,406,221,341,361,447,496,499,370
"ENSG00000067221",100,111,135,99,128,201,180,129,183,389,409,347,389
"ENSG00000067225",7471.99999,7202.00001,39182,34506,31491,41938,34175,37885,40844,35149,36872,29034,32686
"ENSG00000067248",796,1306,1192,1111,960,825,490,764,723,704,648,591,732
"ENSG00000067334",860.99999,976,2514,2665,2221,2656,1693,2528,2486,2269,2038,1894,2264
"ENSG00000067365",348.99999,339,1055,871,755,969,932,890,1046,648,838,705,620
"ENSG00000067369",1795,2025.00001,2691,3075,2403,4933,2122,4473,4621,6707,7055,5462,5967
"ENSG00000067445",567.00001,704,2815,2578,2014,6739,3745,6294,7154,6720,7917,6233,5814
"ENSG00000067533",360,865,748,861,679,724,402,548,616,522,377,379,466
"ENSG00000067560",3812,4012,11638,11126,9851,12906,10242,11088,11761,10095,9138,8734,9873
"ENSG00000067596",528.00001,639,1630,1635,1466,2263,1352,2138,2179,2065,2041,1665,1951
"ENSG00000067606",532.99999,357,182,124,153,227,396,332,276,576,546,466,486
"ENSG00000067704",821,739,4174,4427,3643,3970,2229,3097,3496,3180,2946,2698,2888
"ENSG00000067715",10103.99999,12650,1041,858,721,1581,857,1257,1254,1927,2514,1801,1770
"ENSG00000067798",399,950,69,16,36,171,79,205,161,828,828,866,767
"ENSG00000067829",402,402,1771,1396,1262,1679,1378,1699,1677,1705,1864,1368,1522
"ENSG00000067836",362,357,397,342,292,431,476,454,459,564,635,583,507
"ENSG00000067840",325,330,564,578,627,11,8,6,4,253,286,214,354
"ENSG00000067900",1201,1545,1588,1646,1409,2020,970,1825,1783,1499,1490,1180,1375
"ENSG00000067955",934,1278.99999,238,271,217,432,447,362,375,515,439,583,734
"ENSG00000067992",562.00001,722,6227,6342,5471,8202,4373,7279,6890,4475,4740,3733,4244
"ENSG00000068001",473,502.00001,1414,1204,1351,1810,2589,1846,1667,1629,1513,1654,2720
"ENSG00000068024",1193,1136,294,285,283,495,298,537,428,297,336,242,276
"ENSG00000068028",281,364,557,492,381,988,1061,899,1045,1813,1766,1486,1707
"ENSG00000068078",230,138,111,67,83,98,107,106,80,207,411,232,279
"ENSG00000068079",14,20,67,53,70,23,32,18,32,6,12,15,13
"ENSG00000068097",480,445.99999,753,775,678,1286,650,1168,1121,1304,1385,1013,1161
"ENSG00000068120",389,319.99999,2877,2305,2108,1988,1459,1940,2186,2236,2610,1842,2239
"ENSG00000068137",135.99999,134,74,48,56,60,37,85,85,67,78,56,93
"ENSG00000068305",2926.00001,4493.00001,319,328,268,497,309,364,459,679,551,597,628
"ENSG00000068308",485,524,398,323,268,316,404,363,359,388,409,356,397
"ENSG00000068323",330,354,1243,1162,1015,754,442,696,732,757,908,557,874
"ENSG00000068354",88,117,274,194,179,343,203,290,355,403,412,320,319
"ENSG00000068366",777.00001,1464.00002,1967,2277,1833,2560,1166,1943,1996,4439,4137,4208,4240
"ENSG00000068383",372,324,128,107,138,117,121,120,112,161,148,127,192
"ENSG00000068394",228,208,603,509,435,603,490,572,551,760,840,616,676
"ENSG00000068400",571,781.00002,1647,1264,1328,1495,771,1535,1618,1826,2600,1436,1764
"ENSG00000068438",307.00001,280,1840,1420,1397,1117,1057,974,1176,1173,1248,1016,1051
"ENSG00000068489",740.00001,935.00001,1419,1110,1117,1359,875,1241,1424,1410,1284,1021,1459
"ENSG00000068615",349.00001,696,15,8,12,33,28,22,18,191,183,234,349
"ENSG00000068650",537,331.00001,1301,1098,966,743,465,698,671,896,829,627,707
"ENSG00000068654",461.99999,661.00001,1862,1895,1682,1629,771,1800,1863,1641,1447,1156,1505
"ENSG00000068697",1859,2505,6911,6438,5635,9939,10987,6960,8296,4532,4487,4696,4510
"ENSG00000068724",263,259,346,304,255,491,302,412,436,530,579,482,575
"ENSG00000068745",1238,1822.99998,2928,2323,2003,3733,3141,3412,3692,3587,4103,3426,3579
"ENSG00000068784",372,633,833,870,702,1114,556,1057,1063,1505,1270,1163,1133
"ENSG00000068796",2032,2753,2299,2276,1956,2565,1696,2336,2125,2568,2161,2126,2611
"ENSG00000068831",14,16,385,255,249,30,40,31,20,18,16,19,10
"ENSG00000068878",757,716,1640,1315,1155,837,672,797,738,645,643,638,715
"ENSG00000068885",1068.00001,1481,377,373,338,773,446,564,610,1085,933,1038,1019
"ENSG00000068903",360,234,221,179,164,455,362,444,428,1040,1278,984,930
"ENSG00000068912",857,890.99999,1117,1035,793,1101,938,794,972,1297,1191,1333,1185
"ENSG00000068971",177,182,115,121,96,293,261,228,310,372,497,421,562
"ENSG00000068976",37.99999,21,341,314,281,189,135,243,230,255,247,210,242
"ENSG00000069020",548.99999,654.99999,249,194,182,198,91,144,169,345,401,273,345
"ENSG00000069188",2115,2485,368,288,239,1444,850,1329,1509,3178,3281,2189,2909
"ENSG00000069248",547,605,2026,2216,1960,2748,1491,2409,2484,2368,2113,2033,2271
"ENSG00000069275",13604,9153,11631,13165,10326,18490,9607,16015,16604,15794,13031,11908,15185
"ENSG00000069329",1480.00001,1761,2928,3029,2533,4184,3002,3420,3634,7387,6661,6001,6663
"ENSG00000069345",839,983,3951,3698,3092,2948,2388,2456,2675,2899,3023,2818,2835
"ENSG00000069399",33,13,29,17,16,17,14,19,19,31,56,43,33
"ENSG00000069424",175.99999,113,334,251,273,250,135,263,263,315,377,250,320
"ENSG00000069482",1210,1639,129,157,280,15,41,12,1,5,6,11,15
"ENSG00000069493",371,624,99,51,44,97,43,51,78,103,92,107,83
"ENSG00000069509",308,700,1093,1026,904,886,860,699,663,1439,1370,1402,1362
"ENSG00000069535",39,13,141,150,128,105,97,130,114,126,145,90,126
"ENSG00000069667",877,638,266,288,291,511,316,335,418,191,299,250,191
"ENSG00000069696",118,54,11,7,7,6,2,2,3,53,25,47,42
"ENSG00000069702",116,194,100,120,149,594,335,482,626,191,298,176,167
"ENSG00000069849",1645,1714,9031,9541,8121,5952,4963,4760,5279,8998,7425,8215,9398
"ENSG00000069869",590,523,439,338,404,438,195,310,322,545,636,577,578
"ENSG00000069943",69,263,176,168,135,296,195,217,178,273,247,192,275
"ENSG00000069956",1069,1247.99999,2953,3052,2295,3549,2048,2752,2777,3228,2924,2865,2946
"ENSG00000069966",335,352,1237,1097,881,1079,934,840,896,935,905,779,841
"ENSG00000069974",199,331,103,132,99,130,76,137,133,167,158,179,147
"ENSG00000069998",615.99999,604,1255,917,1006,1122,1708,1205,1121,734,731,787,938
"ENSG00000070010",899.99999,934,1884,1510,1473,1361,2205,1149,1119,1378,1413,1494,1323
"ENSG00000070018",1034,1250,1871,1758,1536,2209,1059,1986,1742,2013,1808,1692,1775
"ENSG00000070047",585,526,1077,1231,1074,1320,769,1533,1492,988,1092,946,1150
"ENSG00000070061",856,870,2198,2311,1817,2932,1437,2565,2860,2452,2483,1912,2279
"ENSG00000070081",1548.00001,1561.00001,420,368,313,737,592,516,608,954,878,770,899
"ENSG00000070087",3386,3369.00001,3843,3426,3075,6341,8383,4518,4738,12585,10623,14070,13257
"ENSG00000070159",45,36,115,128,114,187,77,123,127,30,45,22,43
"ENSG00000070182",23,13,51,44,38,100,45,84,68,58,74,67,56
"ENSG00000070214",551,564,982,745,697,1009,868,875,799,365,361,354,452
"ENSG00000070269",607,826,274,363,319,466,254,396,393,723,629,610,755
"ENSG00000070366",775,755,805,818,741,938,544,949,1011,1782,2008,1316,1579
"ENSG00000070367",928,1129,2234,2406,1869,3865,1841,3043,3271,3147,2676,2684,2913
"ENSG00000070371",316,240.99999,602,560,413,453,236,418,487,381,332,274,351
"ENSG00000070404",125,80,185,134,104,275,273,272,266,179,199,172,203
"ENSG00000070413",744,753.99999,4321,3926,3203,4135,2313,3956,4349,5712,6345,4444,5381
"ENSG00000070423",451,372,473,346,380,460,488,512,474,243,256,246,351
"ENSG00000070444",387,315,65,59,55,102,55,95,75,150,140,104,150
"ENSG00000070476",590,478,90,64,84,74,56,95,59,89,95,81,90
"ENSG00000070495",278.00001,276,564,439,377,634,734,547,636,681,882,631,664
"ENSG00000070501",488,614,710,670,514,700,982,576,651,687,635,799,744
"ENSG00000070540",319,261,438,486,385,724,564,646,600,178,205,195,194
"ENSG00000070601",37,23,40,24,24,46,34,28,37,58,53,26,28
"ENSG00000070610",510,425.00001,1237,748,848,818,1002,944,728,628,650,513,925
"ENSG00000070614",755,663,1134,1135,1085,1347,694,1268,1201,2226,1982,1730,2421
"ENSG00000070669",401,73,3244,2964,2485,1824,1669,1620,1810,1999,1560,1589,2171
"ENSG00000070718",499.99999,655.99999,786,639,568,1360,1104,1238,1455,1945,1847,1586,1792
"ENSG00000070729",26,29,0,0,0,4,0,4,10,55,80,41,81
"ENSG00000070756",9053.99999,7594,18039,16870,14527,20863,14187,20373,20209,10477,10183,8463,11115
"ENSG00000070759",59,21,320,278,248,410,234,379,295,133,105,115,124
"ENSG00000070761",637,685,1476,1374,1324,2126,2531,1918,1933,2730,2464,2451,2571
"ENSG00000070770",655,551,448,401,374,491,326,475,459,409,358,334,346
"ENSG00000070778",525,744,102,124,111,157,132,137,129,154,176,169,170
"ENSG00000070785",430,517.99999,1462,1348,1175,1298,1434,1071,1044,1230,1199,1128,1130
"ENSG00000070808",147,137,6,3,6,13,9,16,15,72,109,62,41
"ENSG00000070814",1002,781.99998,7589,6713,5772,4994,2515,5510,5899,4416,4245,2944,4182
"ENSG00000070831",1973.99998,2291,773,707,749,1283,1291,1058,3737,4673,1659,1385,2501
"ENSG00000070882",1593,1843.00001,331,313,296,169,73,123,131,276,259,176,218
"ENSG00000070886",14,15,31,23,43,18,6,17,20,16,15,26,14
"ENSG00000070950",407,478,856,734,658,938,663,847,939,906,706,715,802
"ENSG00000070961",1512.99999,1820,866,844,847,4074,1817,3273,3499,3322,2752,2413,2833
"ENSG00000071051",618,1000,264,194,192,170,214,195,172,289,308,255,324
"ENSG00000071054",3641.99999,4279.99999,1470,966,950,1146,842,1151,1041,1617,1707,1305,1541
"ENSG00000071073",195,279,76,65,98,189,142,151,144,357,351,394,380
"ENSG00000071082",26280,32686,16336,13763,13259,17152,23800,17684,15372,10792,10327,10818,10237
"ENSG00000071127",1452.00001,1043,9555,9450,8856,8096,6307,7883,7427,4421,4729,4033,4916
"ENSG00000071189",785,1004,810,1001,781,984,568,857,801,1081,1035,1068,999
"ENSG00000071205",205,312,42,41,56,60,60,79,66,26,42,34,29
"ENSG00000071242",685.00001,925,308,281,272,223,159,276,210,624,697,494,714
"ENSG00000071243",596,743,288,393,360,435,300,279,381,828,865,908,830
"ENSG00000071246",387,468,203,167,118,312,275,252,277,543,623,450,579
"ENSG00000071282",201,120,205,215,175,84,52,55,66,338,275,252,235
"ENSG00000071462",629,537,2309,1844,1725,1499,1905,1406,1332,1373,1266,1275,1370
"ENSG00000071537",517,630,1224,1360,977,2113,734,1541,1686,2548,2522,2232,2201
"ENSG00000071539",300,282,1439,1303,1296,1414,1246,1373,1311,1230,995,1056,1224
"ENSG00000071553",859.00001,782.00001,2134,2096,1940,2992,2166,2617,2804,4178,4306,4053,4652
"ENSG00000071564",2082,1565,1116,603,626,988,1212,1241,1116,1042,1086,801,1015
"ENSG00000071575",532,543,1930,1674,1499,2620,1628,2311,2279,2677,3000,2243,2705
"ENSG00000071626",1270.99999,1147.00001,376,244,295,178,210,231,202,139,140,83,136
"ENSG00000071655",1108.99999,1015,846,501,507,655,768,837,696,832,968,749,992
"ENSG00000071794",1403,2185.99999,2103,2263,1930,1533,841,1305,1382,2909,2623,2393,2747
"ENSG00000071859",746,713,215,144,164,167,212,215,131,188,190,141,211
"ENSG00000071889",217.99999,219,724,490,521,435,445,416,450,712,786,608,664
"ENSG00000071894",969.99999,816.00001,2854,2471,2359,3910,2217,4097,4033,4750,5306,3967,4799
"ENSG00000071909",35,63,16,13,25,252,129,208,258,13,29,26,10
"ENSG00000071967",191.99999,189,121,120,94,121,87,77,128,205,186,182,220
"ENSG00000071994",697.00001,814.00002,608,707,557,505,592,501,444,302,259,338,431
"ENSG00000072041",322.99999,593,877,915,714,444,272,374,428,1416,1305,1447,1423
"ENSG00000072042",692,919,6135,5789,4757,3324,2451,2704,2909,2836,2869,2538,2582
"ENSG00000072062",1310.99999,1004,43,36,32,40,32,53,56,96,115,53,95
"ENSG00000072071",899,918,1004,805,807,1015,717,1230,1159,832,933,552,790
"ENSG00000072110",720.99999,760.99999,6204,6828,7312,6407,4126,6532,5943,3039,2229,2455,4007
"ENSG00000072121",550,465.00001,399,386,318,422,234,409,437,398,422,285,294
"ENSG00000072133",174,262,175,178,175,333,178,316,245,181,161,157,246
"ENSG00000072134",586,607.99999,541,537,492,917,492,911,869,701,681,534,679
"ENSG00000072135",271,224.00001,382,299,335,485,370,492,389,492,438,476,692
"ENSG00000072163",79.99999,25,54,39,33,56,56,70,63,44,52,15,33
"ENSG00000072182",121,160,4,5,6,5,0,2,4,95,125,95,87
"ENSG00000072195",228,177,176,126,102,86,90,94,98,69,83,44,58
"ENSG00000072210",607,569.99999,2001,1950,1692,3063,2353,2743,3175,3392,2927,2803,3355
"ENSG00000072274",1227.99998,782,5386,5911,4552,9206,4074,6592,8599,9997,8452,7299,8787
"ENSG00000072310",387,309.00002,182,182,317,479,487,689,454,388,282,349,971
"ENSG00000072315",43,42,47,14,9,159,62,110,147,45,38,8,20
"ENSG00000072364",1539,1538,1060,1157,918,1605,716,1263,1240,1635,1789,1671,1551
"ENSG00000072401",508,642,712,909,820,1122,926,925,906,795,463,745,1001
"ENSG00000072415",737,755.99998,535,573,412,953,450,693,665,1082,883,915,846
"ENSG00000072422",353,736,189,171,120,264,166,197,220,276,294,206,349
"ENSG00000072501",1609.00001,3558,5345,5206,4232,6941,3046,6435,6659,7456,7080,5372,6053
"ENSG00000072506",681,775,2472,1938,1891,2292,2986,2217,2265,1691,1757,1493,1561
"ENSG00000072518",901.00001,905.00001,217,173,133,179,148,187,183,169,155,126,176
"ENSG00000072571",634,849,1630,1546,1417,1701,1755,1236,1530,1084,835,1071,1116
"ENSG00000072609",368.99999,442,1014,885,793,788,549,737,807,738,859,615,659
"ENSG00000072657",165,160,32,47,25,6,4,1,5,19,16,33,31
"ENSG00000072682",315,274,970,901,661,2137,1371,1718,2116,908,1088,811,847
"ENSG00000072736",2520.99999,3103.00003,710,797,763,1443,738,1400,1336,1833,1641,1505,2101
"ENSG00000072756",579.99998,590,1643,1540,1304,1516,890,1177,1248,1149,1339,1236,1176
"ENSG00000072778",1136,1250,2017,2149,2490,3059,2814,3105,3245,3306,3083,3601,4758
"ENSG00000072786",120,102,367,419,352,438,215,450,315,223,255,194,249
"ENSG00000072803",1725,1480.00001,1034,1329,1126,1835,968,1681,1550,1748,1365,1815,2449
"ENSG00000072818",181.99999,119,699,559,531,260,123,229,161,28,65,64,47
"ENSG00000072832",1960,2582,1038,1051,1211,3943,3787,4426,3207,5175,4739,5062,8644
"ENSG00000072840",451,346,90,78,63,67,56,53,48,90,116,97,48
"ENSG00000072849",610,610,835,781,699,1297,1125,1093,1121,1239,1238,1109,1273
"ENSG00000072864",558.00001,680,669,542,585,1242,725,1149,1199,1429,1403,1163,1300
"ENSG00000072952",92,112,208,179,182,241,146,293,323,288,288,146,191
"ENSG00000072954",182,131,224,172,178,47,36,37,38,109,86,90,128
"ENSG00000072958",706.99999,787,869,851,819,1477,1093,1426,1390,2673,2638,2200,3017
"ENSG00000073008",194.99999,142,481,561,533,514,300,443,516,650,626,602,581
"ENSG00000073050",827.99999,894.99999,1344,1122,1056,1689,1347,1593,1855,2691,2903,2251,2537
"ENSG00000073060",327.00001,242.99999,1009,1061,1094,797,573,817,857,493,464,472,737
"ENSG00000073111",1158,1111,6376,5682,5066,8796,6189,9112,9797,15063,14655,11551,13999
"ENSG00000073150",99,72,28,23,21,21,23,41,30,19,9,10,13
"ENSG00000073169",322,186,105,65,71,24,84,73,51,73,64,39,71
"ENSG00000073331",41,33.00001,3,3,8,14,19,21,14,99,113,78,83
"ENSG00000073350",106,80.00001,514,356,390,398,515,416,368,35,40,49,64
"ENSG00000073417",607.99999,937,86,68,50,72,52,52,36,98,103,87,89
"ENSG00000073464",181,238,382,370,263,856,327,532,724,906,1053,834,742
"ENSG00000073536",176,145.99999,1597,1487,1227,956,795,1066,1020,999,937,720,847
"ENSG00000073578",689.99999,768,5673,5028,4279,3441,2362,2893,3532,6233,6095,5319,5630
"ENSG00000073584",3091,4204.00001,4281,3937,3440,6706,4679,5465,5819,8377,7824,7781,8047
"ENSG00000073605",67.99999,155,79,50,71,93,61,91,79,62,106,48,52
"ENSG00000073614",1312,1566,1902,1916,1625,3228,1575,2758,2914,3175,3343,2773,2751
"ENSG00000073670",260,345,49,37,52,58,45,57,95,104,96,80,99
"ENSG00000073711",585,997,251,271,216,527,233,385,474,531,613,515,437
"ENSG00000073712",936.99999,804.99999,1606,1689,1508,6436,4743,4912,4877,793,659,763,746
"ENSG00000073734",436,307,51,31,30,59,34,43,41,37,72,36,39
"ENSG00000073792",3180.00001,3668.99999,1963,1796,1680,3731,1927,3629,3479,2717,3085,2050,2630
"ENSG00000073803",491,1154.00001,258,218,227,384,381,392,372,787,882,657,709
"ENSG00000073849",271,517,3899,3642,3015,2069,1143,1895,1950,1174,1078,1075,1137
"ENSG00000073910",258.99999,415.00001,135,134,81,267,98,235,242,394,492,237,322
"ENSG00000073921",1937,2078.99999,832,690,601,991,648,857,825,1048,972,947,1043
"ENSG00000073969",513.99999,748,1393,1371,1100,1954,1197,1794,1832,2727,2759,2340,2380
"ENSG00000074047",1279,3127.00001,356,316,232,434,318,514,494,556,628,474,505
"ENSG00000074054",2583.99999,3309,1970,2534,1623,3701,1309,3379,3561,5387,6228,4482,4628
"ENSG00000074071",958.99999,916,2744,2573,2661,1694,2322,1765,1584,1672,1432,1487,1993
"ENSG00000074181",821,637,918,832,704,840,495,883,872,1202,1393,849,1188
"ENSG00000074201",1587,1830,4502,4013,3370,5092,6371,4455,4798,4854,4639,4663,4746
"ENSG00000074219",1862.99999,2069.00001,957,870,872,1856,2006,1943,1763,1562,1642,1409,1695
"ENSG00000074266",804,1080.99999,750,818,606,1332,1082,1131,1169,652,596,690,973
"ENSG00000074317",28,13,43,30,43,76,65,67,75,5,12,10,17
"ENSG00000074319",1096,1196,2208,1888,1482,2366,2379,1781,1880,2483,2429,2581,2271
"ENSG00000074356",673,734,812,761,673,1575,843,1414,1373,1729,1691,1352,1546
"ENSG00000074410",18,34,93,72,103,64,24,67,54,76,80,82,147
"ENSG00000074416",175.99999,102.99999,54,34,38,65,35,41,32,74,73,83,74
"ENSG00000074527",35,37,26,19,18,28,19,9,31,53,76,55,93
"ENSG00000074582",204.99999,279.00001,827,640,545,606,753,608,630,972,887,848,914
"ENSG00000074590",428,403,214,178,190,115,74,86,78,513,564,592,626
"ENSG00000074603",717.00001,1001,963,960,671,847,533,703,802,825,732,675,789
"ENSG00000074621",159,129,140,131,124,189,68,116,172,152,114,76,132
"ENSG00000074657",1697,1623.00001,3078,2585,2239,2795,1469,2518,2433,3308,3332,2564,2927
"ENSG00000074695",2347,3170,2911,3085,2446,9895,4723,7024,8348,2471,2353,2343,2390
"ENSG00000074696",2564,3144,9453,9045,7460,10446,7257,8228,9783,9703,9140,8856,9542
"ENSG00000074755",474,469,222,239,273,300,180,269,200,360,416,367,459
"ENSG00000074800",12157,12244.99999,103943,84251,78697,141237,128426,130243,137537,72651,72747,59338,62165
"ENSG00000074803",24,110,24,36,23,0,1,1,1,9,22,21,10
"ENSG00000074842",707,741,2238,1971,1853,1535,2176,1385,1510,1806,1714,1747,1723
"ENSG00000074855",255,226,19,29,30,49,41,55,45,34,64,46,78
"ENSG00000074935",277,256,289,277,240,344,289,314,318,461,439,424,492
"ENSG00000074964",872.99999,1129,482,294,257,197,185,212,197,366,345,257,334
"ENSG00000075035",127,86,50,17,13,52,23,40,72,9,30,33,28
"ENSG00000075043",735.99999,831.00001,203,169,175,240,255,252,228,403,417,320,435
"ENSG00000075089",373.00001,608,575,670,465,793,549,552,602,593,436,572,589
"ENSG00000075131",195,196,507,535,381,590,477,501,521,397,337,364,423
"ENSG00000075142",1184,1383.00001,4292,3827,3467,4524,4489,3947,3752,6207,5894,5504,5719
"ENSG00000075151",8465,11474.00002,1063,770,883,1038,684,989,1035,1212,1193,906,1104
"ENSG00000075188",508,473,1299,1152,1103,1183,1405,998,931,988,854,934,924
"ENSG00000075213",2630,1707,1192,1249,1003,1778,889,1466,1951,634,500,595,493
"ENSG00000075218",857,839,915,739,698,975,723,913,957,1515,1426,1079,1568
"ENSG00000075223",116,85,26,39,28,14,7,6,6,241,262,284,162
"ENSG00000075234",264,283,1107,1047,1018,1336,1000,1176,1191,1805,1787,1412,1746
"ENSG00000075239",578,848,1952,1853,1695,903,938,836,763,1764,1464,1579,1537
"ENSG00000075240",289,286,132,81,92,139,91,143,161,106,122,109,120
"ENSG00000075275",289,196,380,267,267,366,293,384,412,555,676,469,477
"ENSG00000075292",2648,3617,2581,2646,2223,3703,1802,3286,3546,3226,3352,2777,3204
"ENSG00000075303",332.00001,310.99999,201,206,230,375,162,260,249,537,513,533,589
"ENSG00000075336",418,471,1418,1351,1200,1009,960,839,949,1114,1009,967,959
"ENSG00000075340",1328,1199.00001,4314,3931,3287,3143,1783,3185,3086,3750,3937,2826,3345
"ENSG00000075391",1326.00002,1495.00001,507,513,460,322,203,255,269,1007,1052,819,818
"ENSG00000075399",192,165,37,43,26,33,24,37,34,77,71,61,114
"ENSG00000075407",715.00001,775.99999,543,525,401,564,310,434,499,690,690,655,597
"ENSG00000075413",1973.00004,2438.00001,663,553,662,1050,1070,1040,825,676,816,842,1246
"ENSG00000075415",4600,4865.99998,15487,13653,11436,14347,15193,12415,13324,12424,10720,11523,11641
"ENSG00000075420",1281,1272.00001,934,1032,880,1538,629,1256,1148,1040,937,809,901
"ENSG00000075426",153,66,98,70,76,210,192,195,155,70,130,82,152
"ENSG00000075429",140,183,47,32,43,18,7,8,9,16,37,44,21
"ENSG00000075461",550,613,9,21,12,4,17,12,18,352,459,249,307
"ENSG00000075539",2106,3004.00001,776,813,663,1132,502,1027,959,1343,1309,1098,1111
"ENSG00000075568",717,709,402,369,326,400,245,363,394,505,547,355,446
"ENSG00000075618",1907,1965,2359,2401,2379,2916,1937,3074,3049,3777,4136,3249,4717
"ENSG00000075624",24345.00001,27208.99999,327348,270977,244130,269793,195793,253575,256843,238206,246780,194568,219500
"ENSG00000075643",37,19,269,266,269,65,36,68,31,142,91,98,141
"ENSG00000075651",197.00001,132,83,93,121,21,3,17,15,90,54,75,36
"ENSG00000075702",1541.99999,539.99999,1436,1295,1324,1231,663,1230,1202,1291,1281,808,1197
"ENSG00000075711",13241,6468.99999,755,801,675,1494,935,1365,1139,1100,1105,1172,1336
"ENSG00000075785",1470.00001,1624.00002,4611,3708,3398,3837,2804,3145,3467,4786,5112,4238,4358
"ENSG00000075790",222,294,303,345,299,402,269,312,354,430,338,458,444
"ENSG00000075826",133.99999,116,154,103,106,351,163,383,476,294,509,213,250
"ENSG00000075856",540,585,2768,2523,2107,3340,1850,3269,3126,2932,2896,2109,2590
"ENSG00000075884",23,30,1,0,0,12,22,20,21,15,21,16,15
"ENSG00000075891",643.00001,52,0,0,0,99,59,110,85,7,41,17,16
"ENSG00000075914",518,564.00001,2677,2295,2195,2580,2472,2266,2337,1798,1520,1271,1623
"ENSG00000075945",590,803,120,94,116,318,156,236,230,3150,3081,2788,2692
"ENSG00000075975",271,323.99999,879,822,692,1053,857,1033,1080,1973,2013,1898,1829
"ENSG00000076003",1236,1352,4144,3935,3300,4915,3353,4355,4708,5055,4361,4163,4581
"ENSG00000076043",513.00001,492,2424,2105,2007,940,1043,848,981,593,514,529,720
"ENSG00000076053",392,501.99999,1461,1503,1224,1151,808,991,1070,1199,1074,1114,1184
"ENSG00000076067",235,354,337,381,239,542,292,458,468,627,647,560,554
"ENSG00000076108",1260,1126.99999,1757,1713,1483,2701,1425,2888,2742,2116,2617,1618,1951
"ENSG00000076201",551,437,605,611,455,542,270,523,585,618,574,420,479
"ENSG00000076242",1377,1923.99999,2292,2209,1851,2520,2013,2082,2257,2759,2427,2431,2697
"ENSG00000076248",671.99999,738,5082,4692,4295,5203,4814,5167,5248,3507,3079,2810,3319
"ENSG00000076258",52,45,73,61,24,45,47,70,62,54,48,69,41
"ENSG00000076321",415,587,379,386,296,522,286,471,455,690,671,665,693
"ENSG00000076351",155.00001,134,153,116,173,89,63,78,39,341,252,295,652
"ENSG00000076356",260,203,72,57,88,458,244,384,459,1657,1895,1549,1667
"ENSG00000076382",603.99999,791,5248,5081,4376,5530,2926,5781,6020,5669,5315,4181,5031
"ENSG00000076513",366,349.00001,207,231,186,232,195,210,221,393,330,320,364
"ENSG00000076554",526.00001,608,1141,1322,1005,1093,690,868,986,536,432,483,499
"ENSG00000076555",270,354,376,339,257,466,228,460,411,558,480,342,501
"ENSG00000076604",588.99999,519,367,295,285,284,357,301,194,183,153,125,198
"ENSG00000076641",194,210,0,4,2,10,11,14,13,104,121,129,182
"ENSG00000076650",223,245,411,381,298,421,282,386,407,429,471,371,371
"ENSG00000076662",51,31,700,579,447,45,106,60,55,47,86,47,52
"ENSG00000076685",1008.00001,1535.00001,2213,2263,1724,1715,1064,1441,1526,2789,2902,2549,2805
"ENSG00000076706",182,98,391,295,293,611,393,541,550,2156,2240,1796,2008
"ENSG00000076716",832,377,3889,4929,6559,6125,3809,5139,4725,1706,1814,2013,3068
"ENSG00000076770",296.99998,632,57,70,74,500,282,352,387,299,188,206,259
"ENSG00000076826",239,199,98,78,80,82,71,106,69,45,85,52,74
"ENSG00000076864",73.99999,42.00001,128,98,100,179,183,195,240,181,212,151,186
"ENSG00000076924",356,355,342,324,267,368,231,375,383,383,416,319,417
"ENSG00000076928",242.99999,205,1329,1047,997,808,561,928,1028,690,847,476,699
"ENSG00000076944",167,118.99999,1432,1387,1146,1326,1098,1403,1313,193,216,188,157
"ENSG00000076984",462.99999,396,95,47,53,58,49,61,75,74,68,59,78
"ENSG00000077009",41,39,2246,1656,1532,80,66,78,71,182,242,192,175
"ENSG00000077044",440.00001,310,342,308,255,303,220,403,297,379,387,293,463
"ENSG00000077063",229,247,455,450,425,629,311,633,642,285,328,255,296
"ENSG00000077080",77,72,64,30,29,19,32,23,25,182,284,246,178
"ENSG00000077092",269,205,7,18,14,30,19,14,18,3121,2639,2647,2358
"ENSG00000077097",2874,3115,2432,2442,2198,2921,1591,2519,2386,4296,3566,3003,3585
"ENSG00000077147",1426,1438,1254,1222,937,917,712,758,720,685,584,597,791
"ENSG00000077150",76,69.99999,81,84,70,126,83,99,84,59,82,72,143
"ENSG00000077152",1633.99999,1380,1900,1615,1527,2324,3139,2088,2112,3479,3025,3280,3609
"ENSG00000077157",867,732,385,316,272,479,259,437,392,859,985,757,837
"ENSG00000077232",1599.99999,1617.99999,3845,3999,3455,3982,2050,2971,3573,2962,2538,2503,2601
"ENSG00000077235",842.00001,921,5066,4845,4098,4861,2066,4917,5332,6033,6798,4273,5118
"ENSG00000077238",65,89.00001,582,598,595,323,219,332,340,39,68,52,70
"ENSG00000077254",1347.99999,1490.00001,2008,2154,1581,3104,1642,2537,2829,3374,3264,2878,3209
"ENSG00000077264",4098,6127,291,237,206,862,440,849,862,3162,3325,2661,2835
"ENSG00000077274",17,88,553,509,493,27531,16642,25672,29752,4379,3863,3260,3727
"ENSG00000077279",2205.00001,4736.99999,66,78,55,555,319,644,560,6825,8941,6216,6090
"ENSG00000077312",841,848,3134,2389,2271,3666,3076,3466,3800,2896,2800,2186,2664
"ENSG00000077327",12,22,1,8,3,32,54,31,44,148,63,96,98
"ENSG00000077348",180.99999,195,2059,1538,1584,1040,1494,1045,1132,562,526,497,550
"ENSG00000077380",2482,2384,1629,1695,1351,2689,1901,1894,2357,3264,3104,3002,3009
"ENSG00000077454",244,208.00001,407,334,400,361,212,350,425,436,511,378,407
"ENSG00000077458",365.99999,372,270,229,184,360,240,299,303,348,313,329,338
"ENSG00000077463",143,130.00001,70,37,59,45,54,81,63,77,69,67,58
"ENSG00000077498",219,626,1,0,1,7,2,0,1,58,140,115,108
"ENSG00000077514",584,783,1251,1092,1058,2423,1775,2445,2436,2670,2290,2311,2553
"ENSG00000077522",33,15,58,25,32,29,25,35,47,18,33,19,27
"ENSG00000077549",2391,2306,5448,4794,4610,6441,5039,5835,5832,2560,2902,2300,2579
"ENSG00000077585",324,212,27,19,30,26,24,35,17,29,27,14,52
"ENSG00000077616",367,421,69,50,44,314,184,260,238,536,641,620,598
"ENSG00000077684",870,1088,6073,6082,5487,3125,1896,3177,3048,1874,1682,1604,2140
"ENSG00000077713",58,71,96,115,142,124,90,125,114,52,77,64,66
"ENSG00000077721",644.99999,671,1351,1310,1078,1591,1405,1387,1542,1165,1008,1200,1079
"ENSG00000077782",792.00001,1432.99999,4664,3037,3178,6649,5510,6979,6283,1493,1739,1487,1961
"ENSG00000077942",1167,866.00001,1186,801,813,2469,3049,2558,2535,813,586,519,1128
"ENSG00000078018",3266.99999,4711.00001,108,161,93,4314,2110,3548,3271,11076,11660,9035,8800
"ENSG00000078043",575,1000,487,618,719,772,601,721,574,490,457,465,718
"ENSG00000078053",874,795.99999,169,164,143,1040,533,870,886,2191,2242,1761,1954
"ENSG00000078061",330,313,1445,1330,1151,1734,1225,1694,1850,1831,1759,1368,1621
"ENSG00000078070",435,879,835,678,657,1021,764,839,878,935,967,893,809
"ENSG00000078098",19,23,0,1,0,0,0,0,0,72,61,86,36
"ENSG00000078114",583,397,538,629,531,459,238,431,447,364,307,359,297
"ENSG00000078124",836,571,639,545,441,792,540,677,684,742,655,625,658
"ENSG00000078140",2151,1665.99999,2337,2459,2039,1934,1218,1790,1807,1247,1067,1069,1327
"ENSG00000078142",947,1173,863,731,634,1155,742,1063,1056,1131,1147,947,991
"ENSG00000078177",1245.00001,1688,1065,1180,888,1667,776,1474,1451,1780,1603,1620,1665
"ENSG00000078237",348,389,513,626,487,285,191,231,272,145,165,154,177
"ENSG00000078246",576,583,882,829,712,1545,939,1517,1651,2002,1986,1540,1888
"ENSG00000078269",156.00001,66,199,280,197,69,27,77,45,62,67,73,68
"ENSG00000078295",85,43,1342,1084,991,2,12,7,1,217,162,142,163
"ENSG00000078304",2041.99999,2374,1937,1940,1630,3296,2803,2712,2855,3993,3701,3599,3887
"ENSG00000078328",263,491,61,42,70,162,76,106,119,25,54,55,17
"ENSG00000078369",3727.00003,3943,1664,1218,1246,1400,1349,1432,1482,1605,1288,1199,1400
"ENSG00000078401",18,19,32,18,26,5,8,11,16,14,18,12,14
"ENSG00000078403",3022,3883,773,670,648,1076,833,1066,1049,1896,1822,1720,1855
"ENSG00000078487",96.99999,104,29,26,24,34,44,25,29,45,54,41,33
"ENSG00000078549",20,19.00001,316,187,189,38,44,44,46,143,144,136,121
"ENSG00000078596",19,47,766,630,600,179,254,126,195,263,312,252,183
"ENSG00000078618",1498,1841.99999,6119,6322,5404,6587,3805,5732,5828,6040,6164,4874,5582
"ENSG00000078668",1437,1754,4386,3958,3497,5319,7334,4542,4337,4781,4650,5294,4794
"ENSG00000078674",4432,4843.00001,2429,2336,2043,4470,2015,3899,4378,4924,4769,4047,4323
"ENSG00000078687",1362,1174,742,614,566,597,376,591,571,499,659,464,498
"ENSG00000078699",952.00001,1557.00001,307,196,217,425,384,404,383,955,1195,826,1050
"ENSG00000078725",34,51,753,615,495,54,30,35,27,404,443,282,201
"ENSG00000078747",1995.00001,3203.99999,680,634,582,866,434,687,908,1059,926,868,835
"ENSG00000078804",435,362,55,45,41,50,29,54,57,281,298,238,225
"ENSG00000078808",808,726.00001,96,78,98,77,137,99,103,99,116,87,149
"ENSG00000078814",71,57,42,19,22,35,15,25,14,35,66,27,31
"ENSG00000078900",54,28,189,169,121,40,21,61,35,7,20,7,10
"ENSG00000078902",422,450,642,656,573,1164,914,1099,1104,1332,1470,1076,1252
"ENSG00000078967",218,247.99999,133,91,111,327,271,266,234,416,391,398,539
"ENSG00000079101",37,42,10,9,8,2,0,7,1,56,35,56,39
"ENSG00000079102",269,816.00001,604,547,440,43,44,33,13,252,377,295,343
"ENSG00000079134",608,1230.99999,1045,1083,927,1148,840,1050,1144,884,840,830,1037
"ENSG00000079150",290,366,183,139,152,389,278,264,286,521,515,521,535
"ENSG00000079156",299,510,91,72,83,505,383,506,479,476,361,496,680
"ENSG00000079215",231.99999,228.00001,740,674,668,264,183,189,242,1479,1549,1198,1088
"ENSG00000079246",7609,7513.99999,23034,22687,18730,26316,17540,22734,24434,20102,17673,16423,18904
"ENSG00000079257",120,146,119,74,67,242,227,202,217,161,168,172,160
"ENSG00000079277",184.00002,179.99999,419,383,351,450,335,401,378,391,460,428,470
"ENSG00000079308",268.00001,171.99999,216,139,117,282,109,255,244,550,700,407,484
"ENSG00000079313",243,252,99,69,74,46,36,67,78,69,76,51,53
"ENSG00000079332",1277.00001,1664.99999,3138,3199,2802,3918,3303,3259,3500,3544,3236,3197,3459
"ENSG00000079335",602,783,236,271,213,582,253,446,410,696,601,708,743
"ENSG00000079337",26,28.99999,184,191,141,42,19,25,27,28,44,33,19
"ENSG00000079385",55.00001,87,160,162,95,7,8,9,11,16,6,3,11
"ENSG00000079387",576,652,759,779,645,1513,795,1102,1344,1314,1144,1153,1240
"ENSG00000079393",14,21,78,35,57,14,20,21,10,0,1,2,1
"ENSG00000079432",1078,845,239,153,170,204,156,258,234,237,310,183,246
"ENSG00000079435",384,302,54,51,58,63,44,51,46,81,107,58,97
"ENSG00000079459",1778,2680,17114,14703,13227,20612,22698,17119,17725,16150,16208,14691,15830
"ENSG00000079462",1838.00002,1973,3584,2554,2470,3222,3997,3229,3099,4536,4994,3855,4561
"ENSG00000079482",146,260.00001,463,382,441,438,213,331,309,532,641,478,459
"ENSG00000079616",1247.99998,1447.00001,5981,5144,4601,6752,5147,6325,6988,8310,8161,6446,7270
"ENSG00000079691",247,303,658,765,597,327,135,298,315,232,179,260,252
"ENSG00000079739",494,391,5351,4625,4105,3175,2902,2861,2969,2816,2594,2405,2357
"ENSG00000079785",2118.99998,2428,5851,5181,4567,5313,3941,4797,4990,6662,6180,5902,6173
"ENSG00000079805",1178.00002,1043.00001,941,709,889,1192,1224,1500,1000,664,532,609,1577
"ENSG00000079819",1577,1538.00001,2733,2522,2268,2147,1026,1868,1977,2263,1986,1625,1835
"ENSG00000079841",571.99999,697.00001,19,11,10,7,2,15,8,42,56,37,33
"ENSG00000079931",216,181,213,235,162,284,233,229,249,1073,1466,1050,636
"ENSG00000079950",642,794,867,921,706,1656,1161,1222,1248,2553,2126,2373,2191
"ENSG00000079974",359.00001,376,482,435,433,731,472,659,666,1101,1089,919,944
"ENSG00000079999",709,750,2488,2240,1887,1947,1727,1918,2080,3819,3749,3064,3313
"ENSG00000080166",1215,2084.99999,13,17,5,7,24,7,15,3788,4857,4169,4227
"ENSG00000080189",441,461.99999,1391,1096,1050,1311,1393,1379,1431,1435,1517,1245,1241
"ENSG00000080200",299,411,313,320,232,393,130,296,288,448,471,392,302
"ENSG00000080224",101,343,57,49,25,40,48,30,25,39,39,28,50
"ENSG00000080298",892,2766.99999,513,468,420,1356,779,1176,1305,2686,2755,2274,2490
"ENSG00000080345",1960.99999,2763.99999,3794,3677,3051,4251,1776,3369,3470,2838,2624,2169,2498
"ENSG00000080371",741,705,308,270,205,368,285,315,310,446,352,386,436
"ENSG00000080493",181,419,18,19,21,3,1,2,1,92,62,96,62
"ENSG00000080503",871,925.99999,86,85,57,29,34,32,36,130,125,115,115
"ENSG00000080546",270,428,470,513,648,376,419,383,254,294,210,270,443
"ENSG00000080561",46,50,19,28,29,52,48,52,40,36,45,87,68
"ENSG00000080603",1652.99999,1392,2492,2388,1942,3048,1393,2948,3062,4506,4809,3188,3673
"ENSG00000080608",623,817,2163,2045,1781,1429,970,1273,1423,872,753,539,884
"ENSG00000080644",477,502,40,24,34,58,64,81,52,100,132,115,236
"ENSG00000080709",19,20,201,191,258,206,179,240,190,16,25,31,43
"ENSG00000080802",1893,1314.00001,625,713,567,1006,490,904,909,1016,1059,875,885
"ENSG00000080815",1047.99998,1403.00002,1950,1960,1672,3792,2035,3073,3616,2834,3002,2525,2462
"ENSG00000080819",140,179,121,110,98,93,79,61,65,80,60,64,80
"ENSG00000080822",669.00001,855.99999,1986,1819,1595,1772,1728,1183,1379,2028,1944,2278,1931
"ENSG00000080823",363.99999,477.99999,36,42,24,180,136,156,174,483,577,487,583
"ENSG00000080824",16937,19359,29120,27146,23366,27205,23186,25653,24545,28000,23318,20943,25771
"ENSG00000080839",827,892,503,512,366,757,323,511,634,827,681,618,706
"ENSG00000080845",1388,1060.00001,734,610,535,1421,1066,1563,1506,1927,2227,1580,1939
"ENSG00000080854",473,482,302,249,206,201,129,206,198,217,270,217,208
"ENSG00000080986",742,1028,1102,1282,1024,2054,1584,1718,1723,2364,1955,2001,2246
"ENSG00000081014",447,600,189,246,193,278,142,255,266,317,222,296,310
"ENSG00000081019",640,980,525,458,418,1068,621,846,920,1481,1311,1219,1414
"ENSG00000081026",2818,3088,112,62,77,242,202,234,203,291,260,237,279
"ENSG00000081059",234.00001,336,66,44,36,52,42,37,48,95,112,77,114
"ENSG00000081087",444.99998,570.99998,410,486,418,478,422,314,305,510,516,612,572
"ENSG00000081138",653,1379.99999,10,21,22,111,94,113,123,425,604,525,634
"ENSG00000081148",145,93,5,2,2,1,5,2,0,54,81,79,35
"ENSG00000081154",1520,2138,3147,3230,2580,2991,2865,2045,2155,2697,1929,2749,2248
"ENSG00000081177",509,501.00001,1195,1028,862,1223,796,1001,1118,1369,1254,1088,1088
"ENSG00000081181",156,247,1622,1539,1149,2668,2557,2495,2470,1349,1002,1224,1366
"ENSG00000081189",108,98,20,27,11,20,15,17,13,133,130,140,123
"ENSG00000081248",15,15,18,19,15,30,12,23,47,28,29,7,36
"ENSG00000081307",613,692.00001,1382,1445,1236,1399,920,1140,1332,1324,1159,1160,1324
"ENSG00000081320",109,128,173,189,126,271,159,197,189,264,173,250,294
"ENSG00000081377",494.99999,522.99999,478,400,345,387,326,444,308,288,255,189,273
"ENSG00000081386",174,303,290,291,248,517,356,446,412,391,342,372,355
"ENSG00000081479",3136,3678,92,77,68,824,444,773,1000,3670,4628,3403,3100
"ENSG00000081665",142.99999,437,42,29,35,43,14,30,16,24,45,47,19
"ENSG00000081692",227,242,762,612,516,708,661,738,852,865,918,745,827
"ENSG00000081721",549,673.00001,802,742,610,1141,964,998,929,1129,1130,1093,1142
"ENSG00000081760",231,275,909,923,966,1256,909,1077,1137,1161,1073,1116,1216
"ENSG00000081791",373,418,991,793,697,1108,828,1065,1088,1199,1350,1028,1141
"ENSG00000081803",584,1570,217,281,312,212,230,213,142,163,129,202,347
"ENSG00000081818",26,27,37,9,8,32,12,14,28,25,41,28,10
"ENSG00000081870",1013,1003,640,553,464,740,736,646,625,642,622,580,729
"ENSG00000081913",812,876,650,523,533,362,251,318,268,464,406,293,343
"ENSG00000081985",54,30.99999,97,62,55,53,24,28,49,0,10,0,15
"ENSG00000082014",581.99999,520,11,14,12,78,141,115,49,166,157,144,248
"ENSG00000082068",713.99999,543.99999,1078,987,753,1268,1194,1058,1164,1296,1283,1212,1143
"ENSG00000082146",887,1059,432,614,737,1034,1246,1151,817,918,534,1009,1892
"ENSG00000082153",1484,1951.00001,9086,9717,7985,10413,8080,8071,8179,9425,8199,9237,8621
"ENSG00000082196",115,171,24,8,17,17,18,19,18,54,55,46,43
"ENSG00000082212",842,1050,2203,2206,2115,2455,1857,2225,2119,2257,1875,2194,2666
"ENSG00000082213",378,450,1047,957,872,1634,1046,1293,1479,1476,1396,1359,1460
"ENSG00000082258",1018.99999,1134,1324,1399,1063,2426,1441,1802,2073,2026,1846,1934,2090
"ENSG00000082269",1050.99999,1559,661,804,649,1053,490,874,932,643,602,569,630
"ENSG00000082397",922.99998,1093.99999,149,234,222,69,30,87,72,553,459,480,697
"ENSG00000082438",103.99999,130.00002,53,46,36,28,22,15,24,44,31,26,54
"ENSG00000082458",604,857,1311,1171,1054,1577,1095,1592,1397,1687,1696,1408,1444
"ENSG00000082482",73.99999,35,3,1,1,5,9,8,4,180,155,151,129
"ENSG00000082497",29,48,20,37,23,66,47,39,30,45,21,25,49
"ENSG00000082512",78,174,577,426,425,897,629,756,729,118,84,85,115
"ENSG00000082515",804,1023.00001,2183,1975,1724,2048,2617,1717,1706,1896,1859,2088,2015
"ENSG00000082516",282,302,1957,1910,1642,2020,1230,2028,2153,2549,2113,1905,2061
"ENSG00000082556",61.99999,80,43,39,25,264,224,210,302,82,139,91,72
"ENSG00000082641",881,806.99999,1378,1453,1118,1455,790,1342,1417,1573,1754,1139,1596
"ENSG00000082684",266.99999,108,473,515,571,1492,984,1639,1406,603,663,732,955
"ENSG00000082701",2415,1947.00001,1199,1179,998,1798,1121,1807,1794,2145,2037,1771,1976
"ENSG00000082781",258.99999,411.00001,2349,1492,1386,1111,1091,997,1009,141,148,143,199
"ENSG00000082805",4264,5273,857,920,706,1023,629,1199,1063,1676,1851,1467,1360
"ENSG00000082898",3212.99997,4112.00001,4845,5411,4505,7826,4240,6243,6520,4858,4421,4289,5436
"ENSG00000082996",765,1163.99999,1093,1050,1020,981,720,711,772,1117,1111,1172,1108
"ENSG00000083067",18430,14328,271,214,221,626,475,583,632,610,1049,819,616
"ENSG00000083093",276.99999,581.99998,932,922,752,1079,597,960,803,730,617,638,600
"ENSG00000083097",713,637,353,432,377,920,282,615,684,673,589,567,484
"ENSG00000083099",783,745,790,750,570,904,779,631,798,1808,1653,1691,1817
"ENSG00000083123",788,1195,1064,1008,881,1876,1308,1443,1571,1106,1060,1008,1103
"ENSG00000083168",1471,2395.00001,572,516,499,1296,440,1014,1188,2087,2594,1539,1994
"ENSG00000083223",559,852,594,622,549,953,402,778,834,768,773,649,605
"ENSG00000083290",530.00001,616,101,64,89,94,109,115,71,258,245,263,258
"ENSG00000083312",2788.00001,3734,5082,5238,4153,6368,3521,5084,4998,5908,5690,5412,5823
"ENSG00000083444",581,455,3440,3117,2768,4182,2656,3515,4139,2034,2223,1792,1688
"ENSG00000083454",12,18,133,138,110,80,80,89,86,46,21,29,57
"ENSG00000083457",838.00001,938.00001,588,415,430,558,1002,515,446,931,887,1061,963
"ENSG00000083520",904.00001,983,992,1106,929,1322,778,1030,1204,1029,1010,986,1072
"ENSG00000083535",2180,2357,246,272,235,509,279,358,445,583,518,485,463
"ENSG00000083544",650.99999,1139,209,167,164,345,304,298,312,446,447,371,412
"ENSG00000083635",183,177,614,560,480,699,432,569,681,462,389,324,412
"ENSG00000083642",2055,2551,1495,1608,1273,2633,1139,2185,2297,3378,2772,2522,2861
"ENSG00000083720",521,627,994,984,874,1128,811,974,986,1599,1360,1307,1524
"ENSG00000083750",273.99999,293,169,143,152,372,313,336,298,734,687,749,601
"ENSG00000083799",255,242.99999,272,317,280,369,238,395,415,500,487,461,478
"ENSG00000083807",194.00001,247.00001,519,390,392,338,476,311,296,274,324,317,264
"ENSG00000083812",145,129,239,182,235,297,267,464,445,657,679,537,504
"ENSG00000083814",128,157.00001,157,147,126,269,246,179,253,233,246,190,157
"ENSG00000083817",67,66,291,306,220,348,336,380,345,309,265,311,346
"ENSG00000083828",418,454,385,348,255,470,386,374,446,397,439,411,364
"ENSG00000083838",178.00001,236,131,111,95,313,220,278,329,656,580,473,531
"ENSG00000083844",205,271.99999,202,169,178,312,144,303,260,241,239,226,244
"ENSG00000083845",13217,13738.00001,20747,16007,15566,16010,29948,14829,14723,15605,15535,17902,16061
"ENSG00000083857",1261,1223.99999,2993,2751,2351,6670,2951,5209,4687,3811,3430,2906,2719
"ENSG00000083896",1478,1748,895,790,671,962,688,919,888,1038,952,776,1001
"ENSG00000083937",574,724.99999,1172,1179,974,1028,948,883,856,816,715,801,802
"ENSG00000084070",534,532,166,162,141,436,275,444,427,857,937,763,805
"ENSG00000084072",413.99999,573.99999,1392,1181,1096,1809,1781,1583,1618,2129,2040,1791,1828
"ENSG00000084073",632,647,1576,1609,1436,1235,946,883,1101,1093,985,1047,989
"ENSG00000084090",1065,1044,2891,2672,2976,4033,4165,4241,3310,2375,2081,2279,4118
"ENSG00000084092",221,186,641,711,715,745,495,644,624,443,360,483,464
"ENSG00000084093",1460.00001,1831,1081,1063,947,1377,983,1209,1101,817,602,673,977
"ENSG00000084112",552,444,453,451,378,527,406,635,578,404,417,298,356
"ENSG00000084207",8384.99999,8253,30185,24130,22198,19640,22904,18928,19678,23634,24648,21886,23512
"ENSG00000084234",3257.99999,2691.00001,10668,10626,8072,12022,7843,10191,11131,9180,9661,8051,7831
"ENSG00000084444",171,211,1057,1114,857,1230,663,1004,1214,1485,1637,1240,1417
"ENSG00000084463",900,928,4290,4089,3471,4528,2758,4246,4326,4122,4000,3381,3764
"ENSG00000084623",1846.00003,1507,8684,7304,6654,7191,9257,6248,6663,5700,5482,5510,5557
"ENSG00000084628",524,531,265,159,149,159,196,219,238,426,356,257,383
"ENSG00000084636",18,64,149,163,142,219,97,262,265,18,12,21,12
"ENSG00000084652",505,663,3412,3375,2790,4618,2495,4400,4785,3885,4424,3267,3813
"ENSG00000084676",2401.00001,3582,222,205,206,371,234,317,275,471,506,438,486
"ENSG00000084693",490,509,2690,2457,2286,5608,3995,5123,5166,5184,5256,4258,4965
"ENSG00000084710",728,853,533,525,496,1240,722,1234,1347,3876,4006,2744,3482
"ENSG00000084731",316.00001,337.00001,893,794,757,774,439,757,779,1187,1408,940,1212
"ENSG00000084733",1075,1060,4004,4343,3752,5738,4177,4462,4695,4651,4302,4480,4551
"ENSG00000084754",1076,1636,5255,4814,4142,4649,3553,3999,4309,6233,5449,5146,5479
"ENSG00000084764",316,347,21,23,21,73,86,79,80,268,369,292,356
"ENSG00000084774",347.00001,355,7747,7568,6144,4848,2423,5183,5529,3485,3226,2457,3125
"ENSG00000085063",1068,921.99999,1599,1331,1186,1721,2019,1222,1311,2304,2248,2462,2337
"ENSG00000085117",166,71,472,386,368,233,174,267,303,3669,3389,2565,3361
"ENSG00000085185",657,307.99999,207,213,222,1923,1121,2249,2276,1225,1377,905,1021
"ENSG00000085224",4606.00001,6454,2144,1918,1821,3216,1273,2580,2618,3287,3231,2524,3081
"ENSG00000085231",684.00001,780.00001,1252,1143,959,1072,894,999,948,827,736,798,890
"ENSG00000085274",279,422,642,702,598,918,718,724,758,837,832,831,724
"ENSG00000085276",274,563.99999,15,14,8,484,169,314,366,2110,1535,1512,1596
"ENSG00000085365",646,672,1317,1467,1060,2002,1038,1304,1578,1699,1488,1608,1684
"ENSG00000085377",367,354,672,447,467,544,528,511,446,336,255,321,379
"ENSG00000085382",691,961,413,483,382,895,428,790,792,1022,984,1069,1107
"ENSG00000085415",432,577.99999,2210,2395,1886,2065,1397,1565,1700,1907,1545,1733,1840
"ENSG00000085433",279.00001,466.00001,157,169,128,250,186,224,199,886,948,857,837
"ENSG00000085449",555,707,3026,3298,2703,5083,2458,4122,4399,3658,3553,3067,3341
"ENSG00000085465",21,20,39,20,7,17,12,17,8,32,16,16,16
"ENSG00000085491",714,834,266,265,244,374,277,334,277,408,362,454,591
"ENSG00000085511",879.00001,992,868,882,828,1231,645,1030,953,874,839,882,1078
"ENSG00000085514",28,29,15,12,18,7,10,12,19,23,36,26,18
"ENSG00000085552",792,961.99999,806,730,523,1318,751,1155,1480,2811,3713,2254,2568
"ENSG00000085563",47,18,13,9,15,4,11,2,1,185,212,198,158
"ENSG00000085644",120.99999,118.99999,105,97,115,145,125,153,154,168,216,136,268
"ENSG00000085662",1582,1403,6577,5237,4771,5873,5723,5460,5429,9301,8046,7654,8691
"ENSG00000085719",718.00001,854,1887,1921,1509,2420,1388,1717,1913,2847,2671,2562,2717
"ENSG00000085721",414,468,1202,1223,1092,1547,874,1206,1340,1852,1750,1509,1518
"ENSG00000085733",1249,1346,4789,4254,3873,3025,1620,3170,3106,2392,2897,2023,2474
"ENSG00000085760",334.00001,463,1016,1032,913,817,494,676,642,713,621,545,746
"ENSG00000085788",601.99999,790,200,171,193,449,349,447,316,726,594,772,1392
"ENSG00000085831",107.99999,74,112,73,61,31,17,27,19,41,30,24,59
"ENSG00000085832",902,1610,891,831,765,1031,601,897,963,1095,966,905,930
"ENSG00000085840",238,278,1697,1448,1167,2147,1619,1989,2088,1567,1295,1199,1488
"ENSG00000085871",120.99999,63,214,180,125,97,106,63,63,87,71,89,69
"ENSG00000085872",914,699,942,1015,885,1132,634,1406,1273,1129,1390,982,1419
"ENSG00000085978",334.00001,274.99999,781,692,620,798,645,728,858,558,536,354,463
"ENSG00000085982",395.00001,551.00001,364,377,304,529,395,503,490,933,938,790,940
"ENSG00000085998",425.99998,463.99999,1581,1397,1217,1966,1612,1840,1901,2210,2156,2149,2242
"ENSG00000085999",572,426.99998,1202,1110,945,1189,723,1201,1295,1056,1028,834,1058
"ENSG00000086015",654,752,518,341,378,213,209,283,255,469,516,344,473
"ENSG00000086061",4065,5150,8365,8093,6199,12521,9713,10693,11071,13628,12190,11472,12491
"ENSG00000086062",398,258,387,429,410,492,199,449,432,535,424,387,640
"ENSG00000086065",1054,1246,1118,1174,957,1606,2254,1229,1314,1557,1555,1623,1514
"ENSG00000086102",592,644,1463,1387,1223,1663,916,1499,1534,2011,2126,1612,1814
"ENSG00000086189",233,353,1315,1109,1031,1059,1119,854,946,996,847,1004,980
"ENSG00000086200",866,971,2170,2351,1791,2671,1632,2045,2354,1580,1241,1304,1386
"ENSG00000086232",1311,1303,1514,1778,2097,2869,2661,3006,2579,3177,2155,2883,4365
"ENSG00000086289",110,76,111,150,171,204,217,139,106,165,102,200,260
"ENSG00000086300",240.99999,197,166,168,145,331,272,218,222,160,120,198,180
"ENSG00000086475",1403,1451,6111,5061,4271,1851,1719,1754,1819,1865,1649,1566,1722
"ENSG00000086504",894,711.00001,3285,2610,2375,2577,2777,2565,2708,2163,2349,1908,2120
"ENSG00000086506",37,21,15,24,14,33,66,45,27,33,36,37,33
"ENSG00000086544",141,154,172,145,123,111,141,98,100,108,109,110,126
"ENSG00000086570",29,30,22,33,27,60,37,45,39,22,55,29,10
"ENSG00000086589",468.00001,548,779,764,700,1124,902,924,1064,1677,1632,1416,1674
"ENSG00000086598",1469,1678,7043,7031,5827,5470,5774,4245,4770,5012,4606,5007,4708
"ENSG00000086619",259.99999,279,131,86,117,207,124,173,95,136,104,134,112
"ENSG00000086666",1327.00001,1491.99999,5271,4345,3976,4618,5928,3257,3501,2804,2749,3453,2834
"ENSG00000086696",540,510,15,10,12,12,6,6,5,214,328,486,186
"ENSG00000086712",686,713,2611,2466,2101,1567,1139,1505,1436,1223,1196,988,1126
"ENSG00000086717",38,40,6,6,5,25,26,19,11,70,96,86,51
"ENSG00000086730",157.99999,143,16,15,24,16,13,21,24,13,20,16,11
"ENSG00000086758",3467.99998,3193,7547,6961,5872,7258,3878,6590,6320,6374,5901,4430,4482
"ENSG00000086827",363,418.00001,1230,1354,1167,1740,1015,1450,1667,1627,1450,1237,1380
"ENSG00000086848",471.99999,610.99999,627,620,568,786,453,587,598,1137,1239,1048,1202
"ENSG00000086991",263.99999,467.99999,44,42,41,91,105,68,54,148,127,157,172
"ENSG00000087008",374.99999,328.99999,384,313,251,457,397,489,429,588,626,423,530
"ENSG00000087053",3240.99999,2017.99997,2563,2890,2148,3402,1907,2798,3133,3007,2465,2447,2796
"ENSG00000087074",450,282,430,411,357,642,528,646,681,1581,1722,1304,1561
"ENSG00000087076",175.00001,224.00001,423,304,253,622,680,556,652,343,316,268,326
"ENSG00000087077",404,382,1175,979,987,657,820,671,643,533,515,421,547
"ENSG00000087085",54,38,96,81,65,53,28,51,57,192,214,157,257
"ENSG00000087086",13048,9485,44854,36770,37334,46913,51056,46321,44985,23231,26062,20185,20499
"ENSG00000087087",1501,1194,2486,2128,1962,2693,1954,2951,3264,3569,3583,2703,3344
"ENSG00000087088",502,409.99999,2860,2216,2388,848,907,991,880,876,862,671,791
"ENSG00000087095",1160,950,510,395,408,616,446,483,494,434,385,423,373
"ENSG00000087111",412.99998,412.99999,1729,1455,1308,1544,1109,1366,1433,2424,2695,1993,2220
"ENSG00000087116",59,64,76,67,63,231,194,284,246,76,104,68,77
"ENSG00000087152",388,400.00001,330,267,250,311,322,323,276,250,270,266,265
"ENSG00000087157",528,426.99999,1147,1055,1051,1105,804,1093,1222,1253,1361,1082,1243
"ENSG00000087191",1387.00002,1559,4627,3909,3499,3903,3525,3967,4033,4009,4014,3229,3625
"ENSG00000087206",684.99999,707.99999,937,941,829,955,765,892,1046,1027,1073,945,929
"ENSG00000087245",45,132,687,532,502,1168,866,1118,1094,318,289,227,475
"ENSG00000087253",59,45,92,100,77,133,82,82,77,125,105,139,112
"ENSG00000087258",218.99999,100.00001,105,73,86,87,70,120,124,212,333,221,267
"ENSG00000087263",512,486,2267,2011,1842,2258,1731,2035,2180,1896,1634,1452,1706
"ENSG00000087266",382,343.99999,292,179,195,250,188,252,222,212,179,164,199
"ENSG00000087269",543,401.99999,961,965,810,973,638,983,944,1041,927,757,967
"ENSG00000087274",1535.99998,1698,2928,2963,2687,5049,2910,4754,4883,5920,6673,5164,6130
"ENSG00000087299",242,306,697,671,516,697,405,559,556,333,323,342,303
"ENSG00000087301",308,306,489,566,392,941,478,557,754,935,874,895,932
"ENSG00000087302",2073.00001,2575,5709,5466,4982,6950,6099,5963,5723,4490,4070,3732,4340
"ENSG00000087303",35,126,329,282,213,1044,442,817,1057,179,191,198,174
"ENSG00000087338",450,510,899,1017,714,1031,674,859,775,719,585,655,758
"ENSG00000087365",2393,2391,4199,4038,3735,4223,2624,4366,4583,4933,5591,3642,4872
"ENSG00000087448",380,405,316,308,248,317,212,320,302,359,327,378,417
"ENSG00000087460",18716.99998,18954.99998,8790,7183,6797,15378,10502,14606,14223,4702,4941,3793,4852
"ENSG00000087470",2907,3856.00001,3075,3136,2521,3935,2467,3397,3381,3130,2922,2914,2980
"ENSG00000087495",65,122,12,15,7,24,30,18,32,340,497,300,370
"ENSG00000087502",975,916,983,884,719,833,709,598,692,759,713,814,814
"ENSG00000087586",626.00001,771.99999,3654,3389,2834,4326,3142,3808,4190,2512,2083,2012,2489
"ENSG00000087842",350,308,1104,923,744,832,893,645,672,533,459,477,406
"ENSG00000087884",325,443,448,378,379,666,739,641,642,348,353,283,369
"ENSG00000087903",532.00002,661,87,90,86,359,284,369,357,1032,1099,871,1012
"ENSG00000087995",454,640,1192,1073,910,1250,1501,1064,1169,1168,1023,1130,1187
"ENSG00000088035",423,439,1024,1028,876,860,590,623,775,616,522,488,693
"ENSG00000088038",884.00002,746.00001,398,422,372,486,261,496,489,441,456,277,446
"ENSG00000088179",855,1085,517,540,500,440,339,362,262,279,272,298,384
"ENSG00000088205",737,831,3695,3694,2990,2982,2310,2586,2748,2234,1746,1745,1912
"ENSG00000088247",2891.00001,2215,742,670,698,770,611,867,832,766,811,687,927
"ENSG00000088256",526,421,141,69,96,113,127,130,128,130,140,136,239
"ENSG00000088280",354,286.99999,1543,1563,1368,994,560,842,761,2688,2778,2235,3146
"ENSG00000088298",171,135,1021,862,860,441,524,396,485,695,610,730,564
"ENSG00000088305",480.99999,862.99998,8430,5470,5444,3666,2833,3900,3289,590,631,487,589
"ENSG00000088325",1625,1795,8673,8804,7492,13344,8064,12496,12793,14739,12850,10734,13267
"ENSG00000088356",476,542,1849,1518,1389,2721,4068,2475,2571,2359,2400,2164,2294
"ENSG00000088367",872,736,76,80,64,197,153,266,264,223,249,206,218
"ENSG00000088387",1036.99999,750,171,131,124,97,76,110,72,43,50,30,25
"ENSG00000088448",1679,2370,2493,2532,1994,1919,1451,1673,1632,2069,2136,1962,1912
"ENSG00000088451",178,314,480,473,385,712,775,581,551,714,623,748,810
"ENSG00000088538",282,582,120,114,87,132,105,124,143,183,199,156,183
"ENSG00000088543",131,136,353,281,279,487,446,559,554,972,886,925,1055
"ENSG00000088682",578,604,1136,995,913,654,620,525,538,1465,1400,1212,1261
"ENSG00000088727",278.00001,331,146,108,92,91,93,103,84,136,119,116,163
"ENSG00000088756",165,183,154,204,147,462,269,364,389,496,458,585,713
"ENSG00000088766",556,646,164,150,143,169,226,162,117,147,52,99,152
"ENSG00000088808",257,159,66,73,59,64,24,28,29,127,147,129,149
"ENSG00000088812",431,506,262,305,260,443,317,465,322,321,280,268,440
"ENSG00000088826",194.99999,168,323,217,306,499,426,466,522,1080,1132,814,926
"ENSG00000088832",2031.00001,1787.00001,4362,3849,3742,4723,3769,4063,4154,2331,2317,2126,2519
"ENSG00000088833",926.99999,809,2415,1837,1748,2360,2203,2346,2307,3065,2986,2248,2588
"ENSG00000088854",549,951,234,166,189,501,286,436,446,575,687,434,523
"ENSG00000088876",180,149,268,217,172,751,417,612,682,711,632,557,540
"ENSG00000088881",237.00001,384,6,8,9,23,7,18,16,75,82,65,73
"ENSG00000088882",771,542,1535,1462,1339,2637,1953,2484,2755,3263,3253,3251,3893
"ENSG00000088888",1046,1234,1898,1745,1410,2318,1136,2259,2265,2261,2538,1854,2251
"ENSG00000088899",117,183,216,94,97,65,106,94,75,108,134,129,139
"ENSG00000088930",2249,2647,5286,5120,4284,6232,4218,5240,5408,4699,4309,3979,4441
"ENSG00000088970",236.00001,247,755,760,669,1077,808,873,880,208,313,240,227
"ENSG00000088986",1871.99999,2351.99999,7091,5962,5461,7264,8609,7249,6851,7230,6503,6685,7222
"ENSG00000088992",42,13,27,27,30,151,278,211,101,24,6,12,23
"ENSG00000089006",1167.00001,1085.00001,2467,2090,2022,2590,2012,2284,2211,1365,1337,1244,1335
"ENSG00000089009",3262,4130.00001,10789,8958,8906,9623,10672,9766,8708,8000,7633,6544,6972
"ENSG00000089022",641,681.00001,454,462,659,684,611,679,595,450,439,482,784
"ENSG00000089048",1133,1717,929,835,826,785,459,690,762,554,454,361,521
"ENSG00000089050",278,354,324,365,272,512,361,500,528,834,796,831,808
"ENSG00000089053",1430.00001,1580,5178,4766,3947,5484,4900,5105,5421,6113,5542,5350,5581
"ENSG00000089057",473,437,534,394,466,449,238,401,413,1099,1340,959,1068
"ENSG00000089060",59,58,391,345,388,415,244,387,486,232,237,201,184
"ENSG00000089063",1582.00001,1794.99999,2895,2556,2177,3252,2596,2625,3011,3112,3076,2871,2938
"ENSG00000089091",558.99999,619.99999,250,177,158,343,279,325,375,348,297,281,286
"ENSG00000089094",811.00001,857,1229,1370,1185,2071,995,1810,1820,975,954,737,878
"ENSG00000089101",84,222,6,6,2,2,6,5,4,80,68,53,64
"ENSG00000089123",524.99999,670,317,328,247,300,236,296,281,372,277,250,307
"ENSG00000089154",552,432,6670,7465,5912,5419,2039,5289,5682,5644,5650,3968,4611
"ENSG00000089157",10382.00001,12146,46594,38273,37088,46992,67890,46329,44751,37851,35513,34967,34790
"ENSG00000089159",572.99999,351.99999,2597,2577,1997,1268,803,1287,1285,1287,1698,1140,1474
"ENSG00000089163",35,29,46,56,43,146,188,113,109,105,103,105,83
"ENSG00000089169",26,21,1,1,3,25,15,38,37,14,18,6,14
"ENSG00000089177",275.99999,341.00001,281,294,307,356,200,295,311,354,421,250,318
"ENSG00000089195",306,284.00001,504,471,410,464,469,549,562,400,379,318,451
"ENSG00000089199",123,103,80,78,69,122,58,107,112,458,533,411,416
"ENSG00000089220",5369,6528,14007,11823,10749,11308,11417,10383,10978,14699,13722,11626,13356
"ENSG00000089234",548,545,348,482,543,1015,833,1053,815,698,463,657,1174
"ENSG00000089248",1611,1439,5376,4727,4092,4099,4199,3716,4015,3028,2865,2574,2619
"ENSG00000089280",4316,4460.99999,8717,7968,7461,10034,6730,10358,10855,13023,13722,10262,13148
"ENSG00000089289",686,711,885,879,699,1317,1510,1101,1208,1170,1115,1135,988
"ENSG00000089327",28.00001,23,2048,1513,1594,426,326,346,399,42,47,20,45
"ENSG00000089335",520,738,765,885,701,1216,927,986,1026,746,784,786,707
"ENSG00000089351",587.99999,536.99999,813,523,518,402,320,418,326,269,305,194,306
"ENSG00000089472",621.00001,773.00001,1983,1960,1692,4145,2157,3381,4076,2523,2406,2045,1794
"ENSG00000089486",592.99999,509,1251,1212,1242,1398,873,1248,1325,1210,1445,1024,1581
"ENSG00000089597",1325.00001,1319,10304,9515,7903,9648,5680,8606,10011,7906,7260,5598,6552
"ENSG00000089639",102,135,105,139,147,118,100,132,94,192,143,164,275
"ENSG00000089682",1440,691.99999,1278,1086,1027,1141,565,969,1069,1038,947,866,866
"ENSG00000089685",2181.99999,1980.99999,5074,4379,4125,6469,7953,6057,6172,7215,6555,6954,7286
"ENSG00000089693",1528,1418,8560,7043,6196,6245,5189,6201,6492,9347,9298,7279,8316
"ENSG00000089723",41,65,177,164,174,400,237,342,395,279,314,252,293
"ENSG00000089737",1550,1625,3328,3115,2891,3235,2320,3189,3284,3916,4209,3124,3328
"ENSG00000089775",265,334,371,455,392,850,561,797,724,427,388,415,452
"ENSG00000089818",270.99999,295,819,856,572,649,460,434,534,840,908,882,751
"ENSG00000089820",58,18,588,552,578,367,262,317,347,97,129,93,86
"ENSG00000089876",699,812.99999,163,175,133,471,546,500,379,3176,2616,2763,2884
"ENSG00000089902",431,415,261,176,189,326,247,343,269,206,216,209,214
"ENSG00000089916",801,915,1257,1253,1097,2106,1201,1680,1804,1479,1560,1345,1250
"ENSG00000090006",1189,1010.00001,309,332,466,796,596,1047,780,1083,824,979,2124
"ENSG00000090013",201,230,991,761,772,846,1213,741,819,689,754,707,692
"ENSG00000090020",170,113,188,185,201,245,151,254,149,112,120,113,257
"ENSG00000090054",678.99999,837.99999,2252,2099,1680,2282,1982,1533,1962,1868,1685,1684,1896
"ENSG00000090060",2367,2696.99999,5298,5824,4579,5798,3123,4820,5087,5663,5216,4687,5821
"ENSG00000090061",594,794,662,598,509,647,368,629,616,631,451,371,487
"ENSG00000090097",1810.99999,2311,485,326,342,1499,1411,1492,1632,8329,9204,7109,7777
"ENSG00000090238",213,249,110,95,130,165,146,152,100,85,85,114,205
"ENSG00000090263",528,577,896,781,819,671,921,612,552,686,583,713,655
"ENSG00000090266",3134,3272.99999,2357,1964,2087,1954,2430,2182,1836,2090,2236,1910,2077
"ENSG00000090273",1365,1290,6571,5443,5498,4998,3772,5038,5079,5007,5166,3696,4582
"ENSG00000090316",870,1170.00001,2504,2089,2023,2433,2330,2195,2367,2219,2453,1875,1999
"ENSG00000090372",642.00001,629,869,550,578,558,622,657,635,521,639,485,504
"ENSG00000090432",252,261,1248,1094,864,1442,1068,1267,1340,1614,1669,1208,1491
"ENSG00000090447",250,292,54,45,56,83,52,61,97,63,75,58,72
"ENSG00000090470",543,533,171,149,117,181,238,155,209,262,182,201,249
"ENSG00000090487",953.00001,1123,810,635,591,1276,1530,1121,1081,1314,1214,1387,1372
"ENSG00000090520",812,759,1821,1673,1504,1819,1247,1497,1782,1526,1444,1206,1327
"ENSG00000090530",1032,490,1062,925,835,109,85,82,73,170,173,110,131
"ENSG00000090539",19.99999,23,2,7,1,29,34,29,37,25,29,13,27
"ENSG00000090554",14,40,30,14,24,33,39,38,24,12,16,10,13
"ENSG00000090565",919,756.99999,266,154,200,172,212,220,255,296,334,227,266
"ENSG00000090581",452.00001,445.00001,311,288,340,460,338,507,415,349,293,327,436
"ENSG00000090612",349,491.00001,1052,1106,891,1985,1099,1706,1792,1965,1724,1789,1671
"ENSG00000090615",1267,1104.00001,546,419,356,576,307,632,579,728,685,508,693
"ENSG00000090621",772,626.00002,1547,934,942,685,842,842,746,586,513,439,664
"ENSG00000090661",670.00001,475.99999,692,748,920,783,880,691,665,660,634,814,1148
"ENSG00000090674",138.99999,254,248,258,216,201,152,204,234,216,270,159,212
"ENSG00000090686",1120.99999,1005,1294,1385,1317,1066,690,980,987,778,668,764,1026
"ENSG00000090776",202,246,371,325,358,4341,2674,3899,3787,4880,4616,4469,5821
"ENSG00000090857",369,521,2410,2254,1823,2311,974,2060,2196,1514,1700,1284,1345
"ENSG00000090861",1179.99999,845,9685,8666,7339,9619,5678,9273,9875,6649,6423,5090,5567
"ENSG00000090863",1594,1557.00001,9555,10062,8204,9863,4483,8506,9580,7402,8095,6085,6778
"ENSG00000090889",817,875,1705,1843,1321,2847,1570,2747,3034,2949,2570,2237,2597
"ENSG00000090905",2313,2179.00001,829,842,723,987,584,1049,854,682,789,545,632
"ENSG00000090924",817,700,758,847,656,1092,558,1186,1062,1021,1341,930,1096
"ENSG00000090932",609,888,175,167,180,196,163,146,133,179,220,206,232
"ENSG00000090971",589.99999,683,128,127,188,263,334,265,206,260,217,294,442
"ENSG00000090975",113.00001,86,26,9,19,8,22,28,11,22,20,18,41
"ENSG00000090989",602,780.99999,653,609,516,940,693,853,910,1025,1009,877,877
"ENSG00000091009",734,1003,621,653,542,653,397,639,517,595,431,450,502
"ENSG00000091039",1953,3622.99999,952,1188,1013,1354,731,1131,1088,1489,1306,1564,1555
"ENSG00000091073",159.99999,128.99999,1130,864,785,546,362,525,557,343,368,306,324
"ENSG00000091127",434,398.00001,2107,2066,1830,1578,940,1431,1449,994,861,795,1008
"ENSG00000091129",1767,2229.99999,75,87,62,2481,1106,2159,2361,5101,5438,4286,4383
"ENSG00000091136",790.00001,517,1098,1076,893,2798,1262,2285,2644,305,439,323,240
"ENSG00000091140",830.00001,1013,2879,2823,2351,3368,2373,2647,2951,2844,2693,2547,2924
"ENSG00000091157",544,631,488,571,424,876,374,600,693,1357,1410,1041,1096
"ENSG00000091164",1452,1529,2398,2275,2036,2288,2473,1898,2016,2873,2734,2991,3019
"ENSG00000091262",109,164,34,42,22,168,116,184,276,233,233,247,227
"ENSG00000091317",891,999,2674,2762,2267,2672,2208,1994,2362,2303,2099,2135,2055
"ENSG00000091409",377.99999,474,1387,1512,1456,2533,1527,2434,2253,989,919,1089,1217
"ENSG00000091428",218,261.99999,15,18,28,9,7,7,8,29,44,21,34
"ENSG00000091436",438,422,467,485,405,707,431,636,580,574,429,515,575
"ENSG00000091483",959,867,1846,1625,1372,1523,1499,1280,1216,2756,2291,2298,2430
"ENSG00000091490",801,905.99999,629,483,457,1095,924,1038,902,86,56,102,103
"ENSG00000091527",2443.99999,2497,1127,1010,863,1399,931,1236,1329,1206,1040,914,1318
"ENSG00000091536",46,66,47,25,32,51,34,83,80,62,104,63,58
"ENSG00000091542",1041,834,729,401,546,797,986,911,547,705,787,608,1147
"ENSG00000091592",1010,1162,42,37,30,46,48,31,44,146,93,125,81
"ENSG00000091622",60,60,120,107,102,342,202,419,366,126,138,95,129
"ENSG00000091640",673,837,4018,3231,2833,4244,4868,3811,3987,3381,3197,3019,3045
"ENSG00000091651",680,799.99999,2186,1979,1667,2148,2113,1962,2075,1601,1575,1619,1708
"ENSG00000091656",1379,1248,137,105,96,1490,711,1504,1374,3039,2708,2186,2061
"ENSG00000091664",48,102,11,9,14,0,1,1,0,252,254,276,270
"ENSG00000091732",492.00001,457.99999,1646,1339,1208,1713,1714,1707,1535,1628,1493,1264,1529
"ENSG00000091844",359,593,144,119,87,155,142,110,142,155,164,137,140
"ENSG00000091879",232,210,9,18,17,81,20,59,62,84,61,78,61
"ENSG00000091947",305,353,762,617,554,1007,1252,820,959,918,895,929,844
"ENSG00000091972",455.99999,682.00001,1859,1659,1488,1642,1028,1277,1360,2021,2183,1778,1719
"ENSG00000091986",212,279,225,146,158,466,205,359,384,238,241,219,191
"ENSG00000092010",988,958,2212,1808,1725,2204,2691,2014,1903,1886,1989,1905,1767
"ENSG00000092020",694.00001,754.00002,528,528,492,716,830,603,596,1236,1042,1188,1189
"ENSG00000092036",486,439,1409,1205,1046,1583,2537,1656,1551,1175,1031,1179,972
"ENSG00000092051",159,217,321,221,210,146,225,210,176,55,49,36,45
"ENSG00000092068",951,934,8217,8059,6940,6601,3221,5833,6287,378,629,572,461
"ENSG00000092094",437.99999,411,917,652,675,866,1039,768,740,883,929,950,799
"ENSG00000092096",501,578,333,280,307,805,551,708,816,1124,1178,887,1271
"ENSG00000092098",292.99999,223.99999,439,390,418,533,472,547,464,303,318,249,547
"ENSG00000092108",2063.99999,1713.99999,1877,1838,1522,2181,1717,1706,1923,1711,1543,1592,1628
"ENSG00000092140",1011.99999,1252,2055,2153,1589,2618,1653,1971,2222,1062,890,1006,1097
"ENSG00000092148",1785.00001,2640,2100,2239,1965,2850,1314,2398,2504,2478,2195,1997,2244
"ENSG00000092199",5663.99997,6937.99999,17163,14355,13016,25701,29845,20755,21395,26005,21804,23332,22115
"ENSG00000092201",1838,1990,10756,10675,8778,12646,6995,12428,12916,10257,9928,7543,9786
"ENSG00000092203",674,767,1670,1309,1131,1946,1535,1761,1908,2404,2415,2196,2263
"ENSG00000092208",480,512.00001,817,649,686,835,1049,644,642,807,645,878,844
"ENSG00000092330",371,403.99999,1117,982,781,1515,1892,1510,1427,2078,2213,1978,2010
"ENSG00000092421",1038.00001,1085,7086,7259,6851,12301,5738,10125,9692,1767,2022,1584,2040
"ENSG00000092439",899,981,979,1003,832,1188,490,882,1031,753,659,625,675
"ENSG00000092445",258.00001,171,1200,862,915,1500,1607,1392,1395,466,443,364,581
"ENSG00000092470",366.00001,435,239,229,244,513,355,378,483,607,617,507,589
"ENSG00000092529",53.99999,25,4,6,1,7,2,10,5,46,80,98,84
"ENSG00000092531",443,548,1658,1679,1407,1663,1457,1354,1651,636,690,666,725
"ENSG00000092621",946.00001,877.00001,18994,15560,13223,11695,9390,11534,11904,11025,9449,8409,10266
"ENSG00000092758",109,107.00001,851,811,854,119,107,84,113,28,24,29,33
"ENSG00000092820",1010,1106,11137,10244,9146,4107,2591,3687,4286,4583,4786,3720,4382
"ENSG00000092841",12234.99997,12644.00001,20565,15910,15580,24843,50041,22099,21385,22658,24767,27557,22125
"ENSG00000092847",1349.00001,1716.99999,3246,3275,2821,2985,1502,2702,2619,6846,6821,5375,6793
"ENSG00000092850",164,250,27,24,25,98,84,122,127,288,319,311,364
"ENSG00000092853",894,905,964,796,640,1106,705,1115,1144,1076,972,739,1054
"ENSG00000092871",647,809,507,405,373,647,363,499,503,721,745,734,757
"ENSG00000092929",19,13,193,205,152,94,122,117,121,35,43,26,35
"ENSG00000092931",551.99999,431,157,201,165,287,228,228,269,283,233,253,305
"ENSG00000092964",2490.99999,3165,12259,11704,9914,12070,7006,10928,11561,24591,24548,18724,23112
"ENSG00000092969",2321,1100,7,12,5,30,20,40,43,127,216,151,118
"ENSG00000092978",471,668,271,301,273,515,363,420,436,523,497,450,475
"ENSG00000093000",816.00001,1042.99999,2183,2560,2223,3064,1647,2584,2471,2039,1741,1730,2017
"ENSG00000093009",712.00001,840,1079,863,684,1218,1150,1117,1207,1692,1451,1427,1530
"ENSG00000093010",146.00001,639,860,648,636,593,549,526,620,680,629,566,556
"ENSG00000093072",335.00003,104.99999,1177,1045,774,1064,625,1052,1095,554,565,428,525
"ENSG00000093144",944.99999,1024.00001,1391,1486,1217,1081,963,857,831,1820,1559,1585,1701
"ENSG00000093167",828.00001,1034.00001,322,400,378,586,410,520,421,611,559,526,689
"ENSG00000093183",546,538.99999,1111,1079,830,913,620,734,737,1611,1430,1338,1349
"ENSG00000093217",197,242,100,39,57,132,67,134,93,206,169,103,125
"ENSG00000094631",481.99998,521.99998,1032,1015,787,3016,1749,2872,3265,5049,5322,3927,4267
"ENSG00000094804",467,518,3701,3232,2846,3247,2791,2983,3166,2207,1803,1560,1960
"ENSG00000094841",134.00001,145.99999,807,758,597,532,395,443,396,344,382,324,332
"ENSG00000094880",543,612,2171,2374,1867,4103,2164,3391,3797,3076,2834,2545,2855
"ENSG00000094914",530,602.99997,3857,3170,2817,3247,2355,3203,3231,4324,3912,3360,3808
"ENSG00000094916",5219.99999,5645,14247,14837,11956,27501,11514,24303,24758,28514,27478,20362,27743
"ENSG00000094975",2116,1668,969,1176,949,1872,897,1456,1631,1528,1346,1480,1305
"ENSG00000095002",2037,3355,8676,9214,7389,5815,3441,4596,4979,4773,4170,4006,4379
"ENSG00000095015",258,266,284,330,240,314,270,311,279,305,227,262,261
"ENSG00000095059",497,615,1832,1398,1228,2216,2484,1982,2005,2542,2604,2485,2291
"ENSG00000095066",279,192,731,628,618,534,374,511,562,250,314,228,308
"ENSG00000095139",787,863,5325,5165,4413,6047,3424,5160,5739,5600,4988,4219,4919
"ENSG00000095203",105,94,261,231,208,76,45,93,81,18,18,10,15
"ENSG00000095209",408,451,362,371,292,353,365,216,247,815,783,999,949
"ENSG00000095261",160,316,1503,1451,1128,1437,1012,1202,1178,808,803,716,793
"ENSG00000095319",486,481,6040,6169,4760,5811,2279,5704,6072,7049,7200,4964,6308
"ENSG00000095321",355,326.00001,535,548,527,836,829,995,936,1563,1742,1409,1604
"ENSG00000095370",216.99999,173.99999,102,100,112,436,331,391,380,1709,1979,1501,1774
"ENSG00000095380",271,255.99999,2121,1938,1685,856,860,823,846,1098,1053,839,1129
"ENSG00000095383",90,61,351,286,197,130,79,86,117,61,58,62,68
"ENSG00000095397",224,249,63,61,42,84,113,128,86,139,178,136,211
"ENSG00000095485",265,302,650,694,522,657,646,650,661,816,732,788,793
"ENSG00000095539",69,124.99999,77,46,72,112,87,90,120,129,167,96,162
"ENSG00000095564",770,1207,1304,1557,1204,2625,1193,2368,2314,1352,1314,1404,1577
"ENSG00000095574",213,446,359,370,288,509,279,443,487,671,674,644,544
"ENSG00000095596",169,13,251,216,188,986,932,1040,1106,11992,8929,10526,12553
"ENSG00000095637",468.00001,510.00001,688,660,546,577,303,475,514,953,850,701,744
"ENSG00000095713",195,347.00001,12,27,26,44,20,43,26,53,118,75,88
"ENSG00000095739",401,965,58,44,52,6,7,10,5,9,4,13,8
"ENSG00000095777",1398.00001,1437,66,97,78,94,65,77,84,225,143,132,161
"ENSG00000095787",3074.99997,2316.99999,1944,1827,1643,2647,1786,2495,2575,1939,1959,1728,1940
"ENSG00000095794",953.00001,1318.00001,367,389,331,797,798,639,656,899,808,885,953
"ENSG00000095906",661.00001,632,2786,2027,1814,1957,2754,1908,2189,2828,2685,2598,2490
"ENSG00000095951",813.00001,917,499,494,382,564,331,591,493,613,760,579,465
"ENSG00000096060",366.00001,310,2438,2718,2353,3677,1813,3301,3367,2944,2699,2428,2998
"ENSG00000096063",1448,1786,3941,4063,3210,4317,2329,3691,3924,4263,3557,3263,4150
"ENSG00000096070",393,341.00001,483,405,386,538,275,559,436,560,522,413,527
"ENSG00000096080",391.99999,339,2627,2027,1870,1867,2291,1728,1835,1619,1632,1613,1597
"ENSG00000096092",413,474,195,215,201,404,543,302,312,637,549,676,710
"ENSG00000096093",897.99999,1397.00002,527,538,428,1049,779,851,940,1344,1357,1354,1401
"ENSG00000096384",9928,10746,92236,88552,73880,73801,52374,68533,70816,48778,43885,38302,42914
"ENSG00000096401",987,1272,1858,1847,1592,2418,1530,2305,2346,2838,2393,2110,2416
"ENSG00000096433",43,15,1304,993,960,872,421,840,748,73,62,37,35
"ENSG00000096654",220,253.99999,305,375,256,698,536,610,535,805,643,697,718
"ENSG00000096696",290.00001,229,4741,4871,4356,7781,2936,6743,6907,550,517,562,552
"ENSG00000096717",532,580.99999,407,334,321,286,265,268,255,251,162,194,200
"ENSG00000096746",2847,3582,6050,5619,4816,8282,5119,7482,7860,8163,7532,6285,7407
"ENSG00000096872",717,1193,543,490,492,873,517,675,712,763,691,609,718
"ENSG00000096968",155,145,41,36,29,102,80,95,90,418,381,432,491
"ENSG00000097007",920,907,1518,1304,1151,1938,1201,1980,1792,1722,1981,1419,1726
"ENSG00000097021",844.00001,827,6411,5102,4833,4267,4200,4269,4247,3587,3296,2841,3456
"ENSG00000097033",1032.00001,959,605,650,605,824,695,801,707,1228,951,1099,1425
"ENSG00000097046",826,781,2158,2124,1644,3201,2234,2685,2786,2329,2063,2088,2244
"ENSG00000097096",216,312,56,67,56,19,24,34,31,35,31,26,71
"ENSG00000099139",151,199,192,288,352,582,366,436,526,510,490,491,750
"ENSG00000099194",1482,2025,28807,28813,23453,33302,16550,28426,34762,24504,27187,19073,23033
"ENSG00000099203",263,273,1403,1191,1117,1364,1820,1374,1334,1771,1748,1465,1578
"ENSG00000099204",1779.99999,2086.00002,2760,2949,2079,5169,2238,4585,4411,1325,1550,1194,1326
"ENSG00000099219",492,432,467,714,681,1237,605,894,937,326,268,357,436
"ENSG00000099246",768,927,1844,1860,1461,2441,1741,1735,2085,1993,1606,1935,1976
"ENSG00000099250",142,212.00001,70,50,67,169,104,123,118,1487,1514,1117,1663
"ENSG00000099256",304,470.00001,218,260,193,621,490,478,513,419,372,376,371
"ENSG00000099282",196,274,379,342,318,586,586,500,635,597,577,472,525
"ENSG00000099284",1449.00001,2112,1272,1066,1034,5234,4173,4946,5047,6605,6286,4896,5695
"ENSG00000099290",371.00001,562,1199,1428,1121,1534,811,1392,1385,1363,1547,1176,1218
"ENSG00000099308",274,257.99999,226,219,186,424,231,506,480,311,337,246,344
"ENSG00000099326",372.00001,435,262,204,258,344,276,399,347,391,440,419,545
"ENSG00000099330",139,88.99999,349,280,262,233,174,189,238,141,165,137,138
"ENSG00000099331",1281,1281.00001,392,281,342,275,220,352,370,291,346,273,362
"ENSG00000099338",137.00001,232.00001,27,25,10,27,18,24,19,38,60,42,50
"ENSG00000099341",1874,2062,5506,4370,4129,4524,5695,4068,4366,5919,6006,5297,5412
"ENSG00000099364",472,641.00001,58,40,41,36,68,56,51,44,32,49,30
"ENSG00000099365",163,96,48,48,22,41,30,66,40,64,94,45,75
"ENSG00000099377",29,27,401,276,223,310,226,250,260,38,62,60,39
"ENSG00000099381",411,379.99999,256,181,196,183,158,241,205,199,183,148,168
"ENSG00000099385",893.99999,839,56,29,51,138,263,170,143,169,159,164,196
"ENSG00000099617",644,807,107,71,74,307,229,394,360,435,391,306,375
"ENSG00000099622",3583.99999,4047,2376,1883,1800,3596,2957,3744,3708,4870,5670,4187,4530
"ENSG00000099624",1679,1391.00001,256,202,245,164,299,228,171,144,152,140,320
"ENSG00000099783",3796,3525,19345,18699,15642,12821,7396,13821,14353,17922,17759,13084,16804
"ENSG00000099785",184,193.99999,113,101,68,102,187,116,76,81,49,65,113
"ENSG00000099795",1764,1611,2755,2056,2234,1867,4056,1862,1936,2314,2508,2328,2220
"ENSG00000099797",1330,1413,6061,4887,4591,5759,5266,5088,5736,5662,5585,4301,5059
"ENSG00000099800",1337,1316,5951,4508,4272,2819,4114,2829,3000,2524,2635,2239,2585
"ENSG00000099804",1047,919,244,155,175,256,394,225,243,265,247,143,233
"ENSG00000099810",1288,874,1886,1731,1464,1030,654,884,813,1598,1429,1310,1477
"ENSG00000099814",217,148,139,138,80,69,58,99,112,70,78,54,62
"ENSG00000099817",1806,1628,7371,5525,5062,5546,5326,5911,6431,6175,6065,4582,5337
"ENSG00000099821",268.99999,215,565,474,461,345,345,424,385,313,340,283,353
"ENSG00000099849",142,204,1017,811,743,775,1330,957,969,479,509,483,501
"ENSG00000099860",299,66,204,161,165,60,54,47,64,91,117,107,77
"ENSG00000099864",736,687,60,25,26,136,133,136,124,396,444,345,460
"ENSG00000099875",719.99999,558.99999,355,274,245,376,324,403,391,255,233,207,261
"ENSG00000099889",611.99999,424,456,452,433,864,549,1047,1049,1684,1941,1418,1732
"ENSG00000099899",257.99999,209,1079,899,748,985,923,1052,1113,1148,1352,1114,1212
"ENSG00000099901",3537,4028.99999,2755,2601,3045,4539,5694,4408,3976,3954,3105,3215,4536
"ENSG00000099904",315,276,140,123,95,90,100,132,119,121,137,87,136
"ENSG00000099910",544,400,252,209,202,432,404,390,492,959,895,829,859
"ENSG00000099917",1230.00001,1054.00001,1288,1096,995,1292,727,1253,1423,1669,1977,1269,1454
"ENSG00000099940",407,551,500,493,386,793,625,746,712,1303,1193,1074,1176
"ENSG00000099942",600,676,3822,4283,3783,8058,4494,7748,7654,4963,4537,4825,5709
"ENSG00000099949",475.00001,394.99999,801,897,793,1112,665,1063,1108,1269,1430,1370,1448
"ENSG00000099953",98.99999,81,108,84,126,183,256,217,137,57,51,96,243
"ENSG00000099954",1330,1608,287,266,247,350,256,373,365,178,217,139,166
"ENSG00000099956",2238.00001,2559,2027,1919,2074,3125,2797,3148,3062,4185,4269,3874,4948
"ENSG00000099957",30,42,0,0,0,4,11,12,10,22,35,11,21
"ENSG00000099958",85,102.00001,321,179,224,332,265,301,310,205,176,126,202
"ENSG00000099968",1867,824.00001,2103,1881,1594,2219,1583,1953,2240,3233,3454,2618,2934
"ENSG00000099977",954,894.00001,2292,1966,1833,1399,1791,1439,1370,767,684,671,635
"ENSG00000099991",1282,1179,815,776,633,905,484,779,866,762,871,565,629
"ENSG00000099992",85,79.00001,168,144,130,316,258,286,302,308,292,232,302
"ENSG00000099994",75,40,75,83,69,32,22,35,36,417,489,300,344
"ENSG00000099995",1182,1047,1709,1870,1705,1775,1039,1813,1860,1810,1998,1407,2036
"ENSG00000099999",98,122,78,38,37,69,65,65,56,66,93,86,72
"ENSG00000100003",440,308,160,158,151,217,164,197,224,327,349,280,257
"ENSG00000100014",2800.99999,1399.00001,811,941,717,1171,478,1101,1052,1918,1898,1288,1775
"ENSG00000100023",643.00001,584.99999,1250,1167,1035,1304,785,1216,1366,1677,1611,1164,1435
"ENSG00000100027",273,571,190,100,170,366,441,415,406,338,335,233,403
"ENSG00000100028",525,448,2591,2460,2160,2488,2071,2414,2457,2857,2571,2334,2743
"ENSG00000100029",475.00001,522.99999,2467,2322,2070,2270,1666,2123,2501,1892,1989,1449,1999
"ENSG00000100030",1245,1453,956,696,642,847,564,777,712,1042,937,843,1027
"ENSG00000100031",22.00001,19,246,215,162,144,85,122,118,20,19,12,15
"ENSG00000100034",330,260,677,571,499,750,428,880,860,834,917,647,752
"ENSG00000100036",66,69,147,112,121,88,58,88,99,77,71,84,142
"ENSG00000100038",211.00001,233,1202,1082,1030,1153,677,1245,1136,1081,1269,1022,1094
"ENSG00000100056",217,203.00001,498,379,379,593,441,629,513,558,670,496,496
"ENSG00000100060",106,125.00001,152,122,100,485,382,362,460,1047,1108,910,983
"ENSG00000100065",29.00001,14,397,280,287,168,167,222,199,119,102,61,150
"ENSG00000100075",800,654,1655,1295,1193,1539,1675,1569,1560,782,1010,757,903
"ENSG00000100077",301,313,368,320,249,319,235,290,297,262,293,193,264
"ENSG00000100078",43,48,1005,796,642,174,173,170,189,294,201,198,214
"ENSG00000100083",751.00001,648.00001,1003,881,718,924,700,900,1015,1055,1203,841,1031
"ENSG00000100084",937,338,260,181,196,212,125,280,184,234,218,216,210
"ENSG00000100092",129,115,154,65,133,133,62,90,75,56,28,4,22
"ENSG00000100095",282,129,71,76,53,45,33,37,35,308,285,271,301
"ENSG00000100097",270,613,689,518,599,1397,1987,1520,1330,439,286,297,378
"ENSG00000100099",438.00001,478.00001,1076,884,866,1527,763,1445,1441,1635,1782,1405,1363
"ENSG00000100100",120.00001,90,115,83,77,286,225,205,246,577,635,564,487
"ENSG00000100104",211,313,229,269,321,430,469,553,379,239,261,262,461
"ENSG00000100105",776,837,1026,910,791,1078,874,1064,1098,1006,895,800,844
"ENSG00000100106",1415.99999,1545,1550,1101,1052,1118,781,1057,1079,1116,1449,923,1050
"ENSG00000100109",452,281.00001,1103,1008,839,1324,927,1246,1257,1246,1289,969,1182
"ENSG00000100116",198,226.00001,1750,1439,1354,833,898,803,818,1099,1184,1099,1082
"ENSG00000100122",18921,12784,93,73,69,149,74,86,62,10,9,7,19
"ENSG00000100124",394.99999,463.99999,232,230,222,229,278,242,222,409,449,434,832
"ENSG00000100129",4204,5724,9572,8655,7286,12418,10229,11528,11263,10692,10144,9381,9493
"ENSG00000100138",1674,1861,5664,4606,4258,4633,4838,4230,4295,4354,3894,3672,3744
"ENSG00000100139",377,465,310,212,185,109,138,113,141,144,159,179,160
"ENSG00000100142",1141.00001,1175,2525,1945,2145,1774,2952,1752,1623,1989,1872,1714,1674
"ENSG00000100146",28,29,34,8,12,20,36,43,46,1,2,2,3
"ENSG00000100147",284,492,1073,976,720,1035,504,955,1019,1381,1199,973,1113
"ENSG00000100150",1058.99999,1345,454,510,394,662,342,634,605,768,917,635,713
"ENSG00000100151",174.00001,137,513,462,400,424,333,377,404,246,244,258,266
"ENSG00000100154",1621.99999,1849.00001,298,240,203,922,520,981,802,1461,1541,1370,1974
"ENSG00000100162",1573,835,1225,940,838,840,1124,968,988,1384,1277,1040,1285
"ENSG00000100167",685,713,518,409,387,424,345,486,367,1423,1449,1149,1362
"ENSG00000100196",103,112,224,236,192,121,116,113,131,87,95,98,97
"ENSG00000100201",6129.00001,7285,1890,1606,1575,3145,2333,2806,2527,4292,4333,3562,4470
"ENSG00000100206",58,67.99999,46,68,52,126,89,91,136,49,45,48,51
"ENSG00000100207",776.99999,666.99999,168,145,128,186,125,230,197,141,131,89,100
"ENSG00000100209",437,304,209,191,176,220,291,179,169,206,213,208,221
"ENSG00000100211",466,662.00001,965,749,719,1116,1010,934,1003,1195,1126,1040,1036
"ENSG00000100216",947,1036,3067,2577,2368,2453,3409,2188,2359,1994,1863,2200,2138
"ENSG00000100218",40,41,3,9,0,14,9,1,20,52,39,60,41
"ENSG00000100219",588,599,1897,2339,2298,2318,2432,2127,1947,1043,775,1061,1567
"ENSG00000100220",846,1066,6921,6149,5323,7479,5921,6612,6977,7087,6843,5721,6111
"ENSG00000100221",268,256,261,159,135,261,199,199,209,308,316,259,374
"ENSG00000100225",899,1105.99999,2462,2440,2215,3113,2499,2685,2918,3524,3211,3356,3802
"ENSG00000100226",442.00001,392,2782,2689,2315,2960,1622,3080,3091,2628,2677,1837,2534
"ENSG00000100227",790.99999,871,3591,3266,2736,6126,3934,5900,6178,6818,6886,5185,5922
"ENSG00000100228",381,507,161,112,105,276,162,244,225,1404,1428,1091,1233
"ENSG00000100234",268,432,156,128,121,111,85,73,79,144,220,225,185
"ENSG00000100239",1217.99999,922.00001,235,165,183,304,392,379,273,217,227,234,530
"ENSG00000100241",908,694.00001,914,547,509,514,462,463,687,809,868,685,847
"ENSG00000100242",570.99999,493.00001,167,141,106,138,123,115,131,283,300,273,282
"ENSG00000100243",1387.99999,1284.00001,3437,2777,2738,3438,2571,3508,3759,3536,3682,2927,3643
"ENSG00000100246",230,368,278,215,222,406,452,411,458,698,736,599,665
"ENSG00000100258",399.99999,300.00001,629,498,407,565,352,678,750,799,840,626,781
"ENSG00000100263",393,389,2312,1807,1499,1094,1117,1196,1282,1380,1339,1120,1362
"ENSG00000100266",629,578.99999,992,1156,1057,1379,784,1312,1337,1078,1174,944,1137
"ENSG00000100271",242,276,272,265,244,590,385,496,545,890,970,821,837
"ENSG00000100280",760,741.99999,2329,2418,1981,2616,1351,2232,2608,3305,3442,2313,3192
"ENSG00000100281",861,830,1218,1025,930,1696,1189,1437,1521,1373,1252,1292,1335
"ENSG00000100284",377.00001,324.99999,855,599,503,1055,922,1189,1208,1209,1417,1062,1045
"ENSG00000100285",85,81,71,81,55,59,43,64,36,125,138,82,134
"ENSG00000100288",314,321,488,390,394,610,666,490,531,466,541,436,396
"ENSG00000100292",32,20,372,337,310,180,140,192,157,38,51,36,36
"ENSG00000100294",264,275,201,249,221,361,329,389,324,428,390,410,560
"ENSG00000100296",684.00001,867.99999,1534,1415,1147,1737,1523,1725,1623,1497,1640,1280,1362
"ENSG00000100297",1061,992.00001,6754,5398,5246,5197,4763,5558,5702,5368,5454,4027,5030
"ENSG00000100299",169.99999,122,204,154,139,258,205,255,365,346,385,275,291
"ENSG00000100300",180,93,526,385,339,266,423,286,310,501,404,339,436
"ENSG00000100304",421,316,1066,741,950,441,531,618,464,289,227,247,460
"ENSG00000100307",52,48,55,33,56,53,54,62,67,13,42,29,30
"ENSG00000100314",78,104,1,2,4,5,2,2,10,99,111,95,90
"ENSG00000100316",21805,26977,51106,40688,38851,50605,61751,47433,47702,41009,38977,35859,34544
"ENSG00000100319",406.99999,346,390,310,245,484,625,506,493,816,915,709,778
"ENSG00000100320",2075.00001,3621.99999,2224,1863,1554,3777,2450,3262,3226,2696,3310,2501,2869
"ENSG00000100321",396,292,858,701,653,1068,734,1014,977,1267,1605,1193,1472
"ENSG00000100324",383,378,292,272,240,405,259,404,341,545,625,466,613
"ENSG00000100325",367,391,1379,1252,1137,1455,1005,1500,1740,1744,1851,1443,1708
"ENSG00000100330",787,628.00001,871,820,595,1748,823,1732,1715,2028,2469,1744,1924
"ENSG00000100335",731,454,1851,1694,1403,2649,1570,2717,2665,2594,2718,1960,2320
"ENSG00000100344",134,147,762,675,530,1086,618,1071,1159,281,340,174,246
"ENSG00000100345",1481.99998,948.99999,9488,10070,8621,10754,3834,11080,11045,4406,5287,3169,4188
"ENSG00000100347",686,716,2360,1985,1935,2062,1659,1890,1835,2429,2373,1830,2100
"ENSG00000100348",930.99999,985.99999,2930,2480,2154,2686,3107,2486,2734,3291,3275,3134,3096
"ENSG00000100350",495.99999,416.00001,721,795,660,1255,757,1324,1080,1724,1699,1480,1759
"ENSG00000100353",1449,1548,6378,5661,5213,4574,4396,4262,4360,3976,3485,3142,3271
"ENSG00000100354",2942,3378,2004,1986,1610,2782,1263,2454,2111,2609,3420,2025,2410
"ENSG00000100359",416,454,2106,1642,1514,3074,2368,3243,3600,2623,2911,2062,2365
"ENSG00000100360",537.99999,615,634,477,494,688,599,655,704,632,693,527,553
"ENSG00000100362",52,29,62,30,52,39,83,36,30,7,4,5,4
"ENSG00000100364",389,387,344,214,237,249,249,234,220,431,397,292,356
"ENSG00000100372",372.99999,496.00001,1007,841,845,808,894,727,671,708,673,752,643
"ENSG00000100376",572,328.00001,579,480,427,963,762,1070,1114,978,1060,841,970
"ENSG00000100379",396.99999,397.00001,90,83,136,240,320,336,219,263,244,254,587
"ENSG00000100380",3885,4067,8042,7488,6786,10151,8234,9000,8969,7973,7536,6929,6980
"ENSG00000100387",2198,2894,4922,4302,4085,5397,11220,4871,4606,4265,4037,5260,4735
"ENSG00000100393",2085,2072,2064,1723,1531,2050,1250,1835,1736,1442,1641,1104,1315
"ENSG00000100395",274,270,999,868,723,1394,1063,1508,1543,1432,1357,950,1253
"ENSG00000100401",975,857,4301,3585,3103,2731,2163,2993,2963,3157,2831,2362,2823
"ENSG00000100403",654,568,290,246,245,247,127,219,212,215,273,163,209
"ENSG00000100410",710,835,1224,1122,990,1070,1748,890,913,981,836,1016,939
"ENSG00000100412",906,905,5152,3885,3762,3414,2240,3067,3337,5531,5839,4384,4568
"ENSG00000100413",443,343,773,832,779,1422,1241,1529,1308,1433,1246,1160,1591
"ENSG00000100416",495.00001,557,1642,1262,1102,1022,803,1025,1116,733,981,724,822
"ENSG00000100417",349,393,347,271,295,684,877,587,682,905,936,841,819
"ENSG00000100418",287,236,971,867,738,791,579,740,794,760,836,754,761
"ENSG00000100422",1576,1823,683,484,518,577,768,678,497,731,739,602,773
"ENSG00000100425",799,678,294,194,195,231,176,258,240,291,276,235,250
"ENSG00000100426",315,361,677,563,566,797,595,851,800,853,974,682,1036
"ENSG00000100429",119,96,98,117,117,85,64,100,93,93,125,80,114
"ENSG00000100433",32,46,50,63,58,134,126,165,172,469,750,464,584
"ENSG00000100439",162.99999,206,2234,2021,1461,1634,1089,1527,1564,1898,1869,1685,1685
"ENSG00000100441",262,330,832,937,753,1537,876,1313,1298,1834,1839,1478,1724
"ENSG00000100442",2381,3121,3969,3705,3173,5179,5020,4258,4453,3892,3492,3584,3927
"ENSG00000100445",711.99999,885.00001,1723,1295,1193,1561,1544,1646,1703,2585,2769,2174,2373
"ENSG00000100461",1265,1399,1809,1633,1372,3107,2204,2739,3023,4861,4776,3618,4426
"ENSG00000100462",655.00001,757.99999,5775,5422,4435,6042,4968,5196,5555,5911,5554,5091,5429
"ENSG00000100473",261.99999,375,467,424,329,936,686,727,953,597,432,524,565
"ENSG00000100478",173.99999,251,83,92,78,167,145,127,130,140,130,148,155
"ENSG00000100479",742.00001,617,372,411,289,483,531,437,406,449,291,405,416
"ENSG00000100483",200,160.00001,158,143,149,309,227,235,235,156,174,181,180
"ENSG00000100485",956,1222,98,69,63,122,102,113,88,188,157,151,168
"ENSG00000100490",257,234,60,43,43,60,35,34,28,76,88,58,55
"ENSG00000100503",1613.99999,1724.00001,278,257,216,560,276,539,551,1242,1484,977,973
"ENSG00000100504",90,86,1610,1621,1341,1610,1228,1466,1580,791,591,605,745
"ENSG00000100505",377,460,347,329,342,273,168,218,251,1268,1778,1129,1128
"ENSG00000100519",1129,1488,3350,3328,2631,3491,3535,2753,2917,2838,2632,2931,2931
"ENSG00000100522",343,332.00001,1737,1726,1444,2684,1866,2225,2326,971,757,904,945
"ENSG00000100523",572,1047.00001,338,290,346,585,322,566,414,440,268,374,684
"ENSG00000100526",705.99998,975,1582,1408,1216,1335,1722,1088,1125,1717,1289,1895,1868
"ENSG00000100528",1081,1224,2013,2091,1640,1818,2276,1416,1536,2189,1914,2764,2405
"ENSG00000100532",303,375.99998,494,398,343,612,848,543,523,569,491,554,534
"ENSG00000100554",840,878.99999,1487,1380,1242,2273,2145,1932,1849,1688,1593,1647,1601
"ENSG00000100564",225.00001,176.99999,209,171,163,298,257,228,299,607,580,565,523
"ENSG00000100567",1695,1930.00001,6681,6345,5018,4599,5345,4023,4037,3219,2929,3520,3594
"ENSG00000100568",1128,1067.00001,2513,2408,2149,3260,2229,2871,3142,2283,2152,1933,2199
"ENSG00000100575",475,598,626,641,561,683,585,606,564,525,539,537,617
"ENSG00000100577",152.99999,184,731,615,572,664,684,580,557,299,323,306,262
"ENSG00000100578",1111.99996,1288,609,550,590,986,467,885,903,770,735,605,788
"ENSG00000100580",283,373,572,722,488,877,386,768,706,940,1086,906,972
"ENSG00000100583",150,181,4,18,10,61,26,55,57,131,115,126,143
"ENSG00000100591",751.00001,748,3634,2985,2670,2706,2628,2703,2756,2741,2705,2198,2424
"ENSG00000100592",2490,2875,356,433,345,1099,455,742,811,2281,2502,1809,2434
"ENSG00000100596",508,598,2000,1754,1559,819,442,745,785,2347,2459,1860,2035
"ENSG00000100600",569,381,3018,2808,2301,3395,2420,3023,3567,2174,2284,1970,2074
"ENSG00000100601",228.00001,232,750,527,543,713,788,526,598,1090,943,960,827
"ENSG00000100603",1126.99999,1390,1677,1527,1404,2630,2043,2097,2371,2893,2966,2634,2958
"ENSG00000100604",117,100,236,140,180,10,26,11,15,33,59,19,59
"ENSG00000100605",494,466,885,1013,1222,628,569,802,672,293,309,295,435
"ENSG00000100612",695,753.00001,877,727,690,1149,967,736,771,1191,1122,1094,1124
"ENSG00000100614",1021,1203,453,381,308,795,557,573,598,552,444,461,502
"ENSG00000100625",72,72,488,570,458,481,248,355,398,219,153,200,255
"ENSG00000100626",201,207,97,85,103,259,201,258,242,2044,1839,1650,1808
"ENSG00000100629",632.99999,1116,202,224,229,292,154,262,292,544,547,368,442
"ENSG00000100632",3684,4484,2511,2238,2231,2952,4664,2477,2473,3618,3086,3512,3378
"ENSG00000100644",2197,2688,7039,7429,6119,8107,4234,6191,6730,5878,5622,5348,5199
"ENSG00000100647",142,212,310,309,227,342,192,291,301,577,646,361,501
"ENSG00000100650",2743,4495,4222,3380,3430,7309,5302,6798,6934,6472,6841,5941,6081
"ENSG00000100664",2818,3167.00001,7069,6656,6174,10063,8158,9238,9164,6721,7593,6265,7124
"ENSG00000100678",19,30,47,49,35,18,3,17,13,9,9,11,6
"ENSG00000100697",1406,1483,1099,1149,984,1759,749,1726,1417,2464,2111,2130,2891
"ENSG00000100711",329,384,2289,1853,1704,1700,1834,1551,1532,858,877,697,791
"ENSG00000100714",1414.00001,930.99998,9348,9478,8068,5413,3631,5367,5425,4866,4572,3801,4749
"ENSG00000100722",1354,3409,2284,2230,2041,3482,2222,3177,3335,3439,3163,2929,3289
"ENSG00000100726",350,354,1365,1076,969,1123,718,1242,1393,1340,1470,1004,1355
"ENSG00000100731",1039,1334.99999,634,506,426,535,379,482,532,438,416,382,327
"ENSG00000100744",370,486,1351,1350,1050,1524,1832,1060,1123,1127,940,1318,1191
"ENSG00000100749",1225.99999,1489.99999,2775,2644,2316,2547,2414,2047,2234,2074,1915,1903,2087
"ENSG00000100764",259,264,3520,2956,2515,3769,4295,3261,3275,4068,4047,3690,3844
"ENSG00000100767",181.00001,66,182,129,127,131,78,95,141,39,75,70,35
"ENSG00000100784",405,290,150,145,138,272,141,222,272,306,330,298,328
"ENSG00000100796",987,1309,948,961,803,680,518,610,579,648,533,483,635
"ENSG00000100802",250.99999,146,146,90,101,154,125,133,161,298,302,286,206
"ENSG00000100804",2074,2507,13891,11910,9855,10979,12811,9622,9914,9730,8732,9107,9059
"ENSG00000100811",1809,1901,1470,1460,1273,1334,966,1159,977,1187,1141,950,1326
"ENSG00000100813",2308.00003,2240.00001,1651,1444,1300,1625,1050,1800,1760,1658,1705,1258,1596
"ENSG00000100814",837.99999,1083,2472,2298,1842,1955,2530,1677,1625,2526,2144,2560,2828
"ENSG00000100815",851,1043,724,680,639,877,404,791,750,614,660,459,502
"ENSG00000100823",2172.00002,2603,8961,7770,6696,6755,8538,6308,6679,8331,7769,7763,7941
"ENSG00000100836",3647.00001,4398,1626,1246,1190,1802,2116,1982,1846,1444,1445,1307,1546
"ENSG00000100842",612.99999,697,154,106,90,311,340,350,304,287,344,276,360
"ENSG00000100852",1691.00001,2197,981,901,805,2339,1188,1947,2029,2185,1906,1937,2035
"ENSG00000100865",324,339,984,904,881,832,1002,822,843,670,713,645,696
"ENSG00000100867",26.00001,20,52,42,27,50,70,77,94,21,11,15,19
"ENSG00000100883",1149.99999,1019,2069,1798,1504,2392,1743,1878,2256,1787,1514,1587,1688
"ENSG00000100888",1076.00001,1060.00001,1982,1989,1584,2341,960,2222,2362,2171,2132,1542,1712
"ENSG00000100889",241,388,3027,2458,2335,1804,1356,1722,1797,696,573,502,777
"ENSG00000100890",129,154,905,1064,846,898,777,916,858,890,808,975,805
"ENSG00000100897",396,440.99999,3327,2921,2467,3193,2608,3197,3195,2555,2750,2104,2239
"ENSG00000100902",1733,2159.00001,7502,7080,6061,7255,10439,6453,6140,6337,5838,7353,6839
"ENSG00000100906",338,311,345,370,375,492,586,601,528,413,356,426,626
"ENSG00000100908",229.00001,247.00001,917,690,765,619,922,692,651,895,917,847,851
"ENSG00000100911",621,665.00001,2549,2050,1976,1640,2066,1651,1627,857,1035,938,997
"ENSG00000100916",324,378,451,507,419,705,552,488,546,506,436,493,467
"ENSG00000100926",526.99999,456.99999,1768,1448,1256,1896,1372,1558,1903,2308,2222,1809,1982
"ENSG00000100934",1181,1335.00001,1955,2143,1697,3166,1654,2399,2543,5652,4813,4834,5148
"ENSG00000100938",396,475.00001,1799,1585,1426,1840,1835,1541,1534,1761,1626,1780,1520
"ENSG00000100941",3171,4379,2798,2532,2430,3093,1849,2878,2676,2832,2605,1958,2570
"ENSG00000100949",156.99999,153.99999,701,497,505,497,357,413,498,540,671,494,498
"ENSG00000100968",465,505.00001,414,359,323,823,541,866,914,828,943,612,789
"ENSG00000100979",787.00001,910,7171,5719,4919,5463,4120,5235,5609,3197,3506,2826,2829
"ENSG00000100982",432,440.99999,1475,1167,1131,2427,1873,2577,2724,3498,4063,2834,3199
"ENSG00000100983",465.99999,534,1724,1422,1225,1950,1691,1792,2210,2392,2198,2029,2230
"ENSG00000100985",27,60,123,133,145,33,26,35,19,25,31,10,7
"ENSG00000100987",261,218.99999,0,1,0,0,0,0,1,28,11,18,35
"ENSG00000100991",1168,1236,3337,3253,2887,4525,3272,4028,4499,3992,4056,3681,3673
"ENSG00000100994",758,744,2287,2128,1863,3141,1901,3281,3359,4889,5657,3804,4534
"ENSG00000100997",873.99999,779.00001,315,195,245,169,266,178,151,180,200,163,223
"ENSG00000101000",12,20,499,434,401,165,193,107,144,18,15,17,15
"ENSG00000101003",986,1304.99999,2385,2521,1983,2793,2472,2083,2299,2258,1764,2182,2351
"ENSG00000101004",889.00001,1006.99999,1057,904,906,991,475,999,1094,1315,1656,1078,1292
"ENSG00000101019",618.99999,520,2102,2105,1733,2098,1888,1797,1975,1535,1659,1341,1474
"ENSG00000101040",4675,5858.99999,3957,3639,3401,5069,2749,5212,5088,2009,2245,1620,1771
"ENSG00000101052",675.99999,1042.00001,1123,900,836,1936,2503,1557,1505,2415,2302,2530,2365
"ENSG00000101057",803,692,923,675,574,698,982,871,732,630,508,472,752
"ENSG00000101079",613,617,1228,1146,1032,1184,1065,1180,1006,2233,2057,2094,2440
"ENSG00000101084",1005,1023.00001,547,737,1292,1453,2243,1645,1015,707,444,808,1577
"ENSG00000101098",31,34,290,231,228,200,179,179,231,143,157,134,152
"ENSG00000101104",298.99998,377,263,199,232,267,186,287,266,164,151,113,139
"ENSG00000101109",627,794.99999,1278,1201,1030,2010,934,1700,1895,1823,1683,1431,1837
"ENSG00000101115",93,97,4360,4258,3580,6346,3519,5928,6147,2514,2897,1970,2408
"ENSG00000101126",1517.00001,1488.00001,1697,1541,1252,2013,1416,1858,1851,1790,1662,1359,1508
"ENSG00000101132",710,827,1121,999,966,797,841,859,743,444,441,441,557
"ENSG00000101134",176,105,171,166,176,125,146,108,160,311,369,379,274
"ENSG00000101138",401,413,2112,1801,1534,2608,2026,2274,2301,1510,1374,1340,1518
"ENSG00000101144",623,265.00001,162,120,126,340,274,272,301,365,402,323,413
"ENSG00000101146",730,694,2127,1872,1592,3126,3225,2631,2729,3747,3860,3415,3629
"ENSG00000101150",850,728,3407,2834,2461,3607,3339,3322,3499,3481,3303,3178,3123
"ENSG00000101152",582,517,583,424,409,780,587,722,626,864,807,512,824
"ENSG00000101158",927,1035,2102,1800,1767,2770,2258,2574,2630,4890,5032,4054,4476
"ENSG00000101160",99.99999,63,131,91,152,179,99,153,253,180,199,198,183
"ENSG00000101161",897,760,4100,3462,2959,4025,2560,3903,4279,4966,5510,3932,4599
"ENSG00000101166",602,858.99999,797,960,739,986,1101,743,787,1186,994,1273,1274
"ENSG00000101180",19,32,4,0,4,18,20,26,21,7,4,13,10
"ENSG00000101181",336.00001,299,695,531,469,642,391,561,700,866,760,543,692
"ENSG00000101182",4324,4829,7743,6872,6931,7232,9496,6919,6746,7446,7351,7253,8024
"ENSG00000101187",51,71,729,598,525,71,82,77,106,135,148,93,183
"ENSG00000101189",393,433,362,346,376,564,673,564,432,431,396,475,583
"ENSG00000101190",367,294,105,66,43,60,96,75,48,52,61,62,56
"ENSG00000101191",862.99999,815.99999,2293,1933,1729,2344,1341,2047,2233,1915,2107,1635,1685
"ENSG00000101193",614,628,1449,1319,1024,1434,1213,1371,1312,1222,1239,1009,1166
"ENSG00000101197",105,15,2,2,0,4,9,6,4,23,45,23,24
"ENSG00000101198",2032,1275,99,50,79,379,658,340,362,2000,2384,2057,1948
"ENSG00000101199",405.00001,329.99999,1711,1460,1277,1377,1047,1563,1822,1034,1251,865,1015
"ENSG00000101204",142,84,16,14,7,12,12,10,3,58,80,52,72
"ENSG00000101210",1115.99999,592,35,29,35,25,15,15,20,71,107,53,81
"ENSG00000101216",244,202,224,146,113,193,164,181,192,250,256,168,240
"ENSG00000101220",685,601,2520,1917,1717,1290,1436,1519,1651,1290,1371,1061,1414
"ENSG00000101224",725,452.00001,664,592,586,467,366,582,500,1808,1682,1511,1553
"ENSG00000101236",481,939.00001,324,357,298,887,613,919,742,488,652,511,792
"ENSG00000101246",317,316,816,748,657,780,588,805,973,1224,1242,1057,1133
"ENSG00000101247",398,380,341,309,274,124,177,126,136,356,297,418,384
"ENSG00000101255",132,65,270,273,317,285,238,336,369,475,359,374,619
"ENSG00000101265",300,231,340,328,258,634,323,544,575,861,1164,860,892
"ENSG00000101266",1483.99999,1569.00002,5224,5318,4282,6794,4560,5886,6322,6230,5735,5340,5536
"ENSG00000101280",43,35,14,19,19,41,23,32,22,11,15,15,6
"ENSG00000101290",777.99999,942,1290,1236,1159,2317,2204,1966,1940,2241,2152,1985,2376
"ENSG00000101294",1869.00001,1672.00001,5815,4694,4360,4632,3830,4183,4597,4828,5162,4069,4543
"ENSG00000101298",39,56.99999,127,124,89,45,8,44,41,131,211,124,163
"ENSG00000101310",676.00001,886,2510,2466,2049,2728,1868,2458,2492,2712,2877,2228,2422
"ENSG00000101331",31,51,198,96,66,71,88,92,85,8,14,9,7
"ENSG00000101333",4193,4190.99998,181,128,162,238,128,208,226,228,382,297,290
"ENSG00000101335",828,309,1287,1051,1033,306,253,287,247,65,77,64,93
"ENSG00000101337",788,583,4734,4159,3747,5883,2997,5244,6013,5016,5523,3683,4551
"ENSG00000101343",582,943,839,826,678,1087,728,923,1030,1111,1026,941,1004
"ENSG00000101346",416,367.00001,1787,1937,1573,2016,1155,2025,2094,2615,2545,2146,2164
"ENSG00000101347",177.99999,167.00001,1753,1902,1612,1591,871,1305,1344,606,599,567,556
"ENSG00000101349",109,142,6,6,15,58,66,69,42,428,471,401,392
"ENSG00000101350",340,322,639,531,460,815,515,786,694,808,754,657,886
"ENSG00000101353",121,299,16,23,13,55,33,37,37,157,224,159,159
"ENSG00000101361",2339,2136,9577,7869,7610,5727,5628,5863,6231,5235,4891,4047,4947
"ENSG00000101363",467,517,1923,1460,1343,1959,2179,1806,1772,2046,1978,1928,1816
"ENSG00000101365",750.00001,787.99999,4255,3561,3213,3250,2929,2883,3121,3287,3340,2721,2931
"ENSG00000101367",1197,1418,4231,3906,3428,5376,4269,4773,5075,5226,4879,4302,5145
"ENSG00000101384",581,335,657,507,427,218,162,202,293,541,570,483,615
"ENSG00000101391",513,382.99998,1691,1619,1393,1752,1270,1536,1637,1530,1386,1345,1257
"ENSG00000101400",121,165,38,44,40,75,133,93,80,50,65,34,58
"ENSG00000101407",536.99999,700,2316,2268,1870,2998,1656,2649,2875,2675,2519,1970,2369
"ENSG00000101412",557,503,173,119,103,82,124,125,114,199,168,147,194
"ENSG00000101413",691,753,368,417,269,610,378,534,596,1134,1170,868,992
"ENSG00000101417",74,105,336,304,281,525,375,441,439,440,440,356,411
"ENSG00000101421",1147,1016,101,101,89,127,151,120,137,129,123,199,151
"ENSG00000101439",1976.99999,1539,216,282,346,183,240,164,193,1305,1074,1416,2159
"ENSG00000101442",83,139,169,242,200,269,354,352,311,272,174,244,440
"ENSG00000101443",115,64,782,629,569,194,199,186,164,237,113,120,149
"ENSG00000101444",1336,1191,13431,11221,10265,9878,11436,9127,9548,8336,7774,7865,7612
"ENSG00000101445",15,30,469,549,473,155,82,155,129,14,31,26,17
"ENSG00000101447",259,416,1501,1657,1502,2110,1856,2172,2036,1351,1069,1266,1756
"ENSG00000101452",475,614,526,539,415,637,430,637,602,776,828,736,788
"ENSG00000101457",451,530.99999,1248,1143,1110,1330,1233,1242,1187,1897,1857,1547,1744
"ENSG00000101460",208,261,36,37,32,72,73,68,63,191,189,219,282
"ENSG00000101463",84,154,143,147,87,99,117,119,118,68,63,44,60
"ENSG00000101464",474,710,1469,1267,1118,1387,1173,1223,1382,1924,1686,1696,1791
"ENSG00000101473",263,317.99999,1293,992,866,553,672,527,528,694,805,695,720
"ENSG00000101474",948,880,4034,3646,3057,4161,3857,3395,4233,4878,4918,4423,4348
"ENSG00000101489",613,600,21,23,22,18,13,29,13,231,349,180,209
"ENSG00000101493",839,1001,160,130,119,608,394,602,623,670,688,529,562
"ENSG00000101542",2547,1729,0,1,3,46,47,38,58,402,372,262,234
"ENSG00000101544",406,345.00001,639,506,474,604,588,609,502,546,569,485,553
"ENSG00000101546",333,457.99999,379,388,351,501,448,517,571,423,489,426,441
"ENSG00000101557",1075.00001,1188.99999,2920,3530,3145,3958,2437,3176,3121,2307,1713,2318,2757
"ENSG00000101558",1613,1873,2759,2767,2540,4152,3959,3362,3177,3962,3641,4252,4016
"ENSG00000101574",150,219.99999,280,294,240,380,368,252,347,373,349,341,353
"ENSG00000101577",659,585,408,444,341,1101,501,909,938,1421,1614,1381,1366
"ENSG00000101596",1921,2505.00001,680,726,630,992,611,901,761,1027,844,951,1301
"ENSG00000101605",17,22,7,8,7,29,5,18,13,27,34,46,42
"ENSG00000101608",1136,1234.00001,7115,6395,5647,5274,6071,4422,4200,2242,2132,2126,2048
"ENSG00000101624",424.99999,507.99999,456,399,316,494,399,424,400,413,404,404,433
"ENSG00000101639",1856,1838.00001,731,816,761,1258,558,1182,1125,1549,1439,1206,1352
"ENSG00000101654",736.00001,973,1041,933,851,1592,986,1307,1271,1007,959,851,950
"ENSG00000101665",235,263,72,35,59,44,26,38,33,66,86,54,76
"ENSG00000101670",70.00001,48,392,358,319,487,290,387,507,369,424,421,398
"ENSG00000101680",543,307.00001,2133,1909,1747,4895,1952,4107,5201,2484,2663,1977,1938
"ENSG00000101745",2656,2314.00001,1226,1181,1106,1429,646,1213,1307,900,846,678,745
"ENSG00000101746",383,804,28,16,21,134,76,125,70,239,289,195,235
"ENSG00000101751",604.99999,837.99999,1004,1000,785,2011,1252,1705,1939,1234,1188,1141,1256
"ENSG00000101752",1362,1616,724,644,522,1057,527,797,746,1528,1324,1289,1436
"ENSG00000101773",829.99999,784.00001,994,842,817,1195,930,1021,1090,985,815,776,1058
"ENSG00000101782",720.00001,841,820,838,750,2141,1402,1750,1892,1557,1703,1654,1598
"ENSG00000101811",402,299,1483,1362,1138,1222,995,1256,1269,1074,985,897,975
"ENSG00000101825",73,48,171,165,169,301,173,310,301,1146,1108,1044,942
"ENSG00000101843",1045,1401.99999,4391,3839,3435,6403,6125,4998,5464,5812,5223,5646,5920
"ENSG00000101844",183.99999,178,238,205,201,471,423,374,341,404,433,345,382
"ENSG00000101846",224,233.99999,61,47,45,59,23,17,37,68,87,59,99
"ENSG00000101849",3130.00001,3547.99999,799,636,590,1848,1357,1970,1606,1272,1442,1055,1237
"ENSG00000101850",178,180,316,277,221,658,682,483,565,395,298,298,330
"ENSG00000101856",2237,2453,4263,4161,3489,3894,3642,3070,3119,3557,2913,3649,3682
"ENSG00000101868",2882.00001,3890,2103,2328,1966,2925,1226,2592,2641,3026,2766,2320,2764
"ENSG00000101871",1026.99998,1476.99999,1673,1656,1475,1041,556,902,1057,3630,3669,3016,2938
"ENSG00000101882",536,581,491,417,390,504,464,468,543,479,571,448,502
"ENSG00000101883",41,68,39,30,15,35,38,23,30,54,58,53,32
"ENSG00000101888",238,269,739,734,604,1161,1247,878,1055,758,632,858,853
"ENSG00000101901",1053.00001,1747.00001,548,682,598,700,499,594,574,712,652,672,743
"ENSG00000101911",218,179,717,744,571,656,704,544,619,628,481,506,590
"ENSG00000101928",451.99999,257,1160,1111,826,901,884,793,788,901,746,968,890
"ENSG00000101935",731,728.99999,1539,1528,1322,1775,944,1413,1621,919,774,767,891
"ENSG00000101938",408,303,439,507,470,894,500,541,722,1002,694,920,1015
"ENSG00000101940",472,442,692,494,492,729,972,705,777,2226,2482,1845,1895
"ENSG00000101945",195,187,831,690,651,964,678,948,1061,1051,1036,883,1121
"ENSG00000101955",53,23,229,221,218,278,197,233,282,300,309,322,325
"ENSG00000101966",1567,705.99999,602,635,519,739,367,615,620,667,602,543,645
"ENSG00000101972",5405.99999,2936.00001,5268,5977,4529,9052,4014,7046,7273,6125,5723,5305,5906
"ENSG00000101974",872,636,1532,1667,1581,1935,916,1450,1646,1141,824,932,1263
"ENSG00000101977",27,27,21,35,22,0,0,5,2,28,84,59,59
"ENSG00000101986",153,98,33,47,50,41,24,31,33,128,152,122,220
"ENSG00000101997",111,126,446,392,390,634,473,522,626,848,928,675,764
"ENSG00000102003",281,246.99999,97,75,75,71,55,67,66,337,415,274,318
"ENSG00000102007",96,67,146,96,130,59,92,70,62,47,54,58,50
"ENSG00000102024",727,1352,11127,11915,10042,8461,4879,6829,7460,6173,5889,5604,5372
"ENSG00000102030",844.00001,735,1943,1529,1547,1511,2011,1501,1399,1487,1330,1372,1521
"ENSG00000102032",123,63,33,19,40,35,18,16,18,27,31,19,19
"ENSG00000102034",78,21,61,45,51,153,73,128,105,148,221,165,243
"ENSG00000102038",2520,1505,4267,4520,3753,7957,3951,6413,6962,5515,4940,4551,4747
"ENSG00000102043",106,178,86,71,70,49,58,51,46,209,192,168,127
"ENSG00000102053",387.99999,577,93,75,71,202,106,216,186,366,346,303,314
"ENSG00000102054",2410.00001,2539.00001,10497,8884,8267,13898,12970,12224,12940,11759,10319,10468,10896
"ENSG00000102078",250,244.00001,552,431,404,523,552,478,413,1131,1047,1038,1053
"ENSG00000102081",999.00002,1161,221,229,181,357,234,294,264,362,310,288,416
"ENSG00000102096",132,237,13360,11393,9660,2722,2057,2772,2788,913,932,752,952
"ENSG00000102098",230,240,667,737,444,1168,719,941,946,823,694,648,730
"ENSG00000102100",155,140,858,874,762,975,712,784,987,908,938,639,774
"ENSG00000102103",574,751,2726,2332,2053,2055,2995,1894,1918,3213,3454,3019,2701
"ENSG00000102109",966,1077,6,5,11,3,5,5,5,47,50,27,108
"ENSG00000102119",552.99999,566.99999,647,740,609,1139,1089,1121,1144,781,659,674,843
"ENSG00000102125",228.99999,219.00001,324,380,369,629,577,629,606,439,365,390,635
"ENSG00000102144",3545,3853,47644,42058,36719,64795,82148,52399,56733,18735,19576,18296,15998
"ENSG00000102158",682.99999,655.00001,1861,1795,1585,2769,2193,1854,2302,1751,1500,1960,1867
"ENSG00000102172",948.00001,896,22913,21618,18197,17364,15471,15723,15342,15096,12068,11811,15807
"ENSG00000102178",244,253,991,1035,735,735,906,816,818,767,750,743,833
"ENSG00000102181",1300,1066,647,530,534,1183,673,1036,1292,4445,4937,3760,4079
"ENSG00000102189",1026,1077,546,599,517,589,273,488,454,923,768,640,890
"ENSG00000102218",193,269,386,401,334,638,394,438,488,985,897,958,949
"ENSG00000102221",204,280,1115,995,872,1989,1124,1479,1725,1812,1447,1487,1502
"ENSG00000102225",1895.99999,1756.00001,1490,1291,1237,1897,2133,2259,1745,1796,1940,1477,2784
"ENSG00000102226",2192.99999,2619,9206,7956,6930,15870,9247,15105,16175,29835,34094,23167,25112
"ENSG00000102230",242,386,1227,1365,1183,2108,1306,1946,1923,236,338,170,162
"ENSG00000102241",1353.00001,1646,955,907,915,1629,1021,1729,1521,2399,2331,1750,2470
"ENSG00000102265",1256.99999,1117.99999,2498,2028,1805,1490,1258,1317,1375,1494,1580,1335,1270
"ENSG00000102271",30,25,1448,1537,1180,147,103,174,140,168,179,218,134
"ENSG00000102287",73,49,206,134,161,65,56,66,74,37,77,41,47
"ENSG00000102290",1718,5024.99999,1857,1612,1460,1924,798,1615,1724,448,571,460,417
"ENSG00000102302",268,240,236,200,179,204,187,275,265,314,282,227,241
"ENSG00000102309",717.00001,990.00001,1369,1144,1199,1178,1213,1200,1201,1017,1043,904,914
"ENSG00000102312",78.99999,96,437,382,358,281,215,264,293,302,349,272,264
"ENSG00000102316",2704.00002,3283.00001,8751,7139,6482,14199,15006,12501,13581,23555,24814,21118,21272
"ENSG00000102317",1206,1367,1992,1651,1453,1750,2750,1609,1518,2147,1835,2481,2169
"ENSG00000102349",33,64.99999,137,133,139,421,235,386,263,139,137,96,91
"ENSG00000102362",38.00001,41,3,4,5,34,2,26,18,45,64,61,42
"ENSG00000102383",235,284,111,123,84,256,201,213,207,408,406,436,389
"ENSG00000102384",655,874,405,387,271,709,407,489,677,405,299,301,350
"ENSG00000102385",78,60,16,6,9,89,55,101,84,122,128,105,105
"ENSG00000102390",539,631,1115,933,853,1200,1026,1110,990,864,830,737,749
"ENSG00000102393",365.00001,307.99999,1164,1043,936,885,970,698,899,955,974,896,892
"ENSG00000102401",666,740,745,656,598,1561,1084,1240,1277,2980,3307,2892,2718
"ENSG00000102409",1146,1418,2074,1908,1672,3302,2973,2596,2766,3616,3600,3257,3554
"ENSG00000102445",19.99998,51,34,28,53,41,13,46,29,171,131,127,166
"ENSG00000102452",248,118.99998,20,32,13,12,4,11,2,40,45,54,28
"ENSG00000102466",101,68,19,8,6,57,41,62,58,110,115,120,82
"ENSG00000102471",372.99999,460,666,705,518,601,618,383,451,404,407,504,405
"ENSG00000102531",1747.00001,2263.00001,904,899,779,1183,616,1024,1112,3213,2716,2855,2690
"ENSG00000102543",163,241.00001,55,59,56,64,54,61,78,202,287,216,187
"ENSG00000102547",191,342,260,240,219,498,335,336,421,541,555,509,531
"ENSG00000102572",586,541,738,524,461,808,837,721,664,1010,1193,1016,1084
"ENSG00000102575",105,47,227,201,146,120,98,81,114,42,94,47,50
"ENSG00000102580",374,425,731,799,622,760,344,647,663,574,591,521,594
"ENSG00000102595",1323.99999,1757,531,554,474,654,499,539,624,737,677,689,719
"ENSG00000102606",1333.00001,1576.99999,1256,1243,1093,1571,952,1511,1509,1045,1332,1040,1265
"ENSG00000102678",369,634,2,4,3,126,80,128,94,222,234,199,202
"ENSG00000102699",548,586,2032,2214,1811,2191,1200,1972,2320,2256,2343,1962,2156
"ENSG00000102710",998.99999,1120.99999,1952,1904,1664,2086,1370,1606,1871,2495,2447,2266,2415
"ENSG00000102738",621,704,678,623,600,738,658,697,748,751,687,586,753
"ENSG00000102743",303,373,527,413,443,651,558,571,591,540,454,532,658
"ENSG00000102753",1145,1707,2467,2575,1917,3304,2066,2623,2876,3123,2748,2845,3180
"ENSG00000102755",31,24,1501,1382,1349,31,32,45,39,2,4,1,6
"ENSG00000102763",396,523,417,456,360,311,163,237,270,480,360,317,427
"ENSG00000102780",735,838,208,110,142,167,96,116,129,178,158,145,170
"ENSG00000102781",667.00001,883,172,162,146,399,201,331,332,816,844,685,784
"ENSG00000102786",1071.00001,974.00001,620,602,449,604,291,556,563,422,415,359,449
"ENSG00000102796",123,202,199,172,169,306,347,280,306,220,162,190,182
"ENSG00000102804",3264,2307.99999,2525,2204,1713,7983,9208,6480,7001,9974,9535,10777,9861
"ENSG00000102805",273,394.00001,280,268,253,398,367,288,345,551,553,606,524
"ENSG00000102858",1069.00001,720,425,349,342,312,196,378,348,447,637,394,533
"ENSG00000102870",421,343,719,684,649,1095,570,1129,1195,1493,1839,1284,1361
"ENSG00000102878",33,13,0,3,0,27,30,32,33,13,10,6,3
"ENSG00000102879",100,89,137,109,69,287,326,313,304,507,492,444,398
"ENSG00000102882",511,460,265,219,218,506,355,486,470,642,647,463,580
"ENSG00000102890",76.99999,75.00001,99,81,86,101,116,75,79,4,4,12,21
"ENSG00000102893",1457.99999,1086,1562,1702,1318,2938,1630,2332,2660,3183,2973,2974,2800
"ENSG00000102897",472.99999,526,598,545,488,839,1144,703,709,1302,1139,1453,1476
"ENSG00000102898",1854.00001,1949.00001,7675,6146,5985,6824,8996,6429,6405,7580,6955,7202,7655
"ENSG00000102900",1276,1470.00001,7453,6615,5693,7549,5388,7142,7694,6107,5711,5115,5433
"ENSG00000102901",386,397,1473,1042,997,1431,1244,1463,1505,1644,1971,1534,1588
"ENSG00000102904",111.00001,215.99999,9,14,19,34,19,29,43,159,160,133,88
"ENSG00000102908",1758.00001,1771.99999,571,582,576,888,342,695,619,874,644,754,752
"ENSG00000102910",1029,1035.99999,1489,1514,1198,1790,975,1642,1834,2604,2726,2145,2182
"ENSG00000102921",516,513,297,218,213,255,228,266,230,227,209,135,219
"ENSG00000102924",34,42,4,2,9,24,38,41,20,9,20,20,20
"ENSG00000102931",729,818,607,618,544,1253,1282,1124,968,2740,2306,2942,3048
"ENSG00000102934",54,34,107,66,95,172,187,135,164,35,49,52,19
"ENSG00000102935",1545,2907,582,537,605,1149,773,1380,934,1319,1122,1102,2386
"ENSG00000102967",172,136,686,508,515,611,536,663,762,401,405,360,374
"ENSG00000102974",1344.99999,1432.99999,799,695,608,906,837,857,889,799,750,703,859
"ENSG00000102977",358.00001,334.00001,1345,998,879,891,761,860,1090,1186,1219,875,1146
"ENSG00000102978",883,926,1663,1524,1351,1719,1724,1520,1537,1537,1677,1548,1416
"ENSG00000102981",183,114,122,80,75,68,92,38,35,58,83,65,75
"ENSG00000102984",335.00001,499,84,81,140,246,289,245,198,300,223,333,499
"ENSG00000102996",119,91,210,157,160,119,118,154,143,51,74,52,94
"ENSG00000103005",371,269.00001,3031,2701,2234,2642,1820,2881,3092,2005,2306,1682,1852
"ENSG00000103018",887,1023.99999,3078,2692,2477,3619,3660,3166,3214,4564,4111,4046,4231
"ENSG00000103021",169,204,546,532,413,681,382,653,583,792,835,632,687
"ENSG00000103024",267.00001,284,1033,724,773,350,485,335,369,120,135,133,116
"ENSG00000103034",931,625,956,812,730,1408,957,1346,1385,3850,4921,3347,3335
"ENSG00000103035",1648,1788,5194,4548,4020,3937,3905,3763,3708,3799,3816,3100,3637
"ENSG00000103037",239,315,657,636,593,653,564,698,658,416,455,385,498
"ENSG00000103042",184,200.00001,1276,1085,908,1065,606,942,1030,760,938,698,776
"ENSG00000103043",431,328,925,1032,1189,1479,1115,1559,1360,1093,915,1078,1795
"ENSG00000103044",39,74,1488,1354,1123,912,501,872,816,122,144,93,104
"ENSG00000103047",92,125.99999,823,739,621,678,492,699,718,864,907,750,872
"ENSG00000103051",488.99999,522.99999,2495,2114,2078,3216,2422,2979,3088,3953,3890,3366,3132
"ENSG00000103056",81,106,22,27,10,7,0,6,18,146,234,178,226
"ENSG00000103061",319,153,959,750,691,969,811,939,990,1148,1172,978,1142
"ENSG00000103064",830.00001,1012.00001,496,533,377,281,171,274,222,425,429,388,421
"ENSG00000103066",153,127,530,481,471,399,374,467,466,623,755,544,540
"ENSG00000103067",14,33,885,873,937,160,74,173,119,6,3,3,6
"ENSG00000103091",543,748.99999,1341,1091,1090,1362,970,1238,1345,1259,1163,1102,1137
"ENSG00000103111",354,328,2052,1862,1412,1586,856,1745,1796,2304,2279,1725,1987
"ENSG00000103121",972.99999,1201.99999,816,805,661,936,1245,962,826,1401,1449,1369,1442
"ENSG00000103126",416,461,198,124,136,107,142,130,143,106,110,81,112
"ENSG00000103145",635,407,577,401,417,308,336,340,333,323,318,229,290
"ENSG00000103148",651,572.00001,837,685,730,564,447,689,666,803,895,669,759
"ENSG00000103150",237,170,96,50,82,48,30,33,22,22,43,32,20
"ENSG00000103152",374,398,1074,943,926,747,1369,790,751,836,865,972,907
"ENSG00000103154",594,557.00001,33,28,22,92,125,108,112,48,86,64,58
"ENSG00000103160",632,584.99999,1164,1378,1055,2416,1528,1900,1902,2346,2173,2341,2399
"ENSG00000103168",266.99999,218.99998,1042,764,815,918,543,959,1059,694,924,669,732
"ENSG00000103174",68,50,46,38,56,29,76,35,35,38,40,28,105
"ENSG00000103187",2201.00001,1526,684,450,424,694,919,726,658,835,750,741,906
"ENSG00000103194",1452.00001,1666,6558,6426,5635,7113,4090,7195,7240,6801,6468,5242,6253
"ENSG00000103196",37,41,225,211,178,87,49,43,75,49,29,29,45
"ENSG00000103197",766.99999,863.99999,2406,2126,1850,2780,1359,2944,3265,4869,5081,3688,4231
"ENSG00000103199",237,225,346,306,282,382,338,357,465,479,548,436,498
"ENSG00000103202",1733,1752,1729,1512,2352,3586,7481,4791,2876,1223,976,1288,2843
"ENSG00000103222",701,723.99999,734,512,551,593,425,569,534,278,350,265,258
"ENSG00000103226",94,182,1013,1462,1397,2016,1146,1945,1945,975,915,980,1526
"ENSG00000103227",333.99998,248,184,155,129,266,215,268,251,652,656,528,500
"ENSG00000103245",339.99999,288.99998,697,503,465,773,877,762,907,1130,1390,1069,1111
"ENSG00000103248",191.00001,240.99999,247,235,173,459,264,400,410,407,403,348,346
"ENSG00000103249",417,260.00001,693,754,928,836,569,989,878,649,686,804,1138
"ENSG00000103253",96,88,548,454,399,83,192,72,141,136,192,120,123
"ENSG00000103254",222.99999,231.99999,75,85,47,41,105,59,45,100,95,92,97
"ENSG00000103257",285,149,1814,1226,1218,370,354,435,433,774,811,524,822
"ENSG00000103260",3820,3708,37,31,46,103,117,105,83,964,974,811,1018
"ENSG00000103264",177.99999,162,144,87,108,115,128,137,119,139,169,151,152
"ENSG00000103266",777.99998,809.00001,289,243,339,324,677,403,338,221,232,261,405
"ENSG00000103269",25,22.99999,35,36,31,19,44,30,21,7,19,12,12
"ENSG00000103274",330,298,704,534,476,649,707,574,665,689,747,620,699
"ENSG00000103275",2783.99999,2205.99998,4929,3985,3964,5623,5406,5229,5559,5293,4850,4198,4850
"ENSG00000103316",186,178,427,365,344,411,405,281,289,72,180,124,75
"ENSG00000103319",210,219,886,886,760,652,305,645,672,347,458,391,420
"ENSG00000103326",285,256,305,208,251,138,113,182,158,112,88,92,136
"ENSG00000103335",168.99998,72,508,428,346,194,181,229,240,37,56,39,60
"ENSG00000103342",1498,1534,1528,1333,1278,1137,1112,1114,945,841,795,782,897
"ENSG00000103343",116,127.00001,228,252,227,327,240,297,259,229,283,294,312
"ENSG00000103351",581.99999,606,320,237,243,465,433,462,412,802,765,741,666
"ENSG00000103353",578,636,1119,676,742,870,818,932,685,669,570,508,851
"ENSG00000103356",226,220.99999,2662,2495,2219,1970,1096,1939,2188,1209,1323,927,1149
"ENSG00000103363",6384,5565.99999,4862,3549,3724,4420,7583,4653,4326,4718,5040,4437,4562
"ENSG00000103365",1087.99999,746,2766,2859,3074,7012,5393,7457,6878,3900,3347,3794,4776
"ENSG00000103381",134,125,327,284,265,301,331,260,275,423,470,303,347
"ENSG00000103404",225,228,499,457,381,495,302,490,410,308,274,239,290
"ENSG00000103415",435,371.00001,1107,882,826,740,780,713,785,917,1038,797,902
"ENSG00000103423",458,484,2339,2056,1810,2039,1811,2004,2034,2011,2010,1907,1881
"ENSG00000103429",537.99999,749,2013,1699,1560,1712,1633,1522,1502,1439,1363,1276,1358
"ENSG00000103449",644,484,807,614,715,1957,1226,1822,1829,566,670,502,473
"ENSG00000103460",1082,1536,263,183,212,868,543,831,840,823,828,646,743
"ENSG00000103479",608.99999,743,717,684,563,1276,527,970,1041,1131,1103,1019,1035
"ENSG00000103485",1084.00001,1043.00001,4025,3084,2917,3594,3354,3491,3662,2307,2752,2051,1885
"ENSG00000103489",254,209,218,156,122,129,94,145,110,640,708,580,508
"ENSG00000103494",1142.99999,1130.99998,411,377,295,695,355,571,596,766,678,700,646
"ENSG00000103495",2396,2239.99998,602,478,453,471,583,543,501,629,754,544,683
"ENSG00000103496",233.00001,184,350,306,316,233,208,255,253,233,279,177,203
"ENSG00000103502",486.99999,562,505,529,769,736,752,821,541,537,433,535,944
"ENSG00000103507",449,386.99999,4016,3175,2720,3889,2959,3779,4099,2459,2541,2052,2192
"ENSG00000103510",445,552.00001,732,764,693,1160,993,1132,1037,1253,1112,1119,1376
"ENSG00000103512",202,268,2770,3034,3541,3909,2262,3515,3663,1762,1522,1776,2449
"ENSG00000103528",502,544.00001,90,109,74,81,76,93,66,675,711,629,574
"ENSG00000103534",40,61,117,96,84,19,33,10,47,30,24,40,45
"ENSG00000103540",710,809,456,391,332,854,436,731,638,1525,1503,1327,1578
"ENSG00000103544",816.00001,878,2319,1834,1713,2861,1854,2562,2724,2610,2672,2128,2667
"ENSG00000103549",746.99999,684.99999,1574,1393,1271,1909,951,1970,2079,3808,4261,2614,3725
"ENSG00000103550",1457,1225,2230,1888,1744,2328,1906,2140,2360,1740,1616,1310,1676
"ENSG00000103591",1094,1021,1656,1735,1486,2940,2470,2376,2463,3257,2874,2684,2999
"ENSG00000103599",207,358.99999,88,66,70,117,84,120,121,319,348,287,264
"ENSG00000103642",167,190,111,113,103,43,35,52,35,125,108,120,186
"ENSG00000103647",933,921,28,39,32,38,25,30,29,196,195,154,163
"ENSG00000103653",471,345,191,170,140,211,190,232,237,196,191,191,221
"ENSG00000103657",1157,1259,1366,957,957,1500,673,1128,1060,2170,2592,1550,1573
"ENSG00000103671",234.00001,388,484,433,377,724,618,737,636,872,825,668,719
"ENSG00000103707",403,326,601,474,564,493,534,433,432,325,382,283,318
"ENSG00000103723",304,444.99999,321,353,317,177,102,179,196,411,544,407,459
"ENSG00000103742",436,388,207,163,88,231,188,229,222,359,321,300,343
"ENSG00000103769",1737,2058.99999,4464,4465,3756,5188,4348,4091,4178,5601,4699,5093,5286
"ENSG00000103811",508,231.00001,648,554,443,544,615,412,481,401,385,415,335
"ENSG00000103852",347.99997,415,498,520,412,629,418,598,528,864,775,699,698
"ENSG00000103855",1114.99999,1056.00002,4176,3576,3234,4390,3380,4453,4729,5135,4871,4463,5839
"ENSG00000103876",230,123,561,473,484,395,344,410,300,468,530,462,483
"ENSG00000103888",440.00001,220,33,36,46,41,20,26,45,24,27,19,28
"ENSG00000103932",319,256,4321,3499,2976,2725,1621,2710,2815,2872,2864,2229,2686
"ENSG00000103942",2036,1735,162,119,101,154,92,114,85,243,343,254,218
"ENSG00000103966",97,64,1013,1089,1050,863,694,967,896,386,329,343,507
"ENSG00000103978",1145,1270,1349,1132,980,1315,947,1003,1184,1226,1111,1100,1033
"ENSG00000103994",797,818.99999,2952,2885,2479,2903,1510,2479,2522,3310,3607,2638,3098
"ENSG00000103995",482,534.99999,446,432,357,842,485,766,718,483,503,434,503
"ENSG00000104044",99,165,12,4,9,58,44,62,38,316,309,312,226
"ENSG00000104047",372,591,528,540,479,736,642,603,646,698,630,725,748
"ENSG00000104059",30,79,87,74,64,37,21,39,35,90,76,53,77
"ENSG00000104064",326.99999,381,1156,1097,935,1503,1237,1187,1245,1302,1124,1221,1219
"ENSG00000104067",2592,2915.99999,2516,2707,2621,3304,1681,3063,2545,2399,2099,2149,2811
"ENSG00000104081",185,135,122,139,133,254,121,197,161,301,266,223,340
"ENSG00000104093",964.00001,1750,489,565,401,1104,439,926,1003,1766,1730,1486,1330
"ENSG00000104112",528,970,1451,1374,1186,169,119,134,107,523,692,560,468
"ENSG00000104129",259,281,654,475,438,449,504,479,486,468,600,472,474
"ENSG00000104131",1153.99999,1053.99999,726,631,513,633,504,542,521,640,572,546,639
"ENSG00000104133",2154.99997,2326,1221,1125,983,1670,752,1521,1525,2011,1963,1654,1732
"ENSG00000104142",197,187,1499,1378,1195,1789,1243,1811,1855,1037,1196,1026,955
"ENSG00000104147",341,383,1229,838,878,1229,1897,1163,1135,930,936,984,1000
"ENSG00000104154",59,65,2,0,1,13,10,17,13,171,180,137,189
"ENSG00000104164",881,958,2074,1758,1543,2515,1802,1951,1885,2401,2395,2510,2152
"ENSG00000104177",1717,2276,605,605,717,1013,902,1122,771,1038,774,945,1730
"ENSG00000104205",136,181,143,52,127,39,10,27,24,22,41,31,37
"ENSG00000104213",13,18,108,64,59,236,258,171,206,63,31,32,56
"ENSG00000104218",5978,2080.99999,373,297,291,432,309,386,444,522,485,457,448
"ENSG00000104219",461,616,135,143,98,169,108,106,85,176,129,137,142
"ENSG00000104221",97,142,347,330,260,417,491,376,408,637,650,566,577
"ENSG00000104228",194,204.99999,511,448,395,441,262,384,463,319,335,265,296
"ENSG00000104231",386.99999,575.00002,594,627,539,753,633,577,648,710,575,750,736
"ENSG00000104267",731,496,80,104,85,470,451,398,384,598,661,602,504
"ENSG00000104290",1760,2754,1794,1948,1609,7512,4285,5867,6055,8312,7479,6769,8012
"ENSG00000104299",505,402.99999,864,714,677,1074,775,1022,974,1148,1167,1035,1122
"ENSG00000104312",131,298,394,358,304,518,349,408,461,430,391,412,462
"ENSG00000104313",143,321.00001,19,30,11,364,177,278,379,79,102,78,69
"ENSG00000104320",833.99999,1599,1014,1018,897,1345,761,1103,1193,1591,1234,1322,1462
"ENSG00000104324",73,82,59,66,64,76,84,100,57,78,70,47,61
"ENSG00000104325",842.00001,1026,685,655,579,591,454,523,514,1820,1663,1701,1713
"ENSG00000104327",836,520,1082,939,819,28,45,48,31,221,293,279,184
"ENSG00000104331",456,459,466,392,327,429,297,328,331,453,389,357,385
"ENSG00000104332",1478,1388,4494,3834,3527,7780,6683,6948,7331,3023,2421,2434,2467
"ENSG00000104341",2576.99999,2736,2585,2413,2744,3217,4138,3210,2211,1567,1264,1542,3297
"ENSG00000104343",1363.99999,2062.99999,575,613,535,809,607,590,615,768,619,964,787
"ENSG00000104356",359,342,397,380,328,448,215,344,386,391,421,280,365
"ENSG00000104361",74,70.99999,25,26,19,4,2,0,2,9,10,1,18
"ENSG00000104365",449,437,378,339,388,324,189,297,271,240,350,238,236
"ENSG00000104368",121.00001,87,610,449,449,370,293,285,321,777,827,615,702
"ENSG00000104369",19,22,190,203,222,116,103,141,93,40,26,16,46
"ENSG00000104375",434,852.99999,468,424,352,690,408,491,550,625,524,541,528
"ENSG00000104381",518,839,960,854,706,784,521,709,705,2285,2416,2148,2115
"ENSG00000104388",1504,1763,1621,1790,1532,2222,1581,1645,1834,3376,2843,3306,3332
"ENSG00000104408",3920.99996,5281,7559,7236,6048,7570,6623,6925,6667,5646,5316,5734,5791
"ENSG00000104412",502,640,899,856,683,1091,766,919,977,701,653,656,620
"ENSG00000104419",184,124.99999,18,27,14,419,357,349,416,141,214,122,131
"ENSG00000104427",869,1152,340,298,313,535,358,376,457,797,761,691,743
"ENSG00000104435",3133,5599,50,40,52,253,286,195,186,3646,4805,3592,3292
"ENSG00000104442",717.99999,926,1169,1266,1077,1789,1658,1460,1571,1538,1353,1605,1516
"ENSG00000104447",405,1043.99999,116,133,94,51,17,40,37,852,823,703,678
"ENSG00000104450",122,298,17,13,8,14,4,12,10,33,44,19,25
"ENSG00000104472",631,650,690,632,601,657,497,547,577,726,616,690,938
"ENSG00000104490",1333.00001,1399,291,319,257,979,689,772,675,3498,3703,3225,2783
"ENSG00000104497",151,264.99999,70,85,93,159,92,97,119,144,119,128,114
"ENSG00000104517",1899,2260.99999,2643,2433,1991,2020,1239,1791,1492,1449,1403,1232,1176
"ENSG00000104518",45,13,524,408,386,181,227,170,211,25,25,37,19
"ENSG00000104522",421,422.00001,1809,1421,1401,953,1306,908,911,811,790,804,791
"ENSG00000104524",142,121.99999,701,512,515,794,831,804,819,801,781,644,699
"ENSG00000104529",3638.00001,3769,5913,4425,4410,5468,7420,5259,5463,7794,7800,6400,6561
"ENSG00000104549",1083,1425,5331,4981,4246,6035,4057,4690,5510,7300,6714,5885,6223
"ENSG00000104611",20,15,98,88,92,103,76,97,101,21,3,4,11
"ENSG00000104613",593,661,1259,1177,1015,1238,1064,1015,990,1519,1532,1519,1287
"ENSG00000104626",382,460,601,616,516,787,579,598,671,731,572,647,726
"ENSG00000104635",252,225,6146,7043,5784,2294,1179,1865,2083,1352,1323,1135,1446
"ENSG00000104643",428.00001,506,734,665,590,621,379,612,531,368,358,291,399
"ENSG00000104660",848,977,1802,1774,1492,2745,2049,1857,2033,2343,1984,2161,2162
"ENSG00000104671",512.99999,727,595,756,559,806,656,675,665,1062,838,915,927
"ENSG00000104679",610,643.99999,695,610,544,895,1146,941,916,1880,1968,1736,1617
"ENSG00000104687",812,671,563,428,428,412,431,407,384,595,389,623,960
"ENSG00000104691",199,152.99999,190,155,154,163,193,118,155,181,217,200,179
"ENSG00000104695",1238,1240,526,436,354,531,547,453,448,520,424,373,490
"ENSG00000104714",667.99999,579,543,435,382,379,305,374,498,362,363,273,311
"ENSG00000104722",881,1153,893,768,750,596,414,460,480,3539,5765,2928,2943
"ENSG00000104723",2423,2811.00001,1156,1478,1305,2113,1718,1572,1572,1925,1741,2047,2218
"ENSG00000104728",836.00001,757.00001,913,709,675,534,385,507,567,192,334,266,239
"ENSG00000104731",391.99998,494.99999,707,484,451,545,492,583,557,507,553,431,485
"ENSG00000104738",1616,1572.00001,13451,12697,10240,13908,8598,13121,14238,12796,11215,9582,12636
"ENSG00000104756",328,322.99999,248,229,194,257,202,218,234,255,244,270,308
"ENSG00000104763",886.99999,927.00001,2060,1967,1617,1711,1650,1293,1440,2151,2373,2505,2319
"ENSG00000104765",1905.00001,2225,2956,2757,2371,7482,5681,5935,6230,7372,7558,7070,6876
"ENSG00000104774",328.00001,315.99999,1126,852,864,1296,875,1273,1329,761,797,678,789
"ENSG00000104804",47,16,11,19,9,14,8,12,24,5,0,1,4
"ENSG00000104805",944.00002,790,2258,1958,1793,2273,1620,2067,2279,2190,2567,1791,1973
"ENSG00000104808",22,17,44,37,34,80,125,84,57,55,40,58,62
"ENSG00000104812",498,335,2723,2530,2145,4157,2392,4018,4639,2736,2743,1844,2191
"ENSG00000104814",46,58,341,280,215,342,587,366,376,120,91,93,85
"ENSG00000104823",795,609,4307,3223,3220,4559,4188,4473,4522,3043,3077,2372,2643
"ENSG00000104824",2369,2356.00001,1170,1077,1335,1408,1505,1617,1144,1233,1001,994,2314
"ENSG00000104825",184,159,464,391,309,212,208,266,299,256,324,206,269
"ENSG00000104833",362,440,796,695,688,808,621,878,924,1767,2331,1606,1741
"ENSG00000104835",213,221,1753,1336,1241,1115,960,1205,1173,1063,1119,938,962
"ENSG00000104852",2084,2004,3701,4159,3999,4590,3372,4975,4612,4017,3897,3579,4659
"ENSG00000104853",650,608.99999,1617,1479,1403,1484,1018,1308,1517,1256,1187,971,1148
"ENSG00000104859",490,602.99999,134,134,155,186,101,203,175,167,188,156,219
"ENSG00000104863",130,111.99999,39,17,31,77,126,78,74,111,153,118,102
"ENSG00000104866",261,283,48,43,32,35,54,48,26,26,48,38,41
"ENSG00000104870",170,156,812,576,660,665,481,692,628,477,527,411,448
"ENSG00000104872",747.00001,747,2494,1835,1885,2416,2880,2396,2322,1252,1422,1101,1115
"ENSG00000104880",537,311,300,225,201,235,255,265,271,232,269,170,268
"ENSG00000104881",144.00001,75,148,110,119,111,78,127,136,45,35,37,21
"ENSG00000104883",58,38,65,80,58,195,206,156,159,82,106,72,78
"ENSG00000104884",270,204.99999,1066,784,830,946,714,953,1045,642,670,574,642
"ENSG00000104885",842,673,721,467,391,594,436,791,727,450,640,418,474
"ENSG00000104886",1096.00001,841.00001,4037,3011,3026,2663,3548,2772,2995,2616,2615,2401,2407
"ENSG00000104888",57,42,4,8,10,10,10,4,16,22,16,28,20
"ENSG00000104889",881,811,3681,2844,2777,3828,4184,3835,3500,3176,2966,2824,3061
"ENSG00000104897",1076.99999,1011,237,226,256,221,178,281,264,205,330,222,327
"ENSG00000104901",45,58,30,26,26,129,155,111,151,116,132,113,88
"ENSG00000104904",4333.99999,4080,10849,8059,7901,6886,9676,6586,6854,6485,6373,5799,5806
"ENSG00000104907",311,353,2293,1766,1648,1017,922,1051,1158,1462,1388,1022,1297
"ENSG00000104915",327.99999,350,700,636,613,479,499,462,463,753,740,586,744
"ENSG00000104936",447,427,141,94,101,170,191,211,202,160,257,182,199
"ENSG00000104946",219.99999,210,369,310,325,472,378,478,515,270,333,236,282
"ENSG00000104951",22,35,10,10,7,15,25,15,33,8,14,9,16
"ENSG00000104953",123,154,52,48,36,108,120,96,96,66,149,124,92
"ENSG00000104957",515,558.99999,474,351,337,616,559,540,619,947,1127,706,799
"ENSG00000104960",2682,2386,1144,794,877,1008,1229,1152,1162,1336,1379,1092,1337
"ENSG00000104964",2613.99999,3069.00001,383,289,329,473,572,412,459,312,356,320,267
"ENSG00000104967",582,607,260,222,210,617,338,643,653,1811,2004,1208,1747
"ENSG00000104969",1084.99999,973,2766,2403,2233,3252,2856,3443,3691,4544,4805,3450,4112
"ENSG00000104973",1092,963,481,446,473,604,351,629,685,673,790,559,838
"ENSG00000104976",146,105,324,297,234,294,277,301,316,329,306,285,307
"ENSG00000104979",1935.00001,1712.00001,1729,1292,1232,1320,2060,1369,1198,1656,1763,1580,1505
"ENSG00000104980",429,451.00001,1187,889,955,830,818,841,838,874,854,691,815
"ENSG00000104983",47,92.00001,24,15,19,14,33,7,24,24,6,17,14
"ENSG00000104998",44,32,539,449,514,203,170,169,257,162,162,141,148
"ENSG00000105011",633,637.00001,1753,1460,1278,2104,1873,2338,2345,2772,2595,1992,2507
"ENSG00000105048",161.99999,111.00001,1648,1326,1334,2755,3248,2631,2760,192,126,82,149
"ENSG00000105053",562.00001,492.99999,1131,1120,877,1380,994,1322,1313,1461,1575,1256,1188
"ENSG00000105058",1371.99999,1472,3413,2982,2798,4503,5445,4123,4286,5125,5425,4999,4619
"ENSG00000105063",533,355,420,224,246,231,209,199,262,230,238,187,183
"ENSG00000105072",175,164,132,101,70,239,133,216,252,362,353,254,263
"ENSG00000105085",86,132,53,29,38,54,36,40,40,38,28,34,26
"ENSG00000105088",283,417,885,775,699,753,535,792,817,359,423,348,472
"ENSG00000105127",550.00001,456.00001,977,983,792,1041,589,985,1148,927,1000,780,941
"ENSG00000105135",601.00001,561,2690,2050,1824,2247,2722,2076,2628,3661,3412,3172,3323
"ENSG00000105136",113.99999,124,301,235,225,480,338,474,390,436,413,363,360
"ENSG00000105137",163,113.00001,67,41,41,60,53,78,72,55,45,25,57
"ENSG00000105143",32,83,230,138,133,181,210,148,158,124,116,73,117
"ENSG00000105171",319,329,893,752,712,975,1079,1024,959,922,1036,894,880
"ENSG00000105173",134,117,232,138,150,130,120,98,108,32,33,30,39
"ENSG00000105176",1914,3488.99999,312,254,236,262,332,263,219,365,307,314,260
"ENSG00000105185",1781.00001,2017,2046,1789,1570,1429,1534,1321,1324,1940,1607,1552,1954
"ENSG00000105186",228,217,1877,1979,1646,1700,923,1566,1499,1582,1504,1289,1588
"ENSG00000105193",15200,16495.00001,12200,10042,10474,9506,16860,9247,8577,8466,8421,8618,8261
"ENSG00000105197",818,787.00001,3742,3126,2799,2471,3280,2293,2287,2438,2241,2243,2547
"ENSG00000105202",2194.99999,2193.00001,6487,5197,5317,4744,5414,4638,4699,2657,2624,2207,2654
"ENSG00000105204",341,367,87,94,81,266,173,377,324,398,445,368,444
"ENSG00000105220",2184.99999,1786,17368,14809,13180,23656,16759,21425,23175,13147,15163,9870,11590
"ENSG00000105221",851,1004,595,576,492,704,416,622,630,636,703,467,661
"ENSG00000105223",4414,5106.99998,6665,5493,4940,5339,3969,4571,5552,11325,13848,9788,10679
"ENSG00000105227",110,57,126,116,151,78,60,100,103,79,62,43,76
"ENSG00000105229",303,359,381,286,269,365,280,421,434,458,448,385,417
"ENSG00000105245",266,325,103,67,56,82,77,85,84,114,130,91,109
"ENSG00000105248",153,172,508,403,389,369,330,342,412,469,497,304,393
"ENSG00000105251",284,429,10,9,8,25,19,35,18,158,207,197,250
"ENSG00000105254",1237,1349.00001,2666,2177,2034,3026,3851,2900,3245,3896,3836,3192,3453
"ENSG00000105255",352,398,1549,1317,1254,1662,2010,1710,1667,1742,1551,1371,1831
"ENSG00000105258",1412,1255,2962,2428,2383,2369,2826,2362,2274,2159,2058,1637,2052
"ENSG00000105270",818,737,360,425,310,2474,1470,2569,2610,3588,4510,2798,3351
"ENSG00000105278",240,182,639,424,375,711,556,761,735,511,397,335,369
"ENSG00000105281",320,283.00001,3616,4119,5079,3129,2608,3664,3473,1285,906,1217,2382
"ENSG00000105287",270.00001,245.99999,627,623,458,551,387,604,603,290,301,219,328
"ENSG00000105289",93,58,390,369,315,949,594,939,996,144,121,123,188
"ENSG00000105290",1373,1447,273,207,196,682,799,780,565,963,960,1013,2850
"ENSG00000105298",157,112,134,125,169,186,228,274,185,115,117,108,282
"ENSG00000105321",202,198,266,200,212,278,280,386,291,271,247,245,287
"ENSG00000105323",3213.99999,3746.00001,2558,2484,2350,3506,2065,3611,3365,3659,3665,2766,3934
"ENSG00000105325",608,653,275,203,271,641,521,739,609,690,611,702,1372
"ENSG00000105327",124,112,77,48,59,33,30,32,43,27,20,20,36
"ENSG00000105329",269,129,20,20,21,36,17,21,32,17,15,7,4
"ENSG00000105339",228.99999,302.99999,54,82,79,39,28,33,49,73,84,87,74
"ENSG00000105341",395.99999,591,3146,2536,2315,3222,2895,3211,3172,2951,2921,2401,2510
"ENSG00000105355",618,515,3041,2385,2089,3459,3176,3511,3622,2646,2812,2291,2237
"ENSG00000105357",318.00001,116,122,125,104,87,34,81,78,14,36,24,42
"ENSG00000105364",494.99999,461,1725,1386,1323,824,926,837,926,1188,1258,977,1352
"ENSG00000105370",2633,1013,0,1,0,18,38,28,42,44,35,31,23
"ENSG00000105372",33039,35777.99999,27135,22442,23898,29720,41621,30281,27177,28662,28527,25911,24643
"ENSG00000105373",2478.00001,2251.99999,401,491,856,1253,1666,1435,899,646,579,846,1510
"ENSG00000105379",1365,1269,972,677,648,1406,1606,1290,1242,1411,1598,1344,1241
"ENSG00000105392",253,155,83,25,49,134,93,91,123,932,926,632,961
"ENSG00000105393",757,632,2375,1780,1794,2133,2761,2157,2035,1568,1639,1402,1401
"ENSG00000105397",367.99999,407,682,577,468,623,373,671,682,931,1126,794,794
"ENSG00000105401",1450.00001,1347,3537,2792,2824,3342,2865,3574,3636,3099,3061,2346,2697
"ENSG00000105402",858.00001,807.99999,1722,1394,1279,1751,1469,1579,1730,2075,2386,1521,1898
"ENSG00000105404",1042,971.00001,2620,1917,1723,2240,3036,2040,2438,2235,2343,2183,1956
"ENSG00000105409",516,623,230,263,220,100,40,109,110,519,828,508,646
"ENSG00000105419",688,783.00001,175,120,116,434,391,390,481,395,481,397,320
"ENSG00000105426",4626.00002,3661,1375,1187,1184,2982,2189,3370,2970,2976,3530,2396,4097
"ENSG00000105427",59,42,286,221,242,251,385,330,267,105,81,77,80
"ENSG00000105429",688,647.99999,1346,1070,895,844,455,818,946,1168,1303,792,1036
"ENSG00000105438",2369,1936,3080,2706,2560,3215,2483,2914,3097,2838,2965,2297,2651
"ENSG00000105443",947.99999,1178,1511,1059,1041,1438,1248,1456,1534,2816,3279,2543,2579
"ENSG00000105447",354,320,3226,2677,2489,2470,2355,2704,2815,2253,2197,1720,2157
"ENSG00000105464",186,172,97,89,87,6,1,5,5,19,13,9,8
"ENSG00000105472",408,310,71,48,58,74,101,94,76,128,172,165,150
"ENSG00000105483",864.99999,1125.00001,327,321,295,596,359,550,523,835,848,688,701
"ENSG00000105486",1426.99999,1387.99999,3111,2665,2383,3593,2255,3648,3934,5058,5007,3653,4601
"ENSG00000105497",98,156,186,148,156,202,162,176,174,234,223,183,193
"ENSG00000105509",14,54,13,18,13,14,11,10,15,59,67,75,107
"ENSG00000105514",178,185,617,582,532,704,435,709,737,793,814,550,789
"ENSG00000105516",274.99999,172,76,35,56,62,42,50,43,126,146,144,126
"ENSG00000105518",609.00001,577.00001,2287,1893,1748,1493,1586,1180,1197,1080,1217,914,986
"ENSG00000105519",50,55,22,19,12,18,20,26,22,29,45,41,38
"ENSG00000105520",232,176.99999,251,278,307,322,244,297,416,796,932,682,867
"ENSG00000105538",34,94,56,35,47,14,34,32,9,2,13,1,15
"ENSG00000105552",437.99999,372.99999,955,715,687,1250,1166,1415,1490,903,879,778,809
"ENSG00000105556",280,290,275,328,338,409,290,463,417,360,387,311,394
"ENSG00000105559",311,209.99999,202,148,185,250,166,241,246,159,235,140,178
"ENSG00000105568",2714,2620.00001,15727,13292,11900,14975,11374,14613,15261,21252,20852,16796,18491
"ENSG00000105576",1018.99999,1013,627,556,549,571,336,561,582,944,960,671,891
"ENSG00000105583",13,14,3048,2451,2286,2900,3092,2693,2723,4053,3875,3437,3675
"ENSG00000105605",466,402,37,21,25,72,59,74,47,58,51,32,38
"ENSG00000105607",159,210,1578,1236,1230,1153,1240,1103,1236,548,616,473,502
"ENSG00000105612",201,158,1293,1022,954,1084,965,829,1097,731,896,700,758
"ENSG00000105613",239,291,243,184,179,306,231,396,329,518,653,427,676
"ENSG00000105617",113,103,95,52,79,50,79,62,91,101,107,60,68
"ENSG00000105618",660.99999,652.00001,3158,2443,2332,2724,2289,2931,3199,3613,3524,2849,3269
"ENSG00000105619",168,155,148,118,81,130,181,175,234,220,236,164,223
"ENSG00000105639",27,20.00001,313,270,295,313,194,268,343,155,170,161,142
"ENSG00000105640",135,112,23178,17087,17418,22000,41028,21886,21697,20537,21256,21042,18629
"ENSG00000105642",95,144,69,44,59,34,47,33,72,450,459,350,485
"ENSG00000105643",25.00001,17,109,72,88,112,126,125,90,32,35,26,55
"ENSG00000105647",517,324,175,106,122,148,133,193,147,146,166,130,184
"ENSG00000105649",274,332,156,137,161,111,85,114,119,488,601,369,436
"ENSG00000105650",73,37,206,127,169,78,53,46,72,50,118,62,74
"ENSG00000105655",2111.99999,2704.00001,7322,5613,5164,6965,5599,7141,8003,16944,17042,13514,16333
"ENSG00000105656",106,154,339,333,361,397,243,419,387,364,395,337,322
"ENSG00000105662",898,736,53,49,42,64,58,102,87,182,244,144,175
"ENSG00000105669",1537.00001,1708,4584,3528,3500,4716,5752,4428,4917,5008,5474,4652,4840
"ENSG00000105671",467.99999,352,879,574,603,687,640,642,680,1120,1112,998,990
"ENSG00000105672",48.99999,54.00001,2,5,4,16,13,12,10,24,25,17,16
"ENSG00000105676",556,464.00001,2599,2151,1810,1735,1651,1719,1978,2151,2022,1679,2160
"ENSG00000105677",1090,1069,5399,4776,4340,3339,4793,2967,3216,3327,3118,3227,3159
"ENSG00000105696",117,85,43,27,48,30,63,34,29,81,98,88,210
"ENSG00000105698",1167,1125.00001,208,164,165,169,198,176,205,297,328,257,297
"ENSG00000105699",802,608,3837,3887,3549,3021,2384,3091,3119,1123,850,1017,1349
"ENSG00000105700",671.00001,691.99998,2745,2114,2017,2342,2307,2279,2546,1806,1717,1377,1540
"ENSG00000105701",1829.99999,1754,3689,3261,3028,4466,3733,4774,5235,3031,3368,2384,3047
"ENSG00000105705",575.99999,377.00001,1057,841,811,1069,865,1249,1200,1039,1274,936,1008
"ENSG00000105708",145,139,310,350,254,528,436,427,465,575,586,540,632
"ENSG00000105711",22,15,12,18,4,16,6,26,27,8,6,9,10
"ENSG00000105717",162.99999,332,10,6,11,19,17,13,5,43,25,15,51
"ENSG00000105722",551,650,103,116,146,183,186,223,185,217,184,148,314
"ENSG00000105723",681,594.99999,229,165,173,179,160,171,148,228,244,160,197
"ENSG00000105726",573,422,681,396,433,323,333,417,352,290,326,227,391
"ENSG00000105732",274,238,2428,1794,1616,2078,1491,2388,2520,1711,1946,1251,1538
"ENSG00000105737",755,707,173,121,105,116,67,152,157,96,98,68,96
"ENSG00000105738",1262,788,268,201,210,304,158,336,382,273,309,238,172
"ENSG00000105750",251.00001,344.99999,394,407,306,596,382,443,436,433,366,538,489
"ENSG00000105755",226,195,377,276,236,292,413,360,270,431,518,445,425
"ENSG00000105767",391,468,20,18,23,46,46,41,60,90,125,83,153
"ENSG00000105771",431,504,391,349,295,448,303,462,391,822,865,648,855
"ENSG00000105778",640,833,767,702,623,973,588,714,746,603,562,547,591
"ENSG00000105784",72,194.00001,37,25,11,52,44,33,19,114,158,105,84
"ENSG00000105792",315,500.99998,20,35,40,41,42,43,53,98,91,91,102
"ENSG00000105793",319.00001,632,363,315,292,476,356,379,361,408,374,351,365
"ENSG00000105808",30,146.00001,65,31,36,79,142,96,130,188,176,190,273
"ENSG00000105810",996,1416,325,359,310,694,268,601,504,993,623,699,999
"ENSG00000105819",1018.00003,1051,2973,2957,2394,3460,2722,2592,2743,3486,2994,3064,3183
"ENSG00000105821",759,761,878,889,818,888,608,817,849,642,653,506,568
"ENSG00000105825",136,71,71,92,76,11,31,11,13,35,34,46,26
"ENSG00000105829",389,484,762,721,582,948,983,681,770,825,605,939,859
"ENSG00000105835",394.00002,462,2947,3192,2441,6041,3862,3936,4594,2374,1885,2160,2454
"ENSG00000105849",343,388,1138,1096,842,907,831,817,824,780,710,701,734
"ENSG00000105854",1174,1301,577,588,511,1777,1702,1463,1562,1199,1113,1231,1232
"ENSG00000105855",856.99999,1292,89,72,82,146,77,134,102,559,592,452,556
"ENSG00000105856",353,475.99999,1326,1236,1120,2856,2601,2073,2257,2988,3357,3469,2997
"ENSG00000105865",111,138.00001,244,257,224,228,241,200,216,297,243,263,293
"ENSG00000105866",374,719,453,522,495,869,371,616,698,618,618,504,591
"ENSG00000105875",122.99999,108.00001,301,283,252,362,234,337,397,389,461,379,390
"ENSG00000105877",248,288,180,165,140,101,54,105,60,46,24,31,28
"ENSG00000105879",254,307.99999,1516,1566,1192,1997,1141,1745,1853,1540,1261,1403,1472
"ENSG00000105887",1521,1610,1831,1833,1556,2437,1720,2215,2128,2303,2245,2068,2334
"ENSG00000105894",580,462,376,264,254,5654,5057,3887,4065,1890,1165,1058,1581
"ENSG00000105926",630,584,959,907,779,692,549,666,650,687,563,552,710
"ENSG00000105928",271,227,161,144,142,364,257,268,270,649,704,563,501
"ENSG00000105939",133.99999,90,1904,1933,1670,615,275,630,513,737,621,570,716
"ENSG00000105948",388.99999,524,312,322,258,419,270,440,479,871,722,745,826
"ENSG00000105953",1050.99999,1050,2058,1910,1603,2065,1148,2001,2089,2371,2397,1641,2238
"ENSG00000105963",46.00001,68.99999,91,89,60,13,3,8,10,48,72,27,43
"ENSG00000105967",33.99999,45.99999,3,4,0,0,0,0,0,91,108,121,100
"ENSG00000105968",3505.00001,3945.00001,1548,1453,1550,4430,5486,4150,3558,4970,4213,4771,6329
"ENSG00000105971",47,18,43,41,32,20,11,7,9,43,28,40,25
"ENSG00000105974",120,34,492,486,375,69,48,54,53,102,106,113,92
"ENSG00000105976",66,72,597,550,394,186,95,151,208,34,35,39,42
"ENSG00000105982",58,73,40,20,15,37,54,53,27,86,88,96,88
"ENSG00000105983",864.99999,822.00001,438,512,572,824,766,756,511,720,482,689,1560
"ENSG00000105993",1142.00001,1211,7923,7419,6832,4454,3596,3951,3879,3649,3673,3286,3420
"ENSG00000106003",919,646,63,40,57,30,48,27,38,87,70,91,76
"ENSG00000106009",482,591,2166,1784,1897,1700,1453,1889,2123,2428,2740,2172,2571
"ENSG00000106012",763.00001,817.99999,82,69,75,149,103,175,149,461,556,396,524
"ENSG00000106018",53,87,102,77,80,586,536,544,457,66,128,71,82
"ENSG00000106025",208.00001,234,438,417,323,554,328,398,481,382,363,375,319
"ENSG00000106028",1552,1889,6604,5938,5094,4470,4697,4209,3914,3228,2670,2845,3366
"ENSG00000106049",463.00001,682,1046,1050,934,1520,1369,1223,1356,1067,1026,1131,1067
"ENSG00000106052",1896,2667.99999,2202,2007,1686,3074,1947,2366,2471,2429,2616,2312,2304
"ENSG00000106066",137,83,1625,1534,1203,1418,1288,1057,1195,594,535,607,655
"ENSG00000106069",102.99999,140,71,85,74,92,68,75,55,268,263,289,335
"ENSG00000106070",3932.00001,3688.00003,829,607,508,437,448,436,389,891,801,617,935
"ENSG00000106077",192.00001,161,540,474,445,624,640,506,525,698,597,526,518
"ENSG00000106078",50,24,520,373,375,30,17,24,20,9,10,2,9
"ENSG00000106080",158,172,330,292,262,249,139,167,255,507,466,428,473
"ENSG00000106086",1098,1152,602,567,562,1091,562,1237,828,987,809,923,1465
"ENSG00000106089",179.99999,208,69,50,55,85,93,127,105,160,222,147,131
"ENSG00000106100",71,67,118,97,124,218,107,153,201,174,230,175,166
"ENSG00000106105",1385.00002,1210.99998,6361,6587,5321,6105,4156,6154,6217,5316,4749,4053,5432
"ENSG00000106123",190.00001,189.00001,484,386,400,367,248,398,366,432,560,358,516
"ENSG00000106125",281,325,71,68,62,168,114,189,150,323,333,252,331
"ENSG00000106144",586,627,914,865,778,1421,681,1426,1343,1635,1557,1199,1628
"ENSG00000106153",4269,4910,6326,5192,4923,3580,7191,3295,3028,8865,8146,9440,8462
"ENSG00000106211",2281.99999,1368,1140,896,1037,505,592,598,529,1145,1266,958,1229
"ENSG00000106236",93,122,97,72,51,75,121,132,115,129,156,117,153
"ENSG00000106244",1907,1877,1406,1199,1200,1624,1212,1584,1665,1668,1566,1038,1393
"ENSG00000106245",1032,1056,1814,1598,1543,1637,3039,1351,1414,2206,2104,2264,2233
"ENSG00000106246",222,166,443,346,401,433,319,430,418,385,468,297,432
"ENSG00000106258",92,109,182,133,171,120,49,113,96,165,246,156,129
"ENSG00000106261",1292,1396,1825,1627,1409,4313,1774,4260,4150,5291,5527,4390,4439
"ENSG00000106263",1067.99999,834.99999,2537,1596,1698,1067,1241,1279,1149,838,787,615,806
"ENSG00000106266",228,199,726,578,453,509,516,590,646,292,305,275,308
"ENSG00000106268",531.99999,459,1342,912,790,1134,1582,1301,1265,845,739,680,744
"ENSG00000106278",2801.00001,3933.99999,7619,8746,6803,7810,2879,6393,6881,13643,14788,10949,11995
"ENSG00000106290",1173.00001,969,3365,2871,2754,3481,2164,3643,3904,3286,3457,2295,2899
"ENSG00000106299",787,806,1071,1015,793,992,494,730,718,964,965,903,1006
"ENSG00000106305",485,449,2776,2301,2150,1738,2207,1673,1695,1383,1293,1173,1337
"ENSG00000106327",62,36,102,81,78,61,64,68,104,46,57,40,39
"ENSG00000106330",310,302,350,276,243,289,307,365,392,466,592,408,485
"ENSG00000106333",209,266,1175,855,778,275,202,228,230,117,156,119,141
"ENSG00000106336",50,29,35,29,37,52,45,53,36,30,20,17,23
"ENSG00000106341",114,235,317,228,254,213,304,296,234,390,418,369,368
"ENSG00000106344",657,658,1800,1518,1380,1516,805,1484,1675,1698,1687,1290,1502
"ENSG00000106346",563.99999,484,340,323,319,529,313,579,515,551,416,361,497
"ENSG00000106348",215,205.00001,1177,891,781,1355,1202,1579,1714,1095,1220,888,1175
"ENSG00000106351",150,125,82,56,45,92,87,125,84,120,142,143,129
"ENSG00000106355",637,1458.00002,1518,1510,1324,1927,1622,1615,1592,1500,1255,1474,1761
"ENSG00000106366",413,75,261,248,247,42,25,33,45,101,170,107,89
"ENSG00000106367",456,513.99999,90,126,120,168,165,100,93,132,187,139,169
"ENSG00000106392",443,475,1413,1530,1265,813,561,522,636,546,428,521,644
"ENSG00000106397",180,134,1383,1164,1021,849,562,839,964,852,1007,701,828
"ENSG00000106399",905,1311,1747,1733,1580,2108,2438,2041,1692,1324,1145,1300,1509
"ENSG00000106400",946.99999,866,1480,1003,1089,1210,2612,1200,1110,1400,1509,1713,1331
"ENSG00000106404",67,83,36,16,27,31,28,30,30,29,49,32,30
"ENSG00000106415",997.99999,984,287,251,188,443,305,403,321,432,372,386,413
"ENSG00000106443",2249,3129,538,488,433,526,408,482,450,891,855,613,850
"ENSG00000106459",967.99998,1181,527,572,435,1093,708,1097,1143,1162,1035,866,1046
"ENSG00000106460",692,852.99999,1123,1171,919,1359,765,853,964,1492,1369,1824,1529
"ENSG00000106462",2867.00001,3416,836,960,926,2640,2288,2604,2443,3010,2597,2967,3515
"ENSG00000106477",1337.00001,879.00001,689,564,523,1084,704,1002,929,3232,3282,2785,3280
"ENSG00000106479",283,252,104,74,62,289,155,296,220,423,540,369,425
"ENSG00000106484",3470,3538.00001,6275,5787,4584,13315,11951,10881,10954,2116,1817,1946,2546
"ENSG00000106524",196.99999,402.99999,315,386,300,1278,873,1019,1057,1661,1471,1345,1545
"ENSG00000106536",460,2181.00001,165,115,97,68,45,90,67,38,119,64,45
"ENSG00000106537",375,308,240,311,338,549,499,421,354,464,262,458,612
"ENSG00000106538",691.00001,457.00001,3697,2536,2590,182,362,200,189,837,709,673,843
"ENSG00000106546",366.99999,330,66,57,59,39,14,32,31,12,18,42,28
"ENSG00000106554",1324,1658.00001,4570,4130,3506,3587,3361,3098,3476,4097,3781,3446,3732
"ENSG00000106565",247,274,30,17,14,20,23,20,6,516,653,652,402
"ENSG00000106571",1962.00001,2619.00001,383,358,303,1413,934,1451,1286,4582,3739,3397,4373
"ENSG00000106588",2211,2476,10376,9854,8591,9077,10559,7603,7651,6244,5706,6122,6361
"ENSG00000106591",623,709,2419,2182,1852,1494,1906,1143,1216,956,924,1123,942
"ENSG00000106603",1371,2141.00001,3867,3448,3248,3954,5420,3649,3300,3454,3378,3455,3591
"ENSG00000106605",399,445,770,685,597,568,641,456,421,686,607,528,598
"ENSG00000106608",400,396,372,341,252,269,170,277,320,621,812,589,557
"ENSG00000106609",763,663,539,366,354,502,417,495,442,414,457,330,410
"ENSG00000106615",1069,1073.99999,2202,2462,2098,2125,2710,1700,1675,3405,2935,3486,3809
"ENSG00000106617",151,188,212,212,178,182,163,153,115,209,248,288,229
"ENSG00000106624",352,212,347,258,260,378,275,349,311,292,303,250,410
"ENSG00000106628",1001,935.99999,5152,4278,4041,5400,5411,5261,5838,6592,5938,5047,5791
"ENSG00000106633",52.99999,31,208,195,141,95,46,78,70,404,496,390,407
"ENSG00000106635",478,460.00001,187,136,190,207,339,256,202,340,371,311,349
"ENSG00000106636",742.99999,682,1426,1468,1310,1872,1442,1873,1772,1949,1986,1835,2257
"ENSG00000106638",317.00001,318.99999,1404,1122,991,2054,2041,1762,1945,2013,2010,1828,1927
"ENSG00000106665",591,512,199,180,171,157,94,142,166,295,398,244,380
"ENSG00000106682",1577.00001,1939,19580,17522,14570,19503,11887,19030,20261,15534,16583,12519,14188
"ENSG00000106683",536.00001,482,425,310,235,260,284,320,311,250,324,236,318
"ENSG00000106686",47.00001,65,49,53,33,29,22,18,21,8,15,22,20
"ENSG00000106688",41,38,175,171,128,138,155,129,99,17,19,20,36
"ENSG00000106689",1677.99999,1976,1,1,1,385,388,343,322,564,598,500,608
"ENSG00000106692",673.00001,722.99999,530,481,385,533,232,372,395,560,469,455,461
"ENSG00000106701",754.00001,1333.00001,67,87,64,203,91,111,128,970,808,870,740
"ENSG00000106714",76,171,26,48,35,187,148,223,180,162,115,129,195
"ENSG00000106723",1988.00002,2083.00001,2239,2348,2033,2549,1369,2227,2101,3670,3402,3360,3527
"ENSG00000106733",181.00001,81,303,240,235,168,163,144,142,34,57,51,54
"ENSG00000106771",1439.99999,1489,1247,1128,969,1478,1158,1409,1299,1067,795,848,1083
"ENSG00000106772",98,190,338,327,263,509,278,401,404,624,597,621,526
"ENSG00000106780",534,550,13,30,24,74,34,56,37,251,260,220,205
"ENSG00000106785",36,31,189,141,188,61,70,76,45,23,9,24,36
"ENSG00000106789",64,112,2291,2189,1923,678,438,637,568,93,87,86,97
"ENSG00000106799",1014.00001,1363,643,533,461,1388,911,1140,1015,1479,1253,1172,1515
"ENSG00000106803",1995,2251,2419,2206,2085,2476,2587,2353,2076,2073,2086,1763,1821
"ENSG00000106804",193,308,35,49,33,290,183,241,292,324,328,309,349
"ENSG00000106829",1803,2212,334,269,260,1175,929,1102,1212,644,513,476,662
"ENSG00000106853",406.99999,882,1083,876,833,2448,1971,2103,2116,1281,1096,1143,1182
"ENSG00000106868",265,203.00001,34,36,27,14,9,9,24,17,34,18,26
"ENSG00000106927",64,33,64,41,18,10,6,3,7,23,11,19,22
"ENSG00000106948",296,274,385,341,264,422,246,394,487,189,196,136,176
"ENSG00000106976",795.00001,708,226,165,215,286,163,331,300,258,347,232,284
"ENSG00000106991",26,14,252,166,155,60,57,60,104,10,31,17,31
"ENSG00000106992",491,449,516,334,394,351,296,276,295,523,590,431,408
"ENSG00000106993",342,331,515,502,440,472,447,411,415,401,337,318,309
"ENSG00000107014",25,21,46,42,31,51,43,43,47,36,30,38,26
"ENSG00000107020",382,421,380,364,311,366,382,317,293,398,376,384,407
"ENSG00000107021",306,337,1096,1036,981,1806,1194,1881,1807,1665,1911,1384,1917
"ENSG00000107036",635,833.00001,367,351,314,377,310,341,304,233,250,213,306
"ENSG00000107077",687.00001,1247,766,764,621,566,322,528,486,456,556,456,522
"ENSG00000107104",779.99998,738,1824,1779,1460,1238,500,1164,1266,915,893,694,902
"ENSG00000107105",811.00001,1276,203,225,165,173,128,171,110,468,543,457,563
"ENSG00000107130",599,537,264,212,190,191,198,235,223,267,362,237,336
"ENSG00000107140",257,207,87,47,74,49,85,75,60,148,124,84,102
"ENSG00000107164",633,762,497,517,644,969,826,1058,681,608,568,571,994
"ENSG00000107165",356,828,18,18,14,14,10,4,18,101,232,436,164
"ENSG00000107175",416,357,1230,950,906,1341,1908,1096,1165,1980,2027,1871,1656
"ENSG00000107185",519,528,477,485,463,682,390,596,581,642,611,603,648
"ENSG00000107186",1805,3248.99999,1187,1281,1085,2095,887,1930,1717,2604,2855,2164,2336
"ENSG00000107201",235,391.00001,302,281,233,192,169,122,66,97,53,51,54
"ENSG00000107223",3298,4923,4163,3029,3224,3574,4254,3341,3401,4043,4020,3248,3316
"ENSG00000107242",1785,1784,52,32,63,25,5,13,26,86,41,57,58
"ENSG00000107249",275,157,11,2,15,175,136,160,145,162,231,180,194
"ENSG00000107262",933,812,205,191,292,430,885,523,347,287,219,283,701
"ENSG00000107263",1332,926,532,418,395,292,197,283,326,363,406,321,286
"ENSG00000107281",622,545,137,77,103,51,55,56,60,84,135,89,144
"ENSG00000107282",617,317,14,18,4,15,13,12,26,127,219,142,118
"ENSG00000107290",818,915,1470,1548,1288,1843,780,1602,1601,1686,1546,1336,1386
"ENSG00000107295",23,44,117,127,109,97,116,94,111,203,134,192,199
"ENSG00000107317",680.00001,160,21,39,9,30,23,22,19,59,94,85,42
"ENSG00000107331",353,251.00001,154,112,91,142,93,162,160,237,310,152,244
"ENSG00000107338",301,232,66,33,14,21,25,13,43,48,55,42,53
"ENSG00000107341",1487,1502,644,550,527,904,644,837,847,1072,1158,929,1130
"ENSG00000107362",388,599,348,466,610,801,743,717,524,358,233,427,844
"ENSG00000107371",694.00001,755,1570,1423,1312,1582,1171,1356,1328,1156,1038,940,1025
"ENSG00000107372",1183,1418,1158,985,722,918,1056,892,774,895,747,927,1305
"ENSG00000107404",250,203,170,120,117,99,118,120,127,121,99,100,118
"ENSG00000107438",123,63,3654,3255,2936,1071,794,992,1092,2583,2500,2104,2449
"ENSG00000107443",381,616,459,659,637,842,445,777,756,1277,899,1352,1852
"ENSG00000107485",68,34,1,4,1,99,27,27,56,0,3,0,0
"ENSG00000107518",1131,1236,79,47,67,55,42,45,46,318,264,319,486
"ENSG00000107521",436,398,1833,1520,1338,1877,1372,1663,1830,1759,2117,1565,1791
"ENSG00000107537",278,290.00001,906,915,745,530,585,402,476,635,585,636,644
"ENSG00000107551",980,956,447,367,301,487,392,476,442,1030,1350,966,790
"ENSG00000107554",419,355,1448,1357,1130,2086,884,1567,1879,1492,1361,1021,1090
"ENSG00000107560",358,424,195,196,134,300,234,263,254,574,361,474,645
"ENSG00000107562",205,127,446,351,371,109,78,84,74,60,68,52,83
"ENSG00000107566",549.00001,525,1718,1715,1366,2363,1435,1931,2318,1556,1325,1294,1479
"ENSG00000107581",2887,2964,7897,8166,6870,7485,3424,6749,7180,5257,5423,3965,5067
"ENSG00000107611",124,253,9,1,5,43,13,39,51,147,158,170,161
"ENSG00000107614",494.00002,682,436,510,430,717,605,572,591,1017,825,859,944
"ENSG00000107625",954,1033,1423,1344,1202,2355,1954,1816,1981,1815,1640,1587,1728
"ENSG00000107643",1749.00001,2284,1173,1157,996,1584,1231,1286,1346,1869,1817,1585,1599
"ENSG00000107651",476,535.00001,2359,2392,1985,2611,1486,2326,2427,2157,1908,1805,1887
"ENSG00000107669",4391.00001,4241.00002,694,670,670,956,499,769,780,1448,1403,1296,1365
"ENSG00000107672",783.99999,1061.99999,1222,1487,1384,1993,2298,2164,2007,1814,1347,1746,2220
"ENSG00000107679",1921.99999,2488.99999,544,580,549,951,819,862,719,1178,1012,1151,1391
"ENSG00000107719",207,143.00001,656,488,486,230,244,356,263,170,110,84,221
"ENSG00000107731",204,196,1128,892,786,272,184,319,315,210,263,174,252
"ENSG00000107736",749.00001,1163.99998,21,23,24,269,190,240,289,235,115,125,149
"ENSG00000107738",66,40,10,9,13,39,28,39,49,20,53,25,21
"ENSG00000107742",121,129,28,38,16,48,53,44,38,252,223,242,232
"ENSG00000107745",595,855,903,804,691,1270,1126,1168,1219,1954,1964,1670,1652
"ENSG00000107758",971.00001,1335,252,196,202,208,212,237,235,242,214,207,241
"ENSG00000107771",1269,1329.00001,421,469,362,859,518,771,628,836,719,771,960
"ENSG00000107779",819.99999,1656,1027,1121,1389,1160,839,1005,883,1124,897,1163,1496
"ENSG00000107789",448,503,808,787,641,851,636,586,674,760,762,726,593
"ENSG00000107796",146,147,228,294,217,339,113,224,150,292,223,265,234
"ENSG00000107798",128,312.00001,1484,1375,1168,1628,1279,839,1102,1128,1211,1168,1175
"ENSG00000107815",160,126,705,626,538,483,288,526,489,427,408,375,421
"ENSG00000107816",582.00001,693.99999,1050,847,858,1034,1065,1044,1127,1125,1363,1037,1113
"ENSG00000107819",153,107,41,31,38,14,7,8,20,147,222,179,163
"ENSG00000107829",463,498,303,236,192,569,526,557,447,169,181,139,165
"ENSG00000107831",118,197,10,0,3,56,78,76,55,5,7,9,42
"ENSG00000107833",466,390,913,778,811,761,1259,624,606,304,209,295,351
"ENSG00000107854",840,1002,872,795,642,899,630,699,707,435,437,354,426
"ENSG00000107862",2938.99999,1667.00001,1704,1555,1241,2188,1043,2204,2077,3233,3682,2381,2961
"ENSG00000107863",1637,1874.00002,382,379,366,1007,470,955,776,1444,1666,1176,1286
"ENSG00000107864",108,129,17,6,6,21,11,14,15,38,18,23,28
"ENSG00000107872",259,229,349,270,342,204,287,229,222,353,387,400,545
"ENSG00000107874",1077,961,2485,1990,1742,2879,3039,2879,2946,4109,3980,3489,3706
"ENSG00000107882",490,551,313,291,318,1137,657,1046,1122,709,783,620,796
"ENSG00000107890",1634,2221,260,277,295,500,277,455,438,426,531,369,436
"ENSG00000107897",718.99998,641.99999,598,602,483,978,573,734,737,785,955,822,933
"ENSG00000107902",219.99999,141,314,319,259,253,266,240,237,152,151,130,157
"ENSG00000107929",1089,831,930,977,853,998,551,915,1018,731,839,692,801
"ENSG00000107937",835,816,4267,3847,3186,3680,2748,3215,3519,3070,2836,2596,2838
"ENSG00000107938",722,558,832,830,731,1410,806,1155,1367,903,754,734,822
"ENSG00000107949",1454,1547,3591,3339,2993,3160,2741,2814,2971,3221,2812,2729,2812
"ENSG00000107951",498,562,1285,1209,1030,1375,803,1182,1329,1418,1358,1270,1415
"ENSG00000107954",53,27,14,10,25,0,6,6,6,22,21,9,10
"ENSG00000107957",382,238.99999,293,264,236,456,234,385,289,142,119,103,130
"ENSG00000107959",581.99998,463.99997,1463,1425,1272,1039,620,936,923,1747,1767,1397,1459
"ENSG00000107960",303.99999,501.99998,733,712,572,894,805,831,758,1010,1041,1000,793
"ENSG00000107968",136,149.99999,133,126,123,129,65,89,100,156,134,145,126
"ENSG00000107984",418,853,2,0,2,142,119,199,335,12,33,11,13
"ENSG00000108001",223,416,4,1,1,3,5,3,3,35,44,43,50
"ENSG00000108010",1592,1754,4378,3761,3459,3344,5259,2699,2943,2758,2698,3142,2829
"ENSG00000108018",3050,2816,53,45,61,548,333,447,315,374,471,345,460
"ENSG00000108021",1301.00001,1260.00001,772,717,756,804,351,678,530,605,563,535,773
"ENSG00000108039",468.99998,599.00001,2069,1935,1633,2497,1647,2327,2341,2324,2353,1875,1864
"ENSG00000108055",3118,3751,3384,3213,2798,4846,2652,4358,4582,4743,4421,3623,4667
"ENSG00000108061",764.99999,1502.99999,828,828,683,1573,1042,1145,1416,1500,1439,1450,1531
"ENSG00000108064",668.00001,758,1763,1875,1441,1834,1333,1614,1656,1539,1184,1363,1510
"ENSG00000108091",461,526,1254,1405,1270,1552,832,1496,1262,1117,942,1059,1393
"ENSG00000108094",1167.00001,1154,1215,1287,952,1674,1041,1280,1394,1495,1373,1424,1569
"ENSG00000108100",1599,1720,310,217,222,242,213,298,258,427,397,334,380
"ENSG00000108106",1373,1539,610,518,869,915,2423,1411,610,444,307,474,1911
"ENSG00000108107",12157,12289.00001,3626,2647,2978,2959,3720,3151,3066,2445,2611,1986,2128
"ENSG00000108175",1952.99999,1723,776,615,548,1035,645,1160,1062,2646,2641,1828,2261
"ENSG00000108176",166,222,15,20,18,32,45,49,27,145,146,140,169
"ENSG00000108179",364,332,420,382,593,405,772,598,317,426,289,350,951
"ENSG00000108187",158.00001,125,36,49,34,82,58,71,90,100,128,87,104
"ENSG00000108219",1147.99999,1342,2275,1909,1776,4389,3109,3902,4032,5813,5840,5040,5723
"ENSG00000108231",63,194.00001,26,12,12,91,74,82,158,54,47,115,50
"ENSG00000108239",210,305,22,29,23,49,38,30,52,131,111,137,144
"ENSG00000108255",13508,11672,0,2,2,70,88,52,40,305,265,338,311
"ENSG00000108256",1279,855,1508,1553,1216,1874,1010,1774,1550,1062,1021,910,957
"ENSG00000108262",447,385,587,471,341,389,479,502,525,526,514,409,456
"ENSG00000108298",18493,20025,14912,12752,12301,14063,17021,13977,13068,11850,11329,11187,11019
"ENSG00000108306",527,1046,377,335,347,873,705,732,821,968,955,956,1004
"ENSG00000108309",224,288,50,49,47,39,35,19,25,221,364,193,185
"ENSG00000108312",1233,1276,1207,1084,940,1148,702,1224,1233,1810,1976,1308,1462
"ENSG00000108344",1036,1004,3616,3506,3100,3241,2777,3149,3023,3383,3422,3003,3436
"ENSG00000108349",841,796,3775,3921,3394,4340,2446,4043,4594,4479,4773,3578,4424
"ENSG00000108352",148,161.00001,156,125,117,126,77,135,156,87,121,100,104
"ENSG00000108370",109,48,405,423,353,230,240,159,245,129,190,193,164
"ENSG00000108379",47.00001,53.99999,114,117,72,17,12,30,23,169,81,130,57
"ENSG00000108384",403.00001,561.99999,770,730,654,1137,1086,1178,1081,1039,976,927,1063
"ENSG00000108387",248.00001,234.99999,160,169,166,352,347,433,343,309,321,269,423
"ENSG00000108389",572,675,681,465,513,1080,619,1095,1087,1433,1341,1308,1244
"ENSG00000108395",672.99999,919,1689,1826,1479,2396,1198,1985,2095,1969,1768,1560,1726
"ENSG00000108406",894,1087.00001,1152,1092,947,2293,1560,2102,1990,3587,3659,3432,3284
"ENSG00000108423",224.00001,242,414,365,395,621,647,521,500,497,416,467,494
"ENSG00000108424",4124.00001,4293.99999,6409,5193,4741,5212,4451,5078,4508,4801,4386,3594,4861
"ENSG00000108433",831.99999,779,1684,1493,1294,2382,1759,2157,2223,2593,2470,2085,2200
"ENSG00000108439",64.99999,40,437,459,323,322,317,365,359,279,302,248,275
"ENSG00000108443",429,398,595,637,464,859,518,776,827,1118,974,858,961
"ENSG00000108465",794.99999,1162.99999,1585,1307,1297,2473,2044,2454,2783,2836,3196,2530,2730
"ENSG00000108468",3617.00001,4342,2781,2658,2384,4565,3617,4137,4418,5594,5622,4316,5234
"ENSG00000108469",219.00001,179,934,771,709,830,547,846,993,951,950,739,802
"ENSG00000108474",340,459,617,467,431,511,462,440,565,367,339,313,353
"ENSG00000108479",196,158,920,690,542,731,1081,707,696,774,752,754,694
"ENSG00000108506",424,580,767,924,776,996,394,840,805,851,751,773,796
"ENSG00000108509",1049.00001,801.99999,146,119,101,87,72,120,95,175,254,223,210
"ENSG00000108510",983,1266,629,590,484,901,399,742,656,792,800,658,711
"ENSG00000108515",177.99999,229.00001,536,398,408,1004,1139,909,978,1492,1259,1176,1441
"ENSG00000108518",4728,3994,22136,19376,20946,16563,18785,17237,16106,7997,7445,7139,9535
"ENSG00000108523",765.00001,646,690,612,547,605,783,643,650,524,565,486,528
"ENSG00000108528",665,671,2795,2504,2260,2861,3986,2562,2716,3120,3033,3014,3107
"ENSG00000108551",468,500,21,28,36,29,21,26,37,215,251,229,253
"ENSG00000108557",1377,871.99999,63,69,33,395,237,389,366,566,624,598,660
"ENSG00000108559",1326,1335.99998,4566,4272,3444,4149,3965,3442,3737,4105,3540,3946,3783
"ENSG00000108561",1502,1560,1182,1457,2856,1661,4624,2429,1020,594,401,838,2606
"ENSG00000108578",672,614,2172,2103,1639,2746,1905,2592,2527,2561,2341,2092,2381
"ENSG00000108582",624,658,848,974,973,1658,771,1429,1133,1079,795,1092,1931
"ENSG00000108587",655,667,907,759,771,1132,762,1081,980,879,901,819,1015
"ENSG00000108588",855,899,3524,3902,3153,4388,2499,3636,4040,2737,2838,2455,2705
"ENSG00000108590",349,426,143,151,131,294,562,284,306,315,295,359,395
"ENSG00000108591",317,330.00001,1341,961,876,1301,1121,1318,1284,1207,1317,938,1121
"ENSG00000108592",380,437,3311,3038,2659,2306,1564,2409,2477,2221,2060,1565,1937
"ENSG00000108599",648.00001,791,706,614,564,872,545,733,769,652,696,608,535
"ENSG00000108604",265,295,657,394,411,345,568,353,343,150,141,105,147
"ENSG00000108639",331,263,1684,1373,1364,1009,1269,975,991,650,608,699,816
"ENSG00000108641",492.00001,709,1023,799,697,1000,1258,984,955,1257,1130,1212,1176
"ENSG00000108651",504,584,1925,1848,1546,1766,1368,1483,1658,1470,1265,1110,1215
"ENSG00000108654",5404.99999,7327.99999,19918,18180,16217,27182,20121,23131,24590,31403,29674,27733,28292
"ENSG00000108666",560,680,941,863,714,923,1087,749,803,1383,1167,1243,1263
"ENSG00000108669",456,548,247,208,187,382,283,371,376,541,633,427,403
"ENSG00000108671",1457.99999,1856,7124,6025,5329,5617,4242,5400,5416,5887,6208,4858,5767
"ENSG00000108679",766,480,4511,3746,3227,3262,2313,3195,3787,2808,3226,2168,2262
"ENSG00000108684",12,24,9,12,18,33,51,50,55,5,11,3,11
"ENSG00000108691",811,656,83,55,70,82,58,67,72,299,396,321,336
"ENSG00000108733",98,123,147,121,77,186,152,150,136,213,143,176,165
"ENSG00000108773",308,283,487,347,367,366,313,435,432,486,511,335,564
"ENSG00000108774",839,878,631,576,508,707,551,553,660,829,1015,686,854
"ENSG00000108784",198.99999,140,140,80,79,45,89,55,62,51,73,62,55
"ENSG00000108786",66,35,15,52,8,45,35,36,25,59,56,15,53
"ENSG00000108788",463.00001,465,1165,947,803,843,868,763,819,656,821,691,679
"ENSG00000108797",135,97,56,58,51,168,57,132,201,61,89,51,82
"ENSG00000108799",633.99998,458.00001,498,483,394,1049,583,1065,1040,989,1026,755,904
"ENSG00000108819",262,221,16,21,16,46,28,54,51,49,52,37,56
"ENSG00000108821",747.99999,1912,2818,2633,2654,916,389,798,826,564,1023,549,603
"ENSG00000108825",36,44,132,79,106,104,105,78,96,72,81,48,55
"ENSG00000108826",750,985,2002,1579,1617,1576,2393,1439,1338,1814,1666,1754,1640
"ENSG00000108828",957,987,7020,6706,6115,8412,6445,8635,8532,10916,11535,10574,12418
"ENSG00000108829",720,685,3140,2907,2434,2429,1736,2430,2343,2681,2612,2144,2612
"ENSG00000108830",535,662,1521,1335,1181,2582,3488,2287,2476,2344,2896,2352,2295
"ENSG00000108840",607.99998,585,1485,1369,1309,2895,2034,2991,3034,2836,2883,2634,3487
"ENSG00000108848",4252.00001,6093,1809,1403,1368,2651,1873,2591,2607,2359,2548,1880,2250
"ENSG00000108852",272,231.99998,2397,2215,1898,2596,1635,2323,2488,3957,4367,3137,3648
"ENSG00000108854",795,864,351,310,279,228,185,228,243,391,362,359,371
"ENSG00000108861",407,468,1390,1232,911,1636,1183,1496,1546,3906,4076,3529,3580
"ENSG00000108883",815,791,8772,8345,6796,8032,5211,7842,8558,7499,7018,5873,6541
"ENSG00000108924",173,68,4,2,2,8,3,2,9,41,25,20,56
"ENSG00000108932",103,123,4,0,4,7,5,2,14,52,69,64,67
"ENSG00000108946",1970.99998,2486.99999,4918,4935,4155,6191,3581,4812,4970,9151,8972,8271,8232
"ENSG00000108947",372,413,109,108,95,288,207,245,246,487,481,441,594
"ENSG00000108953",9438,10445.99999,11901,10996,10209,19364,21360,15950,16516,16889,15718,15828,17369
"ENSG00000108960",1391,1783,586,568,549,1243,1063,926,869,1083,946,1104,1197
"ENSG00000108961",338,429,1154,990,879,783,1062,773,661,1238,1150,1054,1092
"ENSG00000108963",631,498.99999,522,546,517,1117,878,969,1124,723,855,716,875
"ENSG00000108984",289,375.00001,914,832,695,1645,1294,1526,1430,1048,1031,937,1085
"ENSG00000109016",292,355.99998,1063,764,759,1062,1098,933,1080,754,805,657,709
"ENSG00000109046",2327,2925,4483,4308,3843,17692,10792,14257,17543,8723,9797,8919,8265
"ENSG00000109062",217,183,2499,2279,2198,3015,2467,2953,2940,1128,1118,1112,1204
"ENSG00000109063",93,36,64,28,29,14,18,28,40,24,23,22,21
"ENSG00000109065",285.00001,403.00001,1298,1058,853,1165,1037,1193,1175,1001,967,805,671
"ENSG00000109066",215,222,653,612,461,489,372,536,526,445,557,343,434
"ENSG00000109072",79,86,10,7,3,3,8,3,5,39,64,111,40
"ENSG00000109079",348,307,903,742,589,1640,1151,1546,1637,3304,3424,3030,2922
"ENSG00000109083",412,447.99999,439,312,306,517,769,462,437,668,804,821,751
"ENSG00000109084",1133,1318.00001,4065,3551,3094,4888,4045,4168,4752,5338,4866,4593,5103
"ENSG00000109089",142,146,279,195,188,125,156,132,168,156,150,155,176
"ENSG00000109099",89,93,78,85,60,130,143,123,151,122,132,108,95
"ENSG00000109103",551,555,1409,1167,1115,1725,1797,1566,1724,1548,1646,1515,1460
"ENSG00000109107",188,222,4000,3246,2849,3034,2766,2603,2670,2166,2222,1738,1690
"ENSG00000109111",692,691.99999,1544,1493,1315,2310,1008,2395,2426,2070,2438,1569,1720
"ENSG00000109113",645.00002,681.99999,6662,5705,5173,3958,4718,3768,3875,1956,1719,1815,1897
"ENSG00000109118",718.99999,594,497,413,390,621,385,619,589,399,477,376,399
"ENSG00000109133",773,852.99999,1975,2089,1546,1593,923,1172,1396,1777,1471,1405,1695
"ENSG00000109171",851,920,224,344,374,723,377,565,550,593,475,645,1045
"ENSG00000109180",1861,2117.00001,2686,2524,2061,2423,2305,1916,2143,2256,2037,2230,2182
"ENSG00000109184",1061.99998,1468,957,1076,855,1633,1273,1472,1549,1967,1646,1803,2060
"ENSG00000109189",497,502,1211,1267,900,725,439,719,745,1138,1195,967,1053
"ENSG00000109220",410,456,128,112,123,222,263,180,169,699,672,738,870
"ENSG00000109255",59.00001,52.99999,277,279,287,193,240,184,166,814,566,641,890
"ENSG00000109265",3189,1707,146,96,88,248,201,244,209,504,474,422,442
"ENSG00000109270",737,839,792,823,556,1147,851,827,844,1933,1765,2108,1786
"ENSG00000109320",554,771,82,61,44,91,47,34,68,122,150,99,150
"ENSG00000109323",1115,359,809,819,773,1347,782,1027,1058,760,785,692,667
"ENSG00000109332",2949.99998,3403.00002,10958,11151,8668,13237,11381,10716,11791,11926,10094,11377,11851
"ENSG00000109339",4206.00003,7080.99998,289,231,260,4480,3535,3711,3962,2386,2494,2375,2174
"ENSG00000109381",1589,1818.99999,770,708,577,927,755,771,875,1373,1158,1180,1146
"ENSG00000109390",2290,2445,1683,1516,1374,1218,1348,1198,1156,1597,1418,1429,1503
"ENSG00000109436",503,783,15,12,11,113,58,98,75,300,249,247,308
"ENSG00000109445",333,419,1046,1029,836,1061,791,954,1056,1148,959,956,974
"ENSG00000109452",36,111,11,17,11,35,13,17,34,48,40,59,36
"ENSG00000109458",378,406.99999,272,259,226,328,244,287,273,652,629,582,600
"ENSG00000109466",216.99999,411.00001,68,44,44,46,44,55,43,81,73,58,94
"ENSG00000109472",1370,4048,60,57,51,229,194,145,143,603,583,621,744
"ENSG00000109475",17043.99999,17758,7286,6064,5876,6570,10957,7179,6195,5595,5762,6151,5702
"ENSG00000109501",327.00001,182,1268,1050,877,978,707,927,1141,934,1095,734,821
"ENSG00000109519",358,391,1450,1213,1167,1430,1408,1144,1307,811,700,672,618
"ENSG00000109534",648,502.99999,506,432,383,329,215,297,288,380,293,260,309
"ENSG00000109536",690,651,524,448,433,791,1053,735,681,837,805,809,819
"ENSG00000109572",1291,1755.99999,1047,1056,848,1668,891,1455,1504,2466,2612,2374,2245
"ENSG00000109576",507.00001,795,111,137,103,150,150,138,137,146,161,155,229
"ENSG00000109586",860,893,3077,3439,2784,2717,1161,1941,2259,1667,1474,1398,1503
"ENSG00000109606",2119,2314,7065,7355,5942,8021,5371,6377,6893,8215,7098,6596,7329
"ENSG00000109618",171.00001,199,273,240,157,369,208,338,365,469,368,388,469
"ENSG00000109625",43,59,937,869,816,379,248,274,399,21,37,19,13
"ENSG00000109654",5106.00002,4740.99997,1755,1714,1526,2310,1256,1847,1818,3567,4028,3116,3021
"ENSG00000109670",664,804,303,270,307,340,297,354,348,376,440,352,507
"ENSG00000109674",276,413,393,415,316,588,561,443,432,590,466,680,570
"ENSG00000109680",534,1062,84,93,93,282,217,234,190,540,457,459,449
"ENSG00000109685",4145.00001,4122.99998,1414,1253,1198,2938,2033,2898,2576,4093,4106,3431,4186
"ENSG00000109686",801.99999,905.00001,357,387,281,399,306,415,305,52,65,42,55
"ENSG00000109689",501.00002,684,182,133,114,246,193,189,181,160,150,172,173
"ENSG00000109736",450,572.99999,3598,2789,2527,2091,1667,2227,2574,1751,2036,1407,1546
"ENSG00000109738",95.00001,120,11,22,13,68,63,32,69,254,191,265,264
"ENSG00000109756",1721.00001,1213.99998,362,268,259,255,194,237,246,538,648,447,475
"ENSG00000109762",1083,1011,86,55,35,56,67,54,53,84,58,48,70
"ENSG00000109771",154,96,51,36,37,52,28,30,47,48,51,40,48
"ENSG00000109775",545,744.99998,1189,1220,906,2011,1748,1794,1812,2043,1824,1868,1942
"ENSG00000109787",514,621,250,213,196,666,604,642,532,514,418,483,732
"ENSG00000109790",624,767,274,221,235,444,311,408,365,569,607,621,661
"ENSG00000109794",185,132,55,62,72,49,50,48,46,45,42,65,52
"ENSG00000109805",797,1137,2551,2594,2167,4856,2785,4339,4540,3081,2550,2613,3004
"ENSG00000109814",760,1038,3988,4147,3145,4998,3357,4414,4695,4786,4170,4014,4745
"ENSG00000109819",69,96,27,41,15,28,7,40,42,397,367,361,466
"ENSG00000109832",59,96.99999,321,257,263,645,544,542,531,201,191,172,203
"ENSG00000109846",11706.00001,5157.99999,18,18,10,45,30,52,44,12,25,28,7
"ENSG00000109861",522.99999,491.00001,10681,10214,8454,4658,3056,3753,4188,1234,1296,1184,1385
"ENSG00000109881",2317.99999,2948,315,223,224,423,389,319,354,624,587,454,635
"ENSG00000109906",1259.00001,1533,7,7,7,478,286,397,432,6487,6694,4546,6286
"ENSG00000109911",1805,1956,593,497,493,1743,1386,1399,1522,1606,1335,1471,1390
"ENSG00000109917",281,322,1294,1196,1264,1395,1332,1314,1285,989,899,853,1026
"ENSG00000109919",1491.99999,1647.99999,6153,5449,4836,6518,7471,5632,5622,5466,5204,5156,5247
"ENSG00000109920",1139.00001,1182,680,795,812,910,619,999,865,1044,1004,875,1142
"ENSG00000109927",29,44,25,19,7,54,30,86,51,89,112,99,102
"ENSG00000109929",617,672,3169,3456,2480,2014,1617,1304,1802,1545,1291,1682,1520
"ENSG00000109944",46,68,24,20,5,19,19,38,25,15,22,12,14
"ENSG00000109956",420.00001,303,152,96,95,98,77,97,103,149,184,145,174
"ENSG00000109971",9914.00002,11559.99999,34929,30114,27955,27609,32844,24433,24584,12275,10915,10551,11605
"ENSG00000109991",77,286,19,20,12,224,124,186,194,784,1111,709,541
"ENSG00000110002",205,148,1825,1689,1387,1410,869,1238,1248,1632,1859,1425,1328
"ENSG00000110011",353.00001,354,471,323,382,416,415,448,417,754,841,656,687
"ENSG00000110013",150,83,139,127,98,108,79,68,75,193,198,260,194
"ENSG00000110025",259,244,168,146,129,225,144,193,201,240,289,243,242
"ENSG00000110031",142,181,28,21,29,34,15,25,52,98,133,123,93
"ENSG00000110042",1797,1815,395,337,252,630,527,625,527,1872,1903,1554,1398
"ENSG00000110046",196,132,278,217,218,242,123,221,288,231,254,175,208
"ENSG00000110047",566,361,846,691,613,1201,828,1149,1160,2214,2039,1727,2073
"ENSG00000110048",494,528,481,331,329,320,362,324,293,299,247,274,299
"ENSG00000110057",43,13,277,285,408,277,232,305,282,48,55,57,79
"ENSG00000110060",218.00001,270.00001,680,598,458,710,463,547,602,464,385,442,438
"ENSG00000110063",216,252,993,866,791,1263,885,1165,1138,960,912,702,849
"ENSG00000110066",1071,1463,660,660,599,933,772,1053,889,1008,855,832,1224
"ENSG00000110074",384.99998,365.99999,2525,2186,1986,1954,2174,1948,1830,2198,2152,2035,2058
"ENSG00000110075",4640.99999,4650.99999,3048,3120,2366,2609,1597,2419,2715,2204,2335,2037,2195
"ENSG00000110076",644.99999,484,41,19,26,79,65,73,87,89,124,96,105
"ENSG00000110080",170.99999,99.00001,114,108,188,233,289,240,174,150,79,138,281
"ENSG00000110090",200,215.00001,77,56,67,46,33,35,75,104,112,78,79
"ENSG00000110092",2978,2734,4812,4637,4043,5043,2966,5120,5088,6826,8410,5830,7268
"ENSG00000110104",208.99999,161,2380,1754,1679,1171,886,1122,1305,748,694,610,723
"ENSG00000110107",718,618,583,503,537,553,542,607,537,865,727,632,721
"ENSG00000110108",357,350,1076,864,762,1468,1190,1408,1502,1082,1187,872,1197
"ENSG00000110148",265,102,646,609,438,1543,1234,1308,1582,229,373,219,254
"ENSG00000110171",143.99999,135,215,237,240,204,170,209,254,214,311,213,271
"ENSG00000110172",592.00001,856.00001,1448,1434,1184,1322,892,1132,1198,931,787,820,878
"ENSG00000110200",511,556.00001,1232,923,861,1064,1291,969,924,1212,1174,1011,1117
"ENSG00000110218",201,326,452,505,547,630,397,618,471,744,615,689,1028
"ENSG00000110237",398,425,115,57,76,295,242,339,254,387,418,341,402
"ENSG00000110274",442,547.99999,197,123,119,253,158,232,244,349,423,289,321
"ENSG00000110315",474,507,944,1091,843,1659,1271,1253,1337,1812,1749,1751,1800
"ENSG00000110318",638,1089,39,43,16,108,56,74,97,184,211,155,184
"ENSG00000110321",7495,8848.00002,28083,29368,24303,31613,16931,27799,28127,38579,38717,32687,35272
"ENSG00000110328",231,310,357,326,257,376,260,360,412,284,308,240,233
"ENSG00000110330",557,731.99999,736,750,621,1542,981,1070,1161,1558,1392,1659,1587
"ENSG00000110344",575,636,2010,2108,1578,2301,1128,1850,2011,2074,1913,1656,1738
"ENSG00000110367",2879,3385,2366,2480,2109,1811,910,1619,1495,1702,1515,1229,1405
"ENSG00000110395",875,1012,1202,1237,990,1249,532,1172,1103,1505,1509,1095,1245
"ENSG00000110400",391,306,751,532,444,310,299,381,403,315,283,195,285
"ENSG00000110422",452,588,373,437,328,616,227,434,468,612,536,642,628
"ENSG00000110427",201,206.99999,65,33,33,71,46,71,59,485,391,376,418
"ENSG00000110429",473,557,831,959,690,2067,1565,1604,1664,2397,2063,2392,2182
"ENSG00000110435",552.00001,940.99999,1078,1098,831,948,616,771,795,1106,1067,1078,1041
"ENSG00000110436",73,99,42,14,19,79,69,66,73,1305,1267,1103,1080
"ENSG00000110442",423,427,645,516,512,837,942,781,863,1256,1263,1045,1042
"ENSG00000110446",41.00001,19,111,55,95,12,26,32,26,10,23,6,7
"ENSG00000110455",29,17,67,89,75,108,62,87,110,7,9,14,2
"ENSG00000110492",9363,11956.99998,6637,4595,4656,12792,13184,11932,13476,19980,20491,17839,19377
"ENSG00000110497",569.00001,750,801,734,666,988,515,909,915,1232,1293,809,1034
"ENSG00000110514",1090.00003,959.00001,1285,1218,1151,1312,555,1161,1212,2018,2277,1729,1701
"ENSG00000110536",545,503,990,878,951,874,1107,851,811,399,420,382,414
"ENSG00000110583",561,604.00001,1429,1369,1156,1733,1192,1565,1579,2824,3074,2420,2553
"ENSG00000110619",657.99999,587,2413,2001,1691,1494,1218,1575,1627,1741,1897,1450,1685
"ENSG00000110628",97,41,154,153,144,284,245,288,320,124,187,152,172
"ENSG00000110651",2458,2186,1087,674,658,737,799,672,619,531,537,482,564
"ENSG00000110660",23,16,1514,1433,1072,1144,675,926,1068,111,80,100,93
"ENSG00000110675",25,26,23,23,23,17,16,14,16,22,25,15,17
"ENSG00000110693",246.99999,413.99998,10,8,9,115,73,102,74,1147,1266,962,1023
"ENSG00000110696",4197,4692.00001,4865,4622,3819,6122,5864,4901,5136,5900,5378,5593,6073
"ENSG00000110697",1889.99999,1831,262,206,254,331,427,457,318,1057,929,973,2250
"ENSG00000110700",14563.99999,19024.00001,10138,9101,8614,8894,12310,9242,8477,7003,6871,8042,7847
"ENSG00000110711",468,441.99999,702,567,546,819,1028,693,767,1671,1658,1249,1293
"ENSG00000110713",4034,4229.99998,3120,3369,2564,3745,1864,3412,3547,3909,3598,3039,3159
"ENSG00000110717",1628,1525,5317,4008,3902,3662,4388,3842,4098,4040,4205,3531,3605
"ENSG00000110721",578,575,465,295,335,188,180,146,187,212,228,217,232
"ENSG00000110723",28,23,219,277,211,80,29,48,65,192,128,156,170
"ENSG00000110756",240,296,667,771,648,789,510,647,714,566,536,513,603
"ENSG00000110768",539,548,718,658,555,725,646,601,740,710,628,725,705
"ENSG00000110801",576,574.00001,1181,949,880,1493,1684,1451,1437,1699,1715,1572,1501
"ENSG00000110811",268.00001,276,378,189,148,300,396,289,319,140,138,149,189
"ENSG00000110841",409,469.99999,457,462,403,781,348,684,786,688,650,568,659
"ENSG00000110844",329,265,478,405,408,673,403,701,760,638,812,529,738
"ENSG00000110851",378.99999,454,567,567,479,920,452,785,787,1963,1907,1818,2078
"ENSG00000110871",613,779.00001,1883,1611,1478,2211,2955,1717,1914,1887,1819,2114,1806
"ENSG00000110880",601,718,4979,4672,3984,8026,6094,7454,7441,7115,7945,6460,7048
"ENSG00000110881",130,127,17,20,12,47,35,42,48,82,115,81,71
"ENSG00000110888",949.99999,807,883,703,699,527,311,415,397,266,328,225,301
"ENSG00000110900",375,366,237,162,133,178,178,181,157,1031,1072,710,979
"ENSG00000110906",418,433.99999,2546,2526,2155,1988,1280,1827,1828,2334,2434,1899,2199
"ENSG00000110911",592.99998,1175,1855,1754,1382,2718,1580,2264,2483,2272,2187,2080,1921
"ENSG00000110917",1375,1129,2984,2322,2436,2942,2458,3191,2357,1245,1153,1008,1948
"ENSG00000110921",353.99999,317,401,280,324,475,531,508,529,651,677,512,561
"ENSG00000110925",358,397,388,442,547,829,567,879,565,666,474,685,1030
"ENSG00000110931",573,411.99999,1264,1146,972,1130,760,1298,1124,1222,1084,942,1208
"ENSG00000110955",4476.99999,4690,61234,53380,45632,39062,40029,34349,36592,40773,37842,35993,36327
"ENSG00000110958",3187,3639,9988,9846,8337,11606,11000,8791,9014,7048,5762,6505,6745
"ENSG00000110987",1010,1468,360,364,390,748,486,762,785,1602,1761,1239,1755
"ENSG00000111011",2102.99999,2617.99999,1319,1086,1068,1836,1095,1548,1742,2126,2044,1527,1821
"ENSG00000111052",108,135,139,164,129,243,138,147,138,584,648,566,602
"ENSG00000111057",311,255,18801,15713,14093,6782,5078,5672,5954,388,351,319,315
"ENSG00000111058",242,271,556,435,453,761,498,629,685,292,245,297,207
"ENSG00000111077",82,47,142,110,108,59,13,48,36,31,30,24,29
"ENSG00000111110",435,562,922,995,747,492,267,483,397,437,422,372,414
"ENSG00000111142",2071,1751,2243,2219,1683,2333,2198,2073,2132,1723,1577,1637,1757
"ENSG00000111144",824,1087.99999,4062,3745,3342,4507,3663,4248,4203,3157,2762,2598,2756
"ENSG00000111145",319,281,202,172,154,110,95,112,87,27,58,65,67
"ENSG00000111186",546,245,10,5,21,107,114,131,101,546,437,468,505
"ENSG00000111196",630.99999,678,1061,1121,1022,1098,943,949,949,915,743,839,955
"ENSG00000111199",76,38.00001,99,85,80,98,95,131,145,9,8,5,11
"ENSG00000111203",455,457.00002,836,602,637,788,604,786,859,1240,1385,1114,1180
"ENSG00000111206",808,711,2097,2026,1892,2382,1636,2701,2526,2516,2152,1997,3035
"ENSG00000111215",58,16,13,11,18,12,0,3,14,36,25,30,12
"ENSG00000111218",48,84,31,27,21,31,19,25,38,78,122,76,68
"ENSG00000111224",407,505.99999,212,233,180,447,217,319,403,494,558,429,449
"ENSG00000111229",2242,2291,3601,3346,2944,4368,5050,3705,3511,3130,2947,3083,3004
"ENSG00000111231",322,296,1499,1295,1231,1499,1641,1207,1278,828,706,800,831
"ENSG00000111237",1111,1343,1455,1472,1307,1621,1686,1379,1368,1619,1496,1739,1684
"ENSG00000111247",804.00001,939.99999,762,818,669,1080,1080,916,911,821,654,748,827
"ENSG00000111249",1190,1968,70,59,38,36,15,36,37,197,219,186,168
"ENSG00000111252",91,137,347,237,242,95,53,92,71,42,42,43,43
"ENSG00000111254",35,38,97,149,71,156,67,132,118,191,209,167,176
"ENSG00000111261",123,103,159,156,140,160,114,142,187,482,501,386,465
"ENSG00000111266",587,879,831,765,701,706,406,532,516,3562,3791,3059,3230
"ENSG00000111269",298,472,551,557,441,783,506,563,697,643,596,642,639
"ENSG00000111271",374,522,1129,1072,909,1092,627,1005,1234,1152,1281,1021,963
"ENSG00000111275",520,559,1742,1503,1389,1642,1330,1529,1703,2210,2080,1971,2197
"ENSG00000111276",605,864,103,83,65,142,148,141,156,406,349,305,415
"ENSG00000111300",854.00001,682.99999,1932,1931,1610,1703,829,1439,1505,1336,1155,1090,1280
"ENSG00000111305",50.99999,106.99999,39,20,29,9,4,9,6,19,53,28,13
"ENSG00000111325",127,137,470,345,325,371,370,389,343,376,407,296,388
"ENSG00000111328",1989,2520.99999,814,646,610,1057,1315,1010,984,1030,884,854,1095
"ENSG00000111344",29.00001,13,138,173,98,109,49,72,106,8,8,20,5
"ENSG00000111348",154,150,19,21,35,23,20,18,21,19,58,55,21
"ENSG00000111358",368,341.99999,626,563,490,743,627,655,668,557,531,469,549
"ENSG00000111361",642,594,1869,1687,1571,2089,1752,1882,1999,1991,1975,1598,1749
"ENSG00000111364",360.99999,350,817,663,689,638,576,634,702,752,770,558,694
"ENSG00000111371",1705.00001,2160.99999,8426,8572,7102,7153,3286,6159,6392,8392,7633,6476,8324
"ENSG00000111412",447,508.99999,405,438,315,467,324,467,424,442,435,347,480
"ENSG00000111445",769,913.99999,1278,1207,1016,1831,1778,1573,1820,2918,2670,2592,2761
"ENSG00000111450",882.99999,953.00002,186,146,185,170,265,156,163,212,207,206,288
"ENSG00000111452",65,35,14,23,12,21,16,39,19,105,72,86,71
"ENSG00000111481",1426,1603.99999,4201,3654,3157,6937,6771,5776,6200,7725,7298,6968,6786
"ENSG00000111490",56,147,9,25,32,58,69,32,79,202,139,152,178
"ENSG00000111530",1859,1963,3928,4997,4325,7280,4044,6039,6458,7187,5900,6670,7552
"ENSG00000111540",1024,1186,815,944,805,1664,1028,1553,1567,1944,2159,1644,2011
"ENSG00000111554",329,417,192,228,172,421,285,367,371,633,546,489,542
"ENSG00000111581",1032,1488.99999,4120,4058,3240,5162,3453,4345,4680,4037,3660,3613,3823
"ENSG00000111596",1298,1935,2195,2099,1805,2484,2044,2522,2380,2650,2505,2406,2316
"ENSG00000111602",990,1112,4025,3881,3342,8793,4345,8438,8769,8643,8241,6516,7325
"ENSG00000111605",2927.99999,2638,4687,4691,3691,5785,3338,5188,5607,4637,4128,3828,4306
"ENSG00000111615",808,1074,764,745,638,735,530,645,643,678,552,541,599
"ENSG00000111639",1340,1579,4917,4134,4008,4035,5625,3954,3746,3706,3626,3667,3545
"ENSG00000111640",38548,41457.99998,188562,148731,136185,233981,236749,221599,235402,124096,120684,100788,110576
"ENSG00000111641",256,267.00001,2505,2196,1915,1723,1275,1740,1797,1134,1124,865,1089
"ENSG00000111642",4078.00001,3807,5780,4854,4326,7804,4368,7664,7483,10089,10594,7232,8305
"ENSG00000111647",651,787.99999,814,927,700,813,371,553,641,1246,1115,996,1009
"ENSG00000111652",426,424.99999,1834,1367,1192,1458,1374,1273,1429,1370,1434,1239,1248
"ENSG00000111653",693.99999,907,821,571,531,1738,2141,1532,1462,2200,2506,2539,2087
"ENSG00000111664",175.99999,190,62,28,63,34,22,35,52,97,129,174,57
"ENSG00000111665",612.99999,567,1459,1088,1123,1377,1380,1403,1547,2087,1875,1696,1954
"ENSG00000111666",318.99999,269.99999,57,87,64,31,24,21,22,80,73,68,65
"ENSG00000111667",641,608.00001,3624,3566,3195,4302,2689,4261,4511,5466,5494,3963,4896
"ENSG00000111669",5482.99999,6101,58810,49179,44127,71639,65690,66658,68230,40185,41895,33031,35457
"ENSG00000111670",311,315,524,422,414,280,221,229,263,131,107,98,150
"ENSG00000111671",101,117,136,112,90,141,150,141,122,76,72,61,49
"ENSG00000111674",1779,1873.99999,4523,3844,3516,8282,5953,7636,8761,10035,11131,7687,8275
"ENSG00000111676",1701,1206,217,183,187,296,190,327,287,349,424,249,330
"ENSG00000111678",2029.00001,2182.00001,1552,1111,1246,2112,4258,2082,1984,2424,2601,2469,2241
"ENSG00000111684",225,365,1665,1537,1291,1536,1023,1242,1455,648,660,499,549
"ENSG00000111696",56,74,507,567,479,416,196,407,498,413,376,242,463
"ENSG00000111707",696,718.00001,1301,1551,1386,1583,956,1603,1374,1275,1225,1376,1538
"ENSG00000111711",379,452.99998,759,888,737,1088,1003,655,761,631,494,840,697
"ENSG00000111716",7763.00001,9675,39506,35447,31876,39786,34296,35280,35172,34872,30981,28439,31837
"ENSG00000111725",277,301,1100,1137,852,1244,1111,1297,1319,1737,1855,1531,1681
"ENSG00000111726",500,611,2692,2538,1986,1494,1096,1136,1195,1358,1240,1191,1206
"ENSG00000111727",306,336,30,44,35,75,56,58,58,290,273,249,229
"ENSG00000111728",205,223,32,16,29,41,80,51,47,549,592,442,568
"ENSG00000111731",1022.00001,1651.99999,999,1081,860,1431,753,1122,1065,1526,1537,1450,1459
"ENSG00000111737",310,323,178,144,137,144,130,156,190,188,295,152,239
"ENSG00000111752",276,261,17882,15229,13658,1810,1184,1800,1892,1182,1235,945,1001
"ENSG00000111775",2094,2606,14985,11727,11696,9561,17657,8425,8616,12169,11842,13116,12419
"ENSG00000111783",254,327,2,2,3,7,20,14,15,332,405,407,289
"ENSG00000111785",709.00001,1263.00001,727,582,551,513,413,554,602,679,638,628,650
"ENSG00000111786",3756,4255,646,456,553,508,938,672,418,648,532,602,915
"ENSG00000111790",476.00001,612,466,459,380,774,586,631,649,675,629,687,620
"ENSG00000111802",471,505,874,852,756,803,786,734,755,703,551,577,539
"ENSG00000111817",314,443,1523,1611,1474,691,380,630,551,560,522,457,407
"ENSG00000111832",1587,1819,800,711,724,581,980,598,530,1044,927,1040,1013
"ENSG00000111834",59,256,5,1,7,51,34,34,32,195,146,161,169
"ENSG00000111837",2094,1813,28,10,21,43,19,33,43,120,109,80,152
"ENSG00000111843",1726,2045,2801,2481,2275,3123,4392,2547,2655,2649,2664,2955,2595
"ENSG00000111845",392,453,1521,1419,1189,933,1139,847,902,710,561,679,684
"ENSG00000111846",293,240,2182,2381,1741,1130,683,663,921,775,670,584,663
"ENSG00000111850",544,579,333,390,273,454,491,410,441,643,641,647,615
"ENSG00000111859",383,467,328,264,270,436,198,364,381,3638,3561,2994,2898
"ENSG00000111860",418,1104,325,329,269,197,90,207,237,408,364,369,359
"ENSG00000111875",457,616,1227,1128,968,1183,1223,1052,1092,1242,1055,1220,1307
"ENSG00000111877",482,422,172,216,142,160,168,193,180,273,270,228,273
"ENSG00000111879",374,481.00001,115,63,45,103,70,87,64,80,61,68,93
"ENSG00000111880",565.99999,1182,841,874,591,1179,552,953,1055,1155,917,1007,955
"ENSG00000111885",1502,2868,41,37,22,16,21,13,18,78,60,97,74
"ENSG00000111897",1279,1279,1606,1595,1257,3121,1982,2159,2652,4574,4923,4814,4268
"ENSG00000111906",753,804.00001,2487,2147,2112,1750,2209,1685,1633,1669,1695,1597,1704
"ENSG00000111907",306.99999,198.99999,183,140,165,270,222,258,228,157,186,184,213
"ENSG00000111911",372,312,286,243,199,327,131,256,246,412,347,376,462
"ENSG00000111912",136,126.99999,192,163,166,140,49,96,99,184,110,102,113
"ENSG00000111913",266.99999,234.99999,1968,1975,1612,16,15,16,28,27,36,20,26
"ENSG00000111961",367,548,317,275,252,338,179,265,255,259,374,243,241
"ENSG00000111962",71,88,424,293,265,183,193,182,155,116,103,96,85
"ENSG00000111981",18,14,23,34,23,98,48,74,91,98,88,111,105
"ENSG00000112029",506,611,1229,1213,1062,1985,1672,1707,1581,1908,1426,1546,1635
"ENSG00000112031",239.99998,232,643,755,609,616,457,626,592,809,725,798,809
"ENSG00000112033",358,649,307,249,279,324,185,382,406,355,391,240,266
"ENSG00000112039",138,118,130,59,94,87,103,93,98,81,75,79,95
"ENSG00000112041",66.00001,84.99999,32,26,28,24,16,24,39,310,276,243,397
"ENSG00000112062",924,895,427,280,394,515,690,621,413,222,222,255,499
"ENSG00000112078",889,1090,997,968,815,1558,988,1272,1449,2517,2127,2419,2837
"ENSG00000112079",552,657,644,731,586,1122,652,1044,991,804,737,549,705
"ENSG00000112081",4827,5922,15625,14787,13665,13682,17457,12101,12109,12934,10717,12476,12386
"ENSG00000112110",698,685,1594,1309,1288,1042,1174,889,887,981,1002,833,1009
"ENSG00000112118",1746,1633.99999,15103,14166,11845,15957,9623,16030,16572,12960,11527,9267,11555
"ENSG00000112130",423,477,886,758,809,1089,989,1009,1084,750,773,650,771
"ENSG00000112137",833.99999,513.99999,291,286,231,333,182,262,314,683,757,502,667
"ENSG00000112139",149,171.99999,28,19,16,113,59,71,89,129,210,123,157
"ENSG00000112144",430,491.00001,390,432,324,505,203,433,421,678,809,654,638
"ENSG00000112146",620,754,1051,932,832,914,704,866,768,852,849,855,839
"ENSG00000112149",55,59,222,189,182,128,102,130,123,430,396,345,402
"ENSG00000112159",766.00001,827.99999,5347,4826,4450,2278,885,1670,1717,1184,1111,768,854
"ENSG00000112167",195,215.99999,258,283,251,336,294,301,262,686,612,518,595
"ENSG00000112182",1190.00001,732.00001,25,64,18,140,102,139,133,1099,1077,837,1191
"ENSG00000112183",256,201.99999,6,5,7,106,121,62,89,111,96,127,106
"ENSG00000112186",768,907,808,689,635,1130,827,981,1066,1940,1782,1688,1890
"ENSG00000112200",898.99998,1193,1105,1258,1134,2134,994,1472,1719,1768,1577,1619,1524
"ENSG00000112208",208,199,346,325,351,130,110,90,90,375,257,367,410
"ENSG00000112210",402,442,155,206,239,467,388,425,368,275,212,331,470
"ENSG00000112218",108,181,357,393,320,402,166,383,409,450,404,268,416
"ENSG00000112234",608,828,536,547,481,523,332,460,514,676,563,682,635
"ENSG00000112237",1128,1023,2957,3008,2184,2036,2468,1616,1729,930,852,1139,1155
"ENSG00000112242",447,382,637,608,606,951,640,945,765,462,478,392,646
"ENSG00000112245",1065,1219,2539,3209,2630,4172,2998,3269,3262,4727,3197,4121,4737
"ENSG00000112249",522,948.99999,4586,4413,3802,2116,852,1900,1777,2230,2032,1622,2016
"ENSG00000112276",46,24,60,95,62,190,101,107,150,287,186,278,293
"ENSG00000112280",1089.00001,1202.00001,453,440,377,1462,964,1472,1623,658,795,681,716
"ENSG00000112282",552,494,656,606,502,1077,448,908,945,1265,1162,1036,993
"ENSG00000112290",808,1073,878,954,780,2008,1284,1800,1949,5469,4697,4465,5386
"ENSG00000112293",72,109.99999,261,178,183,99,34,56,89,62,82,48,88
"ENSG00000112294",234,167,45,32,29,35,32,47,29,135,196,120,144
"ENSG00000112297",23,30,301,350,280,20,12,20,21,11,18,5,13
"ENSG00000112304",433,710.00001,2313,2079,1958,993,1061,857,806,1045,1126,950,1132
"ENSG00000112305",830.00001,1114,911,1046,961,1401,1131,1142,1213,1329,1178,1160,1454
"ENSG00000112306",23013,29026,10588,8893,8844,8528,13335,9306,7771,5830,6044,6371,5882
"ENSG00000112308",1054,1324,3389,3704,2997,3145,1626,2678,2968,2741,2675,2237,2828
"ENSG00000112309",48,166,34,27,27,97,54,92,75,44,14,27,49
"ENSG00000112312",1365,1640.00001,2761,2404,1918,2207,3657,1874,1956,2063,1832,2217,2122
"ENSG00000112319",174,112,1,1,1,5,7,8,12,155,128,127,139
"ENSG00000112320",607,614,46,26,19,176,104,152,128,102,142,111,95
"ENSG00000112333",603,641,0,0,2,13,3,1,4,1071,1023,1159,2320
"ENSG00000112335",1102.99999,1215,814,932,946,1308,2274,1138,983,1719,1549,2208,2756
"ENSG00000112339",841,1074.00001,2252,2141,1911,3067,2129,2478,2770,2195,1980,1874,1953
"ENSG00000112357",137,283,146,215,240,199,267,190,180,139,88,154,194
"ENSG00000112365",182,163.00001,514,549,473,588,353,573,651,310,230,259,326
"ENSG00000112367",1016.99999,1269.00002,1585,1664,1317,2391,1587,1773,2059,1721,1674,1521,1479
"ENSG00000112378",197,238,1416,1684,1600,2328,2006,1699,1710,241,223,253,288
"ENSG00000112379",92,71,1277,1027,964,1138,688,1048,928,462,445,355,380
"ENSG00000112394",55,21,92,72,85,30,31,19,27,68,48,68,57
"ENSG00000112406",150,184,49,45,53,98,46,95,71,218,198,167,211
"ENSG00000112414",36,22,44,42,37,15,9,20,22,19,25,18,21
"ENSG00000112419",491,687.99999,1302,1270,1080,882,447,780,877,601,498,420,547
"ENSG00000112425",151.00001,196,58,46,45,60,55,63,29,108,108,89,101
"ENSG00000112473",403.99998,310.00001,2424,2246,1851,2068,1420,2064,2227,2459,2494,2044,2250
"ENSG00000112511",285.99999,211.00001,462,352,368,658,533,590,713,590,565,566,604
"ENSG00000112514",2121,2000,3912,3102,3232,4172,4546,3868,3795,4831,4672,4033,4379
"ENSG00000112530",32,57,3,3,6,21,13,16,11,109,120,106,64
"ENSG00000112531",3765.99999,2904.00001,760,816,663,1499,885,1183,1116,1641,1476,1430,1566
"ENSG00000112539",87,79,11,0,0,33,13,26,33,183,174,161,141
"ENSG00000112541",1124.99999,3018,74,44,30,151,143,126,124,510,481,390,419
"ENSG00000112559",447,385.00001,223,284,268,538,393,487,438,219,291,283,333
"ENSG00000112561",37.00001,19.00001,35,21,17,21,11,26,20,26,30,24,18
"ENSG00000112576",227.00001,253,296,271,248,259,244,251,229,245,207,205,265
"ENSG00000112578",185,166,1308,1130,988,1096,920,1012,1103,922,786,711,922
"ENSG00000112584",1303.99999,896,618,695,577,1611,743,1400,1432,1559,1669,1289,1351
"ENSG00000112592",379,378.99999,744,745,699,952,1096,811,935,768,781,749,763
"ENSG00000112599",34,82,22,14,14,40,13,35,27,29,31,29,33
"ENSG00000112624",436,362,164,127,113,174,108,185,176,169,175,98,123
"ENSG00000112640",420,439,1792,1805,1474,2380,1456,2194,2641,2571,2404,2020,2418
"ENSG00000112651",330,322,1210,848,871,652,830,697,664,790,657,701,685
"ENSG00000112655",674.00001,807.00001,1042,878,892,1316,1086,1507,1362,834,811,656,1140
"ENSG00000112658",356,271,342,280,229,171,147,173,164,143,107,89,109
"ENSG00000112659",392.99999,318,294,275,200,394,203,448,532,1003,1171,776,853
"ENSG00000112667",843,850,1626,1259,1267,1585,2337,1522,1651,1590,1576,1344,1613
"ENSG00000112679",441.99999,741.00001,333,377,360,842,674,881,772,844,767,799,1084
"ENSG00000112685",236,293,2370,2544,2145,1996,978,1803,2052,1721,1709,1468,1647
"ENSG00000112695",3080.00001,3425,6643,5779,5370,4734,9128,4629,4082,4988,5125,5877,5076
"ENSG00000112697",591,614,1608,1900,1418,1837,898,1283,1691,2111,1887,2193,2008
"ENSG00000112699",93,125,170,126,231,126,154,130,80,58,43,59,141
"ENSG00000112701",2194.00001,2360.00001,788,1056,1097,1388,857,1176,1130,1362,1059,1334,1856
"ENSG00000112715",522.99999,408,312,236,272,682,714,662,608,625,595,624,800
"ENSG00000112739",1924,2034,1399,1362,1131,1286,766,1141,1220,1487,1343,1219,1397
"ENSG00000112742",768,960,1710,1733,1384,2864,2338,2201,2513,2051,1616,1940,2078
"ENSG00000112759",301.99999,289,8658,7112,6406,6788,4464,5883,6435,1757,1491,1201,1548
"ENSG00000112763",282.99999,262.99999,329,341,239,379,261,367,378,898,884,720,754
"ENSG00000112769",212,209,29,48,47,38,29,35,24,98,96,88,64
"ENSG00000112773",105,94,173,144,124,157,67,145,154,78,100,67,69
"ENSG00000112787",1488.00001,1077,96,55,59,62,43,110,76,85,95,67,113
"ENSG00000112796",36,20,673,663,442,768,427,540,569,34,65,94,72
"ENSG00000112851",4630.00001,4944.00001,380,329,279,492,241,453,476,753,806,698,678
"ENSG00000112852",910,363,416,443,432,543,361,534,627,842,982,870,722
"ENSG00000112855",260,292,936,853,755,1229,826,1108,1182,1028,1071,985,954
"ENSG00000112874",170,171,275,291,268,376,333,281,404,452,359,488,420
"ENSG00000112877",224,191,506,496,389,559,411,520,602,555,475,467,465
"ENSG00000112893",854,952,1282,1350,1153,1568,807,1244,1237,323,334,337,375
"ENSG00000112902",1978,1969,494,522,416,1304,762,1333,1263,1547,1447,1391,1540
"ENSG00000112941",474,468,255,165,160,219,191,220,183,217,173,141,147
"ENSG00000112964",43,73,3,2,3,6,2,6,12,24,42,24,28
"ENSG00000112972",2130,3969,3171,3823,2908,5725,2974,3851,5368,6769,6726,5749,7458
"ENSG00000112977",1206,1178,309,256,217,353,397,430,369,906,760,806,1014
"ENSG00000112981",151,235,6,17,7,75,105,78,80,203,178,219,223
"ENSG00000112983",1354.00001,1620.99999,2046,1799,1574,3526,2200,3135,3484,4752,4819,4569,4370
"ENSG00000112984",442,703,3473,3510,2872,4808,2730,4085,4524,4192,3810,3418,3920
"ENSG00000112992",626,1108,645,588,438,810,381,617,658,2635,2357,2217,2238
"ENSG00000112996",258,516,1561,1230,1220,1125,906,935,966,1008,867,984,952
"ENSG00000113013",2054.00001,2162.00001,13832,13294,11089,8674,6044,7951,8627,8065,7330,6594,7610
"ENSG00000113048",889.00001,2074,4398,3982,3253,4195,4291,3686,3856,3822,3292,3445,3647
"ENSG00000113068",849,949,1769,1515,1405,1933,1946,1808,2025,2538,2470,2430,2427
"ENSG00000113070",76,22,45,49,59,41,18,40,49,73,92,76,46
"ENSG00000113083",52,71,29,31,48,110,104,76,107,173,129,173,292
"ENSG00000113108",288,284.99999,238,191,185,186,156,225,260,535,731,577,531
"ENSG00000113119",114,125,549,514,480,550,381,586,559,499,426,354,441
"ENSG00000113140",4760,4768,14367,12971,10548,7863,5994,5994,6840,29019,30720,28105,24066
"ENSG00000113141",1303.00001,1656.99999,2212,1759,1786,2953,2032,2510,2837,2951,3302,2462,2739
"ENSG00000113161",1151.00001,1774,7237,7642,6261,10185,5332,7754,9245,10085,9391,8222,9056
"ENSG00000113163",1053,3973,863,822,683,961,577,879,915,733,721,605,717
"ENSG00000113194",673,799,2375,2183,1702,2953,1717,2279,2701,3969,3697,3282,3449
"ENSG00000113205",27,35,13,21,19,19,11,26,28,50,31,32,41
"ENSG00000113231",158,86,24,31,20,47,18,31,49,38,41,12,49
"ENSG00000113240",420,580.00001,325,287,216,385,208,265,314,771,677,661,700
"ENSG00000113248",55,56,17,23,15,26,31,40,44,39,37,19,29
"ENSG00000113269",2102,2011.99999,1109,1187,1227,3824,3608,3342,2991,2708,2437,2624,3143
"ENSG00000113272",157,195,338,293,253,321,250,319,297,393,361,336,471
"ENSG00000113273",422,381.00001,214,181,161,219,182,250,142,171,188,214,389
"ENSG00000113282",1147,1345,2420,2181,1957,2503,1456,1819,1990,2225,1980,1967,1736
"ENSG00000113296",121,185,379,417,375,664,598,670,708,454,525,489,464
"ENSG00000113300",1040.99999,1135,562,452,374,587,354,492,512,762,587,607,728
"ENSG00000113312",812,980.99999,1497,1303,1038,1613,1914,1259,1367,1179,1084,1112,1156
"ENSG00000113318",887.99999,1247.00001,427,509,486,710,477,678,626,704,550,615,929
"ENSG00000113319",742,584,289,253,154,30,12,33,20,54,78,66,49
"ENSG00000113328",1822.00001,2002,14021,14600,11345,12305,7949,9079,10305,10309,8122,8985,10088
"ENSG00000113356",187.00001,130,4175,4347,3320,556,434,395,406,52,63,48,79
"ENSG00000113360",1067.99999,953.99999,1919,2094,1783,2277,1040,2095,2176,1994,1937,1522,2029
"ENSG00000113361",3356.99999,3351,45,50,56,3305,1739,2851,3536,480,595,498,441
"ENSG00000113368",1400,1577,268,259,260,379,304,333,299,437,288,366,625
"ENSG00000113369",465,736,248,240,203,6745,3369,5120,6085,12889,10212,11850,12058
"ENSG00000113384",508,683,386,382,359,440,532,459,318,360,235,215,591
"ENSG00000113387",2278,2913,3741,3646,3439,4497,5636,3618,3430,3653,3025,3838,3675
"ENSG00000113391",572.00001,934,279,365,316,598,421,470,520,958,760,1060,1080
"ENSG00000113407",1336.99999,1477,7901,7544,6503,3351,2544,3115,3356,3538,2999,3098,3371
"ENSG00000113441",501,470,113,155,130,257,118,176,197,525,485,550,383
"ENSG00000113448",537,1156.99999,26,37,27,32,12,29,27,122,186,133,102
"ENSG00000113456",455,576.00001,1018,1075,853,1099,849,853,902,1125,917,921,1170
"ENSG00000113460",443,538,1677,1581,1384,1668,1295,1324,1434,1144,890,1003,1074
"ENSG00000113494",311.00001,944,35,35,20,21,17,15,26,3,7,5,4
"ENSG00000113504",341,294,712,729,649,1137,614,1183,1191,1244,1114,1028,1524
"ENSG00000113522",1353.99999,1522,1629,1572,1365,2178,1088,1951,1911,1009,990,792,855
"ENSG00000113532",65,162,17,10,6,94,62,45,61,443,329,365,338
"ENSG00000113552",675,907.99999,2754,2583,2365,3134,2719,2666,2834,2994,2891,2768,2824
"ENSG00000113555",19,15,30,20,19,9,8,5,7,15,14,13,11
"ENSG00000113558",4464.99999,5440.99999,6099,5563,4646,7612,9272,6774,6498,6683,6756,7404,7084
"ENSG00000113569",886,1037,3184,3698,2740,3351,1499,2707,3046,2431,2142,1894,2363
"ENSG00000113575",1568,1770.00001,5756,6574,5424,8835,7534,7340,7222,8382,7099,8545,9195
"ENSG00000113580",213,238,124,80,54,204,85,171,126,409,511,393,318
"ENSG00000113583",639,725,930,899,779,1372,929,970,1089,1374,1258,1336,1285
"ENSG00000113593",650.99999,780.99999,1044,975,853,1406,937,1215,1272,977,810,770,1050
"ENSG00000113594",151,212,197,173,159,62,40,61,68,185,192,132,185
"ENSG00000113595",445.99999,479,295,294,287,497,328,375,386,588,529,560,484
"ENSG00000113597",894,812,423,383,317,423,617,340,354,503,437,497,503
"ENSG00000113615",397,441,1044,1185,845,911,344,821,778,1007,954,837,856
"ENSG00000113621",677,717,410,371,302,444,349,336,383,952,890,914,925
"ENSG00000113638",764,597,215,282,232,701,502,493,588,1167,1032,1159,937
"ENSG00000113643",827,1030,3251,3353,2647,3459,2871,2929,3052,1787,1529,1563,1766
"ENSG00000113645",426.00001,350.99999,180,147,128,91,73,102,65,109,102,131,122
"ENSG00000113648",3038.99999,3124,2501,2434,2459,4162,4060,3396,3297,10341,9446,9443,10821
"ENSG00000113649",2115.99999,2428.00001,3440,3227,2963,4539,2545,4243,4386,3351,3287,2886,3571
"ENSG00000113657",1093,1071,8590,8192,6945,15989,9783,15162,16929,10153,11699,8088,9369
"ENSG00000113658",1086.99999,1243,1824,1993,1584,2959,1380,2288,2333,2040,1864,2061,1975
"ENSG00000113712",2337,2438,4972,4836,3970,6390,4365,5280,5650,6480,6229,5924,6378
"ENSG00000113716",457,504.00001,1107,1210,986,1517,881,1311,1517,1164,1096,1094,1348
"ENSG00000113719",1225.99999,1281.00001,779,753,753,737,452,670,606,1321,1284,1121,1561
"ENSG00000113721",426.00001,383,402,458,303,451,179,461,419,255,326,331,219
"ENSG00000113732",894.99999,940.00001,2042,1737,1524,2195,2557,2187,2173,1455,1651,1459,1369
"ENSG00000113734",158,221,242,210,186,216,338,177,186,581,610,608,561
"ENSG00000113739",320,137,2401,1857,1775,1923,1216,1744,2112,2205,2405,1678,2167
"ENSG00000113742",391.00001,373.00001,221,309,218,203,120,156,183,382,487,348,364
"ENSG00000113758",2244,2101.00001,7930,6932,6284,7603,5764,8077,8792,10730,12335,8424,9988
"ENSG00000113761",521.99999,426,1064,911,825,1432,1179,1223,1357,1998,1944,1693,1695
"ENSG00000113763",81,53,47,43,31,114,82,107,118,132,153,64,168
"ENSG00000113790",16,50,88,107,97,103,39,88,95,65,68,68,63
"ENSG00000113810",3993,4632.99998,1808,1892,1542,2935,1757,2522,2494,3741,2834,3048,4007
"ENSG00000113811",1170,1471,967,929,924,1434,2154,1332,1164,1818,1856,2063,1847
"ENSG00000113812",280,275,778,795,585,980,521,743,889,1177,1043,1001,977
"ENSG00000113838",283,422,530,578,474,811,759,673,706,953,897,946,914
"ENSG00000113845",1151,827,2542,2104,1960,1876,2230,1754,1686,1754,1845,1838,1708
"ENSG00000113851",456,736.00001,920,877,799,1769,1798,1319,1439,1542,1742,1989,1709
"ENSG00000113916",125,94.00001,78,61,67,198,141,199,191,226,192,205,229
"ENSG00000113966",424,420.00001,202,151,110,249,228,166,210,251,232,289,257
"ENSG00000113971",422,365,143,135,118,197,164,201,206,181,139,167,205
"ENSG00000114019",484.99999,467.99999,1973,1758,1729,1514,816,1384,1503,4248,5148,3924,3969
"ENSG00000114021",452,534,1168,922,773,652,810,518,536,829,873,967,813
"ENSG00000114023",875.00001,1180,5481,4730,4470,10382,12868,8974,8839,3070,3239,3246,2890
"ENSG00000114026",555.00002,596,792,648,664,867,887,822,905,988,971,877,815
"ENSG00000114030",984.00001,1301.99999,1821,2122,1604,2699,1453,2357,2261,3781,3495,3180,3392
"ENSG00000114054",576.99999,842,2855,2627,2380,3299,3065,2867,2956,2401,2166,2152,2278
"ENSG00000114062",1714.99999,2231,1890,2453,2144,2948,1687,2602,2321,2686,2229,2648,3284
"ENSG00000114098",1912.99999,2203.99999,1545,1508,1184,1965,1493,1648,1803,1623,1549,1467,1559
"ENSG00000114107",1019,1011.00002,685,700,583,1187,844,936,1064,1287,1057,1074,1138
"ENSG00000114115",4074,3655,449,343,381,803,1055,698,598,5267,6325,5571,5271
"ENSG00000114120",1228.99999,1993,2092,1780,1538,3149,1862,2653,2667,2176,1961,1827,1933
"ENSG00000114125",1871.99999,1904,3082,2657,2511,2829,3390,2805,2737,3495,3617,3592,3613
"ENSG00000114126",2955,2775,1248,1110,973,1886,1368,1591,1633,3724,3897,3340,3667
"ENSG00000114127",1113,1461.99999,333,383,265,590,196,444,491,533,685,520,495
"ENSG00000114166",320,413,43,34,25,68,49,61,52,75,49,60,58
"ENSG00000114200",730,698.99999,172,210,164,197,132,145,141,348,418,360,386
"ENSG00000114209",814,902,1791,1611,1305,1479,1789,1261,1279,717,740,786,867
"ENSG00000114251",398,419,38,46,47,112,42,75,53,166,193,229,226
"ENSG00000114268",958,328.99999,1970,1682,1353,11883,7958,11439,13523,3276,3899,2569,2835
"ENSG00000114270",199.00001,142,114,74,68,87,56,132,151,174,301,171,201
"ENSG00000114279",56,68,102,122,105,74,53,85,76,81,101,100,98
"ENSG00000114302",1146.99999,1136.00001,604,698,688,950,625,914,792,996,878,758,1111
"ENSG00000114315",1287,1150,84,67,64,347,284,262,273,201,143,150,137
"ENSG00000114316",530,683,901,921,855,1714,982,1662,1580,1819,1639,1483,1745
"ENSG00000114331",1012.00001,1071.99999,536,651,585,1122,555,866,843,646,584,736,759
"ENSG00000114346",1281.00001,1882,2563,2841,2213,4166,2393,3314,3644,4001,3204,3304,4031
"ENSG00000114353",2916.99999,3091.00001,1115,845,1083,2293,3497,3039,1954,1859,1505,1537,3649
"ENSG00000114354",2575.00001,1786.00002,2194,2568,2126,3373,2528,2942,2983,3990,3501,3632,4280
"ENSG00000114378",16,61,254,223,184,90,56,98,92,29,19,28,22
"ENSG00000114383",359.99999,421,703,807,770,939,1184,872,933,806,932,847,829
"ENSG00000114388",306,321,1159,873,750,1100,1423,908,903,1441,1509,1420,1237
"ENSG00000114391",8972,11516.00001,6785,5812,6245,7212,13954,6839,6042,5708,5411,6036,5220
"ENSG00000114395",166,187.99999,417,375,325,343,365,297,381,376,387,359,383
"ENSG00000114405",366,459,279,253,216,188,265,203,171,610,470,526,571
"ENSG00000114416",2038.99998,2531.00001,2318,2195,1962,3081,1966,2602,2689,1779,1455,1444,1675
"ENSG00000114423",1987,2558.00002,710,673,548,1678,992,1478,1661,995,961,765,663
"ENSG00000114439",1792.00001,2707.99999,1529,1398,1241,3150,1806,2710,2773,2905,3149,2327,2674
"ENSG00000114446",1032,1770,953,874,807,1824,1810,1668,1863,2393,2206,2220,2317
"ENSG00000114450",472.99999,774.00001,601,784,548,658,449,686,783,278,286,308,351
"ENSG00000114473",257.00001,488.99999,198,221,187,250,186,243,309,430,384,381,384
"ENSG00000114480",264,369.00001,876,789,666,1543,978,1070,1221,676,738,674,616
"ENSG00000114491",491,580,2001,1836,1712,2076,1829,1800,1726,1635,1501,1444,1583
"ENSG00000114503",956.99999,1128,3419,3379,2740,3662,2498,3193,3504,3971,3447,3350,3555
"ENSG00000114520",804,1333,769,771,723,1278,906,942,1116,1483,1283,1348,1366
"ENSG00000114529",38,19,349,370,320,75,102,98,108,23,16,34,23
"ENSG00000114541",1446,1751,113,110,89,245,132,267,262,1886,1716,1417,1525
"ENSG00000114544",438,439,808,715,663,838,723,762,793,1301,1405,1049,1384
"ENSG00000114554",615,446,1643,1191,1039,2117,1360,2064,2202,1968,2360,1575,1853
"ENSG00000114573",1093.00001,1226,3733,3656,2832,5200,3298,4195,4287,4115,4291,3744,3943
"ENSG00000114626",85.00001,96.99999,74,93,84,115,85,116,154,72,70,80,57
"ENSG00000114631",497,484,156,224,355,370,382,472,325,503,443,583,1242
"ENSG00000114646",620.99999,406,10,13,6,26,22,19,22,90,100,79,80
"ENSG00000114648",338,260,1118,982,849,742,409,757,757,795,715,607,728
"ENSG00000114650",583,527,4232,3912,3182,4161,2664,4331,4670,3925,4292,3363,4174
"ENSG00000114656",204,121,159,124,126,149,151,109,135,214,198,171,242
"ENSG00000114670",135,258,41,24,37,39,62,38,51,33,26,56,24
"ENSG00000114686",1281.99999,1440.99999,3008,2780,2442,2116,1933,1781,1702,1721,1318,1445,1539
"ENSG00000114698",44,87,21,31,14,11,9,7,9,11,14,20,23
"ENSG00000114735",242,287,520,371,361,641,598,625,661,862,893,835,735
"ENSG00000114737",49,50,98,76,49,98,67,86,83,154,183,127,145
"ENSG00000114738",378,378,3088,2759,2514,3985,3573,3793,4331,4867,4374,4422,5006
"ENSG00000114739",995,1028,3323,3930,3058,4800,1744,3898,4141,3813,4162,2965,3583
"ENSG00000114742",480,812,2154,2382,2076,4112,2290,3591,3706,4678,4457,4088,4252
"ENSG00000114744",579.99999,631,1661,1523,1233,1663,1822,1332,1395,1943,1702,2066,1969
"ENSG00000114745",403,316.00001,1348,1286,1035,1325,866,1209,1293,1896,1935,1643,1917
"ENSG00000114757",660,599.99999,62,57,41,7,3,20,11,39,69,31,44
"ENSG00000114767",160,170,1887,1385,1425,1060,1126,961,984,971,992,718,986
"ENSG00000114770",515,759,1243,1235,1001,1464,847,1488,1511,1455,1928,1411,1351
"ENSG00000114779",116.99999,137,282,261,211,211,145,183,192,274,264,273,252
"ENSG00000114784",1271,1435,2198,2248,1808,2369,2064,2127,2148,3523,3488,3015,3050
"ENSG00000114786",16,68,52,37,76,88,123,133,68,216,218,225,240
"ENSG00000114790",1721,2721,436,432,365,967,416,892,855,726,736,617,741
"ENSG00000114796",756,1064.00001,779,899,702,1688,739,1171,1317,2711,2991,2606,2378
"ENSG00000114805",2250.99999,3011.00001,813,707,623,2040,793,1801,1790,5030,5059,3832,4105
"ENSG00000114841",115,115,24,15,19,51,26,48,59,56,112,55,71
"ENSG00000114850",1595.00001,1915.00001,4589,4751,3984,4787,3754,3694,4203,2844,2652,2855,2833
"ENSG00000114853",106,190,15,17,25,16,14,15,9,40,25,15,28
"ENSG00000114854",39,18,61,34,41,48,79,55,49,5,9,5,4
"ENSG00000114857",1890.00001,2124,1370,1110,1010,1746,930,1428,1724,1334,1482,1293,1242
"ENSG00000114859",158.99999,100.00001,214,199,138,356,302,395,440,178,195,171,253
"ENSG00000114861",2411.99997,3031.99996,495,445,516,991,504,869,872,2082,2220,1981,2600
"ENSG00000114867",1758.99999,2018.00002,8505,7852,6925,5854,3087,6040,6184,6006,6283,4484,6128
"ENSG00000114902",1841,2020,3406,3351,2709,3075,2700,2434,2704,2543,2206,2243,2610
"ENSG00000114904",432,595,808,798,631,1056,497,959,973,1177,1066,935,1066
"ENSG00000114923",133.00001,144,170,102,158,157,86,151,164,199,218,153,174
"ENSG00000114933",499,635,850,866,748,654,302,507,493,530,481,417,433
"ENSG00000114942",4548,5173,8426,7563,7186,9234,15178,8926,8299,6697,6061,6654,6724
"ENSG00000114948",347,363,191,129,110,128,125,148,124,219,297,205,204
"ENSG00000114956",1275.00001,1617,3115,2558,2722,3000,3507,2507,2798,3430,3066,2973,3094
"ENSG00000114978",1198,1499,2549,2603,2153,3795,2361,3044,3298,3695,3202,3351,3510
"ENSG00000114982",1329,1183.99999,1462,1523,1102,2342,1242,2278,2471,6279,6578,4838,5845
"ENSG00000114988",373.99999,366,1039,946,811,1478,1259,1329,1413,1736,1501,1350,1500
"ENSG00000114993",246,251,1072,858,866,949,513,767,782,708,788,534,833
"ENSG00000114999",888,888,582,435,431,447,396,441,460,653,599,540,649
"ENSG00000115008",27,26,31,45,55,86,67,29,57,44,51,64,66
"ENSG00000115020",772.00001,751,603,731,628,776,304,719,697,763,803,666,673
"ENSG00000115041",34,49,8,8,9,28,25,34,25,35,40,31,33
"ENSG00000115042",314,310,1733,1269,1145,1302,1428,1197,1256,979,986,851,959
"ENSG00000115053",9854.00001,9756.00001,30833,29059,26245,21736,12376,21773,22790,22962,22015,15957,20800
"ENSG00000115073",738,751,343,240,256,429,565,347,368,750,722,797,993
"ENSG00000115084",672,745,701,686,502,916,845,637,844,662,658,771,643
"ENSG00000115091",1520,1634.00001,4586,4699,3524,5935,4119,4521,4957,6021,5210,5512,5895
"ENSG00000115107",28,26,1274,1106,967,157,107,121,171,83,94,66,147
"ENSG00000115109",792.00001,1277.00001,1298,1379,1093,3319,1408,2676,2969,4002,4030,3526,3664
"ENSG00000115128",1801,2083,2193,2015,1804,2216,2008,1980,1906,1755,1480,1448,1779
"ENSG00000115129",599,402,1100,890,831,778,1217,727,794,766,842,715,768
"ENSG00000115137",122,160.00001,103,96,101,214,98,186,151,334,439,314,317
"ENSG00000115138",16,43,21,29,33,1,5,8,3,1593,1259,1553,2125
"ENSG00000115145",323,486,224,249,190,287,184,173,211,431,398,397,355
"ENSG00000115159",500,517.99999,1438,1585,1277,2247,1122,1880,1956,1250,1120,1135,1184
"ENSG00000115163",700,822,106,184,167,409,444,392,359,304,169,334,548
"ENSG00000115170",556.99999,580,139,130,126,223,157,176,207,127,157,150,118
"ENSG00000115183",795,1104.00001,350,337,267,115,67,181,191,179,261,212,171
"ENSG00000115204",614,615,2218,1912,1727,2591,3119,2234,2154,2360,2299,2353,2517
"ENSG00000115207",463.99999,484,5258,4702,3905,4627,3011,4345,4848,3507,3580,2911,3194
"ENSG00000115211",479,506.00001,2871,2260,2024,2482,2286,2235,2316,2349,2203,1896,2001
"ENSG00000115216",987.99999,921,5591,4598,4149,6180,5342,6133,6355,3977,3849,3274,3545
"ENSG00000115226",203,150,50,34,35,33,73,49,42,60,42,48,65
"ENSG00000115232",29,61,32,44,47,216,108,184,235,74,60,82,83
"ENSG00000115233",1189,1393,4569,4241,3602,4102,4485,3441,3661,3925,3496,3818,3931
"ENSG00000115234",1017,1076,3797,3054,2744,4747,5005,4308,4521,5344,5296,5009,4816
"ENSG00000115239",1035,1186.99999,1310,1118,1013,1587,1269,1251,1268,1737,1679,1676,1608
"ENSG00000115241",1814,1690,2519,2783,3587,3887,3866,4314,3433,3190,2464,3045,4716
"ENSG00000115252",84,62,0,5,1,3,1,3,0,46,41,35,18
"ENSG00000115255",287,251,423,354,354,511,601,608,674,424,507,401,460
"ENSG00000115257",100,125,50,18,26,40,34,33,52,94,80,66,76
"ENSG00000115266",412,649,1,10,1,44,57,79,45,251,327,189,279
"ENSG00000115268",7824.99999,7808.99998,16963,12921,13597,11705,16308,12232,11549,10740,10642,9436,10168
"ENSG00000115271",285.99999,349,1116,1073,874,1422,1428,1088,1061,902,754,769,781
"ENSG00000115274",100,39,38,17,22,36,26,39,33,45,46,46,56
"ENSG00000115275",282.99999,277,784,793,1040,1147,1070,1266,1031,643,566,728,1208
"ENSG00000115282",212,214,1584,1360,1035,1126,852,1161,1211,1227,1281,993,1268
"ENSG00000115286",972.00001,920.99999,3191,2412,2418,2352,2910,2343,2590,3328,3793,2931,3244
"ENSG00000115289",114,119,221,194,182,223,229,190,184,361,355,326,345
"ENSG00000115290",39,66,92,79,112,101,61,92,62,5,5,0,1
"ENSG00000115295",285,241.99998,12,4,1,37,14,23,34,94,100,93,64
"ENSG00000115306",1833,1522.00001,6981,7164,5902,4504,1798,4146,4342,4394,4924,3562,3931
"ENSG00000115307",723.00001,762,2458,1831,1806,1431,1578,1280,1517,1883,1981,1719,1747
"ENSG00000115310",8368,9367.99999,1553,1480,1387,1503,1328,1331,1168,1965,1914,1854,2558
"ENSG00000115317",281,197.99999,429,382,359,456,567,425,483,678,712,614,721
"ENSG00000115318",302.00001,619.99999,1103,1014,852,2214,1235,1874,2281,2325,2700,1951,2308
"ENSG00000115325",164.99999,113,308,239,219,418,396,435,446,591,542,470,518
"ENSG00000115350",446,350,460,345,432,378,827,379,340,531,522,586,487
"ENSG00000115353",26,13,21,25,25,5,11,8,8,1,10,6,2
"ENSG00000115355",3969.00002,4781.00001,1603,1530,1498,1950,957,1799,1673,1689,1713,1428,1522
"ENSG00000115363",188,88,27,41,26,83,71,96,55,60,57,44,60
"ENSG00000115364",667.00001,992.00001,2047,2138,1763,2193,1173,1816,1927,1905,1680,1487,1728
"ENSG00000115365",725,1279,2241,2330,1915,3646,1878,2613,3162,4109,4017,3722,3500
"ENSG00000115368",465,591,1923,2039,1648,2009,1681,1602,1720,1126,996,948,1117
"ENSG00000115380",134.99999,136,473,506,362,999,646,651,791,2360,2005,2007,2392
"ENSG00000115392",1116.00001,1857.99999,1930,1660,1606,2275,1619,1798,1801,2015,1860,1866,2057
"ENSG00000115414",454.99999,931,2094,2221,1708,3598,1162,2837,2964,9630,9214,6502,5823
"ENSG00000115415",565.00001,647.99997,1969,2027,1546,1961,1147,1501,1699,1426,1365,1080,1229
"ENSG00000115419",632.99999,700.99999,282,287,240,135,84,91,111,143,123,132,162
"ENSG00000115421",320,537,716,681,575,1103,725,922,927,953,774,905,912
"ENSG00000115423",77,130,16,8,5,43,27,26,26,122,134,123,107
"ENSG00000115425",352,363,375,302,292,400,446,343,377,282,258,298,253
"ENSG00000115446",683,748,1066,989,866,1055,1376,982,872,913,923,991,906
"ENSG00000115457",4698,3109,4979,3074,3118,2076,3182,1887,2157,1859,1976,1676,1768
"ENSG00000115459",307,810.99998,363,277,193,455,382,446,427,623,713,563,508
"ENSG00000115461",1446,949,74,34,51,3769,2572,2831,2855,832,1411,705,695
"ENSG00000115464",1766,2426,2460,2358,1879,2654,1342,2307,2285,2320,2169,1992,1970
"ENSG00000115468",139,179,23,24,31,130,144,158,131,99,106,73,211
"ENSG00000115474",99,304,5,21,11,73,53,37,65,90,107,102,73
"ENSG00000115484",2850,2696,13803,13073,11565,12505,13118,10589,10979,8923,7763,7765,8273
"ENSG00000115486",768.99999,444,857,761,690,1012,805,905,1119,832,781,815,729
"ENSG00000115504",1407.00001,2572.00001,833,760,670,1320,717,1048,1144,1423,1322,1188,1140
"ENSG00000115507",102,148,44,37,23,744,614,1191,1418,1099,844,934,913
"ENSG00000115514",571.00001,666,815,865,765,1034,1173,891,875,625,634,679,665
"ENSG00000115520",203,174,626,610,453,482,459,312,418,328,279,341,294
"ENSG00000115524",2797,4037.00001,12616,12807,10154,17214,9371,13862,15890,17312,15708,14572,14708
"ENSG00000115525",326,309,42,51,45,73,45,74,47,136,127,128,190
"ENSG00000115526",179,188,517,426,425,292,316,296,318,351,389,321,469
"ENSG00000115539",448,587,768,659,660,479,419,428,344,839,705,626,677
"ENSG00000115540",783.99999,1078.00001,2765,2811,1898,2037,2059,1404,1445,1711,1296,2060,1718
"ENSG00000115541",3157,3761.99999,10489,9147,8870,4656,5220,4725,4283,4045,3549,3269,4128
"ENSG00000115548",988.99999,1483,1781,1837,1497,6484,3373,5485,6177,6802,7248,5917,5853
"ENSG00000115556",46,54,3,3,4,42,14,42,44,57,46,48,41
"ENSG00000115561",903,916,510,468,387,641,421,592,571,2434,2421,2162,2437
"ENSG00000115568",326,293,909,925,686,837,487,937,990,965,1088,694,897
"ENSG00000115641",221,139,973,858,763,693,622,637,636,402,322,311,300
"ENSG00000115649",438,601,990,775,612,1069,707,894,970,2049,2034,1510,1948
"ENSG00000115652",461,630.99999,1022,968,922,1307,1319,1126,1169,928,962,888,855
"ENSG00000115657",133.99999,117,1594,1540,1278,916,610,808,945,835,805,522,641
"ENSG00000115661",152,169,419,340,330,465,612,407,479,591,543,553,579
"ENSG00000115677",2783.99999,2370,9698,9067,7817,11885,6494,11721,11976,11779,11502,8339,9650
"ENSG00000115685",788.99999,858.00001,1069,979,786,1268,1199,1202,1211,1201,1233,977,1113
"ENSG00000115687",374.00001,402.00001,1188,1007,849,1323,777,1347,1455,1300,1337,994,1148
"ENSG00000115694",1195.00001,1250.00001,4279,4079,3814,5407,4192,5412,5178,5316,5150,5056,5859
"ENSG00000115705",78.00001,20,69,19,52,9,1,6,1,3,0,4,5
"ENSG00000115738",1890,2747,691,601,538,2508,2679,2262,2498,1491,1586,1699,1279
"ENSG00000115750",596,716,712,630,547,1160,1090,930,1071,725,637,670,637
"ENSG00000115756",237,214,83,55,63,60,68,57,49,135,127,95,176
"ENSG00000115758",2631.00001,3534,722,562,489,1294,1780,1245,1183,2577,2442,2435,2884
"ENSG00000115760",2219.00001,2722.00001,2081,1848,1787,2704,1057,2046,1973,2109,2234,2022,2071
"ENSG00000115761",1088.99999,1241.00001,1398,1395,1248,1401,822,1225,1349,1159,1038,874,1008
"ENSG00000115762",870,976.99999,4442,4294,3480,4527,3137,4060,4260,3232,3253,2928,3069
"ENSG00000115806",997.00001,987,4733,4343,3696,5202,4129,4678,4993,4822,4531,4068,4421
"ENSG00000115808",541,704,206,177,162,167,113,162,102,250,167,178,314
"ENSG00000115816",844,1279,4339,4407,3640,2407,1747,2031,2311,1641,1393,1402,1615
"ENSG00000115825",896,1093.99999,1952,1948,1557,2350,1377,2019,2119,1913,1619,1713,1689
"ENSG00000115827",495.00001,442,784,948,743,934,389,725,715,581,503,541,655
"ENSG00000115828",20,20,216,198,190,586,675,451,461,94,75,77,71
"ENSG00000115839",1859,2398.99999,1081,1148,876,1602,656,1443,1534,1950,1791,1633,1781
"ENSG00000115840",679.00001,997.99999,283,239,213,79,40,60,63,707,719,589,622
"ENSG00000115841",207,269,31,66,34,58,31,32,38,60,48,63,32
"ENSG00000115844",116,104,0,0,0,4,3,1,2,23,39,20,52
"ENSG00000115866",1277,1512,5924,5577,4837,8557,5854,7218,7396,3870,3621,3355,3662
"ENSG00000115875",2653.99999,3327,11181,9863,9002,9744,9816,8767,8580,7750,6560,6973,7379
"ENSG00000115884",267,272,346,251,228,419,633,449,345,320,281,217,557
"ENSG00000115902",234.99999,199,57,31,51,91,56,59,75,190,193,168,195
"ENSG00000115904",1246,1560.99999,586,533,395,505,218,469,399,554,529,477,489
"ENSG00000115935",582.99999,664.00001,106,113,77,214,95,198,180,237,266,237,260
"ENSG00000115942",608,610,1293,1137,1204,1251,887,1455,1109,468,369,503,553
"ENSG00000115944",1585,1984,2132,1778,1767,2451,3843,2018,2095,2814,2646,3149,2627
"ENSG00000115946",289,232,1602,1406,1246,1000,1328,942,1041,594,537,658,603
"ENSG00000115947",1112.00001,1381,1663,1538,1343,2153,2097,1737,1803,1719,1727,1872,1741
"ENSG00000115963",855,897.00001,1851,1837,1493,694,548,497,475,2036,2447,1937,1757
"ENSG00000115966",1703,2545.00001,1076,1087,942,2093,1228,1523,1725,2999,2572,2683,2471
"ENSG00000115970",547.00001,1035,1212,1296,1082,1394,707,1219,1224,1744,1697,1387,1548
"ENSG00000115977",882,755,460,484,436,350,238,325,291,893,850,669,773
"ENSG00000115993",399,544,296,293,248,270,164,213,206,204,198,166,221
"ENSG00000115998",180,186,201,164,177,303,239,230,248,191,258,190,189
"ENSG00000116001",2348.00001,2947.99999,2302,2197,1781,3533,2979,3110,3091,3813,3450,3788,3403
"ENSG00000116005",817,786,2700,2511,2145,3018,1555,2309,2783,2946,2695,2271,2559
"ENSG00000116016",24,18,51,94,68,49,36,33,41,17,30,16,7
"ENSG00000116017",544,504,870,749,742,1111,673,1116,1251,306,472,279,473
"ENSG00000116030",2284,2907,5388,4791,4434,6019,6446,5394,5392,4920,4358,4450,4745
"ENSG00000116035",1025.00001,313,0,2,1,0,23,2,6,454,487,542,735
"ENSG00000116039",628,93,2,0,1,55,0,51,16,240,350,307,253
"ENSG00000116044",906.00002,767,365,374,416,596,413,544,380,741,686,712,854
"ENSG00000116062",2332,2700.00001,8218,9141,7301,11810,6459,10483,10678,9349,7870,7732,9289
"ENSG00000116095",487,526,224,193,181,226,120,216,156,281,306,305,338
"ENSG00000116096",33,13,53,31,46,13,32,28,9,5,23,28,50
"ENSG00000116106",596.99999,574.99999,90,108,144,5321,3096,4941,5576,2134,2314,1756,1824
"ENSG00000116117",1134.00001,2290.99999,76,117,73,72,52,88,74,254,233,258,234
"ENSG00000116120",774,942,3460,3442,2672,2757,2092,2542,2692,2787,2429,2542,3084
"ENSG00000116127",3231.00001,3729.00002,1307,1203,1011,1489,670,1340,1370,1537,1475,1315,1329
"ENSG00000116128",924,801.00001,1733,1589,1408,4263,2147,4320,4371,3391,3441,2328,2574
"ENSG00000116132",33,224.99999,0,3,1,1,0,2,6,571,375,349,625
"ENSG00000116133",780,1030.99999,27943,28552,23584,22895,12848,20927,24030,16034,17075,12065,15543
"ENSG00000116138",381,489,637,681,506,780,373,579,707,437,488,429,386
"ENSG00000116141",1150,1225.99999,222,155,157,182,156,191,158,249,230,222,267
"ENSG00000116151",280,235.99999,117,111,98,341,224,331,293,477,468,383,508
"ENSG00000116157",441,390,220,174,179,222,290,173,184,457,411,542,464
"ENSG00000116161",1469,1804.99999,5329,5295,4709,5431,5154,4749,4683,4143,3578,3698,4230
"ENSG00000116171",1355.99999,1662,819,824,700,1282,947,987,1052,1580,1525,1497,1457
"ENSG00000116183",124,26,42,32,14,67,24,28,37,160,205,128,88
"ENSG00000116191",924,1081,630,762,514,1249,525,1042,992,1353,1146,1178,1252
"ENSG00000116194",208,408,1,1,7,1,4,4,5,54,87,55,39
"ENSG00000116198",915.00002,665.00001,168,107,157,160,179,164,135,99,126,79,184
"ENSG00000116199",483,516,506,462,368,582,414,507,506,646,584,526,670
"ENSG00000116205",177,239,390,353,381,548,460,528,510,697,639,629,633
"ENSG00000116209",1968,2220.99999,2688,2371,2239,2694,2977,2090,2328,3239,3835,3657,3217
"ENSG00000116212",474,567,1202,1081,933,2198,2102,1937,1895,1603,1438,1439,1490
"ENSG00000116213",273,273.99999,998,865,718,705,710,785,850,1130,1056,909,987
"ENSG00000116221",877,761,4511,3745,3262,3217,2999,3015,3211,3045,3047,2603,3151
"ENSG00000116237",724,753,822,670,609,654,623,715,679,272,265,224,304
"ENSG00000116251",7298.00001,8591,3605,3119,2989,3503,3300,3492,3354,2692,2559,2054,2576
"ENSG00000116260",339,360,1542,1454,1359,982,698,942,959,426,499,426,622
"ENSG00000116266",506,689,860,1035,690,905,653,737,759,870,787,835,863
"ENSG00000116273",297,310,328,427,552,1125,711,1060,802,350,304,374,507
"ENSG00000116285",345.99999,319,584,722,658,758,552,667,650,709,567,707,806
"ENSG00000116288",3031,3622,9151,7886,7348,8230,10226,7672,7417,7662,7098,6865,7073
"ENSG00000116299",52,28,48,33,35,105,72,83,121,246,278,153,225
"ENSG00000116337",302,281.00001,1536,1230,1059,1328,853,1387,1505,2862,2972,2084,2479
"ENSG00000116350",2033,1945,1148,1082,1295,2141,1987,2287,1880,2162,1793,1962,3290
"ENSG00000116353",329.99999,395,1214,916,800,1083,1081,1021,1058,827,785,698,779
"ENSG00000116396",88,110,200,104,100,83,41,70,49,18,24,20,41
"ENSG00000116406",443,613.00001,452,514,410,818,270,540,670,872,934,851,852
"ENSG00000116455",495,414,3598,3430,2840,2742,2226,2769,2749,2912,2397,2243,2558
"ENSG00000116459",2116,2531.99999,7539,7399,5940,7562,8190,6386,6455,7471,6765,8248,8145
"ENSG00000116473",612.00001,719.00001,347,345,307,381,305,305,306,448,357,454,452
"ENSG00000116478",1062,1164,3867,3424,3004,5029,4055,4500,4602,4417,4697,4231,4298
"ENSG00000116489",1558,2052,5662,5828,4458,7437,6196,5825,6397,7101,6384,6716,7441
"ENSG00000116497",657.00001,753,1197,1124,889,1786,1187,1526,1674,1804,1701,1699,1747
"ENSG00000116514",116,127.99999,75,73,60,48,61,45,51,39,36,50,43
"ENSG00000116521",564,549,1897,1477,1335,1812,1571,1717,1959,1798,1942,1500,1740
"ENSG00000116525",156,142,134,162,124,206,132,177,166,109,96,103,91
"ENSG00000116539",3038.00001,2253,638,603,532,862,336,682,699,696,862,558,587
"ENSG00000116544",40,27,27,28,39,9,5,15,11,18,18,15,18
"ENSG00000116560",5926.00001,6991.00001,1957,1575,1564,2135,1889,2098,1698,2041,1770,1618,2323
"ENSG00000116574",245,309,77,80,56,254,263,284,277,169,135,152,175
"ENSG00000116580",780.99999,793,1736,1635,1436,2124,1091,1903,1980,1624,1732,1246,1412
"ENSG00000116584",662,598,729,809,735,1689,794,1603,1615,790,973,681,911
"ENSG00000116586",876.00001,793.00001,1311,878,901,1487,2332,1541,1507,1560,1625,1536,1492
"ENSG00000116604",337,335,120,76,73,94,106,120,119,84,82,81,121
"ENSG00000116641",2092.99998,2967,525,464,418,994,585,859,901,1077,951,857,1043
"ENSG00000116649",854,800.00001,909,665,702,349,373,394,391,355,277,194,408
"ENSG00000116661",29,59,345,365,641,448,723,541,431,19,13,16,25
"ENSG00000116663",44,74,45,36,38,76,97,50,65,35,82,51,48
"ENSG00000116667",791,886,617,553,446,1873,1445,1579,1546,1714,2036,1732,1546
"ENSG00000116668",172,281,307,312,214,305,285,220,277,341,360,344,325
"ENSG00000116670",1107.99999,993.99999,7113,5564,5737,4198,6469,4081,3866,3311,3393,3135,3345
"ENSG00000116675",152,251,76,54,64,264,150,207,181,261,254,239,344
"ENSG00000116678",54,88,218,203,195,437,208,290,335,116,110,125,94
"ENSG00000116679",1768.00001,2303.00001,9353,9850,7629,10031,6170,8242,8858,8780,7753,7675,8329
"ENSG00000116685",277,282,340,188,234,277,242,206,224,167,176,143,192
"ENSG00000116688",610.00001,591,2562,2886,2258,3007,1506,2965,2992,4351,4571,3339,3830
"ENSG00000116691",348,350.00001,1844,1269,1297,1386,1778,1558,1521,1142,1409,1044,1124
"ENSG00000116698",1044.00001,935,1790,1728,1490,2543,1363,2588,2485,2896,2965,2440,2705
"ENSG00000116703",43,45,3,1,3,0,0,0,1,18,32,29,34
"ENSG00000116704",210,404,186,178,139,153,88,120,128,433,373,420,423
"ENSG00000116711",39,29,27,12,20,51,26,37,34,49,72,50,39
"ENSG00000116717",845.99999,1339,225,263,293,300,238,275,301,302,233,277,317
"ENSG00000116729",344,323,32,29,41,718,453,619,965,1022,1157,1056,661
"ENSG00000116731",767.99999,1133,329,245,279,539,339,496,449,609,565,489,596
"ENSG00000116741",249,251,485,420,410,401,566,324,336,575,537,568,497
"ENSG00000116747",1697.00001,2446,3463,3418,2790,4716,2247,3953,4039,5178,4970,4221,5181
"ENSG00000116750",745,544,1382,1363,1089,1341,893,1047,1000,1066,1060,991,1172
"ENSG00000116752",675,766,1058,1019,908,1652,1646,1380,1370,1469,1225,1403,1377
"ENSG00000116754",3832.99998,4613.99999,4229,3815,3165,4115,3190,3675,3889,3958,3775,3225,3600
"ENSG00000116761",70,143,629,655,543,848,551,647,710,501,452,485,433
"ENSG00000116771",23,22,54,32,68,39,55,40,33,15,13,10,22
"ENSG00000116774",53,133,3150,2614,2386,826,621,528,610,86,43,62,43
"ENSG00000116786",696,660,509,360,363,376,321,407,410,559,561,405,453
"ENSG00000116793",1295,1806.00001,577,608,652,1000,721,941,966,1405,1282,1341,1516
"ENSG00000116809",286,252,503,422,414,551,437,546,602,1291,1464,966,1210
"ENSG00000116815",157,203,224,189,172,152,204,110,174,185,158,301,267
"ENSG00000116830",518,621,1989,1847,1715,1361,689,1228,1413,969,840,751,962
"ENSG00000116852",357,332.00001,366,280,253,359,198,336,247,485,644,495,529
"ENSG00000116857",1119,1109.99999,3244,2581,2320,3226,3428,2755,3143,3837,4233,3618,3576
"ENSG00000116863",377,377,1263,1151,1063,1573,2048,1613,1531,1539,1263,1365,1429
"ENSG00000116871",826.99999,720,238,146,179,289,374,334,325,274,327,264,319
"ENSG00000116874",173,360,288,251,206,362,255,341,312,512,471,482,505
"ENSG00000116885",214,394.99999,77,82,109,183,271,207,165,398,439,366,365
"ENSG00000116898",808.99999,934,3023,2338,2445,2440,4576,2148,2163,1666,1516,1776,1715
"ENSG00000116903",117,41,91,58,77,113,60,79,100,106,106,95,84
"ENSG00000116906",772,697,1327,1222,984,2390,2096,2039,1943,1874,1885,1791,1751
"ENSG00000116918",496,577,933,913,742,1241,1205,994,1120,1305,1228,1383,1216
"ENSG00000116922",235.00001,270.99999,1029,965,859,1021,839,971,985,1053,959,801,986
"ENSG00000116954",313,298,139,119,135,234,221,183,173,197,182,165,233
"ENSG00000116962",372,197,1387,1435,1138,3329,1360,2676,2896,1401,1179,1016,1207
"ENSG00000116977",376,286,478,401,324,434,277,340,352,265,313,248,304
"ENSG00000116984",1064,1284.99998,1356,1301,1282,1551,666,1401,1516,1627,1532,1176,1354
"ENSG00000116990",71,64,569,531,542,382,399,456,445,756,755,852,851
"ENSG00000116991",577.00001,778.99999,103,84,73,533,371,578,481,471,465,378,452
"ENSG00000117000",592,756,1486,1451,1098,2704,1550,1935,2361,2157,2011,1942,1886
"ENSG00000117009",344,120,0,0,0,1,0,0,0,16,41,30,24
"ENSG00000117010",100.99999,96.99999,85,89,80,83,85,73,77,96,98,112,94
"ENSG00000117016",204,252,301,257,288,452,479,634,496,330,411,325,635
"ENSG00000117020",5052.00001,3483.00001,352,250,229,249,128,191,161,1045,1089,906,1011
"ENSG00000117036",156,198,459,491,439,571,292,491,479,435,497,382,445
"ENSG00000117054",1264.00001,1746.00001,1312,1208,1187,1216,961,981,949,2553,2108,2297,2363
"ENSG00000117069",751,954,137,143,132,1347,827,964,966,1046,844,1156,1420
"ENSG00000117114",6553.00002,8864,2134,1981,1672,3451,2242,2923,3085,3699,3825,3312,3302
"ENSG00000117118",682,690,3133,2751,2262,1695,2031,1437,1597,1845,1732,1770,1726
"ENSG00000117122",1290.00001,1361.99999,5620,4361,3771,6164,5706,5217,6249,4870,4431,4346,4644
"ENSG00000117133",425,476,702,657,524,778,846,678,704,930,820,820,851
"ENSG00000117139",2849.00001,1600,10056,11444,8807,19444,9024,16331,17267,9704,10161,8335,8733
"ENSG00000117143",381,386,674,772,672,828,810,806,686,1080,1084,1136,1284
"ENSG00000117151",185,129,113,152,106,127,99,99,105,207,185,252,263
"ENSG00000117153",559,424,2684,2343,2199,3540,2541,3035,3221,3197,3203,3059,2890
"ENSG00000117154",17,13,155,149,144,57,65,58,41,33,34,28,39
"ENSG00000117155",1391,1295.99999,557,656,462,613,402,475,566,2433,2052,2268,2488
"ENSG00000117174",475,440,641,718,512,850,440,712,824,863,726,744,766
"ENSG00000117222",662,419,975,990,827,1350,807,1224,1281,1457,1344,1130,1358
"ENSG00000117245",71,89.00001,244,228,166,383,235,375,426,263,214,213,261
"ENSG00000117262",206.00001,244.00001,911,759,699,1011,971,738,869,987,883,814,843
"ENSG00000117266",281,141,987,801,712,785,536,790,906,193,154,156,205
"ENSG00000117280",134,24.00001,221,216,181,426,362,357,398,237,253,226,331
"ENSG00000117298",643,734,1845,1732,1674,1747,991,1720,2001,730,955,708,813
"ENSG00000117305",293.00001,342,928,754,696,1365,1129,1221,1248,1193,1150,962,1055
"ENSG00000117308",357.00001,360.99999,1048,802,795,598,638,503,514,1055,1224,953,1114
"ENSG00000117318",3483,4238,2057,1446,1529,2890,3847,2962,3058,2619,3383,3089,2144
"ENSG00000117335",1717.99999,1565,3614,3339,2950,2283,1634,1616,2231,1964,1985,1939,1726
"ENSG00000117360",473,600,1436,1284,1197,1773,1452,1628,1745,1585,1592,1288,1488
"ENSG00000117362",645,637,1685,1578,1288,1653,1373,1441,1579,1989,1884,1802,1769
"ENSG00000117385",457.00001,423.00001,341,230,394,502,711,625,410,255,216,270,901
"ENSG00000117394",7391.99999,3546,24195,20597,17784,37914,27788,30169,37812,25204,25948,21287,20827
"ENSG00000117395",703.00001,740,2931,2320,2146,1288,1492,1261,1248,1513,1554,1287,1464
"ENSG00000117399",939,1020,13114,10436,9045,11316,11279,10227,11154,11188,10268,9691,10811
"ENSG00000117400",16,13,9,24,7,19,11,20,36,0,0,4,1
"ENSG00000117408",222,185.99999,752,890,738,1029,577,931,907,1686,1554,1372,1585
"ENSG00000117410",1525,1410.00001,4153,3028,3037,2793,4211,2300,2641,4177,4848,4655,4145
"ENSG00000117411",628.00001,640.99999,296,263,233,168,293,198,209,204,204,179,245
"ENSG00000117419",975,971,1426,1082,1096,1545,1693,1540,1546,1983,1943,1976,2264
"ENSG00000117425",116,59.99999,13,1,8,29,13,23,25,38,86,30,35
"ENSG00000117448",850,1013,7449,6154,5412,5254,6930,4728,4906,4459,3839,4255,4039
"ENSG00000117450",4198,4133.99999,22339,19919,18670,13670,13578,12497,12566,9418,8124,7688,8778
"ENSG00000117461",1173,1966,543,609,390,3592,1816,3111,3109,3117,3258,2344,2770
"ENSG00000117475",396,454,220,217,191,408,325,362,299,385,336,394,348
"ENSG00000117477",467.99999,714,91,75,93,225,165,195,212,375,353,362,413
"ENSG00000117479",290,237,554,572,496,369,255,317,313,315,314,370,353
"ENSG00000117480",120,103,107,49,75,51,61,51,46,72,82,51,85
"ENSG00000117481",424,511,434,456,396,712,496,581,611,568,565,515,493
"ENSG00000117500",517,575,568,662,534,537,342,333,379,887,790,915,881
"ENSG00000117505",698,747,1060,1417,1167,1542,875,1128,1104,1320,976,1498,1471
"ENSG00000117519",3337,4470,9492,8676,7640,21426,25497,16324,16866,22743,21522,24737,21115
"ENSG00000117523",5452,5366,6339,5777,5037,5722,2986,5320,5311,4603,4441,3465,4035
"ENSG00000117525",45,23,132,116,102,59,39,37,47,281,148,187,240
"ENSG00000117528",792.00001,882,1048,1169,900,1109,728,855,907,2380,1833,2070,2192
"ENSG00000117533",219,229,200,265,137,321,222,226,271,397,338,462,362
"ENSG00000117543",544.00001,664,929,947,824,1002,1077,881,847,836,732,896,869
"ENSG00000117569",3025.99998,6927.99999,1265,1260,1021,1809,1251,1334,1467,3591,2933,3140,3418
"ENSG00000117592",3026,3187,7377,6499,5998,6631,6196,6021,6314,6327,5489,5598,5614
"ENSG00000117593",1560.99999,1148.99999,2118,1965,1606,1474,964,1154,1319,1729,1583,1428,1639
"ENSG00000117597",148,138,629,561,487,844,495,765,819,739,604,562,630
"ENSG00000117598",56,63.00001,26,22,30,8,5,11,4,15,12,10,14
"ENSG00000117600",47,25,69,49,52,21,9,19,12,22,33,33,21
"ENSG00000117602",140,132,329,395,333,306,166,260,247,136,154,104,106
"ENSG00000117614",785,810,509,399,429,652,541,543,630,661,567,466,568
"ENSG00000117616",645,814.99999,899,710,735,882,642,656,795,1097,1165,902,893
"ENSG00000117620",305.99999,685.00001,267,296,312,385,187,301,342,332,363,320,436
"ENSG00000117625",1045.00001,1263,429,472,384,599,374,491,506,1311,1179,1124,1072
"ENSG00000117632",9109,11953.00001,18697,17027,14429,35867,39173,29705,29344,33202,31244,33251,29640
"ENSG00000117640",473.00001,549.99999,1026,816,819,1496,1639,1262,1356,3054,3181,3049,2905
"ENSG00000117643",165,98,105,79,80,70,61,71,71,28,30,26,32
"ENSG00000117650",476,677.99999,869,757,689,1615,1509,1249,1249,2492,2135,2450,2431
"ENSG00000117676",152,96,573,498,594,384,454,435,332,176,143,171,248
"ENSG00000117682",1054.99999,576,1003,948,869,1183,880,1232,1214,1300,1347,1103,1110
"ENSG00000117691",1142,824,51,49,38,39,73,25,25,58,56,59,73
"ENSG00000117697",726.00001,889,1367,1332,1092,1535,1875,1313,1366,1374,1293,1563,1406
"ENSG00000117707",1250.00001,453,11,21,18,93,37,98,70,105,145,98,129
"ENSG00000117713",3696,3324.00001,2784,2268,2026,3447,2165,3355,3283,3842,3876,2813,3070
"ENSG00000117724",5318.99999,6181.99999,5423,4581,4387,7337,3794,6945,6581,7967,7252,5427,6631
"ENSG00000117748",958,1190,2751,2349,2191,4511,5439,4160,4463,5003,4266,4353,4462
"ENSG00000117751",632,686,951,803,823,1584,1709,1295,1520,2020,1855,1958,1827
"ENSG00000117758",490,565,262,208,165,430,291,327,337,782,780,770,720
"ENSG00000117791",94,106,44,23,20,0,3,1,4,24,16,11,19
"ENSG00000117859",1458.99999,1418.00001,2348,2074,1721,2493,2243,2172,2337,2093,2251,2082,2320
"ENSG00000117862",1004,968,3452,3121,2750,2593,2335,2029,2180,2140,2023,1884,1999
"ENSG00000117868",813,772.99999,691,489,478,381,343,343,369,279,272,223,294
"ENSG00000117877",116,81,877,716,677,293,246,296,378,132,133,125,108
"ENSG00000117899",912.00001,1016,2142,1922,1739,2582,1881,2107,2358,2265,2074,1812,2136
"ENSG00000117906",2916,3754,675,701,657,1105,1266,978,793,937,798,870,1507
"ENSG00000117971",392,382,139,144,107,120,48,127,156,753,1068,662,890
"ENSG00000117984",1456.99999,1012,6612,4938,4524,3300,2801,3183,3558,3173,3823,3015,3027
"ENSG00000118007",3658.99999,4428.99999,627,712,468,920,497,926,954,1930,1658,1546,1811
"ENSG00000118046",308.99999,320.00001,231,138,180,144,182,167,142,136,110,117,172
"ENSG00000118058",2440,2105,1771,1443,1335,2186,1355,1933,1714,2547,2720,1984,1736
"ENSG00000118096",555.00001,737.00001,356,318,329,897,1112,712,775,1031,1012,1050,926
"ENSG00000118137",89,47,11,15,16,7,11,15,12,23,23,16,34
"ENSG00000118160",47,49,14,15,15,74,44,64,68,10,6,6,16
"ENSG00000118162",152,117,827,672,688,666,789,739,752,668,703,552,711
"ENSG00000118181",9530,12639,17631,15162,15425,17970,22307,18695,16345,12765,13626,12452,13365
"ENSG00000118193",573,730,678,708,590,915,361,833,897,697,594,466,637
"ENSG00000118197",256,312.99999,414,401,293,426,342,391,328,458,416,388,403
"ENSG00000118200",1300.99999,1277,241,257,220,299,182,291,256,425,376,273,369
"ENSG00000118217",2146.00002,2802,964,900,767,1238,679,958,1089,1575,1470,1299,1456
"ENSG00000118242",198,221,109,107,111,124,140,112,86,38,47,42,43
"ENSG00000118246",400,605,2205,2164,1792,1987,1618,1667,1725,2353,2052,2052,2141
"ENSG00000118257",237.00001,108.00001,1890,1939,1520,2808,1569,2713,2959,820,800,489,556
"ENSG00000118260",1408,1771.00002,1507,1530,1198,2314,1273,1925,2097,2190,1840,1779,1979
"ENSG00000118263",1600.99999,983,431,413,386,565,332,398,392,1331,1398,1122,1343
"ENSG00000118271",517,4523.99999,16,5,1,5,5,1,0,8,29,28,8
"ENSG00000118276",298,271,182,192,158,80,49,47,61,173,165,172,183
"ENSG00000118292",190,318,244,259,166,323,468,319,320,218,249,244,234
"ENSG00000118298",399,429,2586,2206,1861,3335,2676,2693,3218,2810,2763,2473,2359
"ENSG00000118307",40.00001,101.99999,1,2,2,7,18,11,14,19,31,28,26
"ENSG00000118363",1110,1499,3074,2890,2387,3371,3195,2401,2944,4378,3863,4314,3899
"ENSG00000118369",75,39,39,10,15,32,16,13,15,12,21,24,20
"ENSG00000118402",235,271,477,612,460,715,480,507,531,678,583,741,676
"ENSG00000118407",180,125.00001,262,154,174,482,340,411,450,1820,2057,1526,1781
"ENSG00000118412",1103.99999,1542.99998,874,793,729,1455,724,1267,1333,1252,1012,1015,1151
"ENSG00000118418",3151,4913,3170,2795,2468,2321,2246,2143,2164,3699,3251,3313,3417
"ENSG00000118420",452.00001,742.00001,281,257,225,591,622,432,490,249,258,292,245
"ENSG00000118432",101.00001,64,2,3,5,3,7,7,11,298,309,346,297
"ENSG00000118454",544,719,531,591,480,727,351,563,593,844,819,788,690
"ENSG00000118473",1821.00001,1771.00001,10,7,7,37,19,22,16,138,213,133,124
"ENSG00000118482",1762.99999,2091,1787,1935,1635,3067,1325,2702,2588,2187,1943,1681,1943
"ENSG00000118495",607.00001,190.99999,5,5,8,144,77,140,128,859,632,781,1040
"ENSG00000118496",217,292,986,1060,924,1408,728,1251,1335,1292,1110,1143,1201
"ENSG00000118507",183,214,154,156,130,48,33,33,27,242,204,276,194
"ENSG00000118508",339,310,40,44,43,57,69,41,50,103,99,122,132
"ENSG00000118513",2567,4092,49,46,33,40,42,63,32,33,15,22,18
"ENSG00000118515",131,156,303,322,238,161,133,176,163,113,232,190,161
"ENSG00000118518",699.00001,930,775,795,595,1211,795,944,1074,1837,1682,1590,1519
"ENSG00000118523",466,178,471,392,330,14,14,21,20,34,53,45,44
"ENSG00000118557",102,96,12,19,20,16,16,8,7,25,56,41,22
"ENSG00000118564",1521,1769,1301,1173,1051,1921,1831,1544,1646,2377,2216,2399,2222
"ENSG00000118579",1319,1492,3696,3237,2897,5521,5484,4812,4946,5290,5249,5221,5213
"ENSG00000118596",102,77,12,26,16,19,10,15,16,57,90,54,49
"ENSG00000118600",301,376,181,183,182,164,153,169,148,302,290,329,365
"ENSG00000118620",268,255,412,411,334,560,428,486,539,596,600,642,615
"ENSG00000118640",49,14,723,571,543,453,622,424,272,13,22,16,11
"ENSG00000118655",153.99999,174,527,409,321,604,430,585,597,934,864,757,849
"ENSG00000118680",1707,2111,7123,6049,5741,5175,6346,4395,4155,4799,4925,4938,4875
"ENSG00000118689",402,702,620,547,438,1226,739,1136,1067,1037,991,797,1159
"ENSG00000118690",304,487,51,53,40,59,75,64,79,111,141,122,110
"ENSG00000118705",3395.00001,3893.99999,13709,11863,10831,15071,10609,12151,13656,12256,11637,9907,10450
"ENSG00000118707",1317,821,2346,1960,1907,3985,3042,4207,4034,2061,1786,1869,2451
"ENSG00000118733",682,1532,24,7,22,49,38,43,42,48,69,80,49
"ENSG00000118762",1405,1864,327,251,244,266,197,224,244,142,183,140,187
"ENSG00000118785",1495.99999,869.99999,998,883,818,198,176,142,100,235,283,300,304
"ENSG00000118804",59,33,479,413,289,471,344,335,316,329,304,274,291
"ENSG00000118816",4380,4990,4238,4566,4294,9651,6969,9011,8297,9669,9158,9084,10691
"ENSG00000118855",263,294,282,265,259,328,234,310,286,484,532,450,457
"ENSG00000118873",1164.00001,1164.99999,1959,2002,1683,1896,993,1490,1726,1728,1701,1458,1542
"ENSG00000118894",112.99999,161,1124,914,926,537,487,606,611,669,544,527,690
"ENSG00000118898",98,77,429,370,352,152,150,205,185,16,36,25,14
"ENSG00000118900",619,466.99999,661,511,501,462,355,470,435,523,483,353,473
"ENSG00000118922",1317,2098,228,227,163,370,193,367,224,1001,1092,759,839
"ENSG00000118939",481,503,1332,1220,1070,1087,1056,905,975,667,540,607,720
"ENSG00000118946",237,293,7,12,10,132,51,67,81,121,153,87,123
"ENSG00000118960",246,189.00001,636,531,509,999,873,823,1032,1156,1238,982,998
"ENSG00000118961",582,920,979,907,774,1685,1374,1223,1455,2062,1901,1973,2041
"ENSG00000118965",689,790.00001,990,1110,790,1182,442,914,1125,1032,1008,873,987
"ENSG00000118971",1640,987,10646,11738,9324,12358,4951,10844,10627,10189,11054,7757,8778
"ENSG00000118985",1705.00001,1629.00001,416,447,347,382,198,228,262,239,291,266,242
"ENSG00000118997",94,279,8,3,8,16,18,9,8,65,65,52,54
"ENSG00000119004",885.00001,1216,615,597,490,527,450,492,548,799,771,758,827
"ENSG00000119013",1231,1553,1997,1757,1524,2013,2444,1773,1621,2076,2003,2283,2324
"ENSG00000119041",479,603.00001,1571,1376,1269,2298,1473,1744,1933,1769,1730,1808,1686
"ENSG00000119042",188,127,30,30,40,37,21,33,25,69,54,63,97
"ENSG00000119048",1072.99999,1307,372,449,342,599,810,503,509,1016,845,1201,1300
"ENSG00000119121",25,24,26,29,12,1,5,0,8,4,11,10,2
"ENSG00000119139",504.99999,460,1207,937,916,605,412,593,463,157,232,221,259
"ENSG00000119147",26,41,16,21,25,8,5,2,8,19,7,16,19
"ENSG00000119185",1524.00001,1858,1024,973,824,1014,1414,1049,1050,2242,2136,2322,2274
"ENSG00000119203",841,916.99999,4745,4553,3657,5910,4594,5008,5315,4358,3791,4057,4161
"ENSG00000119227",283,271,2,7,3,3,4,5,7,18,9,23,41
"ENSG00000119231",676,893,632,660,659,975,486,858,916,934,936,747,1026
"ENSG00000119242",645.99999,598,3,1,2,102,57,58,73,179,227,137,184
"ENSG00000119280",590.99999,667,1055,1152,1103,3385,1961,3228,3373,3315,2820,2927,3580
"ENSG00000119283",47,64,0,0,1,0,3,0,1,38,53,27,9
"ENSG00000119285",439,504,3233,3474,2820,3360,1422,2820,3049,2087,1961,1669,1863
"ENSG00000119314",592,888,2124,2538,1855,2260,916,1751,1899,782,766,639,758
"ENSG00000119318",3034,2748,499,523,400,862,730,729,721,1089,974,826,1237
"ENSG00000119321",804,448,655,547,444,712,410,761,812,677,824,601,687
"ENSG00000119326",1161,1511,1148,1206,1208,2147,1832,1852,1906,1653,1487,1663,1983
"ENSG00000119328",233.99999,337,354,378,281,759,680,615,658,766,658,746,759
"ENSG00000119333",1032,985.00001,1861,1535,1290,2648,2600,2663,2796,4162,3924,3496,4035
"ENSG00000119335",7317,9153,15975,16018,13884,14313,11256,13211,13245,7545,6382,5891,9050
"ENSG00000119383",1339.00001,1736.00001,1462,1392,1238,1469,1165,1505,1493,1266,1460,1033,1458
"ENSG00000119392",460.99999,519.99999,819,797,653,1038,651,962,865,1312,1260,991,1163
"ENSG00000119396",709,939.00001,1416,1555,1147,2297,1450,1796,1818,2477,2306,2112,2676
"ENSG00000119397",1292,1551,504,493,366,791,353,788,827,968,1068,750,922
"ENSG00000119401",164,283,1106,1003,817,1324,902,1219,1373,1665,1466,1259,1375
"ENSG00000119402",618.00001,695.99999,1382,1467,1144,1537,748,1481,1293,1321,1011,896,1160
"ENSG00000119403",457,326.00001,217,167,172,224,162,248,181,559,600,513,557
"ENSG00000119408",1606,1176.99999,190,150,184,280,313,309,240,724,607,672,831
"ENSG00000119414",713,823,1692,1883,1520,2284,1597,1743,1975,1840,1582,1612,1656
"ENSG00000119421",795,924,1799,1282,1247,1055,1424,983,906,1263,1206,1152,1082
"ENSG00000119431",175,165.00001,379,277,264,597,662,599,605,673,555,598,639
"ENSG00000119446",260,361,499,540,446,713,536,554,610,952,918,840,872
"ENSG00000119471",597,866,775,731,587,545,476,485,458,982,920,884,901
"ENSG00000119487",925,944.00001,2919,2909,2399,2182,1538,2036,1969,2396,2344,2101,2306
"ENSG00000119509",653,1115,300,295,256,559,277,610,628,958,982,858,713
"ENSG00000119514",98,118,126,86,57,98,104,78,96,167,95,120,121
"ENSG00000119522",2253,2585,489,387,365,2087,1828,2029,1802,2046,2178,1756,2411
"ENSG00000119523",154,229,620,694,650,933,878,840,820,382,321,406,424
"ENSG00000119537",488,518,377,333,339,258,243,289,252,227,227,192,367
"ENSG00000119541",537,580,978,899,779,1074,859,894,984,602,532,595,615
"ENSG00000119547",721,1083,38,22,17,15,14,13,15,402,515,359,440
"ENSG00000119559",463,474.99999,1343,879,848,942,1365,989,1074,993,951,838,914
"ENSG00000119574",281,230.00001,66,52,89,112,80,160,99,80,61,70,203
"ENSG00000119596",1751.00001,1641,2193,2031,1757,2459,1332,2485,2456,3076,3761,2451,3060
"ENSG00000119599",63,65,351,281,278,216,185,170,189,169,173,154,177
"ENSG00000119614",2361,2594,7,2,4,46,22,46,44,27,161,109,15
"ENSG00000119616",360,389,536,568,356,559,300,456,487,268,269,271,328
"ENSG00000119630",27,51,209,155,189,177,130,185,159,40,67,66,63
"ENSG00000119632",684.99999,616.00001,214,148,185,383,679,392,424,449,485,447,348
"ENSG00000119636",84,144,21,28,18,62,41,34,37,127,101,94,136
"ENSG00000119638",646.99998,884.99997,1024,1052,884,1763,857,1744,1674,1414,1470,1289,1495
"ENSG00000119640",371,569,252,204,196,288,203,225,241,573,431,361,495
"ENSG00000119650",546.99999,746,334,325,284,506,771,515,486,757,731,814,655
"ENSG00000119655",1273.00001,1203,2350,2012,1879,2157,2220,1735,1809,2221,2294,2233,2258
"ENSG00000119661",341,532,247,232,185,301,217,261,254,409,360,306,350
"ENSG00000119669",372,372,106,77,58,63,39,43,50,66,89,60,60
"ENSG00000119673",74,111,244,304,277,199,295,186,194,189,150,262,270
"ENSG00000119681",217,103,36,24,39,46,39,52,35,84,93,46,70
"ENSG00000119682",362.99999,420.00001,1175,1155,954,1236,565,1088,1214,1334,1460,1150,1176
"ENSG00000119684",413.00001,466,453,478,351,576,361,507,540,465,342,348,295
"ENSG00000119685",1156.99999,1208.00001,940,927,831,1318,583,1071,1281,1260,1215,920,1080
"ENSG00000119686",26,38,603,437,457,237,177,226,263,55,104,102,53
"ENSG00000119688",644.99999,643.99999,2135,1755,1631,1985,1619,1744,2053,2083,2311,1807,1754
"ENSG00000119689",510,487.00001,438,425,386,468,291,442,385,451,420,309,407
"ENSG00000119698",62,56,44,47,56,192,123,185,124,55,28,83,79
"ENSG00000119699",126,224,23,34,12,17,11,18,6,103,136,100,73
"ENSG00000119703",49,85.00001,49,65,40,56,40,30,53,183,156,139,120
"ENSG00000119705",2653.99999,2800.99999,5981,4907,5000,2963,3883,3087,2741,2733,2718,2616,2685
"ENSG00000119707",2585,2880.00001,2847,2527,2178,3120,1743,2884,2932,2584,2351,1965,2367
"ENSG00000119711",397.00001,509,1615,1388,1282,3334,2190,2966,3179,2141,2129,1671,2030
"ENSG00000119714",18,44,6,9,10,30,24,16,30,35,20,19,28
"ENSG00000119715",27,31,16,7,4,49,31,28,40,11,12,6,11
"ENSG00000119718",338,349,1399,1256,993,1382,1371,1212,1285,1297,1342,1124,1164
"ENSG00000119720",330,349.00001,322,290,260,364,207,338,434,842,771,517,624
"ENSG00000119723",224,228.99999,499,511,436,663,641,503,567,677,621,576,555
"ENSG00000119725",587.00001,599.00001,788,792,602,1663,1771,1427,1453,2624,2521,2716,2314
"ENSG00000119729",752,872,503,465,359,286,236,245,247,367,342,349,319
"ENSG00000119760",486,477,755,737,699,1052,790,961,951,1329,1380,1132,1251
"ENSG00000119771",371,170,55,35,42,41,17,26,19,66,63,56,56
"ENSG00000119772",1244.99999,1591.00001,4034,3756,3339,3973,2284,3734,4137,2707,2561,2024,2356
"ENSG00000119777",274,221,1148,1027,941,925,619,974,1014,810,919,699,759
"ENSG00000119778",805,1079.00001,470,547,486,712,279,540,690,1023,1029,877,883
"ENSG00000119782",223,291,1854,1723,1492,1578,2104,1506,1361,907,773,814,859
"ENSG00000119787",1385,820.99999,1118,1184,837,1329,955,906,1134,998,924,1210,1052
"ENSG00000119801",947,935.00001,700,666,599,1643,1527,1130,1240,1908,2018,2175,1744
"ENSG00000119812",348,368,2015,1774,1650,814,668,821,964,726,774,575,759
"ENSG00000119820",824,894,504,652,563,1109,858,728,836,1208,1045,1255,1197
"ENSG00000119844",797,1231,253,226,210,360,217,342,334,504,490,401,404
"ENSG00000119862",307,483,537,555,389,827,694,722,725,734,602,730,825
"ENSG00000119865",214.00001,336,32,41,41,167,179,156,157,608,599,600,652
"ENSG00000119866",970.00001,963.99999,800,650,699,58,22,36,26,757,835,610,772
"ENSG00000119878",963,1087,495,545,427,625,649,556,503,841,938,899,955
"ENSG00000119888",71,32,1606,2373,3831,1120,886,820,580,43,27,27,43
"ENSG00000119899",116,144,546,629,477,486,302,344,417,398,443,407,437
"ENSG00000119900",501,642,104,80,59,96,58,74,84,122,110,103,144
"ENSG00000119906",763.99999,897.99999,533,626,525,1181,509,940,949,1135,1287,1011,1123
"ENSG00000119912",1468.99999,1195.00001,2036,2259,1884,1900,1022,1594,1598,1736,1572,1267,1537
"ENSG00000119927",220,243,609,678,501,1038,494,789,908,1156,1126,1125,1057
"ENSG00000119929",321,350,997,893,779,849,873,771,813,762,753,613,713
"ENSG00000119938",53,62,81,110,65,727,696,546,671,274,266,270,324
"ENSG00000119943",31,50,69,57,36,104,95,135,129,67,74,80,79
"ENSG00000119946",53,37,30,26,40,45,44,81,48,77,55,56,136
"ENSG00000119950",724.00002,887,222,217,156,408,377,341,415,573,543,517,567
"ENSG00000119953",529,623.99999,570,600,490,633,556,532,438,567,468,531,579
"ENSG00000119965",191,245,221,249,225,372,285,271,305,429,352,345,334
"ENSG00000119969",3215,3387.00001,4497,4437,3729,4313,2052,3563,3918,3181,2833,2337,2964
"ENSG00000119977",724.99998,813,2490,2191,1873,3098,2121,2498,2884,3381,3386,2877,3213
"ENSG00000119979",351.00001,458,2404,2193,1879,2403,2156,2331,2393,1460,1513,1406,1392
"ENSG00000119986",46,68,328,281,267,194,197,220,265,168,192,139,182
"ENSG00000120008",610,703,1565,1488,1343,2115,1094,1619,1825,1882,1949,1868,1645
"ENSG00000120029",325,639.00001,556,564,582,872,591,836,882,1021,971,934,944
"ENSG00000120049",53,40,88,28,44,354,224,254,288,85,137,101,91
"ENSG00000120053",357,474,2381,2050,1886,2232,2210,1959,2156,2295,2201,1949,2026
"ENSG00000120063",539,577,837,776,690,976,639,874,784,822,685,677,812
"ENSG00000120071",2232,2309,871,721,780,1045,527,1038,973,1258,1526,1182,1117
"ENSG00000120129",219,153,50,35,39,66,70,66,54,211,178,141,143
"ENSG00000120137",976,1270,880,876,638,984,530,794,775,850,681,756,779
"ENSG00000120149",55,122,8,9,9,59,43,62,41,16,10,16,6
"ENSG00000120156",49,73,862,1041,757,184,76,144,219,16,14,25,18
"ENSG00000120158",172,198,768,700,637,827,954,763,830,1019,934,862,888
"ENSG00000120159",535,753.99999,954,822,657,539,423,505,493,519,456,405,500
"ENSG00000120162",385,444,1109,1097,936,1271,884,1150,1076,1680,1427,1287,1548
"ENSG00000120251",434.99999,703.99999,5,3,2,11,7,4,3,50,97,50,62
"ENSG00000120253",530,547,1215,1342,1108,1527,1022,1214,1369,1054,866,951,922
"ENSG00000120254",678,997,634,520,506,273,287,301,285,240,217,228,311
"ENSG00000120256",492,386,181,146,137,49,24,20,20,303,205,242,313
"ENSG00000120265",1183.99999,1495.00001,3859,3813,3020,3744,3586,2924,3205,4010,3585,3699,3622
"ENSG00000120278",5731,6292.99999,31,56,52,572,199,407,343,2175,2189,1733,2163
"ENSG00000120306",666,707,1218,1120,958,1009,1052,966,982,1714,1591,1524,1643
"ENSG00000120314",149,202,894,733,750,983,755,890,893,666,730,618,718
"ENSG00000120318",104,101,478,318,331,333,192,277,293,93,74,43,108
"ENSG00000120324",48,40,87,66,70,143,78,133,156,428,424,339,389
"ENSG00000120327",61,36,72,99,83,181,93,152,111,193,252,252,197
"ENSG00000120333",668,683,1229,1121,926,1365,1418,1168,1141,1546,1424,1426,1569
"ENSG00000120334",320,353,423,421,320,609,539,514,548,663,548,557,635
"ENSG00000120370",159.99998,207.99999,265,243,195,310,323,311,271,569,496,508,560
"ENSG00000120437",906,1364,8816,8338,7050,9373,10799,8660,9130,8412,7486,7196,8115
"ENSG00000120438",2076.99998,2311.00001,11868,10970,9490,8382,7088,7804,7730,6943,6307,6040,6828
"ENSG00000120451",595.99999,550,1511,1497,1226,1778,670,1412,1412,2956,3005,2346,2341
"ENSG00000120458",274.99999,351.99999,166,87,120,133,142,108,111,141,96,119,132
"ENSG00000120509",474.99999,570,792,677,599,925,1086,752,783,1240,1214,1270,1151
"ENSG00000120519",310,251,64,76,31,131,76,94,121,157,150,165,115
"ENSG00000120526",783.99999,842.99999,2421,2341,2017,1994,1487,1596,1864,1715,1316,1480,1528
"ENSG00000120533",2068,2400.00001,3082,2636,2160,2577,2925,2238,2507,3521,3289,3503,3949
"ENSG00000120539",386.99999,407,1238,1199,895,1804,1435,1342,1491,1312,1153,1272,1301
"ENSG00000120549",10346.00001,8036.00002,1124,1118,856,1468,528,1225,1394,1298,1463,1097,1183
"ENSG00000120594",1099,3550,1424,1499,1246,1285,639,990,1091,577,782,611,559
"ENSG00000120616",1243.00001,2201,293,230,214,412,281,371,377,554,585,474,533
"ENSG00000120645",51,54,67,60,53,50,10,65,38,35,42,19,35
"ENSG00000120647",456.00001,547,614,494,407,880,667,786,790,486,492,410,420
"ENSG00000120656",319.99997,294,852,722,631,1009,950,910,914,864,839,820,756
"ENSG00000120658",63,88,18,9,6,37,42,40,33,312,412,277,276
"ENSG00000120662",199,340.00001,232,234,217,218,247,204,257,258,265,276,245
"ENSG00000120675",538,755,1290,1271,1206,1563,1454,1368,1303,1048,897,977,978
"ENSG00000120685",468,531,2359,2688,2403,2926,1863,2908,2495,1558,1371,1490,1861
"ENSG00000120686",631,886.99999,1565,1555,1366,1586,1181,1228,1290,1799,1684,1810,1775
"ENSG00000120688",367,740,380,324,294,484,327,414,396,576,569,474,586
"ENSG00000120690",273,232,106,115,79,209,127,160,172,275,258,234,262
"ENSG00000120693",1411,2199,34,16,19,111,36,76,76,204,207,246,141
"ENSG00000120694",1574,1565,3610,3764,3367,3981,2393,3742,3633,4450,3823,3404,3780
"ENSG00000120696",218,287,1125,1130,828,1390,674,1103,1280,1126,1061,927,966
"ENSG00000120697",681.99998,770.99998,787,694,587,768,1100,630,703,1054,1101,1211,1026
"ENSG00000120699",1206,1468.00002,2629,2340,2202,3206,3196,2629,2852,2615,2367,2489,2873
"ENSG00000120705",1060,1032,3253,3447,2825,3305,2118,3005,3009,2054,1743,1638,1868
"ENSG00000120708",84,268,205,214,198,1266,831,1081,1113,139,84,109,119
"ENSG00000120709",501,474.00001,3126,2898,2454,6102,3798,5745,6063,5601,5607,4266,5062
"ENSG00000120725",304.00001,274,340,263,316,282,292,272,278,627,639,597,577
"ENSG00000120727",3428,4062.99999,5080,4881,4168,6400,5664,5472,5431,6331,5775,6176,6181
"ENSG00000120733",964,960,1646,1198,1180,1911,1452,1859,1663,2061,1866,1575,1733
"ENSG00000120738",920,228,53,37,56,91,86,138,102,66,69,72,55
"ENSG00000120742",944,1047,1915,2644,2711,3179,3171,2591,2347,2385,1497,2800,3512
"ENSG00000120756",200,257,1134,1141,977,745,435,523,601,376,279,273,348
"ENSG00000120784",997.00001,945,150,139,94,286,175,250,246,423,411,402,411
"ENSG00000120798",1290.00001,1044,707,639,605,898,767,838,1025,737,759,791,785
"ENSG00000120800",334,413,1253,1479,1300,1000,331,803,820,967,748,655,802
"ENSG00000120802",4389,5030,3123,3618,2877,5235,3161,4221,4598,6764,5206,5997,6001
"ENSG00000120805",697.99999,854,1657,1688,1334,1614,1472,1283,1370,1689,1432,1691,1468
"ENSG00000120820",35,66.99999,117,133,135,161,108,102,138,43,52,57,67
"ENSG00000120832",193,380,283,241,200,394,370,339,336,546,576,566,490
"ENSG00000120833",209,261,351,384,276,145,113,158,132,254,211,319,286
"ENSG00000120837",627,763,1234,1223,956,1562,1539,1262,1335,1059,897,964,1044
"ENSG00000120860",402.99999,455,270,238,191,381,435,370,381,606,556,670,599
"ENSG00000120868",484,786.99999,595,664,599,991,474,905,857,1183,1081,1093,1016
"ENSG00000120875",410,256,337,313,283,1210,1090,1218,1213,2286,2156,1813,2184
"ENSG00000120885",4975,5204.00001,8858,6918,6566,4576,4101,4056,4885,13703,14853,11150,11318
"ENSG00000120889",276,271,5112,5164,4242,2268,1283,1901,2311,3064,2849,2591,3166
"ENSG00000120896",458,420.99999,318,208,317,477,404,566,389,390,360,315,604
"ENSG00000120899",90,63,147,145,77,276,129,288,231,203,244,199,201
"ENSG00000120907",97,72,11,11,5,26,15,21,23,15,35,37,21
"ENSG00000120910",221.99999,250,50,61,72,103,107,48,57,138,146,228,237
"ENSG00000120913",253,220,1533,1207,977,1081,1244,1052,961,413,375,445,416
"ENSG00000120915",501,486,592,530,419,1265,945,1063,1247,1547,1605,1310,1401
"ENSG00000120925",399,438,556,573,437,870,582,687,766,852,809,778,804
"ENSG00000120942",210,185,1269,1197,926,1176,814,1197,1196,909,1011,797,822
"ENSG00000120948",1779,2092.00001,6990,6884,5634,8665,4974,7834,8154,8562,7700,6679,7649
"ENSG00000120963",1160,1181.00001,1679,1515,1345,2037,1828,1923,2003,2224,1917,2011,2195
"ENSG00000120992",1172,1534.99999,3434,3846,3314,2824,2896,2058,2147,2075,1504,2535,2545
"ENSG00000121005",521,660,1129,1081,742,1248,708,866,1009,1544,1584,1464,1480
"ENSG00000121022",744.00001,1015.00001,2322,2073,1780,2597,3338,2145,2207,2402,2128,2322,2314
"ENSG00000121039",1077,1488,81,89,60,43,29,27,27,189,143,162,216
"ENSG00000121057",267.00001,259,1098,773,795,329,318,333,304,338,318,369,563
"ENSG00000121058",656,811,788,662,612,981,957,823,851,1136,995,1076,1057
"ENSG00000121060",316,166,722,621,486,443,248,359,409,278,327,275,336
"ENSG00000121064",280,299,1477,1188,1129,1442,1177,1089,1356,740,793,680,613
"ENSG00000121067",794.00001,1202.99999,694,754,601,1231,1141,1110,1139,2556,2479,1944,2311
"ENSG00000121073",728.00001,741,1643,1496,1314,1534,1353,1199,1289,1735,1616,1324,1503
"ENSG00000121101",69,47,27,30,40,7,3,20,15,22,42,25,22
"ENSG00000121104",179,162,168,122,145,150,176,222,144,76,85,79,132
"ENSG00000121152",753,691,1965,1689,1531,2333,1518,2220,2337,2343,2023,1883,2208
"ENSG00000121210",597,752.00001,950,1020,739,922,327,749,798,1236,1078,964,1043
"ENSG00000121211",444.00001,525,374,281,272,405,418,338,354,260,151,221,219
"ENSG00000121236",161,103,465,510,424,212,167,173,204,176,130,159,187
"ENSG00000121274",375,593.00001,213,184,158,232,147,158,205,207,171,143,198
"ENSG00000121281",80,73.99999,82,82,44,127,61,126,154,43,76,54,56
"ENSG00000121289",741,787.00001,611,678,498,1185,696,948,1080,1462,1598,1265,1382
"ENSG00000121297",220,289,378,254,239,27,25,19,19,460,520,404,337
"ENSG00000121310",76.00001,47,420,290,316,369,294,280,300,150,139,108,115
"ENSG00000121316",43,52,272,402,339,167,146,142,106,123,133,123,194
"ENSG00000121350",211.00001,200,138,180,113,170,76,115,113,245,201,215,191
"ENSG00000121361",27,24,17,15,26,28,14,21,8,207,153,166,175
"ENSG00000121380",74,109,54,38,43,1,2,1,0,4,12,16,1
"ENSG00000121390",1693.99999,1892,224,192,257,609,758,779,449,485,283,458,953
"ENSG00000121406",115,141,522,461,354,639,240,551,548,345,445,360,295
"ENSG00000121410",327,193,148,143,128,153,293,120,142,205,236,178,176
"ENSG00000121413",454,577,439,418,392,959,757,1114,1087,1466,1806,1516,1703
"ENSG00000121417",106,166.99999,444,521,419,766,511,802,745,602,690,633,520
"ENSG00000121440",527,574.99999,97,86,71,34,32,36,25,201,253,180,167
"ENSG00000121454",87,33,59,82,52,81,36,82,53,30,16,32,20
"ENSG00000121481",494,670,1169,1178,968,1659,1463,1336,1339,1609,1514,1758,1633
"ENSG00000121486",298,324,1087,1188,1033,1311,945,1038,1110,813,687,738,729
"ENSG00000121542",754,679,381,367,323,654,629,489,479,598,547,587,472
"ENSG00000121577",56.99999,40,12,10,6,14,7,14,18,72,57,78,64
"ENSG00000121578",232.99999,281,1060,1011,787,1581,1045,1180,1360,705,676,533,608
"ENSG00000121579",928,1026.00001,5184,5232,4031,5481,3196,4363,5044,4215,3319,3483,4284
"ENSG00000121621",572,757,830,839,724,1448,1061,1107,1202,1434,1118,1252,1488
"ENSG00000121644",600,684,2167,2449,2393,1812,1591,1571,1436,1167,744,1218,1501
"ENSG00000121653",371,350,87,48,77,68,73,69,42,118,136,115,242
"ENSG00000121671",181.00001,229,600,624,555,1306,688,1224,1256,852,1065,729,743
"ENSG00000121680",170,213,565,428,396,425,382,450,520,436,514,418,485
"ENSG00000121690",43,38,164,165,148,61,50,42,39,116,140,138,135
"ENSG00000121716",77,62,495,300,353,310,237,403,348,432,392,223,265
"ENSG00000121741",2485,2477.00001,2565,2507,2243,4746,2596,3924,3958,2539,2421,2227,2289
"ENSG00000121749",575,722.00001,602,603,574,874,696,784,784,764,667,745,738
"ENSG00000121753",337,284,182,109,165,262,198,288,288,493,503,402,538
"ENSG00000121766",1171.00001,1351.00001,1937,1836,1406,1652,2525,1597,1660,2045,2028,1943,2027
"ENSG00000121769",137,147,338,371,346,109,211,126,123,211,280,240,173
"ENSG00000121774",3559.00001,3925,1506,1032,1044,1357,1458,1298,1131,1362,1125,1121,1350
"ENSG00000121775",408.99999,481,221,197,180,358,271,351,372,465,536,339,401
"ENSG00000121851",483.99999,543,166,176,175,287,231,254,272,801,741,637,690
"ENSG00000121864",405,382,176,145,136,203,214,200,200,252,207,185,252
"ENSG00000121879",581,660.00001,175,148,145,214,133,175,152,222,230,241,271
"ENSG00000121892",1441,1882,986,898,754,1333,670,1032,1019,1309,1070,1124,1290
"ENSG00000121897",182.00001,167,350,407,295,292,315,260,301,258,259,238,294
"ENSG00000121898",34,25,62,16,23,6,10,15,7,1,2,5,0
"ENSG00000121900",39,40,19,18,19,268,336,229,191,30,26,43,46
"ENSG00000121903",68,101,158,178,144,370,175,292,335,400,405,303,286
"ENSG00000121904",94,90,245,155,145,156,82,167,188,70,83,61,79
"ENSG00000121905",106,73,4,1,5,8,8,10,12,29,28,15,13
"ENSG00000121931",235,330,379,385,362,457,297,412,380,508,454,485,553
"ENSG00000121940",1418.99998,2307.99998,832,851,696,744,434,615,691,1164,1129,1000,1177
"ENSG00000121957",438.00001,530.00001,559,515,515,939,577,702,707,2395,2028,2204,2263
"ENSG00000121964",404.00002,382,353,273,279,786,568,650,612,431,441,335,411
"ENSG00000121966",842.00001,1318.00002,51,50,59,654,721,483,616,1192,1039,1028,856
"ENSG00000121988",312.00001,1104,426,442,399,680,432,507,528,612,459,534,581
"ENSG00000121989",398,725.99999,371,420,334,613,237,397,487,1786,1953,1587,1944
"ENSG00000122008",753.00001,948,300,360,297,509,348,361,479,833,685,729,784
"ENSG00000122012",32,43,1,2,3,22,9,27,7,131,121,117,115
"ENSG00000122026",468.00001,540.00001,26066,23856,22580,34054,46773,32676,28374,26793,25181,29783,26946
"ENSG00000122033",622.00001,861,758,804,633,709,541,602,689,637,551,572,576
"ENSG00000122034",1017,979,1207,1318,1677,1508,2518,1427,1191,1331,963,1520,2069
"ENSG00000122042",433,452,151,193,208,359,240,306,274,307,268,315,461
"ENSG00000122068",1071.00001,1236,585,660,492,1237,960,942,933,2291,2168,2191,1999
"ENSG00000122085",464,438,483,460,381,646,518,600,636,774,844,684,677
"ENSG00000122126",1029,452,1164,1360,1032,1942,1128,1516,1616,2318,2422,1876,2073
"ENSG00000122140",567.00001,431,2578,2221,2171,1915,1799,1916,2049,1772,1743,1383,1655
"ENSG00000122203",1137.99999,1152.99999,3833,3515,2814,5338,4175,4614,5101,3935,4272,3744,3673
"ENSG00000122218",1553.99998,1862.99999,8106,8004,6390,10996,5985,9536,10396,11804,12878,10205,10329
"ENSG00000122254",16,20,28,18,33,11,9,13,4,12,32,23,48
"ENSG00000122257",1565,1562.99999,966,785,899,1186,821,1094,1023,648,637,595,904
"ENSG00000122299",645,873,297,249,268,385,302,366,261,326,360,348,422
"ENSG00000122335",432.00001,577,613,649,519,1978,1259,1412,1494,1151,1108,1076,1060
"ENSG00000122359",299,213.99999,1082,1020,1061,654,503,596,513,342,233,413,543
"ENSG00000122367",154.00001,302,14,38,19,10,8,6,3,24,41,28,11
"ENSG00000122376",389,390,873,868,622,619,479,576,524,408,283,303,329
"ENSG00000122378",2161,2127.00001,2030,1775,1540,3795,2741,3421,3455,4654,4404,3661,4246
"ENSG00000122386",149.99999,124.00001,186,129,146,175,192,172,218,185,318,187,244
"ENSG00000122390",995.00001,733,1386,1289,1101,1268,853,1301,1485,1422,1604,1140,1314
"ENSG00000122406",21213,24052,36034,33403,28673,37005,43644,33992,32705,32405,29969,34907,31644
"ENSG00000122417",1178,2255,581,484,485,524,350,435,462,585,590,589,570
"ENSG00000122420",34,35,0,6,0,1,0,3,1,27,46,27,33
"ENSG00000122435",350.99999,447,167,182,179,238,178,191,215,247,186,230,254
"ENSG00000122481",377.99999,519,327,309,293,399,418,382,368,577,441,541,491
"ENSG00000122482",1222,2190.00001,1814,1898,1464,2277,1335,1845,1843,2127,1756,1791,1902
"ENSG00000122483",1970,2036.99999,448,398,397,519,331,462,457,329,314,268,350
"ENSG00000122484",827,1190,1324,1010,1022,1207,674,880,1044,1577,1652,1308,1454
"ENSG00000122490",525,703,53,28,25,42,100,60,39,76,64,72,100
"ENSG00000122507",712,663,1348,1103,1076,590,400,527,542,669,711,532,636
"ENSG00000122512",255.99999,801.00001,534,505,440,721,453,667,657,653,785,588,656
"ENSG00000122515",959.00001,805.99999,345,218,223,252,214,309,315,290,341,247,331
"ENSG00000122545",3971.99999,4980,4713,4556,4058,8698,6447,6660,7029,8625,7567,7781,8032
"ENSG00000122547",107,109,202,116,128,131,89,146,120,264,259,180,327
"ENSG00000122550",1188.99999,1601,3071,2996,2389,2567,1955,2117,2286,2887,2930,2943,2590
"ENSG00000122557",615,779,179,253,267,821,604,594,556,475,311,461,784
"ENSG00000122565",3313,4101.99999,3497,3596,2854,4463,4807,3708,3956,4024,3410,3760,4098
"ENSG00000122566",14553.00003,16975.99998,40510,40277,34809,40956,23720,37276,38547,41232,37022,31312,38444
"ENSG00000122574",61,31,400,400,348,474,239,437,445,313,339,243,358
"ENSG00000122591",408.00001,799,3352,4233,3104,1895,912,1634,1581,1652,1480,1618,1548
"ENSG00000122642",496.00001,552,88,69,129,356,374,394,263,386,342,446,1285
"ENSG00000122643",563,799.99999,516,592,450,714,485,568,630,1236,1037,1111,1370
"ENSG00000122644",512,527.99999,1286,1093,997,876,890,711,845,3654,4698,4536,3708
"ENSG00000122674",213,214,629,677,552,661,550,552,590,468,400,420,551
"ENSG00000122678",135.99999,194,360,280,271,296,230,282,279,339,389,277,285
"ENSG00000122687",360.99999,395,1643,1325,1242,1703,1740,1601,1733,1348,1350,1159,1328
"ENSG00000122692",1676,1010,3420,3021,2659,3730,2622,3049,3474,3715,3552,3224,3629
"ENSG00000122694",200,162.99999,309,253,222,539,616,467,475,871,797,816,796
"ENSG00000122696",328,255,169,139,169,166,116,145,194,184,154,158,178
"ENSG00000122705",2404,2264,3284,2952,3014,3420,5084,3139,2787,2774,2922,3390,3025
"ENSG00000122707",393.99999,591,281,322,273,460,334,365,365,230,183,257,284
"ENSG00000122729",471,560,3137,3137,2420,2630,1494,2354,2488,2586,2630,2257,2427
"ENSG00000122733",13,21,11,5,7,29,3,24,32,28,37,56,52
"ENSG00000122735",112,242,10,5,10,14,12,15,22,113,80,75,67
"ENSG00000122741",1150,691,382,553,513,911,578,812,711,864,735,921,1163
"ENSG00000122756",1107,1182,4,4,4,163,184,205,238,435,497,337,415
"ENSG00000122778",697,687,466,346,314,260,155,311,291,910,934,729,740
"ENSG00000122779",1978,2139.00001,1147,928,899,841,738,898,728,3009,1935,2046,3361
"ENSG00000122783",444,477.00001,1302,1118,1023,1520,1296,1531,1572,980,887,823,910
"ENSG00000122786",2480,1669,5108,4513,3965,2465,1593,2326,2274,1405,1417,1073,1336
"ENSG00000122824",128,147,486,496,385,539,504,437,458,775,776,826,803
"ENSG00000122863",129,101,120,88,123,144,99,156,126,426,422,308,486
"ENSG00000122870",132,180,24,20,20,16,6,5,13,203,208,240,262
"ENSG00000122873",582,709,1130,1016,889,737,718,553,595,852,804,783,846
"ENSG00000122882",453,528,1741,1561,1334,1485,1115,1392,1305,1208,1196,939,1032
"ENSG00000122884",1885,1969,3801,4024,3118,11158,7365,7352,9255,3755,3867,3576,3296
"ENSG00000122912",174,189,109,73,76,76,109,64,68,114,121,102,100
"ENSG00000122952",791,961.00001,3400,2956,2566,4305,3650,3703,3764,3631,3270,3037,3262
"ENSG00000122958",856,1084.99999,1274,1258,1122,1930,1363,1414,1505,2124,1618,2048,2138
"ENSG00000122965",441,480,1231,1049,906,857,544,837,875,1002,1134,779,964
"ENSG00000122966",1947.99998,1603.99999,1011,1170,1002,2187,711,2030,1926,1711,1790,1265,1517
"ENSG00000122970",1294,2052,580,525,504,1423,772,1185,1208,2334,2116,1805,2046
"ENSG00000122971",108,64,297,265,238,201,211,206,192,393,430,362,335
"ENSG00000122986",259,71,167,138,122,200,156,171,217,79,64,67,84
"ENSG00000123064",398.99999,327,3155,2545,2417,2007,1305,2269,2297,1803,2119,1376,1838
"ENSG00000123066",1050.00001,1086.99999,515,391,337,828,622,778,742,651,842,527,580
"ENSG00000123080",145,155,1,2,0,2,0,1,1,24,24,21,48
"ENSG00000123091",770,752,217,278,251,627,571,451,362,476,382,524,950
"ENSG00000123094",481.00001,709.00001,188,129,106,248,152,204,143,176,160,177,183
"ENSG00000123096",50,76,42,57,60,17,27,13,35,60,48,55,61
"ENSG00000123104",134,114,911,776,807,116,63,126,99,42,41,37,20
"ENSG00000123106",596,932,389,343,299,414,294,313,312,452,366,402,392
"ENSG00000123119",131,159,190,212,139,193,137,156,147,133,127,176,118
"ENSG00000123124",626,581,374,341,368,517,439,468,347,309,239,288,506
"ENSG00000123130",301,285,1217,1165,1063,1018,965,978,924,820,691,676,696
"ENSG00000123131",1722,1493,10842,9642,8591,6955,12572,5535,5686,7088,6911,7959,7570
"ENSG00000123136",935.99999,1075.99999,3984,3437,3104,3039,3068,3039,3042,4325,4247,3545,4336
"ENSG00000123143",978,729,517,357,417,408,428,382,441,586,621,479,536
"ENSG00000123144",1961,2015.00001,1445,1234,1211,1418,2069,1421,1358,2154,2188,2138,2207
"ENSG00000123154",122,137,500,496,325,432,413,461,478,403,448,367,405
"ENSG00000123159",871,813,281,243,270,357,438,395,351,366,301,295,375
"ENSG00000123178",166,205,183,154,116,261,185,200,205,240,270,272,281
"ENSG00000123179",906,1155,273,186,236,212,335,190,198,148,147,161,235
"ENSG00000123191",155,142,233,242,210,454,181,426,411,619,592,434,513
"ENSG00000123200",2426.00001,3149,3030,2690,2508,3147,1759,3163,3156,3142,3064,2234,2650
"ENSG00000123213",527.99999,527,2012,2329,2423,1916,1461,1897,1438,857,560,764,1399
"ENSG00000123219",1709,2792.00001,667,683,598,851,1060,694,718,723,559,741,766
"ENSG00000123240",356.00001,234,169,180,177,393,325,341,308,541,526,358,440
"ENSG00000123243",33,18,229,160,151,107,40,77,88,42,80,63,32
"ENSG00000123268",436,433,313,277,254,372,286,294,294,319,253,255,200
"ENSG00000123297",336,346.00001,1276,1029,943,914,1203,813,861,930,840,919,917
"ENSG00000123307",161,173,1,2,1,4,9,10,14,204,234,215,188
"ENSG00000123329",27,21,73,38,31,8,12,20,12,18,20,9,16
"ENSG00000123342",25,32,34,19,17,3,9,15,8,5,8,1,0
"ENSG00000123349",3247.99998,4045.99999,3857,3208,2894,5468,13400,4866,4743,5598,6244,7533,5631
"ENSG00000123352",1081.99999,1183.00002,566,531,444,930,701,800,966,1060,993,891,948
"ENSG00000123353",303,350,1588,1422,1108,1248,1622,1221,1227,823,804,959,825
"ENSG00000123358",177.99999,121,178,127,140,201,136,181,205,415,375,312,486
"ENSG00000123360",44,15,35,33,20,444,283,491,447,365,310,253,284
"ENSG00000123374",414,451,748,691,667,1516,1228,1205,1354,2494,2168,2002,2352
"ENSG00000123384",1314,849,5782,4493,4049,3249,1908,3133,3358,2992,3603,2391,2269
"ENSG00000123395",254,227,1522,1315,888,1170,1734,1301,1226,683,753,618,579
"ENSG00000123411",563,600,285,294,216,339,98,295,275,792,966,698,843
"ENSG00000123415",349.99999,297.99999,1006,858,714,1710,1808,1548,1618,1747,1691,1668,1634
"ENSG00000123416",22536.99999,24588.99999,63105,54403,49398,104152,107539,96769,95652,93543,77964,73640,81466
"ENSG00000123427",75,94.00001,160,133,129,274,164,255,286,159,180,154,179
"ENSG00000123444",195.99999,234,583,597,461,1209,1092,1165,1286,2216,2100,2064,2049
"ENSG00000123453",36,43,861,717,542,632,441,713,733,472,428,325,382
"ENSG00000123472",889.00001,1108.99999,495,372,304,518,736,477,386,546,504,468,975
"ENSG00000123473",591,944,1114,1198,908,2057,1009,1791,1921,1311,1158,1250,1271
"ENSG00000123485",705,782,2549,2464,2251,3173,2321,2763,2893,2864,2571,2376,2585
"ENSG00000123505",1159.99999,1023,4362,4521,3532,4353,3231,3480,3639,2443,1817,2190,2337
"ENSG00000123545",501,577,987,931,820,772,750,657,606,753,636,589,715
"ENSG00000123552",1675.99999,840,419,495,388,422,236,290,333,249,210,236,253
"ENSG00000123560",718,764.99999,2071,1908,1655,2545,2562,1818,2185,5603,8660,7459,5246
"ENSG00000123562",2347,3853.99998,12147,11585,10179,19775,19669,15708,16298,16791,15815,16982,15584
"ENSG00000123570",243,256,29,41,23,71,77,50,59,354,325,294,337
"ENSG00000123572",34,20,201,274,186,7,0,4,3,4,7,15,10
"ENSG00000123575",712,703,588,598,525,1262,814,1057,861,992,799,919,1120
"ENSG00000123595",197,363,931,823,746,861,884,801,871,704,579,628,581
"ENSG00000123600",301.00001,244.00001,1107,1113,1058,387,264,299,359,344,305,282,374
"ENSG00000123607",1550,2764,687,683,579,934,472,738,852,683,679,582,646
"ENSG00000123636",3572.00001,6011.00001,1291,1181,1028,2273,1007,1884,1921,3296,3999,2924,2807
"ENSG00000123643",218,181,395,399,332,410,152,411,403,413,476,325,381
"ENSG00000123684",810.99999,693,121,101,78,36,37,45,47,330,281,241,352
"ENSG00000123689",18,14,19,9,14,6,5,11,2,33,26,32,23
"ENSG00000123728",572,532,467,572,486,1018,714,750,798,590,463,580,673
"ENSG00000123737",885,847,1592,1469,1297,1484,1355,1338,1291,1545,1138,1348,1490
"ENSG00000123739",509,499,791,928,884,653,649,607,471,521,470,483,637
"ENSG00000123810",149.00001,142,135,108,98,153,245,160,170,358,358,280,299
"ENSG00000123815",470.99998,448.99999,874,805,717,1030,961,932,1104,1209,1232,976,1111
"ENSG00000123836",95,98,377,378,317,255,110,194,223,153,201,188,133
"ENSG00000123892",183,209,671,660,543,664,547,468,518,525,472,505,456
"ENSG00000123908",1004,1042,1486,1262,1125,1156,554,1077,1015,1030,1022,729,887
"ENSG00000123933",764,840.99999,203,124,118,266,338,317,269,381,543,301,389
"ENSG00000123975",1878,2415,6552,6105,5256,7641,12123,6882,6403,5830,4821,6268,6843
"ENSG00000123983",1183.99999,1575.99999,3990,4176,3318,3379,1627,2368,2592,4414,4012,3931,4612
"ENSG00000123989",548.00001,222,609,806,1040,466,455,513,454,302,222,342,559
"ENSG00000123992",374.99999,304,1798,1579,1514,1365,1324,1293,1401,832,906,846,848
"ENSG00000123999",64,15,16,14,19,20,5,15,9,17,31,14,20
"ENSG00000124006",947.99999,679.99999,2014,1392,1409,1116,1263,1212,1130,854,990,712,750
"ENSG00000124067",156,141.99999,2605,2300,2010,711,516,741,820,409,383,386,352
"ENSG00000124074",311.00001,378,75,54,55,74,72,98,73,177,163,143,271
"ENSG00000124098",632,649,214,140,152,244,298,262,176,562,510,473,652
"ENSG00000124104",182.99999,116.00001,286,303,302,353,236,425,324,307,307,288,374
"ENSG00000124120",207.99999,288,653,612,455,939,478,825,818,580,514,402,487
"ENSG00000124126",580,447,331,248,190,646,535,753,636,103,102,68,65
"ENSG00000124140",108.99999,97,6,7,6,23,12,25,9,42,63,35,42
"ENSG00000124145",225,170,1628,1623,1303,1132,737,851,852,825,699,636,725
"ENSG00000124151",351,356,815,1131,902,2842,1196,2555,2467,1608,2132,1567,1338
"ENSG00000124155",678.99998,603.99999,4385,3600,2961,3274,2369,2813,3696,3938,4060,3295,3797
"ENSG00000124160",682,747,880,883,722,1080,649,1012,917,1680,1565,1437,1739
"ENSG00000124164",704.99999,700,925,1116,948,1890,1294,1753,1815,1371,1290,1274,1564
"ENSG00000124171",246,285,467,644,541,934,481,722,806,527,403,579,708
"ENSG00000124172",7392,7791,2400,1948,1981,2857,4035,3027,2464,3457,3501,3232,3290
"ENSG00000124177",1553,1281.99999,1005,1056,829,1425,743,1356,1313,1143,1466,1021,1021
"ENSG00000124181",1010.00001,903,747,546,612,1005,848,1137,1029,853,948,734,1158
"ENSG00000124191",479,356,9,9,3,37,35,36,24,89,79,88,102
"ENSG00000124193",1113.99999,1615,3274,3495,2887,4852,3458,4406,4484,5414,4785,4752,5692
"ENSG00000124194",200,168,94,42,48,31,43,42,50,415,592,380,351
"ENSG00000124198",666.99999,1011,390,347,299,232,124,217,222,233,235,210,203
"ENSG00000124201",296,281,587,586,508,471,228,509,461,332,324,298,336
"ENSG00000124207",1806,2011,10174,9445,8172,10161,7229,8284,9212,7016,5532,5671,6530
"ENSG00000124209",354,391,112,111,83,175,115,107,131,237,275,239,287
"ENSG00000124212",108,116,821,741,676,758,557,770,793,434,330,291,404
"ENSG00000124214",1354,1622.99999,3927,3634,3088,4124,2308,3752,3829,4256,4299,3334,4093
"ENSG00000124216",51,13,120,94,88,133,107,167,191,34,26,11,18
"ENSG00000124217",112,135,485,420,401,612,487,595,715,518,502,450,530
"ENSG00000124222",1121.99998,1032.00001,2570,2553,2197,3459,1914,3260,3268,1962,1953,1512,1710
"ENSG00000124225",719,408,256,195,170,13,4,20,21,126,172,127,149
"ENSG00000124226",575,574,2609,2334,2101,2584,3091,2352,2503,2262,2405,2247,2256
"ENSG00000124228",523,500,1789,1683,1520,1533,1115,1564,1711,1325,1426,935,1200
"ENSG00000124243",209,164,812,567,509,952,1326,885,847,305,414,334,373
"ENSG00000124257",30,34,56,30,41,13,21,21,8,77,123,61,65
"ENSG00000124275",367.99999,482.99999,924,884,765,1224,736,921,861,778,693,709,737
"ENSG00000124279",177.99999,201,394,357,322,468,445,307,310,415,298,383,373
"ENSG00000124299",645,613.99999,4313,3534,3236,2897,2663,2701,2772,2861,3107,2422,2773
"ENSG00000124302",37.99999,34.00001,293,316,360,81,74,63,65,155,161,242,261
"ENSG00000124313",237,407.00001,89,58,38,50,58,60,78,28,34,32,25
"ENSG00000124356",742.99996,910.00001,1521,1425,1230,1340,1317,1142,1276,1480,1498,1348,1320
"ENSG00000124357",704.99999,608,626,504,518,733,877,633,756,1114,1335,1225,1062
"ENSG00000124370",114,171,190,192,191,158,160,143,120,235,233,222,249
"ENSG00000124374",144,177,1175,1056,802,1014,635,937,956,865,934,842,757
"ENSG00000124380",733,859.00001,489,440,477,845,780,676,697,883,800,676,779
"ENSG00000124383",723.99999,855,607,689,499,742,448,643,731,667,663,549,647
"ENSG00000124406",462,456.00001,219,194,240,437,203,423,345,415,492,441,504
"ENSG00000124422",4401,4411.00001,2904,2067,1940,2573,2327,2747,2581,3549,3495,2885,4001
"ENSG00000124440",360,376,1913,1611,1365,1631,940,1863,2016,1041,1239,931,981
"ENSG00000124444",202,199.99999,321,282,276,312,357,326,353,345,358,311,327
"ENSG00000124459",202.99999,232,376,442,327,540,272,508,456,560,515,385,473
"ENSG00000124479",62,44,14,5,9,1295,1747,1007,1029,307,438,455,319
"ENSG00000124486",2372,4671.00001,11926,14423,11477,8676,3392,7418,7037,4868,5144,4733,4866
"ENSG00000124493",38,56,421,281,284,147,64,134,179,2,4,1,12
"ENSG00000124496",812,549.00001,575,600,550,689,465,733,881,703,721,470,615
"ENSG00000124508",137,148,406,258,232,528,358,363,446,471,491,386,374
"ENSG00000124523",457,355.00001,718,745,636,638,506,614,532,547,496,394,494
"ENSG00000124532",488,463,3429,3374,2853,925,786,758,811,1210,1140,1166,1139
"ENSG00000124535",502,494,114,101,92,91,100,114,78,147,136,94,156
"ENSG00000124541",617,552,301,250,363,539,909,716,386,258,212,267,470
"ENSG00000124562",1553.00001,1761.00001,7896,6748,6006,6696,7635,6000,5859,5608,5177,5218,5193
"ENSG00000124570",1923.99999,1153.00001,711,526,519,120,126,99,110,2644,2416,2393,2376
"ENSG00000124571",735,857.00001,5722,5702,4693,4868,2483,4613,4791,4805,4861,3513,4466
"ENSG00000124574",217,213.00001,860,634,578,847,490,886,924,898,1091,748,833
"ENSG00000124575",718,600,94,67,64,203,294,199,179,275,157,164,170
"ENSG00000124587",241,173,234,104,127,106,192,145,102,181,185,158,176
"ENSG00000124588",435,566.00001,6866,5502,5187,1042,1115,881,979,824,887,737,747
"ENSG00000124593",1676,1990.99999,206,161,130,198,283,187,146,200,171,164,203
"ENSG00000124596",540,702.00001,1267,1091,920,1503,1429,1405,1405,1609,1496,1428,1545
"ENSG00000124608",281,248,1360,1137,915,1414,767,1430,1512,1380,1470,1123,1285
"ENSG00000124613",78,117,322,312,252,425,214,360,460,529,457,441,504
"ENSG00000124614",4751,5170,15994,13220,13965,13429,26581,13658,11528,10489,10288,11419,10182
"ENSG00000124615",76,63,874,827,677,622,613,770,761,625,841,568,698
"ENSG00000124635",273,184,13,20,29,12,21,31,16,55,40,47,70
"ENSG00000124641",202,229,1214,1298,1047,1637,1470,1420,1522,1245,1196,1206,1209
"ENSG00000124659",242,234,1023,793,728,1213,1309,1037,1080,955,948,887,896
"ENSG00000124688",319,366,1000,746,850,1105,1116,1031,1036,990,922,871,913
"ENSG00000124702",1096,1068,5486,4586,4014,5468,5905,4907,5530,4511,4551,4142,4015
"ENSG00000124713",18,13,20,12,22,7,13,7,10,10,23,8,7
"ENSG00000124733",1293.99999,1268.99999,4220,3341,3055,3764,5999,3920,3671,3447,3362,3372,3261
"ENSG00000124749",19.99999,35,42,80,41,15,21,10,6,1,2,0,1
"ENSG00000124762",514,335,3276,2490,2182,632,441,651,604,797,846,669,733
"ENSG00000124766",4244,4824,4650,4180,3825,4670,2775,3855,4025,6514,8024,5434,6533
"ENSG00000124767",1936,2063,6683,6403,5635,7615,7290,5931,6524,6998,5976,7010,6993
"ENSG00000124772",75,102,11,4,11,22,20,29,42,11,9,11,1
"ENSG00000124782",643,707,494,437,355,401,203,436,414,234,215,199,226
"ENSG00000124783",1398,1353.00001,3569,3774,3147,3988,2555,3056,3390,3187,3306,2999,3014
"ENSG00000124784",358,449,914,819,700,789,635,707,748,754,762,677,817
"ENSG00000124785",256,290.99999,7,2,6,609,567,513,530,313,296,278,241
"ENSG00000124786",330,377,253,270,181,282,223,242,239,285,325,357,290
"ENSG00000124787",100,133.99999,399,319,277,443,558,391,385,353,321,325,393
"ENSG00000124788",338,332,24,31,26,65,56,60,47,89,102,107,91
"ENSG00000124789",919,1231,927,1157,937,1333,631,1373,1144,1157,1018,810,1210
"ENSG00000124795",5737.99999,6285.99998,2605,2874,2547,5806,4578,4847,4824,3781,2778,3346,4662
"ENSG00000124802",817,937.00001,3616,3502,2637,1863,2143,1793,1712,1553,1173,1507,1788
"ENSG00000124831",948.00001,761.00001,1059,957,1009,337,247,291,252,519,501,416,537
"ENSG00000124920",225,186.99999,132,86,96,99,88,98,110,216,239,192,218
"ENSG00000124942",286,203,50,55,66,194,78,152,180,56,131,46,34
"ENSG00000125037",500,571,1013,824,822,1007,1149,765,894,1046,1026,1019,1008
"ENSG00000125107",1590,1661.00001,10057,11408,8773,12055,4871,12013,11723,9491,8841,7146,8062
"ENSG00000125124",496.99996,597.99998,808,682,611,1245,912,1049,1174,2224,2540,2136,1916
"ENSG00000125148",369,124,1593,1340,1274,84,111,110,106,192,212,128,184
"ENSG00000125149",239.99999,285.00001,784,823,644,1173,806,1127,1159,792,686,748,719
"ENSG00000125166",721,810,10392,9042,8124,6554,5040,6067,6516,8507,7938,6336,7502
"ENSG00000125170",200,169,462,350,324,493,345,427,419,360,447,342,394
"ENSG00000125246",463,228,255,190,212,196,202,202,190,559,573,541,408
"ENSG00000125247",1095.00001,1708,1062,1008,822,1028,687,923,945,1873,2049,1806,1940
"ENSG00000125249",512,631,258,252,253,387,350,326,341,432,291,304,398
"ENSG00000125257",456,856.99999,245,263,196,482,272,403,453,2384,1899,1857,2022
"ENSG00000125266",834,931,176,138,99,487,441,584,549,773,756,600,657
"ENSG00000125304",1267,1434,6348,6485,4949,5609,3302,4142,4859,3723,3625,3637,3585
"ENSG00000125319",190,227,749,577,570,662,589,809,673,601,619,503,653
"ENSG00000125347",49,42,143,165,131,121,83,95,127,104,75,65,94
"ENSG00000125351",966,1217,819,764,634,876,541,785,784,875,741,599,747
"ENSG00000125352",161,135,402,322,298,380,460,399,328,559,489,449,405
"ENSG00000125354",938,1131,581,511,441,1061,817,946,905,2702,2787,2108,2282
"ENSG00000125355",93.99999,31,33,19,35,374,198,305,311,1084,1080,926,974
"ENSG00000125356",2042,2479,3802,3358,2980,3489,5032,3159,3132,3336,2955,3695,3107
"ENSG00000125375",426,417,242,201,187,213,237,225,213,391,386,322,418
"ENSG00000125378",145,166.99999,94,78,53,163,127,152,158,56,78,95,34
"ENSG00000125386",1706,1778.00001,349,294,244,407,252,462,394,585,650,426,519
"ENSG00000125388",546,374,12,15,27,52,36,29,24,110,114,128,112
"ENSG00000125398",1200,1161,31,24,26,146,69,116,114,966,805,629,952
"ENSG00000125430",29,37,213,195,171,124,105,169,155,137,191,143,131
"ENSG00000125434",96,69.00001,115,81,64,54,69,60,45,64,81,71,77
"ENSG00000125445",868,910,3416,2663,2607,2926,4869,2872,2701,2896,2643,2781,2544
"ENSG00000125447",398,445.99998,836,598,548,802,474,824,914,558,677,460,510
"ENSG00000125449",184.99999,115,191,129,158,173,137,143,147,223,163,152,187
"ENSG00000125450",875,838.99999,2224,1800,1721,2025,1927,1870,2176,2039,2029,1841,1918
"ENSG00000125454",90.99999,66,711,635,427,327,342,364,383,311,265,266,335
"ENSG00000125457",290.00002,269,996,845,721,1176,1063,1171,1101,833,860,737,889
"ENSG00000125458",446.00001,502,603,561,767,787,1390,822,743,514,411,504,851
"ENSG00000125459",172.99999,177,1473,1189,1052,1336,1073,1462,1466,1093,1313,1006,1274
"ENSG00000125482",336,411,429,428,379,569,486,561,598,456,443,361,428
"ENSG00000125484",673,635,1018,938,840,1286,898,1125,1124,997,1030,799,1124
"ENSG00000125485",292.00001,259.99999,463,363,384,461,315,465,442,303,276,199,296
"ENSG00000125503",438.99999,362,140,98,137,124,109,120,89,14,29,19,20
"ENSG00000125505",812.99999,599.00001,737,620,788,851,927,1148,720,475,520,404,1047
"ENSG00000125510",25,22,17,12,13,55,41,50,72,32,48,25,43
"ENSG00000125520",404,396.99999,36,24,30,40,73,83,64,39,49,50,83
"ENSG00000125531",24,22,48,22,20,76,59,95,107,43,79,63,96
"ENSG00000125534",4594,4171,278,154,192,460,345,437,529,661,647,479,632
"ENSG00000125611",537,674,1037,782,726,1013,1551,930,1040,1062,1153,1096,1051
"ENSG00000125618",24.99999,16,7,0,3,704,417,477,423,9,14,15,7
"ENSG00000125629",393,403.99999,1263,1297,1000,3588,2587,2490,2936,1413,1511,1465,1490
"ENSG00000125630",351.00001,465.99999,3012,3344,2403,2629,1464,2313,2525,1436,1257,1171,1310
"ENSG00000125633",529,661,499,513,388,938,387,726,782,1132,1314,856,1097
"ENSG00000125637",58,41,22,42,42,42,21,33,14,36,29,22,26
"ENSG00000125648",398.99999,355.99999,320,251,222,324,326,332,271,376,380,350,461
"ENSG00000125650",39,34,33,18,19,40,37,63,52,60,43,55,53
"ENSG00000125651",821,714,1614,1228,1187,1700,1352,1724,1892,2057,2432,1657,2069
"ENSG00000125652",907,910,1089,751,781,1085,1958,1171,1161,1622,1799,1619,1429
"ENSG00000125656",624.00001,544,2063,1464,1548,1706,2006,1682,1814,2251,2190,1755,2075
"ENSG00000125657",39,13,51,41,71,45,64,69,36,19,18,20,61
"ENSG00000125675",280.00001,151,118,98,71,876,637,649,749,826,906,696,665
"ENSG00000125676",2048.00001,2383,2350,2379,1933,3707,1817,3054,3304,2868,2832,2405,2718
"ENSG00000125686",668,725.00001,1056,1126,928,1534,758,1293,1459,1581,1562,1269,1369
"ENSG00000125691",17912,23961,11179,10601,10370,9999,11343,10210,9235,7834,7742,6806,7979
"ENSG00000125703",437,467,449,488,445,665,566,581,626,494,500,471,557
"ENSG00000125733",149,128,1257,1005,971,1443,1137,1373,1409,422,350,320,348
"ENSG00000125734",378,345,1093,757,754,1183,1104,1005,1186,1372,1732,1325,1242
"ENSG00000125740",98,21,37,25,24,11,9,20,9,28,17,21,15
"ENSG00000125741",248,229,597,581,529,777,440,748,878,464,561,420,467
"ENSG00000125743",4719,5304,12456,10250,9571,11653,20030,11362,10576,9719,9560,11003,10240
"ENSG00000125744",173.99999,216,95,76,94,121,116,125,89,58,55,40,85
"ENSG00000125746",227,200.99999,583,480,404,445,356,405,542,310,413,287,294
"ENSG00000125753",296,254.00001,545,476,456,412,326,404,308,169,171,141,188
"ENSG00000125755",772.00001,706.00001,705,709,578,677,353,724,744,804,805,576,741
"ENSG00000125772",387,724.99999,130,146,169,881,523,778,822,1127,1123,1153,1423
"ENSG00000125775",30,26,151,105,128,194,213,140,154,151,165,127,114
"ENSG00000125779",1082.99999,1229,329,230,270,365,372,389,237,244,270,254,393
"ENSG00000125812",189,216,401,392,336,551,339,478,468,738,649,468,570
"ENSG00000125814",544,790.99999,358,289,234,538,256,478,521,1006,1199,894,903
"ENSG00000125817",383,496,66,40,48,45,42,47,57,103,109,79,87
"ENSG00000125818",1148,988.00001,2600,2272,2066,2059,1514,1897,2038,3315,3415,2711,2834
"ENSG00000125821",786,958,1765,1496,1487,2331,2553,2115,1958,2666,2532,2421,2430
"ENSG00000125826",879,640.99999,858,687,619,772,713,845,830,764,942,831,844
"ENSG00000125827",815,844,102,111,113,298,309,266,186,560,481,595,1284
"ENSG00000125834",299,185,929,819,581,847,697,793,715,364,297,262,337
"ENSG00000125835",3758,3693,12400,9240,9078,9267,15122,8962,8756,10191,9959,9928,9916
"ENSG00000125841",657.99999,656.00001,1235,1008,843,1268,923,1277,1361,2415,2593,1988,2351
"ENSG00000125843",197,205.00001,146,111,96,165,163,168,121,306,377,276,280
"ENSG00000125844",644,572.00001,1953,1606,1559,1074,602,1091,1009,370,381,276,384
"ENSG00000125845",70,44,33,39,23,148,154,149,133,33,24,32,54
"ENSG00000125846",472.99999,402.00001,724,578,556,957,806,906,840,981,956,757,804
"ENSG00000125848",493,300,23,39,38,2469,1597,1834,2397,2402,2407,2263,2278
"ENSG00000125851",263,542.99999,41,39,33,24,16,8,31,635,680,514,621
"ENSG00000125863",888,811,1790,1642,1438,1586,1769,1248,1469,1818,1517,1519,1618
"ENSG00000125864",315,230,38,41,32,0,10,5,0,48,55,49,50
"ENSG00000125868",3119,2950,5238,5541,4566,5619,5105,4365,4649,4468,3813,4294,4493
"ENSG00000125869",148,69,13,11,5,40,62,35,21,768,1240,1210,676
"ENSG00000125870",1304,1666,1556,1465,1314,1435,1526,1215,1180,1543,1458,1490,1736
"ENSG00000125871",638,750,1768,1730,1393,1865,1282,1619,1825,1854,1484,1505,1761
"ENSG00000125875",386.99999,426,366,311,349,948,624,1016,867,698,679,642,888
"ENSG00000125877",502.99999,578.00001,1866,1473,1377,873,1101,904,905,965,861,766,799
"ENSG00000125878",54,21,29,20,17,1,15,6,9,7,0,3,3
"ENSG00000125885",532.00001,496,627,476,421,697,473,645,579,470,381,346,466
"ENSG00000125895",48,15,34,32,26,29,56,30,33,9,15,8,16
"ENSG00000125898",194.99999,552,52,36,43,43,133,103,70,37,38,56,129
"ENSG00000125901",853,825,2689,2235,2275,2090,2681,1934,2203,2305,2097,2162,2360
"ENSG00000125912",358,253,1568,1554,1785,1138,918,1459,1124,522,429,466,905
"ENSG00000125931",59,27,0,2,0,6,4,7,10,33,33,21,17
"ENSG00000125944",5087,5101.00001,7302,6899,5826,10802,6438,9618,10445,15006,13782,11767,13871
"ENSG00000125945",187,201,70,86,58,785,514,731,744,2051,1508,1566,2099
"ENSG00000125952",448.99999,526.99997,614,619,464,798,612,770,783,775,848,594,729
"ENSG00000125962",83,91,517,456,430,650,452,562,649,721,709,721,666
"ENSG00000125965",17,20,1,6,1,15,15,14,20,39,36,30,18
"ENSG00000125966",100,55,221,196,170,13,12,11,37,43,59,28,52
"ENSG00000125967",246,292,99,83,71,103,133,172,120,124,118,95,119
"ENSG00000125968",1205,1526,604,767,774,908,902,815,812,1077,822,1059,1174
"ENSG00000125970",1581.99999,1939,2667,2346,2277,4112,4457,4361,4086,5350,5207,5060,5568
"ENSG00000125971",1314,1333,1915,1519,1510,1867,1962,1808,1647,2038,2137,1816,1767
"ENSG00000125977",1457,1550,2898,2374,2170,2135,1975,1760,1925,1617,1347,1190,1529
"ENSG00000125991",2624.00001,2050.00001,4089,3534,3070,5029,5357,4553,4735,5753,5762,5521,5096
"ENSG00000125995",3158,2702,3347,2551,2732,3375,7478,3230,2939,3256,3348,3541,3010
"ENSG00000126001",976.99999,748.99999,1430,1234,1154,1364,704,1545,1672,1765,2279,1246,1479
"ENSG00000126003",404,337,1856,1960,1634,3205,1824,3511,3439,3094,2756,2294,2892
"ENSG00000126005",479,417,100,79,59,102,115,114,81,74,93,81,99
"ENSG00000126010",44,81,2146,2028,1583,214,185,187,218,21,28,4,24
"ENSG00000126012",1204,1164.99999,3839,3624,3159,5127,2822,5230,5431,5249,5595,3972,4401
"ENSG00000126016",372.99999,455,417,512,368,1371,613,980,1067,1639,1708,1376,1486
"ENSG00000126062",293,238,1107,830,941,958,794,918,977,1224,1282,1013,1025
"ENSG00000126067",1742,1900,7690,6528,5937,6581,5854,5808,5866,6849,5834,5473,5913
"ENSG00000126070",950.00001,1232.99999,508,614,483,795,484,689,669,857,792,707,759
"ENSG00000126088",656,632.00001,3838,3198,2973,2676,4071,2617,2594,2162,2325,2189,2216
"ENSG00000126091",1334.99999,1345.99999,245,167,200,365,384,345,388,530,561,551,833
"ENSG00000126106",113,118,498,384,279,355,424,421,375,406,536,398,418
"ENSG00000126107",132,116,531,489,781,1110,865,1203,875,396,278,326,819
"ENSG00000126214",2473,2404,771,589,881,1481,1477,1962,978,1666,1459,1598,4691
"ENSG00000126215",207,148,697,578,487,732,717,788,965,759,772,702,846
"ENSG00000126216",990,618,669,696,656,1116,684,1115,1052,1429,1233,1342,1576
"ENSG00000126217",1280,630.99998,100,86,95,326,272,379,291,169,179,146,284
"ENSG00000126218",278,94,122,114,103,299,244,231,246,143,199,95,117
"ENSG00000126226",561,807.99999,2228,2014,1818,2304,2588,1900,2134,1343,1404,1383,1512
"ENSG00000126243",119,148,43,85,51,81,76,69,75,90,49,49,68
"ENSG00000126246",55,87.99999,244,186,211,169,239,223,193,140,175,148,131
"ENSG00000126247",2195,1857.99999,1212,997,883,1168,1496,1203,1050,963,918,933,1320
"ENSG00000126249",125,160,695,610,595,391,522,386,401,328,296,267,226
"ENSG00000126254",611,557,1263,1048,1065,1293,1158,1385,1305,1402,1540,1283,1359
"ENSG00000126259",128,227.99999,81,75,82,118,77,131,117,315,346,313,316
"ENSG00000126261",2875,2949.00001,3521,4130,3358,5733,4533,5084,4876,5025,4212,4588,5347
"ENSG00000126267",3037,3350.00001,5173,4174,4279,3939,5256,4058,3925,3843,3843,3417,3400
"ENSG00000126351",570,607,38,30,45,141,80,97,103,371,331,305,438
"ENSG00000126368",141,81,66,48,40,67,51,76,59,87,103,68,115
"ENSG00000126391",224,192.00001,690,700,602,763,548,734,773,439,465,327,372
"ENSG00000126432",2121,2311.00001,6970,4911,4885,4756,7854,4309,4543,4823,5185,4581,4488
"ENSG00000126453",561.99999,587,1063,947,899,820,944,872,882,402,380,319,331
"ENSG00000126456",307.00001,231,1486,1172,1076,913,887,948,969,671,651,536,620
"ENSG00000126457",2269.00001,2782,10826,9057,8705,11001,14124,10242,10668,9459,9889,8902,9893
"ENSG00000126458",156,131,275,242,276,597,742,560,561,150,155,190,205
"ENSG00000126461",548,428,159,98,105,160,81,134,142,154,179,113,168
"ENSG00000126464",698,483,140,99,113,84,59,113,104,63,78,46,70
"ENSG00000126500",395,173,32,20,30,34,17,7,23,82,140,81,81
"ENSG00000126522",215.99999,267,1158,823,826,1206,1572,1232,1225,679,759,642,606
"ENSG00000126524",822,810,676,684,553,747,656,606,692,1255,1119,993,1087
"ENSG00000126561",19,19,143,134,147,104,76,112,100,17,6,15,10
"ENSG00000126562",26,42,23,20,22,13,10,21,31,14,18,13,16
"ENSG00000126581",438.99999,417.99998,1541,1345,1240,1403,1045,1322,1248,1309,1405,1122,1141
"ENSG00000126583",124.99999,56,192,144,130,277,195,278,253,230,241,178,206
"ENSG00000126602",995,881.99999,3405,3680,4438,4009,4390,4303,3743,2900,2182,2659,4005
"ENSG00000126603",282,230,109,81,69,65,59,78,85,217,244,146,184
"ENSG00000126653",1492,1623,604,418,411,626,381,630,662,593,583,534,618
"ENSG00000126698",1661,1891,5339,4417,3772,5234,5720,4575,4737,4725,4630,4699,4648
"ENSG00000126705",842,784.00001,139,120,124,230,180,262,250,195,193,129,160
"ENSG00000126709",260.99999,211,134,99,116,141,177,104,114,697,816,634,716
"ENSG00000126733",459,1132,75,69,62,31,26,19,22,213,148,221,240
"ENSG00000126746",550,569,1104,971,816,1330,975,1554,1574,1496,1610,1205,1388
"ENSG00000126749",435,392,1863,1594,1468,1146,1489,1008,1145,957,886,877,843
"ENSG00000126756",1277,1335.99999,1038,861,834,1204,1863,1159,1039,1409,1338,1447,1359
"ENSG00000126767",201,230,681,603,535,848,568,872,850,640,674,550,652
"ENSG00000126768",1218,1178.99999,4644,3385,3354,4404,6184,4169,4559,4588,4755,4032,4147
"ENSG00000126773",1756.99999,1956.99999,1250,1336,1011,3113,1485,2080,2583,3908,3540,3464,3450
"ENSG00000126775",398,405,279,225,254,359,241,308,333,241,242,225,223
"ENSG00000126777",3726.00001,4272,1425,1223,1210,1731,1125,1458,1512,1072,885,893,1209
"ENSG00000126785",148,61,3,0,1,5,9,3,4,48,32,40,33
"ENSG00000126787",931.99999,1132,3783,3890,3265,4998,4006,3758,3962,3735,3099,3406,3684
"ENSG00000126790",297,187.99999,182,124,140,148,115,114,128,75,101,120,95
"ENSG00000126804",572,578,473,604,458,939,507,865,852,579,524,557,599
"ENSG00000126814",184,246,757,689,621,730,605,597,750,630,565,527,589
"ENSG00000126821",161,193,67,71,31,26,17,19,29,48,22,34,50
"ENSG00000126822",203.99999,142,732,505,582,737,594,849,597,463,371,419,671
"ENSG00000126858",1047.00001,1285,1321,1396,1104,1699,1410,1174,1384,2775,2438,2784,2172
"ENSG00000126870",1161,1110,512,419,399,564,394,600,587,625,645,450,597
"ENSG00000126878",739.00001,762.99999,5159,5346,4855,5174,4023,5173,5086,7359,7677,5525,7591
"ENSG00000126883",1160.00002,1790,1676,1587,1373,2008,911,1705,1892,2327,2639,1701,1981
"ENSG00000126903",93.00001,89,147,122,113,102,131,105,97,125,148,93,175
"ENSG00000126934",1283.99999,1084.99999,567,343,358,401,515,475,478,371,490,310,415
"ENSG00000126945",704,893,4581,4563,3604,5711,3345,4749,5054,7212,6857,5983,6852
"ENSG00000126947",329,433,628,534,496,715,622,596,592,1275,1250,1140,1074
"ENSG00000126950",207,254,99,71,72,298,292,208,236,602,686,667,578
"ENSG00000126953",127,115,663,498,473,583,653,500,551,235,238,225,248
"ENSG00000126970",1198,750,939,918,736,1273,1007,1316,1380,2528,2637,2268,2205
"ENSG00000127022",3625.00001,5069.00001,15156,16373,13249,18062,9718,13401,15309,16862,16162,14530,15268
"ENSG00000127054",1073.00001,708.00001,3106,2416,2142,2409,2072,2427,2506,2700,2961,2243,2397
"ENSG00000127080",146,115,311,348,292,441,279,430,459,304,308,391,336
"ENSG00000127081",269.00001,357,189,169,135,331,225,268,334,258,240,243,285
"ENSG00000127084",14,32.00001,82,83,93,59,42,71,47,119,123,116,94
"ENSG00000127124",517,203.99999,17,7,8,72,39,42,43,144,163,102,133
"ENSG00000127125",464.00001,624,772,773,663,767,737,687,734,820,675,656,726
"ENSG00000127152",79,50,41,17,24,21,8,10,11,3,5,5,2
"ENSG00000127184",7066,8278.99999,13775,11828,11351,8180,10238,8186,7187,7416,6677,6823,6910
"ENSG00000127191",319,529,1551,1377,1194,1357,1013,1621,1599,1191,1140,877,1076
"ENSG00000127220",238,146,45,56,77,138,145,135,78,128,87,136,333
"ENSG00000127241",46,13,154,125,95,116,71,89,135,309,509,346,216
"ENSG00000127249",20,44,2,0,0,40,8,22,46,13,35,16,20
"ENSG00000127252",131,162,41,41,92,93,177,71,68,60,67,83,123
"ENSG00000127311",220,152.99999,266,240,181,183,104,179,146,144,163,124,148
"ENSG00000127314",1029.99999,1348,2877,2701,2269,3949,3546,2995,3294,3243,2642,3369,3190
"ENSG00000127328",343.99999,503.00001,1087,954,729,1686,1232,1356,1466,774,761,785,840
"ENSG00000127329",29,23.99999,67,65,73,5,8,0,3,13,18,6,18
"ENSG00000127334",343,453,477,365,369,520,443,478,335,473,410,371,494
"ENSG00000127337",1180.99999,1131,864,893,722,1078,1356,942,917,1185,977,1242,1288
"ENSG00000127364",160,156,14,7,22,29,9,12,25,13,29,12,7
"ENSG00000127418",271.99999,179,182,138,130,281,220,253,273,547,649,481,474
"ENSG00000127419",329.99999,374,109,108,87,151,109,179,187,322,396,264,281
"ENSG00000127423",142,107,696,601,539,717,671,654,618,347,292,284,404
"ENSG00000127445",1030,1139,2035,1548,1403,1739,2931,1866,1829,2451,2692,2276,2342
"ENSG00000127452",269.99999,362.99999,636,538,420,634,526,602,651,645,661,507,612
"ENSG00000127463",583.99999,517,2403,2091,1901,2576,1333,2006,2433,2090,2128,1686,1850
"ENSG00000127481",1287,1088,6338,5489,4768,4645,2076,3833,3818,3347,4134,2560,2243
"ENSG00000127483",2813.99999,3573.00001,1518,1630,1293,3816,2150,3485,3384,5498,5451,5054,5521
"ENSG00000127511",543,509,284,261,317,291,250,365,269,252,235,185,312
"ENSG00000127526",494.99999,388,351,275,263,435,337,460,429,362,348,287,379
"ENSG00000127527",1067.00001,1095.00001,332,322,310,551,363,603,587,624,734,483,656
"ENSG00000127540",3605,3408,4845,3524,3488,3857,6749,3795,3720,3854,4151,4069,3879
"ENSG00000127554",259,268.99999,128,133,178,217,376,262,196,138,115,203,257
"ENSG00000127561",53,69,188,146,135,112,116,166,154,85,84,60,128
"ENSG00000127564",297,210.00001,1703,1473,1271,928,785,1054,1186,1252,1110,949,1274
"ENSG00000127578",67,71,120,121,202,273,358,374,304,434,317,627,1143
"ENSG00000127580",159,113,1103,944,737,840,667,870,1014,941,1223,854,906
"ENSG00000127585",140,135,40,19,40,9,17,17,12,30,37,14,30
"ENSG00000127586",460,291.99999,1853,1609,1653,1657,1089,1834,2217,1362,1520,1107,1501
"ENSG00000127603",3908,4680,4469,3628,3439,2377,1151,2096,1965,2784,2988,2267,2065
"ENSG00000127616",6546.99998,5519.00001,5658,5350,5158,7310,4605,8383,7810,7949,8306,6490,9504
"ENSG00000127663",1497,1266,505,461,514,1132,718,1320,884,528,518,542,993
"ENSG00000127720",196,248,180,163,89,183,168,119,118,203,192,186,142
"ENSG00000127774",607,632,1407,1132,1064,1069,1592,1060,1045,1037,987,966,927
"ENSG00000127804",472,712,1327,1277,1144,1517,921,1589,1634,1590,1508,1449,1529
"ENSG00000127824",67,25,3082,2479,2186,325,306,245,264,158,162,159,105
"ENSG00000127837",732.00001,818,4964,4403,3977,4171,3501,4062,4380,3855,4089,3188,3447
"ENSG00000127838",884.99998,1000,1178,992,866,1223,1465,1195,1253,1661,1752,1500,1681
"ENSG00000127863",124,90,41,32,33,507,294,523,622,2723,2372,2185,2188
"ENSG00000127870",264.99999,334.00001,490,511,489,864,417,638,731,679,683,603,657
"ENSG00000127884",1323,1243,3768,3095,3021,3329,3798,3253,3052,4308,4024,3936,3893
"ENSG00000127914",4727,9311,1165,1058,957,1758,830,1595,1530,1783,1844,1394,1755
"ENSG00000127920",100,77,120,105,95,84,94,59,49,130,114,173,122
"ENSG00000127922",2077.00001,2818,3853,3287,3220,4146,3815,3838,3662,3440,3079,2609,2984
"ENSG00000127946",1124.00001,932,2080,1797,1718,1954,1211,1884,1789,2349,2483,1716,2525
"ENSG00000127947",1576.00001,1770,827,709,621,944,656,799,813,612,542,559,532
"ENSG00000127948",443.00001,545.99999,5133,3890,3645,2661,2490,2728,3181,3913,4018,3187,3207
"ENSG00000127952",396.00001,352.00001,933,865,740,1007,1146,881,762,845,802,872,777
"ENSG00000127955",1896,1046.99999,865,916,750,2275,1362,1698,1919,1987,1764,1735,1904
"ENSG00000127980",469.00001,505,843,867,602,818,471,752,746,861,731,731,806
"ENSG00000127989",237,272,326,308,299,356,321,381,338,402,317,398,444
"ENSG00000127990",755.00001,923,630,620,497,1067,832,873,968,841,832,821,794
"ENSG00000127993",180,229.99999,260,276,210,472,398,365,491,562,460,503,427
"ENSG00000127995",943,1137,176,166,141,362,306,242,296,441,337,347,450
"ENSG00000128000",478,459.99999,100,110,89,192,121,175,174,146,143,143,120
"ENSG00000128011",54,49,51,44,61,104,108,127,107,103,102,93,158
"ENSG00000128016",69,22,200,133,111,105,90,95,109,49,60,44,47
"ENSG00000128039",190,168,525,538,630,439,491,453,410,241,184,219,398
"ENSG00000128045",136,153,1744,1723,1519,133,169,150,148,165,239,264,226
"ENSG00000128050",2675.00001,3530,19340,18836,16068,21231,16237,17993,19486,14716,12020,11645,13578
"ENSG00000128052",138,194,2063,2259,1883,544,212,429,464,173,196,145,126
"ENSG00000128059",413,539,3350,3464,2708,3697,2124,3042,3277,2947,2195,2490,2929
"ENSG00000128159",236.99999,328,1046,833,748,735,439,1060,927,1160,1423,1035,1268
"ENSG00000128185",852,820.00001,1796,1306,1257,1789,2721,1724,1793,1964,1978,1904,1878
"ENSG00000128191",589,579.99999,427,318,322,473,248,438,514,421,473,362,385
"ENSG00000128203",54,53,135,135,103,143,143,106,144,93,81,60,106
"ENSG00000128228",351,296,663,576,646,418,507,482,522,236,251,245,331
"ENSG00000128242",26,24.00001,109,98,102,40,51,41,27,18,8,10,13
"ENSG00000128245",1375,1508.00001,989,818,842,963,1258,887,807,1099,1046,1156,1193
"ENSG00000128266",442,487,128,91,95,273,241,248,236,391,436,331,510
"ENSG00000128268",179,195,80,66,55,81,98,82,97,149,197,175,171
"ENSG00000128272",1556,1727,4267,3424,3213,2646,3025,2516,2524,3027,2832,2610,2686
"ENSG00000128283",82,39,116,110,71,56,50,50,73,74,76,67,95
"ENSG00000128285",45,51,128,103,113,58,60,57,65,33,101,45,50
"ENSG00000128294",276,163,3331,2747,2426,1643,1466,1412,1570,618,734,534,579
"ENSG00000128298",31,29.00001,42,46,42,31,49,53,59,23,17,11,35
"ENSG00000128309",718.00001,708,617,621,725,1216,2082,1483,1218,929,838,960,1503
"ENSG00000128311",258,219,280,197,209,409,634,480,429,358,282,357,323
"ENSG00000128335",105,45,217,191,166,175,102,109,146,97,135,108,67
"ENSG00000128342",48,16,124,112,117,15,9,35,25,48,62,39,56
"ENSG00000128346",26,48,11,6,7,11,36,29,27,79,56,40,80
"ENSG00000128394",87,55,491,328,285,156,92,150,121,66,102,71,86
"ENSG00000128408",109,91,38,22,14,38,27,30,56,43,43,32,43
"ENSG00000128463",1205,1305,3965,3401,2935,3402,4323,2864,3122,3646,3666,3681,3512
"ENSG00000128487",1037.99999,474,1607,1406,1368,1123,827,1181,1100,1236,1585,1113,1289
"ENSG00000128512",624.99999,626,568,509,524,492,208,431,447,384,558,362,337
"ENSG00000128513",1110,1271.99999,757,708,600,1013,664,767,862,961,788,1037,908
"ENSG00000128524",1544,1630,2712,2179,2084,2775,4243,2592,2501,4259,4372,4270,3878
"ENSG00000128534",888,1200.00001,1034,963,860,1169,842,955,1083,1155,1058,1026,1125
"ENSG00000128536",322.00001,485.99999,63,58,99,16,32,38,51,80,97,75,66
"ENSG00000128563",1160,954.99999,616,568,531,789,671,816,879,726,713,665,806
"ENSG00000128564",232,57,27,31,55,0,3,7,1,27,38,34,23
"ENSG00000128567",243.99999,427.99999,11955,9539,10019,875,730,1114,852,192,171,189,342
"ENSG00000128573",4332.00001,7962.00002,1,3,4,10,6,13,13,317,407,316,407
"ENSG00000128578",138,179,171,149,163,244,174,265,247,200,155,160,164
"ENSG00000128581",851,1021,488,384,384,811,937,865,781,2767,2473,2309,2384
"ENSG00000128585",2238,1714,1708,1763,1367,1967,1004,1446,1570,2168,2078,1979,2001
"ENSG00000128590",438,609,440,474,336,896,1146,614,672,898,746,972,863
"ENSG00000128591",395,211,680,701,561,778,391,849,886,1863,2600,1474,1947
"ENSG00000128594",303,273,37,41,47,118,98,95,109,123,143,116,154
"ENSG00000128595",2468.00001,2466.00001,9686,9361,7444,11565,7630,8752,10447,8541,7840,7667,8127
"ENSG00000128596",719,679.99999,242,164,174,398,206,461,415,418,489,356,443
"ENSG00000128602",544,650,354,297,249,398,458,422,364,439,443,367,389
"ENSG00000128606",228,644,152,90,70,104,94,74,80,389,381,405,333
"ENSG00000128607",754,833,244,244,203,617,307,518,484,609,632,540,640
"ENSG00000128609",1804.00002,2471,1323,1449,1039,1464,1105,1154,1212,1709,1447,1531,1569
"ENSG00000128626",258.99999,213,2457,1849,1631,1284,1909,1274,1266,952,992,971,1023
"ENSG00000128641",1424.00001,2408.99998,585,683,767,1245,896,1376,939,1038,710,935,2042
"ENSG00000128654",1229.99999,1204,1521,1529,1300,1355,1232,1132,1225,1568,1599,1391,1586
"ENSG00000128655",47,189,8,9,7,16,5,8,26,31,41,26,20
"ENSG00000128656",2511.99999,2415,349,289,291,586,625,446,428,706,577,650,760
"ENSG00000128683",123,102,4,11,19,297,143,236,227,126,186,118,137
"ENSG00000128694",375.99999,400.00001,482,421,384,463,408,368,455,568,557,624,520
"ENSG00000128699",880,1140.00001,1397,1232,972,1448,1125,1078,1187,1400,1174,1336,1372
"ENSG00000128708",1222,1754.99999,2639,2689,2227,3141,2622,2669,2756,3400,2730,3027,3229
"ENSG00000128731",1344,1296.99999,2593,2208,2276,1432,742,1279,1182,1754,2171,1610,1610
"ENSG00000128739",2169,2139.99999,46277,38166,35456,21754,24627,20266,19797,10620,10872,9226,9520
"ENSG00000128789",991.00001,1166,1541,1357,1325,1605,1410,1366,1400,1268,1333,1384,1378
"ENSG00000128791",774,701,553,660,622,1152,748,709,838,1258,1047,1221,1271
"ENSG00000128805",19,53.00001,112,75,65,32,28,15,21,37,34,53,30
"ENSG00000128829",994,919.00001,2025,2134,2219,1286,769,1166,1012,734,593,739,1232
"ENSG00000128833",348,321,672,638,602,412,156,393,378,157,159,122,179
"ENSG00000128849",285,158,2268,2161,1706,250,122,234,242,68,97,86,116
"ENSG00000128872",307,355,60,93,67,126,76,99,83,586,676,497,522
"ENSG00000128881",711.99999,1251,447,477,411,1068,597,856,742,1086,988,905,959
"ENSG00000128891",294,232,349,281,260,370,449,320,336,412,539,437,449
"ENSG00000128908",529.99999,698,444,276,290,277,254,327,266,272,250,207,224
"ENSG00000128915",990.99999,1272.00002,1579,1658,1369,2024,1255,1619,1753,1791,1505,1661,1701
"ENSG00000128917",195,266,8,2,5,5,2,3,3,266,344,277,239
"ENSG00000128918",55,28.00002,8,9,1,922,560,820,935,4,7,7,9
"ENSG00000128923",714,1243.99999,1393,1248,1047,1184,606,1010,995,1090,1219,943,1171
"ENSG00000128928",663.00001,639,2551,2319,2014,1938,1460,2030,2028,1546,1601,1361,1362
"ENSG00000128944",620,783,1616,1380,1308,1987,1889,1735,1750,2004,1845,1788,1898
"ENSG00000128951",2567,2802,2114,1918,1726,1524,2180,1608,1440,1729,1389,1568,1985
"ENSG00000128965",44,32,716,580,494,267,245,339,326,146,150,138,159
"ENSG00000128973",777.99999,339.00001,499,445,495,590,491,669,691,373,431,349,554
"ENSG00000128989",1822.00001,2207.99999,4500,4952,3771,5846,3985,4598,4696,5521,4674,4698,5009
"ENSG00000129003",1454.99999,1907,395,506,391,648,190,382,410,622,649,571,592
"ENSG00000129007",51,56,66,43,66,53,23,40,25,36,23,37,69
"ENSG00000129009",57,57,15,30,10,91,68,94,104,22,13,13,13
"ENSG00000129028",94,88,166,135,120,209,146,147,170,226,192,215,211
"ENSG00000129038",718.00001,505.99999,40,31,41,47,114,86,70,98,132,99,115
"ENSG00000129055",862,977.00001,987,881,769,1455,1211,1196,1304,1898,1935,1944,1859
"ENSG00000129071",416,611.99999,724,681,557,1172,840,1014,1091,650,667,536,629
"ENSG00000129083",1258,1403,3591,4029,2994,5694,3180,4418,4854,5891,5198,5670,5612
"ENSG00000129084",1577,1789,5730,5716,4691,5312,5142,4403,4542,5021,4667,5007,5236
"ENSG00000129103",631,423.99997,1837,1503,1430,2476,2831,1966,2202,1719,1951,1879,1620
"ENSG00000129116",2492.99999,2400.99999,342,270,253,1149,877,894,874,1689,1608,1445,1770
"ENSG00000129128",1000.99999,1178,1315,1435,1316,1476,1066,1112,1276,974,922,1091,1090
"ENSG00000129158",643.99999,451.99999,585,596,570,684,869,681,744,630,613,593,640
"ENSG00000129159",50,73,4,1,6,31,23,37,19,56,88,47,59
"ENSG00000129173",170,159,229,188,182,226,157,208,281,291,277,197,263
"ENSG00000129187",663,675,1544,1388,1213,1922,1601,1577,1730,1562,1341,1301,1585
"ENSG00000129195",799.00002,1024.99999,3685,3063,2788,5110,6896,4981,5097,5105,4563,4553,4565
"ENSG00000129197",1532,1562.99999,1700,1341,1268,1837,2410,1630,1658,1795,1992,1885,1646
"ENSG00000129204",80,103,21,25,10,18,5,16,6,12,13,17,20
"ENSG00000129214",44,26,30,14,12,21,9,11,17,104,133,115,90
"ENSG00000129219",102,108,1001,909,766,1270,668,1225,1222,490,564,384,449
"ENSG00000129235",1328,1520,3644,3247,3187,2800,3872,2976,2649,1844,1613,1752,1796
"ENSG00000129244",1144,1131,409,414,329,410,224,359,383,573,757,426,523
"ENSG00000129245",390.99999,352.00001,154,151,134,165,208,159,156,218,189,150,217
"ENSG00000129250",444,364,416,368,370,211,162,239,221,193,202,171,246
"ENSG00000129255",560.99999,556.00001,1669,1517,1392,1361,1267,1273,1262,1302,1310,1151,1255
"ENSG00000129292",1203,1412.00002,256,270,268,384,387,371,267,369,279,345,575
"ENSG00000129295",447,542,45,36,50,121,64,98,80,274,231,221,271
"ENSG00000129315",470,603,501,426,404,627,510,599,546,514,515,484,515
"ENSG00000129317",178,350.00001,609,695,509,624,421,519,450,517,402,443,551
"ENSG00000129347",488.00001,370.99999,860,755,708,871,655,953,1087,1087,1114,782,869
"ENSG00000129351",4424,4666.99998,12842,11115,10148,12418,8400,12512,12869,12531,11916,9653,11385
"ENSG00000129353",542,526,3968,3711,3274,8900,4800,7818,8678,4975,5288,3896,4338
"ENSG00000129355",285,365,57,33,27,62,83,58,48,749,757,642,643
"ENSG00000129422",159.99999,212,68,98,85,300,186,242,233,337,395,302,340
"ENSG00000129460",506,656.00001,1312,1125,1031,1509,1546,1220,1409,1516,1500,1389,1404
"ENSG00000129472",376.99999,416,308,345,235,698,583,574,620,700,691,661,649
"ENSG00000129473",182,236,168,118,101,159,133,174,167,204,217,172,173
"ENSG00000129474",298,393,1079,1083,980,941,532,789,770,1077,1297,1376,1532
"ENSG00000129480",253,155,209,204,191,135,118,141,128,426,456,568,452
"ENSG00000129484",404,480,1431,1259,1073,2353,1674,2028,2143,1825,1759,1464,1761
"ENSG00000129493",286,284,1007,977,848,993,372,811,805,651,768,678,628
"ENSG00000129515",1330.99999,1852.00001,1936,1942,1479,2678,2511,2076,2170,2881,2614,2802,2870
"ENSG00000129518",498,596,791,743,687,1480,1776,1099,1162,1415,1341,1646,1397
"ENSG00000129521",82,80,1010,958,886,2182,2102,2227,2712,741,701,718,669
"ENSG00000129534",1574,1959,1500,1496,1315,1861,1048,1630,1584,1227,1084,972,1249
"ENSG00000129559",2169,2254.00001,5141,4307,3914,4226,5570,4054,4039,3952,3649,3963,3792
"ENSG00000129562",1435,1693,4048,3429,3114,3522,5117,2951,3270,3349,3303,3235,3344
"ENSG00000129566",82,109,181,193,204,198,83,187,160,144,163,88,81
"ENSG00000129595",377,547.00001,36,27,19,85,37,73,54,117,101,79,137
"ENSG00000129596",363,801,618,584,444,868,701,759,786,3273,2722,2718,2515
"ENSG00000129625",692,809,3563,3577,2588,1847,1552,1474,1553,1797,1747,1938,1670
"ENSG00000129636",894,1365.00001,977,988,791,1279,795,840,1082,1552,1544,1460,1557
"ENSG00000129646",436.00001,733,34,51,49,74,55,55,60,140,216,174,153
"ENSG00000129654",43,71,62,57,41,23,8,12,15,32,42,29,30
"ENSG00000129657",956,982,1215,1173,968,2827,1279,2340,2442,2390,2606,1670,2041
"ENSG00000129667",38,18.99999,912,718,674,340,220,374,449,48,54,47,47
"ENSG00000129675",92,53,343,346,322,138,76,164,133,314,289,305,347
"ENSG00000129680",793,370,1097,1063,884,925,643,999,987,816,838,741,804
"ENSG00000129682",730.00001,483,838,1042,987,1261,895,1116,988,4218,4062,4083,5003
"ENSG00000129691",694.99999,736,2213,2180,1769,2608,2004,2252,2270,3176,3054,2869,2958
"ENSG00000129696",202,179.00001,1125,922,750,1120,1079,992,1041,1287,1074,1086,1123
"ENSG00000129757",2006.99999,1403.99999,63,58,49,236,249,166,237,382,427,286,332
"ENSG00000129810",677,796,893,925,809,1491,1196,1336,1420,1158,1058,900,1081
"ENSG00000129911",163,142,36,31,21,18,22,27,28,12,18,7,25
"ENSG00000129925",486,396,674,439,456,310,294,248,280,211,208,205,230
"ENSG00000129932",107,128,101,159,264,224,221,277,218,162,141,172,411
"ENSG00000129933",653,578,1050,960,752,1304,801,1396,1370,1606,2061,1342,1750
"ENSG00000129946",568,622,35,31,20,38,60,54,64,265,280,201,204
"ENSG00000129951",1022.00001,1285,106,80,107,146,122,185,188,262,266,223,262
"ENSG00000129968",443,498,157,107,172,242,461,376,238,178,146,181,369
"ENSG00000129990",127.99999,171.99999,15,28,27,40,18,33,34,88,62,86,75
"ENSG00000129991",129,96,673,529,522,684,1032,738,689,249,203,161,197
"ENSG00000129993",219,163,23,21,27,73,51,82,61,79,61,55,75
"ENSG00000130005",619,510,404,373,412,1116,1702,1195,1168,966,829,933,1086
"ENSG00000130021",677,637,1166,1036,860,1018,1022,999,1021,1019,879,965,962
"ENSG00000130023",251.00001,357.00001,209,209,220,362,342,313,300,383,280,410,311
"ENSG00000130024",1027,1280,345,224,180,259,240,231,231,607,496,514,600
"ENSG00000130032",32,59,131,120,113,150,85,136,159,195,180,156,147
"ENSG00000130035",44,57,58,53,33,38,36,45,45,71,71,59,77
"ENSG00000130045",32,13,24,24,18,19,23,14,25,4,15,16,6
"ENSG00000130052",19.00001,23.00001,138,116,88,58,19,45,40,5,20,11,14
"ENSG00000130054",18,19,136,79,75,80,77,118,99,69,84,30,67
"ENSG00000130055",165,151,1380,1151,1002,449,364,394,473,351,318,298,252
"ENSG00000130066",728,977,1607,1447,1239,5287,4569,3703,3914,1752,1749,1748,1600
"ENSG00000130119",690.00001,549,1137,1269,1044,935,546,926,955,882,850,572,803
"ENSG00000130147",350,225,730,474,428,1094,986,1196,1065,827,851,706,793
"ENSG00000130150",251.00001,415,305,382,249,537,288,363,437,297,327,311,334
"ENSG00000130158",132.99999,91,426,285,308,779,462,805,769,194,288,191,276
"ENSG00000130159",367.99999,330,1037,814,733,459,657,454,495,1490,1226,1193,1132
"ENSG00000130164",467.00001,713,4721,4296,3697,4439,2506,4374,5085,3858,4243,2665,3557
"ENSG00000130165",544.00001,480.00001,2356,1819,1584,2166,2274,2194,2167,2127,2039,1864,1902
"ENSG00000130175",1641,1629.99999,2483,2142,2095,2368,1465,2394,2595,2289,2602,1572,2148
"ENSG00000130176",44,22,259,224,257,238,232,185,186,192,213,173,193
"ENSG00000130177",1243,1373,717,726,685,916,852,880,691,801,647,830,1061
"ENSG00000130193",141,139,68,91,142,148,232,222,83,152,126,190,828
"ENSG00000130202",1297,1222,3304,3475,3205,3594,2783,3450,3702,2337,2600,2169,2916
"ENSG00000130203",617,726.00001,985,703,877,499,1119,635,470,50,43,56,111
"ENSG00000130204",615,598,434,259,282,238,345,204,241,178,175,138,242
"ENSG00000130208",66.00001,77,580,411,465,236,330,227,184,71,103,70,76
"ENSG00000130222",297,184,111,76,93,11,11,9,10,562,677,560,469
"ENSG00000130224",639,941,91,114,83,239,84,133,117,534,391,476,497
"ENSG00000130227",800,1060.99999,3710,3499,2994,4860,3246,4485,4683,4238,3979,3540,4201
"ENSG00000130244",103,97,67,36,68,80,120,85,67,41,55,50,101
"ENSG00000130254",812,738,1061,925,863,866,589,1045,892,1217,1456,999,1205
"ENSG00000130255",15767,13321.99999,10494,8393,8641,8443,13900,8615,8160,8344,8250,8050,7536
"ENSG00000130270",47.99999,58,388,336,263,225,158,260,232,133,127,91,134
"ENSG00000130287",138,166,20,16,15,205,264,242,257,157,193,118,144
"ENSG00000130294",2546.99999,2395.00001,8218,7557,6600,3857,1999,4255,4198,7945,9647,5239,6904
"ENSG00000130299",244,244,853,657,645,562,547,720,855,539,468,449,615
"ENSG00000130303",52,32,1889,1388,1336,4075,3816,3854,4406,172,171,161,172
"ENSG00000130304",219,358.00001,333,258,309,620,452,568,716,586,617,479,580
"ENSG00000130305",297,286,1698,1292,1252,1038,1162,1095,1218,970,876,760,851
"ENSG00000130309",684,671.99999,1158,910,819,1024,979,927,1072,1124,944,786,1350
"ENSG00000130311",443.00001,386,387,309,308,434,330,414,403,594,600,387,568
"ENSG00000130312",581,560,1629,1301,1250,878,1132,843,785,933,991,989,1068
"ENSG00000130313",1056.00001,858.00001,791,764,858,1109,1519,1309,1198,1222,1147,1207,1479
"ENSG00000130332",2212.00001,1994,2305,1625,1609,1470,2203,1516,1570,2288,2384,2023,2168
"ENSG00000130338",1502,1396,1006,947,903,1923,900,1742,1798,2819,3233,2247,2588
"ENSG00000130340",914.00001,774,427,268,434,386,404,428,306,220,189,242,457
"ENSG00000130347",93,119,591,593,532,304,338,280,254,429,310,379,322
"ENSG00000130348",245,296,999,828,815,776,634,663,722,919,826,877,885
"ENSG00000130349",311,456.00001,305,294,250,288,252,212,219,518,397,423,428
"ENSG00000130363",260,324,163,119,135,269,130,281,244,396,413,454,424
"ENSG00000130382",643,621,187,147,130,221,157,213,186,442,511,394,484
"ENSG00000130396",3621.99999,4050,682,471,504,811,511,650,647,948,858,632,782
"ENSG00000130402",1877.00001,1692,1673,1698,1651,1178,539,1158,1327,1385,1647,1046,1495
"ENSG00000130413",1346,1718.99999,290,259,265,472,397,382,393,758,652,722,670
"ENSG00000130414",1272.00001,1427.00001,3278,2809,2419,2748,2739,2594,2898,3644,3353,3027,3202
"ENSG00000130429",321,240.99998,1926,1598,1579,1400,1310,1557,1604,553,561,499,554
"ENSG00000130449",455,873,99,119,112,253,162,217,257,370,383,330,469
"ENSG00000130475",177.00001,515,787,618,536,595,374,635,668,658,771,559,769
"ENSG00000130477",104,149,768,653,554,353,182,393,375,61,85,75,82
"ENSG00000130479",396,300.00001,1245,1286,1209,1595,1018,1853,1801,1222,1426,1102,1555
"ENSG00000130508",1784.00001,1646,3811,4011,4077,5016,2808,4865,4391,3009,3196,2887,4274
"ENSG00000130511",967.00001,974.00001,120,97,96,132,183,178,114,253,317,257,338
"ENSG00000130513",52,17,406,337,361,122,67,67,76,127,144,131,172
"ENSG00000130517",236.00001,248,344,280,286,160,111,143,149,305,306,204,256
"ENSG00000130518",200,270,25,6,20,48,29,49,52,196,210,168,127
"ENSG00000130520",2640.99999,2463,6594,5381,5492,8596,11206,8456,8084,6753,6128,6065,7073
"ENSG00000130522",1632,1945,74,58,62,155,136,126,157,312,356,271,378
"ENSG00000130528",106,118,101,111,112,58,32,49,44,48,141,62,64
"ENSG00000130529",114,105.00001,359,276,318,406,502,490,403,331,320,367,407
"ENSG00000130540",104,90,57,35,33,128,129,113,108,176,239,159,229
"ENSG00000130544",192,341,289,235,247,486,346,438,435,431,461,460,400
"ENSG00000130558",551.00001,704.00001,296,178,207,131,170,120,109,251,265,244,437
"ENSG00000130559",910,810,555,367,405,517,410,610,548,965,993,862,922
"ENSG00000130560",564,507,561,417,459,462,599,425,429,445,405,347,402
"ENSG00000130584",214,193,86,68,40,91,60,72,67,50,63,39,60
"ENSG00000130589",47,49,192,121,92,126,63,116,144,157,174,133,117
"ENSG00000130590",114,122.00001,75,46,56,57,56,85,63,119,108,130,154
"ENSG00000130635",294,235,178,76,81,187,149,253,224,181,296,186,162
"ENSG00000130638",1852,2235,5925,5452,4645,6527,5765,5929,5980,8573,7892,7291,7596
"ENSG00000130640",1003.00001,807.00001,2373,2097,1883,2230,1585,2197,2406,2898,3389,2520,2769
"ENSG00000130653",77,37,7,7,1,12,22,16,13,11,23,3,16
"ENSG00000130669",475.00001,406.00001,455,508,457,637,476,778,760,638,684,488,679
"ENSG00000130684",427,400,471,325,368,709,426,618,599,888,787,639,738
"ENSG00000130695",369.00001,490,1492,1326,1247,1818,1313,1793,1880,1652,1690,1319,1464
"ENSG00000130699",337,262,140,92,116,89,70,92,116,95,114,84,87
"ENSG00000130702",544,335,2039,1332,1475,1186,670,1214,1370,469,820,485,454
"ENSG00000130703",681,565,957,787,788,1151,727,1061,1183,1246,1398,1147,1151
"ENSG00000130706",1022,1044,3541,2576,2845,2224,2358,2381,2408,2267,2506,1728,2127
"ENSG00000130707",586,468,3850,3143,2862,1995,2316,1868,1897,881,894,869,821
"ENSG00000130713",636,487.99999,2309,1985,1814,2331,2484,2224,2099,1880,1620,1632,1808
"ENSG00000130714",423.99999,448.99999,1124,990,848,1317,849,1272,1403,1848,2094,1607,1553
"ENSG00000130717",538.00001,514.00001,1242,1078,862,1530,1811,1713,1575,1840,1861,1669,1976
"ENSG00000130720",527.99999,439.00001,101,58,66,227,158,248,255,36,50,45,36
"ENSG00000130724",1040,1028.00001,2678,2064,2128,3814,4210,3533,3577,2180,2314,1998,1914
"ENSG00000130725",1221,1168,198,115,145,94,138,116,119,96,123,78,117
"ENSG00000130726",2201,2173.99999,6196,3611,3867,3126,3863,3605,3237,2556,2517,2174,2714
"ENSG00000130731",1076.00002,974,1058,831,967,894,1323,936,1056,830,914,795,1070
"ENSG00000130733",242,228,912,807,713,720,741,571,640,503,577,562,579
"ENSG00000130734",186,208.99998,153,94,162,107,196,133,84,105,80,112,331
"ENSG00000130741",3350,4140,9542,9279,7975,9087,7476,7626,8046,5828,5670,5513,6572
"ENSG00000130748",837,656,126,139,390,364,1052,458,254,155,142,246,688
"ENSG00000130749",455.00001,432,465,387,308,324,268,377,375,284,284,259,338
"ENSG00000130751",92,54,35,38,42,114,125,155,102,16,14,31,37
"ENSG00000130762",122,92,612,483,484,291,230,344,295,301,344,235,297
"ENSG00000130764",487,417,626,498,418,334,380,351,351,385,323,337,355
"ENSG00000130766",176,174,1167,1124,1011,815,482,929,821,720,821,638,808
"ENSG00000130768",15,17,2733,2335,1871,460,436,380,462,9,11,22,15
"ENSG00000130770",2598.99999,2381,5678,4655,4576,3891,4748,3666,3458,3614,3712,3626,3683
"ENSG00000130772",146,172,173,111,109,190,200,189,174,129,120,107,143
"ENSG00000130779",1190,1061.00001,607,528,528,938,565,834,989,1028,1122,802,904
"ENSG00000130787",125,125,219,190,203,405,298,496,560,668,874,590,627
"ENSG00000130803",301,299,1191,1089,903,1410,664,1374,1259,1132,1365,940,1089
"ENSG00000130810",304,80,931,760,824,618,580,693,791,668,695,541,636
"ENSG00000130811",1253,1195.99999,4334,3100,3055,2883,3477,2696,2906,2659,2758,2203,2287
"ENSG00000130813",41,48,644,532,493,198,159,192,195,61,76,61,72
"ENSG00000130816",2385,2608,4567,3965,3613,4492,2548,4740,4907,4696,4732,3209,4249
"ENSG00000130818",237,354,1515,1430,1085,1781,1019,1434,1580,1341,1475,1191,1311
"ENSG00000130821",387,249,878,434,452,828,1046,1031,978,529,652,489,579
"ENSG00000130822",30.99999,23,28,41,40,216,193,220,245,166,218,134,195
"ENSG00000130826",854.00001,967.00001,4819,4351,3853,3346,2483,3110,3586,3045,2675,2503,2813
"ENSG00000130827",432,331,154,119,113,199,180,209,251,294,412,245,291
"ENSG00000130830",294.00001,300,661,565,520,51,14,20,12,63,120,75,45
"ENSG00000130844",315,575.99999,1851,1719,1412,1618,881,1583,1865,722,849,674,772
"ENSG00000130856",511,615,281,189,181,295,154,313,280,312,333,226,279
"ENSG00000130876",53,47,11,9,17,51,72,56,35,3,4,1,6
"ENSG00000130881",509,491,198,149,148,116,139,119,113,257,270,196,305
"ENSG00000130921",519.99999,701,542,394,428,758,631,700,754,615,685,555,545
"ENSG00000130935",727,806,2737,2673,2201,2285,1699,2008,2144,2410,1888,1853,2280
"ENSG00000130939",866,1131.99999,3171,3148,2619,4572,2163,4141,4337,3064,2899,2265,2547
"ENSG00000130940",1024,974,115,76,73,333,223,349,321,236,365,201,189
"ENSG00000130956",600,473,36,46,25,63,75,65,52,141,123,90,125
"ENSG00000130957",14,16,6,4,4,16,11,22,14,16,17,19,8
"ENSG00000130958",326,266,65,51,49,93,84,78,41,45,56,74,58
"ENSG00000130962",143.00001,318.99999,500,479,382,273,178,159,235,455,391,466,484
"ENSG00000130985",3069,3676.99999,22041,19483,16503,21779,14183,21809,22810,28750,29825,22361,24517
"ENSG00000130997",36,18,27,4,19,16,28,25,8,22,34,18,26
"ENSG00000131013",777,927,764,734,603,1240,812,860,938,1277,1099,1184,1196
"ENSG00000131016",3495,4629.00001,1397,1450,1288,1970,1255,2042,1643,1523,1391,1125,1817
"ENSG00000131018",848,860.00001,61,57,64,98,38,94,50,704,880,701,482
"ENSG00000131019",101,101,133,111,125,253,124,189,202,397,416,284,437
"ENSG00000131023",847,1078,580,725,506,945,379,711,802,1393,1102,1061,953
"ENSG00000131037",87.00001,95.00001,135,136,154,207,373,223,210,337,305,292,319
"ENSG00000131043",456,454,1613,1401,1264,1574,1132,1379,1433,1661,2014,1530,1562
"ENSG00000131044",112.00001,254.99999,12,1,0,10,9,13,5,66,89,85,62
"ENSG00000131051",3563.00001,5387.00001,4173,4079,3400,5706,3515,5096,5419,8170,7708,6396,7156
"ENSG00000131061",142,101,292,220,181,144,97,138,181,205,171,126,199
"ENSG00000131067",304,342,383,263,327,427,257,333,417,386,449,370,382
"ENSG00000131069",241.99998,344,699,718,517,817,576,693,858,835,970,926,900
"ENSG00000131080",71,80,617,555,469,193,78,142,181,302,322,295,295
"ENSG00000131089",540.99999,1278,858,744,644,1612,1212,1354,1735,1860,2022,1618,1729
"ENSG00000131100",656.99999,659,1612,1282,1283,1544,1814,1301,1329,1188,1082,1210,962
"ENSG00000131115",461,1121,443,365,383,635,398,492,633,616,652,589,546
"ENSG00000131116",1303,1568,188,147,167,272,298,271,314,915,1093,819,929
"ENSG00000131127",444,787,474,544,407,643,377,545,621,756,729,715,767
"ENSG00000131143",4834,4810,9575,7922,7894,8766,14783,7774,7391,7867,7754,7938,7333
"ENSG00000131148",505.99999,445,226,206,318,375,692,488,271,167,134,213,699
"ENSG00000131149",1726,1207,806,525,601,845,587,854,824,1075,1215,894,1061
"ENSG00000131153",1205,1649,2031,1743,1708,3492,4275,3290,3180,4193,3941,3904,4112
"ENSG00000131165",585.00002,565.99998,2254,1993,1743,2326,1791,2517,2497,2744,3226,2130,2637
"ENSG00000131171",971,1399,1300,1410,1130,1634,1149,1274,1308,3271,2647,3057,3137
"ENSG00000131174",2067,2270,3233,2990,2514,1967,3595,1988,1820,3106,2984,3768,3455
"ENSG00000131187",37.99999,19.99999,222,181,186,167,219,155,151,57,102,46,52
"ENSG00000131188",178,178,121,70,74,138,185,113,104,68,41,43,65
"ENSG00000131196",53,17.99999,152,146,165,233,170,256,311,112,81,74,150
"ENSG00000131236",1457,1487.00001,7208,6747,5911,6230,5677,5264,5660,4819,5054,4502,4930
"ENSG00000131238",907.00001,1021.00001,9971,8809,7803,9217,9270,6912,7746,6557,6141,6274,6310
"ENSG00000131242",145,223,608,506,416,501,447,424,485,312,345,277,390
"ENSG00000131263",520,545,861,988,770,1460,771,1092,1144,1661,1463,1422,1361
"ENSG00000131269",702,597,868,846,610,1375,798,1000,1176,1000,849,816,873
"ENSG00000131323",443.00001,659,195,94,107,100,79,116,121,462,437,334,452
"ENSG00000131351",349,418,364,343,261,465,508,482,451,306,296,237,278
"ENSG00000131368",950.99998,1252.99998,1986,1477,1316,1273,1195,1150,1154,1283,1438,1194,1098
"ENSG00000131370",202,130,74,59,47,56,79,73,73,97,57,100,163
"ENSG00000131373",422.00001,477.99999,2100,1949,1602,1599,1677,1467,1493,635,796,623,688
"ENSG00000131374",2384,2999.99999,1449,1489,1081,2008,889,1644,1851,2584,2597,2243,2287
"ENSG00000131375",767.00001,775.99999,423,512,369,791,441,609,734,905,814,835,858
"ENSG00000131378",255,173,94,72,73,34,16,16,29,199,194,150,236
"ENSG00000131381",353.99999,364,1461,1343,1058,1819,930,1635,2014,1711,2052,1435,1599
"ENSG00000131389",719,317.00001,2983,3399,2819,2154,990,1847,1948,364,341,231,376
"ENSG00000131400",14,14,21,12,25,24,17,15,40,12,13,10,9
"ENSG00000131408",278,305,1349,1018,944,906,837,931,1075,670,774,491,565
"ENSG00000131409",531,446,7,5,3,30,22,47,43,56,53,49,54
"ENSG00000131435",255,206,295,274,242,531,644,565,546,627,649,580,746
"ENSG00000131437",1138,1338.99999,338,341,313,660,323,524,546,1012,953,867,1014
"ENSG00000131446",525,476,2073,1928,1737,2047,1742,2017,2040,1008,1089,887,1150
"ENSG00000131459",105,103,7375,6723,5920,1143,801,956,1137,1076,1214,913,1056
"ENSG00000131462",915,832,6322,5136,4490,4573,4105,4442,4727,4359,4069,3603,3817
"ENSG00000131467",679,721,7869,7684,6464,6812,4695,6658,6712,5049,4734,3946,5048
"ENSG00000131469",16222,19396.99999,9530,8527,8635,7022,10414,7183,6054,6583,6779,6916,6836
"ENSG00000131470",256.00001,347.99999,499,455,330,669,475,667,615,871,669,550,721
"ENSG00000131473",1580.00001,2081,13205,13153,10717,11762,7161,10921,11552,9299,9080,7085,8059
"ENSG00000131475",849,1033,3345,2998,2499,3295,3464,3018,3057,2168,2370,2208,2092
"ENSG00000131477",289.99999,272.00001,261,209,229,228,226,215,231,72,93,57,82
"ENSG00000131480",27,25,56,83,46,66,41,101,46,56,73,67,25
"ENSG00000131495",1539,1666,1600,1398,1464,1600,3251,1613,1466,1897,1936,2064,1903
"ENSG00000131503",2209,2189.00001,2284,2378,2133,3821,2171,3683,3649,3943,3417,3224,3908
"ENSG00000131504",474,418,1602,1534,1588,1489,779,1401,1489,1358,1341,1116,1636
"ENSG00000131507",1650,1925,463,583,558,759,786,579,513,1256,1144,1529,1630
"ENSG00000131508",2093.00001,2401.99999,1342,1354,1264,1750,1326,1645,1618,1752,1663,1808,2300
"ENSG00000131558",1326,2245,2162,2167,1853,3646,1956,2939,3024,3730,4010,3412,3565
"ENSG00000131584",506,466.00001,32,22,28,24,27,52,37,103,159,112,176
"ENSG00000131591",266.00001,267,444,277,292,485,422,543,675,489,567,466,534
"ENSG00000131620",741.99999,350,119,135,106,13,0,8,17,25,30,24,26
"ENSG00000131626",1148.00001,1335,703,518,532,446,334,473,474,426,387,353,445
"ENSG00000131652",235,223.99999,3515,2655,2432,1629,1828,1763,1808,2057,1940,1748,1860
"ENSG00000131653",648,533,1848,1662,1500,1289,863,1334,1316,1335,1458,1036,1348
"ENSG00000131669",341.99999,280,2207,1750,1601,1070,959,932,961,1356,1255,1284,1492
"ENSG00000131697",817,918,354,315,288,605,322,618,670,1020,963,789,885
"ENSG00000131711",10247.99999,11100,6542,6252,5292,17773,9212,15591,15192,44041,47228,33028,35271
"ENSG00000131724",414,177,412,347,395,324,241,243,173,426,317,431,837
"ENSG00000131725",675,315,830,965,784,650,333,527,562,729,710,631,572
"ENSG00000131730",14,60,34,32,24,3,3,6,0,7,12,4,7
"ENSG00000131732",537.99999,667,468,436,428,707,777,562,601,700,631,735,651
"ENSG00000131747",5875,7201,12905,13991,11386,22327,10826,18179,20443,25488,21754,19533,22044
"ENSG00000131748",574,434,1492,1240,1048,1226,1020,1151,1427,1272,1338,1054,1260
"ENSG00000131759",653,480,110,112,84,170,114,196,145,1292,1416,1093,1165
"ENSG00000131771",55,60.99999,214,176,172,132,128,143,120,22,15,11,16
"ENSG00000131773",517.00001,676,87,72,69,226,251,180,205,86,108,68,96
"ENSG00000131778",2320,1386.99999,2332,2218,1735,2251,1727,1901,2005,1961,1823,1573,1756
"ENSG00000131779",258,313,461,322,313,511,508,440,547,735,872,774,733
"ENSG00000131781",122,41,16,17,15,24,24,9,21,22,11,19,12
"ENSG00000131788",413,437.00001,1677,1725,1336,2359,1426,2360,2542,1298,1346,1068,1309
"ENSG00000131791",236,207,1183,1136,915,1539,1021,1224,1495,941,927,902,913
"ENSG00000131828",898.00001,919.99999,4134,3744,3409,3430,2460,3233,3350,3054,3093,2608,3019
"ENSG00000131831",84.00001,70,3,2,3,221,125,170,135,18,24,23,14
"ENSG00000131844",52.00002,1026.99999,3395,3305,2725,2191,1178,1986,2174,2041,1889,1549,1930
"ENSG00000131845",89,107,439,556,489,885,376,665,521,447,502,359,363
"ENSG00000131848",196.00001,421.99999,237,201,171,180,136,170,151,308,315,247,294
"ENSG00000131849",116,80,9,13,7,35,11,14,25,71,69,64,48
"ENSG00000131871",749,677,675,640,610,677,682,515,566,597,592,507,640
"ENSG00000131873",470,373,316,232,222,199,170,191,200,192,146,156,154
"ENSG00000131876",652,858.99999,4785,4097,3827,3627,3545,3252,3181,2312,2365,2103,2369
"ENSG00000131899",588,637,590,393,407,765,613,925,836,1416,1278,918,1332
"ENSG00000131931",154,219,382,413,326,511,534,401,372,416,360,441,392
"ENSG00000131941",201,151,839,855,702,923,585,747,967,549,597,529,531
"ENSG00000131943",376,407.00001,259,252,232,559,627,501,438,542,531,568,520
"ENSG00000131944",124,125,132,108,102,109,136,152,137,209,184,164,200
"ENSG00000131951",173.00001,387,25,37,28,40,19,28,22,85,93,91,58
"ENSG00000131966",1238.99999,1424,1386,1388,1020,1671,1878,1217,1312,2173,2151,2627,2190
"ENSG00000131979",44,34,52,62,60,63,49,72,40,15,14,15,29
"ENSG00000131981",507,219,120,101,80,172,308,128,125,54,123,114,74
"ENSG00000132002",1058,1013,2196,2013,1810,3437,3394,3312,3435,3230,3008,2137,2494
"ENSG00000132003",296,288,113,99,99,99,78,107,110,62,65,46,40
"ENSG00000132004",123,183.99999,818,584,567,979,1117,926,950,1316,1266,1176,1176
"ENSG00000132005",485.99999,395,57,59,34,79,46,69,109,82,81,46,70
"ENSG00000132010",58,102,100,49,62,184,105,124,89,112,139,114,123
"ENSG00000132016",118.99999,116,77,46,41,76,89,107,100,294,332,192,241
"ENSG00000132017",394,372,268,226,204,294,190,275,291,236,327,220,329
"ENSG00000132024",327.99999,241,603,631,473,542,326,694,603,312,426,330,394
"ENSG00000132031",30,18,50,55,59,28,32,16,13,9,3,8,26
"ENSG00000132109",61,69,399,332,306,332,332,333,356,237,251,225,252
"ENSG00000132122",995,614,154,191,206,543,353,442,370,628,459,581,648
"ENSG00000132128",933,923,3872,3297,2858,4173,2800,3969,4362,6459,6618,5232,5678
"ENSG00000132141",89.99999,140,57,44,53,123,151,158,84,223,182,198,157
"ENSG00000132153",1667.00001,1709.99999,4772,4112,3861,5175,3463,4966,5437,6585,7228,5554,6228
"ENSG00000132155",1208.99999,1244.99999,3806,3333,3081,4664,3449,4356,4560,5468,5498,4481,4810
"ENSG00000132182",616.00001,579,3125,2535,2618,2968,1544,2798,2974,4020,3684,2836,4014
"ENSG00000132196",158.99999,209.99999,1126,808,805,1074,1359,854,934,789,791,859,838
"ENSG00000132199",667.99999,1053.99998,723,535,597,480,310,421,558,637,756,639,634
"ENSG00000132205",219,76,116,63,73,21,36,30,26,41,35,39,33
"ENSG00000132254",385,355,1159,964,952,1447,1592,1345,1372,1667,1772,1569,1543
"ENSG00000132256",226.00001,280.99999,1245,1121,927,406,316,336,330,545,494,502,498
"ENSG00000132275",281,326,571,471,475,659,592,520,598,913,923,830,793
"ENSG00000132286",556,472.99999,1363,1315,1170,1652,1864,1591,1564,1445,1389,1311,1257
"ENSG00000132294",465,613,740,959,861,772,383,600,548,264,194,289,312
"ENSG00000132300",725.00001,978,4742,4320,3621,4370,2725,3562,4258,3670,3308,3127,3207
"ENSG00000132305",1371,1453,4978,4616,3959,5129,3527,4383,4845,5885,5321,4723,5391
"ENSG00000132313",246,269.00001,931,746,802,799,660,721,664,774,700,693,737
"ENSG00000132321",132,61,231,194,155,227,168,231,228,197,123,114,125
"ENSG00000132323",447.99999,592,485,400,401,592,930,645,473,889,720,896,1101
"ENSG00000132326",186,160,64,68,61,122,88,117,94,60,67,72,87
"ENSG00000132329",58,15,12,19,10,0,8,4,2,125,269,122,94
"ENSG00000132330",366.99999,404,2182,1993,1748,1095,846,1004,1094,917,1000,806,905
"ENSG00000132334",80,35,37,54,36,33,16,35,42,71,131,74,113
"ENSG00000132341",7090.00001,8924.00001,27490,24847,22782,26850,30963,23517,23862,22736,19442,19363,21176
"ENSG00000132356",296,405,500,558,407,537,273,399,415,720,525,687,653
"ENSG00000132359",66.99999,132,790,642,549,202,81,199,239,81,101,50,96
"ENSG00000132361",312,163,471,488,618,282,231,367,234,304,225,252,554
"ENSG00000132376",166.99999,223.99999,529,404,432,615,470,560,608,880,777,752,726
"ENSG00000132382",288.00001,223,3595,3445,2926,1611,779,1780,1933,1448,1499,999,1428
"ENSG00000132383",1045.00001,1095,6119,5901,4880,11052,7566,9913,10831,8534,7582,6925,7686
"ENSG00000132386",498,897,583,404,422,1089,1041,957,1056,1355,1653,1208,1287
"ENSG00000132388",791.99999,1101,1765,2260,2255,2438,1703,2139,1960,1755,1137,1841,2612
"ENSG00000132394",255,284,485,441,438,442,325,448,429,1181,1050,958,1253
"ENSG00000132405",879,858,2065,1976,1896,2328,1621,2566,2216,2383,2524,2447,2798
"ENSG00000132406",379,474,588,622,492,959,1238,691,742,763,682,813,786
"ENSG00000132423",104,121,778,681,565,449,448,365,413,443,357,389,432
"ENSG00000132424",3187.00002,4382.99999,3223,2544,2500,4061,2492,3799,3812,3397,3910,2993,3266
"ENSG00000132432",1031.99999,1421,2419,2019,1917,1395,1358,1508,1423,1155,996,953,1142
"ENSG00000132434",423,478,397,381,382,336,277,331,295,1021,878,896,1331
"ENSG00000132436",167.99999,184.00001,241,307,218,1013,505,787,832,537,472,524,553
"ENSG00000132437",80,70.00001,4,2,1,4,4,5,1,130,123,114,136
"ENSG00000132463",1014,989.00001,895,768,702,893,1089,842,757,878,741,863,873
"ENSG00000132466",4004,3986,2570,2141,2139,2902,1728,2699,2343,2615,2526,2123,2593
"ENSG00000132467",362,376,541,432,373,310,230,331,335,237,221,181,245
"ENSG00000132471",519.99999,537.00001,1413,1105,992,1357,914,1262,1484,1282,1785,1034,1275
"ENSG00000132475",6356.99999,7835.99999,20533,18310,15851,35238,36096,30856,33224,42669,43416,40489,41980
"ENSG00000132478",642,620,572,530,495,800,586,795,820,1021,927,825,957
"ENSG00000132485",1894.99999,2513,2064,2237,1748,3510,2528,2752,2914,2617,2193,2332,2528
"ENSG00000132507",3354,2883.99999,16472,14493,13955,10806,14081,10772,10616,7268,6359,6610,8101
"ENSG00000132510",840,632,145,136,149,358,268,397,416,457,508,350,470
"ENSG00000132522",759.99999,671.00002,960,631,671,767,681,677,795,1011,1159,791,1004
"ENSG00000132535",548.99999,682.99999,138,90,75,180,114,180,253,135,190,124,148
"ENSG00000132541",797,735.99999,742,764,559,714,804,588,634,672,567,616,708
"ENSG00000132549",1516.99999,3404,845,800,716,1303,490,1115,926,1310,1481,1159,1165
"ENSG00000132561",100,141,403,324,274,302,189,263,371,83,207,153,76
"ENSG00000132563",671,752,174,122,111,121,158,125,144,148,191,134,237
"ENSG00000132570",264,309,167,194,141,115,104,100,105,422,412,424,403
"ENSG00000132581",466.99999,489,1315,984,948,1329,1872,1151,1384,1227,1344,1323,1259
"ENSG00000132589",592,714,5049,4322,3964,7731,6039,7792,7822,4217,3955,3258,3826
"ENSG00000132591",425,435.00001,3570,3009,2730,2993,2503,2942,3104,3010,2921,2505,2820
"ENSG00000132600",1054.00002,793.00001,1905,1418,1223,1310,1266,1417,1420,1622,1760,1512,1680
"ENSG00000132603",249,173,1395,1426,1160,1104,1468,1000,1044,602,484,560,534
"ENSG00000132604",498,516,238,193,146,207,225,199,207,221,198,172,251
"ENSG00000132612",981,1032,936,831,842,1156,1367,1391,1010,964,745,749,1628
"ENSG00000132613",408.00001,288,44,48,11,21,11,10,15,65,104,39,68
"ENSG00000132622",34,21,50,48,68,85,74,120,63,9,0,7,24
"ENSG00000132623",89,164,648,614,512,530,245,494,443,486,441,342,365
"ENSG00000132635",404,344,446,392,363,555,563,564,627,822,947,721,809
"ENSG00000132639",253.99999,258,52,37,31,48,24,40,36,480,649,537,441
"ENSG00000132640",810.00002,1388.00001,1057,1073,1033,2073,1289,1789,1866,1758,1702,1763,1753
"ENSG00000132646",2666,2990,4322,3969,3596,4061,5046,3817,3390,5107,4229,4656,4801
"ENSG00000132661",419,399,579,494,471,957,1811,760,798,1241,1148,1328,1254
"ENSG00000132664",369.99998,486,403,391,387,511,438,430,421,428,375,410,446
"ENSG00000132669",1173.99999,1391,13,10,16,53,37,49,38,208,263,239,325
"ENSG00000132670",2396,2283,686,637,525,841,762,777,811,1209,1139,1063,1139
"ENSG00000132676",934,1120,2030,1776,1658,1617,1554,1284,1421,1786,1674,1503,1572
"ENSG00000132680",809,993,484,424,365,488,475,411,468,380,425,316,388
"ENSG00000132688",2013,1680,1064,672,727,962,1084,997,995,3233,3149,2395,3366
"ENSG00000132694",574,720,801,615,534,705,479,739,648,697,877,541,585
"ENSG00000132716",1128.00001,1369.99999,1698,1701,1531,1710,1007,1648,1672,1453,1963,1309,1449
"ENSG00000132718",380,1729,697,687,581,3702,2177,2722,3200,9753,10160,8889,8741
"ENSG00000132740",371.99999,250,546,415,451,591,359,656,551,657,668,482,625
"ENSG00000132749",106,161,461,468,425,190,168,200,193,19,21,22,47
"ENSG00000132763",155,141,181,121,109,160,118,173,180,243,215,176,167
"ENSG00000132768",128,121,2686,2220,1765,1407,1190,1506,1533,1096,882,808,1017
"ENSG00000132773",182,210,611,509,499,491,487,448,523,799,728,668,770
"ENSG00000132780",3958.00001,4439.00001,12354,11463,10363,12028,6823,12133,12468,9229,8598,6978,8396
"ENSG00000132781",346.00002,437,1894,1431,1249,1998,1955,1892,2228,1750,1562,1493,1593
"ENSG00000132792",928.99999,966,2170,1963,1776,3143,2202,2914,3329,2912,2897,2332,2708
"ENSG00000132793",87.99999,39,200,108,139,156,113,203,252,171,202,156,177
"ENSG00000132801",90,48,126,106,96,123,136,110,118,143,172,112,113
"ENSG00000132819",410,327,328,189,211,184,283,258,256,151,147,108,141
"ENSG00000132821",230,281,6,2,6,31,43,38,28,23,34,19,41
"ENSG00000132823",428,435,1225,1093,1037,2029,3387,1825,1672,2137,2001,2562,2128
"ENSG00000132824",485,619,2435,2548,1979,2613,1517,1967,2433,2033,2097,1963,1827
"ENSG00000132825",45,52,13,17,9,5,4,0,2,14,30,27,25
"ENSG00000132842",2416.00001,2308.00002,2690,2484,2096,3395,1785,3027,3136,2557,2346,2121,2271
"ENSG00000132846",376,288,102,92,79,100,68,80,86,151,158,115,119
"ENSG00000132849",558,595.99999,1569,1514,1349,1371,456,1001,1113,334,291,258,275
"ENSG00000132854",91,192,13,8,9,21,5,19,9,23,17,34,34
"ENSG00000132872",498,992,56,60,45,5,3,0,8,1196,1593,1340,1024
"ENSG00000132879",204,190,353,257,258,299,195,280,296,261,279,208,239
"ENSG00000132881",46,37,45,32,35,72,79,58,69,63,54,59,55
"ENSG00000132906",222,271,535,333,427,418,313,371,432,465,523,451,414
"ENSG00000132912",760,1002.99999,1315,1316,1109,2164,1072,1792,1733,3216,2982,2734,2789
"ENSG00000132932",156.99999,172,388,347,319,330,135,317,283,437,565,389,402
"ENSG00000132938",39,50,16,5,14,38,32,39,29,36,35,21,13
"ENSG00000132950",644,548.00001,181,169,121,262,218,233,233,489,392,380,413
"ENSG00000132952",666,509.00001,614,616,597,975,704,825,828,904,934,880,891
"ENSG00000132953",456,564,1346,1549,1095,1408,438,1194,1351,1050,935,770,861
"ENSG00000132963",1998.00001,2407,4908,4648,4128,3635,4369,3215,3042,2942,2688,2698,3010
"ENSG00000132964",966,1030,235,235,220,444,467,425,363,432,391,415,485
"ENSG00000132970",1381,1156,192,253,201,722,632,826,706,1334,1135,1196,1608
"ENSG00000133019",22,48,342,256,305,32,30,32,38,24,36,26,34
"ENSG00000133026",5837.00001,3951.00002,12407,12344,10589,15909,6940,15358,15626,14135,13735,9577,11697
"ENSG00000133027",566.99999,714.00001,1608,1155,1080,1219,1220,1085,1249,1491,1473,1321,1469
"ENSG00000133028",425,447,1679,1481,1395,1068,964,1001,1002,878,794,786,836
"ENSG00000133030",2003.00001,2194,765,484,484,618,522,644,611,981,914,773,742
"ENSG00000133056",319,208,356,272,317,726,353,735,715,1145,1261,966,1170
"ENSG00000133059",512,526,977,842,771,1263,755,1017,1006,1349,1290,1071,1164
"ENSG00000133065",302,131,1310,1244,1116,1256,670,1278,1358,849,1084,748,827
"ENSG00000133067",15,16,15,12,18,31,1,11,8,0,5,0,0
"ENSG00000133069",377,253.00001,64,34,45,53,81,60,60,153,160,115,187
"ENSG00000133083",1129,1494.99999,829,847,716,71,43,78,87,656,730,568,603
"ENSG00000133101",105,249,14,19,23,7,11,12,16,734,646,554,679
"ENSG00000133103",484.99999,999,707,704,496,1385,954,955,1076,1521,1450,1509,1454
"ENSG00000133104",1183.99999,1470,1091,1155,1097,2244,1535,1877,2062,4148,3721,3491,4089
"ENSG00000133107",30,83,498,486,402,766,566,817,807,337,241,258,246
"ENSG00000133111",345,348,34,24,39,56,61,77,42,55,43,52,95
"ENSG00000133112",18259,19942,8495,7613,7321,10873,16891,10014,9082,8908,8702,9525,9130
"ENSG00000133114",635.00001,740.99999,449,402,407,652,430,509,597,646,570,526,516
"ENSG00000133119",749,764,1575,1642,1334,1882,1572,1512,1680,1897,1497,1795,1841
"ENSG00000133121",164,172,142,83,68,78,31,65,75,88,134,63,100
"ENSG00000133124",221,305,157,125,100,1359,893,1126,1102,1040,715,822,966
"ENSG00000133131",279,94,230,152,185,234,117,199,186,424,501,434,503
"ENSG00000133134",1117,822,1820,1643,1496,2653,3344,2217,2037,3301,3441,3309,3260
"ENSG00000133138",67,31,532,477,468,352,134,227,230,294,325,286,299
"ENSG00000133142",1629,3500.99999,1132,954,933,1487,1081,1381,1190,1346,1366,1092,1174
"ENSG00000133169",1884,1421,1306,1179,1074,1186,1443,1208,1122,3120,3109,2573,2973
"ENSG00000133193",342.00001,428,1048,960,825,1306,1072,1187,1226,852,740,828,807
"ENSG00000133195",162,256.99999,518,401,340,328,182,241,310,303,306,261,290
"ENSG00000133216",1690,1056,269,206,191,1063,900,1000,1021,2023,2158,1606,1984
"ENSG00000133226",2984,2914.99999,4411,4043,3695,5664,3076,5470,5356,3681,3879,2772,3497
"ENSG00000133243",845.00001,714.99999,593,392,410,574,584,605,616,531,532,391,594
"ENSG00000133247",210.99999,245,80,66,125,202,141,213,209,177,157,135,255
"ENSG00000133250",267,232,34,46,45,47,49,77,76,67,63,52,97
"ENSG00000133256",390,317,258,206,231,678,555,559,486,240,189,265,217
"ENSG00000133265",418,446.99999,2287,1547,1524,1354,1403,1344,1405,1844,1979,1602,1810
"ENSG00000133275",890.00001,846,319,227,223,258,325,381,292,263,268,223,245
"ENSG00000133302",1125.00001,1740,408,365,303,600,353,474,536,596,580,570,634
"ENSG00000133313",863,777,7015,6289,5230,5154,3437,4979,5068,5473,5612,4037,4853
"ENSG00000133315",299,258,61,50,56,50,135,45,38,37,42,35,95
"ENSG00000133316",387,371,2403,1994,1680,1278,1524,1307,1305,1105,1176,1028,1026
"ENSG00000133318",2079,2789.00001,4319,4185,3676,7620,4675,5888,7027,6912,7876,5791,7931
"ENSG00000133392",112,181,81,45,57,31,11,40,45,21,50,19,26
"ENSG00000133393",398,488,1117,1009,827,948,710,741,825,785,674,760,745
"ENSG00000133398",444,488,597,515,430,634,603,577,643,760,720,650,731
"ENSG00000133401",106,154,343,214,254,112,72,138,157,45,52,49,33
"ENSG00000133422",424,443.00001,744,506,467,553,476,601,494,442,561,443,533
"ENSG00000133424",767.99999,2340.00001,851,685,643,537,517,472,499,334,387,311,294
"ENSG00000133460",258.00001,238.00001,216,165,133,139,125,91,152,322,368,267,287
"ENSG00000133466",206,150.99999,131,109,75,220,166,186,220,367,385,294,367
"ENSG00000133597",100,129,47,40,42,33,62,42,37,75,46,56,55
"ENSG00000133606",793.99999,982,2800,3150,2438,3930,2469,3552,3488,3919,4032,3821,4183
"ENSG00000133612",770,731,462,314,304,331,373,400,370,325,379,345,343
"ENSG00000133619",189,142,112,77,94,128,66,163,172,143,183,94,157
"ENSG00000133627",489,402,275,316,299,302,331,278,242,775,697,962,1175
"ENSG00000133636",111,47,159,193,126,16,17,9,7,7,5,11,8
"ENSG00000133639",1836,1537,188,143,169,412,558,376,371,803,795,701,960
"ENSG00000133640",283,513.00001,24,16,24,72,33,63,66,120,139,111,138
"ENSG00000133641",282.00001,329,358,301,293,347,424,207,245,373,281,377,389
"ENSG00000133657",1021.99998,806.00001,652,582,416,503,231,374,386,288,373,293,275
"ENSG00000133665",24,47,60,37,50,73,124,87,96,91,79,58,110
"ENSG00000133678",429.00002,476,1251,1144,1066,1528,856,1233,1361,1781,1584,1605,1784
"ENSG00000133687",871.00001,2094,145,158,136,78,43,76,51,69,58,57,61
"ENSG00000133703",881.99999,1011,1116,1334,972,2261,1472,1990,1678,910,720,750,1138
"ENSG00000133704",449,478,1014,1210,905,1411,655,1021,1154,1217,1201,1036,1257
"ENSG00000133706",2460,3509,8040,7828,6831,7139,4260,6172,6681,5099,4977,4212,4873
"ENSG00000133731",335,348.00002,458,490,371,741,582,546,647,641,531,579,654
"ENSG00000133739",693,794,406,417,420,480,276,369,396,630,557,492,539
"ENSG00000133740",1022,1029,131,147,140,136,153,115,116,199,147,149,177
"ENSG00000133773",431,464,424,415,331,491,584,383,415,439,417,422,412
"ENSG00000133789",359,241,1585,1544,1312,1971,1144,1851,1971,1094,951,874,1047
"ENSG00000133794",378,527,147,139,110,135,99,117,69,150,154,171,209
"ENSG00000133805",45.99999,21,124,134,102,178,113,179,181,63,40,55,55
"ENSG00000133812",1127.99999,1814.00003,1044,795,926,1010,548,961,743,762,777,699,921
"ENSG00000133816",37,33,68,65,69,44,23,42,73,17,18,25,16
"ENSG00000133818",485.99999,755.99999,1049,1014,820,189,246,213,195,129,102,129,140
"ENSG00000133835",1214.99999,1312,6036,5984,5332,4050,2603,3281,3219,3039,2911,2688,2618
"ENSG00000133858",861,1052.99999,556,579,510,649,369,580,636,524,530,379,482
"ENSG00000133863",63.00001,53,193,195,154,171,62,153,156,190,138,102,204
"ENSG00000133872",2114,2117.99999,3746,3454,3062,5799,5183,4538,5066,8647,8257,8294,8009
"ENSG00000133874",149,162,97,87,79,212,162,211,230,181,273,186,242
"ENSG00000133878",156,109,55,49,32,39,31,42,30,242,318,229,214
"ENSG00000133884",657.00001,681,3369,2831,2536,4232,3411,3876,4161,4888,5004,4013,4368
"ENSG00000133895",376.99999,392,1319,1260,1192,1534,1096,1743,1643,1600,1782,1639,2157
"ENSG00000133935",595,794,2559,2175,1976,2934,2583,2521,2885,1756,1588,1254,1485
"ENSG00000133943",654,1116.99998,647,539,475,962,786,946,900,1042,1104,981,980
"ENSG00000133958",362.00001,526,122,88,72,47,57,54,58,155,200,135,117
"ENSG00000133961",1088,965.00001,1626,1454,1150,2245,1310,2095,2012,1926,1934,1608,1732
"ENSG00000133983",978,987,1200,1040,1008,935,1099,866,904,1157,959,990,1105
"ENSG00000133985",99,88,278,223,174,41,45,29,38,39,47,30,40
"ENSG00000133997",482,466,1001,868,778,1190,1027,996,1075,909,937,877,858
"ENSG00000134001",802,963,3207,2832,2626,3083,2960,2561,2664,2732,2345,2387,2634
"ENSG00000134013",400,280,2220,2015,1824,3217,1730,2972,3540,1098,1180,853,910
"ENSG00000134014",617.00001,641.00001,1732,1595,1270,2103,1760,1972,2088,2008,2037,1879,1869
"ENSG00000134030",472.00001,354,80,82,68,118,87,123,102,258,411,285,277
"ENSG00000134046",642,655.99999,89,67,61,84,103,85,76,76,78,63,94
"ENSG00000134049",1021,1198,858,944,753,773,652,784,719,1145,909,1035,1230
"ENSG00000134056",637.00001,763,643,630,518,437,555,405,420,403,383,382,377
"ENSG00000134057",1924.99999,2482.00001,10393,9094,8080,10477,12177,8919,9116,9223,8132,9294,9694
"ENSG00000134058",791.00001,970.00001,1378,1236,1055,986,966,646,819,620,627,648,649
"ENSG00000134072",116.99999,147,102,117,147,488,586,540,449,309,222,313,315
"ENSG00000134077",77,220,1222,1168,949,1669,1414,1470,1503,1216,1087,1067,1221
"ENSG00000134086",799,897,698,742,573,1207,713,1204,991,1204,1206,1074,1201
"ENSG00000134107",182,110,637,505,420,1977,1230,1374,1793,1841,2349,1484,1497
"ENSG00000134108",484.00001,400,1088,1136,810,1153,1015,873,960,1622,1494,1812,1615
"ENSG00000134109",242,172,247,261,181,212,83,232,210,217,175,178,245
"ENSG00000134115",713.99999,1252,0,0,0,2,2,0,0,48,81,72,55
"ENSG00000134121",71,95,0,0,4,12,1,10,4,68,117,98,56
"ENSG00000134138",2459.99999,2462.99999,3,0,6,268,191,188,203,2601,2928,2455,2556
"ENSG00000134146",308,397,864,661,560,869,817,638,745,574,461,504,470
"ENSG00000134152",942,1107.00001,744,600,619,960,848,760,768,843,800,786,863
"ENSG00000134153",766,742,1182,1085,948,919,1190,742,918,1050,1120,1081,965
"ENSG00000134160",786,1100.99999,11,6,10,1,0,1,1,19,74,102,51
"ENSG00000134186",1079.99999,1193,1291,1169,979,1310,955,1155,1235,1441,1222,1044,1240
"ENSG00000134198",119,148,435,433,371,659,596,426,477,309,256,319,251
"ENSG00000134202",583,554,173,119,145,326,372,279,263,2285,2379,2365,2137
"ENSG00000134207",30,60,1468,1275,1095,1066,688,1045,1056,334,314,276,316
"ENSG00000134215",615.99999,130,103,99,98,20,21,24,17,58,37,49,43
"ENSG00000134222",756,808,1668,1324,1267,2068,2081,2066,2143,2545,2762,2188,2557
"ENSG00000134243",1043,1230,1039,832,677,617,441,613,581,1014,882,729,822
"ENSG00000134245",230,242,50,56,59,70,50,63,65,1174,843,1908,761
"ENSG00000134247",314,313,600,486,474,493,312,552,376,483,438,380,708
"ENSG00000134248",1531.99999,2021.00001,2861,2658,2355,2916,4392,2333,2541,4187,4017,4444,4186
"ENSG00000134250",653,594,3708,4167,2997,7084,2860,6437,6737,5503,5386,4604,4182
"ENSG00000134253",173,187,347,280,255,440,375,385,362,356,360,375,374
"ENSG00000134255",647,586,753,705,540,707,648,543,632,588,584,728,529
"ENSG00000134259",20,17,10,9,5,20,33,23,27,13,36,20,25
"ENSG00000134262",181,189,299,318,269,405,298,427,479,561,576,480,485
"ENSG00000134265",471.99999,488,495,628,465,639,482,536,514,481,497,468,449
"ENSG00000134278",1233,1029,127,95,97,98,103,130,94,245,271,240,236
"ENSG00000134283",964.00001,1062.99999,1368,1369,1204,1935,1480,1510,1704,1774,1689,1759,1716
"ENSG00000134285",262,139,493,317,270,173,129,137,217,82,101,61,92
"ENSG00000134287",910.00001,945.99999,2840,2831,2284,2963,1972,2889,3053,1504,1652,1235,1556
"ENSG00000134291",1319.99999,1327,1292,1062,951,2027,2673,1682,1559,4177,4140,4744,4152
"ENSG00000134294",2037,2646,10877,12758,9501,9547,4171,6895,7822,3668,3393,3057,3329
"ENSG00000134308",4420,4437,11794,12523,10608,15390,15172,12653,12716,17651,15683,19127,20115
"ENSG00000134313",1162.99999,1797.99999,1474,1688,1333,2414,856,1992,2071,5295,6367,4838,4544
"ENSG00000134317",38,38,94,70,73,172,91,117,203,87,80,38,51
"ENSG00000134318",1581.99999,1760,652,503,528,556,297,573,472,765,753,672,881
"ENSG00000134323",725,773,377,306,269,229,129,217,182,222,191,130,321
"ENSG00000134324",407,539.99999,423,411,415,760,375,785,909,1489,1331,1096,1334
"ENSG00000134326",27,42,6,11,8,20,17,15,17,104,55,61,81
"ENSG00000134330",365,638,707,521,493,797,1196,652,606,1067,1054,1221,1049
"ENSG00000134333",3155.99999,2567.99999,101916,93381,77857,133259,123230,102282,111755,24120,20201,23147,20955
"ENSG00000134352",1205.00001,1030,145,183,171,339,158,234,238,1310,1072,1301,1260
"ENSG00000134363",268,143,88,80,57,295,288,274,307,90,83,81,85
"ENSG00000134369",1370.99999,885,1625,1481,1240,3581,2198,3779,3903,12502,10290,8149,10411
"ENSG00000134371",1636,2427.00001,1248,1324,1071,1704,994,1282,1355,1570,1354,1419,1366
"ENSG00000134375",762,798,1541,1385,1304,1343,1850,1193,1196,1752,1573,1513,1603
"ENSG00000134376",3448,4385,1,7,3,98,45,63,71,703,990,786,586
"ENSG00000134398",20,43,53,30,60,41,26,51,47,10,17,15,13
"ENSG00000134419",16355.99999,22048.00001,9362,8675,8693,10269,13381,11452,8561,9444,9798,10214,10477
"ENSG00000134438",2776,4005,4,0,0,433,447,441,368,26,49,25,42
"ENSG00000134440",1248,1402,7230,7433,6134,5268,3284,4673,4983,5074,4357,4048,4462
"ENSG00000134444",752.99999,930.00001,515,654,536,680,342,491,596,493,524,457,516
"ENSG00000134452",652.99999,682,495,357,535,585,553,760,538,443,407,378,897
"ENSG00000134453",1362,1575.00001,857,936,995,1405,1273,1541,1203,1188,1016,1026,1721
"ENSG00000134461",234,311,42,36,50,44,30,49,40,30,38,42,48
"ENSG00000134480",502,614.99999,917,860,736,851,937,727,763,1214,1138,1075,1055
"ENSG00000134490",466,549,513,474,384,605,370,572,533,485,463,337,479
"ENSG00000134504",365.99999,230.99999,86,86,54,142,135,161,154,182,155,153,156
"ENSG00000134508",533,350,135,99,104,53,28,34,40,38,20,29,32
"ENSG00000134516",21,14,275,221,222,136,62,124,134,17,5,9,12
"ENSG00000134531",81,112,28,13,10,7,20,17,14,176,189,118,155
"ENSG00000134532",878,2029,46,24,26,966,570,788,743,1798,1741,1418,1611
"ENSG00000134569",170,134,422,384,337,342,239,331,326,452,423,425,310
"ENSG00000134574",421.00001,307.99999,2433,1919,1925,1242,1196,1199,1225,984,996,765,966
"ENSG00000134575",413.99999,516.99999,573,442,439,943,592,845,1043,1132,1403,969,1004
"ENSG00000134590",865,993,1637,1224,1281,1408,1095,1380,1497,3517,3878,2675,2962
"ENSG00000134594",83,109,213,166,208,294,494,263,337,553,764,700,655
"ENSG00000134595",138,71,47,37,50,78,77,83,64,319,316,242,286
"ENSG00000134597",325,382,501,447,471,761,730,682,727,638,602,559,605
"ENSG00000134602",809,638.00001,4059,4239,3419,5723,3857,3979,4383,2457,1946,2195,2475
"ENSG00000134644",5274,5221.99999,5727,5639,4941,9013,4678,8240,8790,8810,9553,7210,7901
"ENSG00000134684",638.99999,658.99999,6114,5344,4820,4664,2953,4755,4872,4413,3722,3006,3960
"ENSG00000134686",1643.00001,1746,117,48,61,313,405,307,343,1061,1145,936,1026
"ENSG00000134690",661,689,2402,2365,1973,3476,2645,3435,3671,4335,4127,3485,4045
"ENSG00000134697",702,771.00001,3931,3628,3129,3515,2190,3016,3246,3231,2868,2435,3087
"ENSG00000134698",453,624,193,117,152,238,141,246,224,234,279,178,207
"ENSG00000134709",207,303,925,1019,791,435,192,361,372,199,121,132,189
"ENSG00000134717",1267,1672,2905,2951,2485,3877,4200,3184,3141,3413,3284,4269,3684
"ENSG00000134744",2989.99999,4101,1092,1084,921,2319,1151,2054,2402,3350,3309,2672,2890
"ENSG00000134748",767,860,2224,2117,1777,3047,2352,2485,2744,3010,2828,2541,2821
"ENSG00000134755",657,768,670,936,916,1291,547,993,921,850,667,846,1181
"ENSG00000134758",591,669.00001,1486,1646,1221,1672,1039,1266,1391,1624,1052,1338,1435
"ENSG00000134759",1080.99999,973,3766,3725,3206,3982,3495,3323,3667,2728,2426,2475,2445
"ENSG00000134762",65,22,101,93,91,57,16,53,69,38,40,46,28
"ENSG00000134769",4322.99999,4200.00002,844,805,678,652,453,506,535,2315,2346,1995,1976
"ENSG00000134775",830.99999,1292,101,65,54,523,414,598,433,239,242,219,336
"ENSG00000134779",1504.99999,1731,3517,3237,2937,5875,4680,5636,5354,7141,6619,5812,6566
"ENSG00000134780",141,106,205,188,150,173,60,195,168,232,238,220,268
"ENSG00000134802",55.00001,116,1211,1080,816,679,481,551,550,411,320,311,379
"ENSG00000134809",762,801,2527,2091,1868,1672,2716,1634,1563,1532,1396,1637,1709
"ENSG00000134815",274,256,650,615,578,696,459,829,810,692,717,595,813
"ENSG00000134824",2217,3012,13222,13393,11207,11103,6988,10065,11537,13146,14841,10379,13289
"ENSG00000134825",2852,3208,4174,3535,3406,3684,5225,3582,3320,3196,3014,3259,3161
"ENSG00000134851",909.99999,864,344,329,367,307,480,278,216,169,146,179,333
"ENSG00000134852",723,1078.99998,538,533,389,783,357,630,546,551,534,537,522
"ENSG00000134853",1106,388,80,73,76,151,32,75,117,123,140,94,136
"ENSG00000134864",95,58,33,27,29,113,121,88,87,106,88,103,139
"ENSG00000134871",1698,1669,1576,1731,1743,3301,2012,3707,2939,4284,3439,3808,6745
"ENSG00000134873",80,20,1214,1114,916,958,1060,712,934,417,273,350,386
"ENSG00000134874",989,1111.99999,331,254,254,436,359,484,414,411,340,327,469
"ENSG00000134882",2915,1348,2218,1755,1580,2312,2018,1875,2109,2310,2237,1986,2002
"ENSG00000134884",4285.00001,4925.00001,2207,2011,1899,4197,2692,3434,3668,2600,2978,2696,2698
"ENSG00000134897",367.00001,622.99999,174,221,120,286,185,205,202,708,510,683,768
"ENSG00000134899",424.99999,486.99999,464,437,400,574,249,467,542,984,986,752,800
"ENSG00000134900",898.99998,1293.99999,3116,3032,2552,3048,1267,2505,2792,2209,1919,1552,1861
"ENSG00000134901",238.99999,301,524,419,379,411,433,322,317,759,690,694,734
"ENSG00000134905",826.99999,927,310,188,201,218,344,224,168,255,252,219,229
"ENSG00000134909",739,1548.99999,490,388,339,574,340,527,467,656,744,647,613
"ENSG00000134910",817,1010,8674,8293,7035,8642,5650,6803,7854,6947,6689,5668,6224
"ENSG00000134917",44,14,180,180,148,2,4,2,2,91,91,80,114
"ENSG00000134954",32,21,785,898,777,43,16,36,18,4,8,19,6
"ENSG00000134970",698,934,535,636,744,1139,1357,938,753,642,412,729,1338
"ENSG00000134982",2604.99999,3280,911,973,741,1306,614,1250,1039,1763,1991,1450,1661
"ENSG00000134986",3110.00001,4552.99998,5063,4651,3978,8354,7662,7020,7025,13393,13495,12861,11743
"ENSG00000134987",405,513,1393,1659,1251,1512,667,1237,1268,1117,1005,1001,988
"ENSG00000134996",230,157,345,284,247,170,141,115,116,66,64,67,68
"ENSG00000135002",346,337,270,307,268,352,482,309,259,717,534,907,913
"ENSG00000135018",1418,1376,3599,3435,3111,4305,3214,3925,4172,4776,4672,3770,4526
"ENSG00000135040",791,892,1064,942,911,1197,847,1056,1089,1281,1234,1078,1290
"ENSG00000135045",343,290,52,53,27,98,95,78,66,87,45,66,83
"ENSG00000135046",1852.00001,941,124,71,95,8,10,8,4,414,680,638,580
"ENSG00000135047",550.00001,592,1000,940,842,987,934,854,965,1348,1337,1321,1186
"ENSG00000135048",2266,2119,472,479,437,2281,1091,2156,2203,1975,2036,1766,1656
"ENSG00000135049",2453.99999,2759,1189,1605,1353,2480,1419,2115,1982,2113,1778,1961,2296
"ENSG00000135052",2686,2377,1414,1301,1289,1682,1290,1529,1307,1704,1507,1540,2534
"ENSG00000135063",37,54.00001,296,175,228,12,14,14,24,7,12,10,15
"ENSG00000135069",1399,1557,10418,9699,7805,11924,12226,10202,11103,7971,6787,7954,8098
"ENSG00000135070",564,642,1128,1034,898,1251,1730,966,998,1431,1231,1456,1386
"ENSG00000135074",144,183,393,373,356,445,232,469,463,178,131,154,209
"ENSG00000135077",12,20,15,13,11,15,3,12,15,22,21,15,10
"ENSG00000135083",187.99999,140,508,526,497,463,505,490,426,250,209,248,282
"ENSG00000135090",399,367,131,122,105,81,58,100,89,404,471,336,380
"ENSG00000135093",302,181,234,221,191,573,366,475,526,977,1048,894,807
"ENSG00000135097",2652,2628,155,118,111,281,212,319,308,1139,1350,859,1287
"ENSG00000135108",1091,1115,3092,3115,2482,5027,3077,4506,4489,5923,6181,5100,5212
"ENSG00000135116",29,40,33,20,20,19,16,16,13,152,164,127,163
"ENSG00000135119",795,787,709,688,628,857,508,907,962,1023,1064,838,1049
"ENSG00000135124",129.99999,94.00001,444,295,351,597,500,514,585,393,539,461,399
"ENSG00000135127",153,223.00001,97,47,51,28,20,23,34,15,22,11,24
"ENSG00000135144",98,111,49,49,55,60,71,84,56,33,48,29,34
"ENSG00000135148",562,587,1488,1481,1283,2342,1553,1972,2115,2890,3022,2478,2351
"ENSG00000135164",1691.99998,2336.99999,2193,2235,1886,3298,1817,3039,3001,2849,2627,2616,2645
"ENSG00000135185",141,147,420,384,374,281,248,219,255,285,234,198,311
"ENSG00000135205",141,213,6,2,12,9,6,11,11,38,34,21,30
"ENSG00000135211",363,410,761,644,616,895,845,773,830,806,693,736,773
"ENSG00000135241",535,676,386,423,379,814,514,566,625,948,918,846,843
"ENSG00000135245",489,514,2520,2026,1783,5713,8411,4404,5270,2459,2467,2719,2509
"ENSG00000135249",274,292,603,610,530,705,592,613,574,634,547,584,552
"ENSG00000135250",1229.99999,1573.00001,1163,1147,1039,1629,1091,1488,1408,1843,1944,1628,1955
"ENSG00000135253",68,42.99999,88,55,66,76,84,92,75,64,71,56,74
"ENSG00000135269",256.99999,320,1222,1226,1022,326,219,235,261,414,372,429,399
"ENSG00000135272",505,713,40,28,17,24,24,8,13,77,55,59,98
"ENSG00000135297",585.00002,806.00001,905,909,743,682,501,587,646,810,738,696,763
"ENSG00000135298",1281,2699,37,49,28,181,69,95,134,386,482,340,283
"ENSG00000135299",635,1078.99999,78,78,84,219,194,193,151,433,444,398,587
"ENSG00000135314",120.99999,104.99999,373,316,295,298,280,227,290,105,117,106,121
"ENSG00000135315",730,1317,211,215,217,444,230,444,428,442,382,448,436
"ENSG00000135316",3117.99999,4030.00001,5314,4997,4229,4342,2707,3996,4156,4560,3758,3362,4279
"ENSG00000135317",2842.00001,3325.99999,631,722,553,853,775,632,643,1165,1077,1173,1120
"ENSG00000135318",41,27,36,41,42,0,0,1,0,18,13,12,11
"ENSG00000135333",241.99999,674.99999,243,281,202,903,371,756,894,1945,1575,1806,1438
"ENSG00000135334",642,758,1133,1161,1169,1112,869,1093,990,1360,1254,1374,1689
"ENSG00000135336",1057.00001,1080,2700,2488,2004,2790,1877,2377,2510,2082,1901,1775,2191
"ENSG00000135338",490.00001,1132,106,125,125,383,144,265,362,744,608,583,625
"ENSG00000135341",1676,2528.00001,1761,1792,1324,2763,1728,2301,2544,2849,2793,2502,2556
"ENSG00000135362",158,62,88,93,101,366,300,332,327,235,256,242,304
"ENSG00000135363",70,26,5,1,8,33,43,36,18,16,12,13,15
"ENSG00000135365",1931,2070,493,416,393,1065,607,973,956,1514,1705,1229,1327
"ENSG00000135372",458,464,4053,3940,3264,3696,2119,3805,3880,3145,2761,2307,2645
"ENSG00000135387",2646,2766,10163,12241,10045,15072,8372,13167,12694,12533,10467,12207,13949
"ENSG00000135390",5339.00001,6366,8818,7212,7342,11369,13606,10752,10396,12188,12241,10730,11202
"ENSG00000135392",224,208.00001,1165,1162,1056,1719,1052,1696,1981,1699,1696,1238,1553
"ENSG00000135404",3342.99999,3090,11385,9430,9287,8752,12995,6948,7434,7028,7802,7370,6955
"ENSG00000135406",204,514,3,5,7,61,65,92,82,46,63,70,77
"ENSG00000135407",87,92,12,4,7,17,4,17,17,24,24,27,29
"ENSG00000135414",889,880,194,184,143,324,239,343,312,626,671,587,645
"ENSG00000135423",27,27,1348,1207,1099,187,123,147,174,14,30,9,7
"ENSG00000135424",344,267,630,467,488,473,275,426,428,490,672,512,508
"ENSG00000135437",19,13,46,35,22,41,40,47,42,22,36,32,49
"ENSG00000135441",1158.00001,1085.99999,734,521,520,674,1080,630,600,926,1024,929,928
"ENSG00000135446",1873.00001,2050,7410,5946,5607,8924,11251,8125,8263,9674,8939,8493,8812
"ENSG00000135447",390,521,19,23,27,65,128,92,67,55,55,44,86
"ENSG00000135451",549,764.99999,1509,1046,1124,1238,1078,1254,1398,1850,1821,1497,1715
"ENSG00000135452",345.00001,368.00001,772,752,676,1418,1787,1146,1227,1106,1235,1345,1146
"ENSG00000135454",58.00001,50.00001,49,42,30,75,61,52,47,269,269,199,282
"ENSG00000135457",357.99999,418,641,552,517,837,547,672,775,717,643,549,649
"ENSG00000135469",114,123.00001,131,126,71,139,158,128,145,191,210,212,217
"ENSG00000135472",116,56,12,8,15,174,154,146,164,360,362,259,366
"ENSG00000135473",284,365.00001,1172,1007,968,1439,822,1403,1649,2063,2145,1756,1740
"ENSG00000135476",423,444,1994,1830,1441,1885,1047,2055,2351,2571,2839,1987,2341
"ENSG00000135482",193,256,681,536,480,728,536,584,605,623,649,585,571
"ENSG00000135486",11352,17673.99998,56800,50396,45228,61652,49907,57666,57414,55568,49929,44607,49021
"ENSG00000135503",475,650,201,222,160,519,310,349,445,537,718,557,596
"ENSG00000135506",881.00001,939.00001,1452,1287,1121,1780,1114,1532,1682,2417,2738,1862,2186
"ENSG00000135517",683.99999,452,1,1,0,21,24,17,26,4,0,0,5
"ENSG00000135519",55,33,39,31,12,22,13,39,10,6,4,9,4
"ENSG00000135521",397,478,1507,1375,1149,1095,859,1125,1030,850,686,710,821
"ENSG00000135525",913,531,1162,1171,1082,722,349,551,526,179,160,132,94
"ENSG00000135535",1023.99999,1135.99999,2553,2635,2170,3855,2574,2533,2998,1490,1367,1637,1510
"ENSG00000135537",89,121,127,119,97,91,61,67,70,125,100,97,109
"ENSG00000135540",1999,2017.00001,383,381,332,198,154,253,260,1694,1986,1479,1244
"ENSG00000135541",2581,4073.99999,417,380,329,591,376,451,514,900,938,856,807
"ENSG00000135547",20,15,123,182,185,15,8,25,17,16,12,13,27
"ENSG00000135549",371.99999,408.99999,17,19,19,55,61,33,38,32,40,40,44
"ENSG00000135587",89,72,306,235,231,374,496,324,312,256,232,292,306
"ENSG00000135596",236,428.99998,1341,1043,944,1606,1164,1672,1936,922,993,620,953
"ENSG00000135597",2084.99999,1096,515,366,344,569,472,574,487,442,389,403,420
"ENSG00000135605",42,52,108,112,81,30,9,16,16,74,49,55,58
"ENSG00000135617",194,189,198,194,191,219,375,182,159,387,438,559,484
"ENSG00000135622",114,154.99999,309,310,259,647,404,473,612,1287,1377,1183,1237
"ENSG00000135624",2147,2322,16968,14527,13234,11346,12500,10660,10878,11909,11612,10531,10723
"ENSG00000135631",56.00001,26,222,154,172,209,178,189,173,100,102,99,133
"ENSG00000135632",123,191,1665,1428,1135,1213,1033,1291,1393,1133,1132,945,1118
"ENSG00000135636",37,97,707,609,598,208,122,192,214,31,42,31,36
"ENSG00000135637",897,831,285,242,263,362,263,339,443,456,503,374,435
"ENSG00000135643",606,592,409,296,273,112,121,94,74,286,273,285,261
"ENSG00000135655",716.99999,967.99999,988,976,799,1022,771,807,873,851,822,911,906
"ENSG00000135677",741.00001,585,1486,1529,1188,2131,1022,1645,1980,3103,3523,2869,2894
"ENSG00000135678",48,22,29,29,15,34,34,13,15,26,21,35,21
"ENSG00000135679",1017.00001,1155.99999,3350,3666,2790,1839,806,1474,1596,2065,1838,1762,2033
"ENSG00000135686",223,212,408,384,347,421,230,418,324,317,232,231,352
"ENSG00000135697",23,23,5,13,8,6,19,25,13,10,22,20,6
"ENSG00000135698",824,974,671,622,534,664,649,645,686,667,528,589,626
"ENSG00000135709",203,115,177,152,100,377,260,411,476,272,339,262,234
"ENSG00000135720",983,1115,1778,1533,1288,2166,1425,2126,2169,2680,2968,2285,2330
"ENSG00000135723",173,189.99999,475,433,322,145,130,146,148,117,94,86,156
"ENSG00000135736",96,127,24,17,24,32,42,30,42,32,32,18,29
"ENSG00000135740",107,130,162,123,94,106,97,117,104,58,76,39,49
"ENSG00000135744",37,57,13,32,15,55,49,63,88,84,85,108,74
"ENSG00000135749",323.00001,399,1063,789,796,417,297,427,344,203,251,182,244
"ENSG00000135750",189,236,249,192,232,238,225,151,205,36,37,55,38
"ENSG00000135763",178,138,1271,1322,1117,1301,641,1153,1170,972,785,615,840
"ENSG00000135766",521,463,283,228,190,575,487,443,430,371,281,330,342
"ENSG00000135775",366,417.99999,1144,1002,832,1229,1048,1238,1243,1516,1495,1274,1332
"ENSG00000135776",268,275,82,79,54,91,75,70,57,170,97,119,129
"ENSG00000135778",776,747,2197,1976,1829,1509,2301,1299,1228,1533,1530,1608,1595
"ENSG00000135801",307,276.99999,201,190,216,266,208,254,203,170,164,155,358
"ENSG00000135821",1593.99999,1778.00002,10854,10168,8276,21039,15266,18855,20413,16616,17224,14637,15162
"ENSG00000135823",425.99999,479.99999,1698,1768,1496,1505,991,1428,1394,828,843,746,758
"ENSG00000135824",100,190,0,2,0,7,8,26,14,19,35,15,11
"ENSG00000135828",21,30,57,69,60,152,97,211,168,98,156,117,115
"ENSG00000135829",3252,3897,9318,9761,8051,10043,5592,9327,9722,13096,11783,10222,11019
"ENSG00000135835",299,298,31,6,27,17,6,16,14,5,17,22,15
"ENSG00000135837",1923,2224,1297,1120,1079,1814,734,1567,1245,1532,1480,1200,1312
"ENSG00000135838",51,39,47,48,46,75,57,60,53,33,37,35,27
"ENSG00000135842",81,95,379,352,310,44,27,69,48,115,123,92,110
"ENSG00000135845",489,537.00001,1133,1005,870,1592,1724,1323,1378,1663,1545,1591,1701
"ENSG00000135862",570,373,1898,1528,1448,1127,716,960,940,619,517,484,587
"ENSG00000135870",1024,1219,490,625,479,791,367,694,752,687,632,597,661
"ENSG00000135899",76,73,102,95,83,60,36,66,72,17,25,23,25
"ENSG00000135900",371,356,1072,955,787,1102,1266,930,967,1021,973,910,948
"ENSG00000135905",339.00001,329,4,2,6,27,11,18,18,69,68,101,111
"ENSG00000135912",568.99999,628,2051,1928,1650,2088,1149,2024,2009,1997,1856,1438,1720
"ENSG00000135913",862,1082.99999,777,879,834,1391,583,1237,1215,1091,874,737,1036
"ENSG00000135916",852,1525,9543,8354,7551,5404,4793,4592,4987,4027,4206,3488,3774
"ENSG00000135919",293,349,404,516,711,451,418,463,401,557,384,686,925
"ENSG00000135924",452,413.99999,115,91,102,205,215,175,224,250,278,195,294
"ENSG00000135926",51,58,1181,1046,900,824,583,679,695,28,28,28,38
"ENSG00000135929",46,85,230,206,217,29,43,63,47,154,118,152,195
"ENSG00000135930",658,712,4227,3858,3220,3937,3809,3625,3825,2621,2617,2420,2477
"ENSG00000135931",1643.00001,1889,1239,1080,881,1444,1068,1334,1168,1701,1728,1311,1521
"ENSG00000135932",630,1101.00001,360,344,232,261,223,239,214,348,283,283,340
"ENSG00000135940",3315,3437,5615,4540,4522,4516,8185,4206,3869,3916,4025,4114,3665
"ENSG00000135945",990,961,365,370,379,569,390,603,442,646,618,617,965
"ENSG00000135951",181,295,150,134,123,168,107,172,126,108,152,112,129
"ENSG00000135953",113,157.99999,444,426,404,672,395,705,677,485,624,477,505
"ENSG00000135956",334,237,240,208,182,217,238,250,178,158,187,119,220
"ENSG00000135966",215,253,323,264,201,322,185,294,248,322,263,273,322
"ENSG00000135968",1055.99998,995,951,899,845,983,504,871,788,538,519,396,543
"ENSG00000135972",498,585,3021,2870,2210,2260,1914,1936,2157,1756,1653,1479,1652
"ENSG00000135974",360,424,551,544,431,1001,753,886,838,849,804,827,747
"ENSG00000135976",1914.99999,2883.00001,336,295,311,449,203,355,420,671,900,604,552
"ENSG00000135999",899,953,128,92,76,165,186,151,133,203,209,163,183
"ENSG00000136002",392.00002,327,79,60,109,178,110,281,170,43,54,92,37
"ENSG00000136003",718,829,1677,1498,1421,1576,1502,1377,1354,1124,1090,1171,1198
"ENSG00000136010",85,109,88,107,68,38,39,24,41,119,82,73,101
"ENSG00000136014",44,58,6696,6414,5493,3682,2654,3233,3248,918,886,972,1052
"ENSG00000136021",825,914,698,823,653,1276,560,912,1010,1440,1289,1348,1321
"ENSG00000136026",1932,1963,687,442,476,638,626,649,605,857,961,752,970
"ENSG00000136040",695,862,30,38,29,98,60,118,110,128,173,131,119
"ENSG00000136044",1309,819,276,209,242,569,320,395,482,1141,1177,1109,1132
"ENSG00000136045",800,838,2589,2491,2039,2021,1859,1799,1934,1843,1651,1795,1759
"ENSG00000136048",17,16,206,148,159,34,27,24,26,13,20,26,40
"ENSG00000136051",592,813.99999,1215,1300,999,1312,545,1071,1135,912,832,743,825
"ENSG00000136052",88,59,58,52,30,30,27,27,41,66,68,86,65
"ENSG00000136059",28,23,167,130,103,164,116,165,146,61,45,21,33
"ENSG00000136068",694,527,7145,7473,5835,5372,2158,4522,5167,5659,5707,3917,4847
"ENSG00000136098",336.00001,368,517,486,451,701,558,536,654,649,570,595,631
"ENSG00000136100",628.99999,836,625,605,527,924,685,772,932,840,802,703,711
"ENSG00000136104",697,724.99999,405,455,466,423,451,371,387,322,266,295,309
"ENSG00000136108",2268,2927.00001,2474,2531,2126,5709,3725,4460,5046,5714,4695,5173,5516
"ENSG00000136110",16,43,3033,2767,2280,330,371,266,258,14,4,7,17
"ENSG00000136111",204,221,373,376,433,294,223,343,243,125,104,125,313
"ENSG00000136122",255.00001,388,827,849,663,1171,827,1054,1060,1093,866,1042,1114
"ENSG00000136141",285,407.00001,132,109,130,112,45,84,105,176,207,152,180
"ENSG00000136143",808,872.00001,2683,2531,2203,2122,2017,1580,1830,2675,2345,2537,2558
"ENSG00000136144",451,550,1215,1278,1081,1628,988,1252,1293,1768,1759,1849,1692
"ENSG00000136146",1212,1343.99999,1190,1228,991,1601,1421,1434,1567,1844,1474,1620,1841
"ENSG00000136147",117.99999,100,190,148,118,67,94,70,64,19,16,25,58
"ENSG00000136152",335,349,466,490,402,771,439,730,801,747,714,667,632
"ENSG00000136153",81.00001,120.99999,301,293,277,20,7,31,21,50,61,22,52
"ENSG00000136156",2562,3219,1541,2041,2285,2227,2279,1573,1581,2316,1831,3107,3586
"ENSG00000136158",449,629,274,214,177,605,396,535,449,80,65,50,80
"ENSG00000136159",365,620,1888,1894,1431,1146,1240,963,1043,1519,1175,1423,1525
"ENSG00000136160",35,17,5118,4486,3905,618,487,526,627,5020,5763,4992,3108
"ENSG00000136161",271,527,590,593,530,1251,1111,1023,1116,2750,2611,2544,2400
"ENSG00000136169",275,405,162,165,125,193,114,142,127,281,269,255,280
"ENSG00000136193",1284.99999,1525,3286,3959,3092,5600,2788,5402,5516,9663,9873,8180,8725
"ENSG00000136205",1963,1090.99999,409,370,297,822,445,898,776,1236,1407,869,1090
"ENSG00000136206",146,213,101,53,78,91,41,67,74,85,122,69,55
"ENSG00000136213",195,189,465,338,301,369,281,318,384,464,536,429,419
"ENSG00000136231",1565.99999,2064.00001,4216,4358,3484,5427,2784,4410,4848,2136,2356,1983,2041
"ENSG00000136235",361.00001,235,39,41,37,16,21,13,6,150,265,231,198
"ENSG00000136237",102,115.00001,57,52,50,72,28,66,46,49,74,53,46
"ENSG00000136238",2120,2380,1804,1491,1481,1778,1654,1601,1550,1424,1432,1163,1526
"ENSG00000136240",1283,1289,1000,1113,1336,2449,2374,2268,1811,1794,1241,1942,3152
"ENSG00000136243",454.99999,694,421,498,427,678,590,557,611,633,559,635,683
"ENSG00000136247",648,483,1536,1277,1155,1829,1635,1504,1726,1703,1602,1558,1537
"ENSG00000136261",823,1058.99999,2457,2172,2165,3806,3999,3002,2922,3024,2772,2991,2763
"ENSG00000136267",24.00001,66,112,112,113,23,8,19,25,92,154,143,142
"ENSG00000136270",525.00001,587,5577,4567,4275,2915,2392,2823,2873,2783,2912,2254,2618
"ENSG00000136271",566.00001,554,2403,2162,1616,2276,1865,2001,2089,2576,2708,2066,2252
"ENSG00000136273",304,374,564,507,400,610,365,470,526,596,584,552,638
"ENSG00000136274",266,221,89,96,94,410,278,481,429,1320,1624,1052,1537
"ENSG00000136279",898.00001,759,2305,1697,1723,2701,3008,2777,2784,3311,3788,2974,3038
"ENSG00000136280",1612,1802,596,460,398,547,536,684,673,354,375,313,409
"ENSG00000136295",2364.00001,1693.00001,1115,719,781,618,555,662,699,887,1022,630,901
"ENSG00000136319",390,415.00001,846,789,669,1488,1521,1052,1194,2342,2252,2307,2182
"ENSG00000136367",446,329,425,343,327,264,146,229,260,231,291,165,213
"ENSG00000136371",327,340.99999,444,369,298,399,435,287,298,113,136,175,85
"ENSG00000136378",354,310,495,409,533,767,553,935,848,451,473,446,931
"ENSG00000136379",170,198,163,118,96,94,105,108,117,96,81,66,93
"ENSG00000136381",1207,1493,1740,2040,1492,2561,1143,1844,2048,1591,1535,1439,1478
"ENSG00000136383",41,21,759,544,489,470,266,493,403,67,66,53,41
"ENSG00000136425",431.99999,456,162,106,107,158,218,178,156,127,134,154,125
"ENSG00000136436",388,402,677,598,624,1180,900,932,1052,1571,1577,1281,1210
"ENSG00000136444",232,231,271,255,420,238,370,292,207,323,220,295,779
"ENSG00000136448",854,857.99998,3749,3153,2851,3900,2691,3655,3745,2654,2617,2259,2461
"ENSG00000136450",2628,3073.99999,5508,5549,4674,6163,3999,5533,5686,6062,5524,4994,6434
"ENSG00000136451",1051,1228,1608,1392,1174,3190,2223,2715,2824,3763,3779,3290,3807
"ENSG00000136463",188,170,348,394,349,420,622,316,303,355,328,538,466
"ENSG00000136478",519,371,339,339,340,520,352,632,616,274,372,246,420
"ENSG00000136485",1936.00001,2159,4392,3911,3240,5716,3044,5187,5613,8512,9447,6674,7851
"ENSG00000136490",802.99999,797.00001,987,645,777,463,413,482,442,1188,1404,1035,1310
"ENSG00000136492",1205.00001,2901.00001,877,905,705,1253,592,1176,1319,1141,1067,903,1096
"ENSG00000136504",818.00001,1065.00001,4925,4658,3892,8322,4954,7472,7848,4943,4957,4018,4430
"ENSG00000136518",1117.00001,1472,3919,3822,2922,4712,5008,4129,4330,5811,5164,5740,5197
"ENSG00000136521",1059.00001,1308,1506,1488,1274,1695,2337,1300,1295,1710,1483,1990,1699
"ENSG00000136522",667.99999,742,2142,1998,1677,1591,1681,1582,1525,1729,1563,1698,1687
"ENSG00000136527",2443,2687.00001,6331,6050,4911,8338,7034,7576,7710,8033,6740,6895,7714
"ENSG00000136531",135.99999,166,54,30,49,23,24,32,32,69,80,34,52
"ENSG00000136535",35,99,0,0,0,1,0,0,0,91,52,39,86
"ENSG00000136536",2432,2058,2999,3107,2496,5951,3688,4670,5043,3993,3470,4074,4089
"ENSG00000136546",44,139,6,5,3,57,21,28,42,13,5,12,6
"ENSG00000136560",390,562,508,536,371,529,448,451,505,740,667,730,695
"ENSG00000136603",1141.99999,1634,1443,1933,1490,888,304,579,612,1373,1136,1246,1274
"ENSG00000136628",1117,1404,4964,5334,4196,4924,2935,4272,4771,4733,4179,3614,4468
"ENSG00000136631",890,935.99999,925,874,787,1304,958,943,1021,1680,1681,1634,1519
"ENSG00000136636",757,974,485,428,372,419,396,340,300,422,407,418,464
"ENSG00000136643",1610,1378.00002,687,859,741,983,546,886,893,907,953,890,976
"ENSG00000136682",598,872.99999,1237,1168,1058,1820,1432,1628,1681,1361,1168,1212,1425
"ENSG00000136699",824,826,4561,4221,3594,3956,2613,4118,4611,3714,3875,2802,3600
"ENSG00000136709",1210,1408.00001,2674,2602,2078,3221,2100,2792,2681,3571,3164,2941,3004
"ENSG00000136710",303,366.99999,677,422,434,876,900,778,794,1328,1367,1149,1041
"ENSG00000136715",967,930.99999,1951,1691,1349,2412,1466,2388,2545,2174,1986,1630,1917
"ENSG00000136717",1700,1468.00001,180,131,161,461,486,483,391,523,581,510,871
"ENSG00000136718",341,297,2880,2194,1986,1889,1937,1888,1902,1860,1612,1365,1709
"ENSG00000136720",404,284,634,418,333,365,453,397,355,1364,1552,1288,1477
"ENSG00000136731",759,814,1632,1935,1508,1627,650,1491,1506,1591,1524,1192,1277
"ENSG00000136732",172,135,374,333,284,238,220,189,220,520,370,394,497
"ENSG00000136738",805,920,919,962,812,1163,725,999,1014,1280,1109,1081,1209
"ENSG00000136750",338,112,1,0,1,142,126,113,107,7,23,10,14
"ENSG00000136754",661.99998,718,1132,1134,901,1617,1109,1296,1345,1188,1034,1029,1105
"ENSG00000136758",1774.00001,2079,3491,3628,3041,4358,2546,3796,3865,5115,4588,4012,4726
"ENSG00000136770",1712.99999,1269,79,66,91,122,150,94,83,166,196,171,182
"ENSG00000136783",285,382,465,420,374,592,826,510,477,956,884,1225,1009
"ENSG00000136802",362,346,2031,1587,1646,1204,1304,1315,1168,655,654,526,897
"ENSG00000136807",499,462,1334,1317,1452,1278,1442,1487,1290,693,652,748,1046
"ENSG00000136810",2339,2725,4117,3662,3718,2462,2748,2721,2325,2592,2191,2052,2645
"ENSG00000136811",814.99999,1276.00002,605,515,556,1912,857,1830,1896,2928,3011,2315,2518
"ENSG00000136813",1128.99999,1592.00001,1915,1842,1942,1466,808,1586,1197,1648,1511,1318,2369
"ENSG00000136816",258,288,311,329,311,420,243,307,307,258,264,222,247
"ENSG00000136819",634,594.00001,1522,1142,1096,1371,1302,1293,1303,1448,1264,1031,1072
"ENSG00000136824",1508,1873.00001,1511,1451,1198,1721,972,1497,1516,1996,1728,1535,1965
"ENSG00000136827",318.00001,365,1319,1206,1119,1323,1124,1283,1311,1208,1160,972,1120
"ENSG00000136828",360.00001,439,292,240,256,222,162,260,222,157,165,121,180
"ENSG00000136830",138,177,213,107,147,139,102,132,140,36,57,25,62
"ENSG00000136840",79,83,429,413,362,178,135,194,160,254,335,189,218
"ENSG00000136842",34,37,25,31,2,9,4,4,14,25,12,6,5
"ENSG00000136848",959,981,207,161,171,322,235,369,325,307,311,287,301
"ENSG00000136854",1210,1092.99999,1176,1112,1106,1374,846,1409,1407,2154,2493,1939,1957
"ENSG00000136856",249.00001,233.99999,297,266,292,154,246,258,145,161,124,100,309
"ENSG00000136859",89,95,198,182,196,258,160,233,248,236,230,193,232
"ENSG00000136861",4530.00001,3792.00001,1005,933,869,1923,949,1819,1926,2226,2495,1775,2173
"ENSG00000136866",184.99999,230,208,196,151,482,389,347,403,623,522,630,533
"ENSG00000136867",47,62,14,16,19,5,11,19,13,21,21,34,28
"ENSG00000136868",485,375,2911,2850,2351,2599,1953,2112,2500,1854,1862,1693,1775
"ENSG00000136870",265,384,202,219,177,403,261,341,331,475,375,441,476
"ENSG00000136874",535,616,737,652,534,1118,696,949,935,792,665,614,723
"ENSG00000136875",520,446,1615,1510,1222,2042,1695,1865,1935,2112,1824,1907,2039
"ENSG00000136877",443,376,732,868,1130,1256,1444,1380,1160,762,607,753,1487
"ENSG00000136878",381,375,530,441,397,643,289,682,675,1101,1510,899,1161
"ENSG00000136888",2936.99999,3770,2493,2295,1969,2063,2800,1971,2017,3294,3347,3580,3158
"ENSG00000136891",937,872.99999,3529,3470,3028,3167,2509,2482,2738,2665,2309,2092,2318
"ENSG00000136895",397.00001,396,145,150,111,180,74,130,202,355,418,294,336
"ENSG00000136897",434,510,1625,1427,1259,1509,1664,1278,1342,1355,1187,1372,1421
"ENSG00000136908",536,542,2103,1540,1580,1285,1264,1254,1458,1493,1675,1283,1705
"ENSG00000136925",409,450,1062,936,833,1616,942,1366,1353,1868,1912,1588,1573
"ENSG00000136928",260,250,27,20,27,8,2,12,7,63,69,41,56
"ENSG00000136930",2285,2140,5257,4533,4061,3771,4760,3708,3554,4438,4467,4152,4123
"ENSG00000136932",85,111,113,92,93,115,114,113,95,206,292,181,208
"ENSG00000136933",258,285,1458,1146,1161,641,825,551,622,868,769,828,897
"ENSG00000136935",365,351,185,153,171,293,150,266,296,231,321,204,281
"ENSG00000136936",425,487,75,54,51,165,144,152,138,401,400,384,386
"ENSG00000136937",787,931,3630,4195,3131,4126,2418,3597,3702,3901,3287,3448,3614
"ENSG00000136938",2569,3025,464,573,548,1593,998,1386,1260,2191,1634,1543,2380
"ENSG00000136940",527,645,450,474,376,851,532,643,675,884,835,739,849
"ENSG00000136942",18469.00001,17870,10243,8106,8681,8724,17255,9053,8192,7680,7898,8075,7665
"ENSG00000136943",152,144.00001,3158,2755,2587,1530,1182,1321,1487,397,364,343,361
"ENSG00000136950",572,661,868,804,711,726,801,732,653,553,448,567,652
"ENSG00000136960",80,140.00001,183,210,175,304,196,245,232,1202,1401,1099,790
"ENSG00000136982",282,317,741,737,619,607,434,574,617,351,233,259,318
"ENSG00000136986",433,394,1620,1430,1285,1175,795,964,1110,1345,1240,1120,1262
"ENSG00000136997",53.99999,67,1691,1309,1242,234,164,225,313,249,326,260,139
"ENSG00000137038",1057,1276,1246,1195,1008,1235,1411,1061,998,1244,1180,1341,1251
"ENSG00000137040",315,424,560,660,441,1406,823,1216,1318,1286,1339,1171,1134
"ENSG00000137054",159,166,527,501,495,770,670,655,605,496,385,391,430
"ENSG00000137055",582.99999,513,2523,2441,1999,2500,1614,1910,2217,1981,1849,1772,1943
"ENSG00000137070",126,180,95,143,92,256,302,261,321,556,475,473,485
"ENSG00000137073",2212.99999,1627,2114,1899,1676,1652,907,1692,1790,1596,1613,1229,1474
"ENSG00000137074",576.00001,607.99996,1495,1310,1246,1513,1342,1323,1424,1439,1282,1332,1299
"ENSG00000137075",1651.99999,2093.99999,699,734,625,1265,818,1216,1130,2224,2314,2036,2151
"ENSG00000137076",926,891,4947,4901,4248,3476,1585,3468,3647,3030,2972,2213,2579
"ENSG00000137094",281,298.99998,1311,1127,1047,1280,988,1064,1132,2761,2685,2107,2367
"ENSG00000137098",26.00001,66.00001,10,18,2,13,16,18,24,43,64,45,38
"ENSG00000137100",1142,1257,430,367,375,1271,2246,1055,1128,3344,3409,3975,3066
"ENSG00000137103",516,517,498,281,316,372,278,296,327,864,901,650,747
"ENSG00000137106",959,987.00001,2219,1806,1757,2794,3247,2420,2544,2760,2742,2584,2317
"ENSG00000137124",144,115,3490,3162,2752,2799,2019,2321,2639,1884,1632,1535,1767
"ENSG00000137133",385.00001,442,715,621,586,906,1301,880,810,1219,1090,1216,1308
"ENSG00000137135",235,288,1238,963,783,1114,956,1207,1241,857,763,755,759
"ENSG00000137142",1234,1810,1714,1746,1488,1892,1372,1495,1689,4988,5299,3917,4778
"ENSG00000137145",1322.99999,1558,641,682,545,1015,499,884,1056,1350,1369,1262,1273
"ENSG00000137154",32462.00001,35038.00001,27429,22772,22705,27825,48168,25675,24422,22204,21389,25299,21633
"ENSG00000137161",651,585,2105,1734,1505,2321,2282,2067,2440,1989,1892,1551,1716
"ENSG00000137166",1478.00001,1373,59,34,34,81,67,75,88,687,782,532,709
"ENSG00000137168",891,923,2296,2125,1764,2125,3270,1879,1792,2113,1676,2165,1992
"ENSG00000137171",243,268,472,433,412,712,516,652,629,1443,1356,1114,1175
"ENSG00000137177",1467,2465,168,181,111,100,80,100,123,178,170,167,174
"ENSG00000137185",315,315.99999,264,231,233,448,404,371,471,467,498,447,382
"ENSG00000137193",127,113,258,235,445,267,335,322,175,142,154,154,414
"ENSG00000137200",359,387,804,854,782,1390,808,1278,1373,1644,1680,1295,1606
"ENSG00000137203",60.00001,80,0,0,0,158,74,138,181,9,13,16,5
"ENSG00000137207",856,915,3042,2412,2176,2956,2176,2650,3118,3597,4016,3220,3173
"ENSG00000137210",1714,2126.99999,2311,1978,1786,2205,3122,1939,1835,1824,1763,2027,1974
"ENSG00000137216",391,444,543,693,654,580,242,455,561,356,388,229,368
"ENSG00000137218",120,100,24,23,13,21,29,56,30,51,38,73,94
"ENSG00000137221",262.00002,237,382,276,291,375,280,396,448,422,387,286,319
"ENSG00000137261",46,56,48,47,34,27,10,28,19,97,94,92,116
"ENSG00000137266",1649.99999,580,490,322,349,55,32,37,42,300,343,269,256
"ENSG00000137267",1413,1443,10523,8460,7899,2467,2683,2600,2735,9203,10228,7857,7985
"ENSG00000137269",210,236,230,239,267,352,191,216,239,350,321,341,304
"ENSG00000137274",694,668,1948,1691,1545,1324,1582,1110,1103,1764,1544,1765,1635
"ENSG00000137275",706,384,478,469,411,210,116,179,186,301,314,224,280
"ENSG00000137285",6145.99999,8227.00001,11562,9140,8387,9213,9227,9175,9867,28464,31354,22874,24313
"ENSG00000137288",1532.99999,1562,2284,1883,1767,3327,6244,3119,3093,2655,2595,3027,2790
"ENSG00000137309",4988.00002,3599,9044,8758,11136,11141,9814,13264,9973,4176,3425,3409,7849
"ENSG00000137310",200.99999,231.00001,688,571,595,578,434,582,592,868,957,784,854
"ENSG00000137312",990.00001,920.00001,3245,2699,2539,3175,4001,2748,2860,3677,3597,3536,3402
"ENSG00000137331",128,91,355,298,265,43,39,14,30,47,49,55,34
"ENSG00000137337",676,637.99999,1592,1620,1317,2638,1086,2598,2670,2845,2715,1801,2589
"ENSG00000137338",270,230,286,230,218,636,359,535,529,483,513,433,482
"ENSG00000137343",701.99999,874.99999,245,229,195,382,315,463,403,1097,1276,870,1059
"ENSG00000137364",220,165,613,503,470,637,532,542,481,321,249,286,286
"ENSG00000137393",12,17,170,212,116,56,32,35,42,11,9,11,15
"ENSG00000137404",507,368,731,632,628,1430,1105,1276,1464,1536,1386,1157,1314
"ENSG00000137409",1871.00001,1854.00001,1881,1734,2598,3872,6339,5100,3168,1557,1307,1862,4302
"ENSG00000137411",251.99999,213.00001,623,654,550,642,420,672,706,669,673,461,656
"ENSG00000137413",302,345,779,584,557,1135,713,968,1072,914,775,684,792
"ENSG00000137414",259,340,112,119,87,181,143,166,121,201,145,210,432
"ENSG00000137434",57,111,26,16,29,31,83,44,31,160,112,155,130
"ENSG00000137449",264,378,9,21,11,17,10,15,8,65,56,44,41
"ENSG00000137460",23,28,374,325,275,283,155,303,263,50,15,18,18
"ENSG00000137462",23,16.99999,29,29,28,7,1,3,3,12,3,3,10
"ENSG00000137463",1374,1969,69,33,32,47,76,31,44,38,21,36,40
"ENSG00000137473",285,1464,3,1,8,12,9,13,22,72,62,105,53
"ENSG00000137474",51,33,148,83,81,193,139,211,213,175,213,129,127
"ENSG00000137478",872,1301.00001,104,101,99,308,309,322,288,477,506,415,547
"ENSG00000137486",147,85,283,223,213,101,49,72,102,65,66,49,68
"ENSG00000137492",682.99999,820,339,294,259,537,645,489,375,706,554,741,944
"ENSG00000137494",299,341,112,135,101,156,99,148,180,271,246,234,250
"ENSG00000137496",97.00001,57.99999,106,39,47,56,56,88,92,102,119,56,71
"ENSG00000137497",1684,1483,3334,3435,3012,6780,2564,7359,7446,9155,10532,6184,7361
"ENSG00000137500",876,1072,1855,1907,1680,1639,1909,1323,1215,1930,1832,1949,1892
"ENSG00000137501",221.99999,294.99999,337,342,304,196,192,154,187,505,499,593,445
"ENSG00000137502",395,423,85,107,83,312,164,238,205,514,524,512,460
"ENSG00000137504",805,1094,1197,1265,1062,1745,1026,1442,1584,2280,2028,1939,1922
"ENSG00000137509",490,591,2500,2577,1823,1625,1121,1229,1403,2161,2232,2170,1987
"ENSG00000137513",1447,2261.99999,1429,1215,1035,1473,1110,1197,1277,1661,1446,1399,1462
"ENSG00000137522",437,356.99999,448,446,422,624,434,477,533,510,515,412,462
"ENSG00000137547",596,762,2402,2302,1931,2098,3390,1858,1811,2304,1995,2578,2400
"ENSG00000137563",888.00001,988.99999,932,806,649,1723,2134,1177,1464,2535,2381,3002,2460
"ENSG00000137571",250,479,69,54,81,49,27,83,23,102,75,133,155
"ENSG00000137573",529,1077,255,261,239,871,535,668,874,639,790,612,590
"ENSG00000137574",604,660,740,819,716,869,581,839,874,683,597,493,599
"ENSG00000137575",1184.99999,1800,4784,4819,3813,7639,5007,5580,6186,7620,6863,7162,7187
"ENSG00000137601",2179.99998,2797.00002,526,497,410,608,403,578,583,764,753,744,788
"ENSG00000137628",30,35,71,91,63,132,48,65,74,81,63,79,96
"ENSG00000137642",105.99999,70,4012,4251,3633,3049,1259,2683,2855,1219,1565,1301,1119
"ENSG00000137656",337,483,984,769,755,1212,1079,1104,1141,1545,1249,1092,1142
"ENSG00000137691",59,84,40,62,52,155,204,148,82,162,118,152,167
"ENSG00000137692",679.99999,725.99999,2151,1986,1642,1124,1188,866,886,936,872,908,998
"ENSG00000137693",3656.99999,2436.99999,556,602,527,856,566,624,606,635,630,663,704
"ENSG00000137700",502.99999,545.99999,2300,1876,1734,2498,2359,2294,2715,2732,2635,2331,2406
"ENSG00000137710",3394,3969,1591,1634,1403,6301,4420,4636,4556,3262,2644,3257,4045
"ENSG00000137713",391,409,4212,4134,3148,4284,2408,3570,3964,2872,2356,2271,2868
"ENSG00000137714",670,759,49,56,76,139,181,146,101,140,115,174,279
"ENSG00000137720",231.00001,230.99999,467,418,421,514,499,432,475,431,413,452,502
"ENSG00000137726",1787.00001,2062.00001,1312,1005,975,8220,6579,7917,8365,12033,13155,9861,10495
"ENSG00000137760",163.00001,240,314,282,233,253,140,201,224,320,298,265,281
"ENSG00000137764",985.00001,1205,96,92,90,195,231,225,201,186,243,199,216
"ENSG00000137770",1646,1698.00001,1599,1572,1284,3058,2123,2333,2542,2815,2291,2476,2491
"ENSG00000137776",1943,2403,2070,1924,1652,1513,983,1547,1410,1464,1420,1154,1511
"ENSG00000137801",143,75,1168,1064,891,289,111,210,246,325,485,287,309
"ENSG00000137802",269.00001,198.99999,360,241,253,401,215,402,379,867,1020,558,676
"ENSG00000137804",3494,4345.00001,3538,3160,2548,5732,4114,4916,5601,6314,5758,5083,6408
"ENSG00000137806",263,328,683,631,541,640,751,530,487,737,627,634,702
"ENSG00000137807",1008.00001,1303,2263,2252,1807,2871,1726,2608,2986,2408,2200,1898,2269
"ENSG00000137812",962,1170,459,582,448,856,296,687,796,1103,906,681,877
"ENSG00000137814",423,429.99999,396,416,343,690,541,490,658,678,653,627,712
"ENSG00000137815",1853,1787,1541,1322,1188,1800,1294,1918,1873,1782,1857,1415,1686
"ENSG00000137817",596.00001,680,151,125,146,246,208,163,191,483,482,498,653
"ENSG00000137818",30630.00001,31830,28025,21836,22419,22868,31642,22780,22649,17448,17239,17089,15351
"ENSG00000137819",142,76,544,572,520,400,227,294,307,48,46,58,40
"ENSG00000137821",937.00002,2269.99999,277,284,230,669,568,445,564,1157,1097,985,1078
"ENSG00000137822",360,404,1112,1066,929,1306,694,1118,1178,1912,1848,1445,1605
"ENSG00000137824",432,411,1241,1063,815,1070,754,1014,1087,1303,1354,994,1083
"ENSG00000137831",1161,1208.99999,1310,1140,1108,1990,1082,1836,2032,927,741,718,820
"ENSG00000137834",134,133,24,15,13,17,20,24,17,21,30,21,22
"ENSG00000137842",163.99999,107,11,6,8,24,53,38,35,56,35,70,104
"ENSG00000137845",1322.00001,2072,3791,4306,2994,5113,2072,3624,4605,3877,3615,3549,3527
"ENSG00000137857",191,260,44,24,30,23,15,16,28,61,96,67,30
"ENSG00000137868",1163.99999,1277,603,455,367,1506,910,1210,1544,689,1196,819,660
"ENSG00000137871",254.99999,385,208,225,178,383,392,325,262,233,176,247,209
"ENSG00000137872",327.99997,628.00001,59,93,45,1733,704,1350,1369,686,876,750,698
"ENSG00000137876",1245,1436.99999,1888,1931,1516,2176,3548,1605,1617,2022,1724,2454,2198
"ENSG00000137880",437,407,1861,1355,1210,286,514,334,311,518,501,521,511
"ENSG00000137936",472.99999,771,75,66,84,220,216,227,192,148,174,198,208
"ENSG00000137941",682,1102,83,103,98,452,293,487,438,463,488,506,482
"ENSG00000137942",2471.99999,2949.00001,3204,3638,2570,5243,2540,4577,4572,4603,4493,4031,4413
"ENSG00000137944",811,932,1752,1779,1495,2359,2265,1939,2106,1717,1639,1807,1784
"ENSG00000137947",638,699,385,425,357,421,573,368,406,887,954,1021,944
"ENSG00000137955",767.00001,832,1133,1161,924,498,463,480,528,618,529,550,526
"ENSG00000137962",236,240,77,98,81,986,644,751,844,100,90,108,110
"ENSG00000137968",302,244,212,208,163,154,44,71,116,446,476,474,447
"ENSG00000137992",249,427,903,892,698,656,512,551,649,470,446,442,394
"ENSG00000137996",606,530,773,787,659,838,616,776,742,915,858,770,839
"ENSG00000138002",376,436,472,519,444,707,306,665,807,1172,1303,894,991
"ENSG00000138018",353,411,1126,1193,983,1081,414,764,837,891,713,692,714
"ENSG00000138028",49.99999,19,91,62,47,31,54,44,29,31,39,31,30
"ENSG00000138029",721,749,1851,1632,1466,1426,993,1158,1175,3077,2551,2661,2913
"ENSG00000138030",115,96,542,429,372,423,507,398,429,440,408,393,395
"ENSG00000138031",370,330,185,157,113,137,111,130,167,113,147,87,84
"ENSG00000138032",912,1336.99999,2452,3007,2669,2116,1074,1869,1735,1590,1461,1617,1679
"ENSG00000138035",595,812,1931,1863,1548,1531,1186,1281,1423,1564,1410,1413,1567
"ENSG00000138036",630,845.99999,228,190,206,495,470,378,394,690,683,719,712
"ENSG00000138039",54,51,4,7,8,0,0,0,6,24,22,1,27
"ENSG00000138050",271,569.00001,340,309,315,352,303,269,286,336,274,329,288
"ENSG00000138061",6914,7003,42,62,82,146,65,115,100,441,783,985,992
"ENSG00000138069",1264,1753,3998,3924,3275,4442,3930,3783,4003,3702,3399,3601,3429
"ENSG00000138071",1501,1918,4849,5048,3709,7468,4044,6035,6271,5359,4745,4624,4775
"ENSG00000138073",387,371.99999,1321,1306,1412,1391,1665,1475,1390,1391,1214,1532,1730
"ENSG00000138074",334,351,5467,4936,4070,3755,2477,3368,4005,3459,3130,2488,3306
"ENSG00000138078",1053.00001,1277.99999,1451,1583,1217,3058,1429,2142,2469,3386,3286,3009,3068
"ENSG00000138080",33,111,9,5,10,56,87,88,53,6,0,13,41
"ENSG00000138081",1176.99999,2224.00002,429,379,278,684,368,538,486,755,605,606,754
"ENSG00000138083",2622,2439,10,4,8,2826,1593,2458,2406,348,389,254,398
"ENSG00000138085",1130,1303,5240,4237,3924,5111,7767,4609,4469,4824,5049,5547,5057
"ENSG00000138092",408,676,853,757,634,1248,978,1231,1204,1299,1357,986,1266
"ENSG00000138095",2930.00003,4403.00001,4318,4850,4350,4767,3138,4258,4004,3288,2658,3229,3768
"ENSG00000138101",1329,895,608,478,528,802,681,781,775,495,484,462,643
"ENSG00000138107",1295,1485,5512,5060,4242,6786,5224,6465,7077,8121,8374,6851,7299
"ENSG00000138111",89,92,327,259,287,282,221,268,278,315,312,226,354
"ENSG00000138119",158,96,74,80,86,36,12,32,44,172,155,151,172
"ENSG00000138131",43,33,61,35,17,22,23,15,26,82,92,96,58
"ENSG00000138134",94,106.00001,130,76,88,30,25,24,29,91,63,63,56
"ENSG00000138138",1011.99999,1105.99999,1596,1887,1445,1841,1017,1277,1638,2232,2152,2230,2052
"ENSG00000138160",1254,1498.00001,2231,2700,1944,3622,1825,3304,3394,4736,3586,3761,4322
"ENSG00000138162",792,1325.99999,523,497,447,919,532,855,783,782,655,628,756
"ENSG00000138166",45,17,146,90,105,24,26,18,16,3,6,1,2
"ENSG00000138172",26,33,40,42,36,74,84,73,68,94,71,52,71
"ENSG00000138175",2056,2431,1055,964,833,1921,3363,1716,1626,2378,2424,2653,2465
"ENSG00000138180",445,522,369,371,374,510,433,464,489,696,585,662,780
"ENSG00000138182",1348,1621,1784,1762,1549,1736,822,1355,1544,1352,985,973,1235
"ENSG00000138185",196,146,455,362,278,298,145,295,203,431,442,364,345
"ENSG00000138190",1133,1402.99999,162,121,93,345,204,268,199,1000,678,805,853
"ENSG00000138193",418.99999,332,83,57,54,94,51,113,82,344,515,358,322
"ENSG00000138231",305,311,520,431,340,570,443,517,540,639,629,598,645
"ENSG00000138246",537.99999,743,628,690,526,674,311,664,634,569,541,454,529
"ENSG00000138279",531,488,3174,2742,2388,2588,2638,1968,2116,1764,1804,1795,1604
"ENSG00000138286",526.99999,521,275,303,343,511,504,401,404,445,387,444,408
"ENSG00000138303",1059.00002,1164,878,785,646,1162,1294,967,986,1260,1158,1304,1162
"ENSG00000138311",36,21,19,9,7,21,4,8,13,62,65,55,60
"ENSG00000138326",18052.99999,20181,9735,8628,8655,6945,7606,7081,6464,5872,5485,4933,5310
"ENSG00000138336",1045,1153,3208,3281,2623,4958,2313,4267,4252,2318,2257,1618,1790
"ENSG00000138346",749.00001,1094,1156,1193,980,1377,910,1161,1369,1213,895,1001,1098
"ENSG00000138363",706.99999,761,7598,7035,5963,5501,3959,5114,5176,2906,2582,2465,2711
"ENSG00000138375",888.00002,616,814,720,729,1345,932,1225,1211,1660,1682,1354,1595
"ENSG00000138376",901,950.00001,882,806,670,978,643,804,881,1239,1062,983,1111
"ENSG00000138378",14,36,15,13,6,4,6,0,16,36,40,42,53
"ENSG00000138380",359.00001,515.99999,95,134,93,299,145,194,206,486,393,427,442
"ENSG00000138381",587,714,1010,997,858,1310,1464,1034,1065,1301,1211,1502,1361
"ENSG00000138382",815,815,2753,2661,2214,2303,2297,2061,2239,1277,1149,1271,1537
"ENSG00000138385",3074,3585,4219,4039,3508,3930,3228,3324,3351,2447,2103,1936,2573
"ENSG00000138386",444,437,317,316,242,418,278,403,298,764,737,682,762
"ENSG00000138398",2773.00001,2981,2130,1970,1754,2437,1626,2329,2301,2162,2037,1678,2044
"ENSG00000138399",355.99999,464,782,741,659,753,559,635,699,558,502,481,487
"ENSG00000138400",74,134.99999,82,73,68,184,216,163,159,284,281,291,314
"ENSG00000138411",345,475,76,75,64,156,64,166,131,291,239,245,258
"ENSG00000138413",927,1348,12780,12104,10101,10905,10911,9095,9209,7961,8468,8363,8077
"ENSG00000138430",1963,3401,2742,2590,2404,4303,5246,3608,3332,3216,2755,3279,3301
"ENSG00000138433",709,770,272,265,223,533,388,354,403,508,450,451,425
"ENSG00000138434",578,645.00001,87,79,72,226,143,187,194,743,573,652,668
"ENSG00000138435",54.99999,44,3,0,4,4,1,3,9,67,66,56,37
"ENSG00000138439",440,536,630,741,610,1043,439,928,985,1031,887,916,1007
"ENSG00000138442",449,610,2641,2295,1969,1756,1732,1380,1508,1160,918,989,1103
"ENSG00000138443",2907.00001,3433.99999,2855,2810,2463,5530,2726,4609,4823,5819,5547,5092,6084
"ENSG00000138448",1445.00002,1416,377,374,324,715,418,570,558,431,453,487,691
"ENSG00000138449",122,101,4,2,0,14,8,4,10,163,200,240,159
"ENSG00000138459",448,542,1130,1117,845,1372,1002,910,959,1083,1059,1204,1056
"ENSG00000138463",285,325,102,98,157,240,253,167,153,103,55,140,280
"ENSG00000138468",1016.00001,1490.99999,192,254,195,392,213,300,341,852,736,863,720
"ENSG00000138495",632,690,923,777,856,667,573,616,544,516,510,453,518
"ENSG00000138496",86,95,178,132,124,40,38,30,63,30,38,49,28
"ENSG00000138592",1103.99999,992,1723,1482,1279,1453,856,1339,1326,973,983,893,919
"ENSG00000138593",765.00001,776.99999,236,204,190,344,184,252,298,367,458,341,324
"ENSG00000138594",764,836,1433,1500,1225,1599,843,1338,1319,1492,1303,1140,1321
"ENSG00000138600",755,903.99999,237,389,379,446,394,422,400,456,368,508,659
"ENSG00000138604",489,670,483,451,466,419,308,366,392,604,560,670,570
"ENSG00000138606",461.99999,682,108,84,70,117,198,160,106,82,135,103,126
"ENSG00000138613",271,339,703,687,532,213,131,132,164,656,759,725,626
"ENSG00000138614",543,616.00001,1133,1043,942,1392,1135,1179,1308,1740,1622,1576,1540
"ENSG00000138617",315,284,166,207,197,484,355,442,549,835,711,694,858
"ENSG00000138621",320,286.99999,589,416,486,563,696,580,612,433,416,358,408
"ENSG00000138622",29,45,210,142,116,37,21,32,43,80,70,49,68
"ENSG00000138623",47,36,45,34,66,62,96,69,64,24,36,35,76
"ENSG00000138629",657,702,3419,2760,2351,2884,2646,2592,2837,3170,3162,2840,2964
"ENSG00000138639",191.99999,147.00001,4,0,0,20,6,7,7,61,60,66,34
"ENSG00000138640",1024.99999,1612,525,592,467,1495,786,1228,1211,1074,1087,1012,991
"ENSG00000138641",115.00001,168,108,117,115,129,78,101,130,271,356,259,249
"ENSG00000138646",35,32,224,211,353,74,78,62,53,22,20,22,28
"ENSG00000138650",78,151,135,162,117,124,79,72,94,36,66,63,70
"ENSG00000138653",131,272,1,0,0,15,8,5,9,699,709,589,543
"ENSG00000138658",623.00001,766.00002,668,718,531,1411,538,1132,1283,527,534,468,521
"ENSG00000138660",345,500,654,745,603,595,424,513,594,819,711,756,775
"ENSG00000138663",868,1038.00001,1359,1291,1122,2149,2358,1791,1799,2367,2056,2382,2332
"ENSG00000138668",5572.99999,6281,2425,2310,2761,3760,3793,4620,2988,2342,1635,2047,4940
"ENSG00000138670",1071,664,61,69,51,325,217,255,275,225,254,243,214
"ENSG00000138674",1994.99998,3106.99999,4202,4017,3328,5192,2802,4366,4851,5198,5584,4549,4998
"ENSG00000138685",318,534,749,627,452,233,207,173,185,134,84,122,151
"ENSG00000138686",410,618,548,485,468,594,548,499,561,783,676,756,723
"ENSG00000138688",2144,2942,799,837,669,1096,412,902,704,1032,1164,950,919
"ENSG00000138696",689.99999,174,15,13,18,33,21,22,21,720,850,711,738
"ENSG00000138698",920.99999,1100.00001,899,849,689,1587,1554,1291,1249,1838,1532,1699,2061
"ENSG00000138709",999.99999,1438,329,353,317,256,149,166,189,332,292,297,282
"ENSG00000138722",573,866,1,1,2,5,4,3,0,5052,4989,5217,4575
"ENSG00000138735",411,709,576,553,488,921,410,787,743,176,153,151,254
"ENSG00000138738",346.99999,447,442,441,410,302,202,273,282,235,208,254,274
"ENSG00000138741",63,51,1,4,8,7,2,8,1,59,41,35,69
"ENSG00000138744",41,82.00001,83,99,74,34,25,30,28,66,75,88,109
"ENSG00000138750",843,1176.99999,2374,2209,1936,3118,2859,2664,2854,1803,1361,1688,1662
"ENSG00000138756",457,588,139,156,114,201,79,155,100,148,109,109,126
"ENSG00000138757",1887.00001,2510,9410,9805,8339,9312,5563,7723,7977,6528,5796,5579,6144
"ENSG00000138758",2210,2538,2936,3125,2727,8615,4814,7343,7240,9510,9290,8301,9018
"ENSG00000138759",425,971.99999,4152,3867,3234,1601,702,1280,1552,874,878,694,619
"ENSG00000138760",1794.00001,1890,938,940,855,1394,1125,1224,1107,1948,1998,1959,2707
"ENSG00000138764",544,777,202,233,251,1388,1184,1282,1237,687,571,704,899
"ENSG00000138767",447.99999,602,142,150,115,122,98,104,88,276,273,244,275
"ENSG00000138768",876,1086,3279,3405,2831,2583,1635,2130,2352,2192,1830,1669,1822
"ENSG00000138769",76,183,59,70,56,49,25,19,30,288,252,236,229
"ENSG00000138771",3215,3381,646,412,423,443,343,373,300,915,785,722,1144
"ENSG00000138772",29,37,1947,1781,1591,127,149,84,72,32,26,41,41
"ENSG00000138777",1282.00001,2115.99999,1981,1715,1476,2862,3464,2392,2532,2772,2448,3114,2986
"ENSG00000138778",1414,1997,1245,1155,967,1250,547,1056,1034,997,974,796,1011
"ENSG00000138780",902.00001,988.99999,565,633,507,930,538,788,843,854,754,772,801
"ENSG00000138785",302,417,401,415,340,608,514,539,503,853,863,803,728
"ENSG00000138792",33,22,53,29,32,52,50,28,57,39,34,65,39
"ENSG00000138794",751,918.00001,644,570,615,797,1064,651,677,635,597,659,634
"ENSG00000138795",376,846.99999,6,1,7,44,27,51,50,356,313,282,338
"ENSG00000138796",1350,1001.99999,2528,2148,1980,2856,3331,2419,2677,3632,3089,3152,3272
"ENSG00000138798",70,53,73,59,56,59,41,51,33,251,232,198,222
"ENSG00000138801",964,948,3032,2823,2268,4804,2894,3929,4402,4205,3805,3508,3770
"ENSG00000138802",1090,1246.00001,329,404,402,677,575,731,502,601,530,557,1074
"ENSG00000138814",1343.99999,2429.00001,347,402,273,447,245,362,339,378,344,322,484
"ENSG00000138821",381,316.00001,254,327,345,250,212,187,171,217,194,235,332
"ENSG00000138829",2262.00001,2370.99999,1065,1167,913,10232,3289,6774,6994,2665,2922,2431,2059
"ENSG00000138834",926,493,402,295,341,331,231,421,430,817,1038,778,1301
"ENSG00000138835",1128,1007,772,707,606,1053,980,788,933,1791,1849,1492,1561
"ENSG00000138867",338,361,1560,1530,1410,1580,1181,1672,1583,1225,1207,1087,1529
"ENSG00000138942",495,523.99999,1317,1145,897,2294,1600,2051,2074,2469,2564,2184,2402
"ENSG00000138944",100,106,91,80,88,85,66,64,61,115,83,70,95
"ENSG00000139044",43,34,206,155,109,232,229,279,315,38,38,6,47
"ENSG00000139083",629,612,908,866,724,574,282,566,571,650,662,516,614
"ENSG00000139112",295,347,1470,1349,1119,1313,1097,1033,1179,1585,1638,1351,1353
"ENSG00000139116",1396,2015.99998,597,597,534,1238,690,1189,1099,1189,1158,1171,1495
"ENSG00000139117",286,328,99,113,77,145,93,85,95,137,76,95,94
"ENSG00000139131",226,284,959,924,817,925,853,868,886,624,602,499,512
"ENSG00000139132",1218,2592,703,792,535,913,416,825,872,864,943,787,774
"ENSG00000139133",216,258.99999,102,136,111,247,167,197,207,160,120,80,132
"ENSG00000139146",1139,1827,13152,12966,10588,18891,17560,13414,15449,11155,9456,11190,10562
"ENSG00000139154",745,809.99999,703,794,656,678,301,530,578,669,449,518,768
"ENSG00000139160",61,81,76,70,43,53,54,60,55,98,68,71,73
"ENSG00000139163",995,1228,1565,1660,1454,1263,611,858,1098,1917,1816,1805,1976
"ENSG00000139168",1198.00001,1362,1587,1296,1318,1684,1647,1606,1707,1470,1368,1279,1472
"ENSG00000139173",235,220,3,7,13,2,0,0,3,122,94,147,144
"ENSG00000139174",241.99999,157,338,389,265,510,233,377,341,140,189,159,145
"ENSG00000139178",146,95,103,82,77,121,106,101,109,65,122,95,80
"ENSG00000139180",748,887,1793,1462,1462,1396,1827,1156,1235,1555,1672,1648,1544
"ENSG00000139182",356,395,239,271,249,435,255,349,480,953,1227,758,960
"ENSG00000139187",72,129,180,182,145,168,154,120,111,229,199,194,182
"ENSG00000139190",58,75,466,365,327,366,292,388,373,297,416,251,247
"ENSG00000139192",27,40,25,21,22,13,12,19,16,10,11,15,8
"ENSG00000139197",208,298,1138,975,1007,1286,903,1275,1309,1883,1893,1525,1578
"ENSG00000139200",314,276,97,77,62,110,99,147,144,232,296,199,230
"ENSG00000139209",363.00001,412,791,771,615,588,354,326,462,29,69,25,59
"ENSG00000139211",136,84,109,63,74,52,35,28,27,24,36,24,26
"ENSG00000139218",1657.00001,1816.99999,2461,2513,2053,3299,1586,2714,2998,3805,3646,2796,3400
"ENSG00000139219",2100,2252.00001,383,342,356,1644,749,1285,1485,8686,10257,6599,7584
"ENSG00000139220",1664,1633.99998,7,10,14,36,13,23,46,175,255,176,131
"ENSG00000139233",418,384,1004,846,660,733,684,618,727,656,632,640,740
"ENSG00000139263",139,217,103,119,175,897,563,769,755,591,522,523,706
"ENSG00000139266",170,150,47,44,35,69,104,69,59,58,101,62,76
"ENSG00000139278",38,72,31,39,15,15,3,14,1,36,37,27,20
"ENSG00000139289",781,889,1366,1375,1638,245,157,233,197,175,224,245,219
"ENSG00000139291",300.99999,365,440,419,274,364,230,258,300,852,963,921,856
"ENSG00000139292",2791.00001,2782,7,2,12,194,22,109,97,1308,955,1151,1902
"ENSG00000139304",43,180,0,0,0,0,1,0,0,17,27,26,7
"ENSG00000139318",173,300,5688,5245,4335,5601,3181,4272,3941,705,379,496,811
"ENSG00000139323",239,299,599,589,452,918,790,690,686,646,602,710,657
"ENSG00000139324",615,668,1015,1075,941,920,416,585,788,686,509,479,626
"ENSG00000139329",64,315,0,5,0,1,0,1,0,70,84,92,84
"ENSG00000139343",2093,2623,4184,3517,3265,3005,3290,2927,2746,2623,2098,2158,2471
"ENSG00000139350",686,954.99999,865,1003,889,1927,986,1408,1547,1538,1369,1455,1514
"ENSG00000139352",683,723,0,0,0,1,2,2,0,378,393,366,413
"ENSG00000139354",705,766,270,269,187,494,231,454,485,472,522,467,565
"ENSG00000139364",79,26,1343,1151,952,278,231,224,257,149,226,151,124
"ENSG00000139372",638,740.99999,1863,1742,1367,1672,1352,1352,1583,1444,1242,1295,1252
"ENSG00000139405",214,196,1351,1108,1026,1069,964,991,1084,803,861,758,740
"ENSG00000139410",45,46,65,41,51,110,104,89,125,163,191,181,195
"ENSG00000139428",480,538.99999,961,818,711,1056,1514,1076,1024,1486,1579,1456,1378
"ENSG00000139433",588,485.00001,405,426,330,369,273,363,364,538,523,549,612
"ENSG00000139436",348.99999,368.00001,766,635,631,1325,796,1187,1153,953,1130,830,824
"ENSG00000139437",351.00001,394,203,200,164,436,251,397,423,485,448,273,403
"ENSG00000139438",1207,813,7,11,4,68,66,85,87,60,89,60,54
"ENSG00000139445",1525,2052,7,1,4,14,7,2,9,317,425,314,459
"ENSG00000139496",1370,1451.00001,1823,1727,1546,2555,1442,2039,2007,1947,1831,1826,1837
"ENSG00000139505",326,508,416,579,363,814,558,630,675,1114,1056,1146,1053
"ENSG00000139508",20,44,4,6,4,1,0,4,2,38,60,30,24
"ENSG00000139514",537,327,1419,1348,1252,736,397,750,715,758,674,637,1186
"ENSG00000139517",112,101,161,208,198,360,274,334,271,139,95,192,292
"ENSG00000139531",178,228,958,785,716,1130,732,984,1099,1634,1784,1408,1489
"ENSG00000139537",92,201,26,22,8,42,15,30,33,109,79,93,71
"ENSG00000139546",339,437.99999,2165,1700,1520,1751,2639,1572,1677,1613,1479,1379,1286
"ENSG00000139579",517,424,503,441,415,439,501,380,401,684,599,492,615
"ENSG00000139597",106,86,32,36,36,17,14,12,16,74,66,95,68
"ENSG00000139613",1927.00001,2072.99998,1134,925,958,1961,1113,2027,2058,3205,3792,2585,3197
"ENSG00000139618",1337,1367,890,870,831,1121,513,938,897,858,725,647,740
"ENSG00000139620",483,489,1351,1336,1184,1655,2021,1465,1621,2052,2051,2013,1731
"ENSG00000139624",821.00001,772,1704,1518,1360,1877,1746,1497,1651,2104,2068,1963,1850
"ENSG00000139625",333.00001,313,320,229,223,355,267,366,429,499,554,376,395
"ENSG00000139631",287,277,51,37,29,102,73,78,112,99,140,71,98
"ENSG00000139636",255.99999,323.99999,844,739,540,1146,924,1131,1196,736,995,751,714
"ENSG00000139637",260,375,1610,1449,1105,1252,1365,1151,1208,1218,1123,975,1148
"ENSG00000139641",416,510,7118,6419,5213,10799,6739,9809,11230,5996,5598,4800,5913
"ENSG00000139644",3373,3562,33341,30399,25914,31570,25247,24785,29896,33784,35691,29311,30744
"ENSG00000139645",511,380,886,757,808,1035,630,1134,1062,604,685,565,853
"ENSG00000139651",187,302,146,105,111,314,198,242,296,276,332,239,283
"ENSG00000139668",417,499,1738,1679,1336,1611,1023,1472,1598,1164,1181,914,1073
"ENSG00000139679",294,351,47,51,35,133,83,88,120,71,95,93,66
"ENSG00000139684",1583,1830,2332,2142,1886,3217,3000,2800,2597,4698,4226,4451,4372
"ENSG00000139687",1005,866,259,389,405,726,394,494,498,1496,1015,1543,1956
"ENSG00000139697",1117,1412,2869,2961,2676,4294,1997,3795,3911,3311,3650,2650,3256
"ENSG00000139714",28,37,34,30,28,41,43,41,54,99,112,69,82
"ENSG00000139718",494,373,152,94,99,107,95,135,113,141,132,109,123
"ENSG00000139719",468,351,2200,1990,1726,2382,1934,2070,2207,2274,2231,2041,2007
"ENSG00000139722",301,165,222,197,193,459,360,450,482,584,654,538,711
"ENSG00000139725",49,42,339,170,218,212,162,274,283,46,105,74,74
"ENSG00000139726",1382,1461.00001,3587,3477,2867,4119,3319,3371,3722,2778,2476,2742,2800
"ENSG00000139734",1794,2160,834,866,642,881,459,724,706,569,565,420,541
"ENSG00000139737",1859,863,124,105,97,142,158,117,79,174,142,172,183
"ENSG00000139746",1971.00002,2522.00001,578,465,454,645,406,605,520,380,397,388,420
"ENSG00000139767",536,1028,35,23,17,42,17,40,21,195,293,176,159
"ENSG00000139793",1030.00001,2664.99999,29,18,22,229,102,178,167,742,767,641,593
"ENSG00000139800",472,887,1096,1229,962,1938,1048,1814,1926,824,502,568,724
"ENSG00000139826",192,267,369,326,268,497,349,335,389,463,394,512,492
"ENSG00000139832",16,13,707,647,599,315,394,251,278,82,103,78,107
"ENSG00000139835",190,168,1192,1041,833,546,438,514,526,321,266,244,342
"ENSG00000139842",1071,1311.99999,818,835,1018,1097,953,1285,889,483,435,448,803
"ENSG00000139880",188.99999,166,40,37,40,66,95,88,52,62,57,34,72
"ENSG00000139890",153,154,54,38,34,159,149,139,127,347,498,352,399
"ENSG00000139908",40,34,26,16,17,19,5,11,13,27,30,19,12
"ENSG00000139910",962.99999,854.99999,97,99,90,382,188,253,244,725,781,774,660
"ENSG00000139915",180,183,0,6,1,18,5,7,6,27,19,23,14
"ENSG00000139921",1070,1302,3043,3203,2544,2811,2004,2000,2452,2583,2113,2350,2701
"ENSG00000139926",167,271,462,546,407,769,363,567,710,518,536,545,458
"ENSG00000139946",1154,2338.99999,261,251,210,348,196,352,341,219,257,243,232
"ENSG00000139970",766,1127,96,105,117,655,556,560,564,1774,1952,1568,1641
"ENSG00000139971",375,508,283,323,381,804,583,774,643,1176,1006,1056,1532
"ENSG00000139973",49,119,38,34,39,8,9,13,22,43,41,48,38
"ENSG00000139974",397,494.99999,217,190,143,199,171,143,156,210,188,201,180
"ENSG00000139977",366,393,353,412,440,727,394,636,509,389,369,415,555
"ENSG00000139990",850.99999,916,804,745,687,1815,1032,1673,1717,3151,3124,2537,3039
"ENSG00000139998",322,270.00001,452,309,293,238,256,241,175,187,193,134,160
"ENSG00000140006",290,371,720,626,654,954,679,628,784,577,521,570,564
"ENSG00000140009",45,79,8,21,23,22,6,13,17,22,20,25,27
"ENSG00000140022",2636,1714,765,918,754,1110,383,964,864,1055,1289,882,838
"ENSG00000140025",246.00001,426,298,314,251,410,417,355,355,294,310,366,351
"ENSG00000140043",179,261,1035,916,765,851,551,739,686,561,560,541,567
"ENSG00000140044",130,209,47,20,30,19,13,10,17,10,17,15,23
"ENSG00000140057",65,94,96,110,87,240,161,139,147,311,195,238,254
"ENSG00000140092",48,55.99999,19,44,43,0,1,0,0,49,38,31,43
"ENSG00000140104",155,131.99999,126,55,103,239,233,312,240,410,380,373,461
"ENSG00000140105",771,681,5443,5046,4144,4036,2836,3834,3952,3804,3776,3135,3968
"ENSG00000140153",533.99999,621,519,588,437,789,497,698,702,742,682,618,641
"ENSG00000140157",751.00001,590.00001,1912,1996,1714,1498,974,1189,1330,1142,1086,1246,1287
"ENSG00000140199",457,652,207,242,198,376,131,285,284,257,289,278,295
"ENSG00000140259",898,933,1173,1242,1163,2004,1482,1958,1991,1826,1752,1549,1711
"ENSG00000140262",9087,10980.99999,2194,2296,1816,5388,2981,4248,4490,6881,6623,6251,6117
"ENSG00000140263",503,406,2084,1952,1853,1643,1211,1420,1538,1541,1465,1251,1455
"ENSG00000140264",5769.00001,5803.99999,10348,7781,8202,10724,13836,11153,10313,10616,10928,9614,9635
"ENSG00000140265",193,282,817,809,548,1010,567,910,820,915,942,673,772
"ENSG00000140284",17,26,71,117,111,71,51,49,35,43,25,33,95
"ENSG00000140299",656.99999,698,1270,1313,1100,1742,982,1244,1440,1015,909,940,939
"ENSG00000140307",1122.99999,1516,2220,2026,1562,1989,2005,1573,1811,2063,1777,2042,2177
"ENSG00000140319",7310.99999,8538,11465,9792,8942,14951,17377,13548,13222,16994,15836,16270,16248
"ENSG00000140320",435,419,318,320,265,199,168,259,264,251,303,176,219
"ENSG00000140323",42,41,57,30,49,24,7,30,14,57,83,59,55
"ENSG00000140326",291,296,148,74,86,94,67,94,79,119,174,113,141
"ENSG00000140332",1147.99999,727.99999,394,325,316,810,461,779,678,724,786,507,745
"ENSG00000140350",2877,3155.00001,1158,1209,1133,2351,1519,1958,2320,1850,1728,1256,1923
"ENSG00000140365",854.99999,860.00002,1937,1386,1265,1389,1589,1591,1588,1523,1492,1373,1494
"ENSG00000140367",766,722,159,136,95,116,178,90,108,155,75,148,131
"ENSG00000140368",39.00001,44.99999,34,38,26,89,155,99,103,113,115,141,156
"ENSG00000140374",1563,1546,1816,1678,1452,1960,2385,1751,1791,2628,2370,2498,2499
"ENSG00000140382",745.00001,1001,2454,2622,2040,3292,1829,2751,3009,3102,3094,2660,2696
"ENSG00000140386",1140.99999,1389.99999,352,381,356,721,348,543,654,895,927,747,739
"ENSG00000140391",2904,3307,2975,3051,3107,7749,8202,6505,6334,10748,9809,11257,12866
"ENSG00000140395",1021.99999,1117,2074,1759,1724,2203,2729,1729,1767,1922,1918,2182,1985
"ENSG00000140396",919.00001,1045,502,588,502,1018,381,854,812,1217,1243,1058,1086
"ENSG00000140398",141.99999,150,195,133,113,90,85,109,119,65,98,62,69
"ENSG00000140400",273,282,1369,1230,1042,1546,853,1474,1853,1899,2184,1553,1769
"ENSG00000140406",224,277,46,46,55,55,47,58,42,48,61,49,82
"ENSG00000140416",2486.99999,1345.99999,13147,12107,10765,2985,2779,2471,2358,2128,2422,2379,2192
"ENSG00000140443",2706,2876.00001,2128,2018,1724,2384,1257,2179,2240,2242,2637,1583,1928
"ENSG00000140450",172,98,55,37,35,58,49,47,40,33,51,49,76
"ENSG00000140451",223.99999,336,830,545,566,381,380,389,456,167,247,214,231
"ENSG00000140455",1194,1496,974,891,751,1671,957,1230,1381,2864,2706,2418,2834
"ENSG00000140459",42,32,98,87,103,100,46,31,60,47,28,56,40
"ENSG00000140463",917,1188,1413,1372,1053,1509,1753,1206,1298,2368,2091,2164,2227
"ENSG00000140464",488,310.99998,634,615,536,690,417,715,634,558,643,453,682
"ENSG00000140470",305,436,44,23,24,51,12,26,16,14,12,11,7
"ENSG00000140471",268.00001,289,199,150,151,300,232,294,296,386,385,411,337
"ENSG00000140474",302.00001,331,736,619,652,779,570,845,756,1055,1058,1014,1297
"ENSG00000140479",209,199,61,69,35,71,77,69,97,79,107,147,109
"ENSG00000140481",274,217,82,54,51,87,81,76,94,58,78,48,65
"ENSG00000140488",18,19,0,0,2,4,0,5,0,24,29,0,60
"ENSG00000140497",329,349,1484,1220,1001,1295,814,1141,1474,781,902,584,810
"ENSG00000140521",328.99999,255,1346,1368,1204,1442,884,1541,1511,1193,1223,1101,1407
"ENSG00000140522",41,28,4,1,1,21,35,23,27,11,13,9,17
"ENSG00000140525",1471.99998,1671,3539,3475,2879,5352,2779,4981,5041,4883,4333,3519,4422
"ENSG00000140526",407,444,758,865,640,568,258,581,646,1439,1502,1266,1064
"ENSG00000140527",24.99999,34,0,1,1,13,4,14,15,40,31,30,23
"ENSG00000140534",385,490,1369,1360,1098,1583,722,1611,1748,1308,1250,1002,1215
"ENSG00000140538",69,36,41,59,40,264,113,154,209,242,310,242,202
"ENSG00000140543",366.00001,360.00001,289,209,202,412,295,360,422,648,637,520,605
"ENSG00000140545",648,595,5736,5713,5417,1695,1252,1506,1652,588,857,577,740
"ENSG00000140548",278,227,169,85,68,274,203,280,321,409,467,328,516
"ENSG00000140553",369,394.99999,3245,2615,2369,3072,2376,3128,3488,2449,2590,1991,2265
"ENSG00000140557",315,439,9,24,17,99,88,102,78,489,512,359,482
"ENSG00000140564",312.99999,203.99999,477,317,290,239,156,239,238,190,205,203,206
"ENSG00000140575",611,658,4366,4806,3870,3508,1358,2701,2984,2194,2180,1918,1996
"ENSG00000140577",539.99999,482,56,36,68,105,75,105,87,312,317,293,452
"ENSG00000140598",725,583,1512,1376,1180,1375,766,1304,1293,1996,1773,1462,1738
"ENSG00000140600",61,99,85,53,79,34,63,36,17,31,27,32,50
"ENSG00000140612",2133,2506.99999,3386,3035,2868,3023,3645,2553,2608,2039,1723,1811,2086
"ENSG00000140632",929.99999,999.00001,2145,2016,1751,2375,1272,2144,2320,2013,2239,1550,1988
"ENSG00000140650",436.99998,229.00001,690,593,546,446,321,389,369,237,241,172,184
"ENSG00000140682",112,73,226,144,142,18,16,20,21,79,87,81,52
"ENSG00000140688",400,432.99999,928,797,710,855,767,861,964,1241,1531,1103,1279
"ENSG00000140691",232.99999,141.99999,83,73,113,211,151,268,185,188,170,202,287
"ENSG00000140694",1059,841.99999,2194,1996,1789,2148,1199,1886,2045,1712,1602,1322,1446
"ENSG00000140718",1617.00001,1828,1565,1585,1391,3056,1468,2432,2632,2984,3305,2434,2778
"ENSG00000140740",1173.00001,1394,4755,4310,3948,4814,6038,3947,4116,4689,4539,4915,4007
"ENSG00000140743",137,164,193,162,128,99,128,108,129,120,112,100,111
"ENSG00000140750",743.99998,752,889,888,737,1223,690,1279,1250,1022,1109,880,1284
"ENSG00000140807",207,194,38,50,43,70,78,108,79,143,174,109,182
"ENSG00000140829",351.99999,314,1298,1172,1079,1121,675,1143,1215,1556,1633,1249,1444
"ENSG00000140830",211,203,183,169,134,196,263,184,174,334,366,338,323
"ENSG00000140836",1768,1548.99999,75,52,59,194,70,120,134,1285,1231,998,1106
"ENSG00000140839",61,47,12,5,6,91,88,105,120,462,825,612,588
"ENSG00000140848",333,250,147,97,72,206,212,193,156,186,229,155,229
"ENSG00000140853",13,13,31,34,31,11,14,14,15,5,10,6,6
"ENSG00000140854",356,294,1794,1491,1340,1396,1232,1646,1618,1701,1845,1446,1581
"ENSG00000140859",131.99999,192,72,61,76,8,32,16,17,22,36,28,49
"ENSG00000140873",3271,2107,10,2,2,4,8,0,1,109,155,120,196
"ENSG00000140876",54,85.00001,228,220,158,167,160,185,193,186,154,166,162
"ENSG00000140905",170,165,2237,2241,2318,2500,2726,2276,2187,1248,971,1325,1707
"ENSG00000140931",577,631.99999,124,107,102,295,446,385,276,248,195,202,422
"ENSG00000140937",2924,3345.99999,104,163,116,1762,1181,1522,1477,1153,1719,1351,955
"ENSG00000140939",115,68,147,124,112,245,295,236,257,99,119,73,54
"ENSG00000140941",929.99999,900,2388,2589,2408,4018,3570,3390,3323,3444,3090,3799,4306
"ENSG00000140943",621.99999,704,2478,2555,2066,3305,1447,2843,3169,3343,3511,2715,2928
"ENSG00000140945",19,61,109,113,81,15,13,24,20,13,38,21,20
"ENSG00000140948",896,1003,308,224,211,233,162,282,267,402,366,242,324
"ENSG00000140950",371,450.00001,741,767,653,1226,799,1126,1158,1511,1518,1272,1284
"ENSG00000140961",53,40,38,35,20,8,16,5,16,20,16,16,8
"ENSG00000140983",476.00001,501.00001,4714,3606,3462,2641,2115,2871,3325,2988,3288,2299,2918
"ENSG00000140987",220,170,816,651,521,696,584,726,704,552,456,399,385
"ENSG00000140988",10624.99999,8966.00001,42094,37161,37170,51475,63801,52770,49676,36171,30647,33920,40719
"ENSG00000140990",1416,1435.00001,4311,3758,3343,2716,3117,2734,2767,2882,2705,2412,2522
"ENSG00000140992",339,328,695,725,651,720,409,800,708,1125,1139,882,1008
"ENSG00000140993",79,116.00001,176,181,139,167,112,151,134,185,255,220,224
"ENSG00000140995",458,459.99999,1920,1454,1482,2007,1899,2055,2121,1582,1867,1597,1579
"ENSG00000141002",1677,1563.00001,1637,1405,1346,2238,2106,2127,2467,3089,3358,2593,2663
"ENSG00000141012",200.00001,284,291,278,271,688,599,658,705,688,619,649,831
"ENSG00000141026",231,319,835,673,620,897,809,858,1009,1227,1158,1048,1037
"ENSG00000141027",4021.00001,4921.00001,2696,2850,2348,3256,1844,3312,3078,3763,3704,3201,3898
"ENSG00000141030",1107.99999,973,3406,2946,2522,3102,4500,2660,2699,3349,3026,3526,3330
"ENSG00000141034",183,146,193,160,136,184,170,208,164,161,176,154,205
"ENSG00000141040",164,204,234,212,182,404,292,363,379,575,561,537,524
"ENSG00000141068",398.99999,384.99999,262,161,165,205,137,176,181,252,269,188,212
"ENSG00000141076",530,694.99999,3976,3498,3117,2968,2723,2726,2738,2757,2586,2498,2829
"ENSG00000141084",481.99999,534,591,496,415,780,452,797,714,692,795,602,672
"ENSG00000141098",439,443,1165,1029,863,1405,1159,1400,1346,1788,1683,1383,1571
"ENSG00000141101",421,391,1595,1392,1244,1423,1356,1525,1484,1113,977,830,838
"ENSG00000141127",930,1146.00001,1073,935,897,1488,1107,1295,1183,1468,1494,1437,1322
"ENSG00000141179",163.99999,155,365,303,290,808,843,628,657,362,370,356,371
"ENSG00000141198",968.99999,781.99999,1297,1142,1077,1011,1020,929,909,594,493,522,566
"ENSG00000141219",480,492.99999,1046,974,799,1357,1006,1239,1365,1457,1239,1063,1306
"ENSG00000141232",330,358,424,436,369,436,317,397,424,454,475,426,495
"ENSG00000141252",1220.00001,1385.99998,804,795,717,971,638,970,1039,1406,1556,1011,1242
"ENSG00000141258",569.99999,531,309,139,220,190,208,281,262,414,704,439,517
"ENSG00000141279",2546.99999,2711.00001,4586,4230,3963,6235,3739,5424,5963,5523,5469,4625,5144
"ENSG00000141294",23,41,6,9,1,23,11,15,16,54,68,37,48
"ENSG00000141295",241,323.99999,1519,1098,1095,1438,1407,1374,1605,1283,1301,1218,1057
"ENSG00000141298",732,863.00001,275,224,225,366,252,334,312,730,849,558,564
"ENSG00000141314",1306,1455,134,73,52,79,77,114,102,158,222,129,144
"ENSG00000141337",267,572,180,191,138,431,269,392,349,186,242,199,200
"ENSG00000141349",857.99998,936,6949,5317,4650,3816,2955,3576,4229,3487,3708,2904,3428
"ENSG00000141367",1993,2570,12759,14824,11134,15547,6176,12226,13390,11948,12244,9774,10251
"ENSG00000141376",2273.99999,2596,696,630,461,1030,720,972,1103,1037,1026,882,766
"ENSG00000141378",307,243,793,706,598,556,565,403,473,307,266,260,222
"ENSG00000141380",1250.99999,2580.99997,4180,4306,3266,3870,1818,3438,3571,4125,4106,3602,3725
"ENSG00000141384",42,32,256,304,368,271,127,252,198,46,17,69,100
"ENSG00000141385",1075.00001,965.99999,621,440,406,299,292,304,269,338,291,292,400
"ENSG00000141391",154,132,32,31,22,42,14,32,37,30,35,40,38
"ENSG00000141401",365.00001,340.99999,1218,1204,1353,1558,1865,1776,1380,780,516,742,1113
"ENSG00000141404",326,200,500,458,354,166,85,115,216,169,205,142,208
"ENSG00000141424",931,1379,1775,1765,1558,2657,1627,2182,2541,5630,4991,4401,4973
"ENSG00000141425",1272.99999,1323.99999,2329,2563,1933,2820,1750,2048,2361,2611,2146,2311,2404
"ENSG00000141428",268,328.99999,297,320,275,288,346,261,247,265,281,258,268
"ENSG00000141429",1323,1406,675,546,476,504,459,407,407,591,585,482,661
"ENSG00000141431",374,986,20,11,9,73,35,74,56,165,178,101,127
"ENSG00000141433",33,108,0,0,0,7,0,1,1,50,42,56,60
"ENSG00000141441",122,156,71,70,52,141,128,138,102,157,105,105,87
"ENSG00000141446",480,552,910,970,734,828,470,592,668,520,477,547,578
"ENSG00000141447",875,1227,2003,1966,1719,1974,1112,1848,1756,1918,1867,1726,1974
"ENSG00000141449",1041,1853,38,49,23,5881,2803,5472,5211,772,901,725,731
"ENSG00000141452",338,290,268,300,268,279,267,326,259,295,285,278,423
"ENSG00000141456",533.00001,589,1407,1290,1015,890,586,1036,1075,840,804,576,705
"ENSG00000141458",355,283,1275,1334,1158,1258,594,1014,1203,1841,1971,1552,1552
"ENSG00000141480",364,329.99999,202,163,192,271,226,265,269,220,247,143,270
"ENSG00000141499",255,238.99999,1218,1033,901,1348,1141,1431,1370,1592,1603,1199,1428
"ENSG00000141503",332,304,624,523,477,576,352,622,703,263,353,217,289
"ENSG00000141504",944,951,642,511,539,415,573,438,374,1203,1447,1244,1244
"ENSG00000141505",133,136,87,74,78,87,141,76,86,141,224,135,145
"ENSG00000141510",642.00001,717.99998,1684,1509,1409,1120,810,1130,1119,1195,1140,983,1353
"ENSG00000141519",347.00001,551.00001,139,153,139,300,190,281,336,482,484,403,395
"ENSG00000141522",1231.99999,947,919,751,760,608,431,696,732,865,997,642,890
"ENSG00000141524",78,62,2009,1565,1376,807,547,721,767,77,88,65,60
"ENSG00000141526",332,206.00001,726,685,624,2346,1637,2174,2625,759,998,602,696
"ENSG00000141527",83.00001,78,10,17,4,49,14,17,32,10,23,13,10
"ENSG00000141540",168,218,71,51,57,197,103,173,148,108,257,158,184
"ENSG00000141542",155,235.99999,16,24,28,63,81,98,46,114,137,151,192
"ENSG00000141543",915,1083,6792,6087,5613,6897,7492,6203,6188,7515,6880,6584,6899
"ENSG00000141551",813.99999,792,2723,2482,2192,4045,2827,3964,4043,3934,4488,3186,3998
"ENSG00000141552",3116.00001,2895.99999,4075,3242,3479,3995,7031,3778,3607,3962,4027,3748,4074
"ENSG00000141556",1381,1446,1553,1831,1995,2838,1981,3238,2706,2406,1951,2323,3551
"ENSG00000141560",398,381,822,650,558,1190,1171,1135,1257,1309,1416,1210,1260
"ENSG00000141562",1119.99999,1237.99999,4411,3650,3330,4797,5050,4592,4609,4004,4534,3601,3484
"ENSG00000141564",715,783,310,292,272,309,148,328,344,451,399,302,347
"ENSG00000141568",994,969,527,380,363,408,402,413,389,551,589,482,556
"ENSG00000141569",114.00001,111,264,137,165,139,147,110,114,84,98,71,73
"ENSG00000141570",138,193,29,12,14,166,130,129,88,401,502,360,394
"ENSG00000141576",696.99999,609,144,127,115,262,258,337,297,664,664,539,542
"ENSG00000141577",341.00001,362.99999,296,258,362,599,363,689,702,1102,1137,989,1512
"ENSG00000141580",549,653.99999,4542,4199,3443,6481,5095,5528,6201,2734,2842,2247,2314
"ENSG00000141582",174,178,4,1,2,9,7,12,10,31,21,35,30
"ENSG00000141622",1320,1408.00001,162,108,111,437,296,439,361,1481,1880,1194,1442
"ENSG00000141627",658,711,1260,1117,937,1657,1236,1486,1493,1803,1699,1613,2003
"ENSG00000141639",123,134,19,10,7,31,48,37,48,69,86,64,68
"ENSG00000141642",209.00001,243.00001,194,172,185,353,496,334,291,540,456,462,502
"ENSG00000141644",479.99999,449.00003,931,732,635,1231,881,1351,1325,1415,1766,1340,1419
"ENSG00000141646",1099,1444,829,818,650,947,713,832,818,1028,1051,933,1027
"ENSG00000141664",420,378,86,78,77,56,44,80,73,50,48,63,55
"ENSG00000141665",45,29,41,20,34,109,88,99,96,147,126,147,124
"ENSG00000141682",192,202,4043,3891,3183,338,338,232,255,650,493,575,732
"ENSG00000141696",774,593.00001,186,121,201,243,369,260,271,216,284,217,453
"ENSG00000141698",599,637.99999,1034,1023,1131,2034,2522,2032,1832,2103,1897,2492,2859
"ENSG00000141699",594.99999,655,1953,1967,1556,2345,1616,1786,2167,2579,2646,2250,2176
"ENSG00000141736",512.99999,490,3836,3947,4467,4982,3149,5895,5101,1216,1305,1174,1546
"ENSG00000141741",630,573.00001,1515,1275,1154,1006,1706,1023,1013,1645,1633,1697,1601
"ENSG00000141744",17,28,15,22,25,47,51,49,18,3,5,2,2
"ENSG00000141750",23,15,18,15,14,40,22,32,32,13,24,10,29
"ENSG00000141753",339,305,719,498,443,174,267,146,187,155,137,117,82
"ENSG00000141756",670,585.99999,1267,1264,1131,1824,1353,1373,1754,1802,1960,1536,1892
"ENSG00000141759",1460.99999,1320.00001,788,774,1020,1142,1435,1226,909,949,811,920,1593
"ENSG00000141837",1056,1654.99997,260,150,184,182,138,156,182,49,101,73,62
"ENSG00000141858",766,729,143,87,113,88,92,105,105,126,117,75,96
"ENSG00000141867",2956,2310.99999,954,843,713,920,584,926,878,844,915,682,829
"ENSG00000141873",294,219,747,649,709,640,669,709,687,792,663,655,1004
"ENSG00000141905",467.00001,536.99999,49,24,27,107,50,93,113,65,97,42,42
"ENSG00000141933",496,468,88,75,53,55,55,80,117,98,141,93,103
"ENSG00000141956",200,171,439,410,400,404,215,424,406,387,413,334,353
"ENSG00000141959",1076.99999,775,4636,4093,3856,6442,4645,6844,6909,5691,5260,4413,6102
"ENSG00000141965",257,220,242,215,191,217,186,262,229,258,250,283,296
"ENSG00000141971",537,417,758,722,621,1024,1039,1003,1094,1022,1135,891,974
"ENSG00000141985",839,768,334,278,285,299,323,352,303,277,262,225,362
"ENSG00000141994",165,134,853,807,720,627,569,603,704,847,849,720,867
"ENSG00000142002",667,339.00001,925,726,772,709,370,715,740,1098,955,836,976
"ENSG00000142039",351,303,761,655,558,841,569,835,846,1024,1147,833,993
"ENSG00000142046",188.99999,187,75,48,53,76,103,95,99,61,111,80,70
"ENSG00000142065",205,274,280,317,232,551,211,321,438,438,396,441,421
"ENSG00000142082",292.00001,290.99999,597,485,448,563,522,472,650,913,858,750,765
"ENSG00000142089",4942.99999,4880.00001,22515,18316,16483,6741,5902,6271,6279,4479,5332,4017,4128
"ENSG00000142102",262,175.00001,913,650,739,406,245,447,572,120,156,102,137
"ENSG00000142149",309,337,153,88,63,187,175,210,179,300,286,185,340
"ENSG00000142156",1170,838,3588,3131,3024,827,454,789,800,2555,3103,2474,2811
"ENSG00000142166",437.99999,471.99998,918,816,717,932,552,722,736,1015,1139,998,946
"ENSG00000142168",3737.99999,4595,6702,6049,5387,4182,4522,3941,4003,6668,6609,5883,6381
"ENSG00000142173",491,364,2128,2201,1960,1014,551,972,1013,354,532,323,360
"ENSG00000142186",513,473,1488,1403,1279,1430,1152,1485,1526,1773,1934,1445,1676
"ENSG00000142188",545.99999,670,381,333,283,487,589,469,434,799,807,868,781
"ENSG00000142192",3629,3130.99999,3994,4895,4073,4314,2185,2961,4027,5463,5170,4583,5422
"ENSG00000142197",339,350,230,285,204,213,84,236,229,507,603,380,470
"ENSG00000142207",232,219,1422,1400,1133,689,273,721,866,662,714,502,516
"ENSG00000142208",960.00001,1098.99999,503,278,258,284,288,269,247,408,512,310,441
"ENSG00000142227",569.00001,622.99999,628,492,482,439,504,404,503,856,815,691,823
"ENSG00000142230",2106.99999,2169,7435,6706,6380,9449,7548,9452,9599,11058,9979,8298,9855
"ENSG00000142252",219,235.00001,1649,1456,1315,1372,1995,1403,1330,904,937,901,1025
"ENSG00000142279",207,192,67,40,46,53,28,37,42,40,56,38,44
"ENSG00000142303",340.99999,360.00001,38,27,34,42,54,67,58,52,79,54,131
"ENSG00000142327",251,175,90,43,61,64,48,54,51,97,75,69,76
"ENSG00000142330",217.99999,236.99999,241,148,191,246,300,307,217,143,124,151,397
"ENSG00000142347",256,127,55,57,47,41,46,38,26,19,23,12,21
"ENSG00000142396",481,544,778,627,614,955,1621,820,725,1367,1456,1595,1384
"ENSG00000142408",117,125,117,66,63,199,123,184,126,71,118,49,77
"ENSG00000142409",302,278,50,28,28,36,35,31,30,43,40,25,32
"ENSG00000142444",245,180,99,115,246,349,444,395,235,145,65,147,411
"ENSG00000142449",401,497,1016,669,685,1089,545,1272,1366,884,841,499,999
"ENSG00000142453",848.99999,894.99999,368,299,287,325,281,325,301,271,266,179,256
"ENSG00000142459",293,305,125,127,99,72,72,67,89,102,97,88,130
"ENSG00000142494",55,37,67,97,65,70,40,54,60,212,149,134,181
"ENSG00000142507",1734,1833,10880,9095,8021,8388,10191,7861,7803,6970,6848,6128,6586
"ENSG00000142528",301,369,486,495,362,952,587,943,1008,884,901,711,836
"ENSG00000142530",68.99999,32,107,86,88,120,114,76,111,38,36,39,35
"ENSG00000142534",22006,25266,17835,15329,15555,21693,23850,21949,19957,24128,24969,22531,23154
"ENSG00000142541",5590,6852.00001,30405,24335,24652,33497,54504,32840,31300,26296,27702,28231,24240
"ENSG00000142546",623,648.99999,2560,1990,1931,2328,3664,2219,2340,2247,2682,2371,2109
"ENSG00000142549",221,356,211,164,127,248,181,266,212,187,250,130,181
"ENSG00000142552",30,19,352,309,305,205,177,190,234,147,172,120,111
"ENSG00000142556",179,240,604,729,592,877,546,729,671,804,786,844,874
"ENSG00000142599",5450.00001,4018.00002,797,664,579,822,491,870,678,858,803,598,774
"ENSG00000142609",121,99,13,15,14,17,11,18,17,48,51,24,37
"ENSG00000142611",194,81,16,16,5,45,24,51,31,771,751,571,798
"ENSG00000142621",220,230,60,52,43,61,41,50,75,97,75,54,73
"ENSG00000142627",432,343,482,502,553,692,469,694,616,1068,981,1149,1756
"ENSG00000142632",102,65,449,351,461,689,597,739,547,264,256,258,373
"ENSG00000142634",1341,1137,53,44,39,57,63,55,64,121,122,114,149
"ENSG00000142655",319,282,151,120,105,155,187,189,185,225,274,169,188
"ENSG00000142657",2006,2179,11932,10169,9082,12529,11791,11660,11953,13548,13085,11991,12381
"ENSG00000142669",3279,3048,6067,4801,4323,11397,9721,11072,11431,4176,5582,3839,3639
"ENSG00000142675",18,24,408,252,258,367,196,320,417,36,54,29,22
"ENSG00000142676",20690,23958,12018,9597,9652,9845,13069,10306,9876,7226,7713,7088,6926
"ENSG00000142684",330,297,633,495,505,524,1106,455,454,562,611,634,514
"ENSG00000142686",85,117,279,352,208,487,404,458,464,126,193,195,194
"ENSG00000142687",2751,1633.00002,3030,2812,2346,2109,1311,2112,2256,2279,2566,1909,2056
"ENSG00000142694",247,305,25,19,20,6,23,14,9,4,11,6,21
"ENSG00000142700",55,20,0,0,0,0,0,1,1,111,86,76,108
"ENSG00000142731",461,760,1091,1013,896,1360,596,926,1136,1384,1164,1198,1303
"ENSG00000142733",52,41,104,83,65,76,81,75,82,33,36,11,29
"ENSG00000142751",232,211,521,524,490,607,480,608,545,587,499,456,538
"ENSG00000142765",61.00001,75.00001,282,187,245,173,269,217,196,105,87,94,79
"ENSG00000142784",520,450,188,159,131,322,267,393,354,359,349,239,367
"ENSG00000142794",189.00001,130,414,534,405,340,209,354,331,440,364,365,381
"ENSG00000142798",441.00001,209,1653,1162,1099,859,540,1000,899,462,425,349,403
"ENSG00000142856",808.99999,1333.00001,698,619,541,861,1356,840,802,855,722,948,1006
"ENSG00000142864",5206,5119.00001,12841,12005,10080,9365,6210,9112,9201,8006,6691,6059,7532
"ENSG00000142867",252,278,462,491,449,557,301,380,432,391,416,345,383
"ENSG00000142871",209,92,396,449,619,132,111,130,81,261,203,248,599
"ENSG00000142875",1057.00001,964.99999,560,708,537,1022,637,904,882,1319,1095,1285,1238
"ENSG00000142892",325,352,695,636,515,638,395,500,574,726,619,670,711
"ENSG00000142920",185.99999,260,51,26,27,63,86,104,100,493,535,412,412
"ENSG00000142937",31772,36241.00001,17170,14215,13881,14808,21877,14910,13924,12302,12295,12773,13220
"ENSG00000142945",664,665,3210,2847,2535,3803,2600,3383,3885,3987,3724,3224,3749
"ENSG00000142949",2508,2146,5097,4265,4122,6941,4007,6681,6409,5249,5152,4190,6330
"ENSG00000142959",12,18,19,32,34,57,59,48,39,13,3,11,17
"ENSG00000142961",53,61,152,123,94,123,117,158,112,84,87,86,102
"ENSG00000143013",1052,1161,341,329,259,532,458,392,476,619,724,600,679
"ENSG00000143033",1844,2066,3185,2872,2369,3905,2904,3560,3786,2189,2077,2127,2218
"ENSG00000143036",193,237,55,55,29,40,13,16,15,87,113,75,147
"ENSG00000143061",246,259,1104,1043,982,1908,874,1716,1924,1651,1627,1072,1322
"ENSG00000143067",118,156,115,60,77,49,44,70,69,133,92,127,110
"ENSG00000143079",647,809,901,924,810,1811,773,1592,1704,1375,1510,1118,1397
"ENSG00000143093",289,311,857,794,816,1538,1060,1451,1521,1503,1479,1415,1467
"ENSG00000143106",1107,1168,4269,3611,3274,2577,3779,2256,2157,2138,2149,2420,2175
"ENSG00000143126",538,475,808,749,596,1393,1064,1696,1562,4237,5050,3666,3790
"ENSG00000143147",451,1072,281,279,274,890,711,893,739,1576,1571,1141,1648
"ENSG00000143149",486,584,2987,2990,2432,3864,3218,3224,3341,2661,2359,2294,2323
"ENSG00000143153",1240,1346.99998,358,375,345,449,375,329,409,630,749,722,805
"ENSG00000143155",626,642,693,623,541,856,897,671,678,1011,948,1123,1104
"ENSG00000143156",426.99999,1225.99999,848,708,622,1508,1287,1202,1152,1621,1505,1472,1530
"ENSG00000143157",514.00001,617.00001,1141,1086,1001,1917,1001,1742,1779,2141,2019,1631,1786
"ENSG00000143158",578,780,649,582,545,804,1197,654,720,1165,964,1231,1140
"ENSG00000143162",351,338,69,80,70,153,211,120,100,93,34,62,130
"ENSG00000143164",984.00001,1070,338,279,239,313,234,274,330,360,311,309,367
"ENSG00000143167",36,27,12,16,14,44,23,39,25,24,23,32,7
"ENSG00000143171",48,27,2,0,1,105,68,91,75,32,54,26,32
"ENSG00000143178",13,18,27,36,16,99,54,58,62,63,58,39,50
"ENSG00000143179",343,386,1753,1741,1813,2162,1721,2047,1969,1825,1541,1810,2557
"ENSG00000143183",1079.99999,1311.00001,1328,1305,1107,1542,1781,1136,1329,2043,1978,2025,1976
"ENSG00000143190",2448.99999,1879,1397,1074,939,1787,950,1565,1581,1263,1372,1071,1178
"ENSG00000143195",1638,1687.00001,9,6,1,110,138,119,143,779,761,651,742
"ENSG00000143198",1235.99999,1492,3069,2484,2227,4223,4231,3674,3504,2169,2211,2004,1962
"ENSG00000143207",2317,2239,329,261,231,334,555,313,218,453,506,534,534
"ENSG00000143222",980,1339.99999,1566,1339,1114,2230,2917,2120,2193,2060,2007,2079,1993
"ENSG00000143224",259,260,1292,1006,873,986,941,828,956,1168,1040,1011,928
"ENSG00000143228",841,1384.99999,728,767,590,1116,1279,922,866,1270,1116,1147,1239
"ENSG00000143248",197,321,854,841,689,78,42,57,33,244,305,277,224
"ENSG00000143252",649.99999,929.00001,4231,3504,3164,3691,4040,3249,3357,4392,4272,4643,4464
"ENSG00000143256",816,822,1061,867,743,813,883,773,795,1059,1094,800,985
"ENSG00000143258",281,267.00001,588,534,516,795,517,740,846,1078,1152,838,1082
"ENSG00000143294",784,827,1304,1114,1032,1384,1110,1450,1502,1682,1742,1310,1602
"ENSG00000143303",164.99999,169,340,268,275,478,370,358,408,440,511,370,356
"ENSG00000143314",447,406.00001,806,607,603,508,603,526,503,807,677,637,684
"ENSG00000143315",450,557,659,621,578,880,676,719,742,1540,1884,1397,1545
"ENSG00000143319",564,481,1610,1324,1134,1368,900,1339,1328,1028,1161,757,903
"ENSG00000143320",597,796,2114,1871,1729,7475,8831,6369,6482,24161,20922,21547,23872
"ENSG00000143321",2739.00001,2710.99999,1392,1035,1062,1237,1375,1232,1155,1373,1151,959,1220
"ENSG00000143322",475,788,435,341,345,582,366,526,547,447,439,405,471
"ENSG00000143324",1453,1984,1872,1983,1655,2665,1119,1840,2216,6202,6255,5059,5228
"ENSG00000143333",673,979,532,485,359,1003,832,881,753,762,958,567,687
"ENSG00000143337",294,323.00001,823,830,679,1007,771,768,905,941,955,926,899
"ENSG00000143340",35,30,7,2,6,5,6,18,8,32,38,18,27
"ENSG00000143341",48,152,321,341,274,614,322,428,449,232,172,181,156
"ENSG00000143344",274,426,155,147,119,264,204,310,270,345,421,431,424
"ENSG00000143353",775.99999,730.99999,523,467,405,445,409,318,305,606,495,560,494
"ENSG00000143355",485.99999,914,2,0,1,23,20,46,18,588,493,460,462
"ENSG00000143363",314.00001,280.99999,1441,1279,1089,1785,1481,1525,1516,1532,1359,1406,1299
"ENSG00000143367",169,108,636,523,463,780,463,607,780,958,1013,819,836
"ENSG00000143368",795,760,1972,1635,1531,1708,1200,1695,1798,1704,1708,1226,1618
"ENSG00000143369",35,24,11,15,15,16,20,13,28,50,88,26,49
"ENSG00000143373",345,277,348,291,292,344,230,424,377,290,310,253,266
"ENSG00000143374",290,221.99999,1991,1616,1388,1534,1145,1592,1652,1499,1430,1175,1433
"ENSG00000143375",372,282,1794,1735,1570,955,378,759,959,218,340,186,167
"ENSG00000143376",690,647,3251,3354,2626,2840,1504,2468,2823,3026,3231,2325,3434
"ENSG00000143379",760.00002,914.00001,733,796,699,1213,765,1172,1100,1520,1531,1173,1318
"ENSG00000143382",56.99999,38,84,58,52,11,1,3,7,28,40,19,43
"ENSG00000143384",1008.99999,808,2258,2504,2337,3002,1943,2822,2616,3107,2785,2821,3235
"ENSG00000143387",45.99999,66.99999,428,397,356,402,352,267,293,54,60,74,41
"ENSG00000143390",398,442.99998,1596,1540,1135,2110,1257,2013,2209,2008,2413,1852,1840
"ENSG00000143393",478.00001,378,1084,1131,908,1576,1199,1650,1485,2094,2054,1885,1812
"ENSG00000143398",1235.00001,1073,1621,1658,1453,2710,1522,2118,2643,2173,2113,1651,1961
"ENSG00000143401",2712,3626,3960,4499,3472,6254,3437,4773,5191,5730,4621,4269,6090
"ENSG00000143409",166.99999,127,201,189,188,272,177,223,243,643,566,504,504
"ENSG00000143412",17,32,83,56,51,76,61,64,75,21,23,8,18
"ENSG00000143416",218,233.99998,764,627,563,1602,1283,1521,1710,1469,1288,1225,1140
"ENSG00000143418",648,697,1325,1081,1124,1040,938,938,1021,1063,1116,1056,1191
"ENSG00000143420",2319.00001,2582,2796,2426,2120,2274,2189,1838,1970,3504,3348,3187,3194
"ENSG00000143434",266,313,69,47,39,64,39,60,58,78,73,53,86
"ENSG00000143436",584,609,1997,1604,1523,1847,2115,1678,1706,1981,1863,1722,1811
"ENSG00000143437",723.00001,746,1121,1080,853,1879,1044,1696,1761,2008,2137,1703,1707
"ENSG00000143442",3025.99998,3455.99999,1525,1468,1258,1979,973,1805,1872,2603,3023,1877,2404
"ENSG00000143443",61,58,190,202,158,198,173,181,233,312,293,264,289
"ENSG00000143450",21,14,14,10,10,7,17,13,16,24,22,19,30
"ENSG00000143457",261,321,1262,1054,961,1212,979,1067,1098,809,704,696,706
"ENSG00000143458",168,292.00001,81,103,91,158,53,143,132,271,269,220,255
"ENSG00000143469",186,226,178,198,179,254,100,164,202,160,140,153,168
"ENSG00000143473",28,56,5,7,6,228,138,202,186,129,137,101,113
"ENSG00000143476",963,1252,2746,2938,2373,4721,2317,4207,4538,3857,3171,2792,3499
"ENSG00000143479",173,209.99999,123,185,168,478,337,443,402,427,426,384,463
"ENSG00000143486",374,367,1480,1235,1085,1091,890,963,1029,915,948,766,759
"ENSG00000143493",906,767,1098,1076,864,1137,939,1056,1179,2148,1751,1652,1943
"ENSG00000143494",236.99999,295,2262,2258,2089,158,69,93,136,96,102,90,79
"ENSG00000143498",161.00001,313,221,238,176,375,259,325,339,460,372,354,413
"ENSG00000143499",566,686,57,33,68,146,178,127,106,244,137,278,397
"ENSG00000143502",56,25,75,83,81,328,248,224,274,115,183,101,133
"ENSG00000143507",77,160,21,28,22,283,230,233,238,969,877,762,790
"ENSG00000143514",661,829,419,434,427,1178,784,1214,1026,1413,1112,1252,1770
"ENSG00000143515",315.99999,330,320,234,279,320,257,343,277,114,158,105,225
"ENSG00000143537",342.00001,163,694,713,744,511,444,556,502,604,532,511,759
"ENSG00000143543",1180,1078.00001,1990,1772,1810,1566,2014,1427,1434,2107,2064,2238,2246
"ENSG00000143545",900.99999,1088,1960,1532,1638,969,844,849,932,1093,1043,905,929
"ENSG00000143549",2418,2576.99998,14027,12035,10899,10039,8799,8857,9021,6751,6100,5446,6074
"ENSG00000143553",712,724,1152,1036,952,1508,1789,1355,1349,2155,2129,2016,2185
"ENSG00000143554",42.99999,48,450,488,582,229,234,263,300,165,178,201,195
"ENSG00000143569",1969.99999,2089.00001,6338,5914,5029,6644,3569,6213,6363,6607,6975,5246,6456
"ENSG00000143570",634,564.00001,9007,7641,6430,5593,4853,4661,5484,3938,4106,3311,3798
"ENSG00000143575",894,848.00001,1990,1611,1559,1956,2899,1704,1806,2193,2247,2228,2139
"ENSG00000143578",214,197,1007,769,713,611,640,567,626,601,621,578,570
"ENSG00000143590",196,185,177,145,152,351,326,328,326,282,272,265,410
"ENSG00000143603",54,40,50,39,46,186,117,206,247,339,351,229,313
"ENSG00000143612",1211,1506.99999,3830,3281,2853,3690,4067,2842,3177,4740,4747,4804,4558
"ENSG00000143614",928,1110,391,351,377,765,402,681,739,636,691,472,641
"ENSG00000143621",2694,3275.99999,16286,13486,11984,17699,25594,15269,16118,18056,16852,18197,16976
"ENSG00000143622",262.99999,314,546,484,457,1075,897,834,899,861,871,821,777
"ENSG00000143624",748.00002,591.00002,2009,1783,1631,1950,1130,1985,2007,1780,2056,1565,1731
"ENSG00000143630",118,101,111,88,86,143,75,112,123,620,703,532,625
"ENSG00000143632",41,13,248,260,261,28,27,24,19,26,27,39,27
"ENSG00000143633",284,321.00001,229,178,205,238,314,210,230,296,306,255,275
"ENSG00000143641",1268,1373,2168,2163,2046,2524,1331,2320,2470,4421,4552,3326,4559
"ENSG00000143643",246,299,64,65,81,233,197,201,159,154,103,141,325
"ENSG00000143653",1037,1101,1181,913,975,1387,1357,1130,1099,2280,2070,2302,2131
"ENSG00000143669",598,542,13,9,14,54,42,37,27,560,590,452,382
"ENSG00000143674",33,19.99999,259,175,183,57,59,61,73,15,13,20,12
"ENSG00000143702",2049.99999,2553,1624,1637,1372,2209,976,2051,2028,3395,3569,2634,2720
"ENSG00000143727",2274.99999,2963,5614,5131,4280,5474,4876,4568,4930,6750,5937,6309,6776
"ENSG00000143740",446.00001,486.00002,1883,1574,1547,1917,1814,1859,2197,1877,1923,1618,1773
"ENSG00000143742",3366.00001,5042,12795,14144,9835,16261,12922,11719,13154,16028,12383,16234,17545
"ENSG00000143748",950.00002,1332,874,881,798,1122,914,1031,1166,1377,1115,1040,1243
"ENSG00000143751",202,221,727,700,450,890,533,663,792,1025,854,837,890
"ENSG00000143753",520,575,2419,2231,1756,1268,999,1054,1234,1311,1244,1220,1222
"ENSG00000143756",342,370,856,908,748,1134,757,1014,997,716,700,725,686
"ENSG00000143761",1989,2093,11780,9632,8634,11940,10342,10302,11472,12554,12834,10812,11595
"ENSG00000143768",652,42,778,825,661,5,3,0,3,245,262,323,385
"ENSG00000143771",893.99998,1176.99999,3236,3019,2559,2801,4064,2203,2396,2373,2249,2726,2491
"ENSG00000143772",187,138,80,95,78,34,11,38,21,157,183,151,165
"ENSG00000143774",1634.99999,1418,2107,1911,1786,3487,5891,3410,3277,3093,3078,3454,3618
"ENSG00000143776",1953,2483.00001,477,468,381,351,234,293,264,436,393,394,400
"ENSG00000143786",67,82,152,140,122,83,110,59,76,68,66,72,62
"ENSG00000143793",723,687,432,345,447,533,651,589,651,629,623,576,644
"ENSG00000143797",674.99999,1363,232,238,162,371,330,396,325,661,640,601,800
"ENSG00000143799",3397,3163,17803,16691,14162,15902,9725,15626,15791,15704,15104,11687,14157
"ENSG00000143801",272.99999,204.00001,597,558,496,665,484,541,536,641,697,578,608
"ENSG00000143811",735,652,1619,1444,1313,819,589,882,868,1026,1057,757,989
"ENSG00000143815",1451,1914,2037,2387,1993,4332,2179,3262,3786,5819,5005,5002,5729
"ENSG00000143819",247,244.99999,215,201,183,40,36,45,27,44,64,41,43
"ENSG00000143842",174,84,452,361,381,287,223,300,333,55,71,48,58
"ENSG00000143845",84,43,449,425,362,442,453,470,438,458,439,470,604
"ENSG00000143847",678.00001,202.99999,346,279,245,583,384,721,681,347,459,298,335
"ENSG00000143850",841,756,384,266,270,429,237,422,462,1283,1524,934,1185
"ENSG00000143858",61,53,216,223,195,34,27,24,51,195,217,98,92
"ENSG00000143862",589,427,30,36,22,40,20,31,27,23,39,30,46
"ENSG00000143870",2774,2931.99999,17688,17302,15993,19852,16126,16174,18026,10694,9692,9676,11170
"ENSG00000143878",256,212,41,37,33,72,127,76,37,126,144,109,155
"ENSG00000143882",359,472,35,28,35,45,30,30,45,59,65,116,54
"ENSG00000143889",1373,1472,668,647,518,804,907,713,651,801,759,876,1261
"ENSG00000143891",288,193,619,478,423,414,301,354,421,997,883,724,908
"ENSG00000143919",373,792,650,618,527,1173,1167,1082,990,405,423,345,390
"ENSG00000143924",1582,2343.00001,3296,3569,2827,6138,2536,5612,5753,2320,2030,1804,2054
"ENSG00000143933",14278,15773,19219,19223,16113,26092,24136,22215,21628,36094,31679,35032,36747
"ENSG00000143942",165,137,307,314,211,117,187,84,100,243,163,202,269
"ENSG00000143947",2158,2334,20366,19128,18038,15850,19646,17497,14145,10959,10493,11325,11271
"ENSG00000143951",360,953.99999,734,691,585,381,214,319,369,497,511,454,427
"ENSG00000143952",1393,1379.99999,140,151,141,223,154,150,156,228,171,175,160
"ENSG00000143970",529,606,504,562,488,508,290,519,429,275,270,198,293
"ENSG00000143971",276,337,554,575,535,636,493,523,583,563,383,410,507
"ENSG00000143977",3270.00001,4256,6859,6300,5453,4919,9220,4717,4266,5301,4685,6380,6046
"ENSG00000143995",5898,7213.00003,6,6,6,189,74,124,163,4976,5294,4251,4766
"ENSG00000144021",771,689,2849,2685,2486,3031,2428,2829,2834,4184,4143,3541,3643
"ENSG00000144026",255,301.99999,267,255,227,354,252,321,259,374,349,332,308
"ENSG00000144028",1831.99999,1869.99999,12796,12598,10447,18051,8300,17207,18505,22060,22418,16090,18152
"ENSG00000144029",1035,943.00001,1678,1394,1332,1945,1711,1701,1827,2034,1946,1637,1865
"ENSG00000144031",67.99999,66,15,1,16,12,9,14,1,65,82,46,44
"ENSG00000144034",620.99999,742.99999,703,706,629,806,706,645,676,579,548,575,709
"ENSG00000144036",655,1018.99999,1890,1913,1485,2298,1012,1965,2129,2495,2427,1986,2162
"ENSG00000144040",277,222.99999,683,629,523,265,128,209,237,608,625,489,613
"ENSG00000144043",498,498,282,279,278,334,336,376,276,982,844,933,1276
"ENSG00000144048",316,336.99999,643,496,413,951,1047,686,808,863,828,1092,965
"ENSG00000144057",440,706,239,149,158,84,68,47,71,213,242,234,281
"ENSG00000144061",198.99999,355,109,84,58,168,142,158,168,265,267,297,286
"ENSG00000144118",258,307,537,408,473,1445,1291,1255,1485,1196,1171,1061,985
"ENSG00000144120",201,156.00001,2116,1791,1474,1332,1355,1347,1287,1209,1097,1138,1116
"ENSG00000144134",370,424.00001,194,208,192,433,348,398,431,675,837,649,691
"ENSG00000144136",819,923,5205,5260,4245,4782,2617,3927,4438,5378,4782,3958,4858
"ENSG00000144152",420,409,4,4,5,64,52,65,62,67,82,50,89
"ENSG00000144161",542,512,201,157,118,252,174,211,239,499,409,425,416
"ENSG00000144182",111,95.99999,183,160,148,169,260,186,180,147,143,210,162
"ENSG00000144191",35,20,0,1,0,0,4,4,2,110,132,98,129
"ENSG00000144199",117,97,1059,930,858,783,966,843,732,727,762,675,697
"ENSG00000144214",85,110,15,11,21,15,20,10,5,40,55,43,25
"ENSG00000144218",287.99999,683,24,26,18,85,34,43,47,68,104,69,59
"ENSG00000144224",1936,2393,2700,2378,2252,2688,1959,2180,2274,3724,3383,3261,3197
"ENSG00000144227",41,34,53,36,41,20,19,33,32,86,100,49,82
"ENSG00000144228",319,421,146,129,100,349,141,245,279,196,202,209,216
"ENSG00000144229",51,51,30,42,29,244,85,192,167,260,300,183,235
"ENSG00000144231",894,984,1871,1921,1739,2290,1720,2121,2253,2641,2363,2447,3052
"ENSG00000144233",178.00001,179,381,397,305,529,412,483,559,452,499,405,506
"ENSG00000144278",258,1122,115,67,62,57,36,27,33,82,51,62,90
"ENSG00000144283",4312.99999,2074,1044,918,895,963,776,902,816,763,735,609,869
"ENSG00000144285",43,35.00001,36,25,18,129,34,66,96,60,30,50,85
"ENSG00000144290",18,26,6,9,3,38,23,16,11,16,16,27,18
"ENSG00000144306",341,428,529,409,485,375,250,251,319,536,517,517,414
"ENSG00000144320",946.00001,1126,454,400,406,1306,717,839,1060,1730,1544,1511,1565
"ENSG00000144339",449.00001,477,61,28,45,71,58,47,53,466,740,534,586
"ENSG00000144354",585.99999,739,2138,1981,1834,2045,1668,1949,2034,1548,1254,1290,1658
"ENSG00000144355",250,306,1,0,0,19,5,8,9,241,408,207,178
"ENSG00000144357",983,1249.99999,269,189,182,163,85,166,147,318,247,232,264
"ENSG00000144362",450,505,124,149,106,200,147,146,113,171,143,148,198
"ENSG00000144366",2298.99999,2118.00001,2059,2027,1568,750,547,535,593,1062,806,1050,1018
"ENSG00000144369",463,605,365,466,385,397,224,278,295,839,836,888,928
"ENSG00000144381",7400,8079.00001,33715,32743,27773,19142,14363,17489,18106,16708,14045,13359,16559
"ENSG00000144395",431,498.00001,249,242,221,289,137,272,236,238,267,213,228
"ENSG00000144401",417.00001,521,979,882,781,759,723,728,636,564,461,560,632
"ENSG00000144406",229,340,69,62,50,87,39,51,46,95,117,94,89
"ENSG00000144426",867.00001,846.00001,382,350,347,459,286,359,375,302,302,311,285
"ENSG00000144445",985.00001,884,106,139,95,155,94,125,118,123,88,82,132
"ENSG00000144451",955.00001,1271.99999,410,361,356,811,571,617,662,1204,940,889,973
"ENSG00000144455",275,632,973,906,757,730,551,589,665,472,436,454,391
"ENSG00000144460",73,185,7,4,3,2,1,5,3,37,74,55,29
"ENSG00000144468",192,282.00001,728,580,459,736,419,662,656,725,690,691,632
"ENSG00000144476",600,481,35,39,26,171,135,125,96,3155,3399,3089,2497
"ENSG00000144485",2099.99999,2451,170,91,127,101,258,128,61,488,559,540,1138
"ENSG00000144504",265.99999,294.99999,86,75,74,100,87,99,104,139,164,141,140
"ENSG00000144524",490.00001,418.00001,1846,1460,1515,1965,1782,2025,1966,1721,1851,1392,1683
"ENSG00000144535",784.99999,924.99999,675,557,532,788,424,701,764,1246,1208,957,1093
"ENSG00000144554",912.99999,1138,3316,3336,2796,4411,2371,3763,4033,2352,2401,1974,2283
"ENSG00000144559",607,541.00001,903,822,690,855,599,736,747,649,650,576,665
"ENSG00000144560",1238,1398,1027,1011,920,1836,1243,1659,1760,2339,2184,1869,1950
"ENSG00000144566",697,701,2002,1971,1639,1915,1230,1499,1702,1295,1202,1190,1350
"ENSG00000144567",610.00001,526.99999,362,262,241,291,476,317,277,281,343,339,444
"ENSG00000144579",496,387,112,103,80,191,211,220,204,94,127,72,97
"ENSG00000144580",716.00001,1004,2400,2194,1905,2404,1661,2180,2290,2593,2573,1953,2657
"ENSG00000144583",283,47,20,18,10,31,38,40,34,23,17,20,36
"ENSG00000144589",158,185,764,644,567,510,343,570,602,820,913,544,718
"ENSG00000144591",229,220.99999,1108,905,826,665,665,720,761,728,669,618,614
"ENSG00000144597",217,289,896,880,729,1109,519,1060,984,1115,1129,999,1053
"ENSG00000144619",2085,3903.00001,11,22,13,92,38,57,70,359,553,389,346
"ENSG00000144635",1040.99999,1082,1423,1347,1055,1471,1220,1330,1256,1847,1581,1741,1579
"ENSG00000144642",86.99999,187,144,135,104,52,40,48,34,291,222,201,127
"ENSG00000144645",55.99999,42,819,724,655,201,149,183,131,78,86,89,97
"ENSG00000144647",183,210.00001,287,277,279,496,611,499,419,456,373,410,740
"ENSG00000144649",12,13,2575,1759,1921,1382,686,1152,1191,780,1159,841,649
"ENSG00000144655",90,38,171,179,155,123,99,170,132,156,137,145,214
"ENSG00000144659",337,342.99999,1479,1368,1094,1288,1022,1159,1288,1250,1073,913,1056
"ENSG00000144668",155,151,51,52,37,41,32,35,39,34,40,19,39
"ENSG00000144674",3634,4217.99999,2129,1908,1942,1842,868,1651,1616,1512,1611,1216,1382
"ENSG00000144677",525,657.00001,588,506,416,447,396,473,455,229,238,219,239
"ENSG00000144681",61,30,177,232,168,146,93,97,128,433,356,335,472
"ENSG00000144711",1379.99999,1108,488,398,370,919,533,919,874,889,1130,735,844
"ENSG00000144712",174,155,323,329,379,349,133,371,284,734,731,700,951
"ENSG00000144713",21628,27046.00001,9868,8127,8851,10197,15894,10502,8768,9446,8891,9115,8210
"ENSG00000144724",945,1719,1471,1134,1078,916,495,751,687,1137,1161,1078,898
"ENSG00000144730",483,826,689,848,704,2905,1068,2090,2150,1701,1152,1268,1578
"ENSG00000144736",203,364.99999,1087,922,754,1003,711,834,820,773,747,693,725
"ENSG00000144741",556,470,1123,908,926,1027,856,800,754,442,587,498,487
"ENSG00000144744",837.99999,1190.00001,2238,2154,1714,2370,2449,1868,2203,1948,1640,2089,2002
"ENSG00000144746",1076,1268,1083,972,792,1884,1663,1451,1594,2468,2620,2383,2419
"ENSG00000144747",705.00001,701,601,541,443,966,450,756,877,872,896,803,724
"ENSG00000144749",420,222.99999,1154,880,803,1335,1237,1470,1498,792,867,660,700
"ENSG00000144791",281,279,393,405,419,400,248,425,276,320,264,197,465
"ENSG00000144792",370,746,270,301,198,517,276,487,375,508,493,455,462
"ENSG00000144802",58,52,46,51,54,42,54,44,39,24,30,34,53
"ENSG00000144810",39,154,77,98,71,17,10,15,6,16,56,56,31
"ENSG00000144815",429,367,652,694,592,721,408,621,721,868,850,714,808
"ENSG00000144824",333.00001,562.99999,697,737,641,571,303,553,491,377,368,337,303
"ENSG00000144827",566,565.00001,722,755,627,1055,966,763,828,2125,1922,2283,2005
"ENSG00000144834",1369.99999,1932.00001,70,41,26,73,102,76,129,1976,2585,1905,1513
"ENSG00000144840",222.99999,310,1351,1257,1107,1034,826,948,948,1313,1179,1236,1321
"ENSG00000144843",19.00001,15,167,201,138,195,132,159,197,104,88,84,97
"ENSG00000144847",202,369.00001,18,13,18,91,53,35,80,78,55,50,68
"ENSG00000144848",539,619,1108,1127,995,1167,1134,960,922,846,771,952,1004
"ENSG00000144857",1234.00001,1289,175,128,113,1138,945,1186,1392,1765,1773,1591,1693
"ENSG00000144867",434,466,1424,1237,1038,1117,1605,1058,1056,1506,1402,1554,1483
"ENSG00000144868",176.99999,320,390,399,369,585,440,629,740,385,379,292,369
"ENSG00000144893",1980.00001,1832,404,366,306,533,230,546,442,512,503,461,412
"ENSG00000144895",870,918,1452,1404,1222,1430,1022,1236,1301,1200,1105,1036,1049
"ENSG00000144909",399,358,489,571,509,950,577,923,799,881,861,847,942
"ENSG00000144935",1113.99999,1091,193,215,183,299,227,215,248,285,264,285,264
"ENSG00000144959",61,55,120,132,81,141,90,77,103,189,202,211,149
"ENSG00000145012",1371,1326,2166,2012,1804,2045,709,1385,1375,1323,1341,1212,1185
"ENSG00000145014",378,363.99999,123,58,66,83,89,91,100,118,104,108,67
"ENSG00000145016",257,279,802,751,699,794,403,874,918,1016,1080,713,830
"ENSG00000145020",284,154,2747,2265,1876,2431,1928,2273,2526,1255,1088,991,1062
"ENSG00000145022",246,130,289,189,196,207,197,182,192,378,359,419,411
"ENSG00000145029",100,127,298,286,247,458,336,416,476,595,514,481,466
"ENSG00000145041",491.00001,398.99999,1948,1698,1449,1786,943,1623,1804,2100,2024,1475,1796
"ENSG00000145050",884,765,1171,940,906,1007,1052,984,807,1095,1066,915,991
"ENSG00000145087",160.00001,238,242,282,148,188,87,137,127,226,223,210,211
"ENSG00000145088",52,63,146,123,136,78,44,81,57,97,84,119,114
"ENSG00000145113",154,138,147,95,78,108,63,113,90,33,9,8,9
"ENSG00000145147",2432,5508.00001,97,124,108,41,13,58,46,1020,1129,1072,1169
"ENSG00000145191",331.99999,380.00001,1630,1674,1450,1496,1039,1533,1548,1913,2081,1704,1916
"ENSG00000145214",102,93,129,62,65,66,69,78,81,58,104,34,71
"ENSG00000145216",2628.99999,2432.00001,1580,1542,1243,2329,1582,2066,1986,2773,2553,2234,2459
"ENSG00000145220",328,333,530,500,483,398,304,366,343,304,221,203,274
"ENSG00000145241",903,1291,385,407,336,937,506,707,763,712,743,706,763
"ENSG00000145242",2346.00001,3972,5,2,1,6,5,3,18,42,52,57,39
"ENSG00000145244",27,28,0,1,0,1,0,0,1,18,62,86,5
"ENSG00000145246",167.99999,143,56,84,86,197,112,136,191,314,292,278,252
"ENSG00000145247",636,975,3101,2739,2607,1788,2733,1591,1535,855,853,934,827
"ENSG00000145284",828,932,35,29,42,433,315,314,384,1064,1042,972,1066
"ENSG00000145293",527,628.99999,2585,2906,2329,2197,2208,1739,1821,1645,1352,1710,1604
"ENSG00000145331",163,202.00001,134,121,110,206,153,96,156,368,313,338,309
"ENSG00000145332",542,824.99999,266,307,217,453,318,370,300,1055,900,890,1042
"ENSG00000145335",971.00001,863.99999,437,269,330,546,492,396,462,997,1350,1266,1201
"ENSG00000145337",1178,1351,1997,2329,1779,2232,2495,1801,1757,3032,2642,3464,3370
"ENSG00000145348",1917,1911.00001,972,899,763,1471,865,1088,1205,1974,2126,1803,1967
"ENSG00000145349",2820.00001,3781,229,225,156,285,196,214,217,809,747,764,694
"ENSG00000145354",780,1048,1185,1022,918,965,1098,728,793,814,700,919,937
"ENSG00000145358",27,38,184,179,135,787,803,543,552,210,122,136,175
"ENSG00000145362",12473.00002,10091.00001,539,559,478,1484,627,1142,1303,1818,2492,1618,1369
"ENSG00000145365",120,149,56,36,30,216,102,131,154,412,393,386,345
"ENSG00000145375",665,1024,357,348,273,338,150,321,282,572,488,486,529
"ENSG00000145386",1100,1231,5070,4898,4123,5735,4833,4517,4741,6258,5224,5691,5832
"ENSG00000145388",422,633,661,705,569,1026,693,865,978,875,747,585,797
"ENSG00000145390",276.00001,274,430,446,323,349,174,267,282,191,155,169,170
"ENSG00000145391",218,262,117,127,102,304,113,218,210,881,746,746,706
"ENSG00000145414",364.00001,432,117,121,132,111,75,95,101,114,83,95,89
"ENSG00000145416",374.99999,288,52,67,39,145,73,88,107,342,353,327,298
"ENSG00000145423",36668,29129,5159,4966,4923,6416,5123,6173,5923,3513,3447,3626,3186
"ENSG00000145425",2008.99999,2282,25886,24189,23831,34945,63299,32385,27076,30446,32999,40875,33292
"ENSG00000145428",961.99999,1084,114,132,112,277,354,248,145,585,440,551,571
"ENSG00000145431",96,131,21,22,13,25,12,19,21,176,168,174,154
"ENSG00000145439",861.99999,1045.99999,824,841,726,1042,742,747,895,905,867,813,849
"ENSG00000145476",127,203,88,53,63,112,68,66,72,203,180,201,194
"ENSG00000145491",46,172.99999,4,4,4,10,2,5,1,47,42,28,39
"ENSG00000145494",1735,1472,2460,1990,1908,1781,2284,1821,1840,1763,1625,1291,1497
"ENSG00000145495",2561,3134.00001,1911,2209,1616,3185,1446,2584,3092,4475,4167,3490,4265
"ENSG00000145506",46,47,31,18,16,27,26,27,20,12,7,5,14
"ENSG00000145536",126,30,126,136,148,24,30,31,35,108,170,188,165
"ENSG00000145545",469.99999,426,589,673,710,807,525,625,681,493,507,591,764
"ENSG00000145555",1476.99999,1339.99999,2892,2681,2485,3153,1421,3023,2944,5062,5273,3907,4674
"ENSG00000145569",72,106,234,271,218,348,279,275,302,241,226,265,306
"ENSG00000145592",20170,21951,8072,6888,7408,7164,9105,8216,6682,5981,6005,5489,5479
"ENSG00000145604",1079,1256,2394,2310,1918,3439,2451,2776,2682,3485,2824,2944,3102
"ENSG00000145632",693.00001,669,1036,1043,843,219,173,200,209,1474,1632,1442,1318
"ENSG00000145675",1940.99998,2597.00001,154,185,181,609,313,516,508,1012,882,925,940
"ENSG00000145685",227,188,1003,1078,922,662,366,602,613,415,424,404,430
"ENSG00000145687",6659.99999,7413.00001,1442,1300,1179,7819,7119,5935,6562,3817,3858,4254,3651
"ENSG00000145692",13039,5459,25,8,11,160,79,108,144,27,24,17,30
"ENSG00000145703",274,330,980,885,838,405,229,417,369,352,287,271,451
"ENSG00000145715",1125,1878,536,513,449,1037,521,832,851,982,875,787,956
"ENSG00000145721",135,158,17,18,21,2524,2510,2441,2903,3417,3179,3122,3094
"ENSG00000145723",112,154.00001,225,221,187,306,221,249,301,352,291,315,331
"ENSG00000145725",1666.99999,2255.00001,1341,1404,1132,1830,900,1318,1456,2893,2595,2755,2659
"ENSG00000145730",2804.00001,3430.00002,543,569,782,1762,1522,1867,1393,1991,1537,2253,4317
"ENSG00000145734",1783,2317.99999,1088,831,819,979,426,775,726,969,1009,723,820
"ENSG00000145736",202,224,1042,889,798,1001,963,788,884,728,650,706,771
"ENSG00000145740",398.99999,410,756,902,838,1063,743,791,877,783,691,872,977
"ENSG00000145741",4699.99999,5365.99999,8802,7978,7786,7609,8672,7019,6694,6011,5292,5084,5580
"ENSG00000145743",663,1231,11,10,6,13,9,2,8,38,40,51,49
"ENSG00000145779",167,162,350,350,256,507,428,388,412,229,162,208,268
"ENSG00000145780",227,266,584,669,522,1305,644,1081,1123,809,836,795,806
"ENSG00000145781",545.00001,697,1125,1162,981,1073,1525,750,748,1042,985,1357,1148
"ENSG00000145782",778.00001,855.99999,1193,1086,922,1537,1367,1221,1376,1685,1346,1623,1620
"ENSG00000145794",387,629,578,652,516,133,52,109,115,1081,1230,902,637
"ENSG00000145808",193,322.99999,418,332,305,184,140,117,159,21,9,9,9
"ENSG00000145817",629,644,1028,951,925,1538,1221,1182,1305,1282,1132,1092,1118
"ENSG00000145819",265.99999,407,298,198,173,199,115,159,164,92,149,110,88
"ENSG00000145824",507,321,48,69,55,207,129,127,160,495,306,401,415
"ENSG00000145832",24,18.99999,50,16,27,26,44,31,10,38,69,75,70
"ENSG00000145833",2302,2595,2351,2058,1899,1432,906,1462,1498,1396,1298,1004,1235
"ENSG00000145860",1461,1507,511,534,473,724,499,637,672,665,616,618,853
"ENSG00000145864",21,37,5,3,1,33,30,31,34,111,168,71,114
"ENSG00000145868",461,604.99999,1292,1481,1115,1697,791,1378,1395,1416,1435,1204,1108
"ENSG00000145882",199.00001,147.00001,196,184,240,401,406,482,319,250,123,260,413
"ENSG00000145888",38,14,0,2,0,1,0,0,0,39,99,50,25
"ENSG00000145901",560,417,392,445,375,771,482,826,773,304,430,255,379
"ENSG00000145907",2527.00001,3505.99997,13400,14288,11208,14944,9299,12747,13252,13653,12704,11141,11635
"ENSG00000145911",77,71,705,473,560,228,185,279,237,681,738,513,791
"ENSG00000145912",1683,1691.00001,6460,5019,5182,4878,7085,4698,4660,4788,4406,4214,4445
"ENSG00000145916",480.00001,536,1736,1462,1480,967,743,1051,1006,1551,1432,1273,1385
"ENSG00000145919",923.00001,1103,919,926,1275,1944,3204,1857,1596,1454,1052,1684,2490
"ENSG00000145920",676.00001,885,27,9,10,28,12,12,21,658,1122,596,784
"ENSG00000145934",341.00001,610,67,68,84,50,42,42,52,404,448,370,211
"ENSG00000145945",20,33,77,54,58,81,58,95,81,86,42,40,58
"ENSG00000145979",541.00001,553,1314,1229,1043,1380,1751,1142,1229,1143,1105,1198,1160
"ENSG00000145982",330,612.99999,357,264,245,359,344,295,423,687,717,643,669
"ENSG00000145990",28,13,229,239,185,74,77,81,89,89,59,54,91
"ENSG00000145996",642,889.00001,735,707,609,962,564,812,853,1062,1050,915,1024
"ENSG00000146005",44,36,17,18,21,14,7,9,13,48,78,43,63
"ENSG00000146006",98,253,18,10,14,15,7,12,8,161,161,127,153
"ENSG00000146007",942.99999,874,1005,921,766,1411,1310,1264,1285,1182,1269,1088,1209
"ENSG00000146021",151,262.99999,690,656,469,906,495,879,1141,607,778,595,615
"ENSG00000146063",237.99999,317.00001,83,66,47,72,65,60,96,93,112,64,104
"ENSG00000146066",1098,1242,1639,1260,1251,1253,1290,1158,1174,1636,1566,1279,1364
"ENSG00000146067",700,439.99999,246,169,177,238,232,248,239,216,264,208,235
"ENSG00000146072",125,100,1968,2253,1903,1848,945,1633,1769,673,617,645,846
"ENSG00000146083",911,829.00001,532,420,331,259,216,303,335,202,214,176,196
"ENSG00000146085",467,598,879,795,591,1296,997,1020,1108,1473,1455,1470,1403
"ENSG00000146094",31,22,61,28,61,23,16,23,31,37,29,27,53
"ENSG00000146109",394,445,2242,1788,1589,2091,2890,1799,1940,2620,2731,2551,2520
"ENSG00000146112",436,425.99999,84,66,62,138,95,142,150,150,206,124,180
"ENSG00000146122",71.99999,40.00001,39,79,50,70,49,43,90,203,248,210,209
"ENSG00000146143",616,942,765,691,598,760,752,597,620,607,539,606,607
"ENSG00000146151",86.99999,63,15,5,7,142,174,75,99,239,230,244,215
"ENSG00000146197",612,906,72,27,21,178,165,211,231,1315,1409,1140,1303
"ENSG00000146205",128,131,166,123,130,172,79,111,186,56,79,59,64
"ENSG00000146215",17,25,483,366,405,340,381,309,350,14,12,13,11
"ENSG00000146216",118,111,2,7,3,25,12,12,23,69,69,36,75
"ENSG00000146221",13,51,13,7,10,23,12,12,11,58,37,32,56
"ENSG00000146223",1033.00001,1149,4058,3588,3117,3278,2777,3077,3058,3708,3464,3069,3350
"ENSG00000146232",93,89,81,103,168,190,279,257,146,93,74,108,361
"ENSG00000146233",29,129,33,23,41,113,96,70,77,121,105,118,123
"ENSG00000146242",393,455,142,171,161,1483,1622,1903,1236,269,244,424,572
"ENSG00000146243",507,620,221,175,177,218,143,153,184,386,335,404,335
"ENSG00000146247",4514,5466.00001,3987,3767,3067,6187,2780,5321,5195,6122,5770,4893,4944
"ENSG00000146250",238,370,43,58,39,87,33,39,54,979,878,905,649
"ENSG00000146263",957.99999,1175,603,601,556,695,357,652,735,1144,852,868,984
"ENSG00000146267",151,232,175,181,158,142,208,135,117,274,237,290,283
"ENSG00000146278",1409,1437.00001,199,187,137,570,504,471,455,347,320,287,423
"ENSG00000146281",416,455,124,162,254,353,323,319,294,389,234,362,612
"ENSG00000146282",1054.99997,1548.99999,1538,1327,1222,1650,1701,1431,1531,2046,2156,2076,2008
"ENSG00000146350",817.00001,907,133,130,103,199,105,144,174,138,101,119,70
"ENSG00000146352",259,554,12,14,20,107,41,63,66,222,221,237,221
"ENSG00000146373",421.00001,489.99999,90,104,64,115,52,111,98,63,46,46,70
"ENSG00000146374",94,55,1,2,3,18,12,14,18,131,112,127,140
"ENSG00000146376",75,85,82,85,108,106,106,125,111,113,94,100,117
"ENSG00000146386",425,575,2115,2120,1970,2430,3231,1967,1822,1240,1201,1300,1352
"ENSG00000146409",165,152,1096,1090,874,303,222,253,326,907,839,837,941
"ENSG00000146410",54.99999,70,215,181,174,167,170,136,149,180,136,123,111
"ENSG00000146411",50,87,368,366,318,787,547,546,698,615,558,483,578
"ENSG00000146414",1327,1473.00001,1233,1106,975,1266,599,997,1105,1459,1561,1248,1352
"ENSG00000146416",651,916,855,769,548,619,629,476,530,882,885,952,862
"ENSG00000146425",1586,1952,2713,2554,2127,3044,4723,2623,2501,5064,4800,5511,4911
"ENSG00000146426",497,616.00001,260,263,294,189,109,184,160,277,281,257,229
"ENSG00000146433",680,572,315,303,312,311,199,291,249,312,327,384,509
"ENSG00000146457",1727.99999,2035,1484,1374,1138,2173,2697,2075,1752,1966,1615,1903,2141
"ENSG00000146463",1455,1758,1771,1742,1485,2347,1567,2148,2035,2664,2413,2129,2815
"ENSG00000146476",302,397,1376,1486,1124,1365,982,1132,1131,854,738,859,900
"ENSG00000146535",432,568,854,592,586,447,424,487,431,393,368,346,335
"ENSG00000146540",1338.00001,1042,1429,1066,1010,2187,3525,2311,2379,3157,3274,3149,3385
"ENSG00000146555",1642,1393,55,63,103,105,79,120,112,279,303,255,352
"ENSG00000146574",199,412,1974,2027,1927,2184,1973,1777,1838,1537,1442,1539,1727
"ENSG00000146576",237,258,48,40,40,68,69,80,71,74,82,43,94
"ENSG00000146587",280,300,323,311,277,417,292,473,379,267,275,243,257
"ENSG00000146592",448.99999,213.00001,63,46,42,162,101,154,138,2868,3085,2433,2532
"ENSG00000146648",1159,910,83,67,66,89,60,63,106,52,135,72,63
"ENSG00000146670",496,574,2741,2353,2213,2975,2134,3013,3144,3116,2677,2299,2763
"ENSG00000146674",31,98,33,24,23,143,129,104,80,10,20,8,18
"ENSG00000146676",471,391,216,193,191,274,213,240,252,222,180,134,173
"ENSG00000146700",44,36,81,69,93,171,193,186,125,30,40,33,72
"ENSG00000146701",1494,1230,10462,8555,7943,5727,4764,5665,6043,6766,6732,5283,6113
"ENSG00000146707",117,197,35,25,41,44,64,48,40,69,43,55,85
"ENSG00000146729",1049.00001,1664,529,629,718,1424,1644,1172,977,1085,736,1374,1922
"ENSG00000146731",3208,3734,12264,11735,10030,10955,7549,9728,10020,8109,6983,6343,7532
"ENSG00000146733",484,485,1737,1548,1330,1512,2219,1260,1252,1431,1473,1551,1504
"ENSG00000146757",374,386,731,735,585,1045,583,782,886,770,619,751,801
"ENSG00000146776",399.99999,529,752,562,587,244,198,251,255,211,228,171,176
"ENSG00000146802",398,599,474,479,415,603,245,431,491,693,601,684,641
"ENSG00000146826",101,151,38,26,40,41,41,58,22,30,34,43,58
"ENSG00000146828",149.99999,183.00001,206,225,225,177,115,199,220,122,142,113,158
"ENSG00000146830",769,875,448,330,352,315,322,431,445,250,324,201,257
"ENSG00000146834",333.99999,322.99999,281,268,235,318,321,343,267,259,220,180,249
"ENSG00000146842",579,612,1236,1312,1044,2459,1328,2002,2545,2373,2050,1891,2249
"ENSG00000146856",275,490.99999,51,42,38,68,65,50,54,98,60,79,79
"ENSG00000146858",213,205,63,76,89,110,103,149,121,47,43,62,55
"ENSG00000146859",37,136,340,340,262,366,136,367,397,344,396,360,332
"ENSG00000146872",1794.99999,2234.00001,400,380,263,493,343,484,443,453,424,416,458
"ENSG00000146909",265.99999,264,547,499,529,459,235,440,493,326,277,241,330
"ENSG00000146918",744,1045,3705,3493,2846,3416,1613,3200,3240,2660,2382,1896,2585
"ENSG00000146938",844.00001,604,8011,8023,6554,2670,1292,2063,2187,2517,2609,1945,2180
"ENSG00000146950",285,311,394,271,325,338,260,346,282,1090,1145,970,919
"ENSG00000146963",1994.99999,2212,1451,1376,1082,1727,1117,1403,1759,2729,2653,2370,2793
"ENSG00000146966",703,1269,129,83,78,144,139,145,124,285,260,208,247
"ENSG00000147003",33,36,83,60,62,67,36,49,39,29,40,30,41
"ENSG00000147010",624,477,126,101,111,162,184,233,125,101,108,105,244
"ENSG00000147027",339,369,535,613,720,724,783,639,536,1131,815,1204,2566
"ENSG00000147041",36,33,24,13,27,261,120,227,220,16,38,17,17
"ENSG00000147044",1887,2023.99999,1359,1055,990,1389,1150,1245,1209,1690,1672,1278,1607
"ENSG00000147050",1030,5309.99998,5670,5890,5058,2770,1327,2198,1930,1169,1000,1111,1556
"ENSG00000147059",78,41,146,103,100,171,107,147,98,40,70,14,24
"ENSG00000147065",1080,1199.99998,8944,8599,6938,12359,6765,10464,11589,9112,9242,6953,7971
"ENSG00000147082",15,14,8,7,9,62,14,52,27,132,76,56,71
"ENSG00000147099",839,829,732,763,569,999,777,880,990,1248,1253,1159,1051
"ENSG00000147100",1080,683,1007,791,870,1322,765,1207,1201,2048,2021,1798,2240
"ENSG00000147117",16,15,49,22,28,54,25,25,24,44,54,25,47
"ENSG00000147118",100,127,348,328,260,448,269,410,438,375,331,328,353
"ENSG00000147119",27,26,121,133,149,161,279,200,124,22,22,20,49
"ENSG00000147121",278,270.99999,261,220,176,433,446,366,388,587,598,638,610
"ENSG00000147123",2084.00001,2197,2756,2210,2162,2827,3518,2919,2851,3326,3193,2857,3050
"ENSG00000147124",82,118,302,310,227,352,160,293,271,365,361,313,393
"ENSG00000147130",626.99999,573,1119,792,769,1378,1071,1402,1455,936,923,599,728
"ENSG00000147133",572.00001,647,449,421,327,637,225,591,512,441,502,362,395
"ENSG00000147140",5297.00001,5749.00002,17240,15264,13667,23436,19493,20685,21897,24649,24169,21235,22258
"ENSG00000147144",120,114,223,207,149,238,121,226,182,107,129,79,144
"ENSG00000147145",148,221.00001,121,143,154,235,186,204,253,189,234,189,189
"ENSG00000147155",441,533.99999,4128,3307,3054,3531,5886,2951,3320,2720,2415,2359,2550
"ENSG00000147162",1233.99999,1596,2694,2194,2051,4223,2502,3497,3815,3175,2954,2757,2681
"ENSG00000147164",440,406.99999,239,148,152,239,286,177,188,213,226,179,220
"ENSG00000147180",616,1400,226,154,152,476,280,386,380,469,514,581,743
"ENSG00000147202",374,661,2014,2160,1797,1051,400,788,809,670,575,512,592
"ENSG00000147224",839,558,3630,3524,3152,3777,3779,3382,3250,2669,2428,2208,2807
"ENSG00000147231",310.99999,193,156,189,99,750,435,597,616,1489,1425,1262,1329
"ENSG00000147234",180.00001,58,6,7,7,27,3,24,23,15,20,11,20
"ENSG00000147251",269,207,233,175,178,432,275,426,376,449,339,330,465
"ENSG00000147255",213,24,1943,1788,1349,7133,3674,4908,5680,279,232,185,241
"ENSG00000147257",365.99999,241,7410,6492,5561,80962,66228,61052,73476,19507,12967,13132,16978
"ENSG00000147274",4994.00002,4556.99999,12641,12146,10438,21330,17117,18387,19635,21840,19264,17992,19493
"ENSG00000147316",546.99998,765.99998,842,791,761,954,579,846,808,1070,1109,1029,1118
"ENSG00000147324",244,217.00001,625,519,479,412,243,425,341,274,215,182,280
"ENSG00000147364",381.00001,436.00001,376,323,268,370,255,323,323,399,391,391,328
"ENSG00000147383",306,271,1574,1301,1154,1493,1689,1362,1453,1568,1623,1316,1357
"ENSG00000147394",141,152.99999,193,124,109,126,112,132,119,45,32,44,44
"ENSG00000147400",748,1036,644,615,556,1606,1938,1249,1301,2202,1871,2033,1998
"ENSG00000147403",1393,3527,17563,14739,14181,20428,23170,20084,18488,17852,17599,15636,15991
"ENSG00000147408",81,129,23,21,15,4,5,1,5,22,22,24,11
"ENSG00000147416",793,927,2763,2722,2457,3201,1984,2679,2887,5298,5007,4118,4585
"ENSG00000147419",771.00001,882,1440,1314,1053,1641,1133,1349,1462,1377,1233,1330,1296
"ENSG00000147421",805.00001,1549,421,356,316,655,292,569,547,780,903,577,632
"ENSG00000147439",282,291,722,623,487,1043,962,1133,1084,1082,1091,864,1080
"ENSG00000147454",420,440,1174,926,888,1988,1425,1835,1942,1201,1350,1060,1196
"ENSG00000147457",428.99999,409,1292,1248,1069,1904,1473,1852,1905,1468,1491,1299,1449
"ENSG00000147459",260.00001,173,195,211,154,76,16,66,48,91,71,48,84
"ENSG00000147465",54,109,67,61,52,36,61,40,72,161,197,184,136
"ENSG00000147471",583.00001,602,1331,1082,1021,1783,1481,1776,1678,2822,2590,2166,2517
"ENSG00000147475",407,370,268,215,207,282,231,200,230,276,237,230,267
"ENSG00000147488",258.99999,624.00001,2,1,6,9,1,0,4,633,991,615,510
"ENSG00000147509",658,1121.00001,12,24,2,49,71,26,35,298,339,423,343
"ENSG00000147526",320,468,219,220,233,205,98,177,135,206,258,266,276
"ENSG00000147533",749.00001,868.00002,1596,1452,1253,1596,1672,1251,1468,2169,2096,2223,1994
"ENSG00000147535",235.00001,340,1068,871,780,1031,1049,966,995,633,707,574,598
"ENSG00000147536",476.00001,516,775,597,576,822,611,868,858,702,632,515,668
"ENSG00000147548",1793.00001,2224,665,672,786,2176,1448,2189,1627,2304,2146,2047,2848
"ENSG00000147576",329.00001,287.00001,51,40,35,113,94,76,125,84,130,106,86
"ENSG00000147586",932.99999,952.00001,1118,1056,901,931,1027,767,783,860,805,755,826
"ENSG00000147592",361,306,353,304,305,358,312,300,288,350,282,437,402
"ENSG00000147601",769.00001,988.00001,8128,7382,6920,1548,1129,1425,1483,916,867,777,814
"ENSG00000147604",846,1079,29457,25523,24080,32070,33395,30695,28073,24444,22590,21041,21278
"ENSG00000147642",158.99999,227.00001,5,8,4,54,36,32,44,138,214,116,99
"ENSG00000147649",2710,2789,700,788,730,826,597,762,710,1103,949,1026,1704
"ENSG00000147650",283.99999,372.00001,203,202,175,622,246,415,455,875,726,751,743
"ENSG00000147654",492,566,318,294,329,400,358,342,350,406,366,356,358
"ENSG00000147655",50,65,21,11,2,111,140,70,146,59,30,110,9
"ENSG00000147669",866,1107,1379,1449,1073,1263,1272,1120,1143,1093,918,1120,1103
"ENSG00000147676",20,42,936,749,733,353,316,263,282,75,55,79,113
"ENSG00000147677",2524,3016,4067,3546,3140,4508,4787,4053,4016,3692,3621,3413,3523
"ENSG00000147679",349,399.99999,388,384,371,469,359,345,386,493,403,389,371
"ENSG00000147684",1934.00001,2119.00001,5336,4726,4600,3233,3972,3122,2833,3547,3845,3849,3919
"ENSG00000147687",591.00001,1219.99999,1133,1074,960,982,1282,883,852,700,564,688,704
"ENSG00000147789",243,296.99999,956,913,687,1169,1035,973,1036,917,816,818,882
"ENSG00000147799",344,260,27,28,46,48,28,45,40,58,76,59,75
"ENSG00000147813",178.99999,157,703,764,949,1133,1309,1233,1104,296,262,399,423
"ENSG00000147852",389.99998,382.99998,1316,1353,1153,657,434,528,556,259,351,291,290
"ENSG00000147853",729,1018,696,757,766,645,587,463,539,1707,1456,1898,1940
"ENSG00000147854",627.00001,1220.99999,275,239,219,471,489,433,390,353,314,324,331
"ENSG00000147862",410,330.00001,102,94,107,0,4,7,3,206,228,140,184
"ENSG00000147872",350,407.99999,2187,1768,1632,5100,4582,4377,4819,3806,3749,3359,3598
"ENSG00000147874",752,954,1818,1778,1536,1630,1072,1488,1472,1438,1472,1272,1485
"ENSG00000147883",19,26,1,4,5,0,0,0,0,9,31,20,20
"ENSG00000147894",334.99999,424.00001,700,741,606,1513,1287,1009,1206,1146,1057,1373,1183
"ENSG00000147905",1015.99999,1799,1033,791,760,1393,1153,1099,1122,1033,975,1056,1080
"ENSG00000147912",415,319,302,221,217,667,636,789,775,363,370,277,460
"ENSG00000147955",808,622,3948,4030,4136,3681,3877,3554,3179,3109,2470,3220,5023
"ENSG00000147996",130.00001,144.00001,346,426,329,482,390,461,510,381,363,329,391
"ENSG00000148019",1182,1834,926,972,857,2053,1477,1869,1847,1499,1230,1294,1654
"ENSG00000148053",290.99999,382.00001,10,14,7,31,23,19,20,474,608,522,705
"ENSG00000148057",190,251,15,10,10,78,54,57,51,33,41,41,52
"ENSG00000148082",163,138,174,96,91,95,78,63,51,400,280,284,359
"ENSG00000148090",409,501,211,286,313,268,324,244,246,290,181,295,371
"ENSG00000148110",576,582,309,243,223,234,292,194,235,207,182,194,216
"ENSG00000148120",950.99998,1261,207,167,181,295,160,214,222,254,342,261,282
"ENSG00000148123",203,593,29,36,19,28,28,31,23,239,217,211,126
"ENSG00000148143",2145.00001,2023,1652,1287,1213,1804,1231,1996,1739,2411,2218,1523,1746
"ENSG00000148153",429,566,504,485,390,1000,770,720,744,1232,1155,1151,1345
"ENSG00000148154",366,466,615,586,467,594,513,454,496,549,493,628,583
"ENSG00000148158",243,320,258,195,190,279,252,268,295,294,361,284,308
"ENSG00000148175",29,25,963,985,761,3425,2367,2285,3119,224,200,260,216
"ENSG00000148180",625,257.99999,1866,1618,1370,7845,5413,6851,7602,4209,3929,3000,3671
"ENSG00000148187",401.99999,544.99999,743,665,587,578,508,559,555,824,684,642,814
"ENSG00000148200",405,399,4925,4893,3946,9194,4986,9570,10170,689,684,551,646
"ENSG00000148204",304,290,29,25,20,255,186,285,278,926,862,587,717
"ENSG00000148218",228.00001,243,365,343,328,755,535,704,847,655,719,596,546
"ENSG00000148219",88.99999,121,841,658,594,529,397,452,596,322,346,302,287
"ENSG00000148225",224.99999,379.99999,65,68,56,225,135,205,206,403,382,372,321
"ENSG00000148229",851,777.99999,2231,1959,1652,2483,3049,2329,2424,4391,3690,4186,4317
"ENSG00000148248",1019,836.00001,6950,6454,6212,6857,5591,6187,6576,4165,4000,3933,4491
"ENSG00000148288",19,21,106,94,66,21,36,25,33,11,19,14,20
"ENSG00000148290",313,294,707,722,894,898,1660,920,674,500,420,584,882
"ENSG00000148291",322,292,612,462,509,465,425,448,439,556,494,448,496
"ENSG00000148296",371,318,1232,1119,1136,1152,785,1100,1048,794,818,710,898
"ENSG00000148297",323,337,2202,1817,1673,1939,1387,1987,1975,1969,2023,1660,1980
"ENSG00000148300",358,313,881,832,725,933,712,944,905,791,808,651,804
"ENSG00000148303",6396.99999,7044,15032,12417,12300,15442,21088,15059,13595,12329,11113,11349,10805
"ENSG00000148308",677,538,3268,2685,2350,3730,3305,3722,4174,3368,3372,2802,2988
"ENSG00000148331",281,292,493,496,466,716,504,772,756,688,627,505,684
"ENSG00000148334",444,363.99999,389,244,439,372,651,525,300,149,162,171,460
"ENSG00000148335",431,352.00001,1675,1270,1086,1143,1543,1052,1187,1317,1362,1239,1298
"ENSG00000148337",1136.99999,1222.00001,988,970,1032,1687,1166,1897,1602,2250,2004,1851,2889
"ENSG00000148339",243.99999,218.99999,150,132,121,91,66,94,98,390,439,280,412
"ENSG00000148341",575,761,193,68,98,130,240,146,119,94,137,90,115
"ENSG00000148343",194,177,612,479,432,478,324,551,580,349,456,320,307
"ENSG00000148344",44,41,281,187,182,245,170,233,216,295,293,246,229
"ENSG00000148356",618.00002,445.99999,733,622,575,601,393,595,532,624,824,595,547
"ENSG00000148357",35,16,181,120,169,104,62,95,138,33,24,36,21
"ENSG00000148358",626,733,744,681,638,1070,620,1028,1040,1084,1059,812,992
"ENSG00000148362",764,714.00001,732,487,535,709,922,731,774,799,862,739,839
"ENSG00000148384",232,177,124,90,97,91,97,147,100,94,145,84,141
"ENSG00000148396",1233,980.99999,1658,1597,1356,1743,680,1768,1907,2084,2308,1301,1700
"ENSG00000148399",325.00001,329,719,757,773,1029,1133,1101,1138,882,761,895,1135
"ENSG00000148400",1315.99999,850.00002,1445,1031,1060,730,541,836,798,1660,2018,1231,1327
"ENSG00000148408",159.99999,434,86,46,45,25,22,30,38,42,40,26,45
"ENSG00000148411",197,96,223,186,133,72,78,86,57,69,49,41,60
"ENSG00000148426",59,32,42,29,33,25,34,16,31,24,31,28,24
"ENSG00000148429",767.99999,948.99999,472,469,468,953,694,857,747,982,735,1006,1182
"ENSG00000148444",383.99999,504.99999,105,89,66,276,400,197,228,1064,928,1134,1053
"ENSG00000148450",595,625,76,103,192,379,513,351,206,294,274,332,501
"ENSG00000148459",215,257,98,66,75,65,125,77,57,63,26,58,100
"ENSG00000148468",603,987,562,315,441,597,469,609,570,1137,1125,944,985
"ENSG00000148481",401,592,317,332,271,458,446,363,354,472,518,608,572
"ENSG00000148484",524,706,2016,1850,1704,1241,1029,1096,1111,1308,1262,1074,1189
"ENSG00000148498",3835,6192.99998,666,528,482,468,472,536,451,1034,1103,869,875
"ENSG00000148516",2356.99998,3715.00001,23,21,16,808,373,649,690,6670,7427,5835,5749
"ENSG00000148541",567,1197.00001,26,30,31,95,59,95,66,477,414,311,323
"ENSG00000148572",272,316,655,598,531,726,729,662,615,688,576,554,549
"ENSG00000148600",38,56,180,153,140,78,45,120,95,241,229,194,283
"ENSG00000148604",31.00001,73.00001,3,1,0,47,23,14,23,184,218,196,91
"ENSG00000148606",757.99999,665.00002,2218,2361,1740,2468,1072,2365,2547,2312,2357,1607,1898
"ENSG00000148634",1924.00001,1464.00001,866,878,670,1133,698,949,973,705,702,694,650
"ENSG00000148660",743,856.99999,323,290,271,401,293,377,314,414,457,335,370
"ENSG00000148672",715,764.99999,965,828,728,834,1088,738,737,842,684,722,915
"ENSG00000148677",71,14,0,1,0,0,1,0,0,24,29,26,28
"ENSG00000148688",495,652.00002,1477,1253,1084,1422,1448,1132,1189,1210,1117,1023,1180
"ENSG00000148690",596,887,193,194,203,231,156,210,227,228,198,189,223
"ENSG00000148700",887,1240.99999,3822,3732,3279,5518,3398,4404,4568,2534,2365,2230,2298
"ENSG00000148719",455,538,904,766,742,816,748,796,849,1224,1276,1145,1140
"ENSG00000148730",2286,2462,2812,3053,3777,5940,4323,6903,4351,3621,2893,3375,6817
"ENSG00000148737",2079.00001,1467.99999,728,680,674,1202,779,1118,1171,1080,988,807,1102
"ENSG00000148773",3265,2958,4161,3040,3052,4788,2727,4761,4175,6443,5527,4191,5616
"ENSG00000148798",803,1064,95,83,65,64,64,62,57,486,555,470,573
"ENSG00000148803",183,157.00001,634,510,475,328,439,341,383,121,124,123,106
"ENSG00000148814",601.00001,625.99999,111,83,74,207,134,215,232,444,445,378,407
"ENSG00000148824",658,744.00001,2642,2170,1874,1535,1735,1653,1656,2302,2232,2068,2136
"ENSG00000148832",61,143,19,18,10,61,80,87,33,35,16,47,106
"ENSG00000148834",714,535.00001,1861,1559,1535,1060,1933,898,880,731,699,904,782
"ENSG00000148835",170.99999,142.00001,175,175,240,398,363,415,334,275,150,289,540
"ENSG00000148840",338,287,3486,3162,2645,2326,1076,2624,2696,1633,1615,852,1546
"ENSG00000148841",197,221,1130,1207,1072,1474,788,1264,1495,385,459,389,402
"ENSG00000148842",161,190,237,243,280,452,351,409,375,188,255,212,329
"ENSG00000148843",528,531,3687,3596,2983,2910,1523,2948,3353,2368,2411,1559,2352
"ENSG00000148848",108,223,3,11,4,97,67,109,80,64,107,76,74
"ENSG00000148908",58,100,26,27,42,111,132,84,99,88,47,73,103
"ENSG00000148925",531,732,1122,1119,861,1454,1262,1150,1318,1672,1589,1601,1546
"ENSG00000148935",70,116,41,29,17,37,60,43,71,91,74,117,67
"ENSG00000148942",52,33,189,139,78,44,16,27,50,23,23,22,12
"ENSG00000148943",684,848,1447,1800,1252,1861,969,1302,1496,1799,1788,1855,2016
"ENSG00000148948",91,80,8,10,6,287,172,236,242,364,229,160,214
"ENSG00000148950",1625.99999,1806.99999,486,434,381,917,1015,813,753,856,841,850,951
"ENSG00000148985",347.00001,375,1728,1404,1227,1357,1059,1360,1337,1116,1134,921,1231
"ENSG00000149016",146,143,1439,1167,1043,1430,1023,1470,1505,1708,1555,1208,1333
"ENSG00000149050",247.00001,459,112,116,93,285,193,227,303,275,269,281,269
"ENSG00000149054",391,435,370,447,376,423,322,354,385,250,139,185,220
"ENSG00000149084",1459,1766,2468,2493,2060,1416,943,918,1290,1034,1055,1047,1051
"ENSG00000149089",689,764,817,697,550,357,346,283,280,534,567,516,592
"ENSG00000149091",438.99999,352.00001,852,602,656,141,167,157,212,160,209,140,180
"ENSG00000149100",2454.00001,2858,6202,5763,5384,4738,4471,4159,4284,4552,3973,4161,4502
"ENSG00000149115",465,409,1024,728,933,927,748,1189,853,676,854,641,1179
"ENSG00000149131",844.00003,712.00001,2960,2339,2086,6770,4645,5773,6618,2714,2737,2233,2381
"ENSG00000149136",1468,1652.99999,2636,2143,1901,3109,2552,3085,3004,4373,4088,3071,4075
"ENSG00000149150",14,27,802,706,610,18,40,44,53,47,67,61,60
"ENSG00000149177",694.00001,844,226,165,195,248,200,227,241,248,215,185,213
"ENSG00000149179",940,1341.99999,1085,868,848,2018,1629,2061,2030,3126,3235,2605,2648
"ENSG00000149182",601.99999,560.00001,2628,2297,1940,2732,2159,2592,2937,3337,3623,2853,3042
"ENSG00000149187",2432.99998,2400.99999,4888,5595,4821,8191,4427,7899,7424,5434,5587,4452,5472
"ENSG00000149196",864,1033,1727,1585,1501,1800,2264,1722,1605,1621,1369,1499,1462
"ENSG00000149201",72,88,18,10,1,15,17,14,6,25,38,21,43
"ENSG00000149212",2212,3628,344,353,261,1438,721,1248,1072,1278,1209,1267,1144
"ENSG00000149218",99,56,54,43,42,34,35,43,45,232,274,272,267
"ENSG00000149231",690.00001,840.00001,339,344,315,614,420,458,547,708,744,698,694
"ENSG00000149243",160,164.00001,6,1,12,15,4,8,3,48,61,38,38
"ENSG00000149256",2163,3075,255,180,215,807,387,736,706,2017,2344,1738,1695
"ENSG00000149257",1152,945,6261,5673,5224,7329,5686,6548,7284,1802,1762,1459,1773
"ENSG00000149260",104,88,595,583,603,786,580,965,837,348,460,331,411
"ENSG00000149262",1563.00002,1595,1389,1355,1112,1768,1248,1611,1683,1868,1829,1593,1677
"ENSG00000149269",1134.99999,1501.00001,3739,3519,3029,2012,1199,1800,1704,1560,1686,1178,1253
"ENSG00000149273",25210.99999,28649,38381,31398,30432,43329,82977,38100,36832,36865,34777,42869,34421
"ENSG00000149289",1097,1331,56,45,34,168,101,130,185,247,323,273,247
"ENSG00000149292",356.00001,546,96,79,84,289,299,222,297,571,556,552,517
"ENSG00000149294",7008.00002,4330,177,159,123,996,467,786,952,4146,5157,3469,3461
"ENSG00000149295",89.99999,128.00001,0,2,1,5,9,2,4,45,50,50,67
"ENSG00000149308",540,634,878,804,779,1111,554,1197,1009,629,625,625,667
"ENSG00000149311",1855.99998,2161.00001,509,575,460,860,285,585,597,639,851,614,604
"ENSG00000149313",1202,1593,1077,1078,916,1923,1220,1350,1511,2617,2272,2319,2472
"ENSG00000149328",340,452,207,142,199,203,99,146,190,1810,1693,1227,1750
"ENSG00000149346",202,399,370,363,275,391,253,368,423,434,385,336,425
"ENSG00000149357",1066.99999,995,2076,1510,1402,1716,2014,1793,1805,1662,1748,1655,1721
"ENSG00000149403",50,36,13,17,14,41,17,26,29,17,23,5,19
"ENSG00000149428",742.99999,688,4582,4754,4007,4101,1941,3706,4038,2441,2878,1812,2592
"ENSG00000149451",27,16,14,16,18,7,23,26,43,1,4,3,1
"ENSG00000149474",548,600,1375,1377,1117,1752,1031,1681,1614,1573,1376,1211,1360
"ENSG00000149476",184.00001,214,1573,1192,1032,1916,1760,2188,2312,1499,1527,1159,1309
"ENSG00000149480",460,460,1245,1492,1391,2097,1268,2114,1946,2175,2069,2028,2744
"ENSG00000149483",441.99998,414.99999,779,628,598,677,593,675,769,626,682,554,447
"ENSG00000149485",2267.99999,2501.99999,4199,4249,4505,7880,6659,7303,7322,9956,9439,8740,11697
"ENSG00000149489",35,30,16,4,12,14,12,12,18,23,36,27,29
"ENSG00000149499",234.00001,134.99999,196,179,173,218,224,262,216,139,121,129,229
"ENSG00000149503",575,405,323,235,250,359,251,402,345,366,375,292,406
"ENSG00000149527",159.99999,110,0,1,0,4,0,1,9,130,152,124,154
"ENSG00000149532",922.99999,1046,1224,1256,1043,1966,946,1867,1898,2274,2298,1602,2168
"ENSG00000149541",476,460,759,606,557,617,623,660,760,913,855,716,789
"ENSG00000149547",1052,1081,4267,4426,4606,4767,4782,4811,4425,2518,2162,2331,3349
"ENSG00000149548",203,218,121,79,94,227,147,185,228,279,228,156,228
"ENSG00000149554",1300.99998,1280,1312,1273,987,1567,1326,1341,1520,1260,948,1017,1155
"ENSG00000149557",527,428.99999,1542,1489,1497,5520,6684,5964,5143,4333,4144,3890,4175
"ENSG00000149571",72,86,5,11,6,24,15,31,36,25,30,19,30
"ENSG00000149577",188.00001,176,287,196,168,307,291,296,321,341,343,292,272
"ENSG00000149582",244,233.00001,408,346,335,387,298,412,398,712,815,548,668
"ENSG00000149591",998.99999,352,4804,3524,3507,266,261,159,126,279,317,370,295
"ENSG00000149599",176,98,0,1,9,39,31,41,11,29,35,37,97
"ENSG00000149600",700.00001,825.00001,896,765,788,1473,2157,1204,1232,2717,2773,3221,2925
"ENSG00000149633",45,39.00001,3,3,0,6,14,15,10,806,725,598,884
"ENSG00000149636",756.00001,681,837,776,710,1142,991,1116,1126,1123,923,939,1031
"ENSG00000149639",1672,1609,671,520,446,869,604,869,835,1260,1124,808,954
"ENSG00000149646",33.00001,48,8,9,14,22,17,9,5,56,104,63,43
"ENSG00000149657",767,575,44,28,17,32,21,39,32,22,30,29,42
"ENSG00000149658",575,543,456,320,326,331,362,375,309,235,291,183,244
"ENSG00000149679",252,173,113,85,70,124,142,195,145,188,187,158,177
"ENSG00000149716",228,297,215,161,176,196,131,184,170,220,228,191,193
"ENSG00000149743",519.00002,568,1487,1113,1038,1197,1187,1110,1158,1494,1782,1377,1416
"ENSG00000149761",219,188,1103,732,785,536,614,535,545,502,558,481,454
"ENSG00000149781",23,21.99998,27,31,22,33,11,20,25,23,23,18,8
"ENSG00000149782",175,149,212,214,188,120,96,117,100,81,70,64,82
"ENSG00000149792",440.99999,406,2429,2003,1814,1797,2689,1712,1708,2061,1931,2233,1927
"ENSG00000149798",36,24,625,397,461,202,190,231,203,318,270,217,300
"ENSG00000149806",8517.99999,8944,8062,6168,5891,4403,5848,4689,4586,4165,4393,3725,4138
"ENSG00000149809",629,660.00003,1391,1236,1238,2066,2094,2067,2212,1284,1327,1160,1328
"ENSG00000149823",610.99999,587,1518,1511,1433,1623,1684,1673,1556,1758,1777,1743,2144
"ENSG00000149922",22,14,21,8,14,18,16,15,29,13,13,3,10
"ENSG00000149923",1823.99999,1771.00001,3505,3120,2963,4421,5588,4125,4247,4287,4392,4163,4174
"ENSG00000149925",4810,3500,67424,51194,48049,66443,61518,63696,68667,31312,33194,24560,25506
"ENSG00000149926",541,425,109,101,83,128,102,145,142,143,145,112,129
"ENSG00000149927",64,70,81,66,66,110,95,124,106,110,143,109,118
"ENSG00000149929",580,546,624,501,441,590,434,628,647,1543,1594,1265,1372
"ENSG00000149930",376.99999,341.00001,540,498,431,659,477,736,761,718,956,561,827
"ENSG00000149932",917,777.99999,1977,1587,1462,2746,3810,2774,2864,2759,2675,2600,2451
"ENSG00000149948",1397.99999,1663.00001,861,705,638,1860,1192,1568,1389,1082,922,851,1145
"ENSG00000149970",350.99999,908,365,396,335,2333,1410,1922,1932,616,604,543,591
"ENSG00000149972",3831,5065.00001,2,1,0,25,10,17,10,17,65,35,18
"ENSG00000150054",263,440,171,133,180,288,157,226,199,151,156,188,160
"ENSG00000150093",1836,2477,6828,7737,6822,5757,3706,4273,4547,4169,3857,3735,4879
"ENSG00000150275",257,293,5,17,5,6,0,1,3,38,25,16,32
"ENSG00000150281",57,62,9,8,2,15,7,9,15,13,14,21,26
"ENSG00000150316",1511.99999,1654,1037,792,836,1226,1409,1145,1117,1402,1390,1295,1508
"ENSG00000150347",151.00001,356,20,19,14,195,132,167,194,1008,1027,760,855
"ENSG00000150361",95,207,0,0,0,0,0,0,0,145,277,154,150
"ENSG00000150394",39,31,368,279,272,242,146,204,241,103,144,103,90
"ENSG00000150401",474.99999,442,356,310,340,412,282,345,378,666,613,567,565
"ENSG00000150403",612.00002,598.00001,816,854,888,1054,755,1061,1023,950,1081,1069,1302
"ENSG00000150433",286.99998,341.99999,684,500,470,1041,1269,939,932,1261,1196,1250,1051
"ENSG00000150455",208,186.99999,136,113,113,129,62,144,102,130,165,134,151
"ENSG00000150456",178,171,109,110,127,207,300,207,181,214,245,258,211
"ENSG00000150457",238,201,177,159,136,84,59,90,89,100,104,112,97
"ENSG00000150459",2011,2333,4161,3581,3392,3668,4317,3227,2939,3986,3816,3662,3783
"ENSG00000150471",7267,12754,349,344,233,1202,673,912,925,1052,1192,1030,1053
"ENSG00000150477",600,497,345,303,331,385,219,238,280,490,546,437,376
"ENSG00000150510",103,110,1091,1181,1341,837,703,1087,875,266,223,294,397
"ENSG00000150527",554.99999,695.99999,400,355,334,411,252,354,311,475,427,359,414
"ENSG00000150540",33,32,83,92,82,59,55,46,39,30,43,46,38
"ENSG00000150551",264.00001,55,42,43,39,94,71,99,87,422,392,446,445
"ENSG00000150556",226,205,27,46,31,42,33,32,26,5,2,8,1
"ENSG00000150593",867.99999,932,856,816,661,2643,1342,2086,2248,3241,2771,2683,2879
"ENSG00000150625",6889,9833,70,64,46,94,75,75,70,3231,3159,3223,2929
"ENSG00000150627",397,527.99999,58,60,37,46,33,49,43,255,236,231,267
"ENSG00000150630",33,69,0,2,4,12,7,17,16,49,23,26,22
"ENSG00000150636",188,201,43,35,34,91,88,64,79,137,134,101,120
"ENSG00000150667",56,77,26,21,13,46,29,27,39,96,93,80,104
"ENSG00000150672",661.99999,783,193,184,146,88,45,68,105,282,267,248,216
"ENSG00000150687",1641,972,271,255,287,5262,4456,4227,4396,3096,3377,3334,3480
"ENSG00000150712",454,614,1258,1377,1242,1145,686,1268,1183,1159,1046,1055,1046
"ENSG00000150722",56,82,22,23,22,34,42,26,31,10,10,9,15
"ENSG00000150753",2558.00001,3121,19989,18130,16109,14739,16422,13321,13273,11133,9795,9761,10260
"ENSG00000150756",362.99999,343,192,170,127,361,297,326,290,253,253,224,273
"ENSG00000150760",655,755,1799,1787,1442,2949,1402,2582,2523,1746,1841,1388,1389
"ENSG00000150764",418.00001,609,453,480,400,945,604,981,854,1260,1177,1180,1230
"ENSG00000150768",650.99999,631,2212,2086,1937,1837,1423,1672,1780,1689,1505,1325,1488
"ENSG00000150773",80,110.99999,22,3,14,73,56,33,41,150,110,116,103
"ENSG00000150776",485,506,547,420,409,804,824,646,768,771,788,663,756
"ENSG00000150779",1696,1905.00001,2209,1879,1823,1800,2999,1856,1605,2058,2195,2048,2049
"ENSG00000150787",527.99999,655,596,535,547,520,521,505,410,501,523,569,559
"ENSG00000150867",396,513,622,719,599,452,295,397,478,549,583,414,631
"ENSG00000150873",13,21,38,30,24,26,21,37,22,60,31,41,56
"ENSG00000150893",25,40,825,842,690,1796,513,1075,1254,325,308,295,296
"ENSG00000150907",201,224,1122,905,821,199,129,160,176,187,261,186,220
"ENSG00000150938",1480,767.99999,180,182,138,68,40,39,78,136,153,138,161
"ENSG00000150961",162,253,2086,2289,1856,1234,584,910,908,926,881,744,1052
"ENSG00000150967",97.99999,93,90,62,75,73,84,80,83,140,149,111,88
"ENSG00000150977",120,135,69,51,60,240,201,204,227,196,243,153,197
"ENSG00000150990",153.99999,150,593,585,586,351,220,389,419,339,318,188,366
"ENSG00000150991",5327,6652,23097,21629,18843,38180,27129,32665,34320,33497,33191,26210,28115
"ENSG00000150995",133,102,170,182,150,148,43,98,97,128,134,108,159
"ENSG00000151006",61,63,34,26,8,15,14,13,25,23,28,25,15
"ENSG00000151012",83,107,350,414,337,406,166,319,267,174,161,132,181
"ENSG00000151014",182,93,59,34,42,38,18,38,26,26,32,38,26
"ENSG00000151023",143.99999,527,3,0,1,6,13,8,19,179,157,200,176
"ENSG00000151062",173.00001,81,9,5,5,112,61,105,115,41,36,32,24
"ENSG00000151065",307,568,1183,955,823,1055,738,921,886,1218,1309,1050,1094
"ENSG00000151067",1332.99999,759.00001,71,44,57,17,12,25,18,29,31,29,21
"ENSG00000151079",17,18,7,12,14,24,27,29,25,18,24,25,63
"ENSG00000151090",794.99999,1693.00001,27,37,18,114,47,90,114,29,39,33,16
"ENSG00000151092",951,917.00002,1025,957,735,1327,989,971,1071,1319,1282,1152,1182
"ENSG00000151093",59,118,64,53,33,96,86,55,69,171,109,163,135
"ENSG00000151116",364.00001,495.00001,278,256,231,280,212,165,231,271,240,251,227
"ENSG00000151117",51.00001,45,61,46,40,82,52,74,120,192,221,237,164
"ENSG00000151131",494.00001,494,2089,1776,1702,1306,884,1227,1128,1124,1208,976,944
"ENSG00000151135",596,746,200,249,228,754,582,599,543,728,500,866,955
"ENSG00000151136",112,115,219,163,130,69,46,64,72,41,86,57,63
"ENSG00000151148",365.99999,350,1005,809,753,1577,861,1450,1647,1428,1634,1240,1302
"ENSG00000151150",718.99999,955.99999,1757,1864,1456,989,456,870,901,1140,1480,984,1065
"ENSG00000151151",197,204,96,178,174,284,81,187,173,187,128,165,229
"ENSG00000151164",18,38,1,2,1,13,1,6,0,32,31,52,34
"ENSG00000151176",272,241,515,531,639,668,475,778,574,381,339,373,720
"ENSG00000151208",696.00001,700.00001,837,719,532,641,528,581,528,862,1098,843,1059
"ENSG00000151229",151.99999,229,93,89,77,42,50,51,36,33,30,28,60
"ENSG00000151233",441,801,158,141,133,340,185,264,234,123,118,143,195
"ENSG00000151239",432,486,685,764,612,823,632,542,588,1203,1131,1344,1326
"ENSG00000151240",1011,948,329,267,267,760,477,818,796,996,1184,832,1119
"ENSG00000151247",1046.00001,1407,6656,6692,5088,8039,6725,5860,6900,6269,5050,6088,6655
"ENSG00000151276",3064,4788.99999,1089,1184,1168,1815,874,1797,1602,2573,2776,2336,2501
"ENSG00000151287",287.00001,395,264,231,217,365,518,339,373,601,440,562,610
"ENSG00000151292",1524.00001,2175,321,296,267,526,394,418,412,340,224,309,575
"ENSG00000151304",374,426,368,356,320,382,262,400,327,304,315,297,303
"ENSG00000151320",756,1172,9,16,12,60,22,36,42,698,994,631,533
"ENSG00000151322",3621,1817.00001,2,2,6,4,2,1,8,142,224,139,168
"ENSG00000151327",672,719,646,611,468,695,588,484,518,771,645,661,742
"ENSG00000151332",425.00001,592.00001,400,396,316,1056,880,754,941,900,804,905,976
"ENSG00000151338",1204,1797.99999,511,460,443,488,217,364,346,411,459,456,405
"ENSG00000151348",694,746.99999,2539,2523,2031,3620,2279,2790,3225,4302,4091,3969,3787
"ENSG00000151353",648.99999,661,949,744,656,817,998,735,748,1103,1047,1058,978
"ENSG00000151364",12,13,932,738,681,563,429,542,589,22,35,33,29
"ENSG00000151366",2330.99999,2693,2416,1871,2065,2274,2344,2337,2255,2659,2802,2477,2569
"ENSG00000151376",506,560,17,18,9,388,551,464,254,311,233,294,486
"ENSG00000151388",369,319,175,129,165,384,224,273,259,242,214,223,204
"ENSG00000151413",435,803.00001,603,588,459,782,494,684,754,761,679,618,673
"ENSG00000151414",561,935,50,73,54,93,85,62,46,84,95,131,77
"ENSG00000151422",1151.99999,1706.00001,507,516,422,610,293,533,547,1291,1225,931,1016
"ENSG00000151445",322.00001,469,838,694,616,1040,1022,978,1025,820,776,811,709
"ENSG00000151458",472,782,788,857,794,1853,717,1664,1479,821,910,768,671
"ENSG00000151461",1054,1191,650,626,536,708,394,678,632,645,639,510,563
"ENSG00000151465",899.99999,1070,6084,5422,4736,4453,5370,3794,4027,3579,3328,3375,3494
"ENSG00000151466",1213.00001,2011,308,290,227,409,249,311,306,493,410,369,439
"ENSG00000151468",70,41,10,16,4,6,13,9,3,41,82,56,40
"ENSG00000151470",103.99999,161,56,81,63,95,140,72,76,176,227,236,181
"ENSG00000151474",1613.99999,2378,270,223,201,204,159,211,181,302,389,230,273
"ENSG00000151490",1141.99999,3084.99997,23,20,23,127,111,126,115,560,574,517,532
"ENSG00000151491",301,410,114,142,109,422,309,350,412,1442,1562,1427,1459
"ENSG00000151498",202.00001,251,2169,1937,1643,1532,1214,1398,1383,1204,1181,1114,1109
"ENSG00000151500",727,868.99999,2390,2053,2002,1961,2752,1825,1804,2287,2213,2257,2218
"ENSG00000151502",526,424,330,158,203,171,177,196,160,295,328,276,315
"ENSG00000151503",1003.00001,1231.00001,1995,1935,1704,1930,1052,1899,1973,2053,1967,1643,1904
"ENSG00000151532",372.00001,474,346,331,245,515,322,387,501,795,706,600,627
"ENSG00000151552",477.00001,373,646,632,518,661,774,669,682,1112,994,996,1130
"ENSG00000151553",388.99999,399,153,173,129,270,192,242,245,186,162,199,317
"ENSG00000151572",58,50,9,14,10,18,1,9,5,20,27,12,36
"ENSG00000151575",569,1067.00001,103,104,96,65,67,45,62,447,461,436,494
"ENSG00000151576",225,222.99999,1269,1124,1015,1180,581,1045,1155,1461,1231,1075,1367
"ENSG00000151611",91,83,91,99,66,210,133,152,165,172,234,175,203
"ENSG00000151612",1590.00001,1247,544,441,420,311,210,325,300,814,894,609,681
"ENSG00000151617",26.00001,115.99999,19,40,19,63,68,81,54,6,3,13,15
"ENSG00000151623",21,83,21,20,9,4,3,4,10,2,10,6,6
"ENSG00000151632",63,77,14,19,19,43,59,35,35,143,203,176,141
"ENSG00000151640",792,697,207,120,147,374,346,404,360,1171,1244,904,1115
"ENSG00000151651",23,18,178,125,145,70,32,50,60,14,18,22,21
"ENSG00000151657",327,366,475,432,362,517,464,458,513,389,353,337,388
"ENSG00000151665",501.00001,590.99999,1038,978,808,1232,1278,981,1148,1275,1097,1198,1240
"ENSG00000151687",246,312,25,8,18,43,30,27,31,33,20,11,16
"ENSG00000151689",166,178,34,23,19,9,3,2,0,67,57,48,65
"ENSG00000151690",112.99999,59,30,33,20,19,7,19,2,19,27,34,16
"ENSG00000151692",822,1193,157,165,168,361,248,337,342,555,466,530,744
"ENSG00000151693",1407,1327,67,45,74,165,75,119,136,228,246,209,266
"ENSG00000151694",1531,1245,800,1018,726,1812,1021,1352,1472,1607,1651,1464,1524
"ENSG00000151718",691,564,852,719,655,305,238,330,315,137,105,125,145
"ENSG00000151725",1214,1277,2133,2040,1823,2924,2709,2634,2634,1747,1359,1413,1613
"ENSG00000151726",291,369,211,201,200,39,6,34,14,170,244,223,151
"ENSG00000151729",996,1056,3418,2879,2571,1887,2464,1616,1567,2135,2092,2130,1940
"ENSG00000151743",282,267.99999,287,291,291,384,303,284,266,587,546,587,555
"ENSG00000151746",681.00001,758,783,782,720,1061,515,785,836,1082,1117,982,989
"ENSG00000151748",332,327.00001,392,348,316,248,210,196,198,146,93,120,178
"ENSG00000151773",301,126,98,66,92,98,73,98,83,42,63,41,57
"ENSG00000151778",150,109,18,14,22,36,86,50,57,109,93,101,145
"ENSG00000151779",1076.00001,2133,1628,1725,1350,2570,1219,2071,2185,3377,3244,2592,2474
"ENSG00000151789",7894.00001,9763.99999,92,99,96,155,86,147,138,102,144,127,97
"ENSG00000151806",477,495,1172,1397,1051,1162,579,1009,1124,1217,984,930,1149
"ENSG00000151834",52,63.00001,28,43,30,202,125,152,217,112,131,110,102
"ENSG00000151835",1082.00001,1593,1109,1209,932,1243,556,1123,836,1531,1425,1342,1236
"ENSG00000151849",551,644,603,581,539,991,427,907,999,763,735,627,677
"ENSG00000151876",82,25,11,16,12,104,115,64,92,62,47,67,77
"ENSG00000151881",155.99999,220.00001,85,66,71,115,122,102,102,171,114,184,164
"ENSG00000151883",398,623.99999,405,314,328,683,337,477,542,412,413,439,418
"ENSG00000151892",908.00001,416.00002,29,21,9,1388,839,1194,1324,1354,1731,1127,812
"ENSG00000151893",732,882,1682,2052,1568,2172,1114,1655,1743,1707,1850,1743,2007
"ENSG00000151914",4049,6347.00003,2913,2528,2240,2997,1337,2311,2225,2327,3338,1964,1738
"ENSG00000151923",1174.00001,1223.99999,477,428,374,507,477,409,440,356,355,322,416
"ENSG00000151929",456,368,69,73,103,170,173,212,119,151,152,155,371
"ENSG00000151967",1215,1568,369,374,293,559,701,457,558,1578,1795,1937,1596
"ENSG00000152056",96,148,188,169,162,112,52,93,96,25,36,58,98
"ENSG00000152061",480,630.00001,1936,2054,1622,649,286,520,585,765,739,601,599
"ENSG00000152076",198.99999,310,125,60,113,254,192,269,270,540,575,498,639
"ENSG00000152078",92,89,46,72,68,135,76,128,138,180,119,208,240
"ENSG00000152082",3857.00001,3789,626,527,733,847,1592,1056,866,1410,1217,1389,1947
"ENSG00000152092",837,925,233,254,199,1000,423,974,865,4078,5048,3152,3364
"ENSG00000152102",1516,1679,1059,1013,999,1520,977,1483,1354,2566,2308,2330,3622
"ENSG00000152104",210,155,2072,1959,1717,1185,516,1081,1030,369,437,326,418
"ENSG00000152127",414.99999,408.00001,406,330,301,276,236,301,225,277,284,232,275
"ENSG00000152128",37,38,14,10,6,29,30,35,31,76,76,66,54
"ENSG00000152133",341,277,98,95,60,283,204,204,270,385,361,328,355
"ENSG00000152137",84,72,205,177,137,10,16,12,4,124,156,156,145
"ENSG00000152147",250,242,651,529,527,609,717,577,567,442,425,445,513
"ENSG00000152154",470.00001,611,59,40,37,36,49,39,31,109,85,92,146
"ENSG00000152193",366,477,507,490,369,1176,761,919,994,1566,1234,1321,1433
"ENSG00000152208",52,152,1854,1810,1389,11,11,14,23,20,18,12,10
"ENSG00000152217",687,831,81,57,51,270,177,194,232,652,704,539,539
"ENSG00000152219",450,521,558,598,516,823,662,683,741,914,741,789,917
"ENSG00000152223",586,972.99999,423,435,341,569,232,485,545,437,498,411,358
"ENSG00000152229",135,203,142,153,120,133,92,148,106,378,389,351,375
"ENSG00000152234",4101,5084,29642,26759,23592,28856,28455,24597,25826,29323,26793,27545,26421
"ENSG00000152240",1228.00001,1355,1572,1462,1310,2007,3118,1739,1578,2167,2034,2498,2334
"ENSG00000152242",281,313,641,675,503,768,360,515,641,944,896,810,816
"ENSG00000152253",673.00001,755,669,690,614,1166,1204,1007,1046,1115,1021,1043,1196
"ENSG00000152256",462.00001,845,1519,1672,2112,3862,3479,3754,2908,1199,881,1349,2186
"ENSG00000152270",568,774,216,279,251,470,219,401,334,432,311,481,772
"ENSG00000152284",829,708,928,707,705,319,222,313,342,432,412,300,326
"ENSG00000152291",460,403,2406,2351,2020,3092,1435,2779,3158,2630,2855,1884,2285
"ENSG00000152332",561,546,545,575,495,631,334,568,555,565,554,498,433
"ENSG00000152348",268,463,612,458,473,625,645,575,684,437,453,416,462
"ENSG00000152359",285,249,219,211,185,270,381,258,269,504,424,500,478
"ENSG00000152377",2235,1553,336,469,424,1381,756,977,942,1169,1364,1330,1628
"ENSG00000152380",80,108,6,0,2,15,10,14,11,50,28,49,50
"ENSG00000152382",349,348,1143,1048,852,2040,2020,1423,1701,2438,2104,2539,2349
"ENSG00000152402",193,164,3,3,4,21,6,9,3,81,52,87,69
"ENSG00000152404",420,788,362,263,302,441,295,436,429,364,364,283,316
"ENSG00000152409",295,265,249,174,166,205,182,261,207,180,137,131,179
"ENSG00000152413",320,350,420,466,381,529,408,476,459,199,146,198,336
"ENSG00000152422",214,329.00001,287,290,291,457,317,355,366,305,305,307,362
"ENSG00000152433",69,50,65,76,57,80,77,51,61,56,57,49,65
"ENSG00000152439",81,136,314,268,251,317,258,336,325,299,374,349,255
"ENSG00000152443",172,285,429,420,308,755,338,568,636,840,795,816,697
"ENSG00000152454",46,69,420,399,322,470,407,451,515,288,273,257,264
"ENSG00000152455",557,541.00001,860,895,739,1166,957,1108,1117,1316,993,1135,1419
"ENSG00000152457",1116.99999,1344.00001,485,431,402,567,352,470,523,718,796,638,751
"ENSG00000152464",219,254.00001,634,612,546,608,598,594,590,412,443,329,436
"ENSG00000152465",493,508.99999,349,348,326,670,527,609,634,1089,1237,1059,1013
"ENSG00000152475",57,74,75,97,99,103,103,163,110,116,94,128,192
"ENSG00000152484",425,381,138,103,81,146,83,107,96,83,76,91,107
"ENSG00000152492",881,1023,223,197,234,507,439,473,314,703,583,687,1154
"ENSG00000152495",381,1425,76,92,58,111,55,87,66,416,435,377,423
"ENSG00000152503",746,800,418,516,370,628,309,509,567,1035,1126,891,830
"ENSG00000152518",1559,1410,295,213,194,391,236,368,346,307,399,267,434
"ENSG00000152520",980,1417,376,494,387,626,253,398,427,481,428,373,589
"ENSG00000152527",44,57,126,123,85,152,76,118,126,83,75,80,87
"ENSG00000152556",1514.00001,1947.00001,3542,3065,2755,4854,3278,4346,4507,3671,3973,3009,3265
"ENSG00000152558",1067.99999,1321.99999,1973,2248,1729,4744,3877,3034,3541,3871,2836,3972,3921
"ENSG00000152578",2826.00001,3246,514,628,431,283,190,169,195,129,253,220,181
"ENSG00000152580",21,18,14,41,36,42,7,19,13,3,8,9,4
"ENSG00000152582",387,718.99999,3,15,14,87,55,69,58,185,186,150,187
"ENSG00000152583",357,260,50,43,55,6,22,11,10,43,71,50,23
"ENSG00000152601",788.99999,1255,259,274,180,202,96,185,153,732,698,692,654
"ENSG00000152620",376,570,166,190,159,410,283,327,287,335,262,302,346
"ENSG00000152642",75,62,194,216,146,115,72,81,75,350,341,343,361
"ENSG00000152661",1940,3282,9009,9083,7210,6274,4871,4318,5098,2642,2068,2493,2589
"ENSG00000152683",826,692.99999,1125,1183,848,1247,746,937,1275,784,687,781,771
"ENSG00000152684",270,253,878,728,727,901,862,800,759,885,667,619,772
"ENSG00000152700",467,507,832,747,684,854,764,617,661,921,961,925,835
"ENSG00000152749",258,351,386,412,348,511,416,414,483,539,495,575,493
"ENSG00000152760",23,45,29,14,23,12,14,0,3,44,34,36,27
"ENSG00000152763",149.00001,266,28,27,22,88,68,78,77,153,145,193,145
"ENSG00000152767",1729.99999,1862.99998,1043,714,724,1093,854,1098,1083,1537,1755,1332,1656
"ENSG00000152778",132,252,164,150,119,547,429,373,377,1007,968,1026,934
"ENSG00000152782",376,348,286,233,221,348,261,376,233,162,119,111,198
"ENSG00000152795",6523.99999,7447.99999,4673,4620,3567,5885,4564,5193,5285,7391,6434,6414,7496
"ENSG00000152818",1338,2367,1617,1591,1540,1282,478,971,1039,2002,2340,1489,1510
"ENSG00000152894",2258.00002,2646.00002,1795,1770,1491,1921,825,1583,1600,2177,2153,1843,1768
"ENSG00000152904",340,439,1362,1389,1049,2521,2137,1984,2173,2120,1975,2009,2148
"ENSG00000152910",279,497,0,0,0,2,8,10,19,53,47,33,48
"ENSG00000152926",550.99999,882.00001,71,108,96,175,97,172,189,272,299,276,273
"ENSG00000152932",68,84,399,421,374,273,299,206,235,439,514,407,385
"ENSG00000152939",50,45,890,899,761,739,416,571,610,36,31,47,21
"ENSG00000152942",960,1134,881,920,776,1194,782,950,1091,776,739,700,769
"ENSG00000152944",504,649,878,810,777,964,807,781,732,950,806,753,904
"ENSG00000152952",1256,1620,471,502,429,358,242,208,229,561,485,471,571
"ENSG00000152953",18,24,52,50,84,235,177,213,185,9,29,32,30
"ENSG00000152954",92.99999,89,7,6,3,3,3,2,2,112,136,114,123
"ENSG00000152969",57,63,37,42,38,24,46,44,22,2,14,20,25
"ENSG00000152977",716,730,4,6,1,22,8,19,9,1364,937,1074,1497
"ENSG00000152990",984,1463,581,400,393,409,417,448,343,509,430,403,477
"ENSG00000153006",1088,1122,421,444,366,630,508,499,440,515,508,482,547
"ENSG00000153012",57,75,88,41,42,57,32,25,37,130,90,83,106
"ENSG00000153015",1217,1604.99999,1703,1520,1307,2185,1670,1822,1817,1442,1373,1301,1389
"ENSG00000153037",883,831.00001,1356,1255,1001,1059,1053,948,1026,1037,954,911,1032
"ENSG00000153044",772.99999,818,873,809,776,1379,1227,1232,1320,968,693,797,1007
"ENSG00000153046",831,824.00001,2312,2085,1778,1035,810,1049,1025,300,250,251,334
"ENSG00000153048",1655.99999,1849.00001,2764,2093,2111,2870,2785,2669,2862,1916,2408,1744,2030
"ENSG00000153066",352,269,71,33,45,42,72,54,48,83,112,121,142
"ENSG00000153071",104,161,120,118,90,271,143,198,221,179,224,233,228
"ENSG00000153094",357,312.99999,212,185,246,854,511,745,653,173,180,220,196
"ENSG00000153107",366,509,3698,4415,3424,3379,1409,3004,3031,2631,2456,1967,2083
"ENSG00000153130",1333,1658,829,866,680,1574,1952,1122,1202,1581,1342,1725,1608
"ENSG00000153132",759,923,160,138,127,540,465,400,566,891,833,756,798
"ENSG00000153140",663,837.00001,417,415,382,601,736,445,544,660,467,577,682
"ENSG00000153147",2378,2693,6486,7570,6302,9897,4843,8475,8422,8069,7106,7199,8099
"ENSG00000153157",363,163,8,21,18,42,20,43,34,23,26,25,37
"ENSG00000153179",117,121,120,103,92,83,46,75,48,32,35,22,45
"ENSG00000153187",7551,8526.99999,8014,10240,10085,15814,9211,15948,12999,10863,8867,10889,16785
"ENSG00000153201",1170,1403.00001,2792,3336,2675,3527,1215,3101,2943,3012,2927,2325,2347
"ENSG00000153207",1404,1644,1241,1501,1478,1992,977,1865,1650,1300,999,1130,1542
"ENSG00000153208",105,148,232,218,176,170,122,171,213,505,549,476,459
"ENSG00000153214",217,267,204,239,230,406,182,375,374,149,151,141,192
"ENSG00000153237",328,306,28,16,8,89,75,61,50,112,103,93,99
"ENSG00000153246",71,70,19,22,20,16,37,21,29,8,6,8,7
"ENSG00000153250",1370,1091,649,564,526,985,705,737,755,400,419,416,507
"ENSG00000153253",485,329,1,1,0,21,14,17,7,159,265,215,165
"ENSG00000153266",456,500,1,0,1,8,11,3,11,303,288,201,321
"ENSG00000153291",193.99999,238,51,46,26,106,67,77,101,125,124,125,105
"ENSG00000153310",1036,1198.99999,2828,2625,2237,3968,3851,3151,3510,3009,2409,3035,3108
"ENSG00000153317",1138,1897,444,384,366,531,375,544,426,1023,851,762,1090
"ENSG00000153339",741,973.99999,616,641,687,762,551,656,615,454,379,513,705
"ENSG00000153391",236.99999,275.99999,563,537,465,438,658,392,398,311,352,329,348
"ENSG00000153395",787,592,1506,997,1081,608,594,585,508,372,335,313,403
"ENSG00000153404",1612,685,1592,1258,1158,1424,1077,1651,1760,1463,1717,1079,1151
"ENSG00000153406",476.99998,277,579,507,403,670,782,551,643,134,170,78,112
"ENSG00000153443",193,132.00001,86,66,71,41,27,33,53,38,61,43,59
"ENSG00000153485",315,335,363,373,272,410,509,337,388,600,498,671,629
"ENSG00000153487",383,423,287,242,220,361,406,264,325,225,232,203,223
"ENSG00000153531",51,54,19,18,7,21,28,21,24,71,79,56,54
"ENSG00000153551",236,235,362,295,409,397,478,516,438,299,257,300,678
"ENSG00000153558",543,606,140,152,131,313,297,192,265,599,663,614,627
"ENSG00000153560",767,765,374,270,246,394,332,407,346,296,264,289,354
"ENSG00000153561",667,778,1558,1535,1195,1839,1062,1590,1755,1719,1548,1291,1750
"ENSG00000153574",313,385,509,493,428,521,427,493,503,954,790,724,927
"ENSG00000153707",2622,7455.99999,386,334,242,940,576,767,769,585,599,519,476
"ENSG00000153714",345,235,0,10,6,26,18,30,13,37,75,40,37
"ENSG00000153721",183,194,100,101,95,349,309,391,305,291,249,260,298
"ENSG00000153767",196,221,2549,2597,2199,1352,1032,1070,1260,788,651,803,637
"ENSG00000153774",1761,1807,1509,1308,1162,1997,1533,1880,1806,1904,2035,1427,1768
"ENSG00000153786",315,267,309,179,198,258,270,286,242,149,154,141,180
"ENSG00000153789",68,96.99999,0,3,2,10,11,4,6,65,60,59,61
"ENSG00000153790",54,79,17,15,16,18,13,23,23,73,49,75,56
"ENSG00000153814",236,245,180,204,145,64,38,49,60,284,327,328,284
"ENSG00000153815",1054,946,83,49,66,53,43,52,59,75,91,77,81
"ENSG00000153827",2684,4253.00001,1917,2143,1790,3238,1208,2773,2856,3356,3299,2537,2921
"ENSG00000153832",257,295,371,369,290,454,366,342,392,495,388,413,522
"ENSG00000153879",645,691,906,993,929,1812,1188,1635,1551,1693,1528,1480,1864
"ENSG00000153885",353,350.99999,421,335,361,415,494,526,509,883,869,784,814
"ENSG00000153896",143,195,183,194,132,277,263,289,283,417,442,367,493
"ENSG00000153902",153,162,65,75,41,22,10,15,23,76,124,82,140
"ENSG00000153904",639,410,590,594,422,205,173,194,201,658,604,526,737
"ENSG00000153914",1683.99999,2095.99998,1032,1088,951,1797,1031,1563,1564,2453,2238,1937,2224
"ENSG00000153922",1702,2616,930,1074,981,1924,945,1830,1664,1296,1204,989,1280
"ENSG00000153930",33,17,0,0,0,3,0,2,0,60,52,23,40
"ENSG00000153933",98,79,149,109,147,160,91,69,105,153,124,139,141
"ENSG00000153936",753,1273,572,612,485,827,446,620,735,1804,1493,1559,1646
"ENSG00000153944",9956,9632,342,235,297,553,352,503,498,759,865,699,775
"ENSG00000153956",1941.00001,5781.99999,250,217,203,57,16,48,35,145,98,169,116
"ENSG00000153975",234,271,484,451,415,504,369,373,430,347,332,351,349
"ENSG00000153976",183,210,4,13,6,6,8,10,10,45,36,48,34
"ENSG00000153982",334,251,106,101,97,160,131,140,145,249,194,220,229
"ENSG00000153989",354,380,746,863,950,934,697,749,857,472,356,447,726
"ENSG00000153993",96,156,74,65,37,26,2,15,24,72,106,107,85
"ENSG00000154001",1358,2313.99999,803,953,946,1840,1125,1545,1343,1026,793,1146,1763
"ENSG00000154027",60,72,63,77,77,21,22,42,22,30,19,54,44
"ENSG00000154040",139,157,280,338,231,188,126,156,159,87,101,66,99
"ENSG00000154059",395,465.99999,1338,1458,1090,1341,927,1135,1178,928,741,851,940
"ENSG00000154079",248,317,345,260,267,538,534,316,356,381,362,439,368
"ENSG00000154096",81,119,17619,13725,12389,2791,2500,2652,2820,935,917,737,962
"ENSG00000154099",28,95,11,11,7,15,11,10,13,31,35,30,24
"ENSG00000154114",309.99999,396,226,306,220,424,186,308,279,410,379,448,364
"ENSG00000154118",173,82,248,147,176,144,192,169,171,61,78,66,96
"ENSG00000154122",462,478,61,47,30,27,32,21,17,283,281,257,310
"ENSG00000154124",322,330,187,191,100,218,157,192,196,230,140,170,234
"ENSG00000154127",26,29,238,311,200,146,88,107,140,159,121,118,189
"ENSG00000154134",68,40,284,213,216,166,138,174,191,560,822,530,536
"ENSG00000154144",361,354.00001,865,735,585,579,480,519,550,794,699,734,770
"ENSG00000154146",143,82,5,1,2,15,10,28,17,47,43,45,66
"ENSG00000154153",240,276,34,22,24,27,18,33,18,49,39,38,55
"ENSG00000154162",56,96,3,0,6,4,3,4,11,52,75,62,32
"ENSG00000154174",598,707,910,1074,1003,1157,900,939,899,1000,743,961,1364
"ENSG00000154175",102.99999,95,5,2,2,8,0,1,2,30,53,31,24
"ENSG00000154217",277.00001,243,178,153,123,88,88,86,94,128,126,123,171
"ENSG00000154222",262,272,289,206,201,449,304,430,549,265,361,233,287
"ENSG00000154229",221,110.99999,235,190,183,22,17,45,49,53,75,50,51
"ENSG00000154237",140,41,43362,35978,32659,509,261,478,433,167,210,162,113
"ENSG00000154240",2415.00001,5069.00001,147,112,101,202,92,188,184,406,399,318,350
"ENSG00000154265",91.99998,119.00001,19,37,18,93,71,117,104,85,110,109,95
"ENSG00000154277",3329.00001,3864,8882,7622,7110,5444,5312,5341,5143,5871,5162,4688,5381
"ENSG00000154305",607,711,1242,1172,1125,1883,722,1681,1840,1517,1610,1265,1391
"ENSG00000154309",487.99998,528,557,514,496,438,288,384,445,401,480,386,313
"ENSG00000154310",816.00001,1753,728,698,589,397,172,283,299,279,304,277,188
"ENSG00000154319",132,164,13,16,7,159,97,142,134,1095,1190,829,974
"ENSG00000154328",389.00001,503,785,664,698,1225,1056,1088,1177,1150,1227,938,1216
"ENSG00000154330",487,349,0,4,0,18,8,14,3,52,50,57,19
"ENSG00000154358",516,829.00001,893,570,573,690,429,832,971,476,524,379,480
"ENSG00000154359",227,285.99999,281,252,226,250,254,217,188,126,121,106,149
"ENSG00000154370",151,242,224,131,206,238,291,350,235,145,154,132,270
"ENSG00000154380",2589.99999,3230,2378,2321,1977,3101,1758,2454,2577,2999,2594,2243,3205
"ENSG00000154429",251,265,113,120,96,219,140,137,164,187,146,140,159
"ENSG00000154447",412,478,496,457,476,782,368,772,665,1235,1568,1027,1143
"ENSG00000154473",1365,1702.99999,8874,8249,6639,6872,6176,5865,6445,8168,7532,7602,8282
"ENSG00000154479",293,325,12,7,6,27,21,39,29,79,46,34,60
"ENSG00000154511",262.99999,366.99999,241,250,213,268,174,191,228,333,299,269,347
"ENSG00000154518",3123,3658,11548,10100,8785,7475,8526,6940,6779,8489,7772,8221,8086
"ENSG00000154529",101,604.99999,32,33,29,296,225,270,219,368,329,368,508
"ENSG00000154548",444.99999,559,154,139,153,413,427,365,416,601,534,515,627
"ENSG00000154553",136,179,98,95,77,188,205,173,114,2610,3194,2695,2098
"ENSG00000154556",1946.99999,3813,2433,2266,1892,446,308,399,378,1431,1806,1284,1276
"ENSG00000154582",1441,1669.99999,1759,1599,1500,1424,1680,1355,1274,1336,1298,1367,1442
"ENSG00000154639",1234,2223,8204,8422,6977,10104,5966,7150,8966,4942,4505,4573,5267
"ENSG00000154640",947.00001,1209,353,416,385,353,303,286,281,1603,1364,1604,1729
"ENSG00000154642",305.00001,435.99999,541,635,515,834,508,667,720,602,481,571,535
"ENSG00000154645",53,49,42,38,43,55,26,30,22,231,110,160,257
"ENSG00000154654",66,82,11,9,6,37,14,14,28,49,52,64,41
"ENSG00000154655",34,47,21,33,23,10,9,27,10,35,23,33,29
"ENSG00000154678",186.00001,190,1,2,2,26,12,11,29,127,176,135,171
"ENSG00000154710",705,756.00001,681,744,541,886,578,897,870,723,754,647,722
"ENSG00000154719",683,710,2138,2211,1641,1941,1803,1517,1509,1492,1258,1405,1630
"ENSG00000154721",500.99999,398,126,114,112,172,83,96,110,1548,1598,1283,1467
"ENSG00000154723",3156.99999,3541,3424,2908,2900,3098,3504,2981,2732,3189,3205,2738,3268
"ENSG00000154727",456,563,585,790,587,1117,564,765,880,1088,922,896,994
"ENSG00000154734",230.00001,246,718,796,650,545,261,557,593,578,538,469,598
"ENSG00000154736",16,13,42,38,37,2,6,3,0,23,17,11,17
"ENSG00000154743",1595.00001,783.00003,753,627,494,665,405,594,604,928,855,760,904
"ENSG00000154764",20,14,1,4,0,0,5,2,1,425,450,415,478
"ENSG00000154767",744.00001,572.00001,2276,2130,1722,1402,754,1632,1592,2242,2319,1768,2043
"ENSG00000154781",495,459,304,253,231,464,334,378,400,466,477,349,429
"ENSG00000154803",231,203,445,384,407,743,467,665,627,425,683,466,495
"ENSG00000154813",659,665,1063,1131,931,1551,1640,1394,1315,1607,1425,1436,1471
"ENSG00000154814",517.00001,378.00001,544,507,435,527,517,510,551,489,444,348,387
"ENSG00000154822",182,361,135,93,107,137,139,174,141,230,153,169,174
"ENSG00000154832",428,457.99999,1777,1403,1220,1605,1469,1537,1705,1787,1983,1437,1616
"ENSG00000154839",298,279,525,566,426,833,623,769,827,731,683,704,776
"ENSG00000154845",1126.99999,1270,1195,1009,821,1296,959,1245,1155,1831,1588,1443,1528
"ENSG00000154856",516.99999,847,41,21,12,37,71,29,41,93,92,132,22
"ENSG00000154864",320.00001,395,451,394,426,122,62,80,77,129,110,70,132
"ENSG00000154889",141.00001,247.99999,329,276,250,232,203,188,210,397,394,389,352
"ENSG00000154914",247.99999,354.00001,84,65,51,3,1,5,5,76,93,59,97
"ENSG00000154917",523,538,106,197,176,938,644,765,677,767,805,619,933
"ENSG00000154920",237,225,635,570,492,926,647,958,1072,715,642,554,637
"ENSG00000154928",115,81,440,446,351,1992,1288,1921,1943,803,811,870,1050
"ENSG00000154930",179,56,8,9,1,0,4,3,1,27,18,15,33
"ENSG00000154945",385,388,484,470,366,591,388,554,498,518,470,392,485
"ENSG00000154957",93,171,338,292,258,306,264,353,330,334,312,236,282
"ENSG00000154978",675,1353.99999,766,555,551,607,796,622,572,978,1109,889,1197
"ENSG00000155008",301,356,300,240,243,368,203,244,329,689,665,693,762
"ENSG00000155016",97,75,104,71,79,82,67,64,69,70,77,90,96
"ENSG00000155034",336,202,623,488,521,466,284,472,381,278,318,187,305
"ENSG00000155052",92,94,26,6,16,32,6,26,20,44,81,33,41
"ENSG00000155066",26,50,90,78,65,45,16,33,58,15,21,6,12
"ENSG00000155085",351.99999,558.00001,87,106,78,168,93,107,77,307,371,360,342
"ENSG00000155090",491,230,1016,1018,855,1372,682,994,1111,935,962,724,792
"ENSG00000155093",1065,667,3,6,9,19,14,25,17,86,91,71,67
"ENSG00000155096",1264.00001,1598,9523,10973,8523,5610,4186,4549,4701,6670,5801,6186,6095
"ENSG00000155097",654,581,1726,1863,1405,1373,940,1142,1186,1186,1231,1167,1062
"ENSG00000155099",303.00001,441,1144,1038,910,1241,917,844,995,785,824,799,701
"ENSG00000155100",241,383,462,563,444,485,240,415,469,307,250,279,235
"ENSG00000155111",699,1403.00001,129,103,90,258,150,218,198,423,360,296,470
"ENSG00000155115",1381,1545,1500,1358,1297,1496,1236,1349,1320,1662,1513,1243,1690
"ENSG00000155158",284,290,249,227,218,171,112,108,141,107,141,121,107
"ENSG00000155189",1171,1189,1595,1636,1249,1032,806,880,973,523,390,433,421
"ENSG00000155229",915.00002,1112.99999,4451,4069,3176,5362,3268,4971,5362,2771,2963,2226,2477
"ENSG00000155252",212,341,344,261,212,304,207,336,286,325,255,203,248
"ENSG00000155254",234,198,372,328,274,253,260,320,280,78,47,47,81
"ENSG00000155256",299.99998,307.00001,887,743,585,965,635,762,1010,1210,1391,1114,1235
"ENSG00000155269",135,45,35,38,35,8,9,12,9,0,3,5,5
"ENSG00000155275",127,146.99999,205,228,175,319,232,287,268,193,139,160,193
"ENSG00000155287",158.99999,211,115,46,62,63,85,70,61,60,76,45,51
"ENSG00000155304",657,867,809,952,797,1879,1123,1031,1419,2124,1833,2255,2132
"ENSG00000155313",1450,900.00001,243,192,208,116,88,110,102,201,164,172,216
"ENSG00000155324",145,255,254,300,254,322,224,286,296,93,113,93,90
"ENSG00000155329",376.00002,525,485,548,407,694,647,427,494,594,429,613,545
"ENSG00000155330",462,498,310,271,216,456,363,361,346,442,397,414,471
"ENSG00000155363",557.99999,537,2384,2008,1815,3143,2020,3115,3301,1278,1425,1050,1385
"ENSG00000155366",1283.00001,904,1533,1116,1116,1047,1614,873,899,1381,1571,1552,1333
"ENSG00000155367",18,22,333,391,431,289,288,263,225,26,46,39,57
"ENSG00000155368",1624,2557,3842,3141,3199,4465,5166,4493,4387,2929,2939,2608,2940
"ENSG00000155380",2011,2473,15351,15455,12354,6542,3388,5241,6491,4641,4063,3554,4054
"ENSG00000155393",328.00001,269,110,145,109,110,136,132,94,78,57,77,153
"ENSG00000155438",890,1027,1671,1612,1405,1314,1212,1248,1174,1114,1008,901,1095
"ENSG00000155463",1111,1009.00001,2130,1929,1576,1867,1452,1626,1902,1942,1968,1609,1822
"ENSG00000155506",1641,1476.00001,5370,4142,3823,2620,1737,2717,2758,2401,2576,1805,2490
"ENSG00000155508",635.00001,830.00001,1822,1637,1442,2353,2188,1905,2196,2469,2243,2362,2376
"ENSG00000155511",581.99999,1030,17,13,13,97,46,68,91,873,1094,759,759
"ENSG00000155530",166,160,87,79,56,14,8,8,8,60,61,49,59
"ENSG00000155542",188,140,90,91,96,150,133,113,89,105,104,93,104
"ENSG00000155545",306.99999,409,513,640,397,923,504,550,674,727,571,714,549
"ENSG00000155561",879,1087,6403,6805,5662,6394,2626,5405,5727,5202,4554,4024,4505
"ENSG00000155592",235,272,382,373,334,549,249,503,486,858,637,688,971
"ENSG00000155621",530,334,217,211,189,148,131,132,121,201,232,218,178
"ENSG00000155629",19,13,22,17,14,5,1,11,2,16,8,11,26
"ENSG00000155636",238,384.99999,350,311,248,382,318,302,340,358,427,347,401
"ENSG00000155657",1191,1558.00001,457,309,365,222,124,162,200,252,348,230,122
"ENSG00000155660",1465,1489,14798,13322,11829,8603,6005,7524,8639,7325,7662,5899,6912
"ENSG00000155666",92,84,282,239,234,307,265,355,333,351,310,258,251
"ENSG00000155719",13,14,4,9,3,9,11,20,29,13,20,21,12
"ENSG00000155729",157,159,127,96,100,136,95,116,121,129,114,159,183
"ENSG00000155744",600,539,225,245,196,523,245,516,466,473,511,379,444
"ENSG00000155755",561.99999,746.00001,1214,1113,917,1741,1261,1424,1629,2206,2095,2021,2147
"ENSG00000155760",161,198,1269,935,957,443,455,496,494,458,567,470,549
"ENSG00000155761",172,366.99999,7,11,1,16,16,33,12,54,59,45,46
"ENSG00000155816",793,1155,1,11,2,19,10,13,31,96,77,66,103
"ENSG00000155827",605,716,1544,1612,1375,2132,1221,2007,2027,2339,2367,1954,2224
"ENSG00000155846",12,25,602,506,466,101,74,166,164,98,76,60,72
"ENSG00000155849",114,70.99999,461,397,394,554,293,438,487,1032,1046,847,877
"ENSG00000155850",201,218,615,683,515,974,420,711,835,670,783,602,723
"ENSG00000155858",120,158,77,75,77,110,102,117,78,133,124,109,120
"ENSG00000155868",258,323,448,390,287,503,520,473,446,466,386,449,458
"ENSG00000155876",419,423,1114,1259,1217,1863,1953,1634,1542,1548,1470,1688,1865
"ENSG00000155893",755.99999,748.00001,600,609,485,1154,698,868,1096,1819,1749,1559,1539
"ENSG00000155897",16,13,114,118,126,138,99,106,113,63,61,58,67
"ENSG00000155903",639,777,239,311,223,512,277,424,406,251,218,226,325
"ENSG00000155906",489.00002,697.00001,453,408,352,536,534,513,537,568,607,602,574
"ENSG00000155957",1295,1202,748,668,584,965,884,682,736,872,891,1052,1030
"ENSG00000155959",1152,1391,2253,2271,1957,3018,2505,2410,2548,3150,2636,2957,3209
"ENSG00000155961",132,144,302,356,259,417,306,308,305,620,628,573,498
"ENSG00000155966",109.99999,128,61,60,47,113,83,115,126,127,129,99,119
"ENSG00000155970",451,741,22,24,25,48,36,34,29,44,25,50,70
"ENSG00000155974",1200,2543.00001,97,59,80,140,60,106,81,243,243,227,228
"ENSG00000155975",530,641,865,874,663,1033,709,922,920,735,672,663,671
"ENSG00000155980",282.99999,358,321,240,248,325,192,333,275,732,986,574,712
"ENSG00000156011",723.00001,1113,278,306,242,802,378,846,666,1864,1900,1565,2010
"ENSG00000156017",235.00001,323.00001,263,265,271,269,209,247,175,100,73,117,257
"ENSG00000156026",436.00001,535.99999,1148,1378,1253,1875,1113,1594,1586,980,890,985,1231
"ENSG00000156030",379,449,273,281,227,523,267,489,424,577,606,439,750
"ENSG00000156042",122,181,6,12,8,29,23,30,28,63,71,57,68
"ENSG00000156050",72,83,30,7,18,103,66,97,97,254,243,193,205
"ENSG00000156052",859,1443,573,543,415,531,473,611,475,656,601,584,690
"ENSG00000156103",574,688,476,527,377,498,188,352,519,775,636,507,552
"ENSG00000156110",841,1033.99999,1348,1089,920,1361,1358,1101,1062,1807,1555,1605,1849
"ENSG00000156113",557.99998,1025,58,50,72,77,42,63,78,42,55,40,41
"ENSG00000156136",460,641.00001,515,642,503,875,785,589,641,1066,972,1286,1154
"ENSG00000156140",119,154,58,43,58,92,58,56,70,50,56,42,62
"ENSG00000156162",445,513.99999,441,537,340,603,270,344,482,922,739,1005,944
"ENSG00000156170",765.99999,892.00001,512,456,517,399,357,351,272,530,420,533,564
"ENSG00000156171",517.00001,759.99999,1141,1115,985,1228,1304,883,990,835,958,1025,928
"ENSG00000156172",97,106,119,87,87,161,131,160,184,237,218,286,249
"ENSG00000156232",328,260,48,18,24,22,13,24,16,58,59,43,35
"ENSG00000156239",137,203,410,431,435,878,525,610,787,744,742,736,672
"ENSG00000156253",126.00001,486.99999,438,458,391,555,494,442,516,655,527,563,645
"ENSG00000156256",685,893,642,643,562,761,618,664,748,889,800,741,872
"ENSG00000156261",2757.99999,2807,12495,12688,10186,12049,8743,10005,10493,8585,7748,7812,8426
"ENSG00000156273",825.99999,840,670,794,678,1419,599,1114,1184,1592,1383,1538,1364
"ENSG00000156298",468,664,685,615,561,1519,1317,1040,1333,3609,3510,3008,3360
"ENSG00000156299",1134,2288,425,382,504,1166,619,1118,967,894,971,784,1119
"ENSG00000156304",819,851.00001,569,513,776,1293,1123,1804,1075,643,499,597,1628
"ENSG00000156313",354,484.99999,391,391,293,484,260,415,486,489,415,405,474
"ENSG00000156345",150.99998,192,123,117,109,280,202,238,334,1196,1299,1157,1143
"ENSG00000156374",368,411,480,478,424,517,482,463,479,500,518,466,579
"ENSG00000156381",175,182,124,86,81,91,98,109,75,81,79,66,89
"ENSG00000156384",197,215,158,156,139,269,320,215,216,267,260,247,308
"ENSG00000156398",314.00001,388,841,911,787,925,741,958,887,623,538,515,663
"ENSG00000156411",2906.99999,3183,3972,3347,3169,4028,5167,3580,3326,4035,3903,4136,4130
"ENSG00000156453",110,76,1555,1174,1147,780,689,890,831,141,188,155,156
"ENSG00000156463",35,28,52,33,39,45,49,62,40,75,78,69,39
"ENSG00000156467",2891.99999,3810,2504,2168,2009,2557,2631,2481,2262,1933,1818,1784,1747
"ENSG00000156469",419,470,803,780,645,1030,1063,832,845,750,621,631,663
"ENSG00000156471",634,721,3341,2760,2518,2450,2059,2178,2331,2793,2568,2286,2533
"ENSG00000156475",440,444,541,520,479,1370,958,1114,1222,170,199,155,165
"ENSG00000156482",22862,27103,10709,9181,8525,10087,13412,10241,9249,8337,7584,8092,7150
"ENSG00000156500",229,235,98,106,82,201,173,234,229,288,290,303,299
"ENSG00000156502",354,295,1695,1490,1311,1485,990,1281,1456,1494,1289,1253,1340
"ENSG00000156504",755,459.00001,588,540,436,583,439,556,619,462,427,373,490
"ENSG00000156508",34731,48300.00001,206272,172919,166229,226473,368121,190440,186598,197225,186642,211804,164135
"ENSG00000156509",66,53,22,28,30,62,56,61,79,59,31,91,119
"ENSG00000156515",1346.00002,1246.99999,15010,14206,12041,7093,3905,6445,6943,6079,7210,4853,5587
"ENSG00000156521",156,150,352,299,263,134,233,224,145,146,128,120,184
"ENSG00000156531",2051.00001,1355,3806,4418,3238,8989,4643,6707,7330,8039,7492,7590,7731
"ENSG00000156535",15,19.00001,62,70,49,48,13,27,35,15,19,11,18
"ENSG00000156587",647,682,1756,1408,1303,4429,4097,3969,3993,3211,3444,2934,3141
"ENSG00000156599",630,425.99999,1527,1347,1312,1736,1063,1522,1526,1190,1264,931,1170
"ENSG00000156603",447,594,360,296,295,349,441,291,312,369,480,387,378
"ENSG00000156639",4159.99999,4451,142,151,180,663,427,568,545,494,523,403,662
"ENSG00000156642",702,690.99999,1500,1562,1240,1594,1165,1128,1188,549,596,566,583
"ENSG00000156650",941.00001,1074.99999,660,634,551,833,407,854,800,1725,1757,1332,1244
"ENSG00000156671",449.00001,483.99999,562,577,489,832,395,645,691,651,649,579,773
"ENSG00000156675",183,187,1048,1211,972,1372,701,1271,1254,755,876,733,937
"ENSG00000156687",448.00001,326,841,965,867,206,154,207,215,111,86,83,94
"ENSG00000156689",104,104,2,6,0,15,5,2,2,28,20,29,40
"ENSG00000156697",523.99999,337,829,753,636,794,576,825,796,733,704,522,685
"ENSG00000156709",1151,495,4260,3760,3382,3123,2089,2804,3069,2607,2476,2090,2310
"ENSG00000156711",24,33,339,358,301,50,40,59,39,22,28,21,13
"ENSG00000156735",432,578,1551,1780,1227,2317,1475,1779,2003,1136,994,1112,1154
"ENSG00000156787",654.00001,977.00001,622,727,576,757,477,539,633,489,440,459,501
"ENSG00000156795",507,579.00001,570,471,456,1201,1393,1097,1048,894,802,867,876
"ENSG00000156802",1967,2556,785,793,629,1643,765,1414,1507,2828,2457,2096,2384
"ENSG00000156804",207.99999,160,15,10,9,14,8,10,5,47,74,43,69
"ENSG00000156831",581.00001,869,550,450,435,684,947,538,540,792,808,992,846
"ENSG00000156853",223,276,775,649,644,934,732,979,1063,1215,1185,899,1067
"ENSG00000156858",490,434.00001,78,58,55,199,146,215,277,478,500,312,466
"ENSG00000156860",546,383,14,28,14,48,63,48,39,76,79,70,98
"ENSG00000156869",20,57,180,174,130,124,51,84,96,101,75,88,75
"ENSG00000156873",300.99999,319,888,770,691,845,758,779,905,762,909,739,692
"ENSG00000156875",388,604,2164,1964,1645,2471,2063,1720,2182,2752,2801,2761,2677
"ENSG00000156876",342,533,243,269,182,375,224,276,266,253,198,208,283
"ENSG00000156925",977,565,1395,1266,1063,292,205,267,273,4823,4041,3512,4799
"ENSG00000156928",588,556,1188,1212,996,1003,1028,1043,991,748,678,592,699
"ENSG00000156931",545,994,1466,1454,1267,2098,1026,1781,2050,1475,1493,1357,1301
"ENSG00000156958",353.99999,502,438,342,362,481,327,472,512,568,569,514,512
"ENSG00000156959",26,23,205,187,167,63,65,66,83,8,38,22,18
"ENSG00000156966",12,14,1183,1127,1061,45,21,51,44,12,16,10,4
"ENSG00000156968",155,99.99999,216,174,240,199,82,136,146,105,138,134,128
"ENSG00000156970",870,1152.00001,5506,5745,4617,4093,2263,3516,3759,4097,3364,3173,3856
"ENSG00000156973",336,307,651,526,504,615,868,582,584,1014,962,999,964
"ENSG00000156976",3417.99999,4879.00001,7386,6911,5930,5741,5381,4751,5099,5290,5086,5520,4856
"ENSG00000156983",344.00001,251,628,663,612,1058,515,1101,977,1091,1175,959,1085
"ENSG00000156990",505,574.99999,2817,2024,1896,1860,2196,1896,1949,1486,1523,1381,1479
"ENSG00000157005",23,22,1,0,3,33,3,20,12,39,83,75,56
"ENSG00000157014",189,260,199,161,131,150,129,126,117,247,210,191,247
"ENSG00000157020",1168.99999,924.99999,6119,5058,4793,6285,6661,5431,5696,5449,5396,4921,5016
"ENSG00000157036",442.00001,324,240,230,176,305,230,302,313,501,483,382,449
"ENSG00000157045",342,356,303,265,284,447,504,344,287,250,193,196,301
"ENSG00000157064",145,214,284,318,277,336,185,296,293,409,557,317,312
"ENSG00000157077",606.00001,883,105,127,149,265,171,183,224,246,207,205,353
"ENSG00000157087",30.00001,65.00001,14,11,5,14,19,20,14,31,47,36,43
"ENSG00000157103",139.99999,236,10,19,14,37,38,44,47,55,49,58,62
"ENSG00000157106",1077.00001,1043,2744,2611,2352,3118,1249,2618,2466,2508,2395,1913,1804
"ENSG00000157107",981,1023,317,283,203,228,149,226,198,220,215,259,204
"ENSG00000157110",751.99999,1191.00001,1251,980,919,879,743,956,904,227,233,166,232
"ENSG00000157152",44,96,41,25,31,26,28,26,26,24,30,17,17
"ENSG00000157168",342.99999,563.00001,33,29,14,462,523,513,398,308,381,263,250
"ENSG00000157181",632.99999,723.99999,484,471,390,677,530,535,642,637,660,589,637
"ENSG00000157184",272,238.99999,700,889,861,943,737,920,897,696,514,732,1128
"ENSG00000157191",569,482.99999,895,655,664,1315,1134,1161,1247,722,684,698,721
"ENSG00000157193",376,314.99999,686,454,406,316,293,294,295,218,232,141,240
"ENSG00000157212",524.00001,676,466,404,355,545,388,503,580,451,381,297,396
"ENSG00000157214",87,126,401,303,309,163,117,110,131,83,95,62,59
"ENSG00000157216",3824.99999,2807,709,600,599,1050,647,1036,948,1327,1431,928,1350
"ENSG00000157224",295,334,1438,1608,1137,2540,1683,1777,2169,1545,1265,1445,1420
"ENSG00000157227",159.99999,157,110,115,116,77,30,83,70,3,8,5,5
"ENSG00000157240",249,243,12,23,10,79,84,73,92,158,156,130,206
"ENSG00000157259",593,585,405,337,303,422,317,361,343,294,344,270,341
"ENSG00000157322",77,29,2,6,8,19,33,54,58,252,364,251,227
"ENSG00000157326",263.99999,334,520,402,356,528,514,479,496,336,355,288,293
"ENSG00000157335",26,14,5,0,0,45,26,36,61,211,321,255,255
"ENSG00000157343",16,17,6,29,6,29,33,20,11,20,21,15,34
"ENSG00000157349",489.00001,626,1555,1292,1096,1824,1282,1625,1582,2204,2221,1728,1903
"ENSG00000157350",540,573,459,300,338,360,338,360,351,284,353,221,284
"ENSG00000157353",113.00001,108,132,190,169,144,109,180,159,245,256,241,259
"ENSG00000157379",232,167.99999,352,248,196,436,321,444,391,520,622,526,420
"ENSG00000157388",352,589,41,42,52,22,16,34,14,26,47,30,25
"ENSG00000157399",51,86,136,99,102,95,44,65,71,123,77,126,110
"ENSG00000157404",71.00001,89,972,1174,921,1031,473,708,851,1410,1337,1224,1554
"ENSG00000157423",237,564.99999,73,32,27,154,95,162,164,512,490,468,431
"ENSG00000157426",507.00001,632.99999,324,376,365,505,366,466,463,517,480,445,531
"ENSG00000157429",200,165,138,158,137,401,400,323,294,531,460,438,452
"ENSG00000157445",64,280,102,94,97,36,59,29,29,22,26,14,10
"ENSG00000157450",572.99999,693.99999,836,951,790,1541,697,1445,1516,1572,1392,1392,1209
"ENSG00000157456",1269,1513,4600,4127,3644,7914,7212,6582,6983,6262,5512,5910,6406
"ENSG00000157470",86.00001,137,6,8,6,3,7,7,1,50,23,23,57
"ENSG00000157483",508,396,2117,2024,1592,1294,588,1286,1304,861,888,652,690
"ENSG00000157500",764.00001,875.00001,946,1087,924,1360,803,1219,1074,1139,1099,1080,1298
"ENSG00000157502",59,81,157,181,115,442,287,351,322,683,802,797,711
"ENSG00000157510",34,20,88,94,77,49,34,64,40,14,17,12,21
"ENSG00000157514",452.00001,667.99999,925,911,719,1621,1378,1395,1435,3249,3595,3463,3124
"ENSG00000157538",497.99999,506,2396,2073,1717,2229,1769,2127,2219,1547,1581,1473,1478
"ENSG00000157540",1807,1598.00001,414,314,292,495,401,433,494,508,432,478,369
"ENSG00000157542",12,15,53,32,21,9,2,1,1,8,9,8,13
"ENSG00000157557",77,96,329,297,356,415,374,443,304,85,76,51,141
"ENSG00000157570",1533,937,155,155,110,564,395,611,625,1649,1877,1202,1629
"ENSG00000157578",92,102,9,8,13,23,21,24,25,50,27,32,35
"ENSG00000157593",555,590.00001,1667,1549,1304,1853,1465,1554,1694,2104,2124,1834,2003
"ENSG00000157600",898,1019.99999,399,276,262,406,327,388,453,683,694,626,653
"ENSG00000157613",49,34,276,217,209,127,89,106,120,13,25,33,35
"ENSG00000157617",391,368,195,167,104,133,112,128,158,98,105,93,128
"ENSG00000157625",188,321,139,119,97,136,74,127,101,157,109,176,196
"ENSG00000157637",634,442.00001,943,1024,1143,1291,750,1426,1230,1759,1981,1762,2350
"ENSG00000157654",346.99999,282,2512,2588,1908,3940,1788,3532,3330,2121,2067,1592,1975
"ENSG00000157657",1605,1553,281,282,314,575,383,691,623,1189,1327,828,1117
"ENSG00000157680",178,137,8,11,2,101,79,95,67,46,36,34,37
"ENSG00000157693",176,174.99999,97,95,92,26,20,25,25,90,57,74,120
"ENSG00000157734",73,22,156,132,160,198,187,192,168,65,33,35,39
"ENSG00000157741",641,770,369,299,309,452,208,430,327,328,293,319,338
"ENSG00000157764",1306.99999,1629,307,234,281,385,218,372,339,414,462,457,451
"ENSG00000157765",39,18,102,106,85,15,19,37,27,46,51,36,84
"ENSG00000157778",585,522,1042,784,803,800,1694,877,654,700,753,782,914
"ENSG00000157782",33,20,36,28,33,74,50,75,48,18,22,33,16
"ENSG00000157796",595.99999,1019.00001,504,476,379,1191,505,1131,1047,1297,1433,1171,1194
"ENSG00000157800",306,406,1554,1480,1312,1489,958,1209,1305,990,889,862,805
"ENSG00000157823",867,537.00001,884,862,737,1305,937,1109,1030,1526,1564,1384,1345
"ENSG00000157827",765,943.00001,358,242,207,330,327,387,309,506,493,423,443
"ENSG00000157833",300,313,160,117,115,107,130,148,129,243,261,239,271
"ENSG00000157837",677,600,277,230,197,238,252,304,248,364,308,276,312
"ENSG00000157851",2763,3623,135,75,104,2138,2035,2604,2016,6836,6512,5568,9464
"ENSG00000157856",18,71,5,1,1,8,0,8,3,72,54,44,59
"ENSG00000157869",1615,966,458,437,412,694,709,638,703,981,760,861,896
"ENSG00000157870",450,378.00001,1839,1551,1379,1449,1093,1578,1673,2815,2859,2153,2461
"ENSG00000157881",277.99999,266,778,687,566,1079,906,1114,1175,1503,1496,1324,1367
"ENSG00000157890",106,69,28,51,32,49,36,55,44,18,13,16,20
"ENSG00000157895",263,270,490,487,386,593,529,581,612,606,707,546,578
"ENSG00000157911",252,315,477,520,628,942,972,1095,1000,914,750,900,1298
"ENSG00000157916",731.00001,758,1937,1833,1593,2179,2144,1734,1875,1611,1803,1643,1911
"ENSG00000157927",168,153,63,24,30,61,63,72,77,294,265,191,320
"ENSG00000157933",614,489,128,92,85,142,80,120,94,211,177,152,183
"ENSG00000157954",758.00001,899,578,364,390,589,628,631,621,554,695,519,701
"ENSG00000157978",196,127,462,471,432,481,268,490,461,237,184,215,274
"ENSG00000157985",3057,4451,532,405,332,540,367,566,496,909,980,679,796
"ENSG00000157992",20,16,1016,795,787,322,491,288,323,5,3,4,4
"ENSG00000157999",26,28,16,13,7,7,12,15,24,17,21,19,11
"ENSG00000158006",240,226,550,509,394,560,405,507,515,359,392,391,435
"ENSG00000158008",19,23,33,21,13,47,8,29,50,34,50,41,33
"ENSG00000158019",812,975,1158,1143,1035,1572,1118,1553,1609,1844,1718,1441,1598
"ENSG00000158023",83.99999,200,79,73,49,89,61,59,73,96,86,67,85
"ENSG00000158042",620,626,1410,1205,1107,1427,1972,1286,1267,864,815,783,691
"ENSG00000158062",587.99999,536.00001,480,299,348,559,524,637,673,1408,1564,1189,1482
"ENSG00000158077",17,31,7,6,3,23,1,6,12,21,31,16,27
"ENSG00000158079",193,242.99999,215,231,219,273,160,257,207,376,263,312,436
"ENSG00000158089",86,178,160,193,188,113,93,101,79,58,115,73,116
"ENSG00000158092",520,551,524,470,367,886,852,671,750,1008,783,1076,993
"ENSG00000158106",242,214,178,83,146,179,237,263,223,209,257,260,620
"ENSG00000158109",227,188,141,105,107,208,292,226,177,95,85,106,119
"ENSG00000158122",110,95,58,31,49,58,58,47,64,41,38,54,61
"ENSG00000158125",62,45,65,61,52,111,40,86,91,38,48,35,28
"ENSG00000158156",88,89,194,189,285,310,340,322,246,101,77,104,202
"ENSG00000158158",129,93,254,151,126,422,272,392,437,182,180,115,150
"ENSG00000158161",622,1126,1004,1109,833,2261,1052,1869,2006,1574,1513,1262,1387
"ENSG00000158163",206,218,136,107,112,186,152,176,237,275,295,281,277
"ENSG00000158164",2147,3641,1563,1538,1243,7374,7912,6905,6570,8791,7827,8450,9634
"ENSG00000158169",554,905.00001,380,336,305,798,457,718,747,939,1122,829,924
"ENSG00000158186",426.99999,445,170,176,162,174,128,181,179,331,346,327,353
"ENSG00000158195",936,987,2412,2239,1978,3230,1779,3247,3021,2279,2255,1680,2222
"ENSG00000158201",259,149,118,145,150,166,144,162,149,243,281,331,372
"ENSG00000158220",21,30,169,182,131,47,21,27,28,18,23,19,39
"ENSG00000158234",214.99999,203.99999,183,158,159,155,97,145,116,112,99,94,111
"ENSG00000158258",376,330,8,19,7,10,5,26,3,702,800,629,585
"ENSG00000158270",561,888,40,44,36,25,42,26,38,64,64,79,48
"ENSG00000158286",41,58,65,36,29,51,32,61,51,88,121,80,69
"ENSG00000158290",1151.00001,560.99999,1214,1098,896,1929,1161,1395,1712,1888,1776,1658,1713
"ENSG00000158292",181,201,88,46,42,131,161,195,178,69,67,51,99
"ENSG00000158296",171,180,394,319,364,312,206,274,344,201,157,158,134
"ENSG00000158301",232,255.99999,530,589,488,1534,861,1318,1355,1717,1686,1453,1501
"ENSG00000158315",116,111,44,47,36,22,36,20,28,7,23,11,8
"ENSG00000158321",5522,4885.00001,589,441,449,1008,789,1148,1157,1648,1741,1350,1846
"ENSG00000158352",317,201,251,249,205,166,66,168,161,532,512,405,454
"ENSG00000158373",268,242,38,42,30,121,102,104,74,235,220,203,153
"ENSG00000158402",422.99999,631,922,748,681,917,845,843,851,952,985,1060,1026
"ENSG00000158406",216.99999,234,14,22,34,28,31,39,26,33,34,42,32
"ENSG00000158411",424.00001,442.99999,655,647,496,623,595,506,575,395,364,431,471
"ENSG00000158417",2951,2987,2177,2007,1886,1894,1109,1860,1804,1263,1224,876,1143
"ENSG00000158423",39,78,39,29,17,50,52,56,74,99,92,76,84
"ENSG00000158427",51,74,536,440,445,960,1222,818,812,1153,1187,1357,1328
"ENSG00000158428",31,16,17,2,6,37,21,15,8,21,26,32,15
"ENSG00000158435",580,566,669,788,897,845,744,734,677,718,463,753,1149
"ENSG00000158445",51,44,76,33,34,76,56,67,53,174,177,117,139
"ENSG00000158457",92,64,137,81,93,105,155,139,126,60,59,68,82
"ENSG00000158467",661,713,284,216,238,378,372,508,345,612,520,513,801
"ENSG00000158470",391,408,512,399,359,328,283,307,280,390,301,311,375
"ENSG00000158480",103,103,361,379,379,438,228,379,509,332,396,277,269
"ENSG00000158526",574,645,2413,2025,1746,2151,1535,1822,1976,2435,2460,1986,2216
"ENSG00000158528",1247,1729,766,643,581,1054,549,921,864,980,914,668,825
"ENSG00000158545",644.00001,612,877,682,696,1263,768,1292,1265,1107,1127,872,1115
"ENSG00000158552",230,263,258,248,241,419,505,401,422,567,633,505,597
"ENSG00000158555",91,116,172,177,148,162,111,165,199,80,103,82,101
"ENSG00000158560",319,240,20,33,23,135,110,130,127,121,77,139,147
"ENSG00000158604",1049.00001,1188.99999,1683,1420,1314,2311,1816,1907,2028,3017,3458,2865,2856
"ENSG00000158615",595,353.99999,721,677,583,826,493,691,744,775,685,717,656
"ENSG00000158623",628,732,689,734,596,1199,759,969,1105,1107,960,865,924
"ENSG00000158636",1425.00001,1426.99999,832,832,730,1473,719,1475,1466,1420,1603,1187,1246
"ENSG00000158669",474,479,1849,1656,1427,2036,1291,1991,2167,1845,1914,1454,1763
"ENSG00000158691",269,281,527,445,493,1013,635,733,867,899,869,889,866
"ENSG00000158710",1101.99999,1054,3039,2523,2172,1228,1341,1020,1135,4280,3477,3367,3547
"ENSG00000158711",417,320,254,210,188,328,157,251,320,184,178,106,130
"ENSG00000158716",266,220.99999,1065,840,881,738,1031,756,682,480,496,415,585
"ENSG00000158717",193,197,112,83,118,75,103,95,90,87,57,71,123
"ENSG00000158747",723.00001,1032,24,15,10,17,34,29,41,6,11,18,13
"ENSG00000158769",52,33,5335,5342,4474,4591,2837,3303,4328,138,139,94,104
"ENSG00000158773",197.00001,308,1287,1121,1017,1569,1599,1531,1523,1767,1760,1689,1565
"ENSG00000158792",129,146,132,142,196,305,342,309,318,227,267,263,489
"ENSG00000158793",320.99999,467,824,747,634,1154,1211,1104,1135,1318,1239,1224,1221
"ENSG00000158796",446.00001,514,1179,893,888,1275,1072,1201,1180,1319,1268,1180,1412
"ENSG00000158805",309.99999,214.99999,152,93,125,104,97,126,149,211,160,138,254
"ENSG00000158813",36,37,287,249,218,215,117,164,174,118,76,49,91
"ENSG00000158816",52,64,29,28,14,2,3,4,3,41,51,47,25
"ENSG00000158828",407,461,181,137,129,145,212,128,150,249,293,224,223
"ENSG00000158850",317.99999,348,1562,1314,1113,1265,1065,1093,1349,1793,1779,1411,1517
"ENSG00000158856",89.99999,89.00001,42,23,22,48,38,45,46,276,362,202,251
"ENSG00000158859",49,44,721,599,532,323,199,232,333,84,68,81,68
"ENSG00000158863",290,304.99999,293,221,257,460,336,477,392,663,747,539,800
"ENSG00000158864",991,980,6303,5499,4881,6357,4405,5928,6412,5965,5985,4838,5500
"ENSG00000158882",101,121,285,291,279,343,263,251,224,406,393,330,420
"ENSG00000158941",507,587,5441,5188,4196,6447,4255,6321,6705,8026,8534,6167,7437
"ENSG00000158966",1257.99999,1439,660,570,529,374,292,349,377,770,643,633,612
"ENSG00000158985",1102.00001,1658,1006,1020,860,1664,1102,1290,1441,1371,1342,1342,1471
"ENSG00000158987",2358,3292,922,999,699,1026,395,810,846,913,909,772,803
"ENSG00000159023",4043,4552,1173,1348,1202,2556,1165,2399,2562,3318,3254,2610,3294
"ENSG00000159055",581,702,1117,996,948,1158,959,1080,1199,746,739,595,772
"ENSG00000159063",864,1347.00001,2821,2628,2373,2577,2147,2016,2404,2175,2009,1927,2216
"ENSG00000159069",619.99999,702.99999,1477,1194,1106,1137,1069,1269,1140,1669,1788,1275,1732
"ENSG00000159079",836.99999,1151,2326,1919,1878,1639,1254,1488,1510,1814,1917,1594,1708
"ENSG00000159082",244,574.00001,29,36,39,124,50,116,95,277,317,247,235
"ENSG00000159086",1092.00001,1278.00001,351,247,301,502,332,395,449,383,390,364,407
"ENSG00000159110",343,286,415,436,362,391,326,338,378,350,341,386,474
"ENSG00000159111",349,410.99999,3051,2540,2347,2662,2619,2369,2758,2132,2080,1812,1850
"ENSG00000159128",551.00001,611,113,126,121,181,210,150,149,161,162,132,195
"ENSG00000159131",797.00001,1097,7136,6670,5633,4894,3903,4603,4700,3859,3267,3445,3680
"ENSG00000159140",3564,3804.99998,5087,4880,4061,5606,3087,5788,5625,5916,6026,4652,5441
"ENSG00000159147",476,332.99999,119,89,115,167,190,137,129,177,144,123,236
"ENSG00000159164",375,370,1182,1155,928,1738,1001,1545,1748,1091,1247,959,1090
"ENSG00000159167",104,89,2450,2456,1927,4140,2304,3044,3698,1477,1577,1065,1286
"ENSG00000159173",77,50,34,50,39,37,59,45,34,46,69,56,25
"ENSG00000159199",1003,1163,4728,3828,3420,1878,2389,1962,1793,2169,2145,2025,2285
"ENSG00000159200",124.99998,119,47,44,19,73,55,50,46,131,110,119,93
"ENSG00000159202",751,883,590,421,374,579,855,664,511,324,276,188,430
"ENSG00000159208",108,166,614,460,410,1422,1717,1204,1384,593,681,626,617
"ENSG00000159210",908.99999,1008.99999,1734,1506,1573,1659,1641,1666,1537,1720,1572,1564,1696
"ENSG00000159214",119.99999,166.00002,255,164,165,254,276,251,221,128,147,102,92
"ENSG00000159217",2996,2821.99999,5412,5551,4696,8947,4227,8377,8135,7699,8521,6030,8151
"ENSG00000159228",481,454.99999,6210,5060,4782,1670,2171,1450,1489,1212,1235,1213,1085
"ENSG00000159251",84,20,2022,2045,1575,206,157,183,165,205,162,189,161
"ENSG00000159256",590.99999,664.00001,402,519,377,911,466,662,773,669,601,550,594
"ENSG00000159259",371,387,818,780,686,1143,737,1149,1124,1438,1264,1068,1384
"ENSG00000159267",510.00001,351,498,449,380,840,423,735,664,770,866,654,818
"ENSG00000159307",86,114,98,80,99,907,565,900,1005,1926,1959,1205,1944
"ENSG00000159314",18.99999,16.99998,326,264,266,134,77,108,111,25,29,26,28
"ENSG00000159322",421,510.99999,1138,1120,1148,1102,1237,873,852,1040,912,1131,1230
"ENSG00000159335",5504,5330.00001,254,179,191,550,656,754,675,512,573,374,473
"ENSG00000159346",859,563,3207,3205,2984,3131,2566,2754,2952,1986,1978,1835,2075
"ENSG00000159348",280,180.00001,521,472,354,493,491,351,441,750,866,703,647
"ENSG00000159352",1161,1407,6325,5241,4822,5729,5986,5413,5872,6002,6025,5186,5366
"ENSG00000159363",398,312.99999,984,609,584,458,457,477,519,404,376,298,410
"ENSG00000159377",2070,2037.00001,4060,3365,3402,2621,3238,2549,2338,2006,2097,1921,2125
"ENSG00000159388",415,313,1130,857,746,1651,1122,1524,1591,1471,1514,1183,1183
"ENSG00000159399",385,376,3888,4061,3505,8860,3667,7276,8073,6157,7499,4515,5134
"ENSG00000159403",30,66,453,374,350,381,275,329,333,235,232,161,170
"ENSG00000159409",526.00001,644,7,9,9,4,8,5,7,605,895,440,517
"ENSG00000159423",144.99999,160,1394,1291,1064,1861,1268,1877,1929,1106,1221,891,975
"ENSG00000159433",473,570,225,193,154,445,232,438,457,302,442,243,220
"ENSG00000159445",435.99999,272,336,366,316,246,228,219,199,404,407,373,386
"ENSG00000159459",897.00001,1063,725,759,567,912,408,764,789,746,778,605,689
"ENSG00000159461",473,454,168,118,116,185,212,199,136,451,484,417,441
"ENSG00000159479",325.00001,383.00001,495,398,400,660,573,544,608,1328,1253,1134,1154
"ENSG00000159579",634,881.00001,1139,1017,879,1781,1201,1533,1526,1940,1943,1669,1789
"ENSG00000159592",592.99998,924.99999,2310,2543,2291,2936,1866,2707,2807,2155,2221,1865,2237
"ENSG00000159593",1859,2219,3948,3889,3192,4668,3992,3766,3943,3906,2977,3516,4018
"ENSG00000159596",397,558,1475,1312,1099,1156,1013,1138,1082,1031,989,976,1039
"ENSG00000159640",15,13,44,38,25,13,13,24,27,2,0,11,6
"ENSG00000159658",495.99999,589.99999,1000,1121,1158,1595,793,1456,1323,682,715,676,829
"ENSG00000159674",80,66,30,44,9,175,84,164,193,60,127,81,62
"ENSG00000159685",602.99999,485,1380,1225,1124,1441,1667,1312,1323,1508,1355,1204,1348
"ENSG00000159692",1584.99999,1564.99999,641,384,418,654,639,729,882,688,754,601,836
"ENSG00000159713",687,1404.99999,23,9,11,10,11,9,17,2423,2749,2019,2150
"ENSG00000159714",257,257,38,31,30,13,15,12,21,60,58,81,72
"ENSG00000159720",635,611.99999,2236,1864,1632,2893,2714,2821,2918,3577,3927,3218,3099
"ENSG00000159753",46.99999,16,70,45,40,27,16,35,27,0,3,3,3
"ENSG00000159761",21,35,43,21,18,51,52,69,87,132,105,118,112
"ENSG00000159784",182.99999,150,114,132,152,215,203,255,208,287,310,183,360
"ENSG00000159788",1121.99998,1220,306,192,197,475,331,472,487,829,1085,712,943
"ENSG00000159792",239,200,1170,1210,1107,1574,1265,1722,1595,1306,1241,1377,1775
"ENSG00000159840",713,496,1087,838,1025,716,837,899,577,418,415,326,793
"ENSG00000159842",1591.99999,1118,1016,922,767,1663,1103,1756,1699,2397,2690,1754,2333
"ENSG00000159873",478.00001,455,323,239,253,373,412,371,266,175,176,161,337
"ENSG00000159882",73,76,101,119,123,205,134,172,218,230,206,248,165
"ENSG00000159884",365,349.99999,485,330,291,603,776,596,643,809,968,696,814
"ENSG00000159885",77,57,58,57,52,101,80,65,95,109,99,96,108
"ENSG00000159899",105,94,176,119,123,89,95,87,88,152,172,125,92
"ENSG00000159905",273,61,79,57,48,123,57,89,126,113,167,90,155
"ENSG00000159915",123,84,24,23,22,20,22,25,29,26,33,44,18
"ENSG00000159917",165.00001,147,91,115,61,140,87,151,123,138,147,105,115
"ENSG00000159921",707,810,248,268,193,402,242,361,330,498,496,403,426
"ENSG00000159958",92,62,25,19,21,24,21,31,14,29,52,22,41
"ENSG00000160007",1110,1267,1297,1324,1214,2126,1154,2352,2087,2321,2123,1878,2237
"ENSG00000160014",4581.00001,5283,2025,1934,1854,4736,4290,4933,4570,4341,4436,3442,4411
"ENSG00000160049",867,828,4479,3799,3514,3929,3097,3672,3739,3462,3040,2738,3297
"ENSG00000160050",492.99999,477.00001,514,438,361,554,612,531,573,856,973,816,767
"ENSG00000160051",114,115,214,165,167,197,192,307,218,363,330,344,323
"ENSG00000160055",206.99999,184.00001,113,93,116,188,239,189,216,242,301,232,218
"ENSG00000160058",665,812.99998,1085,960,894,1778,1264,1530,1517,2525,2833,2104,2155
"ENSG00000160062",255,325,228,233,146,295,227,185,195,275,288,273,240
"ENSG00000160072",270.99999,250,385,205,303,136,207,249,153,113,106,105,236
"ENSG00000160075",1125,1178,1521,1162,1215,1306,1368,1252,1258,964,898,750,935
"ENSG00000160087",522,648.00001,331,317,492,685,1215,834,622,430,320,522,960
"ENSG00000160094",691.00001,909,167,132,138,220,180,256,256,347,366,292,389
"ENSG00000160097",325.99999,624,14,4,1,23,20,26,24,306,366,279,268
"ENSG00000160111",5387,4167.99999,45,48,31,83,62,77,83,92,136,84,105
"ENSG00000160113",1098,1013,363,264,291,189,244,228,221,177,187,145,226
"ENSG00000160117",49,21.99999,306,367,312,280,171,214,197,111,58,70,120
"ENSG00000160124",324,364.00001,376,303,331,262,268,243,255,119,138,137,150
"ENSG00000160131",734,806,2393,2414,1941,2989,2048,2538,2665,2910,2508,2767,3016
"ENSG00000160145",3960,7388.99998,59,75,44,225,140,195,164,486,616,468,314
"ENSG00000160161",42,22,110,134,126,120,64,120,133,248,274,257,343
"ENSG00000160179",267.99999,97.00001,29,17,20,19,18,18,14,21,17,16,18
"ENSG00000160188",79,141,7,6,0,20,12,21,9,96,77,55,94
"ENSG00000160190",596,520.99999,387,323,317,171,132,130,144,343,440,288,397
"ENSG00000160191",1570,1235.99999,486,355,377,684,642,637,752,353,379,277,271
"ENSG00000160193",271.00001,532.99999,948,859,763,578,411,631,610,448,429,310,368
"ENSG00000160194",1083,1212.00001,1191,1024,1010,978,997,1011,997,916,995,750,928
"ENSG00000160199",708,664,747,591,626,519,473,439,519,709,814,679,653
"ENSG00000160201",20.99999,32,3329,2467,2750,2323,2299,2577,2168,2125,2104,1980,2277
"ENSG00000160202",74,35,0,5,2,14,4,9,8,74,140,107,104
"ENSG00000160207",79,80,34,19,17,40,50,14,36,58,68,72,84
"ENSG00000160208",676,704,1873,1945,2186,1944,1399,2182,1931,1870,1385,1460,2545
"ENSG00000160209",704,590,1096,872,904,765,679,830,664,851,871,669,798
"ENSG00000160211",444.00001,301.00001,336,339,350,443,233,453,370,298,308,154,338
"ENSG00000160213",1791,1897,2447,1945,2063,1854,1689,1816,1645,1999,1966,1513,1819
"ENSG00000160214",420.99999,272,1587,1414,1293,1320,1158,1508,1521,1100,1090,921,1115
"ENSG00000160216",852,874.99999,21,31,36,8,9,8,10,137,150,82,143
"ENSG00000160218",469,665,224,184,186,193,124,170,129,198,216,145,155
"ENSG00000160226",268.99999,247,237,151,231,339,345,394,355,465,456,487,638
"ENSG00000160229",241,338,1071,873,763,679,348,644,770,431,503,412,415
"ENSG00000160233",101,55,53,28,53,93,94,106,80,131,141,99,267
"ENSG00000160256",414,356.00001,154,123,141,175,275,217,208,85,123,131,144
"ENSG00000160271",808.00002,855,229,127,159,255,248,314,274,413,437,331,451
"ENSG00000160284",339,200,609,581,559,579,501,586,657,354,311,301,412
"ENSG00000160285",662,809.99999,4843,4678,3637,5270,3100,5342,5826,6793,7730,5308,6687
"ENSG00000160293",606,608,508,437,380,603,361,579,577,1030,1086,840,934
"ENSG00000160294",765,904,1169,1043,1296,1631,980,1728,1320,1008,951,1005,1877
"ENSG00000160298",850,958,409,338,315,651,417,667,610,838,898,615,730
"ENSG00000160299",1557,1187,881,773,712,952,546,887,855,1284,1150,850,1199
"ENSG00000160305",1055,1417.99999,637,514,528,841,487,937,847,979,1108,879,939
"ENSG00000160307",177,117,10,5,5,46,47,28,21,73,80,67,92
"ENSG00000160310",1741.99998,1828,2521,2039,1917,2830,2996,2711,2763,4848,4923,4468,4238
"ENSG00000160318",72,37,25,39,15,38,35,28,22,36,15,21,41
"ENSG00000160323",204,183.99999,81,26,35,71,54,53,72,75,64,45,66
"ENSG00000160325",373.99999,306,1073,904,650,1445,1216,1440,1742,2034,2186,1544,1687
"ENSG00000160326",97,95,1001,697,668,293,301,267,383,299,327,204,239
"ENSG00000160336",85,107,1139,1335,1066,1181,634,984,1001,515,481,423,508
"ENSG00000160345",306,373,162,115,163,118,112,109,115,347,282,333,334
"ENSG00000160352",903.00001,1305.00001,1239,1381,1008,1461,849,1038,1384,1262,1068,1154,1312
"ENSG00000160360",564.99999,470.00001,96,87,74,94,103,142,151,255,368,270,356
"ENSG00000160392",155.00001,212,282,177,211,323,281,351,376,315,436,297,299
"ENSG00000160404",242,215,291,300,270,399,402,335,390,621,587,613,839
"ENSG00000160408",284,336.00001,739,694,739,955,1075,1011,1085,460,435,462,595
"ENSG00000160410",344,366,2141,1552,1508,2544,1811,2575,2620,2142,2441,1753,2140
"ENSG00000160439",241.00001,573,777,564,589,338,262,325,372,439,412,343,460
"ENSG00000160445",420,307,1254,1155,985,1656,974,1696,1781,1645,1806,1233,1304
"ENSG00000160446",316,250,1565,1065,993,1103,1199,1151,1293,519,507,376,434
"ENSG00000160447",232,175,262,213,245,350,292,397,405,450,429,339,483
"ENSG00000160460",80.00001,139.99999,50,33,25,89,113,79,63,15,35,23,35
"ENSG00000160469",340,313,18,19,12,16,7,27,17,32,25,23,18
"ENSG00000160539",46,34,180,130,163,167,215,170,167,302,296,257,269
"ENSG00000160551",1519,1839,1541,1373,1053,2227,1281,2008,1734,1569,1502,1349,1428
"ENSG00000160563",447,591.99999,1540,1245,1174,1594,1911,1484,1426,2177,2175,1951,1763
"ENSG00000160570",226.00001,218.99998,969,816,866,1145,1368,1293,1121,646,538,628,779
"ENSG00000160584",1104,1080,305,286,215,404,234,389,327,314,337,249,323
"ENSG00000160602",63,66,646,411,428,295,126,221,334,108,103,100,120
"ENSG00000160606",40,41,550,657,550,344,394,355,322,22,29,23,36
"ENSG00000160613",515,362.00001,1122,1002,867,1440,846,1488,1677,1096,1417,973,1079
"ENSG00000160633",1879.00001,1890.00001,4185,3948,3675,4648,2293,5094,4951,6709,7336,5175,6338
"ENSG00000160679",1157.99999,1274.00001,2916,2509,2100,3208,3155,2840,2906,3425,3136,2798,2982
"ENSG00000160685",105,64,88,90,71,78,34,71,65,21,9,23,16
"ENSG00000160688",480,465.00001,3265,2491,2254,2171,2671,2095,2410,2024,1907,1857,1872
"ENSG00000160691",744,781.99999,5480,5204,4533,3454,1873,3174,3373,972,1192,903,1113
"ENSG00000160695",161,172,523,507,360,697,404,545,694,977,970,738,789
"ENSG00000160703",156.99999,155.00001,510,510,489,711,494,854,806,271,208,277,359
"ENSG00000160710",1283.00002,1335.99999,7539,8053,6895,8394,3900,8081,7327,5989,6379,4920,5678
"ENSG00000160714",708,725,366,246,199,261,277,239,169,180,183,204,199
"ENSG00000160716",48,45,59,42,43,33,27,69,29,60,62,67,108
"ENSG00000160741",305,313,255,213,231,268,164,276,305,334,432,246,367
"ENSG00000160746",483.99999,622.00001,1409,1488,1266,1861,1315,1572,1878,1218,1163,1016,1090
"ENSG00000160752",1871.99998,1967,9298,7807,6818,9295,10730,8183,8524,9639,9416,7963,8349
"ENSG00000160753",427,363.99999,1264,963,914,926,821,993,1083,773,793,668,737
"ENSG00000160767",468,362,348,207,228,277,224,369,290,366,335,289,399
"ENSG00000160781",53,49.00001,137,108,91,136,77,118,115,179,225,191,201
"ENSG00000160783",737,936,2692,2092,1969,1915,2472,1798,1687,2133,2236,1982,1945
"ENSG00000160785",185.00001,395,1120,1093,927,816,503,932,913,788,866,664,747
"ENSG00000160789",1070,1237.00001,1484,1519,1415,412,385,461,410,615,649,598,702
"ENSG00000160796",133.99999,144,401,477,441,359,199,393,373,144,165,141,204
"ENSG00000160799",698.00001,653,1053,857,764,1132,1266,1055,1171,1195,1197,948,1011
"ENSG00000160803",387,356,600,686,614,1455,989,1589,1469,1098,1121,969,1303
"ENSG00000160813",356,406,93,78,88,32,54,28,47,22,17,24,13
"ENSG00000160818",238.99999,318.00001,1462,1377,1166,689,457,825,798,747,705,460,770
"ENSG00000160867",34,26,1853,1588,1482,1253,929,1376,1326,71,83,56,99
"ENSG00000160877",454,335,167,155,90,113,58,158,140,54,69,38,50
"ENSG00000160888",431,310,1252,1455,2059,2010,1783,2304,1773,976,776,1008,1690
"ENSG00000160908",330.99999,266.99999,661,538,522,643,618,580,608,396,497,387,366
"ENSG00000160917",494,534.00001,1086,951,964,1420,1557,1511,1401,933,948,958,1101
"ENSG00000160932",425,331.99999,1579,1233,1180,1169,1000,1108,1284,737,737,571,805
"ENSG00000160948",1218,1244,1108,801,789,1330,1553,1258,1324,2947,3208,2630,2654
"ENSG00000160949",233,210,1925,1767,1702,1791,1233,2130,1974,1727,1955,1691,2308
"ENSG00000160953",1335,1315.00002,736,655,620,1559,1038,1825,1708,1101,1335,886,1172
"ENSG00000160957",342,312.00001,564,364,392,321,493,496,370,304,244,285,509
"ENSG00000160959",264,234.00001,666,463,480,594,511,628,625,296,275,251,330
"ENSG00000160961",312,292,203,198,180,369,247,295,269,402,468,409,521
"ENSG00000160963",127,97,2386,2301,1982,1504,1063,1449,1553,1218,1112,992,1474
"ENSG00000160972",244.99999,306,336,270,295,571,473,589,673,962,1059,846,1142
"ENSG00000160991",1015.00001,982,631,423,534,732,696,918,807,1688,1635,1249,2032
"ENSG00000160993",179,190,542,465,443,636,516,642,720,494,504,404,456
"ENSG00000161010",333,386,557,470,408,812,756,790,895,758,910,721,764
"ENSG00000161011",1592,1111.99999,2497,2397,2255,2129,1916,2253,2304,3401,3662,3178,3706
"ENSG00000161013",620,514.00001,262,194,257,150,158,161,142,175,204,182,258
"ENSG00000161016",15408.00001,14946.99999,36301,28581,29420,33308,48778,30747,30694,27549,26070,25527,25126
"ENSG00000161021",572,578,615,557,463,528,353,584,525,809,797,536,639
"ENSG00000161036",218,263,1075,890,848,933,716,867,969,1290,1344,1087,1256
"ENSG00000161040",558.99999,1230,35,37,32,34,22,32,38,72,100,81,95
"ENSG00000161048",618,348.00001,109,103,106,241,156,211,198,215,222,205,199
"ENSG00000161057",998.99998,1300.00001,3439,2952,2618,3232,3250,2590,2663,3402,3202,2886,3201
"ENSG00000161082",296.00001,305.00001,47,77,59,135,94,124,112,124,116,73,117
"ENSG00000161091",394,258,197,128,127,113,107,173,127,104,90,80,85
"ENSG00000161179",200,216.00001,393,477,534,376,483,452,423,278,206,257,489
"ENSG00000161202",935.99999,875,667,502,490,607,532,654,589,874,862,719,1062
"ENSG00000161203",2536,2352.99999,13380,11265,10435,10673,8601,11054,11104,12685,13248,10094,11859
"ENSG00000161204",205,239.00001,938,941,868,989,622,1072,1090,939,997,768,911
"ENSG00000161217",366,512.99999,660,659,517,675,417,658,701,598,622,422,486
"ENSG00000161243",61,23,127,85,97,80,100,122,89,52,41,34,96
"ENSG00000161249",46,31.00001,2779,2139,2272,1354,1639,1313,1239,48,35,42,31
"ENSG00000161265",157,97.00001,227,197,173,194,160,215,191,200,238,140,186
"ENSG00000161267",151.99998,138.99999,625,468,475,332,351,387,323,227,184,184,181
"ENSG00000161270",59,77,44,25,42,23,13,37,30,15,28,22,8
"ENSG00000161277",228,145,475,295,316,743,723,710,848,725,822,662,634
"ENSG00000161298",164,215,56,67,71,89,38,124,93,85,90,90,73
"ENSG00000161328",30,33,36,16,15,33,33,25,43,55,102,77,60
"ENSG00000161381",25,55.99999,38,33,16,19,8,23,15,18,14,15,17
"ENSG00000161395",226,157.00001,730,505,431,601,519,664,712,863,894,651,665
"ENSG00000161513",95,76.99999,1727,1306,1191,471,579,501,559,473,515,417,459
"ENSG00000161526",737.00001,759.99999,1778,1246,1369,2042,1667,1947,2029,2140,2106,1702,1738
"ENSG00000161533",506.00001,580.99999,462,463,357,343,229,261,258,803,752,595,632
"ENSG00000161542",988,1163,892,953,909,1419,1111,1369,1332,2007,2034,1998,2262
"ENSG00000161547",2494.00001,2819.00001,2863,3337,3344,5028,4919,4969,4428,3710,2783,3698,5036
"ENSG00000161551",226.99999,409,249,172,141,208,121,116,149,142,169,155,155
"ENSG00000161558",107,81,465,422,309,574,471,561,659,291,356,278,282
"ENSG00000161618",188,171,1092,1012,985,749,648,944,859,944,976,824,1012
"ENSG00000161638",257,293.00001,1381,1365,1206,6773,3477,6352,7474,2448,2631,2016,2286
"ENSG00000161642",1453,1165.00001,319,207,185,388,311,488,488,307,387,235,278
"ENSG00000161647",165,182.00001,90,55,47,90,81,89,85,351,408,279,290
"ENSG00000161653",37,28,120,86,90,100,180,102,126,74,67,64,69
"ENSG00000161654",269,434,3826,3498,3269,3609,2612,3456,3407,2471,2178,1819,2237
"ENSG00000161671",1308.99999,1102,274,200,211,179,153,144,200,222,269,202,203
"ENSG00000161677",212,159.99999,19,14,12,16,23,26,23,98,121,81,105
"ENSG00000161682",903,1051,27,11,15,31,27,36,43,46,44,41,74
"ENSG00000161692",376,578,313,284,242,256,154,308,296,388,416,302,344
"ENSG00000161714",273,122,149,67,103,96,72,100,83,102,139,76,104
"ENSG00000161791",285,262,465,347,345,459,329,451,477,785,847,552,788
"ENSG00000161800",1503.99999,1204.00001,2674,2728,2121,4651,3394,4050,4288,5743,5301,4825,5432
"ENSG00000161813",1344,1347.00001,1730,2007,1488,1698,811,1355,1424,1511,1212,1211,1150
"ENSG00000161847",536,475,829,813,760,918,520,1002,911,828,922,630,980
"ENSG00000161860",61,35,30,20,20,84,60,60,51,70,84,47,72
"ENSG00000161888",831.99999,630,460,417,458,671,736,727,653,779,762,657,834
"ENSG00000161896",13,19,62,41,47,80,48,63,90,22,17,20,12
"ENSG00000161904",478,446,234,217,251,118,155,141,133,128,159,130,147
"ENSG00000161914",74,122,10,7,12,24,24,20,19,23,15,22,62
"ENSG00000161920",249,267,369,284,309,484,476,385,475,450,423,348,415
"ENSG00000161921",36.99999,27,30,25,24,11,8,24,14,15,12,8,12
"ENSG00000161939",606,676,645,730,464,583,417,437,480,607,380,578,432
"ENSG00000161955",36,25,81,57,66,68,56,63,40,47,55,48,27
"ENSG00000161956",495,377,380,317,289,310,330,239,345,355,347,274,323
"ENSG00000161958",181.00001,136,616,517,517,830,685,760,884,444,508,328,403
"ENSG00000161960",8963,7755.00001,14338,12662,11630,12391,14073,11678,11047,8557,7793,7601,7503
"ENSG00000161970",18517.00001,23142.99999,10705,9356,9369,8170,11183,9439,8073,5530,5834,5930,6173
"ENSG00000161980",443,527,1818,1418,1321,1257,1736,1245,1117,964,823,841,908
"ENSG00000161981",642,957,1968,1533,1412,2246,2969,2233,2122,2765,2809,2636,2592
"ENSG00000161996",391.00001,581,607,405,337,424,288,472,585,566,733,403,704
"ENSG00000161999",546,381.99998,412,342,395,320,479,462,274,373,336,317,661
"ENSG00000162004",88.99999,113.00001,88,36,43,6,5,8,7,3,12,9,13
"ENSG00000162032",526.99999,531,573,416,384,667,745,650,727,1183,1384,976,1080
"ENSG00000162062",211.99999,227,1358,911,929,1184,1067,1173,1233,835,798,621,889
"ENSG00000162063",623,577,3061,2819,2603,3650,2278,3793,4117,2905,2645,2285,3077
"ENSG00000162065",211.00001,189,242,233,161,285,169,300,278,325,358,263,316
"ENSG00000162066",214.00001,115.00001,873,680,687,633,589,749,800,557,512,447,533
"ENSG00000162073",363.99999,349.00001,232,156,182,189,228,254,227,438,447,427,509
"ENSG00000162076",398,391,278,205,180,306,457,314,350,712,668,562,658
"ENSG00000162086",542,620,423,422,352,449,279,431,463,461,489,381,416
"ENSG00000162104",111,76,126,86,93,58,32,65,55,102,94,63,83
"ENSG00000162105",254.00002,88,500,476,407,266,166,279,280,150,245,145,149
"ENSG00000162129",372.00001,239,811,670,623,672,430,667,694,1045,975,841,996
"ENSG00000162139",127.99999,117,710,700,517,758,402,682,699,643,649,562,619
"ENSG00000162144",284,164.99999,583,499,489,585,610,560,645,535,604,511,540
"ENSG00000162148",116,204.99999,38,30,33,57,48,87,99,226,180,151,173
"ENSG00000162174",472.99999,441,632,540,489,1029,978,1070,1211,2786,3226,2317,2614
"ENSG00000162188",350,410,194,164,131,353,404,333,291,1728,1908,1386,1478
"ENSG00000162191",1114.99999,1112.00001,1785,1429,1436,1887,2311,1744,1847,2229,2272,1764,1776
"ENSG00000162194",112,38,116,86,74,48,61,31,40,95,93,99,95
"ENSG00000162222",344,357,412,329,291,604,638,517,518,546,544,573,541
"ENSG00000162227",183,166,56,46,63,69,81,69,50,56,108,74,98
"ENSG00000162231",589.00001,501,1753,1569,1390,2585,1761,2570,2683,3732,3737,2713,3112
"ENSG00000162236",381.99999,392,168,124,167,277,278,287,234,251,324,220,340
"ENSG00000162244",12877.99999,11223.99999,17504,13038,13025,14477,25858,13730,13351,13536,13494,13618,12852
"ENSG00000162298",366.00001,325.00001,337,317,340,282,188,275,336,345,275,206,216
"ENSG00000162300",260,234,651,542,460,704,636,744,777,966,1029,801,771
"ENSG00000162302",144,91.99999,42,64,54,61,31,67,46,65,43,27,63
"ENSG00000162337",1082.99999,1080,333,265,296,216,182,187,182,260,249,203,255
"ENSG00000162341",424,337.99999,424,423,345,295,163,295,298,173,203,153,176
"ENSG00000162344",495,556,308,304,342,270,154,198,246,52,161,81,68
"ENSG00000162368",851,885,629,590,530,701,730,541,561,862,615,859,895
"ENSG00000162373",340,328.00001,269,238,206,1017,1182,909,956,739,862,705,756
"ENSG00000162374",369.99999,1571.00001,12,17,13,40,34,52,54,1379,1672,1234,1288
"ENSG00000162377",223,246,1587,1564,1263,1423,1148,1296,1436,817,691,621,810
"ENSG00000162378",651,871,416,555,546,1017,563,962,847,1169,960,1189,1735
"ENSG00000162384",506,558,1200,903,827,1475,1706,1475,1406,1305,1219,1092,1093
"ENSG00000162385",776,976.99999,742,638,548,777,691,706,621,793,701,695,757
"ENSG00000162390",86,41,204,187,183,196,117,198,139,52,52,53,51
"ENSG00000162396",125,123,457,463,401,566,480,510,497,358,343,318,335
"ENSG00000162402",1148,1457,705,614,599,783,351,572,536,892,836,729,705
"ENSG00000162407",1972,2278,808,933,792,1104,837,1167,1173,1614,1519,1617,1717
"ENSG00000162408",435,486,587,507,588,715,509,758,628,513,530,467,839
"ENSG00000162409",694,651,371,420,377,813,377,550,544,434,465,409,417
"ENSG00000162413",117,114,344,216,196,100,135,115,73,144,190,133,159
"ENSG00000162415",350,309,120,79,71,232,146,206,205,535,833,519,636
"ENSG00000162419",276,421,632,624,548,674,539,693,746,647,614,530,578
"ENSG00000162426",33,35,32,22,23,21,16,26,20,55,36,46,57
"ENSG00000162430",1192,789.00001,567,423,424,455,377,549,479,411,367,283,418
"ENSG00000162433",277,361.00001,8625,8190,6929,6749,5001,5421,5121,3160,2876,2700,3069
"ENSG00000162434",821.99999,752.00001,356,364,354,177,150,216,165,855,873,802,1222
"ENSG00000162437",386,398,216,173,132,132,135,132,149,232,187,166,206
"ENSG00000162441",858,895.99999,686,536,463,1165,839,978,1056,988,932,957,999
"ENSG00000162444",24,18,62,35,40,39,71,47,45,12,18,18,9
"ENSG00000162458",142,109.00001,1374,1182,1013,905,578,841,766,54,138,78,92
"ENSG00000162490",208,171,579,502,545,1952,1372,1946,1995,2308,2277,1935,2715
"ENSG00000162493",431,399,2153,1941,1659,749,496,646,717,1052,1280,1086,836
"ENSG00000162496",51,90,819,677,669,148,158,152,179,6175,6840,5711,5468
"ENSG00000162512",974,987,511,322,295,732,657,843,725,2382,2206,1628,1990
"ENSG00000162517",635,624,1476,1250,1079,1919,1763,1808,1913,2575,2446,2067,2033
"ENSG00000162520",42,59,617,775,535,1387,1186,1070,1141,1258,950,1171,1271
"ENSG00000162521",2987,3787.00001,10410,10209,8444,15472,12384,12711,14052,17639,16679,16503,16886
"ENSG00000162522",406,297,944,700,647,404,362,476,468,438,367,316,350
"ENSG00000162543",21,38,55,41,42,120,46,85,72,297,242,210,208
"ENSG00000162545",709,745,34,14,27,86,90,71,97,311,343,212,302
"ENSG00000162551",27,18,6691,5475,4882,9038,6197,8594,9613,2388,1779,1627,2461
"ENSG00000162552",17,19,4,7,4,3,3,0,1,75,53,155,48
"ENSG00000162572",86,79,28,11,5,18,17,15,40,47,104,39,40
"ENSG00000162576",410,186.00001,112,78,92,290,336,349,255,305,220,306,864
"ENSG00000162585",936.99999,828.00001,682,552,734,1006,1304,1128,1045,673,578,645,1045
"ENSG00000162591",309,223,205,144,208,350,206,442,446,429,408,418,732
"ENSG00000162599",654.00001,623,84,44,58,89,54,89,66,221,202,243,240
"ENSG00000162600",217,243,427,411,362,344,247,237,332,319,224,242,283
"ENSG00000162601",411.99999,634.00001,904,851,884,538,265,480,531,424,407,421,368
"ENSG00000162604",788,1121.99999,343,360,253,383,411,341,356,507,507,552,478
"ENSG00000162607",1387,1640,1368,1341,1063,2082,1632,1655,1941,2378,1728,1994,2401
"ENSG00000162613",2467,3375,3200,3153,2604,4216,2661,3511,3605,5023,4538,4109,4631
"ENSG00000162614",237,205.00001,128,75,60,57,31,42,41,59,72,47,57
"ENSG00000162616",354.99999,370,184,217,186,500,351,403,410,808,597,590,674
"ENSG00000162620",13.99999,144.99999,74,81,78,111,61,86,73,92,66,96,75
"ENSG00000162627",298,522,313,333,280,500,396,364,354,498,472,501,537
"ENSG00000162630",85,155,6,1,7,10,1,3,1,51,67,32,31
"ENSG00000162636",406,561.99999,221,200,164,85,66,67,63,160,162,186,212
"ENSG00000162639",28,13.99999,158,129,131,107,112,74,113,51,48,52,49
"ENSG00000162642",578,765.99999,679,655,490,873,909,727,733,598,630,638,659
"ENSG00000162643",18,76,18,40,25,21,13,20,40,103,100,65,76
"ENSG00000162650",138.00002,175.99998,155,103,98,148,137,190,180,226,283,198,270
"ENSG00000162664",1697,2033.99999,1219,1109,907,1537,1033,1517,1552,1838,1720,1398,1882
"ENSG00000162669",345,584,38,32,36,109,66,66,96,227,174,183,160
"ENSG00000162687",2308.00001,2193.00001,179,130,101,332,91,206,205,329,288,258,283
"ENSG00000162688",835,926,757,858,711,801,318,724,783,904,775,830,734
"ENSG00000162694",633.00001,753,1267,1235,1005,1647,1296,1335,1443,1204,1262,1179,1302
"ENSG00000162695",552,552,706,834,632,802,417,597,695,723,677,640,702
"ENSG00000162702",428,501,2695,2633,2201,2960,1459,2545,2540,1525,1580,1237,1519
"ENSG00000162704",1581,1663.99999,2617,2571,2277,3028,2803,2416,2514,3047,2958,3275,3114
"ENSG00000162706",733,936,39,34,33,80,28,63,92,832,896,640,899
"ENSG00000162714",411,358,1508,1230,1209,1671,1267,1763,1541,1201,1150,1191,1442
"ENSG00000162729",158,200,2497,1893,1793,635,437,542,787,1052,1330,789,905
"ENSG00000162733",34,79.99999,41,28,20,4,5,5,25,19,11,29,20
"ENSG00000162734",2108.99999,1881,1096,1220,1050,1482,1395,1357,1447,3172,3148,2752,3315
"ENSG00000162735",609.99999,671,3642,3242,2851,4695,4415,3866,4309,4194,4398,4258,3951
"ENSG00000162736",580,576.00001,2892,2667,2307,3950,2245,3303,3975,5194,5700,4716,4724
"ENSG00000162738",756,842,1628,1651,1294,1855,953,1720,1756,3583,3570,2716,2714
"ENSG00000162745",76,55,177,184,160,290,174,224,289,281,276,278,254
"ENSG00000162755",214,191.00001,301,244,223,531,615,449,509,681,773,666,721
"ENSG00000162757",28,44,163,140,104,334,381,264,311,330,264,268,249
"ENSG00000162761",21,33,3,0,0,181,149,200,257,52,34,91,11
"ENSG00000162769",501,504,1636,1721,1372,797,501,630,737,503,555,575,633
"ENSG00000162772",199,77.99999,288,262,269,399,389,325,323,2540,1797,2178,2545
"ENSG00000162775",534,622,711,608,509,890,367,784,762,547,733,545,560
"ENSG00000162783",271,308,82,43,44,48,46,55,59,52,51,41,33
"ENSG00000162804",113,88,41,26,10,30,36,20,23,30,45,19,16
"ENSG00000162813",375.00001,349.00001,193,134,136,202,226,171,148,254,203,244,234
"ENSG00000162814",76,239,18,12,17,57,40,34,46,137,104,107,137
"ENSG00000162819",407.00001,508,708,839,607,953,455,710,831,924,794,835,1113
"ENSG00000162825",116,148,117,91,114,215,89,125,144,1382,1022,831,1144
"ENSG00000162836",259.99999,219,603,435,398,635,442,484,555,373,352,384,309
"ENSG00000162849",356,421,7,10,11,17,16,14,19,41,97,48,27
"ENSG00000162851",197,238,506,495,440,469,375,361,402,348,309,345,409
"ENSG00000162852",316,282,702,850,567,851,438,765,764,1122,1237,1057,1035
"ENSG00000162869",1084,1053.00001,421,325,317,598,357,492,503,467,568,451,513
"ENSG00000162873",287.00001,266.99999,54,42,39,273,246,246,286,2660,2917,2414,2916
"ENSG00000162878",2219,2064,263,164,149,863,1061,1047,850,152,235,141,146
"ENSG00000162882",33,43,48,49,53,110,58,105,114,17,20,12,25
"ENSG00000162885",553.99999,617.00001,493,572,670,904,645,818,740,957,601,922,1367
"ENSG00000162889",649,626,114,84,70,130,109,152,157,177,196,138,202
"ENSG00000162909",1077,912,442,398,377,499,552,639,463,1067,1020,964,1373
"ENSG00000162910",545.99999,463,1884,1389,1366,1579,1988,1573,1725,1756,1812,1696,1790
"ENSG00000162923",1070.99999,980,615,499,426,473,360,460,418,582,500,476,464
"ENSG00000162924",307,386,163,155,160,410,153,346,340,360,309,279,398
"ENSG00000162927",128.00001,131,63,66,81,131,114,113,163,188,160,183,172
"ENSG00000162928",565.00001,556,581,636,494,1152,914,897,972,1047,902,1027,991
"ENSG00000162929",1239,1406.00001,284,274,237,518,334,457,504,832,675,771,665
"ENSG00000162931",139,80,20,14,16,54,46,44,59,42,49,70,51
"ENSG00000162944",98.00001,244,47,44,38,249,134,134,198,346,371,327,301
"ENSG00000162946",115,124,27,47,29,40,22,60,38,35,43,44,54
"ENSG00000162951",78,1097,12,7,9,43,40,63,79,144,111,66,97
"ENSG00000162959",297,1885,838,901,623,667,742,665,686,638,474,645,670
"ENSG00000162961",1339.00001,1237.00001,2369,2092,1894,2020,2823,1789,1769,1484,1330,1423,1526
"ENSG00000162971",202.00001,299,552,499,410,392,312,328,355,356,302,338,350
"ENSG00000162972",251,301,379,418,343,375,354,295,347,331,362,348,344
"ENSG00000162976",100,111,397,430,329,474,542,432,397,68,118,156,141
"ENSG00000162980",998.99999,1192,290,413,395,668,562,541,486,421,330,512,715
"ENSG00000162981",250,461,86,84,119,440,230,366,296,413,387,507,645
"ENSG00000162992",771,958,4,1,5,1,1,8,2,802,915,692,775
"ENSG00000162994",293,488,84,98,51,173,130,138,107,353,250,301,351
"ENSG00000162998",139,395,91,114,53,7717,6777,6008,6368,1932,2022,1797,1275
"ENSG00000162999",66,98,71,78,53,88,72,73,63,200,136,185,149
"ENSG00000163001",1137,1238.00001,584,484,434,660,912,639,678,1274,1295,1208,1246
"ENSG00000163002",343,656,1372,1205,926,816,1142,673,650,734,624,757,775
"ENSG00000163006",1094,2036,624,596,600,798,662,597,786,856,807,767,881
"ENSG00000163013",85,57,343,223,178,171,122,188,178,88,128,105,74
"ENSG00000163026",207,236,1023,939,767,1015,690,957,871,945,895,747,893
"ENSG00000163029",782,1116,1823,1860,1505,1593,797,1410,1406,1114,963,908,1039
"ENSG00000163032",38,35,3560,3156,2587,2110,2040,2143,2478,129,109,116,128
"ENSG00000163040",473,461,172,154,140,504,478,457,498,957,846,843,945
"ENSG00000163041",501,652.99999,20938,17219,16363,28634,35706,26396,25646,26474,24996,25134,23884
"ENSG00000163050",154,157,2151,1839,1646,1606,923,1404,1671,856,1029,748,824
"ENSG00000163053",135,257,113,108,117,364,226,259,335,1102,985,1034,971
"ENSG00000163069",660,889,1054,1138,900,1619,905,1174,1330,1651,1684,1592,1618
"ENSG00000163071",44,205,166,214,146,38,37,69,45,63,92,60,94
"ENSG00000163072",453,343,31,16,19,43,27,43,41,55,50,45,35
"ENSG00000163075",149.99999,442,6,1,10,21,17,9,21,156,109,155,141
"ENSG00000163082",31,20,2,5,3,141,65,93,76,43,30,21,99
"ENSG00000163093",184,222,28,16,18,36,17,39,34,135,123,78,166
"ENSG00000163104",1728,2022,1483,1586,1307,1863,1091,1404,1706,1706,1549,1652,1591
"ENSG00000163110",3996,4033.99999,1142,1166,979,1412,700,1139,1082,2273,2733,2196,1934
"ENSG00000163125",1178,1005.99999,1175,1121,948,1530,708,1592,1645,1831,2104,1327,1731
"ENSG00000163126",37,46,49,25,44,23,9,35,20,34,54,46,42
"ENSG00000163132",68,83,3,0,1,11,5,13,10,28,32,51,24
"ENSG00000163138",550.99998,808.00001,129,138,140,220,232,163,173,380,351,327,357
"ENSG00000163141",16,30,45,41,24,278,163,230,219,7,21,8,7
"ENSG00000163155",94,114,49,65,61,91,123,93,77,164,197,165,183
"ENSG00000163156",383,352.99999,691,630,597,759,1063,673,725,911,980,879,797
"ENSG00000163159",675,764,2136,1767,1652,2307,2808,2237,2294,2891,3142,2685,2702
"ENSG00000163161",626.99999,835.00001,1946,1778,1582,2249,1684,2029,2209,2210,2555,1941,2110
"ENSG00000163162",500,633,174,187,290,399,401,359,298,200,185,281,479
"ENSG00000163166",912.99999,1139.00001,2033,1990,1687,2470,1623,2298,2340,1897,1809,1350,1630
"ENSG00000163170",727,647.00001,859,732,678,562,668,548,506,380,349,375,401
"ENSG00000163171",551,667,717,711,615,1641,1057,1368,1171,358,371,343,383
"ENSG00000163191",410,399,4403,3458,3273,1959,1331,1526,1643,137,264,188,140
"ENSG00000163214",394.99999,599.00001,902,898,780,1264,686,1155,1254,1151,1166,916,1109
"ENSG00000163249",820,1190.00001,340,335,314,653,396,430,433,173,148,122,156
"ENSG00000163251",2272,2286,1013,937,837,7406,4035,5757,5884,475,730,441,608
"ENSG00000163257",708,936,985,1118,844,1602,828,1620,1617,1482,1410,1333,1423
"ENSG00000163273",31,24,2,4,7,7,16,8,1,342,301,425,383
"ENSG00000163281",322.99999,541,220,189,181,389,282,330,316,627,556,658,554
"ENSG00000163291",434.99999,340,243,280,254,546,582,507,440,504,397,538,636
"ENSG00000163297",448,762.99999,205,214,196,516,332,362,461,843,808,691,642
"ENSG00000163312",265.00001,289,242,238,212,365,373,276,369,311,266,280,310
"ENSG00000163319",651,808,1578,1394,1202,1380,1464,1351,1268,970,863,930,1025
"ENSG00000163320",1691,1481,1471,1697,1429,3016,1531,2463,2402,3242,2648,3085,3296
"ENSG00000163322",442,530,242,244,177,333,395,283,271,214,226,257,265
"ENSG00000163328",210,199.00001,38,43,42,80,28,43,49,165,134,108,112
"ENSG00000163331",3558.99999,6333,11,2,1,8,15,14,4,101,328,263,114
"ENSG00000163344",574,535,934,680,680,901,1255,904,905,1467,1521,1238,1352
"ENSG00000163346",314,351,730,631,560,1408,827,1304,1401,1114,1348,1130,1109
"ENSG00000163347",876,748,222,150,154,34,20,17,12,824,875,738,854
"ENSG00000163348",413,356,922,934,810,1762,1178,1937,1845,1761,1622,1441,1847
"ENSG00000163349",989.99999,1244,757,653,541,993,648,953,868,886,872,844,860
"ENSG00000163362",115,95,838,648,686,976,561,856,895,822,894,704,848
"ENSG00000163374",757.00001,546,1151,982,914,1416,894,1381,1300,1281,1433,977,1135
"ENSG00000163376",25,26,321,304,192,112,56,102,60,100,92,77,109
"ENSG00000163377",19,33,94,101,62,46,55,45,42,22,41,40,23
"ENSG00000163378",57.99999,56,425,514,398,59,31,24,32,47,33,66,51
"ENSG00000163382",1172.99999,1138.00002,3072,2648,2515,2135,2659,1870,1836,2433,2489,2574,2413
"ENSG00000163389",261,305,895,834,671,1076,750,870,868,976,1003,897,1056
"ENSG00000163393",66,102,50,65,40,10,8,6,11,43,44,45,21
"ENSG00000163399",860,877,3123,2549,2752,3013,2342,2731,2652,1882,1549,1633,2377
"ENSG00000163406",31,37,139,171,187,108,89,81,75,25,17,18,25
"ENSG00000163412",498.99999,625,156,167,139,122,111,99,96,269,214,263,319
"ENSG00000163428",491,419,591,712,566,750,344,664,546,616,486,644,872
"ENSG00000163430",1084.00001,1182.00001,11353,11564,9125,11111,5886,8315,9939,8425,7922,7152,7188
"ENSG00000163431",87,72,28,23,24,32,23,28,48,89,137,136,135
"ENSG00000163444",926,663,3454,3112,2886,3622,5818,3108,3131,2678,2442,3073,2820
"ENSG00000163449",188.00001,336,125,104,74,588,427,354,419,1243,1160,1082,1099
"ENSG00000163453",936,962,17,33,14,50,46,43,36,24,21,42,35
"ENSG00000163462",112.99999,150,257,200,206,241,158,277,234,358,464,296,353
"ENSG00000163463",1549.00001,1652.99999,2634,2058,2012,1661,1735,1512,1481,1692,1816,1514,1544
"ENSG00000163466",2463,2780,7247,6673,6201,7032,8453,6318,6349,5161,4983,4888,4872
"ENSG00000163467",14,22,67,50,51,21,16,27,11,12,17,7,14
"ENSG00000163468",2732.00002,2861.00001,19622,17116,15351,16448,18616,14803,15844,14265,13677,13498,13603
"ENSG00000163472",37,82,127,110,60,177,89,164,194,150,144,161,170
"ENSG00000163479",1826.00002,1780,4001,3201,2995,4056,6657,3313,3522,4087,4004,4086,3566
"ENSG00000163481",214,214,569,428,349,633,767,612,660,708,737,710,707
"ENSG00000163482",186,265.99999,833,718,631,1170,498,1255,1548,1258,1338,941,1009
"ENSG00000163485",165,24,143,95,113,97,72,54,98,114,126,121,118
"ENSG00000163491",194,311,11,12,3,11,5,34,23,32,34,25,35
"ENSG00000163492",54,78,124,101,84,1,0,1,1,4,7,5,0
"ENSG00000163507",1052,1254,733,795,644,1031,657,873,897,1227,957,1019,1152
"ENSG00000163510",469,625,1207,1190,1004,1492,793,1210,1314,1276,981,1031,1128
"ENSG00000163512",662,763.99999,527,527,422,970,833,778,813,970,947,954,901
"ENSG00000163513",46,50,213,165,170,146,89,133,109,75,31,68,72
"ENSG00000163516",227.99999,285.99999,2587,1927,1924,2225,1332,1999,2229,1274,1556,1082,1106
"ENSG00000163517",244,181,368,293,273,513,402,386,503,898,1140,832,892
"ENSG00000163520",78,77,1077,883,870,1443,797,1257,1519,759,751,585,777
"ENSG00000163521",69.99999,86,129,47,81,167,145,138,203,285,247,183,183
"ENSG00000163527",1343,976,1086,911,825,1035,950,954,963,1000,799,809,1020
"ENSG00000163528",142,176,660,634,451,300,347,285,267,448,302,394,483
"ENSG00000163531",565.00002,652,357,338,281,346,165,274,329,913,1143,776,700
"ENSG00000163535",751,761.00001,969,1060,781,1339,971,1128,1261,890,709,773,988
"ENSG00000163536",176,279.00001,179,109,116,154,144,107,119,104,96,80,67
"ENSG00000163539",3690.99999,4652.99998,798,959,996,1642,825,1334,1513,3384,3516,3137,3301
"ENSG00000163541",888,930.00001,1098,858,920,1323,2394,1133,1155,2049,2011,2256,2029
"ENSG00000163545",298,170,771,585,505,1266,792,1327,1495,4635,3784,3140,4050
"ENSG00000163558",480,516,1589,1968,1892,2074,1151,1727,1445,858,638,1023,1390
"ENSG00000163565",52,59.99999,22,36,21,107,77,64,99,40,71,31,44
"ENSG00000163568",80,88,17,10,15,41,32,31,67,90,73,80,85
"ENSG00000163577",139,94,157,169,117,201,160,129,156,195,203,198,194
"ENSG00000163584",1220,1503.00001,684,620,627,344,453,369,337,403,341,420,472
"ENSG00000163590",686,1408,183,195,161,342,107,291,167,1045,992,946,1041
"ENSG00000163596",428.99999,552.00001,86,77,97,148,105,128,140,617,615,504,580
"ENSG00000163602",824.99999,542,446,388,309,639,500,558,509,399,320,332,413
"ENSG00000163605",1764.99999,2305.00001,740,874,694,1190,875,1086,1111,1356,976,1021,1214
"ENSG00000163607",281.00001,320,273,225,258,326,423,274,283,278,284,269,306
"ENSG00000163608",412,525.00001,1034,975,817,1484,1106,1241,1263,1126,924,1048,918
"ENSG00000163611",246,362,394,370,403,858,446,631,709,1129,1020,988,1021
"ENSG00000163617",366.99999,423,27,24,21,130,58,84,104,303,335,204,290
"ENSG00000163618",724.00001,1129,78,77,69,52,27,55,58,431,408,375,358
"ENSG00000163624",264,316,328,382,324,209,97,136,169,49,26,60,55
"ENSG00000163625",1273,1955.99999,550,477,415,445,213,300,342,504,564,482,399
"ENSG00000163626",461,501,428,423,344,295,263,267,277,362,376,394,401
"ENSG00000163629",3224,4237.99999,830,942,851,2723,1539,2777,2146,1285,1063,1107,1606
"ENSG00000163630",2492.99999,5860,9,11,9,48,13,30,25,119,192,163,109
"ENSG00000163633",25,26,10,10,5,23,62,21,19,13,11,1,14
"ENSG00000163634",992.99999,1157,929,868,815,975,1188,925,899,876,804,928,954
"ENSG00000163635",561,685.00001,111,66,67,105,57,104,102,120,171,136,128
"ENSG00000163636",1173,1337.00001,3733,3290,2857,3316,3197,2865,3152,3126,2888,3084,3033
"ENSG00000163637",327.99998,107.99999,181,168,119,735,287,528,544,221,254,207,163
"ENSG00000163638",458,620,6,8,2,135,55,194,215,457,501,418,452
"ENSG00000163644",233.00001,296,263,249,225,166,130,136,132,377,327,270,345
"ENSG00000163655",1355,1415,4976,4839,3937,6470,4736,5514,5773,5275,4549,4317,4910
"ENSG00000163659",499.00001,457,104,108,81,410,292,326,333,451,455,372,407
"ENSG00000163660",991.99999,1136.99999,887,802,713,1329,844,1146,1299,1513,1459,1246,1339
"ENSG00000163661",56,47,9,22,23,45,70,39,56,114,140,127,174
"ENSG00000163666",60,47,160,152,113,4633,4435,4151,3907,44,30,48,44
"ENSG00000163681",2089,1534.00002,409,526,540,665,339,585,552,424,333,461,629
"ENSG00000163682",621.99999,660.99999,10073,9747,9066,9328,17818,9224,8053,7900,7838,9153,8820
"ENSG00000163683",509,722,1295,1153,959,734,761,519,620,1129,1215,1231,1148
"ENSG00000163684",367,405,406,426,366,456,463,403,368,553,529,506,531
"ENSG00000163686",159,211,228,210,192,452,445,465,468,732,639,610,730
"ENSG00000163689",71,126.99999,218,196,166,226,141,215,225,163,119,122,104
"ENSG00000163694",37.99999,73.99999,2238,2389,2022,533,200,539,530,128,79,133,90
"ENSG00000163697",583.00001,436,1582,1667,1296,1824,1123,1640,1557,3039,2806,2601,2821
"ENSG00000163702",112.00002,167.99999,231,232,262,164,106,153,131,85,101,101,100
"ENSG00000163703",315.00001,346.99998,781,603,547,961,1074,869,905,979,1211,1033,950
"ENSG00000163704",194.99999,123,90,46,69,150,128,201,139,55,66,35,73
"ENSG00000163710",47,47,116,125,127,217,197,154,158,54,23,28,55
"ENSG00000163714",2058.00001,2539,2730,2509,2222,2553,1703,2556,2549,2383,2007,1703,2248
"ENSG00000163719",455,449,1503,1585,1438,1649,1220,1524,1763,1232,1045,985,1162
"ENSG00000163728",1032,1422,298,256,215,535,373,390,410,436,462,472,358
"ENSG00000163734",32.00001,16,46,31,30,4,6,1,5,5,5,2,7
"ENSG00000163738",1267,1081.99999,172,177,145,114,123,100,72,491,418,602,596
"ENSG00000163743",403.00001,430.99999,1516,1533,1203,1151,1203,850,925,1317,1177,1603,1549
"ENSG00000163754",1826,1365,2090,1975,1813,675,955,604,552,1391,1299,1574,1351
"ENSG00000163755",238,241,2911,3152,2504,1322,910,1121,1236,1074,1078,1038,990
"ENSG00000163781",962,1128,1136,1204,1151,2110,942,2058,1840,1753,1537,1516,1931
"ENSG00000163785",910,1054,290,265,201,226,371,277,242,305,289,252,352
"ENSG00000163788",284,426,431,486,302,790,422,729,666,741,682,706,636
"ENSG00000163795",171,174,147,110,114,154,177,139,152,107,105,121,110
"ENSG00000163798",428,669.00001,809,651,550,1040,632,880,1002,993,889,799,889
"ENSG00000163807",464,633,1578,1507,1162,1796,1009,1472,1537,1548,1361,1369,1486
"ENSG00000163808",1072,1359.99999,967,1012,758,1977,1087,1771,1799,3124,2695,2354,2839
"ENSG00000163811",758,761,3006,3088,2518,2248,1520,2140,2084,1458,1198,1131,1448
"ENSG00000163812",486,446,1388,1423,1301,1544,1191,1657,1610,1415,1339,1379,1547
"ENSG00000163818",325.99999,495.00001,197,201,139,496,324,360,332,753,697,768,811
"ENSG00000163820",214,170,421,526,396,488,180,458,514,414,558,417,417
"ENSG00000163832",729,742,1401,1069,1081,1182,1854,1092,1109,1502,1526,1393,1419
"ENSG00000163840",75,63,294,293,196,114,60,103,112,39,38,33,25
"ENSG00000163848",1195,1294,669,703,590,1565,723,1308,1395,1768,1642,1375,1534
"ENSG00000163864",215.99999,174,784,581,691,640,211,398,442,924,1210,845,714
"ENSG00000163866",431,391,1523,1302,1173,1304,1839,1221,1208,1166,1179,1086,1084
"ENSG00000163867",273,319,236,238,251,338,268,336,318,439,422,396,380
"ENSG00000163870",271.00001,277.00001,326,344,328,544,630,533,479,653,612,703,934
"ENSG00000163872",1045,1144.99999,1414,1485,1534,2245,1182,2271,2113,1256,1307,1101,1541
"ENSG00000163873",67,76,59,27,54,235,153,219,209,31,106,73,86
"ENSG00000163874",47,32,311,233,257,134,119,145,154,71,69,82,90
"ENSG00000163875",913.00001,1326,1040,896,886,1819,1526,1569,1436,2902,2864,2671,2627
"ENSG00000163877",209,158,250,248,200,360,247,335,364,301,274,254,245
"ENSG00000163879",374.99999,485.00001,400,342,333,857,888,849,817,1432,1390,1241,1212
"ENSG00000163882",654.99998,685.99999,3101,2471,2384,2367,3537,2175,2036,1675,1663,1916,1773
"ENSG00000163888",81,63,28,8,18,16,15,19,18,17,26,15,17
"ENSG00000163900",239,205,640,541,437,682,547,577,707,812,752,682,709
"ENSG00000163902",1480,1512,11315,10703,9029,11000,10245,9308,10316,9129,8883,8080,8221
"ENSG00000163904",603.00001,630,1017,988,884,1283,819,1053,1068,1421,1294,1071,1280
"ENSG00000163909",105,111,154,93,86,138,101,173,170,126,155,101,143
"ENSG00000163913",2637.99998,2132.00001,1009,742,629,1751,1016,1733,1554,2843,2594,2057,2408
"ENSG00000163918",760.99999,1011,1952,1790,1581,2654,3245,2569,2377,2194,1970,2046,2093
"ENSG00000163923",146,307,2178,1687,1550,533,699,409,410,313,177,233,254
"ENSG00000163930",736,685,1375,1094,960,1093,936,1227,1363,1463,1678,1212,1498
"ENSG00000163931",2187,1883,25694,21850,19252,9346,8138,9260,9550,8349,7880,6526,7823
"ENSG00000163932",81.99999,67.99999,117,94,69,100,88,97,96,42,34,20,29
"ENSG00000163933",296,309,1744,1441,1226,1403,1238,1315,1525,1235,1185,982,1158
"ENSG00000163935",302,355,337,393,333,554,274,495,501,555,490,453,695
"ENSG00000163938",1064.99999,1194,7107,7244,5984,4893,4053,4606,5014,3127,2867,2581,3225
"ENSG00000163939",4593,6383,1000,925,919,1494,1084,1597,1142,1554,1577,1473,2434
"ENSG00000163945",283,261,242,153,162,196,124,181,233,151,190,131,183
"ENSG00000163946",1472,1685,720,840,699,1087,583,867,796,984,942,931,965
"ENSG00000163947",242,182,116,144,162,189,72,145,112,494,430,391,462
"ENSG00000163950",855.00001,824,140,118,123,232,399,297,183,181,107,127,377
"ENSG00000163956",1175,773,2353,1894,1937,2292,1664,2193,2344,3288,3473,2599,2806
"ENSG00000163959",14,16,33,37,44,27,21,10,26,21,22,16,18
"ENSG00000163960",949,1138,2464,2802,2184,4255,1436,3547,3627,3788,4156,2913,3517
"ENSG00000163961",550,528,1944,2234,1806,1567,835,1467,1513,1463,1335,936,1579
"ENSG00000163964",634,771,94,50,38,75,61,56,79,160,129,140,168
"ENSG00000163975",90,103,111,94,130,115,92,124,145,109,168,106,103
"ENSG00000163995",491.00002,549,38,21,22,13,10,14,12,85,133,103,101
"ENSG00000164002",628,310,184,146,101,267,147,213,190,79,107,71,72
"ENSG00000164007",71,36,457,391,344,121,66,119,151,85,43,58,47
"ENSG00000164008",320.00001,325.00001,323,302,272,491,597,396,411,669,716,733,603
"ENSG00000164010",102,120,73,92,66,87,64,50,60,180,183,131,231
"ENSG00000164011",203.99998,249.00001,751,756,706,904,981,768,798,857,711,731,702
"ENSG00000164022",465,880,1215,1086,1061,1223,1148,967,921,1036,945,977,953
"ENSG00000164023",81,20,3,2,1,28,9,30,24,19,17,16,13
"ENSG00000164024",438.00001,599.99999,2936,3025,2477,2738,2117,2232,2582,1605,1264,1333,1509
"ENSG00000164031",641,840,472,458,310,628,280,421,412,431,377,430,462
"ENSG00000164032",10214.00001,12973,18418,16221,15128,20613,24499,19148,18012,21219,18022,18026,20152
"ENSG00000164037",23,76,15,13,3,31,16,16,26,2,2,2,3
"ENSG00000164038",175,259,153,182,185,174,123,167,179,231,225,274,235
"ENSG00000164039",799.00001,1063,774,723,701,800,961,738,781,1408,1322,1339,1160
"ENSG00000164040",1206,972,564,708,583,827,601,679,765,514,447,418,629
"ENSG00000164045",342,388,348,254,265,401,337,437,374,655,573,479,624
"ENSG00000164048",163,380,2504,2228,1818,2003,1133,1879,1878,1170,1214,894,987
"ENSG00000164049",18,19,15,21,27,35,38,18,18,54,40,44,27
"ENSG00000164050",689.99999,631,2009,1391,1362,1269,898,1480,1515,1717,1873,1425,2016
"ENSG00000164051",202,134,1095,1019,874,915,870,827,974,851,834,794,800
"ENSG00000164053",167,197.99999,170,122,110,144,250,216,154,191,167,159,341
"ENSG00000164054",905,917.00002,6022,4821,4267,5799,4740,5474,6158,5232,5619,4503,5036
"ENSG00000164056",147.00001,119.00001,533,393,458,907,662,937,809,548,386,308,524
"ENSG00000164061",908,743,71,42,39,26,38,33,24,283,328,267,224
"ENSG00000164062",504.00001,540,8348,6933,6188,5838,5456,5605,5561,3868,3922,3536,3533
"ENSG00000164066",490,521,560,465,428,522,308,462,509,823,973,791,810
"ENSG00000164068",355,282.00001,1623,1374,1192,1239,680,1249,1426,1481,1486,1016,1164
"ENSG00000164070",378,499,393,339,347,91,62,78,88,1014,957,873,961
"ENSG00000164073",468,1357.99999,332,308,314,385,292,344,363,428,355,533,394
"ENSG00000164074",431.00001,728.99999,410,462,343,384,254,270,344,460,427,444,437
"ENSG00000164076",34,17,2383,2273,1944,1403,1015,1676,1705,2730,2721,2106,2417
"ENSG00000164077",57.99999,64,244,192,110,178,195,216,210,375,422,281,365
"ENSG00000164080",623,675,1754,1756,1569,2511,1375,2382,2347,2789,3104,2011,3052
"ENSG00000164081",423.00001,523.00001,450,324,352,97,144,112,117,648,611,640,622
"ENSG00000164082",57,118,132,83,119,166,107,188,242,328,530,320,262
"ENSG00000164086",104,103,152,103,126,144,115,145,129,104,89,80,91
"ENSG00000164087",355,284,1496,1241,1076,1510,1485,1532,1581,1153,1126,1090,1200
"ENSG00000164088",64.00001,70,40,14,24,24,25,22,25,12,17,17,13
"ENSG00000164091",1213,1358,903,878,700,838,775,862,795,1407,1381,1238,1472
"ENSG00000164096",1520,1799,2991,2772,2490,3887,3225,3234,3372,3573,3235,3312,3297
"ENSG00000164100",46,98,11,7,8,12,6,16,8,52,75,59,49
"ENSG00000164104",7203,9953.00001,6925,6194,5527,15190,12438,14213,14316,15152,12992,12049,13306
"ENSG00000164105",851,878,60,57,63,90,135,106,68,96,67,65,124
"ENSG00000164106",180,129,13,7,10,49,27,31,29,54,106,77,61
"ENSG00000164109",1694,2467.99999,3599,3803,2844,4339,5022,3887,3878,4266,3211,4414,4620
"ENSG00000164111",1611.99999,2045.00001,11713,11106,9069,11590,9990,9058,9560,9542,7823,8217,8929
"ENSG00000164114",720,860,226,241,198,360,198,252,302,605,519,505,608
"ENSG00000164116",246.99998,545.00001,0,4,2,101,92,138,109,421,338,305,362
"ENSG00000164117",158,210,150,117,130,218,204,151,159,443,401,426,324
"ENSG00000164118",494,672,375,340,308,695,527,585,627,754,735,846,709
"ENSG00000164124",68,110.99999,84,99,73,140,62,66,89,89,59,83,99
"ENSG00000164125",392,303,14,5,10,0,1,0,0,98,108,91,67
"ENSG00000164128",89.00001,146,259,267,225,245,159,192,218,61,52,34,57
"ENSG00000164129",46,176,25,48,26,25,20,26,36,10,15,12,17
"ENSG00000164134",1658.00001,1728,3487,3650,2891,2867,1677,2346,2617,2189,1721,1714,2232
"ENSG00000164142",361,674,661,654,450,413,201,301,317,30,16,10,8
"ENSG00000164144",659.99999,1509.99999,952,935,762,1028,826,856,888,774,621,687,720
"ENSG00000164151",627,729,704,728,743,978,688,1116,745,511,421,391,668
"ENSG00000164161",75.00001,89,9,10,11,154,109,62,116,46,115,75,62
"ENSG00000164162",578,608.00001,370,357,325,466,507,393,359,435,350,362,444
"ENSG00000164163",727,871.00001,3354,3568,2930,3055,1996,2434,2709,2319,1991,2025,2447
"ENSG00000164164",513,559,596,555,493,585,376,541,459,358,293,309,313
"ENSG00000164167",822,977.00001,873,813,670,790,860,764,719,626,499,590,628
"ENSG00000164168",543,577,1846,1723,1323,1901,916,1504,1789,1575,1524,1290,1384
"ENSG00000164169",327,487,671,651,551,657,407,594,576,685,557,537,524
"ENSG00000164171",70.99999,126,189,193,179,214,88,146,134,539,559,481,427
"ENSG00000164172",354.99999,395,393,383,357,516,411,488,442,657,662,607,708
"ENSG00000164176",196,593,1973,2004,1567,1006,691,567,778,181,168,282,112
"ENSG00000164180",495,645.99999,283,290,240,286,228,222,207,416,382,391,399
"ENSG00000164181",18,19,201,202,135,104,56,62,79,21,23,20,26
"ENSG00000164182",382,588.00001,556,479,414,345,480,349,343,489,451,433,464
"ENSG00000164187",177,251,171,170,104,273,99,199,229,364,381,339,327
"ENSG00000164190",3050.99999,3466,1614,1731,1413,2559,1181,2188,2085,2660,2557,2190,2250
"ENSG00000164197",491,674,40,62,50,109,47,66,50,155,127,119,110
"ENSG00000164199",2010.00001,2338.00001,1033,832,791,1522,901,1138,1129,548,847,542,609
"ENSG00000164209",765,707,590,532,427,651,459,468,582,1082,960,1052,1023
"ENSG00000164211",267,419,1156,1190,943,1505,1000,1207,1264,1221,1219,1355,1280
"ENSG00000164219",408,528,669,644,563,729,413,578,594,676,642,559,596
"ENSG00000164220",82,159,5,3,1,78,40,35,39,63,92,51,33
"ENSG00000164221",570.00001,898,289,358,320,364,193,328,356,386,354,297,418
"ENSG00000164236",77,25,335,211,225,41,25,25,31,69,89,61,85
"ENSG00000164237",262,255,792,776,689,435,404,353,339,885,767,754,914
"ENSG00000164244",549,647.99999,1622,1614,1254,1814,1059,1693,1657,1923,1893,1599,1758
"ENSG00000164252",646,750,342,340,409,630,482,619,573,449,359,456,705
"ENSG00000164253",934.00001,656,1478,1426,1227,2562,2380,2167,2266,2527,2262,2490,2652
"ENSG00000164258",1342,1838.00001,1710,1526,1385,2198,2894,1888,1841,2240,2043,2155,2041
"ENSG00000164284",346.00001,368,999,1059,713,1096,776,815,970,936,731,809,860
"ENSG00000164291",196,265,485,478,380,480,366,393,422,516,415,457,418
"ENSG00000164292",729.00001,978.99999,90,116,89,88,56,57,40,524,444,396,545
"ENSG00000164294",455,473,1374,1298,1034,1835,1551,1589,1565,1578,1388,1494,1636
"ENSG00000164296",89,91,112,129,90,224,189,186,214,452,368,324,379
"ENSG00000164300",351,481,1768,1982,1767,1192,398,811,1083,315,314,203,364
"ENSG00000164305",1129,1260,2668,2781,2124,1529,1253,1262,1292,3370,2925,3071,2855
"ENSG00000164306",792.99999,725.99999,118,135,77,188,262,161,190,316,253,327,266
"ENSG00000164307",178,170,390,357,333,566,279,511,590,392,343,295,295
"ENSG00000164309",21,15,64,53,69,38,79,55,51,18,25,14,18
"ENSG00000164323",541,777,666,749,657,1138,549,912,790,786,592,774,883
"ENSG00000164327",1477.99999,1252,400,490,359,609,216,448,451,737,777,698,602
"ENSG00000164329",820,801,855,820,724,1416,916,1065,1244,754,707,825,769
"ENSG00000164330",537,1888.99999,4,2,6,16,14,15,16,461,772,445,561
"ENSG00000164331",290,418,354,329,285,368,353,290,403,301,333,352,392
"ENSG00000164332",559,716,1189,1230,1048,1487,1335,1212,1234,879,742,913,874
"ENSG00000164338",201,195,897,877,734,813,510,641,700,526,436,534,504
"ENSG00000164346",1408,1358,1338,1152,1086,1310,1270,1020,1029,811,745,829,911
"ENSG00000164347",507,606,1297,1330,1174,1445,968,1138,1149,1077,979,1055,1108
"ENSG00000164362",24,27,138,118,89,79,65,95,76,25,19,16,23
"ENSG00000164366",307,348,614,571,468,957,789,708,734,820,741,690,589
"ENSG00000164398",31.99999,32,32,26,12,17,6,21,20,40,43,25,35
"ENSG00000164402",440.00001,380,288,232,196,532,441,502,387,838,841,743,972
"ENSG00000164403",38,31,74,46,49,13,16,18,14,19,12,11,4
"ENSG00000164405",4120.00001,3902.99999,3831,3045,3266,2606,4853,2744,2538,4398,4204,4380,4206
"ENSG00000164406",25,32,14,19,16,27,21,23,18,32,28,36,16
"ENSG00000164414",383,379,429,420,373,734,844,413,477,713,631,811,651
"ENSG00000164418",115,286.99999,90,97,113,665,202,440,456,549,597,527,568
"ENSG00000164434",903,1491,53,47,43,1860,3245,1475,1300,1687,1220,1474,1464
"ENSG00000164442",714,669,70,58,60,190,181,247,232,117,84,96,71
"ENSG00000164463",180.00001,212.99999,179,169,115,569,322,410,396,599,660,600,619
"ENSG00000164465",59,79,77,81,79,59,76,62,72,74,52,79,103
"ENSG00000164466",957,1167,2725,2825,2307,4517,2957,3674,4120,4380,4144,4002,4162
"ENSG00000164483",32.00001,27,37,26,19,12,9,8,9,40,54,35,43
"ENSG00000164484",77,73,133,136,193,239,187,162,141,108,101,151,178
"ENSG00000164488",100,60,29,13,13,47,51,35,34,9,35,16,18
"ENSG00000164494",325,439,581,584,538,462,381,390,426,643,555,576,579
"ENSG00000164506",1429.00001,3021,153,96,90,87,38,79,72,111,100,113,103
"ENSG00000164535",344,377,832,773,651,777,565,687,776,935,969,757,774
"ENSG00000164542",590,482,13,8,18,115,72,70,76,951,819,1072,1060
"ENSG00000164543",660,360,111,104,121,83,149,103,74,185,123,153,299
"ENSG00000164548",1956.00001,2461,854,861,768,1111,991,966,1047,1048,986,952,1026
"ENSG00000164574",413,289,179,164,153,109,96,153,110,238,266,276,225
"ENSG00000164576",280.99999,340.99999,114,72,77,149,110,137,117,237,214,217,217
"ENSG00000164587",22100.99999,27446,26210,21500,21900,27790,49646,27517,24056,26377,26384,31651,25679
"ENSG00000164588",12,16,44,39,40,2,0,4,3,8,1,3,6
"ENSG00000164591",31,40,489,432,371,85,74,77,74,73,85,79,75
"ENSG00000164597",980,1006.99999,701,639,585,1167,796,855,1061,1727,1497,1427,1536
"ENSG00000164603",569,850,202,218,172,581,460,421,464,1077,940,1302,983
"ENSG00000164604",80,81,8,6,3,143,114,79,107,353,414,437,425
"ENSG00000164609",484.00001,598.00001,772,766,692,1064,710,853,906,1398,1257,1296,1259
"ENSG00000164610",412,529,66,75,90,165,202,187,149,200,197,160,359
"ENSG00000164611",2050.99999,2655,6445,5361,5191,5587,5189,5234,5072,5217,5030,4267,4977
"ENSG00000164615",795.00001,856.99998,662,496,485,735,889,578,656,1134,1124,1185,1109
"ENSG00000164619",21,62.99999,49,23,36,43,34,28,31,6,6,5,3
"ENSG00000164620",47.00001,36,302,247,256,124,115,177,199,100,126,100,119
"ENSG00000164627",21,41,31,8,20,29,21,32,44,76,46,65,53
"ENSG00000164631",300.99999,426,404,350,299,512,523,457,447,398,343,377,405
"ENSG00000164638",623,429,158,102,110,230,205,225,291,655,637,508,630
"ENSG00000164647",34,58,123,148,126,100,130,78,103,93,67,77,78
"ENSG00000164649",1012,1235,4048,4008,3388,2686,1848,2261,2290,2783,2339,2087,2485
"ENSG00000164651",144,137,43,29,35,109,78,124,96,149,89,106,267
"ENSG00000164654",383,584.00001,530,560,580,732,464,633,485,448,340,419,616
"ENSG00000164659",1057.99999,556.99999,948,1006,801,1538,772,1212,1387,1403,1194,1198,1182
"ENSG00000164663",324,394.00001,277,238,274,628,479,601,510,561,486,440,561
"ENSG00000164674",12.00001,23.99999,5,9,8,12,25,27,10,64,40,20,25
"ENSG00000164675",88,145,4,25,4,38,15,14,33,53,49,61,41
"ENSG00000164683",463.00001,593,37,25,28,99,99,79,60,254,222,232,215
"ENSG00000164684",989,1295,31,25,38,161,89,139,112,496,428,360,426
"ENSG00000164687",466,271,3288,2768,2566,1837,2238,1708,1598,2407,2247,2304,2509
"ENSG00000164692",220,1537,3490,3536,2948,8380,3751,7121,7497,1134,1741,1232,1160
"ENSG00000164695",23,31,118,121,94,129,118,101,92,33,32,46,42
"ENSG00000164707",90,149,121,94,73,130,75,106,133,45,60,64,54
"ENSG00000164713",1387,1152.00001,157,111,133,159,193,163,135,216,247,249,271
"ENSG00000164715",409,348,782,846,771,882,506,804,718,606,577,551,614
"ENSG00000164733",2946.00001,1945.00001,2133,1801,1627,3706,2783,3108,3935,9752,9822,8168,9222
"ENSG00000164741",28,33,60,84,68,179,102,187,223,38,70,90,35
"ENSG00000164742",281,304,434,394,299,188,118,189,148,187,213,181,180
"ENSG00000164743",40,39,20,15,10,106,71,63,65,83,56,45,65
"ENSG00000164751",480,704.99999,682,782,644,1565,2358,1172,1246,1751,1564,2075,1889
"ENSG00000164754",2793.00001,3493,2201,2203,1964,3809,2952,3097,3105,4277,3690,3833,4494
"ENSG00000164758",302,456,377,326,310,542,772,519,574,701,709,727,629
"ENSG00000164764",171,36,27,32,38,8,7,6,14,6,9,5,6
"ENSG00000164776",66,52,5,4,7,17,9,7,16,28,11,21,14
"ENSG00000164808",1538.00001,1845,1260,1337,1090,1608,1035,1553,1647,1886,2028,1632,1766
"ENSG00000164815",589.00001,1500,938,879,780,904,778,824,796,955,766,810,925
"ENSG00000164818",437,522,455,326,334,272,311,295,241,223,142,170,203
"ENSG00000164823",252,233,228,233,152,174,129,132,116,113,76,110,102
"ENSG00000164828",1027.99999,983.99998,3981,3580,2905,4093,2694,3488,3891,2992,3259,2401,2491
"ENSG00000164830",1240,1213,367,416,360,757,456,515,487,1383,1175,1474,1307
"ENSG00000164841",32,33,133,119,96,865,662,824,931,258,164,199,246
"ENSG00000164849",66,35,10,13,3,66,68,74,49,33,24,37,42
"ENSG00000164850",107,77,23,28,5,62,44,61,63,74,116,71,48
"ENSG00000164877",117,77,39,23,43,99,76,130,120,51,54,50,113
"ENSG00000164879",93,108,227,190,208,283,288,270,257,54,67,61,58
"ENSG00000164880",669,408,1834,2282,2214,2245,1134,2702,2374,2109,2190,1952,2932
"ENSG00000164885",303,313,728,548,522,493,646,410,425,964,1038,928,798
"ENSG00000164889",373.99999,314,1817,1783,1418,1502,926,1468,1575,2001,2250,1624,1930
"ENSG00000164896",520.00001,510.99999,1636,1230,1265,1222,986,1274,1394,1490,1686,1215,1314
"ENSG00000164897",363.99999,275.99999,72,62,114,125,187,157,130,105,78,83,207
"ENSG00000164898",889,867,386,268,346,413,641,315,300,764,757,795,798
"ENSG00000164902",694,783,1501,1399,1115,1640,979,1414,1498,1315,1275,1165,1282
"ENSG00000164904",1840.00001,2527,5716,4740,4265,8620,6445,7707,7847,7022,6135,5474,6226
"ENSG00000164916",559,442,347,317,291,823,467,727,827,1546,2031,1164,1631
"ENSG00000164919",3026,3932.99999,3950,3655,3430,3379,3299,3401,2959,3562,3427,3208,3632
"ENSG00000164924",5519.00001,6241,23348,23542,19334,33641,24124,26119,27514,25672,23333,23594,24889
"ENSG00000164929",280,281,22,14,11,40,43,19,30,536,364,508,603
"ENSG00000164930",266,340.00001,458,447,409,550,416,368,366,602,503,587,513
"ENSG00000164932",20,116,14,17,13,20,28,14,7,52,32,55,50
"ENSG00000164933",160.99999,234,678,778,537,583,378,465,560,604,537,614,712
"ENSG00000164934",1119,1242,6106,5840,4582,4280,4067,3385,3674,3398,2715,3343,3439
"ENSG00000164938",431,632,274,490,459,832,378,774,636,649,660,863,1043
"ENSG00000164941",752.99999,984.00001,1787,1798,1442,2830,1752,2420,2438,2414,2104,2108,2391
"ENSG00000164944",662,811,1383,1566,1073,2080,1102,1825,1936,2017,1846,1691,1743
"ENSG00000164946",40,50,29,50,26,157,62,87,112,47,53,61,53
"ENSG00000164949",162,109,145,130,119,153,126,127,147,546,502,413,475
"ENSG00000164951",189,194,606,676,453,432,253,367,353,541,646,544,518
"ENSG00000164953",477.99999,1371.00001,303,325,253,680,429,531,587,692,704,711,664
"ENSG00000164961",378,455,2170,2080,1604,1993,1114,1653,1861,1585,1466,1238,1461
"ENSG00000164967",294,251,544,420,411,641,1031,626,701,626,682,669,582
"ENSG00000164970",700.99999,340.00001,77,55,45,58,67,61,54,232,222,121,185
"ENSG00000164975",976,1147.99999,917,902,756,1465,808,1082,1269,2084,1909,1724,1928
"ENSG00000164978",297,366,326,279,266,424,836,358,313,628,633,604,598
"ENSG00000164983",290,198,57,49,31,89,55,84,70,109,83,82,77
"ENSG00000164985",5756,7146,2162,2103,1763,2149,1877,1952,1842,1160,907,993,1179
"ENSG00000164989",394.99999,746,126,83,105,184,127,160,170,285,309,236,184
"ENSG00000165006",934,455,1097,1111,877,1326,998,1156,1305,2275,2474,2106,2080
"ENSG00000165023",248,251,7,9,5,13,7,17,10,203,285,158,148
"ENSG00000165025",61,24,184,109,118,13,2,13,34,29,21,16,31
"ENSG00000165028",42,43,4,1,4,24,14,10,17,43,38,34,26
"ENSG00000165029",330.99999,146,97,152,81,612,247,414,566,463,440,320,390
"ENSG00000165030",150,178,90,79,77,150,179,135,113,206,171,142,166
"ENSG00000165046",82,92,23,32,24,77,79,58,73,187,186,126,181
"ENSG00000165055",700,732,1033,1089,912,1128,1041,962,1172,1012,957,944,1019
"ENSG00000165060",351,471,716,724,746,863,743,838,726,730,598,728,745
"ENSG00000165061",134,551,602,489,426,284,212,254,241,99,144,91,82
"ENSG00000165072",135,97,346,411,273,90,35,44,64,88,79,76,72
"ENSG00000165092",4605,13950,53,19,19,14,9,3,18,91,175,200,173
"ENSG00000165097",272,182,35,32,40,53,41,39,74,93,76,73,111
"ENSG00000165102",488,486,69,61,35,122,112,173,114,332,285,251,348
"ENSG00000165105",13,18,412,322,331,155,98,170,158,61,106,83,57
"ENSG00000165113",638,830,40,45,40,135,213,146,101,156,153,218,238
"ENSG00000165115",327.99999,549,169,165,116,393,170,262,267,329,282,278,288
"ENSG00000165119",8095,10624.99999,38677,38054,32058,48002,35190,39489,43985,56509,53297,47570,50192
"ENSG00000165138",402,383,605,352,418,315,299,337,276,259,272,198,257
"ENSG00000165152",258,277,1415,1349,1085,1641,1042,1338,1500,2430,2242,1890,2120
"ENSG00000165156",842.00001,1355,35,29,37,198,99,152,176,831,784,805,992
"ENSG00000165164",212,496,0,0,4,7,8,6,2,60,45,56,45
"ENSG00000165169",273,320,187,191,145,315,204,216,282,259,291,320,303
"ENSG00000165171",73,46,177,130,99,108,91,75,49,78,69,81,72
"ENSG00000165175",303,410.00001,1295,1186,1206,621,357,690,608,482,445,402,507
"ENSG00000165185",894,1256,450,427,364,748,425,687,655,550,521,421,570
"ENSG00000165194",444.00001,792.99999,24,8,16,54,45,61,57,476,442,278,389
"ENSG00000165195",115,152.99999,333,281,267,488,328,427,413,599,549,650,598
"ENSG00000165197",71,126,3,0,0,2,6,0,2,85,140,150,112
"ENSG00000165209",1067,2012.00001,1103,941,848,969,726,915,885,830,761,698,1091
"ENSG00000165215",56,28,300,383,411,452,421,417,390,117,83,120,166
"ENSG00000165219",881.99999,1164,1872,1950,1560,2092,929,1772,2056,2148,1927,1618,1736
"ENSG00000165233",254.00001,274.99999,341,241,224,168,242,184,152,241,265,266,281
"ENSG00000165238",2026.99999,1766,365,252,286,178,116,187,170,218,233,160,156
"ENSG00000165240",299.00001,283.00001,150,188,133,296,95,222,244,426,466,419,378
"ENSG00000165244",201,315,45,36,39,67,45,53,47,56,46,38,51
"ENSG00000165259",98,206,242,242,219,388,245,289,360,423,400,394,394
"ENSG00000165264",1739,1963.99999,1553,1539,1389,1395,1569,1134,1121,1332,1188,1418,1684
"ENSG00000165271",146.99999,124,1819,1663,1407,1066,624,1086,1275,1264,1117,885,1057
"ENSG00000165272",37,26,52,28,45,26,55,52,51,58,96,109,63
"ENSG00000165275",238.99999,215,135,150,140,183,144,202,179,239,276,234,258
"ENSG00000165280",2166.99999,2140.99999,19956,20140,17031,18604,11931,18365,19634,18861,18265,15475,17383
"ENSG00000165282",251.00001,208.99998,1540,1236,1018,1157,659,899,1155,990,1252,898,976
"ENSG00000165283",1745,2228,8422,6631,6307,6235,10994,5286,5912,6853,6564,6969,6647
"ENSG00000165288",461,576,542,546,408,661,387,573,568,414,364,308,334
"ENSG00000165300",538,782,42,60,58,166,119,165,134,514,541,367,644
"ENSG00000165304",1712.00001,1843.99999,1704,1568,1433,2205,1632,1843,1967,2034,1675,1739,2023
"ENSG00000165309",32,131,13,3,4,21,2,18,16,52,56,46,48
"ENSG00000165312",87,100,31,28,30,21,16,12,16,41,28,23,39
"ENSG00000165322",1015.00001,956,1268,1363,1018,1476,809,1173,1385,914,984,801,814
"ENSG00000165323",2652,2555,656,719,662,488,173,324,343,1181,1198,1038,984
"ENSG00000165338",775.99999,822.00001,178,165,162,601,453,458,442,362,318,458,391
"ENSG00000165349",77,94,5727,5180,4614,2283,1669,2073,2449,1304,1202,1132,1212
"ENSG00000165355",191,296,117,85,79,148,171,96,118,74,65,51,64
"ENSG00000165359",563.99999,379.99999,172,189,161,407,234,370,410,675,720,612,744
"ENSG00000165376",38,20,3,0,1,0,0,5,1,183,191,145,146
"ENSG00000165379",209,514,8,1,1,1,0,2,2,26,14,26,21
"ENSG00000165389",750,790,1596,1646,1310,1311,1346,1048,1224,1590,1159,1595,1481
"ENSG00000165392",1064,1152,670,712,619,686,276,554,612,470,439,410,417
"ENSG00000165406",242,252.00001,317,345,262,408,275,425,424,339,310,250,397
"ENSG00000165410",734.99999,777,501,563,428,736,654,629,607,2416,2143,2829,2559
"ENSG00000165416",1064.00001,1293,1946,1772,1491,1710,1210,1431,1323,1462,1466,1322,1456
"ENSG00000165417",1578,2028.99999,560,745,452,939,402,708,826,703,567,591,682
"ENSG00000165424",59,89,109,47,55,165,118,163,128,58,55,59,43
"ENSG00000165434",329,352,752,830,699,914,427,670,639,1336,1364,1156,1169
"ENSG00000165443",1908.00001,2954,11,5,9,32,14,21,21,2970,2878,2667,2301
"ENSG00000165449",211,282,275,330,237,1442,808,1138,1100,1311,1253,1541,1499
"ENSG00000165458",621,642,467,321,352,270,213,315,276,444,551,375,400
"ENSG00000165475",268,378.00001,42,22,18,18,14,16,13,784,936,1066,694
"ENSG00000165476",949,840,290,316,271,538,390,464,457,743,656,729,916
"ENSG00000165480",502.99999,672.99999,2999,2825,2430,1458,1177,1299,1448,1406,1149,1200,1435
"ENSG00000165487",919.00001,1434,592,609,569,869,851,643,693,838,682,917,878
"ENSG00000165490",211,292,1033,1031,867,1195,698,1083,1081,481,417,466,459
"ENSG00000165494",753,878,723,671,568,791,492,808,726,827,747,668,627
"ENSG00000165495",1555.99999,838,38,39,63,234,155,167,257,1550,1832,1260,1448
"ENSG00000165501",379,412.00001,883,730,682,760,1003,617,638,826,678,948,956
"ENSG00000165502",2129,2086,3435,2933,2736,2485,2585,2343,2045,1349,1446,1180,1304
"ENSG00000165506",407,442,1223,1132,957,1258,1539,1008,1115,991,937,1250,1069
"ENSG00000165507",17,48,36,52,20,70,56,70,53,58,60,70,51
"ENSG00000165512",687,698,1948,1793,1469,2956,3059,2433,2558,2737,2343,2540,2409
"ENSG00000165516",751.00001,926,411,452,514,834,1581,806,597,600,462,798,1420
"ENSG00000165521",67,75,14,3,5,31,12,17,26,50,32,25,19
"ENSG00000165525",1372,1729.00001,1306,1234,1086,1388,787,1245,1166,1342,1267,972,1327
"ENSG00000165526",205.00001,262.00001,1402,1199,1024,1255,1558,1203,1243,965,984,897,849
"ENSG00000165527",505,577,746,844,786,919,811,893,837,630,492,518,1029
"ENSG00000165533",566,614,391,452,309,617,623,568,486,901,940,857,890
"ENSG00000165548",44,53,35,44,63,46,12,43,46,37,73,45,56
"ENSG00000165566",403,460,4,6,7,17,5,8,6,168,158,124,184
"ENSG00000165568",71,91,42,37,43,35,21,19,55,36,20,25,17
"ENSG00000165572",246,228,712,708,560,931,503,801,896,1740,1502,1368,1418
"ENSG00000165588",868.99999,886,1239,964,921,4253,4095,4294,4188,4382,3526,3617,4243
"ENSG00000165591",29,67,131,124,111,146,140,155,132,72,76,73,82
"ENSG00000165609",918.99999,1097,4576,3736,3628,3336,3002,2883,2929,3019,2613,2518,2793
"ENSG00000165617",53,46,30,16,10,13,12,6,10,44,31,22,28
"ENSG00000165626",541,1025,38,29,43,75,44,44,32,148,139,113,137
"ENSG00000165629",2339,3062,7075,6607,5600,6695,7710,5823,5677,5817,5828,5903,6016
"ENSG00000165630",428.00002,420.00005,332,308,319,392,340,286,358,489,483,379,432
"ENSG00000165632",596,512,420,317,294,451,241,329,360,593,531,415,525
"ENSG00000165633",46.00001,28,81,84,91,128,61,136,118,243,272,244,203
"ENSG00000165637",1210,1363.99999,8595,7913,6954,7767,7389,6365,6579,6909,6638,6057,6493
"ENSG00000165644",83.99999,69,300,229,287,58,107,79,70,109,81,128,116
"ENSG00000165646",214,669,212,233,188,189,105,161,187,25,26,26,22
"ENSG00000165650",508,430,400,484,398,384,243,296,287,389,333,342,562
"ENSG00000165655",196,196,1,0,0,2,13,15,16,50,87,53,87
"ENSG00000165660",221,304,352,336,253,526,393,465,515,469,434,431,390
"ENSG00000165661",254,203,153,73,118,92,91,81,96,108,128,95,95
"ENSG00000165669",836,980,522,423,490,894,850,711,616,1663,1496,1606,1699
"ENSG00000165671",1806,2059.00001,3634,3421,3052,3961,1802,3722,3644,2086,2103,1553,1718
"ENSG00000165672",1833,2372,9042,8451,7526,9027,12056,7082,7049,6233,5762,6958,6729
"ENSG00000165675",1355,556.99999,905,896,761,1156,778,1169,1076,1311,1345,1279,1262
"ENSG00000165678",1682.00001,1811.00001,6658,6017,4960,6673,7173,5410,5974,8113,7522,8519,7654
"ENSG00000165684",423.99999,223,260,249,225,238,158,305,290,210,328,198,305
"ENSG00000165688",541,447.99999,3443,2957,2480,2853,2454,2588,2964,3010,3136,2528,2757
"ENSG00000165689",414.99999,387,335,185,176,128,220,125,122,100,85,101,87
"ENSG00000165695",54,124,16,10,14,36,27,46,41,65,70,58,60
"ENSG00000165698",218.99999,142.00001,31,24,26,177,162,152,188,504,522,396,456
"ENSG00000165699",586.00001,667.00001,1294,1186,1054,1696,1044,1664,1841,1163,1416,1082,1090
"ENSG00000165704",953,606,2796,2670,2333,2638,2747,2454,2453,2203,1618,1851,2197
"ENSG00000165714",138,120,277,300,228,362,248,335,332,448,437,404,341
"ENSG00000165716",537,504,345,158,175,176,244,203,206,317,338,300,328
"ENSG00000165724",360,391,106,101,69,65,165,84,67,63,52,49,73
"ENSG00000165730",100.00001,131,14,11,14,75,63,79,86,117,89,104,110
"ENSG00000165731",19,16,98,71,81,171,198,246,226,44,24,30,96
"ENSG00000165732",1253,1266,3752,3570,2968,1818,1123,1498,1586,1010,829,780,1055
"ENSG00000165733",560,676,4148,4024,3457,4250,1945,4106,4185,3063,2973,2116,2728
"ENSG00000165752",373,233,228,173,157,241,263,220,241,186,192,176,175
"ENSG00000165757",35,47,41,50,60,222,147,216,210,67,65,54,58
"ENSG00000165775",951,1100,1250,1171,1070,1848,3016,1535,1391,2600,2634,3048,2791
"ENSG00000165782",320,387,525,590,516,924,879,864,759,593,600,726,835
"ENSG00000165792",535.00001,648,2529,2056,1801,2246,2517,1969,2223,2021,2115,2051,1917
"ENSG00000165795",243,378,411,395,344,130,184,167,118,1558,1483,1576,1419
"ENSG00000165801",660.99999,786.99999,600,529,605,824,600,871,651,1686,1600,1503,2370
"ENSG00000165802",553,435.99999,277,208,223,162,225,175,209,203,217,193,183
"ENSG00000165804",993,737,388,275,389,562,769,783,562,589,501,608,1187
"ENSG00000165806",423,392,94,86,84,371,361,348,326,634,645,682,516
"ENSG00000165813",363,474.99999,509,457,436,398,255,331,325,247,253,177,248
"ENSG00000165819",464,713.99999,2493,2060,1985,1925,1712,1743,1924,2267,2449,1980,1966
"ENSG00000165821",701.99999,643,5426,5736,4885,11413,5562,11021,10653,5722,6194,4115,5439
"ENSG00000165828",30,16,68,33,38,3,9,6,0,0,0,0,4
"ENSG00000165832",350,496,561,537,494,457,380,330,285,575,511,683,593
"ENSG00000165861",190.00001,199,444,432,337,902,458,768,943,780,1023,700,645
"ENSG00000165868",389.99999,384.00001,212,221,168,642,356,547,456,409,500,396,501
"ENSG00000165879",61,66,12,18,14,20,20,30,20,20,20,8,20
"ENSG00000165886",128,73,412,359,465,390,316,384,391,171,140,174,213
"ENSG00000165891",502,550.00001,957,1125,903,1409,608,1259,1242,1332,1052,963,1283
"ENSG00000165895",297,264,255,228,190,103,69,97,59,70,73,66,59
"ENSG00000165898",479,593,1785,1583,1379,2200,2945,1967,2093,2209,2189,2303,2386
"ENSG00000165905",12,22,587,378,461,144,235,243,156,14,7,14,32
"ENSG00000165912",218,161,1216,1084,1002,331,264,483,472,262,240,211,222
"ENSG00000165914",521,525,164,99,93,111,95,109,122,248,255,190,211
"ENSG00000165915",377,390,767,533,486,574,519,561,597,552,712,555,669
"ENSG00000165916",1424,1547,7036,5425,5281,6187,7658,5701,5909,6613,6869,6141,6410
"ENSG00000165923",23.00001,36,73,72,46,117,42,63,102,18,16,17,8
"ENSG00000165934",667,743,1873,1951,1457,2026,1359,1751,1739,1727,1464,1405,1648
"ENSG00000165943",326,307,809,778,678,916,660,806,848,1496,1567,1486,1296
"ENSG00000165948",386.00001,406.00001,349,225,229,472,634,434,450,552,529,558,516
"ENSG00000165949",31,40.00001,42,11,29,26,60,26,52,50,57,34,34
"ENSG00000165959",82,97,126,84,101,228,166,210,224,240,212,166,205
"ENSG00000165983",93,38.99999,298,272,229,153,142,79,111,73,57,76,90
"ENSG00000165995",348.00001,581.00001,142,75,71,189,74,118,124,91,99,87,109
"ENSG00000165996",179.00001,194,289,312,263,113,193,97,76,241,175,239,309
"ENSG00000165997",644,761,1037,1245,1123,2017,1108,1480,1361,1344,999,1430,1457
"ENSG00000166002",209,239,819,787,684,854,910,886,795,461,395,448,425
"ENSG00000166004",655,805,310,269,289,563,299,523,508,566,474,418,489
"ENSG00000166012",1162,1374,1171,1002,985,779,641,757,769,513,452,463,547
"ENSG00000166016",131,75,114,124,142,245,221,300,151,135,85,119,269
"ENSG00000166024",386,385.00001,761,708,578,1256,687,1021,1242,1266,1122,991,1240
"ENSG00000166025",819,937,1273,1344,963,1289,636,1351,1346,1861,1802,1222,1616
"ENSG00000166033",947,441,96,70,64,32,33,19,16,106,65,65,71
"ENSG00000166037",1143.00001,1672.99998,1347,1406,1133,2137,1771,1684,1977,1675,1648,1511,1687
"ENSG00000166046",188,120.99999,67,65,56,195,152,164,183,163,158,164,105
"ENSG00000166068",1048,1039,417,342,375,640,359,437,383,280,215,236,364
"ENSG00000166073",22,17,9030,10259,8555,3488,1850,3036,2669,497,355,429,553
"ENSG00000166086",426,468,1582,1377,1189,2613,1598,2210,2492,6419,6696,5386,5555
"ENSG00000166106",32,34,30,58,29,58,30,34,30,36,36,60,51
"ENSG00000166111",49,46,27,19,17,27,11,16,26,240,337,261,213
"ENSG00000166123",431,396.00001,734,508,504,649,835,798,552,533,549,442,960
"ENSG00000166128",567,592,837,958,756,1718,835,1252,1195,3463,2811,3094,2970
"ENSG00000166130",427,545.00001,549,590,427,498,427,367,375,367,351,393,431
"ENSG00000166133",114,103,1025,781,722,931,837,832,834,685,602,512,545
"ENSG00000166135",436,499,2915,2957,2400,3931,2475,3934,3859,2580,2566,2048,2364
"ENSG00000166136",1830.99999,2387,5691,4650,4412,6035,9161,5415,5678,5685,6287,5936,5468
"ENSG00000166140",141,106,290,216,276,295,338,262,364,416,466,399,414
"ENSG00000166147",1364,948,141,110,88,494,283,364,379,528,467,411,408
"ENSG00000166153",111.00001,146.99999,141,106,115,153,117,109,103,102,117,100,148
"ENSG00000166164",1787.99999,1706.99999,941,769,655,910,695,869,953,798,859,655,806
"ENSG00000166165",20303,22605.00001,3456,3227,4162,4052,4635,4609,4032,35196,30799,33475,53976
"ENSG00000166166",153,120,882,643,610,375,327,457,492,584,642,543,692
"ENSG00000166167",573,635,893,958,832,1328,767,1225,1210,1368,1497,1139,1341
"ENSG00000166169",371,324,1009,680,611,752,617,813,877,762,802,615,668
"ENSG00000166170",322,361,1204,1319,1136,1800,952,1603,1639,1687,1586,1280,1507
"ENSG00000166171",400,569,1050,766,767,1624,2289,1425,1446,1925,1701,1826,1847
"ENSG00000166173",306,262,217,232,186,378,347,329,388,354,340,420,453
"ENSG00000166181",1185,1626,5569,6049,4806,8138,4810,6367,7213,5929,5089,5298,5678
"ENSG00000166188",132,124,43,51,38,61,76,51,50,120,120,83,139
"ENSG00000166189",102,117,96,72,73,81,144,117,47,40,65,53,105
"ENSG00000166192",78,73,254,197,172,363,369,281,328,253,282,254,246
"ENSG00000166197",862,849,7207,7105,6264,5344,3100,5170,5113,4658,4290,3258,4135
"ENSG00000166199",199.99998,259,453,396,325,518,524,486,524,701,655,626,634
"ENSG00000166200",973,1186,1110,1065,940,1583,1326,1161,1249,1484,1216,1583,1472
"ENSG00000166206",278,397.99999,2888,2653,2140,511,365,481,496,952,972,829,820
"ENSG00000166224",399,620,2533,2579,1960,3436,1535,2850,3201,3002,3018,2477,2895
"ENSG00000166225",781,1000.99999,820,711,710,1440,815,1257,1433,996,854,804,802
"ENSG00000166226",2757,3394,10663,9781,8346,10705,11780,8983,9175,8349,7962,7587,8044
"ENSG00000166228",709,547,505,417,395,496,579,380,448,427,448,354,390
"ENSG00000166233",915,1419.99999,804,603,520,753,542,645,588,719,826,734,713
"ENSG00000166250",27,87,117,108,88,130,81,144,118,11,26,34,25
"ENSG00000166257",97,121.99999,22,26,21,18,15,10,6,651,987,592,535
"ENSG00000166260",818,823.99999,1597,1463,1269,1461,1622,1187,1292,1539,1385,1621,1644
"ENSG00000166261",149,145.99999,985,1026,812,860,482,695,843,576,478,453,496
"ENSG00000166262",180.00001,292,208,161,155,208,199,182,211,233,210,219,252
"ENSG00000166263",920.99999,1389,528,460,465,553,308,432,476,685,662,704,655
"ENSG00000166265",142,425.00001,1007,979,814,896,615,854,868,1756,1366,1432,1716
"ENSG00000166266",1359,1614,844,857,698,1096,628,904,890,1241,1128,1175,1148
"ENSG00000166272",361,340,556,491,454,802,601,760,684,1303,1458,1136,1290
"ENSG00000166275",524,548,217,221,150,232,176,249,229,1174,1018,977,1113
"ENSG00000166289",29,18,314,279,262,73,114,62,81,36,50,19,26
"ENSG00000166292",12,25,3,9,7,34,28,25,24,23,15,15,23
"ENSG00000166295",1779,1898,2181,1885,1778,2948,3984,2949,2744,2839,2711,2772,2693
"ENSG00000166311",265,155,12,11,7,36,63,62,52,142,137,132,117
"ENSG00000166313",1026.99999,970,1575,1196,1018,2356,2211,2518,2624,5375,5914,4468,4878
"ENSG00000166317",115,88,16,7,13,23,18,12,17,15,21,11,22
"ENSG00000166321",241,513.99999,46,55,40,46,39,34,24,41,29,31,15
"ENSG00000166323",65,76,10,13,16,22,14,21,26,23,24,22,31
"ENSG00000166326",1889,1844,1417,1456,1270,2745,1549,2431,2267,3475,3309,3042,4023
"ENSG00000166333",657,850.99999,4672,4276,3645,5941,5885,4860,5056,5596,5579,5462,5230
"ENSG00000166337",1264.00001,1002,238,202,238,270,322,249,254,176,205,168,265
"ENSG00000166340",385.99999,297.99999,2813,2376,1875,3008,1626,2495,3040,2307,2394,1857,1893
"ENSG00000166341",519,472,448,281,313,450,400,503,436,993,1029,706,849
"ENSG00000166343",104,87,34,22,25,14,9,17,16,11,6,11,13
"ENSG00000166347",470.00001,586.00001,2719,2237,2168,1015,1209,804,839,771,804,866,758
"ENSG00000166348",818.99998,1855.00002,840,739,646,1721,1092,1553,1707,2003,1915,1464,1796
"ENSG00000166352",537,1097,565,488,435,716,698,603,625,827,851,834,830
"ENSG00000166377",753.99999,718,741,509,597,794,357,724,710,968,1142,817,910
"ENSG00000166387",62,69,313,310,218,317,178,303,278,47,49,45,60
"ENSG00000166394",129.99999,131,1228,968,980,866,1001,797,834,81,106,93,91
"ENSG00000166398",407,443,621,546,535,949,407,905,893,863,984,722,733
"ENSG00000166401",102,37,24,29,18,25,11,28,22,149,131,124,75
"ENSG00000166402",469,511,366,225,236,344,319,323,321,206,256,188,225
"ENSG00000166405",219,303,283,287,224,349,195,301,351,371,426,328,414
"ENSG00000166407",98,91,19,3,14,251,366,267,292,121,169,124,82
"ENSG00000166411",375.99998,304,1013,947,843,355,343,399,336,890,772,712,727
"ENSG00000166415",227,228.00001,122,108,108,24,26,24,26,54,27,54,51
"ENSG00000166426",48852,58792,4498,3592,3630,5310,5923,4932,4975,12502,22042,14786,13046
"ENSG00000166432",448.99999,664.99999,39,41,40,77,46,56,47,218,169,200,225
"ENSG00000166435",643,454,197,186,190,438,252,312,324,521,666,426,424
"ENSG00000166436",154,268.00001,102,85,90,150,84,118,117,106,171,138,112
"ENSG00000166439",222,572,104,128,76,182,74,143,139,293,229,202,288
"ENSG00000166441",3158.99999,1966.00001,11020,9220,9871,12165,23311,11946,10478,8493,7936,8609,7423
"ENSG00000166444",1249.00001,1160.99998,498,444,419,687,439,710,636,1222,1306,1023,1321
"ENSG00000166448",86.99999,70,65,40,41,91,72,84,99,226,267,196,218
"ENSG00000166450",764,920.00001,176,136,117,10506,4563,8838,7483,993,771,864,1175
"ENSG00000166451",806,988,1230,1099,938,1460,1597,1224,1372,1475,1290,1399,1588
"ENSG00000166452",324.99999,316.99999,538,471,430,893,1144,796,917,736,814,825,825
"ENSG00000166454",389,450,611,433,429,605,703,661,492,400,388,343,402
"ENSG00000166455",83,101,11,26,2,72,38,42,43,132,146,93,101
"ENSG00000166471",537,598.99999,910,1097,879,1132,796,785,921,644,608,678,664
"ENSG00000166473",49,21,179,164,164,69,56,78,80,54,47,65,46
"ENSG00000166477",681,827,1206,1089,1073,1077,647,1112,1121,1187,1172,805,1082
"ENSG00000166478",357,436.99999,943,1021,670,1520,1198,1208,1211,1205,1005,1129,1105
"ENSG00000166479",623.99999,791.99999,408,553,391,778,349,478,558,680,653,616,583
"ENSG00000166482",124.99999,220,346,299,211,34,24,54,79,155,184,170,166
"ENSG00000166483",1021,1008.00001,847,763,658,1188,766,914,1011,682,505,472,785
"ENSG00000166484",301,279.99999,646,654,596,1117,727,1108,1289,751,783,542,793
"ENSG00000166501",36,27,152,94,79,245,190,244,210,38,43,31,33
"ENSG00000166503",1998,2150,861,855,770,971,911,834,669,1043,912,915,1118
"ENSG00000166507",225,198,349,306,239,566,451,593,553,637,588,453,647
"ENSG00000166508",2238,2526,14335,12717,11298,15339,12279,14861,15859,23464,20284,16947,20372
"ENSG00000166526",600.99999,768,1489,1511,1249,2687,1990,2231,2510,2013,2211,1931,1772
"ENSG00000166529",251,220.00001,744,717,646,932,727,957,1007,619,707,452,514
"ENSG00000166532",599.99999,903,1279,1447,1154,1284,773,1151,1243,1508,1458,1390,1436
"ENSG00000166535",16,15.99999,377,294,280,77,30,23,46,5,11,2,1
"ENSG00000166548",205.99999,283.00001,90,79,102,120,77,125,73,180,229,196,205
"ENSG00000166557",673,534,1849,1374,1375,1655,2375,1334,1531,1767,1909,1741,1749
"ENSG00000166562",1113.99999,875,1384,1242,1060,1001,1485,763,800,1237,1387,1544,1258
"ENSG00000166575",446,730,712,686,510,942,468,739,766,1158,978,940,957
"ENSG00000166578",34.99999,128,47,36,38,89,60,98,85,160,149,115,141
"ENSG00000166579",209.99999,265,903,719,645,1039,854,975,1036,868,954,626,773
"ENSG00000166582",2300,2392,346,230,285,338,694,345,322,508,483,479,650
"ENSG00000166595",1099,1054,1435,1177,1243,1214,1664,1218,1151,1547,1665,1443,1568
"ENSG00000166598",6674.00004,6994.99999,19068,19449,16582,15948,8538,13023,14485,11385,10366,8625,10334
"ENSG00000166619",779,706,2345,2022,1843,2252,1546,2040,1976,4027,4282,3237,3612
"ENSG00000166664",34,89.99999,38,53,30,24,43,26,49,89,153,96,91
"ENSG00000166669",314,641,181,178,188,141,106,87,107,141,140,137,136
"ENSG00000166676",120.99999,204,137,94,107,198,186,176,216,220,222,188,209
"ENSG00000166681",4500,6601,15347,13351,12774,16697,17514,15293,15238,18122,17205,14516,15562
"ENSG00000166682",240,131,4,2,3,12,2,9,10,272,347,268,257
"ENSG00000166685",290.00001,286.99999,315,370,371,527,390,588,528,893,913,780,988
"ENSG00000166689",688,523,278,288,210,1222,668,1264,1440,866,947,699,847
"ENSG00000166704",285.00001,437,568,542,402,1078,663,899,923,1297,1151,1089,1003
"ENSG00000166707",223,146,129,137,117,378,292,319,314,614,740,702,505
"ENSG00000166710",1876.00001,1515,2849,2650,2176,1956,1878,1549,1539,5206,4457,5184,5437
"ENSG00000166716",464,396,649,513,433,523,410,591,570,628,640,460,516
"ENSG00000166734",1034.00001,1315,880,1023,804,780,472,615,748,1318,1399,1345,1249
"ENSG00000166741",67,133.00001,0,2,0,9,6,3,10,72,84,84,78
"ENSG00000166747",1314,929.99999,1838,2196,1589,2822,1253,2583,2273,2662,2368,2098,2172
"ENSG00000166750",170,132,130,146,85,244,110,198,230,327,332,278,363
"ENSG00000166762",91,60,20,27,19,27,11,27,13,25,45,18,17
"ENSG00000166780",2708.99999,3858,562,530,379,921,868,995,936,1677,2121,1444,1561
"ENSG00000166783",953.99999,1424,364,338,328,483,257,407,461,681,825,576,633
"ENSG00000166788",440.00001,541,1542,1254,1123,1332,1303,1210,1259,1210,1005,945,1163
"ENSG00000166793",420,455,50,45,29,57,24,54,73,47,80,26,26
"ENSG00000166794",2837.00001,2784,9827,8045,7866,3978,4705,3547,3430,5299,5524,5009,5085
"ENSG00000166797",976,1287,1715,1630,1402,1447,1931,1231,1265,1205,1148,1308,1300
"ENSG00000166801",344,428,628,582,465,738,391,555,530,267,211,202,205
"ENSG00000166803",1881,2156.00001,1141,1229,1008,2528,2377,2261,2108,1639,1133,1334,1634
"ENSG00000166813",200,140,141,75,73,65,72,87,77,78,89,53,88
"ENSG00000166821",95,93,137,145,129,323,288,242,290,341,340,335,329
"ENSG00000166822",790,859.99999,1482,1515,1106,1696,1003,1397,1450,1262,1283,1065,1260
"ENSG00000166831",436,495,956,931,962,315,301,403,346,144,145,125,227
"ENSG00000166833",580,687,1151,1327,1034,976,443,1075,899,438,497,334,449
"ENSG00000166839",299,294,125,83,114,180,120,135,166,93,109,66,109
"ENSG00000166840",29.99999,32,179,149,167,171,176,142,127,94,101,111,110
"ENSG00000166845",245,415,612,693,469,1112,449,889,858,679,485,581,613
"ENSG00000166847",891,832,2238,2090,1636,3203,2575,2598,2863,3866,3907,3561,3665
"ENSG00000166848",1319,1573,127,140,259,535,505,592,415,1383,1173,1501,2571
"ENSG00000166851",825.99999,720,6888,5806,5039,6902,5250,6581,7288,7332,6554,5535,6705
"ENSG00000166855",607,771,1097,1087,918,928,660,755,855,1017,1016,925,880
"ENSG00000166860",220,210,907,912,762,1505,860,1580,1462,1125,1248,946,1157
"ENSG00000166881",379.99999,502.00001,1602,1686,1367,2538,1271,1894,2202,1833,1571,1475,1671
"ENSG00000166886",271,220,208,160,180,359,362,433,429,379,398,383,492
"ENSG00000166887",510.99999,569.00001,1811,1817,1499,2990,1355,2999,2901,3449,3633,3095,3072
"ENSG00000166888",179.99999,99.99999,1252,1132,962,1128,747,980,1017,319,428,369,357
"ENSG00000166889",447,509,356,303,265,511,285,518,429,500,436,356,507
"ENSG00000166896",133,105,207,163,188,92,65,95,76,244,241,177,224
"ENSG00000166897",62,55,8,3,18,16,17,24,14,2,4,7,5
"ENSG00000166900",348.00001,262,581,507,651,745,789,658,509,101,105,154,269
"ENSG00000166902",456,498,2585,2306,2097,1550,1824,1329,1347,1174,1241,1050,1098
"ENSG00000166908",197,155,1491,1289,926,1469,863,1354,1437,791,878,659,808
"ENSG00000166912",569.00001,517,233,228,187,124,90,161,134,227,245,183,254
"ENSG00000166913",3859,3718,9984,9511,8272,8937,7452,8565,8591,6796,5798,5535,6174
"ENSG00000166922",280.99999,87,768,613,610,1684,1895,1324,1418,214,262,304,188
"ENSG00000166923",14,17,1,3,2,286,211,226,262,6,6,7,16
"ENSG00000166925",211,180,85,61,75,99,78,81,85,47,52,43,60
"ENSG00000166938",747.99999,623.99999,888,1006,860,689,468,699,547,1079,1039,866,1110
"ENSG00000166946",354.00001,465.00001,702,626,512,942,948,764,812,1601,1520,1576,1348
"ENSG00000166949",519.00001,654.99998,347,307,266,209,191,192,193,481,456,376,412
"ENSG00000166963",686,676,102,75,60,858,472,935,952,3356,4103,2452,2864
"ENSG00000166965",121,150,217,187,238,238,283,287,228,121,84,121,264
"ENSG00000166971",479.99999,313.99999,333,282,294,400,366,347,350,479,402,531,504
"ENSG00000166974",1009.99999,1947.99999,1983,1705,1491,2465,1569,2274,2291,4524,4759,3608,4166
"ENSG00000166979",79,230,23,35,38,17,18,31,30,3,12,9,10
"ENSG00000166986",997.00001,1162.99999,11476,10725,8658,7284,5843,6955,7611,7706,7230,6316,7219
"ENSG00000166987",786,643.00001,36,19,31,59,25,67,72,102,101,84,114
"ENSG00000166997",425,417,347,315,255,526,409,472,472,587,693,561,547
"ENSG00000167004",2951,3412.00001,16677,16985,15641,12959,10986,13850,11775,8901,8334,9305,10632
"ENSG00000167005",1012.99999,1293,4606,5017,3717,6058,3862,4837,5092,4936,4103,4369,4358
"ENSG00000167037",154,272,165,138,122,279,119,234,252,153,232,106,149
"ENSG00000167065",188.00001,404,93,115,75,150,84,131,158,546,651,538,539
"ENSG00000167074",156,133,288,264,198,682,434,661,706,340,410,281,389
"ENSG00000167081",1975,1484,249,229,253,337,264,348,380,1187,1255,1074,1089
"ENSG00000167085",1202.99999,1322.00001,9489,7750,7234,6816,9919,6764,6897,4966,4934,4691,4899
"ENSG00000167088",2590.00001,3048.99999,5791,5218,4598,4848,5455,4573,4359,4961,4125,4312,4685
"ENSG00000167100",250.99999,176,39,32,38,217,204,288,216,89,122,126,167
"ENSG00000167103",32,30,373,239,283,340,313,416,371,102,163,76,77
"ENSG00000167106",355.00001,274.99999,316,212,258,209,227,283,285,210,338,215,215
"ENSG00000167107",217,181.99999,128,110,113,116,119,115,101,397,381,334,378
"ENSG00000167110",508.00001,504,404,343,298,415,240,452,435,389,521,318,344
"ENSG00000167112",358,356,1768,1357,1150,1427,1938,1403,1377,1610,1561,1607,1527
"ENSG00000167113",587,638,880,657,559,680,641,717,798,1266,1325,1107,1062
"ENSG00000167114",215,164,319,266,242,191,177,182,189,139,193,136,140
"ENSG00000167118",552,637,1051,744,778,763,704,700,749,1046,1168,928,980
"ENSG00000167123",199,116,50,49,61,102,65,91,103,80,71,71,78
"ENSG00000167130",172.99999,211,1188,964,867,1064,909,1055,1204,1023,1072,794,882
"ENSG00000167131",35,78,127,121,85,304,257,291,323,400,363,340,314
"ENSG00000167136",172,244,22,39,36,18,34,10,16,63,58,72,78
"ENSG00000167173",163,84,573,440,396,258,168,294,244,163,174,120,170
"ENSG00000167178",527.99999,1459,9,2,0,13,11,15,9,393,417,255,304
"ENSG00000167182",325,359,395,333,278,473,282,549,485,782,829,578,765
"ENSG00000167186",366,409,425,374,365,430,360,333,282,741,783,689,701
"ENSG00000167191",436,432,2529,2481,2337,2885,2020,3191,3077,4079,4108,3436,3653
"ENSG00000167193",710,723,969,968,1061,1692,1549,1704,1507,1052,732,939,1703
"ENSG00000167196",626,737,2286,1988,1936,1474,1196,1116,1337,1585,1338,1499,1528
"ENSG00000167202",182,284,263,204,179,245,213,302,237,200,177,180,192
"ENSG00000167216",391,460.99999,188,183,146,310,252,240,208,198,166,160,195
"ENSG00000167220",567,721,1533,1521,1172,2289,1855,2006,2106,2219,1942,1789,1819
"ENSG00000167232",676,940,1023,1062,827,1876,794,1398,1716,2023,2036,1908,1849
"ENSG00000167244",4611.00001,2073,11,13,9,56,43,70,53,302,416,267,259
"ENSG00000167257",484.00001,542.99999,377,416,319,652,410,527,685,503,494,392,576
"ENSG00000167258",882.99999,1113.99999,589,571,487,575,392,554,503,487,522,397,426
"ENSG00000167264",191,274,1272,1117,862,920,783,837,1036,637,676,616,639
"ENSG00000167272",374.99999,524.00001,1394,1246,1209,1221,1753,1179,1234,955,955,953,928
"ENSG00000167280",189,143,217,203,220,320,186,315,369,370,412,336,530
"ENSG00000167281",318,351.99999,184,150,138,144,127,142,170,21,19,10,19
"ENSG00000167283",3907.99999,4628.00001,4504,4171,3805,4046,6035,3603,3489,4848,4494,4980,4569
"ENSG00000167291",557,456.99999,2172,2163,1902,1833,854,1887,1852,2712,2761,1766,2622
"ENSG00000167302",95,111,97,103,86,102,49,105,125,129,133,98,137
"ENSG00000167306",214.99999,264,148,88,128,249,163,296,176,40,58,41,45
"ENSG00000167315",1033,1138,4984,4832,4161,3701,3651,3097,3200,3088,2707,2855,2886
"ENSG00000167323",310.00001,403.99999,252,245,182,361,231,350,348,630,759,712,775
"ENSG00000167325",2096.99998,2701.00001,4195,4508,3569,7440,4692,6529,6928,14503,12596,11464,12082
"ENSG00000167333",104,94,366,310,319,509,382,451,524,536,590,487,550
"ENSG00000167363",214,174,76,97,70,103,105,106,110,157,141,123,143
"ENSG00000167371",994,1264,263,168,153,547,323,560,736,435,770,431,461
"ENSG00000167377",156,185.00001,621,601,450,685,516,655,654,566,590,524,486
"ENSG00000167378",584,612,1090,1182,991,1348,737,1348,1212,1912,2215,1754,2129
"ENSG00000167380",338,453.99999,411,353,281,664,457,521,606,697,824,743,664
"ENSG00000167384",217.99999,221,203,215,193,358,256,336,335,211,208,199,234
"ENSG00000167394",117,96,516,364,351,429,347,415,487,470,428,315,399
"ENSG00000167395",157,176,654,670,524,702,358,825,851,804,844,568,642
"ENSG00000167397",1161.00001,1086,3219,2643,2401,3849,4273,3191,3482,2297,2100,1876,1817
"ENSG00000167414",44,104,4,6,4,221,348,207,191,128,160,91,127
"ENSG00000167447",162,167,947,899,771,1063,786,1100,1089,1194,1156,1032,988
"ENSG00000167460",2522.00001,2772,8401,8041,7705,12428,9974,10651,10571,6979,6020,6257,8360
"ENSG00000167461",713,613.99999,1848,1673,1518,1921,1547,2083,1952,2148,2359,1704,1964
"ENSG00000167468",4510.99999,4617.00001,5610,4413,4464,5823,7769,5943,5707,6739,6797,5619,6081
"ENSG00000167470",1728,1458,208,188,167,193,154,233,201,252,239,167,209
"ENSG00000167483",38.00001,32,32,41,27,42,28,49,42,20,40,24,19
"ENSG00000167487",90,83,296,251,246,379,275,405,479,420,567,362,435
"ENSG00000167491",1193.00001,868,919,664,610,672,623,691,722,719,692,516,804
"ENSG00000167508",274,366.99999,3205,2474,2163,1764,1675,1810,2041,1869,2080,1396,1812
"ENSG00000167513",516,356,613,370,348,347,433,430,386,256,267,168,233
"ENSG00000167515",764.00001,654,2398,2064,1889,2302,3804,2048,2047,2129,2218,2234,2090
"ENSG00000167522",3481.99998,2799.99998,1586,1145,1165,1031,778,1027,1066,1123,1192,795,1008
"ENSG00000167523",431,494,136,90,132,256,244,234,252,312,309,292,340
"ENSG00000167524",216,205,141,111,82,101,50,64,77,67,99,85,116
"ENSG00000167525",139.00001,134,117,82,77,98,77,99,93,84,74,54,60
"ENSG00000167526",8938.99999,12482.99999,17073,12569,13803,14219,21581,14701,14921,15052,14447,12555,12800
"ENSG00000167528",219,265.00001,111,117,89,346,183,290,228,309,291,303,334
"ENSG00000167535",447,485.99999,91,109,126,521,448,572,592,298,389,353,445
"ENSG00000167536",250,257,437,366,454,560,696,552,528,406,314,449,700
"ENSG00000167543",306.00001,465,132,166,285,420,521,458,374,475,307,503,1007
"ENSG00000167548",1525,993,1091,899,735,660,495,675,652,474,527,398,349
"ENSG00000167549",20,21,33,16,17,81,31,43,66,24,46,37,42
"ENSG00000167550",20,28,238,183,179,190,315,168,164,38,31,28,40
"ENSG00000167552",22247,31764.99999,11242,10110,8904,79027,105605,62650,64494,167121,175599,176771,152368
"ENSG00000167553",3630,3720,11322,9723,8693,8667,9989,8308,7986,5977,4540,5007,5439
"ENSG00000167554",222,372,195,197,175,363,169,290,283,489,579,503,512
"ENSG00000167562",158,162,381,292,273,385,268,406,316,247,253,230,259
"ENSG00000167565",107,135,371,324,312,679,859,613,729,438,475,417,357
"ENSG00000167566",374,331.99999,588,428,401,528,344,620,519,566,748,460,674
"ENSG00000167578",128,79,590,416,403,396,570,455,519,294,388,335,286
"ENSG00000167595",584,656.99998,278,237,193,203,145,315,285,468,509,280,384
"ENSG00000167601",307,186,1617,1755,1341,1741,819,1561,1795,1243,1603,1268,1372
"ENSG00000167604",58,62,107,108,118,117,90,81,130,55,46,24,59
"ENSG00000167608",136.99999,151,146,84,101,114,84,93,128,26,13,4,7
"ENSG00000167614",2054,1987,440,331,461,2758,2694,3096,2846,11008,10471,10044,14933
"ENSG00000167615",1197,1103.00001,713,659,719,937,353,920,931,878,1189,825,938
"ENSG00000167619",60.99999,65.99999,17,17,21,8,21,35,27,37,50,36,81
"ENSG00000167625",126,170.00001,531,449,450,641,375,651,634,452,498,390,488
"ENSG00000167632",443,448,510,487,429,781,322,627,692,1110,1347,923,981
"ENSG00000167635",964.99999,1454.99999,3475,3597,3029,4462,2209,3951,4105,3005,2583,2385,2937
"ENSG00000167641",82,42,70,67,86,125,214,124,92,55,64,57,44
"ENSG00000167642",1190,948,8882,7327,6970,6817,6047,5491,6559,725,689,675,602
"ENSG00000167645",552,479,2725,2008,1897,2150,2239,1820,2209,1812,1898,1550,1713
"ENSG00000167646",240.00001,265,145,108,97,145,104,156,143,250,248,246,225
"ENSG00000167654",303,309,690,606,588,951,685,956,931,1120,1593,889,1083
"ENSG00000167657",457,361,616,668,651,872,633,997,848,797,883,737,1005
"ENSG00000167658",9744,8912,15597,13954,12935,17945,12716,18053,18456,15300,16313,11653,13490
"ENSG00000167670",839,935,1414,1212,1195,1307,1075,1626,1324,965,812,667,1429
"ENSG00000167671",522,470,203,127,117,97,153,124,125,257,313,238,267
"ENSG00000167674",957.00001,932.99999,625,678,773,1162,952,1348,1105,767,806,884,1160
"ENSG00000167676",68,83,49,25,11,36,11,17,32,9,33,19,18
"ENSG00000167680",263,225,92,56,76,94,74,111,113,101,127,65,67
"ENSG00000167685",322.00001,355.00001,120,71,142,171,236,260,137,136,117,126,326
"ENSG00000167693",1906,1489,579,480,436,444,528,437,440,889,903,702,760
"ENSG00000167695",355,279,237,187,220,242,246,246,193,145,170,135,189
"ENSG00000167699",799.99999,939.99999,1923,1613,1409,2657,2538,2308,2381,2795,2869,2554,2603
"ENSG00000167700",289,241,1046,1223,1561,773,999,949,985,374,300,437,746
"ENSG00000167702",127,90,11,4,18,23,32,33,36,16,25,17,20
"ENSG00000167703",84,86,286,286,279,498,281,386,444,473,518,378,576
"ENSG00000167711",16,17,29,12,19,35,40,26,30,1,4,8,0
"ENSG00000167716",136,45.99999,199,130,171,146,106,181,130,131,120,82,128
"ENSG00000167720",262,371,330,384,282,1234,1231,997,1052,1933,1857,1735,1758
"ENSG00000167721",509,552.00001,6096,5959,4970,5313,3187,5124,5224,3460,3117,2644,3213
"ENSG00000167723",35,22,24,20,26,51,22,48,65,70,64,72,47
"ENSG00000167733",274.99999,304.00001,253,221,185,464,667,428,395,635,693,803,813
"ENSG00000167740",314.00001,281,372,290,250,581,538,540,566,1096,1237,1020,994
"ENSG00000167766",579.99999,887.99998,504,464,402,889,579,805,928,748,790,870,829
"ENSG00000167770",1244,1336,5513,4145,3999,4591,5156,4307,4622,6021,6211,5149,5546
"ENSG00000167771",474,492,96,69,77,135,111,140,162,202,246,185,238
"ENSG00000167772",126,110,109,107,84,324,262,228,310,21,40,21,33
"ENSG00000167775",543,511,2681,2090,1802,1091,1231,932,1286,1597,1399,1254,1500
"ENSG00000167778",138,130,302,271,245,252,174,262,250,388,467,322,389
"ENSG00000167779",37,53,309,209,215,155,192,112,151,133,157,125,173
"ENSG00000167785",198,120.99999,509,604,509,1134,784,910,1015,1090,1100,1138,1047
"ENSG00000167792",964.00001,795,3002,2632,2374,2059,1873,2105,2165,3301,3433,2575,3262
"ENSG00000167797",605.00001,571,1740,1436,1314,1328,1256,1417,1378,1222,1282,1017,1143
"ENSG00000167799",76,79,29,8,7,20,17,15,7,19,16,20,21
"ENSG00000167807",14,23,39,19,47,22,32,19,33,18,45,24,28
"ENSG00000167815",5354,5386,10546,8288,7636,14906,21003,13760,13920,21113,20875,18931,18773
"ENSG00000167840",322.00002,356.00001,726,569,563,894,881,765,836,721,699,582,657
"ENSG00000167842",342,370,768,740,600,1212,1007,984,972,1435,1073,1269,1191
"ENSG00000167858",78.99999,213.99999,0,0,0,0,0,0,0,44,28,20,14
"ENSG00000167861",163.99999,202,625,546,453,340,189,293,380,904,1151,798,896
"ENSG00000167862",335,279,718,573,586,688,1090,702,600,638,549,573,558
"ENSG00000167863",1631,2039,5132,4477,4558,3783,4594,3241,3233,2890,2789,2795,2692
"ENSG00000167874",64,62,112,89,80,165,147,143,218,78,55,64,82
"ENSG00000167881",685,733.00001,3030,3030,2707,3476,2504,3183,2967,3117,2856,2833,3203
"ENSG00000167889",68,76,63,33,47,71,56,79,90,58,74,31,64
"ENSG00000167900",683,655,4032,3056,2972,3205,3754,3614,3675,2496,2568,1981,2380
"ENSG00000167904",321.99999,583,821,702,623,568,470,436,444,687,632,668,709
"ENSG00000167925",52,23,170,180,163,124,86,146,171,166,186,139,131
"ENSG00000167930",862.99999,773.00001,4804,3976,3618,4772,3339,4793,5670,4098,4351,3211,3876
"ENSG00000167962",355,288,72,69,70,39,42,60,56,58,65,42,60
"ENSG00000167964",156,228,28,48,43,4,23,26,14,21,28,18,32
"ENSG00000167965",647.99999,605.99998,2355,1631,1794,2524,2890,2410,2723,2719,2757,2535,2806
"ENSG00000167967",213.99999,266,681,601,563,640,578,695,779,1004,933,784,885
"ENSG00000167969",908,903,241,186,164,187,405,177,172,264,207,243,212
"ENSG00000167972",426,350,498,370,390,438,446,561,419,749,716,507,938
"ENSG00000167977",308,314,177,222,368,506,479,555,407,412,313,460,788
"ENSG00000167978",6198,4808.00002,8627,7005,7790,12527,7045,13605,11508,9119,8980,7216,10678
"ENSG00000167981",66,67,102,83,59,67,55,70,61,67,66,40,62
"ENSG00000167984",53,83,29,13,23,14,6,15,17,29,31,26,19
"ENSG00000167985",623,517,901,796,669,831,1017,893,768,671,674,599,578
"ENSG00000167986",1817,1985.00001,9989,10258,8867,14519,6984,13445,14198,15194,15724,11070,13361
"ENSG00000167987",260,159,112,140,135,187,141,187,211,124,119,126,204
"ENSG00000167992",120,87.99999,186,145,263,68,50,91,63,91,109,121,151
"ENSG00000167994",32,38,27,12,17,44,29,43,45,13,15,24,20
"ENSG00000167995",58,114,40,41,31,64,27,33,49,42,51,45,60
"ENSG00000167996",10260.99998,10308.00001,33427,32714,32953,60807,53119,61221,56281,29994,28262,27197,32340
"ENSG00000168000",1227,1365,2441,2048,1814,2068,1984,1856,1948,4363,4625,3784,3883
"ENSG00000168002",1309,1718,3919,3324,3282,2998,5161,2751,2531,5176,4936,5522,4665
"ENSG00000168003",1523.99999,1264,10636,8874,7755,7114,5169,6536,7228,7682,7416,6146,7064
"ENSG00000168005",567,600,148,88,81,76,116,107,127,72,83,77,74
"ENSG00000168010",127.00001,107,185,127,165,169,120,240,198,112,131,112,194
"ENSG00000168014",1080,1620,779,744,624,1203,530,1008,1065,1748,1690,1303,1501
"ENSG00000168016",88,68,403,477,428,886,310,780,746,77,74,39,53
"ENSG00000168026",132.99998,111,47,35,33,96,50,89,76,136,152,144,101
"ENSG00000168028",3402.00001,4344.99999,21374,16806,16090,20495,46525,17905,17715,15799,14601,18937,15501
"ENSG00000168036",3193.00001,4275,10604,11130,8907,13974,7828,11559,11768,21767,22163,20213,19635
"ENSG00000168038",163,285,175,160,156,155,114,179,158,184,172,169,172
"ENSG00000168040",472,419,672,800,817,697,693,605,602,448,432,455,633
"ENSG00000168056",595.00001,450,29,28,43,19,22,21,17,45,52,28,92
"ENSG00000168061",247.00001,261,84,46,44,39,44,26,25,55,33,35,85
"ENSG00000168066",2520,2341,1467,1487,1478,2711,1554,2845,2749,3260,3375,2347,3458
"ENSG00000168067",102.00001,58,340,292,287,411,240,392,429,192,175,143,205
"ENSG00000168071",47,35,56,52,81,84,47,80,92,35,53,46,46
"ENSG00000168077",324,461,247,151,145,177,166,222,186,376,336,316,417
"ENSG00000168078",849,947,312,298,245,439,451,350,353,2280,1941,2356,2376
"ENSG00000168090",1379,1326,6554,5045,4550,5442,6249,5110,5186,6326,6070,5625,5752
"ENSG00000168092",1491,1856,2622,3013,2550,4097,2458,3377,3775,3172,2818,2500,3401
"ENSG00000168096",306,378.99999,396,378,326,342,332,447,482,435,549,384,468
"ENSG00000168101",312,334,1628,1363,1130,1572,2176,1403,1544,1952,2051,1810,1795
"ENSG00000168116",578,803,289,257,251,589,431,468,430,522,447,499,571
"ENSG00000168118",733,676,651,734,758,1079,1148,936,876,1021,1040,1358,1381
"ENSG00000168135",59,85,9,7,2,10,8,5,6,18,31,32,33
"ENSG00000168137",2749.99998,2768.99999,2606,2224,2128,3905,2626,4199,3913,2086,2262,1692,1950
"ENSG00000168140",46,46,361,358,274,183,170,188,188,100,78,66,82
"ENSG00000168152",129,173,348,384,298,722,466,593,680,497,445,471,468
"ENSG00000168159",1230,1087,240,172,134,247,316,259,243,328,335,287,334
"ENSG00000168172",1657,2056,405,405,368,900,389,763,778,1063,948,970,1246
"ENSG00000168175",2290,2436,4679,4645,3612,7666,3996,6563,7068,6947,6690,5845,6835
"ENSG00000168209",1159.99999,1261,8426,6333,5876,21087,20801,17569,20618,26178,25805,19994,21564
"ENSG00000168214",2857.99999,3562.99999,5308,4976,4168,5069,3191,4400,4444,5445,5415,4570,4893
"ENSG00000168216",2595.00001,4427.99999,601,603,496,776,597,519,575,707,748,776,755
"ENSG00000168228",165,221,400,344,346,422,359,312,405,372,362,334,349
"ENSG00000168234",282,348,329,248,248,172,114,159,158,192,205,171,324
"ENSG00000168237",86.00001,81,216,166,204,198,171,168,212,836,1035,790,790
"ENSG00000168243",255,214,665,525,485,293,292,263,233,993,809,732,1010
"ENSG00000168246",680,894,244,218,305,643,706,523,524,469,359,427,652
"ENSG00000168255",67,182,603,487,388,508,448,472,716,788,716,627,689
"ENSG00000168256",779,717,1675,1312,1129,1877,1400,1982,2068,3107,3346,2410,2823
"ENSG00000168259",1220.00001,1676.00001,2716,2175,1913,2155,1511,1878,1829,2258,2259,1911,2086
"ENSG00000168263",42,51,39,11,15,5,4,7,7,11,22,27,6
"ENSG00000168264",415,462,551,418,366,312,249,298,275,514,440,387,543
"ENSG00000168268",2044,1663,1806,1006,1010,1585,2762,2025,1917,1414,1223,1239,1451
"ENSG00000168273",387,281,333,321,287,245,329,270,246,257,218,234,247
"ENSG00000168275",475,602,713,631,561,418,597,366,398,455,392,447,562
"ENSG00000168280",7736,3669,981,871,745,2401,1388,1921,1847,2176,2425,1844,2215
"ENSG00000168282",259,237,553,550,469,625,633,485,574,671,525,735,666
"ENSG00000168283",382,374.00001,57,68,57,205,166,174,152,456,350,468,526
"ENSG00000168286",368,395,385,218,217,252,360,224,237,200,188,158,205
"ENSG00000168288",979,1118,2856,2855,2440,2784,2560,2292,2296,2099,1903,2039,1941
"ENSG00000168291",988.00001,1142.00001,6066,5599,4657,4263,3455,3698,3965,3358,3415,3189,3228
"ENSG00000168297",277,461.99999,151,138,130,248,217,250,260,406,418,427,391
"ENSG00000168298",9096,7843,62,36,43,141,155,143,157,175,166,149,179
"ENSG00000168300",1762,2033,428,434,417,645,327,417,459,674,641,666,661
"ENSG00000168301",300,315,318,375,344,698,614,574,632,847,788,867,868
"ENSG00000168303",561,669,1485,1272,1108,1150,1270,932,1059,1412,1338,1315,1458
"ENSG00000168306",106,70,111,94,102,90,82,86,95,104,89,76,68
"ENSG00000168309",52,34,22,5,7,51,44,51,124,1112,1112,817,1259
"ENSG00000168310",258.00001,348,256,213,214,227,155,170,172,185,240,211,181
"ENSG00000168348",137,239,0,1,0,2,0,0,0,61,38,68,145
"ENSG00000168350",62,25,24,20,10,26,27,36,51,21,11,8,4
"ENSG00000168356",59.00001,96,23,24,22,36,14,25,25,45,47,45,32
"ENSG00000168374",1794.00001,2309,4885,5066,4105,5172,4502,4164,4493,5997,5689,5317,5837
"ENSG00000168385",4585.99999,4253.99999,10714,10406,8622,15524,12689,12611,13238,15078,13471,13928,14095
"ENSG00000168386",719,726,9,5,10,28,17,15,29,306,323,198,222
"ENSG00000168389",73,46,1043,946,690,221,197,159,262,787,827,626,638
"ENSG00000168393",1559,1502,2722,1980,2093,2529,4151,2410,2502,3861,3733,3632,3786
"ENSG00000168394",26,19,907,853,708,161,108,122,173,44,44,34,31
"ENSG00000168395",579,607,387,271,278,429,388,421,336,445,447,359,507
"ENSG00000168397",778,733,2465,1904,1796,2264,1894,2479,2693,2529,2817,2001,2255
"ENSG00000168411",618,660,3642,4015,3080,3832,1838,3995,3661,2657,2350,1908,2412
"ENSG00000168412",82,16,13,10,10,15,17,18,16,27,25,20,27
"ENSG00000168434",295,261,530,488,417,572,350,551,566,748,821,577,599
"ENSG00000168438",495,465,493,437,411,531,360,461,480,495,438,468,403
"ENSG00000168439",1387,1476,12128,10411,8823,11522,9411,11099,11097,9367,8959,7440,8576
"ENSG00000168461",4418,6011,611,658,597,304,272,288,253,411,661,621,407
"ENSG00000168476",150,135,787,747,659,832,709,771,963,713,679,664,802
"ENSG00000168477",60.00001,38,82,68,66,80,49,99,70,30,51,34,24
"ENSG00000168487",298.99998,379.00001,135,101,108,138,132,142,161,216,187,204,300
"ENSG00000168488",1626.99996,1542.99999,965,751,626,825,506,886,891,694,691,409,674
"ENSG00000168490",27,50,119,133,99,137,98,150,115,75,90,60,76
"ENSG00000168495",295,319.00001,1458,1201,1005,1428,1090,1416,1401,1107,1092,891,1048
"ENSG00000168496",895,1029,4488,4216,3645,5009,3976,4999,5064,5058,4505,3244,4348
"ENSG00000168502",210,168,504,350,353,269,197,311,343,182,251,143,192
"ENSG00000168517",103,92.00001,212,195,146,193,222,230,204,197,186,128,110
"ENSG00000168522",1014,872.99999,1657,1803,1570,2571,2579,2216,2167,2272,2062,2666,2756
"ENSG00000168528",397,488.00001,537,564,584,1356,1075,1404,1358,857,918,718,1097
"ENSG00000168538",528.99999,718.00001,1063,1228,914,1834,945,1637,1854,1837,1782,1588,1690
"ENSG00000168542",93,2473,1,38,1,29,0,38,4,94,57,111,17
"ENSG00000168546",81,160,100,86,55,513,340,375,486,181,224,160,150
"ENSG00000168556",363,488,132,112,117,155,205,161,158,80,98,99,145
"ENSG00000168564",260.99999,315,383,347,230,568,472,442,448,668,560,570,522
"ENSG00000168566",271,307,311,275,240,692,524,596,688,436,418,328,433
"ENSG00000168569",374.99999,311,1041,867,845,739,977,745,694,438,583,475,514
"ENSG00000168575",707,595,851,806,733,1003,561,840,867,557,536,462,549
"ENSG00000168591",236.00001,266.00001,600,463,389,630,561,647,707,890,918,733,876
"ENSG00000168610",1055.99999,583.99999,3187,3276,2634,3647,1899,3293,3445,1933,2211,1767,1808
"ENSG00000168612",87,67,431,355,287,584,384,557,502,492,494,352,438
"ENSG00000168615",1552.00001,1099,970,1079,852,914,350,586,804,1622,1640,1444,1550
"ENSG00000168646",195,219.99999,183,184,163,162,116,150,183,331,399,324,353
"ENSG00000168653",3421,4521,10905,9322,8823,6777,8644,6514,5819,6400,6044,6077,6158
"ENSG00000168661",68.00001,117.00001,243,230,150,327,255,240,300,288,331,296,297
"ENSG00000168671",13,16,1038,1009,923,583,515,488,568,86,60,49,98
"ENSG00000168672",119,107,783,1023,883,467,290,451,456,1179,996,1073,1008
"ENSG00000168675",1611,2754.00001,39,21,44,35,21,41,40,161,182,141,152
"ENSG00000168676",32,28,12,3,3,17,11,16,17,25,37,43,23
"ENSG00000168679",213,107,26,29,16,36,23,15,19,41,46,31,28
"ENSG00000168701",443.99999,431.99999,1705,1435,1288,1276,1884,976,1196,1219,1215,1245,1172
"ENSG00000168702",57,414,7,3,1,9,5,0,0,47,74,46,25
"ENSG00000168710",1161,1354,1417,1365,1519,2246,1621,2196,1669,1614,1344,1613,2800
"ENSG00000168724",1141.00002,1307.00001,378,371,273,313,199,288,299,266,277,272,286
"ENSG00000168734",773,989,468,337,305,776,1232,674,658,1325,1412,1413,1381
"ENSG00000168758",338.00001,386,431,383,418,424,297,426,537,321,275,226,317
"ENSG00000168763",334,235.00001,311,200,240,226,196,246,193,286,249,188,231
"ENSG00000168765",161,169,632,412,331,393,309,274,328,693,822,591,613
"ENSG00000168769",663.99999,1134.00001,93,60,74,379,180,346,285,1176,1291,1018,960
"ENSG00000168772",664.00001,540.00001,116,103,130,277,172,280,238,884,909,759,963
"ENSG00000168778",390,611,109,99,90,258,173,221,199,476,414,324,473
"ENSG00000168781",82,92,720,559,521,771,371,629,676,726,671,555,654
"ENSG00000168785",244.99999,420,240,229,218,415,426,345,386,456,456,402,503
"ENSG00000168792",128,53,22,23,23,26,25,39,27,19,33,13,33
"ENSG00000168795",446,454,317,329,260,479,354,388,396,832,805,713,760
"ENSG00000168802",426.00001,221.00001,1436,1474,1900,2168,1875,1992,1482,1097,588,969,1411
"ENSG00000168803",306.00001,250,347,214,229,434,360,382,422,404,381,367,375
"ENSG00000168806",150,175,456,397,347,681,490,618,636,748,778,600,673
"ENSG00000168807",435,453,187,160,147,245,104,176,178,205,173,132,197
"ENSG00000168813",332,336,629,707,658,988,405,816,821,942,849,791,804
"ENSG00000168818",762.00001,1266.99999,526,507,456,767,719,683,690,1020,1061,1004,1002
"ENSG00000168824",520.00001,887,347,367,336,345,309,296,308,838,993,767,618
"ENSG00000168826",107,103,125,145,126,154,125,197,200,154,197,163,137
"ENSG00000168827",366,445,1681,1672,1366,1185,669,1002,1030,1410,1272,1184,1291
"ENSG00000168843",44,58,11,3,5,15,0,0,4,213,204,193,162
"ENSG00000168872",521.00001,476,2154,1906,1553,2489,1349,2177,2482,2610,2268,2024,2248
"ENSG00000168874",304,228.99999,5,0,2,1,8,3,2,134,199,171,219
"ENSG00000168876",223.00001,266.00001,283,224,204,323,294,269,309,360,374,393,335
"ENSG00000168883",878.00001,905.00001,2939,2903,2491,3210,2570,2667,2913,3549,3332,3087,3257
"ENSG00000168884",254,464.99999,208,118,168,169,232,193,150,64,76,43,79
"ENSG00000168887",472,541,1369,1109,995,1321,1052,1271,1274,1625,1776,1430,1656
"ENSG00000168890",103,90,428,405,314,361,371,395,442,304,329,277,280
"ENSG00000168894",782.00001,919.00001,1985,1623,1577,1890,3043,1735,1698,1472,1676,1529,1346
"ENSG00000168899",63,15,61,34,45,38,63,35,40,20,29,30,24
"ENSG00000168904",510.99999,797,463,402,420,690,520,506,501,719,846,687,676
"ENSG00000168906",1502.00001,2387,6445,5742,5319,10891,8231,10418,10348,6144,6226,5932,6015
"ENSG00000168913",85,97,61,47,57,87,179,112,69,48,43,37,98
"ENSG00000168916",3799.99999,5965,352,342,276,950,521,918,844,1025,1073,756,948
"ENSG00000168917",100,183,215,181,153,86,59,66,79,573,495,532,510
"ENSG00000168918",40,27.99999,1625,1399,1457,184,75,175,159,122,136,73,98
"ENSG00000168924",455,378,558,408,431,365,324,384,287,290,304,248,550
"ENSG00000168936",431,354,428,311,334,282,456,387,276,289,285,223,393
"ENSG00000168938",148,135,249,244,205,7,3,3,6,84,94,97,69
"ENSG00000168944",656.99998,728.99998,274,344,364,563,278,458,498,593,471,431,514
"ENSG00000168952",74,61,49,76,86,64,126,79,57,96,81,126,258
"ENSG00000168958",1747.99999,1609.00001,2158,2024,1771,2671,2741,2212,2131,2444,2210,2329,2378
"ENSG00000168970",230.00001,218.99999,128,129,116,260,117,305,457,332,579,302,347
"ENSG00000168993",106,52,2,1,2,1,0,0,0,21,22,29,39
"ENSG00000168994",50,45,12,6,12,1,5,3,8,17,13,21,43
"ENSG00000169016",337.99999,361.00001,665,648,544,1004,625,772,898,1029,1007,1055,1018
"ENSG00000169018",540,611,958,1311,1189,1720,940,1420,1139,1326,939,1249,1751
"ENSG00000169019",389,409,200,197,158,415,650,330,378,452,357,555,511
"ENSG00000169020",3654,2924.00001,3109,2461,2509,2162,3190,2456,2064,1833,1944,1833,1822
"ENSG00000169021",1225,1591,4748,4778,4794,4647,6317,4088,3656,3977,3448,4452,4710
"ENSG00000169032",782,579,470,427,486,524,556,616,397,269,240,288,663
"ENSG00000169045",4173.00001,5429.00002,5983,5585,4852,7330,4793,6095,6270,7235,6586,6212,7572
"ENSG00000169047",377,282,359,314,283,272,175,296,271,282,323,231,335
"ENSG00000169057",582,651.00001,333,309,268,529,307,504,434,826,864,547,661
"ENSG00000169062",2238.00001,1721.99998,1018,836,786,1000,749,892,952,912,894,616,865
"ENSG00000169064",232,434,24,21,12,43,42,32,49,48,63,67,59
"ENSG00000169071",300,315,69,41,57,783,708,810,576,322,285,316,679
"ENSG00000169083",135,282,222,240,220,338,139,332,308,467,361,321,373
"ENSG00000169085",180,218,1,0,0,2,2,3,19,287,354,309,246
"ENSG00000169087",141,321,414,333,300,377,394,327,352,393,372,353,351
"ENSG00000169105",251,185,219,104,90,148,186,161,119,152,107,120,77
"ENSG00000169116",90,187,147,143,112,79,32,46,68,666,674,719,486
"ENSG00000169118",402,389.99999,725,778,588,924,481,733,748,856,723,667,684
"ENSG00000169122",180,175,133,136,111,390,267,363,326,1460,1156,1392,2277
"ENSG00000169126",100,77.00001,166,140,142,187,103,193,163,258,171,197,233
"ENSG00000169129",37,38,69,79,73,127,90,126,134,1095,1096,910,840
"ENSG00000169131",163,208,386,471,310,469,423,449,428,331,332,311,371
"ENSG00000169136",205,171,41,33,36,57,49,43,51,43,49,43,58
"ENSG00000169139",1342.99999,1767,3115,3248,2710,3433,2499,2842,3103,2941,2444,2500,2999
"ENSG00000169155",192,223,537,629,516,930,418,852,837,831,832,784,725
"ENSG00000169169",611,491.00001,1242,860,842,1637,1364,1608,1784,1708,2046,1491,1523
"ENSG00000169174",23,51,2127,1893,1517,251,146,243,318,178,96,85,107
"ENSG00000169180",902,930,1177,749,630,744,760,852,763,703,826,578,768
"ENSG00000169184",763,814,88,68,57,326,231,312,276,286,402,242,351
"ENSG00000169188",176,178,1038,897,797,1068,792,1098,1069,744,677,548,711
"ENSG00000169189",304,262.00001,485,424,425,726,818,625,673,515,446,426,424
"ENSG00000169193",131,183,77,87,72,152,159,104,107,127,139,186,125
"ENSG00000169203",16,19,414,276,384,374,168,219,305,227,302,252,180
"ENSG00000169213",237,422,3883,3056,2951,4216,2232,3749,3873,835,916,671,761
"ENSG00000169217",592,599,1744,1565,1434,2317,1864,2189,2389,2540,2849,1993,2391
"ENSG00000169218",54.99999,48,0,0,5,97,122,127,90,1079,566,972,2289
"ENSG00000169220",137,52,705,512,472,331,370,311,327,179,221,178,177
"ENSG00000169221",387.99999,336,258,203,171,231,272,257,226,284,263,263,317
"ENSG00000169223",970.00001,883,5933,4909,4479,4289,4495,3797,4210,4348,4329,3754,3749
"ENSG00000169228",264.00001,345.99999,743,530,524,291,282,337,409,838,992,714,860
"ENSG00000169230",1280.99999,1238.00001,2038,2372,3890,3375,5567,3882,2732,1589,881,1787,3498
"ENSG00000169231",668,749.00001,143,98,94,778,496,639,757,1100,1398,1088,920
"ENSG00000169239",239,268,295,216,238,285,225,263,244,221,212,200,210
"ENSG00000169241",182.00001,174,1490,1298,1197,1225,1846,1025,1114,422,500,488,534
"ENSG00000169242",67,53,234,236,164,243,220,144,179,150,162,170,153
"ENSG00000169246",23.00001,73,1234,626,796,740,378,641,737,524,715,424,447
"ENSG00000169247",18,21,20,23,10,5,4,12,4,76,66,39,52
"ENSG00000169249",654.99999,783.99999,177,192,148,194,147,221,192,184,207,195,197
"ENSG00000169251",1049.99999,1024.99998,1389,1444,1180,1544,1402,1109,1104,1409,1326,1510,1476
"ENSG00000169255",289.00001,276,214,243,205,386,360,269,274,352,337,412,329
"ENSG00000169258",149,131,31,30,31,23,14,11,22,94,97,64,84
"ENSG00000169282",72,97,78,75,47,125,81,73,68,53,52,55,52
"ENSG00000169288",529,566,346,378,283,420,394,313,343,364,328,348,390
"ENSG00000169299",214,263,925,801,732,815,535,649,680,1004,911,823,840
"ENSG00000169314",88,74,117,77,69,97,141,92,74,42,29,35,17
"ENSG00000169330",78,185,10,18,21,20,5,16,17,46,31,18,35
"ENSG00000169359",299,363.99999,546,570,474,585,391,499,468,491,510,425,489
"ENSG00000169371",281,307,1133,1021,848,1200,961,1105,1147,825,821,572,783
"ENSG00000169372",488,472.00001,174,140,145,205,271,153,191,402,486,539,391
"ENSG00000169375",1779.99998,1391,2527,2346,2094,3875,2394,3661,3713,3215,3048,2526,2742
"ENSG00000169379",1037.99999,2353.00001,179,166,143,291,208,244,220,460,391,345,388
"ENSG00000169398",6015.99999,5494.00002,2862,3187,3109,5622,3253,5063,4638,4720,4370,4101,4920
"ENSG00000169410",506,630,424,401,295,185,183,211,194,307,343,242,276
"ENSG00000169432",93,145,123,143,135,184,76,131,133,53,69,59,57
"ENSG00000169439",712,926.00001,2311,2250,2026,4563,3928,3234,3678,2126,1918,2295,1929
"ENSG00000169446",425,283,900,866,728,868,602,746,741,868,763,804,904
"ENSG00000169490",375.00001,456,1373,1165,1047,1119,1233,979,1136,816,801,713,674
"ENSG00000169499",385,190,57,36,40,17,12,12,6,35,29,32,40
"ENSG00000169504",1054,1240,8491,9992,7010,7959,3873,6130,7014,5799,4798,5019,5317
"ENSG00000169515",427,397,603,570,549,600,382,631,584,1447,1646,1235,1485
"ENSG00000169519",994.00001,1425,587,634,519,583,393,474,556,646,483,519,505
"ENSG00000169554",2951,3368.99999,9,11,9,1800,803,1528,1792,2510,2948,2329,2265
"ENSG00000169564",3434,3252,3754,3062,2886,4479,4016,4088,4195,3282,3292,2871,3463
"ENSG00000169567",5927.99999,7269,7517,7052,6797,6208,8960,5974,5302,7343,6878,7147,7159
"ENSG00000169570",148.99999,188,163,207,137,148,89,118,98,163,136,150,172
"ENSG00000169592",428,439.00001,150,130,118,107,133,111,128,143,113,124,118
"ENSG00000169598",167.00001,232,313,260,265,228,194,231,193,336,331,312,259
"ENSG00000169599",619.00002,692.00001,1065,943,968,1120,1823,816,850,1347,1160,1438,1283
"ENSG00000169604",1144,1150.00001,1192,1010,824,357,202,233,249,1494,1392,1120,1124
"ENSG00000169607",714,870,1023,845,766,1426,936,1367,1360,1973,1819,1644,2136
"ENSG00000169609",339,368.00002,448,318,368,524,445,463,381,565,597,553,508
"ENSG00000169612",256,450,1125,1053,849,1280,1183,1159,1134,1462,1404,1422,1281
"ENSG00000169621",130,148,139,123,102,222,210,164,186,154,130,179,164
"ENSG00000169635",425,358,378,250,205,373,364,474,391,469,564,416,510
"ENSG00000169641",610,602,1517,1386,1230,1662,828,1601,1582,814,817,568,627
"ENSG00000169660",265,244.00002,98,51,58,65,118,93,71,113,122,83,143
"ENSG00000169679",947,1119,6203,6362,5049,6922,4219,5978,6483,4169,3937,4032,4045
"ENSG00000169682",299.99999,367,1991,1554,1510,1294,1006,1292,1396,1310,1377,1182,1399
"ENSG00000169683",115,110,449,407,367,367,260,478,467,309,385,255,388
"ENSG00000169684",302.00001,430,67,68,45,113,93,73,64,93,63,96,96
"ENSG00000169689",1033,1008.99998,1767,1356,1279,1163,2527,1300,1263,1591,1460,1672,1623
"ENSG00000169692",220,183.00001,452,419,485,357,401,334,330,380,327,370,426
"ENSG00000169696",399.99998,369.99999,703,533,553,626,740,741,783,844,882,754,974
"ENSG00000169710",1566,1335,3819,3550,3437,3587,2112,4358,4428,3043,3053,1916,3271
"ENSG00000169714",2980,3754,15722,13870,12038,18165,20901,15656,17064,16589,14303,15099,15643
"ENSG00000169718",493.99999,475.99999,249,147,156,120,201,123,107,112,114,130,128
"ENSG00000169727",1143,1094.00001,5561,4344,4161,4838,4893,4556,4719,5253,5296,4468,4641
"ENSG00000169733",312,243,359,203,221,185,207,166,213,237,281,209,255
"ENSG00000169738",800,911.99999,1392,1124,1087,1343,1946,1330,1333,1632,1881,1695,1609
"ENSG00000169740",563,592,608,454,397,793,1135,646,687,868,965,1334,1046
"ENSG00000169744",130,173.99999,1064,1079,864,289,227,264,273,594,470,432,478
"ENSG00000169750",406,369,153,104,93,51,101,59,60,26,27,32,59
"ENSG00000169756",811.99999,645,729,775,599,677,388,584,564,771,656,618,757
"ENSG00000169758",17,120,77,81,109,25,28,24,17,30,40,41,37
"ENSG00000169760",339,1110,277,300,289,413,200,292,368,710,814,648,859
"ENSG00000169762",269,386,31,29,34,17,33,38,21,65,42,61,70
"ENSG00000169764",924.00001,868,18072,17444,14619,3457,3047,2907,3054,1667,1541,1551,1811
"ENSG00000169783",358,284,613,523,479,549,381,596,558,123,157,107,191
"ENSG00000169813",2059.99998,2397.00001,13131,11749,9777,11265,8378,10511,11010,9147,8527,7927,8314
"ENSG00000169814",205.99999,265,651,541,520,427,304,324,381,221,329,247,226
"ENSG00000169826",253,326,58,62,47,168,115,94,105,247,219,226,334
"ENSG00000169851",3375.99999,6044.99999,19,20,35,206,135,150,178,113,180,131,81
"ENSG00000169855",643,464.99999,2830,3159,2578,7484,3104,6678,6697,1606,1703,1404,1358
"ENSG00000169856",436,575,196,119,125,15,5,8,9,76,69,63,97
"ENSG00000169857",180,193,83,74,55,54,93,51,87,55,58,60,39
"ENSG00000169860",109,240,559,552,432,226,101,213,198,434,483,480,415
"ENSG00000169862",2507,3918,152,90,60,148,190,206,159,766,785,668,719
"ENSG00000169871",406,368,903,746,712,524,294,467,468,511,551,372,437
"ENSG00000169891",56,36,80,65,83,79,40,75,44,42,43,54,28
"ENSG00000169895",1543,1584,1619,1275,1329,1232,944,1230,1220,1661,1553,1312,1549
"ENSG00000169902",258,304,302,371,315,824,643,618,715,543,558,592,605
"ENSG00000169905",959.99999,987,1069,1075,966,1328,708,1201,1130,1015,1082,913,1095
"ENSG00000169914",212,273,203,104,138,244,171,254,231,132,124,153,173
"ENSG00000169918",38,88,44,20,30,25,14,16,35,27,56,30,37
"ENSG00000169919",565.00001,549,2098,1782,1627,2158,1392,1918,2094,2025,1950,1709,1912
"ENSG00000169925",1381,1509,3117,2659,2475,4269,2370,3944,4168,4195,4592,3401,4579
"ENSG00000169926",453,473,124,72,68,77,65,88,71,109,134,104,103
"ENSG00000169946",59,236,0,5,4,3,2,3,4,137,96,63,116
"ENSG00000169951",125,146,106,95,84,146,137,181,153,197,259,218,277
"ENSG00000169955",121,101,216,247,204,301,252,266,314,323,322,298,374
"ENSG00000169957",324,348,113,120,119,154,147,156,153,211,252,152,254
"ENSG00000169964",177.99999,171,574,486,448,679,1104,577,634,537,536,760,531
"ENSG00000169967",592,646,261,216,143,345,231,298,255,365,309,277,321
"ENSG00000169972",180,144,1160,853,811,529,709,542,583,489,495,492,660
"ENSG00000169976",1334,1396,2880,2168,2241,2228,3136,2302,2150,2843,2672,2615,2592
"ENSG00000169981",219.99999,220,438,278,309,486,463,397,440,270,274,252,196
"ENSG00000169989",29,147,28,39,34,56,53,30,32,81,85,92,80
"ENSG00000169991",98,93,27,24,21,0,7,0,7,27,24,17,29
"ENSG00000169992",926,677,256,138,174,197,228,242,235,228,322,146,201
"ENSG00000170004",1012,1083.00002,373,192,169,729,548,758,589,1209,1308,879,1110
"ENSG00000170011",104,48,15,25,17,7,7,8,16,107,75,78,134
"ENSG00000170017",237,308,1054,1223,939,1310,619,844,1103,469,468,504,599
"ENSG00000170027",2778,2934,801,741,652,948,756,907,855,887,804,577,846
"ENSG00000170035",2309,5528,1355,1430,1092,2391,2590,1978,1980,2898,2527,3014,3208
"ENSG00000170037",521.99999,474.00001,749,652,481,1074,699,1115,1172,1683,1883,1202,1508
"ENSG00000170043",1104.99999,1069.00001,1469,1188,1183,1951,1801,1738,1805,1867,2132,1645,1924
"ENSG00000170049",115,122,27,20,19,15,19,22,25,30,34,18,31
"ENSG00000170085",578,635,167,269,255,402,338,463,287,644,431,607,1242
"ENSG00000170088",191,198.99999,502,567,425,611,439,538,602,484,519,412,554
"ENSG00000170091",368,339,1,1,0,0,1,0,0,244,356,194,221
"ENSG00000170100",144,138,324,416,365,751,367,744,704,473,499,338,431
"ENSG00000170113",276.99999,216.99999,207,143,166,192,123,156,158,467,434,425,398
"ENSG00000170142",1383.00001,872,676,695,513,1005,1239,994,851,562,402,470,566
"ENSG00000170144",4241.00002,5535.00001,7813,7467,6211,7819,4688,7354,7036,8257,7415,6353,7815
"ENSG00000170145",582,501,163,181,143,355,205,283,317,402,452,370,396
"ENSG00000170153",344,845,131,100,110,116,42,107,42,232,249,233,211
"ENSG00000170175",178,148,457,361,371,404,306,342,333,384,477,322,429
"ENSG00000170185",391,484,506,562,431,588,289,520,604,1014,969,921,839
"ENSG00000170190",100.00001,30,405,330,260,130,126,129,108,9,8,9,10
"ENSG00000170191",139,109,353,374,299,247,231,235,273,434,405,450,484
"ENSG00000170222",96,123,213,232,190,245,274,187,195,371,352,438,354
"ENSG00000170234",459.99999,532.99999,518,508,634,1073,682,969,746,270,250,380,620
"ENSG00000170242",2763,3816,1242,1476,1168,2303,913,1891,2052,4228,4167,3372,3425
"ENSG00000170248",1180.99999,1243,2957,3152,2436,3333,1729,2665,3020,2821,2797,2538,2574
"ENSG00000170260",181,203,800,671,545,1030,485,882,912,994,1056,744,844
"ENSG00000170264",681.00001,1019,447,410,336,888,524,810,817,757,693,609,696
"ENSG00000170265",251,284,230,142,167,114,130,116,145,119,156,116,146
"ENSG00000170266",672,704.00001,2857,2442,2080,2155,1681,1843,2205,2971,3276,2881,2579
"ENSG00000170270",331,402,144,118,120,220,340,185,174,233,194,321,250
"ENSG00000170271",145,284,295,237,213,540,371,443,521,888,1020,829,772
"ENSG00000170275",807.99999,779,906,817,964,945,1296,1089,750,657,597,692,1519
"ENSG00000170291",624.99999,685,1737,1391,1193,2003,2563,1824,1896,2721,2457,2501,2501
"ENSG00000170293",126,77,38,23,26,18,17,28,19,30,15,24,40
"ENSG00000170296",4516,4999.99999,4406,3908,3789,7010,6700,6626,6577,11727,12214,10141,10687
"ENSG00000170310",399.99999,535.00001,635,550,517,825,827,652,686,870,924,872,793
"ENSG00000170312",1926,2489,4058,4167,3131,4825,4424,3606,3915,4880,3921,5045,5186
"ENSG00000170315",10087,10208.99999,16059,12733,12942,23079,31700,21203,20657,23223,23287,23076,21845
"ENSG00000170322",476.99999,495,919,871,764,1606,737,1685,1897,2048,2291,1514,1787
"ENSG00000170325",377,479,451,398,306,516,219,433,449,547,484,390,438
"ENSG00000170340",45,28,220,238,260,215,407,225,164,54,47,57,76
"ENSG00000170345",223,31,361,307,254,243,196,324,278,356,363,331,257
"ENSG00000170348",1560,1622,6196,6199,5076,8088,5312,5792,7033,5883,5331,5400,5448
"ENSG00000170364",342,388.00001,325,305,300,319,365,308,307,423,378,356,371
"ENSG00000170365",621,538,447,402,375,824,733,772,639,963,848,971,1340
"ENSG00000170370",82,61,0,1,0,30,17,34,52,508,386,298,559
"ENSG00000170381",355,148,45,52,24,838,267,511,801,143,175,138,102
"ENSG00000170382",566,245,71,45,48,104,155,109,137,195,222,192,244
"ENSG00000170385",163,186,293,265,228,148,100,113,99,92,80,79,97
"ENSG00000170390",988.99999,1717,3,1,1,13,12,22,17,155,165,133,152
"ENSG00000170396",70,223,0,0,0,5,7,2,4,34,36,28,57
"ENSG00000170412",160.99999,135.99999,420,373,278,652,578,555,630,281,308,232,255
"ENSG00000170417",123,132,100,79,72,230,148,155,153,257,235,226,230
"ENSG00000170419",148,49,8,7,7,8,7,5,6,8,21,17,24
"ENSG00000170421",683.99999,510,13185,10001,9396,7830,7662,6634,7277,2975,2131,2272,2325
"ENSG00000170425",135,141,343,262,305,248,221,164,200,142,104,122,162
"ENSG00000170430",328,300.00001,976,723,742,1149,1702,968,1006,829,881,825,708
"ENSG00000170445",621.99999,793.00001,2329,2023,1657,2276,1726,2152,2363,2532,2615,2184,2341
"ENSG00000170448",251,638,748,758,589,1032,540,696,862,757,563,595,622
"ENSG00000170456",819,1236.99999,230,191,161,253,203,179,216,659,634,561,636
"ENSG00000170464",422,430,740,709,589,990,664,879,940,1872,1996,1831,1862
"ENSG00000170468",169,160,92,87,96,83,82,77,72,68,49,51,77
"ENSG00000170469",87.99999,127,128,67,118,111,195,139,113,120,145,102,124
"ENSG00000170471",1032.99999,769,793,768,855,1177,597,1131,881,914,777,819,1080
"ENSG00000170473",378,370,1762,1398,1200,1658,1524,1630,1640,858,830,680,822
"ENSG00000170485",77,116,13,2,3,54,38,39,37,4,13,3,9
"ENSG00000170500",121,141,11,21,12,5,2,6,2,155,177,120,108
"ENSG00000170502",489,627,793,666,647,410,328,349,354,692,649,468,636
"ENSG00000170515",2809,2438,10219,8929,8075,5876,4932,5863,6082,5930,5217,4494,5427
"ENSG00000170522",531.00001,629,2839,2809,2443,2769,1985,2122,2410,2435,2485,2042,2729
"ENSG00000170525",1362.99999,1043.00001,1196,1162,1153,4700,2260,4227,4851,2656,3048,2229,2631
"ENSG00000170537",76,63,83,143,145,365,208,258,292,142,147,146,154
"ENSG00000170540",3028,3716,9539,9885,8292,19338,16612,13935,15702,16893,14303,15561,15353
"ENSG00000170542",331,171,2113,2100,1675,59,30,32,27,274,316,239,268
"ENSG00000170545",13,18,115,142,111,172,143,182,153,52,61,33,28
"ENSG00000170558",6559,6072,1012,971,822,8119,4205,6743,7705,11955,11146,9970,10490
"ENSG00000170561",47,69,179,194,159,80,49,75,78,73,64,49,64
"ENSG00000170571",19.00001,18,945,1121,797,648,435,514,563,356,224,267,294
"ENSG00000170579",171,80,386,287,291,574,339,598,560,372,448,282,363
"ENSG00000170581",389.99997,363,1070,1141,899,1717,990,1554,1856,1592,1657,1343,1293
"ENSG00000170584",901,1073,2086,1939,1563,1961,2181,1545,1644,1655,1533,1568,1737
"ENSG00000170604",193,161,49,39,45,33,38,61,57,39,38,40,64
"ENSG00000170606",1374,1499,12848,13356,10792,8809,4559,7833,8171,6435,5801,5097,6157
"ENSG00000170619",414,375,1003,730,747,631,1200,718,620,611,701,585,614
"ENSG00000170624",41,146,6,7,3,0,0,0,0,35,42,42,22
"ENSG00000170631",112.99999,167.99999,594,606,478,692,554,707,632,827,730,784,676
"ENSG00000170632",515.00001,587,219,187,159,223,277,173,190,185,149,164,197
"ENSG00000170633",489,635,1911,1770,1469,2201,1922,2219,2234,1949,1884,1655,1817
"ENSG00000170634",585,728.00001,81,91,83,121,130,117,94,222,239,267,223
"ENSG00000170638",423,358.00001,1401,1099,1059,1028,914,1130,1186,908,919,715,929
"ENSG00000170653",631,646.99999,511,557,480,1359,565,1083,1173,1373,1456,1127,1190
"ENSG00000170667",56,262.00001,72,44,51,168,113,148,104,181,223,160,205
"ENSG00000170677",371,387,455,467,442,890,435,708,748,563,502,569,555
"ENSG00000170681",377,631,74,72,57,83,66,66,78,72,72,66,53
"ENSG00000170734",439,430,635,538,493,326,160,268,284,433,540,439,516
"ENSG00000170743",166,264,47,26,37,279,157,268,175,383,300,429,527
"ENSG00000170759",2246,2524,3072,3032,2651,4070,1998,3415,3746,5514,5018,4605,5373
"ENSG00000170775",284,403,107,139,173,43,20,40,30,41,34,46,58
"ENSG00000170776",1557,2386.00001,2069,1958,1669,3951,1577,3632,3496,3945,4400,3187,3085
"ENSG00000170779",547,619,2059,1640,1538,3025,3399,2851,3000,2377,2153,2338,2223
"ENSG00000170791",383,375.99999,843,781,792,828,755,708,831,816,756,743,836
"ENSG00000170801",213,50,31,28,18,22,17,9,22,11,8,8,11
"ENSG00000170802",959,933,363,470,394,478,284,388,324,749,670,766,701
"ENSG00000170832",599,776,1403,1378,1043,790,383,627,673,490,672,522,639
"ENSG00000170836",422,571.99999,305,412,389,569,335,515,422,632,386,594,854
"ENSG00000170837",128,154,60,48,36,34,23,28,25,29,32,24,50
"ENSG00000170846",295,302,122,86,105,103,106,117,89,97,105,74,100
"ENSG00000170852",576,686,606,466,445,921,690,784,701,964,828,876,945
"ENSG00000170854",259,397,296,252,253,383,257,383,352,455,428,426,463
"ENSG00000170855",292,313,2637,2151,2098,1290,2121,1163,1244,914,907,961,873
"ENSG00000170860",1421,1491,2525,2282,2032,2325,2267,2084,2104,1641,1408,1545,1787
"ENSG00000170871",1230,1410,338,323,303,713,480,717,604,601,642,599,845
"ENSG00000170873",324,296.99999,107,81,78,433,205,314,324,1062,1082,908,860
"ENSG00000170876",618,460,1680,1589,1355,1337,876,1225,1406,2378,2425,1787,2141
"ENSG00000170881",260,198,244,141,143,292,348,182,261,340,281,404,361
"ENSG00000170889",13709.99999,15380.99999,8771,6531,7075,7975,15731,7786,6998,6797,6844,6771,6013
"ENSG00000170892",712.00001,644.99999,767,682,775,966,1162,1051,927,1966,1715,2019,2090
"ENSG00000170893",2610,3103,2,3,3,14,10,7,7,4397,4556,3316,2521
"ENSG00000170899",1105,1418,849,726,582,1715,1660,1180,1376,2843,2890,3150,2740
"ENSG00000170903",741,1077,505,618,417,630,529,461,435,1171,1075,1115,1057
"ENSG00000170906",1780.00001,1786.99997,1462,1146,1119,1543,1860,1455,1349,1289,1349,1177,1187
"ENSG00000170915",204,156,173,153,152,795,711,661,634,325,261,351,478
"ENSG00000170917",219,219.00001,173,152,109,220,235,224,199,286,271,304,340
"ENSG00000170921",596.99999,648.00001,234,195,159,359,165,300,297,1127,1202,887,806
"ENSG00000170946",734.00001,919.99999,206,208,159,458,324,375,462,416,388,352,386
"ENSG00000170949",616,672.00001,1652,1723,1444,3534,1583,3298,3508,1875,1934,1652,1609
"ENSG00000170954",123.99999,185.99999,282,261,283,572,509,511,531,543,548,619,615
"ENSG00000170955",246,55,864,757,856,239,396,282,272,127,127,104,142
"ENSG00000170959",1038.99999,1347.00001,4,10,11,79,32,48,31,254,216,156,134
"ENSG00000170961",143,230,230,297,259,1267,655,1020,1173,56,89,91,69
"ENSG00000170962",51,144,108,124,112,238,122,153,99,100,157,157,127
"ENSG00000170989",129,159,48,33,39,131,92,151,141,1100,1178,878,846
"ENSG00000171004",397,123,595,582,497,4816,2422,3299,3909,4611,4758,4190,3584
"ENSG00000171016",362,456,9,8,8,80,37,60,66,308,244,310,278
"ENSG00000171033",1084,964,226,247,269,341,463,313,225,1399,1094,1556,2393
"ENSG00000171044",287,261.99999,110,48,50,68,66,68,73,83,108,44,55
"ENSG00000171045",400.99999,414,216,138,182,208,219,252,229,153,217,198,228
"ENSG00000171055",878.00001,815,199,173,141,317,305,278,303,299,253,236,253
"ENSG00000171067",295,287.99999,1215,1067,962,884,769,861,925,760,794,615,739
"ENSG00000171094",59,53,0,4,0,10,3,10,13,16,14,27,31
"ENSG00000171097",151,176,1159,861,801,698,759,675,805,602,555,477,542
"ENSG00000171100",492,377,392,408,340,743,399,594,751,647,648,533,638
"ENSG00000171103",337,438.00001,545,506,430,524,493,509,479,478,382,499,479
"ENSG00000171105",385,495,1385,1225,1006,1030,485,878,960,1161,1183,800,987
"ENSG00000171109",381,560,1265,1035,1077,1163,908,1014,1098,1047,1125,908,985
"ENSG00000171121",28,53,23,20,18,14,9,6,13,14,33,38,12
"ENSG00000171130",903.00001,749,960,856,696,1038,840,867,967,4939,5377,4072,4482
"ENSG00000171132",829,1396,13,7,14,18,16,18,18,87,123,70,73
"ENSG00000171135",439,449,1280,997,877,1395,2386,1334,1305,1175,1123,1094,1071
"ENSG00000171148",919,914.99999,1720,1455,1322,2162,1822,2119,2186,2425,2611,2051,2276
"ENSG00000171150",206,290,289,377,347,686,495,568,610,417,342,411,416
"ENSG00000171155",620,358,844,768,594,775,690,541,676,650,662,709,654
"ENSG00000171159",1331,1070,606,442,457,532,737,614,563,807,875,674,631
"ENSG00000171160",361,374,635,587,565,1231,942,846,1035,1392,1413,1261,1387
"ENSG00000171161",397,424,243,204,340,493,623,634,397,321,250,345,815
"ENSG00000171163",238.00001,285.99999,792,613,575,621,506,616,705,636,827,543,650
"ENSG00000171169",55,56.00001,165,211,171,221,203,217,260,230,292,224,267
"ENSG00000171174",146,248,60,58,52,216,291,226,203,210,159,202,171
"ENSG00000171189",275,207.99999,4,6,2,30,28,24,45,88,81,43,87
"ENSG00000171202",302,441.99999,674,689,600,648,727,604,487,634,565,632,638
"ENSG00000171204",592,661.00001,810,777,709,543,931,521,486,550,397,592,549
"ENSG00000171206",487,427,132,90,115,118,128,104,122,161,149,169,187
"ENSG00000171208",747,756,118,82,111,263,219,175,179,396,318,366,431
"ENSG00000171219",30,20,211,167,159,65,59,64,63,25,26,21,20
"ENSG00000171222",1316,1199,1383,1056,1234,1337,2221,1317,1462,2274,2487,2325,2254
"ENSG00000171223",174,99,47,77,85,76,78,91,80,145,176,182,214
"ENSG00000171224",293,379,395,320,253,555,767,491,529,670,688,684,695
"ENSG00000171227",116,93,452,353,333,356,316,299,327,24,18,26,17
"ENSG00000171241",296,293,551,442,406,754,379,602,619,605,522,445,586
"ENSG00000171243",35,54,12,18,9,63,62,77,35,183,190,139,161
"ENSG00000171246",67,42,90,62,75,10,7,9,15,24,28,28,26
"ENSG00000171262",557,629,205,176,153,236,149,191,154,254,224,207,263
"ENSG00000171295",157,188,225,229,151,223,245,285,268,442,390,448,365
"ENSG00000171298",366,355,2757,2024,1871,2690,1720,2504,3000,1936,2299,1493,1940
"ENSG00000171302",541,367.00001,259,190,187,406,295,348,363,356,454,293,477
"ENSG00000171307",514,410.99999,2050,1892,1794,1632,2003,1749,1684,1602,1456,1533,1624
"ENSG00000171310",178,208,141,62,88,74,114,109,81,129,112,118,162
"ENSG00000171311",346.00001,474,1690,1457,1262,1454,1815,1320,1351,755,749,629,757
"ENSG00000171314",1242,1220,59548,51751,44331,66727,62990,58801,61230,18800,18477,17359,16747
"ENSG00000171316",6447.99999,7415,3334,3011,2530,5795,3193,5556,5379,6934,7464,5378,5967
"ENSG00000171320",431.99999,615,412,518,454,476,401,344,338,609,536,656,659
"ENSG00000171345",123,60,5357,4075,3932,6450,6839,5819,6322,523,730,613,469
"ENSG00000171357",31,23,93,86,69,103,58,97,101,84,115,74,42
"ENSG00000171365",440.00001,408,644,615,504,918,288,692,650,2274,2518,1962,2087
"ENSG00000171368",155,80,35,27,30,53,16,37,38,484,555,356,433
"ENSG00000171385",36,53,26,22,33,24,23,18,25,48,71,72,35
"ENSG00000171408",46,126,0,4,0,7,4,3,4,33,34,37,13
"ENSG00000171421",542,560,1395,1172,1201,1046,1756,932,1038,989,1102,1059,981
"ENSG00000171425",366,202,1690,1178,1109,994,1303,973,1056,510,547,467,587
"ENSG00000171428",31,29,143,122,129,64,66,64,71,25,42,56,43
"ENSG00000171435",104,121,217,178,185,295,159,247,237,224,308,188,243
"ENSG00000171443",78,97,42,29,50,51,67,56,50,99,99,107,103
"ENSG00000171444",575.99999,679,181,127,167,498,255,419,338,411,383,371,497
"ENSG00000171448",199,259,228,261,186,467,275,361,407,587,476,445,501
"ENSG00000171451",421,506,535,461,427,312,210,199,175,130,119,110,157
"ENSG00000171453",422,484.99999,1176,1000,940,1187,1256,1103,1100,1303,1274,1219,1232
"ENSG00000171456",1355,847.00001,399,358,321,1118,785,1201,1072,1334,1523,1139,1149
"ENSG00000171462",56,52,7,0,1,12,10,21,5,6,8,5,24
"ENSG00000171466",790.00001,659.00001,328,379,306,386,202,283,280,313,312,211,224
"ENSG00000171467",375,373,307,241,210,302,191,276,298,291,207,169,211
"ENSG00000171469",199.99998,278.00001,1381,1418,1159,1262,1224,1159,1104,736,705,727,840
"ENSG00000171475",702,656,482,387,372,594,336,514,501,781,800,541,795
"ENSG00000171488",40,91,27,44,30,261,171,182,244,232,164,156,263
"ENSG00000171490",1942.00001,1622,4910,4548,4047,4892,4863,4077,4361,3802,3328,3312,3758
"ENSG00000171492",466,513,357,393,303,370,404,294,303,342,224,295,270
"ENSG00000171497",456,527,1476,1420,1214,1628,1433,1466,1506,1338,1167,1166,1326
"ENSG00000171502",16,90,25,3,14,4,1,3,2,341,286,228,239
"ENSG00000171503",310.99999,458,392,396,289,317,248,244,260,564,568,497,512
"ENSG00000171530",2249.99999,2555,2467,2152,2150,1932,2418,1627,1518,2786,2754,2695,2800
"ENSG00000171533",1046,1315,21,13,12,64,53,54,71,1018,1157,867,1020
"ENSG00000171551",50,54,39,34,23,56,100,77,83,89,111,83,82
"ENSG00000171552",473,578.99999,1410,1243,1036,1384,1111,1558,1470,1767,2054,1264,1824
"ENSG00000171566",608,736.00001,2649,2436,2113,3328,2710,2868,2880,3088,2842,2719,2943
"ENSG00000171574",208,251,250,275,179,605,545,554,546,854,900,897,897
"ENSG00000171587",42,20,1,2,3,3,0,3,0,11,24,15,23
"ENSG00000171603",1409.99999,1125.00001,742,541,511,1005,751,1015,1066,846,948,683,853
"ENSG00000171604",1910,1774,481,377,312,339,362,321,388,740,886,654,814
"ENSG00000171606",274.99999,334.99999,652,603,576,1068,733,959,1114,811,993,799,824
"ENSG00000171608",89.99999,72,664,524,479,274,233,351,295,98,104,86,105
"ENSG00000171612",305,398,86,65,64,125,191,131,112,68,85,74,125
"ENSG00000171617",367.00001,405,433,313,370,9100,5849,8236,7908,1340,1294,1260,1062
"ENSG00000171621",184,95,27,24,11,39,45,49,37,40,44,29,51
"ENSG00000171634",4183.00001,5137.99999,2620,1979,1983,2326,1403,2384,2204,1684,1647,1278,1488
"ENSG00000171649",198.00001,274,1110,1017,810,1474,960,1343,1392,1308,1207,1156,1114
"ENSG00000171680",583.99998,467,336,335,275,302,203,390,392,267,317,181,194
"ENSG00000171681",2116,3063.00001,4919,5198,3900,7541,3139,6573,6493,4823,4932,3978,4067
"ENSG00000171700",84,72,155,193,165,228,272,250,252,102,133,98,152
"ENSG00000171703",910.00001,861,177,147,205,599,862,750,637,784,620,707,1064
"ENSG00000171714",334.99999,716.99999,204,199,182,316,117,228,232,386,330,316,395
"ENSG00000171720",748.00001,774,2400,2391,2500,4344,4398,4274,3822,3013,2410,2703,3475
"ENSG00000171723",1793,1476.99999,393,373,372,582,287,477,460,1072,1159,960,1075
"ENSG00000171724",114,193,2125,2456,2091,2780,1841,2914,2908,2839,2121,2114,2535
"ENSG00000171729",162,195,106,81,132,65,92,91,68,137,95,94,186
"ENSG00000171735",2239.00001,3329.99998,1153,997,935,1703,2313,1665,1426,1604,1482,1346,1589
"ENSG00000171757",73.99999,34,63,48,49,88,80,81,71,38,24,51,29
"ENSG00000171763",188,164,62,47,71,100,143,163,78,100,51,88,198
"ENSG00000171766",123.99999,170.99999,742,716,570,647,505,605,567,347,316,330,263
"ENSG00000171777",71,34,45,31,21,28,15,32,21,8,10,4,2
"ENSG00000171786",200,413,4,3,1,10,7,13,13,869,1019,862,1002
"ENSG00000171791",141,155,37,34,25,33,8,24,23,31,42,50,30
"ENSG00000171792",605.00001,645.99999,1724,1484,1421,2239,1725,2123,2293,2504,2141,1956,2318
"ENSG00000171793",1145.00001,1105.00001,5061,4840,3998,4554,3696,4690,4858,4523,4084,3422,3979
"ENSG00000171798",375,250,206,129,100,80,70,86,71,256,333,256,375
"ENSG00000171806",141,195,286,254,254,407,374,357,404,347,305,318,353
"ENSG00000171811",253,361,71,74,45,85,68,82,49,172,144,137,159
"ENSG00000171813",156,122,60,67,46,19,36,17,24,36,44,38,73
"ENSG00000171817",44,36,7,10,3,8,0,9,4,45,49,29,49
"ENSG00000171823",868,857,25,26,18,61,58,76,90,146,169,118,113
"ENSG00000171824",833.00001,1047,2621,2241,1987,2884,2080,2905,2831,2968,2993,2260,2707
"ENSG00000171827",157,176,144,129,113,220,153,163,152,137,153,175,174
"ENSG00000171843",635,902,105,107,85,410,345,367,316,1017,1014,865,1026
"ENSG00000171848",2048,1861,5472,5263,4496,5153,4270,4378,4586,6344,4985,4770,5564
"ENSG00000171853",883,631,166,113,184,168,156,199,143,124,151,132,284
"ENSG00000171858",15168.99999,13885,4512,3906,4385,4049,7695,4284,3608,3783,3806,4352,3933
"ENSG00000171861",209,153,984,824,835,848,881,769,789,639,635,572,574
"ENSG00000171862",1159,1330,652,579,549,729,406,604,644,890,761,820,988
"ENSG00000171863",651.99999,752,10153,8713,9140,9069,17545,8874,7543,7736,8018,8925,7888
"ENSG00000171865",462,483,1766,1670,1331,1703,1186,1213,1477,1059,1122,855,1153
"ENSG00000171867",473.00001,339,1022,1086,911,289,154,186,178,1344,1293,1099,1232
"ENSG00000171877",286,270,248,271,227,232,152,214,256,337,286,271,268
"ENSG00000171914",448,471,541,553,581,837,415,982,700,737,728,657,920
"ENSG00000171928",357,564,753,740,500,741,566,594,726,1067,882,925,930
"ENSG00000171940",281,212,469,540,404,798,354,608,669,237,222,155,194
"ENSG00000171943",153,260,744,666,601,1290,573,1203,1099,1054,920,792,1017
"ENSG00000171951",171,84,15,16,18,4,4,0,6,694,725,525,663
"ENSG00000171953",278,327,627,452,470,577,671,518,653,876,791,723,753
"ENSG00000171960",503,651,1084,857,911,1075,1514,950,941,856,849,907,842
"ENSG00000171962",34,44,8,6,5,31,16,30,24,70,71,77,69
"ENSG00000171970",25,60,153,149,147,155,153,134,137,109,120,85,120
"ENSG00000171984",112,145,130,159,127,204,252,133,193,336,371,341,340
"ENSG00000171988",1774,2120.00001,3505,3609,3092,1590,724,1350,1373,1651,1572,1334,1438
"ENSG00000171992",35.00001,54,55,20,18,39,31,29,30,19,29,25,24
"ENSG00000172006",127,166,85,62,79,126,143,145,109,82,74,89,131
"ENSG00000172007",98,111,152,199,169,228,142,190,183,185,188,212,199
"ENSG00000172009",737,584.99999,2183,2002,1831,2430,2177,2822,2831,2059,2154,1650,2301
"ENSG00000172020",2028,2730,182,138,128,188,218,178,176,1299,1283,1005,1129
"ENSG00000172037",691,654,2876,2876,2205,2809,1252,2619,3141,5356,5961,4390,4409
"ENSG00000172046",324.99999,316,2212,1941,1589,2109,1306,2261,2410,2694,2966,2143,2418
"ENSG00000172053",1460,1602.99999,5819,4892,4245,4961,4718,4548,4849,5173,5194,4478,4449
"ENSG00000172057",600,562,1339,1287,1121,2090,1490,1942,2307,1824,2095,1579,1690
"ENSG00000172059",202,176,93,80,66,164,119,133,131,147,127,101,164
"ENSG00000172062",60,114,1867,1879,1622,2237,1890,1766,2092,1918,1674,1814,1887
"ENSG00000172071",489.99999,525.99999,230,168,146,174,159,148,153,398,438,410,443
"ENSG00000172081",365,374,375,317,290,638,431,666,610,1212,1354,1004,1222
"ENSG00000172086",809,839,328,319,306,344,514,265,303,335,262,358,279
"ENSG00000172113",599,382.00001,594,431,451,759,726,744,728,1291,1366,1120,1214
"ENSG00000172115",1835,2185,7020,7344,5349,3810,3303,2971,3263,3425,2633,3215,3623
"ENSG00000172137",67,81,39,34,30,48,51,61,29,15,38,28,52
"ENSG00000172159",40,118,41,20,20,116,75,102,111,30,47,23,30
"ENSG00000172164",25,58,128,114,100,53,49,64,53,19,23,20,33
"ENSG00000172167",351,420,253,273,250,470,308,371,487,385,323,281,320
"ENSG00000172171",199.00001,198,512,413,440,459,747,392,382,403,322,456,403
"ENSG00000172172",816,965.00001,3065,2974,2485,2531,2880,2228,2269,2447,2268,2579,2831
"ENSG00000172175",454,426,121,117,130,166,139,151,100,238,180,192,300
"ENSG00000172183",16,20,52,45,33,27,34,37,25,15,17,13,29
"ENSG00000172197",107,94,595,485,466,156,76,78,121,157,137,112,102
"ENSG00000172201",1910,2286,17,12,11,256,187,239,194,1133,836,956,1041
"ENSG00000172232",35,41,24,10,9,33,31,42,25,24,28,19,32
"ENSG00000172239",1094,1632,962,1158,1061,1769,1723,1367,1279,1364,1136,1512,1672
"ENSG00000172244",155,186,317,372,288,298,224,245,262,463,371,445,479
"ENSG00000172247",126,137,1,4,6,21,6,15,29,14,21,10,9
"ENSG00000172260",75,49,34,35,46,86,34,49,69,132,155,125,128
"ENSG00000172262",977.99999,1871,708,698,612,952,731,874,881,825,810,735,752
"ENSG00000172264",225,465,34,29,43,126,69,82,81,200,197,186,189
"ENSG00000172269",262.99999,272.00001,3385,2859,2417,1881,1472,1710,1894,1603,1528,1266,1579
"ENSG00000172270",4089.00001,3238.00001,27420,21243,19722,24905,22305,22241,26838,23579,22804,18067,22234
"ENSG00000172273",181,225.00001,995,728,676,1279,1168,1107,1230,1018,1035,797,795
"ENSG00000172292",545,898,334,328,288,566,347,419,483,656,484,413,510
"ENSG00000172301",710.00001,723,132,143,182,186,473,244,142,257,168,263,536
"ENSG00000172315",205,198,736,772,716,954,894,952,875,1212,1087,1222,1368
"ENSG00000172318",274,796,575,576,414,586,401,472,592,262,247,281,356
"ENSG00000172331",339,405.00001,525,476,451,715,736,691,549,967,1079,970,876
"ENSG00000172336",498,470,2064,1654,1557,1683,2457,1626,1782,1057,989,899,978
"ENSG00000172339",164,274,195,151,148,134,144,137,145,309,287,312,227
"ENSG00000172340",359,477,1247,1132,974,1419,1083,1091,1261,816,681,642,621
"ENSG00000172346",86,75,57,86,73,44,21,44,44,271,390,243,305
"ENSG00000172348",189,215,57,35,39,89,80,77,87,1016,1072,895,1003
"ENSG00000172354",1623,1334,384,262,318,368,539,461,414,571,635,509,797
"ENSG00000172361",54,71,2,1,12,12,5,11,6,61,53,36,44
"ENSG00000172366",243.00001,195,287,305,421,80,238,97,56,146,106,180,252
"ENSG00000172375",118,77,21,7,16,36,12,37,21,63,54,50,82
"ENSG00000172379",667,645,110,62,84,303,224,319,247,1188,1226,979,1476
"ENSG00000172380",275,322,1092,1259,842,806,532,620,703,722,513,676,641
"ENSG00000172382",149,115,38,14,40,38,40,45,47,95,110,90,88
"ENSG00000172403",19.99999,44,71,65,62,13,6,4,6,9,10,15,8
"ENSG00000172409",203,200,853,717,662,836,690,702,838,545,546,517,476
"ENSG00000172426",297,615,61,45,54,180,163,154,195,341,393,297,310
"ENSG00000172428",1803,1702,1622,1300,1340,1312,1786,1317,1268,1812,1943,1918,1933
"ENSG00000172432",303.00001,300,399,282,285,524,606,476,469,325,293,345,374
"ENSG00000172456",175.99999,316,275,270,266,455,350,338,394,412,419,424,462
"ENSG00000172458",100,111,24,13,17,14,13,22,16,92,58,71,83
"ENSG00000172461",124,95,63,90,58,199,95,138,141,525,362,409,461
"ENSG00000172465",515,841,109,120,87,185,269,152,184,465,472,502,459
"ENSG00000172466",1039,1402,1631,1680,1376,2193,1338,1852,1618,2972,2932,2621,2724
"ENSG00000172469",244.99999,319,228,212,179,206,117,131,170,425,340,454,469
"ENSG00000172476",143,151,128,125,93,144,91,148,153,115,139,80,100
"ENSG00000172493",1257,1719.99999,960,992,758,998,470,900,824,689,704,527,525
"ENSG00000172500",843.00001,864.99999,2487,1843,1791,2347,2318,2222,2321,2462,2219,1993,2157
"ENSG00000172530",646.99999,805.99999,594,458,385,745,679,634,749,780,758,562,719
"ENSG00000172531",1700,1503.99999,6795,5084,5129,7026,9117,6540,6515,6230,6064,5524,5724
"ENSG00000172534",1738,950.99999,4953,4532,3766,3852,2042,4215,4159,4246,4399,2765,3709
"ENSG00000172554",97,67,31,33,22,13,16,8,11,0,6,0,0
"ENSG00000172572",149,483,42,69,57,30,20,23,54,337,390,308,253
"ENSG00000172575",124.99999,51,45,35,43,55,35,56,58,203,160,154,205
"ENSG00000172586",991,1067,1161,907,943,882,1208,864,819,766,714,718,799
"ENSG00000172590",1028.99999,1073.99999,2250,1664,1756,1590,2989,1671,1462,1317,1366,1312,1284
"ENSG00000172594",166,137,38,47,19,58,44,27,36,86,99,121,101
"ENSG00000172602",50,57,135,139,110,269,224,250,323,235,262,187,205
"ENSG00000172613",280,314,332,262,221,316,205,287,322,275,312,255,301
"ENSG00000172638",333.00001,264,137,151,123,221,218,240,234,248,266,320,296
"ENSG00000172661",489,535,1414,1381,1227,1538,733,1327,1397,1260,1362,1057,1111
"ENSG00000172663",367,383.99999,804,696,654,1208,1424,1364,1176,583,568,522,626
"ENSG00000172667",211,214,507,461,436,161,121,175,108,249,229,266,349
"ENSG00000172671",309,466.99999,90,103,105,131,105,88,121,82,90,80,94
"ENSG00000172687",749.00001,952,985,989,812,1442,1262,1195,1324,1139,1088,1185,1087
"ENSG00000172725",410.99999,389.00001,2466,1827,1807,1758,1569,1834,1905,1540,1627,1279,1406
"ENSG00000172728",160,190,561,485,410,716,486,486,607,595,608,525,581
"ENSG00000172731",234,295,641,602,600,917,728,938,853,879,972,879,1073
"ENSG00000172732",344,339.99999,501,476,409,555,569,614,580,690,754,698,844
"ENSG00000172733",516.00001,635.00001,37,29,17,52,52,50,53,81,83,71,96
"ENSG00000172757",9483,9703.99999,23107,18449,17999,20072,17462,19657,19886,21585,22348,16542,18876
"ENSG00000172765",774,1257,333,310,312,670,351,569,710,573,579,517,539
"ENSG00000172766",986,1206,527,494,456,619,310,437,542,727,610,555,704
"ENSG00000172771",58.99999,151.99999,10,10,10,29,19,30,38,144,182,95,142
"ENSG00000172775",918,1006,2176,1736,1715,2712,2445,2524,2364,3043,2963,2664,2657
"ENSG00000172780",37,58,246,320,255,150,40,65,103,23,42,22,38
"ENSG00000172785",375.99999,1455.99998,1973,1801,1499,1724,1417,1648,1604,1458,1363,1242,1315
"ENSG00000172794",30.00002,14,165,135,125,311,211,232,243,19,36,34,12
"ENSG00000172795",1309.00001,1402,3422,4147,2961,4187,1638,3557,3708,1746,1603,1477,1775
"ENSG00000172803",119,76,120,67,129,84,64,90,99,103,134,97,69
"ENSG00000172809",13855.00001,12422,9681,8876,8526,6769,9136,6479,5805,5085,4873,4854,4824
"ENSG00000172817",198,306,19,9,4,22,13,22,11,120,126,161,181
"ENSG00000172819",22,69.99999,1577,1331,1243,1005,712,1038,1063,120,109,66,118
"ENSG00000172824",24.99999,39,20,6,11,28,8,9,26,36,69,49,20
"ENSG00000172828",42,53,131,77,78,106,76,104,100,102,117,100,73
"ENSG00000172830",53,97,247,241,218,171,79,167,218,50,47,38,46
"ENSG00000172831",517,557.99999,1171,1115,839,1119,591,925,1038,2090,2466,1719,1865
"ENSG00000172840",109,127,637,719,553,747,444,580,650,451,504,462,389
"ENSG00000172845",1464,2844.00002,1147,1198,1166,3105,1989,2330,2239,1953,1565,1970,2267
"ENSG00000172869",822,1076,831,913,639,671,251,446,453,751,706,577,599
"ENSG00000172878",132,215,194,157,139,166,155,166,124,319,333,243,258
"ENSG00000172888",387,397,375,363,291,513,319,366,404,508,523,430,401
"ENSG00000172889",271,77,913,806,614,847,997,787,1023,189,227,149,225
"ENSG00000172890",259,227,1435,1097,1148,920,824,831,877,602,944,655,652
"ENSG00000172893",383.99999,464,7904,6642,5847,6605,4616,6128,7718,5818,5713,4480,5142
"ENSG00000172915",5983.00002,7275.99999,926,692,715,663,380,592,510,893,1007,948,881
"ENSG00000172922",1175.00001,983.00001,1150,803,824,1102,1691,1202,1059,1705,1842,1556,1579
"ENSG00000172932",354,449.99998,107,95,90,93,113,124,144,198,189,137,238
"ENSG00000172936",200.00002,165,1371,1238,1085,1369,1190,1352,1457,665,768,698,679
"ENSG00000172939",826,964,927,943,977,1877,1254,1615,1567,1632,1537,1624,2002
"ENSG00000172943",439.00001,342,906,920,759,1413,738,1413,1490,1857,2248,1470,1653
"ENSG00000172954",293,388,1085,1056,882,1613,678,1235,1446,1025,925,834,1080
"ENSG00000172977",310,346,993,774,661,1300,1093,1093,1380,2249,2264,1948,2112
"ENSG00000172985",36,23,22,6,6,1,1,5,6,25,39,29,26
"ENSG00000172986",51,143,27,24,19,22,21,30,23,10,12,6,9
"ENSG00000172992",741.00002,868,2048,1545,1534,2226,1614,2134,2059,2577,2940,2282,2712
"ENSG00000173011",162,145,166,81,104,114,98,114,124,96,134,118,115
"ENSG00000173013",63,49,0,2,1,8,5,2,9,28,38,16,43
"ENSG00000173020",446,381,315,182,170,201,182,213,201,141,219,141,156
"ENSG00000173039",398.99999,287,408,347,332,537,387,541,626,833,872,643,843
"ENSG00000173040",105,86,166,159,196,186,92,271,225,80,102,51,71
"ENSG00000173064",1519,1735,521,360,383,555,261,514,420,1034,1285,893,803
"ENSG00000173065",898,1057,2691,2462,2126,2117,1135,2086,2117,999,1219,782,1044
"ENSG00000173068",87,135,952,935,813,239,146,224,205,88,94,100,81
"ENSG00000173083",15,17,68,70,46,67,33,59,58,18,8,7,11
"ENSG00000173085",254.99999,275.99999,90,61,63,86,176,110,52,66,61,47,130
"ENSG00000173113",1847,2112.00001,6845,5852,5516,6328,9495,5717,5518,4194,3952,3701,3884
"ENSG00000173114",318,476.99999,33,36,18,128,82,133,104,254,287,230,194
"ENSG00000173120",999,1124.00001,712,571,515,631,406,615,495,481,461,336,474
"ENSG00000173137",144.99999,125,127,98,102,212,258,166,227,287,292,236,205
"ENSG00000173141",1612,1716,2847,2207,2081,1963,2567,1804,1817,2793,2748,2617,2663
"ENSG00000173145",393,470,747,744,589,795,508,602,671,512,493,412,552
"ENSG00000173153",269,168,255,182,165,75,127,109,99,47,41,31,42
"ENSG00000173156",45,30,141,127,137,55,85,56,52,7,2,11,3
"ENSG00000173157",63,53,248,281,263,175,100,149,235,92,61,37,62
"ENSG00000173163",620,581,586,491,574,700,1114,628,626,1086,1087,1077,967
"ENSG00000173166",1057.99998,865.99999,242,304,243,387,301,469,396,448,384,312,328
"ENSG00000173171",270,335.00001,1636,1203,1116,1128,1369,1151,1134,938,1008,782,907
"ENSG00000173175",115,117,643,433,456,72,42,63,75,59,55,38,45
"ENSG00000173193",221,182,564,652,495,135,39,127,96,144,100,93,102
"ENSG00000173207",1024,1460,10328,8685,8101,10258,18765,8628,8722,7005,6199,7512,7467
"ENSG00000173210",16.99999,38.99999,10,15,10,16,13,14,14,26,34,31,51
"ENSG00000173214",368,526,745,666,617,1009,390,710,797,667,838,655,681
"ENSG00000173218",163,156,378,492,427,478,252,436,400,319,373,288,439
"ENSG00000173221",265,375.99999,395,404,299,326,405,289,292,310,292,246,206
"ENSG00000173226",918.99999,1374.00001,1741,1541,1233,1696,1324,1390,1590,2266,2037,1905,2276
"ENSG00000173230",3218.99999,4019.00001,2550,2374,2027,2969,1386,2483,2531,2766,3106,2075,2292
"ENSG00000173258",364,535,1493,1667,1458,913,423,729,756,533,449,407,518
"ENSG00000173264",363.99999,352,250,232,232,259,140,288,298,414,386,302,390
"ENSG00000173267",606.99999,968,232,145,144,25,50,37,55,650,994,752,700
"ENSG00000173272",1511,1363.99999,564,572,706,763,1312,914,790,741,565,649,912
"ENSG00000173273",1168,1846,1431,1712,1392,3668,1478,2933,2939,3036,2975,2833,2925
"ENSG00000173275",82,110,277,311,201,338,260,279,328,185,167,165,176
"ENSG00000173276",241,226,373,414,347,846,375,696,658,1121,960,899,851
"ENSG00000173281",56,24,1330,1370,1213,588,264,481,454,320,400,296,277
"ENSG00000173320",568,811,508,504,433,484,289,476,430,2018,2049,1483,1804
"ENSG00000173327",249,201.00001,270,300,323,364,309,454,397,230,265,248,360
"ENSG00000173334",287,234,332,219,224,129,116,124,72,97,78,107,78
"ENSG00000173376",17,28,33,54,47,86,34,87,97,334,333,321,345
"ENSG00000173401",27,14,76,50,54,0,1,0,0,0,3,1,0
"ENSG00000173402",910.99999,845.00001,2465,2902,2557,2862,1496,2923,2886,2436,2558,1957,2895
"ENSG00000173404",296,400,4,7,5,1,0,1,1,177,151,146,127
"ENSG00000173406",504.99999,292,348,326,301,543,385,504,524,641,540,588,552
"ENSG00000173409",266,411.00001,397,344,266,585,654,416,528,549,519,538,526
"ENSG00000173418",646.99999,973,1247,1317,956,1121,1292,938,1053,1200,1040,1228,1133
"ENSG00000173436",1919,2437.99999,2587,2219,2167,1725,2150,1609,1420,2424,2039,2095,2240
"ENSG00000173451",176,236,154,149,150,240,188,195,202,238,201,288,222
"ENSG00000173452",78,72,10,3,5,0,4,3,3,88,142,81,88
"ENSG00000173456",367,343,7339,6211,5163,8218,5119,8146,9092,7064,6676,5285,6490
"ENSG00000173457",1541,1760,510,357,312,234,381,243,173,327,229,253,357
"ENSG00000173465",316,317,1031,778,746,486,569,474,471,425,478,355,383
"ENSG00000173473",3522,3639,5173,5342,5484,7747,5095,7777,6638,5182,4275,4515,6779
"ENSG00000173480",197,261,262,277,236,424,288,533,435,288,277,218,209
"ENSG00000173482",913,687.99999,170,116,132,213,154,171,171,278,315,269,240
"ENSG00000173486",1056,886,1657,1313,1183,1000,1113,978,1123,1141,1188,920,1044
"ENSG00000173511",777,589,155,104,115,96,84,80,81,160,166,119,167
"ENSG00000173517",744.99999,801.99999,920,913,749,1410,547,1243,1157,557,617,512,479
"ENSG00000173530",193,58,1436,1356,1207,1301,757,1067,1256,618,499,433,533
"ENSG00000173531",99.99999,121,72,55,70,65,36,51,86,138,177,143,130
"ENSG00000173540",282.99999,287.99999,1162,1083,924,1000,850,1118,1028,971,991,739,941
"ENSG00000173542",551,650,653,722,547,803,237,570,690,679,572,597,626
"ENSG00000173545",282,237,1087,819,745,960,853,839,964,911,941,700,793
"ENSG00000173546",51,81,230,259,163,114,50,79,103,160,143,121,138
"ENSG00000173548",146,107,631,505,464,748,425,740,826,546,645,526,547
"ENSG00000173559",45.00001,44,52,63,36,65,29,40,33,68,51,59,52
"ENSG00000173567",96,82,33,26,32,13,5,5,22,60,38,59,48
"ENSG00000173575",3135.99999,2961,1996,1943,1726,2910,1266,2554,2511,2665,2837,2100,2164
"ENSG00000173581",338.99999,225.00002,120,103,116,148,162,190,199,117,164,121,162
"ENSG00000173588",825.00001,980,443,343,326,544,281,387,427,438,383,393,446
"ENSG00000173598",1227,1294,463,397,378,460,472,409,386,474,517,504,517
"ENSG00000173599",209.99999,214,802,688,604,1252,702,1085,1217,1457,1774,1093,1423
"ENSG00000173611",408,432,369,357,339,514,288,345,475,418,335,377,379
"ENSG00000173614",206,155,120,136,97,334,333,266,276,297,300,249,248
"ENSG00000173621",119,124,147,89,107,42,65,48,45,57,73,57,57
"ENSG00000173638",328,348,1775,1480,1405,1430,908,1547,1678,1592,1668,1151,1452
"ENSG00000173653",133,195,401,410,452,561,636,541,492,200,163,206,385
"ENSG00000173660",3288,4067.00001,5792,5369,4834,3669,5221,3821,3506,2693,2540,2612,2648
"ENSG00000173674",709,773,2539,2444,2125,2567,2811,2229,2219,2192,1684,1944,2041
"ENSG00000173678",39,130,36,8,23,35,22,14,9,22,30,0,18
"ENSG00000173681",254,447,64,57,34,101,64,75,56,103,109,68,105
"ENSG00000173692",2739.99999,2611,12158,11538,9354,9809,5584,8787,9257,7870,7312,6411,7596
"ENSG00000173698",82.99998,241,597,596,392,233,125,245,278,24,51,37,12
"ENSG00000173705",25,14,108,93,73,164,60,136,136,62,116,89,75
"ENSG00000173706",170,152,151,125,91,609,431,597,503,825,764,613,719
"ENSG00000173715",795.99998,1038,372,420,288,435,491,406,373,350,467,459,418
"ENSG00000173726",1681,1831,5086,4899,4155,4798,4168,4080,4248,3997,3712,3791,3813
"ENSG00000173744",1438,1353,454,373,340,409,339,361,341,348,276,275,317
"ENSG00000173757",538.00001,436.99999,663,565,652,1191,1014,1266,1109,1099,1034,1012,1599
"ENSG00000173786",1024.00001,965,2026,1667,1556,3433,3209,3478,3450,4024,4384,3658,3646
"ENSG00000173801",670.99998,622,4739,3931,3625,5933,3751,5923,6027,2632,3373,2446,2755
"ENSG00000173805",69,54,124,65,86,155,75,106,153,152,214,131,139
"ENSG00000173809",14,23,55,57,64,26,16,25,31,10,26,17,19
"ENSG00000173812",4751,5544,9146,8406,7375,11294,10873,10270,10648,13422,14045,12274,12305
"ENSG00000173818",527.99999,273,417,288,243,383,466,456,385,744,810,647,705
"ENSG00000173821",1055,1157.99999,2590,2135,1959,2811,1349,2417,2576,958,1090,753,766
"ENSG00000173825",39,49,8,4,7,21,31,31,7,37,36,32,51
"ENSG00000173826",51,40.99999,49,39,58,5,11,15,28,3,6,0,0
"ENSG00000173838",33,16,27,21,13,1,12,1,1,10,13,2,18
"ENSG00000173846",69,104,72,47,50,25,44,20,12,124,130,97,175
"ENSG00000173848",361,502,1811,1965,1633,1842,1232,1534,1738,1690,1461,1494,1628
"ENSG00000173852",1112,1562,186,151,135,196,151,180,155,332,257,306,292
"ENSG00000173875",317,314,984,887,738,1473,820,1138,1345,1232,1036,1122,1059
"ENSG00000173889",1105.00001,1376,554,477,367,724,313,561,567,674,803,627,660
"ENSG00000173890",222,140.00001,716,708,556,466,326,249,281,6,4,7,13
"ENSG00000173894",508,616,2924,2570,2239,4658,3128,5100,5200,4111,4005,2880,3920
"ENSG00000173898",601,506,325,297,252,251,157,308,264,426,627,285,479
"ENSG00000173905",714,1409,418,542,556,508,262,388,486,757,724,703,851
"ENSG00000173914",629,585,738,585,569,1381,1195,1202,1243,1345,1368,1317,1199
"ENSG00000173915",2132,2540,2244,1996,1925,1518,1828,1584,1280,1131,1095,1139,1233
"ENSG00000173918",28,26.00001,4,7,7,45,29,56,48,35,36,14,42
"ENSG00000173926",1994,1017,201,168,186,112,177,109,89,125,187,123,100
"ENSG00000173928",42,39,215,164,150,161,220,214,218,143,137,126,158
"ENSG00000173933",1499.00001,1777.00001,4515,4023,3413,6497,6478,5912,5838,7186,6698,6123,6041
"ENSG00000173947",46,85,257,242,184,90,97,93,95,131,106,119,95
"ENSG00000173950",596.99999,562,306,218,273,349,405,375,280,359,341,304,635
"ENSG00000173960",727,844.00001,468,502,416,492,340,430,435,709,653,624,705
"ENSG00000173992",297,201.00001,1190,732,779,875,901,1076,1062,603,670,577,519
"ENSG00000174007",178,218,86,66,66,196,150,180,175,321,394,271,306
"ENSG00000174010",423,287,370,446,404,925,323,777,685,608,556,654,679
"ENSG00000174013",233,252,310,227,221,261,240,245,244,266,190,230,223
"ENSG00000174021",2848.00001,3336.00001,4436,4015,3668,4370,3897,4063,4047,5130,4443,4073,4686
"ENSG00000174032",104,85.99999,91,101,83,137,62,103,86,79,64,57,85
"ENSG00000174099",240,139,46,49,44,90,61,52,72,186,147,166,214
"ENSG00000174106",369,623,572,691,547,388,195,286,301,677,524,704,737
"ENSG00000174109",170,219,466,296,357,446,565,400,424,551,567,449,456
"ENSG00000174132",186,223,141,132,78,76,70,73,91,109,172,116,144
"ENSG00000174136",410.99999,338,148,121,106,441,422,471,330,497,489,448,766
"ENSG00000174137",66,45,23,37,20,53,67,67,55,51,34,81,99
"ENSG00000174151",100,100,163,151,153,278,187,318,257,300,361,263,231
"ENSG00000174165",275.99999,228,186,178,211,217,263,215,188,220,199,226,373
"ENSG00000174173",624,595,1439,1367,1097,1279,1426,1041,1044,935,878,948,972
"ENSG00000174177",101,108.00001,680,552,537,402,536,391,422,405,451,365,404
"ENSG00000174197",1083,1363.99999,2101,2180,1856,3160,1135,2544,2584,2650,2645,1960,1902
"ENSG00000174206",40,58,294,261,208,203,148,146,170,158,95,168,180
"ENSG00000174227",529,484.99999,570,504,478,848,506,689,719,691,887,743,729
"ENSG00000174231",2091,2023,15851,16100,12266,17256,7392,16053,16591,23496,23896,17593,18790
"ENSG00000174233",291,287,351,250,236,465,402,455,496,653,737,457,591
"ENSG00000174238",1853,1576,663,351,400,591,571,559,488,494,459,409,508
"ENSG00000174243",685.00001,600.00002,1807,1468,1327,2052,1336,2060,2027,2506,2237,1687,2132
"ENSG00000174276",99,103,272,282,248,230,316,268,238,216,251,200,213
"ENSG00000174282",486,287,184,176,149,237,196,224,251,194,278,175,238
"ENSG00000174292",44,39.00001,330,265,232,153,111,174,173,24,22,14,15
"ENSG00000174306",1190,591,86,59,41,108,75,80,99,226,262,160,170
"ENSG00000174307",185,97,279,147,214,12,27,19,10,56,40,38,90
"ENSG00000174327",42,45,85,88,72,106,78,135,192,67,89,63,73
"ENSG00000174371",411,557,1078,1051,900,1294,847,1101,1224,1368,1107,1043,1319
"ENSG00000174373",1913.00001,2926,453,533,423,524,219,543,399,966,904,951,1090
"ENSG00000174405",222.99999,200,96,142,124,234,122,153,170,476,403,400,385
"ENSG00000174428",177,228.99999,35,24,25,74,107,74,42,113,104,161,171
"ENSG00000174437",1178,1380,1496,1287,1095,1087,751,1103,1029,1023,1071,891,1250
"ENSG00000174442",510,617,2451,2483,1975,1918,1340,1541,1624,1470,1187,1320,1406
"ENSG00000174444",10823.00001,13554,24296,19225,18338,22375,27036,20479,20649,16379,14638,14093,13867
"ENSG00000174446",234.00001,239.99999,577,553,439,670,643,588,631,446,459,395,395
"ENSG00000174456",344,551.99999,421,256,294,568,542,466,601,1078,1091,980,950
"ENSG00000174460",286,136,25,28,30,26,14,11,8,840,1041,695,757
"ENSG00000174469",786,439,3109,2871,2345,8271,4932,7103,7814,12897,8972,8963,10547
"ENSG00000174473",30,49,4,7,5,4,1,0,0,15,16,21,26
"ENSG00000174482",129,286,87,65,67,85,40,76,53,11,52,42,63
"ENSG00000174483",492,538,910,703,674,1983,954,1785,1892,2672,3067,2244,2608
"ENSG00000174485",1223,829,100,133,87,121,77,79,86,278,333,277,236
"ENSG00000174498",486,582,760,541,522,361,336,364,400,1680,1812,1406,1710
"ENSG00000174501",1309.99999,1826.99998,255,160,201,375,123,240,285,537,782,615,522
"ENSG00000174514",49,36,20,9,19,17,12,11,35,43,45,33,37
"ENSG00000174516",132,159.00001,69,67,69,83,128,107,96,108,123,125,214
"ENSG00000174529",23,31,61,29,46,49,55,53,41,59,52,30,76
"ENSG00000174547",787.99999,858,3135,2591,2421,2458,4764,2548,2331,2005,1902,1972,1867
"ENSG00000174564",17,15,87,67,64,14,10,17,17,28,21,20,14
"ENSG00000174574",1448,1554,1477,1537,2025,1582,2349,2081,1095,791,651,991,2469
"ENSG00000174579",318,391,295,283,251,563,336,452,435,356,313,267,379
"ENSG00000174586",132,108.99999,64,56,90,133,75,164,154,163,198,187,229
"ENSG00000174599",69,115,22,24,12,63,28,32,31,100,117,85,143
"ENSG00000174606",471,578,842,883,776,921,588,929,962,874,798,789,911
"ENSG00000174607",48,59,789,781,648,149,52,98,126,529,464,420,621
"ENSG00000174611",70,53,0,4,0,1,2,2,3,27,14,36,21
"ENSG00000174628",534.99999,761,185,144,158,407,206,361,307,1005,875,797,988
"ENSG00000174652",254,299.00001,527,405,414,841,681,652,774,679,851,710,791
"ENSG00000174669",247,296.00001,680,522,568,439,284,470,509,257,374,265,356
"ENSG00000174672",766,634.99999,77,39,61,56,53,73,37,151,182,133,161
"ENSG00000174684",567,588,1591,1372,1201,1479,1246,1154,1401,2526,2746,2309,2467
"ENSG00000174695",869,1052.99999,5659,6265,4871,6068,3972,4527,4781,3633,3151,3334,3663
"ENSG00000174705",1013,964.00001,882,701,589,827,563,913,844,733,862,636,869
"ENSG00000174718",552.00001,751.99999,2398,2465,2027,1760,818,1670,1759,1447,1545,1199,1350
"ENSG00000174720",1564.99998,1971,520,555,558,1350,940,1217,1143,864,821,787,857
"ENSG00000174721",623,716,569,412,396,303,364,333,247,451,466,390,779
"ENSG00000174738",725,849,162,147,126,221,222,202,199,214,206,206,210
"ENSG00000174740",163,201,80,92,62,99,97,77,87,441,433,392,408
"ENSG00000174744",320.00001,274.00001,1183,958,1025,938,1043,975,977,1052,1046,859,832
"ENSG00000174748",7125,9365.00001,45659,39165,35334,53990,65046,48550,47891,32905,31013,33535,30885
"ENSG00000174749",24,28,725,556,543,540,228,320,328,433,663,541,409
"ENSG00000174775",606,555.99999,129,65,91,79,103,76,76,109,123,88,145
"ENSG00000174780",1548.00001,1949,4409,4260,3524,5151,3966,4363,4707,5076,4497,4791,4856
"ENSG00000174791",21,20,89,101,101,129,87,134,114,39,41,41,72
"ENSG00000174796",240.99999,273,199,194,196,321,272,225,241,395,337,338,337
"ENSG00000174799",808,907,243,290,238,567,297,423,547,407,375,340,306
"ENSG00000174804",147,142,140,173,142,166,128,195,146,92,104,89,133
"ENSG00000174807",37,55,47,76,68,100,90,143,134,64,96,96,141
"ENSG00000174827",111,102,15,11,19,33,17,22,15,13,8,9,8
"ENSG00000174839",488,594,250,247,275,435,301,464,401,670,527,633,861
"ENSG00000174840",269,293,360,375,389,440,198,331,411,492,453,418,398
"ENSG00000174842",529.99999,726,637,646,508,582,493,410,448,404,337,392,462
"ENSG00000174851",620,496,2569,1840,1778,1561,1892,1360,1425,1704,1996,1627,1726
"ENSG00000174871",461.00001,558,4,5,14,16,19,19,10,36,51,23,30
"ENSG00000174886",2655.00001,2569,3275,2674,2744,3114,5911,3045,2804,3745,4170,4170,3794
"ENSG00000174891",759.00001,1531,342,263,305,384,272,333,319,508,473,473,477
"ENSG00000174903",999,991,1345,1133,1037,1204,1197,1191,1328,1326,1584,1119,1219
"ENSG00000174915",334,319,359,214,249,338,492,422,289,275,292,291,580
"ENSG00000174917",828,686,640,430,449,388,651,390,412,581,617,624,533
"ENSG00000174928",133,94,124,124,107,212,194,149,154,199,229,235,189
"ENSG00000174938",295,302,1000,675,688,925,745,962,1086,503,597,366,418
"ENSG00000174939",67,65.00001,131,128,112,66,95,84,111,32,50,50,38
"ENSG00000174943",269,285.00001,126,182,143,127,101,155,157,253,328,340,372
"ENSG00000174945",92,32,62,42,39,18,15,13,19,5,27,14,13
"ENSG00000174953",1900,2250,1535,1492,1242,1468,892,1296,1441,1099,966,971,1039
"ENSG00000174963",68.99999,56,0,7,3,23,19,14,16,2041,1357,1514,2068
"ENSG00000174989",677,569,707,573,527,1081,642,963,968,650,725,540,703
"ENSG00000174996",322,325,869,955,763,1132,697,1125,1198,1271,1246,1068,1371
"ENSG00000175029",2166.00001,2077.99999,2730,2255,2155,1741,1727,1549,1480,1571,1545,1547,1727
"ENSG00000175040",134,110,99,74,81,87,105,75,71,34,29,42,54
"ENSG00000175048",98.99999,148,109,67,93,124,106,108,145,80,29,39,50
"ENSG00000175054",905.00003,1295,955,1061,835,858,307,775,815,959,863,664,742
"ENSG00000175063",1944.99999,2395.99999,8052,7065,6051,9163,8107,8410,8872,8359,7179,6814,7748
"ENSG00000175066",396,407,222,231,183,355,170,281,266,293,329,280,268
"ENSG00000175073",271,249,440,533,407,728,256,493,565,567,618,553,490
"ENSG00000175087",221,252,101,158,113,293,170,164,216,668,635,609,610
"ENSG00000175093",944,624,134,103,105,80,108,109,72,318,347,361,494
"ENSG00000175104",234,262,352,372,318,797,462,630,681,1187,1197,1077,1119
"ENSG00000175105",365.99999,901,384,464,369,701,283,502,568,688,882,699,614
"ENSG00000175106",640,463,116,113,86,174,79,71,128,159,162,106,119
"ENSG00000175110",507.99999,592.00001,1092,1000,832,1120,1203,904,947,975,916,1005,1021
"ENSG00000175115",848,573,121,99,75,73,90,95,83,181,220,140,163
"ENSG00000175130",6432,7372,2345,1830,2702,5457,8337,7675,4233,4753,3886,4713,14271
"ENSG00000175137",139,140,333,368,345,492,351,522,489,283,364,233,278
"ENSG00000175155",71,93,67,61,38,310,210,264,303,321,325,259,298
"ENSG00000175161",1822,5220,159,180,238,59,49,75,86,227,225,239,220
"ENSG00000175166",1545,1411.99999,15396,15378,12266,17323,11046,16435,16462,16642,16274,13444,15763
"ENSG00000175175",266,343,142,137,103,159,129,162,127,358,316,290,396
"ENSG00000175182",113,138,247,236,214,348,308,343,344,570,641,530,567
"ENSG00000175183",1581,2153,7582,6339,5415,13761,15858,11208,11194,7155,6608,6399,7194
"ENSG00000175193",569,648.00001,1811,1501,1416,1826,1948,1459,1682,1470,1426,1469,1417
"ENSG00000175197",361,222,90,78,89,442,671,357,404,1126,1169,1117,1103
"ENSG00000175198",3279,3605,1571,1448,1338,1701,1352,1382,1347,1358,1407,1360,1191
"ENSG00000175203",1941,1869,4153,3537,3086,6311,7235,5471,5822,8852,9046,8429,8087
"ENSG00000175213",106,79,589,494,360,623,413,515,651,530,540,458,477
"ENSG00000175215",1021,1040,1484,1367,1429,2298,1533,2357,1987,2426,2223,2218,3165
"ENSG00000175216",2561.00001,3216,6035,6536,5192,10833,4239,9397,10151,12694,12543,8996,10245
"ENSG00000175220",362,352,2285,1990,1892,1370,839,1478,1465,1253,1500,882,1214
"ENSG00000175221",662,668.00001,2407,2335,2172,3017,2274,3728,3486,4714,4851,3678,4931
"ENSG00000175224",761.99999,671.99999,3020,2563,2132,3200,2142,3087,3396,2882,3053,2389,2658
"ENSG00000175229",102,80,64,33,32,51,40,80,54,27,28,11,25
"ENSG00000175264",50,36,6,6,12,17,20,29,23,21,21,19,41
"ENSG00000175265",1130.00001,908.00001,626,453,562,556,352,596,723,729,975,656,678
"ENSG00000175274",881.99998,944.00003,1625,1366,1389,4720,3362,5367,4412,2904,2969,2458,4253
"ENSG00000175279",473,504.99999,239,232,223,425,504,310,336,522,440,512,508
"ENSG00000175283",158,191,1140,967,834,860,660,803,931,718,926,697,736
"ENSG00000175287",173.00001,141,277,214,212,313,311,343,305,130,159,113,122
"ENSG00000175305",247,352,142,146,93,108,94,85,124,259,193,227,273
"ENSG00000175309",687,774.00001,367,241,299,569,512,479,507,454,438,402,471
"ENSG00000175322",567.00002,648,901,823,752,1245,965,1043,1188,896,899,959,995
"ENSG00000175324",637,672.99999,696,564,559,637,1083,595,486,610,645,729,554
"ENSG00000175334",1707,1791,4444,3307,3233,4492,5776,4461,4208,4523,4174,3765,4072
"ENSG00000175344",61,115.99999,204,191,263,340,142,274,316,541,660,454,395
"ENSG00000175348",381,300,463,417,381,384,440,326,365,684,626,652,580
"ENSG00000175352",78,37,281,236,220,547,566,559,878,697,623,659,278
"ENSG00000175354",581,1158.99999,1283,1261,981,1567,1314,1279,1283,985,833,836,983
"ENSG00000175376",265,318,691,656,559,817,677,795,841,642,631,490,551
"ENSG00000175387",3780.99999,4811.99999,1664,1711,1456,2765,1703,2281,2302,2081,1932,1825,1780
"ENSG00000175390",1451,1765,7721,7231,6096,10642,9689,9623,9509,8884,8302,8124,7766
"ENSG00000175395",173,226,38,29,45,91,68,83,54,419,349,375,383
"ENSG00000175414",571,469,131,104,142,301,182,273,201,333,260,249,367
"ENSG00000175416",668.99999,694.99999,80,76,63,63,106,64,72,130,137,106,176
"ENSG00000175426",47,50,45,78,54,132,66,93,114,978,625,579,711
"ENSG00000175445",165,95,656,613,550,97,52,93,82,174,175,143,194
"ENSG00000175449",27,33,150,141,102,160,185,115,162,107,103,134,150
"ENSG00000175455",1400.00001,2182,541,586,467,984,641,942,898,1009,975,896,954
"ENSG00000175463",54.99999,21,11,12,9,100,120,132,127,34,40,23,37
"ENSG00000175467",498.99999,517,653,713,860,1027,676,1093,919,1085,858,873,1385
"ENSG00000175470",699,1025.00001,219,152,140,137,160,146,147,196,255,199,253
"ENSG00000175471",206.99999,377.99999,41,50,39,37,28,16,30,61,58,53,63
"ENSG00000175482",222,143.99999,283,252,194,263,232,279,220,36,87,62,47
"ENSG00000175497",657.99999,829,63,36,44,225,174,153,107,56,56,100,103
"ENSG00000175505",61,19,18,6,7,50,27,27,39,15,16,11,27
"ENSG00000175513",14,32,195,130,101,90,150,142,110,114,168,110,109
"ENSG00000175536",58,69,60,45,62,126,202,141,62,69,44,72,167
"ENSG00000175548",188,200,282,333,242,593,199,337,415,408,360,388,423
"ENSG00000175550",1138.00001,1211.00001,1025,826,938,973,946,996,981,1137,1146,967,1073
"ENSG00000175556",41,37,0,2,1,15,7,9,10,18,26,34,20
"ENSG00000175567",699,778,3583,2889,2686,7566,5425,7339,7698,6188,5818,4902,5925
"ENSG00000175573",307,282,148,87,102,119,195,144,104,117,116,114,144
"ENSG00000175575",580,672,1144,1153,887,1421,1259,1284,1284,1320,1287,1141,1170
"ENSG00000175581",575,677,1241,1059,953,673,1065,669,637,1704,1475,1849,1759
"ENSG00000175582",965.99999,1113,2750,2807,2392,3616,2527,2632,2647,3621,3299,3195,3382
"ENSG00000175592",300,390,1014,666,638,13,21,30,21,41,74,43,65
"ENSG00000175595",278.99999,314,318,276,260,463,248,316,342,470,457,380,403
"ENSG00000175600",117,118,142,93,91,133,133,121,117,208,233,163,202
"ENSG00000175602",192,225,203,229,388,267,498,277,231,132,118,147,253
"ENSG00000175606",384,459,642,744,586,591,601,545,457,660,690,652,660
"ENSG00000175634",424,306,1318,1118,1045,1228,1279,1178,1253,1087,1202,1080,1129
"ENSG00000175643",355,385,315,258,235,340,331,334,330,228,178,166,141
"ENSG00000175662",432,458,159,102,100,187,117,169,208,652,926,571,647
"ENSG00000175664",20,41,2,0,1,1,0,2,0,45,23,32,36
"ENSG00000175691",67,93,109,110,88,134,141,120,113,169,132,169,165
"ENSG00000175697",18,32,34,28,34,28,29,47,19,32,28,20,35
"ENSG00000175711",176,220,292,250,214,268,218,258,271,315,266,197,301
"ENSG00000175727",312.00001,195,980,773,718,370,264,324,396,974,1086,719,845
"ENSG00000175745",2449,1896.99999,6,0,1,12,5,2,9,1279,1635,1111,1041
"ENSG00000175756",1345,1131.00001,2661,2027,2300,1945,2679,1929,1891,1735,1809,1635,1883
"ENSG00000175764",102.99999,193.00001,4,2,0,9,4,5,4,43,31,32,52
"ENSG00000175768",1985.99999,2252.99999,4265,3769,3225,3016,4426,2829,2600,3772,3396,4194,4163
"ENSG00000175782",532,640.99999,637,585,502,741,525,596,625,903,948,794,826
"ENSG00000175787",89,115,122,118,104,173,92,138,149,125,150,104,134
"ENSG00000175792",1131,1409,5583,4449,4179,3499,3380,3553,3397,3798,3363,3135,3374
"ENSG00000175806",137,202,38,34,33,25,25,40,21,58,40,67,67
"ENSG00000175826",1055,921,241,164,209,314,362,317,243,262,247,203,347
"ENSG00000175832",138,305,2706,2437,2492,1106,692,987,984,70,43,51,116
"ENSG00000175854",366,340,696,619,565,576,845,639,653,578,530,464,494
"ENSG00000175866",639.99999,451.99999,276,182,188,454,309,431,437,1635,2161,1463,1666
"ENSG00000175868",122,164,127,141,141,234,334,157,223,200,171,231,277
"ENSG00000175874",29,20,15,11,5,8,15,10,10,39,46,27,21
"ENSG00000175893",589,700,107,136,136,204,125,130,199,287,277,328,286
"ENSG00000175895",103,104,226,178,187,334,364,287,254,222,130,272,308
"ENSG00000175899",249,149,115,58,85,53,106,57,59,55,113,76,108
"ENSG00000175906",216,175,290,207,196,866,932,655,776,1561,2269,1663,1313
"ENSG00000175920",43,37,22,19,13,7,9,26,15,9,18,22,23
"ENSG00000175928",1276,1368,1975,1622,1806,1223,944,1240,1028,1675,1697,1586,2241
"ENSG00000175931",597,505,846,596,679,814,724,960,779,683,649,509,898
"ENSG00000175938",263,243,489,467,497,680,531,724,638,359,357,551,388
"ENSG00000175970",655,685,956,1005,913,1776,1453,1949,1569,2086,1729,1873,2492
"ENSG00000175984",29,26,98,108,64,33,25,38,32,34,28,26,33
"ENSG00000176014",844.00001,522.99999,4814,3971,3770,1558,1696,1556,1513,1956,1795,1499,1847
"ENSG00000176018",303,352,274,367,291,572,249,358,383,373,319,412,424
"ENSG00000176022",374,398,95,79,107,145,177,177,157,202,165,104,176
"ENSG00000176024",97,98,240,272,218,326,250,302,350,266,216,271,247
"ENSG00000176049",831,978,452,316,367,152,79,166,169,1494,1623,1177,1386
"ENSG00000176055",156,171,244,268,184,182,120,135,162,329,316,306,336
"ENSG00000176058",175,164,51,43,33,31,28,20,39,44,52,30,48
"ENSG00000176076",13,17,38,53,38,87,97,133,129,26,24,24,37
"ENSG00000176087",484,462.99999,3831,3275,2696,3446,2155,3444,3665,3133,3105,2413,3031
"ENSG00000176092",12,18,710,667,617,674,524,763,741,122,101,69,91
"ENSG00000176095",469,549.99999,1402,1336,1027,1835,1228,1914,2029,2262,2307,1818,1936
"ENSG00000176101",797.99999,759,1304,955,967,822,1412,931,868,817,909,847,868
"ENSG00000176102",863,1225,2140,2153,1588,2375,1583,2012,2299,2074,1859,1773,1808
"ENSG00000176105",745,1081,2412,2632,2282,2846,1386,2205,2516,1653,1396,1441,1521
"ENSG00000176108",332,337,619,544,477,926,1158,915,975,1281,1301,1113,1065
"ENSG00000176125",14,22,25,19,24,18,39,16,19,8,10,7,9
"ENSG00000176142",304.00001,348,977,979,807,1174,1227,950,1135,823,725,807,802
"ENSG00000176148",244,333,187,183,184,330,152,253,320,278,356,296,358
"ENSG00000176155",730.99998,807.00001,185,166,125,352,145,345,360,559,758,497,554
"ENSG00000176165",611,289,0,2,2,99,35,66,64,2012,1650,1312,1989
"ENSG00000176170",1064,1199.00001,35,29,49,22,59,28,31,111,189,204,333
"ENSG00000176171",1743.00001,1845,11336,10551,8750,17102,14619,14221,15627,7478,8152,6784,6821
"ENSG00000176204",109,566,264,190,209,108,96,92,76,298,328,317,264
"ENSG00000176208",1189,1275,865,784,688,928,416,826,853,633,614,500,685
"ENSG00000176209",549,520,622,506,505,755,836,687,617,652,564,635,756
"ENSG00000176225",1172.99999,1214.99999,581,498,430,886,436,713,775,895,924,713,714
"ENSG00000176244",226,284,301,302,274,567,427,507,460,559,536,527,518
"ENSG00000176248",248,242.99999,180,125,129,124,67,140,151,129,174,102,142
"ENSG00000176261",554,593.00001,701,658,591,607,632,640,622,510,465,590,510
"ENSG00000176273",274,223,190,211,181,529,378,427,452,336,303,418,425
"ENSG00000176340",3887,4146,3742,2608,2714,2089,2912,2165,2061,2862,2742,2468,2588
"ENSG00000176371",333,424,1383,1137,1096,311,233,316,379,676,757,580,534
"ENSG00000176383",28,19,79,70,57,59,47,26,48,12,7,1,14
"ENSG00000176386",136,252,1131,957,951,1207,1500,1219,1100,894,876,797,823
"ENSG00000176390",1073,1599,1022,1083,819,1402,977,1012,1193,808,693,767,740
"ENSG00000176393",629,499.00001,467,305,347,376,542,458,327,348,341,313,543
"ENSG00000176396",426,413,89,65,57,64,95,55,44,74,49,58,73
"ENSG00000176399",69,95,105,137,95,130,90,122,114,831,569,644,793
"ENSG00000176401",119,130,93,79,82,176,174,99,155,165,150,170,205
"ENSG00000176406",1273,874.99999,377,292,256,287,198,263,278,521,390,331,383
"ENSG00000176407",763,659,704,591,557,777,903,679,697,411,374,427,506
"ENSG00000176410",194,171,159,128,154,202,176,187,200,129,165,150,128
"ENSG00000176422",204,188,984,825,679,587,902,527,516,561,526,557,493
"ENSG00000176428",154,182,26,5,3,28,32,29,30,43,42,38,65
"ENSG00000176444",487,640.99999,639,636,521,986,728,1007,973,728,749,708,769
"ENSG00000176454",191,222,429,338,390,316,217,328,398,198,223,128,170
"ENSG00000176463",173,215,126,92,89,160,94,101,113,223,287,191,176
"ENSG00000176473",403,240,447,296,346,393,425,341,334,585,624,555,496
"ENSG00000176476",194,206,419,317,284,497,396,494,499,770,779,706,720
"ENSG00000176485",374,186,2270,1826,1691,418,491,358,428,402,689,525,494
"ENSG00000176490",193,191,50,59,39,52,36,50,40,60,93,55,91
"ENSG00000176531",89,64,35,41,32,35,28,42,59,48,70,58,68
"ENSG00000176533",100,86,213,187,191,500,404,537,543,342,471,312,373
"ENSG00000176542",363,473,375,399,251,401,132,324,348,504,650,409,532
"ENSG00000176595",152,148,78,66,60,151,124,131,117,240,221,192,208
"ENSG00000176597",260,403,158,141,135,267,183,224,238,740,545,648,730
"ENSG00000176619",927,767,1661,1127,1028,1190,1254,1440,1395,1275,1196,1000,1178
"ENSG00000176623",481.00001,635,800,794,604,1091,932,798,895,873,818,840,867
"ENSG00000176624",408,509,478,405,325,357,291,353,337,299,260,245,293
"ENSG00000176641",99,172,2,2,6,161,120,154,137,61,42,43,51
"ENSG00000176658",89,89.99999,375,300,227,69,80,70,88,120,101,58,106
"ENSG00000176681",26,57,28,67,35,45,30,40,33,41,72,50,47
"ENSG00000176697",33.99998,15,103,75,82,106,105,87,83,28,16,12,28
"ENSG00000176714",37,70,58,47,28,91,68,87,95,191,157,155,180
"ENSG00000176715",369,288.99999,828,671,507,775,604,759,767,928,923,852,964
"ENSG00000176720",163,71,380,284,383,162,214,256,137,58,57,55,118
"ENSG00000176723",31,20,12,9,6,23,14,13,25,47,24,37,26
"ENSG00000176731",1080.00001,1300.99999,1118,946,886,989,1095,1029,894,668,634,643,689
"ENSG00000176749",272,208,117,109,99,196,114,187,145,289,312,258,358
"ENSG00000176771",280,267,19,15,26,35,8,29,14,508,548,337,347
"ENSG00000176783",875.00001,784,362,284,277,671,576,559,653,678,749,564,631
"ENSG00000176788",2701,3451,209,175,126,656,590,589,507,546,577,438,651
"ENSG00000176809",198,184,49,31,24,72,35,64,57,201,217,173,174
"ENSG00000176834",297.99999,412,1445,1452,1307,638,408,564,675,474,453,503,458
"ENSG00000176845",334,254,45,20,25,10,40,15,22,37,62,36,31
"ENSG00000176853",474,429,354,555,444,764,444,527,544,568,462,568,699
"ENSG00000176871",850,937.99999,411,371,325,213,225,196,187,583,673,522,608
"ENSG00000176887",2887,4258,556,608,485,2247,1233,1792,1806,3161,2996,2274,3614
"ENSG00000176890",3093,3243,608,485,608,854,1350,947,680,988,755,920,1856
"ENSG00000176894",887,1223,32,28,40,95,141,115,73,114,117,160,259
"ENSG00000176896",53.00001,94.99999,102,70,60,170,121,97,114,161,131,120,139
"ENSG00000176903",1152,1213,394,263,262,332,386,308,344,748,753,682,767
"ENSG00000176907",108,28,1,3,0,19,9,22,6,209,209,160,156
"ENSG00000176909",203,73,42,22,23,36,33,45,57,63,73,32,38
"ENSG00000176915",723.99999,646,396,253,269,328,318,307,319,354,314,265,373
"ENSG00000176920",64,29,146,125,142,107,85,108,111,36,67,46,39
"ENSG00000176945",112,93,2,2,1,9,5,3,15,60,69,64,34
"ENSG00000176946",396,423,682,537,571,566,519,553,531,564,500,410,553
"ENSG00000176953",681,566,808,778,660,1047,713,963,1019,622,567,623,698
"ENSG00000176956",189,235.99999,0,0,1,0,2,0,1,39,60,60,47
"ENSG00000176973",684,763,39,32,27,34,73,46,32,110,99,88,104
"ENSG00000176974",660.00001,573.99999,1851,1596,1443,1828,1429,1771,1943,1710,1699,1472,1627
"ENSG00000176978",424,264,498,429,416,273,351,247,345,402,486,420,432
"ENSG00000176986",601,563,3339,3415,2618,4136,2049,3433,4219,5088,5813,4306,5101
"ENSG00000176994",120,153,317,310,257,487,208,461,514,457,432,346,433
"ENSG00000177000",246.00001,253,414,370,372,437,171,410,494,680,811,500,619
"ENSG00000177030",1004.00003,884,695,487,518,506,730,563,507,476,465,484,548
"ENSG00000177034",222,373,674,756,573,947,457,904,874,714,731,635,685
"ENSG00000177042",382.00001,403.00001,539,439,391,793,618,629,706,825,873,680,750
"ENSG00000177045",317,124,205,118,141,126,119,167,186,227,254,130,208
"ENSG00000177051",186,253.99999,191,170,181,279,139,307,264,165,157,173,217
"ENSG00000177054",458,484.99999,1160,1120,941,1171,1051,798,874,1153,992,970,999
"ENSG00000177058",548.99999,677.00001,583,581,439,717,573,464,638,448,396,440,409
"ENSG00000177076",60,199,89,106,111,88,33,72,77,56,50,58,50
"ENSG00000177082",611.99998,746.00001,737,599,498,1271,1225,1139,1127,2308,2350,1970,2141
"ENSG00000177084",1203.99999,781,2090,1845,1608,2507,1332,2589,2605,2446,2749,1931,2362
"ENSG00000177105",196,159,694,442,426,554,494,552,602,369,382,232,289
"ENSG00000177106",77,24.99999,822,584,616,280,275,242,244,101,117,79,78
"ENSG00000177108",28,19,1106,915,800,77,46,64,49,54,123,80,91
"ENSG00000177119",2262,2372.99999,2845,2736,2307,1735,875,1470,1518,1741,1790,1447,1605
"ENSG00000177125",215,223,388,365,303,511,347,489,399,368,310,277,287
"ENSG00000177150",289,279,745,697,600,821,674,672,771,570,405,442,581
"ENSG00000177156",1318,1521,7609,5981,5420,4606,5169,4436,4372,3917,3884,3330,3657
"ENSG00000177169",521,410,504,304,410,314,322,403,425,337,341,278,276
"ENSG00000177181",108,68,411,323,279,272,240,269,242,165,147,146,173
"ENSG00000177182",1715.99999,2860,1,10,2,35,23,33,13,416,357,369,252
"ENSG00000177189",2063,1720,209,208,173,362,333,327,281,407,398,381,404
"ENSG00000177191",33,41,17,20,20,36,38,34,44,54,38,20,38
"ENSG00000177192",178,219.00001,287,182,317,140,180,193,168,94,66,77,153
"ENSG00000177200",4139,6223.99999,1084,980,933,1661,773,1388,1396,1836,1837,1570,1692
"ENSG00000177225",718,723.99999,837,690,561,604,559,740,642,1508,1343,1174,1198
"ENSG00000177239",545.99998,366.99999,1333,1235,1169,1393,1054,1187,1292,1602,1615,1401,1306
"ENSG00000177272",32,22,13,22,9,10,10,8,4,45,35,33,46
"ENSG00000177283",204,257,13,9,14,126,91,174,146,109,144,112,118
"ENSG00000177301",54,50,4,7,2,10,8,13,17,27,65,47,26
"ENSG00000177302",947,831.99999,1433,1313,1153,1798,1098,1887,1722,2266,2165,1465,1879
"ENSG00000177303",210,142,185,177,196,161,114,162,219,221,274,153,291
"ENSG00000177311",496.99999,577.99999,295,309,286,553,247,476,415,849,890,684,710
"ENSG00000177352",125,95,68,38,41,55,70,66,54,84,47,54,63
"ENSG00000177370",289,337,1476,1315,1213,1279,1825,1253,1407,1207,1328,1085,1133
"ENSG00000177380",287.99999,350.99999,224,160,228,226,205,212,278,213,215,178,251
"ENSG00000177383",867,1039,1652,1515,1470,2323,2015,2295,2322,3209,3217,2846,3037
"ENSG00000177425",688.99999,768,1395,1450,1108,821,513,683,594,381,274,313,446
"ENSG00000177426",584.99999,597,6596,5155,4931,5278,6213,4955,4746,1934,1638,1840,1692
"ENSG00000177427",132,109,511,402,386,586,529,518,633,640,670,690,636
"ENSG00000177432",124,168,36,37,41,121,89,114,96,190,237,203,206
"ENSG00000177453",16,13,1,0,5,11,5,14,8,80,114,106,65
"ENSG00000177459",931,562,21,25,25,5,2,9,5,27,96,82,59
"ENSG00000177463",345.00001,317.00001,81,182,156,273,135,267,222,223,234,198,251
"ENSG00000177469",150,55,356,360,405,151,172,214,138,29,48,30,35
"ENSG00000177479",1198.99999,1353,5366,5039,4220,3983,2749,3650,3865,4158,4205,3617,3850
"ENSG00000177485",678,460,550,631,449,1258,441,1007,1132,1636,1377,1171,1562
"ENSG00000177511",73,79,53,48,36,88,63,96,87,49,63,70,59
"ENSG00000177519",79,78,55,40,42,54,55,41,56,132,121,132,138
"ENSG00000177542",305.00001,343,1040,758,713,892,708,1037,1092,1347,1521,1129,1526
"ENSG00000177548",191,157,185,191,154,131,111,152,155,244,265,240,236
"ENSG00000177551",79,116,19,30,40,11,12,14,11,52,65,76,108
"ENSG00000177556",1192,1119,927,748,838,1252,1485,1205,1114,1227,1244,1041,1085
"ENSG00000177565",3354.99999,4555.00002,1663,2007,1352,4426,1953,3162,3187,3083,2688,2571,3130
"ENSG00000177570",146.00001,86,224,188,204,346,155,249,189,216,213,218,183
"ENSG00000177576",952.00001,1163.99999,316,258,201,328,341,251,266,401,491,464,495
"ENSG00000177595",214,172.99999,1364,905,829,606,449,682,802,646,832,604,649
"ENSG00000177599",125,134,11,12,11,32,26,25,36,131,93,112,100
"ENSG00000177600",23763,22475,7211,6146,6462,6098,6969,6524,6073,5769,5406,4637,5064
"ENSG00000177602",49,48,349,417,315,396,284,467,504,337,273,315,336
"ENSG00000177606",961,1104,79,79,152,374,372,388,280,1849,1321,1888,3982
"ENSG00000177613",392,455,1200,1250,995,2451,1771,2633,2621,1423,1462,1276,1404
"ENSG00000177614",69,95,191,161,144,168,161,168,147,192,179,149,177
"ENSG00000177628",127,117.99999,468,373,344,446,345,388,430,479,578,452,482
"ENSG00000177646",479,561.00001,1083,924,781,1007,792,1047,991,1502,1509,1252,1403
"ENSG00000177663",123,99,133,153,165,179,136,170,151,79,77,88,121
"ENSG00000177666",287,196.99999,158,189,232,175,154,234,206,157,105,122,230
"ENSG00000177674",476,565.00001,3587,2642,2584,2204,2191,1864,2056,1451,1468,1357,1481
"ENSG00000177679",252,334,102,98,110,82,124,119,72,46,67,56,65
"ENSG00000177683",390,469,308,346,251,544,429,349,490,606,594,642,650
"ENSG00000177685",175,214,439,310,320,147,167,157,144,117,113,103,139
"ENSG00000177692",54,59,49,44,32,82,68,88,58,38,28,42,32
"ENSG00000177694",279,356,12,21,7,43,25,36,31,108,91,73,77
"ENSG00000177697",1560.00001,1574,1112,900,831,609,698,608,686,1252,1219,1013,1167
"ENSG00000177700",2740,2178,2080,1512,1546,1123,1983,1152,1180,1880,1908,1784,1841
"ENSG00000177706",232,289,136,116,90,58,57,44,54,55,76,55,95
"ENSG00000177707",850,1504.00001,329,275,276,327,283,224,220,492,307,378,463
"ENSG00000177728",637.99999,514.00001,1164,1006,850,1542,904,1470,1778,2453,2958,1953,2403
"ENSG00000177731",706.99999,644.99999,6221,5713,5170,5448,3079,5109,5677,4273,4499,3385,3806
"ENSG00000177732",738,700,233,142,219,249,203,296,212,301,381,218,344
"ENSG00000177733",3067,3669,2475,2630,2320,3929,2339,3824,3956,4831,4749,3745,5228
"ENSG00000177830",1301.00001,908.00001,3747,2954,2577,3158,3702,2907,3316,3853,3824,3339,3353
"ENSG00000177839",104,33,27,14,17,24,17,32,18,70,69,72,50
"ENSG00000177842",317.99999,270,692,638,493,819,677,723,729,639,592,603,635
"ENSG00000177853",831,907,811,785,577,1187,697,1091,1024,585,563,538,535
"ENSG00000177854",158,47,100,58,46,105,149,112,102,201,188,168,150
"ENSG00000177868",979,1120,390,340,320,555,822,559,541,993,1063,1091,1054
"ENSG00000177873",72,140.99999,230,210,149,232,161,237,277,136,140,163,143
"ENSG00000177875",62,110,49,62,61,89,106,109,110,539,698,464,609
"ENSG00000177879",917.99999,1455.99999,1389,1407,1200,1842,1557,1568,1508,1306,1069,1274,1362
"ENSG00000177885",964,1176.99999,2251,2319,2312,2879,2142,2836,2739,2904,2853,2367,3166
"ENSG00000177888",524,854,138,153,127,304,121,241,237,584,471,652,450
"ENSG00000177889",1746,2171.99999,6147,5240,4700,5518,6644,4592,4784,5524,5213,5617,5808
"ENSG00000177917",1298.99999,1497,1206,1103,955,1630,1423,1352,1416,1780,1565,1793,1644
"ENSG00000177943",99,108,84,60,72,50,27,51,68,94,119,85,141
"ENSG00000177951",304,287,962,912,719,899,596,912,1039,928,985,743,784
"ENSG00000177954",464.00001,397.99999,12862,10891,10866,14414,16633,15537,13022,11263,11008,9887,9766
"ENSG00000177963",781.00001,697.99999,1995,1595,1498,1872,1644,1887,2106,2306,2412,2009,2251
"ENSG00000177971",546,627,2943,2627,2533,2457,3456,2130,2154,1503,1481,1369,1436
"ENSG00000177981",307.00001,328.00001,254,240,232,378,271,332,374,883,906,797,906
"ENSG00000177989",59.99999,13,0,2,0,38,49,38,21,4,4,5,5
"ENSG00000177990",679.00001,645,53,57,47,88,35,73,66,259,227,198,201
"ENSG00000178026",153,110,35,29,47,52,48,36,67,29,33,26,38
"ENSG00000178028",485,499,947,801,727,1035,869,1093,1173,1635,1699,1377,1348
"ENSG00000178031",26,92,44,55,39,13,29,36,51,90,97,49,75
"ENSG00000178035",1824.99998,1112,10122,8490,7470,7279,6705,7265,7475,5677,5750,4686,5025
"ENSG00000178053",307.99999,416.00001,988,909,835,1056,1278,875,854,1296,1281,1338,1325
"ENSG00000178057",938.00001,804,1192,904,946,939,838,1029,927,1941,2087,1473,1894
"ENSG00000178074",231,237,654,752,591,950,635,816,715,396,333,354,420
"ENSG00000178075",63,58,58,65,63,147,128,95,131,216,196,219,219
"ENSG00000178078",129,89,288,285,268,266,237,162,198,102,114,68,68
"ENSG00000178093",18,18,26,26,38,42,41,37,53,38,29,16,28
"ENSG00000178096",109,119,241,256,224,218,311,194,228,253,233,253,187
"ENSG00000178104",246.99999,295,813,786,740,881,433,792,796,1518,1437,1227,1274
"ENSG00000178105",784.99999,1048.00001,1475,1361,1343,1657,1023,1386,1485,1785,1457,1261,1637
"ENSG00000178127",1735,2033,5157,4888,3770,3914,4380,3491,3506,3415,3360,3548,3768
"ENSG00000178149",349,324.99998,1057,888,890,1391,1589,1228,1243,1382,1316,1586,1356
"ENSG00000178150",154,161,468,400,360,306,287,305,330,307,213,245,288
"ENSG00000178163",440,485,504,486,371,2446,1135,1882,1855,1947,1680,1654,1605
"ENSG00000178171",25,40,0,2,4,1,1,0,3,22,48,22,27
"ENSG00000178177",3606.00001,2494,566,602,541,1214,601,892,1018,1193,1101,1181,1254
"ENSG00000178184",341,303,93,74,74,117,131,119,90,98,73,80,126
"ENSG00000178188",469,454,115,63,74,85,77,110,96,116,136,94,133
"ENSG00000178201",15,24,23,23,7,35,13,23,14,25,26,20,26
"ENSG00000178202",216.00001,343.99999,256,191,202,313,294,307,245,340,233,300,501
"ENSG00000178209",1027,819.00001,2056,1551,1546,1362,990,1776,1581,804,1089,909,979
"ENSG00000178229",100,120,428,322,274,587,315,541,556,600,544,501,481
"ENSG00000178233",103,100,127,64,49,32,18,41,34,138,188,111,128
"ENSG00000178234",554,712,670,893,744,1049,796,932,880,1058,948,1001,1198
"ENSG00000178235",145,112,17,33,21,572,153,346,273,80,105,76,92
"ENSG00000178252",1333,1388.00001,7218,6883,5593,8809,4496,9111,9583,12276,13047,9496,10787
"ENSG00000178295",504,602,406,395,338,589,298,544,490,419,342,321,384
"ENSG00000178297",112,29,1,7,2,3,1,4,19,31,38,17,35
"ENSG00000178301",157,181,70,68,46,51,53,55,48,61,70,69,70
"ENSG00000178307",598,603,1815,1500,1308,1608,1781,1495,1589,1902,1867,1661,1796
"ENSG00000178338",169,245,88,88,69,132,84,88,112,135,91,139,130
"ENSG00000178381",151,160,146,110,103,156,282,127,145,229,211,253,202
"ENSG00000178385",542,524,238,205,179,657,310,624,592,692,838,596,588
"ENSG00000178386",75,40,85,85,87,151,157,133,121,167,146,156,102
"ENSG00000178403",39,50,0,0,0,4,0,0,3,102,155,96,83
"ENSG00000178409",241,246,938,727,669,426,279,497,426,360,420,311,336
"ENSG00000178425",200,469,1752,1669,1386,1882,1573,1497,1495,763,640,773,768
"ENSG00000178440",28,35,106,76,46,40,23,113,154,61,91,62,69
"ENSG00000178445",401,790,1101,756,725,560,635,519,453,529,414,478,547
"ENSG00000178449",718,674,958,813,745,753,1166,692,651,846,882,867,797
"ENSG00000178460",35,49,21,21,14,12,14,9,19,13,11,6,11
"ENSG00000178467",390.00001,383,144,121,160,157,243,217,168,166,141,173,350
"ENSG00000178498",380.00001,479,263,259,252,382,335,385,473,592,659,426,600
"ENSG00000178502",223,265,525,579,472,808,433,720,760,1019,848,919,831
"ENSG00000178531",2221,2492,43,17,36,58,55,80,73,179,150,104,172
"ENSG00000178537",107,134,142,115,125,111,140,82,82,519,518,439,460
"ENSG00000178538",719,434,125,168,163,278,223,156,143,609,631,798,685
"ENSG00000178567",929,952,485,404,376,1058,475,752,771,1532,1546,1434,1350
"ENSG00000178568",401.00001,149,6,0,1,11,8,5,4,191,203,158,152
"ENSG00000178573",1414,924,52,50,38,559,310,384,355,116,134,71,109
"ENSG00000178585",1006,1313,368,258,216,779,867,784,625,316,375,268,361
"ENSG00000178607",104,124,154,115,143,103,75,137,128,215,251,175,213
"ENSG00000178623",46,32,9,2,2,11,10,13,20,21,28,22,25
"ENSG00000178662",1324,3130,166,137,137,507,251,355,391,1799,1953,1411,1541
"ENSG00000178665",150,262,58,32,46,65,55,75,48,92,88,115,113
"ENSG00000178685",34,40,87,66,65,104,47,92,97,131,144,122,123
"ENSG00000178691",955,1285,301,282,321,448,344,411,400,402,294,287,525
"ENSG00000178694",408,364,277,232,227,380,304,258,331,534,469,397,478
"ENSG00000178695",196,203,85,95,59,46,31,34,35,114,67,78,127
"ENSG00000178700",91,142,90,77,52,149,106,146,182,192,168,166,174
"ENSG00000178718",74,25,209,291,450,440,676,539,434,113,61,120,231
"ENSG00000178719",1507,1239.99999,303,180,188,347,351,380,358,425,495,444,610
"ENSG00000178741",2302,2523.00001,6721,7276,6964,4957,6100,4613,4288,5421,4519,5725,6305
"ENSG00000178761",464,503,1239,1299,1241,2670,2421,2528,2317,2111,1774,2427,2972
"ENSG00000178764",1533,668,1026,862,826,530,283,433,433,525,621,485,461
"ENSG00000178773",47,25,84,42,44,28,38,45,37,26,30,22,24
"ENSG00000178796",19,25,2,0,0,0,2,1,0,46,75,61,42
"ENSG00000178802",393.99999,362.00001,1920,1560,1358,2702,2162,2725,2732,1952,2114,1988,1909
"ENSG00000178814",18,13,544,609,492,343,196,423,341,114,94,108,93
"ENSG00000178852",1048,1050.00001,23,19,25,42,34,24,32,11,15,21,6
"ENSG00000178878",703,155,32,31,24,85,29,53,31,152,163,191,206
"ENSG00000178882",70,97,68,34,26,46,36,28,29,76,101,75,64
"ENSG00000178896",285,262,1354,994,919,833,1133,908,995,839,953,932,825
"ENSG00000178904",749,1233.99999,713,751,562,1415,558,1058,1055,983,924,842,935
"ENSG00000178913",2113,2427,3063,2838,2390,4097,4023,3394,3566,6334,6232,6023,5686
"ENSG00000178917",243.99999,271.99999,183,204,166,254,167,230,219,152,196,152,158
"ENSG00000178921",453,465,6671,6345,5448,5090,2594,5548,6091,4693,4498,3576,4326
"ENSG00000178922",163,224,69,44,62,138,166,127,75,74,78,88,103
"ENSG00000178927",531.00001,510.99999,1925,1520,1382,2161,2014,2302,2447,2480,2583,2123,2230
"ENSG00000178935",133,164,276,261,214,235,287,257,243,89,141,146,112
"ENSG00000178947",79,62,99,70,66,61,51,67,66,104,132,89,106
"ENSG00000178950",506.99999,469,1678,1662,1441,1445,876,1467,1682,1556,1767,1273,1553
"ENSG00000178951",386,335,15,27,37,24,21,23,29,7,4,6,17
"ENSG00000178952",1490,1454,10979,9443,8148,6343,5398,6063,6547,8104,7660,6399,7239
"ENSG00000178966",369,544,698,815,716,1126,807,771,972,1162,903,1049,1167
"ENSG00000178971",427,345,776,618,548,787,458,915,1066,653,718,529,596
"ENSG00000178974",327,329,433,435,406,711,533,739,733,815,685,789,1002
"ENSG00000178980",1673,1647.99999,5700,4320,4495,7707,11821,7775,7037,3403,3463,3548,3372
"ENSG00000178982",2242.00001,2137,4035,3188,3109,3450,4767,3204,3088,2485,2311,2314,2212
"ENSG00000178988",863,1065,1234,1283,1031,1945,1659,1678,1707,1648,1637,1617,1670
"ENSG00000178996",268,273,91,55,42,158,91,92,82,104,72,68,97
"ENSG00000178999",898,1029,5280,4281,3713,5034,5551,4638,4996,5267,4530,4242,4663
"ENSG00000179008",374,592.00001,26,33,23,177,129,114,111,31,20,35,36
"ENSG00000179010",3019.99999,3215,4411,3972,3431,4331,4117,3836,3857,5073,4475,4284,4393
"ENSG00000179021",351,426,752,755,537,1249,1317,910,973,858,809,890,775
"ENSG00000179029",395,521.99999,295,293,261,436,456,364,454,1084,909,890,911
"ENSG00000179041",147,139,591,513,506,420,304,409,473,221,197,133,213
"ENSG00000179051",1237,1368,3189,2295,2131,1307,1493,1488,1327,1019,1015,781,983
"ENSG00000179083",132,168,12,17,14,35,30,20,30,29,27,26,34
"ENSG00000179085",618.99999,515,319,259,222,342,657,315,394,516,581,560,476
"ENSG00000179091",1246,1284,2051,2407,3259,2637,5652,2735,2015,2156,1769,3212,4952
"ENSG00000179094",361.99999,263,441,458,336,638,395,574,622,552,645,457,482
"ENSG00000179104",1544,2565.00001,45,31,43,115,72,105,112,240,315,237,218
"ENSG00000179115",594,558,5428,4370,3886,4147,3973,3910,4135,3796,3618,3075,3532
"ENSG00000179119",345,275.99999,456,422,351,666,334,499,558,599,656,597,657
"ENSG00000179133",50.00001,84.00001,2,2,3,2,3,0,2,34,34,21,22
"ENSG00000179134",1058,760.99999,898,815,913,1122,579,1219,1068,1064,1245,839,1447
"ENSG00000179151",449,388,1744,1742,1484,2373,1624,2292,2278,2873,3030,2477,2696
"ENSG00000179152",583,565.00001,290,335,327,437,329,338,355,713,638,722,674
"ENSG00000179163",123,143,453,422,312,495,338,352,443,519,480,358,420
"ENSG00000179195",1590,1767,468,491,364,2035,1157,1657,1642,2190,1777,1802,1815
"ENSG00000179218",5093,4879,7256,6894,6431,5207,3974,4484,4849,4171,4327,3611,3925
"ENSG00000179222",3255,3019.99999,8655,7457,6642,16590,10272,15976,16782,35706,41688,29551,31128
"ENSG00000179240",267,209,246,249,207,391,279,342,389,456,445,443,427
"ENSG00000179241",716,1169,872,933,756,3464,1680,2891,3223,1744,1798,1511,1699
"ENSG00000179242",283,180,230,179,144,311,248,349,334,869,1028,632,748
"ENSG00000179262",1278.00001,1149.00001,2125,1635,1640,1746,1428,1935,2036,1994,2109,1527,1746
"ENSG00000179271",1229,1171,2097,1919,2022,1798,2817,1977,1682,1284,1327,1495,1775
"ENSG00000179295",1257.99999,1575.99999,3136,3605,2885,3901,1561,3784,3446,3106,3052,2184,2809
"ENSG00000179299",245,324,505,488,419,437,196,347,387,230,146,177,139
"ENSG00000179314",359,502,705,527,512,435,541,476,367,1329,1281,1103,1241
"ENSG00000179331",35,42,65,63,62,83,57,71,89,76,45,35,58
"ENSG00000179335",379.00002,450,1278,968,878,2461,1880,2095,2302,1892,2031,1460,1514
"ENSG00000179361",737.00001,761.99999,6217,5589,4920,6384,3326,6189,6563,3266,3569,2454,3210
"ENSG00000179363",15,16,4,10,4,22,43,21,31,51,45,47,53
"ENSG00000179364",1033,750.00001,405,256,261,193,158,212,185,524,539,424,551
"ENSG00000179387",511,621,805,863,654,1120,684,743,951,1006,746,983,976
"ENSG00000179403",187,151,127,100,97,31,36,32,24,106,130,61,109
"ENSG00000179409",184.99999,262,2760,2366,2194,2826,2038,2974,3024,1947,2017,1584,1905
"ENSG00000179431",406,294,80,25,44,369,601,403,321,90,101,101,106
"ENSG00000179454",450.99999,550,303,342,303,806,323,525,579,966,1017,825,954
"ENSG00000179455",30,21,1,1,1,1,3,1,2,764,520,576,530
"ENSG00000179456",462.99999,590.00001,56,79,58,107,87,68,74,476,683,413,435
"ENSG00000179476",79.99999,96,98,132,89,164,154,121,115,42,59,81,107
"ENSG00000179526",559,426.00001,374,313,364,323,512,465,308,344,312,275,480
"ENSG00000179532",361,220.99999,253,219,248,267,91,177,275,212,342,190,202
"ENSG00000179542",172,123,159,166,127,716,339,418,572,323,415,312,313
"ENSG00000179562",112,93,581,633,545,956,539,882,965,665,739,666,662
"ENSG00000179583",31,96,38,29,20,18,10,10,24,34,30,24,15
"ENSG00000179603",25,27,23,29,31,35,34,35,29,106,79,102,114
"ENSG00000179604",400,438,613,586,409,2027,1445,2083,2012,4068,4618,3069,3773
"ENSG00000179627",50,32,24,21,23,0,9,18,7,11,24,22,22
"ENSG00000179630",39,36,199,161,148,48,20,28,36,11,12,15,12
"ENSG00000179632",1017,1098,445,381,769,924,1917,1460,738,499,448,663,1908
"ENSG00000179698",110,25,6,3,8,7,6,12,7,15,22,20,13
"ENSG00000179715",16,19,156,138,125,46,16,28,23,6,10,7,3
"ENSG00000179750",45,32,1351,1088,1021,80,64,59,96,183,171,200,171
"ENSG00000179761",46,49,1335,1150,1036,324,314,400,309,145,132,87,121
"ENSG00000179774",2004,4413,7,8,5,18,12,21,14,52,36,35,43
"ENSG00000179796",141.00001,51,12,10,10,135,116,90,103,55,47,48,35
"ENSG00000179820",668.99999,655,1990,1774,1549,2100,1186,1876,1971,1708,1803,1312,1532
"ENSG00000179832",202.00001,152.99999,880,641,528,616,352,590,720,388,524,298,337
"ENSG00000179833",336,310,159,132,105,566,289,416,523,920,1107,797,870
"ENSG00000179841",46,58,36,22,30,43,20,36,39,23,22,25,42
"ENSG00000179859",60,80,79,71,63,194,114,121,144,281,301,249,272
"ENSG00000179869",28,16,6,16,9,17,5,2,8,20,25,26,19
"ENSG00000179886",134,188,91,86,69,90,84,74,92,128,137,76,130
"ENSG00000179889",1500.00001,1823,3340,3570,2938,3496,2048,3051,3417,1910,2038,1756,1875
"ENSG00000179902",327,279,2,0,0,5,6,3,4,26,36,22,22
"ENSG00000179909",338,536,208,239,164,347,273,312,315,305,344,257,221
"ENSG00000179912",1455,1883,695,600,487,671,442,632,717,581,608,550,631
"ENSG00000179915",256.00001,334.00001,360,369,292,1046,454,848,901,350,486,326,301
"ENSG00000179918",255,281,1096,1091,980,1012,812,1027,858,707,617,694,695
"ENSG00000179922",64,87,18,10,19,34,42,35,34,35,40,26,77
"ENSG00000179933",790,945,3282,2862,2443,2598,4043,2301,2115,1768,1695,2138,1861
"ENSG00000179941",195,139,399,526,333,796,481,577,699,818,675,848,698
"ENSG00000179943",170,125,47,34,28,56,48,75,48,72,69,79,60
"ENSG00000179950",1286,1299.00001,7496,5556,4998,6513,6390,6089,6406,11767,12801,10234,10257
"ENSG00000179958",789,777,2313,1803,1962,2588,5273,2525,2504,3359,2802,3025,3228
"ENSG00000179965",309,288,59,59,54,84,192,82,92,68,85,82,121
"ENSG00000179981",197,223,3,5,3,2,2,1,4,1348,1660,1106,1029
"ENSG00000179988",157,166,153,138,121,182,281,182,188,272,244,236,281
"ENSG00000180008",352,475.99999,567,554,414,769,443,589,705,731,575,674,616
"ENSG00000180011",315,413,54,57,41,71,80,70,71,1438,1292,1250,1643
"ENSG00000180035",385,407,242,186,227,399,510,478,324,277,309,245,505
"ENSG00000180071",114.99999,73,167,123,149,89,67,73,77,53,48,51,43
"ENSG00000180096",158,151,18,15,6,18,21,26,33,37,33,25,35
"ENSG00000180098",402.00001,374,656,595,544,929,1196,797,822,727,741,730,697
"ENSG00000180104",383,296,543,461,493,656,639,631,704,680,626,637,729
"ENSG00000180155",16,24,201,165,123,241,177,262,242,112,87,60,77
"ENSG00000180176",45,24,1,3,0,17,8,14,23,368,607,366,306
"ENSG00000180182",491,551,1185,1090,963,863,481,785,699,790,748,548,813
"ENSG00000180185",329,385.00001,724,513,458,618,560,548,638,945,1007,904,960
"ENSG00000180190",280,291,737,1017,972,161,204,163,135,190,157,220,284
"ENSG00000180198",684,804.00001,3896,3146,2848,2296,2075,2325,2511,2878,2578,2335,2731
"ENSG00000180228",938.99999,1239.00001,1842,1746,1348,2722,2640,1999,2090,2813,2746,2916,2734
"ENSG00000180233",176,318,40,35,26,72,64,39,82,18,12,21,19
"ENSG00000180257",42,59,377,359,333,624,365,480,536,306,318,246,264
"ENSG00000180263",219,384.00001,915,934,847,733,331,607,670,563,564,520,668
"ENSG00000180287",14,34,57,95,85,105,35,82,61,23,17,13,20
"ENSG00000180304",1936,2201,13011,11599,9661,8728,7626,8218,8531,6076,6011,5381,5166
"ENSG00000180329",411,434,1028,1050,912,1008,613,742,863,784,721,718,666
"ENSG00000180336",31,36,85,145,110,419,176,303,289,66,43,39,66
"ENSG00000180340",682,620,353,230,219,1190,1537,1306,1123,745,900,673,961
"ENSG00000180346",111,102,153,206,153,562,407,451,463,490,440,471,458
"ENSG00000180354",240,340.00001,51,28,21,131,107,109,90,228,179,160,197
"ENSG00000180357",981,1135,526,422,399,595,442,707,637,1289,1380,1107,1356
"ENSG00000180370",1082,1157,852,1061,917,1385,707,1176,1139,2164,1988,1883,2293
"ENSG00000180376",762.99999,1318,372,360,346,332,230,301,351,534,452,431,519
"ENSG00000180398",699,824,3770,3539,2947,4011,2587,3114,3427,4133,3982,3789,3554
"ENSG00000180423",64,70,218,178,164,333,277,296,268,256,272,218,265
"ENSG00000180425",159,223,162,184,149,188,189,154,198,505,561,548,599
"ENSG00000180447",337,447,22,11,7,75,109,106,105,194,144,195,156
"ENSG00000180448",126,100,852,835,780,1209,934,1410,1407,226,190,170,303
"ENSG00000180479",101,63,119,135,124,224,149,178,182,194,201,182,185
"ENSG00000180488",619,540.99999,223,221,193,261,161,244,206,246,299,227,244
"ENSG00000180530",1638,3228,131,108,95,332,155,255,238,1360,1325,1235,1387
"ENSG00000180537",286.99999,538.99999,219,200,142,433,279,396,425,1624,1374,1367,1409
"ENSG00000180543",12,37,294,264,288,534,452,624,404,203,174,232,387
"ENSG00000180573",604,516,255,193,211,515,852,353,363,1059,1101,1188,951
"ENSG00000180592",438.00001,469,62,48,58,325,269,364,382,435,418,359,573
"ENSG00000180596",321,251,11,28,29,25,55,34,50,94,67,65,72
"ENSG00000180611",97,99,503,463,471,338,277,326,310,225,198,191,202
"ENSG00000180613",28,36,0,0,0,0,0,0,0,45,41,60,44
"ENSG00000180616",347,433,185,146,167,421,241,337,399,488,694,463,461
"ENSG00000180626",204,250,388,399,258,415,180,331,342,224,275,203,217
"ENSG00000180628",344,509,240,218,194,161,176,177,128,315,251,276,370
"ENSG00000180660",4089,5504,24,13,25,39,16,32,12,151,315,221,142
"ENSG00000180667",311,354,263,435,249,369,196,329,332,655,483,508,476
"ENSG00000180694",254,262,227,285,249,145,141,120,117,242,142,236,254
"ENSG00000180730",225,297,346,366,330,5262,3798,4719,4564,2038,1829,1823,3231
"ENSG00000180758",39,23,45,27,24,30,36,36,15,29,28,19,41
"ENSG00000180773",624,760,587,690,554,987,550,829,781,828,582,706,969
"ENSG00000180776",1251.99999,2063,753,816,603,1140,584,740,822,840,590,785,764
"ENSG00000180815",74,110,25,11,17,36,33,42,37,18,18,24,22
"ENSG00000180817",2622,3662,4610,4276,3686,3721,5040,3284,3455,5901,4891,5647,6373
"ENSG00000180822",455.00001,340,882,666,734,387,470,396,428,459,489,398,422
"ENSG00000180834",42,48,18,1,27,0,19,43,26,0,0,2,0
"ENSG00000180855",66,141,372,416,310,879,540,603,678,569,442,625,561
"ENSG00000180875",21,38,1,2,0,0,0,0,0,32,40,46,61
"ENSG00000180879",1981,1958,3552,2659,2677,2610,3289,2277,2426,2485,3007,2610,2593
"ENSG00000180881",96,436,39,45,34,45,46,51,36,106,101,83,88
"ENSG00000180884",33,37,188,179,104,220,161,237,174,281,262,256,275
"ENSG00000180891",526,568.99999,30,31,29,101,69,81,72,102,113,109,193
"ENSG00000180900",451,372.00001,334,284,264,215,189,234,212,285,389,259,435
"ENSG00000180901",301,225,305,141,199,245,236,204,211,197,194,169,172
"ENSG00000180902",404.99999,277.00001,79,98,133,258,202,299,278,191,207,185,319
"ENSG00000180914",33,22,29,15,19,27,13,22,15,8,10,36,35
"ENSG00000180917",275.99999,430.99999,408,449,391,993,754,796,771,653,658,695,599
"ENSG00000180921",113,116,152,104,131,65,56,98,65,15,12,9,21
"ENSG00000180957",876,1289,3142,3394,2568,3175,2115,2812,3017,2596,2418,2202,2320
"ENSG00000180964",1005,962,2833,2645,2215,2606,2957,2225,2258,1861,1704,1903,1772
"ENSG00000180979",323,420,313,316,269,543,426,453,475,841,902,826,812
"ENSG00000180992",1090,1201,3564,2983,2739,3128,5086,2943,3018,2420,2298,2429,2485
"ENSG00000180998",330,717,44,19,37,106,52,48,101,90,78,76,100
"ENSG00000181004",133,215,135,140,99,272,242,155,219,398,333,461,409
"ENSG00000181007",286,325,1397,1371,1051,1491,875,1274,1279,1042,976,924,869
"ENSG00000181019",387.99999,241.99999,963,861,813,339,331,283,282,330,231,303,308
"ENSG00000181026",235,196,7883,7081,6110,3611,2933,3555,3786,1997,2055,1553,2064
"ENSG00000181027",305.99999,252,144,71,110,116,123,125,125,144,134,98,149
"ENSG00000181029",1087,1044.99999,672,780,976,1181,1972,1167,1007,949,829,941,1392
"ENSG00000181031",441,320.00001,74,99,85,230,185,203,242,188,215,163,154
"ENSG00000181035",140,125,170,110,102,202,149,172,184,121,131,129,204
"ENSG00000181038",429.99999,387.99999,1123,984,849,890,861,880,874,806,732,680,722
"ENSG00000181045",253,275.99999,544,446,340,500,363,531,612,818,992,678,811
"ENSG00000181061",1747.00001,2202,3190,3189,2511,2445,3615,1787,1918,4451,4140,5424,4810
"ENSG00000181085",109.99999,118.99999,69,37,44,56,38,63,92,273,310,245,258
"ENSG00000181090",2298,1999,736,674,875,1171,1030,1627,1128,939,877,727,1719
"ENSG00000181104",699,612,1503,1751,1363,3529,1761,2737,3225,4440,3982,4247,3984
"ENSG00000181135",55.00001,42,35,51,43,69,57,64,73,64,68,39,46
"ENSG00000181163",5261.99999,6577.99999,42544,40162,36231,33830,38867,30965,30434,21093,18263,19256,20858
"ENSG00000181191",457,560,2452,2287,1903,5833,4032,5112,5243,8435,8269,6613,6773
"ENSG00000181192",383,381,4537,4077,3352,3459,2076,3585,3677,2526,2360,1943,2176
"ENSG00000181218",399.00001,388,118,93,104,86,180,93,107,593,680,698,579
"ENSG00000181220",293.99999,246.00001,136,89,86,89,92,137,93,136,112,112,107
"ENSG00000181222",2299,1955,8839,8428,7273,9106,3986,8897,9730,10966,12568,7890,9805
"ENSG00000181264",240,255,465,472,352,645,645,510,557,731,645,727,646
"ENSG00000181274",90,99,196,165,134,111,139,114,98,31,25,12,25
"ENSG00000181284",29,22,35,31,53,26,45,31,30,13,7,19,39
"ENSG00000181315",195,267,1275,1039,1077,1255,782,908,973,1499,1236,1210,1185
"ENSG00000181322",183.99999,357.99999,8,7,10,12,8,11,11,89,84,75,65
"ENSG00000181350",182,233,170,99,104,84,80,42,47,57,36,29,36
"ENSG00000181378",15,20,16,5,7,53,48,38,36,49,51,41,77
"ENSG00000181396",269,253,269,297,328,509,546,587,496,459,378,403,544
"ENSG00000181404",96,207,126,145,146,195,181,175,210,271,318,231,277
"ENSG00000181409",155,138,44,33,27,43,33,42,54,60,122,62,83
"ENSG00000181444",100,129,2,5,0,63,81,83,74,97,50,44,125
"ENSG00000181449",3300,3163,646,439,379,1135,1410,1165,992,850,753,735,961
"ENSG00000181450",409,614,425,423,335,540,218,488,497,420,344,387,390
"ENSG00000181458",218,242,683,627,609,1098,770,856,920,677,897,700,655
"ENSG00000181467",340,390,657,639,563,628,455,623,631,650,613,520,776
"ENSG00000181472",276,151,334,251,228,367,275,313,310,358,322,258,357
"ENSG00000181481",88,61,79,110,148,233,240,293,203,5,13,24,50
"ENSG00000181513",71.99999,67,309,260,178,222,200,240,260,134,139,93,133
"ENSG00000181523",195,141.99999,672,603,480,757,404,651,822,1012,1472,1009,921
"ENSG00000181541",882,1114,0,8,3,36,20,41,112,416,848,505,575
"ENSG00000181544",398.99998,512.00001,272,264,236,446,284,362,375,325,267,247,276
"ENSG00000181555",2956,2774,1386,1314,1137,1862,836,1718,1646,1724,1660,1602,1805
"ENSG00000181588",476,607,42,22,23,46,30,32,40,37,27,22,32
"ENSG00000181610",674,759,1701,1713,1487,1446,2314,1232,1125,1266,1206,1378,1275
"ENSG00000181619",93,104,6,7,10,18,6,4,9,13,20,21,23
"ENSG00000181638",207,174,375,336,337,269,261,343,406,404,417,334,446
"ENSG00000181649",92,24,90,123,162,47,70,37,55,7,10,12,8
"ENSG00000181652",19,17,41,32,47,82,37,63,101,44,57,32,38
"ENSG00000181666",427.99999,578,882,876,665,1359,989,1185,1171,1294,1335,1158,1216
"ENSG00000181690",388,445,325,292,294,900,489,619,872,695,667,686,620
"ENSG00000181704",415,468,1646,1395,1153,1747,1460,1250,1328,1517,1464,1493,1464
"ENSG00000181722",1746,1667,77,73,66,237,123,222,225,1395,1957,1150,996
"ENSG00000181744",303,647,243,368,394,698,373,529,458,378,266,357,563
"ENSG00000181751",148,180.00001,604,683,501,797,688,636,684,1695,1651,1750,1347
"ENSG00000181754",77,71,31,47,25,59,63,79,54,127,89,116,193
"ENSG00000181773",24,28,422,444,387,295,208,241,294,128,126,139,218
"ENSG00000181788",171,178,127,70,79,80,80,78,91,61,85,55,97
"ENSG00000181789",396,451,5262,4390,3708,4866,2857,4364,4891,5551,5743,4346,4839
"ENSG00000181790",71,28,37,24,17,26,17,40,44,39,22,23,40
"ENSG00000181804",26,27,35,20,17,14,13,22,15,99,167,104,95
"ENSG00000181817",402,425,1255,977,966,1017,1635,903,982,1035,1011,1015,973
"ENSG00000181826",230,196,264,302,299,506,235,391,423,347,313,286,376
"ENSG00000181827",1002,921,851,877,699,958,512,842,750,1078,917,778,990
"ENSG00000181830",118,107,396,274,227,263,249,308,372,343,412,263,393
"ENSG00000181852",364.99999,437,1228,1177,1069,1255,1279,1111,1167,1375,1470,1256,1127
"ENSG00000181856",21,20,185,191,133,148,102,190,174,97,99,63,75
"ENSG00000181873",216,214,199,215,133,353,246,227,314,249,271,200,300
"ENSG00000181894",182,221,119,98,104,204,207,250,248,192,160,211,207
"ENSG00000181896",166,139.00001,694,705,558,446,341,361,369,269,231,325,311
"ENSG00000181904",723,851,262,287,279,495,399,365,372,744,643,935,854
"ENSG00000181915",296,319,152,129,105,156,153,140,110,134,63,77,116
"ENSG00000181924",611.99999,552,2218,1817,1642,1327,1717,1385,1247,1125,1075,1083,1063
"ENSG00000181929",374.99999,491,958,867,743,753,807,574,617,1339,1266,1365,1215
"ENSG00000181938",179,192,309,250,259,308,289,324,266,510,338,401,433
"ENSG00000181965",22,14,1,2,1,1,0,1,0,947,863,964,1460
"ENSG00000181982",229,188.00001,64,41,54,70,44,83,55,143,117,85,122
"ENSG00000181991",636,659,921,728,727,841,1130,797,799,1194,1336,1204,1189
"ENSG00000182004",3456,2962,6674,6819,5538,6810,6277,6193,5961,5514,4125,4724,5490
"ENSG00000182010",689,781,534,488,390,932,565,676,719,837,585,635,771
"ENSG00000182013",515,553,810,859,661,1901,1219,1768,1881,3160,3221,2483,2856
"ENSG00000182022",814,655,462,434,376,82,31,102,92,798,999,746,698
"ENSG00000182050",29,55.00001,297,331,263,8,15,4,1,31,32,34,12
"ENSG00000182054",1304,1279,2925,2828,2626,7052,7087,6990,7067,11695,10455,10216,13364
"ENSG00000182087",510,499,247,151,214,171,237,263,231,156,244,187,271
"ENSG00000182093",969.00001,1193,841,791,664,1478,1171,1224,1397,1940,1863,1818,1895
"ENSG00000182095",1865,1946.00001,26,31,12,76,69,82,84,323,473,356,455
"ENSG00000182108",262.99999,247,133,128,92,111,134,130,79,87,77,47,147
"ENSG00000182117",1371.99999,1474.00001,3837,3401,3159,2589,3541,2473,2307,2464,2364,2222,2348
"ENSG00000182118",204,235,4,2,0,24,26,12,20,9,24,17,16
"ENSG00000182134",158,186,1032,907,828,1095,715,895,935,997,999,851,944
"ENSG00000182141",338,554,324,279,196,416,206,370,318,285,270,347,318
"ENSG00000182149",1344,1540,4448,3862,3243,6412,4867,6202,6273,4986,5171,4297,4565
"ENSG00000182150",1626,2876.00001,1109,1032,945,1529,628,1211,1220,1485,1499,1288,1334
"ENSG00000182154",701,582,859,783,896,664,1497,762,623,668,658,751,749
"ENSG00000182158",331,478,902,869,752,539,235,433,422,828,715,696,707
"ENSG00000182168",759,481.99999,15,27,10,438,140,221,196,72,84,50,31
"ENSG00000182173",253,232.00001,324,247,333,437,627,527,414,315,299,401,583
"ENSG00000182175",247.99999,65,487,409,383,914,644,1180,1083,1372,1544,1218,1540
"ENSG00000182180",1227,1265,3610,3435,2804,3107,2812,2873,2975,3247,3018,3023,3254
"ENSG00000182183",26,30,17,8,13,15,24,23,27,23,22,23,17
"ENSG00000182185",769,897,142,126,131,367,351,291,322,354,352,331,335
"ENSG00000182195",482,434,1000,750,772,931,761,826,898,1188,1387,946,1115
"ENSG00000182196",1941.99999,1789.99999,2170,1770,1767,2288,3264,2195,2065,2763,2574,2461,2924
"ENSG00000182197",1067,1317,283,214,190,243,234,304,255,555,493,405,495
"ENSG00000182199",709.00001,652,7169,5847,5360,4342,4268,4257,4377,6000,5026,4610,5854
"ENSG00000182208",290,232,184,172,142,220,170,227,253,311,321,247,287
"ENSG00000182220",992.99999,982,8348,8697,6745,9373,6551,6251,7370,6990,6435,7165,6598
"ENSG00000182224",84,39.99999,684,638,524,708,402,563,610,409,349,351,344
"ENSG00000182240",185,198,98,61,78,21,10,11,8,125,88,93,165
"ENSG00000182247",659,1029,1037,930,919,1688,1737,1320,1467,1129,1014,1170,1291
"ENSG00000182253",100,80,39,23,15,15,5,14,17,41,18,17,26
"ENSG00000182255",74,133,0,0,0,33,22,27,30,21,30,16,26
"ENSG00000182263",2475,2424,376,340,281,1027,629,960,939,798,982,738,884
"ENSG00000182272",740,800,206,102,112,137,162,154,129,218,247,171,193
"ENSG00000182287",1616.00001,2019.99999,3428,4368,4711,4978,5245,4217,3519,1753,1240,2284,3128
"ENSG00000182307",727,714.99998,2730,2460,2119,2389,2337,2069,2298,3256,3075,3055,3169
"ENSG00000182310",320.99999,258,62,39,55,58,56,47,51,77,124,92,78
"ENSG00000182318",82,92,253,223,200,284,172,345,348,265,331,222,249
"ENSG00000182324",68,44,8,20,9,19,8,27,22,50,43,48,79
"ENSG00000182325",154.00001,136.00001,93,65,81,29,47,35,31,52,52,34,43
"ENSG00000182326",45.00001,69.00001,434,395,300,61,26,42,39,70,107,137,97
"ENSG00000182329",32,17,13,12,11,24,9,15,16,32,39,35,27
"ENSG00000182359",137.99999,186,124,100,88,170,235,131,118,219,172,199,174
"ENSG00000182362",525.99999,392.99999,329,332,290,379,384,343,401,383,341,312,410
"ENSG00000182372",170.99999,162,1281,1064,970,586,334,542,550,495,564,458,507
"ENSG00000182389",117.00003,147,75,64,53,219,161,186,235,225,265,238,200
"ENSG00000182400",312,371.99999,537,557,388,630,457,410,512,713,639,667,611
"ENSG00000182405",58,40,54,43,42,66,39,50,41,90,93,127,82
"ENSG00000182446",944,793,959,561,661,577,713,715,561,678,562,515,704
"ENSG00000182463",116,98,21,22,15,58,42,59,85,327,412,292,236
"ENSG00000182472",23.99998,29,180,97,105,100,91,102,90,9,2,2,3
"ENSG00000182473",1078.00001,1131.00001,2327,2108,1922,2812,1750,2954,2991,4115,4691,3281,3695
"ENSG00000182481",3035,3547.99999,29703,27048,23647,28910,24910,24362,25814,28621,24862,23533,25096
"ENSG00000182492",34,127,148,135,83,103,35,104,107,82,48,47,59
"ENSG00000182504",539.99999,745.00002,258,283,231,604,358,459,485,895,825,768,715
"ENSG00000182512",1083,1089,230,154,168,243,343,197,218,174,141,172,211
"ENSG00000182518",255,365.00001,464,424,369,614,690,584,556,950,888,1001,928
"ENSG00000182534",857.00001,723.99999,232,178,156,320,411,289,261,422,507,516,485
"ENSG00000182541",655.00001,372,1830,1652,1224,2051,1314,2186,2202,1760,1940,1429,1634
"ENSG00000182544",181,190,690,689,617,670,551,745,807,632,721,484,678
"ENSG00000182551",549,570,1309,1173,1065,1165,1425,943,967,629,683,767,675
"ENSG00000182552",269.99999,359,695,793,684,853,715,589,669,843,694,906,901
"ENSG00000182566",19,33,10,5,17,2,0,0,3,29,19,3,9
"ENSG00000182568",671,871,460,457,368,675,383,600,605,576,538,398,530
"ENSG00000182580",171,149,79,43,32,263,181,241,280,922,787,690,690
"ENSG00000182601",23,21,54,43,41,9,14,9,11,18,8,16,12
"ENSG00000182606",1327.99999,1418.00001,1015,863,848,802,423,716,754,869,922,735,759
"ENSG00000182612",127,154.00001,29,22,19,40,32,34,46,47,66,59,61
"ENSG00000182621",219,146,337,349,287,230,104,171,224,114,100,84,98
"ENSG00000182628",1550,1832.99999,1115,1193,966,1485,1305,1342,1311,3089,2686,3197,3393
"ENSG00000182636",1166,1185,242,176,178,342,530,307,312,664,642,590,978
"ENSG00000182667",162.99999,226.99999,231,195,177,195,113,172,132,151,138,107,166
"ENSG00000182670",8162.99999,8160,1048,873,1036,3315,2000,2708,2331,7619,7330,6265,9687
"ENSG00000182674",213,103,9,5,3,2,0,0,1,78,107,51,58
"ENSG00000182685",66,74,26,14,13,22,30,39,22,36,35,28,23
"ENSG00000182704",188,196,691,592,649,517,362,579,511,644,701,556,814
"ENSG00000182712",203,225,115,125,86,162,208,191,142,79,71,96,82
"ENSG00000182718",3728.99999,2661,6345,5601,4702,1804,2197,1460,1541,3651,4370,4184,3296
"ENSG00000182732",47,101,15,13,3,1,7,5,0,37,47,24,39
"ENSG00000182749",105,103,116,79,70,62,58,61,63,51,74,65,34
"ENSG00000182752",42,20,54,40,22,125,54,150,156,2222,2040,1654,2657
"ENSG00000182768",1310,3182,4336,3687,3638,4944,4474,4553,4610,7624,7795,6479,6339
"ENSG00000182774",24131.00001,29298,10602,9337,9574,9000,12664,9995,8288,6406,6140,6304,6487
"ENSG00000182809",947,1273.99999,158,133,143,117,171,137,156,2585,2828,2332,2518
"ENSG00000182810",112,94,955,838,803,970,1077,938,1165,778,764,682,816
"ENSG00000182827",597,668,219,218,188,179,186,207,146,198,121,133,168
"ENSG00000182831",1008,1224,768,854,618,1288,766,1087,1145,1062,1062,822,1033
"ENSG00000182853",24,65,10,7,10,21,30,20,16,7,7,5,7
"ENSG00000182858",370,272,1352,1174,954,1190,729,1085,1267,878,997,674,862
"ENSG00000182870",34,26,14,8,5,20,15,23,27,15,8,18,15
"ENSG00000182871",1469.00001,657,1319,1036,1253,849,712,1059,844,634,703,639,1078
"ENSG00000182872",911,754,2390,2020,1811,2359,1769,2456,2693,3415,3431,2493,2964
"ENSG00000182899",18615,21600.00001,11341,9978,9771,8418,11488,8249,7095,7502,7241,7147,7090
"ENSG00000182901",122.99999,191,57,78,78,21,12,11,6,58,81,112,117
"ENSG00000182902",38,21,41,33,32,57,57,29,36,10,18,14,10
"ENSG00000182903",778,1121.00001,2133,2099,1626,1286,680,1146,1187,970,850,765,744
"ENSG00000182916",705,732,393,380,271,1311,1787,895,929,3619,3165,4211,3930
"ENSG00000182919",558,893,542,551,532,618,692,456,520,820,778,879,934
"ENSG00000182923",877.99998,1028.99999,489,447,454,660,395,639,657,917,976,732,801
"ENSG00000182934",663,596,2694,2280,2004,2122,1383,1921,2103,2469,2368,1863,2000
"ENSG00000182944",2961.00001,2693,18039,15458,12996,16243,11461,15516,17029,25224,24957,20453,22599
"ENSG00000182952",521,629,1445,1423,1121,1750,1963,1333,1603,1668,1483,1646,1555
"ENSG00000182957",713,1215,810,917,722,1194,395,895,1078,2622,2753,2102,2071
"ENSG00000182963",633,758.99999,1712,1652,1500,1980,1188,2028,1779,1204,1066,1015,1641
"ENSG00000182968",203,41,0,0,0,2,0,1,1,470,311,321,457
"ENSG00000182973",1886.00001,2023.99999,1508,1429,1095,1698,1223,1439,1431,1708,1425,1453,1452
"ENSG00000182979",1239.00002,2252,257,210,230,241,215,235,238,255,248,179,272
"ENSG00000182985",3699,3480,644,570,550,7663,4128,5424,6193,4645,5700,4824,4602
"ENSG00000182986",329.00001,433.00001,730,827,640,878,501,806,760,750,721,749,719
"ENSG00000182993",46,49,88,46,69,157,226,180,108,116,132,139,143
"ENSG00000183010",633,587.00001,6140,4768,4271,3732,3750,4065,4412,3256,3053,2518,3210
"ENSG00000183011",1410,1658,842,611,666,546,1277,535,558,1247,1368,1234,1192
"ENSG00000183018",96,142,9,3,7,7,19,11,4,20,22,15,25
"ENSG00000183020",1056.99999,866,504,436,473,745,469,864,826,1710,1754,1346,1758
"ENSG00000183023",1246.99998,683,38,52,40,256,95,171,136,623,792,517,483
"ENSG00000183032",68,110,221,180,218,111,99,97,84,139,120,113,133
"ENSG00000183036",177,395,46,55,44,19,35,29,20,437,440,481,310
"ENSG00000183044",1945.00001,3124.99999,187,169,134,163,120,162,182,4438,5003,3490,3693
"ENSG00000183048",284.00001,229,497,473,500,442,569,526,513,463,350,378,619
"ENSG00000183049",284,340,191,144,117,272,181,223,242,494,493,404,471
"ENSG00000183060",217,304,409,412,415,480,327,445,385,430,511,355,462
"ENSG00000183067",19,26,94,68,85,18,9,11,9,50,34,41,52
"ENSG00000183077",360,451.99999,460,370,406,592,705,579,570,336,327,364,376
"ENSG00000183087",323,268,150,93,106,73,57,65,58,58,58,45,50
"ENSG00000183091",150,159,175,123,132,22,8,21,16,25,62,35,25
"ENSG00000183092",210,114.99999,10,4,8,34,28,41,42,43,24,28,40
"ENSG00000183098",1229,1796,1514,1543,1168,1302,583,1041,1092,3964,3923,3493,3346
"ENSG00000183111",35,22,26,11,11,26,33,35,38,19,21,15,17
"ENSG00000183117",31.00001,73,39,19,16,6,0,0,1,5,5,2,2
"ENSG00000183137",566.99999,713.99999,303,263,232,535,398,427,411,618,517,575,564
"ENSG00000183145",14,26,14,18,14,149,101,123,70,3,0,8,1
"ENSG00000183150",83.99999,49,344,286,274,719,630,610,639,400,453,374,418
"ENSG00000183155",426,283,324,312,270,493,503,488,462,511,496,476,443
"ENSG00000183161",282,343,943,846,799,1282,968,1063,1054,1357,1215,1168,1275
"ENSG00000183172",1250,1325,584,461,479,364,475,393,360,1183,1264,1190,1033
"ENSG00000183186",79,60,17,5,5,45,47,46,29,20,44,36,50
"ENSG00000183196",51,48,507,525,438,561,409,523,501,198,141,153,143
"ENSG00000183207",958,973.99999,6924,5374,5298,5542,5908,5104,5222,5027,5059,4410,4678
"ENSG00000183208",90,83,58,38,47,51,52,35,70,74,57,46,61
"ENSG00000183230",70.00002,82,274,249,196,107,61,75,113,41,46,59,27
"ENSG00000183248",713,556,268,224,246,383,239,435,440,463,381,224,425
"ENSG00000183255",2059,2153,6815,5959,5043,8302,7271,6335,8166,9666,10775,8942,9268
"ENSG00000183258",559.99998,504,2485,1993,1809,3248,2565,3021,3303,2119,2256,1687,1910
"ENSG00000183273",28,47,17,14,28,7,6,3,3,65,87,104,94
"ENSG00000183281",15,23,16,12,15,21,5,15,30,23,30,26,27
"ENSG00000183283",912.99999,1018.00001,1196,1068,909,1507,1322,1361,1479,4602,5044,4639,4076
"ENSG00000183287",20,25,277,266,233,259,124,324,378,20,58,39,32
"ENSG00000183291",1592,1707,1934,1833,1568,1965,2877,1562,1544,1693,1437,1999,1785
"ENSG00000183307",88,70,66,30,47,54,60,60,66,94,122,98,96
"ENSG00000183309",219,257,504,566,470,1041,672,926,877,682,741,736,677
"ENSG00000183317",34,54,18,22,25,26,22,24,34,28,42,29,16
"ENSG00000183323",140,208,48,36,53,83,55,49,65,49,73,73,48
"ENSG00000183337",625.99999,986,1462,1329,1128,1746,928,1826,1724,1655,1687,1268,1421
"ENSG00000183340",76,137,103,111,87,169,73,155,172,177,158,153,162
"ENSG00000183346",26,154,0,1,0,0,3,2,3,40,28,40,30
"ENSG00000183354",911,997.00001,249,225,194,289,208,299,280,436,368,332,396
"ENSG00000183386",67,82.00001,452,310,347,241,257,283,273,180,194,138,179
"ENSG00000183401",97.99999,78.99999,59,29,37,96,89,77,97,101,136,90,91
"ENSG00000183426",172,192,987,610,705,652,468,644,642,427,631,372,478
"ENSG00000183431",1016,1253,7657,7226,5937,6964,5247,6327,6831,6010,5247,4934,5450
"ENSG00000183439",108,56,10,30,14,38,11,24,22,26,31,33,24
"ENSG00000183474",141,120.00001,929,867,760,966,855,816,856,749,729,781,838
"ENSG00000183475",202,192,352,386,317,714,416,541,550,647,539,606,565
"ENSG00000183479",24,31,73,32,51,4,17,27,6,32,14,20,70
"ENSG00000183495",1724,1226.99999,725,668,545,624,462,680,598,692,711,506,639
"ENSG00000183496",288,315,53,38,47,70,77,85,45,102,132,90,202
"ENSG00000183508",44,31,38,60,30,36,25,42,27,33,31,19,46
"ENSG00000183513",511,736,810,760,698,1087,1524,937,883,1323,1255,1585,1227
"ENSG00000183520",645,683.00001,1557,1380,1283,1288,1232,1244,1254,1198,1118,1115,1275
"ENSG00000183527",422.99999,423,1588,1420,1296,1669,2404,1338,1507,1375,1161,1423,1438
"ENSG00000183530",515,728,2604,2729,2114,5782,2451,5264,5161,2901,2684,2081,2231
"ENSG00000183569",49,42,22,12,5,31,36,15,26,15,22,16,18
"ENSG00000183570",557.00001,577,82,65,56,43,73,70,22,64,61,84,143
"ENSG00000183576",523,537,1076,1060,987,1089,956,1185,998,748,724,764,801
"ENSG00000183579",364,423,252,160,181,145,107,120,171,295,313,303,255
"ENSG00000183580",711,574,80,53,73,89,82,108,118,213,226,168,177
"ENSG00000183597",299,249,421,294,346,332,334,314,309,407,443,416,423
"ENSG00000183598",142,42,15,15,22,33,46,26,20,16,8,20,18
"ENSG00000183605",216,225.99999,577,582,458,421,529,483,430,389,314,334,309
"ENSG00000183617",452,426,675,501,532,547,1032,449,481,747,734,852,762
"ENSG00000183621",228,277,69,39,30,322,236,290,276,419,410,394,354
"ENSG00000183624",531.99999,573,1138,1141,997,1593,1094,1475,1431,1455,1611,1390,1638
"ENSG00000183647",87,106,174,197,192,281,241,194,236,225,175,201,217
"ENSG00000183648",1680,1709,897,758,759,915,1202,864,727,1047,1005,885,985
"ENSG00000183655",188,182,586,469,468,731,464,723,690,970,903,681,783
"ENSG00000183665",102,130,241,189,189,248,272,261,270,215,158,140,177
"ENSG00000183682",27,28,29,31,18,28,13,22,27,12,19,14,20
"ENSG00000183684",1282,1408,207,118,111,129,199,103,133,140,132,104,135
"ENSG00000183688",332,400,278,209,189,145,148,147,156,127,150,90,151
"ENSG00000183690",29,46,110,84,70,73,74,41,65,157,140,143,126
"ENSG00000183696",223,76.00001,790,618,603,504,1046,562,499,631,664,659,524
"ENSG00000183715",455,346,52,65,55,33,17,43,27,79,157,160,92
"ENSG00000183718",115.00001,316,202,177,148,260,123,237,265,320,357,279,254
"ENSG00000183722",278,193,178,165,132,475,357,313,371,1308,1018,1020,1076
"ENSG00000183723",208,225,512,382,374,299,190,319,212,310,274,275,257
"ENSG00000183726",947,1017,3374,3061,2544,3692,3431,2843,3318,2931,2713,2744,2763
"ENSG00000183735",498.99999,614.99998,915,888,747,1303,642,1138,1187,514,500,459,490
"ENSG00000183741",757,639.99999,224,202,244,256,144,302,306,248,337,187,340
"ENSG00000183751",328,275,4108,3475,2992,2498,1944,2539,2971,2891,3005,2333,2575
"ENSG00000183762",360,334,67,41,47,67,28,53,68,344,286,250,317
"ENSG00000183763",177.99999,181,703,550,515,906,726,799,841,633,591,561,625
"ENSG00000183765",804,792.99999,2128,1981,1673,1406,1573,1185,1224,900,877,855,905
"ENSG00000183773",113.99999,120.99998,7,19,17,91,131,90,127,4,13,13,13
"ENSG00000183775",125,245,19,5,13,93,43,93,53,83,87,74,68
"ENSG00000183778",52,28,1280,1117,1113,83,45,113,63,156,123,132,155
"ENSG00000183779",194,117,1,4,1,3,1,2,10,126,182,130,141
"ENSG00000183780",382,122,12,10,20,7,9,14,16,46,25,22,58
"ENSG00000183798",84,198,56,23,32,76,86,44,78,130,124,100,76
"ENSG00000183808",1479,825,1452,1345,1143,2030,1020,1681,1616,1578,1500,1359,1470
"ENSG00000183814",651,1009.99999,357,331,335,452,416,420,415,606,469,551,577
"ENSG00000183826",328,493,137,109,121,288,110,230,192,829,829,557,724
"ENSG00000183828",254,263.99999,446,402,428,973,1707,1142,932,497,447,531,668
"ENSG00000183831",75,155,47,46,22,127,101,96,76,214,163,192,229
"ENSG00000183833",333.99998,806,73,62,67,325,177,291,319,698,571,480,591
"ENSG00000183837",83,71,157,164,181,274,195,288,248,495,521,467,619
"ENSG00000183850",190,296,230,283,239,494,259,353,471,410,272,364,419
"ENSG00000183853",861,572.99999,1080,1018,905,2235,1102,2039,2165,2473,2663,1960,2213
"ENSG00000183856",312,293,558,568,465,733,288,754,760,972,1089,637,1033
"ENSG00000183864",640,669,1117,1315,1104,1672,915,1695,1538,1143,1199,890,1209
"ENSG00000183873",286.00001,146,120,126,165,375,210,396,353,157,201,170,261
"ENSG00000183876",92,22,25,14,27,57,75,94,45,33,21,23,81
"ENSG00000183889",53,36,556,314,349,433,308,451,539,495,565,460,349
"ENSG00000183891",266,172,146,152,113,158,123,124,164,255,261,286,220
"ENSG00000183908",73,72,23,46,29,110,57,81,80,149,178,121,131
"ENSG00000183914",49,48,12,8,5,11,18,18,31,10,29,8,6
"ENSG00000183943",406,543,1875,1542,1414,796,531,786,738,421,516,412,543
"ENSG00000183955",486.99999,551,75,55,107,200,144,162,140,311,292,240,405
"ENSG00000183960",81,124,30,25,40,34,31,24,35,45,56,44,49
"ENSG00000183963",142,130,430,345,380,488,399,475,517,396,543,368,465
"ENSG00000183978",939,927,2117,1688,1620,2472,3570,2294,2129,3545,3653,3624,3424
"ENSG00000184005",329,815,642,624,544,1071,745,731,877,1449,1471,1578,1585
"ENSG00000184007",2170.99999,2695,1803,1541,1384,2101,1733,1958,1745,1976,1807,1670,2179
"ENSG00000184009",28552.99999,29674.00001,97905,84016,73427,89712,65175,84409,84840,106277,111495,91337,92544
"ENSG00000184014",1241.00002,1280.00001,671,459,467,936,835,924,909,1189,1166,1009,1062
"ENSG00000184047",605,727,2200,1891,1763,2469,3702,2176,2347,3181,2780,3366,2791
"ENSG00000184056",215,186,623,605,566,594,506,595,580,574,570,540,464
"ENSG00000184060",24,30,8,14,10,26,22,17,18,9,12,2,3
"ENSG00000184076",2818,3119,3717,2967,2960,3779,4577,3580,3396,4494,4626,4361,4214
"ENSG00000184083",212.00001,195,79,37,53,139,85,122,81,135,70,98,131
"ENSG00000184110",89,91,20550,17679,15611,15442,10292,16138,16155,15591,14573,11208,13320
"ENSG00000184113",466,469,132,24,39,47,132,71,144,46,119,48,33
"ENSG00000184117",1701,1846,8750,7156,6308,11788,11991,10648,11364,10275,9738,9316,9253
"ENSG00000184144",1559,1823,137,92,87,144,141,343,306,1852,2405,1805,3108
"ENSG00000184154",354,321.99999,106,124,105,262,377,295,288,464,463,431,440
"ENSG00000184156",36,21,12,15,10,47,47,56,35,579,449,374,415
"ENSG00000184162",123,114,508,401,410,290,406,316,363,191,166,195,191
"ENSG00000184163",58,24,17,3,7,26,15,20,18,8,16,27,26
"ENSG00000184164",333,282,145,119,189,138,221,195,109,117,92,156,392
"ENSG00000184178",240,218,540,397,402,329,240,273,297,486,401,382,426
"ENSG00000184182",650.00001,682.00001,1137,1053,1003,1165,1630,1078,1012,1117,1065,1175,1109
"ENSG00000184185",58,32,13,12,5,20,17,13,11,34,39,21,28
"ENSG00000184194",584,561,30,32,43,54,32,36,49,142,163,108,121
"ENSG00000184203",600,772,1087,1142,955,1194,879,906,997,1549,1338,1508,1407
"ENSG00000184205",230.00001,151.00001,288,289,277,818,481,791,830,458,523,416,413
"ENSG00000184207",681,632,227,142,154,153,186,152,172,114,111,71,134
"ENSG00000184209",306,311,348,324,331,596,440,517,478,553,611,481,488
"ENSG00000184216",92,58,373,190,229,123,147,159,138,93,94,51,69
"ENSG00000184220",797.00001,909,981,916,832,909,941,772,788,1084,979,862,1078
"ENSG00000184226",2077,1550,20,10,15,142,66,79,106,709,1337,928,548
"ENSG00000184232",448,291,9,4,12,18,14,17,4,277,229,249,234
"ENSG00000184254",899.99999,93,248,215,182,142,56,138,154,509,1224,1272,569
"ENSG00000184260",572,586,7,15,9,37,67,46,32,38,38,58,45
"ENSG00000184261",323,148,202,174,160,109,27,82,77,131,158,81,127
"ENSG00000184271",74,73,101,74,42,42,23,13,22,77,104,56,72
"ENSG00000184277",570,617,748,625,559,1079,1103,813,948,1328,1278,1193,1235
"ENSG00000184281",291,236,910,684,650,914,1078,978,1007,1169,1309,968,1001
"ENSG00000184302",3850,4556,3,1,1,532,251,328,282,66,232,128,81
"ENSG00000184304",278,430.99999,20,12,22,132,98,99,102,164,140,159,150
"ENSG00000184305",88,92,37,14,8,3,1,0,12,195,196,136,158
"ENSG00000184347",92,107,19,4,18,45,31,38,40,106,192,111,100
"ENSG00000184349",6839,6084,406,399,346,2194,960,1753,2201,2677,3505,2503,3217
"ENSG00000184357",1414,1161,58,37,38,124,278,131,102,125,124,147,142
"ENSG00000184368",77,31,49,39,36,148,55,149,114,60,53,28,75
"ENSG00000184371",103,89.00001,171,119,100,61,64,79,83,42,26,33,25
"ENSG00000184381",220,217.00001,260,222,282,458,284,430,518,454,474,313,416
"ENSG00000184384",1311,1006,56,35,36,25,7,36,31,155,235,195,179
"ENSG00000184402",578,559,165,104,128,199,129,150,253,205,284,209,248
"ENSG00000184408",13,43,147,167,85,28,36,25,24,17,14,15,22
"ENSG00000184428",258,117,1053,835,857,481,429,590,634,409,471,342,383
"ENSG00000184432",1542.99999,1987,5983,5782,4619,6398,4265,5281,5703,6527,6239,5705,5780
"ENSG00000184436",409,368,496,386,331,629,639,624,744,868,960,681,830
"ENSG00000184445",870,857,1179,1251,1161,2093,1043,1904,2006,1760,1447,1359,1509
"ENSG00000184451",26,45,13,27,21,40,54,40,57,19,27,16,33
"ENSG00000184465",411.99999,657.99999,531,489,596,827,456,758,930,852,882,778,733
"ENSG00000184470",49,146.99999,428,362,371,110,129,156,141,83,111,97,89
"ENSG00000184481",74,60,120,128,124,124,47,129,106,71,82,60,56
"ENSG00000184486",73,34,0,2,1,21,12,13,9,535,393,439,415
"ENSG00000184489",284.00001,218,879,705,729,934,879,908,977,821,825,681,835
"ENSG00000184497",42,16,39,42,33,71,71,48,96,56,48,48,45
"ENSG00000184500",486,570.99999,26,17,34,403,344,332,348,184,207,268,370
"ENSG00000184508",121,97.99999,648,527,479,550,743,612,579,467,407,499,473
"ENSG00000184517",420,469,297,286,254,525,421,407,456,749,728,700,863
"ENSG00000184524",81,67,93,61,48,72,109,105,120,544,533,366,448
"ENSG00000184545",183,168,2,5,3,20,18,15,13,184,183,123,163
"ENSG00000184557",139,77,90,77,85,37,59,56,27,30,30,40,119
"ENSG00000184575",1332,1550,4242,4795,4241,3953,2288,3518,3423,3942,3192,3454,4448
"ENSG00000184588",153.99999,235,273,291,250,502,263,291,340,1262,1344,1126,913
"ENSG00000184602",760,1061,619,519,489,992,1021,1034,839,939,850,751,1095
"ENSG00000184611",21,78,17,5,8,21,1,14,17,135,127,104,115
"ENSG00000184613",3308.00001,4061,1975,2064,1544,3286,1798,2689,3000,10059,11198,8644,9263
"ENSG00000184616",38,33,13,2,31,23,4,29,34,10,33,14,19
"ENSG00000184619",201.00001,352,250,246,220,479,279,376,427,561,666,555,493
"ENSG00000184634",499.00001,526,1187,1126,919,1892,820,2016,2017,2425,2972,1956,2004
"ENSG00000184635",240,383,2916,2694,2136,2543,1827,2258,2504,1246,1031,1151,1153
"ENSG00000184640",1668,1579.00001,1787,1664,1565,2253,1694,2486,2343,1100,1116,872,1351
"ENSG00000184661",544,759,1880,1762,1543,2464,1619,2319,2491,1615,1396,1281,1529
"ENSG00000184672",360,3642,0,0,0,0,0,3,1,34,36,42,57
"ENSG00000184675",76,130,46,63,56,77,50,66,69,58,42,38,68
"ENSG00000184677",362,410,620,639,557,741,313,799,787,1235,1259,923,999
"ENSG00000184678",192,179,104,64,64,165,96,125,102,1180,1070,805,797
"ENSG00000184697",143,56,18026,16355,14803,8531,6028,7506,8869,729,535,461,791
"ENSG00000184702",35,19,52,33,58,54,63,65,47,182,179,152,162
"ENSG00000184708",748,601,669,709,597,927,542,982,930,1338,1327,1374,1285
"ENSG00000184719",54,62,264,205,212,256,242,172,173,123,67,121,103
"ENSG00000184743",236.99999,231,801,772,716,969,593,779,920,212,170,153,207
"ENSG00000184752",1290,1586,1681,1632,1385,1780,1659,1685,1750,2010,1892,1793,2038
"ENSG00000184785",63,23,86,83,75,29,27,27,16,53,49,51,49
"ENSG00000184786",89,114,99,103,67,93,74,79,68,97,110,113,86
"ENSG00000184787",856.99999,855.99999,2692,2423,2162,2461,1773,2399,2549,2539,2577,2065,2490
"ENSG00000184788",92,220,32,22,24,20,12,8,10,50,60,34,27
"ENSG00000184792",425.00001,269,121,162,166,69,59,60,116,302,246,222,283
"ENSG00000184831",979,942.00001,2132,1782,1706,1660,1580,1506,1373,2683,2411,2390,2578
"ENSG00000184838",55,28,4,11,9,10,15,12,13,24,17,27,37
"ENSG00000184840",1687,1507,3899,3154,2968,2874,2800,2500,2735,3392,3557,2546,2942
"ENSG00000184857",146,141,794,655,562,656,654,582,586,548,557,522,470
"ENSG00000184863",1272,1351.00001,1122,800,787,1293,822,1298,1183,1090,1318,941,986
"ENSG00000184867",384.00001,443,1189,969,897,1256,977,1098,1185,803,712,568,726
"ENSG00000184887",202,189,45,23,27,8,51,41,28,26,29,28,41
"ENSG00000184897",3850,3848,231,150,207,405,575,499,361,870,713,770,989
"ENSG00000184898",29,61,36,36,21,45,18,23,11,29,23,22,22
"ENSG00000184900",1586,1397,1715,1637,1399,2605,3192,2221,2499,3250,2914,3054,3481
"ENSG00000184903",326,1253,238,224,177,250,290,232,227,275,329,312,260
"ENSG00000184905",135,203,283,229,193,683,502,623,556,274,283,267,247
"ENSG00000184916",56,56,57,50,46,97,59,95,64,33,27,37,36
"ENSG00000184922",34,14,63,53,38,38,41,60,58,24,31,18,38
"ENSG00000184924",606,846,1016,887,889,805,1262,948,850,1008,959,934,871
"ENSG00000184939",1175,1244,577,527,476,1464,872,1259,1470,1349,1370,1256,1345
"ENSG00000184949",936,1319.00001,125,70,107,188,119,208,152,483,525,409,428
"ENSG00000184956",58,36,1,0,1,79,6,53,73,5,7,0,2
"ENSG00000184967",235,202,1558,1187,1178,999,839,1147,1175,1322,1233,1005,1261
"ENSG00000184979",27,23,169,184,152,92,45,89,56,51,62,49,40
"ENSG00000184983",2237,2763,3139,2768,2596,3398,5287,3316,3077,3984,3818,3850,3767
"ENSG00000184985",1191,1014,22,8,14,140,138,140,163,224,327,204,227
"ENSG00000184988",40,69.00001,52,23,21,79,37,59,43,15,11,23,11
"ENSG00000184990",1800.99999,1835,4122,3138,3207,3574,5837,3422,3613,4394,4203,4293,4555
"ENSG00000184992",474,410,299,285,269,123,84,89,137,356,271,193,377
"ENSG00000185000",249.99999,226,136,56,59,74,114,104,84,110,96,111,158
"ENSG00000185008",3928.00001,2502,192,221,194,995,587,824,853,686,780,701,542
"ENSG00000185009",648,884,2254,2100,1914,3242,1900,2670,3075,3951,3636,3325,3652
"ENSG00000185010",19.00001,39,94,85,70,205,131,243,253,139,122,125,147
"ENSG00000185015",95,140.00001,40,42,31,47,30,45,33,92,81,98,64
"ENSG00000185019",168,149,457,345,347,641,366,573,684,765,887,714,776
"ENSG00000185022",65,41,18,9,17,13,17,8,5,22,32,22,28
"ENSG00000185024",504.00001,434.99999,102,95,68,139,127,166,176,212,234,156,197
"ENSG00000185033",438,415.99999,596,576,621,575,521,693,529,511,608,593,1019
"ENSG00000185043",496.00001,474.99999,677,519,502,313,336,312,306,880,891,770,770
"ENSG00000185046",517,743.99999,29,19,25,80,35,69,37,257,353,207,273
"ENSG00000185049",727,764.99999,1186,1047,893,1448,1043,1478,1573,1648,1738,1079,1487
"ENSG00000185055",84,117,52,47,30,16,38,28,19,31,22,36,37
"ENSG00000185070",882.00001,652.00001,112,97,83,227,162,184,175,160,249,293,139
"ENSG00000185085",222,117,1002,1041,997,1336,1147,1520,1452,846,820,811,1018
"ENSG00000185088",1645.00001,2058.00001,3054,2644,2438,889,1151,874,795,1560,1664,1551,1546
"ENSG00000185090",117,168,23,12,22,8,5,3,1,57,87,53,87
"ENSG00000185100",134,121,58,45,64,314,301,322,237,113,70,91,231
"ENSG00000185104",591,908,296,201,205,337,380,270,251,322,320,380,352
"ENSG00000185112",88,85,17,19,16,28,31,29,26,21,14,23,29
"ENSG00000185115",344,352,115,85,84,148,317,168,149,154,128,157,295
"ENSG00000185122",807.99999,732.99998,435,375,561,761,602,973,722,628,595,602,1073
"ENSG00000185127",369,289,946,1027,834,1016,759,841,807,718,634,828,705
"ENSG00000185129",412,300,73,58,60,93,58,77,75,92,117,85,106
"ENSG00000185133",75,79,213,155,131,146,125,169,149,263,346,207,232
"ENSG00000185158",340,393.99999,74,57,74,123,116,120,131,243,244,202,222
"ENSG00000185163",194,168,250,152,183,185,163,160,182,157,187,148,173
"ENSG00000185164",162.99999,194,2653,2926,2771,3723,2161,3191,3146,1997,1911,1797,2388
"ENSG00000185187",231,162.99999,870,718,697,258,242,253,287,1136,1135,1088,1117
"ENSG00000185189",166.99999,218.00001,62,55,54,57,32,66,50,72,96,68,71
"ENSG00000185201",2574,1203.00003,7613,6903,6248,2426,2124,2256,2045,378,597,439,353
"ENSG00000185219",482.00001,556.00001,829,990,662,1891,767,1793,1827,1841,2061,1523,1567
"ENSG00000185220",113,146,292,242,203,278,241,243,324,255,210,145,188
"ENSG00000185222",2021,2018.00001,1322,1327,1119,2281,1888,1795,1787,2114,1786,1790,2093
"ENSG00000185236",1358,1427,1048,874,913,1115,884,1270,1255,1459,1804,1233,1752
"ENSG00000185238",492,247.99999,753,696,743,724,532,569,582,855,669,766,746
"ENSG00000185246",935.99999,1031.99999,693,740,602,987,664,934,963,943,853,953,909
"ENSG00000185250",283,397,13,23,20,66,73,43,57,201,137,203,299
"ENSG00000185252",299.99998,272,1407,1280,1177,1401,1015,1349,1471,1379,1474,1067,1257
"ENSG00000185261",190,354,102,131,83,79,85,52,53,53,70,80,100
"ENSG00000185262",583,658,23,14,8,21,21,17,10,40,38,37,35
"ENSG00000185272",33,45,48,42,32,81,45,45,55,32,49,60,58
"ENSG00000185274",62,44,682,469,389,87,117,84,147,259,235,219,175
"ENSG00000185278",203,282,329,297,240,423,199,349,377,286,325,270,269
"ENSG00000185298",336,389,1229,1023,1001,919,743,1180,1186,640,639,445,578
"ENSG00000185305",229.00001,372,559,465,384,530,310,414,429,569,474,533,594
"ENSG00000185324",392.99999,478.99999,1922,1408,1452,1323,1211,1366,1668,1476,1753,1333,1753
"ENSG00000185338",16,18,67,50,43,34,18,33,15,2,6,3,3
"ENSG00000185339",325.00001,309,3233,2727,2341,3743,2942,3134,3686,1382,1530,1233,1469
"ENSG00000185340",75.99999,33,28,19,40,24,22,24,15,34,25,25,41
"ENSG00000185344",420.00001,471.99999,414,361,323,269,345,282,268,169,170,145,230
"ENSG00000185345",268.99999,570.99999,65,32,30,133,70,108,143,228,332,184,202
"ENSG00000185347",228.99999,187.00001,267,267,237,290,406,458,407,290,244,267,420
"ENSG00000185352",17,21,20,6,14,22,12,17,20,26,20,25,30
"ENSG00000185359",850,772.00001,2630,2012,1923,2571,1893,2762,2864,2994,3574,2731,2963
"ENSG00000185361",207,123,233,198,202,378,226,352,353,387,327,318,358
"ENSG00000185379",370,377,516,475,329,621,603,531,568,771,800,693,781
"ENSG00000185386",65,115,0,0,4,5,2,8,7,88,95,54,94
"ENSG00000185414",624.99999,653,1597,1412,1315,1713,1883,1551,1624,1412,1321,1350,1407
"ENSG00000185418",734,520.00001,148,157,176,371,221,359,331,327,326,366,508
"ENSG00000185420",727,725,874,820,851,1655,1740,1421,1425,1412,1430,1314,1231
"ENSG00000185432",52.00001,77,773,730,635,26,14,23,21,14,20,25,9
"ENSG00000185437",104,74,196,131,154,220,329,180,166,148,111,98,129
"ENSG00000185442",116,96,153,136,118,107,97,94,115,98,75,72,100
"ENSG00000185453",209,219,45,56,41,46,37,61,76,70,77,51,61
"ENSG00000185475",456,427,1448,1102,953,1437,1640,1239,1403,1003,1020,1075,962
"ENSG00000185477",69,121,30,52,50,49,28,61,47,180,173,154,157
"ENSG00000185480",584,694.99999,1149,1148,917,1146,1010,827,938,889,684,827,866
"ENSG00000185483",432,456,1144,1070,915,435,331,414,484,182,221,129,202
"ENSG00000185499",126,73,22,17,17,43,57,48,38,24,22,13,21
"ENSG00000185504",429.00001,327.99999,1011,851,923,1068,844,1240,1139,1413,1329,1340,1914
"ENSG00000185507",90,77,137,134,136,161,108,107,117,196,231,162,163
"ENSG00000185513",292,359.99999,416,356,326,563,222,498,668,367,488,335,312
"ENSG00000185515",425,627,1203,1127,1111,1312,875,1178,1149,1059,1044,857,996
"ENSG00000185518",31,22,22,24,18,20,4,33,29,29,55,69,38
"ENSG00000185519",99,60,12,2,7,44,48,51,37,37,32,48,60
"ENSG00000185532",698,2868,384,404,278,368,143,266,338,171,187,170,167
"ENSG00000185551",1003,1399,0,2,0,67,45,72,103,402,656,404,478
"ENSG00000185559",724.99999,312,41,32,56,29782,29646,28158,23345,21967,13557,19455,54692
"ENSG00000185561",89,75,67,55,82,86,57,94,90,70,101,72,93
"ENSG00000185565",3313,2961,33,44,45,659,428,520,607,1464,1681,1168,1176
"ENSG00000185567",95,44,47,41,62,106,69,108,106,92,223,92,105
"ENSG00000185585",17,18,162,146,105,164,109,176,144,39,40,20,59
"ENSG00000185591",582,594,1420,1342,1272,2314,1185,2173,1834,1915,1820,1523,1730
"ENSG00000185608",479,408,480,476,441,480,640,476,447,812,841,917,760
"ENSG00000185619",908.99999,848.99999,802,678,595,1007,703,780,865,954,1236,972,906
"ENSG00000185621",145,253,222,244,181,369,196,341,381,405,409,313,360
"ENSG00000185624",2282,1898,9901,8778,8799,10422,9044,9917,10771,7233,7376,6256,7411
"ENSG00000185627",1083.00001,1185.00001,4486,4028,3680,4407,5692,3740,4205,4479,4476,5002,4295
"ENSG00000185630",2172,1810,1997,1639,1563,2006,1487,1982,1729,4940,5237,4084,4619
"ENSG00000185633",37,19,32,43,25,184,154,218,191,66,28,63,24
"ENSG00000185634",17,43,21,27,32,39,32,33,33,117,116,99,93
"ENSG00000185650",4896,4856,2618,2203,2146,5596,3610,5993,6061,9630,9287,7436,8755
"ENSG00000185651",1138,1032,5143,4453,4015,4483,3555,3973,4161,5292,5038,4265,4958
"ENSG00000185652",50,78,13,21,12,269,277,307,288,75,91,62,62
"ENSG00000185658",2459,2870,878,722,696,1060,712,1128,878,676,606,611,677
"ENSG00000185664",1984.00001,3076.00001,9062,7585,6515,13960,14715,11821,14061,8751,17611,15907,12120
"ENSG00000185666",55,61,1137,977,863,681,331,589,510,440,543,378,412
"ENSG00000185668",230,165,143,76,102,263,218,334,323,4,12,13,12
"ENSG00000185669",46,24,332,259,230,57,23,42,70,46,40,17,23
"ENSG00000185670",87.99999,98,1087,971,819,441,366,514,525,222,257,179,205
"ENSG00000185697",822,1101.99999,90,129,72,237,125,177,139,141,146,169,183
"ENSG00000185716",258,303,62,62,37,60,62,49,56,49,41,33,47
"ENSG00000185721",808,889,3117,2886,2439,3032,3730,2583,2825,2748,2611,2727,2612
"ENSG00000185722",1008.00001,974,1972,2100,1620,3108,1372,3034,3187,3714,3770,2767,3042
"ENSG00000185728",858.00001,1166,2704,3169,2539,3800,1958,2971,3407,2863,2557,2623,2431
"ENSG00000185730",160,189,150,137,214,230,152,221,207,145,164,139,286
"ENSG00000185736",55,42,33,43,23,14,19,25,19,33,41,35,42
"ENSG00000185737",233,695.99999,17,12,8,27,24,27,23,33,32,22,38
"ENSG00000185739",16,15,7,3,2,11,2,4,1,20,45,20,37
"ENSG00000185745",28,81,129,89,89,712,858,467,478,236,222,232,263
"ENSG00000185753",131,149,224,219,190,412,259,379,338,295,317,290,370
"ENSG00000185774",85.00001,96,4,0,0,0,5,5,0,50,96,140,71
"ENSG00000185787",3935.99999,4205.00001,11917,11517,10107,15846,16599,13263,13858,14736,14400,14470,15989
"ENSG00000185798",122,120,311,313,246,395,386,392,383,238,233,211,212
"ENSG00000185800",485,381,99,44,68,94,90,127,94,169,156,139,163
"ENSG00000185803",209,246.99999,1409,1183,1208,995,755,922,1068,759,759,749,992
"ENSG00000185808",415.00001,396.00001,211,220,206,220,182,200,208,242,210,220,205
"ENSG00000185813",167.99999,221,208,189,298,269,562,380,291,203,215,239,395
"ENSG00000185818",294,204,272,195,145,107,98,112,168,146,157,131,162
"ENSG00000185825",1217.00001,1322,4690,3939,3784,3442,3473,2919,3315,2721,2949,2287,2528
"ENSG00000185829",237,151,741,587,500,597,411,404,530,668,758,582,659
"ENSG00000185838",205.00001,76,438,340,363,205,200,220,235,290,311,201,279
"ENSG00000185842",2272.00001,3922,322,307,275,288,287,217,276,212,229,210,249
"ENSG00000185869",45,120,46,16,19,37,20,22,32,23,49,23,21
"ENSG00000185875",101,124,460,454,400,948,643,723,831,671,649,557,610
"ENSG00000185880",250,337,438,369,299,58,58,45,63,1407,1070,1313,1428
"ENSG00000185883",2013,1734,1001,996,959,833,574,777,868,911,865,615,867
"ENSG00000185885",1088.99999,1584,38604,31754,26788,5887,4751,4771,4927,429,728,626,470
"ENSG00000185896",752,750,256,176,181,141,97,135,163,131,131,113,116
"ENSG00000185900",614,764,1772,1993,1536,2720,980,2435,2330,2777,2815,2321,2231
"ENSG00000185909",826,1139,484,405,378,1071,834,939,927,6079,5926,5121,4872
"ENSG00000185917",405.00001,319,565,475,452,391,442,495,454,723,757,607,584
"ENSG00000185920",422.00001,354.00001,394,343,273,2965,2052,2767,2806,552,740,544,564
"ENSG00000185924",92,83,0,0,0,48,61,34,44,82,42,35,109
"ENSG00000185942",543.99999,1871,201,123,121,521,336,549,466,3645,3210,2643,2833
"ENSG00000185946",499,768.00001,205,248,196,351,256,338,289,273,425,326,317
"ENSG00000185947",78,134,555,616,491,498,343,408,380,398,364,363,353
"ENSG00000185950",236,135,223,198,122,234,152,197,217,164,185,191,230
"ENSG00000185963",410,432,399,439,434,683,421,738,554,686,517,554,1121
"ENSG00000185973",273,289,357,284,222,366,351,307,258,590,563,590,568
"ENSG00000185989",214,173,230,189,196,126,77,107,100,285,267,235,281
"ENSG00000186001",1803,1605,1235,1049,940,1430,771,1391,1528,1707,1799,1482,1599
"ENSG00000186007",92,50,29,34,24,140,189,168,118,393,389,472,394
"ENSG00000186010",3720,4242,7138,5266,5343,6927,13280,6225,6229,7415,7545,7860,6861
"ENSG00000186017",301,391,317,284,266,353,231,304,321,385,285,323,339
"ENSG00000186020",369,668,233,247,195,282,158,262,284,314,250,264,285
"ENSG00000186047",30,18,31,23,38,16,17,13,9,21,22,32,49
"ENSG00000186051",19,23,14,3,2,1,4,4,6,39,35,30,22
"ENSG00000186063",533,638,1636,1464,1334,1762,1571,1396,1450,1187,953,1105,1102
"ENSG00000186073",201.00001,376,496,478,441,472,295,394,420,653,635,593,593
"ENSG00000186104",259.00001,313,297,287,226,408,439,394,386,513,443,399,477
"ENSG00000186106",503,690,530,613,496,979,888,640,788,1515,1405,1720,1400
"ENSG00000186111",911,593,317,245,283,509,471,751,532,313,366,321,615
"ENSG00000186130",108,118,122,161,86,239,144,223,228,221,196,199,201
"ENSG00000186132",139,196,66,61,82,105,133,118,102,154,179,100,167
"ENSG00000186141",464.99998,491.99998,1370,1270,1065,1433,1075,1469,1279,1469,1461,1367,1384
"ENSG00000186153",1320,1173.99998,313,302,241,890,601,729,904,1406,1346,1239,1321
"ENSG00000186166",351.00001,327,407,324,314,233,185,218,225,227,271,247,226
"ENSG00000186174",670,475,396,313,268,242,151,269,252,181,183,116,172
"ENSG00000186184",893.99999,999,2470,2082,1899,1973,2320,1806,1825,1429,1370,1366,1325
"ENSG00000186185",409.00001,456,965,844,776,1186,770,1203,1350,1307,1186,953,1190
"ENSG00000186187",489,470,252,138,220,207,243,238,211,274,236,229,270
"ENSG00000186193",220,235,483,261,272,157,200,129,123,196,200,189,220
"ENSG00000186197",53,47,176,166,145,125,65,93,81,19,42,34,27
"ENSG00000186205",195.99999,237.99999,238,164,159,95,71,83,85,113,107,68,145
"ENSG00000186222",367,302,50,50,42,77,64,70,51,41,42,22,33
"ENSG00000186230",128,221,365,339,349,298,266,290,258,287,227,238,262
"ENSG00000186231",78,108,17,13,12,22,27,14,10,130,107,141,92
"ENSG00000186260",1318.00001,1067.00001,844,802,677,1422,589,1241,1252,1601,1594,1159,1194
"ENSG00000186272",97,94,219,211,159,335,299,281,276,348,272,272,200
"ENSG00000186280",52,84,157,132,144,186,111,190,199,327,330,341,374
"ENSG00000186283",242,249,800,774,678,882,949,763,733,1072,835,1112,1172
"ENSG00000186298",1755.00001,1750.99999,7380,7513,6087,9389,10468,7278,7591,6288,4667,7081,7913
"ENSG00000186300",139,124,327,253,252,637,519,457,609,548,539,584,516
"ENSG00000186310",410,486,1714,1721,1299,1261,834,975,1074,1971,1785,1898,1684
"ENSG00000186314",357.00001,289.99999,384,333,325,678,613,553,636,394,374,325,403
"ENSG00000186318",405.99999,447,125,109,110,276,210,209,179,424,380,340,362
"ENSG00000186340",89,169.99999,1197,1145,1103,89,39,78,76,1099,800,676,1125
"ENSG00000186350",309,317,270,167,136,357,339,389,361,329,374,243,332
"ENSG00000186352",90,86,186,102,110,1577,3061,966,1234,269,241,285,225
"ENSG00000186364",30,18,64,43,37,90,83,103,103,82,91,59,58
"ENSG00000186376",165,141,257,265,145,355,210,273,312,323,399,313,305
"ENSG00000186395",1164,1218,101,125,145,232,407,283,173,211,173,239,344
"ENSG00000186399",19,18,19,8,17,15,10,9,9,30,70,34,15
"ENSG00000186409",614,980.99999,62,45,55,154,68,111,120,450,344,354,418
"ENSG00000186416",169,178,133,90,106,149,152,153,110,133,116,97,139
"ENSG00000186432",1979,1857.00001,1342,1558,1411,2096,1278,1777,1669,2135,1935,2057,2390
"ENSG00000186448",552.00001,431,392,510,376,776,367,649,679,864,873,817,860
"ENSG00000186462",85,60,184,198,132,129,85,129,96,149,139,116,121
"ENSG00000186468",21528.99999,27977.99999,19741,17803,16242,18508,18589,19082,16870,13426,12741,12332,12663
"ENSG00000186469",248.00001,394,317,365,255,1517,967,1150,1232,1896,2068,1764,1797
"ENSG00000186470",42,36.00001,167,158,133,143,101,86,118,76,54,32,47
"ENSG00000186472",782.00001,636,279,200,192,275,132,201,208,575,688,511,458
"ENSG00000186479",32,36,16,41,39,22,27,36,43,96,107,111,135
"ENSG00000186480",412.99999,506,1660,1811,1656,4083,3339,2713,3212,2385,2182,2582,2878
"ENSG00000186487",98,188.99999,46,26,45,41,18,33,32,102,168,117,83
"ENSG00000186496",38,47,45,22,17,96,58,44,59,145,134,154,121
"ENSG00000186501",448,411.00002,830,711,587,1067,1090,1013,1165,1630,1719,1478,1566
"ENSG00000186517",56,52,48,69,63,146,60,108,119,64,98,68,62
"ENSG00000186522",1015,1426.99999,1560,1608,1336,2278,1708,1752,1866,1406,1114,1279,1444
"ENSG00000186523",24,21.99999,231,260,258,129,124,132,154,350,259,184,257
"ENSG00000186532",326,268,773,673,719,1243,740,1228,1220,795,732,635,770
"ENSG00000186566",1745.99999,1448.99998,1708,1551,1454,1894,1070,1754,1803,2589,2577,1823,2144
"ENSG00000186567",48.99999,40.99999,21,7,15,23,12,16,32,23,34,19,26
"ENSG00000186575",968,1017.99999,1943,1834,1653,1542,905,1631,1662,1892,2014,1580,1938
"ENSG00000186577",275,193,218,156,176,230,301,173,240,311,420,338,299
"ENSG00000186591",803,896.00001,909,709,700,1157,888,1104,901,852,845,733,786
"ENSG00000186603",12,31,222,223,215,44,78,63,72,94,63,72,83
"ENSG00000186625",327,349.00001,726,635,566,651,694,512,613,682,581,644,729
"ENSG00000186628",44,95,20,14,15,34,17,24,12,26,39,38,13
"ENSG00000186635",241,210,886,715,758,444,356,583,553,816,988,660,779
"ENSG00000186638",368,707,280,342,247,619,304,501,543,936,921,712,853
"ENSG00000186642",20,18,140,112,85,59,53,77,90,340,374,357,317
"ENSG00000186648",78,89.00001,39,44,42,7,21,16,36,58,75,67,62
"ENSG00000186654",707.00001,1085.99999,96,57,46,163,129,174,156,136,160,150,140
"ENSG00000186660",880,1034,283,254,233,384,275,354,290,524,484,440,674
"ENSG00000186665",207,246,213,169,194,204,264,197,195,202,170,208,264
"ENSG00000186666",89,98,132,93,107,255,296,178,205,221,267,228,249
"ENSG00000186684",252,339,55,42,37,112,95,106,142,254,294,197,233
"ENSG00000186687",347,433,515,562,457,533,388,460,465,516,459,508,583
"ENSG00000186716",659,676,1521,918,900,753,751,844,691,490,566,446,362
"ENSG00000186732",81,58,2,0,0,87,60,71,54,665,656,595,714
"ENSG00000186767",220,228,744,690,563,791,418,540,621,644,472,525,611
"ENSG00000186787",164.99999,186,197,178,144,306,324,278,273,375,263,260,312
"ENSG00000186792",42.00001,82,190,165,120,117,105,113,116,273,267,171,190
"ENSG00000186806",108,94,342,269,240,326,216,356,359,245,249,244,283
"ENSG00000186812",537.99999,604,858,734,625,1521,962,1269,1158,577,761,547,622
"ENSG00000186814",183.99999,296,361,375,231,567,367,501,442,583,666,508,564
"ENSG00000186815",261.99999,159.00001,405,347,441,376,215,364,337,150,153,132,237
"ENSG00000186834",382,388,231,184,166,454,343,388,435,225,266,196,243
"ENSG00000186854",13,19,77,68,102,148,99,156,196,103,119,108,169
"ENSG00000186862",94,31.00001,37,29,42,14,19,12,30,30,22,17,24
"ENSG00000186866",234.00001,237.99999,220,260,216,534,352,517,571,210,287,256,326
"ENSG00000186868",350.99999,330,34,14,13,77,63,103,82,517,669,445,435
"ENSG00000186871",188,238,610,843,512,936,514,873,813,507,380,355,392
"ENSG00000186889",81,84,54,48,49,73,87,37,79,203,221,205,212
"ENSG00000186907",112,171,27,25,9,16,14,14,29,14,8,11,9
"ENSG00000186908",814,904.99999,626,643,517,1469,683,1017,1168,1650,1640,1463,1519
"ENSG00000186918",775,493,532,495,420,925,627,850,875,1208,1247,840,1193
"ENSG00000186951",191.99999,141,103,89,67,98,68,103,57,91,113,74,103
"ENSG00000186952",1066,2026,14,12,6,38,22,24,18,85,78,74,62
"ENSG00000186973",249,354,36,29,33,30,23,19,21,76,85,91,77
"ENSG00000186976",427,506,19,27,20,39,34,44,36,159,168,113,96
"ENSG00000186998",447,471.99999,25,19,30,64,77,56,66,589,598,538,644
"ENSG00000187010",16,41,31,27,36,28,25,19,13,35,29,31,20
"ENSG00000187017",172.99999,152.99999,58,40,60,48,58,54,35,33,18,9,18
"ENSG00000187024",165,197.99999,191,188,194,146,198,161,99,153,179,212,273
"ENSG00000187049",275,345,1025,898,812,1223,1671,1129,1199,838,762,926,815
"ENSG00000187051",844,765,1439,966,1045,1069,1683,992,1049,998,963,904,884
"ENSG00000187068",32,36,42,27,25,138,100,158,167,96,73,91,114
"ENSG00000187079",1572.00001,2752,877,755,675,1635,949,1496,1319,1252,1222,1017,973
"ENSG00000187091",106,166.00001,579,468,427,2001,1563,1832,1969,1231,1290,848,1123
"ENSG00000187094",43,20,19,12,14,6,3,5,13,25,56,46,27
"ENSG00000187097",225,187,221,176,167,302,162,242,287,361,309,306,388
"ENSG00000187098",317,1356.00001,20,16,12,3,5,3,10,334,594,506,377
"ENSG00000187109",13289.00001,15178.99998,8227,7776,6624,9342,7340,8042,8364,9863,8629,8422,10028
"ENSG00000187118",593,638,623,612,593,453,536,412,406,443,438,408,434
"ENSG00000187122",410,543,15,11,19,32,35,63,43,555,948,641,944
"ENSG00000187123",915,670,151,139,149,169,106,135,109,419,352,394,473
"ENSG00000187134",59,70,22,27,39,52,50,48,40,164,265,234,201
"ENSG00000187147",450,449.99998,719,513,566,514,480,409,432,391,406,418,442
"ENSG00000187164",746,531,183,248,201,1106,490,789,780,487,628,442,632
"ENSG00000187186",230,208.00001,89,60,49,137,269,179,157,200,275,225,228
"ENSG00000187187",291.99999,330,102,90,61,167,76,137,180,176,191,170,117
"ENSG00000187189",654,868,533,462,387,1183,597,1119,984,2414,2411,2017,2207
"ENSG00000187193",247,184,4293,3321,3247,451,538,463,397,96,137,104,134
"ENSG00000187210",28,63,425,458,411,614,345,557,658,1013,539,537,781
"ENSG00000187231",913,1744,276,265,187,481,354,409,424,933,857,779,938
"ENSG00000187239",933.00001,1837,702,684,612,968,583,947,853,762,726,609,796
"ENSG00000187240",1093,2584.99999,260,256,215,756,337,613,545,1223,1175,890,880
"ENSG00000187244",221,108.99999,528,417,369,265,134,234,230,89,118,100,91
"ENSG00000187257",1063,1111,334,263,219,430,254,336,376,581,552,553,665
"ENSG00000187260",134,197.99999,44,50,55,129,185,145,91,211,213,274,565
"ENSG00000187266",74.00001,71.99999,355,252,230,343,298,347,421,215,232,199,206
"ENSG00000187323",518,977,47,46,36,155,47,117,98,3408,4473,2367,2541
"ENSG00000187325",540,686,858,851,685,1842,1286,1420,1446,2762,2270,2632,2645
"ENSG00000187372",28,32,34,42,31,12,15,22,18,23,45,25,23
"ENSG00000187391",646,917,305,272,249,118,61,77,61,195,297,233,149
"ENSG00000187398",190,78.99999,41,34,28,19,13,13,10,31,33,23,15
"ENSG00000187416",14,18,1,3,2,7,9,5,5,138,49,128,200
"ENSG00000187446",427,441,2220,2228,1865,2800,1965,2683,2759,2132,2027,1731,2070
"ENSG00000187498",727.99999,590,1410,1410,1444,2117,1017,2150,1933,932,820,821,1278
"ENSG00000187514",8044.00001,9479.99999,30373,26442,27412,31750,39134,29108,28220,24790,21304,18827,21422
"ENSG00000187522",371,371,962,1020,873,894,956,783,758,767,657,797,758
"ENSG00000187531",101.99999,127.99999,134,104,144,160,230,174,181,86,112,88,113
"ENSG00000187535",513.99999,593,976,968,824,2336,1173,2343,2408,3200,3324,2224,2965
"ENSG00000187555",1471,1408.99999,1712,1523,1240,1372,1098,1354,1163,1251,1132,911,1138
"ENSG00000187595",65,67,108,123,113,328,232,319,336,278,261,271,399
"ENSG00000187601",628,633,427,326,338,749,727,707,690,1543,1627,1493,1310
"ENSG00000187605",864,819,401,244,288,440,189,410,308,679,940,567,604
"ENSG00000187607",610,766.99999,2285,2305,1905,2829,1714,2646,2769,2006,2052,1639,2030
"ENSG00000187608",70,72,749,538,515,452,747,446,511,96,101,83,87
"ENSG00000187609",666.99999,538.99999,243,161,138,328,326,343,411,350,440,276,375
"ENSG00000187624",129,156,9,8,7,11,16,10,17,33,34,20,41
"ENSG00000187626",115,98,233,252,207,338,281,313,312,303,307,279,184
"ENSG00000187630",55,118,211,180,175,244,260,242,239,146,178,170,167
"ENSG00000187634",906.99999,539.99999,0,1,0,4,9,6,5,13,29,28,25
"ENSG00000187672",1264,1159.00001,215,157,155,187,94,176,156,342,281,238,255
"ENSG00000187676",290,396,68,32,42,136,120,123,120,652,476,591,842
"ENSG00000187678",218,282,2742,2402,2101,813,418,718,574,11,9,14,11
"ENSG00000187699",248,429,9,8,16,19,7,7,12,32,26,35,12
"ENSG00000187713",399,495,167,104,121,146,283,213,105,104,114,107,157
"ENSG00000187720",36,105.99999,80,93,81,62,27,48,55,200,209,156,198
"ENSG00000187735",790.00002,1106,3926,4003,3336,4930,3808,3756,4039,3639,3170,3513,3487
"ENSG00000187736",178,193,1004,811,723,1191,1043,1135,1111,1248,1091,1011,1128
"ENSG00000187741",1755,1238.00002,1463,1318,1069,1171,625,1094,1311,1727,1626,1209,1427
"ENSG00000187742",1053,1000.99999,1765,1650,1416,2354,1607,2069,2153,2091,1931,1733,1911
"ENSG00000187764",438.00001,550,682,522,485,499,486,472,531,398,392,287,331
"ENSG00000187772",265.99999,165,2307,2560,1902,2733,1461,2251,2331,1477,1265,1283,1595
"ENSG00000187773",546,527,0,0,0,4,15,1,5,56,90,52,66
"ENSG00000187775",29,52,48,48,42,31,19,38,19,33,45,32,37
"ENSG00000187778",567.00001,588.99999,2897,2264,2246,2357,2139,2272,2433,2579,2833,2050,2383
"ENSG00000187790",1049,954,315,318,299,544,279,450,546,540,495,409,442
"ENSG00000187792",268,235,98,78,102,144,127,146,166,124,123,111,139
"ENSG00000187801",64,91,173,182,144,279,122,268,191,185,164,127,156
"ENSG00000187815",134,85,45,58,53,82,118,116,71,87,49,74,140
"ENSG00000187824",114.99999,109.99999,119,118,105,35,38,47,60,46,33,52,39
"ENSG00000187837",2536,2064,101,110,66,248,255,214,221,579,563,459,459
"ENSG00000187838",268,216,1063,777,723,711,599,792,760,460,507,480,488
"ENSG00000187840",712,619,4385,3114,3099,2369,2802,2734,2882,2583,2250,1924,2619
"ENSG00000187860",349,278.00001,191,148,157,289,330,282,270,587,576,552,520
"ENSG00000187866",501,917,405,312,270,470,447,420,390,538,533,501,506
"ENSG00000187867",113,95,110,73,73,123,113,140,144,53,26,45,41
"ENSG00000187902",45,47,18,5,14,5,5,16,13,51,30,20,48
"ENSG00000187954",355,325,305,173,164,217,212,198,268,207,279,142,159
"ENSG00000187957",195,270,44,34,32,11,19,17,17,310,353,271,250
"ENSG00000187961",91,108,62,39,49,26,48,44,44,34,47,31,39
"ENSG00000187987",197,322,53,63,36,92,53,73,113,190,144,133,137
"ENSG00000188010",400,479,241,228,169,385,446,352,321,683,601,728,692
"ENSG00000188021",600,651,1373,1480,1382,2309,1214,2193,2127,2588,2393,2306,2942
"ENSG00000188026",843.99999,639,49,18,33,27,64,35,81,93,126,96,68
"ENSG00000188033",98,142,222,259,237,323,193,316,359,449,511,379,331
"ENSG00000188042",1107,632,189,108,155,1050,922,986,955,828,649,715,802
"ENSG00000188051",44,73,25,12,21,26,24,18,38,80,57,56,49
"ENSG00000188060",52,49,75,81,72,28,42,36,16,61,26,27,54
"ENSG00000188064",37,14,19,8,23,29,20,27,24,410,326,322,483
"ENSG00000188070",512,563,245,181,143,215,211,247,169,291,233,226,205
"ENSG00000188092",276.00001,250,436,419,391,496,547,428,455,567,447,465,491
"ENSG00000188107",102,52,6,8,6,9,5,11,5,25,32,23,18
"ENSG00000188112",32,17,503,409,379,126,120,120,105,23,60,48,40
"ENSG00000188130",335,279,194,97,102,64,155,106,64,360,397,317,370
"ENSG00000188152",59,78,35,23,24,8,3,9,9,10,13,3,9
"ENSG00000188153",2533.99999,3169.99999,1711,1600,1434,3498,1361,2901,3369,7201,6868,5206,5654
"ENSG00000188157",920,676,593,463,453,360,219,435,506,469,550,347,437
"ENSG00000188158",967,446,197,147,107,103,37,69,71,293,219,228,236
"ENSG00000188167",66,68,80,79,46,68,21,87,52,84,74,66,51
"ENSG00000188171",219,460,300,338,219,294,208,247,276,245,230,279,248
"ENSG00000188176",28,20,34,37,33,179,125,132,141,68,70,46,50
"ENSG00000188177",492,560,221,222,153,321,176,265,296,366,340,284,335
"ENSG00000188186",1221.99999,1182.00001,3909,2838,3017,2900,5481,2958,2663,2646,2716,2851,2556
"ENSG00000188191",185.99999,205,640,540,527,295,262,372,340,218,265,218,279
"ENSG00000188211",59,37,93,95,64,14,6,29,13,935,651,466,820
"ENSG00000188215",158,140,406,365,291,603,333,572,516,238,216,188,229
"ENSG00000188227",278,338.99999,235,161,179,343,149,247,236,171,226,175,182
"ENSG00000188229",4791,4597,9999,7724,7126,9565,9371,9248,9801,13015,11680,10347,11104
"ENSG00000188234",79,107,167,124,111,204,121,130,198,183,223,193,173
"ENSG00000188243",2319,2911.00002,1474,1255,1304,1871,2239,2012,1571,1919,1823,1705,1645
"ENSG00000188266",45.00001,39,80,61,55,68,34,51,62,71,96,85,73
"ENSG00000188283",237,211,98,114,96,221,129,163,142,189,168,216,155
"ENSG00000188290",1195,1351,0,0,0,0,5,2,0,28,54,38,49
"ENSG00000188295",183,222,407,393,333,549,463,456,468,478,472,437,487
"ENSG00000188312",226,242,253,239,191,307,281,287,307,374,380,326,344
"ENSG00000188313",221.99999,311.99999,1033,859,762,215,205,205,215,274,190,208,217
"ENSG00000188315",85,92,40,45,33,57,21,53,52,64,68,53,72
"ENSG00000188316",56,110,13,2,11,40,28,37,27,65,97,55,72
"ENSG00000188322",876,926,626,452,397,465,335,446,416,484,538,415,457
"ENSG00000188338",57,63,38,48,34,135,95,93,191,261,296,167,204
"ENSG00000188342",614,839,1256,1189,970,1170,1126,1047,1054,1161,962,1035,1041
"ENSG00000188343",965.00001,1466.99999,407,330,332,578,615,526,490,1139,1053,1119,1239
"ENSG00000188352",1092,1184,2328,2368,1910,3375,1645,2976,3036,3761,3743,3014,3410
"ENSG00000188368",35,25,83,77,63,72,61,66,59,72,77,43,69
"ENSG00000188385",68,24,49,49,41,10,16,18,19,11,23,24,17
"ENSG00000188419",697,363.00001,373,397,328,479,198,333,390,437,481,467,431
"ENSG00000188428",331,415.99999,658,697,614,1024,842,817,883,945,738,967,966
"ENSG00000188452",211.99999,274,3,2,0,6,3,7,1,62,80,62,96
"ENSG00000188467",61,88,0,0,6,5,6,4,5,44,60,73,79
"ENSG00000188483",356,369,5,1,5,38,30,24,54,104,91,77,106
"ENSG00000188486",1479,1362,253,185,222,381,782,484,373,495,427,414,756
"ENSG00000188493",200,164,957,783,757,1311,865,1329,1362,1246,1387,1100,1343
"ENSG00000188501",68,72,172,169,149,536,457,447,513,109,94,79,95
"ENSG00000188505",27,108,11,6,12,95,83,88,75,20,25,44,64
"ENSG00000188517",1431.99999,2487.99999,132,146,121,227,104,145,176,200,166,150,164
"ENSG00000188529",2111,2729.99999,5039,4796,4062,5394,4135,4551,4872,5708,4874,4919,5600
"ENSG00000188542",123,132,34,35,51,42,67,50,30,93,82,118,143
"ENSG00000188554",632.99999,678,1717,1799,1489,2623,1303,2291,2526,3189,3170,2685,2542
"ENSG00000188559",1039,1078,360,350,333,490,291,453,418,610,632,448,667
"ENSG00000188566",361,165,453,428,416,393,234,425,490,454,485,350,525
"ENSG00000188580",55,73,51,29,56,42,14,28,26,61,43,47,38
"ENSG00000188596",185,534.00001,59,55,44,58,23,46,43,119,176,116,137
"ENSG00000188603",321,311.99999,659,488,548,513,408,485,611,822,906,658,788
"ENSG00000188610",25,40,531,551,374,669,414,499,572,501,455,476,451
"ENSG00000188611",120,192,86,87,48,100,40,67,67,79,83,91,65
"ENSG00000188612",5805,7354,9142,8585,7690,13065,11982,10711,11142,11427,10058,10041,10953
"ENSG00000188613",105,140,27,20,13,25,38,30,30,13,26,26,17
"ENSG00000188636",471,491,992,994,899,1619,1119,1789,1663,3107,3041,2646,3475
"ENSG00000188641",157,193,2,3,6,5,6,2,4,213,335,263,208
"ENSG00000188643",441,144,751,505,440,571,714,514,504,130,168,112,85
"ENSG00000188647",1085,1543.99999,579,567,524,553,303,414,376,541,379,495,453
"ENSG00000188659",49.99999,116,32,22,28,12,20,16,24,62,54,60,64
"ENSG00000188677",139,42,95,78,72,62,44,47,68,44,31,30,28
"ENSG00000188687",371,253,17,26,25,33,16,16,19,56,77,47,33
"ENSG00000188690",788,679,1284,1057,1049,1957,3240,1904,1933,1959,1784,2023,1923
"ENSG00000188706",468,252,2203,1938,1759,4244,2700,3239,3960,3223,3618,2707,3068
"ENSG00000188725",505,665,1183,1190,959,1393,1004,1225,1124,1561,1180,1380,1433
"ENSG00000188732",237,332,521,503,425,462,392,378,370,371,344,366,329
"ENSG00000188735",209,225,276,248,257,263,208,232,211,160,146,148,175
"ENSG00000188738",815,1251,150,108,129,107,61,112,70,227,309,257,164
"ENSG00000188739",110,103,848,726,617,786,739,758,754,603,609,508,640
"ENSG00000188760",139,85,115,139,122,49,49,64,71,244,303,213,324
"ENSG00000188766",270,207,21,27,28,52,42,40,52,21,21,18,34
"ENSG00000188770",180,116,85,77,70,170,77,151,140,112,192,128,150
"ENSG00000188783",330,120,15,33,11,93,52,100,107,206,237,166,168
"ENSG00000188785",154,161.99999,293,325,256,638,308,502,541,682,639,608,709
"ENSG00000188786",225,221,390,365,303,660,325,570,682,475,535,386,456
"ENSG00000188803",40.99999,34,20,11,8,17,20,16,14,11,26,8,6
"ENSG00000188807",361,318.00001,179,137,178,179,144,198,165,151,145,132,178
"ENSG00000188811",529.00001,573,348,347,289,634,427,477,558,531,592,567,461
"ENSG00000188818",187,369,95,66,76,50,36,74,66,211,162,132,156
"ENSG00000188827",149,131,339,266,270,278,129,262,315,180,143,121,133
"ENSG00000188846",3169,4993.99999,8728,7393,7480,8905,13856,8320,8107,7152,6753,6940,6481
"ENSG00000188848",37,34,447,390,363,258,177,220,199,165,111,135,133
"ENSG00000188859",25,15,34,22,10,5,2,2,2,36,42,39,19
"ENSG00000188868",32,25,271,301,195,219,173,114,165,168,209,163,162
"ENSG00000188878",222,191,346,186,200,335,258,426,481,488,485,329,415
"ENSG00000188895",890.99999,1039.00001,463,343,336,648,591,669,559,714,651,631,802
"ENSG00000188897",113,89,26,26,20,35,15,38,33,7,15,25,13
"ENSG00000188916",157.00001,235,34,22,22,24,8,17,7,7,23,6,7
"ENSG00000188917",266,278,517,475,374,508,323,466,504,605,612,514,575
"ENSG00000188921",75,99,60,54,62,58,59,62,64,55,36,50,25
"ENSG00000188931",18,36,8,6,13,6,13,11,7,18,12,26,30
"ENSG00000188938",713,731,1078,1176,1060,1289,1134,1245,1088,1287,1034,1309,1684
"ENSG00000188976",475,532.99999,5578,4845,4050,3741,2398,3794,4174,3810,4361,2909,3703
"ENSG00000188986",603,609,256,221,215,229,289,261,226,214,190,167,314
"ENSG00000188994",2625,3631.99999,1892,2125,1781,4014,1599,3469,3435,5893,5874,4738,4851
"ENSG00000188997",57,39,68,57,54,94,81,52,61,143,159,78,103
"ENSG00000189007",124,196,323,385,306,406,313,325,380,347,257,274,280
"ENSG00000189042",225,337.99999,278,334,276,579,357,475,494,365,312,363,277
"ENSG00000189043",5985,7092,11553,10506,9748,9566,14997,9730,8239,8992,9067,10429,9683
"ENSG00000189046",348,343.00001,650,468,496,628,776,569,560,834,819,752,754
"ENSG00000189050",246,294,103,93,82,164,149,128,158,318,274,318,304
"ENSG00000189056",3941.99998,5903,14,7,7,10,8,6,1,524,433,365,473
"ENSG00000189057",641,514,494,483,396,542,371,420,421,432,324,307,398
"ENSG00000189060",1087,682,2861,2519,2437,7681,5067,6020,6867,6624,7080,4984,5817
"ENSG00000189067",402.99999,347.99999,2773,2402,2306,6282,4881,6045,6133,1026,1080,965,991
"ENSG00000189077",192.00001,199,508,410,421,420,467,388,464,416,568,401,408
"ENSG00000189079",2646,2192,1907,2022,1551,3484,1624,3046,2900,2943,2939,2589,2635
"ENSG00000189091",1516,1653.99999,11499,11880,9678,12424,6142,12105,12900,15707,14249,11335,13590
"ENSG00000189114",69,45,127,99,92,84,76,97,118,82,80,45,81
"ENSG00000189129",76,48,41,52,69,23,41,28,18,10,6,7,7
"ENSG00000189143",45,34.99999,2237,1811,1485,2405,1540,1665,2041,410,480,330,320
"ENSG00000189144",116,207.99999,340,292,230,363,191,318,329,262,280,271,290
"ENSG00000189157",221.99999,159,62,54,58,112,95,106,82,139,162,132,117
"ENSG00000189159",2307,2220.00001,5861,4499,4555,5827,6433,5594,5714,8438,7729,6943,7049
"ENSG00000189164",83,119,120,83,106,178,136,171,131,185,193,210,207
"ENSG00000189171",1232,749.99999,749,664,595,1009,1484,962,918,524,553,524,489
"ENSG00000189180",996.99999,1081.00001,1456,1507,1160,2227,937,1835,2006,1333,1140,1128,1287
"ENSG00000189184",145,234.99999,1121,1308,794,3792,1681,2708,3252,2034,2309,2098,1715
"ENSG00000189190",53,41,186,195,194,175,95,132,143,126,125,92,119
"ENSG00000189195",256.00001,304,112,108,57,122,61,112,72,269,377,222,247
"ENSG00000189221",72,57,132,108,78,480,258,396,480,234,229,197,178
"ENSG00000189227",253,226,35,59,50,142,190,126,108,129,75,159,126
"ENSG00000189241",840,770,1282,1268,1080,1737,868,1389,1513,1649,1823,1390,1702
"ENSG00000189266",1123,1572.00001,3527,3323,2726,4378,3689,3459,3590,3005,2479,2699,2952
"ENSG00000189283",44,52,46,40,28,83,82,68,36,50,50,40,58
"ENSG00000189298",239,253,434,368,292,544,418,497,567,466,449,371,429
"ENSG00000189306",759,470,2341,1864,1800,1729,1941,1861,1993,1904,2070,1598,1840
"ENSG00000189308",797,966,211,243,201,464,179,338,335,630,562,563,693
"ENSG00000189319",356.99999,282,208,205,146,387,230,425,282,542,718,463,568
"ENSG00000189337",460,717.99999,105,96,87,109,112,112,144,122,135,79,124
"ENSG00000189339",576,576,1795,1729,1542,3479,1699,3401,3497,3266,3649,2988,3335
"ENSG00000189362",82,92,164,176,143,214,117,154,191,135,142,128,177
"ENSG00000189367",65,359,39,29,66,56,28,41,34,166,85,109,198
"ENSG00000189369",336,373,959,885,809,690,585,651,765,967,967,831,880
"ENSG00000189376",440,685,314,373,342,826,1113,719,681,449,426,432,386
"ENSG00000189403",5682,7876,19428,17034,15548,20713,22829,17905,17791,19563,17257,17868,19954
"ENSG00000196072",497,563,1358,1188,1124,1120,1238,985,977,1069,971,1049,995
"ENSG00000196081",187,279,631,629,443,850,464,696,789,558,478,475,613
"ENSG00000196083",54,25,105,132,93,97,54,71,66,57,61,52,47
"ENSG00000196092",22,28,2,0,7,38,12,23,26,58,76,29,62
"ENSG00000196104",34,66,4,7,7,4,0,8,8,68,73,100,58
"ENSG00000196110",65,70,60,80,58,212,99,110,115,180,169,220,203
"ENSG00000196116",644,369,43,72,39,335,152,254,190,136,195,139,140
"ENSG00000196118",94.00001,132,58,25,24,102,70,87,98,113,142,69,118
"ENSG00000196123",321,366.99999,359,286,317,469,337,576,499,851,1148,807,977
"ENSG00000196132",294.00001,295,29,16,19,73,27,84,72,341,517,230,246
"ENSG00000196139",17,23,121,99,89,35,61,42,36,5,13,9,12
"ENSG00000196141",1220,904,1689,1322,1233,90,108,73,84,257,295,236,269
"ENSG00000196150",476,529.99999,452,469,325,892,756,683,793,940,973,760,744
"ENSG00000196151",838,1037,165,178,142,221,182,188,182,201,189,217,194
"ENSG00000196152",102,175,356,282,216,278,179,302,285,257,243,185,242
"ENSG00000196154",1971.00001,556,204,227,193,378,606,337,290,85,74,93,62
"ENSG00000196155",59.00001,33,253,262,271,240,173,265,296,126,111,120,120
"ENSG00000196159",520,804,50,37,30,243,104,225,221,792,939,689,462
"ENSG00000196169",167.99999,97.99999,36,30,22,90,37,83,94,96,84,99,163
"ENSG00000196172",187,262,292,402,274,463,191,384,401,244,208,251,257
"ENSG00000196177",172,153,492,561,419,523,291,376,379,654,666,533,504
"ENSG00000196182",633,559.99999,212,200,276,338,423,526,383,988,752,846,1751
"ENSG00000196187",238.99999,164,1489,1309,1202,282,94,182,236,62,120,75,61
"ENSG00000196189",24,20.00001,643,491,448,131,127,171,144,180,195,139,166
"ENSG00000196199",1335,1536,589,451,424,449,334,490,442,734,769,583,710
"ENSG00000196208",1082,998,317,264,345,590,360,627,517,1296,1198,1105,1618
"ENSG00000196214",416.99999,399.00001,1495,1366,1078,1932,1132,1568,1954,1092,1099,937,1200
"ENSG00000196218",229,308.99999,180,131,182,91,61,135,97,14,24,18,14
"ENSG00000196220",1532.00001,2024.99999,272,218,179,586,380,591,577,1872,2208,1703,1825
"ENSG00000196227",291,348,592,643,615,461,374,438,436,1367,1436,1366,1308
"ENSG00000196230",20873,24446,68394,61394,52758,95452,66207,91013,92630,83084,78092,63842,73939
"ENSG00000196233",1445,1684,1006,1042,903,2084,846,1677,1680,2922,3028,2320,2468
"ENSG00000196235",1089,830,2628,2725,2399,3281,1884,3451,3504,3690,4441,2847,3798
"ENSG00000196236",317,573,666,633,509,736,460,609,716,796,700,661,711
"ENSG00000196247",390.99999,500,392,451,326,429,250,394,390,501,488,423,442
"ENSG00000196262",2002,1883.00001,49859,41867,41050,42978,64314,38119,34715,40120,35068,38434,35845
"ENSG00000196267",73.99999,89,152,162,113,111,72,96,72,110,117,140,114
"ENSG00000196268",140,281.00001,254,182,156,203,87,144,216,162,173,193,153
"ENSG00000196275",84.99999,61,48,38,31,51,75,70,53,76,88,59,116
"ENSG00000196284",443,487,441,352,307,368,387,352,328,508,467,459,518
"ENSG00000196290",436.00001,438,2106,1744,1593,2243,2580,1960,2057,1553,1460,1541,1545
"ENSG00000196296",83,73,58,51,63,56,31,61,67,72,86,24,68
"ENSG00000196305",1732,1638.00003,16897,17419,14164,16153,9690,14645,15994,10727,9294,8702,10166
"ENSG00000196313",831,724,1026,895,990,932,636,1057,975,1000,986,764,1107
"ENSG00000196323",536.99999,613.99999,1220,1102,996,518,275,365,374,552,495,386,537
"ENSG00000196338",144,144.00001,536,455,402,2415,1371,2284,2627,3127,3240,2406,2604
"ENSG00000196345",202,241,285,301,229,430,264,455,414,324,367,252,328
"ENSG00000196352",92.99999,138,464,494,440,418,340,310,356,353,303,371,394
"ENSG00000196353",70,120,59,33,39,87,38,45,49,59,95,57,41
"ENSG00000196357",57,78,113,117,98,184,173,135,151,275,240,218,259
"ENSG00000196358",118,55,1,2,8,2,7,8,9,28,35,24,28
"ENSG00000196361",614,631,5,11,3,3,7,3,10,108,167,77,140
"ENSG00000196363",507,546.99999,489,345,436,467,572,577,437,427,325,396,562
"ENSG00000196365",821,709.00001,2032,2159,2849,2181,1828,2525,2237,1387,1122,1322,2161
"ENSG00000196367",2163,2325.99999,1240,883,925,1099,623,949,938,1494,1398,1029,1111
"ENSG00000196368",376,464,765,829,656,891,813,891,824,1911,1813,2036,2035
"ENSG00000196369",88,144.00001,743,765,699,1798,795,1374,1521,1156,1049,915,1245
"ENSG00000196371",61,59,83,75,68,50,21,36,48,20,40,19,23
"ENSG00000196372",233,108,876,696,599,740,758,684,718,638,672,585,676
"ENSG00000196376",751,539,228,188,165,375,199,313,372,846,686,589,777
"ENSG00000196378",123,160,294,257,184,360,289,300,321,528,466,386,415
"ENSG00000196387",197.99999,532.99999,469,427,382,825,780,576,628,759,652,677,687
"ENSG00000196388",16,28,25,5,8,10,5,5,7,9,25,17,6
"ENSG00000196391",31,32,56,45,29,128,140,81,101,117,123,112,90
"ENSG00000196396",594,496,633,586,524,889,599,786,887,994,1150,951,1125
"ENSG00000196405",1641,1956.99999,178,115,148,388,322,377,339,637,771,598,681
"ENSG00000196411",413.00001,266.00001,713,405,459,389,451,468,453,227,223,123,184
"ENSG00000196417",160,230,620,614,487,646,402,489,673,422,404,353,430
"ENSG00000196418",508,775,435,403,323,385,336,289,242,491,547,561,480
"ENSG00000196419",3797.00001,4368,27131,24501,21300,28292,26646,24942,26011,26889,24970,23206,24490
"ENSG00000196422",260,243,866,747,616,911,526,969,937,729,782,610,649
"ENSG00000196428",673,680.99999,282,268,288,469,337,444,389,580,555,492,699
"ENSG00000196431",13379,9176,57,60,59,357,448,347,345,11,13,24,23
"ENSG00000196437",275,563,441,394,317,664,328,468,568,478,373,379,361
"ENSG00000196440",264.99999,288.00001,141,103,114,213,142,159,233,313,396,301,256
"ENSG00000196449",193,161,93,84,62,36,65,45,39,46,36,23,37
"ENSG00000196453",199,183,7,17,22,14,11,29,19,70,70,28,62
"ENSG00000196455",330,402,1526,1691,1264,1745,710,1567,1685,1378,1339,1136,1186
"ENSG00000196456",317,238,68,47,36,65,49,56,60,110,86,74,86
"ENSG00000196458",313.99999,398.00001,460,469,377,462,264,339,306,441,447,371,367
"ENSG00000196459",286.99999,826,297,304,211,525,440,387,479,654,677,674,596
"ENSG00000196465",1649.99999,1583,2161,1553,1544,3052,4131,2736,2896,2931,2999,2685,2396
"ENSG00000196466",50,44,144,174,125,250,282,215,277,368,313,342,339
"ENSG00000196470",563,661,331,319,360,631,695,626,506,637,594,723,761
"ENSG00000196476",553,484,121,121,133,200,136,187,191,370,412,286,390
"ENSG00000196482",635.99999,1796,76,57,71,235,118,158,169,427,520,408,335
"ENSG00000196497",319.00001,345,4849,4190,3715,2575,1642,2831,3018,2781,2548,1901,2690
"ENSG00000196498",2858.00001,1426.00001,1355,1027,1021,1003,595,1122,1092,640,845,512,705
"ENSG00000196502",42,43,112,53,207,212,167,60,83,105,328,319,248
"ENSG00000196503",71,95,10,5,10,31,36,23,32,36,33,18,24
"ENSG00000196504",3079,3787.99999,6041,5697,4939,6107,4019,5429,5816,4538,4101,3488,4346
"ENSG00000196505",489,496,545,649,451,900,502,659,749,871,745,701,770
"ENSG00000196507",663,948,172,179,160,343,253,361,293,465,576,365,456
"ENSG00000196510",664.99999,848,2574,2479,2121,2414,2234,2138,2339,3110,2785,2774,2929
"ENSG00000196511",82,74,74,76,111,71,83,73,98,55,53,93,59
"ENSG00000196517",220.00001,182,497,363,356,417,314,456,492,425,360,289,417
"ENSG00000196526",886,1121,409,471,405,443,142,445,316,763,940,618,697
"ENSG00000196531",10099.00001,13594,15730,13942,12720,13766,12368,12932,12576,11363,10563,9250,10363
"ENSG00000196535",467.99999,433,1141,1137,1004,1096,482,1125,1094,1383,1717,997,1303
"ENSG00000196544",50,50,94,93,92,147,144,152,120,177,178,208,154
"ENSG00000196547",363.99999,364.99999,306,259,253,139,166,186,247,559,585,431,535
"ENSG00000196549",21,89.00001,485,518,407,81,39,64,79,59,54,46,13
"ENSG00000196550",19,42,458,481,446,585,450,468,487,417,398,391,548
"ENSG00000196557",547.00001,430,85,89,84,137,169,189,159,163,186,140,216
"ENSG00000196562",747.99999,1245.99998,452,440,426,350,189,254,254,940,1001,894,1055
"ENSG00000196569",43,119.99999,35,48,48,34,22,20,8,58,60,47,43
"ENSG00000196576",1100.00001,797,3678,3035,2730,2704,1456,2733,2909,5186,5709,3623,4630
"ENSG00000196581",59,70,54,44,28,7,9,11,3,12,23,6,18
"ENSG00000196584",566,774.00001,743,734,619,947,549,801,938,852,783,764,914
"ENSG00000196586",1630,1739.00001,2090,1945,1717,2340,1127,2059,2165,2982,2758,2257,2502
"ENSG00000196588",574,671,295,285,247,359,224,490,461,524,516,370,503
"ENSG00000196591",3805,4783.00001,13162,13253,10465,16279,11871,12868,13925,13183,11588,11723,12729
"ENSG00000196597",263,454,40,64,49,68,41,72,76,77,52,68,77
"ENSG00000196604",62,17,55,53,64,90,29,78,78,114,229,156,112
"ENSG00000196605",250,250.99999,112,107,111,116,89,138,108,133,109,86,74
"ENSG00000196628",3168,5215.99997,1577,1325,1347,2692,1922,2580,2355,2259,2281,2065,2623
"ENSG00000196632",650,814,1123,1015,960,2070,911,1791,1594,1530,1367,1199,1406
"ENSG00000196636",412.99999,492,657,630,547,687,686,546,506,790,647,715,837
"ENSG00000196642",1319.00001,1636,591,424,506,463,496,509,494,470,527,378,499
"ENSG00000196646",139,136,327,365,286,728,607,592,695,657,683,619,668
"ENSG00000196652",236,376,803,833,630,1084,614,1038,992,890,987,847,811
"ENSG00000196655",712,633,1782,1496,1257,1297,1502,1211,1233,1265,1295,1196,1100
"ENSG00000196659",70,89,120,138,121,456,314,388,382,599,522,598,540
"ENSG00000196660",43,39,11,18,12,20,24,9,11,15,15,24,22
"ENSG00000196663",332,320,527,452,360,418,233,384,474,655,635,491,689
"ENSG00000196670",262.99999,400,1033,1005,766,1826,872,1670,1668,1159,1108,1034,1102
"ENSG00000196678",206.00001,305.99998,321,325,294,540,376,514,524,673,564,590,532
"ENSG00000196683",2766,2676.99999,3170,2993,2786,1427,1776,1406,1262,1582,1537,1364,1437
"ENSG00000196689",168,150,74,78,57,120,97,83,109,177,217,181,163
"ENSG00000196693",484,702,821,804,646,1128,754,1090,918,827,708,542,664
"ENSG00000196700",327,234,166,144,161,124,96,136,137,116,142,82,107
"ENSG00000196704",660.00001,916.00001,2586,2362,2063,2818,3123,2292,2301,2646,2514,2588,2733
"ENSG00000196705",595,741,650,712,552,751,370,590,612,426,532,477,478
"ENSG00000196712",2378.00001,2775.99999,577,440,418,721,389,608,513,783,849,740,580
"ENSG00000196715",709.00001,533.99999,576,487,428,466,454,444,409,730,637,671,844
"ENSG00000196724",140.00001,210,231,192,186,235,164,239,253,266,300,168,268
"ENSG00000196730",1098,1353,2601,2670,2202,1524,755,1525,1698,1471,1453,1239,1262
"ENSG00000196739",470,289,266,148,212,167,113,186,262,93,95,67,93
"ENSG00000196743",241,193,1259,1135,939,1165,679,918,1008,797,767,568,690
"ENSG00000196747",337,287,24,17,14,56,46,44,46,39,44,82,34
"ENSG00000196757",146,199,325,310,247,532,447,488,512,490,438,535,452
"ENSG00000196776",1274.00001,1816,335,353,323,961,812,702,723,1526,1191,1574,1775
"ENSG00000196781",654,701,652,433,529,432,407,467,430,1184,1079,797,962
"ENSG00000196782",315,413,218,275,195,578,276,455,424,1319,1497,1022,1102
"ENSG00000196787",392,352,22,24,18,34,60,31,16,68,53,65,57
"ENSG00000196792",917.00001,1318,230,315,283,570,260,452,373,338,298,349,554
"ENSG00000196793",109,91,376,337,283,405,559,322,324,298,280,227,299
"ENSG00000196812",183,193,282,208,164,355,461,327,321,347,328,325,347
"ENSG00000196814",633,815,187,113,139,338,264,384,394,912,923,709,847
"ENSG00000196821",576,604,1240,895,833,813,920,754,744,847,744,736,809
"ENSG00000196834",44,44,109,57,103,99,42,91,89,172,368,218,139
"ENSG00000196839",180.99999,228.00001,1266,1075,904,2337,2596,1837,1953,862,779,887,883
"ENSG00000196843",107,59,354,190,209,162,161,184,189,189,200,167,195
"ENSG00000196850",116,145,119,112,80,88,80,89,71,97,77,58,106
"ENSG00000196865",637,831,806,756,702,1536,832,1270,1185,1728,1565,1479,1727
"ENSG00000196866",178,152,143,152,193,547,884,459,399,473,410,423,414
"ENSG00000196867",18,207.00001,33,62,33,117,83,121,68,131,133,109,115
"ENSG00000196873",51,68,536,468,401,747,563,508,633,599,590,553,569
"ENSG00000196876",513.99999,763,263,282,285,231,136,249,220,289,244,291,266
"ENSG00000196890",242,198,25,29,18,57,44,52,30,186,167,140,222
"ENSG00000196911",743,1504.00001,416,338,407,586,316,370,437,721,707,662,648
"ENSG00000196912",908,929,157,87,122,279,130,233,200,341,414,333,327
"ENSG00000196914",1353.00001,1227.00001,374,406,350,559,304,601,409,782,593,690,840
"ENSG00000196923",1362.00001,1178.99999,1508,1145,1023,2905,2605,3104,3349,3728,4156,3077,3901
"ENSG00000196924",2620.99999,1858.99999,26469,28669,24089,23257,9150,23188,25148,20350,21448,14359,19726
"ENSG00000196935",530,981,595,527,454,554,252,450,458,587,1046,607,723
"ENSG00000196937",328,444.00001,1144,1536,1062,988,578,798,878,742,534,685,847
"ENSG00000196943",236,202,565,401,378,501,299,410,409,457,489,361,462
"ENSG00000196950",1417,1710,6864,7688,5946,6502,2896,4422,5284,5296,4653,4400,4858
"ENSG00000196961",682,554,1654,1394,1159,1544,919,1629,1832,1300,1373,1020,1244
"ENSG00000196967",291.99999,261.00001,55,28,36,112,59,97,110,105,124,105,96
"ENSG00000196968",305.99999,245,419,387,408,1540,1198,1244,1335,611,694,582,658
"ENSG00000196972",41,49,27,21,16,22,30,34,13,14,15,17,21
"ENSG00000196975",72,68,397,312,296,219,168,170,181,150,170,183,164
"ENSG00000196976",655,695,695,678,798,762,1072,867,739,623,529,578,793
"ENSG00000196981",81,126,84,73,77,234,170,205,158,253,214,297,244
"ENSG00000196993",28,20,24,5,25,5,4,11,12,15,17,14,9
"ENSG00000196998",234.00001,282,883,687,667,643,645,639,701,854,841,775,717
"ENSG00000197006",1712,2038,553,719,979,1600,1872,1607,1215,1520,1118,1896,3444
"ENSG00000197008",268.00001,473,407,438,323,567,379,511,536,671,541,605,664
"ENSG00000197013",176,520,191,193,135,349,186,235,331,405,434,444,386
"ENSG00000197016",91.00001,149,333,341,236,387,212,368,392,317,265,227,264
"ENSG00000197019",145,66,171,143,130,136,227,119,127,107,162,121,103
"ENSG00000197020",236,394,169,159,135,266,167,235,251,362,348,315,320
"ENSG00000197021",324.00001,229,555,425,409,562,558,576,542,554,597,457,508
"ENSG00000197024",326,441,949,729,714,144,135,196,140,253,246,183,203
"ENSG00000197037",216.99999,208,623,545,500,868,506,768,781,862,810,700,767
"ENSG00000197043",871,1317,1183,1175,965,1432,1067,1416,1354,1752,1619,1332,1732
"ENSG00000197044",106,174.00001,31,41,14,123,51,81,71,386,442,414,391
"ENSG00000197045",653,736,2373,2796,1886,3418,2395,2351,2744,2335,1819,2100,2174
"ENSG00000197050",213,281,292,294,264,571,414,391,446,625,571,603,617
"ENSG00000197054",31,52,83,74,62,204,119,136,151,220,274,262,235
"ENSG00000197056",460,749.00002,562,677,505,840,472,728,766,580,438,549,619
"ENSG00000197061",11135,13152,8729,8158,7364,29512,61488,29196,23029,31358,29565,35505,32302
"ENSG00000197062",308.00001,346,331,400,324,1057,858,828,823,1146,1220,1152,1153
"ENSG00000197063",315.00001,279,323,258,218,261,160,230,236,243,290,170,226
"ENSG00000197070",191,243,601,507,454,544,682,633,712,614,673,589,712
"ENSG00000197077",341,362,662,647,499,896,340,932,869,691,675,559,869
"ENSG00000197081",1064.99999,1001,1414,1226,1232,1158,745,978,1027,1059,1115,835,905
"ENSG00000197093",176.99999,65,278,172,176,84,51,76,66,101,122,89,100
"ENSG00000197102",6516,6167,7340,6960,6321,7343,3502,5892,6369,9565,11442,7221,6461
"ENSG00000197111",4503,4783.00002,3547,2629,2577,4278,4572,4190,3955,4411,4274,3583,4099
"ENSG00000197114",180,162.00001,917,711,684,829,637,917,830,734,806,745,788
"ENSG00000197119",608.99999,668.00001,327,278,449,919,1057,1321,719,310,300,313,857
"ENSG00000197121",1045,1513,439,535,472,1872,715,1262,1442,1064,1176,1198,1164
"ENSG00000197122",591,615,265,171,190,428,474,490,351,435,483,388,577
"ENSG00000197124",740,907.99999,384,417,320,376,353,363,346,356,332,351,371
"ENSG00000197128",64,361,281,322,244,352,179,342,348,525,594,484,442
"ENSG00000197136",272,187,634,305,322,406,271,497,427,500,521,375,482
"ENSG00000197147",236,199,562,639,673,1219,744,1182,1119,606,483,496,834
"ENSG00000197150",262.99999,236.00001,765,646,513,573,439,577,641,735,797,622,671
"ENSG00000197153",923,336,124,111,118,300,622,343,276,435,300,403,390
"ENSG00000197157",1684,1707,7985,7482,6682,7537,4646,6976,7465,6295,6498,4859,5709
"ENSG00000197162",390,392,191,151,147,287,185,297,300,352,407,312,290
"ENSG00000197168",208.00001,527.00001,29,24,23,27,22,26,20,33,37,43,35
"ENSG00000197170",963,1091,2353,2416,1882,2202,1253,1877,2161,1762,1412,1535,1675
"ENSG00000197177",136,106,0,2,0,0,0,0,0,137,178,179,360
"ENSG00000197181",16,66,301,330,217,227,82,146,195,12,16,36,10
"ENSG00000197183",912.99999,688,1963,1657,1327,2376,1138,2276,2450,7256,9441,6041,6952
"ENSG00000197191",31,39,90,57,52,11,15,6,12,7,8,18,11
"ENSG00000197217",599,692,894,850,819,1451,696,1363,1297,1273,1533,1000,1138
"ENSG00000197223",344,469.00001,365,420,288,541,479,415,348,350,275,399,353
"ENSG00000197226",772.00001,780.00001,2520,2611,2419,4813,2779,5045,5252,3503,3862,3288,3754
"ENSG00000197238",46,46,175,163,156,489,1418,561,447,509,336,565,474
"ENSG00000197245",16,27,65,74,54,37,53,19,27,8,27,17,7
"ENSG00000197256",184,211,682,719,660,968,561,1114,1137,652,745,478,662
"ENSG00000197265",480.99999,393,376,468,576,477,530,430,360,632,495,548,814
"ENSG00000197275",552,687,538,585,516,777,447,509,663,593,440,431,516
"ENSG00000197279",41,65,349,359,276,195,139,164,199,92,66,57,75
"ENSG00000197283",1382.99999,1017,169,95,126,123,80,133,148,109,129,85,107
"ENSG00000197296",88,55,150,154,129,177,109,150,224,341,322,245,285
"ENSG00000197299",735,604,1247,1315,1137,1473,784,1315,1473,1119,941,868,938
"ENSG00000197302",230,207.00001,529,430,363,494,255,370,410,453,408,371,462
"ENSG00000197312",358.99999,410,574,630,589,801,521,782,698,381,358,328,558
"ENSG00000197321",876,881,682,695,588,1059,480,947,775,1548,1653,1138,1330
"ENSG00000197323",1077,1362,837,723,566,1034,670,925,801,907,723,682,784
"ENSG00000197324",364,251,863,880,750,448,301,475,604,982,1211,933,984
"ENSG00000197329",382,331,1704,1904,1452,1436,721,1019,1178,2466,2123,2054,2138
"ENSG00000197343",614.99998,673.00003,1253,1143,1007,1623,1098,1356,1675,1375,1292,1346,1369
"ENSG00000197345",804,663.99998,1156,1034,1069,1083,1330,968,882,929,967,860,867
"ENSG00000197362",154,185,443,438,385,503,294,501,547,507,582,362,436
"ENSG00000197363",215,111,73,61,97,128,98,127,122,104,148,144,166
"ENSG00000197372",186,254,487,544,413,656,485,460,603,633,559,533,587
"ENSG00000197375",104.99999,98.99999,116,104,124,77,58,61,74,63,80,69,91
"ENSG00000197380",71,130,29,24,28,28,31,49,48,65,84,76,76
"ENSG00000197381",2406,1704,113,113,88,144,104,149,128,183,200,152,145
"ENSG00000197386",1453,1323.00001,2364,1735,1559,1653,1148,1704,1657,1488,1556,1133,1159
"ENSG00000197406",596,288,1,0,1,22,20,30,44,148,221,236,143
"ENSG00000197410",834,525,3,17,2,11,2,7,10,25,18,27,24
"ENSG00000197415",73.00001,27,197,177,132,8,3,5,8,2342,2253,2141,1932
"ENSG00000197417",146,209,1942,1827,1545,2254,1487,2192,2585,1664,1465,1325,1535
"ENSG00000197429",280,378,283,287,216,498,247,379,416,884,888,833,852
"ENSG00000197442",22,55,32,26,15,11,1,2,11,4,1,1,4
"ENSG00000197444",27,29,640,648,609,39,24,55,42,164,153,150,183
"ENSG00000197448",408.99999,516.00001,687,505,490,725,706,685,822,544,561,487,467
"ENSG00000197451",2868.99999,2678,1465,1073,1153,1094,1464,1270,897,837,611,552,1273
"ENSG00000197457",1076,923,843,649,652,280,227,239,239,1923,2442,1628,2140
"ENSG00000197461",60,58,602,521,483,120,87,100,100,12,21,25,13
"ENSG00000197467",2192,4149,87,41,65,139,132,167,128,7,10,11,27
"ENSG00000197472",214.00001,146,457,341,339,432,445,454,460,326,311,283,370
"ENSG00000197479",25,28,23,38,24,75,32,55,79,100,150,84,129
"ENSG00000197483",116,93,29,31,41,31,29,52,41,76,48,25,56
"ENSG00000197496",100,98,464,509,409,560,358,548,494,382,458,386,354
"ENSG00000197497",92,60,168,183,107,160,119,150,171,159,196,175,171
"ENSG00000197498",457,591,1820,1911,1424,1383,1064,1134,1240,680,555,560,712
"ENSG00000197530",438.00001,274,57,71,125,123,208,209,151,186,149,193,613
"ENSG00000197535",859.99999,948.00001,984,870,735,470,305,449,484,928,1097,784,739
"ENSG00000197548",608,956,649,589,515,1223,923,915,974,990,976,921,877
"ENSG00000197555",1251,928.00001,2229,2234,2017,2445,1201,2140,2091,1778,1740,1326,1542
"ENSG00000197557",73,99,218,228,198,967,580,716,737,957,850,972,848
"ENSG00000197562",456.99999,304,246,190,243,289,388,353,318,329,407,379,504
"ENSG00000197563",1305.00001,858.99999,1496,1501,1251,1612,818,1087,1269,1235,1233,1048,1077
"ENSG00000197565",796,702.00001,808,773,565,2712,1185,2485,2772,8027,6111,4813,6804
"ENSG00000197566",133,220,79,92,85,164,93,128,135,491,465,508,501
"ENSG00000197579",469,550,1596,1577,1211,1855,1044,1682,1845,1136,1122,874,1010
"ENSG00000197580",48.00001,72.99999,10,13,22,9,12,4,2,228,254,209,193
"ENSG00000197586",642,502,1869,1710,1452,2100,1777,2098,2244,2025,2044,1693,1990
"ENSG00000197594",22,35,493,378,434,103,71,97,96,98,66,77,119
"ENSG00000197601",755,860.00001,1441,1642,1193,1835,748,1384,1573,1248,1013,1278,1199
"ENSG00000197603",1263,1739.00001,203,199,181,539,212,418,337,862,862,632,650
"ENSG00000197608",57,132,52,55,36,75,29,69,96,78,93,72,74
"ENSG00000197619",95,202,128,121,95,198,110,162,212,214,164,188,164
"ENSG00000197620",226.00001,105,197,180,206,220,251,184,236,339,392,275,239
"ENSG00000197622",516.99999,552,1296,1270,954,1246,992,1095,1045,1085,1201,1032,1126
"ENSG00000197647",1030,131.99999,97,71,81,407,347,302,347,640,607,679,602
"ENSG00000197653",65,81,6,0,0,13,4,7,12,32,32,21,27
"ENSG00000197694",2488,1972,4170,3932,3554,3753,1705,3670,3765,4267,5298,3370,3319
"ENSG00000197696",107,78,208,149,165,98,169,97,113,98,72,74,105
"ENSG00000197702",636.99999,797,606,580,482,693,433,683,610,1049,1055,1056,1136
"ENSG00000197705",318,494,63,49,70,73,55,30,61,669,579,666,578
"ENSG00000197712",166,220,271,255,224,137,104,152,124,333,313,281,290
"ENSG00000197713",803,795.99999,1606,1546,1342,2003,1559,1397,1597,1117,898,1077,1005
"ENSG00000197714",296,262,773,707,601,1016,442,946,870,997,753,688,571
"ENSG00000197724",459,454,90,49,62,74,63,91,92,272,286,239,263
"ENSG00000197728",264,321,6739,5847,5522,4122,5344,4253,3660,3020,2768,2922,2904
"ENSG00000197746",3797,3382,21011,18156,15961,24702,17741,20393,24024,20902,23576,18440,17878
"ENSG00000197747",568,252,2896,2626,2317,324,353,302,320,272,406,293,307
"ENSG00000197748",167,229,10,11,7,57,38,41,58,101,69,84,79
"ENSG00000197753",66,99,66,42,44,66,19,37,32,26,71,30,44
"ENSG00000197756",37288.00001,28367.99999,15768,14417,14689,16142,18186,16408,13630,11352,10586,10306,10517
"ENSG00000197763",126,136,45,36,34,62,53,60,42,26,22,24,49
"ENSG00000197766",92,51,71,71,43,98,121,96,81,21,25,20,11
"ENSG00000197771",1021.00001,1177,572,409,341,505,654,429,441,482,413,425,474
"ENSG00000197774",143,105,178,130,115,78,52,73,86,91,134,73,125
"ENSG00000197776",90,116,1,1,5,10,6,5,6,35,46,49,55
"ENSG00000197779",145.00001,153,234,322,185,255,105,233,250,217,225,168,181
"ENSG00000197780",270,232,157,149,127,134,132,125,125,98,100,110,89
"ENSG00000197782",164,197,288,315,303,557,265,553,483,321,341,266,260
"ENSG00000197785",418,295,389,252,380,258,400,369,227,190,175,180,456
"ENSG00000197798",409,335,1483,1206,1235,1739,2133,1490,1432,1187,1155,1236,1223
"ENSG00000197808",139.00001,134.00001,72,78,82,94,95,66,87,116,145,129,105
"ENSG00000197816",61,35,99,23,88,61,30,61,59,70,89,54,18
"ENSG00000197818",321,324.00001,211,200,199,185,158,219,222,265,305,208,310
"ENSG00000197822",91,92,2570,2802,2096,2494,1132,1672,2195,559,468,478,547
"ENSG00000197837",46,21,26,20,16,62,19,45,41,18,28,33,12
"ENSG00000197841",128,235.99999,455,474,322,563,410,383,468,447,380,485,432
"ENSG00000197852",92,108,579,529,468,203,168,206,236,115,163,81,107
"ENSG00000197857",208,279.99999,276,294,240,720,542,554,616,907,903,895,912
"ENSG00000197858",1043.00002,936.00003,3320,2697,2581,2546,2030,2725,2963,3582,3866,2979,3611
"ENSG00000197860",282,317,240,249,236,144,79,100,113,342,279,300,276
"ENSG00000197863",216,299,117,166,92,185,159,180,197,166,150,162,110
"ENSG00000197872",126,180,458,425,354,130,92,150,117,526,640,584,483
"ENSG00000197879",270.99999,207,1849,1650,1430,1405,866,1599,1576,354,417,323,376
"ENSG00000197885",376,570,236,260,248,445,426,357,341,703,672,598,691
"ENSG00000197889",47,37.99999,4,7,6,8,16,17,8,45,19,38,53
"ENSG00000197892",221,320,185,111,97,270,120,232,224,201,253,174,208
"ENSG00000197894",1218,1659,6543,5845,5033,8230,9349,6453,6784,6723,6050,6831,6222
"ENSG00000197903",503,448,58,44,59,187,157,132,148,219,194,183,219
"ENSG00000197905",114,80,1023,958,855,246,270,209,290,176,160,148,225
"ENSG00000197912",1711.99998,2138,3140,2565,2424,2879,1920,2711,3115,2474,2798,2170,2537
"ENSG00000197921",3294,2592,0,1,0,2,1,2,4,634,508,505,633
"ENSG00000197930",523,683,947,995,851,1874,1230,1367,1405,760,687,617,964
"ENSG00000197933",160.00001,142,132,129,119,442,397,334,351,391,354,416,373
"ENSG00000197935",37,60,53,27,31,64,27,54,52,26,13,10,16
"ENSG00000197937",154.00001,174,416,375,347,738,403,720,656,451,412,377,419
"ENSG00000197943",37.99999,50,292,298,270,247,198,233,217,120,74,74,106
"ENSG00000197948",101,62,265,239,217,178,122,235,164,121,175,120,197
"ENSG00000197951",284,324,544,515,480,811,848,857,779,1353,1461,1085,1111
"ENSG00000197956",1792,759,284,202,182,318,512,322,288,232,295,268,207
"ENSG00000197958",736.99999,695,12215,9864,9690,11510,14284,11455,10858,7131,6484,6496,6617
"ENSG00000197959",123.00001,234,86,93,85,18,11,8,15,140,242,180,150
"ENSG00000197961",445,828,3364,3693,2967,3011,1500,2509,2500,1415,1326,1163,1403
"ENSG00000197965",871,986.00001,3209,3581,3049,4942,3507,4075,4426,4248,3771,4310,4761
"ENSG00000197969",1351,1690.99999,629,669,537,910,396,737,699,701,634,569,598
"ENSG00000197971",28,35,438,491,463,145,80,112,103,36,27,22,29
"ENSG00000197977",368,359,3,1,0,76,71,67,63,700,727,640,708
"ENSG00000197978",117,228,250,195,202,407,202,342,372,534,630,528,561
"ENSG00000197982",968,912,324,316,323,415,524,440,411,630,656,701,793
"ENSG00000197993",15,17,44,32,38,23,3,21,26,6,13,3,7
"ENSG00000198000",544.99999,569.00001,810,749,688,823,433,689,845,802,813,584,877
"ENSG00000198001",80.00001,166,154,143,140,187,98,155,177,267,250,255,295
"ENSG00000198003",106,114,127,72,89,30,33,24,47,95,130,84,99
"ENSG00000198010",14,19,69,34,56,36,20,30,20,2,4,10,6
"ENSG00000198015",1854.00002,2053,5115,5392,4472,4912,4073,3838,4201,3738,3197,3649,3947
"ENSG00000198018",242,254,394,401,300,380,211,365,337,574,499,492,474
"ENSG00000198026",175,141,475,458,433,457,309,563,420,515,705,473,593
"ENSG00000198034",27815,33490,15854,14235,13184,17580,21863,16643,15666,14628,13868,13513,13213
"ENSG00000198039",251.99999,368,496,472,332,545,353,370,516,587,481,570,598
"ENSG00000198040",643,1014,973,866,816,2142,1238,1766,1880,1860,1621,1563,1778
"ENSG00000198042",270,348,1468,1501,1238,981,755,954,956,588,442,527,575
"ENSG00000198053",98.99999,138.99999,45,38,46,92,66,116,82,79,94,117,140
"ENSG00000198055",331,326,296,183,207,164,212,131,169,133,144,85,127
"ENSG00000198056",706.00001,660,1348,1319,1261,2136,2089,1805,1780,1475,1119,1341,1531
"ENSG00000198060",691,786,522,599,506,1114,1044,953,904,1695,1471,1949,2209
"ENSG00000198064",19,63,1560,1223,1290,1261,530,806,1079,843,1350,798,664
"ENSG00000198075",123,159,78,99,97,288,176,299,226,330,408,364,349
"ENSG00000198081",241.00001,262.00001,264,250,261,367,252,314,361,394,433,359,374
"ENSG00000198087",503,500,985,1235,1089,816,332,644,587,177,143,149,230
"ENSG00000198088",273.00001,487,100,103,78,268,205,235,182,570,481,590,577
"ENSG00000198089",843,890,665,617,577,606,357,579,743,1190,1293,915,1126
"ENSG00000198093",221,326,524,449,403,461,367,438,397,345,311,346,284
"ENSG00000198121",244,554.99998,24,23,27,1108,775,920,880,123,163,166,142
"ENSG00000198130",1053.99999,1149.00001,1359,1338,1098,1725,1335,1461,1516,1414,1421,1341,1456
"ENSG00000198131",645.00002,1053,1674,1520,1294,1347,1372,1400,1487,311,237,236,240
"ENSG00000198142",83,89,126,118,104,61,30,56,56,65,48,58,72
"ENSG00000198146",803,1133,5650,5325,4441,3774,2382,3267,3296,2975,2425,2331,2631
"ENSG00000198156",14,15,17,34,19,17,6,3,10,28,25,29,20
"ENSG00000198157",749,969,377,335,321,365,204,325,303,386,365,260,386
"ENSG00000198160",1174.00002,1464.00001,789,764,662,1055,867,740,868,896,799,809,872
"ENSG00000198162",1674,1870,446,487,427,754,404,534,612,781,841,781,802
"ENSG00000198168",584.00001,590,174,176,102,318,278,204,262,735,524,651,767
"ENSG00000198169",184,399,475,398,342,510,425,532,517,778,683,648,686
"ENSG00000198171",568,545,900,725,694,606,538,656,680,602,744,594,581
"ENSG00000198176",1446.00001,1198,562,473,465,668,619,757,654,691,514,506,615
"ENSG00000198182",148,148,585,703,536,1184,704,1062,1164,649,535,566,651
"ENSG00000198185",273,362,548,564,487,853,498,736,726,425,410,333,390
"ENSG00000198189",213,365,240,178,193,233,242,224,209,268,190,235,245
"ENSG00000198198",440,370,443,334,297,470,333,467,544,700,865,607,554
"ENSG00000198203",49,44,40,36,42,24,38,30,10,32,12,33,33
"ENSG00000198205",61,68,29,28,31,54,57,47,48,26,28,19,39
"ENSG00000198208",158,132.99999,141,157,128,179,130,199,194,272,339,226,272
"ENSG00000198216",56,72,18,27,31,105,72,125,149,117,104,76,130
"ENSG00000198218",1519.99997,1524.99998,1563,1405,1218,1794,1284,1733,1895,1471,1792,1556,1584
"ENSG00000198231",822.00001,986.00001,1417,1272,1182,1616,962,1659,1604,1495,1485,1290,1386
"ENSG00000198242",1033.00001,1286.99999,23946,21243,19416,22007,20477,20988,19623,18060,16319,15995,16533
"ENSG00000198246",118,100,727,532,512,774,607,772,851,193,298,264,185
"ENSG00000198252",249,329,1027,1190,920,1368,675,1173,1219,451,392,441,471
"ENSG00000198258",4162,4485,3577,3093,3061,4080,5584,3846,3603,4137,4083,3823,3804
"ENSG00000198265",1377,1590,2342,2227,1796,2807,1286,2264,2388,2469,2753,1885,1943
"ENSG00000198270",146.99999,257.99999,490,419,297,779,758,631,624,846,816,844,835
"ENSG00000198276",412,459,825,618,641,656,579,634,660,1317,1456,1043,1249
"ENSG00000198298",73,71,284,248,197,191,108,194,188,127,73,78,101
"ENSG00000198301",820,771.00001,2030,1880,1651,1554,1135,1455,1543,1103,942,898,1053
"ENSG00000198315",406.99999,407,653,615,423,1517,589,1253,1324,1622,1567,1426,1288
"ENSG00000198324",144.00001,150,123,80,120,150,142,178,171,177,190,201,263
"ENSG00000198331",116.99999,99,413,397,259,308,228,249,233,109,109,110,130
"ENSG00000198342",41,45,146,99,83,294,173,188,275,461,448,414,520
"ENSG00000198346",113,110,762,754,564,982,463,783,938,350,386,339,428
"ENSG00000198354",28,35,16,27,10,27,17,28,31,27,14,11,14
"ENSG00000198355",226,173,123,83,87,114,163,145,98,81,79,62,81
"ENSG00000198356",529,623,2833,2267,2157,2333,3570,2181,2335,1630,1787,1602,1624
"ENSG00000198363",1841,2057,1935,2217,1755,4729,2696,3576,4182,3438,3147,3084,2805
"ENSG00000198369",374,519,323,351,287,991,590,889,869,913,756,724,1188
"ENSG00000198373",442,495,1515,1490,1279,1613,883,1814,1878,1715,1839,1411,1624
"ENSG00000198380",796,1276,2824,3397,2628,3199,1313,2478,2505,2193,2249,1730,2000
"ENSG00000198382",876,935,639,558,593,631,432,594,600,1032,899,922,1014
"ENSG00000198393",166,243.00001,351,288,279,504,359,428,415,553,559,555,430
"ENSG00000198399",657.99999,552,170,249,178,274,130,169,156,246,205,239,310
"ENSG00000198400",89,310,0,1,1,9,6,9,8,237,319,185,329
"ENSG00000198408",1587,2143,2829,2770,2441,5025,2563,4530,4025,2868,3026,2681,3105
"ENSG00000198417",208.99999,52,537,424,450,184,203,215,182,54,79,67,68
"ENSG00000198420",554.00001,682,1653,1602,1336,3304,1618,3117,3354,4691,4676,3689,3855
"ENSG00000198429",118,402,684,756,583,547,258,576,494,400,448,366,372
"ENSG00000198431",1245,1464.99999,2974,3022,2337,3539,2308,2888,3132,3930,3588,3313,3408
"ENSG00000198435",832,675,29,24,26,29,17,54,44,103,100,80,98
"ENSG00000198440",163,193,94,56,63,195,142,165,135,176,198,224,239
"ENSG00000198453",86,256.99999,10,7,9,27,38,29,39,84,82,72,69
"ENSG00000198455",115,97,119,113,127,197,156,173,114,99,73,97,167
"ENSG00000198464",264,215,805,746,615,792,472,742,728,593,499,529,557
"ENSG00000198466",258,469.99999,604,430,489,762,268,659,719,541,596,542,530
"ENSG00000198467",970.99999,674.00001,2498,1845,1863,2559,2576,2543,2474,172,124,137,105
"ENSG00000198478",1608,2775,527,608,457,1171,632,829,873,901,1041,1044,937
"ENSG00000198482",203,229,219,207,201,300,151,260,200,279,306,256,262
"ENSG00000198483",117,51,283,247,235,369,310,383,361,160,101,95,140
"ENSG00000198492",1166,1285.99999,6654,6225,5531,8127,5321,7296,7321,5835,5650,4584,5563
"ENSG00000198498",510.00001,586.99999,698,718,624,599,550,500,525,436,362,403,446
"ENSG00000198513",513,746,303,263,211,374,321,269,333,1423,1469,1438,1470
"ENSG00000198517",73,55,47,26,23,15,15,12,24,32,50,30,31
"ENSG00000198520",193,247,2,4,0,19,21,33,22,54,64,62,18
"ENSG00000198521",791,1220,857,912,737,1362,636,1112,1219,1284,1215,1303,1215
"ENSG00000198522",615,881.99999,2760,2442,2182,3083,4479,2622,2729,2992,2852,3304,3004
"ENSG00000198538",158.99999,184.99999,1009,1126,981,1157,541,872,1039,826,804,763,869
"ENSG00000198546",411,419,676,601,768,919,1830,1062,922,680,608,767,1110
"ENSG00000198551",371,472,683,633,622,1402,1614,1285,1212,2273,2135,2555,2188
"ENSG00000198554",728,952,2793,3003,2396,3728,1685,3047,3238,2347,2046,1982,2185
"ENSG00000198556",240,234,242,150,178,274,273,241,253,246,231,217,188
"ENSG00000198561",3843.99999,1710.99999,4259,4654,3801,6341,2259,5204,5303,2709,3272,1878,2209
"ENSG00000198563",3158.99999,3601,2927,2577,2531,3969,3613,4010,4024,4459,4286,3729,4472
"ENSG00000198570",38.00001,23,17,7,18,36,19,42,20,154,170,138,177
"ENSG00000198585",377,447,663,551,490,860,726,773,780,897,880,814,868
"ENSG00000198586",1907.99999,2608,1026,1252,972,1140,674,900,985,1198,1003,1009,1307
"ENSG00000198589",2526,2967.00001,2033,2220,1765,2338,821,1821,1772,1418,1670,1367,1213
"ENSG00000198597",2803.00002,2462.99998,14,15,8,67,45,45,47,1145,1075,1062,1232
"ENSG00000198598",131,204,205,126,163,87,96,101,58,39,47,39,56
"ENSG00000198604",1556.99999,2214,528,487,401,368,224,347,363,1374,1344,1079,1266
"ENSG00000198612",998,1164,3099,2986,2355,3829,3482,3051,3336,4081,3403,3854,3740
"ENSG00000198624",23,17,258,200,183,77,41,88,103,108,92,78,126
"ENSG00000198625",1871.00001,2043,1043,871,817,1553,674,1157,1272,1327,1342,1117,1297
"ENSG00000198626",172.99999,349,149,122,110,6,16,10,22,2,3,4,0
"ENSG00000198642",503,701,790,863,760,1758,1034,1445,1492,2319,2406,2217,2268
"ENSG00000198646",1644,1934.00001,236,212,177,405,264,363,357,1108,1184,840,979
"ENSG00000198648",1297,1498,161,150,131,128,113,105,107,237,218,181,233
"ENSG00000198663",391,417,610,607,420,837,598,760,964,1485,1506,1199,1299
"ENSG00000198668",3840.99999,4085,12392,10665,9820,10668,9903,10079,10121,12502,12958,10683,11166
"ENSG00000198673",256,458,35,36,22,32,30,29,29,124,126,115,92
"ENSG00000198677",1397.99999,3090,2662,2781,2206,3018,1221,2569,3141,3426,3485,2960,3372
"ENSG00000198682",45,87,800,780,587,178,100,162,132,132,118,128,114
"ENSG00000198689",766,346.00001,965,1020,940,1407,671,1014,1216,1818,1978,1559,1709
"ENSG00000198690",532,645.99999,1238,1192,962,1306,869,1175,1173,1443,1515,1227,1308
"ENSG00000198691",49,68,6,3,3,70,48,79,122,53,76,42,38
"ENSG00000198695",11809,11303,3487,2389,2350,754,372,462,1174,606,1010,716,1166
"ENSG00000198700",1752.00001,1965.99999,7193,6380,5374,9878,5883,9630,9641,11882,11992,8935,10540
"ENSG00000198707",2229.99998,3165,283,217,208,380,167,328,341,443,456,341,456
"ENSG00000198712",46957,54050,50041,28792,34673,4978,3913,4724,9522,7935,11374,8914,11639
"ENSG00000198715",179.00001,203,1096,921,879,732,677,679,768,342,322,303,274
"ENSG00000198718",395,863,445,348,307,728,370,537,623,859,800,602,631
"ENSG00000198719",363,357,14,6,13,182,185,228,149,604,549,539,1248
"ENSG00000198720",266,226,67,47,57,55,38,40,57,83,109,106,155
"ENSG00000198721",748.99998,804.99999,2647,2346,2160,1758,1589,1575,1749,2845,2627,2511,2708
"ENSG00000198722",666.99999,845,2102,2125,1775,2172,1044,2254,2231,3585,3953,2923,3031
"ENSG00000198727",23406,20270,31017,17986,20099,7112,4674,6514,9737,7099,10444,8239,9791
"ENSG00000198728",1246,1199.00001,321,214,233,306,244,300,291,439,422,328,382
"ENSG00000198729",138,70,5,6,1,6,2,7,1,29,31,18,52
"ENSG00000198730",869,878,1870,2101,1636,2277,1183,2008,2022,2776,2718,2220,2524
"ENSG00000198736",262,284,1229,831,774,1041,1840,1063,1097,606,648,631,591
"ENSG00000198740",604,645,783,878,668,943,448,806,789,634,717,553,625
"ENSG00000198742",443,617.99999,221,127,152,209,178,248,186,181,238,216,248
"ENSG00000198743",1424,1210,709,629,605,1595,678,1022,1071,1489,1482,1431,1183
"ENSG00000198746",112,131,430,323,323,416,316,382,405,472,478,350,386
"ENSG00000198752",1092,1066,335,288,260,228,158,261,267,297,357,233,276
"ENSG00000198755",10473,13382.99999,11540,10670,10532,14019,20935,13161,11358,10750,9915,10708,9834
"ENSG00000198756",961.00001,905,33,38,38,236,148,220,238,1245,1200,1139,1003
"ENSG00000198759",13,132,41,39,38,121,104,105,115,56,125,82,90
"ENSG00000198763",29498,20908,13627,8256,9038,1984,1448,2123,3631,1819,2331,1885,2593
"ENSG00000198780",1845,1665,816,884,719,176,92,111,85,169,144,197,309
"ENSG00000198783",226,252,407,311,305,539,374,511,415,538,483,403,375
"ENSG00000198785",21,43,1,6,2,1,0,1,0,81,81,84,124
"ENSG00000198786",62782,59987,18651,11022,12025,2377,1375,2082,4084,3369,4820,3452,4273
"ENSG00000198791",1492.99999,2003,4240,4455,3453,5255,3484,4196,4644,4890,4447,4399,4765
"ENSG00000198792",669.00001,540,950,745,808,716,724,849,838,835,812,719,1191
"ENSG00000198793",909,1022,3419,3394,2801,3452,1692,3525,3724,2909,3095,2203,2469
"ENSG00000198794",391,308,362,369,288,340,243,327,263,330,361,308,380
"ENSG00000198795",1174.99999,1816,312,270,235,3200,1795,2854,3070,3249,3103,2804,2871
"ENSG00000198797",81,60,15,23,29,21,16,25,17,763,1028,676,506
"ENSG00000198799",639,914,1327,1350,1120,1572,690,1158,1273,1461,1405,1117,1104
"ENSG00000198804",36071,30540,223875,112038,126883,40720,27902,34835,61286,28414,36910,35965,36305
"ENSG00000198805",318,385.00001,1449,1260,1221,971,1104,814,921,998,729,804,817
"ENSG00000198814",350,395,257,300,175,167,148,151,186,473,475,544,468
"ENSG00000198815",2465,1900.99999,1046,1162,787,1862,754,1545,1626,1520,1514,1267,1405
"ENSG00000198816",984,680,203,160,152,243,211,293,221,357,389,257,420
"ENSG00000198818",556.99999,603,1896,1840,1567,1207,1175,1044,1204,769,736,721,739
"ENSG00000198822",95,67,44,48,43,233,184,224,218,432,353,294,340
"ENSG00000198824",574.00001,530,158,174,197,356,237,381,281,205,178,198,297
"ENSG00000198825",610.99998,1577.99999,1190,952,777,1517,1420,1288,1248,861,801,769,1165
"ENSG00000198826",757,761,1825,1874,1592,2267,1108,2228,2024,1871,1678,1508,1908
"ENSG00000198830",6031.99999,7649,11933,10398,10114,28985,34670,27151,27124,36054,34171,33854,35464
"ENSG00000198832",247,203,399,271,288,396,757,340,392,377,435,438,371
"ENSG00000198833",599,684,263,263,288,572,468,532,408,820,757,992,1196
"ENSG00000198836",1580,1875.99999,2381,2788,2205,2671,966,1998,2238,2685,2392,2178,2101
"ENSG00000198837",292,237.00001,806,505,498,253,203,219,237,415,462,330,395
"ENSG00000198838",166,184,66,51,34,72,65,85,83,49,61,31,43
"ENSG00000198839",496,611,258,300,268,442,396,344,333,410,420,478,432
"ENSG00000198840",11203,8454,697,436,453,94,104,120,174,135,160,182,183
"ENSG00000198841",117,119,179,157,150,184,176,135,186,207,171,165,147
"ENSG00000198843",832,1037,2732,2724,2324,2545,3752,2034,2098,2706,2750,3599,3002
"ENSG00000198846",2028,2797,248,238,205,436,210,322,368,1598,1561,1274,1107
"ENSG00000198853",286,284,352,303,272,478,301,472,502,1906,2266,1789,1854
"ENSG00000198855",67,44,182,189,138,205,175,190,208,87,117,68,80
"ENSG00000198856",1919,2551,4149,4030,3524,4313,4932,3627,3979,3228,3041,3634,3600
"ENSG00000198858",356,238,449,455,590,664,747,816,591,269,244,324,516
"ENSG00000198860",656,899.00001,1321,1217,983,1533,1742,1173,1225,2445,2118,2860,2592
"ENSG00000198862",783,1153.00001,1060,1180,978,1463,600,1079,1198,1146,1180,1031,1085
"ENSG00000198863",270,294,256,192,215,268,297,255,267,223,233,216,255
"ENSG00000198865",164,22,316,321,304,675,478,424,543,294,216,268,332
"ENSG00000198870",65,49,19,7,6,25,28,16,7,62,86,70,60
"ENSG00000198873",93,51,21,10,6,129,74,115,66,121,111,97,110
"ENSG00000198874",397,395,616,583,496,748,463,633,747,661,680,513,526
"ENSG00000198876",544,555,1117,1024,855,1623,1101,1352,1511,3038,2634,2714,2478
"ENSG00000198879",696.00001,743.99999,89,74,96,90,63,98,72,116,139,133,143
"ENSG00000198885",90,81,509,528,455,417,317,334,454,167,177,155,195
"ENSG00000198886",46898,45896,47014,27868,30050,9619,7085,9438,15182,7960,11585,9048,11888
"ENSG00000198887",1371.00001,1382,608,669,529,1016,380,730,839,986,911,814,878
"ENSG00000198888",32661,18858,7823,4659,5241,2174,1480,2072,3677,1529,2425,1935,2696
"ENSG00000198890",265.99999,377,2031,1756,1481,2407,2165,2104,2404,2014,2005,1891,1937
"ENSG00000198892",118,96,44,48,65,102,115,119,100,89,49,70,105
"ENSG00000198894",303,390.00001,998,967,864,1755,1097,1544,1493,1482,1365,1288,1232
"ENSG00000198898",1605,2137,3234,3477,2832,4366,5084,3498,3462,4738,4349,6196,5161
"ENSG00000198899",29843.99999,23345,33705,20321,23093,5181,3429,5010,9310,4860,7867,5822,8409
"ENSG00000198900",2814,2778,1502,1335,1105,1540,1060,1337,1481,1846,1578,1315,1606
"ENSG00000198901",1128.99999,1342.99999,1732,1533,1419,2667,1822,2303,2357,4840,4342,3499,4357
"ENSG00000198908",205.99999,310,484,442,383,900,423,726,758,771,623,640,650
"ENSG00000198909",814,512.00001,271,162,160,265,191,222,238,149,168,129,122
"ENSG00000198910",416,397.00001,391,418,376,136,115,134,141,667,855,678,1196
"ENSG00000198911",2095.00001,2015,4146,4175,3814,6594,3053,5924,6420,5721,6631,4758,6160
"ENSG00000198912",420.00001,510.00001,960,841,769,906,1329,799,830,979,951,1011,1075
"ENSG00000198914",130,15,0,0,0,1,0,0,0,137,103,97,111
"ENSG00000198915",20,16,493,386,349,291,130,237,246,58,63,45,48
"ENSG00000198917",256.99999,247,1992,1756,1560,1910,1363,2054,2270,1242,1300,972,1219
"ENSG00000198918",91,93,6592,5873,6107,7182,11318,7441,6251,7117,6723,7681,7060
"ENSG00000198919",1105.00001,1435.99999,1211,1224,1095,2050,1170,1666,1775,1813,1661,1500,1745
"ENSG00000198920",265,514,537,565,475,739,450,703,647,686,678,615,757
"ENSG00000198924",236,293,592,593,478,921,476,759,750,1079,921,839,968
"ENSG00000198925",237,255,2902,2649,2014,2499,1546,2442,2593,1977,2278,1607,1896
"ENSG00000198929",100,396,60,49,65,81,58,49,77,152,196,109,129
"ENSG00000198931",788.99999,689.99999,7956,6076,5926,3918,4645,4253,4326,1642,1637,1345,1585
"ENSG00000198932",66.99999,119.00001,76,55,68,454,173,338,406,413,424,341,341
"ENSG00000198933",174.99999,150,68,35,42,31,45,54,62,84,75,64,56
"ENSG00000198934",102,87,191,184,167,295,107,307,247,368,436,303,282
"ENSG00000198937",936,1076,415,268,309,1041,2352,920,919,2701,2923,3285,2906
"ENSG00000198938",57432,41473,70304,39552,47302,17429,14087,15541,24576,18080,22473,18910,22105
"ENSG00000198939",73,59,61,67,62,248,214,130,174,109,124,124,124
"ENSG00000198945",410.00001,395,142,140,100,147,117,163,114,208,187,173,206
"ENSG00000198947",385.99999,556.99999,562,513,456,3064,1469,2257,2419,2665,2840,2532,2164
"ENSG00000198948",83,88.99999,106,114,96,251,190,261,239,108,91,116,107
"ENSG00000198951",266,298,1264,1151,1016,1250,890,1131,1193,1285,1514,1181,1291
"ENSG00000198952",539,472,3840,4032,3444,3747,2310,3883,3824,3744,3925,3119,3919
"ENSG00000198954",426.99999,527.99999,1476,1430,1145,1228,813,1059,1026,1395,1161,1159,1327
"ENSG00000198959",130.99999,55.99999,60,36,61,194,147,172,131,134,278,131,146
"ENSG00000198960",240,338,647,512,489,950,1206,662,799,1444,1608,1648,1319
"ENSG00000198961",1256.99999,1734,1937,2394,1734,4419,2251,3327,3525,5408,4938,5205,4608
"ENSG00000198963",2434,3605,71,76,59,64,30,32,59,258,223,155,195
"ENSG00000198964",252,566.00001,768,771,575,265,216,220,260,540,478,474,441
"ENSG00000203326",62,137,577,703,530,422,205,327,449,135,120,128,142
"ENSG00000203485",507.99999,376.00002,374,343,305,317,358,327,295,140,129,174,203
"ENSG00000203499",52,63,87,66,39,95,63,108,84,35,36,10,45
"ENSG00000203546",28,190,85,66,55,44,42,59,56,180,120,111,118
"ENSG00000203666",609,745,251,207,198,253,180,220,174,383,370,399,323
"ENSG00000203667",1186.99999,1306,1130,1069,860,1002,956,913,893,731,725,699,766
"ENSG00000203668",568,497,485,456,325,403,218,417,377,298,184,183,297
"ENSG00000203705",426,404,582,492,497,398,426,353,337,638,672,590,584
"ENSG00000203724",216,270,1,10,8,17,32,22,19,89,97,84,100
"ENSG00000203727",101,71,2,0,1,7,8,2,0,12,21,28,9
"ENSG00000203760",505,576,1163,1010,991,1109,1056,1095,1059,805,754,685,840
"ENSG00000203778",473.00001,659.99999,251,242,240,532,959,518,444,1434,1401,1508,1281
"ENSG00000203780",247,330,20,19,12,226,200,189,203,251,248,181,212
"ENSG00000203791",522,605,469,484,446,607,563,506,558,631,569,565,632
"ENSG00000203814",478,362,18,9,12,39,27,17,29,30,37,56,23
"ENSG00000203872",31,82.99999,32,18,26,38,17,21,13,24,28,28,15
"ENSG00000203879",1437,1684,1621,1456,1331,2835,1849,2563,2775,4262,5350,3494,4176
"ENSG00000203880",695,926,792,816,783,1528,1027,1229,1282,1754,1678,1777,1953
"ENSG00000203943",50.99999,51.00001,38,30,24,62,112,66,53,64,52,76,90
"ENSG00000203950",852.99999,913.99999,2229,1784,1633,1429,1078,1392,1561,2612,2936,2079,2554
"ENSG00000203952",346,238,108,76,95,753,772,509,532,689,562,736,702
"ENSG00000203965",286,380,85,90,72,178,157,128,162,436,356,392,347
"ENSG00000203995",18,18,37,45,37,30,6,30,16,22,9,13,10
"ENSG00000204065",42,332,78,86,61,407,322,371,345,302,337,268,333
"ENSG00000204070",285.99999,327.00001,717,541,549,1002,838,836,849,1329,1277,1220,1243
"ENSG00000204084",266,236,1079,1051,877,1404,785,1263,1253,872,776,722,859
"ENSG00000204103",252,158,40,45,49,299,176,207,145,13,31,25,39
"ENSG00000204104",796,1065,114,94,67,131,113,146,105,152,106,128,186
"ENSG00000204116",133,161,136,124,87,116,60,109,121,109,75,90,109
"ENSG00000204120",3987.99999,3442,1587,1636,1372,1961,968,1864,1919,2278,2313,1555,1748
"ENSG00000204130",731.99999,783,171,156,149,298,196,212,264,327,307,320,291
"ENSG00000204131",141,104,294,202,225,227,175,281,192,91,80,76,96
"ENSG00000204138",1728,2011.99999,1825,1678,1392,2125,1242,2022,1996,2543,2636,2261,2686
"ENSG00000204147",132.00001,134,301,302,242,362,196,315,357,337,301,277,296
"ENSG00000204149",150,152,216,120,168,209,145,160,170,230,230,182,186
"ENSG00000204152",363,537,353,325,318,406,330,364,359,386,418,387,381
"ENSG00000204160",230,228,188,95,121,158,162,224,193,133,155,110,126
"ENSG00000204172",107,89,131,64,75,117,80,134,101,110,133,110,111
"ENSG00000204175",25,16,351,257,284,422,310,402,495,102,118,86,125
"ENSG00000204178",575,947,137,146,134,298,192,212,234,222,172,159,211
"ENSG00000204186",505.00001,386,266,269,212,836,327,912,758,626,731,586,519
"ENSG00000204209",675.00001,572,3439,2999,2684,3426,2694,3420,3382,3947,3722,2997,3292
"ENSG00000204217",1098,1196,293,353,288,317,134,253,210,592,740,591,695
"ENSG00000204219",46,48,3,8,3,44,42,84,34,43,29,25,21
"ENSG00000204220",176.00001,177.99999,548,481,408,383,444,382,405,307,315,255,311
"ENSG00000204227",434,395,86,79,94,119,105,123,108,127,195,195,172
"ENSG00000204228",67,74,196,174,175,403,523,394,352,239,284,341,284
"ENSG00000204231",252.99999,350,165,143,136,189,165,184,189,278,280,229,293
"ENSG00000204237",281.00001,292,902,807,741,599,830,688,622,495,600,508,569
"ENSG00000204248",21,25,34,24,11,9,11,27,30,6,22,5,25
"ENSG00000204256",2112.99998,1704,2621,2695,2267,3680,2178,3566,3817,4667,4565,3373,4399
"ENSG00000204262",160,292,702,685,627,647,233,486,500,1831,1910,1276,1444
"ENSG00000204267",42,26,114,144,136,62,28,44,94,35,36,34,28
"ENSG00000204271",171.99999,500,441,432,297,609,286,506,580,594,637,557,536
"ENSG00000204272",1048,1326,1952,1702,1428,2308,2071,1966,1992,2140,2022,1904,1909
"ENSG00000204301",64.00001,73.99999,110,91,99,176,113,136,153,127,158,152,121
"ENSG00000204304",622,686,179,158,134,270,233,250,268,214,264,150,238
"ENSG00000204305",50.99999,61,40,18,21,21,34,22,27,11,25,26,32
"ENSG00000204308",1016,1167,4308,3626,3201,4606,6197,4044,4228,4560,4641,4563,4394
"ENSG00000204310",827.00001,666,2322,1863,1718,2028,1579,1886,2076,1852,2018,1481,1736
"ENSG00000204311",87,56.99999,28,25,21,28,33,31,46,37,19,43,61
"ENSG00000204315",86,95,181,142,136,186,224,153,198,300,246,179,231
"ENSG00000204316",436.00001,390,1507,1117,1061,908,1248,929,1073,1329,1409,1123,1296
"ENSG00000204323",93,41,3,9,11,2,0,2,3,160,130,136,137
"ENSG00000204334",67,102,36,30,53,94,103,96,127,29,31,27,33
"ENSG00000204344",213,228,248,242,189,329,355,245,293,513,487,403,413
"ENSG00000204347",200,306,32,30,39,108,182,121,86,90,104,116,135
"ENSG00000204348",170.99999,191,468,381,368,498,482,536,531,841,835,777,749
"ENSG00000204351",353,295.99999,1433,1327,1198,1665,995,1681,1977,1313,1556,1119,1299
"ENSG00000204356",821.99999,831.00001,3824,3227,3002,3559,5114,3356,3288,3881,3786,3598,3448
"ENSG00000204370",299,444,3190,3002,2298,1961,2255,1574,1803,2045,1745,2040,2004
"ENSG00000204371",1109.00001,1118.00001,4121,4005,3869,6993,4735,7653,7251,5877,5841,4998,6531
"ENSG00000204381",54,48,25,43,21,23,19,11,8,9,11,11,6
"ENSG00000204386",308,237,1477,1253,1056,1296,1280,1030,1314,1538,1799,1460,1288
"ENSG00000204388",179,167,951,718,724,846,671,987,803,2561,2412,1292,1556
"ENSG00000204389",170,223,914,766,810,1653,1290,1803,1886,1868,1830,1139,1239
"ENSG00000204390",93,119,28,51,29,61,37,33,57,40,59,55,40
"ENSG00000204392",1020.00001,1026.99999,1479,1190,1179,1688,2375,1581,1649,1810,1770,1709,1807
"ENSG00000204394",488,458,5339,4817,4415,3647,2335,3915,3893,4064,3891,2993,4083
"ENSG00000204406",1714.99999,3113.00001,265,262,218,469,221,391,363,526,584,492,524
"ENSG00000204410",288,490.99999,238,166,198,328,203,409,403,289,398,222,280
"ENSG00000204427",385,504,1212,953,841,1329,894,1214,1410,2668,2791,2116,2293
"ENSG00000204428",42,46,14,16,18,7,5,10,3,15,27,12,17
"ENSG00000204435",1666,1860.00001,4536,3549,3405,3836,3910,3459,3661,4536,4348,3964,4009
"ENSG00000204438",309,477,608,507,432,638,693,619,642,676,639,567,600
"ENSG00000204439",156,142,596,502,525,689,565,745,739,705,610,551,749
"ENSG00000204442",384,220,65,49,48,115,61,93,89,139,135,117,134
"ENSG00000204444",37,51,73,80,64,88,70,83,80,105,95,106,100
"ENSG00000204463",1909.00001,1762.00001,1562,1363,1228,1606,1116,1708,1798,1921,2072,1397,1885
"ENSG00000204469",2326.99999,1986,1514,1300,1275,1143,898,1304,1257,1227,1268,869,1037
"ENSG00000204472",15,21.99999,135,126,91,91,65,70,75,3,4,4,0
"ENSG00000204498",255.99999,256,219,204,205,425,478,434,469,606,672,586,661
"ENSG00000204514",537,502,1273,1284,953,933,627,862,813,623,729,564,473
"ENSG00000204519",108,144,920,1042,724,946,515,898,793,460,399,399,447
"ENSG00000204520",147,50,295,214,240,260,385,283,259,296,261,261,261
"ENSG00000204524",185,209,349,400,407,621,222,485,448,518,607,465,394
"ENSG00000204525",594,142,2739,2181,1933,1779,1813,1438,1733,1202,1185,946,961
"ENSG00000204531",49,35,35799,28156,25579,1228,1738,1388,1314,22,31,22,14
"ENSG00000204536",223,288.00001,817,635,547,620,477,604,783,620,667,494,533
"ENSG00000204560",252,272,1835,1641,1373,1845,1029,2078,1935,1927,1967,1401,1743
"ENSG00000204564",229,214.99999,163,120,120,123,108,107,138,158,165,122,139
"ENSG00000204568",616,596,2996,2583,2236,1987,2115,1902,1897,2221,2419,2156,2261
"ENSG00000204569",913,851,1649,1483,1411,1468,928,1685,1602,2055,2306,1627,1882
"ENSG00000204574",1098,972,3600,3013,2656,3241,1968,3537,3488,2101,2210,1582,1960
"ENSG00000204576",466.99999,335,406,310,270,433,332,404,469,1263,1315,1160,1113
"ENSG00000204580",1818.00001,2246.99999,5252,4913,4083,5070,3321,4793,5244,8976,10295,7058,8298
"ENSG00000204590",495,398,1824,1662,1334,1853,1282,1748,1927,2305,2417,1902,2073
"ENSG00000204592",209,139,1725,1456,1258,1699,1643,1361,1871,1193,1380,1192,1113
"ENSG00000204599",156,181.00001,481,481,377,499,296,501,434,371,403,350,371
"ENSG00000204604",61,67,749,777,655,896,450,692,778,692,565,572,545
"ENSG00000204611",145,209,1026,1130,840,1305,762,1130,1292,966,875,827,825
"ENSG00000204619",429,528,1120,955,803,1223,960,1199,1340,1481,1453,1307,1472
"ENSG00000204624",308,411,270,246,227,168,117,195,259,269,390,227,330
"ENSG00000204628",17029.00001,18889.99998,36763,31319,28131,32485,36580,30121,29647,27471,26059,24898,24519
"ENSG00000204634",435,417,336,299,338,116,81,110,122,89,90,96,110
"ENSG00000204673",336,342,244,255,260,226,212,288,265,184,152,151,244
"ENSG00000204681",1159,1151.99999,1047,917,703,1029,615,1127,954,616,729,561,608
"ENSG00000204711",139.99999,182,703,625,579,9,1,6,3,36,21,11,12
"ENSG00000204713",817.00001,857.00001,2901,2660,2402,2934,2265,2868,2902,2200,2104,2169,2149
"ENSG00000204740",28,17,18,17,7,14,17,16,19,19,26,33,15
"ENSG00000204764",847.99999,1541,367,401,363,375,297,368,390,494,470,496,399
"ENSG00000204815",108,163.99999,62,49,37,96,112,129,122,275,286,185,252
"ENSG00000204822",20,17,320,246,271,423,595,299,309,471,559,453,454
"ENSG00000204842",2678,3065.00001,437,357,290,402,295,435,472,497,542,453,541
"ENSG00000204843",1255.99999,1163.00002,6954,6034,5275,8954,4604,9251,9156,11367,12214,8333,9720
"ENSG00000204851",63,43,9,8,11,10,6,12,14,63,87,38,52
"ENSG00000204852",491.99999,625.00001,345,263,278,663,512,608,673,1545,1556,1234,1401
"ENSG00000204856",413,563,1083,829,815,1160,1652,992,1103,1080,976,1057,1118
"ENSG00000204859",170.99999,179.99999,520,401,373,596,529,563,560,646,577,528,560
"ENSG00000204899",740,885,635,654,502,826,690,629,650,921,700,957,1075
"ENSG00000204920",56,41,220,231,213,265,171,178,231,232,298,210,242
"ENSG00000204922",451,459,904,668,766,564,1040,619,677,663,671,541,683
"ENSG00000204923",40,43,87,86,68,167,91,108,122,82,104,65,104
"ENSG00000204930",32.00001,16,5,7,7,2,10,4,3,11,30,19,13
"ENSG00000204946",102,137,146,170,153,217,220,281,144,164,227,190,238
"ENSG00000204947",130,67,308,305,268,291,203,340,254,223,219,255,201
"ENSG00000204950",170,271,2,0,1,9,19,5,2,69,60,63,106
"ENSG00000204954",290.00001,426,265,190,184,221,226,226,177,505,469,393,444
"ENSG00000204961",37,135,30,22,34,24,12,17,25,22,71,41,55
"ENSG00000204967",345,435,267,254,208,343,183,261,288,858,1079,907,784
"ENSG00000204977",824.99999,1646.00002,859,856,642,1475,1213,1242,1327,1283,1414,1192,1332
"ENSG00000204991",99,195,87,53,43,69,89,66,89,84,108,87,99
"ENSG00000205060",458,552,2593,2619,2044,2808,1412,2362,2755,3088,2935,2450,2872
"ENSG00000205078",417,338,30,11,29,24,58,31,35,84,87,78,81
"ENSG00000205084",355.99999,617.00001,517,442,415,696,537,585,632,1979,1871,1726,1746
"ENSG00000205116",36,14,50,19,17,23,26,38,41,29,18,13,38
"ENSG00000205129",128,161,118,94,103,175,124,152,152,108,69,58,55
"ENSG00000205133",304.00001,384.00001,342,353,205,464,329,294,367,579,450,670,614
"ENSG00000205138",141,132,62,77,170,202,493,233,150,110,70,143,297
"ENSG00000205155",726,920,1772,1295,1208,1642,1803,1396,1438,1509,1730,1484,1463
"ENSG00000205189",773,1017,172,164,135,384,265,338,277,631,379,476,497
"ENSG00000205208",396,515,961,1018,794,1811,1117,1292,1474,995,890,1022,1091
"ENSG00000205209",18,26,15,25,10,10,10,20,28,48,34,36,29
"ENSG00000205213",4557,4128,433,354,325,1126,843,1062,943,173,340,260,242
"ENSG00000205220",295,293,726,545,554,175,344,233,232,504,487,435,503
"ENSG00000205238",55,183,60,56,48,39,28,24,44,56,46,75,40
"ENSG00000205250",476,567,1299,1137,1221,1235,1166,1632,1325,1238,976,998,1513
"ENSG00000205268",998.99999,1034,404,403,360,791,542,627,580,500,434,426,465
"ENSG00000205269",389,456,47,45,33,104,92,77,71,222,188,179,237
"ENSG00000205277",40,17,184,99,110,100,86,74,81,83,116,58,61
"ENSG00000205302",880,1159.99999,2580,2601,2129,3719,3045,3154,3260,3237,3046,2975,3129
"ENSG00000205309",211,142,56,45,32,29,54,17,22,53,20,40,48
"ENSG00000205323",1441,2149.99999,2430,2072,1987,3229,3546,3032,2938,3106,2850,2707,2927
"ENSG00000205336",553.99999,673,38,34,37,514,263,412,456,2368,2835,1756,2319
"ENSG00000205339",1577,1613,2689,3109,2356,2214,1121,1893,1894,2579,1861,1893,2083
"ENSG00000205352",293.99999,282,3121,2672,2435,2119,2087,2028,2191,1172,1163,1011,1193
"ENSG00000205356",247,243,220,227,179,361,179,421,420,692,833,540,676
"ENSG00000205363",152,176,19,11,10,25,50,43,16,90,118,78,73
"ENSG00000205403",132,178,6,0,2,3,2,4,0,144,67,87,73
"ENSG00000205423",320,314.00001,475,435,410,713,715,567,686,365,405,465,395
"ENSG00000205476",1156,625,259,152,165,380,277,309,319,597,718,596,606
"ENSG00000205517",89,83,477,384,366,179,98,161,145,7,8,10,11
"ENSG00000205531",3389,3405,5819,4967,4702,5995,4798,5692,5749,7598,7517,6388,7021
"ENSG00000205542",9063,16733,94147,77778,77485,76755,117687,69795,59932,77919,82364,83745,70823
"ENSG00000205544",774.99999,682,1209,983,971,1314,3362,1373,1261,712,652,833,552
"ENSG00000205560",125,118,264,145,161,214,168,242,269,178,257,172,186
"ENSG00000205571",31,35,864,803,669,904,804,732,682,799,627,624,777
"ENSG00000205581",4132,5468.99999,4737,5394,4896,9278,10157,7377,7573,5750,4509,6336,7488
"ENSG00000205592",19,22,35,10,32,0,0,0,1,0,0,3,5
"ENSG00000205593",554,493,34,14,30,100,89,96,99,570,483,451,783
"ENSG00000205609",105,91,0,37,13,56,29,36,122,36,118,14,123
"ENSG00000205629",754.99999,678,1727,1461,1349,2078,2222,1818,1927,1627,1511,1468,1504
"ENSG00000205639",36,24.00001,42,37,64,45,40,64,55,33,34,14,38
"ENSG00000205643",105,177.00001,389,258,313,498,507,431,452,577,549,511,594
"ENSG00000205659",313,482,455,445,348,824,755,763,755,1465,1388,1512,1534
"ENSG00000205683",124.99999,246,4,0,1,7,3,3,2,81,214,133,119
"ENSG00000205702",57,73,27,17,22,29,12,21,38,20,71,40,29
"ENSG00000205707",245,333,142,160,118,193,205,116,160,391,355,472,441
"ENSG00000205726",2121.99999,1762,3003,2694,2429,3106,1724,2926,2996,3358,3701,2704,3144
"ENSG00000205730",201,234,44,49,56,31,13,24,20,40,29,37,75
"ENSG00000205758",1475.99999,2217.99999,581,478,528,1030,755,847,892,1264,1260,1323,1342
"ENSG00000205765",470,620,972,1220,881,1679,763,1404,1536,1457,1211,1155,1340
"ENSG00000205808",82,97,328,466,429,420,244,409,407,409,368,428,599
"ENSG00000205832",30,14,18,26,25,12,5,16,14,18,13,17,13
"ENSG00000205838",780.00001,596,38,15,22,34,27,29,17,57,74,63,88
"ENSG00000205903",242,215,43,24,38,47,55,83,57,100,105,85,73
"ENSG00000205922",147,245,1,0,1,12,3,1,0,33,68,57,74
"ENSG00000205929",83,94,77,41,40,60,37,41,44,351,394,308,330
"ENSG00000205937",1861,2008.00001,10930,9027,8703,10877,8885,10840,11490,10916,10780,8139,10225
"ENSG00000205978",337,306,712,855,587,2870,1367,2876,3025,1862,2113,1347,1588
"ENSG00000205981",793,1190.99999,1809,1499,1398,1820,2194,1810,1692,1166,1258,1346,1372
"ENSG00000206052",198,470,6,4,13,4,0,6,6,138,118,142,120
"ENSG00000206053",1144,1133,3785,3424,3039,5633,4762,4760,5520,5678,5515,4633,5851
"ENSG00000206077",191,236.99999,22,24,24,22,22,27,39,345,402,251,297
"ENSG00000206190",24,13,84,55,46,7,4,4,7,16,18,10,17
"ENSG00000206418",301,267,40,21,17,13,12,10,4,8,18,23,12
"ENSG00000206432",108,369,23,29,13,32,26,33,38,91,96,67,75
"ENSG00000206503",1076.00001,616.99999,5491,4371,3791,4568,5067,3622,4601,1799,1820,1589,1406
"ENSG00000206527",282,247,858,996,815,1118,584,794,908,801,693,710,784
"ENSG00000206530",311,383.99999,10,4,8,35,20,22,24,80,87,52,53
"ENSG00000206535",149,251,164,143,127,182,123,198,163,407,353,335,407
"ENSG00000206538",31,43,63,59,38,35,16,16,20,17,10,15,20
"ENSG00000206557",269,372,4948,4107,3576,4155,2540,4066,3691,402,464,350,431
"ENSG00000206559",35,41,13,6,13,36,38,24,23,13,34,35,31
"ENSG00000206560",815.99999,1227,791,729,579,354,225,366,295,463,418,386,487
"ENSG00000206561",100,160,87,31,26,97,32,61,65,90,118,76,69
"ENSG00000206562",350,422.99999,332,287,273,493,467,435,458,543,508,472,560
"ENSG00000206579",387,950,30,14,12,21,11,3,8,151,182,125,110
"ENSG00000211445",133,174,1054,909,814,1041,994,887,1063,839,565,698,771
"ENSG00000211448",14,18,6,6,0,1,0,8,0,25,35,25,24
"ENSG00000211450",2667.00001,2922.00001,3913,3057,3241,3172,4162,3248,3214,2974,3111,2787,2952
"ENSG00000211454",58,57,6,5,11,18,5,12,1,10,25,8,22
"ENSG00000211455",450,497,846,984,731,1780,1132,1425,1560,949,905,893,847
"ENSG00000211456",820,1195.00001,1333,1374,1111,917,537,706,793,1022,957,909,962
"ENSG00000211460",925.00001,1095.00001,4119,3768,3485,4377,3717,3486,3824,4407,3706,4068,4186
"ENSG00000211584",278,252,375,357,256,449,380,415,334,312,387,292,490
"ENSG00000212127",23,23,10,8,10,20,18,21,13,22,18,12,35
"ENSG00000212747",456,470,262,257,238,261,200,278,298,500,676,500,518
"ENSG00000212864",255.00001,193,24,20,17,5,12,11,15,18,35,21,47
"ENSG00000212907",891,1929,3357,2091,2229,637,379,598,877,564,787,602,778
"ENSG00000212916",30,43,123,72,101,151,122,109,148,105,71,103,104
"ENSG00000213015",663.00001,718.00001,76,72,105,230,333,299,205,107,123,130,376
"ENSG00000213020",313,454.00001,380,385,358,775,351,742,768,543,552,468,507
"ENSG00000213023",49,46,128,95,89,76,39,81,62,37,52,31,38
"ENSG00000213024",1333.00001,1132.00001,3874,3127,2947,4970,3581,5227,5712,4321,4366,3155,3824
"ENSG00000213047",782,2297.00002,35,44,46,81,53,76,47,437,349,428,560
"ENSG00000213064",574,534,907,971,777,1587,688,1375,1309,2156,2257,1737,1932
"ENSG00000213066",1869,1997.99997,670,629,524,774,563,560,641,830,784,633,714
"ENSG00000213079",2053,1725,480,561,480,908,649,927,847,716,623,515,870
"ENSG00000213088",41,41,3,1,1,2,6,4,9,26,43,22,60
"ENSG00000213096",459,1029,807,887,712,1167,624,997,1090,1215,990,1012,1107
"ENSG00000213123",1128,1333,205,179,153,507,624,444,469,934,752,733,952
"ENSG00000213145",213,264,50,58,61,146,245,147,113,189,97,109,123
"ENSG00000213160",960,1158.00001,2056,2210,1845,3026,1914,2587,2736,3090,2524,2963,3068
"ENSG00000213186",641.00001,736,1323,1315,1098,2225,1394,1637,1937,1742,1321,1512,1720
"ENSG00000213190",2276,3446,1946,1734,1435,3496,2896,2667,3050,8155,8716,7258,7726
"ENSG00000213213",60,109,15,11,11,19,10,25,27,13,30,24,8
"ENSG00000213246",897,923,1437,1285,1060,1604,1933,1490,1450,1676,1621,1633,1482
"ENSG00000213281",816,995,2747,3135,2473,4483,3092,3633,4016,3007,2668,2812,2815
"ENSG00000213297",54,73,211,240,175,408,398,396,415,484,411,457,477
"ENSG00000213337",461,439,478,293,284,301,323,254,308,426,515,453,440
"ENSG00000213339",314.99999,369.00001,1665,1169,1122,905,941,947,1045,1302,1534,1125,1349
"ENSG00000213341",274,327,554,667,533,695,503,566,556,524,423,498,509
"ENSG00000213347",613,688.00001,128,113,92,243,388,270,254,485,506,523,502
"ENSG00000213366",288.99999,433,256,262,207,500,410,529,470,1210,1339,1024,909
"ENSG00000213380",516,374,857,915,935,1411,861,1339,1240,1074,1039,1090,1262
"ENSG00000213390",426.00001,412,1574,1458,1288,2379,1294,2129,2626,1860,1537,1461,1785
"ENSG00000213397",217,209,1068,856,809,709,752,718,724,817,778,716,727
"ENSG00000213398",45,17,172,78,96,26,33,49,34,33,54,29,57
"ENSG00000213420",464.99999,557.99999,207,243,300,328,262,335,354,738,742,863,1292
"ENSG00000213445",61.99999,52,142,88,117,77,78,61,41,33,36,27,50
"ENSG00000213462",92,55,96,89,87,242,162,241,210,323,460,316,311
"ENSG00000213463",568,584,1064,891,815,1049,606,829,821,974,896,814,992
"ENSG00000213465",1136.00001,966,5723,4136,4207,5873,8876,5828,6061,2631,2351,2257,2305
"ENSG00000213516",298,305,755,695,641,775,453,640,674,457,471,424,523
"ENSG00000213523",498.99999,514,1537,1353,1204,1334,1745,1270,1348,1079,1113,982,1006
"ENSG00000213533",177,41,221,161,164,166,151,172,99,101,88,92,144
"ENSG00000213551",1200,1415,1504,1306,1126,2182,2036,2199,2074,3410,3027,2842,3188
"ENSG00000213563",196,172,43,33,33,19,43,34,35,33,32,19,23
"ENSG00000213585",2232.99999,2623.00001,8938,8238,7668,6443,4816,5828,5742,6477,6262,5350,5959
"ENSG00000213588",143,176,952,820,659,941,571,815,855,486,502,351,368
"ENSG00000213593",583,660,3852,3516,2955,2650,2287,2261,2524,2277,2165,2025,2213
"ENSG00000213614",702,721.99998,2194,1761,1571,1917,1763,1540,1750,1949,2015,1940,1795
"ENSG00000213619",1414,1351,2411,1900,1867,1901,2730,1825,1632,2634,2624,2586,2340
"ENSG00000213625",856,864.99999,974,987,829,1639,1522,1260,1355,892,893,957,931
"ENSG00000213626",306,276,739,572,560,699,575,732,610,2151,2197,1666,1763
"ENSG00000213638",46,47,23,13,38,56,84,78,37,25,23,11,65
"ENSG00000213639",2343.99998,2774,3763,4428,3400,7264,5291,4905,5408,7380,5707,7337,8179
"ENSG00000213654",76,20,34,19,15,63,51,54,66,6,8,4,0
"ENSG00000213672",286.99999,320,1207,1143,1024,2301,1725,2419,2248,1131,911,799,1106
"ENSG00000213676",767,702.99999,302,275,243,305,176,293,372,622,794,567,599
"ENSG00000213694",2150,1270,242,239,188,3696,2123,2785,2831,138,226,227,159
"ENSG00000213699",448,327.00001,626,623,481,663,355,627,674,881,898,667,844
"ENSG00000213719",2165,2454,8671,6703,6446,10413,12733,9098,9271,10093,9414,9339,10053
"ENSG00000213722",2244.99999,2767.00001,1466,1220,1157,3281,3725,3441,3514,6165,6804,5798,5689
"ENSG00000213741",23709,18753.00001,4420,4008,4249,4755,8099,4922,3873,4067,3804,4400,3934
"ENSG00000213760",160,118,82,47,56,151,111,124,112,482,548,425,408
"ENSG00000213762",197,274,1837,1663,1391,1831,1087,1668,1818,1203,1277,1287,1184
"ENSG00000213780",162,141.99999,356,392,302,551,493,495,557,353,323,301,309
"ENSG00000213782",121,494,2617,2357,2285,3575,3416,2854,3083,2693,2557,2546,2745
"ENSG00000213793",70,59,236,296,231,327,131,289,278,187,180,162,172
"ENSG00000213799",94,86,609,652,471,727,352,679,694,343,340,314,350
"ENSG00000213853",360,282,469,370,360,762,599,723,657,885,852,649,899
"ENSG00000213859",85,80,397,355,293,313,248,339,310,643,733,523,579
"ENSG00000213903",76,36,17,18,23,12,14,9,17,3,22,7,23
"ENSG00000213918",336,298,344,286,283,424,248,419,525,548,662,450,522
"ENSG00000213920",417,387.99998,520,437,395,501,1042,504,514,479,623,693,533
"ENSG00000213923",1829.99999,1968,2236,1620,1698,1239,1095,1222,1240,1935,1995,1560,1793
"ENSG00000213928",99.00002,106.00002,265,208,126,109,147,133,139,146,169,123,108
"ENSG00000213930",274.99999,318,701,495,484,699,629,649,811,867,1153,913,814
"ENSG00000213949",73.00001,46,70,94,71,114,50,84,77,60,51,80,51
"ENSG00000213965",110,85,72,59,41,67,21,60,69,119,152,133,134
"ENSG00000213977",613,522,2844,2316,2093,1603,1422,1556,1775,1886,2025,1770,1723
"ENSG00000213983",209.99999,274.00001,1254,920,978,1047,583,1104,1194,402,543,417,400
"ENSG00000213988",167,242.99999,987,1085,812,711,584,655,684,471,378,392,389
"ENSG00000213995",339,382.99999,1160,985,852,1177,1059,1207,1231,1466,1292,1128,1185
"ENSG00000213996",29,35,67,52,70,131,138,197,161,55,48,37,36
"ENSG00000214013",154.00001,172,190,174,179,324,163,312,316,345,369,345,337
"ENSG00000214021",556.99999,392.99999,136,118,105,268,148,238,241,254,420,284,311
"ENSG00000214022",784.00001,827.99999,386,323,368,268,270,405,268,744,737,668,1477
"ENSG00000214029",382,425,238,164,155,333,301,258,246,319,392,297,380
"ENSG00000214046",887.99999,1187.99999,1370,1239,1134,1586,2032,1441,1451,1932,2040,2017,1996
"ENSG00000214050",300,772.99999,125,89,89,207,284,211,220,201,190,183,187
"ENSG00000214063",615,658.99999,1152,845,899,331,378,296,348,732,732,666,653
"ENSG00000214078",835.99999,1441,5499,4296,3854,6838,7740,5797,6196,6159,6094,5747,5691
"ENSG00000214087",559.00003,425,1123,1028,927,1154,1944,1109,1178,1151,1273,1338,1217
"ENSG00000214113",744,942,1732,1343,1437,1602,2514,1517,1440,1675,1702,1785,1791
"ENSG00000214114",493,541.99999,1258,1322,907,1632,1478,1356,1322,801,633,802,811
"ENSG00000214140",50.99999,60.00001,11,1,2,13,10,7,7,15,25,38,19
"ENSG00000214160",367,322.00001,3236,2768,2304,2071,1548,1833,1908,1695,1639,1337,1482
"ENSG00000214193",99,95,220,169,177,212,148,212,226,66,66,52,58
"ENSG00000214194",684,656,752,705,606,840,988,711,742,771,735,873,829
"ENSG00000214253",1302,1449.99999,1746,1494,1426,1621,2448,1427,1398,1914,2142,1969,1809
"ENSG00000214274",25,24,61,39,43,51,61,35,37,186,218,179,172
"ENSG00000214279",37,27,19,21,22,15,4,12,16,14,29,25,17
"ENSG00000214300",190,201,83,63,72,74,47,74,99,69,106,99,52
"ENSG00000214336",273,331,96,64,51,42,13,32,27,27,31,19,28
"ENSG00000214338",740.99999,628,61,49,105,100,54,112,68,183,97,138,298
"ENSG00000214357",104,127,146,75,111,164,133,140,146,150,135,87,118
"ENSG00000214367",280,294,332,366,295,597,415,460,462,412,387,397,460
"ENSG00000214376",13,15,31,33,26,22,17,21,21,3,11,5,14
"ENSG00000214413",445,676,250,228,160,296,374,263,301,448,479,448,423
"ENSG00000214435",431,490,383,350,350,571,382,504,511,716,638,572,562
"ENSG00000214456",49,52,29,18,24,34,31,43,63,136,164,123,186
"ENSG00000214491",27,69,40,30,43,93,65,68,70,73,89,60,51
"ENSG00000214517",718,528.00001,3231,2817,2395,3232,2227,3068,3182,3103,3207,2748,2709
"ENSG00000214530",282,210.99999,121,98,68,249,308,195,215,196,206,226,224
"ENSG00000214575",152.00001,112.99999,65,80,55,107,85,93,77,153,208,168,159
"ENSG00000214595",102,135,4,10,5,8,3,13,10,52,63,57,48
"ENSG00000214654",61,69,156,117,148,190,161,136,143,180,182,142,152
"ENSG00000214655",264,283.99999,213,139,148,152,152,218,258,256,278,204,291
"ENSG00000214706",385.00001,303,3172,2499,2173,1813,2032,1891,2025,841,816,746,1024
"ENSG00000214753",1218,1163,203,131,156,187,196,218,205,213,225,149,186
"ENSG00000214756",90,181,208,182,134,156,199,134,137,118,108,127,97
"ENSG00000214872",35,25,26,7,6,32,39,42,45,9,13,2,13
"ENSG00000214941",613,624,790,723,618,886,979,833,794,741,685,733,617
"ENSG00000214954",55,57,21,20,8,10,7,14,7,0,1,4,5
"ENSG00000215012",298,255.00001,1049,957,880,1076,692,1063,1028,1022,1321,967,1223
"ENSG00000215021",1643,1708,7168,5709,5180,4114,5268,4068,4222,4241,4484,4382,4227
"ENSG00000215041",139.00001,161,309,256,193,214,196,280,236,250,282,195,296
"ENSG00000215045",23,13,24,17,18,27,21,24,9,2,1,0,1
"ENSG00000215114",708,732,1425,1376,1125,2133,1083,1930,1892,2379,2302,1907,2163
"ENSG00000215126",86,126.00001,139,138,134,143,163,171,130,232,239,196,216
"ENSG00000215156",159,158,128,93,106,131,49,106,114,98,214,119,82
"ENSG00000215193",577.99999,510,255,215,214,310,189,318,321,275,327,227,318
"ENSG00000215217",69,83,3,6,3,6,10,9,7,107,113,117,124
"ENSG00000215218",68,152,8,2,2,23,10,15,17,76,91,97,67
"ENSG00000215251",157,209,1137,1099,970,956,573,840,927,501,556,450,450
"ENSG00000215252",292,349.00001,563,378,389,442,193,447,424,451,496,434,346
"ENSG00000215301",1270.99998,1782.99997,8805,10067,8199,14951,6375,12483,13142,12030,11693,9350,10307
"ENSG00000215305",307.00001,342,877,868,720,1355,1004,1226,1421,1859,1905,1361,1542
"ENSG00000215375",182.99999,126,43,38,32,60,96,78,84,97,156,125,86
"ENSG00000215397",72,139,0,0,2,0,0,0,0,39,32,29,17
"ENSG00000215421",202,270,229,178,198,269,90,267,309,578,547,403,436
"ENSG00000215440",255,237,477,311,349,442,445,466,536,172,227,161,205
"ENSG00000215472",54,46,630,632,542,901,1032,754,771,923,925,991,990
"ENSG00000215712",277,321,806,615,629,864,865,672,736,902,857,851,952
"ENSG00000215717",241,339,422,446,397,795,572,653,664,846,933,795,835
"ENSG00000215784",18,31,313,348,302,653,330,443,460,431,313,368,442
"ENSG00000215788",153.99997,176,164,118,127,121,126,119,154,38,89,36,40
"ENSG00000215845",264,100.99999,1419,1121,1071,811,1116,841,851,33,34,48,30
"ENSG00000215883",213,133,508,409,342,466,310,472,435,534,610,397,514
"ENSG00000216937",507,355,11,21,13,23,7,19,18,30,37,37,29
"ENSG00000217128",1128,1269.00001,341,332,289,569,322,407,464,635,610,535,552
"ENSG00000217555",514,866.99999,133,122,119,280,307,188,199,274,224,261,225
"ENSG00000217930",654,593,836,673,716,491,982,524,484,552,557,593,560
"ENSG00000218336",4726.99999,859,627,633,537,828,304,737,651,711,962,762,779
"ENSG00000218739",25,390,324,366,325,180,122,110,175,231,242,198,255
"ENSG00000218891",242,139,16,14,26,25,32,38,47,28,35,20,36
"ENSG00000219200",2104,1819.99999,3410,2739,2656,2837,2658,2656,2749,3247,3453,2660,2847
"ENSG00000219481",498.99999,625,720,609,638,1765,868,1752,1794,5215,4655,3940,4463
"ENSG00000219545",435,580,244,244,185,417,368,348,328,402,389,454,413
"ENSG00000219626",471.00001,415,242,168,205,262,145,175,183,299,458,316,300
"ENSG00000220201",31.99999,40,25,27,17,20,13,14,16,21,34,13,21
"ENSG00000220205",886,899.99999,313,275,235,372,307,367,403,1455,1751,1242,1479
"ENSG00000221818",16,66,13,5,3,3,2,3,6,230,241,162,186
"ENSG00000221821",116,75,59,50,39,129,142,82,102,183,205,149,157
"ENSG00000221823",866,1185,44,39,20,28,31,19,35,17,26,27,21
"ENSG00000221829",380.99999,438.99999,1830,1558,1381,1969,1934,2119,2350,2321,2166,1967,2209
"ENSG00000221838",274.00001,346.99998,384,280,238,525,441,480,532,474,540,472,472
"ENSG00000221843",23,119,21,18,13,25,26,34,32,40,33,52,36
"ENSG00000221866",60,72,44,42,32,29,33,17,7,24,59,25,30
"ENSG00000221886",208,361,377,377,272,501,414,343,363,568,501,569,494
"ENSG00000221890",181,121,72,58,53,114,103,116,119,86,140,77,117
"ENSG00000221909",166,177,247,297,269,454,383,298,332,399,367,421,353
"ENSG00000221914",1269.99997,1241,929,935,711,901,839,775,838,748,594,614,787
"ENSG00000221916",62,35,43,24,45,29,52,32,20,109,90,85,118
"ENSG00000221923",75,140,24,30,13,41,22,41,55,125,118,86,124
"ENSG00000221926",225,511,467,349,409,543,485,459,450,700,726,732,714
"ENSG00000221944",176,107,494,256,331,474,310,441,457,847,925,849,734
"ENSG00000221946",25,44,61,40,42,24,16,20,10,36,68,38,51
"ENSG00000221955",99,82,367,316,324,259,147,250,246,118,108,98,92
"ENSG00000221968",102,76,197,165,175,157,190,149,170,62,78,66,95
"ENSG00000221978",1343,1482.99999,1815,1635,1604,2544,1901,2685,2768,2352,3017,2811,3101
"ENSG00000221983",8145,8768,8664,7252,7542,7539,8753,7778,7363,7210,7075,6068,6459
"ENSG00000221988",376,475.00001,858,724,612,910,674,673,788,1745,1795,1531,1622
"ENSG00000221994",32,33,48,53,43,51,65,60,81,27,15,23,14
"ENSG00000222009",116,188,22,12,17,27,11,25,26,43,60,40,46
"ENSG00000222011",346,397,163,187,145,228,191,194,197,209,194,235,240
"ENSG00000223496",494,481,335,286,273,399,268,362,336,391,408,302,456
"ENSG00000223501",501.99999,538,1719,1434,1304,1680,1287,1558,1661,2027,2051,1716,1728
"ENSG00000223547",128,133,82,58,61,180,130,127,163,294,274,360,296
"ENSG00000223573",55,47,6,4,11,129,93,111,169,51,55,48,62
"ENSG00000223802",398.99999,340,117,84,57,59,62,75,62,45,56,32,33
"ENSG00000223865",123,155,450,357,347,171,143,131,172,375,382,347,322
"ENSG00000223953",101,70,19,3,10,13,21,18,16,20,26,21,31
"ENSG00000224051",169,139,165,153,138,132,132,191,196,182,158,155,178
"ENSG00000224109",65,49,41,39,78,55,66,67,57,63,30,75,197
"ENSG00000224383",15,51.00001,5,6,0,20,3,11,30,31,34,26,40
"ENSG00000224470",222,237,460,443,394,717,390,730,689,392,485,390,351
"ENSG00000224531",328,263,60,59,37,69,60,53,77,118,107,111,121
"ENSG00000224877",940,790,111,135,256,165,361,199,135,113,107,153,387
"ENSG00000225190",197,209.99999,267,244,216,313,184,325,391,299,387,300,262
"ENSG00000225614",40,32,43,29,33,38,5,27,31,2,8,1,3
"ENSG00000225663",1529,1414.99999,2047,1376,1367,1612,3117,1600,1754,3038,3258,3135,2651
"ENSG00000225697",143,190.99999,2144,1793,1601,1998,1456,2045,2670,817,827,705,758
"ENSG00000225828",46,85,23,6,16,29,30,38,19,17,21,30,45
"ENSG00000225830",594.00001,413.00001,309,333,294,544,235,459,443,594,657,500,505
"ENSG00000225921",1171,1028,1847,1821,1693,1500,1298,1550,1412,1438,1365,1220,1399
"ENSG00000225968",1339,1115,8,7,17,33,55,73,37,77,87,79,165
"ENSG00000225973",75,211,214,147,163,221,302,200,227,212,237,231,185
"ENSG00000226314",18,17,25,40,37,48,38,36,52,40,47,46,20
"ENSG00000226479",176,166,178,162,145,193,209,212,213,209,193,206,278
"ENSG00000226742",54,73,23,6,22,23,26,18,15,15,14,36,19
"ENSG00000226887",17,16,1277,1214,1071,106,52,88,162,20,21,31,70
"ENSG00000227051",949,1152,1286,1206,1006,1370,784,1399,1375,6077,6499,4624,5386
"ENSG00000227057",224,279.00001,2139,1981,1778,1357,1144,1359,1425,1208,1167,1010,1118
"ENSG00000227345",536,679,1446,1550,1216,1782,1027,1651,1568,1459,1438,1168,1188
"ENSG00000227500",473,426,500,388,403,907,635,966,1088,897,901,541,772
"ENSG00000228300",249.99999,194,225,121,158,106,153,118,111,43,32,22,45
"ENSG00000228474",3325,3878,3685,2882,2607,3580,4508,3603,3545,3935,3818,3938,3723
"ENSG00000228486",211,229,18,10,18,19,7,9,22,24,46,37,18
"ENSG00000228594",301,199,151,75,104,80,113,112,86,38,54,43,46
"ENSG00000228623",225,326,472,348,338,293,160,280,286,137,157,139,130
"ENSG00000228696",357,72,527,368,392,429,236,349,306,434,495,425,412
"ENSG00000228716",1018,958.99999,2117,2143,1737,2219,1401,2103,2030,4227,3236,3210,4133
"ENSG00000229117",1672.99999,1915.99999,26486,22514,22871,29531,48477,28774,26519,26581,24412,25955,25080
"ENSG00000229809",208.00001,187.99999,66,72,55,79,165,97,79,193,194,248,265
"ENSG00000229833",298,370,1570,1304,1309,1723,2220,1668,1509,1811,1957,1893,1932
"ENSG00000230124",872.99999,1314,1640,1552,1369,1183,1276,1187,1189,1323,1214,1153,1411
"ENSG00000230453",159,129,132,132,156,123,40,127,132,125,82,82,104
"ENSG00000230707",28,14,8,16,12,16,12,18,21,165,213,169,156
"ENSG00000230797",57,44,29,19,11,17,10,6,16,36,30,32,45
"ENSG00000230989",4132,4934,7453,7121,5912,9151,12427,7421,7693,11413,10916,12479,12037
"ENSG00000231500",3396,3865.99999,41144,32885,32069,39133,104892,37364,34395,33263,33300,46368,34075
"ENSG00000231738",68,141,0,5,1,18,11,2,8,67,69,72,70
"ENSG00000231887",114,174,42,38,37,44,16,26,28,86,65,80,57
"ENSG00000231925",603,463.99999,2049,1554,1336,1141,694,1005,1154,872,992,665,922
"ENSG00000232040",171,193,141,173,127,348,146,227,297,333,337,429,305
"ENSG00000232112",2989,3366,3907,3247,3406,4064,6159,3773,3429,3301,3267,3168,3193
"ENSG00000232119",1271,698,1260,1272,1064,1250,1295,1018,1053,1255,1115,1319,1261
"ENSG00000232388",825,1104,1082,966,790,1009,1257,953,873,951,939,1013,1035
"ENSG00000232434",69,184,7,9,13,12,19,6,13,33,46,29,31
"ENSG00000232593",422,490,227,186,205,271,139,230,223,257,290,251,234
"ENSG00000232838",154,143,369,436,404,429,272,420,354,292,304,318,323
"ENSG00000232859",122.99999,131.99999,100,86,94,139,138,97,120,226,293,229,252
"ENSG00000233232",44,39,24,24,23,9,12,9,9,8,3,10,10
"ENSG00000233276",1959.00001,1682,6776,4663,4965,3701,8532,3366,3557,3631,3473,3817,3282
"ENSG00000233757",249,344,177,267,170,466,139,337,356,384,291,303,290
"ENSG00000233822",161,110,50,21,18,27,23,31,41,73,73,54,51
"ENSG00000233927",194,217,8117,6731,6709,7440,9768,7481,6726,5810,5910,5258,5136
"ENSG00000233954",57,53,6,4,9,12,5,6,6,24,41,25,8
"ENSG00000233974",18,84,29,17,17,46,21,39,30,47,86,65,34
"ENSG00000234127",284,348,980,825,756,892,600,912,929,1315,1335,1102,1219
"ENSG00000234284",85,107,117,121,82,222,189,166,225,210,184,200,189
"ENSG00000234465",122.99999,132,205,168,192,167,335,186,150,257,229,210,243
"ENSG00000234545",436.99999,565,601,534,465,800,725,682,679,564,547,461,578
"ENSG00000234616",258,292.99999,989,921,744,1401,720,1326,1525,1421,1597,1073,1223
"ENSG00000234719",73,65,166,110,142,132,71,101,114,132,127,97,98
"ENSG00000234745",182,140,1717,1329,1088,1471,1527,1166,1450,1349,1481,1030,1159
"ENSG00000235034",216,184,2,8,12,39,76,45,43,20,12,20,33
"ENSG00000235098",77,66.99999,59,46,37,22,50,42,43,56,74,48,53
"ENSG00000235106",378,398,645,618,505,1529,1193,1521,1589,2195,2144,1918,2024
"ENSG00000235109",66,84,162,160,138,137,97,103,115,116,133,114,99
"ENSG00000235162",394,449,55,61,52,83,125,95,65,66,68,91,176
"ENSG00000235169",100,94,29,21,24,24,29,26,20,22,31,36,20
"ENSG00000235173",161,140,222,121,108,80,98,84,76,64,79,79,79
"ENSG00000235194",245,223,50,35,25,155,125,97,123,179,196,173,166
"ENSG00000235453",452,340.99999,125,113,103,207,226,188,125,206,184,183,180
"ENSG00000235863",45,59,53,64,51,58,65,65,38,58,63,82,84
"ENSG00000235961",57,47,24,14,29,14,20,24,20,63,89,77,86
"ENSG00000236104",165,151,124,122,111,369,288,353,350,497,540,519,576
"ENSG00000236287",771,954.99999,1098,990,852,1332,946,1088,1076,1378,1225,1187,1254
"ENSG00000236383",64,26,24,7,16,22,6,24,15,1,7,14,5
"ENSG00000236609",195,193,16,16,19,24,18,24,24,18,32,10,32
"ENSG00000236782",400,583,38,23,26,47,71,27,49,85,137,145,79
"ENSG00000237172",47,28,43,46,52,53,50,31,39,0,2,11,12
"ENSG00000237190",516,436,1398,1227,1075,1104,1816,1070,1155,869,838,1040,1003
"ENSG00000237440",174,299,198,199,149,339,195,314,365,396,424,374,406
"ENSG00000237441",333.00001,337.99999,798,664,657,835,607,767,874,636,645,502,690
"ENSG00000237489",58,73.99999,43,41,55,83,69,59,57,81,74,58,77
"ENSG00000237515",87,130,448,305,298,115,52,74,82,71,97,54,70
"ENSG00000237649",684.00001,737,3437,3159,2661,5545,3947,5024,5602,5546,5451,4139,5067
"ENSG00000237651",198,330,286,235,243,353,309,287,319,313,249,234,289
"ENSG00000237765",500.99998,609.99999,393,402,348,413,346,330,309,704,662,657,717
"ENSG00000238083",90,73.00001,453,365,370,332,185,304,284,438,523,373,419
"ENSG00000238227",269,259,219,143,123,197,269,191,158,102,71,88,111
"ENSG00000239264",599,510.99999,1382,1150,1034,787,995,700,698,745,619,577,708
"ENSG00000239282",84,62,301,207,223,377,317,367,388,130,203,138,138
"ENSG00000239305",220,241,59,58,52,127,90,108,83,134,116,117,151
"ENSG00000239306",746,793,2510,2331,2006,3819,2154,3938,4540,4995,5112,3545,4348
"ENSG00000239382",126.00001,133,92,46,32,35,63,51,45,20,41,19,29
"ENSG00000239672",2228,2544,8693,7408,6640,4582,8212,4190,4093,7399,6597,7359,7416
"ENSG00000239779",1001.00001,1152.99999,1447,1033,935,1668,2075,1429,1579,1823,1930,1723,1537
"ENSG00000239789",288,315,932,775,712,627,790,609,678,615,509,561,638
"ENSG00000239857",363,320,445,270,356,399,777,408,307,191,185,251,536
"ENSG00000239887",282,133.99999,339,216,253,269,211,257,196,555,502,417,518
"ENSG00000239900",1146.00001,1246,7801,6589,6030,4503,6964,4061,4151,3791,3569,3671,3619
"ENSG00000239920",20,30,41,29,21,36,23,50,31,38,42,38,42
"ENSG00000240038",103.99999,39.99999,23,13,10,38,11,28,49,67,116,87,78
"ENSG00000240053",25,31,85,79,68,60,40,70,61,77,79,66,74
"ENSG00000240184",754,151,407,277,275,810,536,598,650,572,694,546,563
"ENSG00000240204",61,68,3,4,6,8,9,10,9,18,23,36,36
"ENSG00000240230",298,275,411,352,334,545,394,581,658,539,610,449,472
"ENSG00000240303",159.00001,220,993,981,889,890,645,897,949,809,750,817,754
"ENSG00000240344",429,598,701,672,525,848,1092,736,757,763,718,734,805
"ENSG00000240445",288,263,169,144,141,242,236,278,177,276,287,251,409
"ENSG00000240563",47,30,9538,9087,7800,2470,1339,2298,2132,35,33,19,31
"ENSG00000240682",542.99999,493,485,464,442,777,681,686,757,803,879,654,748
"ENSG00000240694",444,328,283,228,228,1708,887,1388,1514,3569,3746,3115,3410
"ENSG00000240771",93,69,27,33,17,51,42,55,54,56,29,33,41
"ENSG00000240849",449,326,484,333,468,496,503,510,423,267,290,270,441
"ENSG00000240857",262,346,76,73,89,127,191,138,78,40,51,61,172
"ENSG00000240891",131,284,47,84,34,122,65,70,138,254,290,233,195
"ENSG00000240972",13385.00001,12825,41894,30179,31926,35955,62474,36964,37299,26997,27466,24249,25245
"ENSG00000241058",325.99999,427.99999,373,417,344,493,339,366,406,569,477,510,470
"ENSG00000241127",444.99999,604.99999,535,498,418,650,760,623,537,768,748,929,915
"ENSG00000241258",570.99999,763,636,560,477,796,534,650,717,798,819,638,704
"ENSG00000241343",182,227,4560,4548,4268,5272,6548,5244,4055,3913,3293,3408,3479
"ENSG00000241360",295,254,323,144,211,250,264,280,213,235,211,171,196
"ENSG00000241370",604.00001,719.99999,1189,902,892,968,1350,1007,1046,1168,1038,993,966
"ENSG00000241404",52,61,69,46,61,83,57,59,102,57,126,75,92
"ENSG00000241468",2802,2510.99999,3098,2243,2322,2645,4572,2654,2293,2723,2739,2640,2613
"ENSG00000241484",39.00001,25,1540,1217,1220,845,478,753,754,23,36,15,32
"ENSG00000241489",273,115,103,54,84,179,84,73,93,240,357,211,278
"ENSG00000241553",1168.99999,1145,2837,2197,2120,2191,3055,2009,1954,2068,2076,2139,2042
"ENSG00000241685",1356,1407,3776,3546,3450,5325,5710,5115,5339,4351,4229,3849,3989
"ENSG00000241697",624,1855,164,168,272,828,653,499,605,522,378,640,665
"ENSG00000241837",3416.99999,4406,10701,9396,8725,11771,17291,11052,10164,10154,10053,10782,10730
"ENSG00000241839",186,235,1306,1135,975,1150,791,1095,1240,489,499,413,386
"ENSG00000241852",141,139.99999,278,195,249,335,496,340,262,112,91,92,162
"ENSG00000241878",390,371,2097,1798,1575,1874,1608,1683,1941,1420,1445,1332,1446
"ENSG00000241935",15,21,39,20,29,90,73,57,63,7,17,16,14
"ENSG00000241962",49,43,58,53,46,36,31,34,45,21,23,35,22
"ENSG00000241973",1129.00001,1053,519,371,325,572,502,614,639,742,805,593,720
"ENSG00000242028",62,49,136,128,82,184,93,120,166,130,140,66,137
"ENSG00000242110",147,247,399,353,347,558,400,429,482,468,460,578,509
"ENSG00000242114",331.00001,222,2723,2140,1928,3288,4626,2984,3280,1773,1778,1686,1703
"ENSG00000242247",746,962,437,372,326,1037,692,750,826,1481,1616,1293,1307
"ENSG00000242259",658,890,1059,1071,798,1603,1394,1462,1560,1994,1856,1743,1906
"ENSG00000242265",1326,1311,2479,2909,2131,7710,3196,7174,7555,5871,5965,4328,5928
"ENSG00000242372",928,989,5189,4299,3934,3595,4164,3210,3223,3353,3287,2905,2989
"ENSG00000242419",58,28,149,234,188,841,405,838,1055,762,911,574,596
"ENSG00000242485",1409,1446,1792,1438,1443,1280,1679,1223,1199,1296,1309,1258,1308
"ENSG00000242498",256,271,118,104,78,313,199,256,309,529,552,538,568
"ENSG00000242612",80.00001,129,335,234,233,289,294,285,331,294,284,248,266
"ENSG00000242616",1170,1084,602,526,433,696,770,609,589,853,742,841,819
"ENSG00000242715",39.00001,52,244,284,199,460,377,312,440,65,60,69,70
"ENSG00000242732",125,128,35,36,21,43,7,54,17,299,374,211,231
"ENSG00000242802",207.00001,229,703,491,430,498,374,510,570,618,764,517,559
"ENSG00000242852",131,135,71,65,77,256,238,299,158,772,658,724,865
"ENSG00000243056",48,43,145,113,114,99,78,92,92,52,30,41,40
"ENSG00000243147",1024.99999,1310.00001,1058,949,948,1133,1550,996,947,1150,1060,1116,1213
"ENSG00000243156",811.00001,445.00001,184,279,184,233,162,267,278,247,308,150,225
"ENSG00000243207",31,157,157,142,169,112,77,124,84,124,110,112,139
"ENSG00000243232",51,63,225,235,140,242,111,185,113,132,85,87,165
"ENSG00000243244",798,607.00001,270,240,200,869,414,791,928,1699,1513,1363,1376
"ENSG00000243279",699,676,434,351,310,764,651,736,833,1826,1935,1614,1824
"ENSG00000243317",1334,1724,2929,2564,2361,3281,2799,2625,2717,4072,3481,3643,3894
"ENSG00000243335",320,305.99999,328,353,289,422,287,394,297,644,727,626,902
"ENSG00000243364",181,270,344,321,309,461,486,403,406,496,508,447,445
"ENSG00000243449",2055,1929,15,12,11,31,98,48,37,48,50,50,132
"ENSG00000243477",93,60,204,145,177,274,247,285,347,311,328,289,276
"ENSG00000243646",109.00001,108,129,118,70,185,277,140,209,219,269,202,142
"ENSG00000243660",127,189,38,27,28,85,64,83,57,177,153,150,179
"ENSG00000243667",201,413,511,507,534,578,473,466,550,306,215,248,300
"ENSG00000243678",4496,4168.00001,10963,9069,9071,6484,9884,6147,5837,5306,4263,4992,5318
"ENSG00000243710",22,59,19,16,17,17,6,15,14,58,102,79,61
"ENSG00000243716",108.00001,197.99999,2711,1917,2327,2118,804,1693,1876,1230,2220,1317,1268
"ENSG00000243725",347,539.99999,896,649,645,1487,1500,1343,1441,1493,1438,1362,1311
"ENSG00000243749",75,180,671,571,527,417,464,341,431,112,107,98,102
"ENSG00000243789",73,100,395,396,291,341,503,320,346,464,498,472,448
"ENSG00000243927",2453,1879,2655,2339,2027,3469,3771,2823,2784,3329,3112,3142,2824
"ENSG00000243943",831,893.99999,2033,2034,1700,3676,2395,3219,3348,3534,3420,2954,3202
"ENSG00000243989",214.99999,103,2091,1623,1451,1034,1278,978,1013,481,367,385,468
"ENSG00000244005",158,154,956,1045,753,653,403,596,640,735,742,573,678
"ENSG00000244038",1557,1480,13131,11175,9597,10151,9357,8416,9773,7373,7597,6933,6687
"ENSG00000244045",246,312,672,612,623,902,828,907,770,1048,1056,863,926
"ENSG00000244165",52,17,17,5,11,6,9,29,14,24,26,15,25
"ENSG00000244187",394,656,910,760,806,620,1165,594,695,495,573,523,472
"ENSG00000244274",240.99999,177,828,747,852,632,671,683,588,775,430,695,749
"ENSG00000244405",782.00001,918,1592,1770,1491,3814,1740,2948,2613,621,456,443,806
"ENSG00000244462",710,713.00001,3090,2923,2318,4067,2447,3626,3835,3802,3270,3331,3484
"ENSG00000244509",92,81,2135,1727,1587,618,449,569,646,253,305,230,306
"ENSG00000244687",1739.99998,1626.99999,5559,4989,4396,5371,3712,4951,5118,3816,3861,3076,3644
"ENSG00000244694",174,387,242,176,186,47,21,23,37,89,83,88,71
"ENSG00000244754",1761,2608.99998,1473,1352,1141,1916,1328,1443,1603,2275,2301,2353,2274
"ENSG00000245680",141,118.99999,46,15,30,33,19,25,20,62,78,42,47
"ENSG00000246705",280,218,259,235,254,291,505,332,303,187,179,142,166
"ENSG00000246922",125,104,36,30,33,21,21,20,40,40,47,35,24
"ENSG00000247077",362,308,318,273,255,259,343,250,227,157,136,131,179
"ENSG00000247315",476,501,387,287,264,306,388,369,286,240,209,180,227
"ENSG00000247595",46,42,7,9,24,12,13,15,22,16,17,21,11
"ENSG00000247596",263.99999,220.99999,1597,1198,1124,778,885,938,859,1248,1241,1029,1096
"ENSG00000247626",78,74,708,627,469,425,280,341,376,348,287,251,225
"ENSG00000247746",207,240,96,109,81,130,123,122,156,114,165,128,137
"ENSG00000248098",340,332,2590,2141,1945,3646,3171,3179,3875,2728,2918,2437,2271
"ENSG00000248329",17,22,364,408,286,42,43,39,35,25,20,23,27
"ENSG00000248333",950,834,625,418,448,526,363,497,547,496,416,290,404
"ENSG00000248383",47,256,62,144,60,72,46,47,79,43,44,71,49
"ENSG00000248483",52,54,7,9,16,15,8,9,7,14,31,22,21
"ENSG00000248485",34,16,45,21,19,87,101,57,58,129,117,97,66
"ENSG00000248487",361,356,175,198,181,391,416,320,285,1181,1219,1143,1228
"ENSG00000248592",46,141,57,57,16,8,22,48,15,66,91,42,67
"ENSG00000248643",49,91,330,206,187,175,267,234,253,345,414,294,363
"ENSG00000248712",31,40,39,37,31,47,70,68,61,26,17,17,16
"ENSG00000248905",97,61,49,30,23,59,34,49,46,18,24,11,15
"ENSG00000249115",356,398,835,692,665,1223,963,1162,1372,1662,1659,1283,1612
"ENSG00000249158",14,174.99999,175,158,110,133,39,136,135,82,99,105,82
"ENSG00000249242",169,226,134,113,99,152,109,120,219,291,382,296,224
"ENSG00000249437",41,57,123,86,107,128,75,92,105,158,226,197,199
"ENSG00000249471",98,67,32,34,25,52,27,35,39,84,108,76,86
"ENSG00000249624",53,186,21,9,39,30,0,96,20,0,0,2,74
"ENSG00000249709",160,159,374,412,368,647,508,494,520,634,561,650,509
"ENSG00000249715",43,78.99999,25,17,10,30,27,34,36,46,51,22,28
"ENSG00000249773",24,24,20,13,11,44,16,8,13,4,4,2,23
"ENSG00000249853",28,32,21,30,43,18,2,19,6,0,2,3,3
"ENSG00000249915",848.99999,809,2891,2549,2309,2564,3022,2379,2226,2251,2142,2257,2109
"ENSG00000249992",113,132,29,17,22,5,5,6,10,10,11,8,5
"ENSG00000250021",45,27,1560,1262,1196,1749,1911,1441,1538,1930,1747,1733,1643
"ENSG00000250067",116.00001,110,39,58,36,65,45,49,59,66,99,65,49
"ENSG00000250120",149,142,139,170,110,68,22,56,64,58,66,48,50
"ENSG00000250138",37,44,153,69,110,197,66,170,148,191,303,199,175
"ENSG00000250151",42,28,28,25,24,106,75,107,105,56,61,40,100
"ENSG00000250305",280.00001,221,7,8,10,21,13,17,28,133,170,109,157
"ENSG00000250312",358,715,182,179,144,271,192,245,239,276,249,269,211
"ENSG00000250317",779,758,1106,962,933,991,1400,868,799,835,758,947,860
"ENSG00000250366",13,29,1074,1080,1076,205,239,238,235,131,121,115,207
"ENSG00000250479",292,265,80,57,60,29,35,37,28,24,20,23,25
"ENSG00000250510",359.99999,270,46,55,49,276,254,237,283,619,681,601,564
"ENSG00000250565",49,56,82,66,44,37,33,36,44,89,89,65,85
"ENSG00000250571",243.99999,271,20,9,11,28,27,39,31,31,33,25,23
"ENSG00000250644",21,19,89,137,92,127,77,128,143,119,119,118,86
"ENSG00000250722",934.99999,1010,279,259,254,1294,931,739,770,59,110,167,38
"ENSG00000251158",12,18,60,28,37,61,30,33,38,87,137,60,51
"ENSG00000251192",69.00001,161.00001,62,62,60,75,51,70,66,60,48,55,41
"ENSG00000251201",36,31,40,36,40,52,43,62,61,7,18,28,43
"ENSG00000251247",296.99999,431.99999,229,244,168,347,273,305,349,420,474,517,465
"ENSG00000251322",1007,607,39,25,36,49,54,39,65,44,60,42,48
"ENSG00000251349",1137,122,276,265,0,0,34,165,140,140,130,0,132
"ENSG00000251369",161,205.99999,377,430,342,509,270,445,408,480,399,429,377
"ENSG00000251503",129,137,117,63,51,56,107,86,98,129,162,104,134
"ENSG00000251664",99,30,215,188,218,238,108,179,184,352,412,216,269
"ENSG00000253250",283,325,285,243,237,310,289,222,249,148,132,171,129
"ENSG00000253251",56,77,53,34,27,51,82,48,47,73,60,96,70
"ENSG00000253276",127,157,46,31,40,90,74,79,83,75,43,60,60
"ENSG00000253305",555,910,470,381,382,2027,675,1707,2005,4581,5644,3878,4328
"ENSG00000253352",1272.99998,1498.99999,2346,1899,1707,2204,1449,2155,1955,2212,2114,1838,2275
"ENSG00000253368",73,66,102,63,63,6,3,4,6,17,8,9,8
"ENSG00000253457",35,72,2,0,0,1,0,1,0,29,37,45,39
"ENSG00000253710",640.99999,616.00001,1578,1484,1224,1971,1279,1862,1905,1583,1586,1302,1355
"ENSG00000253719",1792,1958,4341,4245,3315,7422,4776,6943,7234,11478,11401,10259,10364
"ENSG00000253729",2505,2713.99999,12095,12061,9863,15202,5874,12382,12988,14325,12966,9838,10119
"ENSG00000253846",54,43,338,363,299,354,118,272,375,102,121,65,53
"ENSG00000254004",419,546.99999,1623,1802,1264,2645,1562,2175,2243,2156,1666,1902,1755
"ENSG00000254087",201,284,393,256,288,277,268,240,203,56,47,75,62
"ENSG00000254093",248.00001,245.99999,835,699,602,591,645,584,547,471,391,329,417
"ENSG00000254122",33,16,269,284,279,546,231,490,571,218,346,119,203
"ENSG00000254206",31,46,103,84,100,68,30,72,74,35,107,31,40
"ENSG00000254413",78,77,98,94,117,107,112,60,121,106,77,109,103
"ENSG00000254469",153,169.00001,115,106,98,134,97,138,120,115,121,120,113
"ENSG00000254470",141,128,354,249,197,227,187,273,213,195,173,133,182
"ENSG00000254505",448.00001,459,880,690,680,873,969,817,776,892,908,714,814
"ENSG00000254535",49,66,20,16,12,28,10,16,23,13,13,12,12
"ENSG00000254536",40,48,111,65,91,102,81,82,97,60,101,59,79
"ENSG00000254585",72,45,70,61,52,116,109,161,117,357,329,251,383
"ENSG00000254685",129.00001,196,124,178,140,435,368,314,357,558,380,527,495
"ENSG00000254726",1297,1347,498,387,343,718,489,685,644,822,807,604,765
"ENSG00000254772",8451,10644,28069,24601,23165,42290,49091,39036,38779,37566,35116,32636,30742
"ENSG00000254806",91,92,25,25,25,114,57,58,60,174,410,211,284
"ENSG00000254858",165,177,1350,1181,1051,748,863,802,851,664,633,533,552
"ENSG00000254870",35,30,143,157,90,176,91,212,168,280,222,154,245
"ENSG00000254901",257,290,275,233,171,253,314,256,263,416,432,398,320
"ENSG00000254986",391.99999,342,3487,3077,2653,2260,1469,2240,2443,2283,2298,1702,2135
"ENSG00000254995",99,58,55,58,49,50,14,35,65,55,96,60,62
"ENSG00000254996",187,116,347,393,365,316,211,404,400,305,690,237,455
"ENSG00000254999",2185,2457,3861,3010,2929,4196,5016,3687,3581,4176,4429,4457,3918
"ENSG00000255104",28,23,24,5,43,41,36,37,30,21,41,38,1
"ENSG00000255112",525,514,1611,1456,1242,1872,1467,1591,1635,1722,1812,1728,1595
"ENSG00000255150",21,16,15,18,30,33,42,36,23,13,9,7,4
"ENSG00000255152",508,363,53,25,31,49,33,32,35,25,20,55,21
"ENSG00000255154",82,101,660,498,513,699,653,585,648,563,546,452,541
"ENSG00000255245",16,21,5,3,1,12,22,18,22,20,16,18,12
"ENSG00000255302",3827,4397,3224,2879,2597,5441,4550,4643,4784,7660,6850,6405,7099
"ENSG00000255330",288,132,125,103,80,85,99,84,98,305,329,232,225
"ENSG00000255508",73,68,113,105,43,76,94,55,99,100,203,98,91
"ENSG00000255529",483,606.00001,1121,1248,949,1617,1155,1206,1407,1776,1596,1777,1610
"ENSG00000255561",35,44,86,131,80,229,191,197,205,239,293,241,304
"ENSG00000255639",59,88,776,789,652,721,928,556,548,668,730,652,698
"ENSG00000255690",24,24,60,86,153,327,246,345,315,181,150,200,348
"ENSG00000255837",329,44,28,9,10,22,25,12,19,19,15,24,35
"ENSG00000256043",74,47,40,41,47,107,60,80,69,39,30,53,57
"ENSG00000256053",769,889.99999,540,431,424,615,625,529,599,467,566,470,505
"ENSG00000256060",177,249,199,180,148,226,261,204,192,230,235,210,230
"ENSG00000256061",325.99999,452.00001,35,28,27,53,36,42,39,86,89,72,96
"ENSG00000256087",175,368,59,63,52,91,61,90,132,179,188,199,182
"ENSG00000256223",497.00001,450.99999,188,192,140,331,212,243,287,398,341,344,333
"ENSG00000256229",176,221,300,275,207,260,202,267,313,179,155,153,196
"ENSG00000256235",169,161,356,326,262,365,453,284,325,245,306,306,250
"ENSG00000256269",364,332.99998,3585,3075,2693,2502,3193,2636,2699,1783,1756,1628,1760
"ENSG00000256294",75,90,208,163,136,325,135,232,309,192,218,217,236
"ENSG00000256500",12,14,20,0,29,75,83,92,19,32,20,42,86
"ENSG00000256525",345,317,492,476,414,427,389,379,422,291,277,241,266
"ENSG00000256537",797,1355,672,616,579,856,789,775,735,867,960,844,962
"ENSG00000256591",89,130,105,78,98,133,128,159,193,105,130,110,191
"ENSG00000256646",213,192.99998,1275,1246,1078,1187,1417,1145,1062,1031,823,873,940
"ENSG00000256771",240,400,156,197,145,139,108,151,196,114,127,90,73
"ENSG00000256806",51,87,71,64,53,136,100,136,130,264,311,253,214
"ENSG00000257093",693,709,400,241,237,225,165,242,235,622,464,470,559
"ENSG00000257103",1817.00001,2062.99999,3321,3352,2840,5056,2986,4435,4772,5198,4534,4082,4928
"ENSG00000257218",597,789,1165,1002,917,1140,925,936,1050,1946,1687,1770,1840
"ENSG00000257315",321,244,178,141,112,254,84,172,176,266,275,226,158
"ENSG00000257335",21,20.00001,2,1,0,4,2,16,9,16,25,20,9
"ENSG00000257365",404,319,873,865,683,1232,873,1132,1330,1770,1660,1410,1635
"ENSG00000257446",15,64,130,128,138,68,41,100,45,29,51,35,51
"ENSG00000257524",33,42,15,23,0,68,88,104,72,105,139,116,154
"ENSG00000257591",112,187,236,232,139,326,221,291,280,311,365,250,315
"ENSG00000257704",224,199,11,6,1,25,39,29,18,15,34,36,49
"ENSG00000257727",1436,1317,4626,3912,3759,3043,3133,2775,2893,2173,2168,1767,1948
"ENSG00000257921",15,18,7,0,0,31,40,64,76,73,71,42,91
"ENSG00000257923",3560.00001,5317.99999,1477,1179,1156,1492,991,1607,1581,2150,2409,1644,1837
"ENSG00000257950",68,55,84,92,80,94,57,75,106,84,114,84,81
"ENSG00000258289",765,936.00001,2247,1983,1571,1429,2189,1467,1346,1554,1464,1724,1835
"ENSG00000258311",29,52,95,45,49,82,101,63,62,112,119,98,80
"ENSG00000258315",212,262,1504,1285,1235,1759,1934,1745,1699,1633,1664,1339,1661
"ENSG00000258366",411.99999,387.00001,1088,899,908,480,199,506,578,514,609,436,669
"ENSG00000258388",86,114,68,35,45,26,20,81,94,64,94,76,56
"ENSG00000258429",89,105,37,9,27,18,62,54,28,0,8,16,20
"ENSG00000258539",35,35,21,15,8,13,0,29,5,18,23,5,28
"ENSG00000258555",86,26,0,8,0,0,0,7,32,25,30,33,0
"ENSG00000258643",103,151,60,64,47,212,216,128,170,116,157,133,195
"ENSG00000258653",16,35,43,24,47,71,44,30,53,70,97,91,77
"ENSG00000258659",28,21,140,98,72,222,164,150,176,5,11,7,4
"ENSG00000258674",12,23,18,16,10,40,28,20,14,46,44,30,45
"ENSG00000258728",30,42,15,4,13,29,14,14,4,50,37,46,47
"ENSG00000258790",183,207,839,666,481,656,608,402,588,507,525,422,449
"ENSG00000258818",65,94,77,62,45,62,23,38,57,532,453,465,604
"ENSG00000258839",106,39,91,101,93,86,96,113,149,101,129,76,81
"ENSG00000258890",771,847,697,575,568,702,449,620,782,986,938,892,885
"ENSG00000258947",3477.99999,4948.99999,3010,2360,2184,3313,3999,3536,3465,19575,21329,16288,16936
"ENSG00000258984",106,100,21,31,4,11,28,13,0,18,30,1,10
"ENSG00000258986",88,46,90,74,79,165,135,189,175,240,320,229,338
"ENSG00000259024",245.99999,154,426,226,305,412,269,224,249,526,577,408,471
"ENSG00000259030",17,31,31,23,15,144,75,106,76,93,125,84,47
"ENSG00000259075",72,52,66,18,0,113,60,162,41,47,33,41,0
"ENSG00000259112",32,33,1382,1376,977,1501,1234,968,944,947,641,806,983
"ENSG00000259305",59,39,27,12,29,40,42,30,31,30,40,32,60
"ENSG00000259316",23,73,220,191,204,301,349,340,330,318,248,212,201
"ENSG00000259330",142,108,247,128,134,52,85,71,68,61,58,71,53
"ENSG00000259332",15,28,177,118,186,134,168,153,115,53,89,54,92
"ENSG00000259431",226.99999,244,894,812,783,685,686,702,674,1118,1133,1063,990
"ENSG00000259494",335,366,709,568,603,809,1018,813,704,743,824,740,792
"ENSG00000259956",688,717,850,525,482,752,831,767,702,851,828,675,865
"ENSG00000260007",51,60,67,119,82,60,28,47,93,67,64,38,55
"ENSG00000260230",584.00001,729,40,32,43,340,160,215,207,79,114,123,79
"ENSG00000260238",136,91,339,292,223,350,486,251,301,548,434,436,397
"ENSG00000260342",25,27,122,55,71,84,188,129,197,193,321,116,220
"ENSG00000260456",52.00001,50,112,91,76,159,138,127,130,114,153,104,131
"ENSG00000260643",52,66,68,26,60,143,133,150,117,130,133,242,179
"ENSG00000260802",58,127,11,9,10,9,7,20,13,14,11,25,8
"ENSG00000260836",26,14,49,50,37,52,86,77,61,100,84,81,60
"ENSG00000260903",116,138,59,35,44,17,11,14,14,36,62,40,38
"ENSG00000260916",536,701.99999,436,370,344,582,348,325,404,743,716,679,640
"ENSG00000261115",150,184,433,372,353,222,125,229,210,645,732,644,678
"ENSG00000261150",32,46,3049,2206,2140,916,574,1010,1123,288,457,275,266
"ENSG00000261210",921.00001,1894,5,2,1,16,8,6,10,91,172,116,73
"ENSG00000261236",250,248,757,470,574,256,404,390,281,312,267,219,446
"ENSG00000261308",169,240,10,21,9,66,53,86,74,24,24,21,27
"ENSG00000261371",39,15,31,6,23,23,41,23,30,0,19,1,6
"ENSG00000261408",232,219,63,57,10,29,35,40,26,11,24,17,35
"ENSG00000261609",255,370,745,764,700,923,385,861,734,631,572,463,614
"ENSG00000261652",62,111,24,10,13,30,39,34,18,103,73,67,102
"ENSG00000261678",114,122,0,0,0,1,0,0,0,19,36,31,15
"ENSG00000261732",71,56,76,52,55,73,37,59,45,67,85,58,60
"ENSG00000261740",284,276,1221,1103,837,669,743,555,734,698,686,674,835
"ENSG00000261794",39,56,3,4,13,7,3,7,7,11,26,20,13
"ENSG00000261832",19,20,54,20,34,18,42,13,13,38,18,32,49
"ENSG00000261884",234,120,139,105,95,43,41,56,40,104,174,115,122
"ENSG00000261915",132,169,90,102,47,97,100,79,59,93,69,75,60
"ENSG00000261949",78,143,46,31,47,21,15,26,28,21,21,16,23
"ENSG00000262246",210,331,1063,842,709,885,423,879,950,1190,1342,880,1077
"ENSG00000262655",252,240,108,123,97,2951,1824,3043,3481,554,654,616,709
"ENSG00000262814",862,749,2485,2067,1932,1566,2791,1591,1701,1489,1529,1260,1454
"ENSG00000262919",217,289,168,133,146,144,328,205,168,219,180,259,339
"ENSG00000263001",1383.99999,1890,1930,1644,1717,2400,2682,2845,1885,1944,1626,1745,3512
"ENSG00000263002",134,147,241,253,213,516,211,393,402,417,359,295,291
"ENSG00000263020",83,59,51,52,57,59,44,72,69,77,60,55,50
"ENSG00000263465",478,523,185,183,222,408,357,377,290,461,433,422,655
"ENSG00000263513",21,31,289,327,277,452,314,402,466,389,330,333,413
"ENSG00000263528",66,35,482,370,309,309,200,292,253,166,151,123,157
"ENSG00000263874",147,128,70,75,61,352,516,324,286,326,358,445,397
"ENSG00000263956",478.00001,488,290,247,270,285,199,270,301,530,561,417,574
"ENSG00000264058",145,107,20,17,14,53,22,34,44,29,20,13,16
"ENSG00000264343",44,77,271,280,239,736,489,533,681,989,937,773,817
"ENSG00000264364",1170,1198,226,163,157,279,286,334,307,252,305,208,264
"ENSG00000264522",341,323,189,157,139,128,106,162,140,309,302,218,274
"ENSG00000265241",1356.99999,1455.00001,6025,5658,4828,8077,5879,7120,7467,11228,10717,9728,10600
"ENSG00000265354",985,937,4319,3484,3051,3369,4320,2944,3063,2813,2440,2878,2691
"ENSG00000265491",555,581,323,322,364,640,519,498,509,562,537,638,852
"ENSG00000265590",1113,889,494,459,321,388,295,338,340,581,728,409,594
"ENSG00000265681",1637,1704.99999,20010,17716,17471,18441,23784,19289,16334,10927,10320,11301,11286
"ENSG00000265763",118,71,522,499,446,1,5,4,1,780,607,540,846
"ENSG00000265808",358,531,914,920,716,1397,731,1063,1154,1607,1664,1694,1712
"ENSG00000265817",122,171,122,152,111,361,226,246,304,339,339,303,364
"ENSG00000265972",1301,695,909,907,807,3457,2301,3030,3281,3235,2856,2859,2479
"ENSG00000266028",526,835,1398,1475,1274,3007,1447,2807,2736,2379,2268,1787,2282
"ENSG00000266074",761,498,2,3,3,115,79,125,118,148,189,86,109
"ENSG00000266086",30,53,178,141,164,242,107,130,173,54,111,116,59
"ENSG00000266173",518.99999,758.00001,619,527,529,998,744,872,969,1118,1088,883,951
"ENSG00000266338",338,370.99999,255,261,194,465,262,403,446,1377,1316,1202,1193
"ENSG00000266412",929.99999,1152,3392,3308,2679,3268,2413,2784,2963,4267,4098,3805,3725
"ENSG00000266472",941,2217,4246,3429,3400,3020,3698,2844,2793,2849,3126,2717,2848
"ENSG00000266714",274.00001,143,115,77,73,46,40,66,85,46,87,35,51
"ENSG00000266967",367.99999,387.00001,1721,1502,1293,1319,1274,1193,1208,1200,1088,1013,1068
"ENSG00000267041",105,166.00001,211,217,163,218,108,145,205,136,128,81,110
"ENSG00000267060",35,62,72,81,54,73,87,52,67,76,58,47,50
"ENSG00000267127",32,39,16,10,19,19,11,16,20,55,53,46,58
"ENSG00000267221",45,51,57,39,56,56,57,75,52,119,91,85,125
"ENSG00000267281",23,21,8,0,0,17,0,23,0,34,0,15,11
"ENSG00000267426",12,16,30,32,21,38,8,14,34,28,9,20,36
"ENSG00000267534",111,132,437,449,404,894,532,769,916,511,589,457,617
"ENSG00000267645",174,80,348,337,298,380,342,537,401,618,576,525,492
"ENSG00000267673",177.00001,231,539,394,347,342,401,376,317,363,388,379,426
"ENSG00000267680",111,116,320,312,263,555,261,476,564,325,356,324,355
"ENSG00000267740",59,37,28,13,23,16,32,19,27,32,18,32,34
"ENSG00000267796",144.00001,109,96,89,89,228,232,225,218,216,230,217,196
"ENSG00000267855",1420.99998,1591,1168,1128,979,1035,1144,991,811,1052,1066,891,959
"ENSG00000267909",32,21,52,35,40,85,107,86,77,60,79,56,101
"ENSG00000268043",412,475,403,397,356,459,245,439,456,1103,1191,827,962
"ENSG00000268089",32,28,202,259,198,152,69,113,112,88,99,48,83
"ENSG00000268173",22,58,12,51,29,0,10,0,8,0,20,0,0
"ENSG00000268182",73,85,21,19,18,60,22,22,62,113,134,112,122
"ENSG00000268350",37,71,527,498,462,928,516,340,699,940,1066,722,655
"ENSG00000268750",49,67,66,53,45,78,44,71,107,53,78,55,49
"ENSG00000269190",312.00001,308.99999,495,411,436,694,666,750,720,374,416,367,466
"ENSG00000269335",61,164,338,256,266,274,243,234,327,204,246,180,191
"ENSG00000269343",205,395,581,625,531,422,216,336,431,192,151,167,184
"ENSG00000269556",129.99999,155,615,546,505,651,517,634,580,941,915,804,1136
"ENSG00000269713",273,341,541,431,438,1420,631,1254,1278,3771,3544,2712,3455
"ENSG00000269743",213.00001,426,264,241,221,586,431,500,500,518,526,452,515
"ENSG00000269825",420,324,87,71,95,212,76,207,157,224,329,252,213
"ENSG00000269858",524,547,3059,2295,2144,2576,2537,2791,2924,2004,2262,1636,1935
"ENSG00000270106",19,36,4,15,1,13,22,26,4,21,14,10,17
"ENSG00000270170",276,264,1021,1174,1117,1447,1459,1273,1290,954,920,1041,1225
"ENSG00000270231",281,291,69,42,42,140,74,115,109,1185,1158,990,1180
"ENSG00000270629",100,221,539,432,405,1412,601,1286,1170,1966,2078,1378,1432
"ENSG00000270647",2140,2468.99999,1403,1328,1317,2072,911,1988,1944,1283,1588,1077,1431
"ENSG00000270757",26,14,503,398,504,389,402,338,370,279,302,354,232
"ENSG00000270800",47,44,1926,1716,1471,1278,948,1238,1196,2234,2251,1676,2126
"ENSG00000270885",182,226,161,134,191,169,255,250,191,357,301,352,759
"ENSG00000271303",145,176,243,148,189,83,124,91,90,84,66,83,102
"ENSG00000271383",128,33,603,463,382,963,497,891,975,1284,1538,934,952
"ENSG00000271425",48,61,131,135,86,443,224,395,356,842,895,708,614
"ENSG00000271601",753,782,76,59,49,90,53,76,82,777,781,603,735
"ENSG00000271741",55,23,174,124,74,228,45,156,164,229,165,158,102
"ENSG00000271793",32,55,0,15,45,26,13,43,51,21,53,63,41
"ENSG00000272031",68,67,10,14,8,11,1,7,0,63,92,58,85
"ENSG00000272047",849,971.00001,661,615,519,1395,1755,1234,1230,1175,1046,1083,1124
"ENSG00000272325",1122,1235,320,488,540,753,530,573,674,1467,1451,1119,1775
"ENSG00000272333",660,585.00001,166,98,147,105,108,102,99,151,131,76,112
"ENSG00000272391",793,754,1365,1346,1175,1498,885,1623,1637,1222,1400,1042,1192
"ENSG00000272398",2431,3002,38061,35417,30696,12348,10352,10690,10972,7961,7220,7419,6856
"ENSG00000272414",61,66,31,14,5,36,29,23,69,73,91,44,71
"ENSG00000272514",233,287,3,0,0,22,11,0,17,163,111,159,137
"ENSG00000272636",612,665,8,8,4,6,15,9,3,15,55,40,21
"ENSG00000272674",147,32,78,87,39,41,22,50,26,114,142,90,72
"ENSG00000272772",15,13,3950,3578,3350,4612,5264,3901,3838,4670,4271,4465,4345
"ENSG00000272822",19,15,17,6,21,20,42,41,46,25,39,22,28
"ENSG00000272886",781,762.99999,999,808,788,1636,935,1455,1697,3026,3152,2356,2755
"ENSG00000272980",15,17,43,68,42,73,70,79,63,67,55,108,80
"ENSG00000273045",27,104,157,154,131,205,152,167,170,48,50,34,42
"ENSG00000273079",46,32,13,9,10,33,22,17,40,110,108,49,65
"ENSG00000273136",186,138,225,220,212,369,175,324,277,726,661,591,615
"ENSG00000273154",53,41,87,81,78,103,122,143,183,228,204,121,161
"ENSG00000273167",25,40,19,0,0,0,33,6,0,352,360,224,444
"ENSG00000273173",116,76,120,107,84,82,85,70,86,40,41,47,40
"ENSG00000273274",75,74,259,247,223,480,306,357,402,275,268,219,296
"ENSG00000273294",20,37,22,3,0,20,31,0,4,38,26,0,0
"ENSG00000273345",134,254,29,23,24,81,23,51,73,97,42,35,32
"ENSG00000273542",64,89,13,18,0,54,0,0,37,5,34,0,17
"ENSG00000273559",341,415,405,345,324,471,372,494,515,485,512,438,416
"ENSG00000273604",46,38,15,12,18,64,67,81,38,12,11,8,11
"ENSG00000273611",749,782.00001,1327,1257,1234,1378,2176,1315,1358,1424,1398,1513,1535
"ENSG00000273749",957.99999,856,3238,3541,2995,5226,2711,4757,5266,5895,5335,4564,5058
"ENSG00000273802",238,165,15,7,9,10,23,15,14,54,48,41,36
"ENSG00000273820",86,72,40,34,28,33,52,44,49,40,42,45,24
"ENSG00000273841",677.00001,828.00002,3055,2732,2462,2945,3552,2454,2442,1822,1644,1959,1818
"ENSG00000273899",315,322.99999,690,449,486,611,620,521,599,776,817,638,759
"ENSG00000273983",463,370,29,21,39,32,98,48,33,47,52,73,76
"ENSG00000274070",721,679,1784,1646,1351,2084,872,1892,2110,3377,3957,2546,3400
"ENSG00000274180",92,111,164,108,97,249,166,198,243,235,275,181,220
"ENSG00000274211",584.99999,706,415,340,280,321,198,327,264,455,481,311,418
"ENSG00000274290",404,351,16,20,21,38,37,35,40,37,52,21,34
"ENSG00000274349",104,136,125,148,134,359,230,229,307,112,123,102,121
"ENSG00000274386",51,56,11,16,12,23,21,20,33,56,43,34,60
"ENSG00000274523",458,505,323,259,333,435,628,600,321,294,267,353,845
"ENSG00000274750",299,474,25,27,33,33,37,38,37,66,73,57,48
"ENSG00000274997",3143,2936,33,39,39,110,192,105,87,120,134,111,103
"ENSG00000275004",203,204,745,656,552,1310,543,1104,1216,583,514,448,520
"ENSG00000275023",728.99999,671,119,86,58,143,140,148,178,312,455,294,405
"ENSG00000275052",1386,1857,1407,1538,1311,1664,934,1373,1516,2441,2312,2066,2085
"ENSG00000275066",905.00001,1387.99999,817,812,610,1573,857,1489,1560,1569,1632,1299,1231
"ENSG00000275074",39,42,17,15,28,43,110,55,25,27,11,20,48
"ENSG00000275111",96,135,96,102,93,245,153,199,190,227,299,201,225
"ENSG00000275221",78,85,16,16,7,2,5,6,9,25,25,17,14
"ENSG00000275342",216,232,192,189,208,85,58,121,108,140,225,126,150
"ENSG00000275591",25,40,116,160,97,437,220,278,382,154,127,116,137
"ENSG00000275700",608,769,1951,1701,1662,1761,1156,1736,1680,2427,2327,1748,2132
"ENSG00000275713",277,176,66,71,65,238,152,265,230,145,102,121,120
"ENSG00000275714",139,65,27,57,38,112,101,100,66,30,31,33,46
"ENSG00000275740",246,73,972,899,725,941,618,846,857,719,779,640,705
"ENSG00000275778",495,420,75,68,56,130,105,96,78,208,277,196,210
"ENSG00000275832",471,311,142,127,142,35,14,33,16,26,41,20,33
"ENSG00000275835",515,534.99999,703,747,552,904,574,882,981,1173,1201,1039,1151
"ENSG00000276023",236,228,914,778,772,507,569,439,455,622,555,512,615
"ENSG00000276043",1063.99999,1112,2386,2405,2330,6055,3449,6645,6538,9929,9588,7970,11229
"ENSG00000276045",160,96,167,147,135,103,174,113,126,100,119,92,117
"ENSG00000276180",97,70,38,36,43,33,37,20,34,23,27,32,26
"ENSG00000276234",659.99999,556,309,308,248,481,335,375,423,376,417,344,414
"ENSG00000276293",925.00001,821,1205,865,779,1164,886,1267,1217,1357,1567,1206,1321
"ENSG00000276368",587,964,21,21,22,75,121,62,56,75,57,60,49
"ENSG00000276410",16,15,1,7,2,250,141,126,128,99,141,131,105
"ENSG00000276644",4706,4588.99999,1,6,8,166,132,150,137,914,899,778,937
"ENSG00000276903",274,251,2,6,4,16,32,20,19,12,7,6,11
"ENSG00000276966",1083,766,14,8,17,41,65,37,38,29,45,46,53
"ENSG00000277075",662,507,21,8,18,17,46,26,25,64,81,63,63
"ENSG00000277149",131,126,116,71,75,51,32,67,42,60,62,49,52
"ENSG00000277157",184,132,15,3,11,16,42,27,24,15,21,31,21
"ENSG00000277161",100,111,905,884,674,648,420,522,665,369,297,365,366
"ENSG00000277200",13,18,142,106,84,80,81,84,73,46,52,31,36
"ENSG00000277224",39,82,30,38,26,45,71,72,56,69,37,33,55
"ENSG00000277258",879.99999,645.99999,213,140,136,207,156,226,186,228,223,144,155
"ENSG00000277363",292,257.00001,20,5,12,61,37,57,53,63,74,45,39
"ENSG00000277443",9199,11795,1526,1645,1361,2628,1750,2086,2068,6100,4890,4771,7207
"ENSG00000277462",168,161,675,782,603,1167,728,838,883,706,578,557,589
"ENSG00000277531",68,140,40,23,30,44,16,37,25,1055,1126,922,1181
"ENSG00000277586",269,560,1456,1444,1191,765,564,570,726,4709,6248,4082,4075
"ENSG00000277775",111,155,18,23,21,37,49,42,57,46,64,33,63
"ENSG00000277791",1710,1654,8284,6397,6147,6087,9979,5301,5298,6514,6456,6912,6549
"ENSG00000277957",51,135,1150,1179,1059,1025,1132,1007,991,1039,846,853,940
"ENSG00000277972",139,127,155,123,156,161,269,156,174,101,68,113,118
"ENSG00000278023",89,141,230,192,163,357,376,258,287,204,157,156,182
"ENSG00000278053",860.00001,821,1553,1608,1234,1747,1420,1413,1448,1405,1363,1208,1367
"ENSG00000278129",378,314,625,577,430,704,354,692,648,622,647,442,491
"ENSG00000278259",539,731,1784,1469,1234,1028,662,1071,1244,884,603,597,749
"ENSG00000278311",876,1066.99999,1102,1102,976,1516,949,1325,1409,1882,1725,1482,1699
"ENSG00000278535",108,132,191,178,242,167,226,218,157,129,98,90,217
"ENSG00000278540",1337,2130.99999,6320,6710,5165,6539,2742,5900,6313,5441,4907,3609,4351
"ENSG00000278615",904,919,2717,2223,2192,1438,1971,1370,1377,1106,1029,897,997
"ENSG00000278619",54,58,605,364,371,155,128,208,190,157,137,151,232
"ENSG00000278662",46,36,38,21,37,96,23,63,73,98,145,84,99
"ENSG00000278677",1063,1365,59,51,60,67,73,76,79,72,82,72,111
"ENSG00000278828",130,210,49,73,50,102,133,96,83,101,85,102,109
"ENSG00000278845",480,562,2327,2125,1806,1970,2189,1697,1716,1445,1342,1625,1435
"ENSG00000279170",553,591.00001,127,126,119,180,114,168,164,225,241,207,195
"ENSG00000280165",15,21,85,77,57,138,36,50,73,295,184,211,259
"ENSG00000280571",15,17,179,107,160,116,207,148,140,232,265,242,219
"ENSG00000280670",48,23.00001,38,39,30,95,70,65,59,98,84,89,75
"ENSG00000280789",633,317,1365,1263,949,930,738,951,964,715,674,652,728
"ENSG00000280893",17,609,513,437,447,473,465,509,610,417,493,402,464
"ENSG00000280987",67,139,1502,1668,1906,2123,842,1586,1853,811,257,661,779
"ENSG00000281406",291,129,164,151,118,742,471,742,763,761,495,498,799
"ENSG00000282034",194,207,433,422,276,653,626,516,558,597,666,378,523
"ENSG00000282988",828,442.00001,15,3,15,31,58,64,58,111,123,114,63
"ENSG00000283128",100.99999,39,19,16,16,17,21,14,14,30,46,23,24
"ENSG00000283154",96,143,13,12,37,16,57,49,1,58,10,25,86
"ENSG00000283189",183.99999,267,186,164,90,193,171,143,194,221,303,196,245
"ENSG00000283201",38,52,17,0,0,0,10,0,30,23,0,22,29
"ENSG00000283515",34,49,593,602,422,726,490,677,608,617,492,438,432
"ENSG00000283761",261,207,173,211,174,195,111,191,201,256,122,177,150
"ENSG00000283765",50,44,0,29,8,37,53,0,6,57,41,58,26
"ENSG00000283900",40,43,125,63,66,30,23,41,34,126,108,84,85
"ENSG00000284024",247,327,661,732,541,948,598,892,924,1190,952,1044,1026
"ENSG00000284130",169,244,55,51,22,97,87,101,122,380,498,332,353
"ENSG00000284194",139,123,380,313,332,215,589,200,300,143,103,161,102
"ENSG00000284292",13,25,74,167,87,169,117,112,71,86,94,36,57
"ENSG00000284308",120,100,49,42,26,179,157,172,198,348,315,256,302
"ENSG00000284431",28,53,90,52,107,131,160,105,154,106,62,94,85
"ENSG00000284479",59,64,58,26,1,107,91,68,159,36,73,0,64
"ENSG00000284526",83,87,89,109,115,71,34,47,58,43,38,74,55
"ENSG00000284691",64,59,102,50,131,50,56,67,33,43,50,52,90
"ENSG00000284753",97,58,915,667,720,520,913,517,526,281,221,264,253
"ENSG00000284770",604,950.00001,1477,1194,1085,1159,1082,950,975,831,797,860,907
"ENSG00000284820",25,15,76,89,121,72,23,50,80,62,46,124,40
"ENSG00000284862",225.99999,392,21,27,9,86,45,40,67,16,7,19,16
"ENSG00000284906",831,792,273,132,215,303,85,300,264,454,350,285,400
"ENSG00000284922",18,15,15,18,5,25,26,34,33,51,53,49,48
"ENSG00000284946",70,47,162,91,84,136,40,120,189,164,154,138,163
"ENSG00000285043",311,280,2739,2623,2462,2520,2293,2215,2228,1022,968,699,854
"ENSG00000285053",211,350,226,223,219,388,296,279,334,359,363,300,342
"ENSG00000285077",159.99999,233.99999,183,123,151,204,102,161,199,173,189,101,145
"ENSG00000285130",80,173,123,98,84,94,84,88,80,145,49,62,79
"ENSG00000285382",18,19,8,8,8,12,20,18,13,13,25,21,28
"ENSG00000285437",77,139,714,455,562,701,387,394,623,494,844,400,444
"ENSG00000285589",1682,1899,283,244,295,285,290,238,237,307,429,271,311
"ENSG00000285641",13,30,380,356,256,134,253,313,152,261,322,307,327
"ENSG00000285791",15,17,0,0,1,36,8,19,9,8,2,19,8
"ENSG00000285816",46,39,49,124,103,58,28,31,39,49,123,158,63
"ENSG00000285932",60,21,29,8,13,68,14,23,35,0,5,18,14
"ENSG00000285942",36,21,9,12,5,21,7,11,24,28,36,23,20
"ENSG00000285943",112,137,10,9,10,37,14,27,21,63,111,99,119
"ENSG00000286001",45,24,300,246,146,253,338,268,181,395,343,207,272
"ENSG00000286019",32,28,74,72,55,185,64,140,139,206,303,192,199
"ENSG00000286070",1192,1387,1689,1265,1212,1380,1404,1571,1246,1043,1075,808,933
"ENSG00000286106",22,21,0,3,10,19,9,4,17,28,29,22,14
"ENSG00000286112",25,77,164,184,84,102,151,167,143,28,100,39,66
"ENSG00000286132",34,26,472,409,312,569,471,521,540,235,175,298,144
"ENSG00000286140",93,366,1025,1107,780,1383,1165,1712,1635,1216,1357,1275,1928
"ENSG00000286185",43,117,58,12,16,47,0,50,27,17,25,22,43
"ENSG00000286192",30,28,58,111,65,69,24,71,39,63,93,61,65
"ENSG00000286219",69,165,127,120,109,239,101,170,174,299,337,194,292
"ENSG00000286237",34,36,31,90,42,96,26,70,97,253,309,178,230
"ENSG00000286264",65,62,68,56,41,67,67,71,69,57,40,52,37
"ENSG00000286522",632,600,36,23,44,77,104,82,83,122,81,127,109
"ENSG00000286905",32,22,317,203,215,164,188,227,174,219,158,137,150
"ENSG00000287725",17,17,52,49,50,97,25,70,107,85,100,67,60
"ENSG00000288534",47,43,1470,1245,1100,2293,1441,2316,2710,3034,3054,2734,2698
"ENSG00000288558",378.00001,521.00001,109,105,87,125,64,91,74,98,142,139,158
"ENSG00000288602",79,56,1,66,0,3,21,21,34,23,15,18,12
"ENSG00000288637",175.99999,425.99999,134,235,168,51,77,261,340,466,758,570,554
"ENSG00000288640",16,14,8,0,13,18,11,21,11,0,28,18,21
"ENSG00000288674",43,14,10,14,31,24,8,11,3,28,23,5,38
"ENSG00000288684",13,23,48,37,27,69,41,96,129,69,128,116,138
"ENSG00000288698",16,22,33,15,13,0,17,3,27,8,4,39,57
"ENSG00000288701",3816,3498.00001,2494,2019,1972,2634,1892,2726,2524,3695,3986,2642,3390
"ENSG00000288721",79,59,17,16,26,101,78,174,69,63,59,47,62
"ENSG00000288864",28,136,518,478,196,484,290,295,755,324,160,102,127
"ENSG00000288920",1483,1586,1331,1123,1019,1365,1690,1136,1188,806,650,917,705
"ENSG00000289027",61,92,47,132,94,73,87,44,87,5,7,83,2
"ENSG00000289346",24,31,17,13,11,42,19,14,4,65,52,51,14
"ENSG00000289517",20,18,23,14,5,8,46,6,17,23,14,28,72
"ENSG00000289720",16,21.00001,186,388,238,384,188,390,315,354,369,342,446
"ENSG00000290146",129,69,558,357,340,237,484,286,290,229,225,210,218
"ENSG00000290263",32,29,70,84,94,129,0,60,119,86,12,47,24
"ENSG00000290292",251,287,199,212,184,830,684,777,797,470,576,470,510
"ENSG00000290318",126,33,558,562,503,848,633,939,738,824,935,637,662
"ENSG00000291237",717,876.99999,2160,2117,1889,2404,1286,1785,2139,2986,2930,2674,2841
"ENSG00000291316",12,17,4,2,18,19,68,59,12,98,31,72,66
"ENSG00000291317",268.00001,243,509,355,355,510,401,486,484,712,797,632,727
