"transcript_id","biotype"
"ENST00000004531","protein_coding"
"ENST00000006724","protein_coding"
"ENST00000165524","protein_coding"
"ENST00000170150","protein_coding"
"ENST00000181796","protein_coding"
"ENST00000187910","protein_coding"
"ENST00000202625","protein_coding"
"ENST00000202917","protein_coding"
"ENST00000206544","retained_intron"
"ENST00000209665","protein_coding"
"ENST00000211076","protein_coding"
"ENST00000211122","protein_coding"
"ENST00000215376","retained_intron"
"ENST00000216139","protein_coding"
"ENST00000216336","protein_coding"
"ENST00000216481","nonsense_mediated_decay"
"ENST00000217131","protein_coding"
"ENST00000217428","protein_coding"
"ENST00000218032","protein_coding"
"ENST00000218099","protein_coding"
"ENST00000219162","protein_coding"
"ENST00000219919","protein_coding"
"ENST00000220562","protein_coding"
"ENST00000220849","protein_coding"
"ENST00000220940","protein_coding"
"ENST00000221222","protein_coding"
"ENST00000221515","protein_coding"
"ENST00000221567","lncRNA"
"ENST00000221700","protein_coding"
"ENST00000221797","protein_coding"
"ENST00000223361","protein_coding"
"ENST00000225844","protein_coding"
"ENST00000226355","protein_coding"
"ENST00000226460","protein_coding"
"ENST00000226730","protein_coding"
"ENST00000228476","protein_coding"
"ENST00000229135","protein_coding"
"ENST00000229335","protein_coding"
"ENST00000230323","protein_coding"
"ENST00000231188","protein_coding"
"ENST00000231228","protein_coding"
"ENST00000233892","protein_coding"
"ENST00000234701","protein_coding"
"ENST00000236826","protein_coding"
"ENST00000236979","protein_coding"
"ENST00000237201","protein_coding"
"ENST00000237275","protein_coding"
"ENST00000240636","nonsense_mediated_decay"
"ENST00000240691","protein_coding"
"ENST00000240727","protein_coding"
"ENST00000241808","protein_coding"
"ENST00000242872","protein_coding"
"ENST00000243219","protein_coding"
"ENST00000243611","protein_coding"
"ENST00000244096","protein_coding"
"ENST00000244293","protein_coding"
"ENST00000244645","protein_coding"
"ENST00000245983","protein_coding"
"ENST00000246012","protein_coding"
"ENST00000246020","protein_coding"
"ENST00000246105","protein_coding"
"ENST00000246515","protein_coding"
"ENST00000248072","protein_coding"
"ENST00000248384","protein_coding"
"ENST00000249284","protein_coding"
"ENST00000249504","protein_coding"
"ENST00000250378","protein_coding"
"ENST00000250572","protein_coding"
"ENST00000251372","protein_coding"
"ENST00000252172","protein_coding"
"ENST00000252244","protein_coding"
"ENST00000252250","protein_coding"
"ENST00000252252","protein_coding"
"ENST00000252971","protein_coding"
"ENST00000253362","protein_coding"
"ENST00000253381","protein_coding"
"ENST00000253673","protein_coding"
"ENST00000254181","protein_coding"
"ENST00000254850","protein_coding"
"ENST00000255324","protein_coding"
"ENST00000255486","protein_coding"
"ENST00000255500","processed_pseudogene"
"ENST00000255746","protein_coding"
"ENST00000256412","protein_coding"
"ENST00000256654","processed_pseudogene"
"ENST00000257020","processed_pseudogene"
"ENST00000257555","protein_coding"
"ENST00000257570","protein_coding"
"ENST00000257627","protein_coding"
"ENST00000257818","protein_coding"
"ENST00000258070","unprocessed_pseudogene"
"ENST00000258646","protein_coding"
"ENST00000258960","protein_coding"
"ENST00000258969","protein_coding"
"ENST00000259206","protein_coding"
"ENST00000259211","protein_coding"
"ENST00000259213","protein_coding"
"ENST00000259782","protein_coding"
"ENST00000260229","protein_coding"
"ENST00000260302","protein_coding"
"ENST00000260364","protein_coding"
"ENST00000260376","protein_coding"
"ENST00000260600","protein_coding"
"ENST00000260970","protein_coding"
"ENST00000261195","protein_coding"
"ENST00000261196","protein_coding"
"ENST00000261201","protein_coding"
"ENST00000261693","protein_coding"
"ENST00000262186","protein_coding"
"ENST00000262219","protein_coding"
"ENST00000262262","protein_coding"
"ENST00000262836","protein_coding"
"ENST00000262970","protein_coding"
"ENST00000263083","protein_coding"
"ENST00000263285","protein_coding"
"ENST00000263437","protein_coding"
"ENST00000263604","protein_coding"
"ENST00000263800","protein_coding"
"ENST00000263934","protein_coding"
"ENST00000264260","protein_coding"
"ENST00000264382","protein_coding"
"ENST00000265029","protein_coding"
"ENST00000265403","protein_coding"
"ENST00000265425","protein_coding"
"ENST00000265707","protein_coding"
"ENST00000265708","protein_coding"
"ENST00000265808","protein_coding"
"ENST00000265970","protein_coding"
"ENST00000266594","protein_coding"
"ENST00000267082","protein_coding"
"ENST00000268912","protein_coding"
"ENST00000268919","protein_coding"
"ENST00000268981","protein_coding"
"ENST00000269489","protein_coding"
"ENST00000269878","protein_coding"
"ENST00000269945","protein_coding"
"ENST00000270172","protein_coding"
"ENST00000271450","protein_coding"
"ENST00000271971","protein_coding"
"ENST00000272746","protein_coding"
"ENST00000273173","protein_coding"
"ENST00000273283","protein_coding"
"ENST00000273353","protein_coding"
"ENST00000273695","protein_coding"
"ENST00000274520","protein_coding"
"ENST00000275191","protein_coding"
"ENST00000275198","protein_coding"
"ENST00000275200","protein_coding"
"ENST00000275216","protein_coding"
"ENST00000275838","protein_coding"
"ENST00000276052","protein_coding"
"ENST00000276127","protein_coding"
"ENST00000277216","protein_coding"
"ENST00000278655","protein_coding"
"ENST00000278888","protein_coding"
"ENST00000279178","protein_coding"
"ENST00000279227","protein_coding"
"ENST00000279545","protein_coding"
"ENST00000279575","protein_coding"
"ENST00000279783","protein_coding"
"ENST00000280082","protein_coding"
"ENST00000280904","protein_coding"
"ENST00000281428","protein_coding"
"ENST00000281589","protein_coding"
"ENST00000281703","protein_coding"
"ENST00000281923","protein_coding"
"ENST00000282260","protein_coding"
"ENST00000282326","protein_coding"
"ENST00000283550","protein_coding"
"ENST00000283936","protein_coding"
"ENST00000284629","protein_coding"
"ENST00000284951","protein_coding"
"ENST00000285600","protein_coding"
"ENST00000286523","protein_coding"
"ENST00000286808","protein_coding"
"ENST00000286890","protein_coding"
"ENST00000288390","protein_coding"
"ENST00000289153","protein_coding"
"ENST00000289547","protein_coding"
"ENST00000290567","protein_coding"
"ENST00000291633","protein_coding"
"ENST00000291744","protein_coding"
"ENST00000291860","protein_coding"
"ENST00000292125","protein_coding"
"ENST00000292427","protein_coding"
"ENST00000292609","protein_coding"
"ENST00000292901","protein_coding"
"ENST00000293371","protein_coding"
"ENST00000293396","protein_coding"
"ENST00000293683","protein_coding"
"ENST00000293745","protein_coding"
"ENST00000293845","protein_coding"
"ENST00000293922","protein_coding"
"ENST00000294337","protein_coding"
"ENST00000294339","protein_coding"
"ENST00000294848","protein_coding"
"ENST00000294854","protein_coding"
"ENST00000294984","protein_coding"
"ENST00000295051","nonsense_mediated_decay"
"ENST00000295181","nonsense_mediated_decay"
"ENST00000295266","protein_coding"
"ENST00000295622","protein_coding"
"ENST00000295868","protein_coding"
"ENST00000295952","protein_coding"
"ENST00000296046","protein_coding"
"ENST00000296097","protein_coding"
"ENST00000296414","protein_coding"
"ENST00000296776","protein_coding"
"ENST00000296870","protein_coding"
"ENST00000296871","protein_coding"
"ENST00000296980","protein_coding"
"ENST00000297325","protein_coding"
"ENST00000297436","protein_coding"
"ENST00000297524","protein_coding"
"ENST00000297578","protein_coding"
"ENST00000297784","protein_coding"
"ENST00000298231","protein_coding"
"ENST00000298466","protein_coding"
"ENST00000298841","protein_coding"
"ENST00000299673","protein_coding_CDS_not_defined"
"ENST00000299752","protein_coding"
"ENST00000300167","lncRNA"
"ENST00000300182","protein_coding"
"ENST00000300187","protein_coding"
"ENST00000300190","protein_coding"
"ENST00000300258","protein_coding"
"ENST00000300399","protein_coding"
"ENST00000300482","protein_coding"
"ENST00000300589","protein_coding"
"ENST00000300590","protein_coding"
"ENST00000301532","protein_coding"
"ENST00000301656","protein_coding"
"ENST00000302124","protein_coding"
"ENST00000302247","protein_coding"
"ENST00000302270","protein_coding"
"ENST00000302271","protein_coding"
"ENST00000302347","protein_coding"
"ENST00000302451","protein_coding"
"ENST00000302555","protein_coding"
"ENST00000302622","protein_coding"
"ENST00000302797","protein_coding"
"ENST00000303039","protein_coding"
"ENST00000303045","protein_coding"
"ENST00000303202","protein_coding"
"ENST00000303270","protein_coding"
"ENST00000303310","protein_coding_CDS_not_defined"
"ENST00000304081","protein_coding"
"ENST00000304084","protein_coding"
"ENST00000304233","lncRNA"
"ENST00000304620","protein_coding"
"ENST00000304887","protein_coding"
"ENST00000304915","protein_coding"
"ENST00000305051","protein_coding"
"ENST00000305139","protein_coding"
"ENST00000305202","protein_coding"
"ENST00000305444","protein_coding"
"ENST00000305620","protein_coding"
"ENST00000305748","protein_coding"
"ENST00000305815","protein_coding"
"ENST00000305869","protein_coding"
"ENST00000305899","protein_coding"
"ENST00000305904","protein_coding"
"ENST00000306120","protein_coding"
"ENST00000306151","protein_coding"
"ENST00000306329","protein_coding"
"ENST00000306634","processed_pseudogene"
"ENST00000306842","protein_coding"
"ENST00000307002","protein_coding"
"ENST00000307033","protein_coding"
"ENST00000307180","protein_coding"
"ENST00000307486","protein_coding"
"ENST00000307522","protein_coding"
"ENST00000308128","protein_coding"
"ENST00000308192","protein_coding"
"ENST00000308304","protein_coding"
"ENST00000308618","protein_coding"
"ENST00000308700","protein_coding"
"ENST00000308721","protein_coding"
"ENST00000308811","protein_coding"
"ENST00000308873","protein_coding"
"ENST00000308940","protein_coding"
"ENST00000309060","protein_coding"
"ENST00000309106","protein_coding"
"ENST00000309154","protein_coding"
"ENST00000309229","unprocessed_pseudogene"
"ENST00000309296","processed_pseudogene"
"ENST00000309331","lncRNA"
"ENST00000309562","protein_coding"
"ENST00000309675","protein_coding"
"ENST00000310325","protein_coding"
"ENST00000310346","protein_coding"
"ENST00000310366","protein_coding"
"ENST00000310865","protein_coding"
"ENST00000311042","protein_coding"
"ENST00000311170","protein_coding"
"ENST00000311303","protein_coding"
"ENST00000311459","protein_coding"
"ENST00000311787","protein_coding"
"ENST00000311862","protein_coding"
"ENST00000311910","processed_pseudogene"
"ENST00000311912","protein_coding"
"ENST00000312053","protein_coding"
"ENST00000312173","processed_pseudogene"
"ENST00000312298","protein_coding"
"ENST00000312319","protein_coding"
"ENST00000312481","nonsense_mediated_decay"
"ENST00000312693","protein_coding"
"ENST00000312962","protein_coding"
"ENST00000313033","protein_coding"
"ENST00000313253","protein_coding"
"ENST00000313324","protein_coding"
"ENST00000313447","protein_coding"
"ENST00000313472","protein_coding"
"ENST00000313503","protein_coding"
"ENST00000313544","unprocessed_pseudogene"
"ENST00000313860","protein_coding"
"ENST00000314040","lncRNA"
"ENST00000314111","retained_intron"
"ENST00000314140","protein_coding"
"ENST00000314246","lncRNA"
"ENST00000314254","protein_coding"
"ENST00000314556","protein_coding"
"ENST00000314644","protein_coding"
"ENST00000314721","protein_coding"
"ENST00000314957","lncRNA"
"ENST00000315050","protein_coding"
"ENST00000315683","protein_coding"
"ENST00000315915","protein_coding"
"ENST00000315957","protein_coding"
"ENST00000315994","protein_coding_CDS_not_defined"
"ENST00000316099","protein_coding"
"ENST00000316219","protein_coding"
"ENST00000316386","protein_coding"
"ENST00000316401","protein_coding"
"ENST00000316770","protein_coding"
"ENST00000317103","protein_coding"
"ENST00000317221","protein_coding"
"ENST00000317257","protein_coding"
"ENST00000317393","protein_coding"
"ENST00000317746","protein_coding"
"ENST00000317861","protein_coding"
"ENST00000317902","processed_pseudogene"
"ENST00000318104","unprocessed_pseudogene"
"ENST00000318245","lncRNA"
"ENST00000318266","protein_coding"
"ENST00000318387","protein_coding"
"ENST00000318529","protein_coding"
"ENST00000318548","processed_pseudogene"
"ENST00000319165","protein_coding"
"ENST00000319242","protein_coding"
"ENST00000319423","protein_coding"
"ENST00000319669","protein_coding"
"ENST00000319760","protein_coding"
"ENST00000319813","protein_coding"
"ENST00000319856","protein_coding"
"ENST00000320002","protein_coding"
"ENST00000320048","protein_coding"
"ENST00000320065","protein_coding"
"ENST00000320202","lncRNA"
"ENST00000320362","protein_coding"
"ENST00000320415","processed_pseudogene"
"ENST00000320493","protein_coding"
"ENST00000320704","protein_coding"
"ENST00000321339","protein_coding"
"ENST00000321522","protein_coding"
"ENST00000321801","protein_coding"
"ENST00000321935","protein_coding"
"ENST00000322059","lncRNA"
"ENST00000322107","protein_coding"
"ENST00000322343","protein_coding"
"ENST00000322653","protein_coding"
"ENST00000322941","protein_coding"
"ENST00000323110","protein_coding"
"ENST00000323404","protein_coding"
"ENST00000324106","protein_coding"
"ENST00000324342","protein_coding"
"ENST00000324384","protein_coding"
"ENST00000324436","protein_coding"
"ENST00000324545","protein_coding"
"ENST00000324616","protein_coding"
"ENST00000324852","protein_coding"
"ENST00000324863","nonsense_mediated_decay"
"ENST00000324988","lncRNA"
"ENST00000325103","protein_coding"
"ENST00000325250","protein_coding"
"ENST00000325674","protein_coding"
"ENST00000325811","lncRNA"
"ENST00000325995","protein_coding"
"ENST00000326016","protein_coding"
"ENST00000326105","processed_pseudogene"
"ENST00000326192","protein_coding"
"ENST00000326258","protein_coding"
"ENST00000326321","protein_coding"
"ENST00000326441","protein_coding"
"ENST00000326575","protein_coding"
"ENST00000326652","protein_coding"
"ENST00000326971","processed_pseudogene"
"ENST00000327216","protein_coding"
"ENST00000327220","protein_coding"
"ENST00000327335","protein_coding"
"ENST00000327407","protein_coding"
"ENST00000327606","protein_coding"
"ENST00000327674","protein_coding"
"ENST00000327809","protein_coding"
"ENST00000328020","protein_coding"
"ENST00000328051","protein_coding"
"ENST00000328314","protein_coding"
"ENST00000328444","protein_coding"
"ENST00000328458","protein_coding"
"ENST00000328558","processed_pseudogene"
"ENST00000328794","protein_coding"
"ENST00000328882","protein_coding"
"ENST00000328886","protein_coding"
"ENST00000329357","protein_coding"
"ENST00000329411","protein_coding"
"ENST00000329447","protein_coding"
"ENST00000329524","protein_coding"
"ENST00000329621","protein_coding"
"ENST00000329625","protein_coding"
"ENST00000329715","protein_coding"
"ENST00000329800","protein_coding"
"ENST00000330148","lncRNA"
"ENST00000330155","unprocessed_pseudogene"
"ENST00000330492","processed_pseudogene"
"ENST00000330553","protein_coding"
"ENST00000330554","processed_pseudogene"
"ENST00000330767","protein_coding"
"ENST00000331172","unprocessed_pseudogene"
"ENST00000331335","protein_coding"
"ENST00000331342","protein_coding"
"ENST00000331425","lncRNA"
"ENST00000331428","protein_coding"
"ENST00000331555","protein_coding"
"ENST00000331769","protein_coding"
"ENST00000331828","TR_V_pseudogene"
"ENST00000332007","protein_coding"
"ENST00000332047","protein_coding"
"ENST00000332112","protein_coding"
"ENST00000332271","protein_coding"
"ENST00000332411","protein_coding"
"ENST00000332517","protein_coding"
"ENST00000332587","lncRNA"
"ENST00000332644","protein_coding"
"ENST00000332715","protein_coding"
"ENST00000332793","protein_coding"
"ENST00000332968","protein_coding"
"ENST00000332972","protein_coding"
"ENST00000333001","nonsense_mediated_decay"
"ENST00000333007","protein_coding"
"ENST00000333055","protein_coding"
"ENST00000333650","processed_pseudogene"
"ENST00000333725","protein_coding"
"ENST00000333756","protein_coding"
"ENST00000333822","protein_coding"
"ENST00000333881","protein_coding"
"ENST00000334046","protein_coding"
"ENST00000334055","protein_coding"
"ENST00000334067","protein_coding"
"ENST00000334068","protein_coding"
"ENST00000334109","protein_coding"
"ENST00000334118","unprocessed_pseudogene"
"ENST00000334148","protein_coding_CDS_not_defined"
"ENST00000334202","protein_coding"
"ENST00000334346","protein_coding"
"ENST00000334371","protein_coding"
"ENST00000334438","protein_coding"
"ENST00000334569","processed_pseudogene"
"ENST00000334680","protein_coding"
"ENST00000334686","protein_coding"
"ENST00000334716","processed_pseudogene"
"ENST00000334849","protein_coding"
"ENST00000334857","protein_coding"
"ENST00000334897","protein_coding"
"ENST00000334920","protein_coding"
"ENST00000335093","protein_coding"
"ENST00000335102","protein_coding"
"ENST00000335123","protein_coding"
"ENST00000335238","protein_coding"
"ENST00000335286","protein_coding"
"ENST00000335302","protein_coding"
"ENST00000335304","protein_coding"
"ENST00000335397","protein_coding"
"ENST00000335478","lncRNA"
"ENST00000335504","protein_coding"
"ENST00000335524","protein_coding"
"ENST00000335552","protein_coding"
"ENST00000335568","protein_coding"
"ENST00000335605","protein_coding"
"ENST00000336070","protein_coding"
"ENST00000336098","protein_coding"
"ENST00000336443","protein_coding"
"ENST00000336455","protein_coding"
"ENST00000336769","protein_coding"
"ENST00000336775","protein_coding"
"ENST00000337103","protein_coding"
"ENST00000337532","protein_coding"
"ENST00000337539","protein_coding"
"ENST00000337940","protein_coding"
"ENST00000338150","protein_coding"
"ENST00000338302","protein_coding"
"ENST00000338354","protein_coding"
"ENST00000338359","protein_coding"
"ENST00000338498","protein_coding"
"ENST00000338508","protein_coding"
"ENST00000338602","protein_coding"
"ENST00000338625","protein_coding"
"ENST00000338700","protein_coding"
"ENST00000338790","unprocessed_pseudogene"
"ENST00000338911","protein_coding"
"ENST00000338912","IG_V_gene"
"ENST00000339024","protein_coding"
"ENST00000339139","protein_coding"
"ENST00000339367","unprocessed_pseudogene"
"ENST00000339463","protein_coding"
"ENST00000339534","protein_coding"
"ENST00000339545","processed_pseudogene"
"ENST00000339673","protein_coding"
"ENST00000339924","protein_coding_LoF"
"ENST00000340326","retained_intron"
"ENST00000340345","protein_coding"
"ENST00000340446","protein_coding"
"ENST00000340827","protein_coding"
"ENST00000340858","unprocessed_pseudogene"
"ENST00000340929","unprocessed_pseudogene"
"ENST00000341062","protein_coding"
"ENST00000341372","nonsense_mediated_decay"
"ENST00000341418","protein_coding"
"ENST00000341462","protein_coding"
"ENST00000341495","protein_coding"
"ENST00000341584","protein_coding"
"ENST00000341689","protein_coding"
"ENST00000341723","protein_coding"
"ENST00000341855","processed_pseudogene"
"ENST00000341958","protein_coding"
"ENST00000341959","protein_coding"
"ENST00000342056","protein_coding"
"ENST00000342075","nonsense_mediated_decay"
"ENST00000342175","protein_coding"
"ENST00000342301","protein_coding"
"ENST00000342550","nonsense_mediated_decay"
"ENST00000342690","nonsense_mediated_decay"
"ENST00000342887","retained_intron"
"ENST00000342929","protein_coding"
"ENST00000343055","protein_coding"
"ENST00000343063","protein_coding"
"ENST00000343111","protein_coding"
"ENST00000343139","protein_coding"
"ENST00000343257","protein_coding"
"ENST00000343743","processed_pseudogene"
"ENST00000343939","retained_intron"
"ENST00000343999","lncRNA"
"ENST00000344013","protein_coding"
"ENST00000344113","protein_coding"
"ENST00000344265","protein_coding"
"ENST00000344363","protein_coding"
"ENST00000344373","protein_coding"
"ENST00000344545","protein_coding"
"ENST00000344622","protein_coding"
"ENST00000344636","protein_coding"
"ENST00000344638","unprocessed_pseudogene"
"ENST00000344731","protein_coding"
"ENST00000344785","protein_coding"
"ENST00000344954","protein_coding"
"ENST00000345015","protein_coding_CDS_not_defined"
"ENST00000345540","protein_coding"
"ENST00000345728","protein_coding"
"ENST00000345732","protein_coding"
"ENST00000345781","protein_coding"
"ENST00000345847","protein_coding"
"ENST00000346587","protein_coding"
"ENST00000346753","protein_coding"
"ENST00000346911","transcribed_processed_pseudogene"
"ENST00000347397","protein_coding"
"ENST00000348931","protein_coding"
"ENST00000349114","protein_coding"
"ENST00000349184","protein_coding"
"ENST00000349529","miRNA"
"ENST00000349552","protein_coding"
"ENST00000349721","protein_coding"
"ENST00000349847","protein_coding"
"ENST00000350849","protein_coding"
"ENST00000351017","protein_coding"
"ENST00000351270","protein_coding"
"ENST00000351691","protein_coding"
"ENST00000351839","protein_coding"
"ENST00000353868","protein_coding"
"ENST00000354353","protein_coding"
"ENST00000354432","lncRNA"
"ENST00000354558","protein_coding"
"ENST00000354593","protein_coding"
"ENST00000354625","protein_coding"
"ENST00000354667","protein_coding"
"ENST00000354855","protein_coding"
"ENST00000354897","protein_coding"
"ENST00000355095","protein_coding"
"ENST00000355173","protein_coding"
"ENST00000355243","protein_coding"
"ENST00000355497","protein_coding"
"ENST00000355509","processed_pseudogene"
"ENST00000355574","protein_coding"
"ENST00000355745","unprocessed_pseudogene"
"ENST00000355784","protein_coding"
"ENST00000355849","protein_coding"
"ENST00000355909","lncRNA"
"ENST00000356005","protein_coding"
"ENST00000356130","protein_coding"
"ENST00000356245","protein_coding"
"ENST00000356271","protein_coding"
"ENST00000356517","protein_coding"
"ENST00000356588","protein_coding"
"ENST00000356661","protein_coding"
"ENST00000356667","protein_coding"
"ENST00000356674","protein_coding"
"ENST00000356728","protein_coding"
"ENST00000356897","protein_coding"
"ENST00000357061","lncRNA"
"ENST00000357377","protein_coding"
"ENST00000357428","protein_coding"
"ENST00000357759","protein_coding"
"ENST00000357867","protein_coding"
"ENST00000357874","nonsense_mediated_decay"
"ENST00000358062","protein_coding"
"ENST00000358146","protein_coding"
"ENST00000358178","protein_coding"
"ENST00000358292","protein_coding"
"ENST00000358576","lncRNA"
"ENST00000358657","protein_coding"
"ENST00000358671","protein_coding"
"ENST00000358775","lncRNA"
"ENST00000358859","protein_coding"
"ENST00000358966","protein_coding"
"ENST00000358970","protein_coding"
"ENST00000359073","protein_coding"
"ENST00000359085","protein_coding"
"ENST00000359125","protein_coding"
"ENST00000359151","protein_coding"
"ENST00000359202","protein_coding"
"ENST00000359240","protein_coding"
"ENST00000359286","protein_coding"
"ENST00000359350","protein_coding"
"ENST00000359548","protein_coding"
"ENST00000359596","protein_coding"
"ENST00000359610","protein_coding"
"ENST00000359650","protein_coding"
"ENST00000359671","protein_coding"
"ENST00000359747","protein_coding"
"ENST00000360056","retained_intron"
"ENST00000360213","protein_coding"
"ENST00000360374","protein_coding"
"ENST00000360524","protein_coding"
"ENST00000360529","protein_coding"
"ENST00000360542","protein_coding"
"ENST00000360547","nonsense_mediated_decay"
"ENST00000360617","protein_coding"
"ENST00000360648","protein_coding"
"ENST00000360669","nonsense_mediated_decay"
"ENST00000360771","protein_coding"
"ENST00000360872","protein_coding"
"ENST00000361134","protein_coding"
"ENST00000361201","lncRNA"
"ENST00000361210","nonsense_mediated_decay"
"ENST00000361303","retained_intron"
"ENST00000361391","protein_coding"
"ENST00000361726","protein_coding"
"ENST00000361732","protein_coding"
"ENST00000361779","protein_coding"
"ENST00000361803","protein_coding"
"ENST00000361824","protein_coding"
"ENST00000361874","protein_coding"
"ENST00000361883","protein_coding"
"ENST00000361926","protein_coding"
"ENST00000361941","protein_coding"
"ENST00000361980","protein_coding"
"ENST00000362102","miRNA"
"ENST00000362104","miRNA"
"ENST00000362114","miRNA"
"ENST00000362125","miRNA"
"ENST00000362127","miRNA"
"ENST00000362131","miRNA"
"ENST00000362135","miRNA"
"ENST00000362150","miRNA"
"ENST00000362165","miRNA"
"ENST00000362168","miRNA"
"ENST00000362177","miRNA"
"ENST00000362181","miRNA"
"ENST00000362183","miRNA"
"ENST00000362189","miRNA"
"ENST00000362195","miRNA"
"ENST00000362202","miRNA"
"ENST00000362205","miRNA"
"ENST00000362207","miRNA"
"ENST00000362212","miRNA"
"ENST00000362215","miRNA"
"ENST00000362237","miRNA"
"ENST00000362251","miRNA"
"ENST00000362252","miRNA"
"ENST00000362257","miRNA"
"ENST00000362262","miRNA"
"ENST00000362265","miRNA"
"ENST00000362280","miRNA"
"ENST00000362283","miRNA"
"ENST00000362288","miRNA"
"ENST00000362298","miRNA"
"ENST00000362307","miRNA"
"ENST00000362326","snoRNA"
"ENST00000362333","misc_RNA"
"ENST00000362342","snoRNA"
"ENST00000362352","misc_RNA"
"ENST00000362376","snRNA"
"ENST00000362390","snRNA"
"ENST00000362406","rRNA_pseudogene"
"ENST00000362409","snRNA"
"ENST00000362416","snRNA"
"ENST00000362429","rRNA_pseudogene"
"ENST00000362431","snRNA"
"ENST00000362443","snRNA"
"ENST00000362451","snoRNA"
"ENST00000362452","rRNA_pseudogene"
"ENST00000362456","snRNA"
"ENST00000362461","misc_RNA"
"ENST00000362465","snRNA"
"ENST00000362479","misc_RNA"
"ENST00000362480","rRNA_pseudogene"
"ENST00000362490","snRNA"
"ENST00000362491","snRNA"
"ENST00000362494","rRNA_pseudogene"
"ENST00000362498","snRNA"
"ENST00000362508","misc_RNA"
"ENST00000362537","rRNA_pseudogene"
"ENST00000362540","misc_RNA"
"ENST00000362545","rRNA_pseudogene"
"ENST00000362556","snRNA"
"ENST00000362572","misc_RNA"
"ENST00000362574","misc_RNA"
"ENST00000362578","snRNA"
"ENST00000362584","rRNA_pseudogene"
"ENST00000362589","misc_RNA"
"ENST00000362596","misc_RNA"
"ENST00000362599","snRNA"
"ENST00000362601","misc_RNA"
"ENST00000362613","snRNA"
"ENST00000362618","snRNA"
"ENST00000362622","snRNA"
"ENST00000362637","misc_RNA"
"ENST00000362639","rRNA_pseudogene"
"ENST00000362644","snRNA"
"ENST00000362645","misc_RNA"
"ENST00000362650","snRNA"
"ENST00000362653","rRNA_pseudogene"
"ENST00000362655","rRNA_pseudogene"
"ENST00000362666","snRNA"
"ENST00000362692","snRNA"
"ENST00000362694","rRNA_pseudogene"
"ENST00000362698","snRNA"
"ENST00000362702","rRNA_pseudogene"
"ENST00000362707","snRNA"
"ENST00000362710","misc_RNA"
"ENST00000362715","rRNA_pseudogene"
"ENST00000362725","misc_RNA"
"ENST00000362731","snRNA"
"ENST00000362750","rRNA_pseudogene"
"ENST00000362759","snRNA"
"ENST00000362760","misc_RNA"
"ENST00000362765","misc_RNA"
"ENST00000362768","rRNA_pseudogene"
"ENST00000362775","snRNA"
"ENST00000362782","snRNA"
"ENST00000362796","snoRNA"
"ENST00000362797","misc_RNA"
"ENST00000362802","snRNA"
"ENST00000362804","snRNA"
"ENST00000362825","snRNA"
"ENST00000362840","misc_RNA"
"ENST00000362845","misc_RNA"
"ENST00000362846","misc_RNA"
"ENST00000362858","snRNA"
"ENST00000362861","snRNA"
"ENST00000362881","misc_RNA"
"ENST00000362883","snoRNA"
"ENST00000362886","misc_RNA"
"ENST00000362892","misc_RNA"
"ENST00000362912","snoRNA"
"ENST00000362916","rRNA_pseudogene"
"ENST00000362920","snRNA"
"ENST00000362927","misc_RNA"
"ENST00000362954","snRNA"
"ENST00000362962","misc_RNA"
"ENST00000362979","snRNA"
"ENST00000362988","snRNA"
"ENST00000362996","misc_RNA"
"ENST00000362997","misc_RNA"
"ENST00000363016","snRNA"
"ENST00000363022","snRNA"
"ENST00000363025","misc_RNA"
"ENST00000363029","misc_RNA"
"ENST00000363031","misc_RNA"
"ENST00000363062","snRNA"
"ENST00000363063","misc_RNA"
"ENST00000363068","misc_RNA"
"ENST00000363083","rRNA"
"ENST00000363093","snRNA"
"ENST00000363094","misc_RNA"
"ENST00000363101","snRNA"
"ENST00000363115","rRNA_pseudogene"
"ENST00000363116","snRNA"
"ENST00000363158","rRNA_pseudogene"
"ENST00000363166","rRNA_pseudogene"
"ENST00000363171","misc_RNA"
"ENST00000363172","snoRNA"
"ENST00000363178","snRNA"
"ENST00000363179","misc_RNA"
"ENST00000363182","misc_RNA"
"ENST00000363188","rRNA_pseudogene"
"ENST00000363192","snRNA"
"ENST00000363193","snoRNA"
"ENST00000363202","snoRNA"
"ENST00000363220","misc_RNA"
"ENST00000363236","snRNA"
"ENST00000363244","rRNA_pseudogene"
"ENST00000363262","snRNA"
"ENST00000363265","misc_RNA"
"ENST00000363268","misc_RNA"
"ENST00000363286","snRNA"
"ENST00000363292","misc_RNA"
"ENST00000363298","rRNA_pseudogene"
"ENST00000363299","snRNA"
"ENST00000363300","misc_RNA"
"ENST00000363301","misc_RNA"
"ENST00000363309","misc_RNA"
"ENST00000363328","misc_RNA"
"ENST00000363331","misc_RNA"
"ENST00000363334","snRNA"
"ENST00000363339","misc_RNA"
"ENST00000363346","snRNA"
"ENST00000363350","snRNA"
"ENST00000363354","snRNA"
"ENST00000363365","snoRNA"
"ENST00000363373","misc_RNA"
"ENST00000363377","snRNA"
"ENST00000363380","snRNA"
"ENST00000363383","snRNA"
"ENST00000363387","snRNA"
"ENST00000363391","misc_RNA"
"ENST00000363399","snRNA"
"ENST00000363417","misc_RNA"
"ENST00000363421","misc_RNA"
"ENST00000363423","rRNA_pseudogene"
"ENST00000363424","snoRNA"
"ENST00000363428","misc_RNA"
"ENST00000363431","rRNA_pseudogene"
"ENST00000363434","snRNA"
"ENST00000363444","misc_RNA"
"ENST00000363455","misc_RNA"
"ENST00000363468","snRNA"
"ENST00000363481","misc_RNA"
"ENST00000363486","snRNA"
"ENST00000363507","snoRNA"
"ENST00000363515","snoRNA"
"ENST00000363518","snRNA"
"ENST00000363538","rRNA_pseudogene"
"ENST00000363541","rRNA_pseudogene"
"ENST00000363562","misc_RNA"
"ENST00000363566","misc_RNA"
"ENST00000363573","snRNA"
"ENST00000363585","snRNA"
"ENST00000363602","misc_RNA"
"ENST00000363603","rRNA_pseudogene"
"ENST00000363614","snRNA"
"ENST00000363615","misc_RNA"
"ENST00000363616","snoRNA"
"ENST00000363617","rRNA_pseudogene"
"ENST00000363622","snoRNA"
"ENST00000363624","misc_RNA"
"ENST00000363625","snRNA"
"ENST00000363626","snoRNA"
"ENST00000363646","rRNA_pseudogene"
"ENST00000363655","snRNA"
"ENST00000363657","rRNA_pseudogene"
"ENST00000363658","snRNA"
"ENST00000363667","misc_RNA"
"ENST00000363668","snoRNA"
"ENST00000363674","misc_RNA"
"ENST00000363682","misc_RNA"
"ENST00000363684","snRNA"
"ENST00000363685","snRNA"
"ENST00000363686","snRNA"
"ENST00000363694","snoRNA"
"ENST00000363717","rRNA_pseudogene"
"ENST00000363721","misc_RNA"
"ENST00000363749","rRNA_pseudogene"
"ENST00000363756","rRNA_pseudogene"
"ENST00000363760","misc_RNA"
"ENST00000363768","snoRNA"
"ENST00000363775","snRNA"
"ENST00000363776","misc_RNA"
"ENST00000363780","rRNA_pseudogene"
"ENST00000363794","misc_RNA"
"ENST00000363795","snRNA"
"ENST00000363807","snoRNA"
"ENST00000363816","misc_RNA"
"ENST00000363817","rRNA_pseudogene"
"ENST00000363818","misc_RNA"
"ENST00000363836","snoRNA"
"ENST00000363841","rRNA_pseudogene"
"ENST00000363843","snRNA"
"ENST00000363844","misc_RNA"
"ENST00000363849","rRNA_pseudogene"
"ENST00000363856","snoRNA"
"ENST00000363862","snRNA"
"ENST00000363872","misc_RNA"
"ENST00000363875","snRNA"
"ENST00000363880","misc_RNA"
"ENST00000363882","misc_RNA"
"ENST00000363891","misc_RNA"
"ENST00000363899","misc_RNA"
"ENST00000363924","misc_RNA"
"ENST00000363930","snRNA"
"ENST00000363931","snoRNA"
"ENST00000363944","snRNA"
"ENST00000363945","snRNA"
"ENST00000363947","snRNA"
"ENST00000363959","misc_RNA"
"ENST00000363964","misc_RNA"
"ENST00000363969","rRNA_pseudogene"
"ENST00000363970","snRNA"
"ENST00000364001","snRNA"
"ENST00000364003","rRNA_pseudogene"
"ENST00000364005","snRNA"
"ENST00000364012","snRNA"
"ENST00000364020","rRNA_pseudogene"
"ENST00000364023","snRNA"
"ENST00000364027","snoRNA"
"ENST00000364033","snRNA"
"ENST00000364036","snRNA"
"ENST00000364047","snRNA"
"ENST00000364052","misc_RNA"
"ENST00000364054","snRNA"
"ENST00000364056","snRNA"
"ENST00000364065","snRNA"
"ENST00000364099","snoRNA"
"ENST00000364102","snRNA"
"ENST00000364115","rRNA_pseudogene"
"ENST00000364121","snoRNA"
"ENST00000364131","snRNA"
"ENST00000364143","misc_RNA"
"ENST00000364145","snRNA"
"ENST00000364153","misc_RNA"
"ENST00000364158","snRNA"
"ENST00000364164","misc_RNA"
"ENST00000364165","rRNA_pseudogene"
"ENST00000364171","rRNA_pseudogene"
"ENST00000364180","snRNA"
"ENST00000364205","misc_RNA"
"ENST00000364208","misc_RNA"
"ENST00000364215","snRNA"
"ENST00000364227","snRNA"
"ENST00000364228","misc_RNA"
"ENST00000364232","misc_RNA"
"ENST00000364234","snRNA"
"ENST00000364264","misc_RNA"
"ENST00000364265","snRNA"
"ENST00000364275","rRNA_pseudogene"
"ENST00000364278","rRNA_pseudogene"
"ENST00000364281","snoRNA"
"ENST00000364283","snRNA"
"ENST00000364292","snRNA"
"ENST00000364300","snRNA"
"ENST00000364306","snRNA"
"ENST00000364308","misc_RNA"
"ENST00000364309","snRNA"
"ENST00000364312","snRNA"
"ENST00000364315","rRNA_pseudogene"
"ENST00000364316","snRNA"
"ENST00000364326","misc_RNA"
"ENST00000364328","snRNA"
"ENST00000364337","misc_RNA"
"ENST00000364340","rRNA_pseudogene"
"ENST00000364346","misc_RNA"
"ENST00000364371","snRNA"
"ENST00000364372","misc_RNA"
"ENST00000364373","snRNA"
"ENST00000364403","snRNA"
"ENST00000364418","snRNA"
"ENST00000364424","snRNA"
"ENST00000364426","snRNA"
"ENST00000364430","snoRNA"
"ENST00000364438","snRNA"
"ENST00000364441","misc_RNA"
"ENST00000364445","misc_RNA"
"ENST00000364446","snoRNA"
"ENST00000364447","snRNA"
"ENST00000364451","rRNA"
"ENST00000364459","snoRNA"
"ENST00000364461","snoRNA"
"ENST00000364469","misc_RNA"
"ENST00000364470","misc_RNA"
"ENST00000364486","rRNA_pseudogene"
"ENST00000364491","rRNA_pseudogene"
"ENST00000364493","misc_RNA"
"ENST00000364498","snoRNA"
"ENST00000364509","snRNA"
"ENST00000364512","snRNA"
"ENST00000364516","snRNA"
"ENST00000364522","snRNA"
"ENST00000364524","rRNA_pseudogene"
"ENST00000364540","snoRNA"
"ENST00000364545","rRNA_pseudogene"
"ENST00000364556","misc_RNA"
"ENST00000364574","snRNA"
"ENST00000364582","snRNA"
"ENST00000364588","snRNA"
"ENST00000364599","rRNA_pseudogene"
"ENST00000364604","snRNA"
"ENST00000364622","rRNA_pseudogene"
"ENST00000364628","misc_RNA"
"ENST00000364631","misc_RNA"
"ENST00000364632","snoRNA"
"ENST00000364639","misc_RNA"
"ENST00000364646","snoRNA"
"ENST00000364649","snRNA"
"ENST00000364663","misc_RNA"
"ENST00000364672","snoRNA"
"ENST00000364677","misc_RNA"
"ENST00000364680","snRNA"
"ENST00000364703","misc_RNA"
"ENST00000364709","snRNA"
"ENST00000364713","misc_RNA"
"ENST00000364721","snRNA"
"ENST00000364724","rRNA_pseudogene"
"ENST00000364725","rRNA_pseudogene"
"ENST00000364728","snRNA"
"ENST00000364748","rRNA_pseudogene"
"ENST00000364753","snRNA"
"ENST00000364757","misc_RNA"
"ENST00000364758","snRNA"
"ENST00000364770","misc_RNA"
"ENST00000364779","misc_RNA"
"ENST00000364784","snRNA"
"ENST00000364792","snRNA"
"ENST00000364795","misc_RNA"
"ENST00000364801","rRNA_pseudogene"
"ENST00000364811","misc_RNA"
"ENST00000364817","snRNA"
"ENST00000364820","misc_RNA"
"ENST00000364839","snRNA"
"ENST00000364841","snRNA"
"ENST00000364845","misc_RNA"
"ENST00000364849","snoRNA"
"ENST00000364853","misc_RNA"
"ENST00000364855","snRNA"
"ENST00000364866","rRNA_pseudogene"
"ENST00000364871","misc_RNA"
"ENST00000364872","snRNA"
"ENST00000364876","snRNA"
"ENST00000364891","snRNA"
"ENST00000364916","misc_RNA"
"ENST00000364918","misc_RNA"
"ENST00000364920","rRNA_pseudogene"
"ENST00000364921","snoRNA"
"ENST00000364926","snRNA"
"ENST00000364930","misc_RNA"
"ENST00000364931","snRNA"
"ENST00000364935","snRNA"
"ENST00000364940","snoRNA"
"ENST00000364941","snoRNA"
"ENST00000364942","rRNA_pseudogene"
"ENST00000364948","misc_RNA"
"ENST00000364960","misc_RNA"
"ENST00000364973","misc_RNA"
"ENST00000364977","snoRNA"
"ENST00000364982","snRNA"
"ENST00000364990","misc_RNA"
"ENST00000364998","misc_RNA"
"ENST00000365005","misc_RNA"
"ENST00000365022","misc_RNA"
"ENST00000365030","misc_RNA"
"ENST00000365037","snoRNA"
"ENST00000365046","misc_RNA"
"ENST00000365050","rRNA_pseudogene"
"ENST00000365052","snRNA"
"ENST00000365053","rRNA_pseudogene"
"ENST00000365061","rRNA"
"ENST00000365063","misc_RNA"
"ENST00000365068","misc_RNA"
"ENST00000365069","rRNA_pseudogene"
"ENST00000365073","snoRNA"
"ENST00000365075","snoRNA"
"ENST00000365084","snRNA"
"ENST00000365085","misc_RNA"
"ENST00000365097","misc_RNA"
"ENST00000365098","rRNA_pseudogene"
"ENST00000365118","misc_RNA"
"ENST00000365120","misc_RNA"
"ENST00000365131","misc_RNA"
"ENST00000365147","snRNA"
"ENST00000365157","misc_RNA"
"ENST00000365159","snRNA"
"ENST00000365169","snRNA"
"ENST00000365174","rRNA_pseudogene"
"ENST00000365176","misc_RNA"
"ENST00000365177","rRNA_pseudogene"
"ENST00000365180","snRNA"
"ENST00000365184","rRNA_pseudogene"
"ENST00000365189","snoRNA"
"ENST00000365190","rRNA_pseudogene"
"ENST00000365193","rRNA_pseudogene"
"ENST00000365199","snRNA"
"ENST00000365200","snRNA"
"ENST00000365212","snRNA"
"ENST00000365219","snRNA"
"ENST00000365230","misc_RNA"
"ENST00000365233","snRNA"
"ENST00000365254","misc_RNA"
"ENST00000365267","misc_RNA"
"ENST00000365276","misc_RNA"
"ENST00000365277","rRNA_pseudogene"
"ENST00000365287","snRNA"
"ENST00000365289","snRNA"
"ENST00000365290","snRNA"
"ENST00000365297","snRNA"
"ENST00000365302","snRNA"
"ENST00000365312","misc_RNA"
"ENST00000365329","snRNA"
"ENST00000365330","misc_RNA"
"ENST00000365335","snRNA"
"ENST00000365347","misc_RNA"
"ENST00000365355","rRNA_pseudogene"
"ENST00000365357","snRNA"
"ENST00000365367","snRNA"
"ENST00000365372","snRNA"
"ENST00000365384","misc_RNA"
"ENST00000365393","rRNA_pseudogene"
"ENST00000365394","rRNA_pseudogene"
"ENST00000365406","misc_RNA"
"ENST00000365409","misc_RNA"
"ENST00000365411","rRNA_pseudogene"
"ENST00000365415","snRNA"
"ENST00000365430","snRNA"
"ENST00000365436","misc_RNA"
"ENST00000365440","misc_RNA"
"ENST00000365448","misc_RNA"
"ENST00000365452","rRNA_pseudogene"
"ENST00000365454","rRNA_pseudogene"
"ENST00000365464","rRNA_pseudogene"
"ENST00000365467","snRNA"
"ENST00000365471","snRNA"
"ENST00000365481","misc_RNA"
"ENST00000365484","misc_RNA"
"ENST00000365487","misc_RNA"
"ENST00000365488","snRNA"
"ENST00000365491","misc_RNA"
"ENST00000365507","snoRNA"
"ENST00000365513","rRNA_pseudogene"
"ENST00000365525","misc_RNA"
"ENST00000365529","misc_RNA"
"ENST00000365530","snoRNA"
"ENST00000365542","misc_RNA"
"ENST00000365544","misc_RNA"
"ENST00000365557","snRNA"
"ENST00000365560","rRNA_pseudogene"
"ENST00000365561","snRNA"
"ENST00000365575","snRNA"
"ENST00000365598","snRNA"
"ENST00000365600","misc_RNA"
"ENST00000365603","misc_RNA"
"ENST00000365606","misc_RNA"
"ENST00000365615","snRNA"
"ENST00000365620","snRNA"
"ENST00000365627","snRNA"
"ENST00000365628","snoRNA"
"ENST00000365644","misc_RNA"
"ENST00000365652","misc_RNA"
"ENST00000365653","misc_RNA"
"ENST00000365662","snRNA"
"ENST00000365664","snRNA"
"ENST00000365666","misc_RNA"
"ENST00000365699","miRNA"
"ENST00000365739","miRNA"
"ENST00000366215","retained_intron"
"ENST00000366308","lncRNA"
"ENST00000366476","protein_coding"
"ENST00000366485","protein_coding"
"ENST00000366488","protein_coding"
"ENST00000366491","protein_coding"
"ENST00000366496","protein_coding"
"ENST00000366738","protein_coding"
"ENST00000366741","protein_coding"
"ENST00000366875","protein_coding"
"ENST00000366985","protein_coding"
"ENST00000367015","protein_coding"
"ENST00000367025","protein_coding"
"ENST00000367049","protein_coding"
"ENST00000367052","protein_coding"
"ENST00000367074","processed_pseudogene"
"ENST00000367093","protein_coding"
"ENST00000367096","protein_coding"
"ENST00000367098","protein_coding"
"ENST00000367099","retained_intron"
"ENST00000367135","protein_coding"
"ENST00000367225","protein_coding"
"ENST00000367251","protein_coding"
"ENST00000367258","protein_coding"
"ENST00000367272","transcribed_unprocessed_pseudogene"
"ENST00000367278","protein_coding"
"ENST00000367308","protein_coding"
"ENST00000367355","lncRNA"
"ENST00000367356","lncRNA"
"ENST00000367364","protein_coding"
"ENST00000367412","protein_coding"
"ENST00000367415","protein_coding"
"ENST00000367416","protein_coding"
"ENST00000367483","protein_coding"
"ENST00000367535","protein_coding"
"ENST00000367536","protein_coding"
"ENST00000367547","protein_coding"
"ENST00000367563","lncRNA"
"ENST00000367614","protein_coding"
"ENST00000367618","protein_coding"
"ENST00000367641","protein_coding"
"ENST00000367721","protein_coding"
"ENST00000367776","protein_coding"
"ENST00000367815","protein_coding"
"ENST00000367851","protein_coding"
"ENST00000367931","protein_coding"
"ENST00000368034","protein_coding"
"ENST00000368037","protein_coding"
"ENST00000368047","protein_coding_CDS_not_defined"
"ENST00000368054","protein_coding"
"ENST00000368059","protein_coding"
"ENST00000368061","protein_coding"
"ENST00000368140","protein_coding"
"ENST00000368168","protein_coding"
"ENST00000368174","protein_coding"
"ENST00000368176","protein_coding"
"ENST00000368178","retained_intron"
"ENST00000368248","protein_coding"
"ENST00000368250","protein_coding"
"ENST00000368299","protein_coding"
"ENST00000368383","protein_coding"
"ENST00000368393","protein_coding"
"ENST00000368508","protein_coding"
"ENST00000368714","protein_coding"
"ENST00000368722","protein_coding"
"ENST00000368725","unprocessed_pseudogene"
"ENST00000368728","protein_coding"
"ENST00000368729","protein_coding"
"ENST00000368737","protein_coding"
"ENST00000368739","protein_coding"
"ENST00000368748","protein_coding"
"ENST00000368775","protein_coding"
"ENST00000368779","protein_coding"
"ENST00000368780","protein_coding"
"ENST00000368789","protein_coding"
"ENST00000368801","protein_coding"
"ENST00000368806","protein_coding"
"ENST00000368898","protein_coding"
"ENST00000368909","protein_coding"
"ENST00000368955","protein_coding"
"ENST00000368995","protein_coding"
"ENST00000369115","protein_coding"
"ENST00000369177","transcribed_unprocessed_pseudogene"
"ENST00000369212","protein_coding"
"ENST00000369239","protein_coding"
"ENST00000369310","protein_coding"
"ENST00000369354","protein_coding"
"ENST00000369458","protein_coding"
"ENST00000369518","protein_coding"
"ENST00000369529","protein_coding"
"ENST00000369538","protein_coding"
"ENST00000369555","protein_coding"
"ENST00000369622","protein_coding"
"ENST00000369743","lncRNA"
"ENST00000369805","protein_coding"
"ENST00000369823","protein_coding"
"ENST00000369973","nonsense_mediated_decay"
"ENST00000369983","protein_coding"
"ENST00000370001","protein_coding"
"ENST00000370007","protein_coding"
"ENST00000370011","protein_coding"
"ENST00000370076","protein_coding_CDS_not_defined"
"ENST00000370098","protein_coding"
"ENST00000370221","retained_intron"
"ENST00000370224","protein_coding"
"ENST00000370250","protein_coding"
"ENST00000370251","protein_coding"
"ENST00000370318","protein_coding"
"ENST00000370346","protein_coding"
"ENST00000370389","protein_coding"
"ENST00000370399","protein_coding"
"ENST00000370503","protein_coding"
"ENST00000370540","protein_coding"
"ENST00000370586","protein_coding"
"ENST00000370788","protein_coding"
"ENST00000370864","protein_coding"
"ENST00000370910","protein_coding"
"ENST00000370927","protein_coding"
"ENST00000371006","protein_coding"
"ENST00000371172","protein_coding"
"ENST00000371173","protein_coding"
"ENST00000371197","protein_coding"
"ENST00000371220","protein_coding"
"ENST00000371311","protein_coding"
"ENST00000371454","protein_coding"
"ENST00000371478","protein_coding_CDS_not_defined"
"ENST00000371483","protein_coding"
"ENST00000371546","protein_coding"
"ENST00000371555","protein_coding"
"ENST00000371561","protein_coding"
"ENST00000371587","nonsense_mediated_decay"
"ENST00000371667","protein_coding"
"ENST00000371723","protein_coding"
"ENST00000371766","protein_coding"
"ENST00000371781","protein_coding"
"ENST00000371836","protein_coding"
"ENST00000371885","protein_coding"
"ENST00000371894","protein_coding"
"ENST00000371905","protein_coding"
"ENST00000371921","protein_coding"
"ENST00000372031","unprocessed_pseudogene"
"ENST00000372064","protein_coding"
"ENST00000372066","protein_coding"
"ENST00000372126","protein_coding"
"ENST00000372150","protein_coding_CDS_not_defined"
"ENST00000372155","retained_intron"
"ENST00000372443","protein_coding"
"ENST00000372515","protein_coding"
"ENST00000372585","protein_coding"
"ENST00000372739","protein_coding"
"ENST00000372856","protein_coding"
"ENST00000372857","protein_coding"
"ENST00000372966","protein_coding"
"ENST00000373083","protein_coding"
"ENST00000373094","protein_coding"
"ENST00000373122","protein_coding"
"ENST00000373133","retained_intron"
"ENST00000373187","protein_coding"
"ENST00000373190","protein_coding"
"ENST00000373198","protein_coding"
"ENST00000373201","protein_coding"
"ENST00000373278","protein_coding"
"ENST00000373384","lncRNA"
"ENST00000373409","protein_coding"
"ENST00000373414","protein_coding"
"ENST00000373445","protein_coding"
"ENST00000373450","protein_coding"
"ENST00000373465","processed_pseudogene"
"ENST00000373474","protein_coding"
"ENST00000373498","protein_coding"
"ENST00000373587","protein_coding"
"ENST00000373603","protein_coding"
"ENST00000373655","protein_coding"
"ENST00000373669","protein_coding"
"ENST00000373684","protein_coding"
"ENST00000373686","protein_coding"
"ENST00000373706","protein_coding"
"ENST00000373793","protein_coding"
"ENST00000373809","protein_coding"
"ENST00000373968","protein_coding"
"ENST00000373995","protein_coding"
"ENST00000373997","protein_coding"
"ENST00000374014","lncRNA"
"ENST00000374025","retained_intron"
"ENST00000374176","protein_coding"
"ENST00000374218","protein_coding"
"ENST00000374346","protein_coding"
"ENST00000374393","protein_coding"
"ENST00000374476","processed_pseudogene"
"ENST00000374493","protein_coding"
"ENST00000374511","protein_coding"
"ENST00000374660","protein_coding"
"ENST00000374965","protein_coding"
"ENST00000375015","protein_coding"
"ENST00000375043","protein_coding"
"ENST00000375081","protein_coding_CDS_not_defined"
"ENST00000375116","protein_coding"
"ENST00000375121","protein_coding"
"ENST00000375129","protein_coding"
"ENST00000375159",NA
"ENST00000375308","protein_coding"
"ENST00000375318","protein_coding"
"ENST00000375352","protein_coding"
"ENST00000375437","protein_coding"
"ENST00000375459","protein_coding"
"ENST00000375500","protein_coding"
"ENST00000375581","protein_coding"
"ENST00000375612","protein_coding_CDS_not_defined"
"ENST00000375699","protein_coding"
"ENST00000375713","lncRNA"
"ENST00000376006","protein_coding"
"ENST00000376022","protein_coding"
"ENST00000376038","protein_coding"
"ENST00000376150","protein_coding"
"ENST00000376180","protein_coding"
"ENST00000376263","protein_coding"
"ENST00000376296","protein_coding"
"ENST00000376400","processed_pseudogene"
"ENST00000376483","protein_coding"
"ENST00000376597","protein_coding"
"ENST00000376669","protein_coding"
"ENST00000376724","protein_coding"
"ENST00000376740","nonsense_mediated_decay"
"ENST00000376799","nonsense_mediated_decay"
"ENST00000376987","transcribed_unprocessed_pseudogene"
"ENST00000377024","protein_coding"
"ENST00000377051","protein_coding"
"ENST00000377105","protein_coding"
"ENST00000377121","lncRNA"
"ENST00000377127","protein_coding"
"ENST00000377148","protein_coding"
"ENST00000377149","protein_coding"
"ENST00000377171","protein_coding"
"ENST00000377175","protein_coding"
"ENST00000377413","protein_coding"
"ENST00000377462","protein_coding"
"ENST00000377567","protein_coding"
"ENST00000377675","protein_coding"
"ENST00000377713","protein_coding"
"ENST00000377721","protein_coding"
"ENST00000377722","lncRNA"
"ENST00000377747","protein_coding"
"ENST00000377755","protein_coding"
"ENST00000377770","protein_coding"
"ENST00000377808","protein_coding"
"ENST00000377850","protein_coding"
"ENST00000377888","protein_coding"
"ENST00000377898","protein_coding"
"ENST00000377905","protein_coding"
"ENST00000378013","protein_coding_CDS_not_defined"
"ENST00000378079","protein_coding"
"ENST00000378113","protein_coding"
"ENST00000378120","lncRNA"
"ENST00000378185","protein_coding"
"ENST00000378186","protein_coding"
"ENST00000378368","lncRNA"
"ENST00000378396","protein_coding"
"ENST00000378397","protein_coding"
"ENST00000378459","protein_coding"
"ENST00000378479","lncRNA"
"ENST00000378485","lncRNA"
"ENST00000378789","protein_coding"
"ENST00000378805","non_stop_decay"
"ENST00000378933","protein_coding"
"ENST00000378966","protein_coding"
"ENST00000379077","nonsense_mediated_decay"
"ENST00000379084","protein_coding"
"ENST00000379104","protein_coding"
"ENST00000379242","protein_coding"
"ENST00000379289","protein_coding"
"ENST00000379290","protein_coding"
"ENST00000379526","lncRNA"
"ENST00000379555","protein_coding"
"ENST00000379679","protein_coding"
"ENST00000379866","protein_coding"
"ENST00000379906","protein_coding"
"ENST00000379959","protein_coding"
"ENST00000380035","protein_coding"
"ENST00000380103","nonsense_mediated_decay"
"ENST00000380194","processed_pseudogene"
"ENST00000380216","protein_coding"
"ENST00000380225","protein_coding"
"ENST00000380370","protein_coding"
"ENST00000380371","protein_coding"
"ENST00000380378","protein_coding"
"ENST00000380433","protein_coding"
"ENST00000380491","nonsense_mediated_decay"
"ENST00000380567","nonsense_mediated_decay"
"ENST00000380601","lncRNA"
"ENST00000380622","protein_coding"
"ENST00000380692","protein_coding"
"ENST00000380741","protein_coding"
"ENST00000380779","protein_coding"
"ENST00000380931","lncRNA"
"ENST00000380938","protein_coding"
"ENST00000380981","lncRNA"
"ENST00000380990","lncRNA"
"ENST00000381000","protein_coding"
"ENST00000381127","protein_coding"
"ENST00000381259","protein_coding"
"ENST00000381269","protein_coding"
"ENST00000381324","protein_coding"
"ENST00000381357","processed_pseudogene"
"ENST00000381360","protein_coding"
"ENST00000381362","protein_coding"
"ENST00000381380","transcribed_processed_pseudogene"
"ENST00000381404","protein_coding"
"ENST00000381423","protein_coding"
"ENST00000381541","protein_coding"
"ENST00000381580","protein_coding"
"ENST00000381621","protein_coding"
"ENST00000381623","protein_coding"
"ENST00000381637","nonsense_mediated_decay"
"ENST00000381692","protein_coding"
"ENST00000381700","protein_coding"
"ENST00000381709","nonsense_mediated_decay"
"ENST00000381728","protein_coding"
"ENST00000381775","protein_coding"
"ENST00000381792","protein_coding"
"ENST00000381901","protein_coding"
"ENST00000381902","protein_coding"
"ENST00000381951","protein_coding"
"ENST00000382007","lncRNA"
"ENST00000382166","lncRNA"
"ENST00000382181","nonsense_mediated_decay"
"ENST00000382201","protein_coding"
"ENST00000382205","protein_coding"
"ENST00000382376","protein_coding"
"ENST00000382388","protein_coding"
"ENST00000382477","protein_coding"
"ENST00000382489","protein_coding"
"ENST00000382582","protein_coding"
"ENST00000382676","unprocessed_pseudogene"
"ENST00000382822","protein_coding"
"ENST00000382826","protein_coding"
"ENST00000382835","protein_coding"
"ENST00000382844","protein_coding"
"ENST00000382864","lncRNA"
"ENST00000382897","lncRNA"
"ENST00000383163","protein_coding"
"ENST00000383229","protein_coding"
"ENST00000383606","transcribed_unprocessed_pseudogene"
"ENST00000383695","protein_coding"
"ENST00000383814","protein_coding"
"ENST00000383846","protein_coding"
"ENST00000383856","snRNA"
"ENST00000383861","snRNA"
"ENST00000383866","snRNA"
"ENST00000383868","snRNA"
"ENST00000383872","snRNA"
"ENST00000383873","snRNA"
"ENST00000383886","snRNA"
"ENST00000383889","snRNA"
"ENST00000383890","misc_RNA"
"ENST00000383891","snRNA"
"ENST00000383898","snRNA"
"ENST00000383900","snRNA"
"ENST00000383904","snRNA"
"ENST00000383908","snRNA"
"ENST00000383909","misc_RNA"
"ENST00000383910","snoRNA"
"ENST00000383911","snRNA"
"ENST00000383919","misc_RNA"
"ENST00000383922","snoRNA"
"ENST00000383933","misc_RNA"
"ENST00000383934","snoRNA"
"ENST00000383935","misc_RNA"
"ENST00000383936","misc_RNA"
"ENST00000383942","misc_RNA"
"ENST00000383944","snRNA"
"ENST00000383955","misc_RNA"
"ENST00000383957","snRNA"
"ENST00000383958","snRNA"
"ENST00000383959","snRNA"
"ENST00000383963","misc_RNA"
"ENST00000383970","misc_RNA"
"ENST00000383973","snRNA"
"ENST00000383974","snRNA"
"ENST00000383976","snRNA"
"ENST00000383982","snRNA"
"ENST00000383983","snRNA"
"ENST00000383985","snRNA"
"ENST00000383986","misc_RNA"
"ENST00000383988","snRNA"
"ENST00000383991","snRNA"
"ENST00000383994","misc_RNA"
"ENST00000383999","snRNA"
"ENST00000384003","snRNA"
"ENST00000384005","snRNA"
"ENST00000384010","snRNA"
"ENST00000384011","misc_RNA"
"ENST00000384016","snRNA"
"ENST00000384017","snRNA"
"ENST00000384018","snRNA"
"ENST00000384019","snRNA"
"ENST00000384020","snRNA"
"ENST00000384025","snRNA"
"ENST00000384032","snRNA"
"ENST00000384034","snoRNA"
"ENST00000384036","snRNA"
"ENST00000384038","snRNA"
"ENST00000384039","snRNA"
"ENST00000384040","snRNA"
"ENST00000384045","snRNA"
"ENST00000384047","snRNA"
"ENST00000384049","snoRNA"
"ENST00000384053","snoRNA"
"ENST00000384075","snRNA"
"ENST00000384081","misc_RNA"
"ENST00000384088","snRNA"
"ENST00000384090","misc_RNA"
"ENST00000384091","snRNA"
"ENST00000384099","snRNA"
"ENST00000384115","snRNA"
"ENST00000384120","misc_RNA"
"ENST00000384123","misc_RNA"
"ENST00000384126","snoRNA"
"ENST00000384132","snRNA"
"ENST00000384137","snRNA"
"ENST00000384138","misc_RNA"
"ENST00000384140","snRNA"
"ENST00000384151","snoRNA"
"ENST00000384153","snRNA"
"ENST00000384155","rRNA_pseudogene"
"ENST00000384160","snRNA"
"ENST00000384165","snRNA"
"ENST00000384169","snRNA"
"ENST00000384172","snRNA"
"ENST00000384180","snRNA"
"ENST00000384181","snRNA"
"ENST00000384182","snoRNA"
"ENST00000384191","snRNA"
"ENST00000384195","snRNA"
"ENST00000384198","misc_RNA"
"ENST00000384199","snRNA"
"ENST00000384204","snRNA"
"ENST00000384209","snRNA"
"ENST00000384231","snoRNA"
"ENST00000384232","misc_RNA"
"ENST00000384243","snRNA"
"ENST00000384245","snRNA"
"ENST00000384247","snRNA"
"ENST00000384248","snRNA"
"ENST00000384250","snoRNA"
"ENST00000384254","snRNA"
"ENST00000384265","snRNA"
"ENST00000384268","misc_RNA"
"ENST00000384271","misc_RNA"
"ENST00000384272","snRNA"
"ENST00000384273","snRNA"
"ENST00000384274","snoRNA"
"ENST00000384275","snoRNA"
"ENST00000384276","snRNA"
"ENST00000384277","snRNA"
"ENST00000384281","snoRNA"
"ENST00000384283","snRNA"
"ENST00000384284","misc_RNA"
"ENST00000384289","snoRNA"
"ENST00000384290","misc_RNA"
"ENST00000384292","snRNA"
"ENST00000384293","misc_RNA"
"ENST00000384294","misc_RNA"
"ENST00000384295","snoRNA"
"ENST00000384298","misc_RNA"
"ENST00000384302","snRNA"
"ENST00000384312","misc_RNA"
"ENST00000384322","misc_RNA"
"ENST00000384324","snRNA"
"ENST00000384325","snRNA"
"ENST00000384330","snRNA"
"ENST00000384341","misc_RNA"
"ENST00000384343","snRNA"
"ENST00000384344","snRNA"
"ENST00000384347","misc_RNA"
"ENST00000384355","snRNA"
"ENST00000384361","snRNA"
"ENST00000384363","misc_RNA"
"ENST00000384371","snRNA"
"ENST00000384373","misc_RNA"
"ENST00000384376","snRNA"
"ENST00000384387","snRNA"
"ENST00000384388","snRNA"
"ENST00000384394","snRNA"
"ENST00000384401","snoRNA"
"ENST00000384402","misc_RNA"
"ENST00000384407","snRNA"
"ENST00000384409","snRNA"
"ENST00000384416","snoRNA"
"ENST00000384417","misc_RNA"
"ENST00000384422","misc_RNA"
"ENST00000384426","misc_RNA"
"ENST00000384428","misc_RNA"
"ENST00000384429","snRNA"
"ENST00000384433","snRNA"
"ENST00000384438","snRNA"
"ENST00000384440","snRNA"
"ENST00000384441","snRNA"
"ENST00000384443","snRNA"
"ENST00000384444","misc_RNA"
"ENST00000384449","snRNA"
"ENST00000384451","snRNA"
"ENST00000384457","rRNA_pseudogene"
"ENST00000384462","snoRNA"
"ENST00000384466","misc_RNA"
"ENST00000384469","snRNA"
"ENST00000384470","snoRNA"
"ENST00000384471","snRNA"
"ENST00000384472","snRNA"
"ENST00000384473","snRNA"
"ENST00000384474","snRNA"
"ENST00000384475","snRNA"
"ENST00000384477","snRNA"
"ENST00000384480","misc_RNA"
"ENST00000384481","misc_RNA"
"ENST00000384489","misc_RNA"
"ENST00000384500","misc_RNA"
"ENST00000384502","misc_RNA"
"ENST00000384508","snRNA"
"ENST00000384512","snoRNA"
"ENST00000384514","misc_RNA"
"ENST00000384530","snRNA"
"ENST00000384534","snRNA"
"ENST00000384537","snRNA"
"ENST00000384540","snRNA"
"ENST00000384544","snoRNA"
"ENST00000384545","snRNA"
"ENST00000384546","snRNA"
"ENST00000384552","misc_RNA"
"ENST00000384560","misc_RNA"
"ENST00000384561","snRNA"
"ENST00000384562","misc_RNA"
"ENST00000384565","snRNA"
"ENST00000384570","misc_RNA"
"ENST00000384573","misc_RNA"
"ENST00000384577","snRNA"
"ENST00000384578","snRNA"
"ENST00000384582","snRNA"
"ENST00000384586","misc_RNA"
"ENST00000384587","misc_RNA"
"ENST00000384588","snRNA"
"ENST00000384591","snRNA"
"ENST00000384592","snRNA"
"ENST00000384595","misc_RNA"
"ENST00000384604","snRNA"
"ENST00000384606","snRNA"
"ENST00000384612","misc_RNA"
"ENST00000384614","snoRNA"
"ENST00000384615","snRNA"
"ENST00000384625","snRNA"
"ENST00000384630","snRNA"
"ENST00000384633","misc_RNA"
"ENST00000384641","misc_RNA"
"ENST00000384652","misc_RNA"
"ENST00000384656","misc_RNA"
"ENST00000384664","snRNA"
"ENST00000384679","snoRNA"
"ENST00000384688","snoRNA"
"ENST00000384691","snRNA"
"ENST00000384695","misc_RNA"
"ENST00000384708","misc_RNA"
"ENST00000384709","snRNA"
"ENST00000384712","snRNA"
"ENST00000384717","snRNA"
"ENST00000384718","snRNA"
"ENST00000384720","snRNA"
"ENST00000384724","snRNA"
"ENST00000384726","snRNA"
"ENST00000384727","misc_RNA"
"ENST00000384728","snRNA"
"ENST00000384736","misc_RNA"
"ENST00000384737","snoRNA"
"ENST00000384743","misc_RNA"
"ENST00000384755","snRNA"
"ENST00000384757","misc_RNA"
"ENST00000384763","misc_RNA"
"ENST00000384772","snoRNA"
"ENST00000384776","snRNA"
"ENST00000384781","misc_RNA"
"ENST00000384782","snRNA"
"ENST00000384793","snRNA"
"ENST00000384815","miRNA"
"ENST00000384816","miRNA"
"ENST00000384820","miRNA"
"ENST00000384822","miRNA"
"ENST00000384823","miRNA"
"ENST00000384836","miRNA"
"ENST00000384839","miRNA"
"ENST00000384841","miRNA"
"ENST00000384843","miRNA"
"ENST00000384845","miRNA"
"ENST00000384846","miRNA"
"ENST00000384849","miRNA"
"ENST00000384850","miRNA"
"ENST00000384856","miRNA"
"ENST00000384862","miRNA"
"ENST00000384866","miRNA"
"ENST00000384868","miRNA"
"ENST00000384873","miRNA"
"ENST00000384874","miRNA"
"ENST00000384879","miRNA"
"ENST00000384881","miRNA"
"ENST00000384884","miRNA"
"ENST00000384893","miRNA"
"ENST00000384898","miRNA"
"ENST00000384899","miRNA"
"ENST00000384905","miRNA"
"ENST00000384906","miRNA"
"ENST00000384907","miRNA"
"ENST00000384909","miRNA"
"ENST00000384910","miRNA"
"ENST00000384914","miRNA"
"ENST00000384921","miRNA"
"ENST00000384923","miRNA"
"ENST00000384958","miRNA"
"ENST00000384965","miRNA"
"ENST00000384966","miRNA"
"ENST00000384969","miRNA"
"ENST00000384970","miRNA"
"ENST00000384976","miRNA"
"ENST00000384979","miRNA"
"ENST00000384980","miRNA"
"ENST00000384983","miRNA"
"ENST00000384984","miRNA"
"ENST00000384988","miRNA"
"ENST00000384989","miRNA"
"ENST00000384992","miRNA"
"ENST00000384993","miRNA"
"ENST00000384995","miRNA"
"ENST00000384997","miRNA"
"ENST00000385000","miRNA"
"ENST00000385001","miRNA"
"ENST00000385002","miRNA"
"ENST00000385003","miRNA"
"ENST00000385004","miRNA"
"ENST00000385005","miRNA"
"ENST00000385006","miRNA"
"ENST00000385008","miRNA"
"ENST00000385014","miRNA"
"ENST00000385019","miRNA"
"ENST00000385026","miRNA"
"ENST00000385032","miRNA"
"ENST00000385036","miRNA"
"ENST00000385037","miRNA"
"ENST00000385048","miRNA"
"ENST00000385050","miRNA"
"ENST00000385054","miRNA"
"ENST00000385063","miRNA"
"ENST00000385064","miRNA"
"ENST00000385065","miRNA"
"ENST00000385069","miRNA"
"ENST00000385075","miRNA"
"ENST00000385076","miRNA"
"ENST00000385084","miRNA"
"ENST00000385086","miRNA"
"ENST00000385092","miRNA"
"ENST00000385103","miRNA"
"ENST00000385104","miRNA"
"ENST00000385139","miRNA"
"ENST00000385190","miRNA"
"ENST00000385193","miRNA"
"ENST00000385195","miRNA"
"ENST00000385197","miRNA"
"ENST00000385200","miRNA"
"ENST00000385203","miRNA"
"ENST00000385205","miRNA"
"ENST00000385210","miRNA"
"ENST00000385211","miRNA"
"ENST00000385212","miRNA"
"ENST00000385219","miRNA"
"ENST00000385225","miRNA"
"ENST00000385227","miRNA"
"ENST00000385228","miRNA"
"ENST00000385230","miRNA"
"ENST00000385235","miRNA"
"ENST00000385241","miRNA"
"ENST00000385243","miRNA"
"ENST00000385247","miRNA"
"ENST00000385253","miRNA"
"ENST00000385259","miRNA"
"ENST00000385261","miRNA"
"ENST00000385271","miRNA"
"ENST00000385274","miRNA"
"ENST00000385277","miRNA"
"ENST00000385281","miRNA"
"ENST00000385282","miRNA"
"ENST00000385288","miRNA"
"ENST00000385292","miRNA"
"ENST00000385302","miRNA"
"ENST00000385573","snoRNA"
"ENST00000386062","snoRNA"
"ENST00000386157","snoRNA"
"ENST00000386347","Mt_tRNA"
"ENST00000386683","snoRNA"
"ENST00000387314","Mt_tRNA"
"ENST00000387342","Mt_tRNA"
"ENST00000387365","Mt_tRNA"
"ENST00000387372","Mt_tRNA"
"ENST00000387382","Mt_tRNA"
"ENST00000387400","Mt_tRNA"
"ENST00000387405","Mt_tRNA"
"ENST00000387416","Mt_tRNA"
"ENST00000387419","Mt_tRNA"
"ENST00000387421","Mt_tRNA"
"ENST00000387429","Mt_tRNA"
"ENST00000387439","Mt_tRNA"
"ENST00000387441","Mt_tRNA"
"ENST00000387446","snRNA"
"ENST00000387459","Mt_tRNA"
"ENST00000387460","Mt_tRNA"
"ENST00000387461","Mt_tRNA"
"ENST00000387943","snRNA"
"ENST00000387974","snRNA"
"ENST00000388006","miRNA"
"ENST00000388781","protein_coding"
"ENST00000389335","nonsense_mediated_decay"
"ENST00000389362","protein_coding"
"ENST00000389441","protein_coding"
"ENST00000389758","protein_coding"
"ENST00000389934","protein_coding"
"ENST00000390137","miRNA"
"ENST00000390142","miRNA"
"ENST00000390183","miRNA"
"ENST00000390204","miRNA"
"ENST00000390209","miRNA"
"ENST00000390223","miRNA"
"ENST00000390226","miRNA"
"ENST00000390227","miRNA"
"ENST00000390228","miRNA"
"ENST00000390235","miRNA"
"ENST00000390240","IG_J_gene"
"ENST00000390242","IG_J_gene"
"ENST00000390244","IG_V_gene"
"ENST00000390247","IG_V_gene"
"ENST00000390270","IG_V_gene"
"ENST00000390271","IG_V_gene"
"ENST00000390286","IG_V_gene"
"ENST00000390287","IG_V_gene"
"ENST00000390293","IG_V_gene"
"ENST00000390303","IG_V_gene"
"ENST00000390304","IG_V_gene"
"ENST00000390307","IG_V_gene"
"ENST00000390310","IG_V_gene"
"ENST00000390313","IG_V_gene"
"ENST00000390316","IG_V_gene"
"ENST00000390318","IG_V_gene"
"ENST00000390322","IG_J_gene"
"ENST00000390330","IG_J_gene"
"ENST00000390331","IG_C_gene"
"ENST00000390340","TR_V_gene"
"ENST00000390348","TR_V_gene"
"ENST00000390360","TR_V_gene"
"ENST00000390362","TR_V_gene"
"ENST00000390364","TR_V_gene"
"ENST00000390367","TR_V_gene"
"ENST00000390368","TR_V_gene"
"ENST00000390373","TR_V_gene"
"ENST00000390375","TR_V_gene"
"ENST00000390382","TR_V_pseudogene"
"ENST00000390393","TR_V_gene"
"ENST00000390396","TR_V_gene"
"ENST00000390400","TR_V_gene"
"ENST00000390416","TR_J_gene"
"ENST00000390423","TR_V_gene"
"ENST00000390429","TR_V_gene"
"ENST00000390430","TR_V_gene"
"ENST00000390432","TR_V_gene"
"ENST00000390437","TR_V_gene"
"ENST00000390440","TR_V_gene"
"ENST00000390441","TR_V_gene"
"ENST00000390442","TR_V_gene"
"ENST00000390445","TR_V_gene"
"ENST00000390449","TR_V_gene"
"ENST00000390451","TR_V_gene"
"ENST00000390452","TR_V_gene"
"ENST00000390453","TR_V_gene"
"ENST00000390454","TR_V_gene"
"ENST00000390455","TR_V_gene"
"ENST00000390458","TR_V_gene"
"ENST00000390462","TR_V_pseudogene"
"ENST00000390464","TR_V_gene"
"ENST00000390479","TR_J_gene"
"ENST00000390494","TR_J_gene"
"ENST00000390506","TR_J_gene"
"ENST00000390510","TR_J_gene"
"ENST00000390517","TR_J_gene"
"ENST00000390523","TR_J_gene"
"ENST00000390527","TR_J_gene"
"ENST00000390534","TR_J_gene"
"ENST00000390536","TR_J_gene"
"ENST00000390541","IG_C_gene"
"ENST00000390564","IG_J_gene"
"ENST00000390565","IG_J_gene"
"ENST00000390572","IG_D_gene"
"ENST00000390591","IG_D_gene"
"ENST00000390593","IG_V_gene"
"ENST00000390597","IG_V_gene"
"ENST00000390602","IG_V_gene"
"ENST00000390604","IG_V_gene"
"ENST00000390615","IG_V_gene"
"ENST00000390616","IG_V_gene"
"ENST00000390618","IG_V_gene"
"ENST00000390621","IG_V_gene"
"ENST00000390636","IG_V_gene"
"ENST00000390639","IG_V_gene"
"ENST00000390661","protein_coding"
"ENST00000390708","miRNA"
"ENST00000390735","miRNA"
"ENST00000390813","miRNA"
"ENST00000390831","snRNA"
"ENST00000390832","snoRNA"
"ENST00000390834","snRNA"
"ENST00000390842","snoRNA"
"ENST00000390843","snoRNA"
"ENST00000390863","snoRNA"
"ENST00000390865","snRNA"
"ENST00000390868","snRNA"
"ENST00000390873","snoRNA"
"ENST00000390888","snRNA"
"ENST00000390913","snRNA"
"ENST00000390924","snRNA"
"ENST00000390936","rRNA_pseudogene"
"ENST00000390938","snRNA"
"ENST00000390940","rRNA_pseudogene"
"ENST00000390944","snRNA"
"ENST00000390947","snoRNA"
"ENST00000390957","snRNA"
"ENST00000390958","snRNA"
"ENST00000390967","snRNA"
"ENST00000390974","rRNA_pseudogene"
"ENST00000390978","rRNA_pseudogene"
"ENST00000390993","snoRNA"
"ENST00000391003","snRNA"
"ENST00000391006","rRNA_pseudogene"
"ENST00000391014","snRNA"
"ENST00000391017","misc_RNA"
"ENST00000391022","snRNA"
"ENST00000391030","snRNA"
"ENST00000391033","misc_RNA"
"ENST00000391034","rRNA_pseudogene"
"ENST00000391036","snoRNA"
"ENST00000391056","snRNA"
"ENST00000391058","snRNA"
"ENST00000391061","snoRNA"
"ENST00000391068","snRNA"
"ENST00000391072","snRNA"
"ENST00000391086","snRNA"
"ENST00000391090","misc_RNA"
"ENST00000391107","misc_RNA"
"ENST00000391111","snRNA"
"ENST00000391116","misc_RNA"
"ENST00000391122","snRNA"
"ENST00000391123","rRNA_pseudogene"
"ENST00000391152","rRNA_pseudogene"
"ENST00000391157","snRNA"
"ENST00000391158","snRNA"
"ENST00000391171","snRNA"
"ENST00000391173","snRNA"
"ENST00000391183","snRNA"
"ENST00000391188","snoRNA"
"ENST00000391191","snoRNA"
"ENST00000391194","snRNA"
"ENST00000391203","rRNA_pseudogene"
"ENST00000391218","snRNA"
"ENST00000391225","rRNA_pseudogene"
"ENST00000391232","snoRNA"
"ENST00000391239","snRNA"
"ENST00000391240","rRNA_pseudogene"
"ENST00000391243","snRNA"
"ENST00000391248","snRNA"
"ENST00000391253","snRNA"
"ENST00000391263","snoRNA"
"ENST00000391266","snRNA"
"ENST00000391267","misc_RNA"
"ENST00000391270","snRNA"
"ENST00000391274","rRNA_pseudogene"
"ENST00000391282","snRNA"
"ENST00000391291","snoRNA"
"ENST00000391292","snoRNA"
"ENST00000391293","rRNA"
"ENST00000391296","snoRNA"
"ENST00000391297","snRNA"
"ENST00000391299","rRNA_pseudogene"
"ENST00000391308","snoRNA"
"ENST00000391318","snoRNA"
"ENST00000391323","rRNA_pseudogene"
"ENST00000391354","protein_coding"
"ENST00000391355","protein_coding"
"ENST00000391405","transcribed_processed_pseudogene"
"ENST00000391413","protein_coding"
"ENST00000391418","protein_coding"
"ENST00000391419","protein_coding"
"ENST00000391429","protein_coding"
"ENST00000391620","protein_coding"
"ENST00000391700","protein_coding"
"ENST00000391728","protein_coding"
"ENST00000391730","processed_pseudogene"
"ENST00000391736","protein_coding"
"ENST00000391738","protein_coding"
"ENST00000391898","protein_coding"
"ENST00000391930","protein_coding"
"ENST00000391958","protein_coding"
"ENST00000391995","protein_coding"
"ENST00000392203","protein_coding"
"ENST00000392227","lncRNA"
"ENST00000392251","processed_pseudogene"
"ENST00000392258","protein_coding"
"ENST00000392260","processed_pseudogene"
"ENST00000392293","processed_pseudogene"
"ENST00000392296","protein_coding"
"ENST00000392337","processed_pseudogene"
"ENST00000392379","protein_coding"
"ENST00000392393","lncRNA"
"ENST00000392500","protein_coding"
"ENST00000392510","processed_pseudogene"
"ENST00000392554","protein_coding"
"ENST00000392563","protein_coding"
"ENST00000392634","protein_coding"
"ENST00000392674","misc_RNA"
"ENST00000392735","transcribed_processed_pseudogene"
"ENST00000392854","nonsense_mediated_decay"
"ENST00000393023","transcribed_processed_pseudogene"
"ENST00000393041","protein_coding"
"ENST00000393081","protein_coding"
"ENST00000393087","protein_coding"
"ENST00000393150","protein_coding"
"ENST00000393197","protein_coding"
"ENST00000393211","protein_coding"
"ENST00000393305","protein_coding"
"ENST00000393319","protein_coding"
"ENST00000393368","processed_pseudogene"
"ENST00000393612","protein_coding"
"ENST00000393730","protein_coding"
"ENST00000393750","protein_coding"
"ENST00000393870","protein_coding"
"ENST00000393878","protein_coding"
"ENST00000393926","protein_coding"
"ENST00000394001","protein_coding"
"ENST00000394008","protein_coding"
"ENST00000394014","protein_coding"
"ENST00000394015","protein_coding"
"ENST00000394073","protein_coding"
"ENST00000394192","processed_pseudogene"
"ENST00000394205","protein_coding"
"ENST00000394222","protein_coding"
"ENST00000394256","protein_coding"
"ENST00000394268","unprocessed_pseudogene"
"ENST00000394376","protein_coding"
"ENST00000394439","protein_coding"
"ENST00000394467","processed_pseudogene"
"ENST00000394500","transcribed_processed_pseudogene"
"ENST00000394571","protein_coding"
"ENST00000394573","protein_coding"
"ENST00000394652","protein_coding"
"ENST00000394701","protein_coding"
"ENST00000394747","protein_coding"
"ENST00000394788","protein_coding"
"ENST00000394852","protein_coding"
"ENST00000394855","protein_coding"
"ENST00000394943","protein_coding"
"ENST00000395001","protein_coding"
"ENST00000395005","protein_coding"
"ENST00000395079","protein_coding"
"ENST00000395089","protein_coding"
"ENST00000395107","protein_coding"
"ENST00000395166","protein_coding"
"ENST00000395193","unprocessed_pseudogene"
"ENST00000395224","protein_coding"
"ENST00000395251","lncRNA"
"ENST00000395295","retained_intron"
"ENST00000395413","processed_pseudogene"
"ENST00000395439","processed_pseudogene"
"ENST00000395445","protein_coding"
"ENST00000395495","protein_coding"
"ENST00000395562","protein_coding"
"ENST00000395653","protein_coding"
"ENST00000395679","processed_pseudogene"
"ENST00000395690","protein_coding"
"ENST00000395709","processed_pseudogene"
"ENST00000395713","protein_coding"
"ENST00000395809","protein_coding"
"ENST00000395898","protein_coding"
"ENST00000395943","processed_pseudogene"
"ENST00000396004","processed_pseudogene"
"ENST00000396055","processed_pseudogene"
"ENST00000396104","protein_coding"
"ENST00000396134","protein_coding"
"ENST00000396138","protein_coding"
"ENST00000396169","protein_coding"
"ENST00000396215","nonsense_mediated_decay"
"ENST00000396227","nonsense_mediated_decay"
"ENST00000396280","protein_coding"
"ENST00000396289","protein_coding"
"ENST00000396315","protein_coding"
"ENST00000396326","processed_pseudogene"
"ENST00000396423","protein_coding"
"ENST00000396439","protein_coding"
"ENST00000396477","protein_coding"
"ENST00000396502","protein_coding"
"ENST00000396543","processed_pseudogene"
"ENST00000396562","transcribed_processed_pseudogene"
"ENST00000396594","protein_coding"
"ENST00000396692","processed_pseudogene"
"ENST00000396776","protein_coding"
"ENST00000396783","processed_pseudogene"
"ENST00000396884","protein_coding"
"ENST00000396994","processed_pseudogene"
"ENST00000397016","protein_coding"
"ENST00000397024","protein_coding"
"ENST00000397037","processed_pseudogene"
"ENST00000397076","protein_coding"
"ENST00000397121","protein_coding"
"ENST00000397126","protein_coding"
"ENST00000397147","protein_coding"
"ENST00000397206","protein_coding"
"ENST00000397237","processed_pseudogene"
"ENST00000397284","processed_pseudogene"
"ENST00000397287","protein_coding"
"ENST00000397288","processed_pseudogene"
"ENST00000397296","protein_coding"
"ENST00000397347","processed_pseudogene"
"ENST00000397380","protein_coding"
"ENST00000397464","protein_coding"
"ENST00000397542","protein_coding"
"ENST00000397559","protein_coding_CDS_not_defined"
"ENST00000397578","protein_coding_CDS_not_defined"
"ENST00000397633","protein_coding_CDS_not_defined"
"ENST00000397646","processed_pseudogene"
"ENST00000397751","lncRNA"
"ENST00000397772","processed_pseudogene"
"ENST00000397776","processed_pseudogene"
"ENST00000397790","protein_coding"
"ENST00000397814","protein_coding"
"ENST00000397829","lncRNA"
"ENST00000397846","protein_coding"
"ENST00000397866","protein_coding"
"ENST00000397907","protein_coding"
"ENST00000397910","protein_coding"
"ENST00000397925","protein_coding"
"ENST00000397973","processed_pseudogene"
"ENST00000397996","protein_coding"
"ENST00000398005","processed_pseudogene"
"ENST00000398039","lncRNA"
"ENST00000398040","protein_coding"
"ENST00000398050","processed_pseudogene"
"ENST00000398056","protein_coding"
"ENST00000398059","processed_pseudogene"
"ENST00000398078","protein_coding_CDS_not_defined"
"ENST00000398120","transcribed_unprocessed_pseudogene"
"ENST00000398220","processed_pseudogene"
"ENST00000398297","processed_pseudogene"
"ENST00000398405","protein_coding"
"ENST00000398477","protein_coding"
"ENST00000398530","protein_coding"
"ENST00000398541","transcribed_processed_pseudogene"
"ENST00000398612","protein_coding"
"ENST00000398621","processed_pseudogene"
"ENST00000398652","protein_coding"
"ENST00000398655","unprocessed_pseudogene"
"ENST00000398664","protein_coding"
"ENST00000398686","protein_coding"
"ENST00000398706","protein_coding"
"ENST00000398739","transcribed_unprocessed_pseudogene"
"ENST00000398774","protein_coding"
"ENST00000398779","processed_pseudogene"
"ENST00000398788","protein_coding"
"ENST00000398796","lncRNA"
"ENST00000398864","protein_coding"
"ENST00000398874","retained_intron"
"ENST00000398896","protein_coding"
"ENST00000398938","protein_coding"
"ENST00000398948","lncRNA"
"ENST00000398956","protein_coding"
"ENST00000398960","protein_coding"
"ENST00000399021","processed_pseudogene"
"ENST00000399027","transcribed_processed_pseudogene"
"ENST00000399029","processed_pseudogene"
"ENST00000399035","protein_coding"
"ENST00000399046","processed_pseudogene"
"ENST00000399123","lncRNA"
"ENST00000399135","protein_coding"
"ENST00000399137","protein_coding"
"ENST00000399253","processed_pseudogene"
"ENST00000399259","processed_pseudogene"
"ENST00000399285","protein_coding"
"ENST00000399408","protein_coding"
"ENST00000399435","processed_pseudogene"
"ENST00000399480","processed_pseudogene"
"ENST00000399518","protein_coding"
"ENST00000399570","processed_pseudogene"
"ENST00000399581","transcribed_unitary_pseudogene"
"ENST00000399597","protein_coding"
"ENST00000399644","protein_coding"
"ENST00000399730","IG_V_pseudogene"
"ENST00000399736","protein_coding"
"ENST00000399773","transcribed_unprocessed_pseudogene"
"ENST00000399849","protein_coding"
"ENST00000399889","protein_coding"
"ENST00000399891","processed_pseudogene"
"ENST00000399899","protein_coding"
"ENST00000399910","protein_coding"
"ENST00000399916","protein_coding"
"ENST00000399987","protein_coding"
"ENST00000399988","protein_coding"
"ENST00000399989","protein_coding"
"ENST00000399992","protein_coding"
"ENST00000400103","protein_coding"
"ENST00000400113","protein_coding"
"ENST00000400348","processed_pseudogene"
"ENST00000400413","processed_pseudogene"
"ENST00000400424","protein_coding"
"ENST00000400431","lncRNA"
"ENST00000400540","lncRNA"
"ENST00000400549","protein_coding"
"ENST00000400550","processed_pseudogene"
"ENST00000400563","lncRNA"
"ENST00000400583","processed_pseudogene"
"ENST00000400588","protein_coding"
"ENST00000400593","lncRNA"
"ENST00000400616","processed_pseudogene"
"ENST00000400864","lncRNA"
"ENST00000400962","protein_coding"
"ENST00000401042","protein_coding"
"ENST00000401064","processed_pseudogene"
"ENST00000401111","miRNA"
"ENST00000401119","miRNA"
"ENST00000401120","miRNA"
"ENST00000401138","miRNA"
"ENST00000401147","miRNA"
"ENST00000401179","miRNA"
"ENST00000401182","miRNA"
"ENST00000401190","miRNA"
"ENST00000401216","miRNA"
"ENST00000401237","miRNA"
"ENST00000401239","miRNA"
"ENST00000401241","miRNA"
"ENST00000401245","miRNA"
"ENST00000401256","miRNA"
"ENST00000401258","miRNA"
"ENST00000401280","miRNA"
"ENST00000401316","miRNA"
"ENST00000401372","miRNA"
"ENST00000401412","protein_coding"
"ENST00000401414","protein_coding"
"ENST00000401449","protein_coding"
"ENST00000401550","processed_pseudogene"
"ENST00000401596","processed_pseudogene"
"ENST00000401624","protein_coding"
"ENST00000401674","processed_pseudogene"
"ENST00000401679","processed_pseudogene"
"ENST00000401710","protein_coding"
"ENST00000401715","processed_pseudogene"
"ENST00000401718","processed_pseudogene"
"ENST00000401856","processed_pseudogene"
"ENST00000401872","processed_pseudogene"
"ENST00000401875","transcribed_processed_pseudogene"
"ENST00000401884","protein_coding"
"ENST00000401898","unprocessed_pseudogene"
"ENST00000401942","retained_intron"
"ENST00000401954","processed_pseudogene"
"ENST00000402024","processed_pseudogene"
"ENST00000402039","processed_pseudogene"
"ENST00000402041","processed_pseudogene"
"ENST00000402078","processed_pseudogene"
"ENST00000402105","protein_coding"
"ENST00000402119","protein_coding"
"ENST00000402239","protein_coding"
"ENST00000402280","protein_coding"
"ENST00000402309","processed_pseudogene"
"ENST00000402323","processed_pseudogene"
"ENST00000402383","transcribed_processed_pseudogene"
"ENST00000402415","protein_coding"
"ENST00000402510","protein_coding"
"ENST00000402519","processed_pseudogene"
"ENST00000402520","processed_pseudogene"
"ENST00000402603","protein_coding"
"ENST00000402607","processed_pseudogene"
"ENST00000402635","processed_pseudogene"
"ENST00000402650","processed_pseudogene"
"ENST00000402702","processed_pseudogene"
"ENST00000402732","processed_pseudogene"
"ENST00000402768","processed_pseudogene"
"ENST00000402892","processed_pseudogene"
"ENST00000402967","processed_pseudogene"
"ENST00000402997","protein_coding"
"ENST00000403006","protein_coding"
"ENST00000403057","unprocessed_pseudogene"
"ENST00000403073","transcribed_processed_pseudogene"
"ENST00000403144","processed_pseudogene"
"ENST00000403255","processed_pseudogene"
"ENST00000403284","protein_coding"
"ENST00000403365","processed_pseudogene"
"ENST00000403495","processed_pseudogene"
"ENST00000403497","processed_pseudogene"
"ENST00000403583","processed_pseudogene"
"ENST00000403646","protein_coding"
"ENST00000403720","processed_pseudogene"
"ENST00000403722","processed_pseudogene"
"ENST00000403727","processed_pseudogene"
"ENST00000403843","protein_coding"
"ENST00000403971","processed_pseudogene"
"ENST00000404015","processed_pseudogene"
"ENST00000404031","protein_coding"
"ENST00000404146","processed_pseudogene"
"ENST00000404162","protein_coding"
"ENST00000404228","processed_pseudogene"
"ENST00000404250","processed_pseudogene"
"ENST00000404272","processed_pseudogene"
"ENST00000404301","protein_coding"
"ENST00000404414","processed_pseudogene"
"ENST00000404435","processed_pseudogene"
"ENST00000404458","processed_pseudogene"
"ENST00000404459","protein_coding"
"ENST00000404462","processed_pseudogene"
"ENST00000404520","processed_pseudogene"
"ENST00000404577","processed_pseudogene"
"ENST00000404620","processed_pseudogene"
"ENST00000404689","lncRNA"
"ENST00000404754","protein_coding"
"ENST00000404771","protein_coding"
"ENST00000404792","protein_coding"
"ENST00000404822","processed_pseudogene"
"ENST00000404824","protein_coding"
"ENST00000404856","processed_pseudogene"
"ENST00000404930","processed_pseudogene"
"ENST00000404962","processed_pseudogene"
"ENST00000404972","processed_pseudogene"
"ENST00000405071","processed_pseudogene"
"ENST00000405091","protein_coding"
"ENST00000405108","protein_coding"
"ENST00000405137","processed_pseudogene"
"ENST00000405153","processed_pseudogene"
"ENST00000405198","protein_coding"
"ENST00000405206","protein_coding"
"ENST00000405282","processed_pseudogene"
"ENST00000405322","protein_coding"
"ENST00000405355","processed_pseudogene"
"ENST00000405454","protein_coding"
"ENST00000405526","processed_pseudogene"
"ENST00000405531","protein_coding"
"ENST00000405542","processed_pseudogene"
"ENST00000405625","processed_pseudogene"
"ENST00000405746","processed_pseudogene"
"ENST00000405799","protein_coding"
"ENST00000405809","processed_pseudogene"
"ENST00000405827","processed_pseudogene"
"ENST00000405845","protein_coding"
"ENST00000405854","lncRNA"
"ENST00000405943","processed_pseudogene"
"ENST00000405957","protein_coding"
"ENST00000406003","processed_pseudogene"
"ENST00000406039","protein_coding"
"ENST00000406098","processed_pseudogene"
"ENST00000406174","protein_coding"
"ENST00000406185","processed_pseudogene"
"ENST00000406236","protein_coding"
"ENST00000406279","processed_pseudogene"
"ENST00000406313","unprocessed_pseudogene"
"ENST00000406329","processed_pseudogene"
"ENST00000406354","protein_coding_CDS_not_defined"
"ENST00000406487","protein_coding"
"ENST00000406506","protein_coding"
"ENST00000406512","processed_pseudogene"
"ENST00000406524","protein_coding"
"ENST00000406538","unprocessed_pseudogene"
"ENST00000406553","processed_pseudogene"
"ENST00000406588","processed_pseudogene"
"ENST00000406590","protein_coding"
"ENST00000406666","processed_pseudogene"
"ENST00000406684","processed_pseudogene"
"ENST00000406739","processed_pseudogene"
"ENST00000406775","protein_coding"
"ENST00000406783","processed_pseudogene"
"ENST00000406790","processed_pseudogene"
"ENST00000406845","processed_pseudogene"
"ENST00000406856","protein_coding"
"ENST00000406912","lncRNA"
"ENST00000406985","processed_pseudogene"
"ENST00000406997","processed_pseudogene"
"ENST00000407017","protein_coding"
"ENST00000407030","unprocessed_pseudogene"
"ENST00000407031","processed_pseudogene"
"ENST00000407101","processed_pseudogene"
"ENST00000407180","processed_pseudogene"
"ENST00000407291","processed_pseudogene"
"ENST00000407322","protein_coding"
"ENST00000407371","processed_pseudogene"
"ENST00000407465","processed_pseudogene"
"ENST00000407586","processed_pseudogene"
"ENST00000407739","processed_pseudogene"
"ENST00000407776","processed_pseudogene"
"ENST00000407792","processed_pseudogene"
"ENST00000407795","unitary_pseudogene"
"ENST00000407805","processed_pseudogene"
"ENST00000407815","protein_coding_CDS_not_defined"
"ENST00000407830","transcribed_unitary_pseudogene"
"ENST00000407851","processed_pseudogene"
"ENST00000407852","processed_pseudogene"
"ENST00000407859","protein_coding"
"ENST00000407870","processed_pseudogene"
"ENST00000407887","transcribed_processed_pseudogene"
"ENST00000407935","protein_coding"
"ENST00000407947","processed_pseudogene"
"ENST00000408034","processed_pseudogene"
"ENST00000408059","snoRNA"
"ENST00000408088","snRNA"
"ENST00000408106","miRNA"
"ENST00000408111","snRNA"
"ENST00000408112","miRNA"
"ENST00000408119","snRNA"
"ENST00000408125","miRNA"
"ENST00000408164","miRNA"
"ENST00000408166","snoRNA"
"ENST00000408187","snRNA"
"ENST00000408257","miRNA"
"ENST00000408289","snRNA"
"ENST00000408334","miRNA"
"ENST00000408338","miRNA"
"ENST00000408361","miRNA"
"ENST00000408376","snoRNA"
"ENST00000408404","miRNA"
"ENST00000408413","snRNA"
"ENST00000408418","snoRNA"
"ENST00000408436","snRNA"
"ENST00000408448","snRNA"
"ENST00000408460","snRNA"
"ENST00000408466","miRNA"
"ENST00000408509","miRNA"
"ENST00000408512","snRNA"
"ENST00000408515","miRNA"
"ENST00000408528","snoRNA"
"ENST00000408529","miRNA"
"ENST00000408537","miRNA"
"ENST00000408552","miRNA"
"ENST00000408571","snoRNA"
"ENST00000408593","miRNA"
"ENST00000408612","snoRNA"
"ENST00000408637","snRNA"
"ENST00000408677","miRNA"
"ENST00000408684","snoRNA"
"ENST00000408687","miRNA"
"ENST00000408701","miRNA"
"ENST00000408707","miRNA"
"ENST00000408711","snoRNA"
"ENST00000408716","snoRNA"
"ENST00000408740","miRNA"
"ENST00000408742","miRNA"
"ENST00000408746","snoRNA"
"ENST00000408749","snRNA"
"ENST00000408771","miRNA"
"ENST00000408776","miRNA"
"ENST00000408783","miRNA"
"ENST00000408812","miRNA"
"ENST00000408826","miRNA"
"ENST00000408836","miRNA"
"ENST00000408855","miRNA"
"ENST00000408865","miRNA"
"ENST00000408890","protein_coding"
"ENST00000408896","protein_coding"
"ENST00000408916","protein_coding"
"ENST00000408950","transcribed_processed_pseudogene"
"ENST00000408955","protein_coding"
"ENST00000408979","protein_coding"
"ENST00000409052","nonsense_mediated_decay"
"ENST00000409066","lncRNA"
"ENST00000409079","protein_coding"
"ENST00000409132","transcribed_processed_pseudogene"
"ENST00000409271","protein_coding"
"ENST00000409329","protein_coding"
"ENST00000409370","protein_coding"
"ENST00000409378","protein_coding"
"ENST00000409503","protein_coding"
"ENST00000409571","protein_coding"
"ENST00000409592","protein_coding"
"ENST00000409624","protein_coding"
"ENST00000409632","protein_coding"
"ENST00000409728","protein_coding"
"ENST00000409767","protein_coding"
"ENST00000409808","protein_coding"
"ENST00000409823","protein_coding"
"ENST00000409834","protein_coding"
"ENST00000409838","protein_coding"
"ENST00000409861","nonsense_mediated_decay"
"ENST00000409863","nonsense_mediated_decay"
"ENST00000409867","protein_coding"
"ENST00000409897","protein_coding"
"ENST00000409905","lncRNA"
"ENST00000409916","protein_coding"
"ENST00000410050","protein_coding"
"ENST00000410125","snRNA"
"ENST00000410135","snRNA"
"ENST00000410160","snRNA"
"ENST00000410167","misc_RNA"
"ENST00000410175","misc_RNA"
"ENST00000410176","rRNA_pseudogene"
"ENST00000410186","rRNA_pseudogene"
"ENST00000410194","snRNA"
"ENST00000410207","snRNA"
"ENST00000410216","misc_RNA"
"ENST00000410218","rRNA_pseudogene"
"ENST00000410222","misc_RNA"
"ENST00000410238","snRNA"
"ENST00000410245","snRNA"
"ENST00000410250","rRNA_pseudogene"
"ENST00000410270","snRNA"
"ENST00000410276","rRNA_pseudogene"
"ENST00000410292","misc_RNA"
"ENST00000410317","snRNA"
"ENST00000410319","rRNA_pseudogene"
"ENST00000410325","misc_RNA"
"ENST00000410335","snRNA"
"ENST00000410336","rRNA_pseudogene"
"ENST00000410349","misc_RNA"
"ENST00000410350","snRNA"
"ENST00000410353","rRNA_pseudogene"
"ENST00000410355","snRNA"
"ENST00000410361","snRNA"
"ENST00000410368","snRNA"
"ENST00000410370","rRNA_pseudogene"
"ENST00000410373","misc_RNA"
"ENST00000410381","misc_RNA"
"ENST00000410388","snRNA"
"ENST00000410395","snRNA"
"ENST00000410412","snRNA"
"ENST00000410419","misc_RNA"
"ENST00000410423","snRNA"
"ENST00000410429","snRNA"
"ENST00000410431","snRNA"
"ENST00000410438","snoRNA"
"ENST00000410439","misc_RNA"
"ENST00000410446","rRNA_pseudogene"
"ENST00000410467","snRNA"
"ENST00000410482","snRNA"
"ENST00000410486","rRNA_pseudogene"
"ENST00000410489","misc_RNA"
"ENST00000410496","rRNA_pseudogene"
"ENST00000410500","misc_RNA"
"ENST00000410504","misc_RNA"
"ENST00000410519","misc_RNA"
"ENST00000410520","misc_RNA"
"ENST00000410525","snRNA"
"ENST00000410545","snRNA"
"ENST00000410554","snRNA"
"ENST00000410558","snRNA"
"ENST00000410567","misc_RNA"
"ENST00000410577","misc_RNA"
"ENST00000410590","snRNA"
"ENST00000410601","snRNA"
"ENST00000410614","rRNA_pseudogene"
"ENST00000410620","rRNA_pseudogene"
"ENST00000410626","snRNA"
"ENST00000410628","snRNA"
"ENST00000410642","misc_RNA"
"ENST00000410646","rRNA_pseudogene"
"ENST00000410649","snRNA"
"ENST00000410650","snRNA"
"ENST00000410666","snRNA"
"ENST00000410672","snoRNA"
"ENST00000410675","snRNA"
"ENST00000410677","snRNA"
"ENST00000410678","snRNA"
"ENST00000410685","misc_RNA"
"ENST00000410694","snRNA"
"ENST00000410703","snRNA"
"ENST00000410732","misc_RNA"
"ENST00000410753","misc_RNA"
"ENST00000410754","snRNA"
"ENST00000410759","snRNA"
"ENST00000410769","misc_RNA"
"ENST00000410774","misc_RNA"
"ENST00000410781","misc_RNA"
"ENST00000410795","snRNA"
"ENST00000410801","misc_RNA"
"ENST00000410804","snRNA"
"ENST00000410808","rRNA_pseudogene"
"ENST00000410809","rRNA_pseudogene"
"ENST00000410815","rRNA_pseudogene"
"ENST00000410830","misc_RNA"
"ENST00000410842","misc_RNA"
"ENST00000410845","snRNA"
"ENST00000410852","misc_RNA"
"ENST00000410868","snRNA"
"ENST00000410874","rRNA_pseudogene"
"ENST00000410894","misc_RNA"
"ENST00000410900","rRNA_pseudogene"
"ENST00000410910","misc_RNA"
"ENST00000410942","misc_RNA"
"ENST00000410949","misc_RNA"
"ENST00000410963","snRNA"
"ENST00000410980","misc_RNA"
"ENST00000410983","snRNA"
"ENST00000410992","snRNA"
"ENST00000411008","snRNA"
"ENST00000411009","misc_RNA"
"ENST00000411010","misc_RNA"
"ENST00000411018","misc_RNA"
"ENST00000411020","rRNA_pseudogene"
"ENST00000411039","rRNA_pseudogene"
"ENST00000411047","misc_RNA"
"ENST00000411050","misc_RNA"
"ENST00000411051","rRNA_pseudogene"
"ENST00000411053","snRNA"
"ENST00000411066","misc_RNA"
"ENST00000411069","snRNA"
"ENST00000411071","rRNA_pseudogene"
"ENST00000411075","misc_RNA"
"ENST00000411083","snRNA"
"ENST00000411092","snRNA"
"ENST00000411110","misc_RNA"
"ENST00000411128","misc_RNA"
"ENST00000411130","snRNA"
"ENST00000411144","rRNA_pseudogene"
"ENST00000411156","ribozyme"
"ENST00000411186","misc_RNA"
"ENST00000411188","misc_RNA"
"ENST00000411199","rRNA_pseudogene"
"ENST00000411206","rRNA_pseudogene"
"ENST00000411230","rRNA_pseudogene"
"ENST00000411236","misc_RNA"
"ENST00000411242","misc_RNA"
"ENST00000411243","snRNA"
"ENST00000411256","misc_RNA"
"ENST00000411257","snRNA"
"ENST00000411265","snRNA"
"ENST00000411270","misc_RNA"
"ENST00000411283","snRNA"
"ENST00000411285","snRNA"
"ENST00000411291","misc_RNA"
"ENST00000411297","misc_RNA"
"ENST00000411306","rRNA_pseudogene"
"ENST00000411313","snRNA"
"ENST00000411328","misc_RNA"
"ENST00000411330","rRNA_pseudogene"
"ENST00000411337","misc_RNA"
"ENST00000411341","misc_RNA"
"ENST00000411349","misc_RNA"
"ENST00000411350","misc_RNA"
"ENST00000411355","snRNA"
"ENST00000411361","rRNA_pseudogene"
"ENST00000411362","snoRNA"
"ENST00000411376","misc_RNA"
"ENST00000411381","snRNA"
"ENST00000411398","snRNA"
"ENST00000411403","snRNA"
"ENST00000411417","lncRNA"
"ENST00000411436","lncRNA"
"ENST00000411442","lncRNA"
"ENST00000411449","processed_pseudogene"
"ENST00000411473","processed_pseudogene"
"ENST00000411474","lncRNA"
"ENST00000411475","IG_V_pseudogene"
"ENST00000411479","lncRNA"
"ENST00000411521","processed_pseudogene"
"ENST00000411576","transcribed_unprocessed_pseudogene"
"ENST00000411586","processed_pseudogene"
"ENST00000411595","lncRNA"
"ENST00000411597","processed_pseudogene"
"ENST00000411601","transcribed_unprocessed_pseudogene"
"ENST00000411616","lncRNA"
"ENST00000411618","processed_pseudogene"
"ENST00000411621","protein_coding"
"ENST00000411628","protein_coding"
"ENST00000411635","processed_pseudogene"
"ENST00000411721","lncRNA"
"ENST00000411735","processed_pseudogene"
"ENST00000411753","processed_pseudogene"
"ENST00000411762","protein_coding"
"ENST00000411804","lncRNA"
"ENST00000411846","lncRNA"
"ENST00000411853","transcribed_processed_pseudogene"
"ENST00000411904","lncRNA"
"ENST00000411913","processed_pseudogene"
"ENST00000411928","processed_pseudogene"
"ENST00000411966","processed_pseudogene"
"ENST00000411980","processed_pseudogene"
"ENST00000411989","lncRNA"
"ENST00000411992","lncRNA"
"ENST00000412025","protein_coding"
"ENST00000412048","protein_coding"
"ENST00000412159","processed_pseudogene"
"ENST00000412163","lncRNA"
"ENST00000412173","unprocessed_pseudogene"
"ENST00000412174","lncRNA"
"ENST00000412182","transcribed_unprocessed_pseudogene"
"ENST00000412208","transcribed_unprocessed_pseudogene"
"ENST00000412213","unprocessed_pseudogene"
"ENST00000412244","lncRNA"
"ENST00000412255","processed_pseudogene"
"ENST00000412262","lncRNA"
"ENST00000412268","protein_coding"
"ENST00000412274","protein_coding"
"ENST00000412279","protein_coding"
"ENST00000412284","transcribed_unitary_pseudogene"
"ENST00000412354","transcribed_unprocessed_pseudogene"
"ENST00000412357","lncRNA"
"ENST00000412360","lncRNA"
"ENST00000412362","lncRNA"
"ENST00000412403","lncRNA"
"ENST00000412405","lncRNA"
"ENST00000412409","lncRNA"
"ENST00000412413","lncRNA"
"ENST00000412432","protein_coding"
"ENST00000412444","nonsense_mediated_decay"
"ENST00000412447","processed_pseudogene"
"ENST00000412459","processed_pseudogene"
"ENST00000412481","protein_coding"
"ENST00000412486","lncRNA"
"ENST00000412500","lncRNA"
"ENST00000412509","processed_pseudogene"
"ENST00000412519","lncRNA"
"ENST00000412566","protein_coding"
"ENST00000412589","transcribed_unprocessed_pseudogene"
"ENST00000412599","lncRNA"
"ENST00000412645","processed_pseudogene"
"ENST00000412690","lncRNA"
"ENST00000412695","lncRNA"
"ENST00000412705","transcribed_processed_pseudogene"
"ENST00000412710","unprocessed_pseudogene"
"ENST00000412728","processed_pseudogene"
"ENST00000412732","protein_coding"
"ENST00000412745","lncRNA"
"ENST00000412766","processed_pseudogene"
"ENST00000412796","protein_coding_LoF"
"ENST00000412800","lncRNA"
"ENST00000412811","lncRNA"
"ENST00000412857","unprocessed_pseudogene"
"ENST00000412884","processed_pseudogene"
"ENST00000412896","lncRNA"
"ENST00000412909","processed_pseudogene"
"ENST00000412913","protein_coding"
"ENST00000412914","unprocessed_pseudogene"
"ENST00000412929","unprocessed_pseudogene"
"ENST00000412986","lncRNA"
"ENST00000413004","lncRNA"
"ENST00000413033","processed_pseudogene"
"ENST00000413043","lncRNA"
"ENST00000413075","transcribed_unprocessed_pseudogene"
"ENST00000413105","processed_pseudogene"
"ENST00000413116","processed_pseudogene"
"ENST00000413118","protein_coding"
"ENST00000413128","processed_pseudogene"
"ENST00000413147","unprocessed_pseudogene"
"ENST00000413151","lncRNA"
"ENST00000413159","lncRNA"
"ENST00000413202","lncRNA"
"ENST00000413221","lncRNA"
"ENST00000413232","protein_coding"
"ENST00000413249","lncRNA"
"ENST00000413294","unprocessed_pseudogene"
"ENST00000413304","lncRNA"
"ENST00000413321","processed_pseudogene"
"ENST00000413328","lncRNA"
"ENST00000413331","nonsense_mediated_decay"
"ENST00000413342","processed_pseudogene"
"ENST00000413356","lncRNA"
"ENST00000413391","processed_pseudogene"
"ENST00000413403","lncRNA"
"ENST00000413404","processed_pseudogene"
"ENST00000413406","lncRNA"
"ENST00000413425","processed_pseudogene"
"ENST00000413439","lncRNA"
"ENST00000413447","protein_coding"
"ENST00000413467","transcribed_unprocessed_pseudogene"
"ENST00000413515","unitary_pseudogene"
"ENST00000413558","unprocessed_pseudogene"
"ENST00000413564","lncRNA"
"ENST00000413572","transcribed_processed_pseudogene"
"ENST00000413619","protein_coding"
"ENST00000413669","lncRNA"
"ENST00000413674","lncRNA"
"ENST00000413683","nonsense_mediated_decay"
"ENST00000413692","protein_coding"
"ENST00000413698","protein_coding"
"ENST00000413725","protein_coding"
"ENST00000413739","transcribed_unprocessed_pseudogene"
"ENST00000413752","processed_pseudogene"
"ENST00000413767","protein_coding"
"ENST00000413771","unprocessed_pseudogene"
"ENST00000413804","processed_pseudogene"
"ENST00000413815","processed_pseudogene"
"ENST00000413825","lncRNA"
"ENST00000413826","protein_coding_CDS_not_defined"
"ENST00000413827","unprocessed_pseudogene"
"ENST00000413839","unprocessed_pseudogene"
"ENST00000413857","processed_pseudogene"
"ENST00000413869","nonsense_mediated_decay"
"ENST00000413902","unprocessed_pseudogene"
"ENST00000413906","processed_pseudogene"
"ENST00000413913","retained_intron"
"ENST00000413944","lncRNA"
"ENST00000413951","nonsense_mediated_decay"
"ENST00000413954","lncRNA"
"ENST00000413963","processed_pseudogene"
"ENST00000413972","processed_pseudogene"
"ENST00000413993","lncRNA"
"ENST00000414016","processed_pseudogene"
"ENST00000414023","protein_coding"
"ENST00000414035","protein_coding"
"ENST00000414056","processed_pseudogene"
"ENST00000414073","nonsense_mediated_decay"
"ENST00000414095","processed_pseudogene"
"ENST00000414105","unprocessed_pseudogene"
"ENST00000414109","protein_coding"
"ENST00000414132","lncRNA"
"ENST00000414169","unitary_pseudogene"
"ENST00000414180","protein_coding"
"ENST00000414185","protein_coding"
"ENST00000414188","protein_coding"
"ENST00000414189","lncRNA"
"ENST00000414201","lncRNA"
"ENST00000414203","lncRNA"
"ENST00000414265","processed_pseudogene"
"ENST00000414298","unprocessed_pseudogene"
"ENST00000414329","processed_pseudogene"
"ENST00000414345","lncRNA"
"ENST00000414347","protein_coding_CDS_not_defined"
"ENST00000414349","protein_coding"
"ENST00000414368","retained_intron"
"ENST00000414379","nonsense_mediated_decay"
"ENST00000414414","processed_pseudogene"
"ENST00000414418","lncRNA"
"ENST00000414461","protein_coding"
"ENST00000414464","processed_pseudogene"
"ENST00000414479","unprocessed_pseudogene"
"ENST00000414480","lncRNA"
"ENST00000414501","protein_coding"
"ENST00000414539","lncRNA"
"ENST00000414577","processed_pseudogene"
"ENST00000414579","processed_pseudogene"
"ENST00000414581","lncRNA"
"ENST00000414621","lncRNA"
"ENST00000414673","transcribed_unprocessed_pseudogene"
"ENST00000414680","processed_pseudogene"
"ENST00000414704","processed_pseudogene"
"ENST00000414735","processed_pseudogene"
"ENST00000414742","unprocessed_pseudogene"
"ENST00000414743","lncRNA"
"ENST00000414760","processed_pseudogene"
"ENST00000414761","processed_pseudogene"
"ENST00000414796","lncRNA"
"ENST00000414801","unprocessed_pseudogene"
"ENST00000414817","processed_pseudogene"
"ENST00000414841","protein_coding"
"ENST00000414851","protein_coding"
"ENST00000414854","protein_coding"
"ENST00000414915","lncRNA"
"ENST00000414923","lncRNA"
"ENST00000414967","lncRNA"
"ENST00000414976","lncRNA"
"ENST00000414981","processed_pseudogene"
"ENST00000414989","lncRNA"
"ENST00000415014","transcribed_unprocessed_pseudogene"
"ENST00000415029","lncRNA"
"ENST00000415063","protein_coding_CDS_not_defined"
"ENST00000415117","processed_pseudogene"
"ENST00000415128","retained_intron"
"ENST00000415182","lncRNA"
"ENST00000415190","processed_pseudogene"
"ENST00000415201","lncRNA"
"ENST00000415208","processed_pseudogene"
"ENST00000415223","processed_pseudogene"
"ENST00000415226","lncRNA"
"ENST00000415260","processed_pseudogene"
"ENST00000415269","lncRNA"
"ENST00000415283","lncRNA"
"ENST00000415311","unprocessed_pseudogene"
"ENST00000415327","lncRNA"
"ENST00000415387","lncRNA"
"ENST00000415393","lncRNA"
"ENST00000415403","processed_pseudogene"
"ENST00000415414","protein_coding_CDS_not_defined"
"ENST00000415429","unprocessed_pseudogene"
"ENST00000415445","processed_pseudogene"
"ENST00000415465","lncRNA"
"ENST00000415468","processed_pseudogene"
"ENST00000415495","nonsense_mediated_decay"
"ENST00000415502","retained_intron"
"ENST00000415505","processed_pseudogene"
"ENST00000415521","transcribed_unprocessed_pseudogene"
"ENST00000415532","lncRNA"
"ENST00000415570","protein_coding_CDS_not_defined"
"ENST00000415579","processed_pseudogene"
"ENST00000415629","lncRNA"
"ENST00000415637","lncRNA"
"ENST00000415641","protein_coding"
"ENST00000415663","lncRNA"
"ENST00000415681","processed_pseudogene"
"ENST00000415716","unprocessed_pseudogene"
"ENST00000415733","protein_coding"
"ENST00000415736","lncRNA"
"ENST00000415774","lncRNA"
"ENST00000415778","processed_pseudogene"
"ENST00000415815","processed_pseudogene"
"ENST00000415820","lncRNA"
"ENST00000415846","protein_coding"
"ENST00000415853","processed_pseudogene"
"ENST00000415878","processed_pseudogene"
"ENST00000415903","processed_pseudogene"
"ENST00000415910","lncRNA"
"ENST00000415918","lncRNA"
"ENST00000415932","lncRNA"
"ENST00000415960","nonsense_mediated_decay"
"ENST00000415961","processed_pseudogene"
"ENST00000416034","processed_pseudogene"
"ENST00000416044","protein_coding"
"ENST00000416077","processed_pseudogene"
"ENST00000416100","lncRNA"
"ENST00000416106","protein_coding_CDS_not_defined"
"ENST00000416109","protein_coding"
"ENST00000416112","unitary_pseudogene"
"ENST00000416118","transcribed_unprocessed_pseudogene"
"ENST00000416125","protein_coding"
"ENST00000416141","unitary_pseudogene"
"ENST00000416146","processed_pseudogene"
"ENST00000416150","protein_coding_CDS_not_defined"
"ENST00000416154","processed_pseudogene"
"ENST00000416166","protein_coding"
"ENST00000416182","lncRNA"
"ENST00000416185","unprocessed_pseudogene"
"ENST00000416196","unprocessed_pseudogene"
"ENST00000416198","processed_pseudogene"
"ENST00000416201","unprocessed_pseudogene"
"ENST00000416241","transcribed_unprocessed_pseudogene"
"ENST00000416248","protein_coding"
"ENST00000416262","protein_coding_CDS_not_defined"
"ENST00000416269","nonsense_mediated_decay"
"ENST00000416270","processed_pseudogene"
"ENST00000416294","processed_pseudogene"
"ENST00000416316","processed_pseudogene"
"ENST00000416320","processed_pseudogene"
"ENST00000416345","protein_coding"
"ENST00000416374","processed_pseudogene"
"ENST00000416399","processed_pseudogene"
"ENST00000416440","processed_pseudogene"
"ENST00000416448","lncRNA"
"ENST00000416449","protein_coding"
"ENST00000416450","processed_pseudogene"
"ENST00000416470","lncRNA"
"ENST00000416477","unprocessed_pseudogene"
"ENST00000416478","unprocessed_pseudogene"
"ENST00000416481","lncRNA"
"ENST00000416486","processed_pseudogene"
"ENST00000416563","lncRNA"
"ENST00000416584","processed_pseudogene"
"ENST00000416585","protein_coding"
"ENST00000416595","lncRNA"
"ENST00000416598","lncRNA"
"ENST00000416611","protein_coding"
"ENST00000416640","processed_pseudogene"
"ENST00000416646","lncRNA"
"ENST00000416664","lncRNA"
"ENST00000416708","lncRNA"
"ENST00000416730","unitary_pseudogene"
"ENST00000416734","processed_pseudogene"
"ENST00000416778","protein_coding"
"ENST00000416779","protein_coding"
"ENST00000416792","protein_coding"
"ENST00000416836","protein_coding"
"ENST00000416854","lncRNA"
"ENST00000416861","lncRNA"
"ENST00000416921","processed_pseudogene"
"ENST00000416929","protein_coding"
"ENST00000416942","processed_pseudogene"
"ENST00000416965","protein_coding"
"ENST00000416968","unprocessed_pseudogene"
"ENST00000416999","lncRNA"
"ENST00000417006","lncRNA"
"ENST00000417027","processed_pseudogene"
"ENST00000417041","protein_coding"
"ENST00000417045","protein_coding"
"ENST00000417058","retained_intron"
"ENST00000417084","lncRNA"
"ENST00000417107","protein_coding"
"ENST00000417131","processed_pseudogene"
"ENST00000417135","lncRNA"
"ENST00000417160","processed_pseudogene"
"ENST00000417176","protein_coding"
"ENST00000417179","processed_pseudogene"
"ENST00000417209","protein_coding"
"ENST00000417225","protein_coding"
"ENST00000417269","processed_pseudogene"
"ENST00000417299","lncRNA"
"ENST00000417306","processed_pseudogene"
"ENST00000417313","lncRNA"
"ENST00000417329","protein_coding"
"ENST00000417373","unprocessed_pseudogene"
"ENST00000417407","processed_pseudogene"
"ENST00000417409","lncRNA"
"ENST00000417412","unprocessed_pseudogene"
"ENST00000417426","lncRNA"
"ENST00000417435","nonsense_mediated_decay"
"ENST00000417475","nonsense_mediated_decay"
"ENST00000417482","lncRNA"
"ENST00000417498","transcribed_processed_pseudogene"
"ENST00000417526","transcribed_processed_pseudogene"
"ENST00000417547","protein_coding"
"ENST00000417579","transcribed_unprocessed_pseudogene"
"ENST00000417589","lncRNA"
"ENST00000417593","processed_pseudogene"
"ENST00000417617","processed_pseudogene"
"ENST00000417654","lncRNA"
"ENST00000417666","transcribed_unprocessed_pseudogene"
"ENST00000417672","lncRNA"
"ENST00000417727","processed_pseudogene"
"ENST00000417740","protein_coding"
"ENST00000417773","lncRNA"
"ENST00000417774","processed_pseudogene"
"ENST00000417796","processed_pseudogene"
"ENST00000417799","transcribed_processed_pseudogene"
"ENST00000417805","lncRNA"
"ENST00000417829","unprocessed_pseudogene"
"ENST00000417863","processed_pseudogene"
"ENST00000417893","processed_pseudogene"
"ENST00000417902","protein_coding"
"ENST00000417962","nonsense_mediated_decay"
"ENST00000417985","processed_pseudogene"
"ENST00000417989","lncRNA"
"ENST00000417994","unprocessed_pseudogene"
"ENST00000417997","processed_pseudogene"
"ENST00000418013","processed_pseudogene"
"ENST00000418077","processed_pseudogene"
"ENST00000418080","lncRNA"
"ENST00000418090","processed_pseudogene"
"ENST00000418112","processed_pseudogene"
"ENST00000418130","processed_pseudogene"
"ENST00000418176","protein_coding"
"ENST00000418246","protein_coding_CDS_not_defined"
"ENST00000418295","lncRNA"
"ENST00000418296","processed_pseudogene"
"ENST00000418329","protein_coding"
"ENST00000418367","protein_coding"
"ENST00000418379","lncRNA"
"ENST00000418387","lncRNA"
"ENST00000418395","lncRNA"
"ENST00000418396","processed_pseudogene"
"ENST00000418409","lncRNA"
"ENST00000418426","lncRNA"
"ENST00000418451","lncRNA"
"ENST00000418473","protein_coding"
"ENST00000418515","lncRNA"
"ENST00000418517","nonsense_mediated_decay"
"ENST00000418538","processed_pseudogene"
"ENST00000418542","processed_pseudogene"
"ENST00000418558","processed_pseudogene"
"ENST00000418566","lncRNA"
"ENST00000418567","lncRNA"
"ENST00000418579","lncRNA"
"ENST00000418592","lncRNA"
"ENST00000418598","lncRNA"
"ENST00000418632","protein_coding"
"ENST00000418638","processed_pseudogene"
"ENST00000418655","processed_pseudogene"
"ENST00000418657","processed_pseudogene"
"ENST00000418672","processed_pseudogene"
"ENST00000418679","lncRNA"
"ENST00000418689","protein_coding_LoF"
"ENST00000418690","lncRNA"
"ENST00000418709","protein_coding"
"ENST00000418725","protein_coding"
"ENST00000418728","lncRNA"
"ENST00000418746","lncRNA"
"ENST00000418757","processed_pseudogene"
"ENST00000418778","processed_pseudogene"
"ENST00000418805","processed_pseudogene"
"ENST00000418822","unitary_pseudogene"
"ENST00000418829","protein_coding"
"ENST00000418842","protein_coding"
"ENST00000418850","lncRNA"
"ENST00000418874","lncRNA"
"ENST00000418875","lncRNA"
"ENST00000418917","protein_coding"
"ENST00000418938","unprocessed_pseudogene"
"ENST00000418942","lncRNA"
"ENST00000418953","lncRNA"
"ENST00000418971","protein_coding"
"ENST00000418972","lncRNA"
"ENST00000418995","lncRNA"
"ENST00000419031","processed_pseudogene"
"ENST00000419034","lncRNA"
"ENST00000419063","protein_coding"
"ENST00000419069","lncRNA"
"ENST00000419076","processed_pseudogene"
"ENST00000419096","processed_pseudogene"
"ENST00000419101","lncRNA"
"ENST00000419108","processed_pseudogene"
"ENST00000419129","lncRNA"
"ENST00000419195","processed_pseudogene"
"ENST00000419201","processed_pseudogene"
"ENST00000419207","lncRNA"
"ENST00000419223","lncRNA"
"ENST00000419225","lncRNA"
"ENST00000419226","lncRNA"
"ENST00000419236","unprocessed_pseudogene"
"ENST00000419258","lncRNA"
"ENST00000419302","processed_pseudogene"
"ENST00000419351","transcribed_processed_pseudogene"
"ENST00000419406","lncRNA"
"ENST00000419431","lncRNA"
"ENST00000419479","protein_coding"
"ENST00000419483","processed_pseudogene"
"ENST00000419494","transcribed_unprocessed_pseudogene"
"ENST00000419507","processed_pseudogene"
"ENST00000419511","lncRNA"
"ENST00000419523","unprocessed_pseudogene"
"ENST00000419532","processed_pseudogene"
"ENST00000419535","lncRNA"
"ENST00000419540","processed_pseudogene"
"ENST00000419579","processed_pseudogene"
"ENST00000419595","transcribed_unprocessed_pseudogene"
"ENST00000419614","lncRNA"
"ENST00000419615","processed_pseudogene"
"ENST00000419621","processed_pseudogene"
"ENST00000419650","lncRNA"
"ENST00000419698","processed_pseudogene"
"ENST00000419707","lncRNA"
"ENST00000419708","unprocessed_pseudogene"
"ENST00000419717","protein_coding"
"ENST00000419738","lncRNA"
"ENST00000419770","protein_coding"
"ENST00000419776","protein_coding"
"ENST00000419780","unprocessed_pseudogene"
"ENST00000419828","protein_coding"
"ENST00000419836","lncRNA"
"ENST00000419852","lncRNA"
"ENST00000419883","lncRNA"
"ENST00000419887","processed_pseudogene"
"ENST00000419904","lncRNA"
"ENST00000419912","nonsense_mediated_decay"
"ENST00000419936","protein_coding"
"ENST00000419962","unprocessed_pseudogene"
"ENST00000419965","lncRNA"
"ENST00000419971","processed_pseudogene"
"ENST00000419987","processed_pseudogene"
"ENST00000419995","processed_pseudogene"
"ENST00000420011","unprocessed_pseudogene"
"ENST00000420012","processed_pseudogene"
"ENST00000420049","lncRNA"
"ENST00000420058","lncRNA"
"ENST00000420070","lncRNA"
"ENST00000420082","lncRNA"
"ENST00000420113","processed_pseudogene"
"ENST00000420130","lncRNA"
"ENST00000420169","lncRNA"
"ENST00000420175","protein_coding"
"ENST00000420187","lncRNA"
"ENST00000420212","unprocessed_pseudogene"
"ENST00000420249","processed_pseudogene"
"ENST00000420272","lncRNA"
"ENST00000420305","processed_pseudogene"
"ENST00000420315","lncRNA"
"ENST00000420354","lncRNA"
"ENST00000420375","nonsense_mediated_decay"
"ENST00000420383","nonsense_mediated_decay"
"ENST00000420389","lncRNA"
"ENST00000420444","processed_pseudogene"
"ENST00000420449","lncRNA"
"ENST00000420453","transcribed_unprocessed_pseudogene"
"ENST00000420479","transcribed_unprocessed_pseudogene"
"ENST00000420504","protein_coding"
"ENST00000420522","lncRNA"
"ENST00000420526","processed_pseudogene"
"ENST00000420548","lncRNA"
"ENST00000420585","lncRNA"
"ENST00000420606","processed_pseudogene"
"ENST00000420682","protein_coding"
"ENST00000420689","protein_coding"
"ENST00000420709","protein_coding"
"ENST00000420710","lncRNA"
"ENST00000420721","lncRNA"
"ENST00000420725","lncRNA"
"ENST00000420733","processed_pseudogene"
"ENST00000420752","processed_pseudogene"
"ENST00000420757","processed_pseudogene"
"ENST00000420758","lncRNA"
"ENST00000420760","lncRNA"
"ENST00000420766","lncRNA"
"ENST00000420819","lncRNA"
"ENST00000420828","lncRNA"
"ENST00000420875","protein_coding"
"ENST00000420886","protein_coding"
"ENST00000420887","processed_pseudogene"
"ENST00000420888","processed_pseudogene"
"ENST00000420896","processed_pseudogene"
"ENST00000420901","lncRNA"
"ENST00000420950","processed_pseudogene"
"ENST00000420951","lncRNA"
"ENST00000420978","protein_coding"
"ENST00000420997","processed_pseudogene"
"ENST00000421001","protein_coding"
"ENST00000421048","processed_pseudogene"
"ENST00000421056","retained_intron"
"ENST00000421074","processed_pseudogene"
"ENST00000421077","lncRNA"
"ENST00000421099","processed_pseudogene"
"ENST00000421102","transcribed_unprocessed_pseudogene"
"ENST00000421114","lncRNA"
"ENST00000421119","transcribed_processed_pseudogene"
"ENST00000421167","lncRNA"
"ENST00000421226","transcribed_processed_pseudogene"
"ENST00000421252","lncRNA"
"ENST00000421282","transcribed_processed_pseudogene"
"ENST00000421341","processed_pseudogene"
"ENST00000421375","lncRNA"
"ENST00000421424","processed_pseudogene"
"ENST00000421447","lncRNA"
"ENST00000421457","transcribed_processed_pseudogene"
"ENST00000421464","protein_coding"
"ENST00000421482","lncRNA"
"ENST00000421494","processed_pseudogene"
"ENST00000421550","protein_coding"
"ENST00000421597","lncRNA"
"ENST00000421604","lncRNA"
"ENST00000421694","unprocessed_pseudogene"
"ENST00000421715","protein_coding"
"ENST00000421749","processed_pseudogene"
"ENST00000421758","lncRNA"
"ENST00000421769","protein_coding"
"ENST00000421795","unprocessed_pseudogene"
"ENST00000421810","processed_pseudogene"
"ENST00000421815","processed_pseudogene"
"ENST00000421825","lncRNA"
"ENST00000421830","processed_pseudogene"
"ENST00000421838","processed_pseudogene"
"ENST00000421841","processed_pseudogene"
"ENST00000421856","processed_pseudogene"
"ENST00000421872","processed_pseudogene"
"ENST00000421889","lncRNA"
"ENST00000421924","protein_coding"
"ENST00000421928","processed_pseudogene"
"ENST00000421957","unprocessed_pseudogene"
"ENST00000421992","protein_coding"
"ENST00000421994","processed_pseudogene"
"ENST00000422017","lncRNA"
"ENST00000422042","lncRNA"
"ENST00000422052","lncRNA"
"ENST00000422062","lncRNA"
"ENST00000422074","lncRNA"
"ENST00000422084","lncRNA"
"ENST00000422088","unprocessed_pseudogene"
"ENST00000422108","lncRNA"
"ENST00000422113","protein_coding"
"ENST00000422141","processed_pseudogene"
"ENST00000422145","lncRNA"
"ENST00000422168","transcribed_unprocessed_pseudogene"
"ENST00000422172","processed_pseudogene"
"ENST00000422184","processed_pseudogene"
"ENST00000422187","processed_pseudogene"
"ENST00000422221","processed_pseudogene"
"ENST00000422246","processed_pseudogene"
"ENST00000422271","lncRNA"
"ENST00000422272","processed_pseudogene"
"ENST00000422284","lncRNA"
"ENST00000422293","unprocessed_pseudogene"
"ENST00000422305","lncRNA"
"ENST00000422309","processed_pseudogene"
"ENST00000422315","processed_pseudogene"
"ENST00000422338","unprocessed_pseudogene"
"ENST00000422343","lncRNA"
"ENST00000422350","processed_pseudogene"
"ENST00000422353","lncRNA"
"ENST00000422408","lncRNA"
"ENST00000422415","lncRNA"
"ENST00000422418","lncRNA"
"ENST00000422420","lncRNA"
"ENST00000422435","protein_coding"
"ENST00000422448","lncRNA"
"ENST00000422463","transcribed_processed_pseudogene"
"ENST00000422466","protein_coding"
"ENST00000422476","transcribed_processed_pseudogene"
"ENST00000422488","lncRNA"
"ENST00000422494","lncRNA"
"ENST00000422501","processed_pseudogene"
"ENST00000422507","unprocessed_pseudogene"
"ENST00000422524","processed_pseudogene"
"ENST00000422527","lncRNA"
"ENST00000422538","protein_coding"
"ENST00000422539","processed_pseudogene"
"ENST00000422554","lncRNA"
"ENST00000422558","lncRNA"
"ENST00000422560","processed_pseudogene"
"ENST00000422564","processed_pseudogene"
"ENST00000422574","lncRNA"
"ENST00000422578","unitary_pseudogene"
"ENST00000422621","processed_pseudogene"
"ENST00000422638","lncRNA"
"ENST00000422643","protein_coding"
"ENST00000422657","lncRNA"
"ENST00000422675","lncRNA"
"ENST00000422681","lncRNA"
"ENST00000422697","lncRNA"
"ENST00000422768","transcribed_unprocessed_pseudogene"
"ENST00000422806","protein_coding"
"ENST00000422812","processed_pseudogene"
"ENST00000422816","processed_pseudogene"
"ENST00000422831","lncRNA"
"ENST00000422836","protein_coding_CDS_not_defined"
"ENST00000422843","protein_coding"
"ENST00000422855","unprocessed_pseudogene"
"ENST00000422863","protein_coding"
"ENST00000422868","processed_pseudogene"
"ENST00000422869","protein_coding"
"ENST00000422893","processed_pseudogene"
"ENST00000422901","protein_coding"
"ENST00000422905","processed_pseudogene"
"ENST00000422910","retained_intron"
"ENST00000422916","processed_pseudogene"
"ENST00000422939","protein_coding"
"ENST00000422980","lncRNA"
"ENST00000423038","processed_pseudogene"
"ENST00000423042","processed_pseudogene"
"ENST00000423044","processed_pseudogene"
"ENST00000423070","nonsense_mediated_decay"
"ENST00000423082","processed_pseudogene"
"ENST00000423089","processed_pseudogene"
"ENST00000423149","lncRNA"
"ENST00000423187","lncRNA"
"ENST00000423193","lncRNA"
"ENST00000423197","lncRNA"
"ENST00000423198","processed_pseudogene"
"ENST00000423218","protein_coding"
"ENST00000423224","processed_pseudogene"
"ENST00000423226","processed_pseudogene"
"ENST00000423232","lncRNA"
"ENST00000423256","lncRNA"
"ENST00000423257","processed_pseudogene"
"ENST00000423281","protein_coding"
"ENST00000423297","transcribed_processed_pseudogene"
"ENST00000423330","processed_pseudogene"
"ENST00000423332","transcribed_unprocessed_pseudogene"
"ENST00000423349","lncRNA"
"ENST00000423388","unprocessed_pseudogene"
"ENST00000423458","processed_pseudogene"
"ENST00000423463","protein_coding_CDS_not_defined"
"ENST00000423475","processed_pseudogene"
"ENST00000423486","lncRNA"
"ENST00000423489","lncRNA"
"ENST00000423510","processed_pseudogene"
"ENST00000423518","protein_coding_CDS_not_defined"
"ENST00000423535",NA
"ENST00000423543","processed_pseudogene"
"ENST00000423552","processed_pseudogene"
"ENST00000423568","lncRNA"
"ENST00000423577","protein_coding"
"ENST00000423593","lncRNA"
"ENST00000423621","lncRNA"
"ENST00000423637","lncRNA"
"ENST00000423643","lncRNA"
"ENST00000423645","protein_coding"
"ENST00000423667","lncRNA"
"ENST00000423676","protein_coding"
"ENST00000423683","processed_pseudogene"
"ENST00000423704","lncRNA"
"ENST00000423706","lncRNA"
"ENST00000423718","lncRNA"
"ENST00000423740","protein_coding"
"ENST00000423752","unprocessed_pseudogene"
"ENST00000423761","protein_coding"
"ENST00000423821","unprocessed_pseudogene"
"ENST00000423837","transcribed_processed_pseudogene"
"ENST00000423838","lncRNA"
"ENST00000423910","protein_coding"
"ENST00000423911","processed_pseudogene"
"ENST00000423917","lncRNA"
"ENST00000423922","lncRNA"
"ENST00000423943","lncRNA"
"ENST00000423948","transcribed_unprocessed_pseudogene"
"ENST00000423961","processed_pseudogene"
"ENST00000424017","lncRNA"
"ENST00000424028","unitary_pseudogene"
"ENST00000424037","processed_pseudogene"
"ENST00000424053","lncRNA"
"ENST00000424054","unprocessed_pseudogene"
"ENST00000424066","lncRNA"
"ENST00000424084","lncRNA"
"ENST00000424108","processed_pseudogene"
"ENST00000424125","processed_pseudogene"
"ENST00000424182","processed_pseudogene"
"ENST00000424219","lncRNA"
"ENST00000424233","processed_pseudogene"
"ENST00000424255","processed_pseudogene"
"ENST00000424261","protein_coding"
"ENST00000424277","processed_pseudogene"
"ENST00000424287","protein_coding"
"ENST00000424288","processed_pseudogene"
"ENST00000424290","unprocessed_pseudogene"
"ENST00000424300","protein_coding"
"ENST00000424308",NA
"ENST00000424327","unprocessed_pseudogene"
"ENST00000424357","lncRNA"
"ENST00000424379","unprocessed_pseudogene"
"ENST00000424385","nonsense_mediated_decay"
"ENST00000424391","lncRNA"
"ENST00000424392","protein_coding"
"ENST00000424397","processed_pseudogene"
"ENST00000424400","processed_pseudogene"
"ENST00000424402","unprocessed_pseudogene"
"ENST00000424436","lncRNA"
"ENST00000424508","protein_coding"
"ENST00000424543","TR_V_pseudogene"
"ENST00000424561","transcribed_processed_pseudogene"
"ENST00000424566","lncRNA"
"ENST00000424567","processed_pseudogene"
"ENST00000424573","processed_pseudogene"
"ENST00000424582","unprocessed_pseudogene"
"ENST00000424595","processed_pseudogene"
"ENST00000424655","lncRNA"
"ENST00000424662","lncRNA"
"ENST00000424678","lncRNA"
"ENST00000424687","processed_pseudogene"
"ENST00000424692","processed_pseudogene"
"ENST00000424739","processed_pseudogene"
"ENST00000424780","unprocessed_pseudogene"
"ENST00000424850","lncRNA"
"ENST00000424862","transcribed_processed_pseudogene"
"ENST00000424868","lncRNA"
"ENST00000424886","lncRNA"
"ENST00000424888","lncRNA"
"ENST00000424905","unprocessed_pseudogene"
"ENST00000424917","unprocessed_pseudogene"
"ENST00000424926","lncRNA"
"ENST00000424971","processed_pseudogene"
"ENST00000424973","protein_coding_CDS_not_defined"
"ENST00000425022","unprocessed_pseudogene"
"ENST00000425038","lncRNA"
"ENST00000425048","lncRNA"
"ENST00000425049","protein_coding_CDS_not_defined"
"ENST00000425050","lncRNA"
"ENST00000425089","lncRNA"
"ENST00000425131","processed_pseudogene"
"ENST00000425137","lncRNA"
"ENST00000425149","transcribed_processed_pseudogene"
"ENST00000425157","lncRNA"
"ENST00000425165","processed_pseudogene"
"ENST00000425174","unprocessed_pseudogene"
"ENST00000425176","lncRNA"
"ENST00000425182","protein_coding"
"ENST00000425205","lncRNA"
"ENST00000425216","processed_pseudogene"
"ENST00000425228","lncRNA"
"ENST00000425235","lncRNA"
"ENST00000425243","unprocessed_pseudogene"
"ENST00000425294","transcribed_processed_pseudogene"
"ENST00000425319","unprocessed_pseudogene"
"ENST00000425327","protein_coding"
"ENST00000425328","processed_pseudogene"
"ENST00000425348","processed_pseudogene"
"ENST00000425364","lncRNA"
"ENST00000425366","processed_pseudogene"
"ENST00000425374","processed_pseudogene"
"ENST00000425391","processed_pseudogene"
"ENST00000425392","protein_coding"
"ENST00000425405","lncRNA"
"ENST00000425435","lncRNA"
"ENST00000425483","lncRNA"
"ENST00000425494","unprocessed_pseudogene"
"ENST00000425505","lncRNA"
"ENST00000425516","processed_pseudogene"
"ENST00000425552","processed_pseudogene"
"ENST00000425592","processed_pseudogene"
"ENST00000425638","transcribed_unitary_pseudogene"
"ENST00000425686","protein_coding"
"ENST00000425713","unprocessed_pseudogene"
"ENST00000425717","transcribed_unprocessed_pseudogene"
"ENST00000425755","protein_coding"
"ENST00000425758","processed_pseudogene"
"ENST00000425765","processed_pseudogene"
"ENST00000425769","processed_pseudogene"
"ENST00000425787","processed_pseudogene"
"ENST00000425829","protein_coding_LoF"
"ENST00000425861","processed_pseudogene"
"ENST00000425870","processed_pseudogene"
"ENST00000425889","processed_pseudogene"
"ENST00000425922","processed_pseudogene"
"ENST00000425958","transcribed_processed_pseudogene"
"ENST00000425971","processed_pseudogene"
"ENST00000425981","lncRNA"
"ENST00000425983","lncRNA"
"ENST00000425988","processed_pseudogene"
"ENST00000426005","protein_coding"
"ENST00000426025","transcribed_unprocessed_pseudogene"
"ENST00000426027","processed_pseudogene"
"ENST00000426028","processed_pseudogene"
"ENST00000426029","lncRNA"
"ENST00000426038","processed_pseudogene"
"ENST00000426065","processed_pseudogene"
"ENST00000426076","unprocessed_pseudogene"
"ENST00000426108","processed_pseudogene"
"ENST00000426110","unprocessed_pseudogene"
"ENST00000426122","lncRNA"
"ENST00000426134","processed_pseudogene"
"ENST00000426148","unprocessed_pseudogene"
"ENST00000426172","protein_coding"
"ENST00000426177","processed_pseudogene"
"ENST00000426204","lncRNA"
"ENST00000426215","protein_coding"
"ENST00000426223","processed_pseudogene"
"ENST00000426257","unprocessed_pseudogene"
"ENST00000426262","lncRNA"
"ENST00000426283","lncRNA"
"ENST00000426313","processed_pseudogene"
"ENST00000426318","TR_V_gene"
"ENST00000426330","processed_pseudogene"
"ENST00000426354","lncRNA"
"ENST00000426356","lncRNA"
"ENST00000426358","lncRNA"
"ENST00000426359","processed_pseudogene"
"ENST00000426374","lncRNA"
"ENST00000426413","lncRNA"
"ENST00000426420","processed_pseudogene"
"ENST00000426425","unprocessed_pseudogene"
"ENST00000426437","processed_pseudogene"
"ENST00000426442","protein_coding_CDS_not_defined"
"ENST00000426444","nonsense_mediated_decay"
"ENST00000426452","lncRNA"
"ENST00000426461","unprocessed_pseudogene"
"ENST00000426472","protein_coding_CDS_not_defined"
"ENST00000426478","unprocessed_pseudogene"
"ENST00000426484","processed_pseudogene"
"ENST00000426496","protein_coding"
"ENST00000426514","nonsense_mediated_decay"
"ENST00000426519","lncRNA"
"ENST00000426536","transcribed_unprocessed_pseudogene"
"ENST00000426543","protein_coding"
"ENST00000426552","processed_pseudogene"
"ENST00000426556","processed_pseudogene"
"ENST00000426558","lncRNA"
"ENST00000426609","lncRNA"
"ENST00000426646","protein_coding"
"ENST00000426674","protein_coding_CDS_not_defined"
"ENST00000426688","processed_pseudogene"
"ENST00000426697","lncRNA"
"ENST00000426703","unitary_pseudogene"
"ENST00000426710","processed_pseudogene"
"ENST00000426718","protein_coding_CDS_not_defined"
"ENST00000426792","unprocessed_pseudogene"
"ENST00000426794","lncRNA"
"ENST00000426799","processed_pseudogene"
"ENST00000426818","lncRNA"
"ENST00000426840","lncRNA"
"ENST00000426848","processed_pseudogene"
"ENST00000426849","unprocessed_pseudogene"
"ENST00000426854","lncRNA"
"ENST00000426867","snoRNA"
"ENST00000426869","lncRNA"
"ENST00000426873","processed_pseudogene"
"ENST00000426903","unprocessed_pseudogene"
"ENST00000426922","lncRNA"
"ENST00000426952","processed_pseudogene"
"ENST00000426985","unprocessed_pseudogene"
"ENST00000427009","processed_pseudogene"
"ENST00000427011","lncRNA"
"ENST00000427016","unprocessed_pseudogene"
"ENST00000427019","lncRNA"
"ENST00000427062","processed_pseudogene"
"ENST00000427064","lncRNA"
"ENST00000427073","lncRNA"
"ENST00000427086","processed_pseudogene"
"ENST00000427122","processed_pseudogene"
"ENST00000427132","lncRNA"
"ENST00000427145","lncRNA"
"ENST00000427161","lncRNA"
"ENST00000427163","processed_pseudogene"
"ENST00000427173","lncRNA"
"ENST00000427207","protein_coding"
"ENST00000427254","protein_coding"
"ENST00000427258","lncRNA"
"ENST00000427294","processed_pseudogene"
"ENST00000427319","lncRNA"
"ENST00000427332","protein_coding"
"ENST00000427360","lncRNA"
"ENST00000427395","unprocessed_pseudogene"
"ENST00000427398","lncRNA"
"ENST00000427411","protein_coding"
"ENST00000427435","processed_pseudogene"
"ENST00000427439","lncRNA"
"ENST00000427446","lncRNA"
"ENST00000427451","lncRNA"
"ENST00000427470","transcribed_processed_pseudogene"
"ENST00000427481","protein_coding"
"ENST00000427511","unprocessed_pseudogene"
"ENST00000427544","protein_coding"
"ENST00000427567","processed_pseudogene"
"ENST00000427568","processed_pseudogene"
"ENST00000427581","protein_coding"
"ENST00000427584","lncRNA"
"ENST00000427589","TR_V_pseudogene"
"ENST00000427601","processed_pseudogene"
"ENST00000427639","processed_pseudogene"
"ENST00000427666","unprocessed_pseudogene"
"ENST00000427672","unprocessed_pseudogene"
"ENST00000427678","protein_coding"
"ENST00000427700","protein_coding"
"ENST00000427704","protein_coding"
"ENST00000427715","protein_coding"
"ENST00000427725","unprocessed_pseudogene"
"ENST00000427731","processed_pseudogene"
"ENST00000427733","processed_pseudogene"
"ENST00000427736","protein_coding"
"ENST00000427739","protein_coding_CDS_not_defined"
"ENST00000427780","processed_pseudogene"
"ENST00000427790","processed_pseudogene"
"ENST00000427807","processed_pseudogene"
"ENST00000427820","lncRNA"
"ENST00000427828","lncRNA"
"ENST00000427835","lncRNA"
"ENST00000427866","lncRNA"
"ENST00000427883","processed_pseudogene"
"ENST00000427910","processed_pseudogene"
"ENST00000427921","processed_pseudogene"
"ENST00000427935","processed_pseudogene"
"ENST00000427937","protein_coding"
"ENST00000427941","unprocessed_pseudogene"
"ENST00000427950","lncRNA"
"ENST00000427961","unprocessed_pseudogene"
"ENST00000427973","unprocessed_pseudogene"
"ENST00000427976","protein_coding"
"ENST00000428074","protein_coding"
"ENST00000428086","lncRNA"
"ENST00000428102","transcribed_unprocessed_pseudogene"
"ENST00000428112","protein_coding"
"ENST00000428124","processed_pseudogene"
"ENST00000428160","lncRNA"
"ENST00000428165","lncRNA"
"ENST00000428176","lncRNA"
"ENST00000428194","unprocessed_pseudogene"
"ENST00000428212","processed_pseudogene"
"ENST00000428215","processed_pseudogene"
"ENST00000428233","processed_pseudogene"
"ENST00000428241","protein_coding"
"ENST00000428242","processed_pseudogene"
"ENST00000428247","processed_pseudogene"
"ENST00000428318","protein_coding"
"ENST00000428382","protein_coding"
"ENST00000428431","processed_pseudogene"
"ENST00000428454","processed_pseudogene"
"ENST00000428485","lncRNA"
"ENST00000428501","lncRNA"
"ENST00000428516","lncRNA"
"ENST00000428569","lncRNA"
"ENST00000428595","protein_coding"
"ENST00000428597","lncRNA"
"ENST00000428627","transcribed_processed_pseudogene"
"ENST00000428663","protein_coding"
"ENST00000428697","processed_pseudogene"
"ENST00000428730","nonsense_mediated_decay"
"ENST00000428754","processed_pseudogene"
"ENST00000428821","processed_pseudogene"
"ENST00000428836","processed_pseudogene"
"ENST00000428872","lncRNA"
"ENST00000428909","processed_pseudogene"
"ENST00000428912","unprocessed_pseudogene"
"ENST00000428918","lncRNA"
"ENST00000428922","retained_intron"
"ENST00000428936","lncRNA"
"ENST00000428958","lncRNA"
"ENST00000429016","processed_pseudogene"
"ENST00000429028","protein_coding"
"ENST00000429057","processed_pseudogene"
"ENST00000429114","lncRNA"
"ENST00000429118","processed_pseudogene"
"ENST00000429129","lncRNA"
"ENST00000429197","processed_pseudogene"
"ENST00000429208","processed_pseudogene"
"ENST00000429211","processed_pseudogene"
"ENST00000429239","protein_coding_LoF"
"ENST00000429245","processed_pseudogene"
"ENST00000429248","transcribed_unprocessed_pseudogene"
"ENST00000429273","processed_pseudogene"
"ENST00000429308","transcribed_processed_pseudogene"
"ENST00000429312","processed_pseudogene"
"ENST00000429313","unprocessed_pseudogene"
"ENST00000429316","unprocessed_pseudogene"
"ENST00000429322","nonsense_mediated_decay"
"ENST00000429351","processed_pseudogene"
"ENST00000429386","lncRNA"
"ENST00000429387","protein_coding"
"ENST00000429392","processed_pseudogene"
"ENST00000429396","lncRNA"
"ENST00000429405","processed_pseudogene"
"ENST00000429432","protein_coding"
"ENST00000429450","lncRNA"
"ENST00000429458","processed_pseudogene"
"ENST00000429464","lncRNA"
"ENST00000429469","lncRNA"
"ENST00000429507","lncRNA"
"ENST00000429512","lncRNA"
"ENST00000429526","processed_pseudogene"
"ENST00000429528","processed_pseudogene"
"ENST00000429536","processed_pseudogene"
"ENST00000429539","lncRNA"
"ENST00000429543","protein_coding"
"ENST00000429565","protein_coding"
"ENST00000429623","transcribed_unprocessed_pseudogene"
"ENST00000429649","processed_pseudogene"
"ENST00000429651","protein_coding"
"ENST00000429657","lncRNA"
"ENST00000429661","lncRNA"
"ENST00000429690","protein_coding"
"ENST00000429766","processed_pseudogene"
"ENST00000429776","transcribed_processed_pseudogene"
"ENST00000429803","processed_pseudogene"
"ENST00000429817","protein_coding"
"ENST00000429856","processed_pseudogene"
"ENST00000429867","processed_pseudogene"
"ENST00000429879","nonsense_mediated_decay"
"ENST00000429881","protein_coding"
"ENST00000429913","processed_pseudogene"
"ENST00000429936","protein_coding"
"ENST00000429946","processed_pseudogene"
"ENST00000429983","processed_pseudogene"
"ENST00000429992","IG_V_gene"
"ENST00000429993","processed_pseudogene"
"ENST00000429994","protein_coding"
"ENST00000429999","unprocessed_pseudogene"
"ENST00000430018","lncRNA"
"ENST00000430042","processed_pseudogene"
"ENST00000430043","unprocessed_pseudogene"
"ENST00000430051","lncRNA"
"ENST00000430060","lncRNA"
"ENST00000430064","lncRNA"
"ENST00000430104","protein_coding"
"ENST00000430120","nonsense_mediated_decay"
"ENST00000430165","transcribed_processed_pseudogene"
"ENST00000430227","protein_coding"
"ENST00000430231","transcribed_unprocessed_pseudogene"
"ENST00000430258","processed_pseudogene"
"ENST00000430273","protein_coding"
"ENST00000430278","protein_coding_CDS_not_defined"
"ENST00000430303","protein_coding"
"ENST00000430329","processed_pseudogene"
"ENST00000430344","processed_pseudogene"
"ENST00000430375","lncRNA"
"ENST00000430422","processed_pseudogene"
"ENST00000430432","protein_coding"
"ENST00000430438","lncRNA"
"ENST00000430443","processed_pseudogene"
"ENST00000430481","lncRNA"
"ENST00000430483","lncRNA"
"ENST00000430499","unprocessed_pseudogene"
"ENST00000430516","unprocessed_pseudogene"
"ENST00000430519","lncRNA"
"ENST00000430534","lncRNA"
"ENST00000430567","processed_pseudogene"
"ENST00000430604","unprocessed_pseudogene"
"ENST00000430607","lncRNA"
"ENST00000430615","protein_coding"
"ENST00000430635","lncRNA"
"ENST00000430654","processed_pseudogene"
"ENST00000430667","unprocessed_pseudogene"
"ENST00000430677","lncRNA"
"ENST00000430691","transcribed_unprocessed_pseudogene"
"ENST00000430696","lncRNA"
"ENST00000430704","protein_coding"
"ENST00000430717","processed_pseudogene"
"ENST00000430724","transcribed_processed_pseudogene"
"ENST00000430740","processed_pseudogene"
"ENST00000430750","nonsense_mediated_decay"
"ENST00000430769","protein_coding"
"ENST00000430787","lncRNA"
"ENST00000430794","lncRNA"
"ENST00000430810","processed_pseudogene"
"ENST00000430812","unprocessed_pseudogene"
"ENST00000430814","protein_coding"
"ENST00000430816","protein_coding"
"ENST00000430817","protein_coding"
"ENST00000430840","processed_pseudogene"
"ENST00000430863","protein_coding_LoF"
"ENST00000430879","processed_pseudogene"
"ENST00000430892","protein_coding"
"ENST00000430895","lncRNA"
"ENST00000430905","lncRNA"
"ENST00000430907","transcribed_processed_pseudogene"
"ENST00000430921","lncRNA"
"ENST00000430943","processed_pseudogene"
"ENST00000430978","lncRNA"
"ENST00000431021","processed_pseudogene"
"ENST00000431068","protein_coding"
"ENST00000431071","lncRNA"
"ENST00000431077","lncRNA"
"ENST00000431083","lncRNA"
"ENST00000431098","transcribed_processed_pseudogene"
"ENST00000431108","lncRNA"
"ENST00000431132","protein_coding"
"ENST00000431135","processed_pseudogene"
"ENST00000431137","unprocessed_pseudogene"
"ENST00000431164","protein_coding_CDS_not_defined"
"ENST00000431223","processed_pseudogene"
"ENST00000431290","lncRNA"
"ENST00000431302","transcribed_unitary_pseudogene"
"ENST00000431395","lncRNA"
"ENST00000431402","protein_coding"
"ENST00000431406","processed_pseudogene"
"ENST00000431418","protein_coding"
"ENST00000431431","protein_coding"
"ENST00000431448","processed_pseudogene"
"ENST00000431486","lncRNA"
"ENST00000431501","lncRNA"
"ENST00000431524","protein_coding"
"ENST00000431525","lncRNA"
"ENST00000431541","protein_coding"
"ENST00000431547","protein_coding"
"ENST00000431553","lncRNA"
"ENST00000431589","lncRNA"
"ENST00000431648","transcribed_unprocessed_pseudogene"
"ENST00000431650","lncRNA"
"ENST00000431661","lncRNA"
"ENST00000431669","lncRNA"
"ENST00000431686","lncRNA"
"ENST00000431697","lncRNA"
"ENST00000431701","unprocessed_pseudogene"
"ENST00000431705","lncRNA"
"ENST00000431712","lncRNA"
"ENST00000431719","processed_pseudogene"
"ENST00000431758","protein_coding"
"ENST00000431784","processed_pseudogene"
"ENST00000431829","unprocessed_pseudogene"
"ENST00000431853","processed_pseudogene"
"ENST00000431868","processed_pseudogene"
"ENST00000431872","processed_pseudogene"
"ENST00000431873","nonsense_mediated_decay"
"ENST00000431878","transcribed_processed_pseudogene"
"ENST00000431890","processed_pseudogene"
"ENST00000431896","processed_pseudogene"
"ENST00000431915","lncRNA"
"ENST00000431917","protein_coding"
"ENST00000431935","processed_pseudogene"
"ENST00000431943","transcribed_unitary_pseudogene"
"ENST00000431951","processed_pseudogene"
"ENST00000431953","processed_pseudogene"
"ENST00000431968","processed_pseudogene"
"ENST00000431978","processed_pseudogene"
"ENST00000431994","transcribed_unprocessed_pseudogene"
"ENST00000432008","processed_pseudogene"
"ENST00000432035","protein_coding"
"ENST00000432048","processed_pseudogene"
"ENST00000432050","lncRNA"
"ENST00000432067","lncRNA"
"ENST00000432078","protein_coding_CDS_not_defined"
"ENST00000432081","lncRNA"
"ENST00000432083","lncRNA"
"ENST00000432130","lncRNA"
"ENST00000432149","processed_pseudogene"
"ENST00000432237","protein_coding"
"ENST00000432242","nonsense_mediated_decay"
"ENST00000432250","lncRNA"
"ENST00000432255","protein_coding"
"ENST00000432257","processed_pseudogene"
"ENST00000432258","lncRNA"
"ENST00000432330","lncRNA"
"ENST00000432340","protein_coding"
"ENST00000432350","processed_pseudogene"
"ENST00000432383","processed_pseudogene"
"ENST00000432410","lncRNA"
"ENST00000432412","lncRNA"
"ENST00000432420","protein_coding"
"ENST00000432423","lncRNA"
"ENST00000432431","lncRNA"
"ENST00000432442","lncRNA"
"ENST00000432475","nonsense_mediated_decay"
"ENST00000432484","lncRNA"
"ENST00000432488","lncRNA"
"ENST00000432514","protein_coding"
"ENST00000432548","protein_coding_CDS_not_defined"
"ENST00000432563","processed_pseudogene"
"ENST00000432573","transcribed_unprocessed_pseudogene"
"ENST00000432585","processed_pseudogene"
"ENST00000432596","processed_pseudogene"
"ENST00000432612","lncRNA"
"ENST00000432626","lncRNA"
"ENST00000432681","processed_pseudogene"
"ENST00000432682","protein_coding"
"ENST00000432694","lncRNA"
"ENST00000432697","lncRNA"
"ENST00000432743","lncRNA"
"ENST00000432754","transcribed_unprocessed_pseudogene"
"ENST00000432816","processed_pseudogene"
"ENST00000432828","processed_pseudogene"
"ENST00000432841","protein_coding_LoF"
"ENST00000432854","protein_coding"
"ENST00000432858","lncRNA"
"ENST00000432894","lncRNA"
"ENST00000432935","processed_pseudogene"
"ENST00000432936","unprocessed_pseudogene"
"ENST00000432945","processed_pseudogene"
"ENST00000432958","protein_coding"
"ENST00000432984","lncRNA"
"ENST00000432995","lncRNA"
"ENST00000433019","lncRNA"
"ENST00000433033","lncRNA"
"ENST00000433044","processed_pseudogene"
"ENST00000433048","processed_pseudogene"
"ENST00000433051","lncRNA"
"ENST00000433054","processed_pseudogene"
"ENST00000433072","IG_V_gene"
"ENST00000433105","lncRNA"
"ENST00000433137","processed_pseudogene"
"ENST00000433141","processed_pseudogene"
"ENST00000433154","protein_coding"
"ENST00000433192","protein_coding"
"ENST00000433230","lncRNA"
"ENST00000433237","processed_pseudogene"
"ENST00000433254","processed_pseudogene"
"ENST00000433284","processed_pseudogene"
"ENST00000433299","unprocessed_pseudogene"
"ENST00000433303","lncRNA"
"ENST00000433306","processed_pseudogene"
"ENST00000433307","protein_coding"
"ENST00000433316","processed_pseudogene"
"ENST00000433335","processed_pseudogene"
"ENST00000433356","lncRNA"
"ENST00000433368","protein_coding"
"ENST00000433377","lncRNA"
"ENST00000433387","protein_coding"
"ENST00000433406","lncRNA"
"ENST00000433428","protein_coding"
"ENST00000433442","lncRNA"
"ENST00000433486","lncRNA"
"ENST00000433495","unprocessed_pseudogene"
"ENST00000433508","processed_pseudogene"
"ENST00000433516","processed_pseudogene"
"ENST00000433524","processed_pseudogene"
"ENST00000433537","processed_pseudogene"
"ENST00000433554","processed_pseudogene"
"ENST00000433595","lncRNA"
"ENST00000433620","processed_pseudogene"
"ENST00000433664","lncRNA"
"ENST00000433678","nonsense_mediated_decay"
"ENST00000433681","transcribed_unprocessed_pseudogene"
"ENST00000433721","unprocessed_pseudogene"
"ENST00000433725","processed_pseudogene"
"ENST00000433802","unprocessed_pseudogene"
"ENST00000433830","processed_pseudogene"
"ENST00000433848","protein_coding"
"ENST00000433887","unprocessed_pseudogene"
"ENST00000433910","processed_pseudogene"
"ENST00000433918","lncRNA"
"ENST00000433925","processed_pseudogene"
"ENST00000433944","unprocessed_pseudogene"
"ENST00000433993","protein_coding"
"ENST00000434012","processed_pseudogene"
"ENST00000434028","processed_pseudogene"
"ENST00000434059","lncRNA"
"ENST00000434061","protein_coding"
"ENST00000434081","lncRNA"
"ENST00000434139","lncRNA"
"ENST00000434190","transcribed_unprocessed_pseudogene"
"ENST00000434191","processed_pseudogene"
"ENST00000434196","lncRNA"
"ENST00000434245","lncRNA"
"ENST00000434250","lncRNA"
"ENST00000434304","transcribed_unprocessed_pseudogene"
"ENST00000434310","processed_pseudogene"
"ENST00000434319","protein_coding"
"ENST00000434320","processed_pseudogene"
"ENST00000434327","processed_pseudogene"
"ENST00000434367","processed_pseudogene"
"ENST00000434368","processed_pseudogene"
"ENST00000434394","processed_pseudogene"
"ENST00000434403","processed_pseudogene"
"ENST00000434444","protein_coding"
"ENST00000434465","processed_pseudogene"
"ENST00000434469","protein_coding"
"ENST00000434493","lncRNA"
"ENST00000434514","processed_pseudogene"
"ENST00000434537","lncRNA"
"ENST00000434551","protein_coding"
"ENST00000434552","lncRNA"
"ENST00000434579","lncRNA"
"ENST00000434586","processed_pseudogene"
"ENST00000434596","lncRNA"
"ENST00000434597","processed_pseudogene"
"ENST00000434610","lncRNA"
"ENST00000434611","lncRNA"
"ENST00000434626","processed_pseudogene"
"ENST00000434628","processed_pseudogene"
"ENST00000434642","nonsense_mediated_decay"
"ENST00000434657","lncRNA"
"ENST00000434661","lncRNA"
"ENST00000434717","processed_pseudogene"
"ENST00000434728","protein_coding"
"ENST00000434731","processed_pseudogene"
"ENST00000434733","lncRNA"
"ENST00000434743","processed_pseudogene"
"ENST00000434750","processed_pseudogene"
"ENST00000434768","lncRNA"
"ENST00000434771","processed_pseudogene"
"ENST00000434790","lncRNA"
"ENST00000434793","unprocessed_pseudogene"
"ENST00000434803","transcribed_unprocessed_pseudogene"
"ENST00000434846","protein_coding"
"ENST00000434859","lncRNA"
"ENST00000434878","lncRNA"
"ENST00000434902","lncRNA"
"ENST00000434936","processed_pseudogene"
"ENST00000434943","processed_pseudogene"
"ENST00000434947","lncRNA"
"ENST00000434979","unprocessed_pseudogene"
"ENST00000434995","processed_pseudogene"
"ENST00000435008","processed_pseudogene"
"ENST00000435020","processed_pseudogene"
"ENST00000435037","lncRNA"
"ENST00000435042","lncRNA"
"ENST00000435050","protein_coding"
"ENST00000435067","lncRNA"
"ENST00000435086","processed_pseudogene"
"ENST00000435112","lncRNA"
"ENST00000435117","protein_coding"
"ENST00000435181","processed_pseudogene"
"ENST00000435192","processed_pseudogene"
"ENST00000435193","protein_coding"
"ENST00000435206","processed_pseudogene"
"ENST00000435209","processed_pseudogene"
"ENST00000435210","processed_pseudogene"
"ENST00000435212","processed_pseudogene"
"ENST00000435245","protein_coding"
"ENST00000435250","processed_pseudogene"
"ENST00000435253","lncRNA"
"ENST00000435254","lncRNA"
"ENST00000435255","processed_pseudogene"
"ENST00000435256","transcribed_unprocessed_pseudogene"
"ENST00000435269","processed_pseudogene"
"ENST00000435309","unitary_pseudogene"
"ENST00000435382","unprocessed_pseudogene"
"ENST00000435401","lncRNA"
"ENST00000435405","processed_pseudogene"
"ENST00000435410","unprocessed_pseudogene"
"ENST00000435412","lncRNA"
"ENST00000435425","nonsense_mediated_decay"
"ENST00000435442","transcribed_unprocessed_pseudogene"
"ENST00000435444","lncRNA"
"ENST00000435451","protein_coding"
"ENST00000435468","protein_coding"
"ENST00000435487","transcribed_processed_pseudogene"
"ENST00000435492","lncRNA"
"ENST00000435505","protein_coding"
"ENST00000435552","lncRNA"
"ENST00000435554","lncRNA"
"ENST00000435557","lncRNA"
"ENST00000435573","lncRNA"
"ENST00000435575","protein_coding"
"ENST00000435600","unprocessed_pseudogene"
"ENST00000435601","processed_pseudogene"
"ENST00000435614","protein_coding"
"ENST00000435632","processed_pseudogene"
"ENST00000435636","lncRNA"
"ENST00000435641","lncRNA"
"ENST00000435671","processed_pseudogene"
"ENST00000435672","unprocessed_pseudogene"
"ENST00000435682","lncRNA"
"ENST00000435713","lncRNA"
"ENST00000435729","processed_pseudogene"
"ENST00000435738","lncRNA"
"ENST00000435770","processed_pseudogene"
"ENST00000435771","processed_pseudogene"
"ENST00000435782","lncRNA"
"ENST00000435784","processed_pseudogene"
"ENST00000435808","processed_pseudogene"
"ENST00000435821","unprocessed_pseudogene"
"ENST00000435859","processed_pseudogene"
"ENST00000435867","lncRNA"
"ENST00000435871","processed_pseudogene"
"ENST00000435883","transcribed_unprocessed_pseudogene"
"ENST00000435908","transcribed_processed_pseudogene"
"ENST00000435919","processed_pseudogene"
"ENST00000435923","transcribed_processed_pseudogene"
"ENST00000435941","processed_pseudogene"
"ENST00000435943","protein_coding"
"ENST00000435953","lncRNA"
"ENST00000435973","lncRNA"
"ENST00000435986","processed_pseudogene"
"ENST00000435992","lncRNA"
"ENST00000436031","retained_intron"
"ENST00000436042","lncRNA"
"ENST00000436045","unprocessed_pseudogene"
"ENST00000436056","lncRNA"
"ENST00000436077","lncRNA"
"ENST00000436084","lncRNA"
"ENST00000436102","processed_pseudogene"
"ENST00000436113","lncRNA"
"ENST00000436135","processed_pseudogene"
"ENST00000436164","processed_pseudogene"
"ENST00000436165","transcribed_unitary_pseudogene"
"ENST00000436171","protein_coding"
"ENST00000436227","protein_coding"
"ENST00000436229","processed_pseudogene"
"ENST00000436245","lncRNA"
"ENST00000436266","lncRNA"
"ENST00000436281","processed_pseudogene"
"ENST00000436292","protein_coding"
"ENST00000436294","lncRNA"
"ENST00000436316","processed_pseudogene"
"ENST00000436327","unprocessed_pseudogene"
"ENST00000436365","processed_pseudogene"
"ENST00000436377","lncRNA"
"ENST00000436379","lncRNA"
"ENST00000436416","lncRNA"
"ENST00000436423","lncRNA"
"ENST00000436430","lncRNA"
"ENST00000436475","lncRNA"
"ENST00000436487","nonsense_mediated_decay"
"ENST00000436509","processed_pseudogene"
"ENST00000436539","lncRNA"
"ENST00000436549","processed_pseudogene"
"ENST00000436582","lncRNA"
"ENST00000436602","lncRNA"
"ENST00000436610","processed_pseudogene"
"ENST00000436625","processed_pseudogene"
"ENST00000436626","processed_pseudogene"
"ENST00000436687","lncRNA"
"ENST00000436738","protein_coding_CDS_not_defined"
"ENST00000436759","protein_coding"
"ENST00000436766","processed_pseudogene"
"ENST00000436804","lncRNA"
"ENST00000436818","processed_pseudogene"
"ENST00000436826","IG_J_pseudogene"
"ENST00000436845","lncRNA"
"ENST00000436854","nonsense_mediated_decay"
"ENST00000436878","lncRNA"
"ENST00000436895","unprocessed_pseudogene"
"ENST00000436904","processed_pseudogene"
"ENST00000436906","processed_pseudogene"
"ENST00000436907","unprocessed_pseudogene"
"ENST00000436929","retained_intron"
"ENST00000436945","lncRNA"
"ENST00000436954","transcribed_unprocessed_pseudogene"
"ENST00000436955","lncRNA"
"ENST00000436967","lncRNA"
"ENST00000436977","processed_pseudogene"
"ENST00000437005","unprocessed_pseudogene"
"ENST00000437033","protein_coding"
"ENST00000437034","protein_coding"
"ENST00000437035","lncRNA"
"ENST00000437044","protein_coding"
"ENST00000437058","protein_coding"
"ENST00000437076","transcribed_unprocessed_pseudogene"
"ENST00000437080","lncRNA"
"ENST00000437118","lncRNA"
"ENST00000437132","lncRNA"
"ENST00000437172","protein_coding"
"ENST00000437203","processed_pseudogene"
"ENST00000437208","processed_pseudogene"
"ENST00000437229","processed_pseudogene"
"ENST00000437230","protein_coding"
"ENST00000437232","lncRNA"
"ENST00000437240","unprocessed_pseudogene"
"ENST00000437256","processed_pseudogene"
"ENST00000437273","processed_pseudogene"
"ENST00000437290","lncRNA"
"ENST00000437297","processed_pseudogene"
"ENST00000437312","processed_pseudogene"
"ENST00000437313","nonsense_mediated_decay"
"ENST00000437330","lncRNA"
"ENST00000437350","lncRNA"
"ENST00000437384","lncRNA"
"ENST00000437419","protein_coding"
"ENST00000437504","protein_coding_CDS_not_defined"
"ENST00000437526","processed_pseudogene"
"ENST00000437527","protein_coding"
"ENST00000437536","unprocessed_pseudogene"
"ENST00000437555","processed_pseudogene"
"ENST00000437556","processed_pseudogene"
"ENST00000437558","processed_pseudogene"
"ENST00000437576","processed_pseudogene"
"ENST00000437589","lncRNA"
"ENST00000437598","lncRNA"
"ENST00000437614","unprocessed_pseudogene"
"ENST00000437626","protein_coding"
"ENST00000437647","processed_pseudogene"
"ENST00000437667","processed_pseudogene"
"ENST00000437682","protein_coding"
"ENST00000437729","processed_pseudogene"
"ENST00000437745","nonsense_mediated_decay"
"ENST00000437751","lncRNA"
"ENST00000437762","processed_pseudogene"
"ENST00000437763","lncRNA"
"ENST00000437777","lncRNA"
"ENST00000437837","lncRNA"
"ENST00000437852","processed_pseudogene"
"ENST00000437876","processed_pseudogene"
"ENST00000437881","lncRNA"
"ENST00000437884","transcribed_unprocessed_pseudogene"
"ENST00000437925","processed_pseudogene"
"ENST00000437956","processed_pseudogene"
"ENST00000437974","protein_coding"
"ENST00000437979","lncRNA"
"ENST00000438016","unitary_pseudogene"
"ENST00000438065","lncRNA"
"ENST00000438138","processed_pseudogene"
"ENST00000438176","unprocessed_pseudogene"
"ENST00000438185","lncRNA"
"ENST00000438228","processed_pseudogene"
"ENST00000438258","protein_coding_CDS_not_defined"
"ENST00000438281","processed_pseudogene"
"ENST00000438285","unprocessed_pseudogene"
"ENST00000438288","unprocessed_pseudogene"
"ENST00000438297","processed_pseudogene"
"ENST00000438302","processed_pseudogene"
"ENST00000438308","processed_pseudogene"
"ENST00000438318","lncRNA"
"ENST00000438336","processed_pseudogene"
"ENST00000438346","protein_coding"
"ENST00000438350","processed_pseudogene"
"ENST00000438373","protein_coding"
"ENST00000438409","lncRNA"
"ENST00000438412","lncRNA"
"ENST00000438416",NA
"ENST00000438425","transcribed_unprocessed_pseudogene"
"ENST00000438438","unprocessed_pseudogene"
"ENST00000438468","processed_pseudogene"
"ENST00000438487","transcribed_unprocessed_pseudogene"
"ENST00000438507","processed_pseudogene"
"ENST00000438522","lncRNA"
"ENST00000438529","transcribed_unprocessed_pseudogene"
"ENST00000438530","nonsense_mediated_decay"
"ENST00000438531","unprocessed_pseudogene"
"ENST00000438532","unprocessed_pseudogene"
"ENST00000438536","processed_pseudogene"
"ENST00000438556","transcribed_processed_pseudogene"
"ENST00000438566","lncRNA"
"ENST00000438567","protein_coding"
"ENST00000438584","unprocessed_pseudogene"
"ENST00000438589","lncRNA"
"ENST00000438595","processed_pseudogene"
"ENST00000438619","lncRNA"
"ENST00000438633","lncRNA"
"ENST00000438635","lncRNA"
"ENST00000438639","retained_intron"
"ENST00000438648","processed_pseudogene"
"ENST00000438657","protein_coding"
"ENST00000438659","lncRNA"
"ENST00000438679","processed_pseudogene"
"ENST00000438690","processed_pseudogene"
"ENST00000438702","lncRNA"
"ENST00000438726","processed_pseudogene"
"ENST00000438738","lncRNA"
"ENST00000438745","processed_pseudogene"
"ENST00000438782","protein_coding"
"ENST00000438801","processed_pseudogene"
"ENST00000438805","processed_pseudogene"
"ENST00000438810","lncRNA"
"ENST00000438818","lncRNA"
"ENST00000438829","lncRNA"
"ENST00000438841","unprocessed_pseudogene"
"ENST00000438849","unprocessed_pseudogene"
"ENST00000438864","processed_pseudogene"
"ENST00000438892","processed_pseudogene"
"ENST00000438895","processed_pseudogene"
"ENST00000438905","transcribed_unprocessed_pseudogene"
"ENST00000438914","processed_pseudogene"
"ENST00000438918","processed_pseudogene"
"ENST00000438926","protein_coding"
"ENST00000438957","processed_pseudogene"
"ENST00000438961","protein_coding_CDS_not_defined"
"ENST00000438962","protein_coding"
"ENST00000438966","protein_coding_CDS_not_defined"
"ENST00000438985","protein_coding"
"ENST00000439008","lncRNA"
"ENST00000439026","protein_coding"
"ENST00000439033","unprocessed_pseudogene"
"ENST00000439049","protein_coding"
"ENST00000439110","processed_pseudogene"
"ENST00000439137","lncRNA"
"ENST00000439239","lncRNA"
"ENST00000439278","protein_coding"
"ENST00000439294","processed_pseudogene"
"ENST00000439300","processed_pseudogene"
"ENST00000439303","processed_pseudogene"
"ENST00000439330","processed_pseudogene"
"ENST00000439336","lncRNA"
"ENST00000439375","protein_coding"
"ENST00000439378","lncRNA"
"ENST00000439382","lncRNA"
"ENST00000439389","unprocessed_pseudogene"
"ENST00000439392","lncRNA"
"ENST00000439415","processed_pseudogene"
"ENST00000439444","lncRNA"
"ENST00000439450","lncRNA"
"ENST00000439454","lncRNA"
"ENST00000439462","processed_pseudogene"
"ENST00000439467","protein_coding"
"ENST00000439485","protein_coding"
"ENST00000439495","nonsense_mediated_decay"
"ENST00000439496","protein_coding"
"ENST00000439497","processed_pseudogene"
"ENST00000439500","protein_coding"
"ENST00000439534","protein_coding"
"ENST00000439565","lncRNA"
"ENST00000439585","processed_pseudogene"
"ENST00000439608","processed_pseudogene"
"ENST00000439619","retained_intron"
"ENST00000439625","processed_pseudogene"
"ENST00000439655","transcribed_unprocessed_pseudogene"
"ENST00000439681","protein_coding"
"ENST00000439700","lncRNA"
"ENST00000439728","processed_pseudogene"
"ENST00000439745","lncRNA"
"ENST00000439795","lncRNA"
"ENST00000439804","lncRNA"
"ENST00000439809","processed_pseudogene"
"ENST00000439811","processed_pseudogene"
"ENST00000439836","processed_pseudogene"
"ENST00000439842","IG_D_gene"
"ENST00000439844","lncRNA"
"ENST00000439852","lncRNA"
"ENST00000439878","lncRNA"
"ENST00000439890","processed_pseudogene"
"ENST00000439946","processed_pseudogene"
"ENST00000439981","processed_pseudogene"
"ENST00000440000","protein_coding"
"ENST00000440012","protein_coding"
"ENST00000440025","protein_coding"
"ENST00000440032","lncRNA"
"ENST00000440046","unprocessed_pseudogene"
"ENST00000440054","lncRNA"
"ENST00000440080","processed_pseudogene"
"ENST00000440101","lncRNA"
"ENST00000440104","lncRNA"
"ENST00000440111",NA
"ENST00000440127","processed_pseudogene"
"ENST00000440142","processed_pseudogene"
"ENST00000440153","processed_pseudogene"
"ENST00000440167","unprocessed_pseudogene"
"ENST00000440194","lncRNA"
"ENST00000440201","processed_pseudogene"
"ENST00000440206","unprocessed_pseudogene"
"ENST00000440211","processed_pseudogene"
"ENST00000440222","processed_pseudogene"
"ENST00000440231","protein_coding_LoF"
"ENST00000440249","lncRNA"
"ENST00000440254","protein_coding"
"ENST00000440265","processed_pseudogene"
"ENST00000440329","processed_pseudogene"
"ENST00000440335","processed_pseudogene"
"ENST00000440341","lncRNA"
"ENST00000440351","lncRNA"
"ENST00000440360","processed_pseudogene"
"ENST00000440363","lncRNA"
"ENST00000440372","lncRNA"
"ENST00000440380","protein_coding"
"ENST00000440415","processed_pseudogene"
"ENST00000440420","processed_pseudogene"
"ENST00000440430","lncRNA"
"ENST00000440455","lncRNA"
"ENST00000440488","unprocessed_pseudogene"
"ENST00000440493","protein_coding_CDS_not_defined"
"ENST00000440495","lncRNA"
"ENST00000440503","protein_coding_CDS_not_defined"
"ENST00000440504","lncRNA"
"ENST00000440521","lncRNA"
"ENST00000440523","protein_coding"
"ENST00000440529","processed_pseudogene"
"ENST00000440539","transcribed_unprocessed_pseudogene"
"ENST00000440545","lncRNA"
"ENST00000440559","processed_pseudogene"
"ENST00000440582","protein_coding"
"ENST00000440609","lncRNA"
"ENST00000440642","transcribed_processed_pseudogene"
"ENST00000440645","lncRNA"
"ENST00000440707","transcribed_unprocessed_pseudogene"
"ENST00000440713","retained_intron"
"ENST00000440723","lncRNA"
"ENST00000440762","lncRNA"
"ENST00000440798","lncRNA"
"ENST00000440801","lncRNA"
"ENST00000440802","lncRNA"
"ENST00000440805","processed_pseudogene"
"ENST00000440807","lncRNA"
"ENST00000440827","protein_coding_CDS_not_defined"
"ENST00000440829","unprocessed_pseudogene"
"ENST00000440847","processed_pseudogene"
"ENST00000440852","processed_pseudogene"
"ENST00000440877","unprocessed_pseudogene"
"ENST00000440885","lncRNA"
"ENST00000440900","lncRNA"
"ENST00000440921","lncRNA"
"ENST00000440922","processed_pseudogene"
"ENST00000440929","unprocessed_pseudogene"
"ENST00000440931","lncRNA"
"ENST00000440958","nonsense_mediated_decay"
"ENST00000440997","protein_coding"
"ENST00000441001","lncRNA"
"ENST00000441053","lncRNA"
"ENST00000441054","protein_coding"
"ENST00000441055","processed_pseudogene"
"ENST00000441060","processed_pseudogene"
"ENST00000441064","processed_pseudogene"
"ENST00000441083","processed_pseudogene"
"ENST00000441100","processed_pseudogene"
"ENST00000441105","processed_pseudogene"
"ENST00000441114","nonsense_mediated_decay"
"ENST00000441137","processed_pseudogene"
"ENST00000441150","lncRNA"
"ENST00000441170","lncRNA"
"ENST00000441175","processed_pseudogene"
"ENST00000441182","processed_pseudogene"
"ENST00000441183","unprocessed_pseudogene"
"ENST00000441193","processed_pseudogene"
"ENST00000441223","protein_coding"
"ENST00000441234","lncRNA"
"ENST00000441236","protein_coding"
"ENST00000441241","processed_pseudogene"
"ENST00000441256","processed_pseudogene"
"ENST00000441259","protein_coding"
"ENST00000441261","processed_pseudogene"
"ENST00000441281","transcribed_unprocessed_pseudogene"
"ENST00000441292","processed_pseudogene"
"ENST00000441295","lncRNA"
"ENST00000441308","processed_pseudogene"
"ENST00000441327","processed_pseudogene"
"ENST00000441335","protein_coding"
"ENST00000441336","processed_pseudogene"
"ENST00000441338","lncRNA"
"ENST00000441357","protein_coding"
"ENST00000441358","protein_coding"
"ENST00000441364","unprocessed_pseudogene"
"ENST00000441366","protein_coding"
"ENST00000441381","lncRNA"
"ENST00000441383","lncRNA"
"ENST00000441390","nonsense_mediated_decay"
"ENST00000441433","processed_pseudogene"
"ENST00000441450","lncRNA"
"ENST00000441452","processed_pseudogene"
"ENST00000441457","lncRNA"
"ENST00000441462","transcribed_unprocessed_pseudogene"
"ENST00000441465","lncRNA"
"ENST00000441473","lncRNA"
"ENST00000441482","transcribed_processed_pseudogene"
"ENST00000441506","lncRNA"
"ENST00000441512","unprocessed_pseudogene"
"ENST00000441524","unprocessed_pseudogene"
"ENST00000441526","transcribed_processed_pseudogene"
"ENST00000441550","retained_intron"
"ENST00000441557","processed_pseudogene"
"ENST00000441568","lncRNA"
"ENST00000441598","lncRNA"
"ENST00000441624","transcribed_unprocessed_pseudogene"
"ENST00000441633","processed_pseudogene"
"ENST00000441651","processed_pseudogene"
"ENST00000441666","lncRNA"
"ENST00000441687","protein_coding"
"ENST00000441691","lncRNA"
"ENST00000441703","protein_coding"
"ENST00000441715","processed_pseudogene"
"ENST00000441744","processed_pseudogene"
"ENST00000441759","lncRNA"
"ENST00000441769","lncRNA"
"ENST00000441772","processed_pseudogene"
"ENST00000441773","lncRNA"
"ENST00000441783","processed_pseudogene"
"ENST00000441805","processed_pseudogene"
"ENST00000441820","lncRNA"
"ENST00000441845","protein_coding_CDS_not_defined"
"ENST00000441847","processed_pseudogene"
"ENST00000441884","processed_pseudogene"
"ENST00000441896","unprocessed_pseudogene"
"ENST00000441907","lncRNA"
"ENST00000441910","lncRNA"
"ENST00000441917","protein_coding"
"ENST00000441919","transcribed_processed_pseudogene"
"ENST00000441949","lncRNA"
"ENST00000441962","processed_pseudogene"
"ENST00000441969","protein_coding"
"ENST00000442013","processed_pseudogene"
"ENST00000442022","unprocessed_pseudogene"
"ENST00000442023","protein_coding"
"ENST00000442033","transcribed_unprocessed_pseudogene"
"ENST00000442049","transcribed_unprocessed_pseudogene"
"ENST00000442062","lncRNA"
"ENST00000442089","processed_pseudogene"
"ENST00000442091","protein_coding"
"ENST00000442108","lncRNA"
"ENST00000442111","protein_coding"
"ENST00000442128","lncRNA"
"ENST00000442158","processed_pseudogene"
"ENST00000442164","processed_pseudogene"
"ENST00000442171","protein_coding_CDS_not_defined"
"ENST00000442231","lncRNA"
"ENST00000442247","protein_coding"
"ENST00000442260","lncRNA"
"ENST00000442297","processed_pseudogene"
"ENST00000442302","processed_pseudogene"
"ENST00000442323","lncRNA"
"ENST00000442343","processed_pseudogene"
"ENST00000442352","transcribed_unprocessed_pseudogene"
"ENST00000442381","processed_pseudogene"
"ENST00000442398","nonsense_mediated_decay"
"ENST00000442416","lncRNA"
"ENST00000442421","protein_coding"
"ENST00000442496","protein_coding"
"ENST00000442510","protein_coding"
"ENST00000442520","processed_pseudogene"
"ENST00000442525","lncRNA"
"ENST00000442543","processed_pseudogene"
"ENST00000442567","lncRNA"
"ENST00000442571","processed_pseudogene"
"ENST00000442572","unprocessed_pseudogene"
"ENST00000442611","processed_pseudogene"
"ENST00000442627","lncRNA"
"ENST00000442687","protein_coding"
"ENST00000442708","protein_coding"
"ENST00000442754","processed_pseudogene"
"ENST00000442780","lncRNA"
"ENST00000442782","protein_coding"
"ENST00000442794","lncRNA"
"ENST00000442822","protein_coding"
"ENST00000442838","processed_pseudogene"
"ENST00000442845","nonsense_mediated_decay"
"ENST00000442859","protein_coding"
"ENST00000442895","protein_coding"
"ENST00000442924","transcribed_unprocessed_pseudogene"
"ENST00000442943","processed_pseudogene"
"ENST00000442962","transcribed_processed_pseudogene"
"ENST00000442967","lncRNA"
"ENST00000442978","processed_pseudogene"
"ENST00000442990","unprocessed_pseudogene"
"ENST00000442995","protein_coding"
"ENST00000443005","processed_pseudogene"
"ENST00000443009","processed_pseudogene"
"ENST00000443025","lncRNA"
"ENST00000443030","lncRNA"
"ENST00000443036","processed_pseudogene"
"ENST00000443066","lncRNA"
"ENST00000443077","unprocessed_pseudogene"
"ENST00000443087","lncRNA"
"ENST00000443127","unprocessed_pseudogene"
"ENST00000443167","processed_pseudogene"
"ENST00000443171","lncRNA"
"ENST00000443246","lncRNA"
"ENST00000443259","nonsense_mediated_decay"
"ENST00000443260","processed_pseudogene"
"ENST00000443261","lncRNA"
"ENST00000443275","protein_coding"
"ENST00000443334","processed_pseudogene"
"ENST00000443337","unprocessed_pseudogene"
"ENST00000443338","lncRNA"
"ENST00000443341","protein_coding"
"ENST00000443385","transcribed_processed_pseudogene"
"ENST00000443389","lncRNA"
"ENST00000443410","processed_pseudogene"
"ENST00000443421","processed_pseudogene"
"ENST00000443422","lncRNA"
"ENST00000443452","transcribed_processed_pseudogene"
"ENST00000443470","processed_pseudogene"
"ENST00000443471","lncRNA"
"ENST00000443484","processed_pseudogene"
"ENST00000443510","processed_pseudogene"
"ENST00000443540","unprocessed_pseudogene"
"ENST00000443549","processed_pseudogene"
"ENST00000443553","protein_coding"
"ENST00000443574","protein_coding_CDS_not_defined"
"ENST00000443589","processed_pseudogene"
"ENST00000443634","processed_pseudogene"
"ENST00000443644","nonsense_mediated_decay"
"ENST00000443688","retained_intron"
"ENST00000443692","lncRNA"
"ENST00000443733","processed_pseudogene"
"ENST00000443744","lncRNA"
"ENST00000443747","lncRNA"
"ENST00000443793","protein_coding"
"ENST00000443801","lncRNA"
"ENST00000443833","lncRNA"
"ENST00000443844","transcribed_processed_pseudogene"
"ENST00000443851","processed_pseudogene"
"ENST00000443880","protein_coding"
"ENST00000443913","protein_coding"
"ENST00000443915","protein_coding"
"ENST00000443918","processed_pseudogene"
"ENST00000443926","lncRNA"
"ENST00000443989","processed_pseudogene"
"ENST00000443996","nonsense_mediated_decay"
"ENST00000444017","lncRNA"
"ENST00000444020","processed_pseudogene"
"ENST00000444048","processed_pseudogene"
"ENST00000444123","lncRNA"
"ENST00000444136","protein_coding"
"ENST00000444137","lncRNA"
"ENST00000444155","lncRNA"
"ENST00000444197","protein_coding"
"ENST00000444199","transcribed_unprocessed_pseudogene"
"ENST00000444204","protein_coding"
"ENST00000444219","lncRNA"
"ENST00000444224","unprocessed_pseudogene"
"ENST00000444228","retained_intron"
"ENST00000444247","processed_pseudogene"
"ENST00000444266","lncRNA"
"ENST00000444277","processed_pseudogene"
"ENST00000444313","protein_coding"
"ENST00000444319","lncRNA"
"ENST00000444325","unprocessed_pseudogene"
"ENST00000444346","lncRNA"
"ENST00000444401","processed_pseudogene"
"ENST00000444403","processed_pseudogene"
"ENST00000444423","processed_pseudogene"
"ENST00000444439","transcribed_processed_pseudogene"
"ENST00000444526","processed_pseudogene"
"ENST00000444553","transcribed_unprocessed_pseudogene"
"ENST00000444562","lncRNA"
"ENST00000444637","protein_coding"
"ENST00000444641","processed_pseudogene"
"ENST00000444681","protein_coding"
"ENST00000444686","lncRNA"
"ENST00000444697","unprocessed_pseudogene"
"ENST00000444698","processed_pseudogene"
"ENST00000444710","processed_pseudogene"
"ENST00000444765","unprocessed_pseudogene"
"ENST00000444792","lncRNA"
"ENST00000444795","lncRNA"
"ENST00000444804","lncRNA"
"ENST00000444832","nonsense_mediated_decay"
"ENST00000444844","protein_coding"
"ENST00000444850","transcribed_unprocessed_pseudogene"
"ENST00000444852","lncRNA"
"ENST00000444864","protein_coding"
"ENST00000444868","lncRNA"
"ENST00000444901","processed_pseudogene"
"ENST00000444924","transcribed_unprocessed_pseudogene"
"ENST00000444933","lncRNA"
"ENST00000444939","lncRNA"
"ENST00000444963","lncRNA"
"ENST00000444977","lncRNA"
"ENST00000444985","lncRNA"
"ENST00000445023","protein_coding"
"ENST00000445027","lncRNA"
"ENST00000445040","processed_pseudogene"
"ENST00000445091","protein_coding"
"ENST00000445097","lncRNA"
"ENST00000445099","processed_pseudogene"
"ENST00000445100","unprocessed_pseudogene"
"ENST00000445106","processed_pseudogene"
"ENST00000445109","processed_pseudogene"
"ENST00000445127","processed_pseudogene"
"ENST00000445164","protein_coding"
"ENST00000445168","lncRNA"
"ENST00000445179","processed_pseudogene"
"ENST00000445187","nonsense_mediated_decay"
"ENST00000445205","protein_coding"
"ENST00000445213","processed_pseudogene"
"ENST00000445217","protein_coding"
"ENST00000445258","unprocessed_pseudogene"
"ENST00000445270","nonsense_mediated_decay"
"ENST00000445283","processed_pseudogene"
"ENST00000445286","transcribed_unprocessed_pseudogene"
"ENST00000445294","protein_coding"
"ENST00000445332","lncRNA"
"ENST00000445341","processed_pseudogene"
"ENST00000445349","protein_coding_CDS_not_defined"
"ENST00000445368","processed_pseudogene"
"ENST00000445374","processed_pseudogene"
"ENST00000445385","protein_coding"
"ENST00000445390","processed_pseudogene"
"ENST00000445458","lncRNA"
"ENST00000445464","lncRNA"
"ENST00000445465","processed_pseudogene"
"ENST00000445466","lncRNA"
"ENST00000445475","processed_pseudogene"
"ENST00000445489","protein_coding"
"ENST00000445497","processed_pseudogene"
"ENST00000445530","unprocessed_pseudogene"
"ENST00000445537","protein_coding"
"ENST00000445553","unprocessed_pseudogene"
"ENST00000445557","protein_coding_LoF"
"ENST00000445593","protein_coding"
"ENST00000445594","processed_pseudogene"
"ENST00000445595","protein_coding"
"ENST00000445615","lncRNA"
"ENST00000445631","lncRNA"
"ENST00000445647","lncRNA"
"ENST00000445663","unprocessed_pseudogene"
"ENST00000445673","lncRNA"
"ENST00000445678","transcribed_processed_pseudogene"
"ENST00000445694","protein_coding"
"ENST00000445710","unprocessed_pseudogene"
"ENST00000445718","unprocessed_pseudogene"
"ENST00000445734","processed_pseudogene"
"ENST00000445745","lncRNA"
"ENST00000445758","transcribed_unprocessed_pseudogene"
"ENST00000445814","lncRNA"
"ENST00000445851","protein_coding_CDS_not_defined"
"ENST00000445861","lncRNA"
"ENST00000445873","lncRNA"
"ENST00000445878","lncRNA"
"ENST00000445879","processed_pseudogene"
"ENST00000445883","lncRNA"
"ENST00000445891","processed_pseudogene"
"ENST00000445895","protein_coding"
"ENST00000445923","processed_pseudogene"
"ENST00000445932","lncRNA"
"ENST00000446003","protein_coding"
"ENST00000446037","processed_pseudogene"
"ENST00000446052","transcribed_unitary_pseudogene"
"ENST00000446054","processed_pseudogene"
"ENST00000446059","processed_pseudogene"
"ENST00000446060","processed_pseudogene"
"ENST00000446065","unprocessed_pseudogene"
"ENST00000446081","lncRNA"
"ENST00000446145","lncRNA"
"ENST00000446148","protein_coding"
"ENST00000446151","protein_coding"
"ENST00000446155","unprocessed_pseudogene"
"ENST00000446169","lncRNA"
"ENST00000446180","protein_coding"
"ENST00000446182","protein_coding"
"ENST00000446195","processed_pseudogene"
"ENST00000446206","lncRNA"
"ENST00000446224","protein_coding"
"ENST00000446233","processed_pseudogene"
"ENST00000446251","processed_pseudogene"
"ENST00000446298","processed_pseudogene"
"ENST00000446318","processed_pseudogene"
"ENST00000446320","processed_pseudogene"
"ENST00000446352","unprocessed_pseudogene"
"ENST00000446357","lncRNA"
"ENST00000446364","lncRNA"
"ENST00000446367","processed_pseudogene"
"ENST00000446391","lncRNA"
"ENST00000446393","protein_coding_LoF"
"ENST00000446395","processed_pseudogene"
"ENST00000446398","protein_coding_CDS_not_defined"
"ENST00000446399","lncRNA"
"ENST00000446400","processed_pseudogene"
"ENST00000446404","lncRNA"
"ENST00000446470","unprocessed_pseudogene"
"ENST00000446472","processed_pseudogene"
"ENST00000446481","nonsense_mediated_decay"
"ENST00000446495","lncRNA"
"ENST00000446500","protein_coding_CDS_not_defined"
"ENST00000446518","unprocessed_pseudogene"
"ENST00000446524","protein_coding"
"ENST00000446525","lncRNA"
"ENST00000446539","processed_pseudogene"
"ENST00000446579","lncRNA"
"ENST00000446592","lncRNA"
"ENST00000446657","processed_pseudogene"
"ENST00000446672","unprocessed_pseudogene"
"ENST00000446691",NA
"ENST00000446711","processed_pseudogene"
"ENST00000446712","retained_intron"
"ENST00000446720","lncRNA"
"ENST00000446748","processed_pseudogene"
"ENST00000446757","transcribed_unprocessed_pseudogene"
"ENST00000446772","unprocessed_pseudogene"
"ENST00000446793","processed_pseudogene"
"ENST00000446806","transcribed_processed_pseudogene"
"ENST00000446870","processed_pseudogene"
"ENST00000446897","processed_pseudogene"
"ENST00000446933","processed_pseudogene"
"ENST00000446937","protein_coding"
"ENST00000446949","processed_pseudogene"
"ENST00000446952","lncRNA"
"ENST00000446970","processed_pseudogene"
"ENST00000446972","processed_pseudogene"
"ENST00000447010","processed_pseudogene"
"ENST00000447050","transcribed_unprocessed_pseudogene"
"ENST00000447056","lncRNA"
"ENST00000447057","lncRNA"
"ENST00000447087","unprocessed_pseudogene"
"ENST00000447137","protein_coding"
"ENST00000447148","lncRNA"
"ENST00000447151","processed_pseudogene"
"ENST00000447158","lncRNA"
"ENST00000447194","lncRNA"
"ENST00000447226","transcribed_unprocessed_pseudogene"
"ENST00000447241","protein_coding"
"ENST00000447254","processed_pseudogene"
"ENST00000447260","lncRNA"
"ENST00000447282","protein_coding"
"ENST00000447284","processed_pseudogene"
"ENST00000447288","processed_pseudogene"
"ENST00000447297","lncRNA"
"ENST00000447299","nonsense_mediated_decay"
"ENST00000447309","unprocessed_pseudogene"
"ENST00000447313","protein_coding"
"ENST00000447323","protein_coding_CDS_not_defined"
"ENST00000447383","processed_pseudogene"
"ENST00000447419","protein_coding"
"ENST00000447423","lncRNA"
"ENST00000447458","processed_pseudogene"
"ENST00000447491","processed_pseudogene"
"ENST00000447519","lncRNA"
"ENST00000447547","unprocessed_pseudogene"
"ENST00000447582","unprocessed_pseudogene"
"ENST00000447592","processed_pseudogene"
"ENST00000447624","protein_coding"
"ENST00000447672","processed_pseudogene"
"ENST00000447693","processed_pseudogene"
"ENST00000447700","processed_pseudogene"
"ENST00000447701","nonsense_mediated_decay"
"ENST00000447710","unprocessed_pseudogene"
"ENST00000447758","lncRNA"
"ENST00000447761","lncRNA"
"ENST00000447766","processed_pseudogene"
"ENST00000447773","protein_coding_CDS_not_defined"
"ENST00000447776","lncRNA"
"ENST00000447827","transcribed_processed_pseudogene"
"ENST00000447848","lncRNA"
"ENST00000447870","protein_coding"
"ENST00000447894","protein_coding"
"ENST00000447905","transcribed_unprocessed_pseudogene"
"ENST00000447916","lncRNA"
"ENST00000447919","protein_coding_CDS_not_defined"
"ENST00000447943","lncRNA"
"ENST00000447965","processed_pseudogene"
"ENST00000448017","lncRNA"
"ENST00000448018","processed_pseudogene"
"ENST00000448025","protein_coding"
"ENST00000448031","processed_pseudogene"
"ENST00000448044","protein_coding"
"ENST00000448086","lncRNA"
"ENST00000448103","protein_coding_LoF"
"ENST00000448112","unprocessed_pseudogene"
"ENST00000448132","processed_pseudogene"
"ENST00000448141","protein_coding"
"ENST00000448191","processed_pseudogene"
"ENST00000448198","lncRNA"
"ENST00000448218","processed_pseudogene"
"ENST00000448242","lncRNA"
"ENST00000448260","lncRNA"
"ENST00000448289","processed_pseudogene"
"ENST00000448310","protein_coding"
"ENST00000448325","transcribed_processed_pseudogene"
"ENST00000448331","nonsense_mediated_decay"
"ENST00000448375","unprocessed_pseudogene"
"ENST00000448379","lncRNA"
"ENST00000448407","lncRNA"
"ENST00000448411","lncRNA"
"ENST00000448435","processed_pseudogene"
"ENST00000448444","processed_pseudogene"
"ENST00000448468","processed_pseudogene"
"ENST00000448490","lncRNA"
"ENST00000448540","processed_pseudogene"
"ENST00000448541","lncRNA"
"ENST00000448560","processed_pseudogene"
"ENST00000448562","processed_pseudogene"
"ENST00000448591","processed_pseudogene"
"ENST00000448597","lncRNA"
"ENST00000448599","protein_coding"
"ENST00000448601","unprocessed_pseudogene"
"ENST00000448604","protein_coding"
"ENST00000448609","processed_pseudogene"
"ENST00000448626","processed_pseudogene"
"ENST00000448627","processed_pseudogene"
"ENST00000448639","unprocessed_pseudogene"
"ENST00000448643","lncRNA"
"ENST00000448683","unprocessed_pseudogene"
"ENST00000448700","processed_pseudogene"
"ENST00000448737","processed_pseudogene"
"ENST00000448745","protein_coding"
"ENST00000448756","processed_pseudogene"
"ENST00000448767","lncRNA"
"ENST00000448806","lncRNA"
"ENST00000448832","processed_pseudogene"
"ENST00000448835","lncRNA"
"ENST00000448842","processed_pseudogene"
"ENST00000448848","unprocessed_pseudogene"
"ENST00000448860","transcribed_unitary_pseudogene"
"ENST00000448875","processed_pseudogene"
"ENST00000448898","lncRNA"
"ENST00000448963","lncRNA"
"ENST00000448971","protein_coding"
"ENST00000448974","processed_pseudogene"
"ENST00000449011","processed_pseudogene"
"ENST00000449028","processed_pseudogene"
"ENST00000449029","processed_pseudogene"
"ENST00000449051","unprocessed_pseudogene"
"ENST00000449062","protein_coding"
"ENST00000449072","lncRNA"
"ENST00000449082","protein_coding"
"ENST00000449097","protein_coding"
"ENST00000449099","processed_pseudogene"
"ENST00000449142","protein_coding_CDS_not_defined"
"ENST00000449143","lncRNA"
"ENST00000449146","processed_pseudogene"
"ENST00000449155","processed_pseudogene"
"ENST00000449158","lncRNA"
"ENST00000449183","processed_pseudogene"
"ENST00000449206","processed_pseudogene"
"ENST00000449217","processed_pseudogene"
"ENST00000449232","processed_pseudogene"
"ENST00000449233","processed_pseudogene"
"ENST00000449242","lncRNA"
"ENST00000449243","transcribed_processed_pseudogene"
"ENST00000449268","processed_pseudogene"
"ENST00000449272","lncRNA"
"ENST00000449315","processed_pseudogene"
"ENST00000449338","processed_pseudogene"
"ENST00000449361","lncRNA"
"ENST00000449384","processed_pseudogene"
"ENST00000449385","processed_pseudogene"
"ENST00000449405","lncRNA"
"ENST00000449413","transcribed_unprocessed_pseudogene"
"ENST00000449420","protein_coding"
"ENST00000449463","lncRNA"
"ENST00000449465","protein_coding"
"ENST00000449475","protein_coding"
"ENST00000449491","protein_coding"
"ENST00000449503","protein_coding"
"ENST00000449509","unprocessed_pseudogene"
"ENST00000449525","lncRNA"
"ENST00000449531","lncRNA"
"ENST00000449536","processed_pseudogene"
"ENST00000449567","protein_coding_CDS_not_defined"
"ENST00000449607","processed_pseudogene"
"ENST00000449644","lncRNA"
"ENST00000449645","protein_coding_CDS_not_defined"
"ENST00000449657","unprocessed_pseudogene"
"ENST00000449661","processed_pseudogene"
"ENST00000449667","lncRNA"
"ENST00000449669","transcribed_processed_pseudogene"
"ENST00000449672","lncRNA"
"ENST00000449676","nonsense_mediated_decay"
"ENST00000449694","lncRNA"
"ENST00000449706","protein_coding"
"ENST00000449712","lncRNA"
"ENST00000449715","unprocessed_pseudogene"
"ENST00000449745","processed_pseudogene"
"ENST00000449746","lncRNA"
"ENST00000449761","lncRNA"
"ENST00000449782","lncRNA"
"ENST00000449802","protein_coding"
"ENST00000449810","protein_coding"
"ENST00000449812",NA
"ENST00000449817","unprocessed_pseudogene"
"ENST00000449836","protein_coding"
"ENST00000449840","lncRNA"
"ENST00000449846","protein_coding"
"ENST00000449848","unprocessed_pseudogene"
"ENST00000449879","protein_coding"
"ENST00000449923","lncRNA"
"ENST00000449941","lncRNA"
"ENST00000449959","retained_intron"
"ENST00000449971","nonsense_mediated_decay"
"ENST00000449999","processed_pseudogene"
"ENST00000450065","processed_pseudogene"
"ENST00000450118","protein_coding"
"ENST00000450119","processed_pseudogene"
"ENST00000450131","processed_pseudogene"
"ENST00000450192","processed_pseudogene"
"ENST00000450205","lncRNA"
"ENST00000450213","lncRNA"
"ENST00000450234","protein_coding"
"ENST00000450264","lncRNA"
"ENST00000450265","unitary_pseudogene"
"ENST00000450290","lncRNA"
"ENST00000450292","lncRNA"
"ENST00000450293","protein_coding_CDS_not_defined"
"ENST00000450357","protein_coding"
"ENST00000450430","unprocessed_pseudogene"
"ENST00000450480","lncRNA"
"ENST00000450521","protein_coding"
"ENST00000450522","processed_pseudogene"
"ENST00000450527","lncRNA"
"ENST00000450547","protein_coding"
"ENST00000450586","lncRNA"
"ENST00000450596","unprocessed_pseudogene"
"ENST00000450600","processed_pseudogene"
"ENST00000450604","processed_pseudogene"
"ENST00000450640","lncRNA"
"ENST00000450662","protein_coding"
"ENST00000450665","processed_pseudogene"
"ENST00000450667","lncRNA"
"ENST00000450669","lncRNA"
"ENST00000450677","lncRNA"
"ENST00000450680","processed_pseudogene"
"ENST00000450683","protein_coding"
"ENST00000450693","protein_coding"
"ENST00000450714","nonsense_mediated_decay"
"ENST00000450715","lncRNA"
"ENST00000450742","lncRNA"
"ENST00000450746","lncRNA"
"ENST00000450749","processed_pseudogene"
"ENST00000450755","processed_pseudogene"
"ENST00000450763","protein_coding"
"ENST00000450769","processed_pseudogene"
"ENST00000450792","protein_coding"
"ENST00000450813","unprocessed_pseudogene"
"ENST00000450826","lncRNA"
"ENST00000450830","lncRNA"
"ENST00000450880","unprocessed_pseudogene"
"ENST00000450891","lncRNA"
"ENST00000450893","lncRNA"
"ENST00000450951","processed_pseudogene"
"ENST00000450955","protein_coding"
"ENST00000451006","processed_pseudogene"
"ENST00000451011","transcribed_processed_pseudogene"
"ENST00000451015","unprocessed_pseudogene"
"ENST00000451021","protein_coding_CDS_not_defined"
"ENST00000451023",NA
"ENST00000451026","processed_pseudogene"
"ENST00000451034","lncRNA"
"ENST00000451044","IG_D_gene"
"ENST00000451067","transcribed_unprocessed_pseudogene"
"ENST00000451072","processed_pseudogene"
"ENST00000451095","lncRNA"
"ENST00000451097","protein_coding_CDS_not_defined"
"ENST00000451150","unprocessed_pseudogene"
"ENST00000451170","processed_pseudogene"
"ENST00000451207","protein_coding"
"ENST00000451219","processed_pseudogene"
"ENST00000451224","processed_pseudogene"
"ENST00000451226","unprocessed_pseudogene"
"ENST00000451284","lncRNA"
"ENST00000451285","lncRNA"
"ENST00000451300","unprocessed_pseudogene"
"ENST00000451303","protein_coding"
"ENST00000451325","transcribed_processed_pseudogene"
"ENST00000451348","lncRNA"
"ENST00000451403","unprocessed_pseudogene"
"ENST00000451410","lncRNA"
"ENST00000451485","lncRNA"
"ENST00000451489","protein_coding"
"ENST00000451514","lncRNA"
"ENST00000451540","processed_pseudogene"
"ENST00000451550","processed_pseudogene"
"ENST00000451558","protein_coding"
"ENST00000451564","lncRNA"
"ENST00000451571","processed_pseudogene"
"ENST00000451602","processed_pseudogene"
"ENST00000451621","processed_pseudogene"
"ENST00000451653","protein_coding"
"ENST00000451656","lncRNA"
"ENST00000451697","lncRNA"
"ENST00000451711","lncRNA"
"ENST00000451721","processed_pseudogene"
"ENST00000451730","lncRNA"
"ENST00000451757","protein_coding"
"ENST00000451768","unprocessed_pseudogene"
"ENST00000451771","protein_coding"
"ENST00000451797","processed_pseudogene"
"ENST00000451824","processed_pseudogene"
"ENST00000451834","protein_coding"
"ENST00000451859","protein_coding"
"ENST00000451903","protein_coding"
"ENST00000451920","processed_pseudogene"
"ENST00000451925","protein_coding"
"ENST00000451988","processed_pseudogene"
"ENST00000452009","lncRNA"
"ENST00000452014","processed_pseudogene"
"ENST00000452067","processed_pseudogene"
"ENST00000452117","processed_pseudogene"
"ENST00000452168","protein_coding"
"ENST00000452229","lncRNA"
"ENST00000452234","transcribed_unitary_pseudogene"
"ENST00000452281","nonsense_mediated_decay"
"ENST00000452283","lncRNA"
"ENST00000452286","lncRNA"
"ENST00000452288","lncRNA"
"ENST00000452319","protein_coding"
"ENST00000452377","lncRNA"
"ENST00000452384","processed_pseudogene"
"ENST00000452388","unprocessed_pseudogene"
"ENST00000452408","processed_pseudogene"
"ENST00000452425","protein_coding"
"ENST00000452430","processed_pseudogene"
"ENST00000452438","protein_coding"
"ENST00000452476","protein_coding"
"ENST00000452482","lncRNA"
"ENST00000452483","processed_pseudogene"
"ENST00000452494","lncRNA"
"ENST00000452499","protein_coding"
"ENST00000452500","lncRNA"
"ENST00000452511","lncRNA"
"ENST00000452517","unitary_pseudogene"
"ENST00000452525","lncRNA"
"ENST00000452528","lncRNA"
"ENST00000452554","transcribed_unprocessed_pseudogene"
"ENST00000452636","processed_pseudogene"
"ENST00000452639","lncRNA"
"ENST00000452663","processed_pseudogene"
"ENST00000452667","transcribed_unprocessed_pseudogene"
"ENST00000452683","unitary_pseudogene"
"ENST00000452776","nonsense_mediated_decay"
"ENST00000452851","transcribed_processed_pseudogene"
"ENST00000452863","protein_coding"
"ENST00000452881","protein_coding"
"ENST00000452888","lncRNA"
"ENST00000452896","processed_pseudogene"
"ENST00000452901","lncRNA"
"ENST00000452941","processed_pseudogene"
"ENST00000452970","processed_pseudogene"
"ENST00000452973","protein_coding"
"ENST00000452995","processed_pseudogene"
"ENST00000452998","transcribed_processed_pseudogene"
"ENST00000453012","transcribed_unprocessed_pseudogene"
"ENST00000453087","lncRNA"
"ENST00000453130","nonsense_mediated_decay"
"ENST00000453143","nonsense_mediated_decay"
"ENST00000453146","protein_coding"
"ENST00000453155","lncRNA"
"ENST00000453169","processed_pseudogene"
"ENST00000453179","lncRNA"
"ENST00000453182","protein_coding"
"ENST00000453184","IG_V_pseudogene"
"ENST00000453223","protein_coding"
"ENST00000453250","processed_pseudogene"
"ENST00000453252","processed_pseudogene"
"ENST00000453253","transcribed_processed_pseudogene"
"ENST00000453315","unprocessed_pseudogene"
"ENST00000453331","lncRNA"
"ENST00000453358","protein_coding"
"ENST00000453364","processed_pseudogene"
"ENST00000453417","lncRNA"
"ENST00000453421","TEC"
"ENST00000453434","processed_pseudogene"
"ENST00000453438","processed_pseudogene"
"ENST00000453455","lncRNA"
"ENST00000453457","lncRNA"
"ENST00000453476","lncRNA"
"ENST00000453479","protein_coding"
"ENST00000453533","transcribed_processed_pseudogene"
"ENST00000453555","protein_coding"
"ENST00000453566","processed_pseudogene"
"ENST00000453567","transcribed_processed_pseudogene"
"ENST00000453569","lncRNA"
"ENST00000453576","lncRNA"
"ENST00000453606","lncRNA"
"ENST00000453607","protein_coding"
"ENST00000453639","lncRNA"
"ENST00000453647","unprocessed_pseudogene"
"ENST00000453648","lncRNA"
"ENST00000453682","processed_pseudogene"
"ENST00000453691","unprocessed_pseudogene"
"ENST00000453699","processed_pseudogene"
"ENST00000453704","processed_pseudogene"
"ENST00000453706","lncRNA"
"ENST00000453754","lncRNA"
"ENST00000453770","unprocessed_pseudogene"
"ENST00000453798","lncRNA"
"ENST00000453802","lncRNA"
"ENST00000453847","processed_pseudogene"
"ENST00000453883","transcribed_processed_pseudogene"
"ENST00000453886","unprocessed_pseudogene"
"ENST00000453915","lncRNA"
"ENST00000453921","lncRNA"
"ENST00000453922","protein_coding"
"ENST00000453962","protein_coding"
"ENST00000453977","processed_pseudogene"
"ENST00000453982","transcribed_unprocessed_pseudogene"
"ENST00000453999","processed_pseudogene"
"ENST00000454004","processed_pseudogene"
"ENST00000454056","lncRNA"
"ENST00000454064","processed_pseudogene"
"ENST00000454083","protein_coding"
"ENST00000454103","processed_pseudogene"
"ENST00000454105","processed_pseudogene"
"ENST00000454121","transcribed_processed_pseudogene"
"ENST00000454131","lncRNA"
"ENST00000454157","processed_pseudogene"
"ENST00000454188","protein_coding"
"ENST00000454190","protein_coding"
"ENST00000454213","processed_pseudogene"
"ENST00000454246","processed_pseudogene"
"ENST00000454251","lncRNA"
"ENST00000454272","protein_coding"
"ENST00000454278","protein_coding"
"ENST00000454299","transcribed_processed_pseudogene"
"ENST00000454360","unprocessed_pseudogene"
"ENST00000454384","unprocessed_pseudogene"
"ENST00000454396","lncRNA"
"ENST00000454410","lncRNA"
"ENST00000454419","processed_pseudogene"
"ENST00000454440","transcribed_unitary_pseudogene"
"ENST00000454464","processed_pseudogene"
"ENST00000454466","lncRNA"
"ENST00000454477","lncRNA"
"ENST00000454484","lncRNA"
"ENST00000454492","lncRNA"
"ENST00000454555","lncRNA"
"ENST00000454567","processed_pseudogene"
"ENST00000454576","processed_pseudogene"
"ENST00000454614","transcribed_unprocessed_pseudogene"
"ENST00000454676","lncRNA"
"ENST00000454812","lncRNA"
"ENST00000454843","unprocessed_pseudogene"
"ENST00000454863","lncRNA"
"ENST00000454878","transcribed_unprocessed_pseudogene"
"ENST00000454886","unprocessed_pseudogene"
"ENST00000454921","unprocessed_pseudogene"
"ENST00000454923","protein_coding"
"ENST00000454926","processed_pseudogene"
"ENST00000454927","retained_intron"
"ENST00000454965","lncRNA"
"ENST00000454967","protein_coding"
"ENST00000454971","protein_coding"
"ENST00000454972","processed_pseudogene"
"ENST00000454982","processed_pseudogene"
"ENST00000454989","processed_pseudogene"
"ENST00000454991","lncRNA"
"ENST00000455010","lncRNA"
"ENST00000455013","processed_pseudogene"
"ENST00000455014","unprocessed_pseudogene"
"ENST00000455035","processed_pseudogene"
"ENST00000455051","lncRNA"
"ENST00000455081","lncRNA"
"ENST00000455092","lncRNA"
"ENST00000455104","processed_pseudogene"
"ENST00000455116","lncRNA"
"ENST00000455141","processed_pseudogene"
"ENST00000455174","lncRNA"
"ENST00000455189","processed_pseudogene"
"ENST00000455190","protein_coding"
"ENST00000455196","unitary_pseudogene"
"ENST00000455199","lncRNA"
"ENST00000455232","lncRNA"
"ENST00000455300","processed_pseudogene"
"ENST00000455304","lncRNA"
"ENST00000455326","processed_pseudogene"
"ENST00000455337","unprocessed_pseudogene"
"ENST00000455345","protein_coding"
"ENST00000455354","lncRNA"
"ENST00000455355","transcribed_unprocessed_pseudogene"
"ENST00000455357","lncRNA"
"ENST00000455360","transcribed_processed_pseudogene"
"ENST00000455373","lncRNA"
"ENST00000455386","protein_coding"
"ENST00000455391","lncRNA"
"ENST00000455449","processed_pseudogene"
"ENST00000455455","lncRNA"
"ENST00000455476","protein_coding"
"ENST00000455478","nonsense_mediated_decay"
"ENST00000455484","processed_pseudogene"
"ENST00000455491","processed_pseudogene"
"ENST00000455500","protein_coding"
"ENST00000455518","unprocessed_pseudogene"
"ENST00000455561","processed_pseudogene"
"ENST00000455595","processed_pseudogene"
"ENST00000455601","protein_coding"
"ENST00000455612","lncRNA"
"ENST00000455614","lncRNA"
"ENST00000455624","protein_coding"
"ENST00000455643","unprocessed_pseudogene"
"ENST00000455649","unprocessed_pseudogene"
"ENST00000455653","processed_pseudogene"
"ENST00000455663","protein_coding"
"ENST00000455671","lncRNA"
"ENST00000455684","transcribed_processed_pseudogene"
"ENST00000455703","lncRNA"
"ENST00000455706","nonsense_mediated_decay"
"ENST00000455711","lncRNA"
"ENST00000455734","protein_coding"
"ENST00000455737","IG_V_gene"
"ENST00000455799","protein_coding"
"ENST00000455801","processed_pseudogene"
"ENST00000455813","protein_coding"
"ENST00000455816","protein_coding"
"ENST00000455845","lncRNA"
"ENST00000455848","lncRNA"
"ENST00000455851","processed_pseudogene"
"ENST00000455900","protein_coding"
"ENST00000455912","unprocessed_pseudogene"
"ENST00000455947","lncRNA"
"ENST00000455991","lncRNA"
"ENST00000456007","processed_pseudogene"
"ENST00000456031","lncRNA"
"ENST00000456036","lncRNA"
"ENST00000456047","protein_coding"
"ENST00000456062","lncRNA"
"ENST00000456082","lncRNA"
"ENST00000456086","processed_pseudogene"
"ENST00000456088","protein_coding"
"ENST00000456091","lncRNA"
"ENST00000456143","processed_pseudogene"
"ENST00000456203","transcribed_processed_pseudogene"
"ENST00000456220","transcribed_unprocessed_pseudogene"
"ENST00000456243","processed_pseudogene"
"ENST00000456255","lncRNA"
"ENST00000456270","lncRNA"
"ENST00000456298","protein_coding"
"ENST00000456305","transcribed_processed_pseudogene"
"ENST00000456347","lncRNA"
"ENST00000456364","processed_pseudogene"
"ENST00000456378","protein_coding"
"ENST00000456389","lncRNA"
"ENST00000456396","processed_pseudogene"
"ENST00000456448","protein_coding"
"ENST00000456459","lncRNA"
"ENST00000456477","lncRNA"
"ENST00000456479","processed_pseudogene"
"ENST00000456493","unprocessed_pseudogene"
"ENST00000456494","processed_pseudogene"
"ENST00000456501","processed_pseudogene"
"ENST00000456507","processed_pseudogene"
"ENST00000456513","lncRNA"
"ENST00000456514","lncRNA"
"ENST00000456526","lncRNA"
"ENST00000456545","protein_coding"
"ENST00000456549","processed_pseudogene"
"ENST00000456572","TR_V_pseudogene"
"ENST00000456663","processed_pseudogene"
"ENST00000456664","processed_pseudogene"
"ENST00000456696","protein_coding"
"ENST00000456717","processed_pseudogene"
"ENST00000456719","processed_pseudogene"
"ENST00000456726","lncRNA"
"ENST00000456728","lncRNA"
"ENST00000456729","protein_coding"
"ENST00000456737","lncRNA"
"ENST00000456755","lncRNA"
"ENST00000456766","unprocessed_pseudogene"
"ENST00000456803","lncRNA"
"ENST00000456825","processed_pseudogene"
"ENST00000456871","processed_pseudogene"
"ENST00000456894","protein_coding"
"ENST00000456901","processed_pseudogene"
"ENST00000456952","lncRNA"
"ENST00000456978","unitary_pseudogene"
"ENST00000457058","lncRNA"
"ENST00000457079","lncRNA"
"ENST00000457120","lncRNA"
"ENST00000457129","processed_pseudogene"
"ENST00000457130","processed_pseudogene"
"ENST00000457142","processed_pseudogene"
"ENST00000457168","lncRNA"
"ENST00000457170","protein_coding"
"ENST00000457171","lncRNA"
"ENST00000457178","lncRNA"
"ENST00000457202","protein_coding"
"ENST00000457205","protein_coding"
"ENST00000457208","nonsense_mediated_decay"
"ENST00000457211","processed_pseudogene"
"ENST00000457217","lncRNA"
"ENST00000457224","lncRNA"
"ENST00000457230","processed_pseudogene"
"ENST00000457235","protein_coding"
"ENST00000457245","protein_coding"
"ENST00000457256","processed_pseudogene"
"ENST00000457292","unprocessed_pseudogene"
"ENST00000457298","unprocessed_pseudogene"
"ENST00000457315","lncRNA"
"ENST00000457340","lncRNA"
"ENST00000457345","protein_coding"
"ENST00000457396","processed_pseudogene"
"ENST00000457409","processed_pseudogene"
"ENST00000457431","protein_coding_CDS_not_defined"
"ENST00000457440","lncRNA"
"ENST00000457466","processed_pseudogene"
"ENST00000457501","processed_pseudogene"
"ENST00000457518","lncRNA"
"ENST00000457529","protein_coding"
"ENST00000457537","processed_pseudogene"
"ENST00000457546","processed_pseudogene"
"ENST00000457557","processed_pseudogene"
"ENST00000457564","protein_coding"
"ENST00000457579","processed_pseudogene"
"ENST00000457582","transcribed_unprocessed_pseudogene"
"ENST00000457592","lncRNA"
"ENST00000457598","protein_coding"
"ENST00000457625","lncRNA"
"ENST00000457632","lncRNA"
"ENST00000457647","lncRNA"
"ENST00000457656","unprocessed_pseudogene"
"ENST00000457667","processed_pseudogene"
"ENST00000457669","lncRNA"
"ENST00000457672","lncRNA"
"ENST00000457692","protein_coding"
"ENST00000457709","unprocessed_pseudogene"
"ENST00000457712","processed_pseudogene"
"ENST00000457746","lncRNA"
"ENST00000457751","processed_pseudogene"
"ENST00000457790","unprocessed_pseudogene"
"ENST00000457793","nonsense_mediated_decay"
"ENST00000457799","protein_coding_CDS_not_defined"
"ENST00000457813","lncRNA"
"ENST00000457816","lncRNA"
"ENST00000457833","lncRNA"
"ENST00000457848","lncRNA"
"ENST00000457867","processed_pseudogene"
"ENST00000457882","processed_pseudogene"
"ENST00000457883","processed_pseudogene"
"ENST00000457930","processed_pseudogene"
"ENST00000457945","lncRNA"
"ENST00000457964","lncRNA"
"ENST00000457984","processed_pseudogene"
"ENST00000457992","protein_coding"
"ENST00000457997","transcribed_unprocessed_pseudogene"
"ENST00000458005","nonsense_mediated_decay"
"ENST00000458020","transcribed_unitary_pseudogene"
"ENST00000458028","lncRNA"
"ENST00000458050","protein_coding"
"ENST00000458074","processed_pseudogene"
"ENST00000458082","lncRNA"
"ENST00000458090","processed_pseudogene"
"ENST00000458103","lncRNA"
"ENST00000458156","processed_pseudogene"
"ENST00000458174","protein_coding"
"ENST00000458182","lncRNA"
"ENST00000458194","lncRNA"
"ENST00000458222","protein_coding"
"ENST00000458234","protein_coding"
"ENST00000458247","processed_pseudogene"
"ENST00000458254","lncRNA"
"ENST00000458298","processed_pseudogene"
"ENST00000458303","processed_pseudogene"
"ENST00000458318","lncRNA"
"ENST00000458325","lncRNA"
"ENST00000458329","processed_pseudogene"
"ENST00000458353","processed_pseudogene"
"ENST00000458366","processed_pseudogene"
"ENST00000458378","transcribed_processed_pseudogene"
"ENST00000458400","unprocessed_pseudogene"
"ENST00000458451","processed_pseudogene"
"ENST00000458480","lncRNA"
"ENST00000458482","transcribed_processed_pseudogene"
"ENST00000458488","protein_coding"
"ENST00000458536","protein_coding"
"ENST00000458641","protein_coding_CDS_not_defined"
"ENST00000458662","lncRNA"
"ENST00000458663","protein_coding"
"ENST00000458676","unprocessed_pseudogene"
"ENST00000458688","protein_coding"
"ENST00000458703","unprocessed_pseudogene"
"ENST00000458709","unprocessed_pseudogene"
"ENST00000458734","unprocessed_pseudogene"
"ENST00000458743","snRNA"
"ENST00000458744","snRNA"
"ENST00000458752","snRNA"
"ENST00000458760","snRNA"
"ENST00000458780","snRNA"
"ENST00000458793","snRNA"
"ENST00000458802","snoRNA"
"ENST00000458841","snRNA"
"ENST00000458842","snoRNA"
"ENST00000458867","snRNA"
"ENST00000458891","snoRNA"
"ENST00000458892","snoRNA"
"ENST00000458893","snoRNA"
"ENST00000458916","snoRNA"
"ENST00000458927","snoRNA"
"ENST00000458943","snRNA"
"ENST00000458945","snoRNA"
"ENST00000458980","snRNA"
"ENST00000458998","snoRNA"
"ENST00000459003","snRNA"
"ENST00000459006","misc_RNA"
"ENST00000459007","miRNA"
"ENST00000459033","snRNA"
"ENST00000459070","snoRNA"
"ENST00000459076","snRNA"
"ENST00000459077","misc_RNA"
"ENST00000459101","snRNA"
"ENST00000459134","snRNA"
"ENST00000459153","rRNA_pseudogene"
"ENST00000459154","snRNA"
"ENST00000459179","snRNA"
"ENST00000459188","snRNA"
"ENST00000459189","misc_RNA"
"ENST00000459216","snRNA"
"ENST00000459219","snoRNA"
"ENST00000459221","snRNA"
"ENST00000459222","snRNA"
"ENST00000459254","misc_RNA"
"ENST00000459274","snRNA"
"ENST00000459279","snRNA"
"ENST00000459284","snRNA"
"ENST00000459295","miRNA"
"ENST00000459299","snoRNA"
"ENST00000459301","snoRNA"
"ENST00000459303","snRNA"
"ENST00000459318","snRNA"
"ENST00000459326","snoRNA"
"ENST00000459350","snoRNA"
"ENST00000459370","snoRNA"
"ENST00000459386","snoRNA"
"ENST00000459407","snoRNA"
"ENST00000459428","snoRNA"
"ENST00000459430","snRNA"
"ENST00000459441","snoRNA"
"ENST00000459452","snoRNA"
"ENST00000459460","snRNA"
"ENST00000459467","snRNA"
"ENST00000459469","snRNA"
"ENST00000459475","snoRNA"
"ENST00000459480","rRNA_pseudogene"
"ENST00000459520","snRNA"
"ENST00000459540","snRNA"
"ENST00000459546","snRNA"
"ENST00000459588","snRNA"
"ENST00000459604","snoRNA"
"ENST00000459607","misc_RNA"
"ENST00000459618","snRNA"
"ENST00000459634","processed_pseudogene"
"ENST00000459662","lncRNA"
"ENST00000459691","lncRNA"
"ENST00000459715","protein_coding_CDS_not_defined"
"ENST00000459781","retained_intron"
"ENST00000459818","nonsense_mediated_decay"
"ENST00000459825","protein_coding_CDS_not_defined"
"ENST00000459878","protein_coding_CDS_not_defined"
"ENST00000459904","retained_intron"
"ENST00000459963","nonsense_mediated_decay"
"ENST00000460056","protein_coding"
"ENST00000460077","lncRNA"
"ENST00000460082","processed_pseudogene"
"ENST00000460195","protein_coding_CDS_not_defined"
"ENST00000460219","protein_coding"
"ENST00000460227","protein_coding_CDS_not_defined"
"ENST00000460281","processed_pseudogene"
"ENST00000460306","nonsense_mediated_decay"
"ENST00000460324","lncRNA"
"ENST00000460344","misc_RNA"
"ENST00000460346","protein_coding_CDS_not_defined"
"ENST00000460352","protein_coding_CDS_not_defined"
"ENST00000460413","protein_coding_CDS_not_defined"
"ENST00000460424","retained_intron"
"ENST00000460433","protein_coding_CDS_not_defined"
"ENST00000460447","protein_coding_CDS_not_defined"
"ENST00000460471","lncRNA"
"ENST00000460498","processed_pseudogene"
"ENST00000460509","retained_intron"
"ENST00000460521","retained_intron"
"ENST00000460589","retained_intron"
"ENST00000460609","misc_RNA"
"ENST00000460613","protein_coding_CDS_not_defined"
"ENST00000460623","non_stop_decay"
"ENST00000460663","retained_intron"
"ENST00000460668","nonsense_mediated_decay"
"ENST00000460684","lncRNA"
"ENST00000460697","misc_RNA"
"ENST00000460714","protein_coding_CDS_not_defined"
"ENST00000460748","protein_coding_CDS_not_defined"
"ENST00000460750","nonsense_mediated_decay"
"ENST00000460854","lncRNA"
"ENST00000460858","misc_RNA"
"ENST00000460914","processed_pseudogene"
"ENST00000460917","processed_pseudogene"
"ENST00000460953","misc_RNA"
"ENST00000461055","protein_coding_CDS_not_defined"
"ENST00000461109","processed_pseudogene"
"ENST00000461194","protein_coding_CDS_not_defined"
"ENST00000461240","nonsense_mediated_decay"
"ENST00000461248","lncRNA"
"ENST00000461273","processed_pseudogene"
"ENST00000461283","retained_intron"
"ENST00000461288","protein_coding_CDS_not_defined"
"ENST00000461329","protein_coding_CDS_not_defined"
"ENST00000461340","protein_coding_CDS_not_defined"
"ENST00000461367","retained_intron"
"ENST00000461384","protein_coding"
"ENST00000461390","retained_intron"
"ENST00000461450","misc_RNA"
"ENST00000461464","processed_pseudogene"
"ENST00000461529","protein_coding_CDS_not_defined"
"ENST00000461535","protein_coding"
"ENST00000461561","processed_pseudogene"
"ENST00000461605","protein_coding"
"ENST00000461607","retained_intron"
"ENST00000461624","retained_intron"
"ENST00000461635","processed_pseudogene"
"ENST00000461651","protein_coding_CDS_not_defined"
"ENST00000461696","protein_coding_CDS_not_defined"
"ENST00000461702","misc_RNA"
"ENST00000461729","protein_coding_CDS_not_defined"
"ENST00000461733","retained_intron"
"ENST00000461744","nonsense_mediated_decay"
"ENST00000461747","processed_pseudogene"
"ENST00000461774","nonsense_mediated_decay"
"ENST00000461775","retained_intron"
"ENST00000461814","processed_pseudogene"
"ENST00000461839","protein_coding_CDS_not_defined"
"ENST00000461867","protein_coding"
"ENST00000461906","protein_coding"
"ENST00000461977","retained_intron"
"ENST00000461982","misc_RNA"
"ENST00000462057","protein_coding_CDS_not_defined"
"ENST00000462111","lncRNA"
"ENST00000462131","lncRNA"
"ENST00000462177","processed_pseudogene"
"ENST00000462181","protein_coding_CDS_not_defined"
"ENST00000462291","processed_pseudogene"
"ENST00000462363","retained_intron"
"ENST00000462382","lncRNA"
"ENST00000462420","nonsense_mediated_decay"
"ENST00000462503","processed_pseudogene"
"ENST00000462521","nonsense_mediated_decay"
"ENST00000462524","lncRNA"
"ENST00000462584","protein_coding_CDS_not_defined"
"ENST00000462613","protein_coding_CDS_not_defined"
"ENST00000462622","retained_intron"
"ENST00000462655","protein_coding_CDS_not_defined"
"ENST00000462678","processed_pseudogene"
"ENST00000462693","IG_V_gene"
"ENST00000462713","protein_coding_CDS_not_defined"
"ENST00000462729","transcribed_unitary_pseudogene"
"ENST00000462770","retained_intron"
"ENST00000462836","lncRNA"
"ENST00000462840","processed_pseudogene"
"ENST00000462935","processed_pseudogene"
"ENST00000463001","protein_coding_CDS_not_defined"
"ENST00000463010","misc_RNA"
"ENST00000463061","protein_coding_CDS_not_defined"
"ENST00000463072","protein_coding_CDS_not_defined"
"ENST00000463073","protein_coding_CDS_not_defined"
"ENST00000463099","transcribed_unprocessed_pseudogene"
"ENST00000463104","protein_coding_CDS_not_defined"
"ENST00000463134","processed_pseudogene"
"ENST00000463140","protein_coding_CDS_not_defined"
"ENST00000463147","retained_intron"
"ENST00000463169","processed_pseudogene"
"ENST00000463182","retained_intron"
"ENST00000463196","processed_pseudogene"
"ENST00000463225","protein_coding_CDS_not_defined"
"ENST00000463228","processed_pseudogene"
"ENST00000463297","lncRNA"
"ENST00000463344","processed_pseudogene"
"ENST00000463369","protein_coding"
"ENST00000463376","protein_coding"
"ENST00000463396","processed_pseudogene"
"ENST00000463418","protein_coding_CDS_not_defined"
"ENST00000463506","processed_pseudogene"
"ENST00000463516","retained_intron"
"ENST00000463534","retained_intron"
"ENST00000463547","protein_coding_CDS_not_defined"
"ENST00000463573","unprocessed_pseudogene"
"ENST00000463604","processed_pseudogene"
"ENST00000463642","lncRNA"
"ENST00000463694","retained_intron"
"ENST00000463711","processed_pseudogene"
"ENST00000463779","misc_RNA"
"ENST00000463814","unprocessed_pseudogene"
"ENST00000463881","protein_coding_CDS_not_defined"
"ENST00000463894","retained_intron"
"ENST00000463903","retained_intron"
"ENST00000463908","protein_coding_CDS_not_defined"
"ENST00000463911","IG_J_gene"
"ENST00000463960","protein_coding"
"ENST00000463984","protein_coding_CDS_not_defined"
"ENST00000463990","retained_intron"
"ENST00000464021","retained_intron"
"ENST00000464051","protein_coding_CDS_not_defined"
"ENST00000464066","protein_coding_CDS_not_defined"
"ENST00000464111","retained_intron"
"ENST00000464137","protein_coding_CDS_not_defined"
"ENST00000464158","processed_pseudogene"
"ENST00000464221","retained_intron"
"ENST00000464311","retained_intron"
"ENST00000464346","protein_coding_CDS_not_defined"
"ENST00000464359","lncRNA"
"ENST00000464384","nonsense_mediated_decay"
"ENST00000464417","retained_intron"
"ENST00000464421","processed_pseudogene"
"ENST00000464454","retained_intron"
"ENST00000464461","retained_intron"
"ENST00000464514","lncRNA"
"ENST00000464531","processed_pseudogene"
"ENST00000464567","retained_intron"
"ENST00000464637","misc_RNA"
"ENST00000464677","misc_RNA"
"ENST00000464746","retained_intron"
"ENST00000464781","nonsense_mediated_decay"
"ENST00000464787","retained_intron"
"ENST00000464789","protein_coding"
"ENST00000464823","lncRNA"
"ENST00000464884","processed_pseudogene"
"ENST00000464905","protein_coding_CDS_not_defined"
"ENST00000464946","protein_coding_CDS_not_defined"
"ENST00000465006","processed_pseudogene"
"ENST00000465012","processed_pseudogene"
"ENST00000465031","protein_coding_CDS_not_defined"
"ENST00000465057","nonsense_mediated_decay"
"ENST00000465116","protein_coding"
"ENST00000465138","processed_pseudogene"
"ENST00000465165","processed_pseudogene"
"ENST00000465168","protein_coding_CDS_not_defined"
"ENST00000465212","unprocessed_pseudogene"
"ENST00000465215","lncRNA"
"ENST00000465243","protein_coding_CDS_not_defined"
"ENST00000465269","protein_coding"
"ENST00000465304","protein_coding_CDS_not_defined"
"ENST00000465339","retained_intron"
"ENST00000465343","protein_coding_CDS_not_defined"
"ENST00000465396","retained_intron"
"ENST00000465417","protein_coding_CDS_not_defined"
"ENST00000465426","protein_coding"
"ENST00000465450","retained_intron"
"ENST00000465453","processed_pseudogene"
"ENST00000465602","protein_coding_CDS_not_defined"
"ENST00000465611","nonsense_mediated_decay"
"ENST00000465621","protein_coding_CDS_not_defined"
"ENST00000465624","retained_intron"
"ENST00000465652","protein_coding_CDS_not_defined"
"ENST00000465655","processed_pseudogene"
"ENST00000465675","protein_coding"
"ENST00000465717","retained_intron"
"ENST00000465736","lncRNA"
"ENST00000465741","retained_intron"
"ENST00000465762","nonsense_mediated_decay"
"ENST00000465772","protein_coding_CDS_not_defined"
"ENST00000465803","retained_intron"
"ENST00000465812","protein_coding_CDS_not_defined"
"ENST00000465827","protein_coding_CDS_not_defined"
"ENST00000465831","protein_coding_CDS_not_defined"
"ENST00000465832","retained_intron"
"ENST00000465834","retained_intron"
"ENST00000465845","processed_pseudogene"
"ENST00000465874","nonsense_mediated_decay"
"ENST00000465913","retained_intron"
"ENST00000465951","unprocessed_pseudogene"
"ENST00000465955","retained_intron"
"ENST00000466002","misc_RNA"
"ENST00000466020","protein_coding_CDS_not_defined"
"ENST00000466169","misc_RNA"
"ENST00000466251","protein_coding_CDS_not_defined"
"ENST00000466347","protein_coding_CDS_not_defined"
"ENST00000466353","protein_coding_CDS_not_defined"
"ENST00000466454","lncRNA"
"ENST00000466485","misc_RNA"
"ENST00000466568","protein_coding_CDS_not_defined"
"ENST00000466578","unprocessed_pseudogene"
"ENST00000466580","nonsense_mediated_decay"
"ENST00000466590","nonsense_mediated_decay"
"ENST00000466609","processed_pseudogene"
"ENST00000466656","retained_intron"
"ENST00000466676","protein_coding_CDS_not_defined"
"ENST00000466678","nonsense_mediated_decay"
"ENST00000466706","lncRNA"
"ENST00000466718","processed_pseudogene"
"ENST00000466767","protein_coding_CDS_not_defined"
"ENST00000466812","protein_coding"
"ENST00000466851","misc_RNA"
"ENST00000466857","protein_coding_CDS_not_defined"
"ENST00000466876","protein_coding"
"ENST00000466894","retained_intron"
"ENST00000466913","protein_coding_CDS_not_defined"
"ENST00000466937","protein_coding"
"ENST00000467023","protein_coding_CDS_not_defined"
"ENST00000467028","processed_pseudogene"
"ENST00000467035","protein_coding_CDS_not_defined"
"ENST00000467047","retained_intron"
"ENST00000467052","protein_coding_CDS_not_defined"
"ENST00000467055","protein_coding_CDS_not_defined"
"ENST00000467083","protein_coding_CDS_not_defined"
"ENST00000467087","protein_coding"
"ENST00000467090","processed_pseudogene"
"ENST00000467120","misc_RNA"
"ENST00000467121","retained_intron"
"ENST00000467138","retained_intron"
"ENST00000467147","misc_RNA"
"ENST00000467205","lncRNA"
"ENST00000467206","processed_pseudogene"
"ENST00000467210","protein_coding"
"ENST00000467240","retained_intron"
"ENST00000467247","processed_pseudogene"
"ENST00000467291","protein_coding"
"ENST00000467309","nonsense_mediated_decay"
"ENST00000467330","protein_coding_CDS_not_defined"
"ENST00000467350","protein_coding_CDS_not_defined"
"ENST00000467425","nonsense_mediated_decay"
"ENST00000467426","lncRNA"
"ENST00000467488","retained_intron"
"ENST00000467495","retained_intron"
"ENST00000467572","protein_coding_CDS_not_defined"
"ENST00000467595","unprocessed_pseudogene"
"ENST00000467608","processed_pseudogene"
"ENST00000467614","lncRNA"
"ENST00000467624","retained_intron"
"ENST00000467633","lncRNA"
"ENST00000467642","nonsense_mediated_decay"
"ENST00000467645","lncRNA"
"ENST00000467654","retained_intron"
"ENST00000467664","retained_intron"
"ENST00000467686","retained_intron"
"ENST00000467755","protein_coding_CDS_not_defined"
"ENST00000467773","protein_coding"
"ENST00000467805","protein_coding"
"ENST00000467829","retained_intron"
"ENST00000467830","protein_coding_CDS_not_defined"
"ENST00000467831","processed_pseudogene"
"ENST00000467865","lncRNA"
"ENST00000468013","misc_RNA"
"ENST00000468079","retained_intron"
"ENST00000468093","nonsense_mediated_decay"
"ENST00000468134","protein_coding_CDS_not_defined"
"ENST00000468167","retained_intron"
"ENST00000468226","protein_coding"
"ENST00000468228","misc_RNA"
"ENST00000468252","retained_intron"
"ENST00000468258","protein_coding_CDS_not_defined"
"ENST00000468296","protein_coding"
"ENST00000468326","protein_coding_CDS_not_defined"
"ENST00000468348","protein_coding"
"ENST00000468361","processed_pseudogene"
"ENST00000468372","protein_coding_CDS_not_defined"
"ENST00000468398","retained_intron"
"ENST00000468411","misc_RNA"
"ENST00000468419","retained_intron"
"ENST00000468431","protein_coding_CDS_not_defined"
"ENST00000468453","processed_pseudogene"
"ENST00000468501","processed_pseudogene"
"ENST00000468503","protein_coding_CDS_not_defined"
"ENST00000468507","protein_coding_CDS_not_defined"
"ENST00000468512","protein_coding_CDS_not_defined"
"ENST00000468520","protein_coding_CDS_not_defined"
"ENST00000468539","protein_coding"
"ENST00000468543","retained_intron"
"ENST00000468551","retained_intron"
"ENST00000468617","retained_intron"
"ENST00000468625","processed_pseudogene"
"ENST00000468659","protein_coding_CDS_not_defined"
"ENST00000468671","processed_pseudogene"
"ENST00000468716","transcribed_processed_pseudogene"
"ENST00000468719","nonsense_mediated_decay"
"ENST00000468728","retained_intron"
"ENST00000468732","retained_intron"
"ENST00000468766","processed_pseudogene"
"ENST00000468825","retained_intron"
"ENST00000468834","processed_pseudogene"
"ENST00000468841","misc_RNA"
"ENST00000468877","protein_coding_CDS_not_defined"
"ENST00000468879","IG_V_gene"
"ENST00000468892","retained_intron"
"ENST00000468910","processed_pseudogene"
"ENST00000468948","retained_intron"
"ENST00000468990","nonsense_mediated_decay"
"ENST00000469014","lncRNA"
"ENST00000469052","retained_intron"
"ENST00000469077","retained_intron"
"ENST00000469083","protein_coding"
"ENST00000469106","protein_coding_CDS_not_defined"
"ENST00000469117","protein_coding_CDS_not_defined"
"ENST00000469189","retained_intron"
"ENST00000469238","retained_intron"
"ENST00000469240","retained_intron"
"ENST00000469247","processed_pseudogene"
"ENST00000469273","protein_coding_CDS_not_defined"
"ENST00000469313","misc_RNA"
"ENST00000469328","nonsense_mediated_decay"
"ENST00000469329","processed_pseudogene"
"ENST00000469425","processed_pseudogene"
"ENST00000469525","protein_coding_CDS_not_defined"
"ENST00000469560","retained_intron"
"ENST00000469595","lncRNA"
"ENST00000469744","retained_intron"
"ENST00000469787","nonsense_mediated_decay"
"ENST00000469792","nonsense_mediated_decay"
"ENST00000469828","protein_coding_CDS_not_defined"
"ENST00000469847","nonsense_mediated_decay"
"ENST00000469903","lncRNA"
"ENST00000469924","processed_pseudogene"
"ENST00000469935","lncRNA"
"ENST00000469981","protein_coding_CDS_not_defined"
"ENST00000469986","protein_coding"
"ENST00000469993","processed_pseudogene"
"ENST00000470004","nonsense_mediated_decay"
"ENST00000470008","protein_coding_CDS_not_defined"
"ENST00000470024","lncRNA"
"ENST00000470060","misc_RNA"
"ENST00000470061","protein_coding"
"ENST00000470107","retained_intron"
"ENST00000470113","retained_intron"
"ENST00000470144","protein_coding_CDS_not_defined"
"ENST00000470219","lncRNA"
"ENST00000470226","protein_coding_CDS_not_defined"
"ENST00000470228","retained_intron"
"ENST00000470273","retained_intron"
"ENST00000470290","retained_intron"
"ENST00000470310","nonsense_mediated_decay"
"ENST00000470349","protein_coding_CDS_not_defined"
"ENST00000470368","lncRNA"
"ENST00000470372","misc_RNA"
"ENST00000470397","protein_coding_CDS_not_defined"
"ENST00000470441","retained_intron"
"ENST00000470444","processed_pseudogene"
"ENST00000470462","protein_coding_CDS_not_defined"
"ENST00000470506","retained_intron"
"ENST00000470523","lncRNA"
"ENST00000470547","misc_RNA"
"ENST00000470593","lncRNA"
"ENST00000470623","processed_pseudogene"
"ENST00000470677","lncRNA"
"ENST00000470716","protein_coding"
"ENST00000470739","lncRNA"
"ENST00000470784","misc_RNA"
"ENST00000470785","misc_RNA"
"ENST00000470786","misc_RNA"
"ENST00000470810","processed_pseudogene"
"ENST00000470913","processed_pseudogene"
"ENST00000470984","protein_coding"
"ENST00000470993","processed_pseudogene"
"ENST00000470996","lncRNA"
"ENST00000471048","protein_coding_CDS_not_defined"
"ENST00000471071","protein_coding"
"ENST00000471084","processed_pseudogene"
"ENST00000471100","protein_coding_CDS_not_defined"
"ENST00000471112","protein_coding"
"ENST00000471148","processed_pseudogene"
"ENST00000471169","protein_coding_CDS_not_defined"
"ENST00000471222","lncRNA"
"ENST00000471242","protein_coding_CDS_not_defined"
"ENST00000471253","processed_pseudogene"
"ENST00000471299","lncRNA"
"ENST00000471307","lncRNA"
"ENST00000471403","processed_pseudogene"
"ENST00000471427","protein_coding_CDS_not_defined"
"ENST00000471501","retained_intron"
"ENST00000471512","lncRNA"
"ENST00000471541","protein_coding"
"ENST00000471656","protein_coding_CDS_not_defined"
"ENST00000471672","lncRNA"
"ENST00000471693","protein_coding_CDS_not_defined"
"ENST00000471714","protein_coding"
"ENST00000471744","protein_coding_CDS_not_defined"
"ENST00000471793","retained_intron"
"ENST00000471835","retained_intron"
"ENST00000471845","misc_RNA"
"ENST00000471857","IG_V_gene"
"ENST00000471896","retained_intron"
"ENST00000471921","lncRNA"
"ENST00000471927","protein_coding_CDS_not_defined"
"ENST00000471955","misc_RNA"
"ENST00000471966","protein_coding_CDS_not_defined"
"ENST00000471970","protein_coding_CDS_not_defined"
"ENST00000471996","nonsense_mediated_decay"
"ENST00000472038","protein_coding_CDS_not_defined"
"ENST00000472048","processed_pseudogene"
"ENST00000472049","protein_coding"
"ENST00000472054","retained_intron"
"ENST00000472095","protein_coding"
"ENST00000472120","lncRNA"
"ENST00000472136","lncRNA"
"ENST00000472160","processed_pseudogene"
"ENST00000472173","protein_coding_CDS_not_defined"
"ENST00000472193","protein_coding_CDS_not_defined"
"ENST00000472250","processed_pseudogene"
"ENST00000472438","retained_intron"
"ENST00000472475","protein_coding"
"ENST00000472494","lncRNA"
"ENST00000472522","protein_coding"
"ENST00000472539","protein_coding_CDS_not_defined"
"ENST00000472591","protein_coding_CDS_not_defined"
"ENST00000472594","processed_pseudogene"
"ENST00000472602","protein_coding_CDS_not_defined"
"ENST00000472609","processed_pseudogene"
"ENST00000472670","protein_coding_CDS_not_defined"
"ENST00000472679","retained_intron"
"ENST00000472680","protein_coding_CDS_not_defined"
"ENST00000472685","protein_coding_CDS_not_defined"
"ENST00000472826","protein_coding"
"ENST00000472838","lncRNA"
"ENST00000472839","lncRNA"
"ENST00000472844","retained_intron"
"ENST00000472846","retained_intron"
"ENST00000472867","transcribed_unprocessed_pseudogene"
"ENST00000472888","protein_coding_CDS_not_defined"
"ENST00000472903","lncRNA"
"ENST00000472927","processed_pseudogene"
"ENST00000472933","protein_coding"
"ENST00000472992","protein_coding"
"ENST00000473096","processed_pseudogene"
"ENST00000473102","protein_coding_CDS_not_defined"
"ENST00000473114","processed_pseudogene"
"ENST00000473138","protein_coding_CDS_not_defined"
"ENST00000473154","processed_pseudogene"
"ENST00000473271","lncRNA"
"ENST00000473285","protein_coding"
"ENST00000473295","retained_intron"
"ENST00000473356","processed_pseudogene"
"ENST00000473393","retained_intron"
"ENST00000473444","protein_coding"
"ENST00000473450","protein_coding_CDS_not_defined"
"ENST00000473495","protein_coding_CDS_not_defined"
"ENST00000473497","protein_coding_CDS_not_defined"
"ENST00000473502","misc_RNA"
"ENST00000473528","lncRNA"
"ENST00000473563","protein_coding_CDS_not_defined"
"ENST00000473584","protein_coding_CDS_not_defined"
"ENST00000473586","unprocessed_pseudogene"
"ENST00000473601","protein_coding_CDS_not_defined"
"ENST00000473602","protein_coding_CDS_not_defined"
"ENST00000473622","processed_pseudogene"
"ENST00000473644","processed_pseudogene"
"ENST00000473800","protein_coding_CDS_not_defined"
"ENST00000473811","retained_intron"
"ENST00000473826","protein_coding_CDS_not_defined"
"ENST00000473854","protein_coding"
"ENST00000473882","processed_pseudogene"
"ENST00000473898","protein_coding_CDS_not_defined"
"ENST00000473939","protein_coding"
"ENST00000473987","protein_coding_CDS_not_defined"
"ENST00000474043","misc_RNA"
"ENST00000474094","protein_coding_CDS_not_defined"
"ENST00000474101","protein_coding_CDS_not_defined"
"ENST00000474102","protein_coding_CDS_not_defined"
"ENST00000474107","processed_pseudogene"
"ENST00000474142","retained_intron"
"ENST00000474149","lncRNA"
"ENST00000474150","processed_pseudogene"
"ENST00000474177","protein_coding_CDS_not_defined"
"ENST00000474179","protein_coding_CDS_not_defined"
"ENST00000474180","processed_pseudogene"
"ENST00000474202","retained_intron"
"ENST00000474219","processed_pseudogene"
"ENST00000474235","retained_intron"
"ENST00000474251","retained_intron"
"ENST00000474278","protein_coding_CDS_not_defined"
"ENST00000474294","retained_intron"
"ENST00000474297","processed_pseudogene"
"ENST00000474301","protein_coding_CDS_not_defined"
"ENST00000474343","processed_pseudogene"
"ENST00000474367","retained_intron"
"ENST00000474399","processed_pseudogene"
"ENST00000474418","protein_coding_CDS_not_defined"
"ENST00000474435","processed_pseudogene"
"ENST00000474463","protein_coding"
"ENST00000474515","protein_coding_CDS_not_defined"
"ENST00000474545","protein_coding_CDS_not_defined"
"ENST00000474561","lncRNA"
"ENST00000474589","processed_pseudogene"
"ENST00000474610","lncRNA"
"ENST00000474630","lncRNA"
"ENST00000474642","protein_coding_CDS_not_defined"
"ENST00000474646","protein_coding_CDS_not_defined"
"ENST00000474666","processed_pseudogene"
"ENST00000474709","protein_coding_CDS_not_defined"
"ENST00000474711","lncRNA"
"ENST00000474743","protein_coding_CDS_not_defined"
"ENST00000474929","protein_coding_CDS_not_defined"
"ENST00000474981","retained_intron"
"ENST00000475055","protein_coding"
"ENST00000475112","processed_pseudogene"
"ENST00000475129","processed_pseudogene"
"ENST00000475149","processed_pseudogene"
"ENST00000475166","protein_coding_CDS_not_defined"
"ENST00000475170","retained_intron"
"ENST00000475194","protein_coding_CDS_not_defined"
"ENST00000475245","retained_intron"
"ENST00000475277","protein_coding"
"ENST00000475295","processed_pseudogene"
"ENST00000475297","protein_coding_CDS_not_defined"
"ENST00000475303","retained_intron"
"ENST00000475327","transcribed_processed_pseudogene"
"ENST00000475336","protein_coding"
"ENST00000475372","processed_pseudogene"
"ENST00000475434","protein_coding"
"ENST00000475436","protein_coding_CDS_not_defined"
"ENST00000475442","processed_pseudogene"
"ENST00000475501","protein_coding"
"ENST00000475515","protein_coding_CDS_not_defined"
"ENST00000475532","retained_intron"
"ENST00000475545","processed_pseudogene"
"ENST00000475553","protein_coding_CDS_not_defined"
"ENST00000475637","TR_V_pseudogene"
"ENST00000475661","misc_RNA"
"ENST00000475674","misc_RNA"
"ENST00000475770","retained_intron"
"ENST00000475786","protein_coding"
"ENST00000475835","protein_coding_CDS_not_defined"
"ENST00000475842","protein_coding"
"ENST00000475854","protein_coding_CDS_not_defined"
"ENST00000475869","protein_coding_CDS_not_defined"
"ENST00000475909","retained_intron"
"ENST00000475911","retained_intron"
"ENST00000475925","processed_pseudogene"
"ENST00000476054","retained_intron"
"ENST00000476160","retained_intron"
"ENST00000476193","processed_pseudogene"
"ENST00000476325","protein_coding"
"ENST00000476335","protein_coding_CDS_not_defined"
"ENST00000476365",NA
"ENST00000476421","misc_RNA"
"ENST00000476452","misc_RNA"
"ENST00000476475","protein_coding_CDS_not_defined"
"ENST00000476492","protein_coding_CDS_not_defined"
"ENST00000476543","processed_pseudogene"
"ENST00000476563","protein_coding_CDS_not_defined"
"ENST00000476567","protein_coding"
"ENST00000476568","protein_coding_CDS_not_defined"
"ENST00000476649","retained_intron"
"ENST00000476654","protein_coding_CDS_not_defined"
"ENST00000476662","retained_intron"
"ENST00000476801","protein_coding"
"ENST00000476839","lncRNA"
"ENST00000476848","retained_intron"
"ENST00000476852","protein_coding_CDS_not_defined"
"ENST00000476875","processed_pseudogene"
"ENST00000476941","protein_coding"
"ENST00000476943","protein_coding_CDS_not_defined"
"ENST00000476994","retained_intron"
"ENST00000477039","retained_intron"
"ENST00000477059","lncRNA"
"ENST00000477099","lncRNA"
"ENST00000477100","TR_V_pseudogene"
"ENST00000477104","protein_coding"
"ENST00000477138","misc_RNA"
"ENST00000477222","protein_coding_CDS_not_defined"
"ENST00000477233","processed_pseudogene"
"ENST00000477271","misc_RNA"
"ENST00000477283","protein_coding_CDS_not_defined"
"ENST00000477300","processed_pseudogene"
"ENST00000477314","protein_coding_CDS_not_defined"
"ENST00000477323","processed_pseudogene"
"ENST00000477337","protein_coding_CDS_not_defined"
"ENST00000477392","lncRNA"
"ENST00000477398","retained_intron"
"ENST00000477401","retained_intron"
"ENST00000477468","retained_intron"
"ENST00000477483","processed_pseudogene"
"ENST00000477492","protein_coding_CDS_not_defined"
"ENST00000477584","protein_coding_CDS_not_defined"
"ENST00000477612","protein_coding_CDS_not_defined"
"ENST00000477645","retained_intron"
"ENST00000477654","misc_RNA"
"ENST00000477720","retained_intron"
"ENST00000477735","protein_coding"
"ENST00000477778","protein_coding_CDS_not_defined"
"ENST00000477781","misc_RNA"
"ENST00000477817","protein_coding_CDS_not_defined"
"ENST00000477858","retained_intron"
"ENST00000477875","lncRNA"
"ENST00000477948","protein_coding_CDS_not_defined"
"ENST00000478049","protein_coding"
"ENST00000478083","protein_coding_CDS_not_defined"
"ENST00000478140","retained_intron"
"ENST00000478164","lncRNA"
"ENST00000478214","protein_coding_CDS_not_defined"
"ENST00000478239","lncRNA"
"ENST00000478249","protein_coding_CDS_not_defined"
"ENST00000478270","processed_pseudogene"
"ENST00000478351","protein_coding_CDS_not_defined"
"ENST00000478354","retained_intron"
"ENST00000478434","protein_coding_CDS_not_defined"
"ENST00000478475","protein_coding_CDS_not_defined"
"ENST00000478569","protein_coding_CDS_not_defined"
"ENST00000478577","processed_pseudogene"
"ENST00000478591","protein_coding_CDS_not_defined"
"ENST00000478594","retained_intron"
"ENST00000478614","retained_intron"
"ENST00000478645","retained_intron"
"ENST00000478662","protein_coding_CDS_not_defined"
"ENST00000478685","protein_coding_CDS_not_defined"
"ENST00000478687","protein_coding_CDS_not_defined"
"ENST00000478711","protein_coding_CDS_not_defined"
"ENST00000478717","nonsense_mediated_decay"
"ENST00000478761","retained_intron"
"ENST00000478776","retained_intron"
"ENST00000478785","protein_coding_CDS_not_defined"
"ENST00000478805","retained_intron"
"ENST00000478814","lncRNA"
"ENST00000478855","misc_RNA"
"ENST00000478873","protein_coding"
"ENST00000478920","protein_coding_CDS_not_defined"
"ENST00000478982","processed_pseudogene"
"ENST00000479004","protein_coding_CDS_not_defined"
"ENST00000479041","lncRNA"
"ENST00000479052","protein_coding_CDS_not_defined"
"ENST00000479090","misc_RNA"
"ENST00000479128","protein_coding"
"ENST00000479221","processed_pseudogene"
"ENST00000479233","lncRNA"
"ENST00000479341","protein_coding_CDS_not_defined"
"ENST00000479353","nonsense_mediated_decay"
"ENST00000479355","retained_intron"
"ENST00000479428","misc_RNA"
"ENST00000479454","retained_intron"
"ENST00000479473","processed_pseudogene"
"ENST00000479477","processed_pseudogene"
"ENST00000479478","transcribed_unitary_pseudogene"
"ENST00000479528","retained_intron"
"ENST00000479547","retained_intron"
"ENST00000479573","processed_pseudogene"
"ENST00000479597","protein_coding_CDS_not_defined"
"ENST00000479610","lncRNA"
"ENST00000479616","misc_RNA"
"ENST00000479637","protein_coding_CDS_not_defined"
"ENST00000479655","protein_coding_CDS_not_defined"
"ENST00000479662","processed_pseudogene"
"ENST00000479705","transcribed_unitary_pseudogene"
"ENST00000479724","misc_RNA"
"ENST00000479769","nonsense_mediated_decay"
"ENST00000479841","transcribed_processed_pseudogene"
"ENST00000479843","protein_coding_CDS_not_defined"
"ENST00000479861","retained_intron"
"ENST00000479867","protein_coding"
"ENST00000479869","protein_coding_CDS_not_defined"
"ENST00000479876","processed_pseudogene"
"ENST00000479895","processed_pseudogene"
"ENST00000479912","misc_RNA"
"ENST00000479916","retained_intron"
"ENST00000479977","retained_intron"
"ENST00000479979","retained_intron"
"ENST00000480006","protein_coding"
"ENST00000480127","retained_intron"
"ENST00000480130","protein_coding_CDS_not_defined"
"ENST00000480174","nonsense_mediated_decay"
"ENST00000480204","protein_coding_CDS_not_defined"
"ENST00000480215","protein_coding_CDS_not_defined"
"ENST00000480239","protein_coding_CDS_not_defined"
"ENST00000480271","processed_pseudogene"
"ENST00000480310","protein_coding_CDS_not_defined"
"ENST00000480409","nonsense_mediated_decay"
"ENST00000480485","processed_pseudogene"
"ENST00000480555","processed_pseudogene"
"ENST00000480584","protein_coding_CDS_not_defined"
"ENST00000480587","protein_coding_CDS_not_defined"
"ENST00000480656","misc_RNA"
"ENST00000480698","retained_intron"
"ENST00000480796","protein_coding"
"ENST00000480810","misc_RNA"
"ENST00000480820","protein_coding"
"ENST00000480856","protein_coding_CDS_not_defined"
"ENST00000480924","processed_pseudogene"
"ENST00000480943","retained_intron"
"ENST00000480960","retained_intron"
"ENST00000480994","protein_coding"
"ENST00000481075","processed_pseudogene"
"ENST00000481085","protein_coding"
"ENST00000481094","retained_intron"
"ENST00000481111","processed_pseudogene"
"ENST00000481140","nonsense_mediated_decay"
"ENST00000481141","misc_RNA"
"ENST00000481143","protein_coding_CDS_not_defined"
"ENST00000481192","processed_pseudogene"
"ENST00000481226","protein_coding_CDS_not_defined"
"ENST00000481230","protein_coding"
"ENST00000481233","misc_RNA"
"ENST00000481235","processed_pseudogene"
"ENST00000481324","nonsense_mediated_decay"
"ENST00000481355","protein_coding_CDS_not_defined"
"ENST00000481361","protein_coding_CDS_not_defined"
"ENST00000481377","protein_coding_CDS_not_defined"
"ENST00000481413","retained_intron"
"ENST00000481478","protein_coding"
"ENST00000481498","protein_coding"
"ENST00000481558","protein_coding_CDS_not_defined"
"ENST00000481565","protein_coding_CDS_not_defined"
"ENST00000481582","retained_intron"
"ENST00000481587","protein_coding"
"ENST00000481630","protein_coding_CDS_not_defined"
"ENST00000481676","misc_RNA"
"ENST00000481678","misc_RNA"
"ENST00000481703","processed_pseudogene"
"ENST00000481704","lncRNA"
"ENST00000481707","protein_coding_CDS_not_defined"
"ENST00000481709","processed_pseudogene"
"ENST00000481731","nonsense_mediated_decay"
"ENST00000481768","nonsense_mediated_decay"
"ENST00000481775","protein_coding_CDS_not_defined"
"ENST00000481796","protein_coding"
"ENST00000481850","protein_coding_CDS_not_defined"
"ENST00000481889","protein_coding"
"ENST00000481912","protein_coding_CDS_not_defined"
"ENST00000481953","protein_coding"
"ENST00000482003","lncRNA"
"ENST00000482021","protein_coding_CDS_not_defined"
"ENST00000482026","protein_coding"
"ENST00000482032","lncRNA"
"ENST00000482142","lncRNA"
"ENST00000482155","protein_coding"
"ENST00000482163","misc_RNA"
"ENST00000482164","misc_RNA"
"ENST00000482215","misc_RNA"
"ENST00000482216","processed_pseudogene"
"ENST00000482222","transcribed_processed_pseudogene"
"ENST00000482239","protein_coding_CDS_not_defined"
"ENST00000482260","protein_coding_CDS_not_defined"
"ENST00000482313","processed_pseudogene"
"ENST00000482465","protein_coding_CDS_not_defined"
"ENST00000482473","misc_RNA"
"ENST00000482477","processed_pseudogene"
"ENST00000482505","retained_intron"
"ENST00000482559","lncRNA"
"ENST00000482565","retained_intron"
"ENST00000482593","protein_coding"
"ENST00000482602","protein_coding"
"ENST00000482622","protein_coding_CDS_not_defined"
"ENST00000482625","processed_pseudogene"
"ENST00000482642","retained_intron"
"ENST00000482687","nonsense_mediated_decay"
"ENST00000482691","retained_intron"
"ENST00000482701","protein_coding_CDS_not_defined"
"ENST00000482745","nonsense_mediated_decay"
"ENST00000482761","retained_intron"
"ENST00000482763","misc_RNA"
"ENST00000482790","misc_RNA"
"ENST00000482807","nonsense_mediated_decay"
"ENST00000482822","protein_coding"
"ENST00000482845","protein_coding_CDS_not_defined"
"ENST00000482861","protein_coding_CDS_not_defined"
"ENST00000482891","retained_intron"
"ENST00000482904","retained_intron"
"ENST00000482912","processed_pseudogene"
"ENST00000482939","protein_coding_CDS_not_defined"
"ENST00000482980","lncRNA"
"ENST00000483010","protein_coding_CDS_not_defined"
"ENST00000483023","lncRNA"
"ENST00000483040","retained_intron"
"ENST00000483058","protein_coding_CDS_not_defined"
"ENST00000483177","protein_coding"
"ENST00000483197","processed_pseudogene"
"ENST00000483218","lncRNA"
"ENST00000483221","protein_coding_CDS_not_defined"
"ENST00000483238","protein_coding"
"ENST00000483263","processed_pseudogene"
"ENST00000483267","protein_coding"
"ENST00000483312","transcribed_processed_pseudogene"
"ENST00000483358","protein_coding"
"ENST00000483399","protein_coding"
"ENST00000483490","protein_coding"
"ENST00000483523","processed_pseudogene"
"ENST00000483524","processed_pseudogene"
"ENST00000483544","lncRNA"
"ENST00000483558","protein_coding_CDS_not_defined"
"ENST00000483627","protein_coding_CDS_not_defined"
"ENST00000483655","protein_coding_CDS_not_defined"
"ENST00000483699","protein_coding_CDS_not_defined"
"ENST00000483740","retained_intron"
"ENST00000483769","retained_intron"
"ENST00000483777","processed_pseudogene"
"ENST00000483787","protein_coding"
"ENST00000483806","transcribed_unprocessed_pseudogene"
"ENST00000483844","protein_coding_CDS_not_defined"
"ENST00000483910","protein_coding"
"ENST00000483929","retained_intron"
"ENST00000483930","nonsense_mediated_decay"
"ENST00000484039","protein_coding_CDS_not_defined"
"ENST00000484057","misc_RNA"
"ENST00000484100","protein_coding"
"ENST00000484117","misc_RNA"
"ENST00000484151","processed_pseudogene"
"ENST00000484185","processed_pseudogene"
"ENST00000484186","protein_coding_CDS_not_defined"
"ENST00000484219","protein_coding_CDS_not_defined"
"ENST00000484221","retained_intron"
"ENST00000484233","protein_coding_CDS_not_defined"
"ENST00000484275","protein_coding_CDS_not_defined"
"ENST00000484294","protein_coding_CDS_not_defined"
"ENST00000484296","retained_intron"
"ENST00000484348","protein_coding_CDS_not_defined"
"ENST00000484349","retained_intron"
"ENST00000484367","retained_intron"
"ENST00000484371","protein_coding_CDS_not_defined"
"ENST00000484520","retained_intron"
"ENST00000484549","nonsense_mediated_decay"
"ENST00000484572","protein_coding_CDS_not_defined"
"ENST00000484609","protein_coding_CDS_not_defined"
"ENST00000484632","protein_coding_CDS_not_defined"
"ENST00000484666","retained_intron"
"ENST00000484679","lncRNA"
"ENST00000484705","protein_coding_CDS_not_defined"
"ENST00000484789","retained_intron"
"ENST00000484826","retained_intron"
"ENST00000484873","nonsense_mediated_decay"
"ENST00000484902","processed_pseudogene"
"ENST00000484916","processed_pseudogene"
"ENST00000484941","protein_coding_CDS_not_defined"
"ENST00000484967","processed_pseudogene"
"ENST00000485082","retained_intron"
"ENST00000485090","retained_intron"
"ENST00000485134","protein_coding_CDS_not_defined"
"ENST00000485164","misc_RNA"
"ENST00000485217","processed_pseudogene"
"ENST00000485242","unprocessed_pseudogene"
"ENST00000485246","misc_RNA"
"ENST00000485268","lncRNA"
"ENST00000485357","nonsense_mediated_decay"
"ENST00000485367","protein_coding_CDS_not_defined"
"ENST00000485384","lncRNA"
"ENST00000485429","misc_RNA"
"ENST00000485493","protein_coding_CDS_not_defined"
"ENST00000485573","protein_coding_CDS_not_defined"
"ENST00000485574","misc_RNA"
"ENST00000485621","retained_intron"
"ENST00000485624","protein_coding_CDS_not_defined"
"ENST00000485660","retained_intron"
"ENST00000485678","nonsense_mediated_decay"
"ENST00000485687","protein_coding"
"ENST00000485699","processed_pseudogene"
"ENST00000485743","protein_coding"
"ENST00000485776","misc_RNA"
"ENST00000485778","retained_intron"
"ENST00000485842","retained_intron"
"ENST00000485969","protein_coding_CDS_not_defined"
"ENST00000485982","nonsense_mediated_decay"
"ENST00000486033","unitary_pseudogene"
"ENST00000486071","processed_pseudogene"
"ENST00000486088","processed_pseudogene"
"ENST00000486134","nonsense_mediated_decay"
"ENST00000486137","lncRNA"
"ENST00000486139","processed_pseudogene"
"ENST00000486157","processed_pseudogene"
"ENST00000486168","lncRNA"
"ENST00000486178","retained_intron"
"ENST00000486249","nonsense_mediated_decay"
"ENST00000486251","processed_pseudogene"
"ENST00000486263","retained_intron"
"ENST00000486284","protein_coding"
"ENST00000486285","lncRNA"
"ENST00000486306","transcribed_processed_pseudogene"
"ENST00000486342","protein_coding_CDS_not_defined"
"ENST00000486351","protein_coding_CDS_not_defined"
"ENST00000486379","nonsense_mediated_decay"
"ENST00000486397","processed_pseudogene"
"ENST00000486398","retained_intron"
"ENST00000486448","retained_intron"
"ENST00000486478","protein_coding_CDS_not_defined"
"ENST00000486488","protein_coding"
"ENST00000486545","lncRNA"
"ENST00000486583","protein_coding_CDS_not_defined"
"ENST00000486595","transcribed_processed_pseudogene"
"ENST00000486672","retained_intron"
"ENST00000486697","lncRNA"
"ENST00000486723","nonsense_mediated_decay"
"ENST00000486743","processed_pseudogene"
"ENST00000486757","retained_intron"
"ENST00000486767","lncRNA"
"ENST00000486978","protein_coding_CDS_not_defined"
"ENST00000486980","protein_coding_CDS_not_defined"
"ENST00000487034","retained_intron"
"ENST00000487037","protein_coding_CDS_not_defined"
"ENST00000487048","protein_coding_CDS_not_defined"
"ENST00000487061","processed_pseudogene"
"ENST00000487063","protein_coding_CDS_not_defined"
"ENST00000487076","protein_coding_CDS_not_defined"
"ENST00000487083","retained_intron"
"ENST00000487094","lncRNA"
"ENST00000487098","misc_RNA"
"ENST00000487216","processed_pseudogene"
"ENST00000487240","lncRNA"
"ENST00000487288","retained_intron"
"ENST00000487307","retained_intron"
"ENST00000487324","processed_pseudogene"
"ENST00000487345","misc_RNA"
"ENST00000487382","processed_pseudogene"
"ENST00000487394","protein_coding_CDS_not_defined"
"ENST00000487425","retained_intron"
"ENST00000487437","protein_coding"
"ENST00000487449","protein_coding_CDS_not_defined"
"ENST00000487454","retained_intron"
"ENST00000487471","protein_coding_CDS_not_defined"
"ENST00000487484","protein_coding"
"ENST00000487601","misc_RNA"
"ENST00000487650","retained_intron"
"ENST00000487683","retained_intron"
"ENST00000487686","protein_coding_CDS_not_defined"
"ENST00000487707","protein_coding_CDS_not_defined"
"ENST00000487718","misc_RNA"
"ENST00000487720","protein_coding_CDS_not_defined"
"ENST00000487742","transcribed_unprocessed_pseudogene"
"ENST00000487762","misc_RNA"
"ENST00000487776","processed_pseudogene"
"ENST00000487798","protein_coding"
"ENST00000487833","processed_pseudogene"
"ENST00000487854","protein_coding_CDS_not_defined"
"ENST00000487959","protein_coding_CDS_not_defined"
"ENST00000488009","protein_coding"
"ENST00000488028","misc_RNA"
"ENST00000488053","protein_coding_CDS_not_defined"
"ENST00000488072","protein_coding_CDS_not_defined"
"ENST00000488148","processed_pseudogene"
"ENST00000488191","protein_coding_CDS_not_defined"
"ENST00000488205","retained_intron"
"ENST00000488208","protein_coding_CDS_not_defined"
"ENST00000488217","retained_intron"
"ENST00000488231","processed_pseudogene"
"ENST00000488262","lncRNA"
"ENST00000488293","protein_coding_CDS_not_defined"
"ENST00000488348","lncRNA"
"ENST00000488390","retained_intron"
"ENST00000488425","lncRNA"
"ENST00000488458","transcribed_unprocessed_pseudogene"
"ENST00000488470","protein_coding"
"ENST00000488476","IG_J_gene"
"ENST00000488512","retained_intron"
"ENST00000488527","protein_coding_CDS_not_defined"
"ENST00000488587","retained_intron"
"ENST00000488622","protein_coding_CDS_not_defined"
"ENST00000488644","protein_coding_CDS_not_defined"
"ENST00000488718","protein_coding"
"ENST00000488759","protein_coding_CDS_not_defined"
"ENST00000488792","protein_coding_CDS_not_defined"
"ENST00000488794","protein_coding"
"ENST00000488795","nonsense_mediated_decay"
"ENST00000488812","protein_coding_CDS_not_defined"
"ENST00000488834","protein_coding_CDS_not_defined"
"ENST00000488864","nonsense_mediated_decay"
"ENST00000488869","protein_coding"
"ENST00000488874","protein_coding_CDS_not_defined"
"ENST00000488921","nonsense_mediated_decay"
"ENST00000488956","protein_coding_CDS_not_defined"
"ENST00000488970","retained_intron"
"ENST00000488985","protein_coding_CDS_not_defined"
"ENST00000488989","protein_coding_CDS_not_defined"
"ENST00000489000","protein_coding_CDS_not_defined"
"ENST00000489012","lncRNA"
"ENST00000489015","protein_coding"
"ENST00000489039","protein_coding_CDS_not_defined"
"ENST00000489045","protein_coding_CDS_not_defined"
"ENST00000489079","retained_intron"
"ENST00000489080","protein_coding_CDS_not_defined"
"ENST00000489093","protein_coding"
"ENST00000489210","processed_pseudogene"
"ENST00000489220","protein_coding_CDS_not_defined"
"ENST00000489235","processed_pseudogene"
"ENST00000489350","protein_coding_CDS_not_defined"
"ENST00000489379","retained_intron"
"ENST00000489428","lncRNA"
"ENST00000489443","protein_coding_CDS_not_defined"
"ENST00000489487","lncRNA"
"ENST00000489504","retained_intron"
"ENST00000489523","retained_intron"
"ENST00000489529","misc_RNA"
"ENST00000489574","protein_coding_CDS_not_defined"
"ENST00000489604","protein_coding_CDS_not_defined"
"ENST00000489624","processed_pseudogene"
"ENST00000489626","lncRNA"
"ENST00000489677","retained_intron"
"ENST00000489687","protein_coding_CDS_not_defined"
"ENST00000489784","transcribed_processed_pseudogene"
"ENST00000489837","retained_intron"
"ENST00000489887","protein_coding_CDS_not_defined"
"ENST00000489892","protein_coding_CDS_not_defined"
"ENST00000489897","nonsense_mediated_decay"
"ENST00000489972","processed_pseudogene"
"ENST00000489982","protein_coding_CDS_not_defined"
"ENST00000489989","processed_pseudogene"
"ENST00000489998","protein_coding_CDS_not_defined"
"ENST00000490002","protein_coding_CDS_not_defined"
"ENST00000490005","lncRNA"
"ENST00000490009","protein_coding_CDS_not_defined"
"ENST00000490031","protein_coding_CDS_not_defined"
"ENST00000490033","protein_coding_CDS_not_defined"
"ENST00000490056","protein_coding_CDS_not_defined"
"ENST00000490086","processed_pseudogene"
"ENST00000490088","protein_coding_CDS_not_defined"
"ENST00000490144","misc_RNA"
"ENST00000490147","retained_intron"
"ENST00000490148","protein_coding_CDS_not_defined"
"ENST00000490156","retained_intron"
"ENST00000490161","protein_coding_CDS_not_defined"
"ENST00000490171","retained_intron"
"ENST00000490229","protein_coding"
"ENST00000490326","protein_coding_CDS_not_defined"
"ENST00000490363","retained_intron"
"ENST00000490394","lncRNA"
"ENST00000490435","retained_intron"
"ENST00000490499","protein_coding_CDS_not_defined"
"ENST00000490640","protein_coding_CDS_not_defined"
"ENST00000490647","lncRNA"
"ENST00000490650","protein_coding_CDS_not_defined"
"ENST00000490707","retained_intron"
"ENST00000490735","misc_RNA"
"ENST00000490765","lncRNA"
"ENST00000490790","misc_RNA"
"ENST00000490884","protein_coding_CDS_not_defined"
"ENST00000490892","processed_pseudogene"
"ENST00000490899","protein_coding_CDS_not_defined"
"ENST00000490910","nonsense_mediated_decay"
"ENST00000490929","protein_coding_CDS_not_defined"
"ENST00000490933","processed_pseudogene"
"ENST00000490944","retained_intron"
"ENST00000490962","unprocessed_pseudogene"
"ENST00000491017","protein_coding_CDS_not_defined"
"ENST00000491018","retained_intron"
"ENST00000491025","transcribed_unprocessed_pseudogene"
"ENST00000491030","protein_coding_CDS_not_defined"
"ENST00000491033","retained_intron"
"ENST00000491087","processed_pseudogene"
"ENST00000491207","protein_coding_CDS_not_defined"
"ENST00000491238","protein_coding"
"ENST00000491248","protein_coding_CDS_not_defined"
"ENST00000491283","retained_intron"
"ENST00000491439","protein_coding_CDS_not_defined"
"ENST00000491490","retained_intron"
"ENST00000491506","processed_pseudogene"
"ENST00000491559","nonsense_mediated_decay"
"ENST00000491593","processed_pseudogene"
"ENST00000491608","lncRNA"
"ENST00000491624","processed_pseudogene"
"ENST00000491674","protein_coding"
"ENST00000491708","misc_RNA"
"ENST00000491732","processed_pseudogene"
"ENST00000491737","protein_coding"
"ENST00000491755","retained_intron"
"ENST00000491764","processed_pseudogene"
"ENST00000491773","protein_coding"
"ENST00000491804","protein_coding"
"ENST00000491809","protein_coding_CDS_not_defined"
"ENST00000491841","protein_coding_CDS_not_defined"
"ENST00000491846","protein_coding"
"ENST00000491849","lncRNA"
"ENST00000491887","misc_RNA"
"ENST00000491909","lncRNA"
"ENST00000491977","IG_V_gene"
"ENST00000492004","processed_pseudogene"
"ENST00000492033","processed_pseudogene"
"ENST00000492063","nonsense_mediated_decay"
"ENST00000492119","retained_intron"
"ENST00000492126","processed_pseudogene"
"ENST00000492161","retained_intron"
"ENST00000492187","protein_coding_CDS_not_defined"
"ENST00000492203","protein_coding_CDS_not_defined"
"ENST00000492227","protein_coding_CDS_not_defined"
"ENST00000492307","lncRNA"
"ENST00000492353","protein_coding"
"ENST00000492365","processed_pseudogene"
"ENST00000492367","retained_intron"
"ENST00000492372","retained_intron"
"ENST00000492373","protein_coding_CDS_not_defined"
"ENST00000492416","lncRNA"
"ENST00000492420","protein_coding_CDS_not_defined"
"ENST00000492424","protein_coding_CDS_not_defined"
"ENST00000492446","IG_V_gene"
"ENST00000492447","processed_pseudogene"
"ENST00000492510","protein_coding"
"ENST00000492514","protein_coding_CDS_not_defined"
"ENST00000492517","processed_pseudogene"
"ENST00000492541","protein_coding"
"ENST00000492545","protein_coding_CDS_not_defined"
"ENST00000492548","protein_coding_CDS_not_defined"
"ENST00000492657","retained_intron"
"ENST00000492743","misc_RNA"
"ENST00000492744","misc_RNA"
"ENST00000492754","protein_coding_CDS_not_defined"
"ENST00000492764","processed_pseudogene"
"ENST00000492781","processed_pseudogene"
"ENST00000492800","retained_intron"
"ENST00000492841","processed_pseudogene"
"ENST00000492851","retained_intron"
"ENST00000492934","retained_intron"
"ENST00000492990","nonsense_mediated_decay"
"ENST00000493003","protein_coding_CDS_not_defined"
"ENST00000493046","retained_intron"
"ENST00000493081","protein_coding_CDS_not_defined"
"ENST00000493088","protein_coding_CDS_not_defined"
"ENST00000493173","protein_coding"
"ENST00000493194","protein_coding_CDS_not_defined"
"ENST00000493218","retained_intron"
"ENST00000493219","processed_pseudogene"
"ENST00000493223","protein_coding_CDS_not_defined"
"ENST00000493240","protein_coding_CDS_not_defined"
"ENST00000493242","retained_intron"
"ENST00000493279","lncRNA"
"ENST00000493291","processed_pseudogene"
"ENST00000493302","protein_coding_CDS_not_defined"
"ENST00000493333","protein_coding"
"ENST00000493390","misc_RNA"
"ENST00000493506","retained_intron"
"ENST00000493565","processed_pseudogene"
"ENST00000493596","protein_coding_CDS_not_defined"
"ENST00000493604","protein_coding_CDS_not_defined"
"ENST00000493639","lncRNA"
"ENST00000493690","protein_coding_CDS_not_defined"
"ENST00000493797","lncRNA"
"ENST00000493849","retained_intron"
"ENST00000493870","protein_coding_CDS_not_defined"
"ENST00000493884","retained_intron"
"ENST00000493933","misc_RNA"
"ENST00000493949","protein_coding_CDS_not_defined"
"ENST00000494017","protein_coding_CDS_not_defined"
"ENST00000494029","nonsense_mediated_decay"
"ENST00000494042","misc_RNA"
"ENST00000494052","processed_pseudogene"
"ENST00000494054","protein_coding"
"ENST00000494096","protein_coding_CDS_not_defined"
"ENST00000494105","nonsense_mediated_decay"
"ENST00000494115","protein_coding"
"ENST00000494128","protein_coding_CDS_not_defined"
"ENST00000494134","misc_RNA"
"ENST00000494176","protein_coding"
"ENST00000494226","processed_pseudogene"
"ENST00000494304","nonsense_mediated_decay"
"ENST00000494322","retained_intron"
"ENST00000494340","lncRNA"
"ENST00000494342","protein_coding_CDS_not_defined"
"ENST00000494377","retained_intron"
"ENST00000494440","protein_coding"
"ENST00000494454","retained_intron"
"ENST00000494487","misc_RNA"
"ENST00000494494","retained_intron"
"ENST00000494496","misc_RNA"
"ENST00000494517","protein_coding"
"ENST00000494599","processed_pseudogene"
"ENST00000494603","retained_intron"
"ENST00000494607","protein_coding_CDS_not_defined"
"ENST00000494640","processed_pseudogene"
"ENST00000494678","retained_intron"
"ENST00000494693","processed_pseudogene"
"ENST00000494711","misc_RNA"
"ENST00000494712","misc_RNA"
"ENST00000494739","processed_pseudogene"
"ENST00000494813","retained_intron"
"ENST00000494827","protein_coding"
"ENST00000494882","processed_pseudogene"
"ENST00000494888","protein_coding"
"ENST00000494902","processed_pseudogene"
"ENST00000494923","processed_pseudogene"
"ENST00000494972","nonsense_mediated_decay"
"ENST00000495097","retained_intron"
"ENST00000495104","processed_pseudogene"
"ENST00000495108","retained_intron"
"ENST00000495129","processed_pseudogene"
"ENST00000495152","protein_coding_CDS_not_defined"
"ENST00000495210","protein_coding_CDS_not_defined"
"ENST00000495216","protein_coding"
"ENST00000495219","retained_intron"
"ENST00000495328","nonsense_mediated_decay"
"ENST00000495357","lncRNA"
"ENST00000495380","protein_coding"
"ENST00000495387","protein_coding_CDS_not_defined"
"ENST00000495438","processed_pseudogene"
"ENST00000495489","IG_V_gene"
"ENST00000495507","protein_coding_CDS_not_defined"
"ENST00000495529","protein_coding"
"ENST00000495531","processed_pseudogene"
"ENST00000495536","lncRNA"
"ENST00000495560","processed_pseudogene"
"ENST00000495602","processed_pseudogene"
"ENST00000495651","misc_RNA"
"ENST00000495697","processed_pseudogene"
"ENST00000495700","retained_intron"
"ENST00000495715","protein_coding_CDS_not_defined"
"ENST00000495824","protein_coding_CDS_not_defined"
"ENST00000495870","protein_coding_CDS_not_defined"
"ENST00000495876","protein_coding_CDS_not_defined"
"ENST00000495905","protein_coding_CDS_not_defined"
"ENST00000495907","protein_coding_CDS_not_defined"
"ENST00000495922","protein_coding_CDS_not_defined"
"ENST00000495928","retained_intron"
"ENST00000495944","processed_pseudogene"
"ENST00000495988","protein_coding_CDS_not_defined"
"ENST00000496026","protein_coding_CDS_not_defined"
"ENST00000496036","lncRNA"
"ENST00000496045","protein_coding"
"ENST00000496058","processed_pseudogene"
"ENST00000496070","protein_coding_CDS_not_defined"
"ENST00000496084",NA
"ENST00000496133","protein_coding_CDS_not_defined"
"ENST00000496137","nonsense_mediated_decay"
"ENST00000496148","misc_RNA"
"ENST00000496190","protein_coding_CDS_not_defined"
"ENST00000496201","protein_coding_CDS_not_defined"
"ENST00000496212","protein_coding"
"ENST00000496228","protein_coding_CDS_not_defined"
"ENST00000496251","protein_coding_CDS_not_defined"
"ENST00000496296","retained_intron"
"ENST00000496322","protein_coding_CDS_not_defined"
"ENST00000496365","protein_coding_CDS_not_defined"
"ENST00000496414","lncRNA"
"ENST00000496422","retained_intron"
"ENST00000496500","protein_coding_CDS_not_defined"
"ENST00000496510","protein_coding_CDS_not_defined"
"ENST00000496512","processed_pseudogene"
"ENST00000496522","protein_coding_CDS_not_defined"
"ENST00000496530","protein_coding_CDS_not_defined"
"ENST00000496585","protein_coding_CDS_not_defined"
"ENST00000496611","protein_coding"
"ENST00000496619","protein_coding"
"ENST00000496620","unprocessed_pseudogene"
"ENST00000496664","nonsense_mediated_decay"
"ENST00000496773","transcribed_unprocessed_pseudogene"
"ENST00000496780","misc_RNA"
"ENST00000496785","protein_coding_CDS_not_defined"
"ENST00000496807","protein_coding"
"ENST00000496826","retained_intron"
"ENST00000496829","lncRNA"
"ENST00000496841","retained_intron"
"ENST00000496848","protein_coding_CDS_not_defined"
"ENST00000496868","unprocessed_pseudogene"
"ENST00000496923","protein_coding_CDS_not_defined"
"ENST00000496938","protein_coding_CDS_not_defined"
"ENST00000496981","protein_coding_CDS_not_defined"
"ENST00000497072","protein_coding_CDS_not_defined"
"ENST00000497096","misc_RNA"
"ENST00000497145","protein_coding_CDS_not_defined"
"ENST00000497152","retained_intron"
"ENST00000497180","protein_coding_CDS_not_defined"
"ENST00000497185","protein_coding_CDS_not_defined"
"ENST00000497213","protein_coding_CDS_not_defined"
"ENST00000497218","processed_pseudogene"
"ENST00000497236","protein_coding_CDS_not_defined"
"ENST00000497258","lncRNA"
"ENST00000497270","nonsense_mediated_decay"
"ENST00000497285","lncRNA"
"ENST00000497318","protein_coding"
"ENST00000497371","nonsense_mediated_decay"
"ENST00000497382","protein_coding"
"ENST00000497388","retained_intron"
"ENST00000497407","protein_coding_CDS_not_defined"
"ENST00000497408","misc_RNA"
"ENST00000497446","protein_coding_CDS_not_defined"
"ENST00000497450","protein_coding"
"ENST00000497451","protein_coding_CDS_not_defined"
"ENST00000497474","retained_intron"
"ENST00000497502","retained_intron"
"ENST00000497504","misc_RNA"
"ENST00000497554","protein_coding_CDS_not_defined"
"ENST00000497570","protein_coding_CDS_not_defined"
"ENST00000497628","protein_coding_CDS_not_defined"
"ENST00000497642","nonsense_mediated_decay"
"ENST00000497648","protein_coding_CDS_not_defined"
"ENST00000497649","protein_coding"
"ENST00000497708","transcribed_processed_pseudogene"
"ENST00000497718","transcribed_unprocessed_pseudogene"
"ENST00000497728","protein_coding_CDS_not_defined"
"ENST00000497730","protein_coding_CDS_not_defined"
"ENST00000497750","protein_coding"
"ENST00000497764","protein_coding_CDS_not_defined"
"ENST00000497804","protein_coding_CDS_not_defined"
"ENST00000497838","protein_coding"
"ENST00000497848","misc_RNA"
"ENST00000497869","retained_intron"
"ENST00000497870","protein_coding"
"ENST00000497872","IG_C_gene"
"ENST00000497889","protein_coding_CDS_not_defined"
"ENST00000497925","misc_RNA"
"ENST00000497948","protein_coding"
"ENST00000497996","lncRNA"
"ENST00000498019","protein_coding_CDS_not_defined"
"ENST00000498160","protein_coding"
"ENST00000498163","processed_pseudogene"
"ENST00000498198","processed_pseudogene"
"ENST00000498233","lncRNA"
"ENST00000498257","protein_coding"
"ENST00000498264","protein_coding_CDS_not_defined"
"ENST00000498293","processed_pseudogene"
"ENST00000498296","processed_pseudogene"
"ENST00000498352","retained_intron"
"ENST00000498375","retained_intron"
"ENST00000498413","lncRNA"
"ENST00000498423","retained_intron"
"ENST00000498424","retained_intron"
"ENST00000498426","protein_coding_CDS_not_defined"
"ENST00000498441","protein_coding_CDS_not_defined"
"ENST00000498457","lncRNA"
"ENST00000498463","protein_coding_CDS_not_defined"
"ENST00000498470","protein_coding"
"ENST00000498478","protein_coding_CDS_not_defined"
"ENST00000498480","lncRNA"
"ENST00000498493","protein_coding_CDS_not_defined"
"ENST00000498496","retained_intron"
"ENST00000498515","processed_pseudogene"
"ENST00000498560","transcribed_processed_pseudogene"
"ENST00000498588","retained_intron"
"ENST00000498594","retained_intron"
"ENST00000498609","protein_coding_CDS_not_defined"
"ENST00000498686","misc_RNA"
"ENST00000498708","retained_intron"
"ENST00000498725","protein_coding_CDS_not_defined"
"ENST00000498734","lncRNA"
"ENST00000498739","protein_coding"
"ENST00000498779","processed_pseudogene"
"ENST00000498784","retained_intron"
"ENST00000498818","protein_coding_CDS_not_defined"
"ENST00000498938","lncRNA"
"ENST00000498940","lncRNA"
"ENST00000499390","lncRNA"
"ENST00000499452","lncRNA"
"ENST00000499715","lncRNA"
"ENST00000500117","lncRNA"
"ENST00000500180","lncRNA"
"ENST00000500254","protein_coding"
"ENST00000500258","lncRNA"
"ENST00000500487","lncRNA"
"ENST00000500498","lncRNA"
"ENST00000500502","lncRNA"
"ENST00000500777","protein_coding"
"ENST00000501248","processed_pseudogene"
"ENST00000501648","lncRNA"
"ENST00000501718","lncRNA"
"ENST00000501886","lncRNA"
"ENST00000502100","lncRNA"
"ENST00000502291","lncRNA"
"ENST00000502306","processed_pseudogene"
"ENST00000502312","unprocessed_pseudogene"
"ENST00000502327","protein_coding_CDS_not_defined"
"ENST00000502343","protein_coding_CDS_not_defined"
"ENST00000502347","processed_pseudogene"
"ENST00000502365","retained_intron"
"ENST00000502376","processed_pseudogene"
"ENST00000502384","protein_coding"
"ENST00000502392","protein_coding"
"ENST00000502445","processed_pseudogene"
"ENST00000502448","retained_intron"
"ENST00000502456","nonsense_mediated_decay"
"ENST00000502494","lncRNA"
"ENST00000502500","protein_coding"
"ENST00000502515","lncRNA"
"ENST00000502543","protein_coding_CDS_not_defined"
"ENST00000502546","processed_pseudogene"
"ENST00000502557","protein_coding"
"ENST00000502566","lncRNA"
"ENST00000502591","unprocessed_pseudogene"
"ENST00000502605","processed_pseudogene"
"ENST00000502633","unprocessed_pseudogene"
"ENST00000502647","lncRNA"
"ENST00000502652","transcribed_unprocessed_pseudogene"
"ENST00000502655","protein_coding_CDS_not_defined"
"ENST00000502661","lncRNA"
"ENST00000502679","retained_intron"
"ENST00000502691","transcribed_processed_pseudogene"
"ENST00000502741","nonsense_mediated_decay"
"ENST00000502748","processed_pseudogene"
"ENST00000502775","retained_intron"
"ENST00000502787","transcribed_processed_pseudogene"
"ENST00000502804","processed_pseudogene"
"ENST00000502816","retained_intron"
"ENST00000502835","nonsense_mediated_decay"
"ENST00000502846","lncRNA"
"ENST00000502853","processed_pseudogene"
"ENST00000502859","unprocessed_pseudogene"
"ENST00000502861","lncRNA"
"ENST00000502884","processed_pseudogene"
"ENST00000502936","lncRNA"
"ENST00000502955","protein_coding"
"ENST00000502975","retained_intron"
"ENST00000502986","protein_coding"
"ENST00000502989","processed_pseudogene"
"ENST00000502993","lncRNA"
"ENST00000503012","nonsense_mediated_decay"
"ENST00000503017","lncRNA"
"ENST00000503029","unprocessed_pseudogene"
"ENST00000503046","protein_coding"
"ENST00000503048","lncRNA"
"ENST00000503060","nonsense_mediated_decay"
"ENST00000503065","protein_coding_CDS_not_defined"
"ENST00000503087","protein_coding"
"ENST00000503089","unprocessed_pseudogene"
"ENST00000503091","lncRNA"
"ENST00000503095","lncRNA"
"ENST00000503102","transcribed_processed_pseudogene"
"ENST00000503137","processed_pseudogene"
"ENST00000503150","nonsense_mediated_decay"
"ENST00000503165","protein_coding_CDS_not_defined"
"ENST00000503167","lncRNA"
"ENST00000503218","lncRNA"
"ENST00000503228","protein_coding"
"ENST00000503232","lncRNA"
"ENST00000503242","lncRNA"
"ENST00000503255","retained_intron"
"ENST00000503269","lncRNA"
"ENST00000503270","processed_pseudogene"
"ENST00000503280","protein_coding_CDS_not_defined"
"ENST00000503285","protein_coding"
"ENST00000503319","unprocessed_pseudogene"
"ENST00000503320","lncRNA"
"ENST00000503329","nonsense_mediated_decay"
"ENST00000503349","lncRNA"
"ENST00000503352","protein_coding_CDS_not_defined"
"ENST00000503355","processed_pseudogene"
"ENST00000503372","processed_pseudogene"
"ENST00000503381","processed_pseudogene"
"ENST00000503416","retained_intron"
"ENST00000503423","protein_coding"
"ENST00000503460","processed_pseudogene"
"ENST00000503471","unprocessed_pseudogene"
"ENST00000503516","protein_coding"
"ENST00000503549","processed_pseudogene"
"ENST00000503577","lncRNA"
"ENST00000503593","lncRNA"
"ENST00000503598","processed_pseudogene"
"ENST00000503650","lncRNA"
"ENST00000503681","processed_pseudogene"
"ENST00000503710","lncRNA"
"ENST00000503722","unprocessed_pseudogene"
"ENST00000503735","processed_pseudogene"
"ENST00000503757","lncRNA"
"ENST00000503760","nonsense_mediated_decay"
"ENST00000503765","protein_coding"
"ENST00000503770","processed_pseudogene"
"ENST00000503778","lncRNA"
"ENST00000503828","protein_coding"
"ENST00000503845","nonsense_mediated_decay"
"ENST00000503854","unprocessed_pseudogene"
"ENST00000503863","processed_pseudogene"
"ENST00000503893","lncRNA"
"ENST00000503897","processed_pseudogene"
"ENST00000503898","protein_coding_CDS_not_defined"
"ENST00000503899","transcribed_unprocessed_pseudogene"
"ENST00000503904","protein_coding_CDS_not_defined"
"ENST00000503908","nonsense_mediated_decay"
"ENST00000503910","transcribed_unprocessed_pseudogene"
"ENST00000503916","protein_coding_CDS_not_defined"
"ENST00000503929","lncRNA"
"ENST00000503933","unitary_pseudogene"
"ENST00000503938","lncRNA"
"ENST00000503966","processed_pseudogene"
"ENST00000504006","unprocessed_pseudogene"
"ENST00000504043","retained_intron"
"ENST00000504046","lncRNA"
"ENST00000504057","lncRNA"
"ENST00000504062","protein_coding"
"ENST00000504072","processed_pseudogene"
"ENST00000504093","processed_pseudogene"
"ENST00000504115","retained_intron"
"ENST00000504144","lncRNA"
"ENST00000504148","protein_coding"
"ENST00000504165","lncRNA"
"ENST00000504193","processed_pseudogene"
"ENST00000504199","protein_coding"
"ENST00000504252","processed_pseudogene"
"ENST00000504272","protein_coding_CDS_not_defined"
"ENST00000504283","processed_pseudogene"
"ENST00000504290","protein_coding"
"ENST00000504322","transcribed_processed_pseudogene"
"ENST00000504344","lncRNA"
"ENST00000504349","lncRNA"
"ENST00000504357","lncRNA"
"ENST00000504368","lncRNA"
"ENST00000504369","lncRNA"
"ENST00000504370","processed_pseudogene"
"ENST00000504372","processed_pseudogene"
"ENST00000504394","lncRNA"
"ENST00000504464","nonsense_mediated_decay"
"ENST00000504531","lncRNA"
"ENST00000504533","transcribed_unprocessed_pseudogene"
"ENST00000504537","lncRNA"
"ENST00000504542","protein_coding"
"ENST00000504544","nonsense_mediated_decay"
"ENST00000504552","lncRNA"
"ENST00000504605","protein_coding_CDS_not_defined"
"ENST00000504618","protein_coding_CDS_not_defined"
"ENST00000504625","protein_coding"
"ENST00000504632","protein_coding_CDS_not_defined"
"ENST00000504640","processed_pseudogene"
"ENST00000504650","lncRNA"
"ENST00000504659","unprocessed_pseudogene"
"ENST00000504665","lncRNA"
"ENST00000504693","transcribed_processed_pseudogene"
"ENST00000504706","retained_intron"
"ENST00000504735","lncRNA"
"ENST00000504749","unprocessed_pseudogene"
"ENST00000504752","processed_pseudogene"
"ENST00000504753","protein_coding_CDS_not_defined"
"ENST00000504765",NA
"ENST00000504819","protein_coding"
"ENST00000504843","processed_pseudogene"
"ENST00000504861","lncRNA"
"ENST00000504865","lncRNA"
"ENST00000504874","lncRNA"
"ENST00000504882","lncRNA"
"ENST00000504893","retained_intron"
"ENST00000504936","retained_intron"
"ENST00000504957","lncRNA"
"ENST00000504991","processed_pseudogene"
"ENST00000505000","lncRNA"
"ENST00000505006","protein_coding_CDS_not_defined"
"ENST00000505018","lncRNA"
"ENST00000505023","protein_coding_CDS_not_defined"
"ENST00000505048","processed_pseudogene"
"ENST00000505050",NA
"ENST00000505091","lncRNA"
"ENST00000505094","protein_coding"
"ENST00000505115","transcribed_unprocessed_pseudogene"
"ENST00000505156","lncRNA"
"ENST00000505158","lncRNA"
"ENST00000505159","protein_coding_CDS_not_defined"
"ENST00000505162","lncRNA"
"ENST00000505166","lncRNA"
"ENST00000505178","lncRNA"
"ENST00000505189","protein_coding"
"ENST00000505197","protein_coding"
"ENST00000505200","lncRNA"
"ENST00000505268","protein_coding_CDS_not_defined"
"ENST00000505272","processed_pseudogene"
"ENST00000505273","processed_pseudogene"
"ENST00000505275","processed_pseudogene"
"ENST00000505291","processed_pseudogene"
"ENST00000505297","protein_coding_CDS_not_defined"
"ENST00000505300","protein_coding_CDS_not_defined"
"ENST00000505305","protein_coding_CDS_not_defined"
"ENST00000505323","protein_coding_CDS_not_defined"
"ENST00000505367","processed_pseudogene"
"ENST00000505369","processed_pseudogene"
"ENST00000505371","lncRNA"
"ENST00000505394","protein_coding_CDS_not_defined"
"ENST00000505403","protein_coding"
"ENST00000505404","lncRNA"
"ENST00000505420","protein_coding"
"ENST00000505436","lncRNA"
"ENST00000505438","processed_pseudogene"
"ENST00000505440","protein_coding"
"ENST00000505442","processed_pseudogene"
"ENST00000505444","processed_pseudogene"
"ENST00000505494","lncRNA"
"ENST00000505498","lncRNA"
"ENST00000505518","lncRNA"
"ENST00000505564","lncRNA"
"ENST00000505567","lncRNA"
"ENST00000505575","lncRNA"
"ENST00000505577","unprocessed_pseudogene"
"ENST00000505579","lncRNA"
"ENST00000505586","lncRNA"
"ENST00000505598","processed_pseudogene"
"ENST00000505620","transcribed_processed_pseudogene"
"ENST00000505629","processed_pseudogene"
"ENST00000505641","processed_pseudogene"
"ENST00000505644","retained_intron"
"ENST00000505650","protein_coding"
"ENST00000505671","unprocessed_pseudogene"
"ENST00000505698","protein_coding"
"ENST00000505711","processed_pseudogene"
"ENST00000505741","lncRNA"
"ENST00000505749","processed_pseudogene"
"ENST00000505750","transcribed_unprocessed_pseudogene"
"ENST00000505761","retained_intron"
"ENST00000505780","processed_pseudogene"
"ENST00000505781","lncRNA"
"ENST00000505809","processed_pseudogene"
"ENST00000505824","lncRNA"
"ENST00000505844","lncRNA"
"ENST00000505889","processed_pseudogene"
"ENST00000505898","processed_pseudogene"
"ENST00000505908","lncRNA"
"ENST00000505922","protein_coding"
"ENST00000505925","processed_pseudogene"
"ENST00000505950","lncRNA"
"ENST00000505951","processed_pseudogene"
"ENST00000505953","processed_pseudogene"
"ENST00000505955","lncRNA"
"ENST00000506007","retained_intron"
"ENST00000506011","protein_coding_CDS_not_defined"
"ENST00000506021","lncRNA"
"ENST00000506027","processed_pseudogene"
"ENST00000506036","processed_pseudogene"
"ENST00000506038","processed_pseudogene"
"ENST00000506058","lncRNA"
"ENST00000506077","processed_pseudogene"
"ENST00000506093","lncRNA"
"ENST00000506095","unprocessed_pseudogene"
"ENST00000506102","retained_intron"
"ENST00000506106","lncRNA"
"ENST00000506115","protein_coding_CDS_not_defined"
"ENST00000506118","retained_intron"
"ENST00000506124","processed_pseudogene"
"ENST00000506156","protein_coding"
"ENST00000506170","processed_pseudogene"
"ENST00000506171","protein_coding_CDS_not_defined"
"ENST00000506196","lncRNA"
"ENST00000506236","unprocessed_pseudogene"
"ENST00000506238","nonsense_mediated_decay"
"ENST00000506242","retained_intron"
"ENST00000506243","protein_coding_CDS_not_defined"
"ENST00000506247","lncRNA"
"ENST00000506265","lncRNA"
"ENST00000506305","lncRNA"
"ENST00000506306","unprocessed_pseudogene"
"ENST00000506330","lncRNA"
"ENST00000506382","protein_coding"
"ENST00000506392","lncRNA"
"ENST00000506394","lncRNA"
"ENST00000506418","protein_coding_CDS_not_defined"
"ENST00000506420","lncRNA"
"ENST00000506450","processed_pseudogene"
"ENST00000506452","unprocessed_pseudogene"
"ENST00000506459","processed_pseudogene"
"ENST00000506471","lncRNA"
"ENST00000506481","processed_pseudogene"
"ENST00000506486","lncRNA"
"ENST00000506494","unprocessed_pseudogene"
"ENST00000506512","retained_intron"
"ENST00000506517","protein_coding_CDS_not_defined"
"ENST00000506526","nonsense_mediated_decay"
"ENST00000506540","processed_pseudogene"
"ENST00000506543","processed_pseudogene"
"ENST00000506546","processed_pseudogene"
"ENST00000506550","lncRNA"
"ENST00000506557","protein_coding"
"ENST00000506559","processed_pseudogene"
"ENST00000506562","lncRNA"
"ENST00000506564","protein_coding"
"ENST00000506566","processed_pseudogene"
"ENST00000506570","processed_pseudogene"
"ENST00000506576","retained_intron"
"ENST00000506607",NA
"ENST00000506634","transcribed_processed_pseudogene"
"ENST00000506658","processed_pseudogene"
"ENST00000506664","lncRNA"
"ENST00000506666","protein_coding"
"ENST00000506676","unprocessed_pseudogene"
"ENST00000506678","processed_pseudogene"
"ENST00000506723","lncRNA"
"ENST00000506729","protein_coding"
"ENST00000506771","processed_pseudogene"
"ENST00000506790","processed_pseudogene"
"ENST00000506803","unprocessed_pseudogene"
"ENST00000506837","processed_pseudogene"
"ENST00000506841","protein_coding"
"ENST00000506854","processed_pseudogene"
"ENST00000506896","protein_coding_CDS_not_defined"
"ENST00000506900","protein_coding_CDS_not_defined"
"ENST00000506922","unprocessed_pseudogene"
"ENST00000506933","lncRNA"
"ENST00000506950","lncRNA"
"ENST00000506979","protein_coding"
"ENST00000506989","unprocessed_pseudogene"
"ENST00000507006","processed_pseudogene"
"ENST00000507016","protein_coding_CDS_not_defined"
"ENST00000507027","lncRNA"
"ENST00000507028","protein_coding_CDS_not_defined"
"ENST00000507035","lncRNA"
"ENST00000507042","processed_pseudogene"
"ENST00000507050","lncRNA"
"ENST00000507055","transcribed_unprocessed_pseudogene"
"ENST00000507058","lncRNA"
"ENST00000507063","nonsense_mediated_decay"
"ENST00000507069","protein_coding"
"ENST00000507108","lncRNA"
"ENST00000507124","retained_intron"
"ENST00000507168","protein_coding"
"ENST00000507189","processed_pseudogene"
"ENST00000507200","nonsense_mediated_decay"
"ENST00000507221","protein_coding"
"ENST00000507222","lncRNA"
"ENST00000507236","lncRNA"
"ENST00000507289","unprocessed_pseudogene"
"ENST00000507299","lncRNA"
"ENST00000507308","processed_pseudogene"
"ENST00000507315","processed_pseudogene"
"ENST00000507317","processed_pseudogene"
"ENST00000507326","processed_pseudogene"
"ENST00000507360","protein_coding_CDS_not_defined"
"ENST00000507372","retained_intron"
"ENST00000507374","protein_coding_CDS_not_defined"
"ENST00000507389","lncRNA"
"ENST00000507399","processed_pseudogene"
"ENST00000507407","retained_intron"
"ENST00000507438","protein_coding"
"ENST00000507450","protein_coding"
"ENST00000507467","protein_coding"
"ENST00000507476","lncRNA"
"ENST00000507495","protein_coding_CDS_not_defined"
"ENST00000507497","processed_pseudogene"
"ENST00000507509","lncRNA"
"ENST00000507524","processed_pseudogene"
"ENST00000507525","lncRNA"
"ENST00000507526","lncRNA"
"ENST00000507552","protein_coding_CDS_not_defined"
"ENST00000507563","protein_coding"
"ENST00000507581","protein_coding_CDS_not_defined"
"ENST00000507585","unprocessed_pseudogene"
"ENST00000507600","lncRNA"
"ENST00000507627","lncRNA"
"ENST00000507644","lncRNA"
"ENST00000507649","processed_pseudogene"
"ENST00000507651","processed_pseudogene"
"ENST00000507674","lncRNA"
"ENST00000507704","protein_coding"
"ENST00000507715","processed_pseudogene"
"ENST00000507733","lncRNA"
"ENST00000507740","protein_coding"
"ENST00000507759","lncRNA"
"ENST00000507767","unprocessed_pseudogene"
"ENST00000507775","unprocessed_pseudogene"
"ENST00000507778","processed_pseudogene"
"ENST00000507805","retained_intron"
"ENST00000507808","lncRNA"
"ENST00000507811","processed_pseudogene"
"ENST00000507830","protein_coding_CDS_not_defined"
"ENST00000507857","lncRNA"
"ENST00000507871","processed_pseudogene"
"ENST00000507882","processed_pseudogene"
"ENST00000507892","protein_coding"
"ENST00000507903","processed_pseudogene"
"ENST00000507927","protein_coding"
"ENST00000507932","lncRNA"
"ENST00000507953","protein_coding_CDS_not_defined"
"ENST00000507977","protein_coding_CDS_not_defined"
"ENST00000507985","processed_pseudogene"
"ENST00000507994","retained_intron"
"ENST00000508010","lncRNA"
"ENST00000508017","nonsense_mediated_decay"
"ENST00000508027","retained_intron"
"ENST00000508037","processed_pseudogene"
"ENST00000508038","lncRNA"
"ENST00000508061","protein_coding_CDS_not_defined"
"ENST00000508068","processed_pseudogene"
"ENST00000508083","lncRNA"
"ENST00000508085","retained_intron"
"ENST00000508099","lncRNA"
"ENST00000508112","lncRNA"
"ENST00000508118","lncRNA"
"ENST00000508135","lncRNA"
"ENST00000508144","retained_intron"
"ENST00000508151","unprocessed_pseudogene"
"ENST00000508165","processed_pseudogene"
"ENST00000508166","protein_coding_LoF"
"ENST00000508216","protein_coding"
"ENST00000508225","processed_pseudogene"
"ENST00000508226","processed_pseudogene"
"ENST00000508231","processed_pseudogene"
"ENST00000508263","lncRNA"
"ENST00000508270","protein_coding"
"ENST00000508316","processed_pseudogene"
"ENST00000508324","transcribed_unprocessed_pseudogene"
"ENST00000508336","processed_pseudogene"
"ENST00000508358","lncRNA"
"ENST00000508374","lncRNA"
"ENST00000508385","protein_coding"
"ENST00000508389","lncRNA"
"ENST00000508390","transcribed_processed_pseudogene"
"ENST00000508435","processed_pseudogene"
"ENST00000508437","lncRNA"
"ENST00000508438","retained_intron"
"ENST00000508460","processed_pseudogene"
"ENST00000508535","protein_coding_CDS_not_defined"
"ENST00000508547","lncRNA"
"ENST00000508555","lncRNA"
"ENST00000508563","lncRNA"
"ENST00000508565","transcribed_processed_pseudogene"
"ENST00000508566","processed_pseudogene"
"ENST00000508578","lncRNA"
"ENST00000508580","protein_coding_CDS_not_defined"
"ENST00000508581","lncRNA"
"ENST00000508631","processed_pseudogene"
"ENST00000508655","processed_pseudogene"
"ENST00000508672","transcribed_unprocessed_pseudogene"
"ENST00000508696","lncRNA"
"ENST00000508733","protein_coding"
"ENST00000508752","lncRNA"
"ENST00000508758","protein_coding"
"ENST00000508760","protein_coding"
"ENST00000508765","retained_intron"
"ENST00000508794","retained_intron"
"ENST00000508796","processed_pseudogene"
"ENST00000508800","protein_coding_CDS_not_defined"
"ENST00000508815","lncRNA"
"ENST00000508817","nonsense_mediated_decay"
"ENST00000508823","lncRNA"
"ENST00000508829","lncRNA"
"ENST00000508832","lncRNA"
"ENST00000508845","lncRNA"
"ENST00000508853","lncRNA"
"ENST00000508857","unprocessed_pseudogene"
"ENST00000508893","processed_pseudogene"
"ENST00000508904","processed_pseudogene"
"ENST00000508941","protein_coding"
"ENST00000508942","lncRNA"
"ENST00000508947","protein_coding"
"ENST00000508964","lncRNA"
"ENST00000508984","processed_pseudogene"
"ENST00000508988","transcribed_unprocessed_pseudogene"
"ENST00000508992","lncRNA"
"ENST00000508999","unprocessed_pseudogene"
"ENST00000509024","retained_intron"
"ENST00000509054","processed_pseudogene"
"ENST00000509058","lncRNA"
"ENST00000509072","protein_coding"
"ENST00000509087","protein_coding"
"ENST00000509105","lncRNA"
"ENST00000509131","processed_pseudogene"
"ENST00000509136","lncRNA"
"ENST00000509139","lncRNA"
"ENST00000509146","protein_coding"
"ENST00000509161","lncRNA"
"ENST00000509167","protein_coding"
"ENST00000509168","protein_coding_CDS_not_defined"
"ENST00000509172","protein_coding"
"ENST00000509186","protein_coding"
"ENST00000509187","processed_pseudogene"
"ENST00000509191","lncRNA"
"ENST00000509197","transcribed_unprocessed_pseudogene"
"ENST00000509261","transcribed_unprocessed_pseudogene"
"ENST00000509274","nonsense_mediated_decay"
"ENST00000509304","unprocessed_pseudogene"
"ENST00000509325","processed_pseudogene"
"ENST00000509331","protein_coding_CDS_not_defined"
"ENST00000509351","retained_intron"
"ENST00000509352","processed_pseudogene"
"ENST00000509355","retained_intron"
"ENST00000509360","lncRNA"
"ENST00000509365","processed_pseudogene"
"ENST00000509367","lncRNA"
"ENST00000509373","protein_coding"
"ENST00000509429","protein_coding_CDS_not_defined"
"ENST00000509439","transcribed_unprocessed_pseudogene"
"ENST00000509452","protein_coding"
"ENST00000509466","processed_pseudogene"
"ENST00000509483","processed_pseudogene"
"ENST00000509488","processed_pseudogene"
"ENST00000509496","lncRNA"
"ENST00000509498","processed_pseudogene"
"ENST00000509530","lncRNA"
"ENST00000509542","unprocessed_pseudogene"
"ENST00000509548","lncRNA"
"ENST00000509568","lncRNA"
"ENST00000509594","protein_coding"
"ENST00000509606","retained_intron"
"ENST00000509607","protein_coding_CDS_not_defined"
"ENST00000509628","lncRNA"
"ENST00000509633","nonsense_mediated_decay"
"ENST00000509639","protein_coding"
"ENST00000509641","lncRNA"
"ENST00000509651","processed_pseudogene"
"ENST00000509671","lncRNA"
"ENST00000509673","processed_pseudogene"
"ENST00000509680","processed_pseudogene"
"ENST00000509723","lncRNA"
"ENST00000509729","transcribed_unprocessed_pseudogene"
"ENST00000509738","retained_intron"
"ENST00000509754","protein_coding_CDS_not_defined"
"ENST00000509755","processed_pseudogene"
"ENST00000509782","lncRNA"
"ENST00000509798","lncRNA"
"ENST00000509821","processed_pseudogene"
"ENST00000509832","protein_coding"
"ENST00000509844","lncRNA"
"ENST00000509851","retained_intron"
"ENST00000509868","protein_coding_CDS_not_defined"
"ENST00000509873","lncRNA"
"ENST00000509881","processed_pseudogene"
"ENST00000509896","protein_coding"
"ENST00000509920","unprocessed_pseudogene"
"ENST00000509926","processed_pseudogene"
"ENST00000509929","processed_pseudogene"
"ENST00000509930","processed_pseudogene"
"ENST00000509945","processed_pseudogene"
"ENST00000509962","protein_coding_CDS_not_defined"
"ENST00000509971","protein_coding"
"ENST00000509977","protein_coding_CDS_not_defined"
"ENST00000509986","processed_pseudogene"
"ENST00000509988","nonsense_mediated_decay"
"ENST00000510008","unprocessed_pseudogene"
"ENST00000510033","protein_coding_CDS_not_defined"
"ENST00000510049","lncRNA"
"ENST00000510050","processed_pseudogene"
"ENST00000510053","processed_pseudogene"
"ENST00000510057","processed_pseudogene"
"ENST00000510065","lncRNA"
"ENST00000510067","lncRNA"
"ENST00000510072","protein_coding_CDS_not_defined"
"ENST00000510090","processed_pseudogene"
"ENST00000510137","lncRNA"
"ENST00000510145","lncRNA"
"ENST00000510149","protein_coding_CDS_not_defined"
"ENST00000510160","processed_pseudogene"
"ENST00000510162","processed_pseudogene"
"ENST00000510169","lncRNA"
"ENST00000510180","lncRNA"
"ENST00000510182","processed_pseudogene"
"ENST00000510230","lncRNA"
"ENST00000510238","lncRNA"
"ENST00000510257","processed_pseudogene"
"ENST00000510300","protein_coding_CDS_not_defined"
"ENST00000510302","lncRNA"
"ENST00000510318","protein_coding_CDS_not_defined"
"ENST00000510337","processed_pseudogene"
"ENST00000510343","retained_intron"
"ENST00000510352","processed_pseudogene"
"ENST00000510368","processed_pseudogene"
"ENST00000510385","protein_coding"
"ENST00000510416","lncRNA"
"ENST00000510417","processed_pseudogene"
"ENST00000510435","lncRNA"
"ENST00000510455","processed_pseudogene"
"ENST00000510471","unprocessed_pseudogene"
"ENST00000510485","transcribed_unprocessed_pseudogene"
"ENST00000510497","protein_coding_CDS_not_defined"
"ENST00000510512","lncRNA"
"ENST00000510542","protein_coding_CDS_not_defined"
"ENST00000510547","unprocessed_pseudogene"
"ENST00000510572","unprocessed_pseudogene"
"ENST00000510583","lncRNA"
"ENST00000510588","processed_pseudogene"
"ENST00000510589","processed_pseudogene"
"ENST00000510595","protein_coding"
"ENST00000510602","lncRNA"
"ENST00000510606","processed_pseudogene"
"ENST00000510614","protein_coding"
"ENST00000510704","protein_coding"
"ENST00000510707","processed_pseudogene"
"ENST00000510713","processed_pseudogene"
"ENST00000510737","protein_coding_CDS_not_defined"
"ENST00000510748","processed_pseudogene"
"ENST00000510758","lncRNA"
"ENST00000510764","lncRNA"
"ENST00000510772","lncRNA"
"ENST00000510773","processed_pseudogene"
"ENST00000510821","protein_coding"
"ENST00000510832","lncRNA"
"ENST00000510850","retained_intron"
"ENST00000510851","unprocessed_pseudogene"
"ENST00000510856","retained_intron"
"ENST00000510860","unprocessed_pseudogene"
"ENST00000510897","lncRNA"
"ENST00000510915","protein_coding"
"ENST00000510932","processed_pseudogene"
"ENST00000510938","lncRNA"
"ENST00000510941","lncRNA"
"ENST00000510983","processed_pseudogene"
"ENST00000510998","protein_coding"
"ENST00000511007","processed_pseudogene"
"ENST00000511013","lncRNA"
"ENST00000511039","unprocessed_pseudogene"
"ENST00000511055","retained_intron"
"ENST00000511056","retained_intron"
"ENST00000511073","lncRNA"
"ENST00000511084","processed_pseudogene"
"ENST00000511094","processed_pseudogene"
"ENST00000511110","transcribed_unprocessed_pseudogene"
"ENST00000511113","protein_coding"
"ENST00000511140","protein_coding_CDS_not_defined"
"ENST00000511145","protein_coding_CDS_not_defined"
"ENST00000511165","lncRNA"
"ENST00000511174","lncRNA"
"ENST00000511182","lncRNA"
"ENST00000511188","protein_coding"
"ENST00000511198","nonsense_mediated_decay"
"ENST00000511215","processed_pseudogene"
"ENST00000511235","protein_coding_CDS_not_defined"
"ENST00000511259","processed_pseudogene"
"ENST00000511263","processed_pseudogene"
"ENST00000511265","processed_pseudogene"
"ENST00000511279","lncRNA"
"ENST00000511286","processed_pseudogene"
"ENST00000511305","protein_coding"
"ENST00000511318","processed_pseudogene"
"ENST00000511324","protein_coding"
"ENST00000511330","lncRNA"
"ENST00000511332","protein_coding"
"ENST00000511346","lncRNA"
"ENST00000511351","unprocessed_pseudogene"
"ENST00000511356","retained_intron"
"ENST00000511357","processed_pseudogene"
"ENST00000511359","processed_pseudogene"
"ENST00000511385","lncRNA"
"ENST00000511386","processed_pseudogene"
"ENST00000511390","lncRNA"
"ENST00000511395","lncRNA"
"ENST00000511413","protein_coding"
"ENST00000511418","lncRNA"
"ENST00000511431","lncRNA"
"ENST00000511453","lncRNA"
"ENST00000511468","lncRNA"
"ENST00000511476","processed_pseudogene"
"ENST00000511482","protein_coding_CDS_not_defined"
"ENST00000511491","protein_coding"
"ENST00000511509","transcribed_unprocessed_pseudogene"
"ENST00000511513","processed_pseudogene"
"ENST00000511514","lncRNA"
"ENST00000511516","nonsense_mediated_decay"
"ENST00000511519","protein_coding"
"ENST00000511527","nonsense_mediated_decay"
"ENST00000511567","protein_coding"
"ENST00000511603","lncRNA"
"ENST00000511607","processed_pseudogene"
"ENST00000511619","unprocessed_pseudogene"
"ENST00000511631","lncRNA"
"ENST00000511645","processed_pseudogene"
"ENST00000511702","processed_pseudogene"
"ENST00000511703","lncRNA"
"ENST00000511720","lncRNA"
"ENST00000511721","lncRNA"
"ENST00000511727","processed_pseudogene"
"ENST00000511735","lncRNA"
"ENST00000511745","transcribed_unprocessed_pseudogene"
"ENST00000511749","lncRNA"
"ENST00000511758","lncRNA"
"ENST00000511762","protein_coding"
"ENST00000511788","processed_pseudogene"
"ENST00000511793","lncRNA"
"ENST00000511794","lncRNA"
"ENST00000511798","processed_pseudogene"
"ENST00000511811","unprocessed_pseudogene"
"ENST00000511840","lncRNA"
"ENST00000511849",NA
"ENST00000511864","transcribed_unprocessed_pseudogene"
"ENST00000511867","lncRNA"
"ENST00000511870","processed_pseudogene"
"ENST00000511875","lncRNA"
"ENST00000511879","protein_coding_CDS_not_defined"
"ENST00000511921","lncRNA"
"ENST00000511930","protein_coding"
"ENST00000511953","lncRNA"
"ENST00000511989","lncRNA"
"ENST00000512007","lncRNA"
"ENST00000512016","lncRNA"
"ENST00000512025","processed_pseudogene"
"ENST00000512043","lncRNA"
"ENST00000512058","processed_pseudogene"
"ENST00000512059","processed_pseudogene"
"ENST00000512074","processed_pseudogene"
"ENST00000512077","lncRNA"
"ENST00000512102","protein_coding_CDS_not_defined"
"ENST00000512114","protein_coding"
"ENST00000512133","retained_intron"
"ENST00000512142","processed_pseudogene"
"ENST00000512167","lncRNA"
"ENST00000512169","protein_coding_CDS_not_defined"
"ENST00000512176","processed_pseudogene"
"ENST00000512187","processed_pseudogene"
"ENST00000512197","unprocessed_pseudogene"
"ENST00000512203","processed_pseudogene"
"ENST00000512222","processed_pseudogene"
"ENST00000512262","lncRNA"
"ENST00000512269","lncRNA"
"ENST00000512279","lncRNA"
"ENST00000512282","processed_pseudogene"
"ENST00000512300","lncRNA"
"ENST00000512322","lncRNA"
"ENST00000512323","lncRNA"
"ENST00000512349","lncRNA"
"ENST00000512350","transcribed_processed_pseudogene"
"ENST00000512351","protein_coding"
"ENST00000512352","lncRNA"
"ENST00000512363","processed_pseudogene"
"ENST00000512366","lncRNA"
"ENST00000512381","protein_coding_CDS_not_defined"
"ENST00000512388","protein_coding"
"ENST00000512389","protein_coding"
"ENST00000512399","unprocessed_pseudogene"
"ENST00000512403","processed_pseudogene"
"ENST00000512406","lncRNA"
"ENST00000512427","lncRNA"
"ENST00000512437","processed_pseudogene"
"ENST00000512445","protein_coding"
"ENST00000512464","lncRNA"
"ENST00000512479","transcribed_processed_pseudogene"
"ENST00000512482","protein_coding"
"ENST00000512502","lncRNA"
"ENST00000512503","unprocessed_pseudogene"
"ENST00000512514","lncRNA"
"ENST00000512521","lncRNA"
"ENST00000512554","processed_pseudogene"
"ENST00000512596","protein_coding"
"ENST00000512599","lncRNA"
"ENST00000512602","processed_pseudogene"
"ENST00000512609","lncRNA"
"ENST00000512654","processed_pseudogene"
"ENST00000512672","processed_pseudogene"
"ENST00000512675","lncRNA"
"ENST00000512696","processed_pseudogene"
"ENST00000512707","retained_intron"
"ENST00000512722","protein_coding"
"ENST00000512730","lncRNA"
"ENST00000512757","processed_pseudogene"
"ENST00000512794","lncRNA"
"ENST00000512817","lncRNA"
"ENST00000512833","lncRNA"
"ENST00000512870","protein_coding"
"ENST00000512882","lncRNA"
"ENST00000512892","transcribed_processed_pseudogene"
"ENST00000512902","protein_coding_CDS_not_defined"
"ENST00000512962","retained_intron"
"ENST00000512969","processed_pseudogene"
"ENST00000512971","unprocessed_pseudogene"
"ENST00000512976","lncRNA"
"ENST00000512978","lncRNA"
"ENST00000512989","retained_intron"
"ENST00000513004","processed_pseudogene"
"ENST00000513012","protein_coding"
"ENST00000513014","transcribed_unprocessed_pseudogene"
"ENST00000513046","processed_pseudogene"
"ENST00000513076","processed_pseudogene"
"ENST00000513133","protein_coding_CDS_not_defined"
"ENST00000513136","transcribed_processed_pseudogene"
"ENST00000513155","lncRNA"
"ENST00000513158","lncRNA"
"ENST00000513196","processed_pseudogene"
"ENST00000513250","protein_coding_CDS_not_defined"
"ENST00000513251","processed_pseudogene"
"ENST00000513252","protein_coding"
"ENST00000513262","protein_coding_CDS_not_defined"
"ENST00000513283","lncRNA"
"ENST00000513297","processed_pseudogene"
"ENST00000513338","processed_pseudogene"
"ENST00000513351","unprocessed_pseudogene"
"ENST00000513366","lncRNA"
"ENST00000513378","lncRNA"
"ENST00000513396","processed_pseudogene"
"ENST00000513462","transcribed_processed_pseudogene"
"ENST00000513470","processed_pseudogene"
"ENST00000513481","processed_pseudogene"
"ENST00000513497","retained_intron"
"ENST00000513540","lncRNA"
"ENST00000513552","processed_pseudogene"
"ENST00000513553","protein_coding"
"ENST00000513561","lncRNA"
"ENST00000513616","lncRNA"
"ENST00000513660","lncRNA"
"ENST00000513686","processed_pseudogene"
"ENST00000513704","lncRNA"
"ENST00000513707","processed_pseudogene"
"ENST00000513715","processed_pseudogene"
"ENST00000513721","processed_pseudogene"
"ENST00000513727","transcribed_unprocessed_pseudogene"
"ENST00000513728","nonsense_mediated_decay"
"ENST00000513738","protein_coding"
"ENST00000513740","protein_coding_CDS_not_defined"
"ENST00000513741","protein_coding_CDS_not_defined"
"ENST00000513750","retained_intron"
"ENST00000513766","lncRNA"
"ENST00000513836","lncRNA"
"ENST00000513843","lncRNA"
"ENST00000513847","protein_coding_CDS_not_defined"
"ENST00000513853","lncRNA"
"ENST00000513858","protein_coding"
"ENST00000513859","lncRNA"
"ENST00000513910","protein_coding"
"ENST00000513924","protein_coding"
"ENST00000513940","lncRNA"
"ENST00000513955","lncRNA"
"ENST00000513990","processed_pseudogene"
"ENST00000513994","lncRNA"
"ENST00000514008","processed_pseudogene"
"ENST00000514013","protein_coding_CDS_not_defined"
"ENST00000514020","processed_pseudogene"
"ENST00000514029","nonsense_mediated_decay"
"ENST00000514036","protein_coding"
"ENST00000514037","transcribed_unprocessed_pseudogene"
"ENST00000514083","retained_intron"
"ENST00000514084","transcribed_unprocessed_pseudogene"
"ENST00000514113","lncRNA"
"ENST00000514129","protein_coding"
"ENST00000514186","lncRNA"
"ENST00000514223","processed_pseudogene"
"ENST00000514239","lncRNA"
"ENST00000514255","lncRNA"
"ENST00000514289","transcribed_unprocessed_pseudogene"
"ENST00000514290","lncRNA"
"ENST00000514293","lncRNA"
"ENST00000514294","lncRNA"
"ENST00000514295","transcribed_unprocessed_pseudogene"
"ENST00000514304","lncRNA"
"ENST00000514311","processed_pseudogene"
"ENST00000514327","lncRNA"
"ENST00000514338","protein_coding_CDS_not_defined"
"ENST00000514341","retained_intron"
"ENST00000514364","lncRNA"
"ENST00000514371","transcribed_unprocessed_pseudogene"
"ENST00000514395","protein_coding"
"ENST00000514401","lncRNA"
"ENST00000514413","lncRNA"
"ENST00000514414","processed_pseudogene"
"ENST00000514422","lncRNA"
"ENST00000514425","lncRNA"
"ENST00000514434","protein_coding"
"ENST00000514441","processed_pseudogene"
"ENST00000514447","protein_coding"
"ENST00000514448","retained_intron"
"ENST00000514466","protein_coding"
"ENST00000514471","unprocessed_pseudogene"
"ENST00000514486","protein_coding_CDS_not_defined"
"ENST00000514580","protein_coding"
"ENST00000514600","lncRNA"
"ENST00000514621","protein_coding"
"ENST00000514624","lncRNA"
"ENST00000514637","protein_coding"
"ENST00000514668","processed_pseudogene"
"ENST00000514678","protein_coding"
"ENST00000514691","processed_pseudogene"
"ENST00000514694","protein_coding"
"ENST00000514706","unprocessed_pseudogene"
"ENST00000514737","lncRNA"
"ENST00000514739","processed_pseudogene"
"ENST00000514750","processed_pseudogene"
"ENST00000514756","protein_coding_CDS_not_defined"
"ENST00000514761","processed_pseudogene"
"ENST00000514795","processed_pseudogene"
"ENST00000514817","processed_pseudogene"
"ENST00000514821","processed_pseudogene"
"ENST00000514827","protein_coding_LoF"
"ENST00000514859","unprocessed_pseudogene"
"ENST00000514865","processed_pseudogene"
"ENST00000514877","lncRNA"
"ENST00000514899","protein_coding_CDS_not_defined"
"ENST00000514912","processed_pseudogene"
"ENST00000514921","protein_coding"
"ENST00000514925","protein_coding"
"ENST00000514964","protein_coding_CDS_not_defined"
"ENST00000515028","protein_coding_CDS_not_defined"
"ENST00000515030","protein_coding"
"ENST00000515039","unprocessed_pseudogene"
"ENST00000515071","lncRNA"
"ENST00000515074","processed_pseudogene"
"ENST00000515085","lncRNA"
"ENST00000515103","processed_pseudogene"
"ENST00000515127","lncRNA"
"ENST00000515135","processed_pseudogene"
"ENST00000515165","protein_coding"
"ENST00000515175","protein_coding"
"ENST00000515189","unprocessed_pseudogene"
"ENST00000515191","retained_intron"
"ENST00000515196","protein_coding"
"ENST00000515198","nonsense_mediated_decay"
"ENST00000515215","nonsense_mediated_decay"
"ENST00000515222","lncRNA"
"ENST00000515228","processed_pseudogene"
"ENST00000515236","processed_pseudogene"
"ENST00000515263","lncRNA"
"ENST00000515267","processed_pseudogene"
"ENST00000515297","retained_intron"
"ENST00000515306","lncRNA"
"ENST00000515316","nonsense_mediated_decay"
"ENST00000515328","processed_pseudogene"
"ENST00000515331","processed_pseudogene"
"ENST00000515413","processed_pseudogene"
"ENST00000515436","lncRNA"
"ENST00000515438","processed_pseudogene"
"ENST00000515443","protein_coding"
"ENST00000515446","retained_intron"
"ENST00000515491","lncRNA"
"ENST00000515504","lncRNA"
"ENST00000515524","protein_coding"
"ENST00000515529","protein_coding_CDS_not_defined"
"ENST00000515533","protein_coding_CDS_not_defined"
"ENST00000515536","processed_pseudogene"
"ENST00000515544","lncRNA"
"ENST00000515547","unprocessed_pseudogene"
"ENST00000515565","processed_pseudogene"
"ENST00000515583","processed_pseudogene"
"ENST00000515598","lncRNA"
"ENST00000515628","unprocessed_pseudogene"
"ENST00000515630","processed_pseudogene"
"ENST00000515642","nonsense_mediated_decay"
"ENST00000515649","lncRNA"
"ENST00000515650","protein_coding"
"ENST00000515671","protein_coding_CDS_not_defined"
"ENST00000515691","lncRNA"
"ENST00000515696","processed_pseudogene"
"ENST00000515706","lncRNA"
"ENST00000515720","lncRNA"
"ENST00000515728","lncRNA"
"ENST00000515733","lncRNA"
"ENST00000515744","protein_coding_CDS_not_defined"
"ENST00000515767","processed_pseudogene"
"ENST00000515805",NA
"ENST00000515822","lncRNA"
"ENST00000515825","lncRNA"
"ENST00000515835","protein_coding"
"ENST00000515837","protein_coding"
"ENST00000515840","lncRNA"
"ENST00000515851","unprocessed_pseudogene"
"ENST00000515861","protein_coding"
"ENST00000515893","snRNA"
"ENST00000515894","snRNA"
"ENST00000515895","snoRNA"
"ENST00000515902","snRNA"
"ENST00000515903","snRNA"
"ENST00000515906","snoRNA"
"ENST00000515909","snRNA"
"ENST00000515915","snRNA"
"ENST00000515918","snRNA"
"ENST00000515923","misc_RNA"
"ENST00000515930","snRNA"
"ENST00000515932","snRNA"
"ENST00000515933","misc_RNA"
"ENST00000515935","snoRNA"
"ENST00000515936","snRNA"
"ENST00000515939","snRNA"
"ENST00000515947","rRNA_pseudogene"
"ENST00000515948","snRNA"
"ENST00000515954","snRNA"
"ENST00000515955","rRNA_pseudogene"
"ENST00000515965","snRNA"
"ENST00000515970","misc_RNA"
"ENST00000515974","snRNA"
"ENST00000515978","snRNA"
"ENST00000515979","snRNA"
"ENST00000515983","misc_RNA"
"ENST00000515989","snRNA"
"ENST00000515995","snRNA"
"ENST00000516001","misc_RNA"
"ENST00000516007","rRNA_pseudogene"
"ENST00000516010","snRNA"
"ENST00000516012","snRNA"
"ENST00000516016","misc_RNA"
"ENST00000516020","rRNA_pseudogene"
"ENST00000516022","snRNA"
"ENST00000516025","snRNA"
"ENST00000516030","snRNA"
"ENST00000516031","misc_RNA"
"ENST00000516033","snRNA"
"ENST00000516034","snRNA"
"ENST00000516049","snoRNA"
"ENST00000516056","snRNA"
"ENST00000516057","scaRNA"
"ENST00000516064","rRNA_pseudogene"
"ENST00000516074","snRNA"
"ENST00000516075","rRNA_pseudogene"
"ENST00000516078","snRNA"
"ENST00000516098","snRNA"
"ENST00000516106","rRNA_pseudogene"
"ENST00000516107","snRNA"
"ENST00000516110","snRNA"
"ENST00000516113","snoRNA"
"ENST00000516114","snRNA"
"ENST00000516115","rRNA_pseudogene"
"ENST00000516131","snoRNA"
"ENST00000516137","snRNA"
"ENST00000516146","snRNA"
"ENST00000516148","snRNA"
"ENST00000516149","snRNA"
"ENST00000516151","snRNA"
"ENST00000516167","misc_RNA"
"ENST00000516168","snRNA"
"ENST00000516174","misc_RNA"
"ENST00000516182","snRNA"
"ENST00000516183","scaRNA"
"ENST00000516189","snRNA"
"ENST00000516194","snRNA"
"ENST00000516204","snRNA"
"ENST00000516207","snoRNA"
"ENST00000516212","misc_RNA"
"ENST00000516224","snRNA"
"ENST00000516230","snRNA"
"ENST00000516236","snoRNA"
"ENST00000516248","snRNA"
"ENST00000516251","rRNA_pseudogene"
"ENST00000516252","snRNA"
"ENST00000516253","snRNA"
"ENST00000516255","misc_RNA"
"ENST00000516256","snRNA"
"ENST00000516257","snRNA"
"ENST00000516259","snRNA"
"ENST00000516264","snRNA"
"ENST00000516267","misc_RNA"
"ENST00000516277","rRNA_pseudogene"
"ENST00000516280","snRNA"
"ENST00000516285","rRNA_pseudogene"
"ENST00000516289","misc_RNA"
"ENST00000516295","snRNA"
"ENST00000516308","snRNA"
"ENST00000516310","snoRNA"
"ENST00000516317","snRNA"
"ENST00000516321","snRNA"
"ENST00000516338","misc_RNA"
"ENST00000516339","snRNA"
"ENST00000516342","snRNA"
"ENST00000516376","snRNA"
"ENST00000516377","snRNA"
"ENST00000516383","snoRNA"
"ENST00000516384","scaRNA"
"ENST00000516391","snoRNA"
"ENST00000516402","rRNA_pseudogene"
"ENST00000516408","misc_RNA"
"ENST00000516414","snRNA"
"ENST00000516415","snRNA"
"ENST00000516428","snRNA"
"ENST00000516433","snRNA"
"ENST00000516434","snRNA"
"ENST00000516435","snRNA"
"ENST00000516440","snoRNA"
"ENST00000516441","misc_RNA"
"ENST00000516443","snRNA"
"ENST00000516446","snRNA"
"ENST00000516448","misc_RNA"
"ENST00000516449","snoRNA"
"ENST00000516453","rRNA_pseudogene"
"ENST00000516466","snRNA"
"ENST00000516470","snRNA"
"ENST00000516482","snoRNA"
"ENST00000516485","snRNA"
"ENST00000516502","snRNA"
"ENST00000516510","misc_RNA"
"ENST00000516511","snRNA"
"ENST00000516513","misc_RNA"
"ENST00000516524","snRNA"
"ENST00000516526","snRNA"
"ENST00000516539","snRNA"
"ENST00000516540","snoRNA"
"ENST00000516541","ribozyme"
"ENST00000516543","snoRNA"
"ENST00000516544","snRNA"
"ENST00000516548","misc_RNA"
"ENST00000516549","misc_RNA"
"ENST00000516557","rRNA_pseudogene"
"ENST00000516558","misc_RNA"
"ENST00000516574","snRNA"
"ENST00000516577","snRNA"
"ENST00000516584","snRNA"
"ENST00000516586","snRNA"
"ENST00000516588","snRNA"
"ENST00000516599","snoRNA"
"ENST00000516603","misc_RNA"
"ENST00000516605","snRNA"
"ENST00000516614","snRNA"
"ENST00000516629","snoRNA"
"ENST00000516634","snoRNA"
"ENST00000516651","snRNA"
"ENST00000516657","miRNA"
"ENST00000516658","snRNA"
"ENST00000516665","snRNA"
"ENST00000516671","snRNA"
"ENST00000516674","snRNA"
"ENST00000516675","misc_RNA"
"ENST00000516678","misc_RNA"
"ENST00000516682","snRNA"
"ENST00000516700","rRNA_pseudogene"
"ENST00000516701","rRNA_pseudogene"
"ENST00000516703","rRNA_pseudogene"
"ENST00000516715","misc_RNA"
"ENST00000516721","snRNA"
"ENST00000516723","snRNA"
"ENST00000516725","misc_RNA"
"ENST00000516731","snRNA"
"ENST00000516737","rRNA_pseudogene"
"ENST00000516740","snRNA"
"ENST00000516746","snRNA"
"ENST00000516751","snRNA"
"ENST00000516760","snRNA"
"ENST00000516765","snRNA"
"ENST00000516771","snoRNA"
"ENST00000516772","snRNA"
"ENST00000516781","snRNA"
"ENST00000516784","snRNA"
"ENST00000516786","misc_RNA"
"ENST00000516788","snRNA"
"ENST00000516795","snRNA"
"ENST00000516802","snRNA"
"ENST00000516803","misc_RNA"
"ENST00000516806","misc_RNA"
"ENST00000516827","snRNA"
"ENST00000516831","snoRNA"
"ENST00000516835","snRNA"
"ENST00000516845","snRNA"
"ENST00000516846","misc_RNA"
"ENST00000516851","misc_RNA"
"ENST00000516852","snRNA"
"ENST00000516864","rRNA_pseudogene"
"ENST00000516871","rRNA_pseudogene"
"ENST00000516882","scaRNA"
"ENST00000516883","snoRNA"
"ENST00000516887","rRNA_pseudogene"
"ENST00000516888","misc_RNA"
"ENST00000516891","snRNA"
"ENST00000516896","snRNA"
"ENST00000516902","misc_RNA"
"ENST00000516913","scaRNA"
"ENST00000516920","snRNA"
"ENST00000516936","rRNA_pseudogene"
"ENST00000516937","snRNA"
"ENST00000516941","snRNA"
"ENST00000516942","snRNA"
"ENST00000516943","snRNA"
"ENST00000516947","snRNA"
"ENST00000516950","misc_RNA"
"ENST00000516952","misc_RNA"
"ENST00000516958","snRNA"
"ENST00000516960","snRNA"
"ENST00000516963","snRNA"
"ENST00000516971","rRNA_pseudogene"
"ENST00000516995","snRNA"
"ENST00000516997","rRNA_pseudogene"
"ENST00000517001","snRNA"
"ENST00000517003","misc_RNA"
"ENST00000517006","snRNA"
"ENST00000517007","rRNA_pseudogene"
"ENST00000517012","snRNA"
"ENST00000517013","misc_RNA"
"ENST00000517017","snRNA"
"ENST00000517019","rRNA_pseudogene"
"ENST00000517028","misc_RNA"
"ENST00000517038","snRNA"
"ENST00000517041","snRNA"
"ENST00000517043","snoRNA"
"ENST00000517047","rRNA_pseudogene"
"ENST00000517049","snRNA"
"ENST00000517057","rRNA_pseudogene"
"ENST00000517079","snoRNA"
"ENST00000517082","misc_RNA"
"ENST00000517096","rRNA_pseudogene"
"ENST00000517107","snRNA"
"ENST00000517111","snoRNA"
"ENST00000517113","snRNA"
"ENST00000517120","snRNA"
"ENST00000517124","snRNA"
"ENST00000517126","snRNA"
"ENST00000517133","rRNA_pseudogene"
"ENST00000517134","snRNA"
"ENST00000517135","snRNA"
"ENST00000517141","rRNA_pseudogene"
"ENST00000517143","snRNA"
"ENST00000517146","snRNA"
"ENST00000517160","snoRNA"
"ENST00000517161","rRNA_pseudogene"
"ENST00000517162","snRNA"
"ENST00000517166","misc_RNA"
"ENST00000517169","misc_RNA"
"ENST00000517171","snRNA"
"ENST00000517174","snRNA"
"ENST00000517182","snRNA"
"ENST00000517189","snRNA"
"ENST00000517207","misc_RNA"
"ENST00000517213","snRNA"
"ENST00000517222","rRNA_pseudogene"
"ENST00000517226","snRNA"
"ENST00000517238","snoRNA"
"ENST00000517240","snoRNA"
"ENST00000517242","snoRNA"
"ENST00000517249","rRNA_pseudogene"
"ENST00000517251","scaRNA"
"ENST00000517265","snRNA"
"ENST00000517268","rRNA_pseudogene"
"ENST00000517277","snRNA"
"ENST00000517280","snRNA"
"ENST00000517285","snoRNA"
"ENST00000517288","snRNA"
"ENST00000517290","snRNA"
"ENST00000517293","protein_coding_CDS_not_defined"
"ENST00000517318","lncRNA"
"ENST00000517333","protein_coding_CDS_not_defined"
"ENST00000517342","transcribed_processed_pseudogene"
"ENST00000517382","protein_coding"
"ENST00000517405","protein_coding_CDS_not_defined"
"ENST00000517410","retained_intron"
"ENST00000517414","protein_coding_CDS_not_defined"
"ENST00000517416","retained_intron"
"ENST00000517433","protein_coding"
"ENST00000517449","IG_V_pseudogene"
"ENST00000517460","IG_V_pseudogene"
"ENST00000517461","protein_coding"
"ENST00000517470","processed_pseudogene"
"ENST00000517492","protein_coding"
"ENST00000517502","protein_coding_CDS_not_defined"
"ENST00000517504",NA
"ENST00000517514","protein_coding_CDS_not_defined"
"ENST00000517515","protein_coding_CDS_not_defined"
"ENST00000517529","lncRNA"
"ENST00000517548","protein_coding_CDS_not_defined"
"ENST00000517555","processed_pseudogene"
"ENST00000517572","IG_V_pseudogene"
"ENST00000517591","processed_pseudogene"
"ENST00000517613","IG_V_pseudogene"
"ENST00000517618","protein_coding"
"ENST00000517633","protein_coding"
"ENST00000517640","lncRNA"
"ENST00000517650","IG_V_pseudogene"
"ENST00000517682","protein_coding"
"ENST00000517694","protein_coding"
"ENST00000517695","lncRNA"
"ENST00000517703","IG_V_pseudogene"
"ENST00000517714","lncRNA"
"ENST00000517721","retained_intron"
"ENST00000517765","lncRNA"
"ENST00000517807","lncRNA"
"ENST00000517809","processed_pseudogene"
"ENST00000517819","protein_coding"
"ENST00000517826","processed_pseudogene"
"ENST00000517847","protein_coding"
"ENST00000517848","lncRNA"
"ENST00000517851","protein_coding"
"ENST00000517885","protein_coding"
"ENST00000517886","nonsense_mediated_decay"
"ENST00000517888","IG_V_pseudogene"
"ENST00000517925","lncRNA"
"ENST00000517927","lncRNA"
"ENST00000517930","protein_coding_CDS_not_defined"
"ENST00000517931","IG_V_pseudogene"
"ENST00000517932","protein_coding_CDS_not_defined"
"ENST00000517943","IG_V_pseudogene"
"ENST00000517949","lncRNA"
"ENST00000518003","IG_V_pseudogene"
"ENST00000518009","lncRNA"
"ENST00000518023","protein_coding_CDS_not_defined"
"ENST00000518026","protein_coding"
"ENST00000518027","protein_coding_CDS_not_defined"
"ENST00000518044","lncRNA"
"ENST00000518063","lncRNA"
"ENST00000518079","protein_coding_CDS_not_defined"
"ENST00000518129","lncRNA"
"ENST00000518132","IG_V_pseudogene"
"ENST00000518155","processed_pseudogene"
"ENST00000518162","retained_intron"
"ENST00000518176","protein_coding"
"ENST00000518179","IG_V_pseudogene"
"ENST00000518180","protein_coding_CDS_not_defined"
"ENST00000518183","protein_coding"
"ENST00000518213","lncRNA"
"ENST00000518224","IG_V_pseudogene"
"ENST00000518241","processed_pseudogene"
"ENST00000518260","lncRNA"
"ENST00000518269","processed_pseudogene"
"ENST00000518289","protein_coding_CDS_not_defined"
"ENST00000518305","IG_V_pseudogene"
"ENST00000518311","transcribed_unprocessed_pseudogene"
"ENST00000518320","protein_coding"
"ENST00000518337","processed_pseudogene"
"ENST00000518339","lncRNA"
"ENST00000518362","lncRNA"
"ENST00000518372","IG_V_pseudogene"
"ENST00000518383","processed_pseudogene"
"ENST00000518393","processed_pseudogene"
"ENST00000518407","IG_V_pseudogene"
"ENST00000518414","protein_coding"
"ENST00000518417","lncRNA"
"ENST00000518430","retained_intron"
"ENST00000518436","lncRNA"
"ENST00000518448","protein_coding"
"ENST00000518452","unprocessed_pseudogene"
"ENST00000518465","lncRNA"
"ENST00000518473","lncRNA"
"ENST00000518489","lncRNA"
"ENST00000518523","unprocessed_pseudogene"
"ENST00000518527","protein_coding_CDS_not_defined"
"ENST00000518534","protein_coding_CDS_not_defined"
"ENST00000518540","lncRNA"
"ENST00000518544","IG_V_pseudogene"
"ENST00000518548","retained_intron"
"ENST00000518553","lncRNA"
"ENST00000518583","processed_pseudogene"
"ENST00000518589","lncRNA"
"ENST00000518612","lncRNA"
"ENST00000518620","lncRNA"
"ENST00000518650","protein_coding"
"ENST00000518674","lncRNA"
"ENST00000518675","lncRNA"
"ENST00000518712","protein_coding"
"ENST00000518722","lncRNA"
"ENST00000518739","lncRNA"
"ENST00000518751","IG_V_pseudogene"
"ENST00000518758","retained_intron"
"ENST00000518788","processed_pseudogene"
"ENST00000518824","protein_coding"
"ENST00000518825","protein_coding"
"ENST00000518826","protein_coding"
"ENST00000518834","IG_V_pseudogene"
"ENST00000518847","protein_coding"
"ENST00000518854","lncRNA"
"ENST00000518888","protein_coding_CDS_not_defined"
"ENST00000518897","processed_pseudogene"
"ENST00000518923","processed_pseudogene"
"ENST00000518924","processed_pseudogene"
"ENST00000518953","IG_V_pseudogene"
"ENST00000518970","lncRNA"
"ENST00000518973","lncRNA"
"ENST00000518986","protein_coding"
"ENST00000519012","processed_pseudogene"
"ENST00000519018","protein_coding"
"ENST00000519032","lncRNA"
"ENST00000519038","lncRNA"
"ENST00000519050","lncRNA"
"ENST00000519071","lncRNA"
"ENST00000519073","processed_pseudogene"
"ENST00000519081","snRNA"
"ENST00000519091","protein_coding_CDS_not_defined"
"ENST00000519092","protein_coding"
"ENST00000519105","retained_intron"
"ENST00000519111","processed_pseudogene"
"ENST00000519127","protein_coding_CDS_not_defined"
"ENST00000519129","protein_coding"
"ENST00000519146","processed_pseudogene"
"ENST00000519147","lncRNA"
"ENST00000519149","retained_intron"
"ENST00000519160","lncRNA"
"ENST00000519172","unprocessed_pseudogene"
"ENST00000519182","IG_V_pseudogene"
"ENST00000519183","retained_intron"
"ENST00000519185","lncRNA"
"ENST00000519189","lncRNA"
"ENST00000519200","IG_V_pseudogene"
"ENST00000519218","lncRNA"
"ENST00000519275","processed_pseudogene"
"ENST00000519285","protein_coding"
"ENST00000519296","IG_V_pseudogene"
"ENST00000519306","lncRNA"
"ENST00000519327","lncRNA"
"ENST00000519329","lncRNA"
"ENST00000519334","IG_V_pseudogene"
"ENST00000519363","protein_coding"
"ENST00000519368","lncRNA"
"ENST00000519375","lncRNA"
"ENST00000519377","processed_pseudogene"
"ENST00000519384","processed_pseudogene"
"ENST00000519397","protein_coding"
"ENST00000519399","unprocessed_pseudogene"
"ENST00000519412","lncRNA"
"ENST00000519444","processed_pseudogene"
"ENST00000519484","protein_coding"
"ENST00000519514","processed_pseudogene"
"ENST00000519518","protein_coding_CDS_not_defined"
"ENST00000519525","IG_V_pseudogene"
"ENST00000519562","protein_coding_CDS_not_defined"
"ENST00000519564","protein_coding"
"ENST00000519594","retained_intron"
"ENST00000519605","lncRNA"
"ENST00000519609","lncRNA"
"ENST00000519624","retained_intron"
"ENST00000519630","lncRNA"
"ENST00000519652","lncRNA"
"ENST00000519691","lncRNA"
"ENST00000519711","processed_pseudogene"
"ENST00000519713","IG_V_pseudogene"
"ENST00000519747","protein_coding"
"ENST00000519793","lncRNA"
"ENST00000519833","protein_coding_CDS_not_defined"
"ENST00000519849","IG_V_pseudogene"
"ENST00000519868","retained_intron"
"ENST00000519901","lncRNA"
"ENST00000519904","lncRNA"
"ENST00000519922","retained_intron"
"ENST00000519923","protein_coding_CDS_not_defined"
"ENST00000519925","protein_coding_CDS_not_defined"
"ENST00000519950","protein_coding"
"ENST00000519951","protein_coding_LoF"
"ENST00000519957","processed_pseudogene"
"ENST00000519978","lncRNA"
"ENST00000519981","lncRNA"
"ENST00000519990","lncRNA"
"ENST00000519992","IG_V_pseudogene"
"ENST00000520006","protein_coding"
"ENST00000520021","protein_coding"
"ENST00000520024","lncRNA"
"ENST00000520026","protein_coding_CDS_not_defined"
"ENST00000520035","protein_coding_CDS_not_defined"
"ENST00000520038","processed_pseudogene"
"ENST00000520057","IG_V_pseudogene"
"ENST00000520075","lncRNA"
"ENST00000520080","protein_coding_CDS_not_defined"
"ENST00000520084","IG_V_pseudogene"
"ENST00000520086","protein_coding"
"ENST00000520101","lncRNA"
"ENST00000520106","retained_intron"
"ENST00000520120","processed_pseudogene"
"ENST00000520155","lncRNA"
"ENST00000520166","protein_coding"
"ENST00000520205","processed_pseudogene"
"ENST00000520215","nonsense_mediated_decay"
"ENST00000520233","protein_coding_CDS_not_defined"
"ENST00000520250","processed_pseudogene"
"ENST00000520269","protein_coding"
"ENST00000520282","protein_coding"
"ENST00000520283","protein_coding_CDS_not_defined"
"ENST00000520360","lncRNA"
"ENST00000520380","protein_coding"
"ENST00000520386","lncRNA"
"ENST00000520390","lncRNA"
"ENST00000520410","IG_V_pseudogene"
"ENST00000520418","lncRNA"
"ENST00000520445","IG_V_pseudogene"
"ENST00000520451","protein_coding_CDS_not_defined"
"ENST00000520501","processed_pseudogene"
"ENST00000520513","lncRNA"
"ENST00000520516","processed_pseudogene"
"ENST00000520553","protein_coding"
"ENST00000520570","lncRNA"
"ENST00000520574","retained_intron"
"ENST00000520621","processed_pseudogene"
"ENST00000520624","protein_coding_CDS_not_defined"
"ENST00000520665","retained_intron"
"ENST00000520672","protein_coding"
"ENST00000520676","protein_coding_CDS_not_defined"
"ENST00000520688","processed_pseudogene"
"ENST00000520696","lncRNA"
"ENST00000520697","protein_coding_CDS_not_defined"
"ENST00000520699","protein_coding"
"ENST00000520720","protein_coding"
"ENST00000520737","protein_coding_CDS_not_defined"
"ENST00000520765","processed_pseudogene"
"ENST00000520766","lncRNA"
"ENST00000520773","lncRNA"
"ENST00000520775","processed_pseudogene"
"ENST00000520844","lncRNA"
"ENST00000520848","IG_V_pseudogene"
"ENST00000520863","lncRNA"
"ENST00000520870","lncRNA"
"ENST00000520889","IG_V_pseudogene"
"ENST00000520905","unprocessed_pseudogene"
"ENST00000520914","lncRNA"
"ENST00000520920","lncRNA"
"ENST00000520954","protein_coding_CDS_not_defined"
"ENST00000520958","protein_coding"
"ENST00000520963","IG_V_pseudogene"
"ENST00000520988","lncRNA"
"ENST00000521012","IG_V_pseudogene"
"ENST00000521016","lncRNA"
"ENST00000521024","protein_coding_CDS_not_defined"
"ENST00000521050","protein_coding"
"ENST00000521051","lncRNA"
"ENST00000521058","processed_pseudogene"
"ENST00000521066","processed_pseudogene"
"ENST00000521067","protein_coding"
"ENST00000521084","lncRNA"
"ENST00000521090","lncRNA"
"ENST00000521097","lncRNA"
"ENST00000521103","misc_RNA"
"ENST00000521124","retained_intron"
"ENST00000521142","protein_coding"
"ENST00000521143","lncRNA"
"ENST00000521161","retained_intron"
"ENST00000521183","IG_V_pseudogene"
"ENST00000521199","lncRNA"
"ENST00000521201","processed_pseudogene"
"ENST00000521203","lncRNA"
"ENST00000521215","lncRNA"
"ENST00000521227","protein_coding_CDS_not_defined"
"ENST00000521230","lncRNA"
"ENST00000521237","processed_pseudogene"
"ENST00000521242","lncRNA"
"ENST00000521245","lncRNA"
"ENST00000521269","processed_pseudogene"
"ENST00000521270","protein_coding"
"ENST00000521274","lncRNA"
"ENST00000521276","miRNA"
"ENST00000521281","protein_coding"
"ENST00000521307","lncRNA"
"ENST00000521316","protein_coding_CDS_not_defined"
"ENST00000521323","retained_intron"
"ENST00000521337","processed_pseudogene"
"ENST00000521342","IG_V_pseudogene"
"ENST00000521358","processed_pseudogene"
"ENST00000521359","lncRNA"
"ENST00000521378","lncRNA"
"ENST00000521382","protein_coding_CDS_not_defined"
"ENST00000521393","IG_C_pseudogene"
"ENST00000521407","protein_coding_CDS_not_defined"
"ENST00000521446","lncRNA"
"ENST00000521448","nonsense_mediated_decay"
"ENST00000521454","IG_V_pseudogene"
"ENST00000521456","lncRNA"
"ENST00000521468","protein_coding_CDS_not_defined"
"ENST00000521484","retained_intron"
"ENST00000521497","IG_V_pseudogene"
"ENST00000521500","lncRNA"
"ENST00000521526","protein_coding_CDS_not_defined"
"ENST00000521528","protein_coding"
"ENST00000521570","protein_coding"
"ENST00000521611","protein_coding_CDS_not_defined"
"ENST00000521627","protein_coding_CDS_not_defined"
"ENST00000521633","processed_pseudogene"
"ENST00000521643","protein_coding_CDS_not_defined"
"ENST00000521660","lncRNA"
"ENST00000521663","lncRNA"
"ENST00000521678","IG_V_pseudogene"
"ENST00000521702","protein_coding"
"ENST00000521705","IG_V_pseudogene"
"ENST00000521725","lncRNA"
"ENST00000521734","retained_intron"
"ENST00000521750","processed_pseudogene"
"ENST00000521753","lncRNA"
"ENST00000521788","protein_coding_CDS_not_defined"
"ENST00000521792","processed_pseudogene"
"ENST00000521793","lncRNA"
"ENST00000521804","protein_coding_CDS_not_defined"
"ENST00000521805","lncRNA"
"ENST00000521818","protein_coding"
"ENST00000521850","retained_intron"
"ENST00000521869","lncRNA"
"ENST00000521876","protein_coding_CDS_not_defined"
"ENST00000521880","protein_coding"
"ENST00000521884","lncRNA"
"ENST00000521893","IG_V_pseudogene"
"ENST00000521905","lncRNA"
"ENST00000521908","lncRNA"
"ENST00000521984","lncRNA"
"ENST00000521992","protein_coding"
"ENST00000521994","protein_coding_CDS_not_defined"
"ENST00000522004","processed_pseudogene"
"ENST00000522011","retained_intron"
"ENST00000522014","processed_pseudogene"
"ENST00000522030","protein_coding"
"ENST00000522044","lncRNA"
"ENST00000522058","IG_V_pseudogene"
"ENST00000522082","protein_coding"
"ENST00000522101","processed_pseudogene"
"ENST00000522107","IG_V_pseudogene"
"ENST00000522108","unprocessed_pseudogene"
"ENST00000522123","lncRNA"
"ENST00000522127","lncRNA"
"ENST00000522128","processed_pseudogene"
"ENST00000522132","lncRNA"
"ENST00000522138","nonsense_mediated_decay"
"ENST00000522143","IG_V_pseudogene"
"ENST00000522172","protein_coding"
"ENST00000522175","protein_coding_LoF"
"ENST00000522216","processed_pseudogene"
"ENST00000522236","protein_coding"
"ENST00000522265","lncRNA"
"ENST00000522271","retained_intron"
"ENST00000522274","lncRNA"
"ENST00000522279","lncRNA"
"ENST00000522289","lncRNA"
"ENST00000522298","protein_coding"
"ENST00000522318","lncRNA"
"ENST00000522330","lncRNA"
"ENST00000522372","nonsense_mediated_decay"
"ENST00000522383","lncRNA"
"ENST00000522390","lncRNA"
"ENST00000522410","IG_V_pseudogene"
"ENST00000522436","processed_pseudogene"
"ENST00000522444","protein_coding"
"ENST00000522460","lncRNA"
"ENST00000522465","IG_V_pseudogene"
"ENST00000522485","IG_V_pseudogene"
"ENST00000522496","processed_pseudogene"
"ENST00000522504","protein_coding_CDS_not_defined"
"ENST00000522505","IG_V_pseudogene"
"ENST00000522512","IG_V_pseudogene"
"ENST00000522524","lncRNA"
"ENST00000522534","protein_coding"
"ENST00000522536","unprocessed_pseudogene"
"ENST00000522546","protein_coding"
"ENST00000522549","processed_pseudogene"
"ENST00000522581","snRNA"
"ENST00000522582","lncRNA"
"ENST00000522616","protein_coding_CDS_not_defined"
"ENST00000522622","lncRNA"
"ENST00000522651","protein_coding"
"ENST00000522657","processed_pseudogene"
"ENST00000522661","lncRNA"
"ENST00000522674","lncRNA"
"ENST00000522680","processed_pseudogene"
"ENST00000522682","processed_pseudogene"
"ENST00000522713","nonsense_mediated_decay"
"ENST00000522717","retained_intron"
"ENST00000522728","protein_coding"
"ENST00000522731","lncRNA"
"ENST00000522732","protein_coding_CDS_not_defined"
"ENST00000522733","IG_V_pseudogene"
"ENST00000522740","lncRNA"
"ENST00000522748","processed_pseudogene"
"ENST00000522767","lncRNA"
"ENST00000522796","protein_coding"
"ENST00000522799","lncRNA"
"ENST00000522853","protein_coding"
"ENST00000522863","lncRNA"
"ENST00000522866","protein_coding"
"ENST00000522872","processed_pseudogene"
"ENST00000522888","processed_pseudogene"
"ENST00000522896","lncRNA"
"ENST00000522898","lncRNA"
"ENST00000522907","protein_coding"
"ENST00000522922","IG_V_pseudogene"
"ENST00000522943","protein_coding"
"ENST00000522947","lncRNA"
"ENST00000522973","lncRNA"
"ENST00000522976","processed_pseudogene"
"ENST00000522986","transcribed_processed_pseudogene"
"ENST00000522989","protein_coding_CDS_not_defined"
"ENST00000522993","retained_intron"
"ENST00000523038","lncRNA"
"ENST00000523047","protein_coding"
"ENST00000523062","retained_intron"
"ENST00000523070","IG_V_pseudogene"
"ENST00000523109","IG_V_pseudogene"
"ENST00000523110","lncRNA"
"ENST00000523112","lncRNA"
"ENST00000523123","lncRNA"
"ENST00000523125","protein_coding"
"ENST00000523155","IG_V_pseudogene"
"ENST00000523156","processed_pseudogene"
"ENST00000523157","processed_pseudogene"
"ENST00000523166","lncRNA"
"ENST00000523168","protein_coding"
"ENST00000523199","nonsense_mediated_decay"
"ENST00000523200","protein_coding"
"ENST00000523210","IG_V_pseudogene"
"ENST00000523246","lncRNA"
"ENST00000523264","lncRNA"
"ENST00000523309","IG_V_pseudogene"
"ENST00000523314","IG_V_pseudogene"
"ENST00000523317","lncRNA"
"ENST00000523318","lncRNA"
"ENST00000523324","IG_V_pseudogene"
"ENST00000523331","lncRNA"
"ENST00000523333","retained_intron"
"ENST00000523346","IG_V_pseudogene"
"ENST00000523354","lncRNA"
"ENST00000523360","protein_coding_CDS_not_defined"
"ENST00000523369","retained_intron"
"ENST00000523385","lncRNA"
"ENST00000523398","lncRNA"
"ENST00000523412","protein_coding_CDS_not_defined"
"ENST00000523413","lncRNA"
"ENST00000523429","processed_pseudogene"
"ENST00000523446","lncRNA"
"ENST00000523451","transcribed_processed_pseudogene"
"ENST00000523462","processed_pseudogene"
"ENST00000523491","unprocessed_pseudogene"
"ENST00000523498","processed_pseudogene"
"ENST00000523502","lncRNA"
"ENST00000523535","protein_coding"
"ENST00000523537","protein_coding_CDS_not_defined"
"ENST00000523538","lncRNA"
"ENST00000523557","lncRNA"
"ENST00000523563","lncRNA"
"ENST00000523564","protein_coding_CDS_not_defined"
"ENST00000523575","nonsense_mediated_decay"
"ENST00000523584","lncRNA"
"ENST00000523588","retained_intron"
"ENST00000523604","lncRNA"
"ENST00000523608","lncRNA"
"ENST00000523611","processed_pseudogene"
"ENST00000523623","protein_coding"
"ENST00000523624","processed_pseudogene"
"ENST00000523634","protein_coding"
"ENST00000523652","retained_intron"
"ENST00000523708","processed_pseudogene"
"ENST00000523715","unprocessed_pseudogene"
"ENST00000523722","lncRNA"
"ENST00000523723","nonsense_mediated_decay"
"ENST00000523742","lncRNA"
"ENST00000523745","lncRNA"
"ENST00000523758","protein_coding_CDS_not_defined"
"ENST00000523769","lncRNA"
"ENST00000523770","retained_intron"
"ENST00000523786","lncRNA"
"ENST00000523800","processed_pseudogene"
"ENST00000523810","lncRNA"
"ENST00000523818","IG_V_pseudogene"
"ENST00000523819","protein_coding_CDS_not_defined"
"ENST00000523870","lncRNA"
"ENST00000523872","protein_coding"
"ENST00000523873","protein_coding"
"ENST00000523880","processed_pseudogene"
"ENST00000523889","processed_pseudogene"
"ENST00000523913","retained_intron"
"ENST00000523914","nonsense_mediated_decay"
"ENST00000523918","protein_coding_CDS_not_defined"
"ENST00000523937","IG_V_pseudogene"
"ENST00000523938","protein_coding"
"ENST00000523947","processed_pseudogene"
"ENST00000523951","IG_V_pseudogene"
"ENST00000523953","protein_coding"
"ENST00000523971","lncRNA"
"ENST00000523979","processed_pseudogene"
"ENST00000524001","retained_intron"
"ENST00000524010","IG_V_pseudogene"
"ENST00000524042","lncRNA"
"ENST00000524054","protein_coding_CDS_not_defined"
"ENST00000524055","processed_pseudogene"
"ENST00000524059","lncRNA"
"ENST00000524070","lncRNA"
"ENST00000524071","processed_pseudogene"
"ENST00000524098","lncRNA"
"ENST00000524110","processed_pseudogene"
"ENST00000524134","lncRNA"
"ENST00000524136","transcribed_unitary_pseudogene"
"ENST00000524147","protein_coding_CDS_not_defined"
"ENST00000524151","protein_coding_CDS_not_defined"
"ENST00000524168","protein_coding"
"ENST00000524174","processed_pseudogene"
"ENST00000524175","lncRNA"
"ENST00000524177","protein_coding_CDS_not_defined"
"ENST00000524182","protein_coding_CDS_not_defined"
"ENST00000524183","protein_coding_CDS_not_defined"
"ENST00000524198","lncRNA"
"ENST00000524200","processed_pseudogene"
"ENST00000524220","retained_intron"
"ENST00000524236","lncRNA"
"ENST00000524239","processed_pseudogene"
"ENST00000524269","lncRNA"
"ENST00000524271","processed_pseudogene"
"ENST00000524313","IG_V_pseudogene"
"ENST00000524329","unprocessed_pseudogene"
"ENST00000524359","lncRNA"
"ENST00000524390","unprocessed_pseudogene"
"ENST00000524452","protein_coding"
"ENST00000524504","unprocessed_pseudogene"
"ENST00000524605","processed_pseudogene"
"ENST00000524622","protein_coding"
"ENST00000524646","retained_intron"
"ENST00000524668","protein_coding"
"ENST00000524708","lncRNA"
"ENST00000524710","retained_intron"
"ENST00000524720","protein_coding"
"ENST00000524785","protein_coding_CDS_not_defined"
"ENST00000524788","retained_intron"
"ENST00000524822","protein_coding"
"ENST00000524837","unprocessed_pseudogene"
"ENST00000524905","protein_coding_CDS_not_defined"
"ENST00000524920","processed_pseudogene"
"ENST00000524925","retained_intron"
"ENST00000524947","lncRNA"
"ENST00000524957","transcribed_unprocessed_pseudogene"
"ENST00000524963","transcribed_processed_pseudogene"
"ENST00000525050","retained_intron"
"ENST00000525084","unprocessed_pseudogene"
"ENST00000525146","unprocessed_pseudogene"
"ENST00000525203","protein_coding_CDS_not_defined"
"ENST00000525219","protein_coding"
"ENST00000525221","unprocessed_pseudogene"
"ENST00000525240","processed_pseudogene"
"ENST00000525251","unprocessed_pseudogene"
"ENST00000525269","processed_pseudogene"
"ENST00000525292","lncRNA"
"ENST00000525310","protein_coding_CDS_not_defined"
"ENST00000525311","processed_pseudogene"
"ENST00000525324","processed_pseudogene"
"ENST00000525327","protein_coding_CDS_not_defined"
"ENST00000525376","lncRNA"
"ENST00000525380","protein_coding"
"ENST00000525382","lncRNA"
"ENST00000525389","protein_coding_CDS_not_defined"
"ENST00000525393","protein_coding"
"ENST00000525394","unprocessed_pseudogene"
"ENST00000525417","protein_coding"
"ENST00000525465","processed_pseudogene"
"ENST00000525499","protein_coding_CDS_not_defined"
"ENST00000525512","lncRNA"
"ENST00000525514","nonsense_mediated_decay"
"ENST00000525520","unprocessed_pseudogene"
"ENST00000525536","processed_pseudogene"
"ENST00000525553","unprocessed_pseudogene"
"ENST00000525564","processed_pseudogene"
"ENST00000525570","retained_intron"
"ENST00000525573","lncRNA"
"ENST00000525584","protein_coding_CDS_not_defined"
"ENST00000525629","protein_coding_CDS_not_defined"
"ENST00000525638","processed_pseudogene"
"ENST00000525646","protein_coding"
"ENST00000525662","protein_coding_CDS_not_defined"
"ENST00000525673","lncRNA"
"ENST00000525706","lncRNA"
"ENST00000525711","protein_coding_CDS_not_defined"
"ENST00000525716","lncRNA"
"ENST00000525804","retained_intron"
"ENST00000525813","protein_coding"
"ENST00000525820","retained_intron"
"ENST00000525837","protein_coding_CDS_not_defined"
"ENST00000525840","protein_coding"
"ENST00000525892","unprocessed_pseudogene"
"ENST00000525903","processed_pseudogene"
"ENST00000525935","unprocessed_pseudogene"
"ENST00000525951","protein_coding_CDS_not_defined"
"ENST00000525952","lncRNA"
"ENST00000525955","protein_coding"
"ENST00000526003","protein_coding"
"ENST00000526011","processed_pseudogene"
"ENST00000526016","lncRNA"
"ENST00000526053","unprocessed_pseudogene"
"ENST00000526054","protein_coding"
"ENST00000526056","protein_coding"
"ENST00000526091","lncRNA"
"ENST00000526101","lncRNA"
"ENST00000526140","unprocessed_pseudogene"
"ENST00000526146","retained_intron"
"ENST00000526154","lncRNA"
"ENST00000526161","retained_intron"
"ENST00000526184","processed_pseudogene"
"ENST00000526192","protein_coding_CDS_not_defined"
"ENST00000526210","nonsense_mediated_decay"
"ENST00000526223","retained_intron"
"ENST00000526231","protein_coding_CDS_not_defined"
"ENST00000526235","lncRNA"
"ENST00000526254","lncRNA"
"ENST00000526302","protein_coding"
"ENST00000526305","lncRNA"
"ENST00000526321","unprocessed_pseudogene"
"ENST00000526326","unprocessed_pseudogene"
"ENST00000526327","lncRNA"
"ENST00000526352","retained_intron"
"ENST00000526408","lncRNA"
"ENST00000526417","protein_coding_CDS_not_defined"
"ENST00000526420","unprocessed_pseudogene"
"ENST00000526495","protein_coding"
"ENST00000526509","lncRNA"
"ENST00000526538","protein_coding"
"ENST00000526554","lncRNA"
"ENST00000526559","protein_coding"
"ENST00000526565","nonsense_mediated_decay"
"ENST00000526597","protein_coding"
"ENST00000526616","lncRNA"
"ENST00000526644","unprocessed_pseudogene"
"ENST00000526649","processed_pseudogene"
"ENST00000526674","lncRNA"
"ENST00000526681","processed_pseudogene"
"ENST00000526685","protein_coding_CDS_not_defined"
"ENST00000526688","protein_coding_CDS_not_defined"
"ENST00000526707","nonsense_mediated_decay"
"ENST00000526713","protein_coding_CDS_not_defined"
"ENST00000526771","protein_coding_CDS_not_defined"
"ENST00000526804","protein_coding_CDS_not_defined"
"ENST00000526830","transcribed_unprocessed_pseudogene"
"ENST00000526835","retained_intron"
"ENST00000526848","transcribed_unprocessed_pseudogene"
"ENST00000526860","processed_pseudogene"
"ENST00000526868","unprocessed_pseudogene"
"ENST00000526884","protein_coding"
"ENST00000526900","protein_coding"
"ENST00000526905","protein_coding"
"ENST00000526914","protein_coding"
"ENST00000526931","unprocessed_pseudogene"
"ENST00000526934","lncRNA"
"ENST00000526939","unprocessed_pseudogene"
"ENST00000526949","processed_pseudogene"
"ENST00000526974","protein_coding"
"ENST00000526978","lncRNA"
"ENST00000527050","unprocessed_pseudogene"
"ENST00000527065","retained_intron"
"ENST00000527079","protein_coding_CDS_not_defined"
"ENST00000527130","protein_coding_CDS_not_defined"
"ENST00000527135","lncRNA"
"ENST00000527151","processed_pseudogene"
"ENST00000527164","unprocessed_pseudogene"
"ENST00000527217","processed_pseudogene"
"ENST00000527242","protein_coding"
"ENST00000527255","unprocessed_pseudogene"
"ENST00000527281","lncRNA"
"ENST00000527345","lncRNA"
"ENST00000527347","protein_coding"
"ENST00000527364","lncRNA"
"ENST00000527378","protein_coding"
"ENST00000527395","retained_intron"
"ENST00000527400","processed_pseudogene"
"ENST00000527421","retained_intron"
"ENST00000527454","retained_intron"
"ENST00000527462","protein_coding"
"ENST00000527463","unprocessed_pseudogene"
"ENST00000527477","lncRNA"
"ENST00000527486","protein_coding_LoF"
"ENST00000527492","lncRNA"
"ENST00000527507","protein_coding"
"ENST00000527532","processed_pseudogene"
"ENST00000527568","processed_pseudogene"
"ENST00000527625","retained_intron"
"ENST00000527643","processed_pseudogene"
"ENST00000527679","retained_intron"
"ENST00000527681","nonsense_mediated_decay"
"ENST00000527685","protein_coding"
"ENST00000527720","protein_coding"
"ENST00000527724","unprocessed_pseudogene"
"ENST00000527761","protein_coding_CDS_not_defined"
"ENST00000527777","retained_intron"
"ENST00000527789","lncRNA"
"ENST00000527805","nonsense_mediated_decay"
"ENST00000527831","lncRNA"
"ENST00000527841","nonsense_mediated_decay"
"ENST00000527857","lncRNA"
"ENST00000527867","protein_coding_CDS_not_defined"
"ENST00000527877","nonsense_mediated_decay"
"ENST00000527927","protein_coding"
"ENST00000527992","protein_coding_CDS_not_defined"
"ENST00000527998","protein_coding"
"ENST00000528003","retained_intron"
"ENST00000528022","transcribed_processed_pseudogene"
"ENST00000528085","protein_coding"
"ENST00000528138","protein_coding_CDS_not_defined"
"ENST00000528139","lncRNA"
"ENST00000528147","retained_intron"
"ENST00000528151","lncRNA"
"ENST00000528172","transcribed_processed_pseudogene"
"ENST00000528208","transcribed_unprocessed_pseudogene"
"ENST00000528227","protein_coding"
"ENST00000528254","processed_pseudogene"
"ENST00000528316","lncRNA"
"ENST00000528333","protein_coding"
"ENST00000528338","protein_coding"
"ENST00000528349","protein_coding"
"ENST00000528365","processed_pseudogene"
"ENST00000528421","processed_pseudogene"
"ENST00000528441","nonsense_mediated_decay"
"ENST00000528445","lncRNA"
"ENST00000528458","lncRNA"
"ENST00000528459","lncRNA"
"ENST00000528468","lncRNA"
"ENST00000528472","processed_pseudogene"
"ENST00000528547","protein_coding_CDS_not_defined"
"ENST00000528550","processed_pseudogene"
"ENST00000528551","lncRNA"
"ENST00000528576","processed_pseudogene"
"ENST00000528595","protein_coding"
"ENST00000528598","protein_coding"
"ENST00000528616","protein_coding"
"ENST00000528662","nonsense_mediated_decay"
"ENST00000528663","retained_intron"
"ENST00000528690","retained_intron"
"ENST00000528693","protein_coding"
"ENST00000528756","protein_coding"
"ENST00000528763","retained_intron"
"ENST00000528765","lncRNA"
"ENST00000528781",NA
"ENST00000528811","protein_coding_CDS_not_defined"
"ENST00000528813","unprocessed_pseudogene"
"ENST00000528816","retained_intron"
"ENST00000528842","retained_intron"
"ENST00000528849","retained_intron"
"ENST00000528851","protein_coding"
"ENST00000528895","protein_coding"
"ENST00000528901","unprocessed_pseudogene"
"ENST00000528925","protein_coding_CDS_not_defined"
"ENST00000528929","retained_intron"
"ENST00000528932","protein_coding_CDS_not_defined"
"ENST00000528936","protein_coding"
"ENST00000528952","retained_intron"
"ENST00000528977","retained_intron"
"ENST00000528983","lncRNA"
"ENST00000529017","lncRNA"
"ENST00000529018","protein_coding_CDS_not_defined"
"ENST00000529025","processed_pseudogene"
"ENST00000529026","lncRNA"
"ENST00000529103","unprocessed_pseudogene"
"ENST00000529108","protein_coding"
"ENST00000529131","nonsense_mediated_decay"
"ENST00000529133","protein_coding"
"ENST00000529135","lncRNA"
"ENST00000529157","protein_coding_CDS_not_defined"
"ENST00000529161","protein_coding_CDS_not_defined"
"ENST00000529182","protein_coding"
"ENST00000529200","unprocessed_pseudogene"
"ENST00000529215","lncRNA"
"ENST00000529244","retained_intron"
"ENST00000529255","retained_intron"
"ENST00000529258","lncRNA"
"ENST00000529267","transcribed_processed_pseudogene"
"ENST00000529273","protein_coding_CDS_not_defined"
"ENST00000529274","retained_intron"
"ENST00000529278","lncRNA"
"ENST00000529282","lncRNA"
"ENST00000529291","unprocessed_pseudogene"
"ENST00000529301","protein_coding"
"ENST00000529326","unprocessed_pseudogene"
"ENST00000529327","unprocessed_pseudogene"
"ENST00000529375","processed_pseudogene"
"ENST00000529417","lncRNA"
"ENST00000529430","protein_coding"
"ENST00000529459","protein_coding_CDS_not_defined"
"ENST00000529471","retained_intron"
"ENST00000529486","protein_coding_CDS_not_defined"
"ENST00000529491","lncRNA"
"ENST00000529493","unprocessed_pseudogene"
"ENST00000529495","protein_coding"
"ENST00000529536","processed_pseudogene"
"ENST00000529541","processed_pseudogene"
"ENST00000529557","unprocessed_pseudogene"
"ENST00000529559","protein_coding"
"ENST00000529567","transcribed_unprocessed_pseudogene"
"ENST00000529616","protein_coding"
"ENST00000529628","processed_pseudogene"
"ENST00000529684","processed_pseudogene"
"ENST00000529697","processed_pseudogene"
"ENST00000529703","unprocessed_pseudogene"
"ENST00000529713","retained_intron"
"ENST00000529715","nonsense_mediated_decay"
"ENST00000529730","unprocessed_pseudogene"
"ENST00000529742","protein_coding"
"ENST00000529748","protein_coding"
"ENST00000529769","lncRNA"
"ENST00000529776","retained_intron"
"ENST00000529781","lncRNA"
"ENST00000529785","lncRNA"
"ENST00000529831","transcribed_unprocessed_pseudogene"
"ENST00000529848","protein_coding_CDS_not_defined"
"ENST00000529862","unprocessed_pseudogene"
"ENST00000529875","lncRNA"
"ENST00000529912","protein_coding"
"ENST00000529925","protein_coding_CDS_not_defined"
"ENST00000529928","protein_coding_CDS_not_defined"
"ENST00000529936","processed_pseudogene"
"ENST00000529954","unprocessed_pseudogene"
"ENST00000530001","transcribed_unprocessed_pseudogene"
"ENST00000530032","unprocessed_pseudogene"
"ENST00000530038","transcribed_unitary_pseudogene"
"ENST00000530052","retained_intron"
"ENST00000530102","lncRNA"
"ENST00000530141","nonsense_mediated_decay"
"ENST00000530195","processed_pseudogene"
"ENST00000530210","protein_coding"
"ENST00000530232","protein_coding_CDS_not_defined"
"ENST00000530242","protein_coding_CDS_not_defined"
"ENST00000530245","protein_coding"
"ENST00000530246","transcribed_unprocessed_pseudogene"
"ENST00000530265","protein_coding_CDS_not_defined"
"ENST00000530312","protein_coding_CDS_not_defined"
"ENST00000530372","protein_coding"
"ENST00000530379","lncRNA"
"ENST00000530389","lncRNA"
"ENST00000530400","protein_coding"
"ENST00000530407","protein_coding_CDS_not_defined"
"ENST00000530447","protein_coding"
"ENST00000530465","unprocessed_pseudogene"
"ENST00000530467","protein_coding"
"ENST00000530470","retained_intron"
"ENST00000530478","protein_coding"
"ENST00000530482","retained_intron"
"ENST00000530497","protein_coding"
"ENST00000530515","unprocessed_pseudogene"
"ENST00000530524","processed_pseudogene"
"ENST00000530525","lncRNA"
"ENST00000530532","retained_intron"
"ENST00000530556","protein_coding"
"ENST00000530606","lncRNA"
"ENST00000530660","protein_coding"
"ENST00000530662","nonsense_mediated_decay"
"ENST00000530684","processed_pseudogene"
"ENST00000530713","processed_pseudogene"
"ENST00000530714","protein_coding_CDS_not_defined"
"ENST00000530717","retained_intron"
"ENST00000530733","lncRNA"
"ENST00000530735","nonsense_mediated_decay"
"ENST00000530808","unprocessed_pseudogene"
"ENST00000530834","protein_coding_CDS_not_defined"
"ENST00000530847","unprocessed_pseudogene"
"ENST00000530855","unprocessed_pseudogene"
"ENST00000530869","protein_coding_CDS_not_defined"
"ENST00000530892","retained_intron"
"ENST00000530919","retained_intron"
"ENST00000530924","retained_intron"
"ENST00000530960","lncRNA"
"ENST00000530974","processed_pseudogene"
"ENST00000530980","unprocessed_pseudogene"
"ENST00000531014","protein_coding"
"ENST00000531024","lncRNA"
"ENST00000531032","protein_coding"
"ENST00000531054","transcribed_processed_pseudogene"
"ENST00000531059","retained_intron"
"ENST00000531085","protein_coding"
"ENST00000531102","protein_coding_CDS_not_defined"
"ENST00000531124","processed_pseudogene"
"ENST00000531145","protein_coding"
"ENST00000531157","lncRNA"
"ENST00000531194","processed_pseudogene"
"ENST00000531240","protein_coding"
"ENST00000531247","processed_pseudogene"
"ENST00000531260","unprocessed_pseudogene"
"ENST00000531295","retained_intron"
"ENST00000531330","retained_intron"
"ENST00000531353","protein_coding"
"ENST00000531443","protein_coding"
"ENST00000531444","processed_pseudogene"
"ENST00000531463","unprocessed_pseudogene"
"ENST00000531492","unprocessed_pseudogene"
"ENST00000531501","processed_pseudogene"
"ENST00000531504","protein_coding"
"ENST00000531511","lncRNA"
"ENST00000531526","protein_coding"
"ENST00000531546","retained_intron"
"ENST00000531550","retained_intron"
"ENST00000531556","processed_pseudogene"
"ENST00000531560","processed_pseudogene"
"ENST00000531567","unprocessed_pseudogene"
"ENST00000531575","protein_coding_CDS_not_defined"
"ENST00000531584","protein_coding"
"ENST00000531593","retained_intron"
"ENST00000531626","protein_coding_CDS_not_defined"
"ENST00000531671","unprocessed_pseudogene"
"ENST00000531677","protein_coding"
"ENST00000531714","retained_intron"
"ENST00000531718","nonsense_mediated_decay"
"ENST00000531735","retained_intron"
"ENST00000531736","unprocessed_pseudogene"
"ENST00000531763","lncRNA"
"ENST00000531766","unprocessed_pseudogene"
"ENST00000531777","protein_coding_CDS_not_defined"
"ENST00000531783","protein_coding"
"ENST00000531820","retained_intron"
"ENST00000531874","protein_coding_CDS_not_defined"
"ENST00000531876","processed_pseudogene"
"ENST00000531882","lncRNA"
"ENST00000531887","lncRNA"
"ENST00000531907","protein_coding_CDS_not_defined"
"ENST00000531913","retained_intron"
"ENST00000531948","lncRNA"
"ENST00000531961","processed_pseudogene"
"ENST00000532021","retained_intron"
"ENST00000532023","protein_coding"
"ENST00000532029","protein_coding"
"ENST00000532030","processed_pseudogene"
"ENST00000532033","unprocessed_pseudogene"
"ENST00000532071","lncRNA"
"ENST00000532092","processed_pseudogene"
"ENST00000532109","lncRNA"
"ENST00000532110","protein_coding"
"ENST00000532126","processed_pseudogene"
"ENST00000532135","protein_coding"
"ENST00000532136","unprocessed_pseudogene"
"ENST00000532166","protein_coding_CDS_not_defined"
"ENST00000532171","protein_coding"
"ENST00000532188","processed_pseudogene"
"ENST00000532189","protein_coding"
"ENST00000532193","unprocessed_pseudogene"
"ENST00000532195","retained_intron"
"ENST00000532207","retained_intron"
"ENST00000532300","retained_intron"
"ENST00000532310","processed_pseudogene"
"ENST00000532318","unprocessed_pseudogene"
"ENST00000532323","unprocessed_pseudogene"
"ENST00000532342","unprocessed_pseudogene"
"ENST00000532355","protein_coding_CDS_not_defined"
"ENST00000532368","unprocessed_pseudogene"
"ENST00000532369","unprocessed_pseudogene"
"ENST00000532402","nonsense_mediated_decay"
"ENST00000532404","protein_coding"
"ENST00000532411","protein_coding"
"ENST00000532437","protein_coding"
"ENST00000532532","protein_coding_CDS_not_defined"
"ENST00000532561","processed_pseudogene"
"ENST00000532562","lncRNA"
"ENST00000532612","protein_coding"
"ENST00000532617","protein_coding"
"ENST00000532625","retained_intron"
"ENST00000532653","protein_coding"
"ENST00000532682","unprocessed_pseudogene"
"ENST00000532690","processed_pseudogene"
"ENST00000532712","unprocessed_pseudogene"
"ENST00000532733","unprocessed_pseudogene"
"ENST00000532759","unprocessed_pseudogene"
"ENST00000532761","unprocessed_pseudogene"
"ENST00000532768","lncRNA"
"ENST00000532787","protein_coding"
"ENST00000532847","unprocessed_pseudogene"
"ENST00000532898","unprocessed_pseudogene"
"ENST00000532905","protein_coding"
"ENST00000532918","lncRNA"
"ENST00000532938","unprocessed_pseudogene"
"ENST00000532944","processed_pseudogene"
"ENST00000532955","unprocessed_pseudogene"
"ENST00000532977","protein_coding"
"ENST00000532980","processed_pseudogene"
"ENST00000532989","lncRNA"
"ENST00000533049","lncRNA"
"ENST00000533053","unprocessed_pseudogene"
"ENST00000533056","protein_coding"
"ENST00000533060","protein_coding"
"ENST00000533061","protein_coding_CDS_not_defined"
"ENST00000533069","retained_intron"
"ENST00000533101","lncRNA"
"ENST00000533152","protein_coding"
"ENST00000533167","lncRNA"
"ENST00000533181","nonsense_mediated_decay"
"ENST00000533191","protein_coding"
"ENST00000533203","lncRNA"
"ENST00000533230","lncRNA"
"ENST00000533240","protein_coding"
"ENST00000533287","lncRNA"
"ENST00000533292","retained_intron"
"ENST00000533306","protein_coding"
"ENST00000533313","nonsense_mediated_decay"
"ENST00000533326","unprocessed_pseudogene"
"ENST00000533357","protein_coding"
"ENST00000533375","unprocessed_pseudogene"
"ENST00000533394","protein_coding"
"ENST00000533422","nonsense_mediated_decay"
"ENST00000533451","retained_intron"
"ENST00000533462","retained_intron"
"ENST00000533484","transcribed_unprocessed_pseudogene"
"ENST00000533491","protein_coding"
"ENST00000533575","lncRNA"
"ENST00000533579","unprocessed_pseudogene"
"ENST00000533593","transcribed_unprocessed_pseudogene"
"ENST00000533605","protein_coding"
"ENST00000533651","processed_pseudogene"
"ENST00000533660","retained_intron"
"ENST00000533700","protein_coding_CDS_not_defined"
"ENST00000533718","protein_coding"
"ENST00000533803","protein_coding"
"ENST00000533815","protein_coding"
"ENST00000533869","unprocessed_pseudogene"
"ENST00000533878","unprocessed_pseudogene"
"ENST00000533885","nonsense_mediated_decay"
"ENST00000533921","protein_coding_CDS_not_defined"
"ENST00000533932","unprocessed_pseudogene"
"ENST00000533936","transcribed_unprocessed_pseudogene"
"ENST00000534005","unprocessed_pseudogene"
"ENST00000534021","protein_coding_CDS_not_defined"
"ENST00000534044","protein_coding"
"ENST00000534059","lncRNA"
"ENST00000534067","nonsense_mediated_decay"
"ENST00000534069","protein_coding_CDS_not_defined"
"ENST00000534089","retained_intron"
"ENST00000534111","protein_coding"
"ENST00000534128","lncRNA"
"ENST00000534143","nonsense_mediated_decay"
"ENST00000534147","protein_coding"
"ENST00000534196","unprocessed_pseudogene"
"ENST00000534245","retained_intron"
"ENST00000534263","protein_coding_CDS_not_defined"
"ENST00000534310","retained_intron"
"ENST00000534345","protein_coding"
"ENST00000534351","protein_coding_CDS_not_defined"
"ENST00000534364","unprocessed_pseudogene"
"ENST00000534415","protein_coding_CDS_not_defined"
"ENST00000534452","protein_coding"
"ENST00000534492","lncRNA"
"ENST00000534501","protein_coding"
"ENST00000534503","protein_coding_CDS_not_defined"
"ENST00000534504","processed_pseudogene"
"ENST00000534506","protein_coding"
"ENST00000534518","processed_pseudogene"
"ENST00000534519","protein_coding_CDS_not_defined"
"ENST00000534523","processed_pseudogene"
"ENST00000534542","unprocessed_pseudogene"
"ENST00000534576","processed_pseudogene"
"ENST00000534578","protein_coding"
"ENST00000534608","unprocessed_pseudogene"
"ENST00000534620","lncRNA"
"ENST00000534653","lncRNA"
"ENST00000534747","nonsense_mediated_decay"
"ENST00000534760","processed_pseudogene"
"ENST00000534805","protein_coding"
"ENST00000534827","lncRNA"
"ENST00000534833","retained_intron"
"ENST00000534849","lncRNA"
"ENST00000534879","processed_pseudogene"
"ENST00000534895","processed_pseudogene"
"ENST00000534914","lncRNA"
"ENST00000534921","protein_coding"
"ENST00000534967","protein_coding"
"ENST00000535069","nonsense_mediated_decay"
"ENST00000535157","protein_coding"
"ENST00000535224","protein_coding"
"ENST00000535243","unprocessed_pseudogene"
"ENST00000535247","lncRNA"
"ENST00000535301","lncRNA"
"ENST00000535346","protein_coding"
"ENST00000535367","protein_coding"
"ENST00000535383","protein_coding"
"ENST00000535390","protein_coding_CDS_not_defined"
"ENST00000535452","protein_coding"
"ENST00000535454","protein_coding"
"ENST00000535466","protein_coding_CDS_not_defined"
"ENST00000535544","lncRNA"
"ENST00000535568","retained_intron"
"ENST00000535660","lncRNA"
"ENST00000535669","protein_coding"
"ENST00000535679","protein_coding"
"ENST00000535787","protein_coding"
"ENST00000535815","protein_coding"
"ENST00000535821","processed_pseudogene"
"ENST00000535849","unprocessed_pseudogene"
"ENST00000535885","processed_pseudogene"
"ENST00000535903","retained_intron"
"ENST00000535914","lncRNA"
"ENST00000535985","nonsense_mediated_decay"
"ENST00000536019","protein_coding"
"ENST00000536054","lncRNA"
"ENST00000536202","protein_coding"
"ENST00000536216","lncRNA"
"ENST00000536217","lncRNA"
"ENST00000536271","retained_intron"
"ENST00000536312","protein_coding"
"ENST00000536386","protein_coding"
"ENST00000536387","protein_coding"
"ENST00000536421","processed_pseudogene"
"ENST00000536422","lncRNA"
"ENST00000536425","processed_pseudogene"
"ENST00000536467","protein_coding"
"ENST00000536512","lncRNA"
"ENST00000536517","lncRNA"
"ENST00000536529","lncRNA"
"ENST00000536561","protein_coding"
"ENST00000536594","nonsense_mediated_decay"
"ENST00000536598","protein_coding"
"ENST00000536624","protein_coding"
"ENST00000536626","protein_coding"
"ENST00000536639","lncRNA"
"ENST00000536666",NA
"ENST00000536735","lncRNA"
"ENST00000536736","protein_coding"
"ENST00000536786","lncRNA"
"ENST00000536833","protein_coding"
"ENST00000536861","protein_coding"
"ENST00000536931","lncRNA"
"ENST00000536978","processed_pseudogene"
"ENST00000536986","lncRNA"
"ENST00000536988","protein_coding_CDS_not_defined"
"ENST00000537017","protein_coding"
"ENST00000537024","retained_intron"
"ENST00000537095","lncRNA"
"ENST00000537151","protein_coding_CDS_not_defined"
"ENST00000537170","lncRNA"
"ENST00000537212","retained_intron"
"ENST00000537228","protein_coding"
"ENST00000537285","protein_coding_CDS_not_defined"
"ENST00000537374","lncRNA"
"ENST00000537425","protein_coding"
"ENST00000537468","protein_coding"
"ENST00000537478","lncRNA"
"ENST00000537498","lncRNA"
"ENST00000537548","protein_coding"
"ENST00000537551","protein_coding_CDS_not_defined"
"ENST00000537632","protein_coding_CDS_not_defined"
"ENST00000537682","nonsense_mediated_decay"
"ENST00000537699","retained_intron"
"ENST00000537710","protein_coding_CDS_not_defined"
"ENST00000537732","lncRNA"
"ENST00000537801","lncRNA"
"ENST00000537876","protein_coding"
"ENST00000537926","processed_pseudogene"
"ENST00000537930","protein_coding"
"ENST00000537935","protein_coding"
"ENST00000537967","processed_pseudogene"
"ENST00000538015","protein_coding_CDS_not_defined"
"ENST00000538025","lncRNA"
"ENST00000538040","protein_coding_CDS_not_defined"
"ENST00000538067","lncRNA"
"ENST00000538101","lncRNA"
"ENST00000538133","processed_pseudogene"
"ENST00000538190","lncRNA"
"ENST00000538193","retained_intron"
"ENST00000538231","lncRNA"
"ENST00000538234","protein_coding"
"ENST00000538244","protein_coding"
"ENST00000538257","protein_coding_CDS_not_defined"
"ENST00000538266","lncRNA"
"ENST00000538290","protein_coding"
"ENST00000538294","lncRNA"
"ENST00000538297","lncRNA"
"ENST00000538312","protein_coding"
"ENST00000538326","nonsense_mediated_decay"
"ENST00000538330","protein_coding"
"ENST00000538353","protein_coding"
"ENST00000538375","nonsense_mediated_decay"
"ENST00000538389","processed_pseudogene"
"ENST00000538455","unprocessed_pseudogene"
"ENST00000538474","protein_coding"
"ENST00000538482","retained_intron"
"ENST00000538566","protein_coding"
"ENST00000538596","protein_coding"
"ENST00000538624","lncRNA"
"ENST00000538640","lncRNA"
"ENST00000538779","protein_coding"
"ENST00000538830","processed_pseudogene"
"ENST00000538867","protein_coding"
"ENST00000538873","protein_coding"
"ENST00000538884","protein_coding"
"ENST00000538907","retained_intron"
"ENST00000538920","lncRNA"
"ENST00000538921","processed_pseudogene"
"ENST00000538934","transcribed_unprocessed_pseudogene"
"ENST00000539044","nonsense_mediated_decay"
"ENST00000539058","unprocessed_pseudogene"
"ENST00000539072","protein_coding"
"ENST00000539212","nonsense_mediated_decay"
"ENST00000539222","lncRNA"
"ENST00000539268","transcribed_processed_pseudogene"
"ENST00000539300","nonsense_mediated_decay"
"ENST00000539305","lncRNA"
"ENST00000539362","lncRNA"
"ENST00000539468","nonsense_mediated_decay"
"ENST00000539492","protein_coding"
"ENST00000539514","lncRNA"
"ENST00000539518","protein_coding"
"ENST00000539521","processed_pseudogene"
"ENST00000539641","protein_coding_CDS_not_defined"
"ENST00000539655","unprocessed_pseudogene"
"ENST00000539671","protein_coding_CDS_not_defined"
"ENST00000539738","retained_intron"
"ENST00000539776","retained_intron"
"ENST00000539799","protein_coding"
"ENST00000539839","protein_coding"
"ENST00000539848","nonsense_mediated_decay"
"ENST00000539850","protein_coding"
"ENST00000539874","lncRNA"
"ENST00000539932","nonsense_mediated_decay"
"ENST00000539945","protein_coding"
"ENST00000540022","protein_coding"
"ENST00000540124","protein_coding"
"ENST00000540158","retained_intron"
"ENST00000540171","protein_coding_CDS_not_defined"
"ENST00000540219","processed_pseudogene"
"ENST00000540270","nonsense_mediated_decay"
"ENST00000540363","protein_coding_CDS_not_defined"
"ENST00000540382","retained_intron"
"ENST00000540385","protein_coding"
"ENST00000540473","protein_coding"
"ENST00000540479","protein_coding"
"ENST00000540488","protein_coding"
"ENST00000540549","protein_coding"
"ENST00000540625","lncRNA"
"ENST00000540635","lncRNA"
"ENST00000540652","lncRNA"
"ENST00000540738","lncRNA"
"ENST00000540773","processed_pseudogene"
"ENST00000540780","retained_intron"
"ENST00000540794","protein_coding"
"ENST00000540871","protein_coding"
"ENST00000540895","lncRNA"
"ENST00000540910","protein_coding"
"ENST00000540912","lncRNA"
"ENST00000540988","lncRNA"
"ENST00000541008","lncRNA"
"ENST00000541015","nonsense_mediated_decay"
"ENST00000541020","retained_intron"
"ENST00000541095","lncRNA"
"ENST00000541142","processed_pseudogene"
"ENST00000541159","protein_coding"
"ENST00000541168","retained_intron"
"ENST00000541347","protein_coding"
"ENST00000541348","lncRNA"
"ENST00000541359","lncRNA"
"ENST00000541380","protein_coding"
"ENST00000541395","protein_coding"
"ENST00000541415","protein_coding_LoF"
"ENST00000541484","protein_coding_CDS_not_defined"
"ENST00000541495","lncRNA"
"ENST00000541503","retained_intron"
"ENST00000541534","processed_pseudogene"
"ENST00000541538","protein_coding"
"ENST00000541653","processed_pseudogene"
"ENST00000541681","protein_coding"
"ENST00000541715","lncRNA"
"ENST00000541769","lncRNA"
"ENST00000541784","lncRNA"
"ENST00000541797","lncRNA"
"ENST00000541812","protein_coding"
"ENST00000541871","protein_coding_CDS_not_defined"
"ENST00000541881","lncRNA"
"ENST00000541938","protein_coding_CDS_not_defined"
"ENST00000541949","lncRNA"
"ENST00000542000","retained_intron"
"ENST00000542023","protein_coding"
"ENST00000542042","protein_coding"
"ENST00000542107","protein_coding"
"ENST00000542110","processed_pseudogene"
"ENST00000542121","lncRNA"
"ENST00000542233","protein_coding_CDS_not_defined"
"ENST00000542291","lncRNA"
"ENST00000542315","protein_coding"
"ENST00000542340","retained_intron"
"ENST00000542370","protein_coding"
"ENST00000542375","nonsense_mediated_decay"
"ENST00000542389","protein_coding"
"ENST00000542491","unprocessed_pseudogene"
"ENST00000542505","protein_coding"
"ENST00000542518","nonsense_mediated_decay"
"ENST00000542578","lncRNA"
"ENST00000542581","processed_pseudogene"
"ENST00000542601","protein_coding"
"ENST00000542623","unprocessed_pseudogene"
"ENST00000542637","processed_pseudogene"
"ENST00000542723","protein_coding"
"ENST00000542742","processed_pseudogene"
"ENST00000542762","protein_coding_CDS_not_defined"
"ENST00000542783","protein_coding"
"ENST00000542797","lncRNA"
"ENST00000542806","nonsense_mediated_decay"
"ENST00000542812","processed_pseudogene"
"ENST00000542819","lncRNA"
"ENST00000542898","nonsense_mediated_decay"
"ENST00000542903","protein_coding"
"ENST00000542980","lncRNA"
"ENST00000542984","lncRNA"
"ENST00000542992","lncRNA"
"ENST00000543108","protein_coding_CDS_not_defined"
"ENST00000543133","protein_coding"
"ENST00000543147","retained_intron"
"ENST00000543160","protein_coding"
"ENST00000543184","protein_coding"
"ENST00000543206","lncRNA"
"ENST00000543208","protein_coding"
"ENST00000543214","protein_coding"
"ENST00000543218","nonsense_mediated_decay"
"ENST00000543262","protein_coding"
"ENST00000543276","protein_coding"
"ENST00000543361","processed_pseudogene"
"ENST00000543402","retained_intron"
"ENST00000543403","lncRNA"
"ENST00000543422","protein_coding_CDS_not_defined"
"ENST00000543449","protein_coding_CDS_not_defined"
"ENST00000543453","protein_coding_CDS_not_defined"
"ENST00000543467","protein_coding"
"ENST00000543477","protein_coding"
"ENST00000543539","transcribed_unprocessed_pseudogene"
"ENST00000543558","lncRNA"
"ENST00000543572","nonsense_mediated_decay"
"ENST00000543651","lncRNA"
"ENST00000543674","protein_coding"
"ENST00000543705","processed_pseudogene"
"ENST00000543715","retained_intron"
"ENST00000543778","lncRNA"
"ENST00000543793","retained_intron"
"ENST00000543812","nonsense_mediated_decay"
"ENST00000543831","protein_coding"
"ENST00000543848","lncRNA"
"ENST00000543909","protein_coding"
"ENST00000543916","retained_intron"
"ENST00000543922","lncRNA"
"ENST00000543943","unprocessed_pseudogene"
"ENST00000543961","processed_pseudogene"
"ENST00000543963","protein_coding"
"ENST00000543967","protein_coding"
"ENST00000543995","nonsense_mediated_decay"
"ENST00000544035","protein_coding"
"ENST00000544036","lncRNA"
"ENST00000544057","protein_coding_CDS_not_defined"
"ENST00000544089","lncRNA"
"ENST00000544093","nonsense_mediated_decay"
"ENST00000544102","lncRNA"
"ENST00000544128","protein_coding_CDS_not_defined"
"ENST00000544240","unprocessed_pseudogene"
"ENST00000544244","protein_coding"
"ENST00000544277","protein_coding_CDS_not_defined"
"ENST00000544370","protein_coding"
"ENST00000544374","protein_coding"
"ENST00000544406","protein_coding"
"ENST00000544413","protein_coding"
"ENST00000544415","lncRNA"
"ENST00000544419","lncRNA"
"ENST00000544446","protein_coding_CDS_not_defined"
"ENST00000544546","processed_pseudogene"
"ENST00000544557","lncRNA"
"ENST00000544578","lncRNA"
"ENST00000544751","protein_coding_CDS_not_defined"
"ENST00000544766","protein_coding"
"ENST00000544818","processed_pseudogene"
"ENST00000544822","protein_coding"
"ENST00000544837","nonsense_mediated_decay"
"ENST00000544849","retained_intron"
"ENST00000544876","protein_coding_CDS_not_defined"
"ENST00000544889","protein_coding"
"ENST00000544922","lncRNA"
"ENST00000544935","protein_coding"
"ENST00000544997","protein_coding"
"ENST00000545001","processed_pseudogene"
"ENST00000545002","protein_coding_CDS_not_defined"
"ENST00000545031","retained_intron"
"ENST00000545068","protein_coding"
"ENST00000545097","protein_coding"
"ENST00000545121","protein_coding"
"ENST00000545196","nonsense_mediated_decay"
"ENST00000545235","nonsense_mediated_decay"
"ENST00000545267","protein_coding"
"ENST00000545335","protein_coding"
"ENST00000545343","lncRNA"
"ENST00000545370","processed_pseudogene"
"ENST00000545380","protein_coding"
"ENST00000545508","lncRNA"
"ENST00000545535","lncRNA"
"ENST00000545576","retained_intron"
"ENST00000545592","processed_pseudogene"
"ENST00000545663","protein_coding"
"ENST00000545687","protein_coding"
"ENST00000545739","lncRNA"
"ENST00000545761","processed_pseudogene"
"ENST00000545784","lncRNA"
"ENST00000545796","protein_coding"
"ENST00000545807","retained_intron"
"ENST00000545814","processed_pseudogene"
"ENST00000545833","protein_coding_CDS_not_defined"
"ENST00000545848","nonsense_mediated_decay"
"ENST00000545853","lncRNA"
"ENST00000545905","processed_pseudogene"
"ENST00000545940","protein_coding"
"ENST00000545951","protein_coding"
"ENST00000545968","protein_coding"
"ENST00000545978","processed_pseudogene"
"ENST00000546062","lncRNA"
"ENST00000546089","protein_coding"
"ENST00000546105","protein_coding_CDS_not_defined"
"ENST00000546110","protein_coding_CDS_not_defined"
"ENST00000546167","protein_coding"
"ENST00000546180","lncRNA"
"ENST00000546187","processed_pseudogene"
"ENST00000546214","lncRNA"
"ENST00000546275","protein_coding"
"ENST00000546311","protein_coding"
"ENST00000546314","protein_coding"
"ENST00000546330","protein_coding"
"ENST00000546384","retained_intron"
"ENST00000546417","protein_coding"
"ENST00000546432","unprocessed_pseudogene"
"ENST00000546447","processed_pseudogene"
"ENST00000546453","retained_intron"
"ENST00000546456","protein_coding_CDS_not_defined"
"ENST00000546498","retained_intron"
"ENST00000546512","lncRNA"
"ENST00000546558","lncRNA"
"ENST00000546577","protein_coding"
"ENST00000546667","protein_coding_CDS_not_defined"
"ENST00000546678","lncRNA"
"ENST00000546696","lncRNA"
"ENST00000546708","protein_coding_CDS_not_defined"
"ENST00000546756","protein_coding"
"ENST00000546757","nonsense_mediated_decay"
"ENST00000546770","lncRNA"
"ENST00000546804","lncRNA"
"ENST00000546807","nonsense_mediated_decay"
"ENST00000546853","processed_pseudogene"
"ENST00000546865","lncRNA"
"ENST00000546934","retained_intron"
"ENST00000546982","lncRNA"
"ENST00000546991","protein_coding"
"ENST00000547004","lncRNA"
"ENST00000547023","processed_pseudogene"
"ENST00000547045","protein_coding"
"ENST00000547052","retained_intron"
"ENST00000547077","retained_intron"
"ENST00000547088","lncRNA"
"ENST00000547089","lncRNA"
"ENST00000547093","lncRNA"
"ENST00000547099","nonsense_mediated_decay"
"ENST00000547106","retained_intron"
"ENST00000547122","nonsense_mediated_decay"
"ENST00000547168","lncRNA"
"ENST00000547183","unprocessed_pseudogene"
"ENST00000547218","processed_pseudogene"
"ENST00000547227","processed_pseudogene"
"ENST00000547233","retained_intron"
"ENST00000547257","nonsense_mediated_decay"
"ENST00000547270","protein_coding"
"ENST00000547275","protein_coding"
"ENST00000547350","lncRNA"
"ENST00000547370","lncRNA"
"ENST00000547398","retained_intron"
"ENST00000547436","processed_pseudogene"
"ENST00000547470","protein_coding_CDS_not_defined"
"ENST00000547482","processed_pseudogene"
"ENST00000547483","processed_pseudogene"
"ENST00000547485","protein_coding_CDS_not_defined"
"ENST00000547500","retained_intron"
"ENST00000547523","lncRNA"
"ENST00000547527","unprocessed_pseudogene"
"ENST00000547533","lncRNA"
"ENST00000547563","lncRNA"
"ENST00000547602","lncRNA"
"ENST00000547616","transcribed_processed_pseudogene"
"ENST00000547627","retained_intron"
"ENST00000547633","lncRNA"
"ENST00000547685","retained_intron"
"ENST00000547688","protein_coding"
"ENST00000547761","protein_coding_CDS_not_defined"
"ENST00000547795","lncRNA"
"ENST00000547819","lncRNA"
"ENST00000547831","processed_pseudogene"
"ENST00000547838","protein_coding"
"ENST00000547857","protein_coding_CDS_not_defined"
"ENST00000547875","unprocessed_pseudogene"
"ENST00000547876","lncRNA"
"ENST00000547950","retained_intron"
"ENST00000547958","retained_intron"
"ENST00000547968","processed_pseudogene"
"ENST00000547971","processed_pseudogene"
"ENST00000548048","protein_coding"
"ENST00000548059","processed_pseudogene"
"ENST00000548087","lncRNA"
"ENST00000548088","retained_intron"
"ENST00000548124","lncRNA"
"ENST00000548199","lncRNA"
"ENST00000548240","nonsense_mediated_decay"
"ENST00000548295","unprocessed_pseudogene"
"ENST00000548344","lncRNA"
"ENST00000548349","processed_pseudogene"
"ENST00000548352","protein_coding_CDS_not_defined"
"ENST00000548409","protein_coding"
"ENST00000548419","transcribed_processed_pseudogene"
"ENST00000548426","protein_coding"
"ENST00000548427","lncRNA"
"ENST00000548444","protein_coding"
"ENST00000548456","transcribed_unprocessed_pseudogene"
"ENST00000548458","protein_coding_CDS_not_defined"
"ENST00000548488","lncRNA"
"ENST00000548489","protein_coding"
"ENST00000548497",NA
"ENST00000548512","lncRNA"
"ENST00000548559","protein_coding_CDS_not_defined"
"ENST00000548612","processed_pseudogene"
"ENST00000548613","lncRNA"
"ENST00000548615","protein_coding"
"ENST00000548619","lncRNA"
"ENST00000548625","processed_pseudogene"
"ENST00000548631","lncRNA"
"ENST00000548633","unprocessed_pseudogene"
"ENST00000548735","retained_intron"
"ENST00000548740","lncRNA"
"ENST00000548764","lncRNA"
"ENST00000548768","protein_coding_CDS_not_defined"
"ENST00000548771","retained_intron"
"ENST00000548774","processed_pseudogene"
"ENST00000548779","lncRNA"
"ENST00000548780","protein_coding"
"ENST00000548800","retained_intron"
"ENST00000548873","processed_pseudogene"
"ENST00000548924","lncRNA"
"ENST00000548929","retained_intron"
"ENST00000548932","protein_coding"
"ENST00000548963","lncRNA"
"ENST00000549005","processed_pseudogene"
"ENST00000549020","processed_pseudogene"
"ENST00000549027","protein_coding"
"ENST00000549029","retained_intron"
"ENST00000549047","protein_coding"
"ENST00000549070","lncRNA"
"ENST00000549083","protein_coding_CDS_not_defined"
"ENST00000549131","retained_intron"
"ENST00000549163","lncRNA"
"ENST00000549255","protein_coding"
"ENST00000549264","unprocessed_pseudogene"
"ENST00000549267","processed_pseudogene"
"ENST00000549295","retained_intron"
"ENST00000549313","lncRNA"
"ENST00000549330","lncRNA"
"ENST00000549343","protein_coding"
"ENST00000549364","lncRNA"
"ENST00000549421","protein_coding_CDS_not_defined"
"ENST00000549459","transcribed_processed_pseudogene"
"ENST00000549467","unprocessed_pseudogene"
"ENST00000549469","protein_coding_CDS_not_defined"
"ENST00000549485","processed_pseudogene"
"ENST00000549509","processed_pseudogene"
"ENST00000549521","processed_pseudogene"
"ENST00000549558","protein_coding"
"ENST00000549579","transcribed_unprocessed_pseudogene"
"ENST00000549623","protein_coding"
"ENST00000549647","processed_pseudogene"
"ENST00000549660","lncRNA"
"ENST00000549669","lncRNA"
"ENST00000549691","protein_coding_CDS_not_defined"
"ENST00000549744","lncRNA"
"ENST00000549779","processed_pseudogene"
"ENST00000549786","protein_coding"
"ENST00000549788","lncRNA"
"ENST00000549792","retained_intron"
"ENST00000549816","retained_intron"
"ENST00000549896","lncRNA"
"ENST00000549927","protein_coding_CDS_not_defined"
"ENST00000550003","protein_coding"
"ENST00000550005","protein_coding"
"ENST00000550019","lncRNA"
"ENST00000550035","lncRNA"
"ENST00000550076","processed_pseudogene"
"ENST00000550077","unprocessed_pseudogene"
"ENST00000550104","protein_coding"
"ENST00000550131","protein_coding"
"ENST00000550157","protein_coding_CDS_not_defined"
"ENST00000550175","lncRNA"
"ENST00000550221","retained_intron"
"ENST00000550281","unprocessed_pseudogene"
"ENST00000550299","protein_coding"
"ENST00000550326","processed_pseudogene"
"ENST00000550328","protein_coding_CDS_not_defined"
"ENST00000550337","lncRNA"
"ENST00000550386","nonsense_mediated_decay"
"ENST00000550405","protein_coding_CDS_not_defined"
"ENST00000550463","processed_pseudogene"
"ENST00000550470","lncRNA"
"ENST00000550506","lncRNA"
"ENST00000550514","protein_coding"
"ENST00000550607","protein_coding"
"ENST00000550637","transcribed_unprocessed_pseudogene"
"ENST00000550646","processed_pseudogene"
"ENST00000550708","protein_coding"
"ENST00000550710","processed_pseudogene"
"ENST00000550720","lncRNA"
"ENST00000550729","unprocessed_pseudogene"
"ENST00000550751","processed_pseudogene"
"ENST00000550759","lncRNA"
"ENST00000550818","retained_intron"
"ENST00000550823","retained_intron"
"ENST00000550827","lncRNA"
"ENST00000550829","nonsense_mediated_decay"
"ENST00000550872","retained_intron"
"ENST00000550874","lncRNA"
"ENST00000550907","processed_pseudogene"
"ENST00000550956","processed_pseudogene"
"ENST00000550971","protein_coding_CDS_not_defined"
"ENST00000550979","processed_pseudogene"
"ENST00000551071","retained_intron"
"ENST00000551074","protein_coding_CDS_not_defined"
"ENST00000551075","lncRNA"
"ENST00000551083","processed_pseudogene"
"ENST00000551087","protein_coding_CDS_not_defined"
"ENST00000551089","lncRNA"
"ENST00000551134","nonsense_mediated_decay"
"ENST00000551161","lncRNA"
"ENST00000551181","processed_pseudogene"
"ENST00000551202","lncRNA"
"ENST00000551211","retained_intron"
"ENST00000551277","protein_coding_CDS_not_defined"
"ENST00000551280","lncRNA"
"ENST00000551303","protein_coding_CDS_not_defined"
"ENST00000551372","lncRNA"
"ENST00000551415","protein_coding_CDS_not_defined"
"ENST00000551418","retained_intron"
"ENST00000551454","retained_intron"
"ENST00000551468","protein_coding"
"ENST00000551531","lncRNA"
"ENST00000551557","protein_coding_CDS_not_defined"
"ENST00000551571","lncRNA"
"ENST00000551576","protein_coding"
"ENST00000551581","retained_intron"
"ENST00000551593","protein_coding"
"ENST00000551656","lncRNA"
"ENST00000551663","unprocessed_pseudogene"
"ENST00000551711","protein_coding"
"ENST00000551761","lncRNA"
"ENST00000551831","nonsense_mediated_decay"
"ENST00000551847","lncRNA"
"ENST00000551867","transcribed_unprocessed_pseudogene"
"ENST00000551875","lncRNA"
"ENST00000551882","processed_pseudogene"
"ENST00000551885","lncRNA"
"ENST00000551889","retained_intron"
"ENST00000551890","lncRNA"
"ENST00000551910","processed_pseudogene"
"ENST00000551940","lncRNA"
"ENST00000551949","protein_coding"
"ENST00000551967","processed_pseudogene"
"ENST00000551999","processed_pseudogene"
"ENST00000552002","protein_coding"
"ENST00000552019","protein_coding_CDS_not_defined"
"ENST00000552033","protein_coding"
"ENST00000552098","lncRNA"
"ENST00000552106","lncRNA"
"ENST00000552154","lncRNA"
"ENST00000552169","processed_pseudogene"
"ENST00000552175","unprocessed_pseudogene"
"ENST00000552182","lncRNA"
"ENST00000552198","retained_intron"
"ENST00000552251","protein_coding_CDS_not_defined"
"ENST00000552252","retained_intron"
"ENST00000552289","retained_intron"
"ENST00000552372","protein_coding_CDS_not_defined"
"ENST00000552383","protein_coding"
"ENST00000552397","protein_coding"
"ENST00000552400","protein_coding_CDS_not_defined"
"ENST00000552413","lncRNA"
"ENST00000552471","protein_coding"
"ENST00000552481","processed_pseudogene"
"ENST00000552491","protein_coding"
"ENST00000552503","protein_coding_CDS_not_defined"
"ENST00000552524","lncRNA"
"ENST00000552536","processed_pseudogene"
"ENST00000552581","nonsense_mediated_decay"
"ENST00000552624","protein_coding"
"ENST00000552628","lncRNA"
"ENST00000552639","lncRNA"
"ENST00000552641","retained_intron"
"ENST00000552704","lncRNA"
"ENST00000552789","protein_coding"
"ENST00000552823","protein_coding"
"ENST00000552837","processed_pseudogene"
"ENST00000552843","unprocessed_pseudogene"
"ENST00000552852","processed_pseudogene"
"ENST00000552886","protein_coding_CDS_not_defined"
"ENST00000553017","lncRNA"
"ENST00000553021","processed_pseudogene"
"ENST00000553028","processed_pseudogene"
"ENST00000553029","lncRNA"
"ENST00000553035","processed_pseudogene"
"ENST00000553077","retained_intron"
"ENST00000553083","protein_coding_CDS_not_defined"
"ENST00000553087","retained_intron"
"ENST00000553095","lncRNA"
"ENST00000553175","protein_coding_CDS_not_defined"
"ENST00000553301","lncRNA"
"ENST00000553317","protein_coding_CDS_not_defined"
"ENST00000553339","processed_pseudogene"
"ENST00000553347","unprocessed_pseudogene"
"ENST00000553367","lncRNA"
"ENST00000553410","lncRNA"
"ENST00000553415","protein_coding_CDS_not_defined"
"ENST00000553416","lncRNA"
"ENST00000553439","retained_intron"
"ENST00000553445","lncRNA"
"ENST00000553467","retained_intron"
"ENST00000553477","lncRNA"
"ENST00000553499","protein_coding"
"ENST00000553502","protein_coding"
"ENST00000553522","nonsense_mediated_decay"
"ENST00000553568","transcribed_unprocessed_pseudogene"
"ENST00000553571","protein_coding_CDS_not_defined"
"ENST00000553572","processed_pseudogene"
"ENST00000553577","protein_coding_CDS_not_defined"
"ENST00000553621","lncRNA"
"ENST00000553624","protein_coding"
"ENST00000553634","processed_pseudogene"
"ENST00000553649","processed_pseudogene"
"ENST00000553676","protein_coding"
"ENST00000553679","lncRNA"
"ENST00000553686","protein_coding_CDS_not_defined"
"ENST00000553698","processed_pseudogene"
"ENST00000553754","lncRNA"
"ENST00000553762","lncRNA"
"ENST00000553780","protein_coding"
"ENST00000553788","protein_coding"
"ENST00000553836","processed_pseudogene"
"ENST00000553871","protein_coding_CDS_not_defined"
"ENST00000553874","protein_coding_CDS_not_defined"
"ENST00000553882","retained_intron"
"ENST00000553885","protein_coding"
"ENST00000553886","processed_pseudogene"
"ENST00000553898","protein_coding_CDS_not_defined"
"ENST00000553912","transcribed_processed_pseudogene"
"ENST00000553913","lncRNA"
"ENST00000553918","protein_coding"
"ENST00000553921","lncRNA"
"ENST00000553992","protein_coding_CDS_not_defined"
"ENST00000553993","TR_V_pseudogene"
"ENST00000554006","lncRNA"
"ENST00000554042","lncRNA"
"ENST00000554099","processed_pseudogene"
"ENST00000554127","processed_pseudogene"
"ENST00000554142","lncRNA"
"ENST00000554181","lncRNA"
"ENST00000554185","protein_coding_CDS_not_defined"
"ENST00000554196","lncRNA"
"ENST00000554197","lncRNA"
"ENST00000554199","processed_pseudogene"
"ENST00000554205","lncRNA"
"ENST00000554212","protein_coding"
"ENST00000554239","processed_pseudogene"
"ENST00000554248","processed_pseudogene"
"ENST00000554266","protein_coding"
"ENST00000554287","retained_intron"
"ENST00000554305","lncRNA"
"ENST00000554313","protein_coding_CDS_not_defined"
"ENST00000554319","lncRNA"
"ENST00000554323","lncRNA"
"ENST00000554353","retained_intron"
"ENST00000554393","processed_pseudogene"
"ENST00000554418","processed_pseudogene"
"ENST00000554433","lncRNA"
"ENST00000554445","lncRNA"
"ENST00000554450","transcribed_processed_pseudogene"
"ENST00000554458","lncRNA"
"ENST00000554460","protein_coding_CDS_not_defined"
"ENST00000554480","protein_coding"
"ENST00000554497","protein_coding_CDS_not_defined"
"ENST00000554529","lncRNA"
"ENST00000554540","lncRNA"
"ENST00000554548","lncRNA"
"ENST00000554550","nonsense_mediated_decay"
"ENST00000554569","protein_coding"
"ENST00000554586","processed_pseudogene"
"ENST00000554689","processed_pseudogene"
"ENST00000554753","lncRNA"
"ENST00000554759","lncRNA"
"ENST00000554796","processed_pseudogene"
"ENST00000554811","retained_intron"
"ENST00000554814","lncRNA"
"ENST00000554815","lncRNA"
"ENST00000554835","protein_coding_CDS_not_defined"
"ENST00000554873","protein_coding"
"ENST00000554881","transcribed_processed_pseudogene"
"ENST00000554883","protein_coding_CDS_not_defined"
"ENST00000554933","unprocessed_pseudogene"
"ENST00000554936","retained_intron"
"ENST00000554948","protein_coding_CDS_not_defined"
"ENST00000554953","protein_coding"
"ENST00000554958","unprocessed_pseudogene"
"ENST00000554959","retained_intron"
"ENST00000554987","processed_pseudogene"
"ENST00000555002","protein_coding"
"ENST00000555016","lncRNA"
"ENST00000555024","lncRNA"
"ENST00000555026","protein_coding"
"ENST00000555032","lncRNA"
"ENST00000555035","retained_intron"
"ENST00000555056","nonsense_mediated_decay"
"ENST00000555058","protein_coding"
"ENST00000555078","processed_pseudogene"
"ENST00000555095","protein_coding"
"ENST00000555099","protein_coding"
"ENST00000555110","protein_coding_CDS_not_defined"
"ENST00000555145","protein_coding"
"ENST00000555153","processed_pseudogene"
"ENST00000555157","lncRNA"
"ENST00000555160","processed_pseudogene"
"ENST00000555180","unprocessed_pseudogene"
"ENST00000555184","processed_pseudogene"
"ENST00000555202","protein_coding"
"ENST00000555203","protein_coding_CDS_not_defined"
"ENST00000555205","processed_pseudogene"
"ENST00000555231","retained_intron"
"ENST00000555238","protein_coding"
"ENST00000555240","retained_intron"
"ENST00000555251","protein_coding"
"ENST00000555255","lncRNA"
"ENST00000555261","lncRNA"
"ENST00000555285","unprocessed_pseudogene"
"ENST00000555307","protein_coding"
"ENST00000555314","retained_intron"
"ENST00000555325","lncRNA"
"ENST00000555331","nonsense_mediated_decay"
"ENST00000555346","processed_pseudogene"
"ENST00000555362","lncRNA"
"ENST00000555368","protein_coding_CDS_not_defined"
"ENST00000555387","protein_coding"
"ENST00000555388","processed_pseudogene"
"ENST00000555406","lncRNA"
"ENST00000555429","protein_coding"
"ENST00000555432","lncRNA"
"ENST00000555433","lncRNA"
"ENST00000555468","transcribed_processed_pseudogene"
"ENST00000555490","lncRNA"
"ENST00000555538","processed_pseudogene"
"ENST00000555563","nonsense_mediated_decay"
"ENST00000555579","retained_intron"
"ENST00000555595","lncRNA"
"ENST00000555604","protein_coding_CDS_not_defined"
"ENST00000555645","nonsense_mediated_decay"
"ENST00000555669","processed_pseudogene"
"ENST00000555706","protein_coding"
"ENST00000555719","protein_coding_CDS_not_defined"
"ENST00000555725","lncRNA"
"ENST00000555736","lncRNA"
"ENST00000555776","lncRNA"
"ENST00000555786","transcribed_processed_pseudogene"
"ENST00000555795","protein_coding_CDS_not_defined"
"ENST00000555797","lncRNA"
"ENST00000555838","processed_pseudogene"
"ENST00000555889","lncRNA"
"ENST00000555897","processed_pseudogene"
"ENST00000555913","lncRNA"
"ENST00000555922","lncRNA"
"ENST00000555941","retained_intron"
"ENST00000555951","processed_pseudogene"
"ENST00000555952","protein_coding_CDS_not_defined"
"ENST00000555956","retained_intron"
"ENST00000555959","protein_coding"
"ENST00000555961","retained_intron"
"ENST00000555979","processed_pseudogene"
"ENST00000555980","processed_pseudogene"
"ENST00000556012","processed_pseudogene"
"ENST00000556014","processed_pseudogene"
"ENST00000556021","lncRNA"
"ENST00000556024","lncRNA"
"ENST00000556046","nonsense_mediated_decay"
"ENST00000556066","retained_intron"
"ENST00000556073","lncRNA"
"ENST00000556114","unprocessed_pseudogene"
"ENST00000556137","protein_coding_CDS_not_defined"
"ENST00000556149","processed_pseudogene"
"ENST00000556151","processed_pseudogene"
"ENST00000556183","lncRNA"
"ENST00000556193","processed_pseudogene"
"ENST00000556228","lncRNA"
"ENST00000556233","processed_pseudogene"
"ENST00000556269","unprocessed_pseudogene"
"ENST00000556279","protein_coding"
"ENST00000556286","processed_pseudogene"
"ENST00000556335","protein_coding_CDS_not_defined"
"ENST00000556349","processed_pseudogene"
"ENST00000556354","lncRNA"
"ENST00000556395","transcribed_processed_pseudogene"
"ENST00000556397","lncRNA"
"ENST00000556398","processed_pseudogene"
"ENST00000556401","processed_pseudogene"
"ENST00000556411","lncRNA"
"ENST00000556445","retained_intron"
"ENST00000556484","protein_coding_CDS_not_defined"
"ENST00000556513","protein_coding"
"ENST00000556525","protein_coding_CDS_not_defined"
"ENST00000556546","lncRNA"
"ENST00000556591","protein_coding_CDS_not_defined"
"ENST00000556602","lncRNA"
"ENST00000556608","processed_pseudogene"
"ENST00000556624","lncRNA"
"ENST00000556634","lncRNA"
"ENST00000556661","protein_coding"
"ENST00000556691","protein_coding_CDS_not_defined"
"ENST00000556697","lncRNA"
"ENST00000556706","processed_pseudogene"
"ENST00000556744","protein_coding"
"ENST00000556767","retained_intron"
"ENST00000556789","lncRNA"
"ENST00000556800","retained_intron"
"ENST00000556810","protein_coding"
"ENST00000556819","lncRNA"
"ENST00000556851","retained_intron"
"ENST00000556879","nonsense_mediated_decay"
"ENST00000556886","lncRNA"
"ENST00000556887","protein_coding"
"ENST00000556933","processed_pseudogene"
"ENST00000556949","lncRNA"
"ENST00000556983","processed_pseudogene"
"ENST00000556991","unprocessed_pseudogene"
"ENST00000556997","protein_coding_CDS_not_defined"
"ENST00000557001","protein_coding_CDS_not_defined"
"ENST00000557004","protein_coding"
"ENST00000557018","protein_coding"
"ENST00000557029","protein_coding_CDS_not_defined"
"ENST00000557034","protein_coding_CDS_not_defined"
"ENST00000557042","unprocessed_pseudogene"
"ENST00000557043","protein_coding"
"ENST00000557050","lncRNA"
"ENST00000557068","protein_coding"
"ENST00000557083","protein_coding_CDS_not_defined"
"ENST00000557107","retained_intron"
"ENST00000557113","retained_intron"
"ENST00000557148","protein_coding"
"ENST00000557174",NA
"ENST00000557177","protein_coding"
"ENST00000557185","protein_coding"
"ENST00000557194","processed_pseudogene"
"ENST00000557196","processed_pseudogene"
"ENST00000557200","processed_pseudogene"
"ENST00000557205","retained_intron"
"ENST00000557214","protein_coding"
"ENST00000557224","protein_coding"
"ENST00000557277","protein_coding"
"ENST00000557355","lncRNA"
"ENST00000557360","unprocessed_pseudogene"
"ENST00000557368","lncRNA"
"ENST00000557388","protein_coding_CDS_not_defined"
"ENST00000557399","lncRNA"
"ENST00000557418","protein_coding_CDS_not_defined"
"ENST00000557448","unprocessed_pseudogene"
"ENST00000557460","retained_intron"
"ENST00000557463","processed_pseudogene"
"ENST00000557465","lncRNA"
"ENST00000557488","retained_intron"
"ENST00000557489","protein_coding"
"ENST00000557499","lncRNA"
"ENST00000557505","retained_intron"
"ENST00000557514","TR_V_pseudogene"
"ENST00000557542","protein_coding"
"ENST00000557547","lncRNA"
"ENST00000557548","TR_V_pseudogene"
"ENST00000557558","lncRNA"
"ENST00000557559","protein_coding_CDS_not_defined"
"ENST00000557581","protein_coding_CDS_not_defined"
"ENST00000557602","lncRNA"
"ENST00000557620","processed_pseudogene"
"ENST00000557631","lncRNA"
"ENST00000557674","protein_coding"
"ENST00000557677","protein_coding"
"ENST00000557705","processed_pseudogene"
"ENST00000557709","lncRNA"
"ENST00000557732","retained_intron"
"ENST00000557746","protein_coding"
"ENST00000557753","processed_pseudogene"
"ENST00000557767","protein_coding"
"ENST00000557790","lncRNA"
"ENST00000557828","lncRNA"
"ENST00000557862","processed_pseudogene"
"ENST00000557946","lncRNA"
"ENST00000557962","lncRNA"
"ENST00000557966","retained_intron"
"ENST00000557973","protein_coding_CDS_not_defined"
"ENST00000557997","protein_coding"
"ENST00000558010","lncRNA"
"ENST00000558024","protein_coding"
"ENST00000558068","protein_coding_CDS_not_defined"
"ENST00000558095","processed_pseudogene"
"ENST00000558145","protein_coding"
"ENST00000558148","protein_coding"
"ENST00000558154","protein_coding"
"ENST00000558158","protein_coding"
"ENST00000558175","lncRNA"
"ENST00000558226","lncRNA"
"ENST00000558239","protein_coding"
"ENST00000558245","lncRNA"
"ENST00000558246","lncRNA"
"ENST00000558259","protein_coding"
"ENST00000558262","lncRNA"
"ENST00000558297","lncRNA"
"ENST00000558299","unprocessed_pseudogene"
"ENST00000558343","lncRNA"
"ENST00000558385","lncRNA"
"ENST00000558391","transcribed_processed_pseudogene"
"ENST00000558402","protein_coding"
"ENST00000558426","protein_coding"
"ENST00000558434","lncRNA"
"ENST00000558509","nonsense_mediated_decay"
"ENST00000558538","protein_coding_CDS_not_defined"
"ENST00000558606","processed_pseudogene"
"ENST00000558672","retained_intron"
"ENST00000558722","lncRNA"
"ENST00000558730","lncRNA"
"ENST00000558741","processed_pseudogene"
"ENST00000558772","protein_coding"
"ENST00000558776","processed_pseudogene"
"ENST00000558785","lncRNA"
"ENST00000558804","protein_coding"
"ENST00000558852","lncRNA"
"ENST00000558858","retained_intron"
"ENST00000558895","protein_coding"
"ENST00000558917","unprocessed_pseudogene"
"ENST00000558992","protein_coding_CDS_not_defined"
"ENST00000558997","protein_coding"
"ENST00000559099","protein_coding"
"ENST00000559105","nonsense_mediated_decay"
"ENST00000559128","unprocessed_pseudogene"
"ENST00000559137","nonsense_mediated_decay"
"ENST00000559189","protein_coding"
"ENST00000559209","protein_coding"
"ENST00000559217","retained_intron"
"ENST00000559236","protein_coding"
"ENST00000559239","protein_coding"
"ENST00000559275","protein_coding"
"ENST00000559288","protein_coding"
"ENST00000559296","protein_coding_CDS_not_defined"
"ENST00000559333","protein_coding_CDS_not_defined"
"ENST00000559334","processed_pseudogene"
"ENST00000559344","processed_pseudogene"
"ENST00000559363",NA
"ENST00000559369","nonsense_mediated_decay"
"ENST00000559384","protein_coding_CDS_not_defined"
"ENST00000559394","lncRNA"
"ENST00000559402","lncRNA"
"ENST00000559431","protein_coding"
"ENST00000559443","protein_coding_CDS_not_defined"
"ENST00000559465","retained_intron"
"ENST00000559466","transcribed_unprocessed_pseudogene"
"ENST00000559495","lncRNA"
"ENST00000559536","processed_pseudogene"
"ENST00000559560","protein_coding"
"ENST00000559574","protein_coding_CDS_not_defined"
"ENST00000559611","lncRNA"
"ENST00000559639","protein_coding"
"ENST00000559653","protein_coding"
"ENST00000559669","protein_coding"
"ENST00000559680","protein_coding_CDS_not_defined"
"ENST00000559683","protein_coding"
"ENST00000559699","processed_pseudogene"
"ENST00000559702","lncRNA"
"ENST00000559726","nonsense_mediated_decay"
"ENST00000559747","processed_pseudogene"
"ENST00000559749","lncRNA"
"ENST00000559813","retained_intron"
"ENST00000559855","unprocessed_pseudogene"
"ENST00000559868","retained_intron"
"ENST00000559892","processed_pseudogene"
"ENST00000559895","protein_coding"
"ENST00000559954","lncRNA"
"ENST00000559957","transcribed_unprocessed_pseudogene"
"ENST00000559985","lncRNA"
"ENST00000559992","lncRNA"
"ENST00000559995","nonsense_mediated_decay"
"ENST00000560050","protein_coding_CDS_not_defined"
"ENST00000560056","lncRNA"
"ENST00000560066","lncRNA"
"ENST00000560080","protein_coding_CDS_not_defined"
"ENST00000560087","protein_coding"
"ENST00000560111","protein_coding_CDS_not_defined"
"ENST00000560112","protein_coding"
"ENST00000560162","retained_intron"
"ENST00000560242","lncRNA"
"ENST00000560276","protein_coding"
"ENST00000560283","protein_coding"
"ENST00000560388","protein_coding_CDS_not_defined"
"ENST00000560431","processed_pseudogene"
"ENST00000560437","protein_coding_CDS_not_defined"
"ENST00000560439","lncRNA"
"ENST00000560463","protein_coding"
"ENST00000560485","protein_coding"
"ENST00000560515","processed_pseudogene"
"ENST00000560541","protein_coding_CDS_not_defined"
"ENST00000560553","protein_coding_CDS_not_defined"
"ENST00000560586","lncRNA"
"ENST00000560593","processed_pseudogene"
"ENST00000560619","processed_pseudogene"
"ENST00000560651","lncRNA"
"ENST00000560661","protein_coding"
"ENST00000560675","lncRNA"
"ENST00000560680","processed_pseudogene"
"ENST00000560686","lncRNA"
"ENST00000560688","lncRNA"
"ENST00000560704","protein_coding_CDS_not_defined"
"ENST00000560711","processed_pseudogene"
"ENST00000560731","protein_coding_CDS_not_defined"
"ENST00000560757","lncRNA"
"ENST00000560832","lncRNA"
"ENST00000560841","protein_coding"
"ENST00000560863","protein_coding_CDS_not_defined"
"ENST00000560900","lncRNA"
"ENST00000560929","protein_coding"
"ENST00000560956","transcribed_unprocessed_pseudogene"
"ENST00000560960","processed_pseudogene"
"ENST00000560997","retained_intron"
"ENST00000561012","protein_coding"
"ENST00000561102","transcribed_unprocessed_pseudogene"
"ENST00000561105","retained_intron"
"ENST00000561115","protein_coding_CDS_not_defined"
"ENST00000561129","protein_coding"
"ENST00000561139","nonsense_mediated_decay"
"ENST00000561162","nonsense_mediated_decay"
"ENST00000561182","lncRNA"
"ENST00000561215","lncRNA"
"ENST00000561266","protein_coding"
"ENST00000561285","protein_coding_CDS_not_defined"
"ENST00000561335","processed_pseudogene"
"ENST00000561364","processed_pseudogene"
"ENST00000561377","protein_coding_CDS_not_defined"
"ENST00000561386","lncRNA"
"ENST00000561394","lncRNA"
"ENST00000561407","nonsense_mediated_decay"
"ENST00000561453","nonsense_mediated_decay"
"ENST00000561478","retained_intron"
"ENST00000561557","lncRNA"
"ENST00000561565","lncRNA"
"ENST00000561575","lncRNA"
"ENST00000561595","lncRNA"
"ENST00000561598","lncRNA"
"ENST00000561602","retained_intron"
"ENST00000561701","lncRNA"
"ENST00000561706","lncRNA"
"ENST00000561719","lncRNA"
"ENST00000561783","protein_coding_CDS_not_defined"
"ENST00000561786","lncRNA"
"ENST00000561802","lncRNA"
"ENST00000561830","unprocessed_pseudogene"
"ENST00000561838","retained_intron"
"ENST00000561864","lncRNA"
"ENST00000561880","nonsense_mediated_decay"
"ENST00000561884","processed_pseudogene"
"ENST00000561896","protein_coding"
"ENST00000561923","lncRNA"
"ENST00000561929","protein_coding"
"ENST00000562032","processed_pseudogene"
"ENST00000562048","protein_coding"
"ENST00000562049","lncRNA"
"ENST00000562056","protein_coding"
"ENST00000562065","lncRNA"
"ENST00000562094","lncRNA"
"ENST00000562099","processed_pseudogene"
"ENST00000562104","protein_coding_CDS_not_defined"
"ENST00000562165","retained_intron"
"ENST00000562182","lncRNA"
"ENST00000562194","retained_intron"
"ENST00000562217","transcribed_unprocessed_pseudogene"
"ENST00000562256","protein_coding"
"ENST00000562262","lncRNA"
"ENST00000562307","protein_coding_CDS_not_defined"
"ENST00000562308","nonsense_mediated_decay"
"ENST00000562317","processed_pseudogene"
"ENST00000562327","protein_coding"
"ENST00000562341","lncRNA"
"ENST00000562357","protein_coding"
"ENST00000562361","lncRNA"
"ENST00000562369","processed_pseudogene"
"ENST00000562393","lncRNA"
"ENST00000562403","processed_pseudogene"
"ENST00000562413","lncRNA"
"ENST00000562415","transcribed_unprocessed_pseudogene"
"ENST00000562453","protein_coding"
"ENST00000562480","lncRNA"
"ENST00000562491","retained_intron"
"ENST00000562517","unprocessed_pseudogene"
"ENST00000562525","lncRNA"
"ENST00000562529","processed_pseudogene"
"ENST00000562544","protein_coding"
"ENST00000562560","transcribed_processed_pseudogene"
"ENST00000562565","lncRNA"
"ENST00000562575","lncRNA"
"ENST00000562582","lncRNA"
"ENST00000562585","protein_coding_CDS_not_defined"
"ENST00000562594","lncRNA"
"ENST00000562617","lncRNA"
"ENST00000562638","protein_coding"
"ENST00000562707","protein_coding"
"ENST00000562748","lncRNA"
"ENST00000562850","retained_intron"
"ENST00000562873","lncRNA"
"ENST00000562893","lncRNA"
"ENST00000562897","lncRNA"
"ENST00000562908","transcribed_unprocessed_pseudogene"
"ENST00000562956","lncRNA"
"ENST00000562979","processed_pseudogene"
"ENST00000562982","protein_coding"
"ENST00000563036","lncRNA"
"ENST00000563054","lncRNA"
"ENST00000563061","lncRNA"
"ENST00000563085","protein_coding"
"ENST00000563114","lncRNA"
"ENST00000563124","lncRNA"
"ENST00000563247","processed_pseudogene"
"ENST00000563251","lncRNA"
"ENST00000563267","lncRNA"
"ENST00000563268","lncRNA"
"ENST00000563289","lncRNA"
"ENST00000563291","protein_coding"
"ENST00000563299","protein_coding"
"ENST00000563326","unprocessed_pseudogene"
"ENST00000563331","lncRNA"
"ENST00000563360","lncRNA"
"ENST00000563361","processed_pseudogene"
"ENST00000563471","lncRNA"
"ENST00000563472","lncRNA"
"ENST00000563488","processed_pseudogene"
"ENST00000563532","processed_pseudogene"
"ENST00000563550","transcribed_unitary_pseudogene"
"ENST00000563565","lncRNA"
"ENST00000563581","transcribed_unprocessed_pseudogene"
"ENST00000563618","protein_coding_CDS_not_defined"
"ENST00000563628","protein_coding"
"ENST00000563639","lncRNA"
"ENST00000563644","unprocessed_pseudogene"
"ENST00000563684","lncRNA"
"ENST00000563697","protein_coding_CDS_not_defined"
"ENST00000563717","transcribed_processed_pseudogene"
"ENST00000563722","lncRNA"
"ENST00000563784","unprocessed_pseudogene"
"ENST00000563796","protein_coding_CDS_not_defined"
"ENST00000563811","lncRNA"
"ENST00000563813","processed_pseudogene"
"ENST00000563844","lncRNA"
"ENST00000563867","transcribed_unprocessed_pseudogene"
"ENST00000563869","protein_coding"
"ENST00000563878","nonsense_mediated_decay"
"ENST00000563879","lncRNA"
"ENST00000563900","protein_coding"
"ENST00000563903","processed_pseudogene"
"ENST00000563905","protein_coding"
"ENST00000563919","protein_coding"
"ENST00000563922","lncRNA"
"ENST00000563933","lncRNA"
"ENST00000563948","processed_pseudogene"
"ENST00000563951","protein_coding_CDS_not_defined"
"ENST00000563954","protein_coding_CDS_not_defined"
"ENST00000564003","protein_coding"
"ENST00000564013","processed_pseudogene"
"ENST00000564021","lncRNA"
"ENST00000564028","protein_coding"
"ENST00000564051","lncRNA"
"ENST00000564057","protein_coding"
"ENST00000564058","lncRNA"
"ENST00000564059","lncRNA"
"ENST00000564064","processed_pseudogene"
"ENST00000564102","lncRNA"
"ENST00000564140","lncRNA"
"ENST00000564156","lncRNA"
"ENST00000564160","lncRNA"
"ENST00000564162","protein_coding"
"ENST00000564165","lncRNA"
"ENST00000564185","lncRNA"
"ENST00000564203","processed_pseudogene"
"ENST00000564205","lncRNA"
"ENST00000564207","protein_coding"
"ENST00000564217","processed_pseudogene"
"ENST00000564239","retained_intron"
"ENST00000564252","retained_intron"
"ENST00000564343","protein_coding"
"ENST00000564370","protein_coding"
"ENST00000564409","nonsense_mediated_decay"
"ENST00000564414","lncRNA"
"ENST00000564416","protein_coding"
"ENST00000564446","protein_coding_CDS_not_defined"
"ENST00000564449","protein_coding"
"ENST00000564497","protein_coding"
"ENST00000564523","lncRNA"
"ENST00000564533","lncRNA"
"ENST00000564556","nonsense_mediated_decay"
"ENST00000564561","lncRNA"
"ENST00000564635","lncRNA"
"ENST00000564700","lncRNA"
"ENST00000564797","protein_coding_CDS_not_defined"
"ENST00000564808","lncRNA"
"ENST00000564813","transcribed_unitary_pseudogene"
"ENST00000564830","lncRNA"
"ENST00000564843","lncRNA"
"ENST00000564849","retained_intron"
"ENST00000564853","retained_intron"
"ENST00000564867","nonsense_mediated_decay"
"ENST00000564874","processed_pseudogene"
"ENST00000564888","processed_pseudogene"
"ENST00000564895","unprocessed_pseudogene"
"ENST00000564911","retained_intron"
"ENST00000564935","retained_intron"
"ENST00000564938","transcribed_processed_pseudogene"
"ENST00000564969","retained_intron"
"ENST00000564986","retained_intron"
"ENST00000565018","protein_coding"
"ENST00000565037","protein_coding_CDS_not_defined"
"ENST00000565068","protein_coding_CDS_not_defined"
"ENST00000565076","protein_coding"
"ENST00000565110","protein_coding"
"ENST00000565115","transcribed_processed_pseudogene"
"ENST00000565127","lncRNA"
"ENST00000565132","protein_coding_CDS_not_defined"
"ENST00000565136","lncRNA"
"ENST00000565142","protein_coding"
"ENST00000565146","lncRNA"
"ENST00000565166","transcribed_processed_pseudogene"
"ENST00000565168","processed_pseudogene"
"ENST00000565170","lncRNA"
"ENST00000565194","unprocessed_pseudogene"
"ENST00000565224","protein_coding"
"ENST00000565258","nonsense_mediated_decay"
"ENST00000565287","protein_coding"
"ENST00000565324","protein_coding"
"ENST00000565363","retained_intron"
"ENST00000565365","protein_coding"
"ENST00000565394","processed_pseudogene"
"ENST00000565407","IG_V_gene"
"ENST00000565426","protein_coding"
"ENST00000565430","protein_coding"
"ENST00000565446","retained_intron"
"ENST00000565459","protein_coding"
"ENST00000565489","processed_pseudogene"
"ENST00000565506","lncRNA"
"ENST00000565523","lncRNA"
"ENST00000565531","lncRNA"
"ENST00000565533","protein_coding"
"ENST00000565542","processed_pseudogene"
"ENST00000565545","lncRNA"
"ENST00000565549","lncRNA"
"ENST00000565564","lncRNA"
"ENST00000565587","protein_coding"
"ENST00000565598","transcribed_unprocessed_pseudogene"
"ENST00000565625","lncRNA"
"ENST00000565707","lncRNA"
"ENST00000565771","lncRNA"
"ENST00000565781","retained_intron"
"ENST00000565800","lncRNA"
"ENST00000565822","lncRNA"
"ENST00000565828","processed_pseudogene"
"ENST00000565840","processed_pseudogene"
"ENST00000565879","lncRNA"
"ENST00000565911","processed_pseudogene"
"ENST00000565913","protein_coding_CDS_not_defined"
"ENST00000565927","protein_coding_CDS_not_defined"
"ENST00000565942","protein_coding"
"ENST00000565962","lncRNA"
"ENST00000565965","lncRNA"
"ENST00000566019","lncRNA"
"ENST00000566030","lncRNA"
"ENST00000566054","lncRNA"
"ENST00000566062","processed_pseudogene"
"ENST00000566073","protein_coding"
"ENST00000566101","lncRNA"
"ENST00000566112","processed_pseudogene"
"ENST00000566120","transcribed_processed_pseudogene"
"ENST00000566123","protein_coding"
"ENST00000566128","protein_coding"
"ENST00000566169","protein_coding"
"ENST00000566201","lncRNA"
"ENST00000566208","lncRNA"
"ENST00000566224","protein_coding_CDS_not_defined"
"ENST00000566234","protein_coding"
"ENST00000566236","lncRNA"
"ENST00000566260","lncRNA"
"ENST00000566263","processed_pseudogene"
"ENST00000566314","lncRNA"
"ENST00000566346","transcribed_unprocessed_pseudogene"
"ENST00000566383","lncRNA"
"ENST00000566392","retained_intron"
"ENST00000566409","nonsense_mediated_decay"
"ENST00000566410","retained_intron"
"ENST00000566443","unitary_pseudogene"
"ENST00000566449","lncRNA"
"ENST00000566529","lncRNA"
"ENST00000566553","lncRNA"
"ENST00000566613","protein_coding"
"ENST00000566628","lncRNA"
"ENST00000566641","lncRNA"
"ENST00000566647","protein_coding_CDS_not_defined"
"ENST00000566672","nonsense_mediated_decay"
"ENST00000566684","lncRNA"
"ENST00000566702","unprocessed_pseudogene"
"ENST00000566722","transcribed_processed_pseudogene"
"ENST00000566729","lncRNA"
"ENST00000566752","protein_coding"
"ENST00000566792","lncRNA"
"ENST00000566806","lncRNA"
"ENST00000566840","lncRNA"
"ENST00000566854","lncRNA"
"ENST00000566872","protein_coding"
"ENST00000566878","lncRNA"
"ENST00000566879","unprocessed_pseudogene"
"ENST00000566880","processed_pseudogene"
"ENST00000566904","lncRNA"
"ENST00000566961","protein_coding"
"ENST00000566967","transcribed_unprocessed_pseudogene"
"ENST00000566998","retained_intron"
"ENST00000567019","retained_intron"
"ENST00000567036",NA
"ENST00000567060","nonsense_mediated_decay"
"ENST00000567098","processed_pseudogene"
"ENST00000567103","lncRNA"
"ENST00000567153","lncRNA"
"ENST00000567154","protein_coding"
"ENST00000567157","processed_pseudogene"
"ENST00000567210","lncRNA"
"ENST00000567212","protein_coding"
"ENST00000567215","protein_coding"
"ENST00000567218","unprocessed_pseudogene"
"ENST00000567219","processed_pseudogene"
"ENST00000567258","lncRNA"
"ENST00000567259","lncRNA"
"ENST00000567269","nonsense_mediated_decay"
"ENST00000567288","protein_coding"
"ENST00000567333","transcribed_processed_pseudogene"
"ENST00000567342","lncRNA"
"ENST00000567349","processed_pseudogene"
"ENST00000567369","lncRNA"
"ENST00000567374","lncRNA"
"ENST00000567376","lncRNA"
"ENST00000567395","lncRNA"
"ENST00000567401","lncRNA"
"ENST00000567452","lncRNA"
"ENST00000567548","processed_pseudogene"
"ENST00000567563","lncRNA"
"ENST00000567602","transcribed_unprocessed_pseudogene"
"ENST00000567609","lncRNA"
"ENST00000567624","lncRNA"
"ENST00000567639","retained_intron"
"ENST00000567647","lncRNA"
"ENST00000567694","protein_coding_CDS_not_defined"
"ENST00000567719","protein_coding"
"ENST00000567734","processed_pseudogene"
"ENST00000567742","lncRNA"
"ENST00000567780","retained_intron"
"ENST00000567790","retained_intron"
"ENST00000567825","retained_intron"
"ENST00000567837","retained_intron"
"ENST00000567870","unprocessed_pseudogene"
"ENST00000567898","processed_pseudogene"
"ENST00000567900","transcribed_processed_pseudogene"
"ENST00000567902","lncRNA"
"ENST00000567909","protein_coding_CDS_not_defined"
"ENST00000567966","lncRNA"
"ENST00000567977","processed_pseudogene"
"ENST00000567993","lncRNA"
"ENST00000568012","protein_coding_CDS_not_defined"
"ENST00000568014","unprocessed_pseudogene"
"ENST00000568023","protein_coding"
"ENST00000568026","lncRNA"
"ENST00000568044","nonsense_mediated_decay"
"ENST00000568056","lncRNA"
"ENST00000568075","protein_coding"
"ENST00000568080","protein_coding_CDS_not_defined"
"ENST00000568095","lncRNA"
"ENST00000568110","lncRNA"
"ENST00000568135","processed_pseudogene"
"ENST00000568175","transcribed_unprocessed_pseudogene"
"ENST00000568205","retained_intron"
"ENST00000568208","transcribed_unprocessed_pseudogene"
"ENST00000568210","nonsense_mediated_decay"
"ENST00000568234","protein_coding"
"ENST00000568246","lncRNA"
"ENST00000568256","lncRNA"
"ENST00000568275","lncRNA"
"ENST00000568299","transcribed_unprocessed_pseudogene"
"ENST00000568304","processed_pseudogene"
"ENST00000568316","retained_intron"
"ENST00000568332","lncRNA"
"ENST00000568379","unitary_pseudogene"
"ENST00000568436","nonsense_mediated_decay"
"ENST00000568437","lncRNA"
"ENST00000568458","lncRNA"
"ENST00000568471","lncRNA"
"ENST00000568522","processed_pseudogene"
"ENST00000568553","transcribed_processed_pseudogene"
"ENST00000568562","protein_coding"
"ENST00000568570","lncRNA"
"ENST00000568624","protein_coding"
"ENST00000568659","lncRNA"
"ENST00000568662","protein_coding"
"ENST00000568714","lncRNA"
"ENST00000568741","retained_intron"
"ENST00000568751","lncRNA"
"ENST00000568770","nonsense_mediated_decay"
"ENST00000568775","IG_V_pseudogene"
"ENST00000568807","transcribed_unprocessed_pseudogene"
"ENST00000568819","lncRNA"
"ENST00000568836","lncRNA"
"ENST00000568867","unprocessed_pseudogene"
"ENST00000568878","transcribed_unprocessed_pseudogene"
"ENST00000568888","processed_pseudogene"
"ENST00000568934","protein_coding_LoF"
"ENST00000568940","protein_coding"
"ENST00000568962","lncRNA"
"ENST00000568999","protein_coding"
"ENST00000569002","retained_intron"
"ENST00000569003","processed_pseudogene"
"ENST00000569013","transcribed_unprocessed_pseudogene"
"ENST00000569028","lncRNA"
"ENST00000569032","lncRNA"
"ENST00000569070","lncRNA"
"ENST00000569074","lncRNA"
"ENST00000569086","protein_coding"
"ENST00000569178","lncRNA"
"ENST00000569180","protein_coding_CDS_not_defined"
"ENST00000569204","protein_coding"
"ENST00000569211","processed_pseudogene"
"ENST00000569213","processed_pseudogene"
"ENST00000569215","lncRNA"
"ENST00000569230","protein_coding"
"ENST00000569242","lncRNA"
"ENST00000569272","retained_intron"
"ENST00000569288","lncRNA"
"ENST00000569364","retained_intron"
"ENST00000569422","lncRNA"
"ENST00000569432","lncRNA"
"ENST00000569443","protein_coding"
"ENST00000569455","protein_coding_CDS_not_defined"
"ENST00000569459","lncRNA"
"ENST00000569468","unprocessed_pseudogene"
"ENST00000569471","retained_intron"
"ENST00000569476","lncRNA"
"ENST00000569492","processed_pseudogene"
"ENST00000569523","protein_coding"
"ENST00000569530","protein_coding_CDS_not_defined"
"ENST00000569538","protein_coding"
"ENST00000569557","lncRNA"
"ENST00000569575","protein_coding"
"ENST00000569576","protein_coding"
"ENST00000569618","lncRNA"
"ENST00000569625","lncRNA"
"ENST00000569685","lncRNA"
"ENST00000569725","protein_coding"
"ENST00000569727","protein_coding"
"ENST00000569734","lncRNA"
"ENST00000569735","protein_coding"
"ENST00000569737","lncRNA"
"ENST00000569746","retained_intron"
"ENST00000569756","lncRNA"
"ENST00000569769","protein_coding"
"ENST00000569781","protein_coding_CDS_not_defined"
"ENST00000569805","processed_pseudogene"
"ENST00000569816","protein_coding"
"ENST00000569831","lncRNA"
"ENST00000569873","lncRNA"
"ENST00000569939","protein_coding"
"ENST00000569941","protein_coding"
"ENST00000569953","retained_intron"
"ENST00000569984","unprocessed_pseudogene"
"ENST00000570008","lncRNA"
"ENST00000570029","protein_coding"
"ENST00000570088","retained_intron"
"ENST00000570118","lncRNA"
"ENST00000570133","processed_pseudogene"
"ENST00000570158","lncRNA"
"ENST00000570188","retained_intron"
"ENST00000570218","processed_pseudogene"
"ENST00000570222","protein_coding_CDS_not_defined"
"ENST00000570242","retained_intron"
"ENST00000570247","lncRNA"
"ENST00000570271","lncRNA"
"ENST00000570550","protein_coding"
"ENST00000570628","protein_coding"
"ENST00000570739","protein_coding_CDS_not_defined"
"ENST00000570754","retained_intron"
"ENST00000570773","retained_intron"
"ENST00000570823","protein_coding_CDS_not_defined"
"ENST00000570852","nonsense_mediated_decay"
"ENST00000570859","lncRNA"
"ENST00000570895","processed_pseudogene"
"ENST00000570921","transcribed_unprocessed_pseudogene"
"ENST00000570972","protein_coding"
"ENST00000570978","processed_pseudogene"
"ENST00000571006","lncRNA"
"ENST00000571062","retained_intron"
"ENST00000571086","processed_pseudogene"
"ENST00000571142","processed_pseudogene"
"ENST00000571169","lncRNA"
"ENST00000571172","protein_coding_CDS_not_defined"
"ENST00000571212","unprocessed_pseudogene"
"ENST00000571232","protein_coding_CDS_not_defined"
"ENST00000571244","protein_coding"
"ENST00000571406","protein_coding"
"ENST00000571427","protein_coding"
"ENST00000571451","protein_coding"
"ENST00000571457","protein_coding"
"ENST00000571486","processed_pseudogene"
"ENST00000571590","lncRNA"
"ENST00000571624","retained_intron"
"ENST00000571723","protein_coding"
"ENST00000571755","unprocessed_pseudogene"
"ENST00000571775","lncRNA"
"ENST00000571784","processed_pseudogene"
"ENST00000571887","protein_coding"
"ENST00000571939","lncRNA"
"ENST00000572102","protein_coding"
"ENST00000572131","protein_coding"
"ENST00000572159","protein_coding_CDS_not_defined"
"ENST00000572248","retained_intron"
"ENST00000572272","protein_coding"
"ENST00000572277","unprocessed_pseudogene"
"ENST00000572457","protein_coding"
"ENST00000572490","protein_coding"
"ENST00000572671","retained_intron"
"ENST00000572709","protein_coding"
"ENST00000572747","lncRNA"
"ENST00000572838","retained_intron"
"ENST00000572843","retained_intron"
"ENST00000572863","protein_coding"
"ENST00000572888","protein_coding"
"ENST00000572907","protein_coding"
"ENST00000572928","protein_coding_CDS_not_defined"
"ENST00000573052","protein_coding"
"ENST00000573059","retained_intron"
"ENST00000573092","processed_pseudogene"
"ENST00000573133","processed_pseudogene"
"ENST00000573163","protein_coding_CDS_not_defined"
"ENST00000573203","nonsense_mediated_decay"
"ENST00000573319","lncRNA"
"ENST00000573320","protein_coding"
"ENST00000573491","protein_coding"
"ENST00000573591","protein_coding"
"ENST00000573608","protein_coding"
"ENST00000573692","nonsense_mediated_decay"
"ENST00000573760","retained_intron"
"ENST00000573819","lncRNA"
"ENST00000573867","retained_intron"
"ENST00000573897","protein_coding_CDS_not_defined"
"ENST00000574022","protein_coding_CDS_not_defined"
"ENST00000574095","protein_coding_CDS_not_defined"
"ENST00000574233","protein_coding"
"ENST00000574328","protein_coding"
"ENST00000574380","retained_intron"
"ENST00000574386","transcribed_unprocessed_pseudogene"
"ENST00000574391","unprocessed_pseudogene"
"ENST00000574406","retained_intron"
"ENST00000574437","protein_coding"
"ENST00000574593","protein_coding_CDS_not_defined"
"ENST00000574601","lncRNA"
"ENST00000574638","protein_coding"
"ENST00000574639","nonsense_mediated_decay"
"ENST00000574655","protein_coding_CDS_not_defined"
"ENST00000574686","protein_coding"
"ENST00000574692","nonsense_mediated_decay"
"ENST00000574825","processed_pseudogene"
"ENST00000574865","protein_coding"
"ENST00000574907","protein_coding"
"ENST00000575158","protein_coding"
"ENST00000575165","protein_coding"
"ENST00000575170","protein_coding_CDS_not_defined"
"ENST00000575185","retained_intron"
"ENST00000575186","protein_coding"
"ENST00000575230","nonsense_mediated_decay"
"ENST00000575256","retained_intron"
"ENST00000575289","processed_pseudogene"
"ENST00000575323","retained_intron"
"ENST00000575608","unprocessed_pseudogene"
"ENST00000575617","protein_coding"
"ENST00000575626","lncRNA"
"ENST00000575634","protein_coding"
"ENST00000575767","lncRNA"
"ENST00000575792","lncRNA"
"ENST00000575806","retained_intron"
"ENST00000575820","lncRNA"
"ENST00000575845","lncRNA"
"ENST00000575892","processed_pseudogene"
"ENST00000575899","retained_intron"
"ENST00000575907","protein_coding"
"ENST00000575911","lncRNA"
"ENST00000575919","retained_intron"
"ENST00000575924","lncRNA"
"ENST00000575927","processed_pseudogene"
"ENST00000575961","protein_coding_CDS_not_defined"
"ENST00000576162","retained_intron"
"ENST00000576220","processed_pseudogene"
"ENST00000576249","processed_pseudogene"
"ENST00000576282","processed_pseudogene"
"ENST00000576295","protein_coding"
"ENST00000576423","retained_intron"
"ENST00000576444","protein_coding"
"ENST00000576460","nonsense_mediated_decay"
"ENST00000576487","retained_intron"
"ENST00000576530","retained_intron"
"ENST00000576545","processed_pseudogene"
"ENST00000576617","protein_coding"
"ENST00000576630","nonsense_mediated_decay"
"ENST00000576706","processed_pseudogene"
"ENST00000576710","lncRNA"
"ENST00000576714","protein_coding_CDS_not_defined"
"ENST00000576721","nonsense_mediated_decay"
"ENST00000576827","protein_coding"
"ENST00000576836","lncRNA"
"ENST00000576891","protein_coding_CDS_not_defined"
"ENST00000576938","lncRNA"
"ENST00000576979","protein_coding"
"ENST00000577013","protein_coding"
"ENST00000577027","lncRNA"
"ENST00000577034","protein_coding"
"ENST00000577128","protein_coding"
"ENST00000577168","protein_coding"
"ENST00000577265","retained_intron"
"ENST00000577270","lncRNA"
"ENST00000577280","transcribed_processed_pseudogene"
"ENST00000577308","miRNA"
"ENST00000577332","processed_pseudogene"
"ENST00000577406","processed_pseudogene"
"ENST00000577418","protein_coding_CDS_not_defined"
"ENST00000577455","miRNA"
"ENST00000577467","misc_RNA"
"ENST00000577478","lncRNA"
"ENST00000577559","miRNA"
"ENST00000577566","miRNA"
"ENST00000577575","protein_coding_CDS_not_defined"
"ENST00000577577","miRNA"
"ENST00000577597","nonsense_mediated_decay"
"ENST00000577607","processed_pseudogene"
"ENST00000577634","retained_intron"
"ENST00000577674","lncRNA"
"ENST00000577699","lncRNA"
"ENST00000577726","processed_pseudogene"
"ENST00000577743","lncRNA"
"ENST00000577744","miRNA"
"ENST00000577757","unprocessed_pseudogene"
"ENST00000577758","miRNA"
"ENST00000577826","miRNA"
"ENST00000577836","protein_coding_CDS_not_defined"
"ENST00000577847","lncRNA"
"ENST00000577854","protein_coding_CDS_not_defined"
"ENST00000577863","lncRNA"
"ENST00000577887","snoRNA"
"ENST00000577938","lncRNA"
"ENST00000577956","lncRNA"
"ENST00000577972","miRNA"
"ENST00000577977","miRNA"
"ENST00000577987","miRNA"
"ENST00000578021","nonsense_mediated_decay"
"ENST00000578035","lncRNA"
"ENST00000578054","miRNA"
"ENST00000578066","miRNA"
"ENST00000578110","miRNA"
"ENST00000578143","miRNA"
"ENST00000578162","processed_pseudogene"
"ENST00000578182","processed_pseudogene"
"ENST00000578200","protein_coding_CDS_not_defined"
"ENST00000578248","miRNA"
"ENST00000578255","miRNA"
"ENST00000578260","retained_intron"
"ENST00000578268","miRNA"
"ENST00000578280","lncRNA"
"ENST00000578298","miRNA"
"ENST00000578311","miRNA"
"ENST00000578313","protein_coding"
"ENST00000578420","processed_pseudogene"
"ENST00000578437","misc_RNA"
"ENST00000578474","miRNA"
"ENST00000578477","lncRNA"
"ENST00000578494","processed_pseudogene"
"ENST00000578499","processed_pseudogene"
"ENST00000578504","lncRNA"
"ENST00000578534","miRNA"
"ENST00000578545","lncRNA"
"ENST00000578560","retained_intron"
"ENST00000578564","protein_coding_CDS_not_defined"
"ENST00000578619","protein_coding_CDS_not_defined"
"ENST00000578634","unprocessed_pseudogene"
"ENST00000578645","processed_pseudogene"
"ENST00000578650","lncRNA"
"ENST00000578656","processed_pseudogene"
"ENST00000578673","lncRNA"
"ENST00000578679","retained_intron"
"ENST00000578683","miRNA"
"ENST00000578688","miRNA"
"ENST00000578727","processed_pseudogene"
"ENST00000578741","lncRNA"
"ENST00000578745","transcribed_processed_pseudogene"
"ENST00000578752","misc_RNA"
"ENST00000578782","lncRNA"
"ENST00000578833","lncRNA"
"ENST00000578842","unprocessed_pseudogene"
"ENST00000578928","nonsense_mediated_decay"
"ENST00000578934","misc_RNA"
"ENST00000578951","miRNA"
"ENST00000578984","protein_coding"
"ENST00000579001","unprocessed_pseudogene"
"ENST00000579009","retained_intron"
"ENST00000579042",NA
"ENST00000579049","lncRNA"
"ENST00000579080","miRNA"
"ENST00000579103","protein_coding"
"ENST00000579130","misc_RNA"
"ENST00000579150","protein_coding_CDS_not_defined"
"ENST00000579162","lncRNA"
"ENST00000579234","miRNA"
"ENST00000579239","lncRNA"
"ENST00000579256","lncRNA"
"ENST00000579262","transcribed_unprocessed_pseudogene"
"ENST00000579278","lncRNA"
"ENST00000579283","misc_RNA"
"ENST00000579292","protein_coding_CDS_not_defined"
"ENST00000579351","miRNA"
"ENST00000579355","retained_intron"
"ENST00000579375","processed_pseudogene"
"ENST00000579393","processed_pseudogene"
"ENST00000579438","lncRNA"
"ENST00000579455","protein_coding"
"ENST00000579479","protein_coding"
"ENST00000579480","lncRNA"
"ENST00000579490","protein_coding"
"ENST00000579518","miRNA"
"ENST00000579522","lncRNA"
"ENST00000579537","protein_coding"
"ENST00000579572","retained_intron"
"ENST00000579583","protein_coding"
"ENST00000579595","lncRNA"
"ENST00000579623","miRNA"
"ENST00000579654","unprocessed_pseudogene"
"ENST00000579659","miRNA"
"ENST00000579667","miRNA"
"ENST00000579670","misc_RNA"
"ENST00000579706","miRNA"
"ENST00000579715","misc_RNA"
"ENST00000579745","lncRNA"
"ENST00000579749","lncRNA"
"ENST00000579753","miRNA"
"ENST00000579775","lncRNA"
"ENST00000579776","miRNA"
"ENST00000579779","miRNA"
"ENST00000579798","miRNA"
"ENST00000579815","protein_coding_CDS_not_defined"
"ENST00000579836","lncRNA"
"ENST00000579844","miRNA"
"ENST00000579846","miRNA"
"ENST00000579874","miRNA"
"ENST00000579914","lncRNA"
"ENST00000579940","miRNA"
"ENST00000579952","processed_pseudogene"
"ENST00000580026","retained_intron"
"ENST00000580039","nonsense_mediated_decay"
"ENST00000580050","protein_coding"
"ENST00000580065","unprocessed_pseudogene"
"ENST00000580106","processed_pseudogene"
"ENST00000580109","protein_coding_CDS_not_defined"
"ENST00000580146","protein_coding_CDS_not_defined"
"ENST00000580162","protein_coding_CDS_not_defined"
"ENST00000580194","lncRNA"
"ENST00000580200","lncRNA"
"ENST00000580232","unprocessed_pseudogene"
"ENST00000580252","processed_pseudogene"
"ENST00000580257","processed_pseudogene"
"ENST00000580258","lncRNA"
"ENST00000580280","lncRNA"
"ENST00000580304","miRNA"
"ENST00000580326","lncRNA"
"ENST00000580403","lncRNA"
"ENST00000580455","miRNA"
"ENST00000580487","lncRNA"
"ENST00000580488","protein_coding"
"ENST00000580524","lncRNA"
"ENST00000580542","retained_intron"
"ENST00000580579","nonsense_mediated_decay"
"ENST00000580598","miRNA"
"ENST00000580616","processed_pseudogene"
"ENST00000580619","miRNA"
"ENST00000580622","lncRNA"
"ENST00000580633","lncRNA"
"ENST00000580637","processed_pseudogene"
"ENST00000580639","lncRNA"
"ENST00000580651","miRNA"
"ENST00000580658","lncRNA"
"ENST00000580665","miRNA"
"ENST00000580677","processed_pseudogene"
"ENST00000580697","processed_pseudogene"
"ENST00000580702","unprocessed_pseudogene"
"ENST00000580742","miRNA"
"ENST00000580744","miRNA"
"ENST00000580745","protein_coding"
"ENST00000580751","nonsense_mediated_decay"
"ENST00000580773","lncRNA"
"ENST00000580780","transcribed_unprocessed_pseudogene"
"ENST00000580792","lncRNA"
"ENST00000580836","miRNA"
"ENST00000580845","lncRNA"
"ENST00000580852","miRNA"
"ENST00000580887","protein_coding"
"ENST00000580889","protein_coding_CDS_not_defined"
"ENST00000580927","lncRNA"
"ENST00000580930","processed_pseudogene"
"ENST00000580931","lncRNA"
"ENST00000580956","processed_pseudogene"
"ENST00000580995","lncRNA"
"ENST00000581001","miRNA"
"ENST00000581033","protein_coding_CDS_not_defined"
"ENST00000581038","miRNA"
"ENST00000581047","misc_RNA"
"ENST00000581059","protein_coding_CDS_not_defined"
"ENST00000581065","misc_RNA"
"ENST00000581101","miRNA"
"ENST00000581117","lncRNA"
"ENST00000581250","protein_coding"
"ENST00000581321","misc_RNA"
"ENST00000581328","retained_intron"
"ENST00000581351","lncRNA"
"ENST00000581359","miRNA"
"ENST00000581397","protein_coding"
"ENST00000581412","lncRNA"
"ENST00000581431","miRNA"
"ENST00000581433","miRNA"
"ENST00000581457","lncRNA"
"ENST00000581459","miRNA"
"ENST00000581478","protein_coding"
"ENST00000581495","miRNA"
"ENST00000581500","protein_coding"
"ENST00000581528","processed_pseudogene"
"ENST00000581538","misc_RNA"
"ENST00000581568","protein_coding_CDS_not_defined"
"ENST00000581571","lncRNA"
"ENST00000581587","misc_RNA"
"ENST00000581610","processed_pseudogene"
"ENST00000581627","miRNA"
"ENST00000581657","lncRNA"
"ENST00000581680","nonsense_mediated_decay"
"ENST00000581683","miRNA"
"ENST00000581686","unprocessed_pseudogene"
"ENST00000581700","miRNA"
"ENST00000581722","processed_pseudogene"
"ENST00000581726","processed_pseudogene"
"ENST00000581803","miRNA"
"ENST00000581818","miRNA"
"ENST00000581823","miRNA"
"ENST00000581835","protein_coding"
"ENST00000581856","lncRNA"
"ENST00000581869","protein_coding_CDS_not_defined"
"ENST00000581886","retained_intron"
"ENST00000581887","miRNA"
"ENST00000581890","miRNA"
"ENST00000581937","processed_pseudogene"
"ENST00000581940","lncRNA"
"ENST00000581943","miRNA"
"ENST00000581969","protein_coding_CDS_not_defined"
"ENST00000581970","miRNA"
"ENST00000582005","nonsense_mediated_decay"
"ENST00000582033","lncRNA"
"ENST00000582052","protein_coding_CDS_not_defined"
"ENST00000582069","miRNA"
"ENST00000582071","processed_pseudogene"
"ENST00000582078","processed_pseudogene"
"ENST00000582082","miRNA"
"ENST00000582087","misc_RNA"
"ENST00000582099","misc_RNA"
"ENST00000582184","transcribed_processed_pseudogene"
"ENST00000582191","miRNA"
"ENST00000582223","miRNA"
"ENST00000582231","lncRNA"
"ENST00000582236","miRNA"
"ENST00000582238","miRNA"
"ENST00000582239","lncRNA"
"ENST00000582244","retained_intron"
"ENST00000582254","processed_pseudogene"
"ENST00000582271","miRNA"
"ENST00000582284","miRNA"
"ENST00000582291","retained_intron"
"ENST00000582316","miRNA"
"ENST00000582320","lncRNA"
"ENST00000582323","nonsense_mediated_decay"
"ENST00000582355","protein_coding"
"ENST00000582370","processed_pseudogene"
"ENST00000582405","miRNA"
"ENST00000582422","lncRNA"
"ENST00000582433","miRNA"
"ENST00000582466","misc_RNA"
"ENST00000582487","miRNA"
"ENST00000582507","lncRNA"
"ENST00000582517","miRNA"
"ENST00000582519","misc_RNA"
"ENST00000582522","misc_RNA"
"ENST00000582527","lncRNA"
"ENST00000582538","processed_pseudogene"
"ENST00000582540","protein_coding"
"ENST00000582598","miRNA"
"ENST00000582609","miRNA"
"ENST00000582614","miRNA"
"ENST00000582638","processed_pseudogene"
"ENST00000582646","processed_pseudogene"
"ENST00000582647","miRNA"
"ENST00000582671","protein_coding_CDS_not_defined"
"ENST00000582691","miRNA"
"ENST00000582699","miRNA"
"ENST00000582704","miRNA"
"ENST00000582714","processed_pseudogene"
"ENST00000582726","lncRNA"
"ENST00000582737","unprocessed_pseudogene"
"ENST00000582784","miRNA"
"ENST00000582790","miRNA"
"ENST00000582798","retained_intron"
"ENST00000582802","miRNA"
"ENST00000582819","misc_RNA"
"ENST00000582860","retained_intron"
"ENST00000582872","misc_RNA"
"ENST00000582927","miRNA"
"ENST00000582929","miRNA"
"ENST00000582959","lncRNA"
"ENST00000583026","misc_RNA"
"ENST00000583031","protein_coding"
"ENST00000583049","miRNA"
"ENST00000583078","miRNA"
"ENST00000583122","lncRNA"
"ENST00000583139","miRNA"
"ENST00000583143","transcribed_unprocessed_pseudogene"
"ENST00000583158","miRNA"
"ENST00000583168","miRNA"
"ENST00000583199","miRNA"
"ENST00000583207","miRNA"
"ENST00000583209","transcribed_unprocessed_pseudogene"
"ENST00000583214","miRNA"
"ENST00000583222","protein_coding_CDS_not_defined"
"ENST00000583240","miRNA"
"ENST00000583252","miRNA"
"ENST00000583286","miRNA"
"ENST00000583292","miRNA"
"ENST00000583311","miRNA"
"ENST00000583346","lncRNA"
"ENST00000583364","lncRNA"
"ENST00000583371","protein_coding"
"ENST00000583376","protein_coding"
"ENST00000583379","misc_RNA"
"ENST00000583386","miRNA"
"ENST00000583389","protein_coding"
"ENST00000583412","miRNA"
"ENST00000583442","lncRNA"
"ENST00000583448","protein_coding"
"ENST00000583451","miRNA"
"ENST00000583453","miRNA"
"ENST00000583455","miRNA"
"ENST00000583490","lncRNA"
"ENST00000583494","miRNA"
"ENST00000583527","protein_coding"
"ENST00000583549","miRNA"
"ENST00000583570","protein_coding_CDS_not_defined"
"ENST00000583580","lncRNA"
"ENST00000583596","miRNA"
"ENST00000583600","protein_coding"
"ENST00000583612","lncRNA"
"ENST00000583651","protein_coding_CDS_not_defined"
"ENST00000583666","protein_coding"
"ENST00000583685","miRNA"
"ENST00000583731","miRNA"
"ENST00000583734","miRNA"
"ENST00000583743","miRNA"
"ENST00000583751","protein_coding_CDS_not_defined"
"ENST00000583756","lncRNA"
"ENST00000583759","miRNA"
"ENST00000583775","retained_intron"
"ENST00000583789","protein_coding"
"ENST00000583795","protein_coding_CDS_not_defined"
"ENST00000583840","lncRNA"
"ENST00000583845","miRNA"
"ENST00000583882","protein_coding"
"ENST00000583887","processed_pseudogene"
"ENST00000583895","transcribed_unprocessed_pseudogene"
"ENST00000583907","unprocessed_pseudogene"
"ENST00000583919","miRNA"
"ENST00000583925","miRNA"
"ENST00000583944","miRNA"
"ENST00000583986","miRNA"
"ENST00000584016","miRNA"
"ENST00000584019","miRNA"
"ENST00000584057","miRNA"
"ENST00000584064","miRNA"
"ENST00000584070","miRNA"
"ENST00000584074","protein_coding"
"ENST00000584075","lncRNA"
"ENST00000584078","lncRNA"
"ENST00000584082","miRNA"
"ENST00000584090","lncRNA"
"ENST00000584110","protein_coding"
"ENST00000584114","protein_coding"
"ENST00000584117","miRNA"
"ENST00000584153","miRNA"
"ENST00000584158","miRNA"
"ENST00000584182","miRNA"
"ENST00000584207","protein_coding"
"ENST00000584230","protein_coding"
"ENST00000584249","miRNA"
"ENST00000584253","miRNA"
"ENST00000584274","transcribed_processed_pseudogene"
"ENST00000584291","protein_coding"
"ENST00000584302","snoRNA"
"ENST00000584357","miRNA"
"ENST00000584358","misc_RNA"
"ENST00000584393","transcribed_processed_pseudogene"
"ENST00000584410","misc_RNA"
"ENST00000584414","lncRNA"
"ENST00000584418","misc_RNA"
"ENST00000584419","processed_pseudogene"
"ENST00000584421","transcribed_processed_pseudogene"
"ENST00000584430","processed_pseudogene"
"ENST00000584439","retained_intron"
"ENST00000584447","processed_pseudogene"
"ENST00000584492","lncRNA"
"ENST00000584497","miRNA"
"ENST00000584530","miRNA"
"ENST00000584544","lncRNA"
"ENST00000584573","protein_coding"
"ENST00000584576","miRNA"
"ENST00000584626","processed_pseudogene"
"ENST00000584644","miRNA"
"ENST00000584677","lncRNA"
"ENST00000584680","processed_pseudogene"
"ENST00000584693","miRNA"
"ENST00000584704","miRNA"
"ENST00000584728","transcribed_unprocessed_pseudogene"
"ENST00000584733","processed_pseudogene"
"ENST00000584734","lncRNA"
"ENST00000584766","processed_pseudogene"
"ENST00000584780","miRNA"
"ENST00000584810","lncRNA"
"ENST00000584818","miRNA"
"ENST00000584820","miRNA"
"ENST00000584832","miRNA"
"ENST00000584843","lncRNA"
"ENST00000584845","miRNA"
"ENST00000584867","lncRNA"
"ENST00000584870","processed_pseudogene"
"ENST00000584894","processed_pseudogene"
"ENST00000584896","lncRNA"
"ENST00000584899","miRNA"
"ENST00000584916","lncRNA"
"ENST00000584932","miRNA"
"ENST00000584963","processed_pseudogene"
"ENST00000585009","miRNA"
"ENST00000585012","miRNA"
"ENST00000585017","lncRNA"
"ENST00000585025","lncRNA"
"ENST00000585040","miRNA"
"ENST00000585069","miRNA"
"ENST00000585074","miRNA"
"ENST00000585088","lncRNA"
"ENST00000585119","miRNA"
"ENST00000585167","lncRNA"
"ENST00000585185","lncRNA"
"ENST00000585186","misc_RNA"
"ENST00000585187","lncRNA"
"ENST00000585204","misc_RNA"
"ENST00000585217","protein_coding"
"ENST00000585222","lncRNA"
"ENST00000585228","lncRNA"
"ENST00000585233","miRNA"
"ENST00000585242","nonsense_mediated_decay"
"ENST00000585261","miRNA"
"ENST00000585278","miRNA"
"ENST00000585286","miRNA"
"ENST00000585334","protein_coding"
"ENST00000585352","protein_coding"
"ENST00000585372","retained_intron"
"ENST00000585377","protein_coding"
"ENST00000585389","lncRNA"
"ENST00000585405","lncRNA"
"ENST00000585431","processed_pseudogene"
"ENST00000585450","lncRNA"
"ENST00000585467","protein_coding_CDS_not_defined"
"ENST00000585470","lncRNA"
"ENST00000585504","protein_coding_CDS_not_defined"
"ENST00000585525","protein_coding"
"ENST00000585536","lncRNA"
"ENST00000585564","unprocessed_pseudogene"
"ENST00000585581","processed_pseudogene"
"ENST00000585582","lncRNA"
"ENST00000585626","retained_intron"
"ENST00000585631","lncRNA"
"ENST00000585655","protein_coding"
"ENST00000585668","processed_pseudogene"
"ENST00000585706","lncRNA"
"ENST00000585711","nonsense_mediated_decay"
"ENST00000585714","protein_coding"
"ENST00000585872","lncRNA"
"ENST00000585874",NA
"ENST00000585901","protein_coding"
"ENST00000585964","lncRNA"
"ENST00000585980","lncRNA"
"ENST00000585987","protein_coding"
"ENST00000585993","protein_coding"
"ENST00000586036","protein_coding_CDS_not_defined"
"ENST00000586055","protein_coding"
"ENST00000586056","protein_coding"
"ENST00000586090","processed_pseudogene"
"ENST00000586149","protein_coding"
"ENST00000586214","lncRNA"
"ENST00000586227","lncRNA"
"ENST00000586232","lncRNA"
"ENST00000586248","lncRNA"
"ENST00000586255","protein_coding"
"ENST00000586260","nonsense_mediated_decay"
"ENST00000586268","protein_coding"
"ENST00000586289","processed_pseudogene"
"ENST00000586301","protein_coding"
"ENST00000586305","protein_coding"
"ENST00000586324","lncRNA"
"ENST00000586373","lncRNA"
"ENST00000586386","lncRNA"
"ENST00000586398","lncRNA"
"ENST00000586402","protein_coding_CDS_not_defined"
"ENST00000586404","processed_pseudogene"
"ENST00000586499","nonsense_mediated_decay"
"ENST00000586526","retained_intron"
"ENST00000586529","nonsense_mediated_decay"
"ENST00000586576","protein_coding"
"ENST00000586581","nonsense_mediated_decay"
"ENST00000586592","nonsense_mediated_decay"
"ENST00000586695","protein_coding_CDS_not_defined"
"ENST00000586705","protein_coding"
"ENST00000586742","protein_coding"
"ENST00000586762","protein_coding_CDS_not_defined"
"ENST00000586785","protein_coding_CDS_not_defined"
"ENST00000586822","lncRNA"
"ENST00000586871","lncRNA"
"ENST00000586905","lncRNA"
"ENST00000586938","lncRNA"
"ENST00000586941","protein_coding_CDS_not_defined"
"ENST00000586952","lncRNA"
"ENST00000586986","protein_coding_CDS_not_defined"
"ENST00000587016","protein_coding"
"ENST00000587022","retained_intron"
"ENST00000587039","protein_coding"
"ENST00000587047","protein_coding"
"ENST00000587061","protein_coding_CDS_not_defined"
"ENST00000587085","lncRNA"
"ENST00000587114","lncRNA"
"ENST00000587118","protein_coding_CDS_not_defined"
"ENST00000587140","lncRNA"
"ENST00000587162","lncRNA"
"ENST00000587174","lncRNA"
"ENST00000587229","processed_pseudogene"
"ENST00000587247","nonsense_mediated_decay"
"ENST00000587276","lncRNA"
"ENST00000587325","lncRNA"
"ENST00000587333","lncRNA"
"ENST00000587375","retained_intron"
"ENST00000587395","lncRNA"
"ENST00000587418","protein_coding"
"ENST00000587460","nonsense_mediated_decay"
"ENST00000587466","lncRNA"
"ENST00000587468","protein_coding"
"ENST00000587475","lncRNA"
"ENST00000587477","lncRNA"
"ENST00000587480","protein_coding_CDS_not_defined"
"ENST00000587482","protein_coding_CDS_not_defined"
"ENST00000587499","protein_coding_CDS_not_defined"
"ENST00000587513","protein_coding_CDS_not_defined"
"ENST00000587521","protein_coding"
"ENST00000587527","lncRNA"
"ENST00000587542","processed_pseudogene"
"ENST00000587544","protein_coding"
"ENST00000587554","lncRNA"
"ENST00000587555","protein_coding"
"ENST00000587562","unprocessed_pseudogene"
"ENST00000587566","protein_coding"
"ENST00000587587","lncRNA"
"ENST00000587603","nonsense_mediated_decay"
"ENST00000587621","processed_pseudogene"
"ENST00000587628","lncRNA"
"ENST00000587664","protein_coding_CDS_not_defined"
"ENST00000587673","retained_intron"
"ENST00000587680","retained_intron"
"ENST00000587686","protein_coding"
"ENST00000587777","lncRNA"
"ENST00000587779","lncRNA"
"ENST00000587784","protein_coding_CDS_not_defined"
"ENST00000587791","lncRNA"
"ENST00000587839","retained_intron"
"ENST00000587842","protein_coding_CDS_not_defined"
"ENST00000587877","lncRNA"
"ENST00000587913","protein_coding"
"ENST00000587926","retained_intron"
"ENST00000587947","protein_coding"
"ENST00000587964","protein_coding_CDS_not_defined"
"ENST00000587965","protein_coding"
"ENST00000587972","transcribed_processed_pseudogene"
"ENST00000588001","protein_coding"
"ENST00000588022","processed_pseudogene"
"ENST00000588023","processed_pseudogene"
"ENST00000588028","protein_coding"
"ENST00000588074","lncRNA"
"ENST00000588112","retained_intron"
"ENST00000588126","transcribed_unprocessed_pseudogene"
"ENST00000588164","protein_coding"
"ENST00000588193","processed_pseudogene"
"ENST00000588260","lncRNA"
"ENST00000588263","nonsense_mediated_decay"
"ENST00000588264","lncRNA"
"ENST00000588306","protein_coding_CDS_not_defined"
"ENST00000588330","lncRNA"
"ENST00000588332","unprocessed_pseudogene"
"ENST00000588334","lncRNA"
"ENST00000588341","lncRNA"
"ENST00000588399","transcribed_processed_pseudogene"
"ENST00000588436","transcribed_processed_pseudogene"
"ENST00000588443","protein_coding_CDS_not_defined"
"ENST00000588462","protein_coding"
"ENST00000588517","lncRNA"
"ENST00000588549","protein_coding"
"ENST00000588553","transcribed_processed_pseudogene"
"ENST00000588585","protein_coding_CDS_not_defined"
"ENST00000588596","protein_coding"
"ENST00000588635","protein_coding_CDS_not_defined"
"ENST00000588685","lncRNA"
"ENST00000588710","lncRNA"
"ENST00000588718","processed_pseudogene"
"ENST00000588766","lncRNA"
"ENST00000588769","lncRNA"
"ENST00000588780","protein_coding"
"ENST00000588796","lncRNA"
"ENST00000588837","lncRNA"
"ENST00000588900","lncRNA"
"ENST00000588906","lncRNA"
"ENST00000588932","retained_intron"
"ENST00000588959","processed_pseudogene"
"ENST00000588986","retained_intron"
"ENST00000588989","lncRNA"
"ENST00000589095","lncRNA"
"ENST00000589105","lncRNA"
"ENST00000589110","lncRNA"
"ENST00000589132","protein_coding"
"ENST00000589147","protein_coding_CDS_not_defined"
"ENST00000589177","processed_pseudogene"
"ENST00000589179","retained_intron"
"ENST00000589193","unprocessed_pseudogene"
"ENST00000589199","unprocessed_pseudogene"
"ENST00000589201","lncRNA"
"ENST00000589228","protein_coding"
"ENST00000589253","protein_coding"
"ENST00000589260","retained_intron"
"ENST00000589279","protein_coding_CDS_not_defined"
"ENST00000589284","protein_coding"
"ENST00000589299","processed_pseudogene"
"ENST00000589309","protein_coding"
"ENST00000589310","lncRNA"
"ENST00000589342","protein_coding"
"ENST00000589352","processed_pseudogene"
"ENST00000589353","nonsense_mediated_decay"
"ENST00000589376","lncRNA"
"ENST00000589406","retained_intron"
"ENST00000589447","lncRNA"
"ENST00000589449","protein_coding_CDS_not_defined"
"ENST00000589476","lncRNA"
"ENST00000589548","protein_coding"
"ENST00000589593","protein_coding"
"ENST00000589601","lncRNA"
"ENST00000589606","protein_coding"
"ENST00000589607","retained_intron"
"ENST00000589610","lncRNA"
"ENST00000589620","protein_coding"
"ENST00000589633","lncRNA"
"ENST00000589661","processed_pseudogene"
"ENST00000589690","processed_pseudogene"
"ENST00000589711","protein_coding"
"ENST00000589760","retained_intron"
"ENST00000589765","protein_coding_CDS_not_defined"
"ENST00000589826","lncRNA"
"ENST00000589835","protein_coding"
"ENST00000589847","unprocessed_pseudogene"
"ENST00000589875","protein_coding_CDS_not_defined"
"ENST00000589887","processed_pseudogene"
"ENST00000589897","protein_coding"
"ENST00000589968","lncRNA"
"ENST00000589973","lncRNA"
"ENST00000589986","retained_intron"
"ENST00000590015","lncRNA"
"ENST00000590019","lncRNA"
"ENST00000590047","transcribed_unprocessed_pseudogene"
"ENST00000590063","protein_coding"
"ENST00000590066","processed_pseudogene"
"ENST00000590097","protein_coding"
"ENST00000590131","nonsense_mediated_decay"
"ENST00000590142","transcribed_processed_pseudogene"
"ENST00000590167","lncRNA"
"ENST00000590198","retained_intron"
"ENST00000590209","retained_intron"
"ENST00000590228","protein_coding"
"ENST00000590231","processed_pseudogene"
"ENST00000590257","lncRNA"
"ENST00000590275","retained_intron"
"ENST00000590280","lncRNA"
"ENST00000590298","lncRNA"
"ENST00000590319","protein_coding"
"ENST00000590334","nonsense_mediated_decay"
"ENST00000590346","lncRNA"
"ENST00000590350","retained_intron"
"ENST00000590357","lncRNA"
"ENST00000590368","lncRNA"
"ENST00000590378","protein_coding"
"ENST00000590409","nonsense_mediated_decay"
"ENST00000590415","processed_pseudogene"
"ENST00000590418","protein_coding_CDS_not_defined"
"ENST00000590470","protein_coding_CDS_not_defined"
"ENST00000590488","nonsense_mediated_decay"
"ENST00000590562","protein_coding"
"ENST00000590610","retained_intron"
"ENST00000590616","protein_coding"
"ENST00000590627","retained_intron"
"ENST00000590640","transcribed_processed_pseudogene"
"ENST00000590642","protein_coding_CDS_not_defined"
"ENST00000590648","protein_coding"
"ENST00000590677","lncRNA"
"ENST00000590679","lncRNA"
"ENST00000590682","retained_intron"
"ENST00000590718","unprocessed_pseudogene"
"ENST00000590721","lncRNA"
"ENST00000590766","protein_coding"
"ENST00000590804","lncRNA"
"ENST00000590914","processed_pseudogene"
"ENST00000590942","lncRNA"
"ENST00000590955","lncRNA"
"ENST00000590960","processed_pseudogene"
"ENST00000590961","lncRNA"
"ENST00000590968","lncRNA"
"ENST00000590973","protein_coding_CDS_not_defined"
"ENST00000590980","protein_coding"
"ENST00000590990","protein_coding"
"ENST00000591029","lncRNA"
"ENST00000591106","protein_coding_CDS_not_defined"
"ENST00000591131","lncRNA"
"ENST00000591145","nonsense_mediated_decay"
"ENST00000591165","protein_coding_CDS_not_defined"
"ENST00000591180","protein_coding_CDS_not_defined"
"ENST00000591225","lncRNA"
"ENST00000591364","lncRNA"
"ENST00000591378","processed_pseudogene"
"ENST00000591401","protein_coding"
"ENST00000591442","processed_pseudogene"
"ENST00000591479","protein_coding"
"ENST00000591492","protein_coding"
"ENST00000591533","lncRNA"
"ENST00000591546","nonsense_mediated_decay"
"ENST00000591554","miRNA"
"ENST00000591596","lncRNA"
"ENST00000591620","protein_coding"
"ENST00000591629","lncRNA"
"ENST00000591685","processed_pseudogene"
"ENST00000591721","protein_coding"
"ENST00000591726","protein_coding"
"ENST00000591754","lncRNA"
"ENST00000591840","protein_coding_CDS_not_defined"
"ENST00000591842","processed_pseudogene"
"ENST00000591853","lncRNA"
"ENST00000591861","protein_coding_CDS_not_defined"
"ENST00000591868","protein_coding_CDS_not_defined"
"ENST00000591882","lncRNA"
"ENST00000591900","lncRNA"
"ENST00000591926","lncRNA"
"ENST00000591972","protein_coding_CDS_not_defined"
"ENST00000591995","protein_coding"
"ENST00000591997","protein_coding"
"ENST00000592093","lncRNA"
"ENST00000592098","protein_coding_CDS_not_defined"
"ENST00000592103","lncRNA"
"ENST00000592116","processed_pseudogene"
"ENST00000592118","unprocessed_pseudogene"
"ENST00000592121","lncRNA"
"ENST00000592125","lncRNA"
"ENST00000592134","protein_coding"
"ENST00000592145","protein_coding"
"ENST00000592151","nonsense_mediated_decay"
"ENST00000592196","processed_pseudogene"
"ENST00000592203","lncRNA"
"ENST00000592218","protein_coding_CDS_not_defined"
"ENST00000592229","lncRNA"
"ENST00000592236","lncRNA"
"ENST00000592298","protein_coding"
"ENST00000592311","lncRNA"
"ENST00000592322","retained_intron"
"ENST00000592398","protein_coding"
"ENST00000592407","protein_coding_CDS_not_defined"
"ENST00000592421","protein_coding"
"ENST00000592435","retained_intron"
"ENST00000592454","protein_coding"
"ENST00000592458","protein_coding_CDS_not_defined"
"ENST00000592464","protein_coding"
"ENST00000592484","protein_coding"
"ENST00000592501","protein_coding"
"ENST00000592523","lncRNA"
"ENST00000592557","lncRNA"
"ENST00000592564","protein_coding_CDS_not_defined"
"ENST00000592584","protein_coding"
"ENST00000592585","protein_coding"
"ENST00000592589","unprocessed_pseudogene"
"ENST00000592651","lncRNA"
"ENST00000592677","nonsense_mediated_decay"
"ENST00000592681","lncRNA"
"ENST00000592739","unprocessed_pseudogene"
"ENST00000592766","lncRNA"
"ENST00000592792","transcribed_unprocessed_pseudogene"
"ENST00000592805","lncRNA"
"ENST00000592838","lncRNA"
"ENST00000592849","protein_coding"
"ENST00000592908","lncRNA"
"ENST00000592985","processed_pseudogene"
"ENST00000593011","lncRNA"
"ENST00000593032","protein_coding"
"ENST00000593063","lncRNA"
"ENST00000593073","protein_coding_CDS_not_defined"
"ENST00000593082","lncRNA"
"ENST00000593180","lncRNA"
"ENST00000593183","processed_pseudogene"
"ENST00000593187","retained_intron"
"ENST00000593211","lncRNA"
"ENST00000593240","protein_coding_CDS_not_defined"
"ENST00000593242","nonsense_mediated_decay"
"ENST00000593261","protein_coding_CDS_not_defined"
"ENST00000593292","protein_coding_CDS_not_defined"
"ENST00000593294","processed_pseudogene"
"ENST00000593326","lncRNA"
"ENST00000593363","protein_coding"
"ENST00000593429","lncRNA"
"ENST00000593482","protein_coding_CDS_not_defined"
"ENST00000593483","protein_coding"
"ENST00000593486","lncRNA"
"ENST00000593569","retained_intron"
"ENST00000593572","protein_coding"
"ENST00000593611","lncRNA"
"ENST00000593619",NA
"ENST00000593657","protein_coding"
"ENST00000593711","protein_coding"
"ENST00000593742","retained_intron"
"ENST00000593770","lncRNA"
"ENST00000593789","lncRNA"
"ENST00000593802","protein_coding"
"ENST00000593837","lncRNA"
"ENST00000593855","lncRNA"
"ENST00000593993","protein_coding"
"ENST00000594068","protein_coding"
"ENST00000594073","transcribed_processed_pseudogene"
"ENST00000594117","protein_coding"
"ENST00000594140","protein_coding"
"ENST00000594211","protein_coding"
"ENST00000594244","lncRNA"
"ENST00000594258","protein_coding"
"ENST00000594261","lncRNA"
"ENST00000594321","protein_coding"
"ENST00000594355","processed_pseudogene"
"ENST00000594376","lncRNA"
"ENST00000594377","unprocessed_pseudogene"
"ENST00000594384","protein_coding"
"ENST00000594464","processed_pseudogene"
"ENST00000594467","protein_coding"
"ENST00000594491","processed_pseudogene"
"ENST00000594508","retained_intron"
"ENST00000594513","retained_intron"
"ENST00000594542","lncRNA"
"ENST00000594566","lncRNA"
"ENST00000594590","lncRNA"
"ENST00000594657","protein_coding_CDS_not_defined"
"ENST00000594666","lncRNA"
"ENST00000594678","lncRNA"
"ENST00000594710","protein_coding"
"ENST00000594712","unprocessed_pseudogene"
"ENST00000594745","protein_coding"
"ENST00000594824","protein_coding"
"ENST00000594891","transcribed_processed_pseudogene"
"ENST00000594941","lncRNA"
"ENST00000594990","protein_coding"
"ENST00000595093","lncRNA"
"ENST00000595098","protein_coding_CDS_not_defined"
"ENST00000595138","retained_intron"
"ENST00000595284","unprocessed_pseudogene"
"ENST00000595307","unprocessed_pseudogene"
"ENST00000595348","retained_intron"
"ENST00000595362","unprocessed_pseudogene"
"ENST00000595383","lncRNA"
"ENST00000595388","lncRNA"
"ENST00000595400","nonsense_mediated_decay"
"ENST00000595419","protein_coding_CDS_not_defined"
"ENST00000595427","transcribed_unprocessed_pseudogene"
"ENST00000595456","lncRNA"
"ENST00000595518","lncRNA"
"ENST00000595525","lncRNA"
"ENST00000595566","lncRNA"
"ENST00000595613","lncRNA"
"ENST00000595649","lncRNA"
"ENST00000595655","lncRNA"
"ENST00000595671","nonsense_mediated_decay"
"ENST00000595673","lncRNA"
"ENST00000595684","protein_coding"
"ENST00000595717","unprocessed_pseudogene"
"ENST00000595732","lncRNA"
"ENST00000595740","protein_coding"
"ENST00000595741","protein_coding"
"ENST00000595809","lncRNA"
"ENST00000595861","retained_intron"
"ENST00000595863","protein_coding"
"ENST00000595913","transcribed_processed_pseudogene"
"ENST00000595969","protein_coding"
"ENST00000596003","lncRNA"
"ENST00000596110","lncRNA"
"ENST00000596139","lncRNA"
"ENST00000596152","lncRNA"
"ENST00000596179","retained_intron"
"ENST00000596199","retained_intron"
"ENST00000596208","retained_intron"
"ENST00000596271","retained_intron"
"ENST00000596289","lncRNA"
"ENST00000596312","lncRNA"
"ENST00000596329","lncRNA"
"ENST00000596339","protein_coding"
"ENST00000596342","lncRNA"
"ENST00000596431","protein_coding_CDS_not_defined"
"ENST00000596454","transcribed_processed_pseudogene"
"ENST00000596455","retained_intron"
"ENST00000596531","retained_intron"
"ENST00000596536","protein_coding"
"ENST00000596544","protein_coding"
"ENST00000596571","protein_coding"
"ENST00000596589","lncRNA"
"ENST00000596594","unprocessed_pseudogene"
"ENST00000596606","retained_intron"
"ENST00000596706","unprocessed_pseudogene"
"ENST00000596717","lncRNA"
"ENST00000596722","protein_coding"
"ENST00000596772","protein_coding"
"ENST00000596786","lncRNA"
"ENST00000596828","lncRNA"
"ENST00000596862","retained_intron"
"ENST00000596952","lncRNA"
"ENST00000596963","lncRNA"
"ENST00000596964","lncRNA"
"ENST00000596977","transcribed_unprocessed_pseudogene"
"ENST00000597043","retained_intron"
"ENST00000597051","lncRNA"
"ENST00000597093","retained_intron"
"ENST00000597105","lncRNA"
"ENST00000597106","processed_pseudogene"
"ENST00000597142","lncRNA"
"ENST00000597168","protein_coding_CDS_not_defined"
"ENST00000597184","retained_intron"
"ENST00000597202","retained_intron"
"ENST00000597214","protein_coding"
"ENST00000597234","lncRNA"
"ENST00000597243","lncRNA"
"ENST00000597245","lncRNA"
"ENST00000597251","nonsense_mediated_decay"
"ENST00000597281","nonsense_mediated_decay"
"ENST00000597285","processed_pseudogene"
"ENST00000597307","protein_coding"
"ENST00000597309","lncRNA"
"ENST00000597312","retained_intron"
"ENST00000597313","protein_coding"
"ENST00000597319","processed_pseudogene"
"ENST00000597330","transcribed_processed_pseudogene"
"ENST00000597349","retained_intron"
"ENST00000597392","processed_pseudogene"
"ENST00000597416","retained_intron"
"ENST00000597452","lncRNA"
"ENST00000597497","lncRNA"
"ENST00000597502","lncRNA"
"ENST00000597514","lncRNA"
"ENST00000597548","lncRNA"
"ENST00000597569","lncRNA"
"ENST00000597592","lncRNA"
"ENST00000597614","lncRNA"
"ENST00000597643","nonsense_mediated_decay"
"ENST00000597690","unprocessed_pseudogene"
"ENST00000597719","unprocessed_pseudogene"
"ENST00000597796","nonsense_mediated_decay"
"ENST00000597828","lncRNA"
"ENST00000597851","lncRNA"
"ENST00000597858","processed_pseudogene"
"ENST00000597871","lncRNA"
"ENST00000597881","retained_intron"
"ENST00000597893","lncRNA"
"ENST00000597923","retained_intron"
"ENST00000597939","lncRNA"
"ENST00000597982","lncRNA"
"ENST00000598005","protein_coding_CDS_not_defined"
"ENST00000598041","protein_coding_CDS_not_defined"
"ENST00000598087","protein_coding"
"ENST00000598105","lncRNA"
"ENST00000598129","lncRNA"
"ENST00000598153","transcribed_processed_pseudogene"
"ENST00000598175","nonsense_mediated_decay"
"ENST00000598203","unprocessed_pseudogene"
"ENST00000598209","protein_coding_CDS_not_defined"
"ENST00000598245","protein_coding"
"ENST00000598302","processed_pseudogene"
"ENST00000598398","protein_coding"
"ENST00000598406","retained_intron"
"ENST00000598410","protein_coding"
"ENST00000598498","lncRNA"
"ENST00000598511","unprocessed_pseudogene"
"ENST00000598513","protein_coding"
"ENST00000598549","lncRNA"
"ENST00000598588","unprocessed_pseudogene"
"ENST00000598600","lncRNA"
"ENST00000598614","protein_coding"
"ENST00000598658","lncRNA"
"ENST00000598703","lncRNA"
"ENST00000598717","retained_intron"
"ENST00000598738","retained_intron"
"ENST00000598746","unprocessed_pseudogene"
"ENST00000598769","retained_intron"
"ENST00000598776","protein_coding"
"ENST00000598786","retained_intron"
"ENST00000598787","lncRNA"
"ENST00000598803","retained_intron"
"ENST00000598806","protein_coding"
"ENST00000598912","processed_pseudogene"
"ENST00000598917","lncRNA"
"ENST00000598980","processed_pseudogene"
"ENST00000598990","unprocessed_pseudogene"
"ENST00000598994","lncRNA"
"ENST00000599022","retained_intron"
"ENST00000599104","transcribed_unprocessed_pseudogene"
"ENST00000599107","retained_intron"
"ENST00000599129","lncRNA"
"ENST00000599179","lncRNA"
"ENST00000599180","protein_coding"
"ENST00000599187","lncRNA"
"ENST00000599194","protein_coding"
"ENST00000599225","protein_coding"
"ENST00000599245","retained_intron"
"ENST00000599258","protein_coding_CDS_not_defined"
"ENST00000599264","lncRNA"
"ENST00000599268","lncRNA"
"ENST00000599269","lncRNA"
"ENST00000599280","retained_intron"
"ENST00000599282","lncRNA"
"ENST00000599292","lncRNA"
"ENST00000599305","retained_intron"
"ENST00000599314","lncRNA"
"ENST00000599316","lncRNA"
"ENST00000599358","lncRNA"
"ENST00000599360","lncRNA"
"ENST00000599371","protein_coding"
"ENST00000599392","retained_intron"
"ENST00000599411","lncRNA"
"ENST00000599412","lncRNA"
"ENST00000599553","protein_coding_CDS_not_defined"
"ENST00000599562","lncRNA"
"ENST00000599577","protein_coding"
"ENST00000599620","retained_intron"
"ENST00000599641","lncRNA"
"ENST00000599753","nonsense_mediated_decay"
"ENST00000599770","lncRNA"
"ENST00000599873","unprocessed_pseudogene"
"ENST00000599875","lncRNA"
"ENST00000599879","protein_coding_CDS_not_defined"
"ENST00000599881","nonsense_mediated_decay"
"ENST00000599900","protein_coding"
"ENST00000599928","processed_pseudogene"
"ENST00000599935","protein_coding"
"ENST00000599948","protein_coding"
"ENST00000599957","protein_coding"
"ENST00000600007","protein_coding_CDS_not_defined"
"ENST00000600015","processed_pseudogene"
"ENST00000600054","unprocessed_pseudogene"
"ENST00000600059","protein_coding"
"ENST00000600060","protein_coding"
"ENST00000600071","lncRNA"
"ENST00000600073","lncRNA"
"ENST00000600080","protein_coding"
"ENST00000600127","lncRNA"
"ENST00000600141","protein_coding"
"ENST00000600211","lncRNA"
"ENST00000600243","protein_coding_CDS_not_defined"
"ENST00000600258","protein_coding"
"ENST00000600293","protein_coding"
"ENST00000600311","lncRNA"
"ENST00000600405","lncRNA"
"ENST00000600416","unprocessed_pseudogene"
"ENST00000600430","processed_pseudogene"
"ENST00000600494","processed_pseudogene"
"ENST00000600508","lncRNA"
"ENST00000600543","processed_pseudogene"
"ENST00000600617","lncRNA"
"ENST00000600621","protein_coding"
"ENST00000600623","transcribed_unprocessed_pseudogene"
"ENST00000600632","retained_intron"
"ENST00000600655","retained_intron"
"ENST00000600665","lncRNA"
"ENST00000600673","lncRNA"
"ENST00000600703","protein_coding_CDS_not_defined"
"ENST00000600709","protein_coding_CDS_not_defined"
"ENST00000600724","processed_pseudogene"
"ENST00000600763","retained_intron"
"ENST00000600813","lncRNA"
"ENST00000600825","retained_intron"
"ENST00000600839","lncRNA"
"ENST00000600889","lncRNA"
"ENST00000600903","lncRNA"
"ENST00000600937","lncRNA"
"ENST00000600964","retained_intron"
"ENST00000600991","protein_coding"
"ENST00000601033","lncRNA"
"ENST00000601133","protein_coding_CDS_not_defined"
"ENST00000601137","retained_intron"
"ENST00000601161","lncRNA"
"ENST00000601184","processed_pseudogene"
"ENST00000601280","lncRNA"
"ENST00000601286","lncRNA"
"ENST00000601413","protein_coding"
"ENST00000601439","retained_intron"
"ENST00000601456","protein_coding_CDS_not_defined"
"ENST00000601471","lncRNA"
"ENST00000601480","lncRNA"
"ENST00000601505","lncRNA"
"ENST00000601511","lncRNA"
"ENST00000601514","protein_coding_CDS_not_defined"
"ENST00000601524","retained_intron"
"ENST00000601540","protein_coding"
"ENST00000601553","protein_coding"
"ENST00000601587","unprocessed_pseudogene"
"ENST00000601660","nonsense_mediated_decay"
"ENST00000601665","protein_coding_CDS_not_defined"
"ENST00000601669","lncRNA"
"ENST00000601682","protein_coding"
"ENST00000601693","protein_coding"
"ENST00000601743","retained_intron"
"ENST00000601744","lncRNA"
"ENST00000601746","lncRNA"
"ENST00000601773","protein_coding"
"ENST00000601781","lncRNA"
"ENST00000601792","protein_coding"
"ENST00000601826","lncRNA"
"ENST00000601903","retained_intron"
"ENST00000601905","lncRNA"
"ENST00000601933","lncRNA"
"ENST00000601934","processed_pseudogene"
"ENST00000601940","lncRNA"
"ENST00000601951","protein_coding"
"ENST00000602012","lncRNA"
"ENST00000602075","protein_coding_CDS_not_defined"
"ENST00000602101","retained_intron"
"ENST00000602156","lncRNA"
"ENST00000602179","protein_coding"
"ENST00000602229","protein_coding"
"ENST00000602250","protein_coding"
"ENST00000602281","protein_coding"
"ENST00000602284","lncRNA"
"ENST00000602297","protein_coding"
"ENST00000602356","processed_pseudogene"
"ENST00000602380","protein_coding"
"ENST00000602389","protein_coding"
"ENST00000602394","processed_pseudogene"
"ENST00000602440","transcribed_unprocessed_pseudogene"
"ENST00000602461","lncRNA"
"ENST00000602533","protein_coding"
"ENST00000602540","protein_coding"
"ENST00000602557","protein_coding"
"ENST00000602563","nonsense_mediated_decay"
"ENST00000602570","protein_coding_CDS_not_defined"
"ENST00000602571","lncRNA"
"ENST00000602573","lncRNA"
"ENST00000602614","lncRNA"
"ENST00000602634","nonsense_mediated_decay"
"ENST00000602698","lncRNA"
"ENST00000602723","protein_coding"
"ENST00000602730","lncRNA"
"ENST00000602742","retained_intron"
"ENST00000602761","lncRNA"
"ENST00000602792","non_stop_decay"
"ENST00000602796","lncRNA"
"ENST00000602847","lncRNA"
"ENST00000602851","lncRNA"
"ENST00000602858","protein_coding"
"ENST00000602934","lncRNA"
"ENST00000602997","protein_coding"
"ENST00000603012","lncRNA"
"ENST00000603076","processed_pseudogene"
"ENST00000603093","processed_pseudogene"
"ENST00000603099","protein_coding_CDS_not_defined"
"ENST00000603129","lncRNA"
"ENST00000603130","processed_pseudogene"
"ENST00000603149","processed_pseudogene"
"ENST00000603158","processed_pseudogene"
"ENST00000603162","processed_pseudogene"
"ENST00000603174","transcribed_unprocessed_pseudogene"
"ENST00000603176","processed_pseudogene"
"ENST00000603184","processed_pseudogene"
"ENST00000603189","processed_pseudogene"
"ENST00000603198","lncRNA"
"ENST00000603205","transcribed_processed_pseudogene"
"ENST00000603209","processed_pseudogene"
"ENST00000603212","processed_pseudogene"
"ENST00000603219","processed_pseudogene"
"ENST00000603241","processed_pseudogene"
"ENST00000603247","processed_pseudogene"
"ENST00000603260","protein_coding_CDS_not_defined"
"ENST00000603272","processed_pseudogene"
"ENST00000603277","processed_pseudogene"
"ENST00000603282","transcribed_processed_pseudogene"
"ENST00000603287","processed_pseudogene"
"ENST00000603304","processed_pseudogene"
"ENST00000603317","processed_pseudogene"
"ENST00000603319","processed_pseudogene"
"ENST00000603323","nonsense_mediated_decay"
"ENST00000603331","processed_pseudogene"
"ENST00000603341","processed_pseudogene"
"ENST00000603349","processed_pseudogene"
"ENST00000603389","processed_pseudogene"
"ENST00000603392","processed_pseudogene"
"ENST00000603405","processed_pseudogene"
"ENST00000603413","processed_pseudogene"
"ENST00000603429","processed_pseudogene"
"ENST00000603431","processed_pseudogene"
"ENST00000603437","processed_pseudogene"
"ENST00000603444","processed_pseudogene"
"ENST00000603448","processed_pseudogene"
"ENST00000603469","protein_coding_CDS_not_defined"
"ENST00000603476","processed_pseudogene"
"ENST00000603484","retained_intron"
"ENST00000603490","processed_pseudogene"
"ENST00000603497","processed_pseudogene"
"ENST00000603504","misc_RNA"
"ENST00000603514","lncRNA"
"ENST00000603579","processed_pseudogene"
"ENST00000603580","processed_pseudogene"
"ENST00000603588","protein_coding_CDS_not_defined"
"ENST00000603589","processed_pseudogene"
"ENST00000603596","processed_pseudogene"
"ENST00000603598","processed_pseudogene"
"ENST00000603605","processed_pseudogene"
"ENST00000603629","processed_pseudogene"
"ENST00000603642","processed_pseudogene"
"ENST00000603656","protein_coding"
"ENST00000603689","processed_pseudogene"
"ENST00000603702","processed_pseudogene"
"ENST00000603718","lncRNA"
"ENST00000603719","processed_pseudogene"
"ENST00000603727","processed_pseudogene"
"ENST00000603741","processed_pseudogene"
"ENST00000603743","processed_pseudogene"
"ENST00000603758","processed_pseudogene"
"ENST00000603760","processed_pseudogene"
"ENST00000603762","processed_pseudogene"
"ENST00000603780","processed_pseudogene"
"ENST00000603784","processed_pseudogene"
"ENST00000603788","processed_pseudogene"
"ENST00000603806","processed_pseudogene"
"ENST00000603818","processed_pseudogene"
"ENST00000603824","processed_pseudogene"
"ENST00000603825","processed_pseudogene"
"ENST00000603832","processed_pseudogene"
"ENST00000603837",NA
"ENST00000603842","processed_pseudogene"
"ENST00000603846","processed_pseudogene"
"ENST00000603852","nonsense_mediated_decay"
"ENST00000603858","processed_pseudogene"
"ENST00000603866","lncRNA"
"ENST00000603868","processed_pseudogene"
"ENST00000603888","lncRNA"
"ENST00000603938","processed_pseudogene"
"ENST00000603941","processed_pseudogene"
"ENST00000603950","processed_pseudogene"
"ENST00000603970","processed_pseudogene"
"ENST00000604003","processed_pseudogene"
"ENST00000604004","processed_pseudogene"
"ENST00000604022","processed_pseudogene"
"ENST00000604029","processed_pseudogene"
"ENST00000604056","processed_pseudogene"
"ENST00000604072","processed_pseudogene"
"ENST00000604106","IG_V_pseudogene"
"ENST00000604114","unprocessed_pseudogene"
"ENST00000604148","processed_pseudogene"
"ENST00000604169","processed_pseudogene"
"ENST00000604173","processed_pseudogene"
"ENST00000604182","processed_pseudogene"
"ENST00000604187","processed_pseudogene"
"ENST00000604233","processed_pseudogene"
"ENST00000604248","processed_pseudogene"
"ENST00000604303","processed_pseudogene"
"ENST00000604312","lncRNA"
"ENST00000604322","processed_pseudogene"
"ENST00000604325","processed_pseudogene"
"ENST00000604328","processed_pseudogene"
"ENST00000604334","processed_pseudogene"
"ENST00000604335","processed_pseudogene"
"ENST00000604365","processed_pseudogene"
"ENST00000604370","processed_pseudogene"
"ENST00000604387","processed_pseudogene"
"ENST00000604396","processed_pseudogene"
"ENST00000604431","processed_pseudogene"
"ENST00000604478","processed_pseudogene"
"ENST00000604515","processed_pseudogene"
"ENST00000604518","processed_pseudogene"
"ENST00000604527","unprocessed_pseudogene"
"ENST00000604530","processed_pseudogene"
"ENST00000604538","processed_pseudogene"
"ENST00000604542","processed_pseudogene"
"ENST00000604558","unprocessed_pseudogene"
"ENST00000604589","processed_pseudogene"
"ENST00000604593","processed_pseudogene"
"ENST00000604639","processed_pseudogene"
"ENST00000604675","processed_pseudogene"
"ENST00000604680","lncRNA"
"ENST00000604681","processed_pseudogene"
"ENST00000604686","transcribed_processed_pseudogene"
"ENST00000604687","transcribed_processed_pseudogene"
"ENST00000604695","processed_pseudogene"
"ENST00000604698","processed_pseudogene"
"ENST00000604700","lncRNA"
"ENST00000604702","protein_coding_CDS_not_defined"
"ENST00000604713","processed_pseudogene"
"ENST00000604722","processed_pseudogene"
"ENST00000604736","processed_pseudogene"
"ENST00000604744","processed_pseudogene"
"ENST00000604753","processed_pseudogene"
"ENST00000604756","processed_pseudogene"
"ENST00000604762","transcribed_processed_pseudogene"
"ENST00000604764","processed_pseudogene"
"ENST00000604770","processed_pseudogene"
"ENST00000604771","processed_pseudogene"
"ENST00000604803","processed_pseudogene"
"ENST00000604810","processed_pseudogene"
"ENST00000604817","IG_V_pseudogene"
"ENST00000604834","protein_coding"
"ENST00000604851","processed_pseudogene"
"ENST00000604859","processed_pseudogene"
"ENST00000604863","processed_pseudogene"
"ENST00000604869","processed_pseudogene"
"ENST00000604886","nonsense_mediated_decay"
"ENST00000604893","processed_pseudogene"
"ENST00000604895","processed_pseudogene"
"ENST00000604902","processed_pseudogene"
"ENST00000604963","processed_pseudogene"
"ENST00000605015","processed_pseudogene"
"ENST00000605028","processed_pseudogene"
"ENST00000605039","retained_intron"
"ENST00000605047","lncRNA"
"ENST00000605071","nonsense_mediated_decay"
"ENST00000605080","nonsense_mediated_decay"
"ENST00000605093","nonsense_mediated_decay"
"ENST00000605097","processed_pseudogene"
"ENST00000605098","processed_pseudogene"
"ENST00000605115","processed_pseudogene"
"ENST00000605126","processed_pseudogene"
"ENST00000605139","lncRNA"
"ENST00000605144","processed_pseudogene"
"ENST00000605153","processed_pseudogene"
"ENST00000605169","processed_pseudogene"
"ENST00000605179","lncRNA"
"ENST00000605180","processed_pseudogene"
"ENST00000605188","processed_pseudogene"
"ENST00000605211","retained_intron"
"ENST00000605217","processed_pseudogene"
"ENST00000605247","processed_pseudogene"
"ENST00000605269","transcribed_processed_pseudogene"
"ENST00000605294","processed_pseudogene"
"ENST00000605304","processed_pseudogene"
"ENST00000605312","transcribed_processed_pseudogene"
"ENST00000605318","processed_pseudogene"
"ENST00000605336","processed_pseudogene"
"ENST00000605349","processed_pseudogene"
"ENST00000605356","processed_pseudogene"
"ENST00000605383","processed_pseudogene"
"ENST00000605387","processed_pseudogene"
"ENST00000605398","IG_C_pseudogene"
"ENST00000605404","transcribed_processed_pseudogene"
"ENST00000605423","nonsense_mediated_decay"
"ENST00000605434","processed_pseudogene"
"ENST00000605447","processed_pseudogene"
"ENST00000605454","processed_pseudogene"
"ENST00000605465","processed_pseudogene"
"ENST00000605505","lncRNA"
"ENST00000605507","processed_pseudogene"
"ENST00000605511","processed_pseudogene"
"ENST00000605515","processed_pseudogene"
"ENST00000605519","processed_pseudogene"
"ENST00000605522","protein_coding_CDS_not_defined"
"ENST00000605527","processed_pseudogene"
"ENST00000605544","processed_pseudogene"
"ENST00000605576","processed_pseudogene"
"ENST00000605601","processed_pseudogene"
"ENST00000605604","processed_pseudogene"
"ENST00000605605","processed_pseudogene"
"ENST00000605632","processed_pseudogene"
"ENST00000605635","processed_pseudogene"
"ENST00000605642","processed_pseudogene"
"ENST00000605657","processed_pseudogene"
"ENST00000605667","processed_pseudogene"
"ENST00000605674","processed_pseudogene"
"ENST00000605697","processed_pseudogene"
"ENST00000605701","processed_pseudogene"
"ENST00000605702","processed_pseudogene"
"ENST00000605711","unprocessed_pseudogene"
"ENST00000605735","processed_pseudogene"
"ENST00000605737","processed_pseudogene"
"ENST00000605745","processed_pseudogene"
"ENST00000605775","nonsense_mediated_decay"
"ENST00000605782","processed_pseudogene"
"ENST00000605789","processed_pseudogene"
"ENST00000605793","processed_pseudogene"
"ENST00000605798","processed_pseudogene"
"ENST00000605810","processed_pseudogene"
"ENST00000605814","processed_pseudogene"
"ENST00000605838","processed_pseudogene"
"ENST00000605855","processed_pseudogene"
"ENST00000605872","processed_pseudogene"
"ENST00000605877","processed_pseudogene"
"ENST00000605893","snRNA"
"ENST00000605921","rRNA_pseudogene"
"ENST00000605936","lncRNA"
"ENST00000605989","snRNA"
"ENST00000606026","lncRNA"
"ENST00000606109","protein_coding"
"ENST00000606124","lncRNA"
"ENST00000606187","lncRNA"
"ENST00000606292","lncRNA"
"ENST00000606304","processed_pseudogene"
"ENST00000606307","unprocessed_pseudogene"
"ENST00000606314","lncRNA"
"ENST00000606349","miRNA"
"ENST00000606380","protein_coding_LoF"
"ENST00000606412","snoRNA"
"ENST00000606426","processed_pseudogene"
"ENST00000606445","protein_coding"
"ENST00000606507","lncRNA"
"ENST00000606519","snRNA"
"ENST00000606539","lncRNA"
"ENST00000606567","protein_coding"
"ENST00000606574","snRNA"
"ENST00000606656","lncRNA"
"ENST00000606692","misc_RNA"
"ENST00000606716","protein_coding_CDS_not_defined"
"ENST00000606724","miRNA"
"ENST00000606775","transcribed_unprocessed_pseudogene"
"ENST00000606785","lncRNA"
"ENST00000606797","protein_coding"
"ENST00000606803","lncRNA"
"ENST00000606810","unprocessed_pseudogene"
"ENST00000606881","lncRNA"
"ENST00000606887","protein_coding"
"ENST00000606889","processed_pseudogene"
"ENST00000606897","lncRNA"
"ENST00000606947","lncRNA"
"ENST00000606951","protein_coding_CDS_not_defined"
"ENST00000606962","unprocessed_pseudogene"
"ENST00000606992","lncRNA"
"ENST00000607003","protein_coding"
"ENST00000607083","unprocessed_pseudogene"
"ENST00000607168","misc_RNA"
"ENST00000607169","lncRNA"
"ENST00000607278","lncRNA"
"ENST00000607291","snoRNA"
"ENST00000607318","rRNA_pseudogene"
"ENST00000607334","miRNA"
"ENST00000607385","lncRNA"
"ENST00000607406","lncRNA"
"ENST00000607417","snoRNA"
"ENST00000607561","snRNA"
"ENST00000607595","snoRNA"
"ENST00000607624","lncRNA"
"ENST00000607691","lncRNA"
"ENST00000607774","snRNA"
"ENST00000607832","lncRNA"
"ENST00000607995","lncRNA"
"ENST00000608018","lncRNA"
"ENST00000608035","lncRNA"
"ENST00000608055","retained_intron"
"ENST00000608061","lncRNA"
"ENST00000608072","lncRNA"
"ENST00000608080","lncRNA"
"ENST00000608097","lncRNA"
"ENST00000608159","lncRNA"
"ENST00000608161","lncRNA"
"ENST00000608228","lncRNA"
"ENST00000608233","transcribed_unprocessed_pseudogene"
"ENST00000608263","protein_coding"
"ENST00000608325","lncRNA"
"ENST00000608350","lncRNA"
"ENST00000608373","lncRNA"
"ENST00000608377","protein_coding"
"ENST00000608390","lncRNA"
"ENST00000608463","lncRNA"
"ENST00000608469","protein_coding"
"ENST00000608476","lncRNA"
"ENST00000608484","unprocessed_pseudogene"
"ENST00000608520","lncRNA"
"ENST00000608568","retained_intron"
"ENST00000608596","lncRNA"
"ENST00000608601","lncRNA"
"ENST00000608610","lncRNA"
"ENST00000608682","unprocessed_pseudogene"
"ENST00000608686","lncRNA"
"ENST00000608735","lncRNA"
"ENST00000608747","protein_coding_CDS_not_defined"
"ENST00000608772","unprocessed_pseudogene"
"ENST00000608835","unprocessed_pseudogene"
"ENST00000608850","unprocessed_pseudogene"
"ENST00000608853","protein_coding"
"ENST00000608890","lncRNA"
"ENST00000608921","lncRNA"
"ENST00000608936","lncRNA"
"ENST00000608970","retained_intron"
"ENST00000608978","protein_coding"
"ENST00000609128","lncRNA"
"ENST00000609144","lncRNA"
"ENST00000609254","lncRNA"
"ENST00000609301","unprocessed_pseudogene"
"ENST00000609346","lncRNA"
"ENST00000609376","lncRNA"
"ENST00000609392","lncRNA"
"ENST00000609493","lncRNA"
"ENST00000609545","lncRNA"
"ENST00000609586","lncRNA"
"ENST00000609592","lncRNA"
"ENST00000609656","protein_coding"
"ENST00000609716","lncRNA"
"ENST00000609791","lncRNA"
"ENST00000609809","lncRNA"
"ENST00000609812","protein_coding"
"ENST00000609820","lncRNA"
"ENST00000609940","lncRNA"
"ENST00000609957","lncRNA"
"ENST00000609961","unprocessed_pseudogene"
"ENST00000610003","unprocessed_pseudogene"
"ENST00000610011","lncRNA"
"ENST00000610018","lncRNA"
"ENST00000610188","lncRNA"
"ENST00000610215","lncRNA"
"ENST00000610229","lncRNA"
"ENST00000610236","lncRNA"
"ENST00000610252","lncRNA"
"ENST00000610267","lncRNA"
"ENST00000610273","protein_coding"
"ENST00000610350","protein_coding"
"ENST00000610373","processed_pseudogene"
"ENST00000610375","lncRNA"
"ENST00000610445","protein_coding"
"ENST00000610521","protein_coding"
"ENST00000610538","protein_coding"
"ENST00000610559","protein_coding_CDS_not_defined"
"ENST00000610585","lncRNA"
"ENST00000610623","protein_coding"
"ENST00000610701","lncRNA"
"ENST00000610707","transcribed_unprocessed_pseudogene"
"ENST00000610717","misc_RNA"
"ENST00000610741","unprocessed_pseudogene"
"ENST00000610751","nonsense_mediated_decay"
"ENST00000610780","lncRNA"
"ENST00000610841","snRNA"
"ENST00000610910","lncRNA"
"ENST00000610982","processed_pseudogene"
"ENST00000610994","processed_pseudogene"
"ENST00000611020","lncRNA"
"ENST00000611027","protein_coding"
"ENST00000611039","lncRNA"
"ENST00000611066","miRNA"
"ENST00000611115","unprocessed_pseudogene"
"ENST00000611168","unprocessed_pseudogene"
"ENST00000611196","nonsense_mediated_decay"
"ENST00000611212","transcribed_unprocessed_pseudogene"
"ENST00000611221","unprocessed_pseudogene"
"ENST00000611240","lncRNA"
"ENST00000611241","processed_pseudogene"
"ENST00000611261","protein_coding"
"ENST00000611315","unprocessed_pseudogene"
"ENST00000611319","processed_pseudogene"
"ENST00000611331","lncRNA"
"ENST00000611375","misc_RNA"
"ENST00000611377","unprocessed_pseudogene"
"ENST00000611402","misc_RNA"
"ENST00000611420","processed_pseudogene"
"ENST00000611430","protein_coding"
"ENST00000611444","protein_coding"
"ENST00000611454","snRNA"
"ENST00000611457","retained_intron"
"ENST00000611462","TR_V_gene"
"ENST00000611463","protein_coding"
"ENST00000611469","protein_coding"
"ENST00000611520","TR_V_gene"
"ENST00000611525","lncRNA"
"ENST00000611559","transcribed_processed_pseudogene"
"ENST00000611595","processed_pseudogene"
"ENST00000611646","protein_coding"
"ENST00000611656","miRNA"
"ENST00000611658","unprocessed_pseudogene"
"ENST00000611704","misc_RNA"
"ENST00000611714","lncRNA"
"ENST00000611727","protein_coding"
"ENST00000611729","miRNA"
"ENST00000611755","unprocessed_pseudogene"
"ENST00000611756","processed_pseudogene"
"ENST00000611784","miRNA"
"ENST00000611807","transcribed_unprocessed_pseudogene"
"ENST00000611865","protein_coding"
"ENST00000611889","lncRNA"
"ENST00000611898","protein_coding"
"ENST00000611905","protein_coding"
"ENST00000611915","lncRNA"
"ENST00000611928","unprocessed_pseudogene"
"ENST00000611947","snoRNA"
"ENST00000611968","protein_coding"
"ENST00000611983","unprocessed_pseudogene"
"ENST00000612038","misc_RNA"
"ENST00000612077","misc_RNA"
"ENST00000612089","misc_RNA"
"ENST00000612091","unprocessed_pseudogene"
"ENST00000612102","unprocessed_pseudogene"
"ENST00000612124","protein_coding"
"ENST00000612131","rRNA"
"ENST00000612149","protein_coding"
"ENST00000612161","protein_coding"
"ENST00000612171","miRNA"
"ENST00000612188","protein_coding"
"ENST00000612193","transcribed_unprocessed_pseudogene"
"ENST00000612217","lncRNA"
"ENST00000612259","unprocessed_pseudogene"
"ENST00000612278","protein_coding"
"ENST00000612284","protein_coding_CDS_not_defined"
"ENST00000612303","lncRNA"
"ENST00000612321","nonsense_mediated_decay"
"ENST00000612331","unprocessed_pseudogene"
"ENST00000612354","processed_pseudogene"
"ENST00000612371","lncRNA"
"ENST00000612382","protein_coding"
"ENST00000612390","lncRNA"
"ENST00000612422","lncRNA"
"ENST00000612448","unprocessed_pseudogene"
"ENST00000612512","lncRNA"
"ENST00000612546","misc_RNA"
"ENST00000612550","snRNA"
"ENST00000612552","processed_pseudogene"
"ENST00000612585","misc_RNA"
"ENST00000612592","lncRNA"
"ENST00000612626","protein_coding"
"ENST00000612667","misc_RNA"
"ENST00000612680","unprocessed_pseudogene"
"ENST00000612699","lncRNA"
"ENST00000612717","retained_intron"
"ENST00000612759","retained_intron"
"ENST00000612781","lncRNA"
"ENST00000612789","processed_pseudogene"
"ENST00000612798","protein_coding"
"ENST00000612829","miRNA"
"ENST00000612834","unprocessed_pseudogene"
"ENST00000612844","nonsense_mediated_decay"
"ENST00000612874","unprocessed_pseudogene"
"ENST00000612883","misc_RNA"
"ENST00000612891","protein_coding"
"ENST00000612893","miRNA"
"ENST00000612906","protein_coding_CDS_not_defined"
"ENST00000612928","rRNA"
"ENST00000612932","protein_coding"
"ENST00000612939","unprocessed_pseudogene"
"ENST00000612941","protein_coding"
"ENST00000612959","protein_coding"
"ENST00000612987","unprocessed_pseudogene"
"ENST00000613011","processed_pseudogene"
"ENST00000613027","transcribed_processed_pseudogene"
"ENST00000613039","protein_coding"
"ENST00000613050","retained_intron"
"ENST00000613063","lncRNA"
"ENST00000613121","IG_V_pseudogene"
"ENST00000613165","misc_RNA"
"ENST00000613259","unprocessed_pseudogene"
"ENST00000613287","transcribed_unprocessed_pseudogene"
"ENST00000613317","processed_pseudogene"
"ENST00000613340","miRNA"
"ENST00000613344","miRNA"
"ENST00000613359","rRNA"
"ENST00000613371","transcribed_unprocessed_pseudogene"
"ENST00000613402","snRNA"
"ENST00000613405","protein_coding"
"ENST00000613436","processed_pseudogene"
"ENST00000613439","lncRNA"
"ENST00000613441","misc_RNA"
"ENST00000613463","unprocessed_pseudogene"
"ENST00000613464","misc_RNA"
"ENST00000613499","protein_coding"
"ENST00000613515","unprocessed_pseudogene"
"ENST00000613520","miRNA"
"ENST00000613544","misc_RNA"
"ENST00000613555","nonsense_mediated_decay"
"ENST00000613562","misc_RNA"
"ENST00000613563","transcribed_processed_pseudogene"
"ENST00000613582","unprocessed_pseudogene"
"ENST00000613591","processed_pseudogene"
"ENST00000613604","miRNA"
"ENST00000613613","unprocessed_pseudogene"
"ENST00000613632","protein_coding"
"ENST00000613638","processed_pseudogene"
"ENST00000613642","nonsense_mediated_decay"
"ENST00000613657","protein_coding"
"ENST00000613664","protein_coding"
"ENST00000613682","processed_pseudogene"
"ENST00000613700","unprocessed_pseudogene"
"ENST00000613737","lncRNA"
"ENST00000613797","protein_coding"
"ENST00000613915","nonsense_mediated_decay"
"ENST00000613919","nonsense_mediated_decay"
"ENST00000613964","unprocessed_pseudogene"
"ENST00000614009","protein_coding"
"ENST00000614041","processed_pseudogene"
"ENST00000614049","protein_coding"
"ENST00000614055","protein_coding"
"ENST00000614073","misc_RNA"
"ENST00000614090","transcribed_unprocessed_pseudogene"
"ENST00000614159","protein_coding"
"ENST00000614160","unprocessed_pseudogene"
"ENST00000614161","misc_RNA"
"ENST00000614164","processed_pseudogene"
"ENST00000614168","unprocessed_pseudogene"
"ENST00000614175","miRNA"
"ENST00000614177","lncRNA"
"ENST00000614178","processed_pseudogene"
"ENST00000614184","transcribed_processed_pseudogene"
"ENST00000614203","processed_pseudogene"
"ENST00000614206","processed_pseudogene"
"ENST00000614220","protein_coding"
"ENST00000614229","protein_coding"
"ENST00000614246","lncRNA"
"ENST00000614270","processed_pseudogene"
"ENST00000614278","unprocessed_pseudogene"
"ENST00000614283","transcribed_unprocessed_pseudogene"
"ENST00000614372","lncRNA"
"ENST00000614376","processed_pseudogene"
"ENST00000614422","protein_coding"
"ENST00000614432","misc_RNA"
"ENST00000614448","lncRNA"
"ENST00000614450","protein_coding_CDS_not_defined"
"ENST00000614528","lncRNA"
"ENST00000614531","protein_coding"
"ENST00000614532","processed_pseudogene"
"ENST00000614538","lncRNA"
"ENST00000614548","transcribed_processed_pseudogene"
"ENST00000614590","transcribed_unprocessed_pseudogene"
"ENST00000614596","lncRNA"
"ENST00000614603","miRNA"
"ENST00000614640","protein_coding"
"ENST00000614642","lncRNA"
"ENST00000614661","processed_pseudogene"
"ENST00000614667","misc_RNA"
"ENST00000614787","processed_pseudogene"
"ENST00000614905","processed_pseudogene"
"ENST00000614914","misc_RNA"
"ENST00000614931","nonsense_mediated_decay"
"ENST00000614947","misc_RNA"
"ENST00000615037","misc_RNA"
"ENST00000615075","processed_pseudogene"
"ENST00000615088","lncRNA"
"ENST00000615104","processed_pseudogene"
"ENST00000615137","lncRNA"
"ENST00000615151","transcribed_unprocessed_pseudogene"
"ENST00000615161","unprocessed_pseudogene"
"ENST00000615177","lncRNA"
"ENST00000615227","processed_pseudogene"
"ENST00000615240","lncRNA"
"ENST00000615244","protein_coding"
"ENST00000615327","misc_RNA"
"ENST00000615328","protein_coding"
"ENST00000615334","unprocessed_pseudogene"
"ENST00000615367","protein_coding"
"ENST00000615369","misc_RNA"
"ENST00000615392","protein_coding"
"ENST00000615399","lncRNA"
"ENST00000615402","miRNA"
"ENST00000615441","protein_coding_CDS_not_defined"
"ENST00000615469","misc_RNA"
"ENST00000615501","misc_RNA"
"ENST00000615560","lncRNA"
"ENST00000615618","protein_coding"
"ENST00000615621","processed_pseudogene"
"ENST00000615676","nonsense_mediated_decay"
"ENST00000615678","unprocessed_pseudogene"
"ENST00000615697","protein_coding"
"ENST00000615737","miRNA"
"ENST00000615743","lncRNA"
"ENST00000615802","unprocessed_pseudogene"
"ENST00000615810","processed_pseudogene"
"ENST00000615842","snRNA"
"ENST00000615864","lncRNA"
"ENST00000615881","processed_pseudogene"
"ENST00000615889","protein_coding"
"ENST00000615892","protein_coding"
"ENST00000615893","processed_pseudogene"
"ENST00000615905","protein_coding"
"ENST00000615912","processed_pseudogene"
"ENST00000615914","protein_coding"
"ENST00000615925","miRNA"
"ENST00000615960","lncRNA"
"ENST00000615967","unprocessed_pseudogene"
"ENST00000615993","protein_coding"
"ENST00000616025","snRNA"
"ENST00000616035","protein_coding"
"ENST00000616036","lncRNA"
"ENST00000616041","protein_coding"
"ENST00000616123","snRNA"
"ENST00000616129","protein_coding"
"ENST00000616145","unprocessed_pseudogene"
"ENST00000616204","lncRNA"
"ENST00000616212","protein_coding"
"ENST00000616213","lncRNA"
"ENST00000616236","protein_coding"
"ENST00000616259","protein_coding_CDS_not_defined"
"ENST00000616260","misc_RNA"
"ENST00000616263","lncRNA"
"ENST00000616289","protein_coding"
"ENST00000616308","misc_RNA"
"ENST00000616326","protein_coding"
"ENST00000616366","lncRNA"
"ENST00000616396","lncRNA"
"ENST00000616480","processed_pseudogene"
"ENST00000616514","retained_intron"
"ENST00000616518","TR_V_gene"
"ENST00000616534","misc_RNA"
"ENST00000616537",NA
"ENST00000616606","misc_RNA"
"ENST00000616611","processed_pseudogene"
"ENST00000616635","misc_RNA"
"ENST00000616655","misc_RNA"
"ENST00000616656","lncRNA"
"ENST00000616658","unprocessed_pseudogene"
"ENST00000616668","lncRNA"
"ENST00000616695","misc_RNA"
"ENST00000616706","lncRNA"
"ENST00000616725","protein_coding"
"ENST00000616726","unprocessed_pseudogene"
"ENST00000616741","miRNA"
"ENST00000616788","processed_pseudogene"
"ENST00000616845","lncRNA"
"ENST00000616889","processed_pseudogene"
"ENST00000616893","processed_pseudogene"
"ENST00000616915","misc_RNA"
"ENST00000616926","lncRNA"
"ENST00000616956","protein_coding_CDS_not_defined"
"ENST00000616974","lncRNA"
"ENST00000616975","protein_coding"
"ENST00000616983","protein_coding"
"ENST00000617008","miRNA"
"ENST00000617023","unprocessed_pseudogene"
"ENST00000617045","protein_coding"
"ENST00000617063","lncRNA"
"ENST00000617106","unprocessed_pseudogene"
"ENST00000617117","lncRNA"
"ENST00000617123","protein_coding"
"ENST00000617126","unprocessed_pseudogene"
"ENST00000617224","protein_coding"
"ENST00000617225","protein_coding"
"ENST00000617260","protein_coding_CDS_not_defined"
"ENST00000617262","unprocessed_pseudogene"
"ENST00000617267","protein_coding"
"ENST00000617271","protein_coding"
"ENST00000617277","protein_coding"
"ENST00000617286","miRNA"
"ENST00000617328","lncRNA"
"ENST00000617332","protein_coding"
"ENST00000617347","TR_V_gene"
"ENST00000617459","protein_coding"
"ENST00000617477","miRNA"
"ENST00000617526","protein_coding"
"ENST00000617533","protein_coding"
"ENST00000617538",NA
"ENST00000617606","miRNA"
"ENST00000617607","protein_coding"
"ENST00000617613","unprocessed_pseudogene"
"ENST00000617631","rRNA"
"ENST00000617638","unprocessed_pseudogene"
"ENST00000617640","processed_pseudogene"
"ENST00000617692","protein_coding"
"ENST00000617704","protein_coding"
"ENST00000617727","unprocessed_pseudogene"
"ENST00000617737","unprocessed_pseudogene"
"ENST00000617747","lncRNA"
"ENST00000617767","protein_coding"
"ENST00000617793","protein_coding"
"ENST00000617813","lncRNA"
"ENST00000617815","processed_pseudogene"
"ENST00000617879","protein_coding"
"ENST00000617889","protein_coding"
"ENST00000617900","protein_coding"
"ENST00000617956","lncRNA"
"ENST00000617978","transcribed_unprocessed_pseudogene"
"ENST00000618009","miRNA"
"ENST00000618033","unprocessed_pseudogene"
"ENST00000618062","unprocessed_pseudogene"
"ENST00000618064","lncRNA"
"ENST00000618098","protein_coding"
"ENST00000618141","lncRNA"
"ENST00000618204","lncRNA"
"ENST00000618243","misc_RNA"
"ENST00000618249","misc_RNA"
"ENST00000618258","lncRNA"
"ENST00000618296","protein_coding"
"ENST00000618305","protein_coding"
"ENST00000618332","unprocessed_pseudogene"
"ENST00000618335","protein_coding"
"ENST00000618336","protein_coding"
"ENST00000618345","snRNA"
"ENST00000618354","misc_RNA"
"ENST00000618366","processed_pseudogene"
"ENST00000618383","unprocessed_pseudogene"
"ENST00000618435","misc_RNA"
"ENST00000618561","snRNA"
"ENST00000618565","protein_coding"
"ENST00000618587","processed_pseudogene"
"ENST00000618591","retained_intron"
"ENST00000618609","misc_RNA"
"ENST00000618629","protein_coding"
"ENST00000618659","misc_RNA"
"ENST00000618730","lncRNA"
"ENST00000618738","processed_pseudogene"
"ENST00000618759","protein_coding"
"ENST00000618760","protein_coding"
"ENST00000618794","lncRNA"
"ENST00000618804","protein_coding"
"ENST00000618821","processed_pseudogene"
"ENST00000618836","protein_coding"
"ENST00000618885","unprocessed_pseudogene"
"ENST00000618917","protein_coding"
"ENST00000618928","lncRNA"
"ENST00000618934","protein_coding"
"ENST00000618935","processed_pseudogene"
"ENST00000618944","protein_coding"
"ENST00000618968","IG_V_pseudogene"
"ENST00000618969","lncRNA"
"ENST00000618978","snRNA"
"ENST00000619049","protein_coding"
"ENST00000619102","unprocessed_pseudogene"
"ENST00000619103","TR_V_gene"
"ENST00000619137","lncRNA"
"ENST00000619156","nonsense_mediated_decay"
"ENST00000619176","lncRNA"
"ENST00000619200","lncRNA"
"ENST00000619228","protein_coding"
"ENST00000619238","retained_intron"
"ENST00000619242","processed_pseudogene"
"ENST00000619312","lncRNA"
"ENST00000619379","protein_coding"
"ENST00000619393","processed_pseudogene"
"ENST00000619447","protein_coding"
"ENST00000619471","rRNA"
"ENST00000619485","protein_coding"
"ENST00000619498","processed_pseudogene"
"ENST00000619504","processed_pseudogene"
"ENST00000619520","processed_pseudogene"
"ENST00000619539","miRNA"
"ENST00000619554","protein_coding"
"ENST00000619587","protein_coding"
"ENST00000619620","miRNA"
"ENST00000619633","misc_RNA"
"ENST00000619643",NA
"ENST00000619723","unprocessed_pseudogene"
"ENST00000619728","unprocessed_pseudogene"
"ENST00000619750","protein_coding"
"ENST00000619754","protein_coding"
"ENST00000619791","protein_coding"
"ENST00000619794","processed_pseudogene"
"ENST00000619813","protein_coding"
"ENST00000619904","protein_coding"
"ENST00000619912","lncRNA"
"ENST00000619915","lncRNA"
"ENST00000619919","processed_pseudogene"
"ENST00000619968","snRNA"
"ENST00000619978","processed_pseudogene"
"ENST00000619983","lncRNA"
"ENST00000619984","processed_pseudogene"
"ENST00000620017","protein_coding"
"ENST00000620045","unprocessed_pseudogene"
"ENST00000620067","processed_pseudogene"
"ENST00000620108","lncRNA"
"ENST00000620111","processed_pseudogene"
"ENST00000620112","lncRNA"
"ENST00000620114","unprocessed_pseudogene"
"ENST00000620115","processed_pseudogene"
"ENST00000620116","protein_coding"
"ENST00000620151","protein_coding"
"ENST00000620167","lncRNA"
"ENST00000620186","lncRNA"
"ENST00000620188","lncRNA"
"ENST00000620193","lncRNA"
"ENST00000620221","processed_pseudogene"
"ENST00000620245","protein_coding"
"ENST00000620291","processed_pseudogene"
"ENST00000620337","lncRNA"
"ENST00000620346","protein_coding"
"ENST00000620348","misc_RNA"
"ENST00000620349","snRNA"
"ENST00000620370","unprocessed_pseudogene"
"ENST00000620407","transcribed_unitary_pseudogene"
"ENST00000620418","processed_pseudogene"
"ENST00000620433","unprocessed_pseudogene"
"ENST00000620434","unprocessed_pseudogene"
"ENST00000620477","unprocessed_pseudogene"
"ENST00000620507","protein_coding"
"ENST00000620510","protein_coding"
"ENST00000620515","protein_coding_CDS_not_defined"
"ENST00000620525","misc_RNA"
"ENST00000620557","protein_coding"
"ENST00000620582","processed_pseudogene"
"ENST00000620626","snRNA"
"ENST00000620649","lncRNA"
"ENST00000620658","ribozyme"
"ENST00000620675","protein_coding"
"ENST00000620678","lncRNA"
"ENST00000620688","lncRNA"
"ENST00000620690","transcribed_unprocessed_pseudogene"
"ENST00000620693","protein_coding"
"ENST00000620733","miRNA"
"ENST00000620749","processed_pseudogene"
"ENST00000620760","lncRNA"
"ENST00000620841","unprocessed_pseudogene"
"ENST00000620900","misc_RNA"
"ENST00000620903","lncRNA"
"ENST00000620979","miRNA"
"ENST00000621022","unprocessed_pseudogene"
"ENST00000621061","processed_pseudogene"
"ENST00000621123","protein_coding"
"ENST00000621124","processed_pseudogene"
"ENST00000621134","lncRNA"
"ENST00000621154","unprocessed_pseudogene"
"ENST00000621162","protein_coding"
"ENST00000621169","protein_coding"
"ENST00000621170","processed_pseudogene"
"ENST00000621192","unprocessed_pseudogene"
"ENST00000621231","protein_coding"
"ENST00000621234","protein_coding"
"ENST00000621262","unprocessed_pseudogene"
"ENST00000621292","transcribed_unprocessed_pseudogene"
"ENST00000621305","processed_pseudogene"
"ENST00000621330","unprocessed_pseudogene"
"ENST00000621342","protein_coding"
"ENST00000621416","unprocessed_pseudogene"
"ENST00000621430","processed_pseudogene"
"ENST00000621457","processed_pseudogene"
"ENST00000621464","unprocessed_pseudogene"
"ENST00000621520","nonsense_mediated_decay"
"ENST00000621538","protein_coding"
"ENST00000621566","retained_intron"
"ENST00000621590","protein_coding"
"ENST00000621695","processed_pseudogene"
"ENST00000621719","unprocessed_pseudogene"
"ENST00000621738","transcribed_unprocessed_pseudogene"
"ENST00000621768","unprocessed_pseudogene"
"ENST00000621781","protein_coding"
"ENST00000621807","misc_RNA"
"ENST00000621811","unprocessed_pseudogene"
"ENST00000621823","processed_pseudogene"
"ENST00000621839","processed_pseudogene"
"ENST00000621861","retained_intron"
"ENST00000621869","snRNA"
"ENST00000621888","miRNA"
"ENST00000621933","lncRNA"
"ENST00000622007","misc_RNA"
"ENST00000622034","misc_RNA"
"ENST00000622072","protein_coding"
"ENST00000622091","lncRNA"
"ENST00000622092","lncRNA"
"ENST00000622118","miRNA"
"ENST00000622154","processed_pseudogene"
"ENST00000622159","miRNA"
"ENST00000622166","IG_V_pseudogene"
"ENST00000622195","transcribed_unprocessed_pseudogene"
"ENST00000622203","misc_RNA"
"ENST00000622219","unprocessed_pseudogene"
"ENST00000622221","unprocessed_pseudogene"
"ENST00000622225","miRNA"
"ENST00000622263","protein_coding"
"ENST00000622265","miRNA"
"ENST00000622291","retained_intron"
"ENST00000622331","misc_RNA"
"ENST00000622332","protein_coding"
"ENST00000622420","miRNA"
"ENST00000622422","protein_coding"
"ENST00000622428","miRNA"
"ENST00000622458","misc_RNA"
"ENST00000622471","misc_RNA"
"ENST00000622474","retained_intron"
"ENST00000622481","miRNA"
"ENST00000622497","unprocessed_pseudogene"
"ENST00000622571","processed_pseudogene"
"ENST00000622605","retained_intron"
"ENST00000622618","miRNA"
"ENST00000622645","protein_coding"
"ENST00000622650","transcribed_unprocessed_pseudogene"
"ENST00000622745","misc_RNA"
"ENST00000622748","processed_pseudogene"
"ENST00000622749","protein_coding"
"ENST00000622763","lncRNA"
"ENST00000622780","lncRNA"
"ENST00000622901","unprocessed_pseudogene"
"ENST00000622930","lncRNA"
"ENST00000622948","TEC"
"ENST00000622950","lncRNA"
"ENST00000622958","TEC"
"ENST00000622980","TEC"
"ENST00000623003","TEC"
"ENST00000623016","TEC"
"ENST00000623017","TEC"
"ENST00000623028","protein_coding"
"ENST00000623056","protein_coding"
"ENST00000623063","protein_coding"
"ENST00000623069","TEC"
"ENST00000623078","transcribed_unprocessed_pseudogene"
"ENST00000623088","TEC"
"ENST00000623098","lncRNA"
"ENST00000623107","TEC"
"ENST00000623108","protein_coding"
"ENST00000623143","TEC"
"ENST00000623146","processed_pseudogene"
"ENST00000623159","TEC"
"ENST00000623182","transcribed_processed_pseudogene"
"ENST00000623186","TEC"
"ENST00000623191","TEC"
"ENST00000623197","lncRNA"
"ENST00000623209","TEC"
"ENST00000623236","lncRNA"
"ENST00000623237","TEC"
"ENST00000623238","TEC"
"ENST00000623267","lncRNA"
"ENST00000623291","TEC"
"ENST00000623311","TEC"
"ENST00000623312","lncRNA"
"ENST00000623340","TEC"
"ENST00000623345","TEC"
"ENST00000623356","TEC"
"ENST00000623357","TEC"
"ENST00000623367","lncRNA"
"ENST00000623369","TEC"
"ENST00000623392","transcribed_unprocessed_pseudogene"
"ENST00000623410","TEC"
"ENST00000623417","protein_coding"
"ENST00000623418","lncRNA"
"ENST00000623427","TEC"
"ENST00000623442","TEC"
"ENST00000623445","TEC"
"ENST00000623446","lncRNA"
"ENST00000623503","lncRNA"
"ENST00000623544","TEC"
"ENST00000623552","TEC"
"ENST00000623554","lncRNA"
"ENST00000623562","TEC"
"ENST00000623572","lncRNA"
"ENST00000623578","protein_coding"
"ENST00000623588","TEC"
"ENST00000623590","TEC"
"ENST00000623594","TEC"
"ENST00000623621","TEC"
"ENST00000623658","TEC"
"ENST00000623669","TEC"
"ENST00000623687","unprocessed_pseudogene"
"ENST00000623688","TEC"
"ENST00000623694","TEC"
"ENST00000623724","protein_coding"
"ENST00000623771","TEC"
"ENST00000623777","TEC"
"ENST00000623779","TEC"
"ENST00000623794","lncRNA"
"ENST00000623807","TEC"
"ENST00000623815","TEC"
"ENST00000623826","TEC"
"ENST00000623827","TEC"
"ENST00000623833","TEC"
"ENST00000623849","protein_coding"
"ENST00000623855","TEC"
"ENST00000623882","protein_coding"
"ENST00000623900","TEC"
"ENST00000623907","protein_coding"
"ENST00000623930","protein_coding"
"ENST00000623931","TEC"
"ENST00000623945","TEC"
"ENST00000623946","lncRNA"
"ENST00000623968","TEC"
"ENST00000623987","TEC"
"ENST00000624010","TEC"
"ENST00000624021","TEC"
"ENST00000624036","TEC"
"ENST00000624037","TEC"
"ENST00000624047","lncRNA"
"ENST00000624055","TEC"
"ENST00000624061","lncRNA"
"ENST00000624090","TEC"
"ENST00000624104","TEC"
"ENST00000624114","TEC"
"ENST00000624117",NA
"ENST00000624118","TEC"
"ENST00000624140",NA
"ENST00000624155","lncRNA"
"ENST00000624172","TEC"
"ENST00000624200","lncRNA"
"ENST00000624202","TEC"
"ENST00000624223","TEC"
"ENST00000624225","TEC"
"ENST00000624229","lncRNA"
"ENST00000624231","TEC"
"ENST00000624232","lncRNA"
"ENST00000624241","TEC"
"ENST00000624279","TEC"
"ENST00000624292","TEC"
"ENST00000624301","protein_coding"
"ENST00000624393","TEC"
"ENST00000624394","TEC"
"ENST00000624407","lncRNA"
"ENST00000624421","TEC"
"ENST00000624428","TEC"
"ENST00000624443","lncRNA"
"ENST00000624447","processed_pseudogene"
"ENST00000624476","TEC"
"ENST00000624489","lncRNA"
"ENST00000624494","TEC"
"ENST00000624512","TEC"
"ENST00000624526","TEC"
"ENST00000624530","TEC"
"ENST00000624568","TEC"
"ENST00000624582","lncRNA"
"ENST00000624596","protein_coding"
"ENST00000624618","protein_coding"
"ENST00000624621","TEC"
"ENST00000624622","lncRNA"
"ENST00000624630","TEC"
"ENST00000624680","TEC"
"ENST00000624688","protein_coding"
"ENST00000624692","lncRNA"
"ENST00000624696","protein_coding"
"ENST00000624700","protein_coding"
"ENST00000624703","TEC"
"ENST00000624717","TEC"
"ENST00000624721","TEC"
"ENST00000624745","TEC"
"ENST00000624772","TEC"
"ENST00000624792","lncRNA"
"ENST00000624798","TEC"
"ENST00000624801","protein_coding"
"ENST00000624802","lncRNA"
"ENST00000624851","TEC"
"ENST00000624868","protein_coding"
"ENST00000624869","lncRNA"
"ENST00000624914","lncRNA"
"ENST00000624927","lncRNA"
"ENST00000624955","TEC"
"ENST00000624978","protein_coding"
"ENST00000624994","protein_coding"
"ENST00000624996","TEC"
"ENST00000625003","TEC"
"ENST00000625010","lncRNA"
"ENST00000625018","TEC"
"ENST00000625029","TEC"
"ENST00000625030","TEC"
"ENST00000625037","TEC"
"ENST00000625038","lncRNA"
"ENST00000625067","TEC"
"ENST00000625076","TEC"
"ENST00000625078","transcribed_unprocessed_pseudogene"
"ENST00000625079","lncRNA"
"ENST00000625093","TEC"
"ENST00000625114","TEC"
"ENST00000625120","TEC"
"ENST00000625148","TEC"
"ENST00000625179","TEC"
"ENST00000625201","TEC"
"ENST00000625221","lncRNA"
"ENST00000625232","lncRNA"
"ENST00000625234","lncRNA"
"ENST00000625237","lncRNA"
"ENST00000625245","protein_coding"
"ENST00000625272","protein_coding"
"ENST00000625289","protein_coding"
"ENST00000625307","protein_coding"
"ENST00000625344","lncRNA"
"ENST00000625350","lncRNA"
"ENST00000625395","protein_coding"
"ENST00000625415","lncRNA"
"ENST00000625495","protein_coding"
"ENST00000625497","lncRNA"
"ENST00000625517","lncRNA"
"ENST00000625518","lncRNA"
"ENST00000625548",NA
"ENST00000625572","miRNA"
"ENST00000625598","lncRNA"
"ENST00000625600","lncRNA"
"ENST00000625683","retained_intron"
"ENST00000625690","lncRNA"
"ENST00000625702","lncRNA"
"ENST00000625774","lncRNA"
"ENST00000625775","lncRNA"
"ENST00000625799","lncRNA"
"ENST00000625812","lncRNA"
"ENST00000625826","lncRNA"
"ENST00000625836","protein_coding"
"ENST00000625837","protein_coding"
"ENST00000625839","lncRNA"
"ENST00000625878","lncRNA"
"ENST00000625891","protein_coding"
"ENST00000625896","lncRNA"
"ENST00000625906",NA
"ENST00000625915","lncRNA"
"ENST00000625967","rRNA_pseudogene"
"ENST00000625982","lncRNA"
"ENST00000625984","protein_coding"
"ENST00000626006","lncRNA"
"ENST00000626024","lncRNA"
"ENST00000626051","protein_coding"
"ENST00000626057","protein_coding_CDS_not_defined"
"ENST00000626086","miRNA"
"ENST00000626104","lncRNA"
"ENST00000626169","lncRNA"
"ENST00000626188","retained_intron"
"ENST00000626210","protein_coding"
"ENST00000626217","lncRNA"
"ENST00000626258","lncRNA"
"ENST00000626321","lncRNA"
"ENST00000626342","lncRNA"
"ENST00000626346","lncRNA"
"ENST00000626378","protein_coding"
"ENST00000626388","lncRNA"
"ENST00000626400","lncRNA"
"ENST00000626402","protein_coding"
"ENST00000626414","lncRNA"
"ENST00000626421",NA
"ENST00000626451","lncRNA"
"ENST00000626454","protein_coding"
"ENST00000626513","lncRNA"
"ENST00000626518","lncRNA"
"ENST00000626605","lncRNA"
"ENST00000626608","lncRNA"
"ENST00000626619","lncRNA"
"ENST00000626634","lncRNA"
"ENST00000626691","protein_coding"
"ENST00000626706","lncRNA"
"ENST00000626717","protein_coding_CDS_not_defined"
"ENST00000626773","lncRNA"
"ENST00000626804","lncRNA"
"ENST00000626816","lncRNA"
"ENST00000626943","lncRNA"
"ENST00000626992","lncRNA"
"ENST00000627003","lncRNA"
"ENST00000627036","lncRNA"
"ENST00000627052","protein_coding_CDS_not_defined"
"ENST00000627123","lncRNA"
"ENST00000627129","protein_coding"
"ENST00000627144","protein_coding"
"ENST00000627163","lncRNA"
"ENST00000627210","lncRNA"
"ENST00000627262","lncRNA"
"ENST00000627300","lncRNA"
"ENST00000627336","lncRNA"
"ENST00000627337","lncRNA"
"ENST00000627363","lncRNA"
"ENST00000627376","protein_coding_CDS_not_defined"
"ENST00000627387","lncRNA"
"ENST00000627441","protein_coding"
"ENST00000627518","miRNA"
"ENST00000627538","lncRNA"
"ENST00000627548","lncRNA"
"ENST00000627551","lncRNA"
"ENST00000627552","retained_intron"
"ENST00000627596","lncRNA"
"ENST00000627653","protein_coding"
"ENST00000627714","protein_coding"
"ENST00000627843","protein_coding"
"ENST00000627859","protein_coding"
"ENST00000627866","lncRNA"
"ENST00000627884","lncRNA"
"ENST00000627916","protein_coding"
"ENST00000627981","lncRNA"
"ENST00000627986","lncRNA"
"ENST00000627999","lncRNA"
"ENST00000628057","lncRNA"
"ENST00000628080","lncRNA"
"ENST00000628131","lncRNA"
"ENST00000628133","lncRNA"
"ENST00000628210","lncRNA"
"ENST00000628213","lncRNA"
"ENST00000628250","lncRNA"
"ENST00000628308","lncRNA"
"ENST00000628396","lncRNA"
"ENST00000628403","protein_coding"
"ENST00000628453","protein_coding"
"ENST00000628464","lncRNA"
"ENST00000628475","lncRNA"
"ENST00000628578","protein_coding"
"ENST00000628597","scaRNA"
"ENST00000628611","lncRNA"
"ENST00000628728","lncRNA"
"ENST00000628800","lncRNA"
"ENST00000628879","lncRNA"
"ENST00000628897","lncRNA"
"ENST00000628925","lncRNA"
"ENST00000628928","lncRNA"
"ENST00000628936","lncRNA"
"ENST00000629014","lncRNA"
"ENST00000629018","protein_coding"
"ENST00000629041",NA
"ENST00000629078","lncRNA"
"ENST00000629116","lncRNA"
"ENST00000629216","protein_coding"
"ENST00000629218","lncRNA"
"ENST00000629231","protein_coding"
"ENST00000629287","lncRNA"
"ENST00000629319","protein_coding"
"ENST00000629326","transcribed_unprocessed_pseudogene"
"ENST00000629369","lncRNA"
"ENST00000629436","lncRNA"
"ENST00000629446","lncRNA"
"ENST00000629552","lncRNA"
"ENST00000629570","lncRNA"
"ENST00000629595","lncRNA"
"ENST00000629630","lncRNA"
"ENST00000629644","lncRNA"
"ENST00000629760","lncRNA"
"ENST00000629771","lncRNA"
"ENST00000629820","lncRNA"
"ENST00000629893","protein_coding"
"ENST00000629899","lncRNA"
"ENST00000629918","protein_coding"
"ENST00000629925","lncRNA"
"ENST00000630073","lncRNA"
"ENST00000630119","lncRNA"
"ENST00000630128",NA
"ENST00000630139","lncRNA"
"ENST00000630173","lncRNA"
"ENST00000630268","protein_coding"
"ENST00000630279","protein_coding"
"ENST00000630330","protein_coding"
"ENST00000630335","lncRNA"
"ENST00000630340","lncRNA"
"ENST00000630370","nonsense_mediated_decay"
"ENST00000630571","protein_coding"
"ENST00000630584","lncRNA"
"ENST00000630585","protein_coding"
"ENST00000630622","protein_coding"
"ENST00000630625","lncRNA"
"ENST00000630630","protein_coding"
"ENST00000630660","lncRNA"
"ENST00000630701","protein_coding"
"ENST00000630730","protein_coding"
"ENST00000630740","lncRNA"
"ENST00000630751","lncRNA"
"ENST00000630783","lncRNA"
"ENST00000630847","lncRNA"
"ENST00000630858","nonsense_mediated_decay"
"ENST00000630898","lncRNA"
"ENST00000630925","protein_coding"
"ENST00000630959","lncRNA"
"ENST00000630994","lncRNA"
"ENST00000631026","protein_coding"
"ENST00000631047","protein_coding"
"ENST00000631064","lncRNA"
"ENST00000631076","lncRNA"
"ENST00000631079","lncRNA"
"ENST00000631142","lncRNA"
"ENST00000631161","protein_coding"
"ENST00000631195","lncRNA"
"ENST00000631252","protein_coding"
"ENST00000631312","protein_coding"
"ENST00000631330","lncRNA"
"ENST00000631335","protein_coding"
"ENST00000631520","lncRNA"
"ENST00000631576","protein_coding"
"ENST00000631601","processed_pseudogene"
"ENST00000631641","retained_intron"
"ENST00000631642","protein_coding_CDS_not_defined"
"ENST00000631952","processed_pseudogene"
"ENST00000632586","lncRNA"
"ENST00000632608","lncRNA"
"ENST00000632732","lncRNA"
"ENST00000632757","retained_intron"
"ENST00000632868","lncRNA"
"ENST00000632950","IG_V_gene"
"ENST00000633081","unprocessed_pseudogene"
"ENST00000633087","protein_coding"
"ENST00000633500","transcribed_unprocessed_pseudogene"
"ENST00000633534","retained_intron"
"ENST00000633742","transcribed_processed_pseudogene"
"ENST00000634000","TR_J_gene"
"ENST00000634233","nonsense_mediated_decay"
"ENST00000634259","retained_intron"
"ENST00000634265","lncRNA"
"ENST00000634304","processed_pseudogene"
"ENST00000634354","retained_intron"
"ENST00000634380","lncRNA"
"ENST00000634383","TR_V_gene"
"ENST00000634408","protein_coding"
"ENST00000634410","transcribed_unitary_pseudogene"
"ENST00000634453","protein_coding_CDS_not_defined"
"ENST00000634479","lncRNA"
"ENST00000634544","protein_coding"
"ENST00000634547","lncRNA"
"ENST00000634595","lncRNA"
"ENST00000634601","lncRNA"
"ENST00000634603","lncRNA"
"ENST00000634630","retained_intron"
"ENST00000634644","lncRNA"
"ENST00000634732","lncRNA"
"ENST00000634739","protein_coding"
"ENST00000634853","lncRNA"
"ENST00000634868","lncRNA"
"ENST00000634891","protein_coding"
"ENST00000634901","protein_coding"
"ENST00000634919","protein_coding_CDS_not_defined"
"ENST00000634931","protein_coding"
"ENST00000634951","lncRNA"
"ENST00000634974","lncRNA"
"ENST00000634991","lncRNA"
"ENST00000635041","protein_coding"
"ENST00000635056","protein_coding"
"ENST00000635102","lncRNA"
"ENST00000635130","lncRNA"
"ENST00000635177","lncRNA"
"ENST00000635183","protein_coding"
"ENST00000635189","protein_coding"
"ENST00000635210","protein_coding_CDS_not_defined"
"ENST00000635218","lncRNA"
"ENST00000635233","lncRNA"
"ENST00000635247","lncRNA"
"ENST00000635299","lncRNA"
"ENST00000635325","nonsense_mediated_decay"
"ENST00000635331","lncRNA"
"ENST00000635340",NA
"ENST00000635350","lncRNA"
"ENST00000635357","lncRNA"
"ENST00000635375","retained_intron"
"ENST00000635389","lncRNA"
"ENST00000635394","lncRNA"
"ENST00000635395","lncRNA"
"ENST00000635428","lncRNA"
"ENST00000635431","transcribed_unprocessed_pseudogene"
"ENST00000635444","lncRNA"
"ENST00000635446","lncRNA"
"ENST00000635460","protein_coding"
"ENST00000635467","lncRNA"
"ENST00000635503","lncRNA"
"ENST00000635510","lncRNA"
"ENST00000635525","lncRNA"
"ENST00000635530","protein_coding"
"ENST00000635551","lncRNA"
"ENST00000635555","lncRNA"
"ENST00000635556","lncRNA"
"ENST00000635565","lncRNA"
"ENST00000635636","lncRNA"
"ENST00000635724","processed_pseudogene"
"ENST00000635744","miRNA"
"ENST00000635752","transcribed_unitary_pseudogene"
"ENST00000635778","snRNA"
"ENST00000635788","unprocessed_pseudogene"
"ENST00000635792","protein_coding"
"ENST00000635800","lncRNA"
"ENST00000635801","miRNA"
"ENST00000635809","protein_coding_CDS_not_defined"
"ENST00000635819","miRNA"
"ENST00000635831","protein_coding"
"ENST00000635840","miRNA"
"ENST00000635859","protein_coding_CDS_not_defined"
"ENST00000635861","nonsense_mediated_decay"
"ENST00000635865","nonsense_mediated_decay"
"ENST00000635897","miRNA"
"ENST00000635900","lncRNA"
"ENST00000635926","transcribed_unitary_pseudogene"
"ENST00000635991","lncRNA"
"ENST00000635999","lncRNA"
"ENST00000636031","unprocessed_pseudogene"
"ENST00000636042","protein_coding_CDS_not_defined"
"ENST00000636052","lncRNA"
"ENST00000636059","lncRNA"
"ENST00000636065","protein_coding_CDS_not_defined"
"ENST00000636081","protein_coding_CDS_not_defined"
"ENST00000636093","snRNA"
"ENST00000636104","protein_coding_CDS_not_defined"
"ENST00000636111","unprocessed_pseudogene"
"ENST00000636146","protein_coding_CDS_not_defined"
"ENST00000636151","protein_coding"
"ENST00000636152","protein_coding_CDS_not_defined"
"ENST00000636167","protein_coding_CDS_not_defined"
"ENST00000636175","nonsense_mediated_decay"
"ENST00000636186","protein_coding_CDS_not_defined"
"ENST00000636187","protein_coding_CDS_not_defined"
"ENST00000636197","protein_coding"
"ENST00000636238","protein_coding"
"ENST00000636240","retained_intron"
"ENST00000636243","miRNA"
"ENST00000636251","protein_coding"
"ENST00000636269","protein_coding"
"ENST00000636277","protein_coding_CDS_not_defined"
"ENST00000636281","lncRNA"
"ENST00000636282","protein_coding_CDS_not_defined"
"ENST00000636296","protein_coding"
"ENST00000636301","transcribed_unprocessed_pseudogene"
"ENST00000636302","protein_coding"
"ENST00000636310","miRNA"
"ENST00000636334","processed_pseudogene"
"ENST00000636337","protein_coding"
"ENST00000636356","miRNA"
"ENST00000636391","lncRNA"
"ENST00000636413","protein_coding"
"ENST00000636424","protein_coding_CDS_not_defined"
"ENST00000636446","protein_coding"
"ENST00000636451","transcribed_unprocessed_pseudogene"
"ENST00000636458","protein_coding_CDS_not_defined"
"ENST00000636461","nonsense_mediated_decay"
"ENST00000636468","lncRNA"
"ENST00000636498","miRNA"
"ENST00000636499","protein_coding_CDS_not_defined"
"ENST00000636526","protein_coding_CDS_not_defined"
"ENST00000636539","protein_coding_CDS_not_defined"
"ENST00000636547","transcribed_unprocessed_pseudogene"
"ENST00000636551","miRNA"
"ENST00000636561","protein_coding_CDS_not_defined"
"ENST00000636572","miRNA"
"ENST00000636591","protein_coding_CDS_not_defined"
"ENST00000636598","protein_coding"
"ENST00000636619","protein_coding"
"ENST00000636634","unitary_pseudogene"
"ENST00000636635","protein_coding_CDS_not_defined"
"ENST00000636652","protein_coding_CDS_not_defined"
"ENST00000636663","transcribed_unprocessed_pseudogene"
"ENST00000636677","unprocessed_pseudogene"
"ENST00000636679","protein_coding_CDS_not_defined"
"ENST00000636703","lncRNA"
"ENST00000636711","protein_coding_CDS_not_defined"
"ENST00000636725","retained_intron"
"ENST00000636726","protein_coding_CDS_not_defined"
"ENST00000636744","transcribed_unitary_pseudogene"
"ENST00000636749","snRNA"
"ENST00000636755","protein_coding_CDS_not_defined"
"ENST00000636760","protein_coding_CDS_not_defined"
"ENST00000636773","protein_coding"
"ENST00000636779","processed_pseudogene"
"ENST00000636782","miRNA"
"ENST00000636791","lncRNA"
"ENST00000636802","lncRNA"
"ENST00000636804","protein_coding"
"ENST00000636811","lncRNA"
"ENST00000636821","miRNA"
"ENST00000636828","retained_intron"
"ENST00000636846","protein_coding_CDS_not_defined"
"ENST00000636852","protein_coding"
"ENST00000636868","protein_coding_CDS_not_defined"
"ENST00000636871","retained_intron"
"ENST00000636885","protein_coding_CDS_not_defined"
"ENST00000636902","protein_coding"
"ENST00000636906","transcribed_unitary_pseudogene"
"ENST00000636908","miRNA"
"ENST00000636914","miRNA"
"ENST00000636929","lncRNA"
"ENST00000636944","lncRNA"
"ENST00000636950","protein_coding_CDS_not_defined"
"ENST00000636961","protein_coding_CDS_not_defined"
"ENST00000636971","lncRNA"
"ENST00000636973","unitary_pseudogene"
"ENST00000636975","lncRNA"
"ENST00000637005","lncRNA"
"ENST00000637006","protein_coding_CDS_not_defined"
"ENST00000637021","protein_coding_CDS_not_defined"
"ENST00000637026","protein_coding"
"ENST00000637035","unprocessed_pseudogene"
"ENST00000637054","nonsense_mediated_decay"
"ENST00000637055","unprocessed_pseudogene"
"ENST00000637067","protein_coding_CDS_not_defined"
"ENST00000637073","lncRNA"
"ENST00000637076","lncRNA"
"ENST00000637085","snRNA"
"ENST00000637094","protein_coding_CDS_not_defined"
"ENST00000637097","protein_coding"
"ENST00000637108","snRNA"
"ENST00000637109","miRNA"
"ENST00000637111","lncRNA"
"ENST00000637123","protein_coding_CDS_not_defined"
"ENST00000637132","nonsense_mediated_decay"
"ENST00000637145","unprocessed_pseudogene"
"ENST00000637157","snRNA"
"ENST00000637161","protein_coding"
"ENST00000637183","protein_coding"
"ENST00000637221","protein_coding"
"ENST00000637226","protein_coding_CDS_not_defined"
"ENST00000637256","protein_coding_CDS_not_defined"
"ENST00000637273","protein_coding_CDS_not_defined"
"ENST00000637275","lncRNA"
"ENST00000637276","protein_coding"
"ENST00000637293","protein_coding_CDS_not_defined"
"ENST00000637304","protein_coding"
"ENST00000637306","protein_coding_CDS_not_defined"
"ENST00000637317","protein_coding_CDS_not_defined"
"ENST00000637331","protein_coding"
"ENST00000637333","miRNA"
"ENST00000637335","protein_coding_CDS_not_defined"
"ENST00000637357","protein_coding_CDS_not_defined"
"ENST00000637368","protein_coding_CDS_not_defined"
"ENST00000637374","rRNA"
"ENST00000637379","snRNA"
"ENST00000637380","transcribed_unprocessed_pseudogene"
"ENST00000637383","protein_coding"
"ENST00000637394","protein_coding_CDS_not_defined"
"ENST00000637396","unprocessed_pseudogene"
"ENST00000637425","protein_coding_CDS_not_defined"
"ENST00000637427","lncRNA"
"ENST00000637442","retained_intron"
"ENST00000637443","protein_coding_CDS_not_defined"
"ENST00000637444","lncRNA"
"ENST00000637446","miRNA"
"ENST00000637456","transcribed_unprocessed_pseudogene"
"ENST00000637488","protein_coding"
"ENST00000637497","lncRNA"
"ENST00000637501","protein_coding_CDS_not_defined"
"ENST00000637524","snRNA"
"ENST00000637525","protein_coding_CDS_not_defined"
"ENST00000637560","lncRNA"
"ENST00000637566","lncRNA"
"ENST00000637568","nonsense_mediated_decay"
"ENST00000637571","miRNA"
"ENST00000637581","protein_coding"
"ENST00000637582","lncRNA"
"ENST00000637583","lncRNA"
"ENST00000637593","protein_coding_CDS_not_defined"
"ENST00000637618","protein_coding_CDS_not_defined"
"ENST00000637628","protein_coding_CDS_not_defined"
"ENST00000637629","lncRNA"
"ENST00000637637","protein_coding"
"ENST00000637663","protein_coding_CDS_not_defined"
"ENST00000637672","miRNA"
"ENST00000637675","unitary_pseudogene"
"ENST00000637694","protein_coding_CDS_not_defined"
"ENST00000637695","lncRNA"
"ENST00000637708","unprocessed_pseudogene"
"ENST00000637712","lncRNA"
"ENST00000637721","protein_coding_CDS_not_defined"
"ENST00000637736","protein_coding"
"ENST00000637744","lncRNA"
"ENST00000637757","unprocessed_pseudogene"
"ENST00000637761","snRNA"
"ENST00000637766","miRNA"
"ENST00000637776","lncRNA"
"ENST00000637778","nonsense_mediated_decay"
"ENST00000637785","lncRNA"
"ENST00000637794","transcribed_unitary_pseudogene"
"ENST00000637816","miRNA"
"ENST00000637830","protein_coding_CDS_not_defined"
"ENST00000637831","protein_coding_CDS_not_defined"
"ENST00000637834","processed_pseudogene"
"ENST00000637839","protein_coding_CDS_not_defined"
"ENST00000637847","lncRNA"
"ENST00000637865","lncRNA"
"ENST00000637875","protein_coding_CDS_not_defined"
"ENST00000637904","protein_coding"
"ENST00000637911","protein_coding_CDS_not_defined"
"ENST00000637924","lncRNA"
"ENST00000637932","miRNA"
"ENST00000637936","unprocessed_pseudogene"
"ENST00000637957","lncRNA"
"ENST00000637960","transcribed_unprocessed_pseudogene"
"ENST00000637961","lncRNA"
"ENST00000637975","protein_coding_CDS_not_defined"
"ENST00000637979","snRNA"
"ENST00000637986","protein_coding"
"ENST00000637993","protein_coding"
"ENST00000638039","lncRNA"
"ENST00000638054","protein_coding_CDS_not_defined"
"ENST00000638057","lncRNA"
"ENST00000638068","processed_pseudogene"
"ENST00000638070","lncRNA"
"ENST00000638102","protein_coding"
"ENST00000638107","rRNA"
"ENST00000638113","lncRNA"
"ENST00000638127","protein_coding_CDS_not_defined"
"ENST00000638145","protein_coding_CDS_not_defined"
"ENST00000638152","protein_coding_CDS_not_defined"
"ENST00000638160","protein_coding"
"ENST00000638193","protein_coding"
"ENST00000638214","protein_coding_CDS_not_defined"
"ENST00000638230","nonsense_mediated_decay"
"ENST00000638252","protein_coding"
"ENST00000638275","protein_coding"
"ENST00000638313","protein_coding"
"ENST00000638361","protein_coding_CDS_not_defined"
"ENST00000638484","nonsense_mediated_decay"
"ENST00000638500","lncRNA"
"ENST00000638512","protein_coding_CDS_not_defined"
"ENST00000638539","protein_coding"
"ENST00000638598","protein_coding"
"ENST00000638599","unprocessed_pseudogene"
"ENST00000638648","nonsense_mediated_decay"
"ENST00000638742","lncRNA"
"ENST00000638744","unprocessed_pseudogene"
"ENST00000638802","protein_coding"
"ENST00000638824","protein_coding_CDS_not_defined"
"ENST00000638861","unprocessed_pseudogene"
"ENST00000638888","protein_coding"
"ENST00000638904","nonsense_mediated_decay"
"ENST00000638940","nonsense_mediated_decay"
"ENST00000638962","retained_intron"
"ENST00000639011","lncRNA"
"ENST00000639054","retained_intron"
"ENST00000639079","protein_coding"
"ENST00000639081","protein_coding"
"ENST00000639086","lncRNA"
"ENST00000639090","protein_coding"
"ENST00000639097","protein_coding"
"ENST00000639147","protein_coding"
"ENST00000639181","lncRNA"
"ENST00000639187","processed_pseudogene"
"ENST00000639191","unprocessed_pseudogene"
"ENST00000639227","protein_coding_CDS_not_defined"
"ENST00000639246","lncRNA"
"ENST00000639256","processed_pseudogene"
"ENST00000639268","nonsense_mediated_decay"
"ENST00000639282","retained_intron"
"ENST00000639326","lncRNA"
"ENST00000639347","protein_coding"
"ENST00000639388","nonsense_mediated_decay"
"ENST00000639438","protein_coding"
"ENST00000639483","nonsense_mediated_decay"
"ENST00000639507","lncRNA"
"ENST00000639587","processed_pseudogene"
"ENST00000639625","retained_intron"
"ENST00000639628","protein_coding"
"ENST00000639643","IG_V_pseudogene"
"ENST00000639648","protein_coding_CDS_not_defined"
"ENST00000639693",NA
"ENST00000639802","unprocessed_pseudogene"
"ENST00000639838","nonsense_mediated_decay"
"ENST00000639868","unprocessed_pseudogene"
"ENST00000639869","retained_intron"
"ENST00000639870","lncRNA"
"ENST00000639873","protein_coding"
"ENST00000639880","nonsense_mediated_decay"
"ENST00000639965","lncRNA"
"ENST00000639968","nonsense_mediated_decay"
"ENST00000639977","retained_intron"
"ENST00000639979","protein_coding"
"ENST00000640003","lncRNA"
"ENST00000640007","protein_coding"
"ENST00000640020","protein_coding_CDS_not_defined"
"ENST00000640049","TEC"
"ENST00000640068","protein_coding"
"ENST00000640082","protein_coding_CDS_not_defined"
"ENST00000640117","protein_coding"
"ENST00000640187","nonsense_mediated_decay"
"ENST00000640295","nonsense_mediated_decay"
"ENST00000640357","nonsense_mediated_decay"
"ENST00000640362","lncRNA"
"ENST00000640386","nonsense_mediated_decay"
"ENST00000640395","unprocessed_pseudogene"
"ENST00000640491","lncRNA"
"ENST00000640515","retained_intron"
"ENST00000640523","protein_coding"
"ENST00000640525","retained_intron"
"ENST00000640544","protein_coding_CDS_not_defined"
"ENST00000640550","lncRNA"
"ENST00000640603","unprocessed_pseudogene"
"ENST00000640622","transcribed_unitary_pseudogene"
"ENST00000640626","protein_coding"
"ENST00000640739","retained_intron"
"ENST00000640749","IG_V_pseudogene"
"ENST00000640770","lncRNA"
"ENST00000640783","unprocessed_pseudogene"
"ENST00000640794","lncRNA"
"ENST00000640819","protein_coding_CDS_not_defined"
"ENST00000640831","lncRNA"
"ENST00000640874","unprocessed_pseudogene"
"ENST00000640906","protein_coding"
"ENST00000640945","lncRNA"
"ENST00000640980","protein_coding"
"ENST00000640996","nonsense_mediated_decay"
"ENST00000641015","protein_coding"
"ENST00000641021","unitary_pseudogene"
"ENST00000641025","nonsense_mediated_decay"
"ENST00000641026","lncRNA"
"ENST00000641031","protein_coding_LoF"
"ENST00000641035","lncRNA"
"ENST00000641038","unprocessed_pseudogene"
"ENST00000641039","protein_coding"
"ENST00000641040","protein_coding"
"ENST00000641042","protein_coding"
"ENST00000641053","lncRNA"
"ENST00000641065","lncRNA"
"ENST00000641071","protein_coding"
"ENST00000641076","protein_coding"
"ENST00000641079","lncRNA"
"ENST00000641084","transcribed_unitary_pseudogene"
"ENST00000641097","lncRNA"
"ENST00000641112","lncRNA"
"ENST00000641113","protein_coding"
"ENST00000641114","protein_coding"
"ENST00000641123","protein_coding"
"ENST00000641125","protein_coding"
"ENST00000641129","protein_coding"
"ENST00000641132","lncRNA"
"ENST00000641135","lncRNA"
"ENST00000641137","protein_coding"
"ENST00000641156","protein_coding"
"ENST00000641161","protein_coding"
"ENST00000641165","protein_coding_CDS_not_defined"
"ENST00000641168","lncRNA"
"ENST00000641172","protein_coding"
"ENST00000641173","lncRNA"
"ENST00000641176","lncRNA"
"ENST00000641177","lncRNA"
"ENST00000641181","protein_coding"
"ENST00000641185","protein_coding"
"ENST00000641187","lncRNA"
"ENST00000641192","lncRNA"
"ENST00000641193","protein_coding"
"ENST00000641200","protein_coding"
"ENST00000641201","retained_intron"
"ENST00000641202","protein_coding"
"ENST00000641222","lncRNA"
"ENST00000641229","lncRNA"
"ENST00000641232","lncRNA"
"ENST00000641240","protein_coding"
"ENST00000641241","lncRNA"
"ENST00000641244","protein_coding"
"ENST00000641246","protein_coding_LoF"
"ENST00000641249","lncRNA"
"ENST00000641254","lncRNA"
"ENST00000641256","protein_coding"
"ENST00000641257","lncRNA"
"ENST00000641270","protein_coding"
"ENST00000641279","protein_coding"
"ENST00000641286","lncRNA"
"ENST00000641291","protein_coding"
"ENST00000641302","lncRNA"
"ENST00000641310","protein_coding"
"ENST00000641311","protein_coding"
"ENST00000641318","protein_coding"
"ENST00000641327","lncRNA"
"ENST00000641337","transcribed_unitary_pseudogene"
"ENST00000641346","nonsense_mediated_decay"
"ENST00000641359","protein_coding"
"ENST00000641364","protein_coding"
"ENST00000641374","protein_coding"
"ENST00000641394","protein_coding"
"ENST00000641395","lncRNA"
"ENST00000641400","protein_coding"
"ENST00000641403","lncRNA"
"ENST00000641418","lncRNA"
"ENST00000641424","lncRNA"
"ENST00000641426","lncRNA"
"ENST00000641429","protein_coding"
"ENST00000641444","protein_coding"
"ENST00000641465","protein_coding_LoF"
"ENST00000641468","lncRNA"
"ENST00000641470","protein_coding"
"ENST00000641472","lncRNA"
"ENST00000641475","protein_coding_CDS_not_defined"
"ENST00000641483","lncRNA"
"ENST00000641490","protein_coding"
"ENST00000641492","protein_coding"
"ENST00000641503","protein_coding"
"ENST00000641504","protein_coding"
"ENST00000641519","lncRNA"
"ENST00000641521","protein_coding"
"ENST00000641524","protein_coding"
"ENST00000641526","protein_coding"
"ENST00000641528","protein_coding"
"ENST00000641534","lncRNA"
"ENST00000641540","protein_coding"
"ENST00000641541","protein_coding"
"ENST00000641545","protein_coding"
"ENST00000641546","protein_coding"
"ENST00000641559","protein_coding"
"ENST00000641569","protein_coding"
"ENST00000641576","protein_coding"
"ENST00000641581","protein_coding"
"ENST00000641582","retained_intron"
"ENST00000641585","protein_coding"
"ENST00000641599","protein_coding"
"ENST00000641604","lncRNA"
"ENST00000641606","lncRNA"
"ENST00000641610","transcribed_processed_pseudogene"
"ENST00000641612","lncRNA"
"ENST00000641622","protein_coding"
"ENST00000641631","lncRNA"
"ENST00000641632","lncRNA"
"ENST00000641633","protein_coding"
"ENST00000641644","protein_coding"
"ENST00000641657","protein_coding"
"ENST00000641661","protein_coding"
"ENST00000641662","protein_coding"
"ENST00000641664","protein_coding"
"ENST00000641665","protein_coding"
"ENST00000641668","protein_coding"
"ENST00000641672","protein_coding"
"ENST00000641680","lncRNA"
"ENST00000641681","lncRNA"
"ENST00000641688","protein_coding"
"ENST00000641689","protein_coding"
"ENST00000641707","protein_coding"
"ENST00000641710","protein_coding_LoF"
"ENST00000641712","lncRNA"
"ENST00000641717","protein_coding"
"ENST00000641732","protein_coding"
"ENST00000641735","lncRNA"
"ENST00000641736","lncRNA"
"ENST00000641749","lncRNA"
"ENST00000641764","transcribed_unitary_pseudogene"
"ENST00000641768","protein_coding"
"ENST00000641790","lncRNA"
"ENST00000641792","protein_coding"
"ENST00000641793","protein_coding"
"ENST00000641794","lncRNA"
"ENST00000641799","lncRNA"
"ENST00000641802","protein_coding"
"ENST00000641803","protein_coding"
"ENST00000641804","protein_coding"
"ENST00000641818","lncRNA"
"ENST00000641829","lncRNA"
"ENST00000641833","protein_coding"
"ENST00000641838","lncRNA"
"ENST00000641846","protein_coding"
"ENST00000641850","protein_coding"
"ENST00000641851","protein_coding"
"ENST00000641854","nonsense_mediated_decay"
"ENST00000641861","protein_coding"
"ENST00000641865","protein_coding"
"ENST00000641866","protein_coding"
"ENST00000641876","lncRNA"
"ENST00000641879","protein_coding"
"ENST00000641886","lncRNA"
"ENST00000641892","lncRNA"
"ENST00000641905","protein_coding"
"ENST00000641913","protein_coding"
"ENST00000641926","protein_coding"
"ENST00000641932","lncRNA"
"ENST00000641953","lncRNA"
"ENST00000641960","protein_coding"
"ENST00000641962","protein_coding"
"ENST00000641963","lncRNA"
"ENST00000641969","transcribed_unitary_pseudogene"
"ENST00000641972","protein_coding"
"ENST00000641977","lncRNA"
"ENST00000641984","lncRNA"
"ENST00000641992","protein_coding"
"ENST00000642005","protein_coding"
"ENST00000642016","transcribed_unprocessed_pseudogene"
"ENST00000642034","nonsense_mediated_decay"
"ENST00000642044","protein_coding"
"ENST00000642051","protein_coding"
"ENST00000642056","protein_coding_CDS_not_defined"
"ENST00000642057","protein_coding"
"ENST00000642058","protein_coding"
"ENST00000642064","protein_coding"
"ENST00000642075","lncRNA"
"ENST00000642082","retained_intron"
"ENST00000642090","protein_coding"
"ENST00000642097","protein_coding"
"ENST00000642104","protein_coding"
"ENST00000642108","protein_coding"
"ENST00000642119","protein_coding"
"ENST00000642125","protein_coding"
"ENST00000642133","lncRNA"
"ENST00000642149","lncRNA"
"ENST00000642165","lncRNA"
"ENST00000642186","nonsense_mediated_decay"
"ENST00000642279","unprocessed_pseudogene"
"ENST00000642304","protein_coding"
"ENST00000642327","lncRNA"
"ENST00000642343","protein_coding"
"ENST00000642367","lncRNA"
"ENST00000642381","lncRNA"
"ENST00000642407","lncRNA"
"ENST00000642419","protein_coding"
"ENST00000642430","retained_intron"
"ENST00000642441","protein_coding"
"ENST00000642442","protein_coding_CDS_not_defined"
"ENST00000642462","nonsense_mediated_decay"
"ENST00000642497","retained_intron"
"ENST00000642501","protein_coding"
"ENST00000642503","nonsense_mediated_decay"
"ENST00000642530","protein_coding_CDS_not_defined"
"ENST00000642554","lncRNA"
"ENST00000642559","lncRNA"
"ENST00000642566","protein_coding"
"ENST00000642569","lncRNA"
"ENST00000642573","transcribed_unprocessed_pseudogene"
"ENST00000642576","retained_intron"
"ENST00000642586","lncRNA"
"ENST00000642623","lncRNA"
"ENST00000642657","lncRNA"
"ENST00000642707","protein_coding"
"ENST00000642713","protein_coding"
"ENST00000642726","protein_coding"
"ENST00000642737","lncRNA"
"ENST00000642756","lncRNA"
"ENST00000642798","lncRNA"
"ENST00000642808","protein_coding_CDS_not_defined"
"ENST00000642835","protein_coding"
"ENST00000642864","protein_coding"
"ENST00000642933","protein_coding"
"ENST00000642946","lncRNA"
"ENST00000642958","lncRNA"
"ENST00000642964","transcribed_unitary_pseudogene"
"ENST00000642978","protein_coding"
"ENST00000643017","transcribed_unprocessed_pseudogene"
"ENST00000643052","retained_intron"
"ENST00000643061","retained_intron"
"ENST00000643072","protein_coding"
"ENST00000643157","protein_coding_CDS_not_defined"
"ENST00000643173","protein_coding"
"ENST00000643204","lncRNA"
"ENST00000643225","transcribed_unprocessed_pseudogene"
"ENST00000643259","lncRNA"
"ENST00000643267","unprocessed_pseudogene"
"ENST00000643272","protein_coding"
"ENST00000643306","lncRNA"
"ENST00000643375","protein_coding"
"ENST00000643385","protein_coding_CDS_not_defined"
"ENST00000643428","lncRNA"
"ENST00000643498","protein_coding"
"ENST00000643518","protein_coding_CDS_not_defined"
"ENST00000643522","protein_coding"
"ENST00000643529","protein_coding"
"ENST00000643541","protein_coding"
"ENST00000643604","protein_coding"
"ENST00000643624","protein_coding"
"ENST00000643648","lncRNA"
"ENST00000643656","lncRNA"
"ENST00000643667","lncRNA"
"ENST00000643692","protein_coding_CDS_not_defined"
"ENST00000643759","protein_coding"
"ENST00000643763","lncRNA"
"ENST00000643770","protein_coding"
"ENST00000643808","retained_intron"
"ENST00000643822","nonsense_mediated_decay"
"ENST00000643861","protein_coding"
"ENST00000643893","retained_intron"
"ENST00000643937","protein_coding_CDS_not_defined"
"ENST00000643958","nonsense_mediated_decay"
"ENST00000644084","lncRNA"
"ENST00000644169","lncRNA"
"ENST00000644174","lncRNA"
"ENST00000644206","retained_intron"
"ENST00000644219","protein_coding"
"ENST00000644232","nonsense_mediated_decay"
"ENST00000644246","lncRNA"
"ENST00000644248","lncRNA"
"ENST00000644253","protein_coding_CDS_not_defined"
"ENST00000644262","protein_coding_CDS_not_defined"
"ENST00000644274","lncRNA"
"ENST00000644283","protein_coding"
"ENST00000644288","protein_coding_CDS_not_defined"
"ENST00000644290","nonsense_mediated_decay"
"ENST00000644323","lncRNA"
"ENST00000644357","protein_coding"
"ENST00000644424","protein_coding_CDS_not_defined"
"ENST00000644443","retained_intron"
"ENST00000644465","lncRNA"
"ENST00000644502","lncRNA"
"ENST00000644515","nonsense_mediated_decay"
"ENST00000644556","protein_coding_CDS_not_defined"
"ENST00000644561","retained_intron"
"ENST00000644611","protein_coding"
"ENST00000644647","protein_coding_CDS_not_defined"
"ENST00000644669","lncRNA"
"ENST00000644680","nonsense_mediated_decay"
"ENST00000644706","TEC"
"ENST00000644741","lncRNA"
"ENST00000644754","retained_intron"
"ENST00000644778","lncRNA"
"ENST00000644805","lncRNA"
"ENST00000644807","protein_coding"
"ENST00000644817","retained_intron"
"ENST00000644859","protein_coding"
"ENST00000644880","protein_coding_CDS_not_defined"
"ENST00000644942","protein_coding"
"ENST00000644952","lncRNA"
"ENST00000644960","lncRNA"
"ENST00000644984","unprocessed_pseudogene"
"ENST00000644998","lncRNA"
"ENST00000645009","protein_coding"
"ENST00000645074","protein_coding"
"ENST00000645097","protein_coding"
"ENST00000645101","protein_coding"
"ENST00000645104","protein_coding"
"ENST00000645111","protein_coding_CDS_not_defined"
"ENST00000645196","lncRNA"
"ENST00000645207","retained_intron"
"ENST00000645242","protein_coding_CDS_not_defined"
"ENST00000645262","protein_coding"
"ENST00000645310","transcribed_unprocessed_pseudogene"
"ENST00000645375","protein_coding"
"ENST00000645383","lncRNA"
"ENST00000645400","nonsense_mediated_decay"
"ENST00000645416","lncRNA"
"ENST00000645432","lncRNA"
"ENST00000645462","protein_coding"
"ENST00000645544","retained_intron"
"ENST00000645557","lncRNA"
"ENST00000645574","retained_intron"
"ENST00000645620","protein_coding"
"ENST00000645650","protein_coding_CDS_not_defined"
"ENST00000645712","protein_coding_CDS_not_defined"
"ENST00000645725","protein_coding"
"ENST00000645745","lncRNA"
"ENST00000645754","lncRNA"
"ENST00000645776","protein_coding"
"ENST00000645796","lncRNA"
"ENST00000645812","retained_intron"
"ENST00000645823","transcribed_unitary_pseudogene"
"ENST00000645836","nonsense_mediated_decay"
"ENST00000645860","protein_coding"
"ENST00000645895","retained_intron"
"ENST00000645905","transcribed_unprocessed_pseudogene"
"ENST00000645914","lncRNA"
"ENST00000645966","protein_coding"
"ENST00000646012","protein_coding"
"ENST00000646106","nonsense_mediated_decay"
"ENST00000646109","protein_coding"
"ENST00000646120","protein_coding"
"ENST00000646155","protein_coding_CDS_not_defined"
"ENST00000646159","lncRNA"
"ENST00000646232","lncRNA"
"ENST00000646265","protein_coding"
"ENST00000646266","lncRNA"
"ENST00000646272","protein_coding"
"ENST00000646284","nonsense_mediated_decay"
"ENST00000646289","lncRNA"
"ENST00000646293","lncRNA"
"ENST00000646301","nonsense_mediated_decay"
"ENST00000646322","nonsense_mediated_decay"
"ENST00000646346","lncRNA"
"ENST00000646374","lncRNA"
"ENST00000646412","lncRNA"
"ENST00000646414","nonsense_mediated_decay"
"ENST00000646443","retained_intron"
"ENST00000646457","lncRNA"
"ENST00000646466","nonsense_mediated_decay"
"ENST00000646469","lncRNA"
"ENST00000646471","lncRNA"
"ENST00000646532","lncRNA"
"ENST00000646572","lncRNA"
"ENST00000646574","transcribed_processed_pseudogene"
"ENST00000646592","nonsense_mediated_decay"
"ENST00000646600","nonsense_mediated_decay"
"ENST00000646606","lncRNA"
"ENST00000646621","lncRNA"
"ENST00000646630","protein_coding"
"ENST00000646679","protein_coding"
"ENST00000646697","nonsense_mediated_decay"
"ENST00000646698","lncRNA"
"ENST00000646702","protein_coding"
"ENST00000646734","nonsense_mediated_decay"
"ENST00000646796","protein_coding"
"ENST00000646813","transcribed_unitary_pseudogene"
"ENST00000646834","nonsense_mediated_decay"
"ENST00000646856","nonsense_mediated_decay"
"ENST00000646895","lncRNA"
"ENST00000646922","lncRNA"
"ENST00000646939","protein_coding"
"ENST00000646942","protein_coding_CDS_not_defined"
"ENST00000646972","lncRNA"
"ENST00000646996","lncRNA"
"ENST00000647010","protein_coding"
"ENST00000647039","lncRNA"
"ENST00000647048","protein_coding"
"ENST00000647054","lncRNA"
"ENST00000647068","protein_coding_CDS_not_defined"
"ENST00000647094","lncRNA"
"ENST00000647110","protein_coding"
"ENST00000647111","lncRNA"
"ENST00000647139","protein_coding"
"ENST00000647195","lncRNA"
"ENST00000647213","protein_coding"
"ENST00000647237","protein_coding"
"ENST00000647239","protein_coding_CDS_not_defined"
"ENST00000647254","lncRNA"
"ENST00000647268","protein_coding"
"ENST00000647334","protein_coding"
"ENST00000647344",NA
"ENST00000647351","protein_coding"
"ENST00000647354","protein_coding_CDS_not_defined"
"ENST00000647364","lncRNA"
"ENST00000647399","lncRNA"
"ENST00000647422","protein_coding_CDS_not_defined"
"ENST00000647481","protein_coding"
"ENST00000647485","lncRNA"
"ENST00000647529","protein_coding"
"ENST00000647547","protein_coding"
"ENST00000647583","lncRNA"
"ENST00000647598","lncRNA"
"ENST00000647601","lncRNA"
"ENST00000647608","lncRNA"
"ENST00000647615","lncRNA"
"ENST00000647620","lncRNA"
"ENST00000647634","protein_coding"
"ENST00000647637","protein_coding"
"ENST00000647639","protein_coding_CDS_not_defined"
"ENST00000647646","lncRNA"
"ENST00000647660","lncRNA"
"ENST00000647677","lncRNA"
"ENST00000647690","lncRNA"
"ENST00000647706","lncRNA"
"ENST00000647715","protein_coding"
"ENST00000647732","lncRNA"
"ENST00000647736","lncRNA"
"ENST00000647740","lncRNA"
"ENST00000647770","retained_intron"
"ENST00000647772","lncRNA"
"ENST00000647791","lncRNA"
"ENST00000647804","lncRNA"
"ENST00000647840","lncRNA"
"ENST00000647848","protein_coding"
"ENST00000647867","lncRNA"
"ENST00000647872","lncRNA"
"ENST00000647878","lncRNA"
"ENST00000647913","lncRNA"
"ENST00000647920","nonsense_mediated_decay"
"ENST00000647922","lncRNA"
"ENST00000647939","lncRNA"
"ENST00000647940","lncRNA"
"ENST00000647942","lncRNA"
"ENST00000647943","lncRNA"
"ENST00000647964","protein_coding"
"ENST00000647999","lncRNA"
"ENST00000648005","protein_coding_CDS_not_defined"
"ENST00000648034","lncRNA"
"ENST00000648045","lncRNA"
"ENST00000648047","protein_coding"
"ENST00000648060","lncRNA"
"ENST00000648065","lncRNA"
"ENST00000648077","lncRNA"
"ENST00000648079","lncRNA"
"ENST00000648116","lncRNA"
"ENST00000648150","protein_coding_CDS_not_defined"
"ENST00000648154","lncRNA"
"ENST00000648159","protein_coding"
"ENST00000648178","lncRNA"
"ENST00000648184","lncRNA"
"ENST00000648202","lncRNA"
"ENST00000648214","lncRNA"
"ENST00000648226","processed_pseudogene"
"ENST00000648228","lncRNA"
"ENST00000648234","lncRNA"
"ENST00000648244","protein_coding"
"ENST00000648255","lncRNA"
"ENST00000648257","lncRNA"
"ENST00000648272","protein_coding"
"ENST00000648286","lncRNA"
"ENST00000648297","lncRNA"
"ENST00000648306","protein_coding"
"ENST00000648312","protein_coding_CDS_not_defined"
"ENST00000648321","nonsense_mediated_decay"
"ENST00000648324","nonsense_mediated_decay"
"ENST00000648357","lncRNA"
"ENST00000648364","protein_coding"
"ENST00000648366","protein_coding"
"ENST00000648393","lncRNA"
"ENST00000648396","lncRNA"
"ENST00000648414","nonsense_mediated_decay"
"ENST00000648428","lncRNA"
"ENST00000648447","lncRNA"
"ENST00000648470","lncRNA"
"ENST00000648492","lncRNA"
"ENST00000648509","protein_coding"
"ENST00000648511","protein_coding"
"ENST00000648518","lncRNA"
"ENST00000648524","lncRNA"
"ENST00000648574","lncRNA"
"ENST00000648593","protein_coding_CDS_not_defined"
"ENST00000648595","protein_coding"
"ENST00000648622","protein_coding"
"ENST00000648648","lncRNA"
"ENST00000648659","lncRNA"
"ENST00000648660","lncRNA"
"ENST00000648673","lncRNA"
"ENST00000648675","lncRNA"
"ENST00000648680","protein_coding"
"ENST00000648683","lncRNA"
"ENST00000648694","protein_coding"
"ENST00000648701","rRNA_pseudogene"
"ENST00000648708","protein_coding_CDS_not_defined"
"ENST00000648736","lncRNA"
"ENST00000648739","transcribed_unprocessed_pseudogene"
"ENST00000648747","lncRNA"
"ENST00000648748","protein_coding"
"ENST00000648766","protein_coding"
"ENST00000648788","lncRNA"
"ENST00000648838","lncRNA"
"ENST00000648875","protein_coding"
"ENST00000648877","protein_coding"
"ENST00000648879","lncRNA"
"ENST00000648903","lncRNA"
"ENST00000648979","lncRNA"
"ENST00000648985","lncRNA"
"ENST00000648988","lncRNA"
"ENST00000648992","lncRNA"
"ENST00000649006","protein_coding"
"ENST00000649017","lncRNA"
"ENST00000649020","protein_coding"
"ENST00000649021","retained_intron"
"ENST00000649026","lncRNA"
"ENST00000649028","protein_coding"
"ENST00000649031","protein_coding"
"ENST00000649037","lncRNA"
"ENST00000649043","lncRNA"
"ENST00000649048","lncRNA"
"ENST00000649049","lncRNA"
"ENST00000649072","lncRNA"
"ENST00000649085","lncRNA"
"ENST00000649088","lncRNA"
"ENST00000649090","lncRNA"
"ENST00000649091","protein_coding"
"ENST00000649128","lncRNA"
"ENST00000649130","protein_coding"
"ENST00000649150","lncRNA"
"ENST00000649157","lncRNA"
"ENST00000649159","lncRNA"
"ENST00000649180","rRNA_pseudogene"
"ENST00000649189","lncRNA"
"ENST00000649225","protein_coding"
"ENST00000649233","protein_coding"
"ENST00000649239","lncRNA"
"ENST00000649240","lncRNA"
"ENST00000649257","lncRNA"
"ENST00000649262","lncRNA"
"ENST00000649265","lncRNA"
"ENST00000649282","protein_coding"
"ENST00000649298","lncRNA"
"ENST00000649347","lncRNA"
"ENST00000649382","protein_coding"
"ENST00000649394","lncRNA"
"ENST00000649395","unprocessed_pseudogene"
"ENST00000649397","lncRNA"
"ENST00000649411","lncRNA"
"ENST00000649412","lncRNA"
"ENST00000649428","protein_coding"
"ENST00000649448","protein_coding"
"ENST00000649460","lncRNA"
"ENST00000649482","lncRNA"
"ENST00000649514","retained_intron"
"ENST00000649544","lncRNA"
"ENST00000649561","lncRNA"
"ENST00000649565","lncRNA"
"ENST00000649652","lncRNA"
"ENST00000649680","protein_coding"
"ENST00000649686","protein_coding_CDS_not_defined"
"ENST00000649725","lncRNA"
"ENST00000649735","protein_coding"
"ENST00000649744","protein_coding_CDS_not_defined"
"ENST00000649821","lncRNA"
"ENST00000649850","nonsense_mediated_decay"
"ENST00000649860","lncRNA"
"ENST00000649875","lncRNA"
"ENST00000649890","lncRNA"
"ENST00000649912","protein_coding"
"ENST00000649938","lncRNA"
"ENST00000649950","lncRNA"
"ENST00000649970","protein_coding"
"ENST00000649971","protein_coding"
"ENST00000649972","retained_intron"
"ENST00000649974","lncRNA"
"ENST00000650036","lncRNA"
"ENST00000650048","protein_coding"
"ENST00000650054","lncRNA"
"ENST00000650059","lncRNA"
"ENST00000650076","protein_coding"
"ENST00000650080","lncRNA"
"ENST00000650083","lncRNA"
"ENST00000650093","lncRNA"
"ENST00000650107","protein_coding"
"ENST00000650130","protein_coding"
"ENST00000650140","lncRNA"
"ENST00000650159","lncRNA"
"ENST00000650160","lncRNA"
"ENST00000650175","lncRNA"
"ENST00000650186","lncRNA"
"ENST00000650196","lncRNA"
"ENST00000650211","lncRNA"
"ENST00000650242","protein_coding"
"ENST00000650258","lncRNA"
"ENST00000650265","protein_coding"
"ENST00000650277","protein_coding"
"ENST00000650304","lncRNA"
"ENST00000650328","lncRNA"
"ENST00000650342","lncRNA"
"ENST00000650343","lncRNA"
"ENST00000650364","lncRNA"
"ENST00000650385","protein_coding"
"ENST00000650395","lncRNA"
"ENST00000650403","nonsense_mediated_decay"
"ENST00000650410","lncRNA"
"ENST00000650439","lncRNA"
"ENST00000650470","lncRNA"
"ENST00000650499","lncRNA"
"ENST00000650519","lncRNA"
"ENST00000650525","lncRNA"
"ENST00000650527","lncRNA"
"ENST00000650579","lncRNA"
"ENST00000650586","lncRNA"
"ENST00000650594","lncRNA"
"ENST00000650600","lncRNA"
"ENST00000650607","lncRNA"
"ENST00000650608","lncRNA"
"ENST00000650619","lncRNA"
"ENST00000650621",NA
"ENST00000650632","protein_coding"
"ENST00000650654","lncRNA"
"ENST00000650722","protein_coding"
"ENST00000650728","protein_coding"
"ENST00000650729","lncRNA"
"ENST00000650783","lncRNA"
"ENST00000650789","lncRNA"
"ENST00000650817","protein_coding"
"ENST00000650825","lncRNA"
"ENST00000650830","lncRNA"
"ENST00000650838","lncRNA"
"ENST00000650852","protein_coding"
"ENST00000650863","lncRNA"
"ENST00000650869","lncRNA"
"ENST00000650895","lncRNA"
"ENST00000650896","lncRNA"
"ENST00000650908","lncRNA"
"ENST00000650920","protein_coding"
"ENST00000650956","lncRNA"
"ENST00000650965","lncRNA"
"ENST00000650972","lncRNA"
"ENST00000650974","lncRNA"
"ENST00000650975","lncRNA"
"ENST00000650982","lncRNA"
"ENST00000650987","nonsense_mediated_decay"
"ENST00000650990","protein_coding"
"ENST00000650999","protein_coding"
"ENST00000651000","lncRNA"
"ENST00000651009","lncRNA"
"ENST00000651047","lncRNA"
"ENST00000651053","protein_coding_CDS_not_defined"
"ENST00000651074","lncRNA"
"ENST00000651107","lncRNA"
"ENST00000651108","transcribed_unprocessed_pseudogene"
"ENST00000651116","lncRNA"
"ENST00000651120","lncRNA"
"ENST00000651134","lncRNA"
"ENST00000651142","lncRNA"
"ENST00000651146","nonsense_mediated_decay"
"ENST00000651190","lncRNA"
"ENST00000651191","lncRNA"
"ENST00000651200","protein_coding"
"ENST00000651217","retained_intron"
"ENST00000651218","lncRNA"
"ENST00000651220","lncRNA"
"ENST00000651223","lncRNA"
"ENST00000651224","lncRNA"
"ENST00000651236","lncRNA"
"ENST00000651245","protein_coding"
"ENST00000651248","retained_intron"
"ENST00000651308","lncRNA"
"ENST00000651314","nonsense_mediated_decay"
"ENST00000651320","protein_coding"
"ENST00000651326","lncRNA"
"ENST00000651343","lncRNA"
"ENST00000651384","lncRNA"
"ENST00000651389","lncRNA"
"ENST00000651398","retained_intron"
"ENST00000651399","lncRNA"
"ENST00000651424","lncRNA"
"ENST00000651426","lncRNA"
"ENST00000651467","protein_coding"
"ENST00000651493","lncRNA"
"ENST00000651514","protein_coding"
"ENST00000651527","lncRNA"
"ENST00000651548","lncRNA"
"ENST00000651553","lncRNA"
"ENST00000651581","lncRNA"
"ENST00000651585","lncRNA"
"ENST00000651605","protein_coding_CDS_not_defined"
"ENST00000651621","lncRNA"
"ENST00000651625","lncRNA"
"ENST00000651626","protein_coding"
"ENST00000651637","lncRNA"
"ENST00000651654","lncRNA"
"ENST00000651655","protein_coding"
"ENST00000651662","lncRNA"
"ENST00000651680","lncRNA"
"ENST00000651712","lncRNA"
"ENST00000651730","lncRNA"
"ENST00000651752","retained_intron"
"ENST00000651804","lncRNA"
"ENST00000651810","lncRNA"
"ENST00000651813","lncRNA"
"ENST00000651822","lncRNA"
"ENST00000651827","protein_coding"
"ENST00000651831","protein_coding_CDS_not_defined"
"ENST00000651842","protein_coding"
"ENST00000651843","lncRNA"
"ENST00000651869","lncRNA"
"ENST00000651884","lncRNA"
"ENST00000651887","lncRNA"
"ENST00000651900","lncRNA"
"ENST00000651910","lncRNA"
"ENST00000651914","lncRNA"
"ENST00000651922","retained_intron"
"ENST00000651930","lncRNA"
"ENST00000651956","lncRNA"
"ENST00000651973","snRNA"
"ENST00000651975","protein_coding"
"ENST00000651987","lncRNA"
"ENST00000652009","lncRNA"
"ENST00000652011","protein_coding"
"ENST00000652014","lncRNA"
"ENST00000652023","protein_coding_CDS_not_defined"
"ENST00000652034","lncRNA"
"ENST00000652047","protein_coding"
"ENST00000652062","lncRNA"
"ENST00000652065","lncRNA"
"ENST00000652072","lncRNA"
"ENST00000652076","lncRNA"
"ENST00000652078","lncRNA"
"ENST00000652080","lncRNA"
"ENST00000652090","protein_coding"
"ENST00000652113","lncRNA"
"ENST00000652133","lncRNA"
"ENST00000652137","lncRNA"
"ENST00000652143","protein_coding"
"ENST00000652145","lncRNA"
"ENST00000652149","lncRNA"
"ENST00000652156","protein_coding"
"ENST00000652174","lncRNA"
"ENST00000652190","lncRNA"
"ENST00000652199","lncRNA"
"ENST00000652206","lncRNA"
"ENST00000652211","lncRNA"
"ENST00000652220","TEC"
"ENST00000652237","retained_intron"
"ENST00000652251","lncRNA"
"ENST00000652254","lncRNA"
"ENST00000652269","protein_coding"
"ENST00000652294","protein_coding"
"ENST00000652297","nonsense_mediated_decay"
"ENST00000652341","lncRNA"
"ENST00000652357","nonsense_mediated_decay"
"ENST00000652359","lncRNA"
"ENST00000652372","nonsense_mediated_decay"
"ENST00000652379","lncRNA"
"ENST00000652384","lncRNA"
"ENST00000652387","protein_coding_CDS_not_defined"
"ENST00000652394","lncRNA"
"ENST00000652420","lncRNA"
"ENST00000652423","nonsense_mediated_decay"
"ENST00000652430","lncRNA"
"ENST00000652446","protein_coding"
"ENST00000652451","lncRNA"
"ENST00000652494","nonsense_mediated_decay"
"ENST00000652512","lncRNA"
"ENST00000652517","lncRNA"
"ENST00000652527","lncRNA"
"ENST00000652546","lncRNA"
"ENST00000652556","lncRNA"
"ENST00000652571","nonsense_mediated_decay"
"ENST00000652579","protein_coding_CDS_not_defined"
"ENST00000652597","lncRNA"
"ENST00000652611","lncRNA"
"ENST00000652628","lncRNA"
"ENST00000652634","lncRNA"
"ENST00000652652","lncRNA"
"ENST00000652659","lncRNA"
"ENST00000652678","protein_coding"
"ENST00000652687","lncRNA"
"ENST00000652710","lncRNA"
"ENST00000652711","lncRNA"
"ENST00000652750","lncRNA"
"ENST00000652774","lncRNA"
"ENST00000652797","lncRNA"
"ENST00000652802","lncRNA"
"ENST00000652803","lncRNA"
"ENST00000652805","lncRNA"
"ENST00000652821","lncRNA"
"ENST00000652835","lncRNA"
"ENST00000652842","lncRNA"
"ENST00000652857","lncRNA"
"ENST00000652858","lncRNA"
"ENST00000652859","lncRNA"
"ENST00000652864","lncRNA"
"ENST00000652873","lncRNA"
"ENST00000652875","lncRNA"
"ENST00000652881","lncRNA"
"ENST00000652885","lncRNA"
"ENST00000652932","lncRNA"
"ENST00000652939","lncRNA"
"ENST00000652941","lncRNA"
"ENST00000652945","lncRNA"
"ENST00000652960","lncRNA"
"ENST00000652962","lncRNA"
"ENST00000652964","lncRNA"
"ENST00000652987","lncRNA"
"ENST00000652989","lncRNA"
"ENST00000652992","lncRNA"
"ENST00000652999","lncRNA"
"ENST00000653001","lncRNA"
"ENST00000653015","lncRNA"
"ENST00000653017","lncRNA"
"ENST00000653027","lncRNA"
"ENST00000653038","lncRNA"
"ENST00000653071","lncRNA"
"ENST00000653075","lncRNA"
"ENST00000653085","lncRNA"
"ENST00000653086","lncRNA"
"ENST00000653101","lncRNA"
"ENST00000653108","lncRNA"
"ENST00000653109","lncRNA"
"ENST00000653131","lncRNA"
"ENST00000653138","lncRNA"
"ENST00000653141","lncRNA"
"ENST00000653146","lncRNA"
"ENST00000653153","lncRNA"
"ENST00000653173","lncRNA"
"ENST00000653180","lncRNA"
"ENST00000653194","lncRNA"
"ENST00000653201","lncRNA"
"ENST00000653218","lncRNA"
"ENST00000653231","lncRNA"
"ENST00000653244","lncRNA"
"ENST00000653260","lncRNA"
"ENST00000653293","lncRNA"
"ENST00000653295","lncRNA"
"ENST00000653299","lncRNA"
"ENST00000653301","lncRNA"
"ENST00000653307","lncRNA"
"ENST00000653309","lncRNA"
"ENST00000653315","lncRNA"
"ENST00000653328","lncRNA"
"ENST00000653339","lncRNA"
"ENST00000653341","lncRNA"
"ENST00000653356","lncRNA"
"ENST00000653357","lncRNA"
"ENST00000653374","lncRNA"
"ENST00000653377","lncRNA"
"ENST00000653402","lncRNA"
"ENST00000653413","lncRNA"
"ENST00000653415","lncRNA"
"ENST00000653435","lncRNA"
"ENST00000653439","lncRNA"
"ENST00000653467","lncRNA"
"ENST00000653473","lncRNA"
"ENST00000653480","lncRNA"
"ENST00000653525","lncRNA"
"ENST00000653528","lncRNA"
"ENST00000653539","lncRNA"
"ENST00000653548","lncRNA"
"ENST00000653556","lncRNA"
"ENST00000653563","lncRNA"
"ENST00000653564","lncRNA"
"ENST00000653569","lncRNA"
"ENST00000653586","lncRNA"
"ENST00000653600","lncRNA"
"ENST00000653604","lncRNA"
"ENST00000653609","lncRNA"
"ENST00000653614","lncRNA"
"ENST00000653616","lncRNA"
"ENST00000653619","lncRNA"
"ENST00000653625","lncRNA"
"ENST00000653632","lncRNA"
"ENST00000653637","lncRNA"
"ENST00000653668","protein_coding"
"ENST00000653669","lncRNA"
"ENST00000653678","lncRNA"
"ENST00000653687","lncRNA"
"ENST00000653700","lncRNA"
"ENST00000653752","lncRNA"
"ENST00000653761","lncRNA"
"ENST00000653765","lncRNA"
"ENST00000653768","lncRNA"
"ENST00000653772","lncRNA"
"ENST00000653773","lncRNA"
"ENST00000653775","lncRNA"
"ENST00000653785","lncRNA"
"ENST00000653801","lncRNA"
"ENST00000653805","lncRNA"
"ENST00000653820","lncRNA"
"ENST00000653821","lncRNA"
"ENST00000653837","lncRNA"
"ENST00000653838","lncRNA"
"ENST00000653843","lncRNA"
"ENST00000653855","lncRNA"
"ENST00000653871","lncRNA"
"ENST00000653875","lncRNA"
"ENST00000653881","lncRNA"
"ENST00000653883","lncRNA"
"ENST00000653901","lncRNA"
"ENST00000653913","lncRNA"
"ENST00000653917","nonsense_mediated_decay"
"ENST00000653924","lncRNA"
"ENST00000653937","lncRNA"
"ENST00000653984","lncRNA"
"ENST00000653992","lncRNA"
"ENST00000654002","lncRNA"
"ENST00000654009","lncRNA"
"ENST00000654019","lncRNA"
"ENST00000654027","lncRNA"
"ENST00000654041","lncRNA"
"ENST00000654044","lncRNA"
"ENST00000654057","lncRNA"
"ENST00000654060","lncRNA"
"ENST00000654061","lncRNA"
"ENST00000654062","lncRNA"
"ENST00000654084","lncRNA"
"ENST00000654100","lncRNA"
"ENST00000654112","lncRNA"
"ENST00000654124","lncRNA"
"ENST00000654126","lncRNA"
"ENST00000654132","lncRNA"
"ENST00000654158","lncRNA"
"ENST00000654161","lncRNA"
"ENST00000654169","lncRNA"
"ENST00000654175","lncRNA"
"ENST00000654185","lncRNA"
"ENST00000654188","lncRNA"
"ENST00000654201","lncRNA"
"ENST00000654202","lncRNA"
"ENST00000654206","lncRNA"
"ENST00000654212","lncRNA"
"ENST00000654219","lncRNA"
"ENST00000654220","lncRNA"
"ENST00000654225","lncRNA"
"ENST00000654252","lncRNA"
"ENST00000654261","lncRNA"
"ENST00000654293","lncRNA"
"ENST00000654297","lncRNA"
"ENST00000654302","lncRNA"
"ENST00000654304","lncRNA"
"ENST00000654308","lncRNA"
"ENST00000654324","lncRNA"
"ENST00000654327","lncRNA"
"ENST00000654330","lncRNA"
"ENST00000654346","lncRNA"
"ENST00000654347","lncRNA"
"ENST00000654357","lncRNA"
"ENST00000654367","lncRNA"
"ENST00000654368","lncRNA"
"ENST00000654369","lncRNA"
"ENST00000654398","lncRNA"
"ENST00000654399","lncRNA"
"ENST00000654404","lncRNA"
"ENST00000654412","lncRNA"
"ENST00000654415","lncRNA"
"ENST00000654418","lncRNA"
"ENST00000654419","lncRNA"
"ENST00000654420","lncRNA"
"ENST00000654430","lncRNA"
"ENST00000654435","lncRNA"
"ENST00000654444","lncRNA"
"ENST00000654447","lncRNA"
"ENST00000654449","lncRNA"
"ENST00000654452","lncRNA"
"ENST00000654461","lncRNA"
"ENST00000654467","lncRNA"
"ENST00000654468","lncRNA"
"ENST00000654488","lncRNA"
"ENST00000654491","lncRNA"
"ENST00000654502","protein_coding_CDS_not_defined"
"ENST00000654510","lncRNA"
"ENST00000654513","lncRNA"
"ENST00000654522","lncRNA"
"ENST00000654523","lncRNA"
"ENST00000654524","lncRNA"
"ENST00000654527","lncRNA"
"ENST00000654529","lncRNA"
"ENST00000654546","lncRNA"
"ENST00000654547","lncRNA"
"ENST00000654565","lncRNA"
"ENST00000654566","lncRNA"
"ENST00000654578","lncRNA"
"ENST00000654585","lncRNA"
"ENST00000654586","lncRNA"
"ENST00000654599","lncRNA"
"ENST00000654612","lncRNA"
"ENST00000654641","lncRNA"
"ENST00000654651","lncRNA"
"ENST00000654659","lncRNA"
"ENST00000654663","lncRNA"
"ENST00000654670","lncRNA"
"ENST00000654674","lncRNA"
"ENST00000654685","lncRNA"
"ENST00000654686","lncRNA"
"ENST00000654697","lncRNA"
"ENST00000654698","lncRNA"
"ENST00000654705","lncRNA"
"ENST00000654711","lncRNA"
"ENST00000654718","lncRNA"
"ENST00000654747","lncRNA"
"ENST00000654749","lncRNA"
"ENST00000654754","lncRNA"
"ENST00000654755","lncRNA"
"ENST00000654765","lncRNA"
"ENST00000654771","lncRNA"
"ENST00000654786","lncRNA"
"ENST00000654804","lncRNA"
"ENST00000654808","lncRNA"
"ENST00000654823","lncRNA"
"ENST00000654844","lncRNA"
"ENST00000654874","lncRNA"
"ENST00000654876","lncRNA"
"ENST00000654884","lncRNA"
"ENST00000654899","lncRNA"
"ENST00000654937","lncRNA"
"ENST00000654946","lncRNA"
"ENST00000654949","lncRNA"
"ENST00000654952","lncRNA"
"ENST00000654953","lncRNA"
"ENST00000654955","lncRNA"
"ENST00000654959","lncRNA"
"ENST00000654963","lncRNA"
"ENST00000654974","lncRNA"
"ENST00000654977","lncRNA"
"ENST00000654980","lncRNA"
"ENST00000654986","lncRNA"
"ENST00000654996","lncRNA"
"ENST00000655006","lncRNA"
"ENST00000655034","lncRNA"
"ENST00000655041","lncRNA"
"ENST00000655042","lncRNA"
"ENST00000655056","lncRNA"
"ENST00000655067","lncRNA"
"ENST00000655079","lncRNA"
"ENST00000655081","lncRNA"
"ENST00000655084","lncRNA"
"ENST00000655088","lncRNA"
"ENST00000655091","lncRNA"
"ENST00000655102","lncRNA"
"ENST00000655103","lncRNA"
"ENST00000655106","lncRNA"
"ENST00000655119","lncRNA"
"ENST00000655122","lncRNA"
"ENST00000655130","lncRNA"
"ENST00000655167","lncRNA"
"ENST00000655179","lncRNA"
"ENST00000655182","lncRNA"
"ENST00000655203","lncRNA"
"ENST00000655208","lncRNA"
"ENST00000655209","lncRNA"
"ENST00000655240","lncRNA"
"ENST00000655248","lncRNA"
"ENST00000655253","lncRNA"
"ENST00000655256","lncRNA"
"ENST00000655294","lncRNA"
"ENST00000655297","lncRNA"
"ENST00000655312","lncRNA"
"ENST00000655336","lncRNA"
"ENST00000655345","lncRNA"
"ENST00000655348","lncRNA"
"ENST00000655356","lncRNA"
"ENST00000655359","lncRNA"
"ENST00000655363","lncRNA"
"ENST00000655394","lncRNA"
"ENST00000655417","lncRNA"
"ENST00000655426","lncRNA"
"ENST00000655428","lncRNA"
"ENST00000655429","lncRNA"
"ENST00000655430","lncRNA"
"ENST00000655435","lncRNA"
"ENST00000655440","lncRNA"
"ENST00000655449","lncRNA"
"ENST00000655452","lncRNA"
"ENST00000655453","lncRNA"
"ENST00000655457","lncRNA"
"ENST00000655458","lncRNA"
"ENST00000655463","lncRNA"
"ENST00000655472","lncRNA"
"ENST00000655479","lncRNA"
"ENST00000655484","lncRNA"
"ENST00000655496","lncRNA"
"ENST00000655503","lncRNA"
"ENST00000655506","lncRNA"
"ENST00000655537","lncRNA"
"ENST00000655541","lncRNA"
"ENST00000655545","lncRNA"
"ENST00000655546","lncRNA"
"ENST00000655549","lncRNA"
"ENST00000655553","lncRNA"
"ENST00000655555","lncRNA"
"ENST00000655556","nonsense_mediated_decay"
"ENST00000655574","lncRNA"
"ENST00000655588","lncRNA"
"ENST00000655592","lncRNA"
"ENST00000655611","lncRNA"
"ENST00000655624","lncRNA"
"ENST00000655626","lncRNA"
"ENST00000655627","lncRNA"
"ENST00000655652","lncRNA"
"ENST00000655670","lncRNA"
"ENST00000655678","lncRNA"
"ENST00000655680","lncRNA"
"ENST00000655688","lncRNA"
"ENST00000655691","lncRNA"
"ENST00000655693","lncRNA"
"ENST00000655721","lncRNA"
"ENST00000655722","lncRNA"
"ENST00000655726","lncRNA"
"ENST00000655733","lncRNA"
"ENST00000655753","lncRNA"
"ENST00000655754","lncRNA"
"ENST00000655755","lncRNA"
"ENST00000655763","lncRNA"
"ENST00000655767","lncRNA"
"ENST00000655779","lncRNA"
"ENST00000655781","lncRNA"
"ENST00000655786","lncRNA"
"ENST00000655790","lncRNA"
"ENST00000655792","lncRNA"
"ENST00000655799","lncRNA"
"ENST00000655841","lncRNA"
"ENST00000655846","lncRNA"
"ENST00000655861","lncRNA"
"ENST00000655867","lncRNA"
"ENST00000655896","lncRNA"
"ENST00000655897","lncRNA"
"ENST00000655904","lncRNA"
"ENST00000655906","lncRNA"
"ENST00000655920","lncRNA"
"ENST00000655928","lncRNA"
"ENST00000655931","lncRNA"
"ENST00000655950","lncRNA"
"ENST00000655959","lncRNA"
"ENST00000655964","lncRNA"
"ENST00000655973","lncRNA"
"ENST00000655977","lncRNA"
"ENST00000655990","lncRNA"
"ENST00000655998","lncRNA"
"ENST00000656010","lncRNA"
"ENST00000656028","lncRNA"
"ENST00000656034","lncRNA"
"ENST00000656044","lncRNA"
"ENST00000656045","lncRNA"
"ENST00000656048","lncRNA"
"ENST00000656049","lncRNA"
"ENST00000656063","lncRNA"
"ENST00000656065","lncRNA"
"ENST00000656088","lncRNA"
"ENST00000656136","lncRNA"
"ENST00000656139","lncRNA"
"ENST00000656166","lncRNA"
"ENST00000656181","lncRNA"
"ENST00000656211","lncRNA"
"ENST00000656219","lncRNA"
"ENST00000656226","lncRNA"
"ENST00000656228","lncRNA"
"ENST00000656239","lncRNA"
"ENST00000656250","lncRNA"
"ENST00000656256","lncRNA"
"ENST00000656272","lncRNA"
"ENST00000656273","lncRNA"
"ENST00000656287","unprocessed_pseudogene"
"ENST00000656325","lncRNA"
"ENST00000656332","lncRNA"
"ENST00000656338","lncRNA"
"ENST00000656350","lncRNA"
"ENST00000656361","lncRNA"
"ENST00000656369","lncRNA"
"ENST00000656376","lncRNA"
"ENST00000656386","lncRNA"
"ENST00000656387","lncRNA"
"ENST00000656418","lncRNA"
"ENST00000656444","lncRNA"
"ENST00000656450","lncRNA"
"ENST00000656453","lncRNA"
"ENST00000656454","lncRNA"
"ENST00000656461","lncRNA"
"ENST00000656464","lncRNA"
"ENST00000656466","lncRNA"
"ENST00000656508","lncRNA"
"ENST00000656519","lncRNA"
"ENST00000656521","lncRNA"
"ENST00000656536","lncRNA"
"ENST00000656542","lncRNA"
"ENST00000656545","lncRNA"
"ENST00000656546","lncRNA"
"ENST00000656547","lncRNA"
"ENST00000656552","lncRNA"
"ENST00000656553","lncRNA"
"ENST00000656564","lncRNA"
"ENST00000656597","lncRNA"
"ENST00000656605","lncRNA"
"ENST00000656614","lncRNA"
"ENST00000656620","lncRNA"
"ENST00000656631","transcribed_unprocessed_pseudogene"
"ENST00000656633","lncRNA"
"ENST00000656650","lncRNA"
"ENST00000656657","lncRNA"
"ENST00000656667","lncRNA"
"ENST00000656669","lncRNA"
"ENST00000656677","lncRNA"
"ENST00000656679","lncRNA"
"ENST00000656687","lncRNA"
"ENST00000656702","lncRNA"
"ENST00000656703","lncRNA"
"ENST00000656711","lncRNA"
"ENST00000656714","lncRNA"
"ENST00000656734","lncRNA"
"ENST00000656735","lncRNA"
"ENST00000656747",NA
"ENST00000656758","lncRNA"
"ENST00000656772","lncRNA"
"ENST00000656775","lncRNA"
"ENST00000656785","lncRNA"
"ENST00000656788","lncRNA"
"ENST00000656794","lncRNA"
"ENST00000656795","lncRNA"
"ENST00000656796","lncRNA"
"ENST00000656811","lncRNA"
"ENST00000656819","lncRNA"
"ENST00000656822","lncRNA"
"ENST00000656823","lncRNA"
"ENST00000656831","lncRNA"
"ENST00000656843","lncRNA"
"ENST00000656857","lncRNA"
"ENST00000656880","lncRNA"
"ENST00000656885","lncRNA"
"ENST00000656899","lncRNA"
"ENST00000656930","lncRNA"
"ENST00000656956","lncRNA"
"ENST00000656971","lncRNA"
"ENST00000656988","lncRNA"
"ENST00000656991","lncRNA"
"ENST00000656998","nonsense_mediated_decay"
"ENST00000657004","lncRNA"
"ENST00000657015","lncRNA"
"ENST00000657016","lncRNA"
"ENST00000657018","lncRNA"
"ENST00000657021","lncRNA"
"ENST00000657067","lncRNA"
"ENST00000657075","lncRNA"
"ENST00000657079","lncRNA"
"ENST00000657106","lncRNA"
"ENST00000657131","lncRNA"
"ENST00000657134","lncRNA"
"ENST00000657135","lncRNA"
"ENST00000657136","lncRNA"
"ENST00000657138","lncRNA"
"ENST00000657140","retained_intron"
"ENST00000657152","lncRNA"
"ENST00000657154","lncRNA"
"ENST00000657155","lncRNA"
"ENST00000657177","lncRNA"
"ENST00000657180","lncRNA"
"ENST00000657186","lncRNA"
"ENST00000657188","lncRNA"
"ENST00000657201","lncRNA"
"ENST00000657204","lncRNA"
"ENST00000657207","lncRNA"
"ENST00000657209","lncRNA"
"ENST00000657217","lncRNA"
"ENST00000657221","unprocessed_pseudogene"
"ENST00000657233","lncRNA"
"ENST00000657236","lncRNA"
"ENST00000657252","lncRNA"
"ENST00000657265","lncRNA"
"ENST00000657287","lncRNA"
"ENST00000657292","lncRNA"
"ENST00000657298","lncRNA"
"ENST00000657299","lncRNA"
"ENST00000657304","lncRNA"
"ENST00000657309","lncRNA"
"ENST00000657311","lncRNA"
"ENST00000657323","lncRNA"
"ENST00000657338","lncRNA"
"ENST00000657373","lncRNA"
"ENST00000657375","lncRNA"
"ENST00000657380","lncRNA"
"ENST00000657383","lncRNA"
"ENST00000657385","lncRNA"
"ENST00000657386","lncRNA"
"ENST00000657390","lncRNA"
"ENST00000657405","lncRNA"
"ENST00000657416","lncRNA"
"ENST00000657423","lncRNA"
"ENST00000657440","lncRNA"
"ENST00000657450","lncRNA"
"ENST00000657469","lncRNA"
"ENST00000657472","lncRNA"
"ENST00000657477","lncRNA"
"ENST00000657479","lncRNA"
"ENST00000657481","lncRNA"
"ENST00000657507","lncRNA"
"ENST00000657522","lncRNA"
"ENST00000657524","lncRNA"
"ENST00000657531","lncRNA"
"ENST00000657534","lncRNA"
"ENST00000657540","lncRNA"
"ENST00000657541","lncRNA"
"ENST00000657549","lncRNA"
"ENST00000657555","lncRNA"
"ENST00000657562","lncRNA"
"ENST00000657574","lncRNA"
"ENST00000657584","lncRNA"
"ENST00000657591","lncRNA"
"ENST00000657610","lncRNA"
"ENST00000657613","lncRNA"
"ENST00000657618","lncRNA"
"ENST00000657634","lncRNA"
"ENST00000657636","lncRNA"
"ENST00000657641","lncRNA"
"ENST00000657656","lncRNA"
"ENST00000657669","lncRNA"
"ENST00000657724","lncRNA"
"ENST00000657730","lncRNA"
"ENST00000657732","lncRNA"
"ENST00000657739","lncRNA"
"ENST00000657755","lncRNA"
"ENST00000657774","lncRNA"
"ENST00000657788","lncRNA"
"ENST00000657795","lncRNA"
"ENST00000657804","lncRNA"
"ENST00000657811","lncRNA"
"ENST00000657814","lncRNA"
"ENST00000657823","lncRNA"
"ENST00000657829","lncRNA"
"ENST00000657836","lncRNA"
"ENST00000657868","lncRNA"
"ENST00000657875","lncRNA"
"ENST00000657908","lncRNA"
"ENST00000657913","lncRNA"
"ENST00000657918","lncRNA"
"ENST00000657919","lncRNA"
"ENST00000657926","lncRNA"
"ENST00000657929","lncRNA"
"ENST00000657930","lncRNA"
"ENST00000657933","lncRNA"
"ENST00000657948","lncRNA"
"ENST00000657956","unprocessed_pseudogene"
"ENST00000657968","lncRNA"
"ENST00000657970","lncRNA"
"ENST00000657981","lncRNA"
"ENST00000658017","lncRNA"
"ENST00000658035","lncRNA"
"ENST00000658049","lncRNA"
"ENST00000658050","lncRNA"
"ENST00000658052","lncRNA"
"ENST00000658063","lncRNA"
"ENST00000658097","lncRNA"
"ENST00000658106","lncRNA"
"ENST00000658107","lncRNA"
"ENST00000658109","lncRNA"
"ENST00000658112","lncRNA"
"ENST00000658113","lncRNA"
"ENST00000658130","lncRNA"
"ENST00000658137","lncRNA"
"ENST00000658139","lncRNA"
"ENST00000658157","lncRNA"
"ENST00000658181","lncRNA"
"ENST00000658190","lncRNA"
"ENST00000658211","lncRNA"
"ENST00000658216","lncRNA"
"ENST00000658219","lncRNA"
"ENST00000658247","lncRNA"
"ENST00000658250","lncRNA"
"ENST00000658257","lncRNA"
"ENST00000658268","lncRNA"
"ENST00000658285","lncRNA"
"ENST00000658294","lncRNA"
"ENST00000658295","lncRNA"
"ENST00000658324","lncRNA"
"ENST00000658326","lncRNA"
"ENST00000658328","lncRNA"
"ENST00000658330","lncRNA"
"ENST00000658358","lncRNA"
"ENST00000658367","lncRNA"
"ENST00000658398","lncRNA"
"ENST00000658399","lncRNA"
"ENST00000658410","lncRNA"
"ENST00000658423","lncRNA"
"ENST00000658449","lncRNA"
"ENST00000658450","lncRNA"
"ENST00000658463","lncRNA"
"ENST00000658469","lncRNA"
"ENST00000658504","lncRNA"
"ENST00000658509","lncRNA"
"ENST00000658516","lncRNA"
"ENST00000658521","lncRNA"
"ENST00000658524","lncRNA"
"ENST00000658531","lncRNA"
"ENST00000658537","lncRNA"
"ENST00000658542","lncRNA"
"ENST00000658551","lncRNA"
"ENST00000658552","lncRNA"
"ENST00000658553","lncRNA"
"ENST00000658558","lncRNA"
"ENST00000658560","lncRNA"
"ENST00000658570","lncRNA"
"ENST00000658576","lncRNA"
"ENST00000658580","lncRNA"
"ENST00000658587","lncRNA"
"ENST00000658594","lncRNA"
"ENST00000658597","lncRNA"
"ENST00000658616","lncRNA"
"ENST00000658619","lncRNA"
"ENST00000658622","lncRNA"
"ENST00000658633","lncRNA"
"ENST00000658638","lncRNA"
"ENST00000658646","lncRNA"
"ENST00000658663","lncRNA"
"ENST00000658670","lncRNA"
"ENST00000658671","lncRNA"
"ENST00000658679","unprocessed_pseudogene"
"ENST00000658719","lncRNA"
"ENST00000658726","lncRNA"
"ENST00000658737","lncRNA"
"ENST00000658742","lncRNA"
"ENST00000658743","lncRNA"
"ENST00000658744","lncRNA"
"ENST00000658749","lncRNA"
"ENST00000658755","lncRNA"
"ENST00000658776","lncRNA"
"ENST00000658788","lncRNA"
"ENST00000658791","lncRNA"
"ENST00000658792","lncRNA"
"ENST00000658793","lncRNA"
"ENST00000658797","lncRNA"
"ENST00000658805","lncRNA"
"ENST00000658842","lncRNA"
"ENST00000658856","lncRNA"
"ENST00000658881","lncRNA"
"ENST00000658894","lncRNA"
"ENST00000658898","lncRNA"
"ENST00000658907","lncRNA"
"ENST00000658910","lncRNA"
"ENST00000658917","lncRNA"
"ENST00000658918","lncRNA"
"ENST00000658923","lncRNA"
"ENST00000658957","lncRNA"
"ENST00000658970","lncRNA"
"ENST00000658976","lncRNA"
"ENST00000658979","lncRNA"
"ENST00000658982","lncRNA"
"ENST00000658989","lncRNA"
"ENST00000659028","lncRNA"
"ENST00000659030","lncRNA"
"ENST00000659041","lncRNA"
"ENST00000659059","lncRNA"
"ENST00000659082","lncRNA"
"ENST00000659083","lncRNA"
"ENST00000659088","lncRNA"
"ENST00000659097","lncRNA"
"ENST00000659100","protein_coding_CDS_not_defined"
"ENST00000659107","lncRNA"
"ENST00000659125","lncRNA"
"ENST00000659137","lncRNA"
"ENST00000659155","lncRNA"
"ENST00000659170","lncRNA"
"ENST00000659206","lncRNA"
"ENST00000659208","lncRNA"
"ENST00000659217","lncRNA"
"ENST00000659219","lncRNA"
"ENST00000659260","lncRNA"
"ENST00000659261","lncRNA"
"ENST00000659286","lncRNA"
"ENST00000659294","lncRNA"
"ENST00000659312","lncRNA"
"ENST00000659323","retained_intron"
"ENST00000659324","lncRNA"
"ENST00000659331","lncRNA"
"ENST00000659335","lncRNA"
"ENST00000659338","lncRNA"
"ENST00000659343","lncRNA"
"ENST00000659355","lncRNA"
"ENST00000659369","lncRNA"
"ENST00000659370","lncRNA"
"ENST00000659406","lncRNA"
"ENST00000659410","lncRNA"
"ENST00000659415","lncRNA"
"ENST00000659421","lncRNA"
"ENST00000659441","lncRNA"
"ENST00000659451","lncRNA"
"ENST00000659453","lncRNA"
"ENST00000659475","lncRNA"
"ENST00000659487","lncRNA"
"ENST00000659493","lncRNA"
"ENST00000659495","lncRNA"
"ENST00000659498","lncRNA"
"ENST00000659522","lncRNA"
"ENST00000659529","lncRNA"
"ENST00000659532","lncRNA"
"ENST00000659539","lncRNA"
"ENST00000659540","lncRNA"
"ENST00000659541","lncRNA"
"ENST00000659544","lncRNA"
"ENST00000659554","lncRNA"
"ENST00000659573","lncRNA"
"ENST00000659611","lncRNA"
"ENST00000659628","lncRNA"
"ENST00000659632","lncRNA"
"ENST00000659638","lncRNA"
"ENST00000659640","lncRNA"
"ENST00000659650","lncRNA"
"ENST00000659651","lncRNA"
"ENST00000659655","lncRNA"
"ENST00000659656","lncRNA"
"ENST00000659670","lncRNA"
"ENST00000659671","lncRNA"
"ENST00000659701","lncRNA"
"ENST00000659712","lncRNA"
"ENST00000659724","lncRNA"
"ENST00000659728","nonsense_mediated_decay"
"ENST00000659731","lncRNA"
"ENST00000659736","lncRNA"
"ENST00000659738","lncRNA"
"ENST00000659740","lncRNA"
"ENST00000659783","lncRNA"
"ENST00000659784","lncRNA"
"ENST00000659788","lncRNA"
"ENST00000659794","lncRNA"
"ENST00000659799","protein_coding_CDS_not_defined"
"ENST00000659804","lncRNA"
"ENST00000659813","lncRNA"
"ENST00000659827","lncRNA"
"ENST00000659840","lncRNA"
"ENST00000659854","lncRNA"
"ENST00000659855","lncRNA"
"ENST00000659866","lncRNA"
"ENST00000659868","lncRNA"
"ENST00000659870","lncRNA"
"ENST00000659877","lncRNA"
"ENST00000659883","lncRNA"
"ENST00000659895","lncRNA"
"ENST00000659896","lncRNA"
"ENST00000659898","lncRNA"
"ENST00000659902","lncRNA"
"ENST00000659907","lncRNA"
"ENST00000659923","lncRNA"
"ENST00000659925","lncRNA"
"ENST00000659929","lncRNA"
"ENST00000659930","lncRNA"
"ENST00000659939","lncRNA"
"ENST00000659946","lncRNA"
"ENST00000659949","lncRNA"
"ENST00000659967","lncRNA"
"ENST00000659972","lncRNA"
"ENST00000659986","lncRNA"
"ENST00000659987","lncRNA"
"ENST00000660002","lncRNA"
"ENST00000660009","lncRNA"
"ENST00000660023","lncRNA"
"ENST00000660051","lncRNA"
"ENST00000660059","lncRNA"
"ENST00000660067","lncRNA"
"ENST00000660081","lncRNA"
"ENST00000660103","lncRNA"
"ENST00000660112","lncRNA"
"ENST00000660121","lncRNA"
"ENST00000660122","lncRNA"
"ENST00000660136","lncRNA"
"ENST00000660139","lncRNA"
"ENST00000660144","protein_coding"
"ENST00000660145","lncRNA"
"ENST00000660151","lncRNA"
"ENST00000660162","lncRNA"
"ENST00000660164","lncRNA"
"ENST00000660196","lncRNA"
"ENST00000660198","lncRNA"
"ENST00000660203","lncRNA"
"ENST00000660205","lncRNA"
"ENST00000660214","lncRNA"
"ENST00000660215","lncRNA"
"ENST00000660221","lncRNA"
"ENST00000660226","lncRNA"
"ENST00000660231","lncRNA"
"ENST00000660243","lncRNA"
"ENST00000660249","lncRNA"
"ENST00000660254","lncRNA"
"ENST00000660273","lncRNA"
"ENST00000660280","lncRNA"
"ENST00000660289","lncRNA"
"ENST00000660298","lncRNA"
"ENST00000660313","lncRNA"
"ENST00000660314","lncRNA"
"ENST00000660315","lncRNA"
"ENST00000660320","lncRNA"
"ENST00000660321","lncRNA"
"ENST00000660323","lncRNA"
"ENST00000660333","lncRNA"
"ENST00000660334","lncRNA"
"ENST00000660336","lncRNA"
"ENST00000660358","lncRNA"
"ENST00000660368","lncRNA"
"ENST00000660370","lncRNA"
"ENST00000660397","lncRNA"
"ENST00000660401","lncRNA"
"ENST00000660405","lncRNA"
"ENST00000660421","lncRNA"
"ENST00000660436","lncRNA"
"ENST00000660442","lncRNA"
"ENST00000660470","lncRNA"
"ENST00000660474","lncRNA"
"ENST00000660475","lncRNA"
"ENST00000660479","lncRNA"
"ENST00000660482","lncRNA"
"ENST00000660485","lncRNA"
"ENST00000660487","lncRNA"
"ENST00000660490","lncRNA"
"ENST00000660497","lncRNA"
"ENST00000660509","lncRNA"
"ENST00000660534","lncRNA"
"ENST00000660544","lncRNA"
"ENST00000660556","lncRNA"
"ENST00000660565","lncRNA"
"ENST00000660570","lncRNA"
"ENST00000660579","lncRNA"
"ENST00000660588","lncRNA"
"ENST00000660596","lncRNA"
"ENST00000660602","lncRNA"
"ENST00000660615","lncRNA"
"ENST00000660621","lncRNA"
"ENST00000660626","protein_coding"
"ENST00000660653","lncRNA"
"ENST00000660660","lncRNA"
"ENST00000660667","lncRNA"
"ENST00000660680","lncRNA"
"ENST00000660685","lncRNA"
"ENST00000660690","lncRNA"
"ENST00000660692","lncRNA"
"ENST00000660702","lncRNA"
"ENST00000660714","lncRNA"
"ENST00000660716","lncRNA"
"ENST00000660745","lncRNA"
"ENST00000660758","lncRNA"
"ENST00000660759","lncRNA"
"ENST00000660763","lncRNA"
"ENST00000660768","lncRNA"
"ENST00000660771","lncRNA"
"ENST00000660772","lncRNA"
"ENST00000660789","lncRNA"
"ENST00000660841","lncRNA"
"ENST00000660847","lncRNA"
"ENST00000660850","lncRNA"
"ENST00000660856","lncRNA"
"ENST00000660869","lncRNA"
"ENST00000660874","lncRNA"
"ENST00000660887","lncRNA"
"ENST00000660902","lncRNA"
"ENST00000660910","protein_coding_CDS_not_defined"
"ENST00000660919","lncRNA"
"ENST00000660933","lncRNA"
"ENST00000660947","lncRNA"
"ENST00000660959","lncRNA"
"ENST00000660981","lncRNA"
"ENST00000660994","lncRNA"
"ENST00000660998","lncRNA"
"ENST00000661005","lncRNA"
"ENST00000661015","lncRNA"
"ENST00000661019","lncRNA"
"ENST00000661021","lncRNA"
"ENST00000661022","lncRNA"
"ENST00000661028","lncRNA"
"ENST00000661030","protein_coding"
"ENST00000661053","lncRNA"
"ENST00000661057","lncRNA"
"ENST00000661064","lncRNA"
"ENST00000661069","lncRNA"
"ENST00000661081","lncRNA"
"ENST00000661091","lncRNA"
"ENST00000661093","lncRNA"
"ENST00000661121","lncRNA"
"ENST00000661130","lncRNA"
"ENST00000661132","lncRNA"
"ENST00000661152","lncRNA"
"ENST00000661154","lncRNA"
"ENST00000661165","lncRNA"
"ENST00000661178","lncRNA"
"ENST00000661184","lncRNA"
"ENST00000661192","lncRNA"
"ENST00000661197","lncRNA"
"ENST00000661208","lncRNA"
"ENST00000661222","lncRNA"
"ENST00000661225","lncRNA"
"ENST00000661226","lncRNA"
"ENST00000661232","lncRNA"
"ENST00000661250","lncRNA"
"ENST00000661251","lncRNA"
"ENST00000661258","lncRNA"
"ENST00000661259","lncRNA"
"ENST00000661277","lncRNA"
"ENST00000661284","lncRNA"
"ENST00000661300","lncRNA"
"ENST00000661304","lncRNA"
"ENST00000661315","lncRNA"
"ENST00000661344","lncRNA"
"ENST00000661349","lncRNA"
"ENST00000661362","lncRNA"
"ENST00000661363","lncRNA"
"ENST00000661367","lncRNA"
"ENST00000661401","lncRNA"
"ENST00000661406","lncRNA"
"ENST00000661424","lncRNA"
"ENST00000661425","lncRNA"
"ENST00000661427","lncRNA"
"ENST00000661442","lncRNA"
"ENST00000661449","lncRNA"
"ENST00000661488","lncRNA"
"ENST00000661496","lncRNA"
"ENST00000661518","lncRNA"
"ENST00000661526","lncRNA"
"ENST00000661529","lncRNA"
"ENST00000661542","lncRNA"
"ENST00000661545","lncRNA"
"ENST00000661547","lncRNA"
"ENST00000661549","lncRNA"
"ENST00000661563","lncRNA"
"ENST00000661568","lncRNA"
"ENST00000661572","lncRNA"
"ENST00000661600","lncRNA"
"ENST00000661605","lncRNA"
"ENST00000661612","lncRNA"
"ENST00000661617","lncRNA"
"ENST00000661630","lncRNA"
"ENST00000661634","lncRNA"
"ENST00000661637","lncRNA"
"ENST00000661638","lncRNA"
"ENST00000661658","lncRNA"
"ENST00000661668","lncRNA"
"ENST00000661669","lncRNA"
"ENST00000661678","lncRNA"
"ENST00000661711","lncRNA"
"ENST00000661719","lncRNA"
"ENST00000661728","lncRNA"
"ENST00000661729","lncRNA"
"ENST00000661732","unprocessed_pseudogene"
"ENST00000661754","lncRNA"
"ENST00000661755",NA
"ENST00000661759","lncRNA"
"ENST00000661782","lncRNA"
"ENST00000661784","lncRNA"
"ENST00000661787","lncRNA"
"ENST00000661792","lncRNA"
"ENST00000661822","lncRNA"
"ENST00000661826","lncRNA"
"ENST00000661831","lncRNA"
"ENST00000661834","lncRNA"
"ENST00000661839","lncRNA"
"ENST00000661844","lncRNA"
"ENST00000661850","lncRNA"
"ENST00000661851","lncRNA"
"ENST00000661856","lncRNA"
"ENST00000661871","lncRNA"
"ENST00000661877","lncRNA"
"ENST00000661887","lncRNA"
"ENST00000661892","lncRNA"
"ENST00000661907","lncRNA"
"ENST00000661914","lncRNA"
"ENST00000661921","lncRNA"
"ENST00000661926","lncRNA"
"ENST00000661937","lncRNA"
"ENST00000661953","lncRNA"
"ENST00000661954","lncRNA"
"ENST00000661966","lncRNA"
"ENST00000661967","lncRNA"
"ENST00000661972","lncRNA"
"ENST00000661986","lncRNA"
"ENST00000661987","lncRNA"
"ENST00000661996","lncRNA"
"ENST00000662017","lncRNA"
"ENST00000662018","lncRNA"
"ENST00000662022",NA
"ENST00000662023","lncRNA"
"ENST00000662062","lncRNA"
"ENST00000662066","lncRNA"
"ENST00000662070","lncRNA"
"ENST00000662072","lncRNA"
"ENST00000662075","lncRNA"
"ENST00000662077","lncRNA"
"ENST00000662081","lncRNA"
"ENST00000662082","lncRNA"
"ENST00000662094","lncRNA"
"ENST00000662115","lncRNA"
"ENST00000662124","lncRNA"
"ENST00000662129","lncRNA"
"ENST00000662134","lncRNA"
"ENST00000662138","lncRNA"
"ENST00000662149","lncRNA"
"ENST00000662151","lncRNA"
"ENST00000662153","lncRNA"
"ENST00000662154","lncRNA"
"ENST00000662158","lncRNA"
"ENST00000662169","lncRNA"
"ENST00000662178","lncRNA"
"ENST00000662182","lncRNA"
"ENST00000662183","lncRNA"
"ENST00000662193","lncRNA"
"ENST00000662194","lncRNA"
"ENST00000662197","lncRNA"
"ENST00000662206","lncRNA"
"ENST00000662211","lncRNA"
"ENST00000662218","lncRNA"
"ENST00000662219","lncRNA"
"ENST00000662222","lncRNA"
"ENST00000662228","lncRNA"
"ENST00000662251","lncRNA"
"ENST00000662266","lncRNA"
"ENST00000662278","lncRNA"
"ENST00000662285","lncRNA"
"ENST00000662293","lncRNA"
"ENST00000662303","lncRNA"
"ENST00000662308","lncRNA"
"ENST00000662309","lncRNA"
"ENST00000662324","lncRNA"
"ENST00000662326","lncRNA"
"ENST00000662333","lncRNA"
"ENST00000662339","lncRNA"
"ENST00000662340","lncRNA"
"ENST00000662353","lncRNA"
"ENST00000662378","lncRNA"
"ENST00000662385","lncRNA"
"ENST00000662397","lncRNA"
"ENST00000662407","lncRNA"
"ENST00000662416","lncRNA"
"ENST00000662417","lncRNA"
"ENST00000662423","lncRNA"
"ENST00000662432","lncRNA"
"ENST00000662435","lncRNA"
"ENST00000662443","lncRNA"
"ENST00000662460","lncRNA"
"ENST00000662462","lncRNA"
"ENST00000662466","lncRNA"
"ENST00000662469","lncRNA"
"ENST00000662472","lncRNA"
"ENST00000662476","lncRNA"
"ENST00000662486","lncRNA"
"ENST00000662488","lncRNA"
"ENST00000662508","lncRNA"
"ENST00000662509","lncRNA"
"ENST00000662512","lncRNA"
"ENST00000662540","lncRNA"
"ENST00000662542","lncRNA"
"ENST00000662551","lncRNA"
"ENST00000662553","lncRNA"
"ENST00000662563","lncRNA"
"ENST00000662575","lncRNA"
"ENST00000662581","lncRNA"
"ENST00000662587","lncRNA"
"ENST00000662613","lncRNA"
"ENST00000662616","lncRNA"
"ENST00000662619","lncRNA"
"ENST00000662635","lncRNA"
"ENST00000662648","lncRNA"
"ENST00000662651","lncRNA"
"ENST00000662659","lncRNA"
"ENST00000662672","lncRNA"
"ENST00000662673","lncRNA"
"ENST00000662698","lncRNA"
"ENST00000662709","lncRNA"
"ENST00000662710","lncRNA"
"ENST00000662724","lncRNA"
"ENST00000662727","protein_coding"
"ENST00000662734","lncRNA"
"ENST00000662736","lncRNA"
"ENST00000662756","lncRNA"
"ENST00000662762","lncRNA"
"ENST00000662771","lncRNA"
"ENST00000662780","lncRNA"
"ENST00000662786","lncRNA"
"ENST00000662794","lncRNA"
"ENST00000662798","lncRNA"
"ENST00000662807","lncRNA"
"ENST00000662810","lncRNA"
"ENST00000662847","lncRNA"
"ENST00000662855","lncRNA"
"ENST00000662857","lncRNA"
"ENST00000662872","lncRNA"
"ENST00000662878","lncRNA"
"ENST00000662881","lncRNA"
"ENST00000662883","lncRNA"
"ENST00000662885","lncRNA"
"ENST00000662899","lncRNA"
"ENST00000662910",NA
"ENST00000662917","lncRNA"
"ENST00000662937","lncRNA"
"ENST00000662938","lncRNA"
"ENST00000662939","lncRNA"
"ENST00000662940","lncRNA"
"ENST00000662945","lncRNA"
"ENST00000662966","lncRNA"
"ENST00000662972","lncRNA"
"ENST00000662984","lncRNA"
"ENST00000663012","lncRNA"
"ENST00000663016","lncRNA"
"ENST00000663022","lncRNA"
"ENST00000663024","lncRNA"
"ENST00000663056","lncRNA"
"ENST00000663066","lncRNA"
"ENST00000663070","lncRNA"
"ENST00000663075","lncRNA"
"ENST00000663077","lncRNA"
"ENST00000663083","lncRNA"
"ENST00000663086","lncRNA"
"ENST00000663093","lncRNA"
"ENST00000663108","lncRNA"
"ENST00000663128","lncRNA"
"ENST00000663129","lncRNA"
"ENST00000663134","lncRNA"
"ENST00000663136","lncRNA"
"ENST00000663140","lncRNA"
"ENST00000663154","lncRNA"
"ENST00000663171","protein_coding"
"ENST00000663174","lncRNA"
"ENST00000663179","lncRNA"
"ENST00000663192","lncRNA"
"ENST00000663204","lncRNA"
"ENST00000663206","lncRNA"
"ENST00000663221","lncRNA"
"ENST00000663223","lncRNA"
"ENST00000663236","lncRNA"
"ENST00000663244","lncRNA"
"ENST00000663248","lncRNA"
"ENST00000663254","lncRNA"
"ENST00000663274","lncRNA"
"ENST00000663276","lncRNA"
"ENST00000663291","lncRNA"
"ENST00000663293","lncRNA"
"ENST00000663303","lncRNA"
"ENST00000663307","lncRNA"
"ENST00000663318","lncRNA"
"ENST00000663323","lncRNA"
"ENST00000663326","lncRNA"
"ENST00000663329","lncRNA"
"ENST00000663334","lncRNA"
"ENST00000663341","lncRNA"
"ENST00000663355","lncRNA"
"ENST00000663356","lncRNA"
"ENST00000663358","lncRNA"
"ENST00000663363","lncRNA"
"ENST00000663386","lncRNA"
"ENST00000663391","lncRNA"
"ENST00000663399","lncRNA"
"ENST00000663421","lncRNA"
"ENST00000663438","lncRNA"
"ENST00000663466","lncRNA"
"ENST00000663471","lncRNA"
"ENST00000663478","lncRNA"
"ENST00000663482","lncRNA"
"ENST00000663496","lncRNA"
"ENST00000663511","lncRNA"
"ENST00000663523","lncRNA"
"ENST00000663535","lncRNA"
"ENST00000663553","lncRNA"
"ENST00000663558","lncRNA"
"ENST00000663560","lncRNA"
"ENST00000663568","lncRNA"
"ENST00000663570","lncRNA"
"ENST00000663576","lncRNA"
"ENST00000663587","lncRNA"
"ENST00000663592","lncRNA"
"ENST00000663593","lncRNA"
"ENST00000663594","lncRNA"
"ENST00000663600","lncRNA"
"ENST00000663615","lncRNA"
"ENST00000663621","lncRNA"
"ENST00000663647","lncRNA"
"ENST00000663658","lncRNA"
"ENST00000663666","lncRNA"
"ENST00000663679","lncRNA"
"ENST00000663709","lncRNA"
"ENST00000663711","lncRNA"
"ENST00000663713","lncRNA"
"ENST00000663727","lncRNA"
"ENST00000663730","lncRNA"
"ENST00000663748","lncRNA"
"ENST00000663759","lncRNA"
"ENST00000663775","lncRNA"
"ENST00000663787","lncRNA"
"ENST00000663794","lncRNA"
"ENST00000663808","lncRNA"
"ENST00000663823","lncRNA"
"ENST00000663832","lncRNA"
"ENST00000663837","lncRNA"
"ENST00000663853","lncRNA"
"ENST00000663857","lncRNA"
"ENST00000663864","lncRNA"
"ENST00000663872","lncRNA"
"ENST00000663875","lncRNA"
"ENST00000663889","lncRNA"
"ENST00000663896","lncRNA"
"ENST00000663897","lncRNA"
"ENST00000663927","lncRNA"
"ENST00000663934","lncRNA"
"ENST00000663942","lncRNA"
"ENST00000663943","lncRNA"
"ENST00000663950","lncRNA"
"ENST00000663957","lncRNA"
"ENST00000663980","lncRNA"
"ENST00000663986","lncRNA"
"ENST00000663988","lncRNA"
"ENST00000663997","lncRNA"
"ENST00000664009","lncRNA"
"ENST00000664026","protein_coding_CDS_not_defined"
"ENST00000664032","lncRNA"
"ENST00000664036","lncRNA"
"ENST00000664042","lncRNA"
"ENST00000664051","lncRNA"
"ENST00000664054","lncRNA"
"ENST00000664058","lncRNA"
"ENST00000664060","lncRNA"
"ENST00000664064","lncRNA"
"ENST00000664067","lncRNA"
"ENST00000664074","lncRNA"
"ENST00000664077","lncRNA"
"ENST00000664106","lncRNA"
"ENST00000664108","lncRNA"
"ENST00000664112","lncRNA"
"ENST00000664116","lncRNA"
"ENST00000664118","lncRNA"
"ENST00000664130","lncRNA"
"ENST00000664136","lncRNA"
"ENST00000664156","lncRNA"
"ENST00000664167","lncRNA"
"ENST00000664179","lncRNA"
"ENST00000664190","lncRNA"
"ENST00000664194","lncRNA"
"ENST00000664235","lncRNA"
"ENST00000664245","lncRNA"
"ENST00000664252","lncRNA"
"ENST00000664261","lncRNA"
"ENST00000664269","lncRNA"
"ENST00000664274","lncRNA"
"ENST00000664275","lncRNA"
"ENST00000664277","lncRNA"
"ENST00000664280","lncRNA"
"ENST00000664286","lncRNA"
"ENST00000664297","lncRNA"
"ENST00000664302","lncRNA"
"ENST00000664312","lncRNA"
"ENST00000664313","lncRNA"
"ENST00000664315","lncRNA"
"ENST00000664319","lncRNA"
"ENST00000664322","lncRNA"
"ENST00000664326","lncRNA"
"ENST00000664332","lncRNA"
"ENST00000664337","lncRNA"
"ENST00000664343","lncRNA"
"ENST00000664350","transcribed_unprocessed_pseudogene"
"ENST00000664351","lncRNA"
"ENST00000664352","lncRNA"
"ENST00000664369","lncRNA"
"ENST00000664384","lncRNA"
"ENST00000664393","lncRNA"
"ENST00000664397","lncRNA"
"ENST00000664403","lncRNA"
"ENST00000664413","lncRNA"
"ENST00000664435","lncRNA"
"ENST00000664438","lncRNA"
"ENST00000664439","lncRNA"
"ENST00000664440","lncRNA"
"ENST00000664449","lncRNA"
"ENST00000664452","retained_intron"
"ENST00000664475","lncRNA"
"ENST00000664479","lncRNA"
"ENST00000664491","lncRNA"
"ENST00000664506","lncRNA"
"ENST00000664514","lncRNA"
"ENST00000664515","lncRNA"
"ENST00000664520","lncRNA"
"ENST00000664528","lncRNA"
"ENST00000664534","lncRNA"
"ENST00000664550","lncRNA"
"ENST00000664555","lncRNA"
"ENST00000664557","lncRNA"
"ENST00000664575","lncRNA"
"ENST00000664580","lncRNA"
"ENST00000664607","lncRNA"
"ENST00000664611","lncRNA"
"ENST00000664626","lncRNA"
"ENST00000664633","lncRNA"
"ENST00000664641","lncRNA"
"ENST00000664649","lncRNA"
"ENST00000664652","lncRNA"
"ENST00000664654","lncRNA"
"ENST00000664656","lncRNA"
"ENST00000664659","lncRNA"
"ENST00000664665","lncRNA"
"ENST00000664667","lncRNA"
"ENST00000664683","lncRNA"
"ENST00000664687","lncRNA"
"ENST00000664690","lncRNA"
"ENST00000664694","lncRNA"
"ENST00000664696","lncRNA"
"ENST00000664708","lncRNA"
"ENST00000664717","lncRNA"
"ENST00000664727","lncRNA"
"ENST00000664731","lncRNA"
"ENST00000664740","lncRNA"
"ENST00000664743","lncRNA"
"ENST00000664744","lncRNA"
"ENST00000664752","lncRNA"
"ENST00000664761","lncRNA"
"ENST00000664781","lncRNA"
"ENST00000664787","lncRNA"
"ENST00000664794","lncRNA"
"ENST00000664799","lncRNA"
"ENST00000664801","lncRNA"
"ENST00000664813","lncRNA"
"ENST00000664828","lncRNA"
"ENST00000664839","lncRNA"
"ENST00000664847","lncRNA"
"ENST00000664851","lncRNA"
"ENST00000664858","lncRNA"
"ENST00000664863","lncRNA"
"ENST00000664879","lncRNA"
"ENST00000664886","lncRNA"
"ENST00000664901","lncRNA"
"ENST00000664927","lncRNA"
"ENST00000664936","lncRNA"
"ENST00000664976","lncRNA"
"ENST00000664985","lncRNA"
"ENST00000664988","lncRNA"
"ENST00000665006","lncRNA"
"ENST00000665019","lncRNA"
"ENST00000665034","lncRNA"
"ENST00000665044","lncRNA"
"ENST00000665048","lncRNA"
"ENST00000665062","lncRNA"
"ENST00000665068","lncRNA"
"ENST00000665071","lncRNA"
"ENST00000665094","lncRNA"
"ENST00000665100","lncRNA"
"ENST00000665109","lncRNA"
"ENST00000665118","lncRNA"
"ENST00000665149","lncRNA"
"ENST00000665163","lncRNA"
"ENST00000665168","lncRNA"
"ENST00000665180","lncRNA"
"ENST00000665184","lncRNA"
"ENST00000665186","lncRNA"
"ENST00000665192","lncRNA"
"ENST00000665203","lncRNA"
"ENST00000665205","lncRNA"
"ENST00000665227","lncRNA"
"ENST00000665234","lncRNA"
"ENST00000665237","lncRNA"
"ENST00000665267","lncRNA"
"ENST00000665287","lncRNA"
"ENST00000665308","lncRNA"
"ENST00000665312","lncRNA"
"ENST00000665314","lncRNA"
"ENST00000665322","lncRNA"
"ENST00000665336","lncRNA"
"ENST00000665342","lncRNA"
"ENST00000665365","lncRNA"
"ENST00000665387","lncRNA"
"ENST00000665391","lncRNA"
"ENST00000665392","lncRNA"
"ENST00000665394","lncRNA"
"ENST00000665407","lncRNA"
"ENST00000665408","lncRNA"
"ENST00000665410","lncRNA"
"ENST00000665414","lncRNA"
"ENST00000665415","lncRNA"
"ENST00000665427","lncRNA"
"ENST00000665436","lncRNA"
"ENST00000665439","lncRNA"
"ENST00000665444","lncRNA"
"ENST00000665471","lncRNA"
"ENST00000665507","lncRNA"
"ENST00000665538","lncRNA"
"ENST00000665541","lncRNA"
"ENST00000665545","lncRNA"
"ENST00000665557","lncRNA"
"ENST00000665570","lncRNA"
"ENST00000665581","lncRNA"
"ENST00000665584","lncRNA"
"ENST00000665601","lncRNA"
"ENST00000665603","lncRNA"
"ENST00000665613","lncRNA"
"ENST00000665617","lncRNA"
"ENST00000665628","lncRNA"
"ENST00000665630","lncRNA"
"ENST00000665632","lncRNA"
"ENST00000665645","lncRNA"
"ENST00000665664","lncRNA"
"ENST00000665672","lncRNA"
"ENST00000665682","lncRNA"
"ENST00000665687","lncRNA"
"ENST00000665688","lncRNA"
"ENST00000665690","lncRNA"
"ENST00000665692","lncRNA"
"ENST00000665701","lncRNA"
"ENST00000665724","lncRNA"
"ENST00000665732","lncRNA"
"ENST00000665744","lncRNA"
"ENST00000665766","lncRNA"
"ENST00000665771","lncRNA"
"ENST00000665772","lncRNA"
"ENST00000665774","lncRNA"
"ENST00000665799","lncRNA"
"ENST00000665803","lncRNA"
"ENST00000665811","lncRNA"
"ENST00000665823","lncRNA"
"ENST00000665828","lncRNA"
"ENST00000665843","lncRNA"
"ENST00000665847","lncRNA"
"ENST00000665857","lncRNA"
"ENST00000665860","lncRNA"
"ENST00000665869","lncRNA"
"ENST00000665877","lncRNA"
"ENST00000665879","lncRNA"
"ENST00000665887","lncRNA"
"ENST00000665935","lncRNA"
"ENST00000665940","lncRNA"
"ENST00000665941","lncRNA"
"ENST00000665943","lncRNA"
"ENST00000665965","lncRNA"
"ENST00000665974","lncRNA"
"ENST00000665976","lncRNA"
"ENST00000665999","lncRNA"
"ENST00000666001","lncRNA"
"ENST00000666034","lncRNA"
"ENST00000666041","lncRNA"
"ENST00000666052","lncRNA"
"ENST00000666064","lncRNA"
"ENST00000666066","lncRNA"
"ENST00000666068","lncRNA"
"ENST00000666072","lncRNA"
"ENST00000666074","lncRNA"
"ENST00000666077","lncRNA"
"ENST00000666093","lncRNA"
"ENST00000666094","lncRNA"
"ENST00000666104","lncRNA"
"ENST00000666111","lncRNA"
"ENST00000666112","lncRNA"
"ENST00000666116","lncRNA"
"ENST00000666119","lncRNA"
"ENST00000666126","lncRNA"
"ENST00000666136","lncRNA"
"ENST00000666142","lncRNA"
"ENST00000666145","lncRNA"
"ENST00000666152","lncRNA"
"ENST00000666160","lncRNA"
"ENST00000666178","lncRNA"
"ENST00000666196","lncRNA"
"ENST00000666197","lncRNA"
"ENST00000666200","lncRNA"
"ENST00000666202","lncRNA"
"ENST00000666236","lncRNA"
"ENST00000666242","lncRNA"
"ENST00000666247","lncRNA"
"ENST00000666257","lncRNA"
"ENST00000666261","lncRNA"
"ENST00000666276","lncRNA"
"ENST00000666285","lncRNA"
"ENST00000666286","lncRNA"
"ENST00000666292","lncRNA"
"ENST00000666308","lncRNA"
"ENST00000666316","lncRNA"
"ENST00000666337","lncRNA"
"ENST00000666343","lncRNA"
"ENST00000666344","lncRNA"
"ENST00000666372","lncRNA"
"ENST00000666413","lncRNA"
"ENST00000666418","lncRNA"
"ENST00000666420","lncRNA"
"ENST00000666426","lncRNA"
"ENST00000666431","lncRNA"
"ENST00000666450","lncRNA"
"ENST00000666454","lncRNA"
"ENST00000666459","lncRNA"
"ENST00000666474","lncRNA"
"ENST00000666475","lncRNA"
"ENST00000666476","lncRNA"
"ENST00000666492","lncRNA"
"ENST00000666498","lncRNA"
"ENST00000666509","lncRNA"
"ENST00000666521","lncRNA"
"ENST00000666532","lncRNA"
"ENST00000666534","protein_coding_CDS_not_defined"
"ENST00000666535","lncRNA"
"ENST00000666538","lncRNA"
"ENST00000666543","lncRNA"
"ENST00000666558","lncRNA"
"ENST00000666560","lncRNA"
"ENST00000666569","lncRNA"
"ENST00000666572","lncRNA"
"ENST00000666575","lncRNA"
"ENST00000666583","lncRNA"
"ENST00000666585","lncRNA"
"ENST00000666586","lncRNA"
"ENST00000666587","lncRNA"
"ENST00000666598","lncRNA"
"ENST00000666625","lncRNA"
"ENST00000666629","lncRNA"
"ENST00000666655","lncRNA"
"ENST00000666667","lncRNA"
"ENST00000666669","lncRNA"
"ENST00000666683","lncRNA"
"ENST00000666687","lncRNA"
"ENST00000666695","lncRNA"
"ENST00000666709","lncRNA"
"ENST00000666712","lncRNA"
"ENST00000666723","lncRNA"
"ENST00000666740","lncRNA"
"ENST00000666751","lncRNA"
"ENST00000666763","lncRNA"
"ENST00000666765","lncRNA"
"ENST00000666766","lncRNA"
"ENST00000666768","lncRNA"
"ENST00000666780","lncRNA"
"ENST00000666785","lncRNA"
"ENST00000666795","lncRNA"
"ENST00000666801","lncRNA"
"ENST00000666803","lncRNA"
"ENST00000666805","lncRNA"
"ENST00000666806","lncRNA"
"ENST00000666826","lncRNA"
"ENST00000666832","lncRNA"
"ENST00000666838","lncRNA"
"ENST00000666845","lncRNA"
"ENST00000666846","lncRNA"
"ENST00000666862","lncRNA"
"ENST00000666869","lncRNA"
"ENST00000666889","lncRNA"
"ENST00000666941","lncRNA"
"ENST00000666949","lncRNA"
"ENST00000666974","protein_coding"
"ENST00000666998","lncRNA"
"ENST00000667004","lncRNA"
"ENST00000667006","lncRNA"
"ENST00000667031","lncRNA"
"ENST00000667047","lncRNA"
"ENST00000667049","lncRNA"
"ENST00000667052","lncRNA"
"ENST00000667059","lncRNA"
"ENST00000667060","lncRNA"
"ENST00000667066","lncRNA"
"ENST00000667083","lncRNA"
"ENST00000667084","lncRNA"
"ENST00000667089","lncRNA"
"ENST00000667099","lncRNA"
"ENST00000667115","lncRNA"
"ENST00000667121","lncRNA"
"ENST00000667124","lncRNA"
"ENST00000667136","lncRNA"
"ENST00000667146","lncRNA"
"ENST00000667153","lncRNA"
"ENST00000667165","lncRNA"
"ENST00000667183","lncRNA"
"ENST00000667203","lncRNA"
"ENST00000667209","lncRNA"
"ENST00000667220","lncRNA"
"ENST00000667233","lncRNA"
"ENST00000667239","lncRNA"
"ENST00000667242","lncRNA"
"ENST00000667244","lncRNA"
"ENST00000667256","lncRNA"
"ENST00000667270","lncRNA"
"ENST00000667286","lncRNA"
"ENST00000667292","lncRNA"
"ENST00000667311","lncRNA"
"ENST00000667313","lncRNA"
"ENST00000667319","lncRNA"
"ENST00000667324","lncRNA"
"ENST00000667349","lncRNA"
"ENST00000667353","lncRNA"
"ENST00000667361","lncRNA"
"ENST00000667370","lncRNA"
"ENST00000667372","lncRNA"
"ENST00000667378","lncRNA"
"ENST00000667380","lncRNA"
"ENST00000667383","lncRNA"
"ENST00000667398","lncRNA"
"ENST00000667435","lncRNA"
"ENST00000667451","lncRNA"
"ENST00000667456","lncRNA"
"ENST00000667462","lncRNA"
"ENST00000667467","lncRNA"
"ENST00000667488","lncRNA"
"ENST00000667490","lncRNA"
"ENST00000667491","lncRNA"
"ENST00000667495","lncRNA"
"ENST00000667498","lncRNA"
"ENST00000667508","lncRNA"
"ENST00000667522","lncRNA"
"ENST00000667529","lncRNA"
"ENST00000667531","lncRNA"
"ENST00000667535","retained_intron"
"ENST00000667540","lncRNA"
"ENST00000667543","lncRNA"
"ENST00000667549","lncRNA"
"ENST00000667556","lncRNA"
"ENST00000667577","lncRNA"
"ENST00000667581","lncRNA"
"ENST00000667591","lncRNA"
"ENST00000667612","lncRNA"
"ENST00000667619","lncRNA"
"ENST00000667643","lncRNA"
"ENST00000667652","lncRNA"
"ENST00000667658","lncRNA"
"ENST00000667666","lncRNA"
"ENST00000667687","lncRNA"
"ENST00000667699","lncRNA"
"ENST00000667713","lncRNA"
"ENST00000667722","lncRNA"
"ENST00000667743","lncRNA"
"ENST00000667748","lncRNA"
"ENST00000667753","lncRNA"
"ENST00000667762","lncRNA"
"ENST00000667767","lncRNA"
"ENST00000667768","lncRNA"
"ENST00000667770","lncRNA"
"ENST00000667795","lncRNA"
"ENST00000667798","lncRNA"
"ENST00000667801","lncRNA"
"ENST00000667806","lncRNA"
"ENST00000667810","lncRNA"
"ENST00000667838","lncRNA"
"ENST00000667840","lncRNA"
"ENST00000667848","lncRNA"
"ENST00000667851","lncRNA"
"ENST00000667881","retained_intron"
"ENST00000667882","lncRNA"
"ENST00000667888","lncRNA"
"ENST00000667898","lncRNA"
"ENST00000667901","lncRNA"
"ENST00000667904","lncRNA"
"ENST00000667906","lncRNA"
"ENST00000667909","lncRNA"
"ENST00000667916","lncRNA"
"ENST00000667932","lncRNA"
"ENST00000667946","lncRNA"
"ENST00000667952","lncRNA"
"ENST00000667957","lncRNA"
"ENST00000667960","lncRNA"
"ENST00000667975","lncRNA"
"ENST00000667988","lncRNA"
"ENST00000667990","lncRNA"
"ENST00000668006","lncRNA"
"ENST00000668009","lncRNA"
"ENST00000668014","lncRNA"
"ENST00000668021","lncRNA"
"ENST00000668027","lncRNA"
"ENST00000668029","lncRNA"
"ENST00000668032","lncRNA"
"ENST00000668033","lncRNA"
"ENST00000668050","lncRNA"
"ENST00000668053","lncRNA"
"ENST00000668074","lncRNA"
"ENST00000668087","lncRNA"
"ENST00000668092","lncRNA"
"ENST00000668111","lncRNA"
"ENST00000668124","lncRNA"
"ENST00000668126","lncRNA"
"ENST00000668131","lncRNA"
"ENST00000668137","lncRNA"
"ENST00000668161","lncRNA"
"ENST00000668167","lncRNA"
"ENST00000668173","lncRNA"
"ENST00000668175","lncRNA"
"ENST00000668179","lncRNA"
"ENST00000668192","lncRNA"
"ENST00000668211","lncRNA"
"ENST00000668218","lncRNA"
"ENST00000668221","lncRNA"
"ENST00000668223","lncRNA"
"ENST00000668234","lncRNA"
"ENST00000668241","lncRNA"
"ENST00000668246","lncRNA"
"ENST00000668250","lncRNA"
"ENST00000668261","lncRNA"
"ENST00000668264","lncRNA"
"ENST00000668277","lncRNA"
"ENST00000668279","lncRNA"
"ENST00000668303","lncRNA"
"ENST00000668309","lncRNA"
"ENST00000668317","lncRNA"
"ENST00000668324","lncRNA"
"ENST00000668337","lncRNA"
"ENST00000668341","lncRNA"
"ENST00000668350","lncRNA"
"ENST00000668356","lncRNA"
"ENST00000668357","lncRNA"
"ENST00000668359","lncRNA"
"ENST00000668361","lncRNA"
"ENST00000668366","lncRNA"
"ENST00000668376","lncRNA"
"ENST00000668383","lncRNA"
"ENST00000668388","lncRNA"
"ENST00000668398","lncRNA"
"ENST00000668407","lncRNA"
"ENST00000668410","lncRNA"
"ENST00000668416","lncRNA"
"ENST00000668429","lncRNA"
"ENST00000668430","lncRNA"
"ENST00000668442","lncRNA"
"ENST00000668449","lncRNA"
"ENST00000668473","lncRNA"
"ENST00000668498","lncRNA"
"ENST00000668500","lncRNA"
"ENST00000668503","lncRNA"
"ENST00000668504","lncRNA"
"ENST00000668507","lncRNA"
"ENST00000668540","lncRNA"
"ENST00000668562","lncRNA"
"ENST00000668569","lncRNA"
"ENST00000668578","protein_coding_CDS_not_defined"
"ENST00000668581","lncRNA"
"ENST00000668582","lncRNA"
"ENST00000668587","lncRNA"
"ENST00000668598","lncRNA"
"ENST00000668611","lncRNA"
"ENST00000668615","lncRNA"
"ENST00000668622","lncRNA"
"ENST00000668643","lncRNA"
"ENST00000668665","lncRNA"
"ENST00000668703","lncRNA"
"ENST00000668705","lncRNA"
"ENST00000668707","lncRNA"
"ENST00000668716","lncRNA"
"ENST00000668717","lncRNA"
"ENST00000668720","lncRNA"
"ENST00000668723","lncRNA"
"ENST00000668736","lncRNA"
"ENST00000668742","lncRNA"
"ENST00000668751","lncRNA"
"ENST00000668762","lncRNA"
"ENST00000668764","lncRNA"
"ENST00000668784","lncRNA"
"ENST00000668793","lncRNA"
"ENST00000668804","lncRNA"
"ENST00000668810","lncRNA"
"ENST00000668818","lncRNA"
"ENST00000668820","lncRNA"
"ENST00000668837","lncRNA"
"ENST00000668849","lncRNA"
"ENST00000668885","lncRNA"
"ENST00000668898","lncRNA"
"ENST00000668903","lncRNA"
"ENST00000668906","lncRNA"
"ENST00000668910","lncRNA"
"ENST00000668930","lncRNA"
"ENST00000668936","lncRNA"
"ENST00000668938","lncRNA"
"ENST00000668939","lncRNA"
"ENST00000668946","lncRNA"
"ENST00000668959","protein_coding_CDS_not_defined"
"ENST00000668969","retained_intron"
"ENST00000668970","lncRNA"
"ENST00000668971","lncRNA"
"ENST00000668980","lncRNA"
"ENST00000668989","lncRNA"
"ENST00000668993","lncRNA"
"ENST00000668998","lncRNA"
"ENST00000669002","lncRNA"
"ENST00000669007","lncRNA"
"ENST00000669014","lncRNA"
"ENST00000669022","lncRNA"
"ENST00000669032","lncRNA"
"ENST00000669036","lncRNA"
"ENST00000669047","lncRNA"
"ENST00000669055","lncRNA"
"ENST00000669060","lncRNA"
"ENST00000669078","lncRNA"
"ENST00000669087","lncRNA"
"ENST00000669091","lncRNA"
"ENST00000669092","lncRNA"
"ENST00000669101","lncRNA"
"ENST00000669109","lncRNA"
"ENST00000669122","lncRNA"
"ENST00000669157","lncRNA"
"ENST00000669162","lncRNA"
"ENST00000669163","lncRNA"
"ENST00000669170","lncRNA"
"ENST00000669179","protein_coding"
"ENST00000669187","lncRNA"
"ENST00000669196","lncRNA"
"ENST00000669210","lncRNA"
"ENST00000669216","lncRNA"
"ENST00000669222","lncRNA"
"ENST00000669232","lncRNA"
"ENST00000669233","lncRNA"
"ENST00000669246","lncRNA"
"ENST00000669249","lncRNA"
"ENST00000669262","lncRNA"
"ENST00000669270","lncRNA"
"ENST00000669275","lncRNA"
"ENST00000669304","lncRNA"
"ENST00000669309","lncRNA"
"ENST00000669311","lncRNA"
"ENST00000669315","lncRNA"
"ENST00000669320","lncRNA"
"ENST00000669321","lncRNA"
"ENST00000669336","lncRNA"
"ENST00000669341","lncRNA"
"ENST00000669342","lncRNA"
"ENST00000669371","lncRNA"
"ENST00000669381","lncRNA"
"ENST00000669387","lncRNA"
"ENST00000669405","lncRNA"
"ENST00000669414","lncRNA"
"ENST00000669425","lncRNA"
"ENST00000669438","lncRNA"
"ENST00000669469","lncRNA"
"ENST00000669473","lncRNA"
"ENST00000669477","lncRNA"
"ENST00000669478","lncRNA"
"ENST00000669510","lncRNA"
"ENST00000669511","lncRNA"
"ENST00000669528","lncRNA"
"ENST00000669536","lncRNA"
"ENST00000669538","lncRNA"
"ENST00000669539","lncRNA"
"ENST00000669552","lncRNA"
"ENST00000669556","lncRNA"
"ENST00000669563","lncRNA"
"ENST00000669591",NA
"ENST00000669595","lncRNA"
"ENST00000669605","lncRNA"
"ENST00000669619","lncRNA"
"ENST00000669621","lncRNA"
"ENST00000669624","lncRNA"
"ENST00000669633","lncRNA"
"ENST00000669666","lncRNA"
"ENST00000669715","lncRNA"
"ENST00000669725","lncRNA"
"ENST00000669727","lncRNA"
"ENST00000669729","lncRNA"
"ENST00000669736","lncRNA"
"ENST00000669738","lncRNA"
"ENST00000669739","lncRNA"
"ENST00000669748","lncRNA"
"ENST00000669757","lncRNA"
"ENST00000669762","lncRNA"
"ENST00000669763","lncRNA"
"ENST00000669767","lncRNA"
"ENST00000669775","lncRNA"
"ENST00000669791","lncRNA"
"ENST00000669795","lncRNA"
"ENST00000669800","lncRNA"
"ENST00000669805","lncRNA"
"ENST00000669806","lncRNA"
"ENST00000669807","lncRNA"
"ENST00000669810","lncRNA"
"ENST00000669837","lncRNA"
"ENST00000669840","lncRNA"
"ENST00000669842","lncRNA"
"ENST00000669846","lncRNA"
"ENST00000669849","lncRNA"
"ENST00000669857","lncRNA"
"ENST00000669884","lncRNA"
"ENST00000669893","lncRNA"
"ENST00000669901","lncRNA"
"ENST00000669903","lncRNA"
"ENST00000669905","lncRNA"
"ENST00000669921","lncRNA"
"ENST00000669927","lncRNA"
"ENST00000669932","lncRNA"
"ENST00000669935","lncRNA"
"ENST00000669941","lncRNA"
"ENST00000669946","lncRNA"
"ENST00000669958","protein_coding_CDS_not_defined"
"ENST00000669970","lncRNA"
"ENST00000669997","lncRNA"
"ENST00000670008","lncRNA"
"ENST00000670018","lncRNA"
"ENST00000670025","lncRNA"
"ENST00000670043","lncRNA"
"ENST00000670044","lncRNA"
"ENST00000670056","lncRNA"
"ENST00000670065","lncRNA"
"ENST00000670071","lncRNA"
"ENST00000670084","lncRNA"
"ENST00000670121","lncRNA"
"ENST00000670153","lncRNA"
"ENST00000670167","lncRNA"
"ENST00000670172","lncRNA"
"ENST00000670184","lncRNA"
"ENST00000670186","lncRNA"
"ENST00000670195","lncRNA"
"ENST00000670217","lncRNA"
"ENST00000670221","lncRNA"
"ENST00000670256","lncRNA"
"ENST00000670283","lncRNA"
"ENST00000670303","lncRNA"
"ENST00000670304","lncRNA"
"ENST00000670305","lncRNA"
"ENST00000670311","lncRNA"
"ENST00000670331","lncRNA"
"ENST00000670342","lncRNA"
"ENST00000670348","lncRNA"
"ENST00000670353","lncRNA"
"ENST00000670359","lncRNA"
"ENST00000670390","lncRNA"
"ENST00000670395","lncRNA"
"ENST00000670407","nonsense_mediated_decay"
"ENST00000670414","lncRNA"
"ENST00000670420","lncRNA"
"ENST00000670445","lncRNA"
"ENST00000670447","lncRNA"
"ENST00000670452","lncRNA"
"ENST00000670465","lncRNA"
"ENST00000670475","lncRNA"
"ENST00000670487","lncRNA"
"ENST00000670510","lncRNA"
"ENST00000670524","lncRNA"
"ENST00000670542","lncRNA"
"ENST00000670556","lncRNA"
"ENST00000670557","lncRNA"
"ENST00000670563","lncRNA"
"ENST00000670600","lncRNA"
"ENST00000670608","lncRNA"
"ENST00000670611","lncRNA"
"ENST00000670639","lncRNA"
"ENST00000670643","lncRNA"
"ENST00000670645","lncRNA"
"ENST00000670647","lncRNA"
"ENST00000670648","lncRNA"
"ENST00000670654","lncRNA"
"ENST00000670669","lncRNA"
"ENST00000670709","lncRNA"
"ENST00000670710","lncRNA"
"ENST00000670757","lncRNA"
"ENST00000670767","lncRNA"
"ENST00000670775","lncRNA"
"ENST00000670778","lncRNA"
"ENST00000670790","lncRNA"
"ENST00000670798","lncRNA"
"ENST00000670808","lncRNA"
"ENST00000670829","lncRNA"
"ENST00000670856","lncRNA"
"ENST00000670867","lncRNA"
"ENST00000670880","lncRNA"
"ENST00000670884","lncRNA"
"ENST00000670886","lncRNA"
"ENST00000670888","lncRNA"
"ENST00000670891","lncRNA"
"ENST00000670892","lncRNA"
"ENST00000670908","lncRNA"
"ENST00000670915","lncRNA"
"ENST00000670916","lncRNA"
"ENST00000670946","lncRNA"
"ENST00000670959","lncRNA"
"ENST00000670960","lncRNA"
"ENST00000670961","lncRNA"
"ENST00000670962","lncRNA"
"ENST00000670967","lncRNA"
"ENST00000670969","lncRNA"
"ENST00000670986","lncRNA"
"ENST00000670988","lncRNA"
"ENST00000670990","lncRNA"
"ENST00000670992","lncRNA"
"ENST00000671000","lncRNA"
"ENST00000671008","lncRNA"
"ENST00000671011","lncRNA"
"ENST00000671026","lncRNA"
"ENST00000671027","lncRNA"
"ENST00000671028","lncRNA"
"ENST00000671030","lncRNA"
"ENST00000671032","lncRNA"
"ENST00000671045","lncRNA"
"ENST00000671048","lncRNA"
"ENST00000671050","lncRNA"
"ENST00000671064","lncRNA"
"ENST00000671069","lncRNA"
"ENST00000671074","lncRNA"
"ENST00000671078","lncRNA"
"ENST00000671100","lncRNA"
"ENST00000671101","lncRNA"
"ENST00000671146","lncRNA"
"ENST00000671148","lncRNA"
"ENST00000671157","lncRNA"
"ENST00000671162","lncRNA"
"ENST00000671177","lncRNA"
"ENST00000671181","lncRNA"
"ENST00000671192","lncRNA"
"ENST00000671204","lncRNA"
"ENST00000671221","lncRNA"
"ENST00000671227","lncRNA"
"ENST00000671228","lncRNA"
"ENST00000671229","lncRNA"
"ENST00000671244","lncRNA"
"ENST00000671256","lncRNA"
"ENST00000671269","lncRNA"
"ENST00000671271","lncRNA"
"ENST00000671282","lncRNA"
"ENST00000671289","lncRNA"
"ENST00000671304","lncRNA"
"ENST00000671305","lncRNA"
"ENST00000671307","lncRNA"
"ENST00000671313","lncRNA"
"ENST00000671324","lncRNA"
"ENST00000671333","lncRNA"
"ENST00000671349","lncRNA"
"ENST00000671350","lncRNA"
"ENST00000671353","lncRNA"
"ENST00000671362","lncRNA"
"ENST00000671370","lncRNA"
"ENST00000671378","lncRNA"
"ENST00000671382","lncRNA"
"ENST00000671387","lncRNA"
"ENST00000671417","lncRNA"
"ENST00000671423","lncRNA"
"ENST00000671427","lncRNA"
"ENST00000671439","lncRNA"
"ENST00000671441","lncRNA"
"ENST00000671457","lncRNA"
"ENST00000671464","lncRNA"
"ENST00000671474","lncRNA"
"ENST00000671476","lncRNA"
"ENST00000671494","lncRNA"
"ENST00000671499","lncRNA"
"ENST00000671502","lncRNA"
"ENST00000671512","lncRNA"
"ENST00000671520","lncRNA"
"ENST00000671523","lncRNA"
"ENST00000671533","lncRNA"
"ENST00000671542","lncRNA"
"ENST00000671545","lncRNA"
"ENST00000671548","lncRNA"
"ENST00000671552","lncRNA"
"ENST00000671553","lncRNA"
"ENST00000671559","lncRNA"
"ENST00000671574","lncRNA"
"ENST00000671575","lncRNA"
"ENST00000671601","lncRNA"
"ENST00000671603","lncRNA"
"ENST00000671610","lncRNA"
"ENST00000671614","lncRNA"
"ENST00000671633","lncRNA"
"ENST00000671644","lncRNA"
"ENST00000671647","lncRNA"
"ENST00000671653","lncRNA"
"ENST00000671654","lncRNA"
"ENST00000671670","lncRNA"
"ENST00000671687","lncRNA"
"ENST00000671701","protein_coding"
"ENST00000671753","protein_coding"
"ENST00000671756","protein_coding"
"ENST00000671775","protein_coding"
"ENST00000671809","protein_coding"
"ENST00000671824","protein_coding"
"ENST00000671831","retained_intron"
"ENST00000671902","protein_coding"
"ENST00000671916","protein_coding"
"ENST00000671989","lncRNA"
"ENST00000672019","nonsense_mediated_decay"
"ENST00000672052","retained_intron"
"ENST00000672057","lncRNA"
"ENST00000672146","protein_coding"
"ENST00000672209","protein_coding"
"ENST00000672240","protein_coding"
"ENST00000672251","protein_coding"
"ENST00000672261","unprocessed_pseudogene"
"ENST00000672287","protein_coding"
"ENST00000672320","retained_intron"
"ENST00000672336","protein_coding"
"ENST00000672340","protein_coding_CDS_not_defined"
"ENST00000672350","protein_coding"
"ENST00000672365","protein_coding"
"ENST00000672414","nonsense_mediated_decay"
"ENST00000672419","protein_coding"
"ENST00000672422","protein_coding"
"ENST00000672434","protein_coding"
"ENST00000672460","nonsense_mediated_decay"
"ENST00000672476","retained_intron"
"ENST00000672542","protein_coding"
"ENST00000672602","protein_coding"
"ENST00000672621","protein_coding"
"ENST00000672636","protein_coding"
"ENST00000672699","protein_coding"
"ENST00000672716","protein_coding"
"ENST00000672817","protein_coding"
"ENST00000672822","protein_coding_CDS_not_defined"
"ENST00000672858","protein_coding"
"ENST00000672880","protein_coding"
"ENST00000672915","protein_coding"
"ENST00000672922","protein_coding"
"ENST00000672930","protein_coding"
"ENST00000672931","protein_coding_CDS_not_defined"
"ENST00000672981","protein_coding"
"ENST00000672999","protein_coding_CDS_not_defined"
"ENST00000673047","protein_coding"
"ENST00000673048","protein_coding"
"ENST00000673087","TEC"
"ENST00000673109","protein_coding"
"ENST00000673240","protein_coding"
"ENST00000673264","lncRNA"
"ENST00000673271","protein_coding_CDS_not_defined"
"ENST00000673281","protein_coding"
"ENST00000673285","protein_coding"
"ENST00000673324","protein_coding"
"ENST00000673378","protein_coding_CDS_not_defined"
"ENST00000673400","protein_coding"
"ENST00000673428","processed_pseudogene"
"ENST00000673471","protein_coding"
"ENST00000673475","protein_coding"
"ENST00000673502","retained_intron"
"ENST00000673514","lncRNA"
"ENST00000673555","protein_coding"
"ENST00000673580","lncRNA"
"ENST00000673617","protein_coding_CDS_not_defined"
"ENST00000673645","protein_coding"
"ENST00000673660","protein_coding_CDS_not_defined"
"ENST00000673662","protein_coding_CDS_not_defined"
"ENST00000673721","lncRNA"
"ENST00000673735","protein_coding"
"ENST00000673746","nonsense_mediated_decay"
"ENST00000673755","protein_coding_CDS_not_defined"
"ENST00000673760","protein_coding"
"ENST00000673780","protein_coding"
"ENST00000673794","retained_intron"
"ENST00000673825","lncRNA"
"ENST00000673841","protein_coding"
"ENST00000673859","retained_intron"
"ENST00000673898","protein_coding_CDS_not_defined"
"ENST00000673936","protein_coding"
"ENST00000673961","lncRNA"
"ENST00000673962","lncRNA"
"ENST00000673975","lncRNA"
"ENST00000673992","nonsense_mediated_decay"
"ENST00000674005","protein_coding"
"ENST00000674010","retained_intron"
"ENST00000674031","protein_coding"
"ENST00000674043","protein_coding"
"ENST00000674060","nonsense_mediated_decay"
"ENST00000674062","nonsense_mediated_decay"
"ENST00000674071","protein_coding"
"ENST00000674076","transcribed_unitary_pseudogene"
"ENST00000674082","protein_coding"
"ENST00000674099","processed_pseudogene"
"ENST00000674145","retained_intron"
"ENST00000674148","retained_intron"
"ENST00000674171","nonsense_mediated_decay"
"ENST00000674199","protein_coding"
"ENST00000674216","lncRNA"
"ENST00000674262","nonsense_mediated_decay"
"ENST00000674265","lncRNA"
"ENST00000674270","protein_coding"
"ENST00000674288","nonsense_mediated_decay"
"ENST00000674338","lncRNA"
"ENST00000674348","lncRNA"
"ENST00000674352","nonsense_mediated_decay"
"ENST00000674426","protein_coding"
"ENST00000674494","retained_intron"
"ENST00000674510","protein_coding"
"ENST00000674549","protein_coding"
"ENST00000674563","nonsense_mediated_decay"
"ENST00000674566","lncRNA"
"ENST00000674572","protein_coding"
"ENST00000674577",NA
"ENST00000674580","lncRNA"
"ENST00000674602","protein_coding"
"ENST00000674611","lncRNA"
"ENST00000674612","protein_coding"
"ENST00000674637","protein_coding"
"ENST00000674642","protein_coding_CDS_not_defined"
"ENST00000674653","protein_coding_CDS_not_defined"
"ENST00000674674","protein_coding_CDS_not_defined"
"ENST00000674687","lncRNA"
"ENST00000674699","nonsense_mediated_decay"
"ENST00000674705","protein_coding_CDS_not_defined"
"ENST00000674718","retained_intron"
"ENST00000674724","lncRNA"
"ENST00000674726","protein_coding"
"ENST00000674771","nonsense_mediated_decay"
"ENST00000674812","lncRNA"
"ENST00000674842","lncRNA"
"ENST00000674850","nonsense_mediated_decay"
"ENST00000674852","protein_coding"
"ENST00000674861","retained_intron"
"ENST00000674863","lncRNA"
"ENST00000674881","protein_coding"
"ENST00000674882","lncRNA"
"ENST00000674883","lncRNA"
"ENST00000674899","protein_coding_CDS_not_defined"
"ENST00000674909","nonsense_mediated_decay"
"ENST00000674929","protein_coding"
"ENST00000674930","nonsense_mediated_decay"
"ENST00000674933","protein_coding"
"ENST00000674935","protein_coding"
"ENST00000674947","protein_coding"
"ENST00000674950","nonsense_mediated_decay"
"ENST00000674978","protein_coding_CDS_not_defined"
"ENST00000674982","retained_intron"
"ENST00000674984","protein_coding"
"ENST00000674990","lncRNA"
"ENST00000674993","protein_coding"
"ENST00000674994","nonsense_mediated_decay"
"ENST00000675008","nonsense_mediated_decay"
"ENST00000675017","protein_coding"
"ENST00000675024","retained_intron"
"ENST00000675072","lncRNA"
"ENST00000675075","protein_coding_CDS_not_defined"
"ENST00000675087","protein_coding"
"ENST00000675091","nonsense_mediated_decay"
"ENST00000675093","protein_coding"
"ENST00000675095","nonsense_mediated_decay"
"ENST00000675097","lncRNA"
"ENST00000675121","protein_coding"
"ENST00000675127","nonsense_mediated_decay"
"ENST00000675169","lncRNA"
"ENST00000675170","retained_intron"
"ENST00000675186","lncRNA"
"ENST00000675191","lncRNA"
"ENST00000675206","protein_coding"
"ENST00000675207","protein_coding"
"ENST00000675208","lncRNA"
"ENST00000675233","retained_intron"
"ENST00000675258","lncRNA"
"ENST00000675274","lncRNA"
"ENST00000675329","protein_coding"
"ENST00000675346","lncRNA"
"ENST00000675358","protein_coding"
"ENST00000675363","retained_intron"
"ENST00000675371","nonsense_mediated_decay"
"ENST00000675374","retained_intron"
"ENST00000675388","lncRNA"
"ENST00000675391","protein_coding"
"ENST00000675400","retained_intron"
"ENST00000675411","nonsense_mediated_decay"
"ENST00000675419","protein_coding"
"ENST00000675456","protein_coding"
"ENST00000675462","nonsense_mediated_decay"
"ENST00000675492","protein_coding"
"ENST00000675496","lncRNA"
"ENST00000675506","lncRNA"
"ENST00000675513","lncRNA"
"ENST00000675522","lncRNA"
"ENST00000675543","protein_coding"
"ENST00000675561","protein_coding"
"ENST00000675639","lncRNA"
"ENST00000675651","protein_coding"
"ENST00000675661","nonsense_mediated_decay"
"ENST00000675662","retained_intron"
"ENST00000675682","protein_coding_CDS_not_defined"
"ENST00000675692","protein_coding"
"ENST00000675710","protein_coding"
"ENST00000675722","lncRNA"
"ENST00000675738","protein_coding"
"ENST00000675751","nonsense_mediated_decay"
"ENST00000675758","lncRNA"
"ENST00000675775","protein_coding"
"ENST00000675809","nonsense_mediated_decay"
"ENST00000675818","protein_coding"
"ENST00000675823","lncRNA"
"ENST00000675842","protein_coding"
"ENST00000675862","retained_intron"
"ENST00000675865","protein_coding"
"ENST00000675870","nonsense_mediated_decay"
"ENST00000675876","protein_coding"
"ENST00000675883","protein_coding"
"ENST00000675916","nonsense_mediated_decay"
"ENST00000675923","lncRNA"
"ENST00000675934","lncRNA"
"ENST00000675948","lncRNA"
"ENST00000675955","protein_coding"
"ENST00000675962","protein_coding"
"ENST00000675980","protein_coding"
"ENST00000675983","protein_coding"
"ENST00000676016","nonsense_mediated_decay"
"ENST00000676035","retained_intron"
"ENST00000676036","lncRNA"
"ENST00000676050","protein_coding"
"ENST00000676075","protein_coding"
"ENST00000676098","protein_coding"
"ENST00000676100","protein_coding_CDS_not_defined"
"ENST00000676104","protein_coding"
"ENST00000676108","lncRNA"
"ENST00000676111","protein_coding"
"ENST00000676120","nonsense_mediated_decay"
"ENST00000676129","lncRNA"
"ENST00000676134","protein_coding_CDS_not_defined"
"ENST00000676143","protein_coding"
"ENST00000676171","protein_coding"
"ENST00000676172","protein_coding"
"ENST00000676186","lncRNA"
"ENST00000676191","protein_coding"
"ENST00000676221","protein_coding"
"ENST00000676224","nonsense_mediated_decay"
"ENST00000676248","lncRNA"
"ENST00000676308","protein_coding"
"ENST00000676338","lncRNA"
"ENST00000676348","protein_coding"
"ENST00000676354","protein_coding_CDS_not_defined"
"ENST00000676356","protein_coding_CDS_not_defined"
"ENST00000676380","protein_coding_CDS_not_defined"
"ENST00000676393","retained_intron"
"ENST00000676399","retained_intron"
"ENST00000676400","protein_coding_CDS_not_defined"
"ENST00000676407","lncRNA"
"ENST00000676424","retained_intron"
"ENST00000676488","nonsense_mediated_decay"
"ENST00000676492","retained_intron"
"ENST00000676518","nonsense_mediated_decay"
"ENST00000676520","protein_coding"
"ENST00000676535","retained_intron"
"ENST00000676543","nonsense_mediated_decay"
"ENST00000676564","nonsense_mediated_decay"
"ENST00000676579","protein_coding_CDS_not_defined"
"ENST00000676587","protein_coding"
"ENST00000676593","protein_coding"
"ENST00000676618","nonsense_mediated_decay"
"ENST00000676629","nonsense_mediated_decay"
"ENST00000676653","retained_intron"
"ENST00000676668","retained_intron"
"ENST00000676685","retained_intron"
"ENST00000676686","protein_coding"
"ENST00000676689","protein_coding_CDS_not_defined"
"ENST00000676743","protein_coding_CDS_not_defined"
"ENST00000676745","protein_coding_CDS_not_defined"
"ENST00000676757","protein_coding"
"ENST00000676858","nonsense_mediated_decay"
"ENST00000676860","retained_intron"
"ENST00000676873","retained_intron"
"ENST00000676876","nonsense_mediated_decay"
"ENST00000676900","nonsense_mediated_decay"
"ENST00000676946","protein_coding"
"ENST00000676949","protein_coding_CDS_not_defined"
"ENST00000676954","protein_coding"
"ENST00000676957","retained_intron"
"ENST00000676991","protein_coding_CDS_not_defined"
"ENST00000677011","protein_coding"
"ENST00000677030","protein_coding"
"ENST00000677033","retained_intron"
"ENST00000677042","nonsense_mediated_decay"
"ENST00000677052","protein_coding_CDS_not_defined"
"ENST00000677057","retained_intron"
"ENST00000677080","protein_coding"
"ENST00000677118","nonsense_mediated_decay"
"ENST00000677124","protein_coding_CDS_not_defined"
"ENST00000677154","retained_intron"
"ENST00000677175","lncRNA"
"ENST00000677176","nonsense_mediated_decay"
"ENST00000677192","retained_intron"
"ENST00000677205","retained_intron"
"ENST00000677310","protein_coding"
"ENST00000677350","retained_intron"
"ENST00000677360","protein_coding"
"ENST00000677369","protein_coding"
"ENST00000677380","protein_coding"
"ENST00000677392","retained_intron"
"ENST00000677412","protein_coding"
"ENST00000677431","protein_coding_CDS_not_defined"
"ENST00000677442","protein_coding"
"ENST00000677443","protein_coding"
"ENST00000677467","retained_intron"
"ENST00000677471","retained_intron"
"ENST00000677479","protein_coding"
"ENST00000677574","nonsense_mediated_decay"
"ENST00000677595","protein_coding"
"ENST00000677600","retained_intron"
"ENST00000677638","nonsense_mediated_decay"
"ENST00000677644","retained_intron"
"ENST00000677657","retained_intron"
"ENST00000677663","nonsense_mediated_decay"
"ENST00000677671","protein_coding"
"ENST00000677672","retained_intron"
"ENST00000677714","protein_coding_CDS_not_defined"
"ENST00000677765","protein_coding"
"ENST00000677771","protein_coding"
"ENST00000677834","retained_intron"
"ENST00000677837","nonsense_mediated_decay"
"ENST00000677839","protein_coding"
"ENST00000677845","nonsense_mediated_decay"
"ENST00000677888","protein_coding_CDS_not_defined"
"ENST00000677889","protein_coding"
"ENST00000677891","protein_coding"
"ENST00000677897","protein_coding_CDS_not_defined"
"ENST00000677899","protein_coding"
"ENST00000677906","nonsense_mediated_decay"
"ENST00000677925","retained_intron"
"ENST00000677948","nonsense_mediated_decay"
"ENST00000677978","nonsense_mediated_decay"
"ENST00000677997","protein_coding"
"ENST00000677999","protein_coding"
"ENST00000678003","nonsense_mediated_decay"
"ENST00000678022","nonsense_mediated_decay"
"ENST00000678026","retained_intron"
"ENST00000678041","retained_intron"
"ENST00000678046","protein_coding"
"ENST00000678060","protein_coding"
"ENST00000678073","protein_coding"
"ENST00000678100","protein_coding"
"ENST00000678123","protein_coding"
"ENST00000678141","retained_intron"
"ENST00000678154","nonsense_mediated_decay"
"ENST00000678169","nonsense_mediated_decay"
"ENST00000678205","nonsense_mediated_decay"
"ENST00000678209","protein_coding_CDS_not_defined"
"ENST00000678220","protein_coding"
"ENST00000678227","protein_coding_CDS_not_defined"
"ENST00000678239","retained_intron"
"ENST00000678269","protein_coding"
"ENST00000678294","retained_intron"
"ENST00000678296","protein_coding_CDS_not_defined"
"ENST00000678334","protein_coding"
"ENST00000678353","retained_intron"
"ENST00000678385","protein_coding_CDS_not_defined"
"ENST00000678391","protein_coding"
"ENST00000678403","nonsense_mediated_decay"
"ENST00000678446","protein_coding"
"ENST00000678466","protein_coding"
"ENST00000678472","protein_coding_CDS_not_defined"
"ENST00000678483","lncRNA"
"ENST00000678528","protein_coding"
"ENST00000678532","nonsense_mediated_decay"
"ENST00000678540","nonsense_mediated_decay"
"ENST00000678541","protein_coding_CDS_not_defined"
"ENST00000678542","protein_coding"
"ENST00000678564","protein_coding"
"ENST00000678578","protein_coding"
"ENST00000678616","protein_coding"
"ENST00000678639","protein_coding_CDS_not_defined"
"ENST00000678691","retained_intron"
"ENST00000678710","nonsense_mediated_decay"
"ENST00000678723","nonsense_mediated_decay"
"ENST00000678732","protein_coding_CDS_not_defined"
"ENST00000678747","protein_coding"
"ENST00000678762","nonsense_mediated_decay"
"ENST00000678792","protein_coding"
"ENST00000678797","protein_coding"
"ENST00000678799","nonsense_mediated_decay"
"ENST00000678817","retained_intron"
"ENST00000678822","retained_intron"
"ENST00000678841","retained_intron"
"ENST00000678858","retained_intron"
"ENST00000678859","retained_intron"
"ENST00000678864","protein_coding_CDS_not_defined"
"ENST00000678870","protein_coding"
"ENST00000678890","retained_intron"
"ENST00000678895","nonsense_mediated_decay"
"ENST00000678917","protein_coding"
"ENST00000678922","retained_intron"
"ENST00000678930","protein_coding"
"ENST00000678965","retained_intron"
"ENST00000678994","nonsense_mediated_decay"
"ENST00000679070","nonsense_mediated_decay"
"ENST00000679120","nonsense_mediated_decay"
"ENST00000679123","nonsense_mediated_decay"
"ENST00000679141","retained_intron"
"ENST00000679153","retained_intron"
"ENST00000679171","retained_intron"
"ENST00000679209","nonsense_mediated_decay"
"ENST00000679219","protein_coding"
"ENST00000679231","retained_intron"
"ENST00000679242","nonsense_mediated_decay"
"ENST00000679251","nonsense_mediated_decay"
"ENST00000679252","retained_intron"
"ENST00000679263","protein_coding"
"ENST00000679279","protein_coding"
"ENST00000679297","protein_coding_CDS_not_defined"
"ENST00000679352","nonsense_mediated_decay"
"ENST00000679358","nonsense_mediated_decay"
"ENST00000679367","protein_coding"
"ENST00000679379","nonsense_mediated_decay"
"ENST00000679411","nonsense_mediated_decay"
"ENST00000679424","nonsense_mediated_decay"
"ENST00000679425","nonsense_mediated_decay"
"ENST00000679428","protein_coding"
"ENST00000679435","nonsense_mediated_decay"
"ENST00000679455","nonsense_mediated_decay"
"ENST00000679465","retained_intron"
"ENST00000679477","protein_coding"
"ENST00000679491","nonsense_mediated_decay"
"ENST00000679498","retained_intron"
"ENST00000679503","protein_coding"
"ENST00000679505","nonsense_mediated_decay"
"ENST00000679509","retained_intron"
"ENST00000679558","protein_coding"
"ENST00000679591","nonsense_mediated_decay"
"ENST00000679609","nonsense_mediated_decay"
"ENST00000679635","retained_intron"
"ENST00000679636","protein_coding_CDS_not_defined"
"ENST00000679657","protein_coding"
"ENST00000679664","protein_coding_CDS_not_defined"
"ENST00000679672","nonsense_mediated_decay"
"ENST00000679674","protein_coding"
"ENST00000679680","protein_coding"
"ENST00000679711","nonsense_mediated_decay"
"ENST00000679755","protein_coding"
"ENST00000679776","protein_coding"
"ENST00000679777","processed_pseudogene"
"ENST00000679780","retained_intron"
"ENST00000679785","nonsense_mediated_decay"
"ENST00000679796","protein_coding"
"ENST00000679817","protein_coding"
"ENST00000679908","nonsense_mediated_decay"
"ENST00000679924","nonsense_mediated_decay"
"ENST00000679947","nonsense_mediated_decay"
"ENST00000679974","protein_coding_CDS_not_defined"
"ENST00000679981","nonsense_mediated_decay"
"ENST00000679993","retained_intron"
"ENST00000680091","protein_coding"
"ENST00000680099","protein_coding_CDS_not_defined"
"ENST00000680105","nonsense_mediated_decay"
"ENST00000680118","nonsense_mediated_decay"
"ENST00000680178","retained_intron"
"ENST00000680179","protein_coding_CDS_not_defined"
"ENST00000680238","nonsense_mediated_decay"
"ENST00000680242","retained_intron"
"ENST00000680266","retained_intron"
"ENST00000680269","protein_coding"
"ENST00000680282","protein_coding"
"ENST00000680327","nonsense_mediated_decay"
"ENST00000680347","protein_coding"
"ENST00000680350","retained_intron"
"ENST00000680421","protein_coding"
"ENST00000680422","nonsense_mediated_decay"
"ENST00000680457","protein_coding_CDS_not_defined"
"ENST00000680478","retained_intron"
"ENST00000680479","protein_coding_CDS_not_defined"
"ENST00000680487","nonsense_mediated_decay"
"ENST00000680496","protein_coding"
"ENST00000680500","nonsense_mediated_decay"
"ENST00000680525","nonsense_mediated_decay"
"ENST00000680528","retained_intron"
"ENST00000680537","protein_coding"
"ENST00000680547","retained_intron"
"ENST00000680558","protein_coding_CDS_not_defined"
"ENST00000680559","retained_intron"
"ENST00000680570","retained_intron"
"ENST00000680609","nonsense_mediated_decay"
"ENST00000680617","retained_intron"
"ENST00000680625","protein_coding_CDS_not_defined"
"ENST00000680642","nonsense_mediated_decay"
"ENST00000680653","retained_intron"
"ENST00000680666","retained_intron"
"ENST00000680684","protein_coding"
"ENST00000680741","protein_coding"
"ENST00000680759","protein_coding"
"ENST00000680769","retained_intron"
"ENST00000680782","protein_coding"
"ENST00000680794","nonsense_mediated_decay"
"ENST00000680800","protein_coding_CDS_not_defined"
"ENST00000680801","protein_coding"
"ENST00000680837","nonsense_mediated_decay"
"ENST00000680865","retained_intron"
"ENST00000680904","retained_intron"
"ENST00000680971","protein_coding"
"ENST00000680979","protein_coding"
"ENST00000680980","retained_intron"
"ENST00000681013","nonsense_mediated_decay"
"ENST00000681014","protein_coding"
"ENST00000681022","protein_coding"
"ENST00000681063","nonsense_mediated_decay"
"ENST00000681068","retained_intron"
"ENST00000681122","retained_intron"
"ENST00000681135","nonsense_mediated_decay"
"ENST00000681150","protein_coding_CDS_not_defined"
"ENST00000681165","nonsense_mediated_decay"
"ENST00000681204","protein_coding"
"ENST00000681219","protein_coding"
"ENST00000681232","protein_coding"
"ENST00000681235","nonsense_mediated_decay"
"ENST00000681261","nonsense_mediated_decay"
"ENST00000681267","nonsense_mediated_decay"
"ENST00000681284","retained_intron"
"ENST00000681301","protein_coding"
"ENST00000681343","protein_coding"
"ENST00000681366","protein_coding_CDS_not_defined"
"ENST00000681374","retained_intron"
"ENST00000681417","protein_coding"
"ENST00000681447","protein_coding"
"ENST00000681471","nonsense_mediated_decay"
"ENST00000681483","nonsense_mediated_decay"
"ENST00000681489","protein_coding"
"ENST00000681553","retained_intron"
"ENST00000681560","nonsense_mediated_decay"
"ENST00000681561","protein_coding_CDS_not_defined"
"ENST00000681579","nonsense_mediated_decay"
"ENST00000681584","protein_coding"
"ENST00000681601","protein_coding"
"ENST00000681604","nonsense_mediated_decay"
"ENST00000681627","protein_coding"
"ENST00000681644","nonsense_mediated_decay"
"ENST00000681671","protein_coding"
"ENST00000681700","protein_coding"
"ENST00000681719","lncRNA"
"ENST00000681736","nonsense_mediated_decay"
"ENST00000681781","protein_coding_CDS_not_defined"
"ENST00000681797","non_stop_decay"
"ENST00000681802","protein_coding"
"ENST00000681825","retained_intron"
"ENST00000681859","nonsense_mediated_decay"
"ENST00000681863","retained_intron"
"ENST00000681865","protein_coding"
"ENST00000681868","retained_intron"
"ENST00000681877","protein_coding"
"ENST00000681897","retained_intron"
"ENST00000681906","nonsense_mediated_decay"
"ENST00000681930","retained_intron"
"ENST00000681954","retained_intron"
"ENST00000681957","nonsense_mediated_decay"
"ENST00000681964","nonsense_mediated_decay"
"ENST00000681965","nonsense_mediated_decay"
"ENST00000681971","protein_coding"
"ENST00000682001","retained_intron"
"ENST00000682013","nonsense_mediated_decay"
"ENST00000682096","retained_intron"
"ENST00000682113","retained_intron"
"ENST00000682125","retained_intron"
"ENST00000682169","protein_coding"
"ENST00000682200","nonsense_mediated_decay"
"ENST00000682215","retained_intron"
"ENST00000682238","protein_coding"
"ENST00000682243","nonsense_mediated_decay"
"ENST00000682291","protein_coding"
"ENST00000682293","protein_coding"
"ENST00000682298","retained_intron"
"ENST00000682318","nonsense_mediated_decay"
"ENST00000682370","retained_intron"
"ENST00000682376","retained_intron"
"ENST00000682420","retained_intron"
"ENST00000682421","protein_coding"
"ENST00000682435","protein_coding_CDS_not_defined"
"ENST00000682458","protein_coding"
"ENST00000682473","protein_coding_CDS_not_defined"
"ENST00000682488","protein_coding"
"ENST00000682491","protein_coding"
"ENST00000682497","protein_coding"
"ENST00000682535","protein_coding_CDS_not_defined"
"ENST00000682627","retained_intron"
"ENST00000682652","retained_intron"
"ENST00000682665","retained_intron"
"ENST00000682679","nonsense_mediated_decay"
"ENST00000682682","protein_coding"
"ENST00000682683","retained_intron"
"ENST00000682694","nonsense_mediated_decay"
"ENST00000682701","protein_coding"
"ENST00000682719","protein_coding"
"ENST00000682723","nonsense_mediated_decay"
"ENST00000682747","retained_intron"
"ENST00000682757","retained_intron"
"ENST00000682772","protein_coding"
"ENST00000682776","nonsense_mediated_decay"
"ENST00000682798","retained_intron"
"ENST00000682826","nonsense_mediated_decay"
"ENST00000682848","protein_coding"
"ENST00000682857","retained_intron"
"ENST00000682860","protein_coding"
"ENST00000682884","retained_intron"
"ENST00000682906","nonsense_mediated_decay"
"ENST00000682947","protein_coding_CDS_not_defined"
"ENST00000682960","retained_intron"
"ENST00000682961","protein_coding"
"ENST00000682977","protein_coding"
"ENST00000682995","nonsense_mediated_decay"
"ENST00000682997","protein_coding"
"ENST00000683008","retained_intron"
"ENST00000683027","retained_intron"
"ENST00000683035","protein_coding"
"ENST00000683061","retained_intron"
"ENST00000683069","retained_intron"
"ENST00000683083","retained_intron"
"ENST00000683085","nonsense_mediated_decay"
"ENST00000683118","protein_coding"
"ENST00000683126","nonsense_mediated_decay"
"ENST00000683149","nonsense_mediated_decay"
"ENST00000683155","retained_intron"
"ENST00000683210","protein_coding"
"ENST00000683215","protein_coding"
"ENST00000683217","protein_coding"
"ENST00000683223","nonsense_mediated_decay"
"ENST00000683257","protein_coding"
"ENST00000683298","retained_intron"
"ENST00000683304","nonsense_mediated_decay"
"ENST00000683341","protein_coding"
"ENST00000683343","retained_intron"
"ENST00000683347","retained_intron"
"ENST00000683391","protein_coding"
"ENST00000683396","retained_intron"
"ENST00000683399","lncRNA"
"ENST00000683410","retained_intron"
"ENST00000683421","protein_coding_CDS_not_defined"
"ENST00000683422","protein_coding_CDS_not_defined"
"ENST00000683448","nonsense_mediated_decay"
"ENST00000683451","protein_coding"
"ENST00000683477","retained_intron"
"ENST00000683480","lncRNA"
"ENST00000683499","protein_coding"
"ENST00000683507","protein_coding_CDS_not_defined"
"ENST00000683538","nonsense_mediated_decay"
"ENST00000683542","nonsense_mediated_decay"
"ENST00000683568","retained_intron"
"ENST00000683574","protein_coding_CDS_not_defined"
"ENST00000683581","protein_coding"
"ENST00000683598","nonsense_mediated_decay"
"ENST00000683626","nonsense_mediated_decay"
"ENST00000683629","nonsense_mediated_decay"
"ENST00000683643","protein_coding"
"ENST00000683670","protein_coding"
"ENST00000683679","protein_coding"
"ENST00000683690","nonsense_mediated_decay"
"ENST00000683705","protein_coding"
"ENST00000683711","retained_intron"
"ENST00000683718","nonsense_mediated_decay"
"ENST00000683753","retained_intron"
"ENST00000683768","protein_coding"
"ENST00000683786","nonsense_mediated_decay"
"ENST00000683807","lncRNA"
"ENST00000683812","protein_coding_CDS_not_defined"
"ENST00000683823","protein_coding"
"ENST00000683824","protein_coding"
"ENST00000683835","protein_coding"
"ENST00000683862","protein_coding"
"ENST00000683888","retained_intron"
"ENST00000683892","retained_intron"
"ENST00000683928","nonsense_mediated_decay"
"ENST00000683941","protein_coding"
"ENST00000684000","protein_coding"
"ENST00000684008","nonsense_mediated_decay"
"ENST00000684013","retained_intron"
"ENST00000684021","protein_coding"
"ENST00000684028","protein_coding"
"ENST00000684035","retained_intron"
"ENST00000684090","protein_coding_CDS_not_defined"
"ENST00000684147","protein_coding_CDS_not_defined"
"ENST00000684168","protein_coding"
"ENST00000684194","retained_intron"
"ENST00000684204","protein_coding"
"ENST00000684228","protein_coding"
"ENST00000684239","nonsense_mediated_decay"
"ENST00000684240","protein_coding_CDS_not_defined"
"ENST00000684242","retained_intron"
"ENST00000684246","nonsense_mediated_decay"
"ENST00000684255","nonsense_mediated_decay"
"ENST00000684280","protein_coding"
"ENST00000684291","nonsense_mediated_decay"
"ENST00000684299","nonsense_mediated_decay"
"ENST00000684320","lncRNA"
"ENST00000684370","protein_coding"
"ENST00000684376","protein_coding_CDS_not_defined"
"ENST00000684389","protein_coding_CDS_not_defined"
"ENST00000684419","retained_intron"
"ENST00000684428","protein_coding"
"ENST00000684433","retained_intron"
"ENST00000684448","retained_intron"
"ENST00000684450","retained_intron"
"ENST00000684488","protein_coding"
"ENST00000684506","nonsense_mediated_decay"
"ENST00000684513","protein_coding_CDS_not_defined"
"ENST00000684526","nonsense_mediated_decay"
"ENST00000684534","protein_coding_CDS_not_defined"
"ENST00000684539","protein_coding"
"ENST00000684545","protein_coding"
"ENST00000684612","protein_coding"
"ENST00000684617","retained_intron"
"ENST00000684647","protein_coding"
"ENST00000684654","protein_coding"
"ENST00000684684","nonsense_mediated_decay"
"ENST00000684706","protein_coding_CDS_not_defined"
"ENST00000684721","protein_coding"
"ENST00000684735","protein_coding"
"ENST00000684750","nonsense_mediated_decay"
"ENST00000684792","protein_coding"
"ENST00000684802","lncRNA"
"ENST00000684805","lncRNA"
"ENST00000684820","lncRNA"
"ENST00000684839","lncRNA"
"ENST00000684841","lncRNA"
"ENST00000684848","protein_coding"
"ENST00000684853","retained_intron"
"ENST00000684888","lncRNA"
"ENST00000684919","lncRNA"
"ENST00000684924","lncRNA"
"ENST00000684952","lncRNA"
"ENST00000684956","lncRNA"
"ENST00000685000","lncRNA"
"ENST00000685008","lncRNA"
"ENST00000685018","nonsense_mediated_decay"
"ENST00000685028","lncRNA"
"ENST00000685048","lncRNA"
"ENST00000685110","protein_coding"
"ENST00000685181","lncRNA"
"ENST00000685196","lncRNA"
"ENST00000685198","protein_coding"
"ENST00000685210","protein_coding"
"ENST00000685222","lncRNA"
"ENST00000685223","lncRNA"
"ENST00000685224","protein_coding"
"ENST00000685228","lncRNA"
"ENST00000685240","protein_coding"
"ENST00000685255","lncRNA"
"ENST00000685294","lncRNA"
"ENST00000685315","lncRNA"
"ENST00000685345","lncRNA"
"ENST00000685348","nonsense_mediated_decay"
"ENST00000685370","lncRNA"
"ENST00000685374","lncRNA"
"ENST00000685395","lncRNA"
"ENST00000685417","lncRNA"
"ENST00000685445","lncRNA"
"ENST00000685460","protein_coding_CDS_not_defined"
"ENST00000685483","lncRNA"
"ENST00000685525","lncRNA"
"ENST00000685529","lncRNA"
"ENST00000685617","lncRNA"
"ENST00000685618","lncRNA"
"ENST00000685628","protein_coding"
"ENST00000685645","lncRNA"
"ENST00000685669","lncRNA"
"ENST00000685692","lncRNA"
"ENST00000685697","retained_intron"
"ENST00000685720","protein_coding"
"ENST00000685725","lncRNA"
"ENST00000685728","lncRNA"
"ENST00000685734","lncRNA"
"ENST00000685796","lncRNA"
"ENST00000685814","nonsense_mediated_decay"
"ENST00000685823","protein_coding"
"ENST00000685829","protein_coding"
"ENST00000685835","retained_intron"
"ENST00000685851","lncRNA"
"ENST00000685855","lncRNA"
"ENST00000685858","protein_coding"
"ENST00000685862","lncRNA"
"ENST00000685877","lncRNA"
"ENST00000685936","protein_coding"
"ENST00000685953","protein_coding"
"ENST00000685962","lncRNA"
"ENST00000686052","lncRNA"
"ENST00000686055","lncRNA"
"ENST00000686075","retained_intron"
"ENST00000686098","nonsense_mediated_decay"
"ENST00000686149","retained_intron"
"ENST00000686189","protein_coding"
"ENST00000686209","lncRNA"
"ENST00000686221","lncRNA"
"ENST00000686241","protein_coding_CDS_not_defined"
"ENST00000686268","protein_coding_CDS_not_defined"
"ENST00000686289","retained_intron"
"ENST00000686306","lncRNA"
"ENST00000686324","protein_coding"
"ENST00000686328","lncRNA"
"ENST00000686345","lncRNA"
"ENST00000686376","nonsense_mediated_decay"
"ENST00000686427","nonsense_mediated_decay"
"ENST00000686440","lncRNA"
"ENST00000686455","retained_intron"
"ENST00000686457","lncRNA"
"ENST00000686461","nonsense_mediated_decay"
"ENST00000686470","nonsense_mediated_decay"
"ENST00000686472","retained_intron"
"ENST00000686493","lncRNA"
"ENST00000686504","lncRNA"
"ENST00000686507","lncRNA"
"ENST00000686526","lncRNA"
"ENST00000686572","lncRNA"
"ENST00000686585","protein_coding"
"ENST00000686589","lncRNA"
"ENST00000686598","lncRNA"
"ENST00000686601","lncRNA"
"ENST00000686610","lncRNA"
"ENST00000686611","protein_coding"
"ENST00000686633","lncRNA"
"ENST00000686672","lncRNA"
"ENST00000686678","lncRNA"
"ENST00000686691","lncRNA"
"ENST00000686694","lncRNA"
"ENST00000686702","protein_coding"
"ENST00000686704","lncRNA"
"ENST00000686738","lncRNA"
"ENST00000686771","protein_coding"
"ENST00000686783","lncRNA"
"ENST00000686786","nonsense_mediated_decay"
"ENST00000686805","lncRNA"
"ENST00000686811","nonsense_mediated_decay"
"ENST00000686818","lncRNA"
"ENST00000686826","protein_coding_CDS_not_defined"
"ENST00000686832","lncRNA"
"ENST00000686843","lncRNA"
"ENST00000686852","lncRNA"
"ENST00000686863","lncRNA"
"ENST00000686882","protein_coding_CDS_not_defined"
"ENST00000686898","lncRNA"
"ENST00000686932","lncRNA"
"ENST00000686955","nonsense_mediated_decay"
"ENST00000686985","lncRNA"
"ENST00000687016","protein_coding"
"ENST00000687029","lncRNA"
"ENST00000687033","lncRNA"
"ENST00000687064","lncRNA"
"ENST00000687081","lncRNA"
"ENST00000687096","lncRNA"
"ENST00000687106","lncRNA"
"ENST00000687130","lncRNA"
"ENST00000687135","protein_coding"
"ENST00000687160","protein_coding"
"ENST00000687202","retained_intron"
"ENST00000687215","nonsense_mediated_decay"
"ENST00000687225","nonsense_mediated_decay"
"ENST00000687230","lncRNA"
"ENST00000687267","lncRNA"
"ENST00000687302","retained_intron"
"ENST00000687326","nonsense_mediated_decay"
"ENST00000687342","lncRNA"
"ENST00000687389","lncRNA"
"ENST00000687404","lncRNA"
"ENST00000687409","retained_intron"
"ENST00000687412","lncRNA"
"ENST00000687421","lncRNA"
"ENST00000687424","lncRNA"
"ENST00000687431","lncRNA"
"ENST00000687433","lncRNA"
"ENST00000687448","protein_coding"
"ENST00000687461","protein_coding_CDS_not_defined"
"ENST00000687463","nonsense_mediated_decay"
"ENST00000687472","lncRNA"
"ENST00000687484","lncRNA"
"ENST00000687491","lncRNA"
"ENST00000687515","lncRNA"
"ENST00000687520","lncRNA"
"ENST00000687548","retained_intron"
"ENST00000687595","lncRNA"
"ENST00000687606","lncRNA"
"ENST00000687608","lncRNA"
"ENST00000687613","retained_intron"
"ENST00000687639","lncRNA"
"ENST00000687693","lncRNA"
"ENST00000687696","protein_coding_CDS_not_defined"
"ENST00000687718","nonsense_mediated_decay"
"ENST00000687760","lncRNA"
"ENST00000687779","lncRNA"
"ENST00000687797","protein_coding"
"ENST00000687816","lncRNA"
"ENST00000687831","lncRNA"
"ENST00000687851","protein_coding_CDS_not_defined"
"ENST00000687870","lncRNA"
"ENST00000687881","lncRNA"
"ENST00000687884","lncRNA"
"ENST00000687960","lncRNA"
"ENST00000687963","lncRNA"
"ENST00000688005","protein_coding"
"ENST00000688034","lncRNA"
"ENST00000688046","lncRNA"
"ENST00000688075","lncRNA"
"ENST00000688128","lncRNA"
"ENST00000688129","nonsense_mediated_decay"
"ENST00000688141","retained_intron"
"ENST00000688143","lncRNA"
"ENST00000688176","lncRNA"
"ENST00000688181","lncRNA"
"ENST00000688207","lncRNA"
"ENST00000688216","protein_coding_CDS_not_defined"
"ENST00000688227","lncRNA"
"ENST00000688233","lncRNA"
"ENST00000688240","lncRNA"
"ENST00000688249","protein_coding"
"ENST00000688262","lncRNA"
"ENST00000688285","protein_coding"
"ENST00000688294",NA
"ENST00000688387","lncRNA"
"ENST00000688418","lncRNA"
"ENST00000688421","lncRNA"
"ENST00000688429","lncRNA"
"ENST00000688467","lncRNA"
"ENST00000688469","lncRNA"
"ENST00000688477","lncRNA"
"ENST00000688486","lncRNA"
"ENST00000688516","lncRNA"
"ENST00000688525","lncRNA"
"ENST00000688529","protein_coding"
"ENST00000688533","lncRNA"
"ENST00000688536","protein_coding_CDS_not_defined"
"ENST00000688537","lncRNA"
"ENST00000688555","lncRNA"
"ENST00000688567","retained_intron"
"ENST00000688590","protein_coding_CDS_not_defined"
"ENST00000688598","protein_coding"
"ENST00000688607","lncRNA"
"ENST00000688615","lncRNA"
"ENST00000688625","nonsense_mediated_decay"
"ENST00000688628","protein_coding"
"ENST00000688646","lncRNA"
"ENST00000688668","lncRNA"
"ENST00000688724","nonsense_mediated_decay"
"ENST00000688726","lncRNA"
"ENST00000688742","lncRNA"
"ENST00000688750","lncRNA"
"ENST00000688776","lncRNA"
"ENST00000688785","protein_coding"
"ENST00000688792","retained_intron"
"ENST00000688798","nonsense_mediated_decay"
"ENST00000688834","retained_intron"
"ENST00000688849","lncRNA"
"ENST00000688908","protein_coding"
"ENST00000688909","lncRNA"
"ENST00000688928","protein_coding"
"ENST00000688930","lncRNA"
"ENST00000688948","protein_coding"
"ENST00000688951","lncRNA"
"ENST00000688953","lncRNA"
"ENST00000688975","lncRNA"
"ENST00000689004","lncRNA"
"ENST00000689050","lncRNA"
"ENST00000689139","protein_coding"
"ENST00000689143","nonsense_mediated_decay"
"ENST00000689146","lncRNA"
"ENST00000689148","protein_coding_CDS_not_defined"
"ENST00000689218","retained_intron"
"ENST00000689280","lncRNA"
"ENST00000689282","lncRNA"
"ENST00000689296","protein_coding"
"ENST00000689298","nonsense_mediated_decay"
"ENST00000689302","lncRNA"
"ENST00000689315","lncRNA"
"ENST00000689332","protein_coding"
"ENST00000689333","lncRNA"
"ENST00000689337","lncRNA"
"ENST00000689349","lncRNA"
"ENST00000689355","lncRNA"
"ENST00000689372","lncRNA"
"ENST00000689375","lncRNA"
"ENST00000689390","protein_coding_CDS_not_defined"
"ENST00000689395","lncRNA"
"ENST00000689411","retained_intron"
"ENST00000689418","nonsense_mediated_decay"
"ENST00000689423","nonsense_mediated_decay"
"ENST00000689438","lncRNA"
"ENST00000689459","protein_coding"
"ENST00000689484","protein_coding"
"ENST00000689499","lncRNA"
"ENST00000689540","retained_intron"
"ENST00000689554","lncRNA"
"ENST00000689570","retained_intron"
"ENST00000689579","lncRNA"
"ENST00000689628","lncRNA"
"ENST00000689652","lncRNA"
"ENST00000689654","protein_coding"
"ENST00000689658","lncRNA"
"ENST00000689692","lncRNA"
"ENST00000689702","lncRNA"
"ENST00000689719","lncRNA"
"ENST00000689745","lncRNA"
"ENST00000689750","protein_coding"
"ENST00000689757","protein_coding"
"ENST00000689769","lncRNA"
"ENST00000689795","retained_intron"
"ENST00000689799","lncRNA"
"ENST00000689808","lncRNA"
"ENST00000689826","lncRNA"
"ENST00000689863","lncRNA"
"ENST00000689875","lncRNA"
"ENST00000689882","protein_coding"
"ENST00000689905","lncRNA"
"ENST00000689907","lncRNA"
"ENST00000689919","nonsense_mediated_decay"
"ENST00000689942","lncRNA"
"ENST00000689970","lncRNA"
"ENST00000690013","nonsense_mediated_decay"
"ENST00000690056","retained_intron"
"ENST00000690076","lncRNA"
"ENST00000690114","protein_coding"
"ENST00000690135","lncRNA"
"ENST00000690168","lncRNA"
"ENST00000690236","retained_intron"
"ENST00000690256","lncRNA"
"ENST00000690259","lncRNA"
"ENST00000690285","nonsense_mediated_decay"
"ENST00000690292","nonsense_mediated_decay"
"ENST00000690317","nonsense_mediated_decay"
"ENST00000690330","protein_coding"
"ENST00000690364","lncRNA"
"ENST00000690366","lncRNA"
"ENST00000690398","nonsense_mediated_decay"
"ENST00000690427","lncRNA"
"ENST00000690433","lncRNA"
"ENST00000690447","lncRNA"
"ENST00000690501","lncRNA"
"ENST00000690503","nonsense_mediated_decay"
"ENST00000690524","lncRNA"
"ENST00000690534","retained_intron"
"ENST00000690544","nonsense_mediated_decay"
"ENST00000690551","lncRNA"
"ENST00000690574","lncRNA"
"ENST00000690580","nonsense_mediated_decay"
"ENST00000690582","lncRNA"
"ENST00000690596","lncRNA"
"ENST00000690597","lncRNA"
"ENST00000690598","lncRNA"
"ENST00000690614","protein_coding"
"ENST00000690617","retained_intron"
"ENST00000690647","lncRNA"
"ENST00000690673","protein_coding_CDS_not_defined"
"ENST00000690677","nonsense_mediated_decay"
"ENST00000690697",NA
"ENST00000690741","lncRNA"
"ENST00000690742","lncRNA"
"ENST00000690750","lncRNA"
"ENST00000690784","retained_intron"
"ENST00000690812","protein_coding"
"ENST00000690823","protein_coding"
"ENST00000690831","nonsense_mediated_decay"
"ENST00000690839","lncRNA"
"ENST00000690843","lncRNA"
"ENST00000690865","lncRNA"
"ENST00000690874","protein_coding"
"ENST00000690878","nonsense_mediated_decay"
"ENST00000690880","lncRNA"
"ENST00000690899","lncRNA"
"ENST00000690908","protein_coding"
"ENST00000690917","protein_coding_CDS_not_defined"
"ENST00000691019","lncRNA"
"ENST00000691025","protein_coding"
"ENST00000691028","protein_coding"
"ENST00000691032","protein_coding"
"ENST00000691037","lncRNA"
"ENST00000691071","retained_intron"
"ENST00000691075","protein_coding"
"ENST00000691127","lncRNA"
"ENST00000691160","lncRNA"
"ENST00000691186","lncRNA"
"ENST00000691189","lncRNA"
"ENST00000691191","lncRNA"
"ENST00000691198","lncRNA"
"ENST00000691246","lncRNA"
"ENST00000691264","lncRNA"
"ENST00000691337","lncRNA"
"ENST00000691352","lncRNA"
"ENST00000691367","protein_coding_CDS_not_defined"
"ENST00000691373","lncRNA"
"ENST00000691383","retained_intron"
"ENST00000691458","retained_intron"
"ENST00000691489","lncRNA"
"ENST00000691501","lncRNA"
"ENST00000691571","lncRNA"
"ENST00000691583","protein_coding"
"ENST00000691653","lncRNA"
"ENST00000691731","nonsense_mediated_decay"
"ENST00000691734","lncRNA"
"ENST00000691752","lncRNA"
"ENST00000691762","lncRNA"
"ENST00000691770","nonsense_mediated_decay"
"ENST00000691788","protein_coding"
"ENST00000691794","lncRNA"
"ENST00000691801","lncRNA"
"ENST00000691829","lncRNA"
"ENST00000691900","protein_coding"
"ENST00000691916","lncRNA"
"ENST00000691924","lncRNA"
"ENST00000691939","protein_coding"
"ENST00000691949","lncRNA"
"ENST00000691950","lncRNA"
"ENST00000691955","lncRNA"
"ENST00000691966","lncRNA"
"ENST00000691967","lncRNA"
"ENST00000691985","lncRNA"
"ENST00000691988","retained_intron"
"ENST00000692005","protein_coding"
"ENST00000692021","lncRNA"
"ENST00000692044","protein_coding"
"ENST00000692055","lncRNA"
"ENST00000692056","protein_coding"
"ENST00000692060","lncRNA"
"ENST00000692073","lncRNA"
"ENST00000692085","protein_coding"
"ENST00000692131","lncRNA"
"ENST00000692155","nonsense_mediated_decay"
"ENST00000692172","lncRNA"
"ENST00000692242","protein_coding"
"ENST00000692267","retained_intron"
"ENST00000692278","protein_coding"
"ENST00000692335","lncRNA"
"ENST00000692380","protein_coding_CDS_not_defined"
"ENST00000692395","protein_coding"
"ENST00000692444","lncRNA"
"ENST00000692445","lncRNA"
"ENST00000692449","lncRNA"
"ENST00000692457","lncRNA"
"ENST00000692460","protein_coding"
"ENST00000692482","lncRNA"
"ENST00000692489","lncRNA"
"ENST00000692504","lncRNA"
"ENST00000692510","lncRNA"
"ENST00000692518","nonsense_mediated_decay"
"ENST00000692521","lncRNA"
"ENST00000692527","lncRNA"
"ENST00000692565","lncRNA"
"ENST00000692568","lncRNA"
"ENST00000692580","lncRNA"
"ENST00000692585","nonsense_mediated_decay"
"ENST00000692586","lncRNA"
"ENST00000692589","lncRNA"
"ENST00000692591","lncRNA"
"ENST00000692650","lncRNA"
"ENST00000692665","retained_intron"
"ENST00000692693","protein_coding"
"ENST00000692698","lncRNA"
"ENST00000692780","lncRNA"
"ENST00000692820","lncRNA"
"ENST00000692866","retained_intron"
"ENST00000692875","nonsense_mediated_decay"
"ENST00000692913","lncRNA"
"ENST00000692918","lncRNA"
"ENST00000692986","lncRNA"
"ENST00000692993","retained_intron"
"ENST00000692998","lncRNA"
"ENST00000693025","lncRNA"
"ENST00000693042","lncRNA"
"ENST00000693059","lncRNA"
"ENST00000693063","lncRNA"
"ENST00000693090","protein_coding"
"ENST00000693091","lncRNA"
"ENST00000693113","lncRNA"
"ENST00000693159","nonsense_mediated_decay"
"ENST00000693194","lncRNA"
"ENST00000693218","nonsense_mediated_decay"
"ENST00000693230","lncRNA"
"ENST00000693246","lncRNA"
"ENST00000693267","lncRNA"
"ENST00000693316","lncRNA"
"ENST00000693329","nonsense_mediated_decay"
"ENST00000693377","lncRNA"
"ENST00000693412","lncRNA"
"ENST00000693423","nonsense_mediated_decay"
"ENST00000693434","lncRNA"
"ENST00000693458",NA
"ENST00000693469","retained_intron"
"ENST00000693472","lncRNA"
"ENST00000693483","lncRNA"
"ENST00000693484","lncRNA"
"ENST00000693497","lncRNA"
"ENST00000693585","lncRNA"
"ENST00000693608","lncRNA"
"ENST00000693622","protein_coding"
"ENST00000693633","lncRNA"
"ENST00000693656","retained_intron"
"ENST00000693667","lncRNA"
"ENST00000693673","protein_coding"
"ENST00000693735","protein_coding"
"ENST00000694877","protein_coding"
"ENST00000694883","protein_coding"
"ENST00000694915","protein_coding"
"ENST00000694924","retained_intron"
"ENST00000694957","nonsense_mediated_decay"
"ENST00000694994","protein_coding"
"ENST00000695015","nonsense_mediated_decay"
"ENST00000695021","retained_intron"
"ENST00000695024","retained_intron"
"ENST00000695042","retained_intron"
"ENST00000695047","nonsense_mediated_decay"
"ENST00000695048","retained_intron"
"ENST00000695051","nonsense_mediated_decay"
"ENST00000695054","nonsense_mediated_decay"
"ENST00000695101","nonsense_mediated_decay"
"ENST00000695313","retained_intron"
"ENST00000695372","nonsense_mediated_decay"
"ENST00000695418","protein_coding"
"ENST00000695508","protein_coding"
"ENST00000695509","protein_coding"
"ENST00000695515","protein_coding"
"ENST00000695533","protein_coding_CDS_not_defined"
"ENST00000695548","protein_coding_CDS_not_defined"
"ENST00000695596","retained_intron"
"ENST00000695615","protein_coding"
"ENST00000695666","retained_intron"
"ENST00000695682","retained_intron"
"ENST00000695686","retained_intron"
"ENST00000695687","retained_intron"
"ENST00000695690","retained_intron"
"ENST00000695705","lncRNA"
"ENST00000695715","protein_coding"
"ENST00000695728","retained_intron"
"ENST00000695729","retained_intron"
"ENST00000695743","protein_coding"
"ENST00000695750","protein_coding"
"ENST00000695763","protein_coding"
"ENST00000695786","retained_intron"
"ENST00000695794","protein_coding"
"ENST00000695812","retained_intron"
"ENST00000695857","protein_coding"
"ENST00000695859","protein_coding"
"ENST00000695864","protein_coding"
"ENST00000695883","retained_intron"
"ENST00000695892","protein_coding"
"ENST00000695897","protein_coding"
"ENST00000695937","lncRNA"
"ENST00000695950","protein_coding"
"ENST00000695975","nonsense_mediated_decay"
"ENST00000695977","protein_coding_CDS_not_defined"
"ENST00000695980","protein_coding_CDS_not_defined"
"ENST00000696020","protein_coding_CDS_not_defined"
"ENST00000696027","protein_coding"
"ENST00000696031","nonsense_mediated_decay"
"ENST00000696051","nonsense_mediated_decay"
"ENST00000696071","protein_coding"
"ENST00000696082","protein_coding"
"ENST00000696097","protein_coding"
"ENST00000696114","nonsense_mediated_decay"
"ENST00000696118","nonsense_mediated_decay"
"ENST00000696119","protein_coding"
"ENST00000696120","protein_coding"
"ENST00000696131","nonsense_mediated_decay"
"ENST00000696132","nonsense_mediated_decay"
"ENST00000696159","protein_coding"
"ENST00000696176","protein_coding"
"ENST00000696190","retained_intron"
"ENST00000696192","nonsense_mediated_decay"
"ENST00000696197","protein_coding"
"ENST00000696246","protein_coding"
"ENST00000696258","protein_coding_CDS_not_defined"
"ENST00000696272","protein_coding"
"ENST00000696273","protein_coding"
"ENST00000696299","nonsense_mediated_decay"
"ENST00000696324","nonsense_mediated_decay"
"ENST00000696331","protein_coding"
"ENST00000696339","retained_intron"
"ENST00000696361","nonsense_mediated_decay"
"ENST00000696372","retained_intron"
"ENST00000696373","nonsense_mediated_decay"
"ENST00000696378","nonsense_mediated_decay"
"ENST00000696409","nonsense_mediated_decay"
"ENST00000696410","nonsense_mediated_decay"
"ENST00000696435","nonsense_mediated_decay"
"ENST00000696450","protein_coding"
"ENST00000696451","protein_coding"
"ENST00000696460","retained_intron"
"ENST00000696466","protein_coding"
"ENST00000696467","nonsense_mediated_decay"
"ENST00000696469","nonsense_mediated_decay"
"ENST00000696474","retained_intron"
"ENST00000696475","retained_intron"
"ENST00000696479","protein_coding"
"ENST00000696496","retained_intron"
"ENST00000696499","nonsense_mediated_decay"
"ENST00000696504","protein_coding"
"ENST00000696508","nonsense_mediated_decay"
"ENST00000696509","nonsense_mediated_decay"
"ENST00000696542","retained_intron"
"ENST00000696545","nonsense_mediated_decay"
"ENST00000696546","nonsense_mediated_decay"
"ENST00000696547","protein_coding"
"ENST00000696548","nonsense_mediated_decay"
"ENST00000696552","protein_coding"
"ENST00000696554","transcribed_unprocessed_pseudogene"
"ENST00000696557","unprocessed_pseudogene"
"ENST00000696560","protein_coding"
"ENST00000696566","retained_intron"
"ENST00000696569","retained_intron"
"ENST00000696596","nonsense_mediated_decay"
"ENST00000696610","nonsense_mediated_decay"
"ENST00000696612","retained_intron"
"ENST00000696618","protein_coding"
"ENST00000696623","retained_intron"
"ENST00000696632","lncRNA"
"ENST00000696636","retained_intron"
"ENST00000696653","protein_coding"
"ENST00000696669","protein_coding"
"ENST00000696671","protein_coding_CDS_not_defined"
"ENST00000696679","nonsense_mediated_decay"
"ENST00000696691","lncRNA"
"ENST00000696743","retained_intron"
"ENST00000696746","unprocessed_pseudogene"
"ENST00000696766","protein_coding"
"ENST00000696780","protein_coding"
"ENST00000696784","protein_coding"
"ENST00000696820","retained_intron"
"ENST00000696849","protein_coding"
"ENST00000696866","protein_coding_CDS_not_defined"
"ENST00000696885","nonsense_mediated_decay"
"ENST00000696889","protein_coding_CDS_not_defined"
"ENST00000696907","protein_coding"
"ENST00000696924","nonsense_mediated_decay"
"ENST00000696949","nonsense_mediated_decay"
"ENST00000696957","protein_coding"
"ENST00000696981","nonsense_mediated_decay"
"ENST00000697089","nonsense_mediated_decay"
"ENST00000697102","protein_coding"
"ENST00000697103","nonsense_mediated_decay"
"ENST00000697104","nonsense_mediated_decay"
"ENST00000697105","nonsense_mediated_decay"
"ENST00000697106","nonsense_mediated_decay"
"ENST00000697112","nonsense_mediated_decay"
"ENST00000697116","protein_coding"
"ENST00000697186","protein_coding_CDS_not_defined"
"ENST00000697222","protein_coding"
"ENST00000697246","retained_intron"
"ENST00000697276","nonsense_mediated_decay"
"ENST00000697293","protein_coding"
"ENST00000697297","retained_intron"
"ENST00000697346","retained_intron"
"ENST00000697392","protein_coding"
"ENST00000697414","protein_coding"
"ENST00000697416","protein_coding"
"ENST00000697417","retained_intron"
"ENST00000697423","protein_coding"
"ENST00000697459","protein_coding_CDS_not_defined"
"ENST00000697494","nonsense_mediated_decay"
"ENST00000697499","retained_intron"
"ENST00000697517",NA
"ENST00000697539","retained_intron"
"ENST00000697543","protein_coding_CDS_not_defined"
"ENST00000697545","protein_coding_CDS_not_defined"
"ENST00000697558","unprocessed_pseudogene"
"ENST00000697580","protein_coding"
"ENST00000697594","lncRNA"
"ENST00000697596","protein_coding_CDS_not_defined"
"ENST00000697600","protein_coding_CDS_not_defined"
"ENST00000697619","lncRNA"
"ENST00000697629","lncRNA"
"ENST00000697634","retained_intron"
"ENST00000697669","lncRNA"
"ENST00000697672","lncRNA"
"ENST00000697682","protein_coding"
"ENST00000697712","protein_coding"
"ENST00000697826","lncRNA"
"ENST00000697827","lncRNA"
"ENST00000697852","retained_intron"
"ENST00000697880","lncRNA"
"ENST00000697887","retained_intron"
"ENST00000697888","retained_intron"
"ENST00000697889","retained_intron"
"ENST00000697893","retained_intron"
"ENST00000697904","nonsense_mediated_decay"
"ENST00000697934","lncRNA"
"ENST00000697971","lncRNA"
"ENST00000698000","lncRNA"
"ENST00000698052","lncRNA"
"ENST00000698053","lncRNA"
"ENST00000698113","protein_coding"
"ENST00000698200","protein_coding"
"ENST00000698212","unprocessed_pseudogene"
"ENST00000698287","retained_intron"
"ENST00000698325","lncRNA"
"ENST00000698332","lncRNA"
"ENST00000698333","lncRNA"
"ENST00000698342","lncRNA"
"ENST00000698346","lncRNA"
"ENST00000698352","nonsense_mediated_decay"
"ENST00000698353","protein_coding_CDS_not_defined"
"ENST00000698377","lncRNA"
"ENST00000698385","retained_intron"
"ENST00000698389","retained_intron"
"ENST00000698394","lncRNA"
"ENST00000698400","protein_coding"
"ENST00000698405","protein_coding_CDS_not_defined"
"ENST00000698430","nonsense_mediated_decay"
"ENST00000698441","protein_coding"
"ENST00000698452","retained_intron"
"ENST00000698461","retained_intron"
"ENST00000698575","protein_coding"
"ENST00000698608","protein_coding"
"ENST00000698617","retained_intron"
"ENST00000698781","nonsense_mediated_decay"
"ENST00000698845","nonsense_mediated_decay"
"ENST00000698861","protein_coding"
"ENST00000698863","protein_coding"
"ENST00000698874","protein_coding"
"ENST00000698883","protein_coding"
"ENST00000698892","protein_coding"
"ENST00000698893","protein_coding"
"ENST00000698912","protein_coding"
"ENST00000698987","retained_intron"
"ENST00000698988","protein_coding"
"ENST00000698998","protein_coding"
"ENST00000699025","retained_intron"
"ENST00000699027","protein_coding"
"ENST00000699048","protein_coding"
"ENST00000699075","protein_coding"
"ENST00000699079","nonsense_mediated_decay"
"ENST00000699117","retained_intron"
"ENST00000699124","retained_intron"
"ENST00000699129","nonsense_mediated_decay"
"ENST00000699137","protein_coding"
"ENST00000699138","nonsense_mediated_decay"
"ENST00000699234","nonsense_mediated_decay"
"ENST00000699239","retained_intron"
"ENST00000699241","nonsense_mediated_decay"
"ENST00000699255","retained_intron"
"ENST00000699279","protein_coding"
"ENST00000699374","protein_coding"
"ENST00000699387","protein_coding"
"ENST00000699398","protein_coding"
"ENST00000699419","nonsense_mediated_decay"
"ENST00000699427","retained_intron"
"ENST00000699460","lncRNA"
"ENST00000699463","protein_coding_CDS_not_defined"
"ENST00000699465","protein_coding_CDS_not_defined"
"ENST00000699466","protein_coding"
"ENST00000699467","protein_coding_CDS_not_defined"
"ENST00000699469","retained_intron"
"ENST00000699470","retained_intron"
"ENST00000699471","retained_intron"
"ENST00000699503","lncRNA"
"ENST00000699504","lncRNA"
"ENST00000699507","lncRNA"
"ENST00000699512","protein_coding"
"ENST00000699533","retained_intron"
"ENST00000699534","retained_intron"
"ENST00000699596","protein_coding"
"ENST00000699603","protein_coding_CDS_not_defined"
"ENST00000699639","protein_coding_CDS_not_defined"
"ENST00000699640","protein_coding"
"ENST00000699654","protein_coding"
"ENST00000699668","protein_coding"
"ENST00000699676","nonsense_mediated_decay"
"ENST00000699698","retained_intron"
"ENST00000699704","protein_coding"
"ENST00000699708","nonsense_mediated_decay"
"ENST00000699729","protein_coding"
"ENST00000699758","nonsense_mediated_decay"
"ENST00000699775","protein_coding"
"ENST00000699840","protein_coding"
"ENST00000699849","protein_coding"
"ENST00000699850","retained_intron"
"ENST00000699854","retained_intron"
"ENST00000699863","protein_coding_CDS_not_defined"
"ENST00000699864","protein_coding_CDS_not_defined"
"ENST00000699884","retained_intron"
"ENST00000699922","retained_intron"
"ENST00000699925","nonsense_mediated_decay"
"ENST00000699971","protein_coding"
"ENST00000699996","protein_coding"
"ENST00000700007","retained_intron"
"ENST00000700013","protein_coding"
"ENST00000700014","nonsense_mediated_decay"
"ENST00000700029","protein_coding"
"ENST00000700051","protein_coding"
"ENST00000700055","protein_coding_CDS_not_defined"
"ENST00000700058","retained_intron"
"ENST00000700094","nonsense_mediated_decay"
"ENST00000700095","protein_coding"
"ENST00000700111","retained_intron"
"ENST00000700135","retained_intron"
"ENST00000700143","retained_intron"
"ENST00000700198","lncRNA"
"ENST00000700209","protein_coding_CDS_not_defined"
"ENST00000700244","protein_coding_CDS_not_defined"
"ENST00000700249","nonsense_mediated_decay"
"ENST00000700258","protein_coding_CDS_not_defined"
"ENST00000700271","protein_coding"
"ENST00000700324","protein_coding"
"ENST00000700327","lncRNA"
"ENST00000700331","lncRNA"
"ENST00000700423","protein_coding"
"ENST00000700430","nonsense_mediated_decay"
"ENST00000700431","protein_coding"
"ENST00000700503","protein_coding_CDS_not_defined"
"ENST00000700555","protein_coding_CDS_not_defined"
"ENST00000700579","protein_coding_CDS_not_defined"
"ENST00000700614","protein_coding"
"ENST00000700678","retained_intron"
"ENST00000700765","lncRNA"
"ENST00000700770","lncRNA"
"ENST00000700773","lncRNA"
"ENST00000700785","lncRNA"
"ENST00000700814","lncRNA"
"ENST00000700817","lncRNA"
"ENST00000700828","lncRNA"
"ENST00000700864","lncRNA"
"ENST00000700873","lncRNA"
"ENST00000700876","lncRNA"
"ENST00000700877","lncRNA"
"ENST00000700893","lncRNA"
"ENST00000700904","lncRNA"
"ENST00000700918","lncRNA"
"ENST00000700927","lncRNA"
"ENST00000700929","lncRNA"
"ENST00000700930","lncRNA"
"ENST00000700947","lncRNA"
"ENST00000700952","lncRNA"
"ENST00000700958","lncRNA"
"ENST00000700966","lncRNA"
"ENST00000700983","lncRNA"
"ENST00000701031","lncRNA"
"ENST00000701033","lncRNA"
"ENST00000701038","lncRNA"
"ENST00000701042","lncRNA"
"ENST00000701057","lncRNA"
"ENST00000701066","lncRNA"
"ENST00000701081","lncRNA"
"ENST00000701086","lncRNA"
"ENST00000701099","lncRNA"
"ENST00000701101","lncRNA"
"ENST00000701104","lncRNA"
"ENST00000701115","lncRNA"
"ENST00000701116","lncRNA"
"ENST00000701136","lncRNA"
"ENST00000701140","lncRNA"
"ENST00000701142","lncRNA"
"ENST00000701186","lncRNA"
"ENST00000701209","lncRNA"
"ENST00000701213","lncRNA"
"ENST00000701217","lncRNA"
"ENST00000701249","lncRNA"
"ENST00000701265","lncRNA"
"ENST00000701271","lncRNA"
"ENST00000701288","lncRNA"
"ENST00000701301","lncRNA"
"ENST00000701312","lncRNA"
"ENST00000701340","lncRNA"
"ENST00000701347","lncRNA"
"ENST00000701361","lncRNA"
"ENST00000701388","lncRNA"
"ENST00000701392","lncRNA"
"ENST00000701394","lncRNA"
"ENST00000701408","lncRNA"
"ENST00000701432","lncRNA"
"ENST00000701447","lncRNA"
"ENST00000701459","lncRNA"
"ENST00000701485","lncRNA"
"ENST00000701492","lncRNA"
"ENST00000701516","lncRNA"
"ENST00000701528","lncRNA"
"ENST00000701554","lncRNA"
"ENST00000701565","lncRNA"
"ENST00000701579","lncRNA"
"ENST00000701587","lncRNA"
"ENST00000701591","lncRNA"
"ENST00000701592","lncRNA"
"ENST00000701599","lncRNA"
"ENST00000701600","lncRNA"
"ENST00000701615","lncRNA"
"ENST00000701617","lncRNA"
"ENST00000701650","lncRNA"
"ENST00000701695","lncRNA"
"ENST00000701703","lncRNA"
"ENST00000701707","lncRNA"
"ENST00000701710","lncRNA"
"ENST00000701711","lncRNA"
"ENST00000701717","lncRNA"
"ENST00000701720","lncRNA"
"ENST00000701727","lncRNA"
"ENST00000701732","lncRNA"
"ENST00000701733","lncRNA"
"ENST00000701741","lncRNA"
"ENST00000701743","lncRNA"
"ENST00000701756","lncRNA"
"ENST00000701780","lncRNA"
"ENST00000701782","lncRNA"
"ENST00000701790","lncRNA"
"ENST00000701794","lncRNA"
"ENST00000701798","lncRNA"
"ENST00000701804","lncRNA"
"ENST00000701816","lncRNA"
"ENST00000701822","lncRNA"
"ENST00000701831","lncRNA"
"ENST00000701841","lncRNA"
"ENST00000701856","lncRNA"
"ENST00000701879","lncRNA"
"ENST00000701881","lncRNA"
"ENST00000701889","lncRNA"
"ENST00000701904","lncRNA"
"ENST00000701909","lncRNA"
"ENST00000701913","lncRNA"
"ENST00000701928","lncRNA"
"ENST00000701936","lncRNA"
"ENST00000701951","lncRNA"
"ENST00000701956","lncRNA"
"ENST00000701974","lncRNA"
"ENST00000701975","lncRNA"
"ENST00000701977","lncRNA"
"ENST00000701989","lncRNA"
"ENST00000701990","lncRNA"
"ENST00000701991","lncRNA"
"ENST00000701995","lncRNA"
"ENST00000702001","lncRNA"
"ENST00000702005","lncRNA"
"ENST00000702008","lncRNA"
"ENST00000702019","lncRNA"
"ENST00000702034","lncRNA"
"ENST00000702043","lncRNA"
"ENST00000702050","lncRNA"
"ENST00000702060","lncRNA"
"ENST00000702072","lncRNA"
"ENST00000702129","lncRNA"
"ENST00000702144","lncRNA"
"ENST00000702145","lncRNA"
"ENST00000702199","lncRNA"
"ENST00000702200","lncRNA"
"ENST00000702218","lncRNA"
"ENST00000702227","lncRNA"
"ENST00000702231","lncRNA"
"ENST00000702247","lncRNA"
"ENST00000702289","lncRNA"
"ENST00000702290","lncRNA"
"ENST00000702301","lncRNA"
"ENST00000702311","lncRNA"
"ENST00000702343","lncRNA"
"ENST00000702346","lncRNA"
"ENST00000702350","lncRNA"
"ENST00000702368","lncRNA"
"ENST00000702382","lncRNA"
"ENST00000702386","lncRNA"
"ENST00000702395","lncRNA"
"ENST00000702418","lncRNA"
"ENST00000702460","lncRNA"
"ENST00000702489","lncRNA"
"ENST00000702500","lncRNA"
"ENST00000702545","lncRNA"
"ENST00000702561","lncRNA"
"ENST00000702621","lncRNA"
"ENST00000702623","lncRNA"
"ENST00000702646","lncRNA"
"ENST00000702655","lncRNA"
"ENST00000702657","lncRNA"
"ENST00000702681","lncRNA"
"ENST00000702691","lncRNA"
"ENST00000702699","lncRNA"
"ENST00000702705","lncRNA"
"ENST00000702714","lncRNA"
"ENST00000702717","lncRNA"
"ENST00000702724","lncRNA"
"ENST00000702725","lncRNA"
"ENST00000702735","lncRNA"
"ENST00000702736","lncRNA"
"ENST00000702737","lncRNA"
"ENST00000702748","lncRNA"
"ENST00000702773","lncRNA"
"ENST00000702796","lncRNA"
"ENST00000702808","lncRNA"
"ENST00000702812","lncRNA"
"ENST00000702814","lncRNA"
"ENST00000702846","lncRNA"
"ENST00000702861","lncRNA"
"ENST00000702865","lncRNA"
"ENST00000702880","lncRNA"
"ENST00000702883","lncRNA"
"ENST00000702894","lncRNA"
"ENST00000702923","lncRNA"
"ENST00000702929","lncRNA"
"ENST00000702937","lncRNA"
"ENST00000702939","lncRNA"
"ENST00000702945","lncRNA"
"ENST00000702950","lncRNA"
"ENST00000702969","lncRNA"
"ENST00000702990","lncRNA"
"ENST00000702991","lncRNA"
"ENST00000702996","lncRNA"
"ENST00000703003","lncRNA"
"ENST00000703033","lncRNA"
"ENST00000703068","lncRNA"
"ENST00000703076","lncRNA"
"ENST00000703078","lncRNA"
"ENST00000703082","lncRNA"
"ENST00000703147","protein_coding"
"ENST00000703186","retained_intron"
"ENST00000703189","retained_intron"
"ENST00000703216","protein_coding"
"ENST00000703220","lncRNA"
"ENST00000703223","lncRNA"
"ENST00000703316","protein_coding_CDS_not_defined"
"ENST00000703416","lncRNA"
"ENST00000703417","lncRNA"
"ENST00000703420","protein_coding_LoF"
"ENST00000703454","protein_coding"
"ENST00000703456","protein_coding"
"ENST00000703458","protein_coding"
"ENST00000703461","protein_coding"
"ENST00000703466","protein_coding"
"ENST00000703468","protein_coding"
"ENST00000703469","protein_coding"
"ENST00000703475","protein_coding"
"ENST00000703476","protein_coding"
"ENST00000703489","protein_coding"
"ENST00000703491","protein_coding"
"ENST00000703493","retained_intron"
"ENST00000703494","retained_intron"
"ENST00000703509","lncRNA"
"ENST00000703510","lncRNA"
"ENST00000703511","lncRNA"
"ENST00000703531","lncRNA"
"ENST00000703546","lncRNA"
"ENST00000703547","lncRNA"
"ENST00000703564","nonsense_mediated_decay"
"ENST00000703586","protein_coding"
"ENST00000703598","protein_coding_CDS_not_defined"
"ENST00000703603","nonsense_mediated_decay"
"ENST00000703607","lncRNA"
"ENST00000703647","retained_intron"
"ENST00000703650","retained_intron"
"ENST00000703653","retained_intron"
"ENST00000703658","lncRNA"
"ENST00000703675","retained_intron"
"ENST00000703699","protein_coding"
"ENST00000703704","protein_coding"
"ENST00000703722","retained_intron"
"ENST00000703765","protein_coding"
"ENST00000703854","protein_coding"
"ENST00000703877","retained_intron"
"ENST00000703879","retained_intron"
"ENST00000703892","nonsense_mediated_decay"
"ENST00000703905","protein_coding"
"ENST00000703919","protein_coding"
"ENST00000703924","nonsense_mediated_decay"
"ENST00000703928","protein_coding"
"ENST00000703929","nonsense_mediated_decay"
"ENST00000703958","retained_intron"
"ENST00000703959","retained_intron"
"ENST00000703963","nonsense_mediated_decay"
"ENST00000703986","protein_coding"
"ENST00000703989","protein_coding"
"ENST00000703990","protein_coding"
"ENST00000703992","retained_intron"
"ENST00000704007","protein_coding"
"ENST00000704010","protein_coding"
"ENST00000704011","protein_coding"
"ENST00000704013","protein_coding"
"ENST00000704033","nonsense_mediated_decay"
"ENST00000704035","retained_intron"
"ENST00000704051","protein_coding"
"ENST00000704095","protein_coding"
"ENST00000704097","nonsense_mediated_decay"
"ENST00000704104","protein_coding"
"ENST00000704108","nonsense_mediated_decay"
"ENST00000704288","protein_coding_CDS_not_defined"
"ENST00000704349","protein_coding"
"ENST00000704379","protein_coding_CDS_not_defined"
"ENST00000704449","protein_coding"
"ENST00000704549","protein_coding"
"ENST00000704716","protein_coding"
"ENST00000704744","protein_coding"
"ENST00000704790","retained_intron"
"ENST00000704795","retained_intron"
"ENST00000704796","retained_intron"
"ENST00000704797","retained_intron"
"ENST00000704950","protein_coding"
"ENST00000704984","protein_coding"
"ENST00000704995","protein_coding"
"ENST00000705193","protein_coding"
"ENST00000705252","nonsense_mediated_decay"
"ENST00000705253","nonsense_mediated_decay"
"ENST00000705374","retained_intron"
"ENST00000705470","protein_coding_CDS_not_defined"
"ENST00000705661","protein_coding"
"ENST00000705719","protein_coding"
"ENST00000705948","protein_coding"
"ENST00000705985","protein_coding"
"ENST00000706055","protein_coding"
"ENST00000706155","protein_coding_CDS_not_defined"
"ENST00000706156","protein_coding_CDS_not_defined"
"ENST00000706163","nonsense_mediated_decay"
"ENST00000706182","nonsense_mediated_decay"
"ENST00000706265","nonsense_mediated_decay"
"ENST00000706281","nonsense_mediated_decay"
"ENST00000706333","lncRNA"
"ENST00000706337","lncRNA"
"ENST00000706340","lncRNA"
"ENST00000706356","lncRNA"
"ENST00000706361","protein_coding"
"ENST00000706448","nonsense_mediated_decay"
"ENST00000706512","retained_intron"
"ENST00000706569","protein_coding"
"ENST00000706607","nonsense_mediated_decay"
"ENST00000706623","retained_intron"
"ENST00000706670","protein_coding"
"ENST00000706682","protein_coding_CDS_not_defined"
"ENST00000706772","retained_intron"
"ENST00000706815","nonsense_mediated_decay"
"ENST00000706885","protein_coding"
"ENST00000706896","retained_intron"
"ENST00000706901","protein_coding"
"ENST00000706906","nonsense_mediated_decay"
"ENST00000706926","protein_coding"
"ENST00000706942","protein_coding"
"ENST00000706951","protein_coding"
"ENST00000706987","lncRNA"
"ENST00000706989","protein_coding"
"ENST00000707031","lncRNA"
"ENST00000707046","lncRNA"
"ENST00000707082","protein_coding"
"ENST00000707137","protein_coding"
"ENST00000707140","protein_coding"
"ENST00000707143","lncRNA"
"ENST00000707148","lncRNA"
"ENST00000707154","lncRNA"
"ENST00000707156","lncRNA"
"ENST00000707158","lncRNA"
"ENST00000710266","lncRNA"
"ENST00000710270","protein_coding"
"ENST00000710273","protein_coding"
"ENST00000710287","protein_coding"
"ENST00000710357","protein_coding"
"ENST00000710360","protein_coding"
"ENST00000710361","protein_coding"
"ENST00000710362","protein_coding"
"ENST00000710369","protein_coding"
"ENST00000710380","protein_coding"
"ENST00000710381","protein_coding"
"ENST00000710382","protein_coding"
"ENST00000710397","protein_coding"
"ENST00000710398","protein_coding"
"ENST00000710399","protein_coding"
"ENST00000710415","protein_coding"
"ENST00000710658","lncRNA"
"ENST00000710696","lncRNA"
"ENST00000710707","protein_coding"
"ENST00000710708","lncRNA"
"ENST00000710710","lncRNA"
"ENST00000710735","lncRNA"
"ENST00000710736","lncRNA"
"ENST00000710739","lncRNA"
"ENST00000710858","lncRNA"
"ENST00000710860","lncRNA"
"ENST00000710868","lncRNA"
"ENST00000710869","lncRNA"
"ENST00000710870","lncRNA"
"ENST00000710874","lncRNA"
"ENST00000710926","lncRNA"
"ENST00000710930","lncRNA"
"ENST00000710932","protein_coding"
"ENST00000710945","lncRNA"
"ENST00000710946","lncRNA"
"ENST00000710963","lncRNA"
"ENST00000711010","lncRNA"
"ENST00000711021","lncRNA"
"ENST00000711026","lncRNA"
"ENST00000711028","lncRNA"
"ENST00000711030","lncRNA"
"ENST00000711053","lncRNA"
"ENST00000711074","lncRNA"
"ENST00000711077","lncRNA"
"ENST00000711179","protein_coding"
"ENST00000711214","protein_coding"
"ENST00000711291","lncRNA"
