"gene_id","n_LRonly_isoforms","gene_name"
"ENSG00000115392",29,"FANCL"
"ENSG00000229140",28,"CCDC26"
"ENSG00000125124",22,"BBS2"
"ENSG00000226674",22,"TEX41"
"ENSG00000068400",18,"GRIPAP1"
"ENSG00000135297",18,"MTO1"
"ENSG00000224271",18,"EPIC1"
"ENSG00000109654",17,"TRIM2"
"ENSG00000127990",16,"SGCE"
"ENSG00000215386",16,"MIR99AHG"
"ENSG00000226620",16,"LINC00343"
"ENSG00000145362",15,"ANK2"
"ENSG00000237484",15,"LINC01684"
"ENSG00000145216",14,"FIP1L1"
"ENSG00000156113",14,"KCNMA1"
"ENSG00000189229",14,"ENSG00000189229"
"ENSG00000224209",14,"LINC00466"
"ENSG00000135317",13,"SNX14"
"ENSG00000158864",13,"NDUFS2"
"ENSG00000163703",13,"CRELD1"
"ENSG00000228340",12,"MIR646HG"
"ENSG00000254101",12,"LINC02055"
"ENSG00000261390",12,"MAFTRR"
"ENSG00000267374",12,"MIR924HG"
"ENSG00000130226",11,"DPP6"
"ENSG00000170074",11,"FAM153A"
"ENSG00000203485",11,"INF2"
"ENSG00000250337",11,"PURPL"
"ENSG00000250754",11,"LINC02436"
"ENSG00000251562",11,"MALAT1"
"ENSG00000253877",11,"LINC01608"
"ENSG00000258867",11,"HISLA"
"ENSG00000260876",11,"LINC01229"
"ENSG00000285219",11,"HULC"
"ENSG00000286619",11,"ENSG00000286619"
"ENSG00000075043",10,"KCNQ2"
"ENSG00000075413",10,"MARK3"
"ENSG00000094631",10,"HDAC6"
"ENSG00000104218",10,"CSPP1"
"ENSG00000124356",10,"STAMBP"
"ENSG00000163913",10,"IFT122"
"ENSG00000197099",10,"HRG-AS1"
"ENSG00000197858",10,"GPAA1"
"ENSG00000231933",10,"MYO18B-AS1"
"ENSG00000236172",10,"MIR7515HG"
"ENSG00000249618",10,"LINC02465"
"ENSG00000251199",10,"ENSG00000251199"
"ENSG00000254166",10,"CASC19"
"ENSG00000260896",10,"ARLNC1"
"ENSG00000277047",10,"ENSG00000277047"
"ENSG00000291142",10,"ENSG00000291142"
"ENSG00000132204",9,"LINC00470"
"ENSG00000138757",9,"G3BP2"
"ENSG00000179915",9,"NRXN1"
"ENSG00000198300",9,"PEG3"
"ENSG00000223812",9,"PYDC2-AS1"
"ENSG00000228262",9,"LINC01320"
"ENSG00000229981",9,"LINC01435"
"ENSG00000232667",9,"ENSG00000232667"
"ENSG00000234948",9,"LINC01524"
"ENSG00000245750",9,"DRAIC"
"ENSG00000248538",9,"PPP1R3B-DT"
"ENSG00000254319",9,"LINC03021"
"ENSG00000255087",9,"ENSG00000255087"
"ENSG00000279249",9,"ENSG00000279249"
"ENSG00000286286",9,"ENSG00000286286"
"ENSG00000003393",8,"ALS2"
"ENSG00000118473",8,"SGIP1"
"ENSG00000154743",8,"TSEN2"
"ENSG00000178722",8,"C5orf64"
"ENSG00000189238",8,"LINC00943"
"ENSG00000204054",8,"LINC00963"
"ENSG00000215301",8,"DDX3X"
"ENSG00000228358",8,"LINC02263"
"ENSG00000228495",8,"LINC01013"
"ENSG00000228956",8,"SATB1-AS1"
"ENSG00000232624",8,"LINC01517"
"ENSG00000235166",8,"LINC01440"
"ENSG00000242808",8,"SOX2-OT"
"ENSG00000245832",8,"MIR4300HG"
"ENSG00000248307",8,"LINC00616"
"ENSG00000250910",8,"MAP9-AS1"
"ENSG00000251629",8,"LINC02241"
"ENSG00000255819",8,"KLRC4-KLRK1"
"ENSG00000261824",8,"LINC00662"
"ENSG00000270011",8,"ZNF559-ZNF177"
"ENSG00000291178",8,"ENSG00000291178"
"ENSG00000100385",7,"IL2RB"
"ENSG00000101333",7,"PLCB4"
"ENSG00000109339",7,"MAPK10"
"ENSG00000114354",7,"TFG"
"ENSG00000132155",7,"RAF1"
"ENSG00000137409",7,"MTCH1"
"ENSG00000141510",7,"TP53"
"ENSG00000149781",7,"FERMT3"
"ENSG00000150045",7,"KLRF1"
"ENSG00000165119",7,"HNRNPK"
"ENSG00000172748",7,"ZNF596"
"ENSG00000172965",7,"MIR4435-2HG"
"ENSG00000179088",7,"C12orf42"
"ENSG00000182923",7,"CEP63"
"ENSG00000204684",7,"ENSG00000204684"
"ENSG00000212719",7,"LINC02693"
"ENSG00000223646",7,"LINC03076"
"ENSG00000227028",7,"SLC8A1-AS1"
"ENSG00000227036",7,"LINC00511"
"ENSG00000227863",7,"ENSG00000227863"
"ENSG00000228309",7,"LINC01350"
"ENSG00000231163",7,"CSMD2-AS1"
"ENSG00000233321",7,"LINC02669"
"ENSG00000233891",7,"ENSG00000233891"
"ENSG00000237435",7,"LINC02790"
"ENSG00000248837",7,"ENSG00000248837"
"ENSG00000249816",7,"LINC00964"
"ENSG00000249859",7,"PVT1"
"ENSG00000261738",7,"MIR3976HG"
"ENSG00000267252",7,"LINC01255"
"ENSG00000269699",7,"ZIM2"
"ENSG00000286679",7,"ENSG00000286679"
"ENSG00000000971",6,"CFH"
"ENSG00000001631",6,"KRIT1"
"ENSG00000007372",6,"PAX6"
"ENSG00000073584",6,"SMARCE1"
"ENSG00000089505",6,"CMTM1"
"ENSG00000091592",6,"NLRP1"
"ENSG00000092108",6,"SCFD1"
"ENSG00000100099",6,"HPS4"
"ENSG00000107521",6,"HPS1"
"ENSG00000111732",6,"AICDA"
"ENSG00000122566",6,"HNRNPA2B1"
"ENSG00000130294",6,"KIF1A"
"ENSG00000137699",6,"TRIM29"
"ENSG00000139151",6,"PLCZ1"
"ENSG00000144591",6,"GMPPA"
"ENSG00000147642",6,"SYBU"
"ENSG00000154438",6,"ASZ1"
"ENSG00000159140",6,"SON"
"ENSG00000163554",6,"SPTA1"
"ENSG00000166928",6,"MS4A14"
"ENSG00000179818",6,"PCBP1-AS1"
"ENSG00000181090",6,"EHMT1"
"ENSG00000182901",6,"RGS7"
"ENSG00000185624",6,"P4HB"
"ENSG00000187045",6,"TMPRSS6"
"ENSG00000196277",6,"GRM7"
"ENSG00000196756",6,"SNHG17"
"ENSG00000203875",6,"SNHG5"
"ENSG00000205622",6,"ENSG00000205622"
"ENSG00000216863",6,"LY86-AS1"
"ENSG00000224078",6,"SNHG14"
"ENSG00000225746",6,"MEG8"
"ENSG00000226320",6,"LINC01811"
"ENSG00000228669",6,"LINC00448"
"ENSG00000229425",6,"ENSG00000229425"
"ENSG00000230461",6,"PROX1-AS1"
"ENSG00000232732",6,"ENSG00000232732"
"ENSG00000233985",6,"LINC01681"
"ENSG00000234810",6,"ENSG00000234810"
"ENSG00000235142",6,"LINC02532"
"ENSG00000235535",6,"TRDN-AS1"
"ENSG00000235597",6,"LINC01102"
"ENSG00000236052",6,"LINC01643"
"ENSG00000237352",6,"LINC01358"
"ENSG00000241469",6,"LINC00635"
"ENSG00000244128",6,"LINC01322"
"ENSG00000250723",6,"ENSG00000250723"
"ENSG00000251600",6,"ENSG00000251600"
"ENSG00000254562",6,"LINC01493"
"ENSG00000256128",6,"LINC00944"
"ENSG00000256499",6,"LINC02468"
"ENSG00000257756",6,"LINC02386"
"ENSG00000259867",6,"DYNLRB2-AS1"
"ENSG00000267057",6,"LINC01905"
"ENSG00000267489",6,"LINC01837"
"ENSG00000286021",6,"LINC02822"
"ENSG00000289731",6,"ENSG00000289731"
"ENSG00000291052",6,"ABCC13"
"ENSG00000291129",6,"PPIEL"
"ENSG00000001626",5,"CFTR"
"ENSG00000009307",5,"CSDE1"
"ENSG00000058056",5,"USP13"
"ENSG00000061938",5,"TNK2"
"ENSG00000066813",5,"ACSM2B"
"ENSG00000070756",5,"PABPC1"
"ENSG00000075884",5,"ARHGAP15"
"ENSG00000080503",5,"SMARCA2"
"ENSG00000080815",5,"PSEN1"
"ENSG00000082074",5,"FYB1"
"ENSG00000093134",5,"VNN3P"
"ENSG00000100055",5,"CYTH4"
"ENSG00000101204",5,"CHRNA4"
"ENSG00000103811",5,"CTSH"
"ENSG00000104381",5,"GDAP1"
"ENSG00000107147",5,"KCNT1"
"ENSG00000109452",5,"INPP4B"
"ENSG00000121446",5,"RGSL1"
"ENSG00000121940",5,"CLCC1"
"ENSG00000124678",5,"TCP11"
"ENSG00000134365",5,"CFHR4"
"ENSG00000134389",5,"CFHR5"
"ENSG00000135047",5,"CTSL"
"ENSG00000135541",5,"AHI1"
"ENSG00000136689",5,"IL1RN"
"ENSG00000138347",5,"MYPN"
"ENSG00000143226",5,"FCGR2A"
"ENSG00000145349",5,"CAMK2D"
"ENSG00000145907",5,"G3BP1"
"ENSG00000148356",5,"LRSAM1"
"ENSG00000151948",5,"GLT1D1"
"ENSG00000157540",5,"DYRK1A"
"ENSG00000157551",5,"KCNJ15"
"ENSG00000159023",5,"EPB41"
"ENSG00000163534",5,"FCRL1"
"ENSG00000164334",5,"FAM170A"
"ENSG00000166069",5,"TMCO5A"
"ENSG00000166548",5,"TK2"
"ENSG00000166947",5,"EPB42"
"ENSG00000168216",5,"LMBRD1"
"ENSG00000168610",5,"STAT3"
"ENSG00000172995",5,"ARPP21"
"ENSG00000173230",5,"GOLGB1"
"ENSG00000173262",5,"SLC2A14"
"ENSG00000174080",5,"CTSF"
"ENSG00000176884",5,"GRIN1"
"ENSG00000177426",5,"TGIF1"
"ENSG00000181995",5,"LINC00301"
"ENSG00000183117",5,"CSMD1"
"ENSG00000185359",5,"HGS"
"ENSG00000187908",5,"DMBT1"
"ENSG00000188321",5,"ZNF559"
"ENSG00000188992",5,"LIPI"
"ENSG00000196810",5,"CTBP1-DT"
"ENSG00000197283",5,"SYNGAP1"
"ENSG00000204296",5,"TSBP1"
"ENSG00000204580",5,"DDR1"
"ENSG00000204677",5,"FAM153CP"
"ENSG00000205336",5,"ADGRG1"
"ENSG00000205809",5,"KLRC2"
"ENSG00000214043",5,"LINC02347"
"ENSG00000223631",5,"LINC01120"
"ENSG00000224924",5,"LINC00320"
"ENSG00000225096",5,"ENSG00000225096"
"ENSG00000225427",5,"LINC00331"
"ENSG00000226051",5,"ZNF503-AS1"
"ENSG00000226808",5,"LINC00840"
"ENSG00000227101",5,"ENSG00000227101"
"ENSG00000228290",5,"TBX18-AS1"
"ENSG00000229956",5,"ZRANB2-DT"
"ENSG00000230387",5,"ENSG00000230387"
"ENSG00000230533",5,"LINC03004"
"ENSG00000230768",5,"LINC01676"
"ENSG00000231074",5,"HCG18"
"ENSG00000231607",5,"DLEU2"
"ENSG00000231898",5,"MYO3B-AS1"
"ENSG00000232354",5,"VIPR1-AS1"
"ENSG00000232537",5,"ENSG00000232537"
"ENSG00000233183",5,"ENSG00000233183"
"ENSG00000233208",5,"LINC00642"
"ENSG00000234170",5,"LINC02645"
"ENSG00000234323",5,"LINC01505"
"ENSG00000235050",5,"MLIP-AS1"
"ENSG00000236790",5,"LINC00299"
"ENSG00000237480",5,"ENSG00000237480"
"ENSG00000237975",5,"FLG-AS1"
"ENSG00000239589",5,"LINC00879"
"ENSG00000241369",5,"LINC01192"
"ENSG00000241956",5,"LINC03000"
"ENSG00000242086",5,"MUC20-OT1"
"ENSG00000242512",5,"LINC01206"
"ENSG00000244227",5,"LRRC77P"
"ENSG00000248455",5,"LINC02217"
"ENSG00000249345",5,"LINC02405"
"ENSG00000249787",5,"ENSG00000249787"
"ENSG00000251372",5,"LINC00499"
"ENSG00000253434",5,"LINC02237"
"ENSG00000254775",5,"ENSG00000254775"
"ENSG00000255248",5,"MIR100HG"
"ENSG00000257127",5,"CLLU1"
"ENSG00000260565",5,"ERVK13-1"
"ENSG00000260971",5,"ENSG00000260971"
"ENSG00000261190",5,"LINC02911"
"ENSG00000266602",5,"ENSG00000266602"
"ENSG00000267337",5,"LINC01478"
"ENSG00000269504",5,"ENSG00000269504"
"ENSG00000269842",5,"ENSG00000269842"
"ENSG00000287364",5,"ENSG00000287364"
"ENSG00000027075",4,"PRKCH"
"ENSG00000034053",4,"APBA2"
"ENSG00000055957",4,"ITIH1"
"ENSG00000066032",4,"CTNNA2"
"ENSG00000066294",4,"CD84"
"ENSG00000072110",4,"ACTN1"
"ENSG00000073734",4,"ABCB11"
"ENSG00000075711",4,"DLG1"
"ENSG00000077782",4,"FGFR1"
"ENSG00000081189",4,"MEF2C"
"ENSG00000081237",4,"PTPRC"
"ENSG00000081665",4,"ZNF506"
"ENSG00000095110",4,"NXPE1"
"ENSG00000100364",4,"KIAA0930"
"ENSG00000100968",4,"NFATC4"
"ENSG00000101160",4,"CTSZ"
"ENSG00000103034",4,"NDRG4"
"ENSG00000103313",4,"MEFV"
"ENSG00000104408",4,"EIF3E"
"ENSG00000104432",4,"IL7"
"ENSG00000105227",4,"PRX"
"ENSG00000106648",4,"GALNTL5"
"ENSG00000106976",4,"DNM1"
"ENSG00000110934",4,"BIN2"
"ENSG00000112715",4,"VEGFA"
"ENSG00000115355",4,"CCDC88A"
"ENSG00000116641",4,"DOCK7"
"ENSG00000117054",4,"ACADM"
"ENSG00000122224",4,"LY9"
"ENSG00000122367",4,"LDB3"
"ENSG00000122390",4,"NAA60"
"ENSG00000123607",4,"TTC21B"
"ENSG00000123983",4,"ACSL3"
"ENSG00000125462",4,"MIR9-1HG"
"ENSG00000125730",4,"C3"
"ENSG00000125823",4,"CSTL1"
"ENSG00000135316",4,"SYNCRIP"
"ENSG00000138068",4,"SULT6B1"
"ENSG00000143452",4,"HORMAD1"
"ENSG00000145020",4,"AMT"
"ENSG00000147010",4,"SH3KBP1"
"ENSG00000147689",4,"FAM83A"
"ENSG00000147724",4,"FAM135B"
"ENSG00000148655",4,"LRMDA"
"ENSG00000149043",4,"SYT8"
"ENSG00000150275",4,"PCDH15"
"ENSG00000151067",4,"CACNA1C"
"ENSG00000151490",4,"PTPRO"
"ENSG00000153113",4,"CAST"
"ENSG00000154556",4,"SORBS2"
"ENSG00000154845",4,"PPP4R1"
"ENSG00000156650",4,"KAT6B"
"ENSG00000156738",4,"MS4A1"
"ENSG00000158445",4,"KCNB1"
"ENSG00000158887",4,"MPZ"
"ENSG00000159063",4,"ALG8"
"ENSG00000159640",4,"ACE"
"ENSG00000160255",4,"ITGB2"
"ENSG00000160710",4,"ADAR"
"ENSG00000160882",4,"CYP11B1"
"ENSG00000162782",4,"TDRD5"
"ENSG00000162897",4,"FCAMR"
"ENSG00000163746",4,"PLSCR2"
"ENSG00000164741",4,"DLC1"
"ENSG00000166770",4,"ZNF667-AS1"
"ENSG00000168280",4,"KIF5C"
"ENSG00000168405",4,"CMAHP"
"ENSG00000168589",4,"DYNLRB2"
"ENSG00000169224",4,"GCSAML"
"ENSG00000169344",4,"UMOD"
"ENSG00000169347",4,"GP2"
"ENSG00000169436",4,"COL22A1"
"ENSG00000169896",4,"ITGAM"
"ENSG00000170180",4,"GYPA"
"ENSG00000170236",4,"USP50"
"ENSG00000170848",4,"PSG6"
"ENSG00000171060",4,"C8orf74"
"ENSG00000171557",4,"FGG"
"ENSG00000171889",4,"MIR31HG"
"ENSG00000172269",4,"DPAGT1"
"ENSG00000173988",4,"LRRC63"
"ENSG00000174469",4,"CNTNAP2"
"ENSG00000175779",4,"LINC02694"
"ENSG00000175857",4,"GAPT"
"ENSG00000176083",4,"ZNF683"
"ENSG00000178971",4,"CTC1"
"ENSG00000181355",4,"OFCC1"
"ENSG00000182389",4,"CACNB4"
"ENSG00000182732",4,"RGS6"
"ENSG00000184937",4,"WT1"
"ENSG00000185811",4,"IKZF1"
"ENSG00000187555",4,"USP7"
"ENSG00000189013",4,"KIR2DL4"
"ENSG00000189023",4,"MAGEB16"
"ENSG00000196090",4,"PTPRT"
"ENSG00000196273",4,"LINC00523"
"ENSG00000196344",4,"ADH7"
"ENSG00000196628",4,"TCF4"
"ENSG00000197085",4,"NPSR1-AS1"
"ENSG00000197102",4,"DYNC1H1"
"ENSG00000197360",4,"ZNF98"
"ENSG00000197430",4,"OPALIN"
"ENSG00000197912",4,"SPG7"
"ENSG00000198561",4,"CTNND1"
"ENSG00000198677",4,"SKIC3"
"ENSG00000198821",4,"CD247"
"ENSG00000205628",4,"LINC01446"
"ENSG00000214691",4,"LINC01913"
"ENSG00000215483",4,"LINC00598"
"ENSG00000223993",4,"LINC02647"
"ENSG00000224091",4,"ENSG00000224091"
"ENSG00000224853",4,"LINC00393"
"ENSG00000225605",4,"ENSG00000225605"
"ENSG00000225683",4,"PACRG-AS3"
"ENSG00000226005",4,"LINC02660"
"ENSG00000226258",4,"GRM7-AS3"
"ENSG00000226312",4,"CFLAR-AS1"
"ENSG00000226453",4,"LINC02542"
"ENSG00000226581",4,"LINC02848"
"ENSG00000226622",4,"ENSG00000226622"
"ENSG00000226686",4,"LINC01535"
"ENSG00000226688",4,"ENTPD1-AS1"
"ENSG00000226759",4,"DAB1-AS1"
"ENSG00000226835",4,"ARHGAP29-AS1"
"ENSG00000226921",4,"LINC00454"
"ENSG00000226985",4,"LINC01203"
"ENSG00000226995",4,"LINC00658"
"ENSG00000228159",4,"LINC01674"
"ENSG00000228203",4,"GRASLND"
"ENSG00000228329",4,"LINC01890"
"ENSG00000228422",4,"LINC00687"
"ENSG00000228714",4,"ENSG00000228714"
"ENSG00000229240",4,"LINC00710"
"ENSG00000230590",4,"FTX"
"ENSG00000230615",4,"ENSG00000230615"
"ENSG00000231040",4,"LINC01911"
"ENSG00000232229",4,"LINC00865"
"ENSG00000232596",4,"LINC01646"
"ENSG00000232675",4,"ENSG00000232675"
"ENSG00000233968",4,"ENSG00000233968"
"ENSG00000234444",4,"ZNF736"
"ENSG00000234520",4,"HRAT17"
"ENSG00000234665",4,"LERFS"
"ENSG00000234722",4,"LINC01287"
"ENSG00000235824",4,"LINC00837"
"ENSG00000235979",4,"ENSG00000235979"
"ENSG00000236540",4,"ENSG00000236540"
"ENSG00000237092",4,"LINC01065"
"ENSG00000237401",4,"LINC01304"
"ENSG00000237596",4,"PDE7B-AS1"
"ENSG00000237667",4,"LINC01115"
"ENSG00000237992",4,"LINC01808"
"ENSG00000239697",4,"TNFSF12"
"ENSG00000240405",4,"SAMMSON"
"ENSG00000241696",4,"LINC02053"
"ENSG00000243130",4,"PSG11"
"ENSG00000245954",4,"LINC02273"
"ENSG00000246084",4,"LINC02325"
"ENSG00000248441",4,"LETR1"
"ENSG00000249642",4,"ENSG00000249642"
"ENSG00000249937",4,"LINC02223"
"ENSG00000250920",4,"ENSG00000250920"
"ENSG00000251443",4,"LINC02160"
"ENSG00000251574",4,"ENSG00000251574"
"ENSG00000253177",4,"ENSG00000253177"
"ENSG00000253238",4,"ENSG00000253238"
"ENSG00000253394",4,"LINC00534"
"ENSG00000253557",4,"ENSG00000253557"
"ENSG00000253871",4,"ENSG00000253871"
"ENSG00000253879",4,"ENSG00000253879"
"ENSG00000254055",4,"ENSG00000254055"
"ENSG00000254519",4,"ENSG00000254519"
"ENSG00000254661",4,"LINC02682"
"ENSG00000255117",4,"LINC02546"
"ENSG00000255595",4,"ENSG00000255595"
"ENSG00000255717",4,"SNHG1"
"ENSG00000256193",4,"LINC00507"
"ENSG00000256995",4,"LINC02955"
"ENSG00000257612",4,"MIR4307HG"
"ENSG00000257771",4,"LINC02395"
"ENSG00000258100",4,"LINC02823"
"ENSG00000258144",4,"LINC02406"
"ENSG00000258483",4,"LINC02251"
"ENSG00000258747",4,"ENSG00000258747"
"ENSG00000258975",4,"ENSG00000258975"
"ENSG00000259035",4,"ENSG00000259035"
"ENSG00000259675",4,"ENSG00000259675"
"ENSG00000260026",4,"LINC02189"
"ENSG00000260850",4,"ENSG00000260850"
"ENSG00000261014",4,"LINC02165"
"ENSG00000261261",4,"ENSG00000261261"
"ENSG00000261749",4,"LINC02180"
"ENSG00000262454",4,"MIR193BHG"
"ENSG00000263438",4,"LINC01919"
"ENSG00000265843",4,"LINC01029"
"ENSG00000266173",4,"STRADA"
"ENSG00000266988",4,"ENSG00000266988"
"ENSG00000267605",4,"ENSG00000267605"
"ENSG00000267712",4,"LINC01539"
"ENSG00000268621",4,"IGFL2-AS1"
"ENSG00000270379",4,"HEATR9"
"ENSG00000286456",4,"ENSG00000286456"
"ENSG00000286720",4,"ENSG00000286720"
"ENSG00000286746",4,"ENSG00000286746"
"ENSG00000290551",4,"ENSG00000290551"
"ENSG00000004487",3,"KDM1A"
"ENSG00000004848",3,"ARX"
"ENSG00000005844",3,"ITGAL"
"ENSG00000006747",3,"SCIN"
"ENSG00000009724",3,"MASP2"
"ENSG00000009830",3,"POMT2"
"ENSG00000010671",3,"BTK"
"ENSG00000011332",3,"DPF1"
"ENSG00000020633",3,"RUNX3"
"ENSG00000022556",3,"NLRP2"
"ENSG00000033627",3,"ATP6V0A1"
"ENSG00000043462",3,"LCP2"
"ENSG00000049618",3,"ARID1B"
"ENSG00000050405",3,"LIMA1"
"ENSG00000050438",3,"SLC4A8"
"ENSG00000054983",3,"GALC"
"ENSG00000058404",3,"CAMK2B"
"ENSG00000061273",3,"HDAC7"
"ENSG00000064313",3,"TAF2"
"ENSG00000065534",3,"MYLK"
"ENSG00000065809",3,"FAM107B"
"ENSG00000068912",3,"ERLEC1"
"ENSG00000069020",3,"MAST4"
"ENSG00000070061",3,"ELP1"
"ENSG00000072736",3,"NFATC3"
"ENSG00000072858",3,"SIDT1"
"ENSG00000078328",3,"RBFOX1"
"ENSG00000079277",3,"MKNK1"
"ENSG00000081059",3,"TCF7"
"ENSG00000082805",3,"ERC1"
"ENSG00000083067",3,"TRPM3"
"ENSG00000085224",3,"ATRX"
"ENSG00000087053",3,"MTMR2"
"ENSG00000087152",3,"ATXN7L3"
"ENSG00000090621",3,"PABPC4"
"ENSG00000093000",3,"NUP50"
"ENSG00000095794",3,"CREM"
"ENSG00000099246",3,"RAB18"
"ENSG00000099625",3,"CBARP"
"ENSG00000099864",3,"PALM"
"ENSG00000100241",3,"SBF1"
"ENSG00000100365",3,"NCF4"
"ENSG00000100665",3,"SERPINA4"
"ENSG00000100721",3,"TCL1A"
"ENSG00000103569",3,"AQP9"
"ENSG00000104043",3,"ATP8B4"
"ENSG00000104324",3,"CPQ"
"ENSG00000104419",3,"NDRG1"
"ENSG00000104760",3,"FGL1"
"ENSG00000104972",3,"LILRB1"
"ENSG00000105176",3,"URI1"
"ENSG00000106278",3,"PTPRZ1"
"ENSG00000106541",3,"AGR2"
"ENSG00000106628",3,"POLD2"
"ENSG00000106852",3,"LHX6"
"ENSG00000107669",3,"ATE1"
"ENSG00000107862",3,"GBF1"
"ENSG00000108433",3,"GOSR2"
"ENSG00000108963",3,"DPH1"
"ENSG00000110076",3,"NRXN2"
"ENSG00000110077",3,"MS4A6A"
"ENSG00000110777",3,"POU2AF1"
"ENSG00000110888",3,"CAPRIN2"
"ENSG00000112077",3,"RHAG"
"ENSG00000112319",3,"EYA4"
"ENSG00000112425",3,"EPM2A"
"ENSG00000112782",3,"CLIC5"
"ENSG00000112964",3,"GHR"
"ENSG00000114812",3,"VIPR1"
"ENSG00000114861",3,"FOXP1"
"ENSG00000115165",3,"CYTIP"
"ENSG00000115170",3,"ACVR1"
"ENSG00000115295",3,"CLIP4"
"ENSG00000115414",3,"FN1"
"ENSG00000115415",3,"STAT1"
"ENSG00000117020",3,"AKT3"
"ENSG00000118094",3,"TREH"
"ENSG00000118513",3,"MYB"
"ENSG00000119922",3,"IFIT2"
"ENSG00000120563",3,"LYZL1"
"ENSG00000122043",3,"LINC00544"
"ENSG00000122194",3,"PLG"
"ENSG00000123815",3,"COQ8B"
"ENSG00000124092",3,"CTCFL"
"ENSG00000124256",3,"ZBP1"
"ENSG00000124490",3,"CRISP2"
"ENSG00000125900",3,"SIRPD"
"ENSG00000126091",3,"ST3GAL3"
"ENSG00000127616",3,"SMARCA4"
"ENSG00000127955",3,"GNAI1"
"ENSG00000128242",3,"GAL3ST1"
"ENSG00000129255",3,"MPDU1"
"ENSG00000129460",3,"NGDN"
"ENSG00000130234",3,"ACE2"
"ENSG00000130396",3,"AFDN"
"ENSG00000130592",3,"LSP1"
"ENSG00000131196",3,"NFATC1"
"ENSG00000131355",3,"ADGRE3"
"ENSG00000131778",3,"CHD1L"
"ENSG00000133742",3,"CA1"
"ENSG00000133816",3,"MICAL2"
"ENSG00000134184",3,"GSTM1"
"ENSG00000134339",3,"SAA2"
"ENSG00000134516",3,"DOCK2"
"ENSG00000134545",3,"KLRC1"
"ENSG00000134769",3,"DTNA"
"ENSG00000135100",3,"HNF1A"
"ENSG00000135905",3,"DOCK10"
"ENSG00000136861",3,"CDK5RAP2"
"ENSG00000137496",3,"IL18BP"
"ENSG00000137948",3,"BRDT"
"ENSG00000139144",3,"PIK3C2G"
"ENSG00000139926",3,"FRMD6"
"ENSG00000140332",3,"TLE3"
"ENSG00000140798",3,"ABCC12"
"ENSG00000140945",3,"CDH13"
"ENSG00000140968",3,"IRF8"
"ENSG00000141252",3,"VPS53"
"ENSG00000141527",3,"CARD14"
"ENSG00000141668",3,"CBLN2"
"ENSG00000142025",3,"DMRTC2"
"ENSG00000143278",3,"F13B"
"ENSG00000143614",3,"GATAD2B"
"ENSG00000144579",3,"CTDSP1"
"ENSG00000144891",3,"AGTR1"
"ENSG00000145901",3,"TNIP1"
"ENSG00000146039",3,"SLC17A4"
"ENSG00000147408",3,"CSGALNACT1"
"ENSG00000147533",3,"GOLGA7"
"ENSG00000147852",3,"VLDLR"
"ENSG00000148053",3,"NTRK2"
"ENSG00000148584",3,"A1CF"
"ENSG00000149231",3,"CCDC82"
"ENSG00000149262",3,"INTS4"
"ENSG00000149483",3,"TMEM138"
"ENSG00000149970",3,"CNKSR2"
"ENSG00000151702",3,"FLI1"
"ENSG00000151883",3,"PARP8"
"ENSG00000152592",3,"DMP1"
"ENSG00000152767",3,"FARP1"
"ENSG00000152942",3,"RAD17"
"ENSG00000153187",3,"HNRNPU"
"ENSG00000153498",3,"SPACA7"
"ENSG00000153822",3,"KCNJ16"
"ENSG00000154309",3,"DISP1"
"ENSG00000155249",3,"OR4K1"
"ENSG00000155465",3,"SLC7A7"
"ENSG00000155926",3,"SLA"
"ENSG00000157060",3,"SHCBP1L"
"ENSG00000157103",3,"SLC6A1"
"ENSG00000157131",3,"C8A"
"ENSG00000157193",3,"LRP8"
"ENSG00000157601",3,"MX1"
"ENSG00000159398",3,"CES5A"
"ENSG00000159753",3,"CARMIL2"
"ENSG00000160183",3,"TMPRSS3"
"ENSG00000160185",3,"UBASH3A"
"ENSG00000160948",3,"VPS28"
"ENSG00000161203",3,"AP2M1"
"ENSG00000161634",3,"DCD"
"ENSG00000161944",3,"ASGR2"
"ENSG00000162078",3,"ZG16B"
"ENSG00000162571",3,"TTLL10"
"ENSG00000162618",3,"ADGRL4"
"ENSG00000162676",3,"GFI1"
"ENSG00000162736",3,"NCSTN"
"ENSG00000162779",3,"AXDND1"
"ENSG00000162891",3,"IL20"
"ENSG00000162946",3,"DISC1"
"ENSG00000163046",3,"ANKRD30BL"
"ENSG00000163219",3,"ARHGAP25"
"ENSG00000163564",3,"PYHIN1"
"ENSG00000163581",3,"SLC2A2"
"ENSG00000163681",3,"SLMAP"
"ENSG00000163749",3,"CCDC158"
"ENSG00000164073",3,"MFSD8"
"ENSG00000164270",3,"HTR4"
"ENSG00000164465",3,"DCBLD1"
"ENSG00000164588",3,"HCN1"
"ENSG00000164690",3,"SHH"
"ENSG00000164893",3,"SLC7A13"
"ENSG00000164935",3,"DCSTAMP"
"ENSG00000166598",3,"HSP90B1"
"ENSG00000166669",3,"ATF7IP2"
"ENSG00000167207",3,"NOD2"
"ENSG00000167210",3,"LOXHD1"
"ENSG00000167323",3,"STIM1"
"ENSG00000167371",3,"PRRT2"
"ENSG00000167459",3,"LINC00905"
"ENSG00000167460",3,"TPM4"
"ENSG00000167522",3,"ANKRD11"
"ENSG00000168036",3,"CTNNB1"
"ENSG00000168137",3,"SETD5"
"ENSG00000168314",3,"MOBP"
"ENSG00000168594",3,"ADAM29"
"ENSG00000169255",3,"B3GALNT1"
"ENSG00000169379",3,"ARL13B"
"ENSG00000169554",3,"ZEB2"
"ENSG00000169562",3,"GJB1"
"ENSG00000169933",3,"FRMPD4"
"ENSG00000170484",3,"KRT74"
"ENSG00000170956",3,"CEACAM3"
"ENSG00000171759",3,"PAH"
"ENSG00000172349",3,"IL16"
"ENSG00000172354",3,"GNB2"
"ENSG00000173041",3,"ZNF680"
"ENSG00000173699",3,"SPATA3"
"ENSG00000174125",3,"TLR1"
"ENSG00000174837",3,"ADGRE1"
"ENSG00000176124",3,"DLEU1"
"ENSG00000176659",3,"LINC02910"
"ENSG00000177301",3,"KCNA2"
"ENSG00000177374",3,"HIC1"
"ENSG00000177398",3,"UMODL1"
"ENSG00000178209",3,"PLEC"
"ENSG00000179213",3,"SIGLECL1"
"ENSG00000179626",3,"OR6C4"
"ENSG00000181027",3,"FKRP"
"ENSG00000181163",3,"NPM1"
"ENSG00000182346",3,"DAOA"
"ENSG00000183735",3,"TBK1"
"ENSG00000183747",3,"ACSM2A"
"ENSG00000185046",3,"ANKS1B"
"ENSG00000185433",3,"LINC00158"
"ENSG00000185640",3,"KRT79"
"ENSG00000185662",3,"SMIM23"
"ENSG00000185686",3,"PRAME"
"ENSG00000185873",3,"TMPRSS11B"
"ENSG00000186318",3,"BACE1"
"ENSG00000186329",3,"TMEM212"
"ENSG00000186526",3,"CYP4F8"
"ENSG00000186652",3,"PRG2"
"ENSG00000186818",3,"LILRB4"
"ENSG00000187116",3,"LILRA5"
"ENSG00000188089",3,"PLA2G4E"
"ENSG00000188385",3,"JAKMIP3"
"ENSG00000188511",3,"MIR3667HG"
"ENSG00000189144",3,"ZNF573"
"ENSG00000196091",3,"MYBPC1"
"ENSG00000196218",3,"RYR1"
"ENSG00000196235",3,"SUPT5H"
"ENSG00000196735",3,"HLA-DQA1"
"ENSG00000197381",3,"ADARB1"
"ENSG00000197467",3,"COL13A1"
"ENSG00000197535",3,"MYO5A"
"ENSG00000197614",3,"MFAP5"
"ENSG00000197641",3,"SERPINB13"
"ENSG00000197658",3,"SLC22A24"
"ENSG00000197694",3,"SPTAN1"
"ENSG00000197928",3,"ZNF677"
"ENSG00000198838",3,"RYR3"
"ENSG00000198851",3,"CD3E"
"ENSG00000198947",3,"DMD"
"ENSG00000203963",3,"C1orf141"
"ENSG00000204536",3,"CCHCR1"
"ENSG00000204669",3,"C9orf57"
"ENSG00000204706",3,"MAMDC2-AS1"
"ENSG00000204979",3,"MS4A13"
"ENSG00000205181",3,"LINC00654"
"ENSG00000205786",3,"LINC01531"
"ENSG00000206075",3,"SERPINB5"
"ENSG00000206187",3,"LINC02346"
"ENSG00000206190",3,"ATP10A"
"ENSG00000213085",3,"CFAP45"
"ENSG00000213928",3,"IRF9"
"ENSG00000213963",3,"ENSG00000213963"
"ENSG00000215231",3,"LINC01020"
"ENSG00000215277",3,"RNF212B"
"ENSG00000215568",3,"GAB4"
"ENSG00000223528",3,"ENSG00000223528"
"ENSG00000223552",3,"CCR5AS"
"ENSG00000223956",3,"LINC01767"
"ENSG00000224609",3,"FGGY-DT"
"ENSG00000224743",3,"TEX26-AS1"
"ENSG00000224893",3,"LINC02840"
"ENSG00000224932",3,"LINC02262"
"ENSG00000224957",3,"LINC01266"
"ENSG00000225249",3,"LINC00378"
"ENSG00000225269",3,"LINC00705"
"ENSG00000225470",3,"JPX"
"ENSG00000225884",3,"ENSG00000225884"
"ENSG00000225889",3,"ENSG00000225889"
"ENSG00000226097",3,"ENSG00000226097"
"ENSG00000226133",3,"LINC02794"
"ENSG00000226197",3,"ENSG00000226197"
"ENSG00000226281",3,"ENSG00000226281"
"ENSG00000226409",3,"ENSG00000226409"
"ENSG00000226440",3,"LAMA4-AS1"
"ENSG00000226822",3,"LINC02785"
"ENSG00000226846",3,"LINC00348"
"ENSG00000226994",3,"ENSG00000226994"
"ENSG00000227124",3,"ZNF717"
"ENSG00000227155",3,"DOCK8-AS2"
"ENSG00000227510",3,"LINC01442"
"ENSG00000227528",3,"DIAPH3-AS1"
"ENSG00000227906",3,"SNAP25-AS1"
"ENSG00000227954",3,"TARID"
"ENSG00000228021",3,"ENSG00000228021"
"ENSG00000228044",3,"ENSG00000228044"
"ENSG00000228590",3,"MIR4432HG"
"ENSG00000228636",3,"LINC02663"
"ENSG00000228655",3,"ENSG00000228655"
"ENSG00000228793",3,"ENSG00000228793"
"ENSG00000229249",3,"LINC00446"
"ENSG00000229775",3,"LINC02624"
"ENSG00000229807",3,"XIST"
"ENSG00000229855",3,"ENSG00000229855"
"ENSG00000230303",3,"ENSG00000230303"
"ENSG00000230442",3,"ASB15-AS1"
"ENSG00000230645",3,"LINC01818"
"ENSG00000230725",3,"ENSG00000230725"
"ENSG00000230962",3,"LINC01520"
"ENSG00000231329",3,"ENSG00000231329"
"ENSG00000231492",3,"ENSG00000231492"
"ENSG00000231721",3,"LINC-PINT"
"ENSG00000231817",3,"LINC01198"
"ENSG00000231876",3,"ENSG00000231876"
"ENSG00000232170",3,"LINC00708"
"ENSG00000232294",3,"ENSG00000232294"
"ENSG00000232490",3,"OSBPL10-AS1"
"ENSG00000233117",3,"LINC00702"
"ENSG00000233153",3,"UBE2E2-DT"
"ENSG00000233237",3,"LINC00472"
"ENSG00000233288",3,"ENSG00000233288"
"ENSG00000233355",3,"CHRM3-AS2"
"ENSG00000233570",3,"LINC00690"
"ENSG00000233611",3,"GBX2-AS1"
"ENSG00000234147",3,"ENSG00000234147"
"ENSG00000234350",3,"ERICH2-DT"
"ENSG00000234377",3,"OBI1-AS1"
"ENSG00000234736",3,"FAM170B-AS1"
"ENSG00000234741",3,"GAS5"
"ENSG00000234967",3,"ENSG00000234967"
"ENSG00000235221",3,"LINC00383"
"ENSG00000235281",3,"ENSG00000235281"
"ENSG00000235538",3,"ENSG00000235538"
"ENSG00000236008",3,"LINC01814"
"ENSG00000236653",3,"LINC01923"
"ENSG00000236778",3,"INTS6-AS1"
"ENSG00000236911",3,"ENSG00000236911"
"ENSG00000236922",3,"LINC01378"
"ENSG00000237460",3,"LINC01661"
"ENSG00000237633",3,"ENSG00000237633"
"ENSG00000237803",3,"PIRAT1"
"ENSG00000238217",3,"LINC01877"
"ENSG00000239998",3,"LILRA2"
"ENSG00000240498",3,"CDKN2B-AS1"
"ENSG00000240990",3,"HOXA11-AS"
"ENSG00000241231",3,"ENSG00000241231"
"ENSG00000242440",3,"LINC02046"
"ENSG00000242759",3,"LINC00882"
"ENSG00000243137",3,"PSG4"
"ENSG00000243144",3,"LINC02932"
"ENSG00000243295",3,"CFAP20DC-DT"
"ENSG00000243818",3,"ENSG00000243818"
"ENSG00000244040",3,"IL12A-AS1"
"ENSG00000244414",3,"CFHR1"
"ENSG00000245526",3,"LINC00461"
"ENSG00000245573",3,"BDNF-AS"
"ENSG00000247516",3,"MIR4458HG"
"ENSG00000248373",3,"ENSG00000248373"
"ENSG00000248461",3,"LINC02119"
"ENSG00000248491",3,"ENSG00000248491"
"ENSG00000248515",3,"ENSG00000248515"
"ENSG00000248740",3,"LINC02428"
"ENSG00000249317",3,"ENSG00000249317"
"ENSG00000249343",3,"LINC01333"
"ENSG00000249464",3,"LINC01091"
"ENSG00000249700",3,"SRD5A3-AS1"
"ENSG00000249803",3,"ENSG00000249803"
"ENSG00000250038",3,"ENSG00000250038"
"ENSG00000250095",3,"NREP-AS1"
"ENSG00000250102",3,"LINC02377"
"ENSG00000250334",3,"LINC00989"
"ENSG00000250447",3,"LINC02105"
"ENSG00000250708",3,"LINC02269"
"ENSG00000250748",3,"MSRB3-AS1"
"ENSG00000251002",3,"TRD-AS1"
"ENSG00000251138",3,"LINC02882"
"ENSG00000251209",3,"LINC00923"
"ENSG00000251216",3,"ENSG00000251216"
"ENSG00000251339",3,"ENSG00000251339"
"ENSG00000253100",3,"ENSG00000253100"
"ENSG00000253279",3,"LINC02209"
"ENSG00000253281",3,"ENSG00000253281"
"ENSG00000253301",3,"LINC01606"
"ENSG00000253314",3,"LINC00293"
"ENSG00000253354",3,"ENSG00000253354"
"ENSG00000253438",3,"PCAT1"
"ENSG00000253628",3,"ENSG00000253628"
"ENSG00000253853",3,"ENSG00000253853"
"ENSG00000254083",3,"LINC01591"
"ENSG00000254111",3,"ENSG00000254111"
"ENSG00000254123",3,"LINC02839"
"ENSG00000254135",3,"ENSG00000254135"
"ENSG00000254211",3,"LINC01485"
"ENSG00000254361",3,"ENSG00000254361"
"ENSG00000255171",3,"LINC01499"
"ENSG00000255269",3,"LINC02710"
"ENSG00000255332",3,"LINC02756"
"ENSG00000255399",3,"TBX5-AS1"
"ENSG00000256022",3,"LINC02411"
"ENSG00000256343",3,"ENSG00000256343"
"ENSG00000256362",3,"LINC02375"
"ENSG00000256732",3,"ENSG00000256732"
"ENSG00000257817",3,"TBX3-AS1"
"ENSG00000258183",3,"LINC02392"
"ENSG00000258464",3,"ENSG00000258464"
"ENSG00000258502",3,"LINC02290"
"ENSG00000258526",3,"ENSG00000258526"
"ENSG00000258583",3,"LINC01500"
"ENSG00000258667",3,"HIF1A-AS3"
"ENSG00000258710",3,"LINC01193"
"ENSG00000258779",3,"LINC01568"
"ENSG00000259097",3,"ENSG00000259097"
"ENSG00000259225",3,"LINC02345"
"ENSG00000259234",3,"ANKRD34C-AS1"
"ENSG00000259542",3,"ENSG00000259542"
"ENSG00000259572",3,"LINC01491"
"ENSG00000259611",3,"LINC01582"
"ENSG00000259697",3,"ENSG00000259697"
"ENSG00000259905",3,"PWRN1"
"ENSG00000260071",3,"ENSG00000260071"
"ENSG00000260454",3,"LINC02957"
"ENSG00000260477",3,"LINC01584"
"ENSG00000260653",3,"MIR3147HG"
"ENSG00000260857",3,"ENSG00000260857"
"ENSG00000260926",3,"ENSG00000260926"
"ENSG00000261184",3,"ENSG00000261184"
"ENSG00000261218",3,"ENSG00000261218"
"ENSG00000261683",3,"LINC00838"
"ENSG00000261800",3,"ENSG00000261800"
"ENSG00000263609",3,"LINC02002"
"ENSG00000263765",3,"ENSG00000263765"
"ENSG00000266010",3,"GATA6-AS1"
"ENSG00000266014",3,"ENSG00000266014"
"ENSG00000267026",3,"ENSG00000267026"
"ENSG00000267215",3,"ENSG00000267215"
"ENSG00000267254",3,"ZNF790-AS1"
"ENSG00000267320",3,"ENSG00000267320"
"ENSG00000267452",3,"LINC02073"
"ENSG00000267465",3,"THEG5"
"ENSG00000267732",3,"ENSG00000267732"
"ENSG00000267779",3,"LINC01533"
"ENSG00000268318",3,"LINC01872"
"ENSG00000268566",3,"ENSG00000268566"
"ENSG00000268654",3,"MIMT1"
"ENSG00000272446",3,"ENSG00000272446"
"ENSG00000274461",3,"LINC02930"
"ENSG00000275212",3,"LINC02826"
"ENSG00000275830",3,"LINC03082"
"ENSG00000283462",3,"ENSG00000283462"
"ENSG00000284240",3,"LINC02801"
"ENSG00000284848",3,"LINC02359"
"ENSG00000284977",3,"ENSG00000284977"
"ENSG00000285053",3,"ENSG00000285053"
"ENSG00000285412",3,"ENSG00000285412"
"ENSG00000286785",3,"LINC01622"
"ENSG00000287225",3,"ENSG00000287225"
"ENSG00000287709",3,"ENSG00000287709"
"ENSG00000288558",3,"DUS4L-BCAP29"
"ENSG00000288669",3,"ENSG00000288669"
"ENSG00000289408",3,"ENSG00000289408"
"ENSG00000289591",3,"ENSG00000289591"
"ENSG00000290398",3,"ASNSP1"
"ENSG00000290751",3,"TCP10L3"
"ENSG00000291089",3,"ENSG00000291089"
"ENSG00000291108",3,"SEPTIN7P11"
"ENSG00000291154",3,"PMS2P4"
"ENSG00000291176",3,"ENSG00000291176"
"ENSG00000001497",2,"LAS1L"
"ENSG00000004399",2,"PLXND1"
"ENSG00000004455",2,"AK2"
"ENSG00000005302",2,"MSL3"
"ENSG00000005882",2,"PDK2"
"ENSG00000006071",2,"ABCC8"
"ENSG00000006283",2,"CACNA1G"
"ENSG00000007384",2,"RHBDF1"
"ENSG00000007516",2,"BAIAP3"
"ENSG00000007545",2,"CRAMP1"
"ENSG00000008086",2,"CDKL5"
"ENSG00000008283",2,"CYB561"
"ENSG00000008513",2,"ST3GAL1"
"ENSG00000008853",2,"RHOBTB2"
"ENSG00000009790",2,"TRAF3IP3"
"ENSG00000010610",2,"CD4"
"ENSG00000011243",2,"AKAP8L"
"ENSG00000011600",2,"TYROBP"
"ENSG00000012124",2,"CD22"
"ENSG00000013375",2,"PGM3"
"ENSG00000013441",2,"CLK1"
"ENSG00000018280",2,"SLC11A1"
"ENSG00000023041",2,"ZDHHC6"
"ENSG00000026103",2,"FAS"
"ENSG00000028116",2,"VRK2"
"ENSG00000038945",2,"MSR1"
"ENSG00000039139",2,"DNAH5"
"ENSG00000042980",2,"ADAM28"
"ENSG00000047936",2,"ROS1"
"ENSG00000048052",2,"HDAC9"
"ENSG00000049283",2,"EPN3"
"ENSG00000049656",2,"CLPTM1L"
"ENSG00000049759",2,"NEDD4L"
"ENSG00000050628",2,"PTGER3"
"ENSG00000050820",2,"BCAR1"
"ENSG00000054523",2,"KIF1B"
"ENSG00000054654",2,"SYNE2"
"ENSG00000055609",2,"KMT2C"
"ENSG00000057294",2,"PKP2"
"ENSG00000058272",2,"PPP1R12A"
"ENSG00000059145",2,"UNKL"
"ENSG00000062524",2,"LTK"
"ENSG00000064012",2,"CASP8"
"ENSG00000064225",2,"ST3GAL6"
"ENSG00000064692",2,"SNCAIP"
"ENSG00000064933",2,"PMS1"
"ENSG00000065150",2,"IPO5"
"ENSG00000065371",2,"ROPN1"
"ENSG00000065618",2,"COL17A1"
"ENSG00000066468",2,"FGFR2"
"ENSG00000067182",2,"TNFRSF1A"
"ENSG00000067715",2,"SYT1"
"ENSG00000068305",2,"MEF2A"
"ENSG00000068615",2,"REEP1"
"ENSG00000069206",2,"ADAM7"
"ENSG00000069849",2,"ATP1B3"
"ENSG00000070190",2,"DAPP1"
"ENSG00000070748",2,"CHAT"
"ENSG00000070831",2,"CDC42"
"ENSG00000070915",2,"SLC12A3"
"ENSG00000071189",2,"SNX13"
"ENSG00000072133",2,"RPS6KA6"
"ENSG00000072163",2,"LIMS2"
"ENSG00000072201",2,"LNX1"
"ENSG00000072609",2,"CHFR"
"ENSG00000072694",2,"FCGR2B"
"ENSG00000073282",2,"TP63"
"ENSG00000073417",2,"PDE8A"
"ENSG00000073754",2,"CD5L"
"ENSG00000073849",2,"ST6GAL1"
"ENSG00000074621",2,"SLC24A1"
"ENSG00000074706",2,"IPCEF1"
"ENSG00000075292",2,"ZNF638"
"ENSG00000076554",2,"TPD52"
"ENSG00000076928",2,"ARHGEF1"
"ENSG00000077232",2,"DNAJC10"
"ENSG00000077264",2,"PAK3"
"ENSG00000078124",2,"ACER3"
"ENSG00000078369",2,"GNB1"
"ENSG00000080910",2,"CFHR2"
"ENSG00000081923",2,"ATP8B1"
"ENSG00000082641",2,"NFE2L1"
"ENSG00000085998",2,"POMGNT1"
"ENSG00000086666",2,"ZFAND6"
"ENSG00000087258",2,"GNAO1"
"ENSG00000087460",2,"GNAS"
"ENSG00000087470",2,"DNM1L"
"ENSG00000088387",2,"DOCK9"
"ENSG00000088726",2,"TMEM40"
"ENSG00000088826",2,"SMOX"
"ENSG00000089012",2,"SIRPG"
"ENSG00000089101",2,"CFAP61"
"ENSG00000089127",2,"OAS1"
"ENSG00000089169",2,"RPH3A"
"ENSG00000089250",2,"NOS1"
"ENSG00000089597",2,"GANAB"
"ENSG00000089820",2,"ARHGAP4"
"ENSG00000090006",2,"LTBP4"
"ENSG00000090054",2,"SPTLC1"
"ENSG00000090512",2,"FETUB"
"ENSG00000090861",2,"AARS1"
"ENSG00000091137",2,"SLC26A4"
"ENSG00000092098",2,"RNF31"
"ENSG00000092758",2,"COL9A3"
"ENSG00000095066",2,"HOOK2"
"ENSG00000096996",2,"IL12RB1"
"ENSG00000099331",2,"MYO9B"
"ENSG00000099917",2,"MED15"
"ENSG00000100012",2,"SEC14L3"
"ENSG00000100034",2,"PPM1F"
"ENSG00000100146",2,"SOX10"
"ENSG00000100312",2,"ACR"
"ENSG00000100345",2,"MYH9"
"ENSG00000100346",2,"CACNA1I"
"ENSG00000100350",2,"FOXRED2"
"ENSG00000100448",2,"CTSG"
"ENSG00000100600",2,"LGMN"
"ENSG00000100697",2,"DICER1"
"ENSG00000101076",2,"HNF4A"
"ENSG00000101251",2,"SEL1L2"
"ENSG00000101871",2,"MID1"
"ENSG00000101916",2,"TLR8"
"ENSG00000101981",2,"F9"
"ENSG00000102145",2,"GATA1"
"ENSG00000102245",2,"CD40LG"
"ENSG00000102471",2,"NDFIP2"
"ENSG00000103047",2,"TANGO6"
"ENSG00000103266",2,"STUB1"
"ENSG00000103415",2,"HMOX2"
"ENSG00000104320",2,"NBN"
"ENSG00000104447",2,"TRPS1"
"ENSG00000104499",2,"GML"
"ENSG00000104755",2,"ADAM2"
"ENSG00000104763",2,"ASAH1"
"ENSG00000104783",2,"KCNN4"
"ENSG00000104918",2,"RETN"
"ENSG00000104921",2,"FCER2"
"ENSG00000104936",2,"DMPK"
"ENSG00000105122",2,"RASAL3"
"ENSG00000105198",2,"LGALS13"
"ENSG00000105388",2,"CEACAM5"
"ENSG00000105409",2,"ATP1A3"
"ENSG00000105492",2,"SIGLEC6"
"ENSG00000105723",2,"GSK3A"
"ENSG00000105819",2,"PMPCB"
"ENSG00000105926",2,"PALS2"
"ENSG00000105963",2,"ADAP1"
"ENSG00000105971",2,"CAV2"
"ENSG00000106128",2,"GHRHR"
"ENSG00000106290",2,"TAF6"
"ENSG00000106410",2,"NOBOX"
"ENSG00000106477",2,"CEP41"
"ENSG00000106536",2,"POU6F2"
"ENSG00000106617",2,"PRKAG2"
"ENSG00000106952",2,"TNFSF8"
"ENSG00000107104",2,"KANK1"
"ENSG00000107897",2,"ACBD5"
"ENSG00000107902",2,"LHPP"
"ENSG00000108342",2,"CSF3"
"ENSG00000108654",2,"DDX5"
"ENSG00000108946",2,"PRKAR1A"
"ENSG00000109099",2,"PMP22"
"ENSG00000109181",2,"UGT2B10"
"ENSG00000109471",2,"IL2"
"ENSG00000109576",2,"AADAT"
"ENSG00000109618",2,"SEPSECS"
"ENSG00000109686",2,"SH3D19"
"ENSG00000109689",2,"STIM2"
"ENSG00000110047",2,"EHD1"
"ENSG00000110171",2,"TRIM3"
"ENSG00000110245",2,"APOC3"
"ENSG00000110436",2,"SLC1A2"
"ENSG00000110887",2,"DAO"
"ENSG00000111196",2,"MAGOHB"
"ENSG00000111700",2,"SLCO1B3"
"ENSG00000111859",2,"NEDD9"
"ENSG00000112038",2,"OPRM1"
"ENSG00000112053",2,"SLC26A8"
"ENSG00000112337",2,"SLC17A2"
"ENSG00000112367",2,"FIG4"
"ENSG00000112414",2,"ADGRG6"
"ENSG00000112818",2,"MEP1A"
"ENSG00000112983",2,"BRD8"
"ENSG00000113263",2,"ITK"
"ENSG00000113303",2,"BTNL8"
"ENSG00000113448",2,"PDE4D"
"ENSG00000113520",2,"IL4"
"ENSG00000113580",2,"NR3C1"
"ENSG00000113600",2,"C9"
"ENSG00000113889",2,"KNG1"
"ENSG00000114204",2,"SERPINI2"
"ENSG00000114331",2,"ACAP2"
"ENSG00000114544",2,"SLC41A3"
"ENSG00000114656",2,"CFAP92"
"ENSG00000115159",2,"GPD2"
"ENSG00000115232",2,"ITGA4"
"ENSG00000115263",2,"GCG"
"ENSG00000115525",2,"ST3GAL5"
"ENSG00000115540",2,"MOB4"
"ENSG00000115602",2,"IL1RL1"
"ENSG00000115607",2,"IL18RAP"
"ENSG00000115648",2,"MLPH"
"ENSG00000115919",2,"KYNU"
"ENSG00000116141",2,"MARK1"
"ENSG00000116171",2,"SCP2"
"ENSG00000116337",2,"AMPD2"
"ENSG00000116690",2,"PRG4"
"ENSG00000116701",2,"NCF2"
"ENSG00000116748",2,"AMPD1"
"ENSG00000116852",2,"KIF21B"
"ENSG00000117322",2,"CR2"
"ENSG00000117407",2,"ARTN"
"ENSG00000117602",2,"RCAN3"
"ENSG00000118113",2,"MMP8"
"ENSG00000118308",2,"IRAG2"
"ENSG00000118515",2,"SGK1"
"ENSG00000118785",2,"SPP1"
"ENSG00000118855",2,"MFSD1"
"ENSG00000119042",2,"SATB2"
"ENSG00000119912",2,"IDE"
"ENSG00000120071",2,"KANSL1"
"ENSG00000120370",2,"GORAB"
"ENSG00000120699",2,"EXOSC8"
"ENSG00000120708",2,"TGFBI"
"ENSG00000120896",2,"SORBS3"
"ENSG00000120913",2,"PDLIM2"
"ENSG00000121057",2,"AKAP1"
"ENSG00000121104",2,"FAM117A"
"ENSG00000121335",2,"PRB2"
"ENSG00000121380",2,"BCL2L14"
"ENSG00000121742",2,"GJB6"
"ENSG00000121797",2,"CCRL2"
"ENSG00000121989",2,"ACVR2A"
"ENSG00000122133",2,"PAEP"
"ENSG00000122223",2,"CD244"
"ENSG00000122304",2,"PRM2"
"ENSG00000122417",2,"ODF2L"
"ENSG00000122512",2,"PMS2"
"ENSG00000123066",2,"MED13L"
"ENSG00000123106",2,"CCDC91"
"ENSG00000124140",2,"SLC12A5"
"ENSG00000124155",2,"PIGT"
"ENSG00000124313",2,"IQSEC2"
"ENSG00000124486",2,"USP9X"
"ENSG00000125375",2,"DMAC2L"
"ENSG00000125676",2,"THOC2"
"ENSG00000125815",2,"CST8"
"ENSG00000125864",2,"BFSP1"
"ENSG00000125888",2,"BANF2"
"ENSG00000125952",2,"MAX"
"ENSG00000125967",2,"NECAB3"
"ENSG00000126215",2,"XRCC3"
"ENSG00000126251",2,"GPR42"
"ENSG00000127324",2,"TSPAN8"
"ENSG00000127922",2,"SEM1"
"ENSG00000128271",2,"ADORA2A"
"ENSG00000128284",2,"APOL3"
"ENSG00000128482",2,"RNF112"
"ENSG00000128710",2,"HOXD10"
"ENSG00000128908",2,"INO80"
"ENSG00000128918",2,"ALDH1A2"
"ENSG00000129467",2,"ADCY4"
"ENSG00000129993",2,"CBFA2T3"
"ENSG00000130475",2,"FCHO1"
"ENSG00000130703",2,"OSBPL2"
"ENSG00000130844",2,"ZNF331"
"ENSG00000130881",2,"LRP3"
"ENSG00000131018",2,"SYNE1"
"ENSG00000131089",2,"ARHGEF9"
"ENSG00000131323",2,"TRAF3"
"ENSG00000131368",2,"MRPS25"
"ENSG00000131374",2,"TBC1D5"
"ENSG00000131379",2,"C3orf20"
"ENSG00000131748",2,"STARD3"
"ENSG00000131808",2,"FSHB"
"ENSG00000132024",2,"CC2D1A"
"ENSG00000132170",2,"PPARG"
"ENSG00000132321",2,"IQCA1"
"ENSG00000132514",2,"CLEC10A"
"ENSG00000132530",2,"XAF1"
"ENSG00000132535",2,"DLG4"
"ENSG00000132554",2,"RGS22"
"ENSG00000132639",2,"SNAP25"
"ENSG00000132704",2,"FCRL2"
"ENSG00000132740",2,"IGHMBP2"
"ENSG00000132819",2,"RBM38"
"ENSG00000133069",2,"TMCC2"
"ENSG00000133110",2,"POSTN"
"ENSG00000133121",2,"STARD13"
"ENSG00000133250",2,"ZNF414"
"ENSG00000133256",2,"PDE6B"
"ENSG00000133401",2,"PDZD2"
"ENSG00000133943",2,"DGLUCY"
"ENSG00000133961",2,"NUMB"
"ENSG00000133962",2,"CATSPERB"
"ENSG00000134028",2,"ADAMDEC1"
"ENSG00000134242",2,"PTPN22"
"ENSG00000134324",2,"LPIN1"
"ENSG00000134460",2,"IL2RA"
"ENSG00000134470",2,"IL15RA"
"ENSG00000134802",2,"SLC43A3"
"ENSG00000134900",2,"TPP2"
"ENSG00000134954",2,"ETS1"
"ENSG00000135114",2,"OASL"
"ENSG00000135175",2,"OCM2"
"ENSG00000135218",2,"CD36"
"ENSG00000135346",2,"CGA"
"ENSG00000135424",2,"ITGA7"
"ENSG00000135426",2,"TESPA1"
"ENSG00000135480",2,"KRT7"
"ENSG00000135837",2,"CEP350"
"ENSG00000136002",2,"ARHGEF4"
"ENSG00000136104",2,"RNASEH2B"
"ENSG00000136155",2,"SCEL"
"ENSG00000136504",2,"KAT7"
"ENSG00000136573",2,"BLK"
"ENSG00000136574",2,"GATA4"
"ENSG00000136634",2,"IL10"
"ENSG00000136696",2,"IL36B"
"ENSG00000136928",2,"GABBR2"
"ENSG00000136931",2,"NR5A1"
"ENSG00000136944",2,"LMX1B"
"ENSG00000137074",2,"APTX"
"ENSG00000137204",2,"SLC22A7"
"ENSG00000137251",2,"TINAG"
"ENSG00000137648",2,"TMPRSS4"
"ENSG00000137700",2,"SLC37A4"
"ENSG00000137752",2,"CASP1"
"ENSG00000138075",2,"ABCG5"
"ENSG00000138109",2,"CYP2C9"
"ENSG00000138115",2,"CYP2C8"
"ENSG00000138190",2,"EXOC6"
"ENSG00000138375",2,"SMARCAL1"
"ENSG00000138398",2,"PPIG"
"ENSG00000138674",2,"SEC31A"
"ENSG00000138688",2,"BLTP1"
"ENSG00000139182",2,"CLSTN3"
"ENSG00000139218",2,"SCAF11"
"ENSG00000139370",2,"SLC15A4"
"ENSG00000139626",2,"ITGB7"
"ENSG00000139737",2,"SLAIN1"
"ENSG00000140297",2,"GCNT3"
"ENSG00000140374",2,"ETFA"
"ENSG00000140403",2,"DNAJA4"
"ENSG00000140623",2,"SEPTIN12"
"ENSG00000140675",2,"SLC5A2"
"ENSG00000140694",2,"PARN"
"ENSG00000140853",2,"NLRC5"
"ENSG00000140931",2,"CMTM3"
"ENSG00000141376",2,"BCAS3"
"ENSG00000141480",2,"ARRB2"
"ENSG00000141564",2,"RPTOR"
"ENSG00000141837",2,"CACNA1A"
"ENSG00000141977",2,"CIB3"
"ENSG00000142002",2,"DPP9"
"ENSG00000142347",2,"MYO1F"
"ENSG00000142794",2,"NBPF3"
"ENSG00000143153",2,"ATP1B1"
"ENSG00000143387",2,"CTSK"
"ENSG00000143442",2,"POGZ"
"ENSG00000143469",2,"SYT14"
"ENSG00000143669",2,"LYST"
"ENSG00000143740",2,"SNAP47"
"ENSG00000143870",2,"PDIA6"
"ENSG00000144218",2,"AFF3"
"ENSG00000144426",2,"NBEAL1"
"ENSG00000144645",2,"OSBPL10"
"ENSG00000144659",2,"SLC25A38"
"ENSG00000144674",2,"GOLGA4"
"ENSG00000144820",2,"ADGRG7"
"ENSG00000145451",2,"GLRA3"
"ENSG00000145675",2,"PIK3R1"
"ENSG00000145826",2,"LECT2"
"ENSG00000145863",2,"GABRA6"
"ENSG00000145879",2,"SPINK7"
"ENSG00000146147",2,"MLIP"
"ENSG00000146192",2,"FGD2"
"ENSG00000146378",2,"TAAR2"
"ENSG00000146830",2,"GIGYF1"
"ENSG00000146910",2,"CNPY1"
"ENSG00000146926",2,"ASB10"
"ENSG00000147044",2,"CASK"
"ENSG00000147133",2,"TAF1"
"ENSG00000147316",2,"MCPH1"
"ENSG00000147381",2,"MAGEA4"
"ENSG00000147443",2,"DOK2"
"ENSG00000147481",2,"SNTG1"
"ENSG00000147488",2,"ST18"
"ENSG00000147526",2,"TACC1"
"ENSG00000147654",2,"EBAG9"
"ENSG00000147889",2,"CDKN2A"
"ENSG00000148513",2,"ANKRD30A"
"ENSG00000148541",2,"FAM13C"
"ENSG00000148702",2,"HABP2"
"ENSG00000148735",2,"PLEKHS1"
"ENSG00000149182",2,"ARFGAP2"
"ENSG00000149403",2,"GRIK4"
"ENSG00000149428",2,"HYOU1"
"ENSG00000149499",2,"EML3"
"ENSG00000149507",2,"OOSP2"
"ENSG00000149532",2,"CPSF7"
"ENSG00000150093",2,"ITGB1"
"ENSG00000150471",2,"ADGRL3"
"ENSG00000150527",2,"MIA2"
"ENSG00000150672",2,"DLG2"
"ENSG00000150681",2,"RGS18"
"ENSG00000150750",2,"POU2AF2"
"ENSG00000151033",2,"LYZL2"
"ENSG00000151491",2,"EPS8"
"ENSG00000151503",2,"NCAPD3"
"ENSG00000151694",2,"ADAM17"
"ENSG00000151952",2,"TMEM132D"
"ENSG00000152430",2,"BOLL"
"ENSG00000152467",2,"ZSCAN1"
"ENSG00000152582",2,"SPEF2"
"ENSG00000152670",2,"DDX4"
"ENSG00000152931",2,"PART1"
"ENSG00000153048",2,"CARHSP1"
"ENSG00000153093",2,"ACOXL"
"ENSG00000153292",2,"ADGRF1"
"ENSG00000153363",2,"LINC00467"
"ENSG00000153560",2,"UBP1"
"ENSG00000154127",2,"UBASH3B"
"ENSG00000154310",2,"TNIK"
"ENSG00000154978",2,"VOPP1"
"ENSG00000155545",2,"MIER3"
"ENSG00000155833",2,"CYLC2"
"ENSG00000156222",2,"SLC28A1"
"ENSG00000156265",2,"MAP3K7CL"
"ENSG00000156504",2,"PABIR2"
"ENSG00000157106",2,"SMG1"
"ENSG00000157388",2,"CACNA1D"
"ENSG00000157450",2,"RNF111"
"ENSG00000158321",2,"AUTS2"
"ENSG00000158485",2,"CD1B"
"ENSG00000158806",2,"NPM2"
"ENSG00000159261",2,"CLDN14"
"ENSG00000159674",2,"SPON2"
"ENSG00000159899",2,"NPR2"
"ENSG00000160299",2,"PCNT"
"ENSG00000160321",2,"ZNF208"
"ENSG00000160439",2,"RDH13"
"ENSG00000160654",2,"CD3G"
"ENSG00000160789",2,"LMNA"
"ENSG00000160856",2,"FCRL3"
"ENSG00000160868",2,"CYP3A4"
"ENSG00000160991",2,"ORAI2"
"ENSG00000161031",2,"PGLYRP2"
"ENSG00000161911",2,"TREML1"
"ENSG00000162105",2,"SHANK2"
"ENSG00000162365",2,"CYP4A22"
"ENSG00000162434",2,"JAK1"
"ENSG00000162631",2,"NTNG1"
"ENSG00000162641",2,"AKNAD1"
"ENSG00000162892",2,"IL24"
"ENSG00000162910",2,"MRPL55"
"ENSG00000163002",2,"NUP35"
"ENSG00000163017",2,"ACTG2"
"ENSG00000163072",2,"NOSTRIN"
"ENSG00000163092",2,"XIRP2"
"ENSG00000163131",2,"CTSS"
"ENSG00000163218",2,"PGLYRP4"
"ENSG00000163349",2,"HIPK1"
"ENSG00000163382",2,"NAXE"
"ENSG00000163412",2,"EIF4E3"
"ENSG00000163424",2,"TEX55"
"ENSG00000163519",2,"TRAT1"
"ENSG00000163586",2,"FABP1"
"ENSG00000163600",2,"ICOS"
"ENSG00000163701",2,"IL17RE"
"ENSG00000163945",2,"UVSSA"
"ENSG00000164342",2,"TLR3"
"ENSG00000164402",2,"SEPTIN8"
"ENSG00000164418",2,"GRIK2"
"ENSG00000164485",2,"IL22RA2"
"ENSG00000164818",2,"DNAAF5"
"ENSG00000164828",2,"SUN1"
"ENSG00000165325",2,"DEUP1"
"ENSG00000165457",2,"FOLR2"
"ENSG00000165462",2,"PHOX2A"
"ENSG00000165630",2,"PRPF18"
"ENSG00000165699",2,"TSC1"
"ENSG00000165795",2,"NDRG2"
"ENSG00000166206",2,"GABRB3"
"ENSG00000166220",2,"TBATA"
"ENSG00000166340",2,"TPP1"
"ENSG00000166452",2,"AKIP1"
"ENSG00000166501",2,"PRKCB"
"ENSG00000166589",2,"CDH16"
"ENSG00000166596",2,"CFAP52"
"ENSG00000166796",2,"LDHC"
"ENSG00000166897",2,"ELFN2"
"ENSG00000166917",2,"MIR202HG"
"ENSG00000166930",2,"MS4A5"
"ENSG00000166948",2,"TGM6"
"ENSG00000167014",2,"TERB2"
"ENSG00000167104",2,"BPIFB6"
"ENSG00000167165",2,"UGT1A6"
"ENSG00000167202",2,"TBC1D2B"
"ENSG00000167261",2,"DPEP2"
"ENSG00000167548",2,"KMT2D"
"ENSG00000167595",2,"PROSER3"
"ENSG00000167633",2,"KIR3DL1"
"ENSG00000167751",2,"KLK2"
"ENSG00000167822",2,"OR8J3"
"ENSG00000167978",2,"SRRM2"
"ENSG00000168003",2,"SLC3A2"
"ENSG00000168014",2,"C2CD3"
"ENSG00000168060",2,"NAALADL1"
"ENSG00000168066",2,"SF1"
"ENSG00000168070",2,"MAJIN"
"ENSG00000168310",2,"IRF2"
"ENSG00000168329",2,"CX3CR1"
"ENSG00000168367",2,"LINC00917"
"ENSG00000168619",2,"ADAM18"
"ENSG00000168658",2,"VWA3B"
"ENSG00000168883",2,"USP39"
"ENSG00000169045",2,"HNRNPH1"
"ENSG00000169057",2,"MECP2"
"ENSG00000169083",2,"AR"
"ENSG00000169208",2,"OR10G3"
"ENSG00000169214",2,"OR6F1"
"ENSG00000169429",2,"CXCL8"
"ENSG00000169710",2,"FASN"
"ENSG00000169814",2,"BTD"
"ENSG00000170044",2,"ZPLD1"
"ENSG00000170099",2,"SERPINA6"
"ENSG00000170144",2,"HNRNPA3"
"ENSG00000170160",2,"CCDC144A"
"ENSG00000170178",2,"HOXD12"
"ENSG00000170255",2,"MRGPRX1"
"ENSG00000170423",2,"KRT78"
"ENSG00000170465",2,"KRT6C"
"ENSG00000170482",2,"SLC23A1"
"ENSG00000170485",2,"NPAS2"
"ENSG00000170486",2,"KRT72"
"ENSG00000170615",2,"SLC26A5"
"ENSG00000170627",2,"GTSF1"
"ENSG00000170777",2,"TPD52L3"
"ENSG00000170858",2,"LILRP2"
"ENSG00000170919",2,"TPT1-AS1"
"ENSG00000170983",2,"LINC00208"
"ENSG00000171045",2,"TSNARE1"
"ENSG00000171049",2,"FPR2"
"ENSG00000171195",2,"MUC7"
"ENSG00000171199",2,"OPRPN"
"ENSG00000171201",2,"SMR3B"
"ENSG00000171206",2,"TRIM8"
"ENSG00000171401",2,"KRT13"
"ENSG00000171435",2,"KSR2"
"ENSG00000171561",2,"OR2AT4"
"ENSG00000171680",2,"PLEKHG5"
"ENSG00000171714",2,"ANO5"
"ENSG00000171777",2,"RASGRP4"
"ENSG00000172016",2,"REG3A"
"ENSG00000172023",2,"REG1B"
"ENSG00000172046",2,"USP19"
"ENSG00000172053",2,"QARS1"
"ENSG00000172071",2,"EIF2AK3"
"ENSG00000172322",2,"CLEC12A"
"ENSG00000172457",2,"OR9G4"
"ENSG00000172487",2,"OR8J1"
"ENSG00000172508",2,"CARNS1"
"ENSG00000172673",2,"THEMIS"
"ENSG00000172717",2,"GARIN2"
"ENSG00000172752",2,"COL6A5"
"ENSG00000172915",2,"NBEA"
"ENSG00000172967",2,"XKR3"
"ENSG00000172992",2,"DCAKD"
"ENSG00000173011",2,"TADA2B"
"ENSG00000173077",2,"DELEC1"
"ENSG00000173166",2,"RAPH1"
"ENSG00000173200",2,"PARP15"
"ENSG00000173212",2,"MAB21L3"
"ENSG00000173253",2,"DMRT2"
"ENSG00000173391",2,"OLR1"
"ENSG00000173421",2,"IHO1"
"ENSG00000173467",2,"AGR3"
"ENSG00000173597",2,"SULT1B1"
"ENSG00000173599",2,"PC"
"ENSG00000173610",2,"UGT2A1"
"ENSG00000174099",2,"MSRB3"
"ENSG00000174306",2,"ZHX3"
"ENSG00000174407",2,"MIR1-1HG"
"ENSG00000174482",2,"LINGO2"
"ENSG00000174640",2,"SLCO2A1"
"ENSG00000174720",2,"LARP7"
"ENSG00000174891",2,"RSRC1"
"ENSG00000175065",2,"DSG4"
"ENSG00000175344",2,"CHRNA7"
"ENSG00000175356",2,"SCUBE2"
"ENSG00000175390",2,"EIF3F"
"ENSG00000176294",2,"OR4N2"
"ENSG00000176299",2,"OR4M1"
"ENSG00000176371",2,"ZSCAN2"
"ENSG00000176406",2,"RIMS2"
"ENSG00000176601",2,"MAP3K19"
"ENSG00000176895",2,"OR51A7"
"ENSG00000176979",2,"TRIM60"
"ENSG00000177138",2,"FAM9B"
"ENSG00000177369",2,"FLJ40194"
"ENSG00000177542",2,"SLC25A22"
"ENSG00000177565",2,"TBL1XR1"
"ENSG00000177675",2,"CD163L1"
"ENSG00000177752",2,"YIPF7"
"ENSG00000177830",2,"CHID1"
"ENSG00000178035",2,"IMPDH2"
"ENSG00000178104",2,"PDE4DIP"
"ENSG00000178105",2,"DDX10"
"ENSG00000178188",2,"SH2B1"
"ENSG00000179136",2,"LINC00670"
"ENSG00000179348",2,"GATA2"
"ENSG00000179583",2,"CIITA"
"ENSG00000179676",2,"LINC00305"
"ENSG00000179776",2,"CDH5"
"ENSG00000180116",2,"C12orf40"
"ENSG00000180259",2,"PRNT"
"ENSG00000180769",2,"WDFY3-AS2"
"ENSG00000181767",2,"OR8H2"
"ENSG00000182271",2,"TMIGD1"
"ENSG00000182446",2,"NPLOC4"
"ENSG00000182585",2,"EPGN"
"ENSG00000182586",2,"LINC00334"
"ENSG00000182621",2,"PLCB1"
"ENSG00000182667",2,"NTM"
"ENSG00000183206",2,"POTEC"
"ENSG00000183389",2,"OR56A4"
"ENSG00000183822",2,"NCF4-AS1"
"ENSG00000184012",2,"TMPRSS2"
"ENSG00000184029",2,"DSCR4"
"ENSG00000184108",2,"TRIML1"
"ENSG00000184216",2,"IRAK1"
"ENSG00000184330",2,"S100A7A"
"ENSG00000184363",2,"PKP3"
"ENSG00000184470",2,"TXNRD2"
"ENSG00000184571",2,"PIWIL3"
"ENSG00000184613",2,"NELL2"
"ENSG00000184640",2,"SEPTIN9"
"ENSG00000184887",2,"BTBD6"
"ENSG00000185002",2,"RFX6"
"ENSG00000185024",2,"BRF1"
"ENSG00000185038",2,"MROH2A"
"ENSG00000185122",2,"HSF1"
"ENSG00000185201",2,"IFITM2"
"ENSG00000185499",2,"MUC1"
"ENSG00000185630",2,"PBX1"
"ENSG00000185697",2,"MYBL1"
"ENSG00000185760",2,"KCNQ5"
"ENSG00000185761",2,"ADAMTSL5"
"ENSG00000185803",2,"SLC52A2"
"ENSG00000186049",2,"KRT73"
"ENSG00000186081",2,"KRT5"
"ENSG00000186094",2,"AGBL4"
"ENSG00000186205",2,"MTARC1"
"ENSG00000186446",2,"ZNF501"
"ENSG00000186472",2,"PCLO"
"ENSG00000186487",2,"MYT1L"
"ENSG00000186714",2,"CCDC73"
"ENSG00000186827",2,"TNFRSF4"
"ENSG00000186847",2,"KRT14"
"ENSG00000186868",2,"MAPT"
"ENSG00000187012",2,"LINC00207"
"ENSG00000187021",2,"PNLIPRP1"
"ENSG00000187048",2,"CYP4A11"
"ENSG00000187391",2,"MAGI2"
"ENSG00000187510",2,"PLEKHG7"
"ENSG00000187621",2,"TCL6"
"ENSG00000187699",2,"C2orf88"
"ENSG00000187741",2,"FANCA"
"ENSG00000187800",2,"PEAR1"
"ENSG00000188001",2,"TPRG1"
"ENSG00000188004",2,"SNHG28"
"ENSG00000188037",2,"CLCN1"
"ENSG00000188056",2,"TREML4"
"ENSG00000188191",2,"PRKAR1B"
"ENSG00000188549",2,"CCDC9B"
"ENSG00000188596",2,"CFAP54"
"ENSG00000188603",2,"CLN3"
"ENSG00000188629",2,"ZNF177"
"ENSG00000188766",2,"SPRED3"
"ENSG00000188779",2,"SKOR1"
"ENSG00000188877",2,"POTEA"
"ENSG00000188906",2,"LRRK2"
"ENSG00000188958",2,"UTS2B"
"ENSG00000189223",2,"PAX8-AS1"
"ENSG00000189430",2,"NCR1"
"ENSG00000196083",2,"IL1RAP"
"ENSG00000196104",2,"SPOCK3"
"ENSG00000196126",2,"HLA-DRB1"
"ENSG00000196139",2,"AKR1C3"
"ENSG00000196167",2,"COLCA1"
"ENSG00000196188",2,"CTSE"
"ENSG00000196209",2,"SIRPB2"
"ENSG00000196305",2,"IARS1"
"ENSG00000196405",2,"EVL"
"ENSG00000196498",2,"NCOR2"
"ENSG00000196954",2,"CASP4"
"ENSG00000197140",2,"ADAM32"
"ENSG00000197176",2,"LINC02291"
"ENSG00000197272",2,"IL27"
"ENSG00000197953",2,"AADACL2"
"ENSG00000197971",2,"MBP"
"ENSG00000197980",2,"LEKR1"
"ENSG00000197992",2,"CLEC9A"
"ENSG00000198000",2,"NOL8"
"ENSG00000198284",2,"NUP210P1"
"ENSG00000198453",2,"ZNF568"
"ENSG00000198569",2,"SLC34A3"
"ENSG00000198673",2,"TAFA2"
"ENSG00000198794",2,"SCAMP5"
"ENSG00000198795",2,"ZNF521"
"ENSG00000198796",2,"ALPK2"
"ENSG00000198909",2,"MAP3K3"
"ENSG00000198910",2,"L1CAM"
"ENSG00000203499",2,"IQANK1"
"ENSG00000203697",2,"CAPN8"
"ENSG00000203710",2,"CR1"
"ENSG00000203721",2,"LINC00862"
"ENSG00000203799",2,"CCDC162P"
"ENSG00000203859",2,"HSD3B2"
"ENSG00000204020",2,"LIPN"
"ENSG00000204120",2,"GIGYF2"
"ENSG00000204136",2,"GGTA1"
"ENSG00000204179",2,"PTPN20"
"ENSG00000204193",2,"TXNDC8"
"ENSG00000204271",2,"SPIN3"
"ENSG00000204398",2,"ENSG00000204398"
"ENSG00000204403",2,"CASP12"
"ENSG00000204406",2,"MBD5"
"ENSG00000204463",2,"BAG6"
"ENSG00000204577",2,"LILRB3"
"ENSG00000204614",2,"TRIM40"
"ENSG00000204623",2,"POLR1HASP"
"ENSG00000204694",2,"OR11A1"
"ENSG00000204842",2,"ATXN2"
"ENSG00000204889",2,"KRT40"
"ENSG00000204929",2,"LINC02934"
"ENSG00000204941",2,"PSG5"
"ENSG00000205054",2,"LINC01121"
"ENSG00000205221",2,"VIT"
"ENSG00000205293",2,"LINC01602"
"ENSG00000205396",2,"LINC00661"
"ENSG00000205456",2,"TP53TG3D"
"ENSG00000205634",2,"LINC00898"
"ENSG00000205707",2,"ETFRF1"
"ENSG00000205777",2,"GAGE1"
"ENSG00000206177",2,"HBM"
"ENSG00000206503",2,"HLA-A"
"ENSG00000206531",2,"CD200R1L"
"ENSG00000206573",2,"THUMPD3-AS1"
"ENSG00000211456",2,"SACM1L"
"ENSG00000213185",2,"FAM24B"
"ENSG00000213265",2,"TSGA13"
"ENSG00000213492",2,"NT5C3AP1"
"ENSG00000214049",2,"UCA1"
"ENSG00000214145",2,"LINC00887"
"ENSG00000214188",2,"ST7-OT4"
"ENSG00000214655",2,"ZSWIM8"
"ENSG00000214870",2,"LINC02981"
"ENSG00000215486",2,"ARL2BPP3"
"ENSG00000216560",2,"LINC00955"
"ENSG00000219438",2,"TAFA5"
"ENSG00000221888",2,"OR1C1"
"ENSG00000222001",2,"ENSG00000222001"
"ENSG00000223344",2,"ENSG00000223344"
"ENSG00000223403",2,"MEG9"
"ENSG00000223404",2,"LINC00397"
"ENSG00000223466",2,"LINC01825"
"ENSG00000223561",2,"LINC03007"
"ENSG00000223586",2,"LINC01312"
"ENSG00000223609",2,"HBD"
"ENSG00000223829",2,"ENSG00000223829"
"ENSG00000223914",2,"LINC02471"
"ENSG00000224018",2,"ENSG00000224018"
"ENSG00000224122",2,"POU6F2-AS1"
"ENSG00000224173",2,"LINC02831"
"ENSG00000224177",2,"LINC00570"
"ENSG00000224277",2,"ENSG00000224277"
"ENSG00000224400",2,"ENSG00000224400"
"ENSG00000224445",2,"LINC01708"
"ENSG00000224582",2,"LINC01015"
"ENSG00000224612",2,"ENSG00000224612"
"ENSG00000224643",2,"ENSG00000224643"
"ENSG00000224652",2,"LINC00885"
"ENSG00000225128",2,"LINC00972"
"ENSG00000225172",2,"ENSG00000225172"
"ENSG00000225488",2,"ENSG00000225488"
"ENSG00000225535",2,"LINC01393"
"ENSG00000225539",2,"LINC01821"
"ENSG00000225546",2,"LINC02476"
"ENSG00000225548",2,"LINC01980"
"ENSG00000225564",2,"LINC01492"
"ENSG00000225652",2,"KCNMA1-AS3"
"ENSG00000225783",2,"MIAT"
"ENSG00000225818",2,"ENSG00000225818"
"ENSG00000225879",2,"ENSG00000225879"
"ENSG00000225886",2,"ENSG00000225886"
"ENSG00000225953",2,"SATB2-AS1"
"ENSG00000226070",2,"LINC00951"
"ENSG00000226251",2,"LINC02608"
"ENSG00000226272",2,"ARHGAP26-AS1"
"ENSG00000226317",2,"LINC00351"
"ENSG00000226433",2,"ENSG00000226433"
"ENSG00000226488",2,"LINC01824"
"ENSG00000226490",2,"C8orf90"
"ENSG00000226715",2,"LINC01709"
"ENSG00000226807",2,"MROH5"
"ENSG00000226812",2,"R3HDML-AS1"
"ENSG00000226813",2,"LINC01941"
"ENSG00000226829",2,"ENSG00000226829"
"ENSG00000226877",2,"ENSG00000226877"
"ENSG00000226996",2,"ENSG00000226996"
"ENSG00000227043",2,"LINC01682"
"ENSG00000227059",2,"ANHX"
"ENSG00000227121",2,"LINC02672"
"ENSG00000227128",2,"LBX1-AS1"
"ENSG00000227195",2,"MIR663AHG"
"ENSG00000227260",2,"LINC01985"
"ENSG00000227308",2,"LINC02832"
"ENSG00000227355",2,"ENSG00000227355"
"ENSG00000227360",2,"ENSG00000227360"
"ENSG00000227713",2,"ENSG00000227713"
"ENSG00000227742",2,"CALR4P"
"ENSG00000227764",2,"NTRAS"
"ENSG00000227769",2,"ENSG00000227769"
"ENSG00000227802",2,"DNAJB3"
"ENSG00000227912",2,"ENSG00000227912"
"ENSG00000228055",2,"FAM245A"
"ENSG00000228105",2,"LINC01757"
"ENSG00000228113",2,"ENSG00000228113"
"ENSG00000228127",2,"LINC01649"
"ENSG00000228142",2,"ENSG00000228142"
"ENSG00000228401",2,"ENSG00000228401"
"ENSG00000228432",2,"DHFRP2"
"ENSG00000228509",2,"ENSG00000228509"
"ENSG00000228536",2,"LYPLAL1-AS1"
"ENSG00000228538",2,"ENSG00000228538"
"ENSG00000228564",2,"LINC01005"
"ENSG00000228742",2,"LINC02577"
"ENSG00000228775",2,"WEE2-AS1"
"ENSG00000228933",2,"ENSG00000228933"
"ENSG00000228980",2,"LINC01205"
"ENSG00000229154",2,"KCNQ5-AS1"
"ENSG00000229274",2,"LINC02829"
"ENSG00000229443",2,"LINC00433"
"ENSG00000229740",2,"ENSG00000229740"
"ENSG00000229862",2,"EEF1A1-AS1"
"ENSG00000230013",2,"CT70"
"ENSG00000230102",2,"LINC02028"
"ENSG00000230133",2,"LINC01721"
"ENSG00000230258",2,"ENSG00000230258"
"ENSG00000230400",2,"LINC01747"
"ENSG00000230417",2,"LINC00595"
"ENSG00000230426",2,"LINC01036"
"ENSG00000230438",2,"SERPINB9P1"
"ENSG00000230492",2,"ENSG00000230492"
"ENSG00000230746",2,"ENSG00000230746"
"ENSG00000230753",2,"ZNF341-AS1"
"ENSG00000230891",2,"LINC00692"
"ENSG00000230908",2,"ENSG00000230908"
"ENSG00000230970",2,"HHATL-AS1"
"ENSG00000230990",2,"ENSG00000230990"
"ENSG00000231023",2,"LINC00326"
"ENSG00000231031",2,"LINC01804"
"ENSG00000231204",2,"ENSG00000231204"
"ENSG00000231231",2,"LINC01423"
"ENSG00000231426",2,"FILNC1"
"ENSG00000231427",2,"LINC01445"
"ENSG00000231616",2,"ENSG00000231616"
"ENSG00000231648",2,"LINC01698"
"ENSG00000231681",2,"ENSG00000231681"
"ENSG00000231731",2,"ENSG00000231731"
"ENSG00000231749",2,"ABCA9-AS1"
"ENSG00000231902",2,"ENSG00000231902"
"ENSG00000232080",2,"ENSG00000232080"
"ENSG00000232234",2,"ENSG00000232234"
"ENSG00000232309",2,"ENSG00000232309"
"ENSG00000232401",2,"LINC00112"
"ENSG00000232512",2,"ENSG00000232512"
"ENSG00000232685",2,"LINC00442"
"ENSG00000232884",2,"ENSG00000232884"
"ENSG00000232913",2,"PLCE1-AS2"
"ENSG00000232991",2,"GACAT1"
"ENSG00000233038",2,"PTPRN2-AS1"
"ENSG00000233079",2,"LINC01755"
"ENSG00000233086",2,"LNCARSR"
"ENSG00000233308",2,"OSTN-AS1"
"ENSG00000233359",2,"ENSG00000233359"
"ENSG00000233395",2,"LINC00841"
"ENSG00000233491",2,"CDHR17P"
"ENSG00000233534",2,"LINC02524"
"ENSG00000233587",2,"LINC01884"
"ENSG00000233633",2,"ENSG00000233633"
"ENSG00000233672",2,"RNASEH2B-AS1"
"ENSG00000233705",2,"SLC26A4-AS1"
"ENSG00000233756",2,"DSCAM-IT1"
"ENSG00000233842",2,"ENSG00000233842"
"ENSG00000233973",2,"LINC01360"
"ENSG00000234068",2,"PAGE2"
"ENSG00000234142",2,"LINC01675"
"ENSG00000234162",2,"ENSG00000234162"
"ENSG00000234255",2,"ENSG00000234255"
"ENSG00000234277",2,"LINC01641"
"ENSG00000234352",2,"ENSG00000234352"
"ENSG00000234420",2,"ZNF37BP"
"ENSG00000234446",2,"ENSG00000234446"
"ENSG00000234476",2,"LINC02765"
"ENSG00000234497",2,"ERICH3-AS1"
"ENSG00000234548",2,"LINC02020"
"ENSG00000234616",2,"JRK"
"ENSG00000234663",2,"LINC01934"
"ENSG00000234721",2,"LINC02092"
"ENSG00000234753",2,"FOXP4-AS1"
"ENSG00000234763",2,"ENSG00000234763"
"ENSG00000234912",2,"SNHG20"
"ENSG00000234973",2,"LINC02658"
"ENSG00000235020",2,"ENSG00000235020"
"ENSG00000235122",2,"ENSG00000235122"
"ENSG00000235123",2,"DSCAM-AS1"
"ENSG00000235200",2,"LINC01702"
"ENSG00000235419",2,"ENSG00000235419"
"ENSG00000235420",2,"RPL29P30"
"ENSG00000235446",2,"LINC02791"
"ENSG00000235572",2,"ENSG00000235572"
"ENSG00000235584",2,"ENSG00000235584"
"ENSG00000235705",2,"ENSG00000235705"
"ENSG00000235724",2,"PSMD14-DT"
"ENSG00000235770",2,"LINC00607"
"ENSG00000235779",2,"ENSG00000235779"
"ENSG00000235823",2,"OLMALINC"
"ENSG00000236036",2,"LINC00445"
"ENSG00000236051",2,"MYCBP2-AS1"
"ENSG00000236107",2,"SCN1A-AS1"
"ENSG00000236109",2,"ENSG00000236109"
"ENSG00000236311",2,"TLX1NB"
"ENSG00000236318",2,"LINC02888"
"ENSG00000236543",2,"ENSG00000236543"
"ENSG00000236720",2,"LINC01741"
"ENSG00000236769",2,"LINC02659"
"ENSG00000236854",2,"ENSG00000236854"
"ENSG00000236882",2,"LINC01554"
"ENSG00000236963",2,"LINC01141"
"ENSG00000237002",2,"ENSG00000237002"
"ENSG00000237031",2,"ENSG00000237031"
"ENSG00000237062",2,"ENSG00000237062"
"ENSG00000237125",2,"HAND2-AS1"
"ENSG00000237126",2,"ENSG00000237126"
"ENSG00000237222",2,"LINC01968"
"ENSG00000237224",2,"ENSG00000237224"
"ENSG00000237232",2,"ZNF295-AS1"
"ENSG00000237234",2,"ENSG00000237234"
"ENSG00000237356",2,"ENSG00000237356"
"ENSG00000237463",2,"LRRC52-AS1"
"ENSG00000237471",2,"ENSG00000237471"
"ENSG00000237498",2,"ENSG00000237498"
"ENSG00000237525",2,"ENSG00000237525"
"ENSG00000237530",2,"ENSG00000237530"
"ENSG00000237567",2,"LINC02836"
"ENSG00000237896",2,"ENSG00000237896"
"ENSG00000237945",2,"LINC00649"
"ENSG00000238063",2,"LINC01685"
"ENSG00000238131",2,"LINC02854"
"ENSG00000239440",2,"LINC02008"
"ENSG00000239649",2,"MYADML"
"ENSG00000239828",2,"CCDC54-AS1"
"ENSG00000239900",2,"ADSL"
"ENSG00000240505",2,"TNFRSF13B"
"ENSG00000241128",2,"OR14A2"
"ENSG00000241388",2,"HNF1A-AS1"
"ENSG00000241449",2,"ENSG00000241449"
"ENSG00000241570",2,"PAQR9-AS1"
"ENSG00000241818",2,"SCG5-AS1"
"ENSG00000242009",2,"ENSG00000242009"
"ENSG00000242147",2,"LASTR"
"ENSG00000242221",2,"PSG2"
"ENSG00000242265",2,"PEG10"
"ENSG00000242339",2,"LINC02025"
"ENSG00000242641",2,"LINC00971"
"ENSG00000242973",2,"TDRD6-AS1"
"ENSG00000243150",2,"MLF1-DT"
"ENSG00000243156",2,"MICAL3"
"ENSG00000243276",2,"ENSG00000243276"
"ENSG00000243347",2,"LINC02045"
"ENSG00000243694",2,"LINC02027"
"ENSG00000244057",2,"LCE3C"
"ENSG00000244215",2,"LINC02016"
"ENSG00000245008",2,"ENSG00000245008"
"ENSG00000245532",2,"NEAT1"
"ENSG00000245694",2,"CRNDE"
"ENSG00000245870",2,"LINC00682"
"ENSG00000246876",2,"LINC02466"
"ENSG00000247498",2,"GPRC5D-AS1"
"ENSG00000247556",2,"OIP5-AS1"
"ENSG00000247810",2,"ENSG00000247810"
"ENSG00000248092",2,"NNT-AS1"
"ENSG00000248109",2,"MARCOL"
"ENSG00000248309",2,"MEF2C-AS1"
"ENSG00000248370",2,"LINC02434"
"ENSG00000248391",2,"LINC02064"
"ENSG00000248685",2,"LINC02484"
"ENSG00000248690",2,"HAS2-AS1"
"ENSG00000248809",2,"LINC01095"
"ENSG00000248810",2,"LINC02432"
"ENSG00000248844",2,"LINC02753"
"ENSG00000248858",2,"FLJ46284"
"ENSG00000248872",2,"LINC02431"
"ENSG00000248935",2,"ENSG00000248935"
"ENSG00000248973",2,"ENSG00000248973"
"ENSG00000249069",2,"LINC01033"
"ENSG00000249096",2,"LINC02362"
"ENSG00000249145",2,"LINC02517"
"ENSG00000249160",2,"LINC02213"
"ENSG00000249231",2,"CASC16"
"ENSG00000249279",2,"LINC02057"
"ENSG00000249341",2,"ENSG00000249341"
"ENSG00000249484",2,"LINC01470"
"ENSG00000249631",2,"ENSG00000249631"
"ENSG00000249782",2,"ENSG00000249782"
"ENSG00000249867",2,"LINC02742"
"ENSG00000249873",2,"LINC02372"
"ENSG00000250025",2,"ENSG00000250025"
"ENSG00000250048",2,"LINC00603"
"ENSG00000250072",2,"SH3TC2-DT"
"ENSG00000250137",2,"ENSG00000250137"
"ENSG00000250190",2,"LINC02364"
"ENSG00000250198",2,"LINC02199"
"ENSG00000250208",2,"FZD10-AS1"
"ENSG00000250361",2,"GYPB"
"ENSG00000250362",2,"ENSG00000250362"
"ENSG00000250406",2,"ENSG00000250406"
"ENSG00000250436",2,"LINC02499"
"ENSG00000250501",2,"ENSG00000250501"
"ENSG00000250544",2,"LINC02059"
"ENSG00000250584",2,"LINC01511"
"ENSG00000250585",2,"LINC00604"
"ENSG00000250590",2,"LINC02492"
"ENSG00000250791",2,"ENSG00000250791"
"ENSG00000250803",2,"ENSG00000250803"
"ENSG00000250814",2,"LINC02221"
"ENSG00000250863",2,"ENSG00000250863"
"ENSG00000250930",2,"LNX1-AS1"
"ENSG00000250954",2,"ENSG00000250954"
"ENSG00000251026",2,"NIHCOLE"
"ENSG00000251075",2,"HTT-AS"
"ENSG00000251095",2,"ENSG00000251095"
"ENSG00000251170",2,"ENSG00000251170"
"ENSG00000251205",2,"ENSG00000251205"
"ENSG00000251210",2,"LINC02270"
"ENSG00000251230",2,"MIR3945HG"
"ENSG00000251266",2,"LINC02429"
"ENSG00000251273",2,"LINC02228"
"ENSG00000251322",2,"SHANK3"
"ENSG00000251365",2,"LINC02236"
"ENSG00000251391",2,"ENSG00000251391"
"ENSG00000251429",2,"AIDAP2"
"ENSG00000251442",2,"LINC01094"
"ENSG00000251538",2,"LINC02201"
"ENSG00000251575",2,"C5orf64-AS1"
"ENSG00000251598",2,"ENSG00000251598"
"ENSG00000251649",2,"LINC02379"
"ENSG00000251655",2,"PRB1"
"ENSG00000251692",2,"PTX4"
"ENSG00000253103",2,"LINC01609"
"ENSG00000253130",2,"ENSG00000253130"
"ENSG00000253140",2,"LINC02947"
"ENSG00000253230",2,"MIR124-1HG"
"ENSG00000253235",2,"ENSG00000253235"
"ENSG00000253260",2,"ENSG00000253260"
"ENSG00000253267",2,"DLGAP2-AS1"
"ENSG00000253288",2,"ENSG00000253288"
"ENSG00000253369",2,"ENSG00000253369"
"ENSG00000253389",2,"ENSG00000253389"
"ENSG00000253405",2,"EVX1-AS"
"ENSG00000253452",2,"ENSG00000253452"
"ENSG00000253644",2,"LINC02845"
"ENSG00000253658",2,"LINC01592"
"ENSG00000253659",2,"ENSG00000253659"
"ENSG00000253666",2,"ENSG00000253666"
"ENSG00000253736",2,"ENSG00000253736"
"ENSG00000253782",2,"ENSG00000253782"
"ENSG00000253802",2,"SIRLNT"
"ENSG00000253824",2,"ENSG00000253824"
"ENSG00000253894",2,"ENSG00000253894"
"ENSG00000254002",2,"ENSG00000254002"
"ENSG00000254031",2,"ENSG00000254031"
"ENSG00000254054",2,"ENSG00000254054"
"ENSG00000254067",2,"ENSG00000254067"
"ENSG00000254092",2,"ENSG00000254092"
"ENSG00000254186",2,"ENSG00000254186"
"ENSG00000254275",2,"LINC00824"
"ENSG00000254377",2,"MIR124-2HG"
"ENSG00000254394",2,"ENSG00000254394"
"ENSG00000254456",2,"LINC02699"
"ENSG00000254810",2,"ENSG00000254810"
"ENSG00000254823",2,"LINC02727"
"ENSG00000254863",2,"LINC02744"
"ENSG00000255029",2,"ENSG00000255029"
"ENSG00000255093",2,"ENSG00000255093"
"ENSG00000255136",2,"TPBGL-AS1"
"ENSG00000255175",2,"LINC02759"
"ENSG00000255187",2,"LINC02748"
"ENSG00000255246",2,"ENSG00000255246"
"ENSG00000255274",2,"SMIM35"
"ENSG00000255298",2,"OR8G5"
"ENSG00000255300",2,"LINC02745"
"ENSG00000255313",2,"ENSG00000255313"
"ENSG00000255335",2,"LINC02729"
"ENSG00000255344",2,"LINC02706"
"ENSG00000255345",2,"ENSG00000255345"
"ENSG00000255388",2,"LINC02741"
"ENSG00000255393",2,"OOSP4B"
"ENSG00000255502",2,"LINC02713"
"ENSG00000255512",2,"LINC02684"
"ENSG00000255652",2,"LINC02963"
"ENSG00000255998",2,"LINC02824"
"ENSG00000256389",2,"ENSG00000256389"
"ENSG00000256654",2,"ENSG00000256654"
"ENSG00000256659",2,"LINC02368"
"ENSG00000256660",2,"CLEC12B"
"ENSG00000256683",2,"ZNF350"
"ENSG00000256888",2,"LINC02366"
"ENSG00000257164",2,"LINC02451"
"ENSG00000257165",2,"ENSG00000257165"
"ENSG00000257337",2,"TNS2-AS1"
"ENSG00000257407",2,"ENSG00000257407"
"ENSG00000257510",2,"LINC02402"
"ENSG00000257523",2,"LINC02326"
"ENSG00000257747",2,"LINC02426"
"ENSG00000257762",2,"LINC02401"
"ENSG00000257787",2,"ENSG00000257787"
"ENSG00000258028",2,"ENSG00000258028"
"ENSG00000258038",2,"LINC02327"
"ENSG00000258119",2,"ENSG00000258119"
"ENSG00000258216",2,"ENSG00000258216"
"ENSG00000258308",2,"ENSG00000258308"
"ENSG00000258489",2,"ENSG00000258489"
"ENSG00000258573",2,"RNASE11-AS1"
"ENSG00000258654",2,"ENSG00000258654"
"ENSG00000258718",2,"LINC02311"
"ENSG00000258743",2,"LINC02301"
"ENSG00000258760",2,"ENSG00000258760"
"ENSG00000258785",2,"LINC01580"
"ENSG00000258791",2,"LINC00520"
"ENSG00000258826",2,"LINC01147"
"ENSG00000258902",2,"ENSG00000258902"
"ENSG00000258912",2,"LINC02316"
"ENSG00000258932",2,"MIR3171HG"
"ENSG00000258979",2,"LINC02299"
"ENSG00000259108",2,"LINC01595"
"ENSG00000259134",2,"LINC00924"
"ENSG00000259150",2,"LINC00929"
"ENSG00000259284",2,"LINC02349"
"ENSG00000259320",2,"ENSG00000259320"
"ENSG00000259403",2,"ENSG00000259403"
"ENSG00000259582",2,"ENSG00000259582"
"ENSG00000259754",2,"ENSG00000259754"
"ENSG00000259786",2,"LINC02109"
"ENSG00000259790",2,"ANP32BP1"
"ENSG00000259868",2,"ENSG00000259868"
"ENSG00000259974",2,"LINC00261"
"ENSG00000260125",2,"AGBL1-AS1"
"ENSG00000260386",2,"LDC1P"
"ENSG00000260433",2,"LINC01917"
"ENSG00000260564",2,"ENSG00000260564"
"ENSG00000260737",2,"LINC01227"
"ENSG00000260785",2,"CASC17"
"ENSG00000260788",2,"CEDORA"
"ENSG00000260951",2,"ENSG00000260951"
"ENSG00000260958",2,"ENSG00000260958"
"ENSG00000260963",2,"LINC03064"
"ENSG00000261175",2,"LINC02188"
"ENSG00000261194",2,"LINC01898"
"ENSG00000261410",2,"CDH13-AS1"
"ENSG00000261446",2,"LINC00559"
"ENSG00000261475",2,"LINC02190"
"ENSG00000261517",2,"LINC00558"
"ENSG00000261558",2,"LINC01859"
"ENSG00000261761",2,"LINC02616"
"ENSG00000261780",2,"LINC02582"
"ENSG00000261804",2,"ENSG00000261804"
"ENSG00000262231",2,"ENSG00000262231"
"ENSG00000263547",2,"ENSG00000263547"
"ENSG00000263618",2,"ENSG00000263618"
"ENSG00000263639",2,"MSMB"
"ENSG00000263711",2,"LINC02864"
"ENSG00000263718",2,"SEPTIN9-DT"
"ENSG00000263753",2,"LINC00667"
"ENSG00000264300",2,"ENSG00000264300"
"ENSG00000264659",2,"ENSG00000264659"
"ENSG00000264876",2,"ENSG00000264876"
"ENSG00000264970",2,"WEE1P2"
"ENSG00000265313",2,"LINC01476"
"ENSG00000265352",2,"LINC01899"
"ENSG00000265485",2,"LINC01915"
"ENSG00000265933",2,"LINC00668"
"ENSG00000265994",2,"ENSG00000265994"
"ENSG00000266256",2,"LINC00683"
"ENSG00000266357",2,"LINC02074"
"ENSG00000266729",2,"DSG1-AS1"
"ENSG00000267052",2,"ENSG00000267052"
"ENSG00000267101",2,"ENSG00000267101"
"ENSG00000267123",2,"SCAT1"
"ENSG00000267134",2,"LINC01924"
"ENSG00000267175",2,"ENSG00000267175"
"ENSG00000267575",2,"LINC02987"
"ENSG00000267593",2,"LINC01926"
"ENSG00000267659",2,"LINC01482"
"ENSG00000267761",2,"MIR4527HG"
"ENSG00000267777",2,"LINC01791"
"ENSG00000268296",2,"ENSG00000268296"
"ENSG00000268355",2,"ENSG00000268355"
"ENSG00000268480",2,"NFILZ"
"ENSG00000269025",2,"ENSG00000269025"
"ENSG00000269957",2,"ENSG00000269957"
"ENSG00000270106",2,"TSNAX-DISC1"
"ENSG00000270816",2,"LINC00221"
"ENSG00000272154",2,"ENSG00000272154"
"ENSG00000272168",2,"CASC15"
"ENSG00000272333",2,"KMT2B"
"ENSG00000272980",2,"ENSG00000272980"
"ENSG00000273111",2,"LYPD4"
"ENSG00000273838",2,"ENSG00000273838"
"ENSG00000274020",2,"LINC01138"
"ENSG00000274261",2,"ENSG00000274261"
"ENSG00000274536",2,"MIR223HG"
"ENSG00000274766",2,"ENSG00000274766"
"ENSG00000275152",2,"CCL16"
"ENSG00000275465",2,"ENSG00000275465"
"ENSG00000275722",2,"LYZL6"
"ENSG00000276476",2,"LINC00540"
"ENSG00000277526",2,"LINC03021"
"ENSG00000277527",2,"LINC01796"
"ENSG00000277654",2,"ENSG00000277654"
"ENSG00000278175",2,"GLIDR"
"ENSG00000279082",2,"LINC01727"
"ENSG00000280314",2,"OR8K3"
"ENSG00000280441",2,"ENSG00000280441"
"ENSG00000280587",2,"LINC01348"
"ENSG00000280850",2,"ENSG00000280850"
"ENSG00000281162",2,"LINC01127"
"ENSG00000281732",2,"ENSG00000281732"
"ENSG00000282142",2,"ENSG00000282142"
"ENSG00000283072",2,"ENSG00000283072"
"ENSG00000283108",2,"ENSG00000283108"
"ENSG00000283154",2,"IQCJ-SCHIP1"
"ENSG00000283189",2,"ENSG00000283189"
"ENSG00000283258",2,"ENSG00000283258"
"ENSG00000284418",2,"ENSG00000284418"
"ENSG00000284690",2,"CD300H"
"ENSG00000284696",2,"LINC02808"
"ENSG00000284732",2,"ENSG00000284732"
"ENSG00000284862",2,"CCDC39"
"ENSG00000285280",2,"ENSG00000285280"
"ENSG00000285634",2,"ENSG00000285634"
"ENSG00000286006",2,"ENSG00000286006"
"ENSG00000286117",2,"ENSG00000286117"
"ENSG00000286215",2,"ENSG00000286215"
"ENSG00000286288",2,"ENSG00000286288"
"ENSG00000286324",2,"ENSG00000286324"
"ENSG00000286330",2,"ENSG00000286330"
"ENSG00000286381",2,"NHIP"
"ENSG00000286662",2,"ENSG00000286662"
"ENSG00000286896",2,"ENSG00000286896"
"ENSG00000286946",2,"ENSG00000286946"
"ENSG00000287255",2,"ENSG00000287255"
"ENSG00000287277",2,"ENSG00000287277"
"ENSG00000287483",2,"ENSG00000287483"
"ENSG00000287544",2,"ENSG00000287544"
"ENSG00000287722",2,"ENSG00000287722"
"ENSG00000287750",2,"LINC03026"
"ENSG00000287963",2,"ENSG00000287963"
"ENSG00000288597",2,"ENSG00000288597"
"ENSG00000288638",2,"LNCDAT"
"ENSG00000288729",2,"ENSG00000288729"
"ENSG00000288782",2,"ENSG00000288782"
"ENSG00000288843",2,"ENSG00000288843"
"ENSG00000288978",2,"ENSG00000288978"
"ENSG00000289016",2,"ENSG00000289016"
"ENSG00000289087",2,"ENSG00000289087"
"ENSG00000289101",2,"ENSG00000289101"
"ENSG00000289131",2,"ENSG00000289131"
"ENSG00000289137",2,"ENSG00000289137"
"ENSG00000289197",2,"ENSG00000289197"
"ENSG00000289251",2,"ENSG00000289251"
"ENSG00000289299",2,"ENSG00000289299"
"ENSG00000289364",2,"ENSG00000289364"
"ENSG00000289368",2,"ENSG00000289368"
"ENSG00000289387",2,"ENSG00000289387"
"ENSG00000289422",2,"ENSG00000289422"
"ENSG00000289439",2,"ENSG00000289439"
"ENSG00000289477",2,"ENSG00000289477"
"ENSG00000289526",2,"ENSG00000289526"
"ENSG00000289724",2,"ENSG00000289724"
"ENSG00000290052",2,"ENSG00000290052"
"ENSG00000290193",2,"ENSG00000290193"
"ENSG00000290203",2,"NOX5"
"ENSG00000290363",2,"ENSG00000290363"
"ENSG00000290412",2,"ENSG00000290412"
"ENSG00000290427",2,"ENSG00000290427"
"ENSG00000290429",2,"ENSG00000290429"
"ENSG00000290434",2,"ENSG00000290434"
"ENSG00000290496",2,"LINC03003"
"ENSG00000290668",2,"ENSG00000290668"
"ENSG00000290744",2,"ENSG00000290744"
"ENSG00000290749",2,"ENSG00000290749"
"ENSG00000290807",2,"ENSG00000290807"
"ENSG00000290837",2,"LRRC37A5P"
"ENSG00000290905",2,"ENSG00000290905"
"ENSG00000290933",2,"ENSG00000290933"
"ENSG00000290942",2,"BPIFA4P"
"ENSG00000291065",2,"ENSG00000291065"
"ENSG00000291100",2,"ENSG00000291100"
"ENSG00000291132",2,"ENSG00000291132"
"ENSG00000291137",2,"GBAP1"
"ENSG00000291168",2,"ENSG00000291168"
"ENSG00000291192",2,"ANKRD18DP"
"ENSG00000291198",2,"ENSG00000291198"
"ENSG00000291203",2,"ENSG00000291203"
"ENSG00000291207",2,"ENSG00000291207"
"ENSG00000291226",2,"ENSG00000291226"
"ENSG00000291231",2,"ENSG00000291231"
"ENSG00000000460",1,"C1orf112"
"ENSG00000001084",1,"GCLC"
"ENSG00000002726",1,"AOC1"
"ENSG00000002822",1,"MAD1L1"
"ENSG00000003096",1,"KLHL13"
"ENSG00000003249",1,"DBNDD1"
"ENSG00000003400",1,"CASP10"
"ENSG00000003989",1,"SLC7A2"
"ENSG00000004139",1,"SARM1"
"ENSG00000004478",1,"FKBP4"
"ENSG00000004766",1,"VPS50"
"ENSG00000004776",1,"HSPB6"
"ENSG00000004897",1,"CDC27"
"ENSG00000005007",1,"UPF1"
"ENSG00000005020",1,"SKAP2"
"ENSG00000005100",1,"DHX33"
"ENSG00000005194",1,"CIAPIN1"
"ENSG00000005249",1,"PRKAR2B"
"ENSG00000005471",1,"ABCB4"
"ENSG00000005810",1,"MYCBP2"
"ENSG00000006607",1,"FARP2"
"ENSG00000006611",1,"USH1C"
"ENSG00000006652",1,"IFRD1"
"ENSG00000006744",1,"ELAC2"
"ENSG00000006788",1,"MYH13"
"ENSG00000007047",1,"MARK4"
"ENSG00000007168",1,"PAFAH1B1"
"ENSG00000007174",1,"DNAH9"
"ENSG00000007216",1,"SLC13A2"
"ENSG00000007237",1,"GAS7"
"ENSG00000007264",1,"MATK"
"ENSG00000007306",1,"CEACAM7"
"ENSG00000007350",1,"TKTL1"
"ENSG00000007392",1,"LUC7L"
"ENSG00000007541",1,"PIGQ"
"ENSG00000007908",1,"SELE"
"ENSG00000007952",1,"NOX1"
"ENSG00000008277",1,"ADAM22"
"ENSG00000008382",1,"MPND"
"ENSG00000008710",1,"PKD1"
"ENSG00000008838",1,"MED24"
"ENSG00000009335",1,"UBE3C"
"ENSG00000009844",1,"VTA1"
"ENSG00000010256",1,"UQCRC1"
"ENSG00000010278",1,"CD9"
"ENSG00000010327",1,"STAB1"
"ENSG00000010404",1,"IDS"
"ENSG00000010539",1,"ZNF200"
"ENSG00000010818",1,"HIVEP2"
"ENSG00000011304",1,"PTBP1"
"ENSG00000011347",1,"SYT7"
"ENSG00000011405",1,"PIK3C2A"
"ENSG00000011451",1,"WIZ"
"ENSG00000011454",1,"RABGAP1"
"ENSG00000011465",1,"DCN"
"ENSG00000011523",1,"CEP68"
"ENSG00000012232",1,"EXTL3"
"ENSG00000013297",1,"CLDN11"
"ENSG00000013374",1,"NUB1"
"ENSG00000013725",1,"CD6"
"ENSG00000014216",1,"CAPN1"
"ENSG00000014641",1,"MDH1"
"ENSG00000015133",1,"CCDC88C"
"ENSG00000015285",1,"WAS"
"ENSG00000015413",1,"DPEP1"
"ENSG00000015475",1,"BID"
"ENSG00000015520",1,"NPC1L1"
"ENSG00000016402",1,"IL20RA"
"ENSG00000016490",1,"CLCA1"
"ENSG00000016602",1,"CLCA4"
"ENSG00000017483",1,"SLC38A5"
"ENSG00000019169",1,"MARCO"
"ENSG00000020426",1,"MNAT1"
"ENSG00000020577",1,"SAMD4A"
"ENSG00000021300",1,"PLEKHB1"
"ENSG00000021461",1,"CYP3A43"
"ENSG00000021574",1,"SPAST"
"ENSG00000021645",1,"NRXN3"
"ENSG00000021762",1,"OSBPL5"
"ENSG00000021826",1,"CPS1"
"ENSG00000021852",1,"C8B"
"ENSG00000022277",1,"RTF2"
"ENSG00000022355",1,"GABRA1"
"ENSG00000022567",1,"SLC45A4"
"ENSG00000022976",1,"ZNF839"
"ENSG00000023171",1,"GRAMD1B"
"ENSG00000023287",1,"RB1CC1"
"ENSG00000023318",1,"ERP44"
"ENSG00000023839",1,"ABCC2"
"ENSG00000025434",1,"NR1H3"
"ENSG00000025708",1,"TYMP"
"ENSG00000026751",1,"SLAMF7"
"ENSG00000028277",1,"POU2F2"
"ENSG00000028310",1,"BRD9"
"ENSG00000028839",1,"TBPL1"
"ENSG00000029363",1,"BCLAF1"
"ENSG00000029534",1,"ANK1"
"ENSG00000030419",1,"IKZF2"
"ENSG00000031823",1,"RANBP3"
"ENSG00000032444",1,"PNPLA6"
"ENSG00000033011",1,"ALG1"
"ENSG00000033122",1,"LRRC7"
"ENSG00000033867",1,"SLC4A7"
"ENSG00000035664",1,"DAPK2"
"ENSG00000036054",1,"TBC1D23"
"ENSG00000036448",1,"MYOM2"
"ENSG00000036473",1,"OTC"
"ENSG00000036565",1,"SLC18A1"
"ENSG00000038274",1,"MAT2B"
"ENSG00000038382",1,"TRIO"
"ENSG00000039123",1,"MTREX"
"ENSG00000039537",1,"C6"
"ENSG00000039560",1,"RAI14"
"ENSG00000040531",1,"CTNS"
"ENSG00000040608",1,"RTN4R"
"ENSG00000040633",1,"PHF23"
"ENSG00000042317",1,"SPATA7"
"ENSG00000042753",1,"AP2S1"
"ENSG00000042781",1,"USH2A"
"ENSG00000042813",1,"ZPBP"
"ENSG00000042832",1,"TG"
"ENSG00000043093",1,"DCUN1D1"
"ENSG00000043355",1,"ZIC2"
"ENSG00000043514",1,"TRIT1"
"ENSG00000044090",1,"CUL7"
"ENSG00000044115",1,"CTNNA1"
"ENSG00000046651",1,"OFD1"
"ENSG00000047249",1,"ATP6V1H"
"ENSG00000047365",1,"ARAP2"
"ENSG00000047579",1,"DTNBP1"
"ENSG00000048740",1,"CELF2"
"ENSG00000049540",1,"ELN"
"ENSG00000049768",1,"FOXP3"
"ENSG00000049883",1,"PTCD2"
"ENSG00000050426",1,"LETMD1"
"ENSG00000050748",1,"MAPK9"
"ENSG00000050767",1,"COL23A1"
"ENSG00000051128",1,"HOMER3"
"ENSG00000051382",1,"PIK3CB"
"ENSG00000051523",1,"CYBA"
"ENSG00000051596",1,"THOC3"
"ENSG00000052126",1,"PLEKHA5"
"ENSG00000053747",1,"LAMA3"
"ENSG00000053918",1,"KCNQ1"
"ENSG00000054179",1,"ENTPD2"
"ENSG00000054356",1,"PTPRN"
"ENSG00000054793",1,"ATP9A"
"ENSG00000054796",1,"SPO11"
"ENSG00000054938",1,"CHRDL2"
"ENSG00000054967",1,"RELT"
"ENSG00000055118",1,"KCNH2"
"ENSG00000055208",1,"TAB2"
"ENSG00000055955",1,"ITIH4"
"ENSG00000056487",1,"PHF21B"
"ENSG00000057593",1,"F7"
"ENSG00000058085",1,"LAMC2"
"ENSG00000058091",1,"CDK14"
"ENSG00000059758",1,"CDK17"
"ENSG00000059915",1,"PSD"
"ENSG00000060140",1,"STYK1"
"ENSG00000060303",1,"RPS17P5"
"ENSG00000060642",1,"PIGV"
"ENSG00000060971",1,"ACAA1"
"ENSG00000061455",1,"PRDM6"
"ENSG00000062096",1,"ARSF"
"ENSG00000062370",1,"ZNF112"
"ENSG00000063176",1,"SPHK2"
"ENSG00000063438",1,"AHRR"
"ENSG00000063587",1,"ZNF275"
"ENSG00000064042",1,"LIMCH1"
"ENSG00000064201",1,"TSPAN32"
"ENSG00000064270",1,"ATP2C2"
"ENSG00000064601",1,"CTSA"
"ENSG00000064651",1,"SLC12A2"
"ENSG00000064655",1,"EYA2"
"ENSG00000064703",1,"DDX20"
"ENSG00000064787",1,"BCAS1"
"ENSG00000064835",1,"POU1F1"
"ENSG00000064886",1,"CHI3L2"
"ENSG00000064932",1,"SBNO2"
"ENSG00000065268",1,"WDR18"
"ENSG00000065325",1,"GLP2R"
"ENSG00000065361",1,"ERBB3"
"ENSG00000065609",1,"SNAP91"
"ENSG00000065717",1,"TLE2"
"ENSG00000065883",1,"CDK13"
"ENSG00000065911",1,"MTHFD2"
"ENSG00000065923",1,"SLC9A7"
"ENSG00000065989",1,"PDE4A"
"ENSG00000066056",1,"TIE1"
"ENSG00000066136",1,"NFYC"
"ENSG00000066230",1,"SLC9A3"
"ENSG00000066248",1,"NGEF"
"ENSG00000066427",1,"ATXN3"
"ENSG00000066629",1,"EML1"
"ENSG00000067057",1,"PFKP"
"ENSG00000067066",1,"SP100"
"ENSG00000067208",1,"EVI5"
"ENSG00000067221",1,"STOML1"
"ENSG00000067445",1,"TRO"
"ENSG00000067606",1,"PRKCZ"
"ENSG00000067646",1,"ZFY"
"ENSG00000067798",1,"NAV3"
"ENSG00000067836",1,"ROGDI"
"ENSG00000068028",1,"RASSF1"
"ENSG00000068438",1,"FTSJ1"
"ENSG00000068654",1,"POLR1A"
"ENSG00000068971",1,"PPP2R5B"
"ENSG00000068976",1,"PYGM"
"ENSG00000068985",1,"PAGE1"
"ENSG00000069011",1,"PITX1"
"ENSG00000069018",1,"TRPC7"
"ENSG00000069122",1,"ADGRF5"
"ENSG00000069399",1,"BCL3"
"ENSG00000069431",1,"ABCC9"
"ENSG00000069535",1,"MAOB"
"ENSG00000069702",1,"TGFBR3"
"ENSG00000069812",1,"HES2"
"ENSG00000069869",1,"NEDD4"
"ENSG00000069974",1,"RAB27A"
"ENSG00000070010",1,"UFD1"
"ENSG00000070087",1,"PFN2"
"ENSG00000070269",1,"TMEM260"
"ENSG00000070444",1,"MNT"
"ENSG00000070669",1,"ASNS"
"ENSG00000070729",1,"CNGB1"
"ENSG00000070882",1,"OSBPL3"
"ENSG00000070985",1,"TRPM5"
"ENSG00000071203",1,"MS4A12"
"ENSG00000071243",1,"ING3"
"ENSG00000071677",1,"PRLH"
"ENSG00000071889",1,"FAM3A"
"ENSG00000071994",1,"PDCD2"
"ENSG00000072062",1,"PRKACA"
"ENSG00000072134",1,"EPN2"
"ENSG00000072195",1,"SPEG"
"ENSG00000072210",1,"ALDH3A2"
"ENSG00000072274",1,"TFRC"
"ENSG00000072310",1,"SREBF1"
"ENSG00000072518",1,"MARK2"
"ENSG00000072657",1,"TRHDE"
"ENSG00000072682",1,"P4HA2"
"ENSG00000072864",1,"NDE1"
"ENSG00000072952",1,"IRAG1"
"ENSG00000073008",1,"PVR"
"ENSG00000073060",1,"SCARB1"
"ENSG00000073111",1,"MCM2"
"ENSG00000073331",1,"ALPK1"
"ENSG00000073350",1,"LLGL2"
"ENSG00000073578",1,"SDHA"
"ENSG00000073670",1,"ADAM11"
"ENSG00000073737",1,"DHRS9"
"ENSG00000073792",1,"IGF2BP2"
"ENSG00000073861",1,"TBX21"
"ENSG00000073969",1,"NSF"
"ENSG00000074047",1,"GLI2"
"ENSG00000074211",1,"PPP2R2C"
"ENSG00000074276",1,"CDHR2"
"ENSG00000074370",1,"ATP2A3"
"ENSG00000074416",1,"MGLL"
"ENSG00000074660",1,"SCARF1"
"ENSG00000074803",1,"SLC12A1"
"ENSG00000074855",1,"ANO8"
"ENSG00000075142",1,"SRI"
"ENSG00000075151",1,"EIF4G3"
"ENSG00000075234",1,"TTC38"
"ENSG00000075388",1,"FGF4"
"ENSG00000075539",1,"FRYL"
"ENSG00000075891",1,"PAX2"
"ENSG00000076248",1,"UNG"
"ENSG00000076685",1,"NT5C2"
"ENSG00000076944",1,"STXBP2"
"ENSG00000077080",1,"ACTL6B"
"ENSG00000077092",1,"RARB"
"ENSG00000077152",1,"UBE2T"
"ENSG00000077238",1,"IL4R"
"ENSG00000077254",1,"USP33"
"ENSG00000077380",1,"DYNC1I2"
"ENSG00000077522",1,"ACTN2"
"ENSG00000077800",1,"FKBP6"
"ENSG00000078114",1,"NEBL"
"ENSG00000078237",1,"TIGAR"
"ENSG00000078687",1,"TNRC6C"
"ENSG00000078898",1,"BPIFB2"
"ENSG00000079102",1,"RUNX1T1"
"ENSG00000079263",1,"SP140"
"ENSG00000079335",1,"CDC14A"
"ENSG00000079393",1,"DUSP13"
"ENSG00000079557",1,"AFM"
"ENSG00000079785",1,"DDX1"
"ENSG00000079841",1,"RIMS1"
"ENSG00000080007",1,"DDX43"
"ENSG00000080224",1,"EPHA6"
"ENSG00000080298",1,"RFX3"
"ENSG00000080546",1,"SESN1"
"ENSG00000080802",1,"CNOT4"
"ENSG00000080823",1,"MOK"
"ENSG00000080845",1,"DLGAP4"
"ENSG00000081277",1,"PKP1"
"ENSG00000081377",1,"CDC14B"
"ENSG00000081913",1,"PHLPP1"
"ENSG00000081985",1,"IL12RB2"
"ENSG00000082014",1,"SMARCD3"
"ENSG00000082175",1,"PGR"
"ENSG00000082213",1,"C5orf22"
"ENSG00000082556",1,"OPRK1"
"ENSG00000082701",1,"GSK3B"
"ENSG00000083123",1,"BCKDHB"
"ENSG00000083622",1,"ENSG00000083622"
"ENSG00000083937",1,"CHMP2B"
"ENSG00000084073",1,"ZMPSTE24"
"ENSG00000084093",1,"REST"
"ENSG00000084623",1,"EIF3I"
"ENSG00000084636",1,"COL16A1"
"ENSG00000084710",1,"EFR3B"
"ENSG00000084764",1,"MAPRE3"
"ENSG00000085063",1,"CD59"
"ENSG00000085117",1,"CD82"
"ENSG00000085511",1,"MAP3K4"
"ENSG00000085662",1,"AKR1B1"
"ENSG00000085719",1,"CPNE3"
"ENSG00000085978",1,"ATG16L1"
"ENSG00000086205",1,"FOLH1"
"ENSG00000086288",1,"NME8"
"ENSG00000086300",1,"SNX10"
"ENSG00000086504",1,"MRPL28"
"ENSG00000086548",1,"CEACAM6"
"ENSG00000086717",1,"PPEF1"
"ENSG00000086730",1,"LAT2"
"ENSG00000087077",1,"TRIP6"
"ENSG00000087111",1,"PIGS"
"ENSG00000087191",1,"PSMC5"
"ENSG00000087206",1,"UIMC1"
"ENSG00000087237",1,"CETP"
"ENSG00000087266",1,"SH3BP2"
"ENSG00000087586",1,"AURKA"
"ENSG00000088002",1,"SULT2B1"
"ENSG00000088247",1,"KHSRP"
"ENSG00000088782",1,"DEFB127"
"ENSG00000088833",1,"NSFL1C"
"ENSG00000088881",1,"EBF4"
"ENSG00000088899",1,"LZTS3"
"ENSG00000089053",1,"ANAPC5"
"ENSG00000089159",1,"PXN"
"ENSG00000089225",1,"TBX5"
"ENSG00000089356",1,"FXYD3"
"ENSG00000089486",1,"CDIP1"
"ENSG00000089818",1,"NECAP1"
"ENSG00000089847",1,"ANKRD24"
"ENSG00000089916",1,"GPATCH2L"
"ENSG00000090104",1,"RGS1"
"ENSG00000090238",1,"YPEL3"
"ENSG00000090402",1,"SI"
"ENSG00000090447",1,"TFAP4"
"ENSG00000090565",1,"RAB11FIP3"
"ENSG00000090615",1,"GOLGA3"
"ENSG00000090659",1,"CD209"
"ENSG00000090674",1,"MCOLN1"
"ENSG00000090924",1,"PLEKHG2"
"ENSG00000091073",1,"DTX2"
"ENSG00000091106",1,"NLRC4"
"ENSG00000091128",1,"LAMB4"
"ENSG00000091129",1,"NRCAM"
"ENSG00000091138",1,"SLC26A3"
"ENSG00000091181",1,"IL5RA"
"ENSG00000091732",1,"ZC3HC1"
"ENSG00000091831",1,"ESR1"
"ENSG00000091844",1,"RGS17"
"ENSG00000092009",1,"CMA1"
"ENSG00000092096",1,"SLC22A17"
"ENSG00000092140",1,"G2E3"
"ENSG00000092199",1,"HNRNPC"
"ENSG00000092295",1,"TGM1"
"ENSG00000092330",1,"TINF2"
"ENSG00000092445",1,"TYRO3"
"ENSG00000092529",1,"CAPN3"
"ENSG00000092847",1,"AGO1"
"ENSG00000092929",1,"UNC13D"
"ENSG00000093072",1,"ADA2"
"ENSG00000093183",1,"SEC22C"
"ENSG00000094914",1,"AAAS"
"ENSG00000095321",1,"CRAT"
"ENSG00000095539",1,"SEMA4G"
"ENSG00000095585",1,"BLNK"
"ENSG00000095637",1,"SORBS1"
"ENSG00000095777",1,"MYO3A"
"ENSG00000095787",1,"WAC"
"ENSG00000095917",1,"TPSD1"
"ENSG00000095970",1,"TREM2"
"ENSG00000096006",1,"CRISP3"
"ENSG00000096063",1,"SRPK1"
"ENSG00000096088",1,"PGC"
"ENSG00000096264",1,"NCR2"
"ENSG00000099284",1,"MACROH2A2"
"ENSG00000099834",1,"CDHR5"
"ENSG00000099953",1,"MMP11"
"ENSG00000099958",1,"DERL3"
"ENSG00000099968",1,"BCL2L13"
"ENSG00000099991",1,"CABIN1"
"ENSG00000100023",1,"PPIL2"
"ENSG00000100060",1,"MFNG"
"ENSG00000100207",1,"TCF20"
"ENSG00000100242",1,"SUN2"
"ENSG00000100243",1,"CYB5R3"
"ENSG00000100280",1,"AP1B1"
"ENSG00000100298",1,"APOBEC3H"
"ENSG00000100316",1,"RPL3"
"ENSG00000100320",1,"RBFOX2"
"ENSG00000100324",1,"TAB1"
"ENSG00000100372",1,"SLC25A17"
"ENSG00000100412",1,"ACO2"
"ENSG00000100427",1,"MLC1"
"ENSG00000100462",1,"PRMT5"
"ENSG00000100558",1,"PLEK2"
"ENSG00000100578",1,"KIAA0586"
"ENSG00000100592",1,"DAAM1"
"ENSG00000100593",1,"ISM2"
"ENSG00000100599",1,"RIN3"
"ENSG00000100612",1,"DHRS7"
"ENSG00000100629",1,"CEP128"
"ENSG00000100650",1,"SRSF5"
"ENSG00000100678",1,"SLC8A3"
"ENSG00000100714",1,"MTHFD1"
"ENSG00000100767",1,"PAPLN"
"ENSG00000100796",1,"PPP4R3A"
"ENSG00000100802",1,"C14orf93"
"ENSG00000100883",1,"SRP54"
"ENSG00000100884",1,"CPNE6"
"ENSG00000100890",1,"PRORP"
"ENSG00000100897",1,"DCAF11"
"ENSG00000100902",1,"PSMA6"
"ENSG00000100926",1,"TM9SF1"
"ENSG00000100934",1,"SEC23A"
"ENSG00000101040",1,"ZMYND8"
"ENSG00000101158",1,"NELFCD"
"ENSG00000101180",1,"HRH3"
"ENSG00000101198",1,"NKAIN4"
"ENSG00000101199",1,"ARFGAP1"
"ENSG00000101266",1,"CSNK2A1"
"ENSG00000101307",1,"SIRPB1"
"ENSG00000101323",1,"HAO1"
"ENSG00000101336",1,"HCK"
"ENSG00000101343",1,"CRNKL1"
"ENSG00000101347",1,"SAMHD1"
"ENSG00000101425",1,"BPI"
"ENSG00000101446",1,"SPINT3"
"ENSG00000101448",1,"EPPIN"
"ENSG00000101577",1,"LPIN2"
"ENSG00000101608",1,"MYL12A"
"ENSG00000101624",1,"CEP76"
"ENSG00000101638",1,"ST8SIA5"
"ENSG00000101752",1,"MIB1"
"ENSG00000101945",1,"SUV39H1"
"ENSG00000101951",1,"PAGE4"
"ENSG00000101966",1,"XIAP"
"ENSG00000101972",1,"STAG2"
"ENSG00000102021",1,"LUZP4"
"ENSG00000102024",1,"PLS3"
"ENSG00000102030",1,"NAA10"
"ENSG00000102078",1,"SLC25A14"
"ENSG00000102081",1,"FMR1"
"ENSG00000102096",1,"PIM2"
"ENSG00000102100",1,"SLC35A2"
"ENSG00000102221",1,"JADE3"
"ENSG00000102225",1,"CDK16"
"ENSG00000102290",1,"PCDH11X"
"ENSG00000102309",1,"PIN4"
"ENSG00000102359",1,"SRPX2"
"ENSG00000102452",1,"NALCN"
"ENSG00000102547",1,"CAB39L"
"ENSG00000102575",1,"ACP5"
"ENSG00000102595",1,"UGGT2"
"ENSG00000102606",1,"ARHGEF7"
"ENSG00000102710",1,"SUPT20H"
"ENSG00000102743",1,"SLC25A15"
"ENSG00000102786",1,"INTS6"
"ENSG00000102794",1,"ACOD1"
"ENSG00000102854",1,"MSLN"
"ENSG00000102878",1,"HSF4"
"ENSG00000102879",1,"CORO1A"
"ENSG00000102882",1,"MAPK3"
"ENSG00000102886",1,"GDPD3"
"ENSG00000102890",1,"ELMO3"
"ENSG00000102891",1,"MT4"
"ENSG00000102898",1,"NUTF2"
"ENSG00000102901",1,"CENPT"
"ENSG00000102908",1,"NFAT5"
"ENSG00000102984",1,"ZNF821"
"ENSG00000103023",1,"PRSS54"
"ENSG00000103024",1,"NME3"
"ENSG00000103051",1,"COG4"
"ENSG00000103154",1,"NECAB2"
"ENSG00000103187",1,"COTL1"
"ENSG00000103200",1,"ENSG00000103200"
"ENSG00000103222",1,"ABCC1"
"ENSG00000103226",1,"NOMO3"
"ENSG00000103310",1,"ZP2"
"ENSG00000103351",1,"CLUAP1"
"ENSG00000103353",1,"UBFD1"
"ENSG00000103460",1,"TOX3"
"ENSG00000103479",1,"RBL2"
"ENSG00000103496",1,"STX4"
"ENSG00000103546",1,"SLC6A2"
"ENSG00000103855",1,"CD276"
"ENSG00000103876",1,"FAH"
"ENSG00000104055",1,"TGM5"
"ENSG00000104059",1,"ENTREP2"
"ENSG00000104093",1,"DMXL2"
"ENSG00000104133",1,"SPG11"
"ENSG00000104213",1,"PDGFRL"
"ENSG00000104313",1,"EYA1"
"ENSG00000104321",1,"TRPA1"
"ENSG00000104331",1,"BPNT2"
"ENSG00000104341",1,"LAPTM4B"
"ENSG00000104343",1,"UBE2W"
"ENSG00000104365",1,"IKBKB"
"ENSG00000104497",1,"SNX16"
"ENSG00000104537",1,"ANXA13"
"ENSG00000104679",1,"R3HCC1"
"ENSG00000104756",1,"KCTD9"
"ENSG00000104774",1,"MAN2B1"
"ENSG00000104805",1,"NUCB1"
"ENSG00000104866",1,"PPP1R37"
"ENSG00000104872",1,"PIH1D1"
"ENSG00000104881",1,"PPP1R13L"
"ENSG00000104892",1,"KLC3"
"ENSG00000104894",1,"CD37"
"ENSG00000104964",1,"TLE5"
"ENSG00000104974",1,"LILRA1"
"ENSG00000105085",1,"MED26"
"ENSG00000105141",1,"CASP14"
"ENSG00000105143",1,"SLC1A6"
"ENSG00000105220",1,"GPI"
"ENSG00000105221",1,"AKT2"
"ENSG00000105223",1,"PLD3"
"ENSG00000105229",1,"PIAS4"
"ENSG00000105245",1,"NUMBL"
"ENSG00000105278",1,"ZFR2"
"ENSG00000105287",1,"PRKD2"
"ENSG00000105289",1,"TJP3"
"ENSG00000105290",1,"APLP1"
"ENSG00000105298",1,"CACTIN"
"ENSG00000105357",1,"MYH14"
"ENSG00000105366",1,"SIGLEC8"
"ENSG00000105374",1,"NKG7"
"ENSG00000105383",1,"CD33"
"ENSG00000105443",1,"CYTH2"
"ENSG00000105483",1,"CARD8"
"ENSG00000105568",1,"PPP2R1A"
"ENSG00000105607",1,"GCDH"
"ENSG00000105609",1,"LILRB5"
"ENSG00000105642",1,"KCNN1"
"ENSG00000105664",1,"COMP"
"ENSG00000105697",1,"HAMP"
"ENSG00000105701",1,"FKBP8"
"ENSG00000105784",1,"RUNDC3B"
"ENSG00000105792",1,"CFAP69"
"ENSG00000105852",1,"PON3"
"ENSG00000105983",1,"LMBR1"
"ENSG00000106031",1,"HOXA13"
"ENSG00000106066",1,"CPVL"
"ENSG00000106069",1,"CHN2"
"ENSG00000106070",1,"GRB10"
"ENSG00000106105",1,"GARS1"
"ENSG00000106123",1,"EPHB6"
"ENSG00000106261",1,"ZKSCAN1"
"ENSG00000106302",1,"HYAL4"
"ENSG00000106304",1,"SPAM1"
"ENSG00000106331",1,"PAX4"
"ENSG00000106341",1,"PPP1R17"
"ENSG00000106348",1,"IMPDH1"
"ENSG00000106404",1,"CLDN15"
"ENSG00000106443",1,"PHF14"
"ENSG00000106459",1,"NRF1"
"ENSG00000106460",1,"TMEM106B"
"ENSG00000106484",1,"MEST"
"ENSG00000106524",1,"ANKMY2"
"ENSG00000106633",1,"GCK"
"ENSG00000106636",1,"YKT6"
"ENSG00000106692",1,"FKTN"
"ENSG00000107105",1,"ELAVL2"
"ENSG00000107186",1,"MPDZ"
"ENSG00000107187",1,"LHX3"
"ENSG00000107249",1,"GLIS3"
"ENSG00000107317",1,"PTGDS"
"ENSG00000107331",1,"ABCA2"
"ENSG00000107438",1,"PDLIM1"
"ENSG00000107643",1,"MAPK8"
"ENSG00000107679",1,"PLEKHA1"
"ENSG00000107736",1,"CDH23"
"ENSG00000107742",1,"SPOCK2"
"ENSG00000107745",1,"MICU1"
"ENSG00000107771",1,"CCSER2"
"ENSG00000107831",1,"FGF8"
"ENSG00000107854",1,"TNKS2"
"ENSG00000107863",1,"ARHGAP21"
"ENSG00000107929",1,"LARP4B"
"ENSG00000107954",1,"NEURL1"
"ENSG00000107957",1,"SH3PXD2A"
"ENSG00000107959",1,"PITRM1"
"ENSG00000108061",1,"SHOC2"
"ENSG00000108094",1,"CUL2"
"ENSG00000108306",1,"FBXL20"
"ENSG00000108352",1,"RAPGEFL1"
"ENSG00000108381",1,"ASPA"
"ENSG00000108387",1,"SEPTIN4"
"ENSG00000108395",1,"TRIM37"
"ENSG00000108423",1,"TUBD1"
"ENSG00000108443",1,"RPS6KB1"
"ENSG00000108516",1,"ENSG00000108516"
"ENSG00000108602",1,"ALDH3A1"
"ENSG00000108622",1,"ICAM2"
"ENSG00000108639",1,"SYNGR2"
"ENSG00000108784",1,"NAGLU"
"ENSG00000108848",1,"LUC7L3"
"ENSG00000108849",1,"PPY"
"ENSG00000108852",1,"MPP2"
"ENSG00000108854",1,"SMURF2"
"ENSG00000109046",1,"WSB1"
"ENSG00000109171",1,"SLAIN2"
"ENSG00000109180",1,"OCIAD1"
"ENSG00000109182",1,"CWH43"
"ENSG00000109184",1,"DCUN1D4"
"ENSG00000109189",1,"USP46"
"ENSG00000109208",1,"SMR3A"
"ENSG00000109332",1,"UBE2D3"
"ENSG00000109466",1,"KLHL2"
"ENSG00000109610",1,"SOD3"
"ENSG00000109667",1,"SLC2A9"
"ENSG00000109738",1,"GLRB"
"ENSG00000109762",1,"SNX25"
"ENSG00000109814",1,"UGDH"
"ENSG00000109819",1,"PPARGC1A"
"ENSG00000109832",1,"DDX25"
"ENSG00000109861",1,"CTSC"
"ENSG00000109906",1,"ZBTB16"
"ENSG00000109911",1,"ELP4"
"ENSG00000110075",1,"PPP6R3"
"ENSG00000110079",1,"MS4A4A"
"ENSG00000110080",1,"ST3GAL4"
"ENSG00000110107",1,"PRPF19"
"ENSG00000110203",1,"FOLR3"
"ENSG00000110218",1,"PANX1"
"ENSG00000110324",1,"IL10RA"
"ENSG00000110422",1,"HIPK3"
"ENSG00000110484",1,"SCGB2A2"
"ENSG00000110514",1,"MADD"
"ENSG00000110536",1,"PTPMT1"
"ENSG00000110786",1,"PTPN5"
"ENSG00000110799",1,"VWF"
"ENSG00000110844",1,"PRPF40B"
"ENSG00000110848",1,"CD69"
"ENSG00000110881",1,"ASIC1"
"ENSG00000110911",1,"SLC11A2"
"ENSG00000110931",1,"CAMKK2"
"ENSG00000111011",1,"RSRC2"
"ENSG00000111110",1,"PPM1H"
"ENSG00000111144",1,"LTA4H"
"ENSG00000111181",1,"SLC6A12"
"ENSG00000111203",1,"ITFG2"
"ENSG00000111241",1,"FGF6"
"ENSG00000111245",1,"MYL2"
"ENSG00000111254",1,"AKAP3"
"ENSG00000111331",1,"OAS3"
"ENSG00000111335",1,"OAS2"
"ENSG00000111348",1,"ARHGDIB"
"ENSG00000111371",1,"SLC38A1"
"ENSG00000111405",1,"ENDOU"
"ENSG00000111432",1,"FZD10"
"ENSG00000111450",1,"STX2"
"ENSG00000111452",1,"ADGRD1"
"ENSG00000111490",1,"TBC1D30"
"ENSG00000111537",1,"IFNG"
"ENSG00000111554",1,"MDM1"
"ENSG00000111652",1,"COPS7A"
"ENSG00000111711",1,"GOLT1B"
"ENSG00000111713",1,"GYS2"
"ENSG00000111716",1,"LDHB"
"ENSG00000111731",1,"C2CD5"
"ENSG00000111860",1,"CEP85L"
"ENSG00000111863",1,"ADTRP"
"ENSG00000111879",1,"FAM184A"
"ENSG00000111912",1,"NCOA7"
"ENSG00000112115",1,"IL17A"
"ENSG00000112137",1,"PHACTR1"
"ENSG00000112159",1,"MDN1"
"ENSG00000112232",1,"KHDRBS2"
"ENSG00000112276",1,"BVES"
"ENSG00000112303",1,"VNN2"
"ENSG00000112339",1,"HBS1L"
"ENSG00000112419",1,"PHACTR2"
"ENSG00000112486",1,"CCR6"
"ENSG00000112494",1,"UNC93A"
"ENSG00000112514",1,"CUTA"
"ENSG00000112561",1,"TFEB"
"ENSG00000112576",1,"CCND3"
"ENSG00000112742",1,"TTK"
"ENSG00000112763",1,"BTN2A1"
"ENSG00000112769",1,"LAMA4"
"ENSG00000112787",1,"FBRSL1"
"ENSG00000112851",1,"ERBIN"
"ENSG00000112852",1,"PCDHB2"
"ENSG00000113048",1,"MRPS27"
"ENSG00000113068",1,"PFDN1"
"ENSG00000113262",1,"GRM6"
"ENSG00000113272",1,"THG1L"
"ENSG00000113300",1,"CNOT6"
"ENSG00000113302",1,"IL12B"
"ENSG00000113312",1,"TTC1"
"ENSG00000113327",1,"GABRG2"
"ENSG00000113360",1,"DROSHA"
"ENSG00000113368",1,"LMNB1"
"ENSG00000113407",1,"TARS1"
"ENSG00000113532",1,"ST8SIA4"
"ENSG00000113578",1,"FGF1"
"ENSG00000113643",1,"RARS1"
"ENSG00000113657",1,"DPYSL3"
"ENSG00000113658",1,"SMAD5"
"ENSG00000113719",1,"ERGIC1"
"ENSG00000114115",1,"RBP1"
"ENSG00000114279",1,"FGF12"
"ENSG00000114391",1,"RPL24"
"ENSG00000114416",1,"FXR1"
"ENSG00000114455",1,"HHLA2"
"ENSG00000114529",1,"C3orf52"
"ENSG00000114670",1,"NEK11"
"ENSG00000114745",1,"GORASP1"
"ENSG00000114771",1,"AADAC"
"ENSG00000114786",1,"ABHD14A-ACY1"
"ENSG00000114805",1,"PLCH1"
"ENSG00000114867",1,"EIF4G1"
"ENSG00000115155",1,"OTOF"
"ENSG00000115194",1,"SLC30A3"
"ENSG00000115257",1,"PCSK4"
"ENSG00000115297",1,"TLX2"
"ENSG00000115307",1,"AUP1"
"ENSG00000115353",1,"TACR1"
"ENSG00000115368",1,"WDR75"
"ENSG00000115425",1,"PECR"
"ENSG00000115468",1,"EFHD1"
"ENSG00000115514",1,"TXNDC9"
"ENSG00000115523",1,"GNLY"
"ENSG00000115524",1,"SF3B1"
"ENSG00000115548",1,"KDM3A"
"ENSG00000115594",1,"IL1R1"
"ENSG00000115598",1,"IL1RL2"
"ENSG00000115705",1,"TPO"
"ENSG00000115839",1,"RAB3GAP1"
"ENSG00000115896",1,"PLCL1"
"ENSG00000115934",1,"LINC02566"
"ENSG00000115935",1,"WIPF1"
"ENSG00000115966",1,"ATF2"
"ENSG00000116044",1,"NFE2L2"
"ENSG00000116062",1,"MSH6"
"ENSG00000116117",1,"PARD3B"
"ENSG00000116138",1,"DNAJC16"
"ENSG00000116161",1,"CACYBP"
"ENSG00000116497",1,"S100PBP"
"ENSG00000116525",1,"TRIM62"
"ENSG00000116539",1,"ASH1L"
"ENSG00000116584",1,"ARHGEF2"
"ENSG00000116661",1,"FBXO2"
"ENSG00000116670",1,"MAD2L2"
"ENSG00000116688",1,"MFN2"
"ENSG00000116809",1,"ZBTB17"
"ENSG00000116996",1,"ZP4"
"ENSG00000117090",1,"SLAMF1"
"ENSG00000117114",1,"ADGRL2"
"ENSG00000117153",1,"KLHL12"
"ENSG00000117226",1,"GBP3"
"ENSG00000117335",1,"CD46"
"ENSG00000117411",1,"B4GALT2"
"ENSG00000117523",1,"PRRC2C"
"ENSG00000117560",1,"FASLG"
"ENSG00000117586",1,"TNFSF4"
"ENSG00000117676",1,"RPS6KA1"
"ENSG00000117834",1,"SLC5A9"
"ENSG00000118004",1,"COLEC11"
"ENSG00000118181",1,"RPS25"
"ENSG00000118200",1,"CAMSAP2"
"ENSG00000118245",1,"TNP1"
"ENSG00000118271",1,"TTR"
"ENSG00000118307",1,"DNAI7"
"ENSG00000118322",1,"ATP10B"
"ENSG00000118434",1,"SPACA1"
"ENSG00000118491",1,"ZC2HC1B"
"ENSG00000118492",1,"ADGB"
"ENSG00000118520",1,"ARG1"
"ENSG00000118596",1,"SLC16A7"
"ENSG00000118690",1,"ARMC2"
"ENSG00000118733",1,"OLFM3"
"ENSG00000118961",1,"LDAH"
"ENSG00000118990",1,"GLRXP3"
"ENSG00000119383",1,"PTPA"
"ENSG00000119396",1,"RAB14"
"ENSG00000119397",1,"CNTRL"
"ENSG00000119408",1,"NEK6"
"ENSG00000119440",1,"LCN1P1"
"ENSG00000119487",1,"MAPKAP1"
"ENSG00000119535",1,"CSF3R"
"ENSG00000119537",1,"KDSR"
"ENSG00000119599",1,"DCAF4"
"ENSG00000119638",1,"NEK9"
"ENSG00000119685",1,"TTLL5"
"ENSG00000119686",1,"FLVCR2"
"ENSG00000119689",1,"DLST"
"ENSG00000119714",1,"GPR68"
"ENSG00000119720",1,"NRDE2"
"ENSG00000119723",1,"COQ6"
"ENSG00000119725",1,"ZNF410"
"ENSG00000119760",1,"SUPT7L"
"ENSG00000119812",1,"FAM98A"
"ENSG00000119844",1,"AFTPH"
"ENSG00000119927",1,"GPAM"
"ENSG00000119950",1,"MXI1"
"ENSG00000119969",1,"HELLS"
"ENSG00000120158",1,"RCL1"
"ENSG00000120251",1,"GRIA2"
"ENSG00000120254",1,"MTHFD1L"
"ENSG00000120278",1,"PLEKHG1"
"ENSG00000120645",1,"IQSEC3"
"ENSG00000120697",1,"ALG5"
"ENSG00000120798",1,"NR2C1"
"ENSG00000120868",1,"APAF1"
"ENSG00000120899",1,"PTK2B"
"ENSG00000120903",1,"CHRNA2"
"ENSG00000121068",1,"TBX2"
"ENSG00000121075",1,"TBX4"
"ENSG00000121101",1,"TEX14"
"ENSG00000121270",1,"ABCC11"
"ENSG00000121351",1,"IAPP"
"ENSG00000121381",1,"TAS2R9"
"ENSG00000121413",1,"ZSCAN18"
"ENSG00000121417",1,"ZNF211"
"ENSG00000121486",1,"TRMT1L"
"ENSG00000121671",1,"CRY2"
"ENSG00000121753",1,"ADGRB2"
"ENSG00000121764",1,"HCRTR1"
"ENSG00000121864",1,"ZNF639"
"ENSG00000121879",1,"PIK3CA"
"ENSG00000121898",1,"CPXM2"
"ENSG00000121933",1,"TMIGD3"
"ENSG00000121957",1,"GPSM2"
"ENSG00000122008",1,"POLK"
"ENSG00000122136",1,"OBP2A"
"ENSG00000122257",1,"RBBP6"
"ENSG00000122299",1,"ZC3H7A"
"ENSG00000122359",1,"ANXA11"
"ENSG00000122432",1,"SPATA1"
"ENSG00000122490",1,"SLC66A2"
"ENSG00000122545",1,"SEPTIN7"
"ENSG00000122641",1,"INHBA"
"ENSG00000122679",1,"RAMP3"
"ENSG00000122733",1,"PHF24"
"ENSG00000122786",1,"CALD1"
"ENSG00000122787",1,"AKR1D1"
"ENSG00000122824",1,"NUDT10"
"ENSG00000122952",1,"ZWINT"
"ENSG00000122966",1,"CIT"
"ENSG00000123094",1,"RASSF8"
"ENSG00000123104",1,"ITPR2"
"ENSG00000123143",1,"PKN1"
"ENSG00000123201",1,"GUCY1B2"
"ENSG00000123219",1,"CENPK"
"ENSG00000123268",1,"ATF1"
"ENSG00000123338",1,"NCKAP1L"
"ENSG00000123342",1,"MMP19"
"ENSG00000123384",1,"LRP1"
"ENSG00000123453",1,"SARDH"
"ENSG00000123473",1,"STIL"
"ENSG00000123485",1,"HJURP"
"ENSG00000123560",1,"PLP1"
"ENSG00000123561",1,"SERPINA7"
"ENSG00000123562",1,"MORF4L2"
"ENSG00000123594",1,"ATXN3L"
"ENSG00000123843",1,"C4BPB"
"ENSG00000123908",1,"AGO2"
"ENSG00000123977",1,"DAW1"
"ENSG00000124159",1,"MATN4"
"ENSG00000124215",1,"CDH26"
"ENSG00000124253",1,"PCK1"
"ENSG00000124260",1,"MAGEA10"
"ENSG00000124275",1,"MTRR"
"ENSG00000124299",1,"PEPD"
"ENSG00000124467",1,"PSG8"
"ENSG00000124507",1,"PACSIN1"
"ENSG00000124564",1,"SLC17A3"
"ENSG00000124568",1,"SLC17A1"
"ENSG00000124574",1,"ABCC10"
"ENSG00000124721",1,"DNAH8"
"ENSG00000124731",1,"TREM1"
"ENSG00000124733",1,"MEA1"
"ENSG00000124783",1,"SSR1"
"ENSG00000124812",1,"CRISP1"
"ENSG00000124839",1,"RAB17"
"ENSG00000125089",1,"SH3TC1"
"ENSG00000125170",1,"DOK4"
"ENSG00000125207",1,"PIWIL1"
"ENSG00000125257",1,"ABCC4"
"ENSG00000125304",1,"TM9SF2"
"ENSG00000125347",1,"IRF1"
"ENSG00000125386",1,"FAM193A"
"ENSG00000125454",1,"SLC25A19"
"ENSG00000125485",1,"DDX31"
"ENSG00000125498",1,"KIR2DL1"
"ENSG00000125510",1,"OPRL1"
"ENSG00000125531",1,"FNDC11"
"ENSG00000125533",1,"BHLHE23"
"ENSG00000125538",1,"IL1B"
"ENSG00000125630",1,"POLR1B"
"ENSG00000125637",1,"PSD4"
"ENSG00000125648",1,"SLC25A23"
"ENSG00000125731",1,"SH2D3A"
"ENSG00000125734",1,"GPR108"
"ENSG00000125735",1,"TNFSF14"
"ENSG00000125740",1,"FOSB"
"ENSG00000125744",1,"RTN2"
"ENSG00000125746",1,"EML2"
"ENSG00000125787",1,"GNRH2"
"ENSG00000125812",1,"GZF1"
"ENSG00000125818",1,"PSMF1"
"ENSG00000125826",1,"RBCK1"
"ENSG00000125846",1,"ZNF133"
"ENSG00000125861",1,"GFRA4"
"ENSG00000125879",1,"OTOR"
"ENSG00000125903",1,"DEFB129"
"ENSG00000125944",1,"HNRNPR"
"ENSG00000125999",1,"BPIFB1"
"ENSG00000126067",1,"PSMB2"
"ENSG00000126088",1,"UROD"
"ENSG00000126217",1,"MCF2L"
"ENSG00000126226",1,"PCID2"
"ENSG00000126233",1,"SLURP1"
"ENSG00000126247",1,"CAPNS1"
"ENSG00000126261",1,"UBA2"
"ENSG00000126262",1,"FFAR2"
"ENSG00000126549",1,"STATH"
"ENSG00000126653",1,"NSRP1"
"ENSG00000126746",1,"ZNF384"
"ENSG00000126773",1,"PCNX4"
"ENSG00000126777",1,"KTN1"
"ENSG00000126803",1,"HSPA2"
"ENSG00000126838",1,"PZP"
"ENSG00000126858",1,"RHOT1"
"ENSG00000126883",1,"NUP214"
"ENSG00000126950",1,"TMEM35A"
"ENSG00000127022",1,"CANX"
"ENSG00000127054",1,"INTS11"
"ENSG00000127074",1,"RGS13"
"ENSG00000127334",1,"DYRK2"
"ENSG00000127463",1,"EMC1"
"ENSG00000127515",1,"OR7A10"
"ENSG00000127529",1,"OR7C2"
"ENSG00000127530",1,"OR7C1"
"ENSG00000127554",1,"GFER"
"ENSG00000127561",1,"SYNGR3"
"ENSG00000127585",1,"FBXL16"
"ENSG00000127586",1,"CHTF18"
"ENSG00000127780",1,"OR1E2"
"ENSG00000127838",1,"PNKD"
"ENSG00000127995",1,"CASD1"
"ENSG00000128052",1,"KDR"
"ENSG00000128272",1,"ATF4"
"ENSG00000128283",1,"CDC42EP1"
"ENSG00000128383",1,"APOBEC3A"
"ENSG00000128510",1,"CPA4"
"ENSG00000128513",1,"POT1"
"ENSG00000128519",1,"TAS2R16"
"ENSG00000128563",1,"PRKRIP1"
"ENSG00000128594",1,"LRRC4"
"ENSG00000128596",1,"CCDC136"
"ENSG00000128602",1,"SMO"
"ENSG00000128607",1,"KLHDC10"
"ENSG00000128609",1,"NDUFA5"
"ENSG00000128713",1,"HOXD11"
"ENSG00000128872",1,"TMOD2"
"ENSG00000128886",1,"ELL3"
"ENSG00000128973",1,"CLN6"
"ENSG00000129003",1,"VPS13C"
"ENSG00000129007",1,"CALML4"
"ENSG00000129116",1,"PALLD"
"ENSG00000129159",1,"KCNC1"
"ENSG00000129167",1,"TPH1"
"ENSG00000129245",1,"FXR2"
"ENSG00000129292",1,"PHF20L1"
"ENSG00000129347",1,"KRI1"
"ENSG00000129422",1,"MTUS1"
"ENSG00000129450",1,"SIGLEC9"
"ENSG00000129465",1,"RIPK3"
"ENSG00000129473",1,"BCL2L2"
"ENSG00000129514",1,"FOXA1"
"ENSG00000129657",1,"SEC14L1"
"ENSG00000129682",1,"FGF13"
"ENSG00000129911",1,"KLF16"
"ENSG00000129968",1,"ABHD17A"
"ENSG00000130159",1,"ECSIT"
"ENSG00000130175",1,"PRKCSH"
"ENSG00000130177",1,"CDC16"
"ENSG00000130204",1,"TOMM40"
"ENSG00000130208",1,"APOC1"
"ENSG00000130377",1,"ACSBG2"
"ENSG00000130402",1,"ACTN4"
"ENSG00000130414",1,"NDUFA10"
"ENSG00000130479",1,"MAP1S"
"ENSG00000130559",1,"CAMSAP1"
"ENSG00000130561",1,"SAG"
"ENSG00000130640",1,"TUBGCP2"
"ENSG00000130675",1,"MNX1"
"ENSG00000130695",1,"CEP85"
"ENSG00000130713",1,"EXOSC2"
"ENSG00000130714",1,"POMT1"
"ENSG00000130813",1,"SHFL"
"ENSG00000130816",1,"DNMT1"
"ENSG00000130822",1,"PNCK"
"ENSG00000130826",1,"DKC1"
"ENSG00000130830",1,"MPP1"
"ENSG00000130962",1,"PRRG1"
"ENSG00000131037",1,"EPS8L1"
"ENSG00000131042",1,"LILRB2"
"ENSG00000131050",1,"BPIFA2"
"ENSG00000131051",1,"RBM39"
"ENSG00000131059",1,"BPIFA3"
"ENSG00000131068",1,"DEFB118"
"ENSG00000131149",1,"GSE1"
"ENSG00000131165",1,"CHMP1A"
"ENSG00000131187",1,"F12"
"ENSG00000131269",1,"ABCB7"
"ENSG00000131378",1,"RFTN1"
"ENSG00000131409",1,"LRRC4B"
"ENSG00000131446",1,"MGAT1"
"ENSG00000131459",1,"GFPT2"
"ENSG00000131462",1,"TUBG1"
"ENSG00000131467",1,"PSME3"
"ENSG00000131477",1,"RAMP2"
"ENSG00000131558",1,"EXOC4"
"ENSG00000131584",1,"ACAP3"
"ENSG00000131591",1,"C1orf159"
"ENSG00000131737",1,"KRT34"
"ENSG00000131773",1,"KHDRBS3"
"ENSG00000131848",1,"ZSCAN5A"
"ENSG00000131864",1,"USP29"
"ENSG00000131873",1,"CHSY1"
"ENSG00000132005",1,"RFX1"
"ENSG00000132274",1,"TRIM22"
"ENSG00000132275",1,"RRP8"
"ENSG00000132359",1,"RAP1GAP2"
"ENSG00000132361",1,"CLUH"
"ENSG00000132405",1,"TBC1D14"
"ENSG00000132424",1,"PNISR"
"ENSG00000132446",1,"FTHL17"
"ENSG00000132465",1,"JCHAIN"
"ENSG00000132470",1,"ITGB4"
"ENSG00000132517",1,"SLC52A1"
"ENSG00000132522",1,"GPS2"
"ENSG00000132600",1,"PRMT7"
"ENSG00000132623",1,"ANKEF1"
"ENSG00000132640",1,"BTBD3"
"ENSG00000132670",1,"PTPRA"
"ENSG00000132692",1,"BCAN"
"ENSG00000132746",1,"ALDH3B2"
"ENSG00000132780",1,"NASP"
"ENSG00000132840",1,"BHMT2"
"ENSG00000132842",1,"AP3B1"
"ENSG00000132912",1,"DCTN4"
"ENSG00000132958",1,"TPTE2"
"ENSG00000132964",1,"CDK8"
"ENSG00000132965",1,"ALOX5AP"
"ENSG00000132972",1,"RNF17"
"ENSG00000133067",1,"LGR6"
"ENSG00000133103",1,"COG6"
"ENSG00000133107",1,"TRPC4"
"ENSG00000133111",1,"RFXAP"
"ENSG00000133112",1,"TPT1"
"ENSG00000133119",1,"RFC3"
"ENSG00000133135",1,"RNF128"
"ENSG00000133226",1,"SRRM1"
"ENSG00000133313",1,"CNDP2"
"ENSG00000133315",1,"MACROD1"
"ENSG00000133460",1,"SLC2A11"
"ENSG00000133477",1,"FAM83F"
"ENSG00000133561",1,"GIMAP6"
"ENSG00000133597",1,"ADCK2"
"ENSG00000133606",1,"MKRN1"
"ENSG00000133706",1,"LARS1"
"ENSG00000133710",1,"SPINK5"
"ENSG00000133794",1,"BMAL1"
"ENSG00000133818",1,"RRAS2"
"ENSG00000133835",1,"HSD17B4"
"ENSG00000133858",1,"ZFC3H1"
"ENSG00000133895",1,"MEN1"
"ENSG00000133980",1,"VRTN"
"ENSG00000134013",1,"LOXL2"
"ENSG00000134014",1,"ELP3"
"ENSG00000134056",1,"MRPS36"
"ENSG00000134215",1,"VAV3"
"ENSG00000134216",1,"CHIA"
"ENSG00000134243",1,"SORT1"
"ENSG00000134248",1,"LAMTOR5"
"ENSG00000134255",1,"CEPT1"
"ENSG00000134258",1,"VTCN1"
"ENSG00000134330",1,"IAH1"
"ENSG00000134343",1,"ANO3"
"ENSG00000134398",1,"ERN2"
"ENSG00000134480",1,"CCNH"
"ENSG00000134571",1,"MYBPC3"
"ENSG00000134574",1,"DDB2"
"ENSG00000134575",1,"ACP2"
"ENSG00000134612",1,"FOLH1B"
"ENSG00000134755",1,"DSC2"
"ENSG00000134955",1,"SLC37A2"
"ENSG00000135083",1,"CCNJL"
"ENSG00000135116",1,"HRK"
"ENSG00000135164",1,"DMTF1"
"ENSG00000135205",1,"CCDC146"
"ENSG00000135220",1,"UGT2A3"
"ENSG00000135226",1,"UGT2B28"
"ENSG00000135272",1,"MDFIC"
"ENSG00000135363",1,"LMO2"
"ENSG00000135365",1,"PHF21A"
"ENSG00000135373",1,"EHF"
"ENSG00000135374",1,"ELF5"
"ENSG00000135413",1,"LACRT"
"ENSG00000135486",1,"HNRNPA1"
"ENSG00000135519",1,"KCNH3"
"ENSG00000135624",1,"CCT7"
"ENSG00000135678",1,"CPM"
"ENSG00000135720",1,"DYNC1LI2"
"ENSG00000135722",1,"FBXL8"
"ENSG00000135744",1,"AGT"
"ENSG00000135749",1,"PCNX2"
"ENSG00000135773",1,"CAPN9"
"ENSG00000135898",1,"GPR55"
"ENSG00000135913",1,"USP37"
"ENSG00000135924",1,"DNAJB2"
"ENSG00000135925",1,"WNT10A"
"ENSG00000135931",1,"ARMC9"
"ENSG00000135960",1,"EDAR"
"ENSG00000136003",1,"ISCU"
"ENSG00000136068",1,"FLNB"
"ENSG00000136098",1,"NEK3"
"ENSG00000136111",1,"TBC1D4"
"ENSG00000136122",1,"BORA"
"ENSG00000136143",1,"SUCLA2"
"ENSG00000136144",1,"RCBTB1"
"ENSG00000136153",1,"LMO7"
"ENSG00000136156",1,"ITM2B"
"ENSG00000136169",1,"SETDB2"
"ENSG00000136193",1,"SCRN1"
"ENSG00000136237",1,"RAPGEF5"
"ENSG00000136250",1,"AOAH"
"ENSG00000136261",1,"BZW2"
"ENSG00000136267",1,"DGKB"
"ENSG00000136271",1,"DDX56"
"ENSG00000136279",1,"DBNL"
"ENSG00000136286",1,"MYO1G"
"ENSG00000136448",1,"NMT1"
"ENSG00000136457",1,"CHAD"
"ENSG00000136485",1,"DCAF7"
"ENSG00000136521",1,"NDUFB5"
"ENSG00000136531",1,"SCN2A"
"ENSG00000136541",1,"ERMN"
"ENSG00000136542",1,"GALNT5"
"ENSG00000136694",1,"IL36A"
"ENSG00000136697",1,"IL1F10"
"ENSG00000136717",1,"BIN1"
"ENSG00000136811",1,"ODF2"
"ENSG00000136830",1,"NIBAN2"
"ENSG00000136854",1,"STXBP1"
"ENSG00000136877",1,"FPGS"
"ENSG00000136881",1,"BAAT"
"ENSG00000136986",1,"DERL1"
"ENSG00000136997",1,"MYC"
"ENSG00000137070",1,"IL11RA"
"ENSG00000137075",1,"RNF38"
"ENSG00000137080",1,"IFNA21"
"ENSG00000137216",1,"TMEM63B"
"ENSG00000137225",1,"CAPN11"
"ENSG00000137275",1,"RIPK1"
"ENSG00000137309",1,"HMGA1"
"ENSG00000137343",1,"ATAT1"
"ENSG00000137441",1,"FGFBP2"
"ENSG00000137473",1,"TTC29"
"ENSG00000137474",1,"MYO7A"
"ENSG00000137491",1,"SLCO2B1"
"ENSG00000137497",1,"NUMA1"
"ENSG00000137501",1,"SYTL2"
"ENSG00000137509",1,"PRCP"
"ENSG00000137575",1,"SDCBP"
"ENSG00000137601",1,"NEK1"
"ENSG00000137634",1,"NXPE4"
"ENSG00000137672",1,"TRPC6"
"ENSG00000137675",1,"MMP27"
"ENSG00000137726",1,"FXYD6"
"ENSG00000137745",1,"MMP13"
"ENSG00000137747",1,"TMPRSS13"
"ENSG00000137757",1,"CASP5"
"ENSG00000137807",1,"KIF23"
"ENSG00000137809",1,"ITGA11"
"ENSG00000137812",1,"KNL1"
"ENSG00000137817",1,"PARP6"
"ENSG00000137821",1,"LRRC49"
"ENSG00000137869",1,"CYP19A1"
"ENSG00000137871",1,"ZNF280D"
"ENSG00000137941",1,"TTLL7"
"ENSG00000137955",1,"RABGGTB"
"ENSG00000137968",1,"SLC44A5"
"ENSG00000137975",1,"CLCA2"
"ENSG00000138002",1,"IFT172"
"ENSG00000138031",1,"ADCY3"
"ENSG00000138095",1,"LRPPRC"
"ENSG00000138152",1,"BTBD16"
"ENSG00000138160",1,"KIF11"
"ENSG00000138448",1,"ITGAV"
"ENSG00000138614",1,"INTS14"
"ENSG00000138640",1,"FAM13A"
"ENSG00000138735",1,"PDE5A"
"ENSG00000138738",1,"PRDM5"
"ENSG00000138750",1,"NUP54"
"ENSG00000138758",1,"SEPTIN11"
"ENSG00000138759",1,"FRAS1"
"ENSG00000138764",1,"CCNG2"
"ENSG00000138771",1,"SHROOM3"
"ENSG00000138795",1,"LEF1"
"ENSG00000138796",1,"HADH"
"ENSG00000138821",1,"SLC39A8"
"ENSG00000138823",1,"MTTP"
"ENSG00000138829",1,"FBN2"
"ENSG00000138835",1,"RGS3"
"ENSG00000138892",1,"TTLL8"
"ENSG00000138964",1,"PARVG"
"ENSG00000139117",1,"CPNE8"
"ENSG00000139154",1,"AEBP2"
"ENSG00000139194",1,"RBP5"
"ENSG00000139200",1,"PIANP"
"ENSG00000139223",1,"ANP32D"
"ENSG00000139287",1,"TPH2"
"ENSG00000139289",1,"PHLDA1"
"ENSG00000139304",1,"PTPRQ"
"ENSG00000139546",1,"TARBP2"
"ENSG00000139567",1,"ACVRL1"
"ENSG00000139697",1,"SBNO1"
"ENSG00000139718",1,"SETD1B"
"ENSG00000139946",1,"PELI2"
"ENSG00000140025",1,"EFCAB11"
"ENSG00000140044",1,"JDP2"
"ENSG00000140057",1,"AK7"
"ENSG00000140199",1,"SLC12A6"
"ENSG00000140262",1,"TCF12"
"ENSG00000140285",1,"FGF7"
"ENSG00000140287",1,"HDC"
"ENSG00000140350",1,"ANP32A"
"ENSG00000140382",1,"HMG20A"
"ENSG00000140386",1,"SCAPER"
"ENSG00000140398",1,"NEIL1"
"ENSG00000140416",1,"TPM1"
"ENSG00000140451",1,"PIF1"
"ENSG00000140459",1,"CYP11A1"
"ENSG00000140463",1,"BBS4"
"ENSG00000140474",1,"ULK3"
"ENSG00000140479",1,"PCSK6"
"ENSG00000140481",1,"CCDC33"
"ENSG00000140521",1,"POLG"
"ENSG00000140538",1,"NTRK3"
"ENSG00000140545",1,"MFGE8"
"ENSG00000140553",1,"UNC45A"
"ENSG00000140563",1,"MCTP2"
"ENSG00000140564",1,"FURIN"
"ENSG00000140682",1,"TGFB1I1"
"ENSG00000140750",1,"ARHGAP17"
"ENSG00000140795",1,"MYLK3"
"ENSG00000140943",1,"MBTPS1"
"ENSG00000140961",1,"OSGIN1"
"ENSG00000140983",1,"RHOT2"
"ENSG00000140986",1,"RPL3L"
"ENSG00000140993",1,"TIGD7"
"ENSG00000141002",1,"TCF25"
"ENSG00000141013",1,"GAS8"
"ENSG00000141027",1,"NCOR1"
"ENSG00000141076",1,"UTP4"
"ENSG00000141194",1,"OR4D1"
"ENSG00000141200",1,"KIF2B"
"ENSG00000141255",1,"SPATA22"
"ENSG00000141279",1,"NPEPPS"
"ENSG00000141367",1,"CLTC"
"ENSG00000141371",1,"CHCT1"
"ENSG00000141380",1,"SS18"
"ENSG00000141404",1,"GNAL"
"ENSG00000141431",1,"ASXL3"
"ENSG00000141441",1,"GAREM1"
"ENSG00000141456",1,"PELP1"
"ENSG00000141469",1,"SLC14A1"
"ENSG00000141485",1,"SLC13A5"
"ENSG00000141506",1,"PIK3R5"
"ENSG00000141524",1,"TMC6"
"ENSG00000141526",1,"SLC16A3"
"ENSG00000141556",1,"TBCD"
"ENSG00000141560",1,"FN3KRP"
"ENSG00000141577",1,"CEP131"
"ENSG00000141582",1,"CBX4"
"ENSG00000141627",1,"DYM"
"ENSG00000141664",1,"ZCCHC2"
"ENSG00000141665",1,"FBXO15"
"ENSG00000141858",1,"SAMD1"
"ENSG00000141956",1,"PRDM15"
"ENSG00000141959",1,"PFKL"
"ENSG00000142156",1,"COL6A1"
"ENSG00000142163",1,"OR1E3"
"ENSG00000142166",1,"IFNAR1"
"ENSG00000142182",1,"DNMT3L"
"ENSG00000142185",1,"TRPM2"
"ENSG00000142235",1,"LMTK3"
"ENSG00000142453",1,"CARM1"
"ENSG00000142484",1,"TM4SF5"
"ENSG00000142512",1,"SIGLEC10"
"ENSG00000142515",1,"KLK3"
"ENSG00000142552",1,"RCN3"
"ENSG00000142599",1,"RERE"
"ENSG00000142609",1,"CFAP74"
"ENSG00000142621",1,"FHAD1"
"ENSG00000142920",1,"AZIN2"
"ENSG00000142973",1,"CYP4B1"
"ENSG00000143190",1,"POU2F1"
"ENSG00000143194",1,"MAEL"
"ENSG00000143198",1,"MGST3"
"ENSG00000143199",1,"ADCY10"
"ENSG00000143224",1,"PPOX"
"ENSG00000143322",1,"ABL2"
"ENSG00000143337",1,"TOR1AIP1"
"ENSG00000143365",1,"RORC"
"ENSG00000143367",1,"TUFT1"
"ENSG00000143376",1,"SNX27"
"ENSG00000143379",1,"SETDB1"
"ENSG00000143382",1,"ADAMTSL4"
"ENSG00000143390",1,"RFX5"
"ENSG00000143401",1,"ANP32E"
"ENSG00000143416",1,"SELENBP1"
"ENSG00000143537",1,"ADAM15"
"ENSG00000143549",1,"TPM3"
"ENSG00000143556",1,"S100A7"
"ENSG00000143569",1,"UBAP2L"
"ENSG00000143702",1,"CEP170"
"ENSG00000143748",1,"NVL"
"ENSG00000143799",1,"PARP1"
"ENSG00000143921",1,"ABCG8"
"ENSG00000143954",1,"REG3G"
"ENSG00000144040",1,"SFXN5"
"ENSG00000144048",1,"DUSP11"
"ENSG00000144057",1,"ST6GAL2"
"ENSG00000144118",1,"RALB"
"ENSG00000144130",1,"NT5DC4"
"ENSG00000144285",1,"SCN1A"
"ENSG00000144290",1,"SLC4A10"
"ENSG00000144320",1,"LNPK"
"ENSG00000144357",1,"UBR3"
"ENSG00000144468",1,"RHBDD1"
"ENSG00000144488",1,"ESPNL"
"ENSG00000144504",1,"ANKMY1"
"ENSG00000144560",1,"VGLL4"
"ENSG00000144580",1,"CNOT9"
"ENSG00000144648",1,"ACKR2"
"ENSG00000144649",1,"GASK1A"
"ENSG00000144671",1,"SLC22A14"
"ENSG00000144677",1,"CTDSPL"
"ENSG00000144712",1,"CAND2"
"ENSG00000144730",1,"IL17RD"
"ENSG00000144736",1,"SHQ1"
"ENSG00000144741",1,"SLC25A26"
"ENSG00000144744",1,"UBA3"
"ENSG00000144815",1,"NXPE3"
"ENSG00000144821",1,"MYH15"
"ENSG00000144824",1,"PHLDB2"
"ENSG00000144837",1,"PLA1A"
"ENSG00000144847",1,"IGSF11"
"ENSG00000144852",1,"NR1I2"
"ENSG00000144935",1,"TRPC1"
"ENSG00000145063",1,"ENSG00000145063"
"ENSG00000145075",1,"ENSG00000145075"
"ENSG00000145087",1,"STXBP5L"
"ENSG00000145107",1,"TM4SF19"
"ENSG00000145113",1,"MUC4"
"ENSG00000145220",1,"LYAR"
"ENSG00000145321",1,"GC"
"ENSG00000145348",1,"TBCK"
"ENSG00000145390",1,"USP53"
"ENSG00000145391",1,"SETD7"
"ENSG00000145725",1,"PPIP5K2"
"ENSG00000145730",1,"PAM"
"ENSG00000145777",1,"TSLP"
"ENSG00000145819",1,"ARHGAP26"
"ENSG00000145839",1,"IL9"
"ENSG00000145864",1,"GABRB2"
"ENSG00000145908",1,"ZNF300"
"ENSG00000146006",1,"LRRTM2"
"ENSG00000146054",1,"TRIM7"
"ENSG00000146063",1,"TRIM41"
"ENSG00000146112",1,"PPP1R18"
"ENSG00000146205",1,"ANO7"
"ENSG00000146247",1,"PHIP"
"ENSG00000146376",1,"ARHGAP18"
"ENSG00000146383",1,"TAAR6"
"ENSG00000146385",1,"TAAR8"
"ENSG00000146399",1,"TAAR1"
"ENSG00000146453",1,"PNLDC1"
"ENSG00000146576",1,"INTS15"
"ENSG00000146755",1,"TRIM50"
"ENSG00000146809",1,"ASB15"
"ENSG00000146839",1,"ZAN"
"ENSG00000146918",1,"NCAPG2"
"ENSG00000147065",1,"MSN"
"ENSG00000147082",1,"CCNB3"
"ENSG00000147099",1,"HDAC8"
"ENSG00000147183",1,"CPXCR1"
"ENSG00000147231",1,"RADX"
"ENSG00000147255",1,"IGSF1"
"ENSG00000147256",1,"ARHGAP36"
"ENSG00000147274",1,"RBMX"
"ENSG00000147394",1,"ZNF185"
"ENSG00000147421",1,"HMBOX1"
"ENSG00000147434",1,"CHRNA6"
"ENSG00000147459",1,"DOCK5"
"ENSG00000147485",1,"PXDNL"
"ENSG00000147509",1,"RGS20"
"ENSG00000147536",1,"GINS4"
"ENSG00000147606",1,"SLC26A7"
"ENSG00000147655",1,"RSPO2"
"ENSG00000147697",1,"GSDMC"
"ENSG00000147813",1,"NAPRT"
"ENSG00000147873",1,"IFNA5"
"ENSG00000147885",1,"IFNA16"
"ENSG00000148019",1,"CEP78"
"ENSG00000148136",1,"OR13C4"
"ENSG00000148158",1,"SNX30"
"ENSG00000148180",1,"GSN"
"ENSG00000148334",1,"PTGES2"
"ENSG00000148337",1,"CIZ1"
"ENSG00000148400",1,"NOTCH1"
"ENSG00000148484",1,"RSU1"
"ENSG00000148498",1,"PARD3"
"ENSG00000148908",1,"RGS10"
"ENSG00000148950",1,"IMMP1L"
"ENSG00000149115",1,"TNKS1BP1"
"ENSG00000149124",1,"GLYAT"
"ENSG00000149292",1,"TTC12"
"ENSG00000149311",1,"ATM"
"ENSG00000149380",1,"P4HA3"
"ENSG00000149418",1,"ST14"
"ENSG00000149435",1,"GGTLC1"
"ENSG00000149443",1,"SCP2D1-AS1"
"ENSG00000149476",1,"TKFC"
"ENSG00000149489",1,"ROM1"
"ENSG00000149516",1,"MS4A3"
"ENSG00000149534",1,"MS4A2"
"ENSG00000149577",1,"SIDT2"
"ENSG00000149742",1,"SLC22A9"
"ENSG00000149743",1,"TRPT1"
"ENSG00000149809",1,"TM7SF2"
"ENSG00000149922",1,"TBX6"
"ENSG00000150048",1,"CLEC1A"
"ENSG00000150054",1,"MPP7"
"ENSG00000150261",1,"OR8K1"
"ENSG00000150459",1,"SAP18"
"ENSG00000150556",1,"LYPD6B"
"ENSG00000150637",1,"CD226"
"ENSG00000150779",1,"TIMM8B"
"ENSG00000150867",1,"PIP4K2A"
"ENSG00000150938",1,"CRIM1"
"ENSG00000151062",1,"CACNA2D4"
"ENSG00000151093",1,"OXSM"
"ENSG00000151240",1,"DIP2C"
"ENSG00000151287",1,"TEX30"
"ENSG00000151348",1,"EXT2"
"ENSG00000151376",1,"ME3"
"ENSG00000151413",1,"NUBPL"
"ENSG00000151414",1,"NEK7"
"ENSG00000151422",1,"FER"
"ENSG00000151474",1,"FRMD4A"
"ENSG00000151553",1,"FHIP2A"
"ENSG00000151572",1,"ANO4"
"ENSG00000151623",1,"NR3C2"
"ENSG00000151632",1,"AKR1C2"
"ENSG00000151687",1,"ANKAR"
"ENSG00000151726",1,"ACSL1"
"ENSG00000151789",1,"ZNF385D"
"ENSG00000151790",1,"TDO2"
"ENSG00000151834",1,"GABRA2"
"ENSG00000151835",1,"SACS"
"ENSG00000151838",1,"CCDC175"
"ENSG00000151846",1,"PABPC3"
"ENSG00000151914",1,"DST"
"ENSG00000152034",1,"MCHR2"
"ENSG00000152056",1,"AP1S3"
"ENSG00000152127",1,"MGAT5"
"ENSG00000152137",1,"HSPB8"
"ENSG00000152154",1,"TMEM178A"
"ENSG00000152208",1,"GRID2"
"ENSG00000152234",1,"ATP5F1A"
"ENSG00000152292",1,"SH2D6"
"ENSG00000152377",1,"SPOCK1"
"ENSG00000152413",1,"HOMER1"
"ENSG00000152457",1,"DCLRE1C"
"ENSG00000152463",1,"OLAH"
"ENSG00000152495",1,"CAMK4"
"ENSG00000152578",1,"GRIA4"
"ENSG00000152595",1,"MEPE"
"ENSG00000152642",1,"GPD1L"
"ENSG00000152689",1,"RASGRP3"
"ENSG00000152705",1,"CATSPER3"
"ENSG00000152784",1,"PRDM8"
"ENSG00000152804",1,"HHEX"
"ENSG00000152904",1,"GGPS1"
"ENSG00000152932",1,"RAB3C"
"ENSG00000152936",1,"LMNTD1"
"ENSG00000152952",1,"PLOD2"
"ENSG00000152990",1,"ADGRA3"
"ENSG00000153002",1,"CPB1"
"ENSG00000153015",1,"CWC27"
"ENSG00000153037",1,"SRP19"
"ENSG00000153130",1,"SCOC"
"ENSG00000153157",1,"SYCP2L"
"ENSG00000153234",1,"NR4A2"
"ENSG00000153294",1,"ADGRF4"
"ENSG00000153303",1,"FRMD1"
"ENSG00000153347",1,"FAM81B"
"ENSG00000153443",1,"UBALD1"
"ENSG00000153779",1,"TGIF2LX"
"ENSG00000153814",1,"JAZF1"
"ENSG00000153815",1,"CMIP"
"ENSG00000153898",1,"MCOLN2"
"ENSG00000153902",1,"LGI4"
"ENSG00000153944",1,"MSI2"
"ENSG00000154001",1,"PPP2R5E"
"ENSG00000154040",1,"CABYR"
"ENSG00000154099",1,"DNAAF1"
"ENSG00000154133",1,"ROBO4"
"ENSG00000154153",1,"RETREG1"
"ENSG00000154175",1,"ABI3BP"
"ENSG00000154198",1,"CYP4Z2P"
"ENSG00000154227",1,"CERS3"
"ENSG00000154229",1,"PRKCA"
"ENSG00000154237",1,"LRRK1"
"ENSG00000154258",1,"ABCA9"
"ENSG00000154263",1,"ABCA10"
"ENSG00000154305",1,"MIA3"
"ENSG00000154319",1,"FAM167A"
"ENSG00000154655",1,"L3MBTL4"
"ENSG00000154832",1,"CXXC1"
"ENSG00000154864",1,"PIEZO2"
"ENSG00000154920",1,"EME1"
"ENSG00000155096",1,"AZIN1"
"ENSG00000155100",1,"OTUD6B"
"ENSG00000155254",1,"MARVELD1"
"ENSG00000155287",1,"SLC25A28"
"ENSG00000155307",1,"SAMSN1"
"ENSG00000155313",1,"USP25"
"ENSG00000155366",1,"RHOC"
"ENSG00000155629",1,"PIK3AP1"
"ENSG00000155657",1,"TTN"
"ENSG00000155714",1,"PDZD9"
"ENSG00000155761",1,"SPAG17"
"ENSG00000155906",1,"RMND1"
"ENSG00000155959",1,"VBP1"
"ENSG00000155966",1,"AFF2"
"ENSG00000155980",1,"KIF5A"
"ENSG00000156009",1,"MAGEA8"
"ENSG00000156026",1,"MCU"
"ENSG00000156030",1,"MIDEAS"
"ENSG00000156096",1,"UGT2B4"
"ENSG00000156127",1,"BATF"
"ENSG00000156194",1,"PPEF2"
"ENSG00000156219",1,"ART3"
"ENSG00000156273",1,"BACH1"
"ENSG00000156282",1,"CLDN17"
"ENSG00000156284",1,"CLDN8"
"ENSG00000156411",1,"ATP5MJ"
"ENSG00000156413",1,"FUT6"
"ENSG00000156508",1,"EEF1A1"
"ENSG00000156515",1,"HK1"
"ENSG00000156531",1,"PHF6"
"ENSG00000156535",1,"CD109"
"ENSG00000156860",1,"FBRS"
"ENSG00000156886",1,"ITGAD"
"ENSG00000156958",1,"GALK2"
"ENSG00000157017",1,"GHRL"
"ENSG00000157087",1,"ATP2B2"
"ENSG00000157214",1,"STEAP2"
"ENSG00000157224",1,"CLDN12"
"ENSG00000157306",1,"ZFHX2-AS1"
"ENSG00000157330",1,"CFAP107"
"ENSG00000157404",1,"KIT"
"ENSG00000157423",1,"HYDIN"
"ENSG00000157470",1,"FAM81A"
"ENSG00000157538",1,"VPS26C"
"ENSG00000157554",1,"ERG"
"ENSG00000157625",1,"TAB3"
"ENSG00000157657",1,"ZNF618"
"ENSG00000157734",1,"SNX22"
"ENSG00000157764",1,"BRAF"
"ENSG00000157765",1,"SLC34A2"
"ENSG00000157833",1,"GAREM2"
"ENSG00000157851",1,"DPYSL5"
"ENSG00000157856",1,"DRC1"
"ENSG00000157873",1,"TNFRSF14"
"ENSG00000157895",1,"C12orf43"
"ENSG00000157985",1,"AGAP1"
"ENSG00000157992",1,"KRTCAP3"
"ENSG00000158008",1,"EXTL1"
"ENSG00000158290",1,"CUL4B"
"ENSG00000158486",1,"DNAH3"
"ENSG00000158488",1,"CD1E"
"ENSG00000158555",1,"GDPD5"
"ENSG00000158578",1,"ALAS2"
"ENSG00000158717",1,"RNF166"
"ENSG00000158747",1,"NBL1"
"ENSG00000158796",1,"DEDD"
"ENSG00000158856",1,"DMTN"
"ENSG00000158874",1,"APOA2"
"ENSG00000158985",1,"CDC42SE2"
"ENSG00000158987",1,"RAPGEF6"
"ENSG00000159110",1,"IFNAR2"
"ENSG00000159166",1,"LAD1"
"ENSG00000159189",1,"C1QC"
"ENSG00000159216",1,"RUNX1"
"ENSG00000159256",1,"MORC3"
"ENSG00000159314",1,"ARHGAP27"
"ENSG00000159339",1,"PADI4"
"ENSG00000159455",1,"LCE2B"
"ENSG00000159516",1,"SPRR2G"
"ENSG00000159527",1,"PGLYRP3"
"ENSG00000159588",1,"CCDC17"
"ENSG00000159658",1,"EFCAB14"
"ENSG00000159720",1,"ATP6V0D1"
"ENSG00000159840",1,"ZYX"
"ENSG00000159842",1,"ABR"
"ENSG00000159871",1,"LYPD5"
"ENSG00000159905",1,"ZNF221"
"ENSG00000159915",1,"ZNF233"
"ENSG00000159921",1,"GNE"
"ENSG00000160181",1,"TFF2"
"ENSG00000160209",1,"PDXK"
"ENSG00000160218",1,"TRAPPC10"
"ENSG00000160282",1,"FTCD"
"ENSG00000160339",1,"FCN2"
"ENSG00000160345",1,"PIERCE1"
"ENSG00000160349",1,"LCN1"
"ENSG00000160408",1,"ST6GALNAC6"
"ENSG00000160551",1,"TAOK1"
"ENSG00000160570",1,"DEDD2"
"ENSG00000160593",1,"JAML"
"ENSG00000160602",1,"NEK8"
"ENSG00000160679",1,"CHTOP"
"ENSG00000160712",1,"IL6R"
"ENSG00000160767",1,"ENTREP3"
"ENSG00000160953",1,"PWWP3A"
"ENSG00000160959",1,"LRRC14"
"ENSG00000161036",1,"LRWD1"
"ENSG00000161091",1,"MFSD12"
"ENSG00000161204",1,"ABCF3"
"ENSG00000161267",1,"BDH1"
"ENSG00000161298",1,"ZNF382"
"ENSG00000161405",1,"IKZF3"
"ENSG00000161513",1,"FDXR"
"ENSG00000161544",1,"CYGB"
"ENSG00000161609",1,"KASH5"
"ENSG00000161649",1,"CD300LG"
"ENSG00000161652",1,"IZUMO2"
"ENSG00000161671",1,"EMC10"
"ENSG00000161714",1,"PLCD3"
"ENSG00000161807",1,"OR7G1"
"ENSG00000161835",1,"TAMALIN"
"ENSG00000161958",1,"FGF11"
"ENSG00000161960",1,"EIF4A1"
"ENSG00000161973",1,"CCDC42"
"ENSG00000161981",1,"SNRNP25"
"ENSG00000161999",1,"JMJD8"
"ENSG00000162004",1,"CCDC78"
"ENSG00000162006",1,"MSLNL"
"ENSG00000162032",1,"SPSB3"
"ENSG00000162069",1,"BICDL2"
"ENSG00000162129",1,"CLPB"
"ENSG00000162191",1,"UBXN1"
"ENSG00000162194",1,"LBHD1"
"ENSG00000162267",1,"ITIH3"
"ENSG00000162366",1,"PDZK1IP1"
"ENSG00000162367",1,"TAL1"
"ENSG00000162368",1,"CMPK1"
"ENSG00000162511",1,"LAPTM5"
"ENSG00000162542",1,"TMCO4"
"ENSG00000162591",1,"MEGF6"
"ENSG00000162592",1,"CCDC27"
"ENSG00000162594",1,"IL23R"
"ENSG00000162598",1,"C1orf87"
"ENSG00000162613",1,"FUBP1"
"ENSG00000162620",1,"LRRIQ3"
"ENSG00000162636",1,"EEIG2"
"ENSG00000162687",1,"KCNT2"
"ENSG00000162711",1,"NLRP3"
"ENSG00000162727",1,"OR2M5"
"ENSG00000162738",1,"VANGL2"
"ENSG00000162739",1,"SLAMF6"
"ENSG00000162747",1,"FCGR3B"
"ENSG00000162753",1,"SLC9C2"
"ENSG00000162761",1,"LMX1A"
"ENSG00000162772",1,"ATF3"
"ENSG00000162804",1,"SNED1"
"ENSG00000162814",1,"SPATA17"
"ENSG00000162873",1,"KLHDC8A"
"ENSG00000162923",1,"WDR26"
"ENSG00000162929",1,"SANBR"
"ENSG00000162931",1,"TRIM17"
"ENSG00000162949",1,"CAPN13"
"ENSG00000162976",1,"SLC66A3"
"ENSG00000162994",1,"CLHC1"
"ENSG00000162997",1,"PRORSD1P"
"ENSG00000163064",1,"EN1"
"ENSG00000163098",1,"BIRC8"
"ENSG00000163110",1,"PDLIM5"
"ENSG00000163114",1,"PDHA2"
"ENSG00000163121",1,"NEURL3"
"ENSG00000163145",1,"C1QTNF7"
"ENSG00000163171",1,"CDC42EP3"
"ENSG00000163221",1,"S100A12"
"ENSG00000163235",1,"TGFA"
"ENSG00000163354",1,"DCST2"
"ENSG00000163359",1,"COL6A3"
"ENSG00000163380",1,"LMOD3"
"ENSG00000163462",1,"TRIM46"
"ENSG00000163491",1,"NEK10"
"ENSG00000163507",1,"CIP2A"
"ENSG00000163515",1,"RETNLB"
"ENSG00000163517",1,"HDAC11"
"ENSG00000163518",1,"FCRL4"
"ENSG00000163565",1,"IFI16"
"ENSG00000163599",1,"CTLA4"
"ENSG00000163605",1,"PPP4R2"
"ENSG00000163618",1,"CADPS"
"ENSG00000163625",1,"WDFY3"
"ENSG00000163631",1,"ALB"
"ENSG00000163635",1,"ATXN7"
"ENSG00000163645",1,"ERICH6"
"ENSG00000163659",1,"TIPARP"
"ENSG00000163660",1,"CCNL1"
"ENSG00000163687",1,"DNASE1L3"
"ENSG00000163702",1,"IL17RC"
"ENSG00000163705",1,"FANCD2OS"
"ENSG00000163710",1,"PCOLCE2"
"ENSG00000163714",1,"U2SURP"
"ENSG00000163751",1,"CPA3"
"ENSG00000163754",1,"GYG1"
"ENSG00000163762",1,"TM4SF18"
"ENSG00000163792",1,"TCF23"
"ENSG00000163793",1,"DNAJC5G"
"ENSG00000163808",1,"KIF15"
"ENSG00000163817",1,"SLC6A20"
"ENSG00000163885",1,"CFAP100"
"ENSG00000163939",1,"PBRM1"
"ENSG00000163946",1,"TASOR"
"ENSG00000164010",1,"ERMAP"
"ENSG00000164022",1,"AIMP1"
"ENSG00000164024",1,"METAP1"
"ENSG00000164035",1,"EMCN"
"ENSG00000164050",1,"PLXNB1"
"ENSG00000164054",1,"SHISA5"
"ENSG00000164105",1,"SAP30"
"ENSG00000164107",1,"HAND2"
"ENSG00000164111",1,"ANXA5"
"ENSG00000164116",1,"GUCY1A1"
"ENSG00000164117",1,"FBXO8"
"ENSG00000164118",1,"CEP44"
"ENSG00000164122",1,"ASB5"
"ENSG00000164124",1,"TMEM144"
"ENSG00000164125",1,"GASK1B"
"ENSG00000164144",1,"ARFIP1"
"ENSG00000164190",1,"NIPBL"
"ENSG00000164221",1,"CCDC112"
"ENSG00000164253",1,"WDR41"
"ENSG00000164303",1,"ENPP6"
"ENSG00000164304",1,"CAGE1"
"ENSG00000164325",1,"TMEM174"
"ENSG00000164327",1,"RICTOR"
"ENSG00000164346",1,"NSA2"
"ENSG00000164393",1,"ADGRF2"
"ENSG00000164399",1,"IL3"
"ENSG00000164400",1,"CSF2"
"ENSG00000164403",1,"SHROOM1"
"ENSG00000164430",1,"CGAS"
"ENSG00000164508",1,"H2AC1"
"ENSG00000164509",1,"IL31RA"
"ENSG00000164520",1,"RAET1E"
"ENSG00000164542",1,"MATCAP2"
"ENSG00000164548",1,"TRA2A"
"ENSG00000164616",1,"FBXL21P"
"ENSG00000164694",1,"FNDC1"
"ENSG00000164733",1,"CTSB"
"ENSG00000164744",1,"SUN3"
"ENSG00000164749",1,"HNF4G"
"ENSG00000164751",1,"PEX2"
"ENSG00000164756",1,"SLC30A8"
"ENSG00000164776",1,"PHKG1"
"ENSG00000164822",1,"DEFA6"
"ENSG00000164830",1,"OXR1"
"ENSG00000164919",1,"COX6C"
"ENSG00000164924",1,"YWHAZ"
"ENSG00000164933",1,"SLC25A32"
"ENSG00000164953",1,"TMEM67"
"ENSG00000164970",1,"FAM219A"
"ENSG00000164989",1,"CCDC171"
"ENSG00000165071",1,"TMEM71"
"ENSG00000165084",1,"C8orf34"
"ENSG00000165091",1,"TMC1"
"ENSG00000165102",1,"HGSNAT"
"ENSG00000165181",1,"SHOC1"
"ENSG00000165192",1,"ASB11"
"ENSG00000165240",1,"ATP7A"
"ENSG00000165282",1,"PIGO"
"ENSG00000165304",1,"MELK"
"ENSG00000165338",1,"HECTD2"
"ENSG00000165458",1,"INPPL1"
"ENSG00000165471",1,"MBL2"
"ENSG00000165474",1,"GJB2"
"ENSG00000165475",1,"CRYL1"
"ENSG00000165494",1,"PCF11"
"ENSG00000165495",1,"PKNOX2"
"ENSG00000165509",1,"MAGEC3"
"ENSG00000165525",1,"NEMF"
"ENSG00000165643",1,"SOHLH1"
"ENSG00000165675",1,"ENOX2"
"ENSG00000165685",1,"TMEM52B"
"ENSG00000165689",1,"ENTR1"
"ENSG00000165702",1,"GFI1B"
"ENSG00000165807",1,"PPP1R36"
"ENSG00000165810",1,"BTNL9"
"ENSG00000165821",1,"SALL2"
"ENSG00000165905",1,"LARGE2"
"ENSG00000165935",1,"SMCO2"
"ENSG00000165972",1,"CCDC38"
"ENSG00000165973",1,"NELL1"
"ENSG00000166006",1,"KCNC2"
"ENSG00000166024",1,"R3HCC1L"
"ENSG00000166037",1,"CEP57"
"ENSG00000166090",1,"IL25"
"ENSG00000166111",1,"SVOP"
"ENSG00000166140",1,"ZFYVE19"
"ENSG00000166147",1,"FBN1"
"ENSG00000166159",1,"LRTM2"
"ENSG00000166164",1,"BRD7"
"ENSG00000166197",1,"NOLC1"
"ENSG00000166292",1,"TMEM100"
"ENSG00000166348",1,"USP54"
"ENSG00000166352",1,"IFTAP"
"ENSG00000166387",1,"PPFIBP2"
"ENSG00000166396",1,"SERPINB7"
"ENSG00000166411",1,"IDH3A"
"ENSG00000166435",1,"XRRA1"
"ENSG00000166441",1,"RPL27A"
"ENSG00000166444",1,"DENND2B"
"ENSG00000166532",1,"RIMKLB"
"ENSG00000166546",1,"BEAN1"
"ENSG00000166558",1,"SLC38A8"
"ENSG00000166579",1,"NDEL1"
"ENSG00000166676",1,"TVP23A"
"ENSG00000166693",1,"OR5M13P"
"ENSG00000166710",1,"B2M"
"ENSG00000166736",1,"HTR3A"
"ENSG00000166762",1,"CATSPER2"
"ENSG00000166780",1,"BMERB1"
"ENSG00000166793",1,"YPEL4"
"ENSG00000166866",1,"MYO1A"
"ENSG00000166888",1,"STAT6"
"ENSG00000166922",1,"SCG5"
"ENSG00000166926",1,"MS4A6E"
"ENSG00000166927",1,"MS4A7"
"ENSG00000166960",1,"CCDC178"
"ENSG00000166961",1,"MS4A15"
"ENSG00000166971",1,"AKTIP"
"ENSG00000166986",1,"MARS1"
"ENSG00000166987",1,"MBD6"
"ENSG00000167098",1,"SUN5"
"ENSG00000167139",1,"TBC1D21"
"ENSG00000167173",1,"C15orf39"
"ENSG00000167178",1,"ISLR2"
"ENSG00000167191",1,"GPRC5B"
"ENSG00000167194",1,"C16orf92"
"ENSG00000167208",1,"SNX20"
"ENSG00000167232",1,"ZNF91"
"ENSG00000167286",1,"CD3D"
"ENSG00000167302",1,"TEPSIN"
"ENSG00000167306",1,"MYO5B"
"ENSG00000167384",1,"ZNF180"
"ENSG00000167468",1,"GPX4"
"ENSG00000167483",1,"NIBAN3"
"ENSG00000167526",1,"RPL13"
"ENSG00000167528",1,"ZNF641"
"ENSG00000167632",1,"TRAPPC9"
"ENSG00000167644",1,"C19orf33"
"ENSG00000167645",1,"YIF1B"
"ENSG00000167646",1,"DNAAF3"
"ENSG00000167653",1,"PSCA"
"ENSG00000167674",1,"HDGFL2"
"ENSG00000167685",1,"ZNF444"
"ENSG00000167701",1,"GPT"
"ENSG00000167703",1,"SLC43A2"
"ENSG00000167716",1,"WDR81"
"ENSG00000167720",1,"SRR"
"ENSG00000167741",1,"GGT6"
"ENSG00000167755",1,"KLK6"
"ENSG00000167759",1,"KLK13"
"ENSG00000167768",1,"KRT1"
"ENSG00000167778",1,"SPRYD3"
"ENSG00000167798",1,"C3P1"
"ENSG00000167825",1,"OR5I1"
"ENSG00000167904",1,"TMEM68"
"ENSG00000167914",1,"GSDMA"
"ENSG00000167962",1,"ZNF598"
"ENSG00000168000",1,"BSCL2"
"ENSG00000168010",1,"ATG16L2"
"ENSG00000168016",1,"TRANK1"
"ENSG00000168038",1,"ULK4"
"ENSG00000168062",1,"BATF2"
"ENSG00000168096",1,"ANKS3"
"ENSG00000168129",1,"DHFRP3"
"ENSG00000168214",1,"RBPJ"
"ENSG00000168267",1,"PTF1A"
"ENSG00000168333",1,"PPDPFL"
"ENSG00000168385",1,"SEPTIN2"
"ENSG00000168386",1,"FILIP1L"
"ENSG00000168447",1,"SCNN1B"
"ENSG00000168454",1,"TXNDC2"
"ENSG00000168481",1,"LGI3"
"ENSG00000168487",1,"BMP1"
"ENSG00000168488",1,"ATXN2L"
"ENSG00000168502",1,"MTCL1"
"ENSG00000168546",1,"GFRA2"
"ENSG00000168615",1,"ADAM9"
"ENSG00000168621",1,"GDNF"
"ENSG00000168661",1,"ZNF30"
"ENSG00000168675",1,"LDLRAD4"
"ENSG00000168676",1,"KCTD19"
"ENSG00000168685",1,"IL7R"
"ENSG00000168724",1,"DNAJC21"
"ENSG00000168743",1,"NPNT"
"ENSG00000168769",1,"TET2"
"ENSG00000168778",1,"TCTN2"
"ENSG00000168785",1,"TSPAN5"
"ENSG00000168803",1,"ADAL"
"ENSG00000168811",1,"IL12A"
"ENSG00000168824",1,"NSG1"
"ENSG00000168918",1,"INPP5D"
"ENSG00000168955",1,"TM4SF20"
"ENSG00000168993",1,"CPLX1"
"ENSG00000168995",1,"SIGLEC7"
"ENSG00000169016",1,"E2F6"
"ENSG00000169026",1,"SLC49A3"
"ENSG00000169064",1,"ZBBX"
"ENSG00000169126",1,"ODAD2"
"ENSG00000169154",1,"GOT1L1"
"ENSG00000169169",1,"CPT1C"
"ENSG00000169174",1,"PCSK9"
"ENSG00000169180",1,"XPO6"
"ENSG00000169189",1,"NSMCE1"
"ENSG00000169194",1,"IL13"
"ENSG00000169228",1,"RAB24"
"ENSG00000169241",1,"SLC50A1"
"ENSG00000169253",1,"RPL36P14"
"ENSG00000169282",1,"KCNAB1"
"ENSG00000169288",1,"MRPL1"
"ENSG00000169325",1,"GUSBP12"
"ENSG00000169327",1,"OR5AU1"
"ENSG00000169340",1,"PDILT"
"ENSG00000169359",1,"SLC33A1"
"ENSG00000169372",1,"CRADD"
"ENSG00000169418",1,"NPR1"
"ENSG00000169427",1,"KCNK9"
"ENSG00000169439",1,"SDC2"
"ENSG00000169484",1,"OR4K14"
"ENSG00000169488",1,"OR4K15"
"ENSG00000169499",1,"PLEKHA2"
"ENSG00000169515",1,"CCDC8"
"ENSG00000169550",1,"MUC15"
"ENSG00000169567",1,"HINT1"
"ENSG00000169688",1,"MT1B"
"ENSG00000169696",1,"ASPSCR1"
"ENSG00000169727",1,"GPS1"
"ENSG00000169760",1,"NLGN1"
"ENSG00000169855",1,"ROBO1"
"ENSG00000169862",1,"CTNND2"
"ENSG00000169876",1,"MUC17"
"ENSG00000169946",1,"ZFPM2"
"ENSG00000169991",1,"IFFO2"
"ENSG00000169994",1,"MYO7B"
"ENSG00000170004",1,"CHD3"
"ENSG00000170049",1,"KCNAB3"
"ENSG00000170085",1,"SIMC1"
"ENSG00000170190",1,"SLC16A5"
"ENSG00000170214",1,"ADRA1B"
"ENSG00000170298",1,"LGALS9B"
"ENSG00000170312",1,"CDK1"
"ENSG00000170322",1,"NFRKB"
"ENSG00000170323",1,"FABP4"
"ENSG00000170345",1,"FOS"
"ENSG00000170390",1,"DCLK2"
"ENSG00000170412",1,"GPRC5C"
"ENSG00000170445",1,"HARS1"
"ENSG00000170448",1,"NFXL1"
"ENSG00000170464",1,"DNAJC18"
"ENSG00000170477",1,"KRT4"
"ENSG00000170516",1,"COX7B2"
"ENSG00000170525",1,"PFKFB3"
"ENSG00000170545",1,"SMAGP"
"ENSG00000170579",1,"DLGAP1"
"ENSG00000170605",1,"OR9K2"
"ENSG00000170653",1,"ATF7"
"ENSG00000170703",1,"TTLL6"
"ENSG00000170788",1,"DYDC1"
"ENSG00000170819",1,"BFSP2"
"ENSG00000170836",1,"PPM1D"
"ENSG00000170899",1,"GSTA4"
"ENSG00000170909",1,"OSCAR"
"ENSG00000170920",1,"OR7G3"
"ENSG00000170953",1,"OR8B12"
"ENSG00000170959",1,"DCDC1"
"ENSG00000171004",1,"HS6ST2"
"ENSG00000171014",1,"OR4D5"
"ENSG00000171017",1,"LRRC8E"
"ENSG00000171094",1,"ALK"
"ENSG00000171100",1,"MTM1"
"ENSG00000171124",1,"FUT3"
"ENSG00000171136",1,"RLN3"
"ENSG00000171204",1,"TMEM126B"
"ENSG00000171209",1,"CSN3"
"ENSG00000171219",1,"CDC42BPG"
"ENSG00000171262",1,"FAM98B"
"ENSG00000171291",1,"ZNF439"
"ENSG00000171346",1,"KRT15"
"ENSG00000171396",1,"KRTAP4-4"
"ENSG00000171428",1,"NAT1"
"ENSG00000171446",1,"KRT27"
"ENSG00000171459",1,"OR1L6"
"ENSG00000171492",1,"LRRC8D"
"ENSG00000171495",1,"MROH2B"
"ENSG00000171503",1,"ETFDH"
"ENSG00000171509",1,"RXFP1"
"ENSG00000171560",1,"FGA"
"ENSG00000171564",1,"FGB"
"ENSG00000171595",1,"DNAI2"
"ENSG00000171631",1,"P2RY6"
"ENSG00000171643",1,"S100Z"
"ENSG00000171657",1,"GPR82"
"ENSG00000171711",1,"DEFB4A"
"ENSG00000171735",1,"CAMTA1"
"ENSG00000171757",1,"LRRC34"
"ENSG00000171804",1,"WDR87"
"ENSG00000171862",1,"PTEN"
"ENSG00000171885",1,"AQP4"
"ENSG00000171903",1,"CYP4F11"
"ENSG00000171916",1,"LGALS9C"
"ENSG00000171942",1,"OR10H2"
"ENSG00000171944",1,"OR52A5"
"ENSG00000172009",1,"THOP1"
"ENSG00000172057",1,"ORMDL3"
"ENSG00000172062",1,"SMN1"
"ENSG00000172115",1,"CYCS"
"ENSG00000172139",1,"SLC9C1"
"ENSG00000172146",1,"OR1A1"
"ENSG00000172150",1,"OR1A2"
"ENSG00000172154",1,"OR8I2"
"ENSG00000172156",1,"CCL11"
"ENSG00000172172",1,"MRPL13"
"ENSG00000172179",1,"PRL"
"ENSG00000172183",1,"ISG20"
"ENSG00000172199",1,"OR8U1"
"ENSG00000172208",1,"OR4X2"
"ENSG00000172236",1,"TPSAB1"
"ENSG00000172243",1,"CLEC7A"
"ENSG00000172409",1,"CLP1"
"ENSG00000172421",1,"EFCAB3"
"ENSG00000172432",1,"GTPBP2"
"ENSG00000172456",1,"FGGY"
"ENSG00000172459",1,"OR5AR1"
"ENSG00000172464",1,"OR5AP2"
"ENSG00000172478",1,"MAB21L4"
"ENSG00000172489",1,"OR5T3"
"ENSG00000172519",1,"OR10H5"
"ENSG00000172530",1,"BANP"
"ENSG00000172538",1,"FAM170B"
"ENSG00000172551",1,"MUCL1"
"ENSG00000172575",1,"RASGRP1"
"ENSG00000172602",1,"RND1"
"ENSG00000172638",1,"EFEMP2"
"ENSG00000172716",1,"SLFN11"
"ENSG00000172732",1,"MUS81"
"ENSG00000172742",1,"OR4D9"
"ENSG00000172765",1,"TMCC1"
"ENSG00000172769",1,"OR5B3"
"ENSG00000172772",1,"OR10W1"
"ENSG00000172780",1,"RAB43"
"ENSG00000172785",1,"ZNG1A"
"ENSG00000172818",1,"OVOL1"
"ENSG00000172867",1,"KRT2"
"ENSG00000172869",1,"DMXL1"
"ENSG00000172901",1,"LVRN"
"ENSG00000172922",1,"RNASEH2C"
"ENSG00000172932",1,"ANKRD13D"
"ENSG00000172938",1,"MRGPRD"
"ENSG00000172955",1,"ADH6"
"ENSG00000173137",1,"ADCK5"
"ENSG00000173264",1,"GPR137"
"ENSG00000173273",1,"TNKS"
"ENSG00000173369",1,"C1QB"
"ENSG00000173372",1,"C1QA"
"ENSG00000173376",1,"NDNF"
"ENSG00000173406",1,"DAB1"
"ENSG00000173511",1,"VEGFB"
"ENSG00000173559",1,"NABP1"
"ENSG00000173572",1,"NLRP13"
"ENSG00000173578",1,"XCR1"
"ENSG00000173588",1,"CEP83"
"ENSG00000173673",1,"HES3"
"ENSG00000173678",1,"SPDYE2B"
"ENSG00000173679",1,"OR1L1"
"ENSG00000173692",1,"PSMD1"
"ENSG00000173702",1,"MUC13"
"ENSG00000173762",1,"CD7"
"ENSG00000173838",1,"MARCHF10"
"ENSG00000173852",1,"DPY19L1"
"ENSG00000173868",1,"PHOSPHO1"
"ENSG00000173950",1,"XXYLT1"
"ENSG00000173954",1,"SNURFL"
"ENSG00000174015",1,"CBY2"
"ENSG00000174016",1,"TENT5D"
"ENSG00000174123",1,"TLR10"
"ENSG00000174156",1,"GSTA3"
"ENSG00000174227",1,"PIGG"
"ENSG00000174243",1,"DDX23"
"ENSG00000174276",1,"ZNHIT2"
"ENSG00000174279",1,"EVX2"
"ENSG00000174348",1,"PODN"
"ENSG00000174405",1,"LIG4"
"ENSG00000174408",1,"PPIAP24"
"ENSG00000174418",1,"RPL35P9"
"ENSG00000174502",1,"SLC26A9"
"ENSG00000174562",1,"KLK15"
"ENSG00000174667",1,"OR7D4"
"ENSG00000174680",1,"GRIK1-AS1"
"ENSG00000174718",1,"RESF1"
"ENSG00000174775",1,"HRAS"
"ENSG00000174844",1,"DNAH12"
"ENSG00000174914",1,"OR9G1"
"ENSG00000174938",1,"SEZ6L2"
"ENSG00000174950",1,"CD164L2"
"ENSG00000174957",1,"OR5J2"
"ENSG00000174970",1,"OR10AG1"
"ENSG00000174996",1,"KLC2"
"ENSG00000175018",1,"TEX36"
"ENSG00000175048",1,"ZDHHC14"
"ENSG00000175143",1,"OR2T1"
"ENSG00000175170",1,"FAM182B"
"ENSG00000175216",1,"CKAP5"
"ENSG00000175262",1,"C1orf127"
"ENSG00000175265",1,"GOLGA8A"
"ENSG00000175274",1,"TP53I11"
"ENSG00000175294",1,"CATSPER1"
"ENSG00000175325",1,"PROP1"
"ENSG00000175329",1,"ISX"
"ENSG00000175398",1,"OR10P1"
"ENSG00000175445",1,"LPL"
"ENSG00000175449",1,"RFESD"
"ENSG00000175497",1,"DPP10"
"ENSG00000175509",1,"ACRP1"
"ENSG00000175536",1,"LIPT2"
"ENSG00000175544",1,"CABP4"
"ENSG00000175548",1,"ALG10B"
"ENSG00000175556",1,"LONRF3"
"ENSG00000175595",1,"ERCC4"
"ENSG00000175619",1,"OR4B1"
"ENSG00000175676",1,"GOLGA8DP"
"ENSG00000175806",1,"MSRA"
"ENSG00000175946",1,"KLHL38"
"ENSG00000176040",1,"TMPRSS7"
"ENSG00000176092",1,"CRYBG2"
"ENSG00000176095",1,"IP6K1"
"ENSG00000176108",1,"CHMP6"
"ENSG00000176125",1,"UFSP1"
"ENSG00000176153",1,"GPX2"
"ENSG00000176177",1,"ENTHD1"
"ENSG00000176194",1,"CIDEA"
"ENSG00000176200",1,"OR4D11"
"ENSG00000176225",1,"RTTN"
"ENSG00000176230",1,"OR4K17"
"ENSG00000176231",1,"OR10H4"
"ENSG00000176243",1,"CDV3P1"
"ENSG00000176246",1,"OR4L1"
"ENSG00000176253",1,"OR4K13"
"ENSG00000176256",1,"HMGB4"
"ENSG00000176281",1,"OR4K5"
"ENSG00000176290",1,"OR4K3"
"ENSG00000176312",1,"OR4H12P"
"ENSG00000176381",1,"PRR18"
"ENSG00000176383",1,"B3GNT4"
"ENSG00000176390",1,"CRLF3"
"ENSG00000176438",1,"SYNE3"
"ENSG00000176490",1,"DIRAS1"
"ENSG00000176495",1,"OR5AN1"
"ENSG00000176515",1,"ENSG00000176515"
"ENSG00000176540",1,"OR4C5"
"ENSG00000176542",1,"USF3"
"ENSG00000176547",1,"OR4C3"
"ENSG00000176567",1,"OR4X1"
"ENSG00000176605",1,"LINC02914"
"ENSG00000176658",1,"MYO1D"
"ENSG00000176681",1,"LRRC37A"
"ENSG00000176695",1,"OR4F17"
"ENSG00000176731",1,"RBIS"
"ENSG00000176742",1,"OR51V1"
"ENSG00000176748",1,"OR52Z1P"
"ENSG00000176752",1,"OR51A1P"
"ENSG00000176769",1,"TCERG1L"
"ENSG00000176774",1,"MAGEB18"
"ENSG00000176787",1,"OR52E2"
"ENSG00000176788",1,"BASP1"
"ENSG00000176798",1,"OR51L1"
"ENSG00000176812",1,"METTL1P1"
"ENSG00000176840",1,"MIR7-3HG"
"ENSG00000176871",1,"WSB2"
"ENSG00000176893",1,"OR51G2"
"ENSG00000176900",1,"OR51T1"
"ENSG00000176923",1,"OR7A15P"
"ENSG00000176925",1,"OR51F2"
"ENSG00000176927",1,"EFCAB5"
"ENSG00000176951",1,"OR51N1P"
"ENSG00000177098",1,"SCN4B"
"ENSG00000177174",1,"OR14C36"
"ENSG00000177189",1,"RPS6KA3"
"ENSG00000177233",1,"OR2M1P"
"ENSG00000177239",1,"MAN1B1"
"ENSG00000177335",1,"LINC02904"
"ENSG00000177337",1,"DLGAP1-AS1"
"ENSG00000177338",1,"LINC00469"
"ENSG00000177400",1,"OR7E8P"
"ENSG00000177425",1,"PAWR"
"ENSG00000177463",1,"NR2C2"
"ENSG00000177476",1,"OR2G3"
"ENSG00000177479",1,"ARIH2"
"ENSG00000177489",1,"OR2G2"
"ENSG00000177504",1,"VCX2"
"ENSG00000177575",1,"CD163"
"ENSG00000177596",1,"ENSG00000177596"
"ENSG00000177606",1,"JUN"
"ENSG00000177627",1,"C12orf54"
"ENSG00000177666",1,"PNPLA2"
"ENSG00000177685",1,"CRACR2B"
"ENSG00000177689",1,"MAGEB10"
"ENSG00000177728",1,"TMEM94"
"ENSG00000177738",1,"ANXA2R-OT1"
"ENSG00000177873",1,"ZNF619"
"ENSG00000177885",1,"GRB2"
"ENSG00000177994",1,"C2orf73"
"ENSG00000178130",1,"FAM27E5"
"ENSG00000178171",1,"AMER3"
"ENSG00000178175",1,"ZNF366"
"ENSG00000178187",1,"ZNF454"
"ENSG00000178199",1,"ZC3H12D"
"ENSG00000178217",1,"SH2D4B"
"ENSG00000178279",1,"TNP2"
"ENSG00000178287",1,"SPAG11A"
"ENSG00000178395",1,"CCDC185"
"ENSG00000178397",1,"FAM220A"
"ENSG00000178457",1,"LINC00314"
"ENSG00000178473",1,"UCN3"
"ENSG00000178562",1,"CD28"
"ENSG00000178596",1,"GAPDHP29"
"ENSG00000178607",1,"ERN1"
"ENSG00000178685",1,"PARP10"
"ENSG00000178694",1,"NSUN3"
"ENSG00000178719",1,"GRINA"
"ENSG00000178734",1,"LMO7DN"
"ENSG00000178762",1,"H2BC2P"
"ENSG00000178795",1,"GDPD4"
"ENSG00000178802",1,"MPI"
"ENSG00000178828",1,"RNF186"
"ENSG00000178836",1,"ENSG00000178836"
"ENSG00000178882",1,"RFLNA"
"ENSG00000178950",1,"GAK"
"ENSG00000179134",1,"SAMD4B"
"ENSG00000179142",1,"CYP11B2"
"ENSG00000179170",1,"OR7E97P"
"ENSG00000179304",1,"FAM156B"
"ENSG00000179344",1,"HLA-DQB1"
"ENSG00000179364",1,"PACS2"
"ENSG00000179381",1,"OR4K11P"
"ENSG00000179397",1,"CATSPERE"
"ENSG00000179406",1,"LINC00174"
"ENSG00000179407",1,"DNAJB8"
"ENSG00000179443",1,"OR13C6P"
"ENSG00000179456",1,"ZBTB18"
"ENSG00000179460",1,"EEF1A1P27"
"ENSG00000179577",1,"ENSG00000179577"
"ENSG00000179588",1,"ZFPM1"
"ENSG00000179600",1,"GPHB5"
"ENSG00000179603",1,"GRM8"
"ENSG00000179604",1,"CDC42EP4"
"ENSG00000179615",1,"OR2AP1"
"ENSG00000179639",1,"FCER1A"
"ENSG00000179695",1,"OR6C2"
"ENSG00000179817",1,"MRGPRX4"
"ENSG00000179869",1,"ABCA13"
"ENSG00000179873",1,"NLRP11"
"ENSG00000179919",1,"OR10A7"
"ENSG00000179922",1,"ZNF784"
"ENSG00000179943",1,"FIZ1"
"ENSG00000179954",1,"SSC5D"
"ENSG00000179981",1,"TSHZ1"
"ENSG00000180061",1,"TMEM150B"
"ENSG00000180066",1,"LINC02870"
"ENSG00000180083",1,"WFDC11"
"ENSG00000180090",1,"OR3A1"
"ENSG00000180150",1,"HMGN2P9"
"ENSG00000180172",1,"RPS12P23"
"ENSG00000180182",1,"MED14"
"ENSG00000180210",1,"F2"
"ENSG00000180228",1,"PRKRA"
"ENSG00000180230",1,"NACAP2"
"ENSG00000180264",1,"ADGRD2"
"ENSG00000180287",1,"PLD5"
"ENSG00000180316",1,"PNPLA1"
"ENSG00000180386",1,"KRTAP9-7"
"ENSG00000180433",1,"OR6K6"
"ENSG00000180438",1,"TPRXL"
"ENSG00000180475",1,"OR10Q1"
"ENSG00000180488",1,"MIGA1"
"ENSG00000180539",1,"LINC02908"
"ENSG00000180644",1,"PRF1"
"ENSG00000180663",1,"VN1R3"
"ENSG00000180708",1,"OR10K2"
"ENSG00000180723",1,"OR51A9P"
"ENSG00000180777",1,"ANKRD30B"
"ENSG00000180926",1,"OR7E18P"
"ENSG00000181009",1,"OR52N5"
"ENSG00000181031",1,"RPH3AL"
"ENSG00000181036",1,"FCRL6"
"ENSG00000181038",1,"METTL23"
"ENSG00000181085",1,"MAPK15"
"ENSG00000181092",1,"ADIPOQ"
"ENSG00000181101",1,"ENTR1P2"
"ENSG00000181143",1,"MUC16"
"ENSG00000181214",1,"OR8G2P"
"ENSG00000181282",1,"OR5AK3P"
"ENSG00000181296",1,"OR5G1P"
"ENSG00000181325",1,"OR9G3P"
"ENSG00000181359",1,"HSP90AA6P"
"ENSG00000181371",1,"OR5M8"
"ENSG00000181374",1,"CCL13"
"ENSG00000181381",1,"DDX60L"
"ENSG00000181514",1,"ENSG00000181514"
"ENSG00000181616",1,"OR52H1"
"ENSG00000181698",1,"OR5T1"
"ENSG00000181705",1,"ENSG00000181705"
"ENSG00000181718",1,"OR5T2"
"ENSG00000181733",1,"OR2Z1"
"ENSG00000181752",1,"OR8K5"
"ENSG00000181761",1,"OR8H3"
"ENSG00000181780",1,"OR5J1P"
"ENSG00000181786",1,"ACTL9"
"ENSG00000181803",1,"OR6S1"
"ENSG00000181819",1,"KCTD9P2"
"ENSG00000181826",1,"RELL1"
"ENSG00000181827",1,"RFX7"
"ENSG00000181837",1,"OR5D17P"
"ENSG00000181847",1,"TIGIT"
"ENSG00000181852",1,"RNF41"
"ENSG00000181867",1,"FTMT"
"ENSG00000181903",1,"OR4C6"
"ENSG00000181915",1,"ADO"
"ENSG00000181938",1,"GINS3"
"ENSG00000181939",1,"OR4C15"
"ENSG00000181943",1,"OR4A21P"
"ENSG00000181958",1,"OR4A15"
"ENSG00000181961",1,"OR4A16"
"ENSG00000182035",1,"ADIG"
"ENSG00000182083",1,"OR6B2"
"ENSG00000182107",1,"TMEM30B"
"ENSG00000182132",1,"KCNIP1"
"ENSG00000182150",1,"ERCC6L2"
"ENSG00000182165",1,"TP53TG1"
"ENSG00000182173",1,"TSEN54"
"ENSG00000182196",1,"ARL6IP4"
"ENSG00000182199",1,"SHMT2"
"ENSG00000182220",1,"ATP6AP2"
"ENSG00000182272",1,"B4GALNT4"
"ENSG00000182365",1,"OR5F2P"
"ENSG00000182366",1,"FAM87A"
"ENSG00000182372",1,"CLN8"
"ENSG00000182477",1,"OR2B8P"
"ENSG00000182511",1,"FES"
"ENSG00000182545",1,"RNASE10"
"ENSG00000182557",1,"SPNS3"
"ENSG00000182565",1,"OR4C2P"
"ENSG00000182600",1,"SNORC"
"ENSG00000182601",1,"HS3ST4"
"ENSG00000182606",1,"TRAK1"
"ENSG00000182613",1,"OR2V2"
"ENSG00000182634",1,"OR10G7"
"ENSG00000182718",1,"ANXA2"
"ENSG00000182814",1,"FUNDC2P2"
"ENSG00000182816",1,"KRTAP13-2"
"ENSG00000182872",1,"RBM10"
"ENSG00000182896",1,"TMEM95"
"ENSG00000182898",1,"TCHHL1"
"ENSG00000182921",1,"GPATCH11P1"
"ENSG00000182957",1,"SPATA13"
"ENSG00000182965",1,"NPM1P14"
"ENSG00000182985",1,"CADM1"
"ENSG00000183020",1,"AP2A2"
"ENSG00000183022",1,"TPM3P8"
"ENSG00000183023",1,"SLC8A1"
"ENSG00000183092",1,"BEGAIN"
"ENSG00000183242",1,"WT1-AS"
"ENSG00000183249",1,"NF1P3"
"ENSG00000183269",1,"OR52E8"
"ENSG00000183304",1,"FAM9A"
"ENSG00000183318",1,"SPDYE4"
"ENSG00000183337",1,"BCOR"
"ENSG00000183379",1,"SYNDIG1L"
"ENSG00000183463",1,"URAD"
"ENSG00000183560",1,"IZUMO1R"
"ENSG00000183569",1,"SERHL2"
"ENSG00000183586",1,"HMGN3P1"
"ENSG00000183607",1,"GKN2"
"ENSG00000183625",1,"CCR3"
"ENSG00000183640",1,"KRTAP8-1"
"ENSG00000183662",1,"TAFA1"
"ENSG00000183668",1,"PSG9"
"ENSG00000183674",1,"LINC00518"
"ENSG00000183704",1,"SLC9B1P1"
"ENSG00000183722",1,"LHFPL6"
"ENSG00000183844",1,"FAM3B"
"ENSG00000183873",1,"SCN5A"
"ENSG00000183876",1,"ARSI"
"ENSG00000183918",1,"SH2D1A"
"ENSG00000183938",1,"TRBV21OR9-2"
"ENSG00000184014",1,"DENND5A"
"ENSG00000184022",1,"OR2T10"
"ENSG00000184058",1,"TBX1"
"ENSG00000184140",1,"OR4F6"
"ENSG00000184148",1,"SPRR4"
"ENSG00000184155",1,"OR10J5"
"ENSG00000184166",1,"OR1D2"
"ENSG00000184226",1,"PCDH9"
"ENSG00000184276",1,"DEFB108B"
"ENSG00000184293",1,"CLECL1P"
"ENSG00000184313",1,"MROH7"
"ENSG00000184374",1,"COLEC10"
"ENSG00000184381",1,"PLA2G6"
"ENSG00000184428",1,"TOP1MT"
"ENSG00000184459",1,"BPIFC"
"ENSG00000184478",1,"OR56A3"
"ENSG00000184507",1,"NUTM1"
"ENSG00000184515",1,"BEX5"
"ENSG00000184566",1,"ENSG00000184566"
"ENSG00000184634",1,"MED12"
"ENSG00000184659",1,"FOXD4L4"
"ENSG00000184814",1,"PRR23B"
"ENSG00000184828",1,"ZBTB7C"
"ENSG00000184856",1,"LINC00308"
"ENSG00000184867",1,"ARMCX2"
"ENSG00000184897",1,"H1-10"
"ENSG00000184908",1,"CLCNKB"
"ENSG00000184925",1,"LCN12"
"ENSG00000184954",1,"OR6C70"
"ENSG00000184956",1,"MUC6"
"ENSG00000184986",1,"TMEM121"
"ENSG00000184988",1,"TMEM106A"
"ENSG00000184992",1,"BRI3BP"
"ENSG00000184999",1,"SLC22A10"
"ENSG00000185013",1,"NT5C1B"
"ENSG00000185033",1,"SEMA4B"
"ENSG00000185069",1,"KRT76"
"ENSG00000185070",1,"FLRT2"
"ENSG00000185100",1,"ADSS1"
"ENSG00000185101",1,"ANO9"
"ENSG00000185187",1,"SIGIRR"
"ENSG00000185215",1,"TNFAIP2"
"ENSG00000185231",1,"MC2R"
"ENSG00000185262",1,"UBALD2"
"ENSG00000185264",1,"TEX33"
"ENSG00000185303",1,"SFTPA2"
"ENSG00000185313",1,"SCN10A"
"ENSG00000185324",1,"CDK10"
"ENSG00000185332",1,"TMEM105"
"ENSG00000185372",1,"OR2V1"
"ENSG00000185385",1,"OR7A17"
"ENSG00000185404",1,"SP140L"
"ENSG00000185479",1,"KRT6B"
"ENSG00000185513",1,"L3MBTL1"
"ENSG00000185596",1,"WASH3P"
"ENSG00000185631",1,"RPL14P6"
"ENSG00000185681",1,"MORN5"
"ENSG00000185701",1,"OR5M5P"
"ENSG00000185728",1,"YTHDF3"
"ENSG00000185774",1,"KCNIP4"
"ENSG00000185821",1,"OR6C76"
"ENSG00000185825",1,"BCAP31"
"ENSG00000185829",1,"ARL17A"
"ENSG00000185842",1,"DNAH14"
"ENSG00000185860",1,"CCDC190"
"ENSG00000185863",1,"TMEM210"
"ENSG00000185864",1,"NPIPB4"
"ENSG00000185883",1,"ATP6V0C"
"ENSG00000185897",1,"FFAR3"
"ENSG00000185900",1,"POMK"
"ENSG00000185904",1,"LINC00839"
"ENSG00000185966",1,"LCE3E"
"ENSG00000185973",1,"TMLHE"
"ENSG00000186038",1,"HTR3E"
"ENSG00000186073",1,"CDIN1"
"ENSG00000186074",1,"CD300LF"
"ENSG00000186075",1,"ZPBP2"
"ENSG00000186086",1,"NBPF6"
"ENSG00000186090",1,"HTR3D"
"ENSG00000186111",1,"PIP5K1C"
"ENSG00000186113",1,"OR5D14"
"ENSG00000186115",1,"CYP4F2"
"ENSG00000186143",1,"PRR30"
"ENSG00000186152",1,"LILRP1"
"ENSG00000186163",1,"PRSS59P"
"ENSG00000186184",1,"POLR1D"
"ENSG00000186188",1,"FFAR4"
"ENSG00000186191",1,"BPIFB4"
"ENSG00000186268",1,"OR10D4P"
"ENSG00000186281",1,"GPAT2"
"ENSG00000186306",1,"OR10T2"
"ENSG00000186334",1,"SLC36A3"
"ENSG00000186350",1,"RXRA"
"ENSG00000186393",1,"KRT26"
"ENSG00000186407",1,"CD300E"
"ENSG00000186409",1,"CCDC30"
"ENSG00000186417",1,"GLDN"
"ENSG00000186440",1,"OR6P1"
"ENSG00000186458",1,"DEFB132"
"ENSG00000186481",1,"ANKRD20A5P"
"ENSG00000186493",1,"IRX2-DT"
"ENSG00000186508",1,"OR9I2P"
"ENSG00000186509",1,"OR9Q1"
"ENSG00000186513",1,"OR9Q2"
"ENSG00000186594",1,"MIR22HG"
"ENSG00000186678",1,"ENSG00000186678"
"ENSG00000186687",1,"LYRM7"
"ENSG00000186723",1,"OR10H1"
"ENSG00000186732",1,"MPPED1"
"ENSG00000186788",1,"SPATA31D3"
"ENSG00000186812",1,"ZNF397"
"ENSG00000186815",1,"TPCN1"
"ENSG00000186832",1,"KRT16"
"ENSG00000186844",1,"LCE1A"
"ENSG00000186854",1,"TRABD2A"
"ENSG00000186860",1,"KRTAP17-1"
"ENSG00000186924",1,"KRTAP22-1"
"ENSG00000186925",1,"KRTAP19-6"
"ENSG00000186930",1,"KRTAP6-2"
"ENSG00000186965",1,"KRTAP19-2"
"ENSG00000186970",1,"KRTAP15-1"
"ENSG00000186971",1,"KRTAP13-4"
"ENSG00000186998",1,"EMID1"
"ENSG00000187005",1,"KRTAP21-1"
"ENSG00000187049",1,"TMEM216"
"ENSG00000187094",1,"CCK"
"ENSG00000187098",1,"MITF"
"ENSG00000187103",1,"FUNDC2P3"
"ENSG00000187123",1,"LYPD6"
"ENSG00000187172",1,"BAGE2"
"ENSG00000187173",1,"LCE2A"
"ENSG00000187243",1,"MAGED4B"
"ENSG00000187288",1,"CIDEC"
"ENSG00000187323",1,"DCC"
"ENSG00000187398",1,"LUZP2"
"ENSG00000187416",1,"LHFPL3"
"ENSG00000187531",1,"SIRT7"
"ENSG00000187533",1,"PRR27"
"ENSG00000187546",1,"AGMO"
"ENSG00000187607",1,"ZNF286A"
"ENSG00000187630",1,"DHRS4L2"
"ENSG00000187721",1,"GTF2IP3"
"ENSG00000187730",1,"GABRD"
"ENSG00000187736",1,"NHEJ1"
"ENSG00000187764",1,"SEMA4D"
"ENSG00000187790",1,"FANCM"
"ENSG00000187806",1,"TMEM202"
"ENSG00000187857",1,"OR6C75"
"ENSG00000187900",1,"OR5H7P"
"ENSG00000187902",1,"SHISA7"
"ENSG00000187954",1,"ZFTRAF1"
"ENSG00000187969",1,"ZCCHC13"
"ENSG00000187988",1,"KCTD9P3"
"ENSG00000187997",1,"C17orf99"
"ENSG00000188011",1,"RTP5"
"ENSG00000188070",1,"ZFTA"
"ENSG00000188078",1,"ENSG00000188078"
"ENSG00000188101",1,"ALOX15P2"
"ENSG00000188175",1,"HEPACAM2"
"ENSG00000188227",1,"ZNF793"
"ENSG00000188263",1,"IL17REL"
"ENSG00000188314",1,"OR7D1P"
"ENSG00000188373",1,"GPR15LG"
"ENSG00000188403",1,"IGHV1OR15-9"
"ENSG00000188408",1,"MAGEB5"
"ENSG00000188438",1,"DEFB108F"
"ENSG00000188439",1,"OR4P1P"
"ENSG00000188488",1,"SERPINA5"
"ENSG00000188525",1,"ENSG00000188525"
"ENSG00000188536",1,"HBA2"
"ENSG00000188558",1,"OR2G6"
"ENSG00000188582",1,"PAQR9"
"ENSG00000188655",1,"RNASE9"
"ENSG00000188676",1,"IDO2"
"ENSG00000188677",1,"PARVB"
"ENSG00000188681",1,"TEKT4P2"
"ENSG00000188691",1,"OR56A5"
"ENSG00000188694",1,"KRTAP24-1"
"ENSG00000188784",1,"PLA2G2E"
"ENSG00000188800",1,"TMCO2"
"ENSG00000188817",1,"SNTN"
"ENSG00000188976",1,"NOC2L"
"ENSG00000188993",1,"LRRC66"
"ENSG00000188994",1,"ZNF292"
"ENSG00000189132",1,"FAM47B"
"ENSG00000189139",1,"FSCB"
"ENSG00000189143",1,"CLDN4"
"ENSG00000189159",1,"JPT1"
"ENSG00000189166",1,"TNRC18P3"
"ENSG00000189182",1,"KRT77"
"ENSG00000189195",1,"BTBD8"
"ENSG00000189252",1,"SPANXN3"
"ENSG00000189266",1,"PNRC2"
"ENSG00000189275",1,"LINC01164"
"ENSG00000189295",1,"ANKRD62P1-PARP4P3"
"ENSG00000189350",1,"TOGARAM2"
"ENSG00000194717",1,"MIR494"
"ENSG00000196085",1,"SMIM7P1"
"ENSG00000196099",1,"OR6M1"
"ENSG00000196109",1,"ZNF676"
"ENSG00000196119",1,"OR8A1"
"ENSG00000196154",1,"S100A4"
"ENSG00000196171",1,"OR6K2"
"ENSG00000196228",1,"SULT1C3"
"ENSG00000196242",1,"OR2C3"
"ENSG00000196248",1,"OR10S1"
"ENSG00000196301",1,"HLA-DRB9"
"ENSG00000196329",1,"GIMAP5"
"ENSG00000196341",1,"OR8D1"
"ENSG00000196350",1,"ZNF729"
"ENSG00000196353",1,"CPNE4"
"ENSG00000196361",1,"ELAVL3"
"ENSG00000196383",1,"OR4Q2"
"ENSG00000196390",1,"ENSG00000196390"
"ENSG00000196427",1,"NBPF4"
"ENSG00000196459",1,"TRAPPC2"
"ENSG00000196482",1,"ESRRG"
"ENSG00000196497",1,"IPO4"
"ENSG00000196531",1,"NACA"
"ENSG00000196535",1,"MYO18A"
"ENSG00000196547",1,"MAN2A2"
"ENSG00000196549",1,"MME"
"ENSG00000196557",1,"CACNA1H"
"ENSG00000196569",1,"LAMA2"
"ENSG00000196586",1,"MYO6"
"ENSG00000196588",1,"MRTFA"
"ENSG00000196611",1,"MMP1"
"ENSG00000196632",1,"WNK3"
"ENSG00000196642",1,"RABL6"
"ENSG00000196653",1,"ZNF502"
"ENSG00000196712",1,"NF1"
"ENSG00000196730",1,"DAPK1"
"ENSG00000196758",1,"LINC02991"
"ENSG00000196778",1,"OR52K1"
"ENSG00000196832",1,"OR11G2"
"ENSG00000196839",1,"ADA"
"ENSG00000196876",1,"SCN8A"
"ENSG00000196893",1,"ENSG00000196893"
"ENSG00000196922",1,"ZNF252P"
"ENSG00000196946",1,"ZNF705A"
"ENSG00000196975",1,"ANXA4"
"ENSG00000197046",1,"SIGLEC15"
"ENSG00000197063",1,"MAFG"
"ENSG00000197111",1,"PCBP2"
"ENSG00000197123",1,"ZNF679"
"ENSG00000197125",1,"OR8B8"
"ENSG00000197134",1,"ZNF257"
"ENSG00000197142",1,"ACSL5"
"ENSG00000197161",1,"OR4C4P"
"ENSG00000197168",1,"NEK5"
"ENSG00000197172",1,"MAGEA6"
"ENSG00000197233",1,"OR1J2"
"ENSG00000197249",1,"SERPINA1"
"ENSG00000197253",1,"TPSB2"
"ENSG00000197309",1,"OR10D3"
"ENSG00000197321",1,"SVIL"
"ENSG00000197323",1,"TRIM33"
"ENSG00000197364",1,"S100A7L2"
"ENSG00000197386",1,"HTT"
"ENSG00000197403",1,"OR6N1"
"ENSG00000197437",1,"OR13G1"
"ENSG00000197442",1,"MAP3K5"
"ENSG00000197475",1,"ADAM3A"
"ENSG00000197476",1,"ENSG00000197476"
"ENSG00000197503",1,"LINC00477"
"ENSG00000197520",1,"FAM177B"
"ENSG00000197532",1,"OR6Y1"
"ENSG00000197540",1,"GZMM"
"ENSG00000197548",1,"ATG7"
"ENSG00000197562",1,"RAB40C"
"ENSG00000197563",1,"PIGN"
"ENSG00000197580",1,"BCO2"
"ENSG00000197585",1,"ENSG00000197585"
"ENSG00000197591",1,"OR11L1"
"ENSG00000197594",1,"ENPP1"
"ENSG00000197620",1,"EOLA1"
"ENSG00000197632",1,"SERPINB2"
"ENSG00000197651",1,"CCER1"
"ENSG00000197683",1,"KRTAP26-1"
"ENSG00000197768",1,"STPG3"
"ENSG00000197786",1,"OR5B17"
"ENSG00000197790",1,"OR52M1"
"ENSG00000197822",1,"OCLN"
"ENSG00000197847",1,"SLC22A20P"
"ENSG00000197849",1,"OR8G1"
"ENSG00000197866",1,"OR5M12P"
"ENSG00000197879",1,"MYO1C"
"ENSG00000197885",1,"NKIRAS1"
"ENSG00000197888",1,"UGT2B17"
"ENSG00000197891",1,"SLC22A12"
"ENSG00000197915",1,"HRNR"
"ENSG00000197943",1,"PLCG2"
"ENSG00000197969",1,"VPS13A"
"ENSG00000197990",1,"ZNF734P"
"ENSG00000198001",1,"IRAK4"
"ENSG00000198010",1,"DLGAP2"
"ENSG00000198022",1,"SAGE2P"
"ENSG00000198033",1,"TUBA3C"
"ENSG00000198046",1,"ZNF667"
"ENSG00000198049",1,"AVPR1B"
"ENSG00000198054",1,"DSCR8"
"ENSG00000198074",1,"AKR1B10"
"ENSG00000198083",1,"KRTAP9-9"
"ENSG00000198090",1,"KRTAP4-6"
"ENSG00000198099",1,"ADH4"
"ENSG00000198104",1,"OR2T6"
"ENSG00000198128",1,"OR2L3"
"ENSG00000198131",1,"ZNF544"
"ENSG00000198133",1,"TMEM229B"
"ENSG00000198160",1,"MIER1"
"ENSG00000198168",1,"SVIP"
"ENSG00000198198",1,"SZT2"
"ENSG00000198208",1,"RPS6KL1"
"ENSG00000198218",1,"QRICH1"
"ENSG00000198283",1,"OR5B21"
"ENSG00000198301",1,"SDAD1"
"ENSG00000198324",1,"PHETA1"
"ENSG00000198363",1,"ASPH"
"ENSG00000198367",1,"OR7A11P"
"ENSG00000198373",1,"WWP2"
"ENSG00000198393",1,"ZNF26"
"ENSG00000198440",1,"ZNF583"
"ENSG00000198452",1,"OR14L1P"
"ENSG00000198513",1,"ATL1"
"ENSG00000198515",1,"CNGA1"
"ENSG00000198517",1,"MAFK"
"ENSG00000198542",1,"ITGBL1"
"ENSG00000198604",1,"BAZ1A"
"ENSG00000198633",1,"ZNF534"
"ENSG00000198643",1,"FAM3D"
"ENSG00000198646",1,"NCOA6"
"ENSG00000198674",1,"OR10G6"
"ENSG00000198681",1,"MAGEA1"
"ENSG00000198689",1,"SLC9A6"
"ENSG00000198704",1,"GPX6"
"ENSG00000198707",1,"CEP290"
"ENSG00000198720",1,"ANKRD13B"
"ENSG00000198758",1,"EPS8L3"
"ENSG00000198759",1,"EGFL6"
"ENSG00000198765",1,"SYCP1"
"ENSG00000198771",1,"RCSD1"
"ENSG00000198807",1,"PAX9"
"ENSG00000198815",1,"FOXJ3"
"ENSG00000198824",1,"CHAMP1"
"ENSG00000198844",1,"ARHGEF15"
"ENSG00000198854",1,"C1orf68"
"ENSG00000198915",1,"RASGEF1A"
"ENSG00000198929",1,"NOS1AP"
"ENSG00000198954",1,"KIFBP"
"ENSG00000198965",1,"OR10R2"
"ENSG00000198972",1,"MIRLET7E"
"ENSG00000198974",1,"MIR30E"
"ENSG00000198984",1,"MIR345"
"ENSG00000198995",1,"MIR340"
"ENSG00000198997",1,"MIR107"
"ENSG00000199001",1,"MIR448"
"ENSG00000199005",1,"MIR370"
"ENSG00000199020",1,"MIR381"
"ENSG00000199035",1,"MIR103A1"
"ENSG00000199038",1,"MIR210"
"ENSG00000199047",1,"MIR378A"
"ENSG00000199051",1,"MIR361"
"ENSG00000199053",1,"MIR324"
"ENSG00000199059",1,"MIR135B"
"ENSG00000199065",1,"MIR101-2"
"ENSG00000199072",1,"MIRLET7F1"
"ENSG00000199075",1,"MIR26A1"
"ENSG00000199077",1,"MIR129-2"
"ENSG00000199082",1,"MIR342"
"ENSG00000199085",1,"MIR148A"
"ENSG00000199107",1,"MIR409"
"ENSG00000199121",1,"MIR26B"
"ENSG00000199122",1,"MIR148B"
"ENSG00000199127",1,"MIR383"
"ENSG00000199132",1,"MIR450A1"
"ENSG00000199135",1,"MIR101-1"
"ENSG00000199150",1,"MIRLET7G"
"ENSG00000199153",1,"MIR30D"
"ENSG00000199158",1,"MIR96"
"ENSG00000199168",1,"MIR374A"
"ENSG00000199177",1,"MIR31"
"ENSG00000199196",1,"ENSG00000199196"
"ENSG00000199203",1,"Y_RNA"
"ENSG00000199212",1,"RNU105C"
"ENSG00000199222",1,"Y_RNA"
"ENSG00000199246",1,"RNU6-896P"
"ENSG00000199260",1,"RNU6-874P"
"ENSG00000199276",1,"RNA5SP26"
"ENSG00000199279",1,"RNU6-661P"
"ENSG00000199286",1,"RNU6-1094P"
"ENSG00000199299",1,"RNA5SP430"
"ENSG00000199301",1,"RNU6-208P"
"ENSG00000199313",1,"RNU4-82P"
"ENSG00000199321",1,"ENSG00000199321"
"ENSG00000199322",1,"RNA5SP183"
"ENSG00000199326",1,"RNU6-1298P"
"ENSG00000199331",1,"Y_RNA"
"ENSG00000199335",1,"RNU6-204P"
"ENSG00000199349",1,"Y_RNA"
"ENSG00000199350",1,"RNA5SP432"
"ENSG00000199360",1,"RNU6-1115P"
"ENSG00000199361",1,"RNU1-150P"
"ENSG00000199364",1,"RNA5SP327"
"ENSG00000199368",1,"RNU6-1084P"
"ENSG00000199378",1,"Y_RNA"
"ENSG00000199407",1,"RNA5SP301"
"ENSG00000199410",1,"Y_RNA"
"ENSG00000199415",1,"RNA5SP370"
"ENSG00000199426",1,"RNU1-108P"
"ENSG00000199442",1,"Y_RNA"
"ENSG00000199444",1,"Y_RNA"
"ENSG00000199448",1,"RNU6-845P"
"ENSG00000199454",1,"RNA5SP388"
"ENSG00000199459",1,"Y_RNA"
"ENSG00000199466",1,"Y_RNA"
"ENSG00000199469",1,"RNU1-62P"
"ENSG00000199471",1,"Y_RNA"
"ENSG00000199483",1,"RNU4-15P"
"ENSG00000199488",1,"RNU1-70P"
"ENSG00000199492",1,"RNU6-1313P"
"ENSG00000199509",1,"RNA5SP477"
"ENSG00000199514",1,"RNU6-235P"
"ENSG00000199515",1,"Y_RNA"
"ENSG00000199520",1,"RNU6-386P"
"ENSG00000199523",1,"RNA5SP226"
"ENSG00000199525",1,"RNA5SP295"
"ENSG00000199536",1,"RNU6-315P"
"ENSG00000199562",1,"RNU6-37P"
"ENSG00000199564",1,"RNA5SP502"
"ENSG00000199568",1,"RNU5A-1"
"ENSG00000199572",1,"RNA5SP174"
"ENSG00000199577",1,"RNU6-822P"
"ENSG00000199580",1,"Y_RNA"
"ENSG00000199585",1,"RNA5SP119"
"ENSG00000199595",1,"Y_RNA"
"ENSG00000199601",1,"RNU6-562P"
"ENSG00000199620",1,"RNA5SP258"
"ENSG00000199629",1,"RNU1-14P"
"ENSG00000199630",1,"Y_RNA"
"ENSG00000199635",1,"Y_RNA"
"ENSG00000199638",1,"RNA5SP319"
"ENSG00000199645",1,"RNU6-1330P"
"ENSG00000199652",1,"RNU1-35P"
"ENSG00000199666",1,"SNORD3G"
"ENSG00000199667",1,"Y_RNA"
"ENSG00000199672",1,"RNU4-21P"
"ENSG00000199674",1,"RNU6-862P"
"ENSG00000199695",1,"RNU6-1128P"
"ENSG00000199710",1,"Y_RNA"
"ENSG00000199715",1,"Y_RNA"
"ENSG00000199716",1,"Y_RNA"
"ENSG00000199728",1,"RNU6-655P"
"ENSG00000199731",1,"RNU6-1079P"
"ENSG00000199751",1,"Y_RNA"
"ENSG00000199753",1,"SNORD104"
"ENSG00000199756",1,"Y_RNA"
"ENSG00000199762",1,"Y_RNA"
"ENSG00000199782",1,"SNORD115-9"
"ENSG00000199786",1,"RNA5SP188"
"ENSG00000199790",1,"RNU6-836P"
"ENSG00000199797",1,"Y_RNA"
"ENSG00000199824",1,"RNU6-199P"
"ENSG00000199832",1,"Y_RNA"
"ENSG00000199849",1,"RNU5F-6P"
"ENSG00000199858",1,"RNU6-1120P"
"ENSG00000199866",1,"Y_RNA"
"ENSG00000199867",1,"Y_RNA"
"ENSG00000199886",1,"RNU6-249P"
"ENSG00000199892",1,"RNU1-17P"
"ENSG00000199895",1,"Y_RNA"
"ENSG00000199899",1,"Y_RNA"
"ENSG00000199901",1,"Y_RNA"
"ENSG00000199932",1,"RNU1-18P"
"ENSG00000199933",1,"RNY1P16"
"ENSG00000199938",1,"Y_RNA"
"ENSG00000199953",1,"RNA5SP443"
"ENSG00000199963",1,"RNU6-605P"
"ENSG00000199964",1,"Y_RNA"
"ENSG00000199971",1,"RNU6-797P"
"ENSG00000199985",1,"RNA5SP264"
"ENSG00000199986",1,"RNU6-486P"
"ENSG00000200028",1,"RNA5SP98"
"ENSG00000200036",1,"RNA5SP65"
"ENSG00000200041",1,"Y_RNA"
"ENSG00000200048",1,"RNU6-812P"
"ENSG00000200049",1,"Y_RNA"
"ENSG00000200052",1,"Y_RNA"
"ENSG00000200058",1,"RNA5SP218"
"ENSG00000200062",1,"RNU4-58P"
"ENSG00000200063",1,"ENSG00000200063"
"ENSG00000200072",1,"ENSG00000200072"
"ENSG00000200090",1,"Y_RNA"
"ENSG00000200106",1,"RNU6-984P"
"ENSG00000200114",1,"RNA5SP123"
"ENSG00000200132",1,"RNU6-1021P"
"ENSG00000200135",1,"Y_RNA"
"ENSG00000200138",1,"RNY1P10"
"ENSG00000200156",1,"RNU5B-1"
"ENSG00000200162",1,"Y_RNA"
"ENSG00000200168",1,"RNA5SP350"
"ENSG00000200169",1,"RNU5D-1"
"ENSG00000200170",1,"Y_RNA"
"ENSG00000200171",1,"Y_RNA"
"ENSG00000200179",1,"Y_RNA"
"ENSG00000200198",1,"RN7SKP211"
"ENSG00000200201",1,"Y_RNA"
"ENSG00000200204",1,"RNU1-22P"
"ENSG00000200209",1,"Y_RNA"
"ENSG00000200216",1,"RNU6-745P"
"ENSG00000200220",1,"RNU6-179P"
"ENSG00000200224",1,"RNU6-626P"
"ENSG00000200235",1,"ENSG00000200235"
"ENSG00000200243",1,"RN7SKP79"
"ENSG00000200247",1,"RNU6-254P"
"ENSG00000200250",1,"RNU6-1147P"
"ENSG00000200253",1,"RNU6-529P"
"ENSG00000200257",1,"RNU6-97P"
"ENSG00000200261",1,"Y_RNA"
"ENSG00000200269",1,"RNU6-838P"
"ENSG00000200287",1,"Y_RNA"
"ENSG00000200291",1,"Y_RNA"
"ENSG00000200293",1,"RNA5SP393"
"ENSG00000200294",1,"ENSG00000200294"
"ENSG00000200298",1,"Y_RNA"
"ENSG00000200301",1,"RNA5SP483"
"ENSG00000200304",1,"RNU6-1255P"
"ENSG00000200314",1,"Y_RNA"
"ENSG00000200325",1,"Y_RNA"
"ENSG00000200338",1,"RNU1-49P"
"ENSG00000200351",1,"Y_RNA"
"ENSG00000200356",1,"RNU6-833P"
"ENSG00000200377",1,"ENSG00000200377"
"ENSG00000200385",1,"ENSG00000200385"
"ENSG00000200388",1,"RNU6-618P"
"ENSG00000200408",1,"RNA5SP74"
"ENSG00000200411",1,"RNA5SP346"
"ENSG00000200432",1,"Y_RNA"
"ENSG00000200436",1,"Y_RNA"
"ENSG00000200443",1,"RNU6-1066P"
"ENSG00000200455",1,"RNU6-1112P"
"ENSG00000200472",1,"RN7SKP44"
"ENSG00000200473",1,"RNA5SP507"
"ENSG00000200484",1,"RNU6-1244P"
"ENSG00000200485",1,"Y_RNA"
"ENSG00000200486",1,"SNORD115-11"
"ENSG00000200487",1,"RNA5SP322"
"ENSG00000200492",1,"U3"
"ENSG00000200494",1,"Y_RNA"
"ENSG00000200495",1,"RNU6-1205P"
"ENSG00000200496",1,"U8"
"ENSG00000200516",1,"RNA5SP378"
"ENSG00000200525",1,"RNU6-1209P"
"ENSG00000200527",1,"RNA5SP457"
"ENSG00000200528",1,"RNU6-1331P"
"ENSG00000200537",1,"RNY4P6"
"ENSG00000200538",1,"U3"
"ENSG00000200544",1,"Y_RNA"
"ENSG00000200552",1,"Y_RNA"
"ENSG00000200554",1,"RNU6-1020P"
"ENSG00000200555",1,"RNU6-525P"
"ENSG00000200556",1,"RNU6-103P"
"ENSG00000200564",1,"SNORD115-39"
"ENSG00000200587",1,"RNA5SP514"
"ENSG00000200591",1,"Y_RNA"
"ENSG00000200619",1,"RNA5SP447"
"ENSG00000200626",1,"RNA5SP325"
"ENSG00000200630",1,"Y_RNA"
"ENSG00000200638",1,"SNORD115-37"
"ENSG00000200645",1,"RNU6-1210P"
"ENSG00000200646",1,"Y_RNA"
"ENSG00000200650",1,"RNA5SP114"
"ENSG00000200664",1,"Y_RNA"
"ENSG00000200665",1,"RNU6-1188P"
"ENSG00000200677",1,"SNORD18"
"ENSG00000200686",1,"RNY3P3"
"ENSG00000200687",1,"RNA5SP335"
"ENSG00000200688",1,"Y_RNA"
"ENSG00000200706",1,"ENSG00000200706"
"ENSG00000200711",1,"RNA5SP28"
"ENSG00000200713",1,"RNU6-682P"
"ENSG00000200714",1,"Y_RNA"
"ENSG00000200719",1,"RNA5SP260"
"ENSG00000200726",1,"SNORD115-8"
"ENSG00000200732",1,"RNU6-194P"
"ENSG00000200742",1,"Y_RNA"
"ENSG00000200745",1,"RNU1-31P"
"ENSG00000200750",1,"Y_RNA"
"ENSG00000200752",1,"Y_RNA"
"ENSG00000200761",1,"RN7SKP113"
"ENSG00000200769",1,"Y_RNA"
"ENSG00000200794",1,"RN7SKP250"
"ENSG00000200800",1,"RNU1-130P"
"ENSG00000200801",1,"SNORD115-28"
"ENSG00000200814",1,"RNU6-595P"
"ENSG00000200815",1,"RNU6-1091P"
"ENSG00000200817",1,"RNU6-899P"
"ENSG00000200829",1,"Y_RNA"
"ENSG00000200834",1,"Y_RNA"
"ENSG00000200839",1,"RNA5SP48"
"ENSG00000200840",1,"RNU6-82P"
"ENSG00000200871",1,"RNU6-810P"
"ENSG00000200873",1,"RNA5SP399"
"ENSG00000200875",1,"RNU6-340P"
"ENSG00000200882",1,"RNU6-681P"
"ENSG00000200890",1,"RNA5SP99"
"ENSG00000200893",1,"RNU6-944P"
"ENSG00000200897",1,"ENSG00000200897"
"ENSG00000200903",1,"RNU1-42P"
"ENSG00000200906",1,"RNU6-854P"
"ENSG00000200917",1,"RNU6-553P"
"ENSG00000200922",1,"Y_RNA"
"ENSG00000200924",1,"RNU6-1048P"
"ENSG00000200926",1,"RNU6-960P"
"ENSG00000200935",1,"RNU6-1090P"
"ENSG00000200969",1,"ENSG00000200969"
"ENSG00000200972",1,"RNU5A-8P"
"ENSG00000200985",1,"RNA5SP493"
"ENSG00000200991",1,"ENSG00000200991"
"ENSG00000201001",1,"RNU6-270P"
"ENSG00000201013",1,"Y_RNA"
"ENSG00000201015",1,"RNU6-280P"
"ENSG00000201023",1,"RNY3P11"
"ENSG00000201028",1,"RNU6-151P"
"ENSG00000201034",1,"Y_RNA"
"ENSG00000201035",1,"RNA5SP469"
"ENSG00000201041",1,"RNA5SP242"
"ENSG00000201050",1,"RNU6-668P"
"ENSG00000201075",1,"Y_RNA"
"ENSG00000201078",1,"RN7SKP214"
"ENSG00000201085",1,"RNU6-173P"
"ENSG00000201097",1,"RNU6-366P"
"ENSG00000201098",1,"RNY1"
"ENSG00000201102",1,"Y_RNA"
"ENSG00000201104",1,"RNU6-11P"
"ENSG00000201134",1,"Y_RNA"
"ENSG00000201135",1,"RNU6-777P"
"ENSG00000201145",1,"RNA5SP175"
"ENSG00000201148",1,"RNA5SP42"
"ENSG00000201151",1,"ENSG00000201151"
"ENSG00000201153",1,"RNU6-371P"
"ENSG00000201162",1,"RNU6-454P"
"ENSG00000201170",1,"RNU1-132P"
"ENSG00000201176",1,"RNU6-853P"
"ENSG00000201178",1,"Y_RNA"
"ENSG00000201179",1,"RNU6-1322P"
"ENSG00000201182",1,"RNU6-670P"
"ENSG00000201185",1,"RNA5SP202"
"ENSG00000201186",1,"RNU4-33P"
"ENSG00000201196",1,"Y_RNA"
"ENSG00000201198",1,"RNU6-879P"
"ENSG00000201207",1,"Y_RNA"
"ENSG00000201210",1,"RNA5SP139"
"ENSG00000201216",1,"Y_RNA"
"ENSG00000201241",1,"RNU6-978P"
"ENSG00000201242",1,"RNY1P1"
"ENSG00000201243",1,"RNU6-654P"
"ENSG00000201273",1,"RNU6-776P"
"ENSG00000201288",1,"RNU6-1047P"
"ENSG00000201294",1,"RNU6-1019P"
"ENSG00000201296",1,"RNU4-41P"
"ENSG00000201300",1,"SNORD115-27"
"ENSG00000201308",1,"RNU6-512P"
"ENSG00000201311",1,"Y_RNA"
"ENSG00000201315",1,"RN7SKP227"
"ENSG00000201316",1,"ENSG00000201316"
"ENSG00000201317",1,"RNU4-59P"
"ENSG00000201321",1,"RNA5S9"
"ENSG00000201329",1,"U3"
"ENSG00000201331",1,"SNORD115-23"
"ENSG00000201339",1,"Y_RNA"
"ENSG00000201340",1,"Y_RNA"
"ENSG00000201356",1,"RNA5SP500"
"ENSG00000201361",1,"RNA5SP433"
"ENSG00000201363",1,"Y_RNA"
"ENSG00000201368",1,"U3"
"ENSG00000201379",1,"RNU4-76P"
"ENSG00000201382",1,"RNU6-558P"
"ENSG00000201386",1,"RNU6-1163P"
"ENSG00000201392",1,"RNU6-1078P"
"ENSG00000201394",1,"RNA5SP140"
"ENSG00000201410",1,"ENSG00000201410"
"ENSG00000201415",1,"RNA5SP204"
"ENSG00000201426",1,"Y_RNA"
"ENSG00000201444",1,"RNU6-1082P"
"ENSG00000201452",1,"RNU6-1317P"
"ENSG00000201458",1,"RNU4-4P"
"ENSG00000201469",1,"RNA5SP379"
"ENSG00000201474",1,"RNU6-164P"
"ENSG00000201492",1,"RNA5SP78"
"ENSG00000201498",1,"Y_RNA"
"ENSG00000201501",1,"Y_RNA"
"ENSG00000201502",1,"ENSG00000201502"
"ENSG00000201516",1,"ENSG00000201516"
"ENSG00000201519",1,"RNU6-645P"
"ENSG00000201533",1,"RN7SKP237"
"ENSG00000201542",1,"SNORA62"
"ENSG00000201547",1,"Y_RNA"
"ENSG00000201550",1,"RNU6-726P"
"ENSG00000201573",1,"Y_RNA"
"ENSG00000201579",1,"RNU6-343P"
"ENSG00000201583",1,"RN7SKP191"
"ENSG00000201591",1,"RNU6-99P"
"ENSG00000201594",1,"RNA5SP517"
"ENSG00000201595",1,"RNA5SP132"
"ENSG00000201598",1,"RNU6-219P"
"ENSG00000201618",1,"RNA5SP505"
"ENSG00000201623",1,"RNU6-923P"
"ENSG00000201627",1,"Y_RNA"
"ENSG00000201628",1,"RNU4-7P"
"ENSG00000201640",1,"RN7SKP28"
"ENSG00000201649",1,"RNY4P34"
"ENSG00000201654",1,"RNU6-7"
"ENSG00000201662",1,"RNU6-60P"
"ENSG00000201665",1,"RN7SKP6"
"ENSG00000201671",1,"RNA5SP90"
"ENSG00000201687",1,"RNU6-1107P"
"ENSG00000201690",1,"RNY1P2"
"ENSG00000201709",1,"RNU6-686P"
"ENSG00000201711",1,"RNU6-1303P"
"ENSG00000201715",1,"RN7SKP133"
"ENSG00000201723",1,"Y_RNA"
"ENSG00000201725",1,"RNU6-304P"
"ENSG00000201736",1,"RNA5SP160"
"ENSG00000201741",1,"Y_RNA"
"ENSG00000201742",1,"RNU6-563P"
"ENSG00000201746",1,"RNU6-828P"
"ENSG00000201761",1,"RNU6-336P"
"ENSG00000201786",1,"Y_RNA"
"ENSG00000201788",1,"Y_RNA"
"ENSG00000201790",1,"RNA5SP189"
"ENSG00000201791",1,"SNORA63"
"ENSG00000201796",1,"RNU6-392P"
"ENSG00000201800",1,"Y_RNA"
"ENSG00000201801",1,"RNU5E-4P"
"ENSG00000201805",1,"RNU6-1180P"
"ENSG00000201810",1,"U8"
"ENSG00000201811",1,"SNORA71"
"ENSG00000201812",1,"RNA5SP488"
"ENSG00000201818",1,"RNY4P17"
"ENSG00000201830",1,"Y_RNA"
"ENSG00000201843",1,"Y_RNA"
"ENSG00000201847",1,"SNORD31B"
"ENSG00000201852",1,"RNU6-702P"
"ENSG00000201860",1,"Y_RNA"
"ENSG00000201868",1,"Y_RNA"
"ENSG00000201875",1,"RN7SKP178"
"ENSG00000201892",1,"Y_RNA"
"ENSG00000201900",1,"RNY1P13"
"ENSG00000201907",1,"SNORD115-38"
"ENSG00000201916",1,"Y_RNA"
"ENSG00000201920",1,"RNA5SP442"
"ENSG00000201922",1,"RNU1-43P"
"ENSG00000201923",1,"RNA5SP485"
"ENSG00000201931",1,"RNA5SP172"
"ENSG00000201933",1,"Y_RNA"
"ENSG00000201938",1,"Y_RNA"
"ENSG00000201939",1,"RNA5SP224"
"ENSG00000201943",1,"SNORD115-10"
"ENSG00000201945",1,"SNORA70"
"ENSG00000201954",1,"RNU6-673P"
"ENSG00000201955",1,"RNY3P1"
"ENSG00000201967",1,"RN7SKP22"
"ENSG00000201968",1,"RNA5SP138"
"ENSG00000201988",1,"Y_RNA"
"ENSG00000201990",1,"Y_RNA"
"ENSG00000202001",1,"Y_RNA"
"ENSG00000202017",1,"RNU6-806P"
"ENSG00000202027",1,"Y_RNA"
"ENSG00000202029",1,"RNU6-580P"
"ENSG00000202039",1,"RNU6-215P"
"ENSG00000202044",1,"RNA5SP223"
"ENSG00000202046",1,"Y_RNA"
"ENSG00000202047",1,"RNA5SP324"
"ENSG00000202050",1,"RNU6-391P"
"ENSG00000202054",1,"RNA5SP152"
"ENSG00000202059",1,"ENSG00000202059"
"ENSG00000202060",1,"RNA5SP455"
"ENSG00000202063",1,"RNA5SP79"
"ENSG00000202069",1,"RNU4-66P"
"ENSG00000202070",1,"RNU6-1175P"
"ENSG00000202082",1,"RNU6-290P"
"ENSG00000202089",1,"RNU6-1306P"
"ENSG00000202100",1,"Y_RNA"
"ENSG00000202103",1,"RNU4-12P"
"ENSG00000202124",1,"RNY4P3"
"ENSG00000202137",1,"Y_RNA"
"ENSG00000202146",1,"Y_RNA"
"ENSG00000202147",1,"RNA5SP329"
"ENSG00000202157",1,"RNU4-11P"
"ENSG00000202159",1,"RNU6-742P"
"ENSG00000202160",1,"RNU5E-7P"
"ENSG00000202167",1,"RNU1-114P"
"ENSG00000202172",1,"RNU6-1327P"
"ENSG00000202182",1,"Y_RNA"
"ENSG00000202199",1,"RNU1-115P"
"ENSG00000202200",1,"Y_RNA"
"ENSG00000202205",1,"RNU6-1034P"
"ENSG00000202217",1,"RN7SKP47"
"ENSG00000202225",1,"RNA5SP240"
"ENSG00000202227",1,"RNU6-282P"
"ENSG00000202237",1,"RNU6-53P"
"ENSG00000202242",1,"RNU6-1276P"
"ENSG00000202254",1,"Y_RNA"
"ENSG00000202263",1,"RNA5SP22"
"ENSG00000202264",1,"RNA5SP77"
"ENSG00000202276",1,"Y_RNA"
"ENSG00000202279",1,"Y_RNA"
"ENSG00000202281",1,"RNA5SP235"
"ENSG00000202285",1,"RNU6-117P"
"ENSG00000202300",1,"RNU6-487P"
"ENSG00000202306",1,"Y_RNA"
"ENSG00000202310",1,"Y_RNA"
"ENSG00000202318",1,"Y_RNA"
"ENSG00000202322",1,"RNA5SP131"
"ENSG00000202324",1,"RNA5SP366"
"ENSG00000202334",1,"RNA5SP238"
"ENSG00000202337",1,"RNU6-8"
"ENSG00000202341",1,"RNU6-1051P"
"ENSG00000202351",1,"RN7SKP204"
"ENSG00000202354",1,"RNY3"
"ENSG00000202357",1,"Y_RNA"
"ENSG00000202358",1,"RNU6-652P"
"ENSG00000202361",1,"Y_RNA"
"ENSG00000202377",1,"SNORA25B"
"ENSG00000202383",1,"RNA5SP279"
"ENSG00000202395",1,"RN7SKP1"
"ENSG00000202399",1,"Y_RNA"
"ENSG00000202400",1,"SNORD82"
"ENSG00000202412",1,"RNY3P13"
"ENSG00000202414",1,"Y_RNA"
"ENSG00000202427",1,"RNU6-744P"
"ENSG00000202430",1,"RNA5SP88"
"ENSG00000202431",1,"RNU6-438P"
"ENSG00000202445",1,"RNU6-669P"
"ENSG00000202468",1,"RNU4-17P"
"ENSG00000202470",1,"Y_RNA"
"ENSG00000202473",1,"RN7SKP81"
"ENSG00000202476",1,"Y_RNA"
"ENSG00000202485",1,"RNU6-499P"
"ENSG00000202490",1,"RNU6-597P"
"ENSG00000202497",1,"RNU6-898P"
"ENSG00000202498",1,"SNORD116"
"ENSG00000202514",1,"Y_RNA"
"ENSG00000202522",1,"Y_RNA"
"ENSG00000202523",1,"Y_RNA"
"ENSG00000202532",1,"RNU6-395P"
"ENSG00000202534",1,"RNU6-1329P"
"ENSG00000202536",1,"Y_RNA"
"ENSG00000202569",1,"MIR146B"
"ENSG00000202609",1,"MIR488"
"ENSG00000203498",1,"ENSG00000203498"
"ENSG00000203560",1,"OR52J1P"
"ENSG00000203650",1,"LINC01285"
"ENSG00000203668",1,"CHML"
"ENSG00000203685",1,"STUM"
"ENSG00000203711",1,"LINC02901"
"ENSG00000203729",1,"LINC00272"
"ENSG00000203734",1,"ECT2L"
"ENSG00000203747",1,"FCGR3A"
"ENSG00000203758",1,"OR10T1P"
"ENSG00000203786",1,"KPRP"
"ENSG00000203801",1,"LINC00222"
"ENSG00000203825",1,"ENSG00000203825"
"ENSG00000203855",1,"HSD3BP4"
"ENSG00000203870",1,"SMIM9"
"ENSG00000203933",1,"CXorf66"
"ENSG00000203943",1,"SAMD13"
"ENSG00000203971",1,"ENSG00000203971"
"ENSG00000203972",1,"GLYATL3"
"ENSG00000204003",1,"ENSG00000204003"
"ENSG00000204019",1,"CT83"
"ENSG00000204055",1,"IER5L-AS1"
"ENSG00000204099",1,"NEU4"
"ENSG00000204117",1,"ENSG00000204117"
"ENSG00000204148",1,"LINC00474"
"ENSG00000204196",1,"RPL12P16"
"ENSG00000204267",1,"TAP2"
"ENSG00000204278",1,"TMEM235"
"ENSG00000204291",1,"COL15A1"
"ENSG00000204300",1,"TMEM225"
"ENSG00000204311",1,"PJVK"
"ENSG00000204335",1,"SP5"
"ENSG00000204345",1,"CD300LD"
"ENSG00000204382",1,"XAGE1B"
"ENSG00000204392",1,"LSM2"
"ENSG00000204397",1,"CARD16"
"ENSG00000204420",1,"MPIG6B"
"ENSG00000204471",1,"TBC1D3P4"
"ENSG00000204531",1,"POU5F1"
"ENSG00000204544",1,"MUC21"
"ENSG00000204547",1,"DEFB122"
"ENSG00000204555",1,"CFTRP3"
"ENSG00000204571",1,"KRTAP5-11"
"ENSG00000204595",1,"DPRX"
"ENSG00000204653",1,"ASPDH"
"ENSG00000204662",1,"CST9LP1"
"ENSG00000204670",1,"IGKV1OR2-3"
"ENSG00000204673",1,"AKT1S1"
"ENSG00000204687",1,"MAS1L"
"ENSG00000204688",1,"OR2H1"
"ENSG00000204701",1,"OR2J3"
"ENSG00000204702",1,"OR2J1"
"ENSG00000204704",1,"OR2W1"
"ENSG00000204711",1,"CFAP95"
"ENSG00000204718",1,"CNN2P12"
"ENSG00000204740",1,"MALRD1"
"ENSG00000204843",1,"DCTN1"
"ENSG00000204852",1,"TCTN1"
"ENSG00000204866",1,"IGFL2"
"ENSG00000204876",1,"ENSG00000204876"
"ENSG00000204880",1,"KRTAP4-8"
"ENSG00000204887",1,"KRTAP1-4"
"ENSG00000204949",1,"FAM83A-AS1"
"ENSG00000204952",1,"FBXO47"
"ENSG00000204960",1,"BLACE"
"ENSG00000204969",1,"PCDHA2"
"ENSG00000204977",1,"TRIM13"
"ENSG00000204989",1,"OR4D8P"
"ENSG00000205025",1,"OR5G5P"
"ENSG00000205029",1,"OR5D16"
"ENSG00000205030",1,"OR5L2"
"ENSG00000205045",1,"SLFN12L"
"ENSG00000205177",1,"C11orf91"
"ENSG00000205300",1,"ENSG00000205300"
"ENSG00000205301",1,"MGAT4D"
"ENSG00000205327",1,"OR6C68"
"ENSG00000205329",1,"OR6C3"
"ENSG00000205330",1,"OR6C1"
"ENSG00000205331",1,"OR6C72P"
"ENSG00000205334",1,"LINC01460"
"ENSG00000205356",1,"TECPR1"
"ENSG00000205359",1,"SLCO6A1"
"ENSG00000205420",1,"KRT6A"
"ENSG00000205439",1,"KRTAP12-3"
"ENSG00000205449",1,"NBPF22P"
"ENSG00000205494",1,"OR52A4P"
"ENSG00000205495",1,"OR52J3"
"ENSG00000205496",1,"OR51A2"
"ENSG00000205500",1,"MAPRE3-AS1"
"ENSG00000205537",1,"ENSG00000205537"
"ENSG00000205560",1,"CPT1B"
"ENSG00000205571",1,"SMN2"
"ENSG00000205584",1,"ENSG00000205584"
"ENSG00000205596",1,"ENSG00000205596"
"ENSG00000205632",1,"LINC01310"
"ENSG00000205639",1,"MFSD2B"
"ENSG00000205649",1,"HTN3"
"ENSG00000205678",1,"TECRL"
"ENSG00000205683",1,"DPF3"
"ENSG00000205754",1,"SLCO1B7"
"ENSG00000205784",1,"ARRDC5"
"ENSG00000205810",1,"KLRC3"
"ENSG00000205830",1,"ENSG00000205830"
"ENSG00000205853",1,"RFPL3S"
"ENSG00000205856",1,"C22orf42"
"ENSG00000205865",1,"FAM99B"
"ENSG00000205866",1,"FAM99A"
"ENSG00000205882",1,"DEFB134"
"ENSG00000205899",1,"BHLHA9"
"ENSG00000205918",1,"PDPK2P"
"ENSG00000206042",1,"DEFA7P"
"ENSG00000206043",1,"C18orf63"
"ENSG00000206069",1,"LHFPL7"
"ENSG00000206073",1,"SERPINB4"
"ENSG00000206102",1,"KRTAP19-8"
"ENSG00000206104",1,"KRTAP20-3"
"ENSG00000206107",1,"KRTAP27-1"
"ENSG00000206113",1,"CFAP99"
"ENSG00000206120",1,"EGFEM1P"
"ENSG00000206129",1,"LINC03069"
"ENSG00000206192",1,"ANKRD20A9P"
"ENSG00000206199",1,"ANKUB1"
"ENSG00000206260",1,"PRR23A"
"ENSG00000206384",1,"COL6A6"
"ENSG00000206474",1,"OR10C1"
"ENSG00000206530",1,"CFAP44"
"ENSG00000206536",1,"OR5K3"
"ENSG00000206560",1,"ANKRD28"
"ENSG00000206561",1,"COLQ"
"ENSG00000206583",1,"RNU6-1292P"
"ENSG00000206588",1,"RNU1-28P"
"ENSG00000206593",1,"RNU6-47P"
"ENSG00000206595",1,"RNU6-877P"
"ENSG00000206599",1,"RNU6-841P"
"ENSG00000206600",1,"RNU6-25P"
"ENSG00000206613",1,"RNU6-1336P"
"ENSG00000206616",1,"RNU6-741P"
"ENSG00000206617",1,"RNY1P5"
"ENSG00000206618",1,"RNU6-1264P"
"ENSG00000206625",1,"RNU6-1"
"ENSG00000206627",1,"RNU6-969P"
"ENSG00000206631",1,"RNU6-657P"
"ENSG00000206635",1,"RNU6-1062P"
"ENSG00000206636",1,"Y_RNA"
"ENSG00000206637",1,"SNORA70H"
"ENSG00000206638",1,"RNU6-672P"
"ENSG00000206646",1,"Y_RNA"
"ENSG00000206649",1,"ENSG00000206649"
"ENSG00000206660",1,"Y_RNA"
"ENSG00000206661",1,"SNORA70"
"ENSG00000206662",1,"Y_RNA"
"ENSG00000206663",1,"Y_RNA"
"ENSG00000206669",1,"Y_RNA"
"ENSG00000206671",1,"RNU6-471P"
"ENSG00000206682",1,"Y_RNA"
"ENSG00000206684",1,"RNU6-157P"
"ENSG00000206685",1,"RNU6-1189P"
"ENSG00000206686",1,"RNU6-1036P"
"ENSG00000206690",1,"Y_RNA"
"ENSG00000206697",1,"RNY1P8"
"ENSG00000206700",1,"RNU6-723P"
"ENSG00000206701",1,"RNU6-1040P"
"ENSG00000206703",1,"RNU6-128P"
"ENSG00000206709",1,"RNU6-1080P"
"ENSG00000206710",1,"RNU6-147P"
"ENSG00000206712",1,"RNU6-26P"
"ENSG00000206713",1,"Y_RNA"
"ENSG00000206715",1,"RNU6-444P"
"ENSG00000206718",1,"RNU6-546P"
"ENSG00000206721",1,"Y_RNA"
"ENSG00000206726",1,"RNU6-259P"
"ENSG00000206730",1,"RNU6-468P"
"ENSG00000206732",1,"RNU6-936P"
"ENSG00000206737",1,"RNVU1-18"
"ENSG00000206738",1,"Y_RNA"
"ENSG00000206743",1,"RNU6-484P"
"ENSG00000206744",1,"RNU6-620P"
"ENSG00000206745",1,"RNU6-643P"
"ENSG00000206746",1,"RNU6-142P"
"ENSG00000206747",1,"RNU6-245P"
"ENSG00000206752",1,"RNU6-1323P"
"ENSG00000206759",1,"RNU6-787P"
"ENSG00000206763",1,"RNU6-10P"
"ENSG00000206765",1,"RNU6-203P"
"ENSG00000206766",1,"RNU6-435P"
"ENSG00000206767",1,"RNU6-949P"
"ENSG00000206772",1,"RNU6-44P"
"ENSG00000206774",1,"RNU6-211P"
"ENSG00000206776",1,"ENSG00000206776"
"ENSG00000206780",1,"SNORA75B"
"ENSG00000206802",1,"RNU6-926P"
"ENSG00000206808",1,"Y_RNA"
"ENSG00000206815",1,"RNU6-483P"
"ENSG00000206817",1,"Y_RNA"
"ENSG00000206818",1,"RNU6-849P"
"ENSG00000206826",1,"RNU6-974P"
"ENSG00000206842",1,"RNU6-413P"
"ENSG00000206847",1,"Y_RNA"
"ENSG00000206850",1,"Y_RNA"
"ENSG00000206853",1,"ENSG00000206853"
"ENSG00000206859",1,"RNU6-767P"
"ENSG00000206864",1,"RNU6-207P"
"ENSG00000206865",1,"Y_RNA"
"ENSG00000206867",1,"RNU6-356P"
"ENSG00000206878",1,"ENSG00000206878"
"ENSG00000206880",1,"RNU6-1310P"
"ENSG00000206882",1,"RNA5SP87"
"ENSG00000206887",1,"RNU6-1008P"
"ENSG00000206892",1,"RNU6-42P"
"ENSG00000206896",1,"RNU6-1124P"
"ENSG00000206899",1,"RNU6-36P"
"ENSG00000206907",1,"RNU6-1013P"
"ENSG00000206908",1,"RNU1-136P"
"ENSG00000206909",1,"SNORA70J"
"ENSG00000206918",1,"RNU6-1181P"
"ENSG00000206922",1,"RNU6-80P"
"ENSG00000206925",1,"Y_RNA"
"ENSG00000206926",1,"RNU6-1024P"
"ENSG00000206931",1,"RNU6-1042P"
"ENSG00000206936",1,"RNU4-52P"
"ENSG00000206958",1,"SNORA70"
"ENSG00000206959",1,"Y_RNA"
"ENSG00000206970",1,"RNU6-474P"
"ENSG00000206972",1,"RNU6-17P"
"ENSG00000206974",1,"RNU6-1144P"
"ENSG00000206975",1,"RNU6-13P"
"ENSG00000206977",1,"ENSG00000206977"
"ENSG00000206981",1,"RNU6-40P"
"ENSG00000206992",1,"RNU6-574P"
"ENSG00000206995",1,"Y_RNA"
"ENSG00000206998",1,"Y_RNA"
"ENSG00000206999",1,"RNU6-622P"
"ENSG00000207000",1,"RNU6-820P"
"ENSG00000207001",1,"SNORD116-2"
"ENSG00000207002",1,"ENSG00000207002"
"ENSG00000207003",1,"RNU6-611P"
"ENSG00000207004",1,"RNU6-301P"
"ENSG00000207008",1,"SNORA54"
"ENSG00000207010",1,"RNU6-318P"
"ENSG00000207011",1,"RNY4P13"
"ENSG00000207016",1,"SNORA36C"
"ENSG00000207019",1,"RNU6-167P"
"ENSG00000207020",1,"Y_RNA"
"ENSG00000207021",1,"Y_RNA"
"ENSG00000207022",1,"ENSG00000207022"
"ENSG00000207025",1,"Y_RNA"
"ENSG00000207029",1,"RNU6-43P"
"ENSG00000207039",1,"Y_RNA"
"ENSG00000207049",1,"Y_RNA"
"ENSG00000207052",1,"RNU6-378P"
"ENSG00000207053",1,"RNU6-937P"
"ENSG00000207058",1,"RNU6-784P"
"ENSG00000207069",1,"Y_RNA"
"ENSG00000207071",1,"RNU6-1207P"
"ENSG00000207072",1,"RNU6-39P"
"ENSG00000207075",1,"Y_RNA"
"ENSG00000207083",1,"RNU6-22P"
"ENSG00000207089",1,"RNU6-921P"
"ENSG00000207091",1,"Y_RNA"
"ENSG00000207099",1,"RNU6-166P"
"ENSG00000207101",1,"Y_RNA"
"ENSG00000207104",1,"RNU6-434P"
"ENSG00000207115",1,"RNU6-364P"
"ENSG00000207116",1,"RNU6-31P"
"ENSG00000207122",1,"RNU6-591P"
"ENSG00000207130",1,"ENSG00000207130"
"ENSG00000207131",1,"Y_RNA"
"ENSG00000207136",1,"RNU6-769P"
"ENSG00000207138",1,"RNU6-869P"
"ENSG00000207145",1,"SNORA18"
"ENSG00000207146",1,"Y_RNA"
"ENSG00000207151",1,"Y_RNA"
"ENSG00000207155",1,"RNY1P14"
"ENSG00000207157",1,"RNY3P4"
"ENSG00000207158",1,"RNU6-929P"
"ENSG00000207162",1,"RNU6-549P"
"ENSG00000207167",1,"RNU6-1340P"
"ENSG00000207169",1,"RNU6-24P"
"ENSG00000207170",1,"RNU6-1215P"
"ENSG00000207172",1,"RNU6-1162P"
"ENSG00000207173",1,"Y_RNA"
"ENSG00000207178",1,"RNU6-1122P"
"ENSG00000207180",1,"RNU6-411P"
"ENSG00000207186",1,"RNA5SP122"
"ENSG00000207191",1,"SNORD116-5"
"ENSG00000207195",1,"Y_RNA"
"ENSG00000207198",1,"RNU6-1195P"
"ENSG00000207199",1,"SNORD38D"
"ENSG00000207200",1,"RNU6-45P"
"ENSG00000207201",1,"RNU1-148P"
"ENSG00000207202",1,"RNU6-800P"
"ENSG00000207203",1,"RNU6-71P"
"ENSG00000207204",1,"RNU6-393P"
"ENSG00000207206",1,"RNU6-1035P"
"ENSG00000207209",1,"Y_RNA"
"ENSG00000207210",1,"Y_RNA"
"ENSG00000207218",1,"Y_RNA"
"ENSG00000207229",1,"Y_RNA"
"ENSG00000207231",1,"Y_RNA"
"ENSG00000207237",1,"RNU6-110P"
"ENSG00000207241",1,"SNORD45A"
"ENSG00000207243",1,"Y_RNA"
"ENSG00000207260",1,"RNU6-35P"
"ENSG00000207264",1,"RNU6-15P"
"ENSG00000207267",1,"RNU6-1081P"
"ENSG00000207270",1,"RNU6-601P"
"ENSG00000207274",1,"SNORA70I"
"ENSG00000207275",1,"RNU6-441P"
"ENSG00000207276",1,"RNU6-1160P"
"ENSG00000207282",1,"Y_RNA"
"ENSG00000207290",1,"Y_RNA"
"ENSG00000207291",1,"RNU6-30P"
"ENSG00000207292",1,"Y_RNA"
"ENSG00000207295",1,"RNU6-851P"
"ENSG00000207300",1,"Y_RNA"
"ENSG00000207303",1,"Y_RNA"
"ENSG00000207307",1,"RNU6-145P"
"ENSG00000207308",1,"RNU6-878P"
"ENSG00000207312",1,"RNU6-429P"
"ENSG00000207316",1,"Y_RNA"
"ENSG00000207317",1,"Y_RNA"
"ENSG00000207318",1,"RNU6-1184P"
"ENSG00000207321",1,"RNU6-160P"
"ENSG00000207322",1,"RNU1-89P"
"ENSG00000207325",1,"RNY1P4"
"ENSG00000207334",1,"RNU6-12P"
"ENSG00000207336",1,"RNU6-658P"
"ENSG00000207342",1,"Y_RNA"
"ENSG00000207344",1,"SNORA22C"
"ENSG00000207345",1,"RNU6-1222P"
"ENSG00000207355",1,"RNU6-1257P"
"ENSG00000207360",1,"RNU6-14P"
"ENSG00000207363",1,"Y_RNA"
"ENSG00000207371",1,"Y_RNA"
"ENSG00000207382",1,"Y_RNA"
"ENSG00000207386",1,"Y_RNA"
"ENSG00000207394",1,"RNU6-1060P"
"ENSG00000207410",1,"ENSG00000207410"
"ENSG00000207419",1,"ENSG00000207419"
"ENSG00000207422",1,"RNU6-813P"
"ENSG00000207426",1,"Y_RNA"
"ENSG00000207439",1,"Y_RNA"
"ENSG00000207440",1,"RNU6-541P"
"ENSG00000207443",1,"RNU6-417P"
"ENSG00000207448",1,"RNU6-520P"
"ENSG00000207449",1,"RNU6-19P"
"ENSG00000207451",1,"RNU6-291P"
"ENSG00000207455",1,"RNU6-331P"
"ENSG00000207457",1,"RNU6-476P"
"ENSG00000207458",1,"RNY3P9"
"ENSG00000207459",1,"RNU6-1311P"
"ENSG00000207467",1,"Y_RNA"
"ENSG00000207468",1,"SNORA19"
"ENSG00000207474",1,"RNY1P7"
"ENSG00000207486",1,"RNU6-1044P"
"ENSG00000207488",1,"Y_RNA"
"ENSG00000207494",1,"Y_RNA"
"ENSG00000207503",1,"ENSG00000207503"
"ENSG00000207507",1,"RNU6-9"
"ENSG00000207512",1,"Y_RNA"
"ENSG00000207513",1,"RNU1-3"
"ENSG00000207524",1,"RNU6-33P"
"ENSG00000207546",1,"MIR548C"
"ENSG00000207547",1,"MIR25"
"ENSG00000207551",1,"MIR608"
"ENSG00000207554",1,"MIR647"
"ENSG00000207568",1,"MIR203A"
"ENSG00000207571",1,"MIR615"
"ENSG00000207573",1,"MIR550A2"
"ENSG00000207575",1,"MIR649"
"ENSG00000207577",1,"MIR587"
"ENSG00000207578",1,"MIR583"
"ENSG00000207581",1,"MIR199B"
"ENSG00000207582",1,"MIR30B"
"ENSG00000207588",1,"MIR593"
"ENSG00000207594",1,"MIR520A"
"ENSG00000207598",1,"MIR124-3"
"ENSG00000207600",1,"MIR598"
"ENSG00000207605",1,"MIR191"
"ENSG00000207606",1,"MIR554"
"ENSG00000207611",1,"MIR149"
"ENSG00000207613",1,"MIR181C"
"ENSG00000207616",1,"MIR515-1"
"ENSG00000207625",1,"MIR128-2"
"ENSG00000207630",1,"MIR7-3"
"ENSG00000207631",1,"MIR641"
"ENSG00000207637",1,"MIR595"
"ENSG00000207638",1,"MIR99A"
"ENSG00000207639",1,"MIR193B"
"ENSG00000207641",1,"MIR510"
"ENSG00000207642",1,"MIR571"
"ENSG00000207647",1,"MIR153-1"
"ENSG00000207654",1,"MIR128-1"
"ENSG00000207656",1,"MIR489"
"ENSG00000207691",1,"MIR183"
"ENSG00000207698",1,"MIR32"
"ENSG00000207699",1,"MIR518A2"
"ENSG00000207702",1,"MIR211"
"ENSG00000207703",1,"MIR7-2"
"ENSG00000207712",1,"MIR627"
"ENSG00000207713",1,"MIR200C"
"ENSG00000207716",1,"MIR572"
"ENSG00000207717",1,"MIR551B"
"ENSG00000207721",1,"MIR186"
"ENSG00000207722",1,"MIR520B"
"ENSG00000207725",1,"MIR222"
"ENSG00000207726",1,"MIR455"
"ENSG00000207728",1,"MIR449B"
"ENSG00000207730",1,"MIR200B"
"ENSG00000207734",1,"MIR517A"
"ENSG00000207735",1,"MIR520D"
"ENSG00000207736",1,"MIR657"
"ENSG00000207737",1,"MIR181B2"
"ENSG00000207738",1,"MIR520C"
"ENSG00000207739",1,"MIR218-2"
"ENSG00000207741",1,"MIR590"
"ENSG00000207752",1,"MIR199A1"
"ENSG00000207759",1,"MIR181A1"
"ENSG00000207766",1,"MIR626"
"ENSG00000207771",1,"MIR550A1"
"ENSG00000207782",1,"MIR150"
"ENSG00000207784",1,"MIR542"
"ENSG00000207789",1,"MIR26A2"
"ENSG00000207798",1,"MIR216A"
"ENSG00000207799",1,"MIR520G"
"ENSG00000207800",1,"MIR504"
"ENSG00000207804",1,"MIR599"
"ENSG00000207810",1,"MIR519E"
"ENSG00000207811",1,"MIR34B"
"ENSG00000207821",1,"MIR640"
"ENSG00000207827",1,"MIR30A"
"ENSG00000207838",1,"MIR517C"
"ENSG00000207839",1,"MIR33B"
"ENSG00000207874",1,"MIR610"
"ENSG00000207925",1,"MIR516B2"
"ENSG00000207930",1,"MIR603"
"ENSG00000207932",1,"MIR33A"
"ENSG00000207935",1,"MIR204"
"ENSG00000207938",1,"MIR511"
"ENSG00000207940",1,"MIR567"
"ENSG00000207946",1,"MIR516B1"
"ENSG00000207947",1,"MIR152"
"ENSG00000207954",1,"MIR138-1"
"ENSG00000207960",1,"MIR153-2"
"ENSG00000207962",1,"MIR30C1"
"ENSG00000207963",1,"MIR569"
"ENSG00000207965",1,"MIR629"
"ENSG00000207970",1,"MIR660"
"ENSG00000207976",1,"MIR607"
"ENSG00000207978",1,"MIR154"
"ENSG00000207982",1,"MIR548B"
"ENSG00000207988",1,"MIR576"
"ENSG00000207994",1,"MIR100"
"ENSG00000207996",1,"MIR301A"
"ENSG00000208006",1,"MIR16-1"
"ENSG00000208009",1,"MIR130A"
"ENSG00000208012",1,"MIRLET7F2"
"ENSG00000208017",1,"MIR140"
"ENSG00000208023",1,"MIR185"
"ENSG00000208027",1,"MIR485"
"ENSG00000208037",1,"MIR320A"
"ENSG00000208308",1,"SNORA40B"
"ENSG00000208797",1,"SNORD73A"
"ENSG00000208892",1,"SNORA49"
"ENSG00000209082",1,"MT-TL1"
"ENSG00000210049",1,"MT-TF"
"ENSG00000210077",1,"MT-TV"
"ENSG00000210100",1,"MT-TI"
"ENSG00000210107",1,"MT-TQ"
"ENSG00000210117",1,"MT-TW"
"ENSG00000210135",1,"MT-TN"
"ENSG00000210140",1,"MT-TC"
"ENSG00000210151",1,"MT-TS1"
"ENSG00000210154",1,"MT-TD"
"ENSG00000210156",1,"MT-TK"
"ENSG00000210164",1,"MT-TG"
"ENSG00000210174",1,"MT-TR"
"ENSG00000210176",1,"MT-TH"
"ENSG00000210181",1,"RNU6ATAC4P"
"ENSG00000210194",1,"MT-TE"
"ENSG00000210195",1,"MT-TT"
"ENSG00000210196",1,"MT-TP"
"ENSG00000210678",1,"RNU6ATAC2P"
"ENSG00000210709",1,"RNU6ATAC3P"
"ENSG00000210741",1,"MIR196A1"
"ENSG00000211452",1,"DIO1"
"ENSG00000211538",1,"MIR501"
"ENSG00000211543",1,"MIR320B1"
"ENSG00000211563",1,"MIR3065"
"ENSG00000211568",1,"MIR670"
"ENSG00000211578",1,"MIR766"
"ENSG00000211581",1,"MIR765"
"ENSG00000211582",1,"MIR758"
"ENSG00000211583",1,"MIR767"
"ENSG00000211590",1,"MIR802"
"ENSG00000211595",1,"IGKJ3"
"ENSG00000211597",1,"IGKJ1"
"ENSG00000211599",1,"IGKV5-2"
"ENSG00000211625",1,"IGKV3D-20"
"ENSG00000211626",1,"IGKV6D-41"
"ENSG00000211641",1,"IGLV11-55"
"ENSG00000211642",1,"IGLV10-54"
"ENSG00000211647",1,"IGLV5-48"
"ENSG00000211657",1,"IGLV3-32"
"ENSG00000211658",1,"IGLV3-27"
"ENSG00000211661",1,"IGLV3-22"
"ENSG00000211664",1,"IGLV2-18"
"ENSG00000211667",1,"IGLV3-12"
"ENSG00000211670",1,"IGLV3-9"
"ENSG00000211672",1,"IGLV4-3"
"ENSG00000211676",1,"IGLJ2"
"ENSG00000211684",1,"IGLJ7"
"ENSG00000211685",1,"IGLC7"
"ENSG00000211693",1,"TRGV11"
"ENSG00000211701",1,"TRGV1"
"ENSG00000211713",1,"TRBV6-4"
"ENSG00000211715",1,"TRBV5-3"
"ENSG00000211717",1,"TRBV10-1"
"ENSG00000211720",1,"TRBV11-1"
"ENSG00000211721",1,"TRBV6-5"
"ENSG00000211728",1,"TRBV5-6"
"ENSG00000211746",1,"TRBV19"
"ENSG00000211749",1,"TRBV23-1"
"ENSG00000211753",1,"TRBV28"
"ENSG00000211768",1,"TRBJ2-4"
"ENSG00000211781",1,"TRAV7"
"ENSG00000211782",1,"TRAV8-1"
"ENSG00000211784",1,"TRAV10"
"ENSG00000211789",1,"TRAV12-2"
"ENSG00000211792",1,"TRAV14DV4"
"ENSG00000211793",1,"TRAV9-2"
"ENSG00000211794",1,"TRAV12-3"
"ENSG00000211797",1,"TRAV17"
"ENSG00000211801",1,"TRAV21"
"ENSG00000211803",1,"TRAV23DV6"
"ENSG00000211804",1,"TRDV1"
"ENSG00000211805",1,"TRAV24"
"ENSG00000211806",1,"TRAV25"
"ENSG00000211807",1,"TRAV26-1"
"ENSG00000211810",1,"TRAV29DV5"
"ENSG00000211814",1,"TRAV35"
"ENSG00000211816",1,"TRAV38-1"
"ENSG00000211831",1,"TRAJ61"
"ENSG00000211846",1,"TRAJ43"
"ENSG00000211858",1,"TRAJ31"
"ENSG00000211862",1,"TRAJ27"
"ENSG00000211869",1,"TRAJ20"
"ENSG00000211875",1,"TRAJ14"
"ENSG00000211879",1,"TRAJ10"
"ENSG00000211886",1,"TRAJ3"
"ENSG00000211888",1,"TRAJ1"
"ENSG00000211890",1,"IGHA2"
"ENSG00000211891",1,"IGHE"
"ENSG00000211904",1,"IGHJ2"
"ENSG00000211905",1,"IGHJ1"
"ENSG00000211912",1,"IGHD2-21"
"ENSG00000211931",1,"IGHD2-2"
"ENSG00000211933",1,"IGHV6-1"
"ENSG00000211937",1,"IGHV2-5"
"ENSG00000211942",1,"IGHV3-13"
"ENSG00000211944",1,"IGHV3-16"
"ENSG00000211955",1,"IGHV3-33"
"ENSG00000211956",1,"IGHV4-34"
"ENSG00000211958",1,"IGHV3-38"
"ENSG00000211961",1,"IGHV1-45"
"ENSG00000211976",1,"IGHV3-73"
"ENSG00000211979",1,"IGHV7-81"
"ENSG00000211997",1,"MIR708"
"ENSG00000212024",1,"MIR550A3"
"ENSG00000212102",1,"MIR301B"
"ENSG00000212133",1,"RNU6-1168P"
"ENSG00000212134",1,"ENSG00000212134"
"ENSG00000212136",1,"RNU6-696P"
"ENSG00000212144",1,"U8"
"ENSG00000212145",1,"U8"
"ENSG00000212165",1,"U3"
"ENSG00000212167",1,"RNU6-763P"
"ENSG00000212170",1,"RNU1-77P"
"ENSG00000212175",1,"ENSG00000212175"
"ENSG00000212190",1,"RNU6-298P"
"ENSG00000212215",1,"RNU6-913P"
"ENSG00000212226",1,"RNU6-907P"
"ENSG00000212238",1,"RNA5SP244"
"ENSG00000212240",1,"RNU6-930P"
"ENSG00000212242",1,"RNA5SP219"
"ENSG00000212246",1,"RNU6-360P"
"ENSG00000212249",1,"U8"
"ENSG00000212259",1,"RNU6-308P"
"ENSG00000212260",1,"RNU6-724P"
"ENSG00000212269",1,"RNU6-788P"
"ENSG00000212276",1,"RNA5SP292"
"ENSG00000212280",1,"RNA5SP256"
"ENSG00000212295",1,"SNORD28B"
"ENSG00000212305",1,"RNU6-679P"
"ENSG00000212308",1,"RNA5SP23"
"ENSG00000212316",1,"RNU6-1228P"
"ENSG00000212319",1,"Y_RNA"
"ENSG00000212324",1,"RNU6-129P"
"ENSG00000212332",1,"RNU6-780P"
"ENSG00000212335",1,"Y_RNA"
"ENSG00000212336",1,"RNA5SP210"
"ENSG00000212338",1,"ENSG00000212338"
"ENSG00000212358",1,"RNU6-837P"
"ENSG00000212360",1,"RNU6-1177P"
"ENSG00000212363",1,"ENSG00000212363"
"ENSG00000212370",1,"RNU6-482P"
"ENSG00000212374",1,"RNU6-401P"
"ENSG00000212388",1,"RNU6-796P"
"ENSG00000212392",1,"Y_RNA"
"ENSG00000212409",1,"RNY4P18"
"ENSG00000212413",1,"RNU11-3P"
"ENSG00000212418",1,"RNY4P36"
"ENSG00000212424",1,"RNU1-119P"
"ENSG00000212425",1,"RNA5SP105"
"ENSG00000212454",1,"RNA5SP286"
"ENSG00000212459",1,"RNU6-695P"
"ENSG00000212460",1,"RNU6-460P"
"ENSG00000212473",1,"RNU1-101P"
"ENSG00000212475",1,"RNU6-400P"
"ENSG00000212485",1,"RNU6-1197P"
"ENSG00000212490",1,"ENSG00000212490"
"ENSG00000212493",1,"SNORD19"
"ENSG00000212496",1,"RNU6-1093P"
"ENSG00000212505",1,"RNA5SP299"
"ENSG00000212520",1,"RNU6-1250P"
"ENSG00000212527",1,"RNA5SP63"
"ENSG00000212534",1,"SNORD70"
"ENSG00000212541",1,"RNU6-510P"
"ENSG00000212542",1,"RNA5SP496"
"ENSG00000212545",1,"RNU6-337P"
"ENSG00000212550",1,"RNU1-78P"
"ENSG00000212555",1,"RNU6-192P"
"ENSG00000212565",1,"ENSG00000212565"
"ENSG00000212568",1,"RNU6-1254P"
"ENSG00000212569",1,"Y_RNA"
"ENSG00000212572",1,"RNU6-903P"
"ENSG00000212576",1,"RNA5SP467"
"ENSG00000212584",1,"RNU6-587P"
"ENSG00000212593",1,"SNORA75"
"ENSG00000212594",1,"U8"
"ENSG00000212595",1,"RNA5SP525"
"ENSG00000212598",1,"U3"
"ENSG00000212599",1,"RNU6-279P"
"ENSG00000212601",1,"RNA5SP53"
"ENSG00000212610",1,"U3"
"ENSG00000212620",1,"SNORA75"
"ENSG00000212625",1,"RNA5SP397"
"ENSG00000212659",1,"KRTAP9-6"
"ENSG00000212710",1,"CTAGE1"
"ENSG00000212712",1,"ENSG00000212712"
"ENSG00000212717",1,"DEFB117"
"ENSG00000212721",1,"KRTAP4-11"
"ENSG00000212724",1,"KRTAP2-3"
"ENSG00000212725",1,"KRTAP2-1"
"ENSG00000212901",1,"KRTAP3-1"
"ENSG00000212930",1,"ENSG00000212930"
"ENSG00000212935",1,"KRTAP10-3"
"ENSG00000213022",1,"KLK9"
"ENSG00000213024",1,"NUP62"
"ENSG00000213032",1,"NDUFA3P3"
"ENSG00000213067",1,"ENSG00000213067"
"ENSG00000213075",1,"RPL31P11"
"ENSG00000213087",1,"ENSG00000213087"
"ENSG00000213091",1,"PHB1P1"
"ENSG00000213100",1,"KRT18P68"
"ENSG00000213110",1,"RNF11P1"
"ENSG00000213140",1,"ELK2AP"
"ENSG00000213155",1,"ZCCHC10P1"
"ENSG00000213159",1,"CEND1P1"
"ENSG00000213167",1,"Metazoa_SRP"
"ENSG00000213169",1,"RPL8P4"
"ENSG00000213179",1,"RPL17P41"
"ENSG00000213187",1,"COPS5P1"
"ENSG00000213201",1,"FABP5P10"
"ENSG00000213203",1,"GIMAP1"
"ENSG00000213232",1,"PPP1R2P10"
"ENSG00000213233",1,"RPL23AP62"
"ENSG00000213301",1,"HMGB3P11"
"ENSG00000213331",1,"ENSG00000213331"
"ENSG00000213332",1,"SLC25A5P6"
"ENSG00000213355",1,"CNN2P8"
"ENSG00000213371",1,"NAP1L1P3"
"ENSG00000213416",1,"KRTAP4-12"
"ENSG00000213417",1,"KRTAP2-4"
"ENSG00000213421",1,"RPL7AP17"
"ENSG00000213423",1,"RBMX2P2"
"ENSG00000213438",1,"YBX2P1"
"ENSG00000213439",1,"OR5AC1"
"ENSG00000213440",1,"H2AZP1"
"ENSG00000213451",1,"OR6C69P"
"ENSG00000213452",1,"AKR1B1P2"
"ENSG00000213461",1,"RPL32P15"
"ENSG00000213483",1,"NDUFAF4P2"
"ENSG00000213486",1,"ENSG00000213486"
"ENSG00000213487",1,"ASS1P4"
"ENSG00000213488",1,"ENSG00000213488"
"ENSG00000213489",1,"FBLIM1P1"
"ENSG00000213495",1,"RPL26P13"
"ENSG00000213530",1,"MTHFD2P5"
"ENSG00000213533",1,"STIMATE"
"ENSG00000213536",1,"GNG5P1"
"ENSG00000213539",1,"YBX1P6"
"ENSG00000213563",1,"C8orf82"
"ENSG00000213606",1,"AKR1B10P1"
"ENSG00000213607",1,"OR4A45P"
"ENSG00000213614",1,"HEXA"
"ENSG00000213642",1,"ENSG00000213642"
"ENSG00000213643",1,"VN1R37P"
"ENSG00000213644",1,"SAPCD2P1"
"ENSG00000213650",1,"ENSG00000213650"
"ENSG00000213653",1,"RPL22P22"
"ENSG00000213654",1,"GPSM3"
"ENSG00000213658",1,"LAT"
"ENSG00000213661",1,"ENSG00000213661"
"ENSG00000213663",1,"RPL21P58"
"ENSG00000213664",1,"RPS16P8"
"ENSG00000213673",1,"SLC25A5P3"
"ENSG00000213690",1,"ENSG00000213690"
"ENSG00000213698",1,"CAPZA1P3"
"ENSG00000213724",1,"PRDX2P2"
"ENSG00000213727",1,"ENSG00000213727"
"ENSG00000213729",1,"RPS16P2"
"ENSG00000213736",1,"BRI3P2"
"ENSG00000213747",1,"WASHC3P1"
"ENSG00000213750",1,"ENSG00000213750"
"ENSG00000213774",1,"ENSG00000213774"
"ENSG00000213778",1,"HNRNPA1P32"
"ENSG00000213781",1,"PSMC1P2"
"ENSG00000213785",1,"AKR1B1P3"
"ENSG00000213787",1,"RPL7AP38"
"ENSG00000213798",1,"RPL7AP41"
"ENSG00000213822",1,"CEACAM18"
"ENSG00000213873",1,"PPIAP86"
"ENSG00000213882",1,"CYB5AP4"
"ENSG00000213900",1,"RPS17P1"
"ENSG00000213901",1,"SLC23A3"
"ENSG00000213920",1,"MDP1"
"ENSG00000213925",1,"NPM1P33"
"ENSG00000213930",1,"GALT"
"ENSG00000213954",1,"ATP5PDP3"
"ENSG00000213959",1,"ENSG00000213959"
"ENSG00000213999",1,"MEF2B"
"ENSG00000214015",1,"RPL32P23"
"ENSG00000214020",1,"FTLP4"
"ENSG00000214022",1,"REPIN1"
"ENSG00000214024",1,"RPL23AP29"
"ENSG00000214025",1,"ATP5PBP4"
"ENSG00000214035",1,"ENSG00000214035"
"ENSG00000214039",1,"LINC02418"
"ENSG00000214046",1,"SMIM7"
"ENSG00000214064",1,"RPL6P5"
"ENSG00000214071",1,"ENSG00000214071"
"ENSG00000214078",1,"CPNE1"
"ENSG00000214097",1,"SMCO1"
"ENSG00000214111",1,"PAFAH1B2P1"
"ENSG00000214140",1,"PRCD"
"ENSG00000214146",1,"LINC02026"
"ENSG00000214147",1,"ENAHP1"
"ENSG00000214198",1,"TTC41P"
"ENSG00000214200",1,"TPM3P2"
"ENSG00000214216",1,"IQCJ"
"ENSG00000214226",1,"C17orf67"
"ENSG00000214245",1,"PUDPP3"
"ENSG00000214249",1,"CTAGE11P"
"ENSG00000214262",1,"ANKRD36BP1"
"ENSG00000214266",1,"STARP1"
"ENSG00000214278",1,"ENSG00000214278"
"ENSG00000214281",1,"HMGN2P39"
"ENSG00000214288",1,"HMGB3P13"
"ENSG00000214297",1,"ALDOAP2"
"ENSG00000214301",1,"MAF1P1"
"ENSG00000214321",1,"CBX1P4"
"ENSG00000214324",1,"PRR23E"
"ENSG00000214329",1,"SLC9B1P2"
"ENSG00000214330",1,"ABCD1P5"
"ENSG00000214335",1,"CTAGE16P"
"ENSG00000214357",1,"NEURL1B"
"ENSG00000214367",1,"HAUS3"
"ENSG00000214374",1,"RPLP2P1"
"ENSG00000214380",1,"NFYBP1"
"ENSG00000214405",1,"RAP1BP2"
"ENSG00000214407",1,"RDUR"
"ENSG00000214456",1,"PLIN5"
"ENSG00000214460",1,"TPT1P6"
"ENSG00000214518",1,"KRTAP2-2"
"ENSG00000214530",1,"STARD10"
"ENSG00000214541",1,"RPS4XP3"
"ENSG00000214584",1,"PGGT1BP2"
"ENSG00000214595",1,"EML6"
"ENSG00000214604",1,"NPM1P36"
"ENSG00000214607",1,"ADAM24P"
"ENSG00000214614",1,"ENSG00000214614"
"ENSG00000214617",1,"SLC6A10P"
"ENSG00000214646",1,"COMMD4P1"
"ENSG00000214660",1,"SLC29A4P2"
"ENSG00000214671",1,"RPL6P12"
"ENSG00000214684",1,"ANKRD49P4"
"ENSG00000214719",1,"ENSG00000214719"
"ENSG00000214748",1,"ENSG00000214748"
"ENSG00000214782",1,"MS4A18"
"ENSG00000214794",1,"KRT18P42"
"ENSG00000214807",1,"NPM1P31"
"ENSG00000214810",1,"CYCSP55"
"ENSG00000214812",1,"ARL8BP2"
"ENSG00000214825",1,"EI24P3"
"ENSG00000214886",1,"FAM177A1P1"
"ENSG00000214891",1,"TRIM64C"
"ENSG00000214897",1,"PNMA6E"
"ENSG00000214900",1,"LINC01588"
"ENSG00000214917",1,"ENSG00000214917"
"ENSG00000214925",1,"RPL36AP52"
"ENSG00000214930",1,"KRT8P6"
"ENSG00000214943",1,"GPR33"
"ENSG00000214944",1,"ARHGEF28"
"ENSG00000214970",1,"ENSG00000214970"
"ENSG00000214980",1,"ENSG00000214980"
"ENSG00000215003",1,"RPL15P20"
"ENSG00000215009",1,"ACSM4"
"ENSG00000215016",1,"RPL24P7"
"ENSG00000215018",1,"COL28A1"
"ENSG00000215037",1,"VENTXP2"
"ENSG00000215039",1,"CD27-AS1"
"ENSG00000215041",1,"NEURL4"
"ENSG00000215054",1,"HNRNPCP10"
"ENSG00000215094",1,"ENSG00000215094"
"ENSG00000215117",1,"LINC00588"
"ENSG00000215120",1,"SOCS6P1"
"ENSG00000215151",1,"ABCD1P2"
"ENSG00000215160",1,"OR7E122P"
"ENSG00000215165",1,"TCEA1P3"
"ENSG00000215168",1,"ATXN7L3P1"
"ENSG00000215177",1,"IGLV8OR8-1"
"ENSG00000215256",1,"DHRS4-AS1"
"ENSG00000215262",1,"KCNU1"
"ENSG00000215263",1,"ENSG00000215263"
"ENSG00000215264",1,"RPL10AP3"
"ENSG00000215268",1,"ENSG00000215268"
"ENSG00000215296",1,"TMCO5B"
"ENSG00000215339",1,"ZNF705CP"
"ENSG00000215351",1,"PPIAP1"
"ENSG00000215367",1,"TMED11P"
"ENSG00000215368",1,"BOD1P2"
"ENSG00000215369",1,"RPL37P3"
"ENSG00000215381",1,"RPL29P6"
"ENSG00000215417",1,"MIR17HG"
"ENSG00000215441",1,"CTAGE12P"
"ENSG00000215457",1,"RPS8P3"
"ENSG00000215472",1,"RPL17-C18orf32"
"ENSG00000215474",1,"SKOR2"
"ENSG00000215477",1,"RCN1P1"
"ENSG00000215533",1,"LINC00189"
"ENSG00000215545",1,"DEFB116"
"ENSG00000215546",1,"DKKL1P1"
"ENSG00000215553",1,"KRT18P3"
"ENSG00000215562",1,"CNN2P7"
"ENSG00000215567",1,"ENSG00000215567"
"ENSG00000215586",1,"ENSG00000215586"
"ENSG00000215704",1,"CELA2B"
"ENSG00000215765",1,"ENSG00000215765"
"ENSG00000215807",1,"KRT18P65"
"ENSG00000215811",1,"BTNL10P"
"ENSG00000215834",1,"FMO9P"
"ENSG00000215864",1,"NBPF7P"
"ENSG00000215887",1,"ZNF859P"
"ENSG00000215893",1,"RPL23AP17"
"ENSG00000215905",1,"RPL36P5"
"ENSG00000215930",1,"MIR942"
"ENSG00000215938",1,"MIR190B"
"ENSG00000215939",1,"MIR873"
"ENSG00000215957",1,"MIR300"
"ENSG00000215966",1,"MIR876"
"ENSG00000216001",1,"MIR450B"
"ENSG00000216009",1,"MIR874"
"ENSG00000216035",1,"MIR938"
"ENSG00000216056",1,"MIR891A"
"ENSG00000216058",1,"MIR944"
"ENSG00000216060",1,"MIR934"
"ENSG00000216064",1,"MIR891B"
"ENSG00000216075",1,"MIR890"
"ENSG00000216077",1,"MIR887"
"ENSG00000216099",1,"MIR889"
"ENSG00000216135",1,"MIR885"
"ENSG00000216191",1,"MIR8485"
"ENSG00000216368",1,"RPL7AP36"
"ENSG00000216439",1,"DUTP5"
"ENSG00000216444",1,"RAET1M"
"ENSG00000216518",1,"EEF1GP6"
"ENSG00000216616",1,"ENSG00000216616"
"ENSG00000216624",1,"GAPDHP72"
"ENSG00000216671",1,"CCNYL3"
"ENSG00000216708",1,"CIR1P3"
"ENSG00000216713",1,"MTND4P13"
"ENSG00000216721",1,"ENSG00000216721"
"ENSG00000216853",1,"MTCYBP36"
"ENSG00000216902",1,"RPL31P32"
"ENSG00000216904",1,"SOCS5P5"
"ENSG00000216921",1,"FAM240C"
"ENSG00000216966",1,"ENSG00000216966"
"ENSG00000216998",1,"CYP2AC1P"
"ENSG00000217044",1,"MTCO3P31"
"ENSG00000217085",1,"HMGB3P19"
"ENSG00000217089",1,"RPS29P13"
"ENSG00000217160",1,"MTCO2P31"
"ENSG00000217272",1,"RAB1AP2"
"ENSG00000217315",1,"OR2W2P"
"ENSG00000217327",1,"RPS7P5"
"ENSG00000217331",1,"ENSG00000217331"
"ENSG00000217377",1,"AK4P5"
"ENSG00000217408",1,"PRELID1P2"
"ENSG00000217414",1,"DDX18P3"
"ENSG00000217477",1,"ENSG00000217477"
"ENSG00000217482",1,"HMGB1P17"
"ENSG00000217483",1,"ENSG00000217483"
"ENSG00000217514",1,"ENSG00000217514"
"ENSG00000217585",1,"MDH1P2"
"ENSG00000217631",1,"ENSG00000217631"
"ENSG00000217680",1,"UBE2V1P15"
"ENSG00000217686",1,"NUS1P4"
"ENSG00000217707",1,"SERPINB8P1"
"ENSG00000217718",1,"NDUFB4P4"
"ENSG00000217770",1,"FEM1AP3"
"ENSG00000217786",1,"ENSG00000217786"
"ENSG00000217809",1,"FAT1P1"
"ENSG00000217824",1,"SNRPEP6"
"ENSG00000217825",1,"ENSG00000217825"
"ENSG00000217897",1,"HSPE1P8"
"ENSG00000218014",1,"KRT19P1"
"ENSG00000218069",1,"RSL24D1P1"
"ENSG00000218143",1,"ERHP2"
"ENSG00000218153",1,"KRT18P22"
"ENSG00000218187",1,"ENSG00000218187"
"ENSG00000218213",1,"FTH1P26"
"ENSG00000218337",1,"ENSG00000218337"
"ENSG00000218347",1,"HNRNPA1P1"
"ENSG00000218350",1,"LYPLA1P3"
"ENSG00000218351",1,"RPS3AP23"
"ENSG00000218357",1,"LINC01644"
"ENSG00000218476",1,"RPL6P18"
"ENSG00000218483",1,"ENSG00000218483"
"ENSG00000218520",1,"ENSG00000218520"
"ENSG00000218549",1,"OR4K12P"
"ENSG00000218617",1,"ENSG00000218617"
"ENSG00000218689",1,"RPL5P21"
"ENSG00000218754",1,"RPL18AP8"
"ENSG00000218776",1,"MTATP6P31"
"ENSG00000218819",1,"TDRD15"
"ENSG00000218868",1,"CNN3P1"
"ENSG00000218965",1,"NACAP7"
"ENSG00000218991",1,"CCNG1P1"
"ENSG00000219088",1,"ENSG00000219088"
"ENSG00000219139",1,"TYMSP1"
"ENSG00000219146",1,"RPS4XP8"
"ENSG00000219222",1,"RPL12P47"
"ENSG00000219240",1,"ENSG00000219240"
"ENSG00000219253",1,"RPS6P7"
"ENSG00000219273",1,"ENSG00000219273"
"ENSG00000219274",1,"RPS20P2"
"ENSG00000219280",1,"VN1R8P"
"ENSG00000219314",1,"ENSG00000219314"
"ENSG00000219329",1,"ENSG00000219329"
"ENSG00000219368",1,"ZNF299P"
"ENSG00000219453",1,"ENSG00000219453"
"ENSG00000219492",1,"ENSG00000219492"
"ENSG00000219549",1,"ENSG00000219549"
"ENSG00000219559",1,"ENSG00000219559"
"ENSG00000219575",1,"NGRNP2"
"ENSG00000219604",1,"ENSG00000219604"
"ENSG00000219622",1,"ENSG00000219622"
"ENSG00000219627",1,"CYCSP17"
"ENSG00000219669",1,"BECN1P2"
"ENSG00000219700",1,"PTCHD3P3"
"ENSG00000219703",1,"RAP1BP3"
"ENSG00000219738",1,"CD83P1"
"ENSG00000219757",1,"ENSG00000219757"
"ENSG00000219770",1,"VN1R11P"
"ENSG00000219773",1,"RPSAP45"
"ENSG00000219784",1,"ENSG00000219784"
"ENSG00000219806",1,"ATP5PBP6"
"ENSG00000219863",1,"RPL31P28"
"ENSG00000219870",1,"BRK1P1"
"ENSG00000219930",1,"GAPDHP67"
"ENSG00000220131",1,"ENSG00000220131"
"ENSG00000220139",1,"ENSG00000220139"
"ENSG00000220240",1,"ENSG00000220240"
"ENSG00000220248",1,"ZNF402P"
"ENSG00000220291",1,"ENSG00000220291"
"ENSG00000220311",1,"RPL35AP18"
"ENSG00000220326",1,"ENSG00000220326"
"ENSG00000220340",1,"MTCO1P56"
"ENSG00000220370",1,"ENSG00000220370"
"ENSG00000220447",1,"ENSG00000220447"
"ENSG00000220505",1,"EIF4EBP2P3"
"ENSG00000220553",1,"RPL5P19"
"ENSG00000220556",1,"ENSG00000220556"
"ENSG00000220585",1,"DDX18P6"
"ENSG00000220635",1,"KRASP1"
"ENSG00000220702",1,"ENSG00000220702"
"ENSG00000220730",1,"H3P27"
"ENSG00000220734",1,"ENSG00000220734"
"ENSG00000220748",1,"ENSG00000220748"
"ENSG00000220831",1,"NDUFA5P9"
"ENSG00000220842",1,"RPL21P16"
"ENSG00000220868",1,"MRPL35P1"
"ENSG00000220908",1,"LINC02531"
"ENSG00000220924",1,"OSTCP4"
"ENSG00000220949",1,"ENSG00000220949"
"ENSG00000220986",1,"ENSG00000220986"
"ENSG00000221015",1,"RNU6ATAC29P"
"ENSG00000221033",1,"MIR1272"
"ENSG00000221038",1,"RNU6ATAC7P"
"ENSG00000221039",1,"MIR1286"
"ENSG00000221046",1,"RNU6ATAC38P"
"ENSG00000221052",1,"MIR1266"
"ENSG00000221091",1,"MIR1302-5"
"ENSG00000221093",1,"ENSG00000221093"
"ENSG00000221114",1,"RNU6ATAC30P"
"ENSG00000221184",1,"ENSG00000221184"
"ENSG00000221216",1,"RNU6ATAC27P"
"ENSG00000221261",1,"MIR1208"
"ENSG00000221265",1,"MIR1255A"
"ENSG00000221288",1,"MIR663B"
"ENSG00000221303",1,"SNORA79"
"ENSG00000221331",1,"MIR548Q"
"ENSG00000221340",1,"RNU6ATAC18P"
"ENSG00000221345",1,"U3"
"ENSG00000221363",1,"RNU6ATAC20P"
"ENSG00000221375",1,"RNU6ATAC23P"
"ENSG00000221387",1,"RNU6ATAC8P"
"ENSG00000221393",1,"MIR1302-6"
"ENSG00000221436",1,"MIR548F3"
"ENSG00000221439",1,"RNU4ATAC16P"
"ENSG00000221442",1,"MIR548F4"
"ENSG00000221455",1,"U3"
"ENSG00000221456",1,"MIR1202"
"ENSG00000221464",1,"MIR1271"
"ENSG00000221479",1,"MIR1251"
"ENSG00000221498",1,"ENSG00000221498"
"ENSG00000221520",1,"MIR1285-1"
"ENSG00000221539",1,"SNORD99"
"ENSG00000221564",1,"RNU6ATAC42P"
"ENSG00000221604",1,"MIR1293"
"ENSG00000221611",1,"ENSG00000221611"
"ENSG00000221614",1,"MIR1185-2"
"ENSG00000221628",1,"MIR1302-4"
"ENSG00000221634",1,"MIR1276"
"ENSG00000221638",1,"U3"
"ENSG00000221643",1,"SNORA77"
"ENSG00000221669",1,"MIR548N"
"ENSG00000221673",1,"U3"
"ENSG00000221676",1,"RNU6ATAC"
"ENSG00000221698",1,"MIR548H3"
"ENSG00000221703",1,"MIR302E"
"ENSG00000221710",1,"MIR1298"
"ENSG00000221739",1,"MIR1203"
"ENSG00000221753",1,"ENSG00000221753"
"ENSG00000221763",1,"MIR1289-1"
"ENSG00000221782",1,"MIR548F2"
"ENSG00000221792",1,"MIR1282"
"ENSG00000221838",1,"AP4M1"
"ENSG00000221840",1,"OR4A5"
"ENSG00000221852",1,"KRTAP1-5"
"ENSG00000221855",1,"TAS2R41"
"ENSG00000221857",1,"ENSG00000221857"
"ENSG00000221867",1,"MAGEA3"
"ENSG00000221878",1,"PSG7"
"ENSG00000221880",1,"KRTAP1-3"
"ENSG00000221882",1,"OR3A2"
"ENSG00000221900",1,"POM121L12"
"ENSG00000221910",1,"OR2F2"
"ENSG00000221914",1,"PPP2R2A"
"ENSG00000221930",1,"DENND10P1"
"ENSG00000221954",1,"OR4C12"
"ENSG00000221957",1,"KIR2DS4"
"ENSG00000221977",1,"OR4E2"
"ENSG00000221989",1,"OR2A2"
"ENSG00000221996",1,"OR52B4"
"ENSG00000222004",1,"LINC02860"
"ENSG00000222007",1,"ENSG00000222007"
"ENSG00000222041",1,"CYTOR"
"ENSG00000222057",1,"RNU4-62P"
"ENSG00000222067",1,"RNU4-86P"
"ENSG00000222092",1,"RNU6-908P"
"ENSG00000222099",1,"RN7SKP32"
"ENSG00000222107",1,"RN7SKP117"
"ENSG00000222108",1,"RNA5SP317"
"ENSG00000222118",1,"RNA5SP487"
"ENSG00000222126",1,"RNU2-9P"
"ENSG00000222139",1,"RNU6-380P"
"ENSG00000222148",1,"RNY4P30"
"ENSG00000222150",1,"RNA5SP239"
"ENSG00000222154",1,"RN7SKP218"
"ENSG00000222170",1,"RNU6-257P"
"ENSG00000222177",1,"RNU4-30P"
"ENSG00000222182",1,"RNA5SP156"
"ENSG00000222202",1,"RNU4-26P"
"ENSG00000222208",1,"RNA5SP129"
"ENSG00000222224",1,"Y_RNA"
"ENSG00000222249",1,"RNU6-262P"
"ENSG00000222251",1,"RNA5SP95"
"ENSG00000222257",1,"RN7SKP199"
"ENSG00000222267",1,"RNU6-892P"
"ENSG00000222268",1,"RNA5SP425"
"ENSG00000222281",1,"RN7SKP111"
"ENSG00000222282",1,"RNU6-584P"
"ENSG00000222285",1,"RNA5SP193"
"ENSG00000222287",1,"RNU6-1043P"
"ENSG00000222293",1,"RNU2-36P"
"ENSG00000222300",1,"RNU2-21P"
"ENSG00000222302",1,"RNA5SP371"
"ENSG00000222305",1,"Y_RNA"
"ENSG00000222313",1,"RN7SKP267"
"ENSG00000222320",1,"RNU6-1050P"
"ENSG00000222327",1,"RNU6-855P"
"ENSG00000222344",1,"RNU6-613P"
"ENSG00000222351",1,"RNY1P15"
"ENSG00000222355",1,"RNU2-29P"
"ENSG00000222361",1,"RNU6-1186P"
"ENSG00000222363",1,"RNU4-34P"
"ENSG00000222370",1,"SNORA36B"
"ENSG00000222371",1,"RN7SKP202"
"ENSG00000222378",1,"RNA5SP44"
"ENSG00000222399",1,"RNU6-791P"
"ENSG00000222414",1,"RNU2-59P"
"ENSG00000222418",1,"RNA5SP113"
"ENSG00000222421",1,"Y_RNA"
"ENSG00000222428",1,"RNA5SP231"
"ENSG00000222432",1,"Y_RNA"
"ENSG00000222436",1,"RN7SKP278"
"ENSG00000222451",1,"RN7SKP143"
"ENSG00000222452",1,"RN7SKP59"
"ENSG00000222457",1,"RNU6-121P"
"ENSG00000222477",1,"RNU2-23P"
"ENSG00000222486",1,"RNU6-77P"
"ENSG00000222490",1,"RNU6-712P"
"ENSG00000222499",1,"RN7SKP177"
"ENSG00000222509",1,"Y_RNA"
"ENSG00000222522",1,"RNU6-519P"
"ENSG00000222533",1,"RNU6-705P"
"ENSG00000222546",1,"RNA5SP251"
"ENSG00000222552",1,"RNA5SP60"
"ENSG00000222558",1,"RNU6-1064P"
"ENSG00000222560",1,"RNU4-43P"
"ENSG00000222574",1,"RN7SKP61"
"ENSG00000222578",1,"RNA5SP345"
"ENSG00000222581",1,"RNU2-47P"
"ENSG00000222582",1,"RNU2-66P"
"ENSG00000222598",1,"RNU2-49P"
"ENSG00000222604",1,"ENSG00000222604"
"ENSG00000222607",1,"RNU6-628P"
"ENSG00000222609",1,"RNU4-69P"
"ENSG00000222610",1,"RNU6-402P"
"ENSG00000222617",1,"RN7SKP254"
"ENSG00000222626",1,"RNU2-48P"
"ENSG00000222635",1,"RNU6-1203P"
"ENSG00000222664",1,"RN7SKP123"
"ENSG00000222685",1,"RN7SKP119"
"ENSG00000222686",1,"RNU4-72P"
"ENSG00000222691",1,"RNU6-733P"
"ENSG00000222701",1,"Y_RNA"
"ENSG00000222706",1,"RN7SKP89"
"ENSG00000222713",1,"RN7SKP51"
"ENSG00000222727",1,"RNU4-64P"
"ENSG00000222733",1,"RNY4P29"
"ENSG00000222736",1,"RNU4-6P"
"ENSG00000222740",1,"RNA5SP328"
"ENSG00000222741",1,"RNA5SP229"
"ENSG00000222747",1,"RNA5SP25"
"ENSG00000222774",1,"RN7SKP121"
"ENSG00000222777",1,"RNU6-233P"
"ENSG00000222784",1,"RN7SKP91"
"ENSG00000222800",1,"RNU2-62P"
"ENSG00000222806",1,"RNA5SP225"
"ENSG00000222826",1,"RN7SKP286"
"ENSG00000222832",1,"RNA5SP120"
"ENSG00000222842",1,"RN7SKP168"
"ENSG00000222874",1,"RN7SKP33"
"ENSG00000222881",1,"Y_RNA"
"ENSG00000222895",1,"RNU6-1133P"
"ENSG00000222915",1,"RNU6-564P"
"ENSG00000222924",1,"RNU6-1148P"
"ENSG00000222940",1,"RNU6-370P"
"ENSG00000222941",1,"Y_RNA"
"ENSG00000222942",1,"RN7SKP58"
"ENSG00000222950",1,"RN7SKP262"
"ENSG00000222952",1,"RNA5SP41"
"ENSG00000222971",1,"RNA5SP222"
"ENSG00000222979",1,"RN7SKP167"
"ENSG00000222982",1,"RN7SKP216"
"ENSG00000222983",1,"RNA5SP127"
"ENSG00000222985",1,"RNU2-14P"
"ENSG00000222998",1,"RN7SKP259"
"ENSG00000223001",1,"RNU2-61P"
"ENSG00000223003",1,"RNA5SP184"
"ENSG00000223007",1,"RN7SKP73"
"ENSG00000223015",1,"RNU6-1135P"
"ENSG00000223024",1,"RNU6-55P"
"ENSG00000223042",1,"RN7SKP161"
"ENSG00000223060",1,"Y_RNA"
"ENSG00000223062",1,"RNU6-1245P"
"ENSG00000223076",1,"RNA5SP31"
"ENSG00000223088",1,"RMRPP5"
"ENSG00000223118",1,"RN7SKP102"
"ENSG00000223120",1,"RN7SKP181"
"ENSG00000223131",1,"RNA5SP304"
"ENSG00000223138",1,"RNA5SP450"
"ENSG00000223162",1,"RNA5SP280"
"ENSG00000223168",1,"RN7SKP142"
"ENSG00000223174",1,"RN7SKP17"
"ENSG00000223175",1,"RNU4-61P"
"ENSG00000223188",1,"Y_RNA"
"ENSG00000223189",1,"RNU6-177P"
"ENSG00000223197",1,"RNU6-1001P"
"ENSG00000223202",1,"RN7SKP297"
"ENSG00000223215",1,"RNU6-607P"
"ENSG00000223217",1,"RNU6-938P"
"ENSG00000223223",1,"RN7SKP192"
"ENSG00000223229",1,"RN7SKP270"
"ENSG00000223238",1,"RNA5SP294"
"ENSG00000223245",1,"RNU4-63P"
"ENSG00000223260",1,"RN7SKP194"
"ENSG00000223262",1,"RNA5SP492"
"ENSG00000223269",1,"RN7SKP53"
"ENSG00000223273",1,"RN7SKP172"
"ENSG00000223281",1,"RN7SKP85"
"ENSG00000223282",1,"RN7SKP165"
"ENSG00000223287",1,"RNU6-954P"
"ENSG00000223293",1,"RNA5SP270"
"ENSG00000223294",1,"SNORD83"
"ENSG00000223308",1,"RN7SKP101"
"ENSG00000223313",1,"RNU6-516P"
"ENSG00000223330",1,"RNU6-1052P"
"ENSG00000223335",1,"RNU6-603P"
"ENSG00000223361",1,"FTH1P10"
"ENSG00000223381",1,"LINC02661"
"ENSG00000223382",1,"LINC01778"
"ENSG00000223383",1,"H2ACP1"
"ENSG00000223394",1,"TRBV29OR9-2"
"ENSG00000223398",1,"PRR3P1"
"ENSG00000223400",1,"ENSG00000223400"
"ENSG00000223433",1,"RPS29P9"
"ENSG00000223438",1,"ENSG00000223438"
"ENSG00000223440",1,"ENSG00000223440"
"ENSG00000223442",1,"TH2LCRR"
"ENSG00000223445",1,"RPL6P21"
"ENSG00000223446",1,"ENSG00000223446"
"ENSG00000223452",1,"HMGN2P18"
"ENSG00000223455",1,"ENSG00000223455"
"ENSG00000223457",1,"HTATSF1P1"
"ENSG00000223470",1,"LINC02629"
"ENSG00000223482",1,"NUTM2A-AS1"
"ENSG00000223485",1,"LINC01615"
"ENSG00000223498",1,"SLC35C2P1"
"ENSG00000223506",1,"SLC20A1P1"
"ENSG00000223508",1,"RPL23AP53"
"ENSG00000223530",1,"ENSG00000223530"
"ENSG00000223534",1,"HLA-DQB1-AS1"
"ENSG00000223536",1,"ENSG00000223536"
"ENSG00000223539",1,"ENSG00000223539"
"ENSG00000223550",1,"SNRPBP1"
"ENSG00000223554",1,"ENSG00000223554"
"ENSG00000223565",1,"ENSG00000223565"
"ENSG00000223566",1,"TNRC18P2"
"ENSG00000223568",1,"RPL3P11"
"ENSG00000223570",1,"ENSG00000223570"
"ENSG00000223574",1,"TPMTP4"
"ENSG00000223581",1,"LINC02665"
"ENSG00000223593",1,"ENSG00000223593"
"ENSG00000223595",1,"LYPLA1P1"
"ENSG00000223597",1,"LINC02142"
"ENSG00000223603",1,"CRPP1"
"ENSG00000223605",1,"ENSG00000223605"
"ENSG00000223614",1,"ZNF735"
"ENSG00000223617",1,"LINC00370"
"ENSG00000223623",1,"ENSG00000223623"
"ENSG00000223628",1,"ENSG00000223628"
"ENSG00000223629",1,"DEFA8P"
"ENSG00000223642",1,"ENSG00000223642"
"ENSG00000223651",1,"ENSG00000223651"
"ENSG00000223652",1,"PRDM6-AS1"
"ENSG00000223688",1,"RPS24P14"
"ENSG00000223702",1,"ZDHHC20P2"
"ENSG00000223707",1,"SFR1P2"
"ENSG00000223710",1,"CRYGGP"
"ENSG00000223715",1,"LINC01208"
"ENSG00000223716",1,"ENSG00000223716"
"ENSG00000223725",1,"ENSG00000223725"
"ENSG00000223727",1,"ENSG00000223727"
"ENSG00000223729",1,"LINC02247"
"ENSG00000223738",1,"HSP90AB5P"
"ENSG00000223740",1,"ENSG00000223740"
"ENSG00000223777",1,"RPL29P8"
"ENSG00000223779",1,"ENSG00000223779"
"ENSG00000223783",1,"LINC01983"
"ENSG00000223788",1,"DIS3L2P1"
"ENSG00000223800",1,"ENSG00000223800"
"ENSG00000223802",1,"CERS1"
"ENSG00000223806",1,"LINC00114"
"ENSG00000223808",1,"ENSG00000223808"
"ENSG00000223814",1,"ENSG00000223814"
"ENSG00000223817",1,"CDH23-AS1"
"ENSG00000223831",1,"ENSG00000223831"
"ENSG00000223841",1,"ENSG00000223841"
"ENSG00000223845",1,"VN1R40P"
"ENSG00000223847",1,"ENSG00000223847"
"ENSG00000223855",1,"PDGFA-DT"
"ENSG00000223869",1,"ENSG00000223869"
"ENSG00000223870",1,"ENSG00000223870"
"ENSG00000223874",1,"LINC01921"
"ENSG00000223881",1,"ENSG00000223881"
"ENSG00000223897",1,"ENSG00000223897"
"ENSG00000223912",1,"EEF1A1P36"
"ENSG00000223920",1,"ENSG00000223920"
"ENSG00000223940",1,"KRT8P8"
"ENSG00000223944",1,"ENSG00000223944"
"ENSG00000223948",1,"ENSG00000223948"
"ENSG00000223951",1,"H2ACP2"
"ENSG00000223960",1,"CHROMR"
"ENSG00000223962",1,"UBBP3"
"ENSG00000223970",1,"RRBP1P1"
"ENSG00000223974",1,"BNIP3P42"
"ENSG00000223985",1,"LINC01874"
"ENSG00000223987",1,"RPL26P28"
"ENSG00000223999",1,"ENSG00000223999"
"ENSG00000224017",1,"LINC01449"
"ENSG00000224032",1,"EPB41L4A-AS1"
"ENSG00000224042",1,"MTND4P6"
"ENSG00000224045",1,"PAEPP1"
"ENSG00000224048",1,"LINC02612"
"ENSG00000224062",1,"TUBB4BP5"
"ENSG00000224064",1,"RPL32P6"
"ENSG00000224069",1,"ENSG00000224069"
"ENSG00000224082",1,"UBTFL8"
"ENSG00000224090",1,"ENSG00000224090"
"ENSG00000224092",1,"ENSG00000224092"
"ENSG00000224101",1,"ELMO1-AS1"
"ENSG00000224104",1,"ENSG00000224104"
"ENSG00000224110",1,"MTRF1LP2"
"ENSG00000224134",1,"ENSG00000224134"
"ENSG00000224141",1,"MIR548XHG"
"ENSG00000224159",1,"HMGB1P9"
"ENSG00000224160",1,"CICP10"
"ENSG00000224164",1,"LINC02828"
"ENSG00000224184",1,"MIR3681HG"
"ENSG00000224187",1,"LINC01991"
"ENSG00000224192",1,"SEZ6L-AS1"
"ENSG00000224203",1,"RPS23P10"
"ENSG00000224221",1,"RPS6P8"
"ENSG00000224222",1,"LINC02636"
"ENSG00000224228",1,"ENSG00000224228"
"ENSG00000224233",1,"OR2J4P"
"ENSG00000224236",1,"MRRFP1"
"ENSG00000224239",1,"ENSG00000224239"
"ENSG00000224250",1,"ENSG00000224250"
"ENSG00000224254",1,"MTCO1P39"
"ENSG00000224259",1,"LINC01133"
"ENSG00000224260",1,"ENSG00000224260"
"ENSG00000224263",1,"CYCSP12"
"ENSG00000224267",1,"ENSG00000224267"
"ENSG00000224269",1,"ENSG00000224269"
"ENSG00000224272",1,"ENSG00000224272"
"ENSG00000224278",1,"ENSG00000224278"
"ENSG00000224288",1,"MTCYBP11"
"ENSG00000224296",1,"MRPL49P1"
"ENSG00000224297",1,"ENSG00000224297"
"ENSG00000224300",1,"OR51P1P"
"ENSG00000224301",1,"ENSG00000224301"
"ENSG00000224311",1,"WDTC1-DT"
"ENSG00000224314",1,"TCERG1P1"
"ENSG00000224322",1,"ENSG00000224322"
"ENSG00000224326",1,"ENSG00000224326"
"ENSG00000224330",1,"ENSG00000224330"
"ENSG00000224344",1,"KNOP1P3"
"ENSG00000224357",1,"ATG3P1"
"ENSG00000224375",1,"ENSG00000224375"
"ENSG00000224382",1,"LINC00703"
"ENSG00000224383",1,"PRR29"
"ENSG00000224397",1,"PELATON"
"ENSG00000224402",1,"OR6D1P"
"ENSG00000224403",1,"DPPA2P3"
"ENSG00000224405",1,"LINC00572"
"ENSG00000224406",1,"LINC02052"
"ENSG00000224410",1,"ENSG00000224410"
"ENSG00000224419",1,"KRT18P27"
"ENSG00000224424",1,"PRKAR2A-AS1"
"ENSG00000224435",1,"NF1P6"
"ENSG00000224458",1,"GUSBP6"
"ENSG00000224465",1,"SOCS2P2"
"ENSG00000224466",1,"CDCA4P2"
"ENSG00000224475",1,"RPL7AP40"
"ENSG00000224478",1,"ENSG00000224478"
"ENSG00000224479",1,"CDHR18P"
"ENSG00000224486",1,"ENSG00000224486"
"ENSG00000224500",1,"ENSG00000224500"
"ENSG00000224513",1,"ENSG00000224513"
"ENSG00000224523",1,"ENSG00000224523"
"ENSG00000224529",1,"ENSG00000224529"
"ENSG00000224540",1,"TFDP1P1"
"ENSG00000224547",1,"ZNF619P1"
"ENSG00000224548",1,"ENSG00000224548"
"ENSG00000224551",1,"HMGB3P21"
"ENSG00000224560",1,"ENSG00000224560"
"ENSG00000224565",1,"LINC01754"
"ENSG00000224568",1,"LINC01886"
"ENSG00000224585",1,"ENSG00000224585"
"ENSG00000224589",1,"ORC1P1"
"ENSG00000224604",1,"ENSG00000224604"
"ENSG00000224605",1,"ENSG00000224605"
"ENSG00000224607",1,"IGKV1D-27"
"ENSG00000224625",1,"TUBB8P6"
"ENSG00000224626",1,"ENSG00000224626"
"ENSG00000224627",1,"RPL37P10"
"ENSG00000224655",1,"LINC01823"
"ENSG00000224656",1,"SMSP1"
"ENSG00000224660",1,"SH3BP5-AS1"
"ENSG00000224667",1,"ENSG00000224667"
"ENSG00000224674",1,"EIF3EP2"
"ENSG00000224679",1,"MED15P4"
"ENSG00000224683",1,"RPL36AP29"
"ENSG00000224686",1,"ELOCP23"
"ENSG00000224695",1,"MTND6P7"
"ENSG00000224701",1,"MED28P4"
"ENSG00000224706",1,"RPS17P13"
"ENSG00000224718",1,"LINC01657"
"ENSG00000224721",1,"FLVCR2-AS1"
"ENSG00000224723",1,"GUSBP10"
"ENSG00000224725",1,"CEP57L1P1"
"ENSG00000224752",1,"VN1R21P"
"ENSG00000224758",1,"LINC01167"
"ENSG00000224760",1,"C1DP3"
"ENSG00000224778",1,"CENPIP1"
"ENSG00000224783",1,"MIPEPP2"
"ENSG00000224788",1,"LINC02670"
"ENSG00000224807",1,"DUX4L9"
"ENSG00000224814",1,"ENSG00000224814"
"ENSG00000224816",1,"NAP1L4P2"
"ENSG00000224817",1,"LINC03046"
"ENSG00000224819",1,"ENSG00000224819"
"ENSG00000224829",1,"TOMM20P1"
"ENSG00000224832",1,"LINC01689"
"ENSG00000224836",1,"ENSG00000224836"
"ENSG00000224848",1,"ENSG00000224848"
"ENSG00000224851",1,"LINC00502"
"ENSG00000224852",1,"MTND5P24"
"ENSG00000224854",1,"CDKN2A-DT"
"ENSG00000224855",1,"OPA1-AS1"
"ENSG00000224865",1,"ENSG00000224865"
"ENSG00000224879",1,"ENSG00000224879"
"ENSG00000224880",1,"MTCYBP29"
"ENSG00000224887",1,"NFYCP2"
"ENSG00000224897",1,"POT1-AS1"
"ENSG00000224901",1,"ENSG00000224901"
"ENSG00000224910",1,"LINC01766"
"ENSG00000224914",1,"LINC00863"
"ENSG00000224918",1,"ENSG00000224918"
"ENSG00000224920",1,"TACC1P1"
"ENSG00000224933",1,"LINC01034"
"ENSG00000224935",1,"ENSG00000224935"
"ENSG00000224947",1,"VN1R25P"
"ENSG00000224948",1,"ATP5MC1P8"
"ENSG00000224961",1,"LINC01752"
"ENSG00000224963",1,"ECMXP"
"ENSG00000224976",1,"PARP4P2"
"ENSG00000224980",1,"RPL23AP85"
"ENSG00000224984",1,"ENSG00000224984"
"ENSG00000224995",1,"LINC01526"
"ENSG00000225003",1,"OR51A5P"
"ENSG00000225006",1,"ENSG00000225006"
"ENSG00000225011",1,"ENSG00000225011"
"ENSG00000225012",1,"ENSG00000225012"
"ENSG00000225036",1,"CDK4P1"
"ENSG00000225044",1,"ENSG00000225044"
"ENSG00000225050",1,"ENSG00000225050"
"ENSG00000225069",1,"ENSG00000225069"
"ENSG00000225079",1,"FTH1P22"
"ENSG00000225085",1,"ENSG00000225085"
"ENSG00000225102",1,"ENSG00000225102"
"ENSG00000225107",1,"ENSG00000225107"
"ENSG00000225113",1,"ENSG00000225113"
"ENSG00000225122",1,"ENSG00000225122"
"ENSG00000225126",1,"CAMTA1-AS1"
"ENSG00000225129",1,"ENSG00000225129"
"ENSG00000225138",1,"SLC9A3-AS1"
"ENSG00000225155",1,"TOMM22P5"
"ENSG00000225167",1,"TXNP2"
"ENSG00000225175",1,"HRGP1"
"ENSG00000225182",1,"ENSG00000225182"
"ENSG00000225191",1,"ENSG00000225191"
"ENSG00000225194",1,"LINC00092"
"ENSG00000225209",1,"ENSG00000225209"
"ENSG00000225210",1,"DUXAP9"
"ENSG00000225212",1,"AKR1B1P6"
"ENSG00000225226",1,"LINC01795"
"ENSG00000225236",1,"ENSG00000225236"
"ENSG00000225239",1,"RPL21P107"
"ENSG00000225240",1,"ENSG00000225240"
"ENSG00000225253",1,"ENSG00000225253"
"ENSG00000225270",1,"CICP12"
"ENSG00000225276",1,"MTND1P18"
"ENSG00000225294",1,"OSTCP2"
"ENSG00000225295",1,"MTND4P4"
"ENSG00000225315",1,"ENSG00000225315"
"ENSG00000225321",1,"LINC01427"
"ENSG00000225323",1,"HBAP1"
"ENSG00000225325",1,"ENSG00000225325"
"ENSG00000225334",1,"LINC02813"
"ENSG00000225336",1,"HMGB3P1"
"ENSG00000225344",1,"ENSG00000225344"
"ENSG00000225370",1,"ENSG00000225370"
"ENSG00000225381",1,"RPS5P7"
"ENSG00000225383",1,"SFTA1P"
"ENSG00000225391",1,"NHEG1"
"ENSG00000225394",1,"ENSG00000225394"
"ENSG00000225417",1,"ENSG00000225417"
"ENSG00000225421",1,"ENSG00000225421"
"ENSG00000225424",1,"ENSG00000225424"
"ENSG00000225428",1,"NDUFB4P7"
"ENSG00000225443",1,"RPL36AP27"
"ENSG00000225458",1,"ENSG00000225458"
"ENSG00000225476",1,"MTCO3P5"
"ENSG00000225477",1,"ENSG00000225477"
"ENSG00000225480",1,"ENSG00000225480"
"ENSG00000225482",1,"RPS6P14"
"ENSG00000225483",1,"RPL22P4"
"ENSG00000225487",1,"RPL35AP7"
"ENSG00000225489",1,"ENSG00000225489"
"ENSG00000225497",1,"KCNMA1-AS2"
"ENSG00000225509",1,"AIFM1P1"
"ENSG00000225514",1,"MTND1P34"
"ENSG00000225519",1,"ENSG00000225519"
"ENSG00000225522",1,"ENSG00000225522"
"ENSG00000225557",1,"MTCO3P20"
"ENSG00000225585",1,"IPPKP1"
"ENSG00000225588",1,"ENSG00000225588"
"ENSG00000225622",1,"PPIAP17"
"ENSG00000225638",1,"PABPC1P12"
"ENSG00000225640",1,"LINC01729"
"ENSG00000225657",1,"LINC01716"
"ENSG00000225660",1,"ENSG00000225660"
"ENSG00000225665",1,"SAR1AP3"
"ENSG00000225672",1,"CCNT2P1"
"ENSG00000225690",1,"TREML5P"
"ENSG00000225698",1,"IGHV3-72"
"ENSG00000225705",1,"ENSG00000225705"
"ENSG00000225718",1,"ENSG00000225718"
"ENSG00000225719",1,"NMNAT1P2"
"ENSG00000225722",1,"RPL24P9"
"ENSG00000225733",1,"FGD5-AS1"
"ENSG00000225741",1,"ENSG00000225741"
"ENSG00000225750",1,"ENSG00000225750"
"ENSG00000225759",1,"LINC00489"
"ENSG00000225801",1,"RABEPKP1"
"ENSG00000225802",1,"WARS1P1"
"ENSG00000225803",1,"MRPS11P1"
"ENSG00000225805",1,"DEFB131B"
"ENSG00000225814",1,"GRPEL2P2"
"ENSG00000225823",1,"RPL7P45"
"ENSG00000225826",1,"LINC00626"
"ENSG00000225830",1,"ERCC6"
"ENSG00000225839",1,"TRMT2B-AS1"
"ENSG00000225843",1,"NIPA2P1"
"ENSG00000225851",1,"HLA-S"
"ENSG00000225856",1,"PCNPP2"
"ENSG00000225858",1,"MATR3P1"
"ENSG00000225872",1,"TEX14BP"
"ENSG00000225873",1,"C3orf86P"
"ENSG00000225881",1,"ENSG00000225881"
"ENSG00000225898",1,"ENSG00000225898"
"ENSG00000225901",1,"MTND2P9"
"ENSG00000225904",1,"MORF4L1P7"
"ENSG00000225907",1,"RPS27P16"
"ENSG00000225911",1,"ENSG00000225911"
"ENSG00000225918",1,"RPL7P59"
"ENSG00000225919",1,"LINC01745"
"ENSG00000225923",1,"ENSG00000225923"
"ENSG00000225924",1,"TAB2-AS1"
"ENSG00000225925",1,"ENSG00000225925"
"ENSG00000225937",1,"PCA3"
"ENSG00000225942",1,"LINC01875"
"ENSG00000225943",1,"ENSG00000225943"
"ENSG00000225944",1,"RIOK3P1"
"ENSG00000225948",1,"LINC02648"
"ENSG00000225957",1,"ENSG00000225957"
"ENSG00000225959",1,"MTND4P3"
"ENSG00000225969",1,"BICDL3P"
"ENSG00000225970",1,"ENSG00000225970"
"ENSG00000225971",1,"RPS3AP51"
"ENSG00000225990",1,"SNRPEP7"
"ENSG00000225997",1,"OR4A8"
"ENSG00000226003",1,"PPIAP37"
"ENSG00000226012",1,"ENSG00000226012"
"ENSG00000226014",1,"ENSG00000226014"
"ENSG00000226020",1,"CDK2AP2P3"
"ENSG00000226030",1,"HLA-DQB3"
"ENSG00000226034",1,"NANOGNBP1"
"ENSG00000226036",1,"RFKP5"
"ENSG00000226037",1,"LINC01040"
"ENSG00000226041",1,"ENSG00000226041"
"ENSG00000226043",1,"ENSG00000226043"
"ENSG00000226057",1,"PHF2P2"
"ENSG00000226059",1,"HMGB3P20"
"ENSG00000226063",1,"ENSG00000226063"
"ENSG00000226075",1,"PHKG1P1"
"ENSG00000226079",1,"ENSG00000226079"
"ENSG00000226080",1,"RPL6P4"
"ENSG00000226081",1,"USP12PX"
"ENSG00000226093",1,"RPS28P8"
"ENSG00000226098",1,"SEC11B"
"ENSG00000226101",1,"LINC02097"
"ENSG00000226114",1,"NDUFB4P5"
"ENSG00000226115",1,"ENSG00000226115"
"ENSG00000226118",1,"MTND3P1"
"ENSG00000226126",1,"PSMC1P12"
"ENSG00000226128",1,"RPL26P9"
"ENSG00000226130",1,"ENSG00000226130"
"ENSG00000226140",1,"LINC02654"
"ENSG00000226141",1,"ENSG00000226141"
"ENSG00000226142",1,"RPL35P8"
"ENSG00000226159",1,"LINC01375"
"ENSG00000226168",1,"ENSG00000226168"
"ENSG00000226181",1,"ENSG00000226181"
"ENSG00000226193",1,"ENSG00000226193"
"ENSG00000226196",1,"GAPDHP75"
"ENSG00000226204",1,"ENSG00000226204"
"ENSG00000226208",1,"ENSG00000226208"
"ENSG00000226213",1,"UBQLN4P2"
"ENSG00000226217",1,"RPL19P1"
"ENSG00000226226",1,"PRELID3BP1"
"ENSG00000226246",1,"KRT18P36"
"ENSG00000226250",1,"LINC00408"
"ENSG00000226255",1,"UBE2V2P1"
"ENSG00000226262",1,"PHKBP1"
"ENSG00000226273",1,"STUB1P1"
"ENSG00000226280",1,"ENSG00000226280"
"ENSG00000226289",1,"CDCA4P3"
"ENSG00000226296",1,"ENSG00000226296"
"ENSG00000226298",1,"RAD23BP3"
"ENSG00000226299",1,"RPSAP62"
"ENSG00000226313",1,"MTCYBP12"
"ENSG00000226336",1,"MRPS16P3"
"ENSG00000226338",1,"ENSG00000226338"
"ENSG00000226364",1,"LINC02089"
"ENSG00000226366",1,"CCDC12P1"
"ENSG00000226374",1,"LINC01345"
"ENSG00000226388",1,"ELL2P4"
"ENSG00000226389",1,"MAPK6P6"
"ENSG00000226398",1,"ENSG00000226398"
"ENSG00000226407",1,"RPL23P11"
"ENSG00000226412",1,"LINC02628"
"ENSG00000226414",1,"MTCYBP38"
"ENSG00000226428",1,"RPL15P13"
"ENSG00000226430",1,"USP17L7"
"ENSG00000226431",1,"ENSG00000226431"
"ENSG00000226435",1,"ANKRD18DP"
"ENSG00000226461",1,"OR10G5P"
"ENSG00000226466",1,"RPA2P2"
"ENSG00000226470",1,"RPS29P33"
"ENSG00000226473",1,"PPIAP62"
"ENSG00000226476",1,"LINC01748"
"ENSG00000226481",1,"ACTR3BP2"
"ENSG00000226487",1,"ENSG00000226487"
"ENSG00000226506",1,"ENSG00000226506"
"ENSG00000226507",1,"IPMKP1"
"ENSG00000226519",1,"LINC00390"
"ENSG00000226522",1,"HDAC9-AS1"
"ENSG00000226527",1,"ENSG00000226527"
"ENSG00000226553",1,"IMPDH1P7"
"ENSG00000226565",1,"ENSG00000226565"
"ENSG00000226570",1,"ENSG00000226570"
"ENSG00000226577",1,"MICC"
"ENSG00000226592",1,"ENSG00000226592"
"ENSG00000226597",1,"IFNWP9"
"ENSG00000226601",1,"ENSG00000226601"
"ENSG00000226616",1,"OR52M2P"
"ENSG00000226626",1,"NOP56P2"
"ENSG00000226633",1,"PPIAP28"
"ENSG00000226653",1,"OR13Z1P"
"ENSG00000226655",1,"ENSG00000226655"
"ENSG00000226665",1,"SSR1P2"
"ENSG00000226670",1,"BCAS2P3"
"ENSG00000226683",1,"PWWP2AP1"
"ENSG00000226690",1,"ENSG00000226690"
"ENSG00000226703",1,"NPM1P4"
"ENSG00000226718",1,"SNRPGP8"
"ENSG00000226722",1,"LINC00424"
"ENSG00000226724",1,"HRGP2"
"ENSG00000226729",1,"RPL35AP30"
"ENSG00000226733",1,"ENSG00000226733"
"ENSG00000226744",1,"ENSG00000226744"
"ENSG00000226745",1,"OAZ1P1"
"ENSG00000226750",1,"ENSG00000226750"
"ENSG00000226752",1,"CUTALP"
"ENSG00000226764",1,"ENSG00000226764"
"ENSG00000226803",1,"ZNF451-AS1"
"ENSG00000226810",1,"ENSG00000226810"
"ENSG00000226814",1,"ENSG00000226814"
"ENSG00000226837",1,"HMGB1P32"
"ENSG00000226838",1,"ENSG00000226838"
"ENSG00000226839",1,"MTND6P11"
"ENSG00000226843",1,"ENSG00000226843"
"ENSG00000226856",1,"THORLNC"
"ENSG00000226868",1,"ENSG00000226868"
"ENSG00000226869",1,"LHFPL3-AS1"
"ENSG00000226875",1,"ZNF877P"
"ENSG00000226888",1,"RPLP1P10"
"ENSG00000226900",1,"ENSG00000226900"
"ENSG00000226919",1,"ENSG00000226919"
"ENSG00000226927",1,"ENSG00000226927"
"ENSG00000226930",1,"GTF2IP2"
"ENSG00000226937",1,"CEP164P1"
"ENSG00000226946",1,"ENSG00000226946"
"ENSG00000226947",1,"LCEP4"
"ENSG00000226949",1,"OR6K5P"
"ENSG00000226950",1,"DANCR"
"ENSG00000226962",1,"RAC1P6"
"ENSG00000226967",1,"HAUS4P1"
"ENSG00000226978",1,"MAGI2-AS2"
"ENSG00000226983",1,"LINC01692"
"ENSG00000226998",1,"MTATP6P30"
"ENSG00000226999",1,"ENSG00000226999"
"ENSG00000227002",1,"SNRPEP10"
"ENSG00000227018",1,"IL6STP1"
"ENSG00000227035",1,"MTATP6P18"
"ENSG00000227039",1,"ITGB2-AS1"
"ENSG00000227040",1,"ENSG00000227040"
"ENSG00000227054",1,"FDX1P2"
"ENSG00000227055",1,"ENSG00000227055"
"ENSG00000227061",1,"ENSG00000227061"
"ENSG00000227062",1,"ENSG00000227062"
"ENSG00000227063",1,"RPL41P1"
"ENSG00000227075",1,"ENSG00000227075"
"ENSG00000227089",1,"ENSG00000227089"
"ENSG00000227090",1,"ENSG00000227090"
"ENSG00000227091",1,"SLC6A17-AS1"
"ENSG00000227098",1,"ENSG00000227098"
"ENSG00000227108",1,"IGHD1-14"
"ENSG00000227115",1,"LINC01630"
"ENSG00000227133",1,"ENSG00000227133"
"ENSG00000227134",1,"OTX2P2"
"ENSG00000227138",1,"ENSG00000227138"
"ENSG00000227139",1,"ENSG00000227139"
"ENSG00000227148",1,"ENSG00000227148"
"ENSG00000227158",1,"ENSG00000227158"
"ENSG00000227173",1,"MYL6P3"
"ENSG00000227177",1,"AIMP1P2"
"ENSG00000227180",1,"LRRC2P1"
"ENSG00000227181",1,"LINC01688"
"ENSG00000227182",1,"VN1R28P"
"ENSG00000227183",1,"HDGFP1"
"ENSG00000227224",1,"RPS25P4"
"ENSG00000227243",1,"SLAMF6P1"
"ENSG00000227247",1,"TRIM60P13"
"ENSG00000227261",1,"YWHAZP7"
"ENSG00000227271",1,"RPL39P25"
"ENSG00000227275",1,"MTND6P10"
"ENSG00000227282",1,"ENSG00000227282"
"ENSG00000227291",1,"ENSG00000227291"
"ENSG00000227297",1,"ENSG00000227297"
"ENSG00000227300",1,"KRT16P2"
"ENSG00000227306",1,"LINC02708"
"ENSG00000227330",1,"ENSG00000227330"
"ENSG00000227339",1,"THRAP3P1"
"ENSG00000227342",1,"LINC00307"
"ENSG00000227343",1,"RPL15P1"
"ENSG00000227348",1,"MTND5P25"
"ENSG00000227350",1,"PPIAP88"
"ENSG00000227352",1,"ARHGEF7-AS1"
"ENSG00000227353",1,"RAB28P3"
"ENSG00000227358",1,"ENSG00000227358"
"ENSG00000227361",1,"RPS24P7"
"ENSG00000227364",1,"ENSG00000227364"
"ENSG00000227367",1,"SLC9B1P4"
"ENSG00000227375",1,"DLG1-AS1"
"ENSG00000227392",1,"HPN-AS1"
"ENSG00000227411",1,"ACNATP"
"ENSG00000227418",1,"PCGEM1"
"ENSG00000227421",1,"LINC01724"
"ENSG00000227427",1,"MDH1P1"
"ENSG00000227445",1,"OR10R1P"
"ENSG00000227456",1,"LINC00310"
"ENSG00000227479",1,"ENSG00000227479"
"ENSG00000227491",1,"CCNJP1"
"ENSG00000227493",1,"ENSG00000227493"
"ENSG00000227496",1,"ENSG00000227496"
"ENSG00000227497",1,"PABPC1P6"
"ENSG00000227498",1,"ENSG00000227498"
"ENSG00000227499",1,"ENSG00000227499"
"ENSG00000227505",1,"SLIRPP1"
"ENSG00000227509",1,"LINC01839"
"ENSG00000227511",1,"ENSG00000227511"
"ENSG00000227517",1,"LINC01483"
"ENSG00000227531",1,"ENSG00000227531"
"ENSG00000227538",1,"HNRNPFP1"
"ENSG00000227541",1,"SFR1P1"
"ENSG00000227544",1,"LINC03013"
"ENSG00000227550",1,"TRBV7-5"
"ENSG00000227557",1,"MTND3P9"
"ENSG00000227564",1,"LINC00376"
"ENSG00000227581",1,"STAU2P1"
"ENSG00000227584",1,"MTND4P5"
"ENSG00000227585",1,"ENSG00000227585"
"ENSG00000227593",1,"PHB1P16"
"ENSG00000227599",1,"PTPRT-AS1"
"ENSG00000227602",1,"ENSG00000227602"
"ENSG00000227611",1,"LINC01074"
"ENSG00000227616",1,"ENSG00000227616"
"ENSG00000227617",1,"CERS6-AS1"
"ENSG00000227623",1,"ENSG00000227623"
"ENSG00000227630",1,"LINC01132"
"ENSG00000227645",1,"RPL7P54"
"ENSG00000227657",1,"SERPINA7P1"
"ENSG00000227661",1,"MTCO3P18"
"ENSG00000227663",1,"RPL7P2"
"ENSG00000227667",1,"ENSG00000227667"
"ENSG00000227673",1,"ENSG00000227673"
"ENSG00000227679",1,"ENSG00000227679"
"ENSG00000227718",1,"ENSG00000227718"
"ENSG00000227723",1,"ENSG00000227723"
"ENSG00000227728",1,"ENSG00000227728"
"ENSG00000227734",1,"ENSG00000227734"
"ENSG00000227760",1,"ENSG00000227760"
"ENSG00000227762",1,"GUSBP8"
"ENSG00000227789",1,"MTCYBP7"
"ENSG00000227790",1,"SPECC1P1"
"ENSG00000227803",1,"ENSG00000227803"
"ENSG00000227818",1,"ENSG00000227818"
"ENSG00000227832",1,"ST13P21"
"ENSG00000227851",1,"ENSG00000227851"
"ENSG00000227862",1,"HNRNPA1P31"
"ENSG00000227874",1,"GRAMD4P1"
"ENSG00000227877",1,"MRLN"
"ENSG00000227879",1,"PSPC1P1"
"ENSG00000227882",1,"THAP12P6"
"ENSG00000227883",1,"ATP6V0E1P4"
"ENSG00000227914",1,"ENSG00000227914"
"ENSG00000227919",1,"ENSG00000227919"
"ENSG00000227920",1,"ENSG00000227920"
"ENSG00000227932",1,"SELENOOLP"
"ENSG00000227937",1,"MTND2P30"
"ENSG00000227938",1,"ENSG00000227938"
"ENSG00000227941",1,"UQCRBP2"
"ENSG00000227952",1,"RPL18AP17"
"ENSG00000227958",1,"ENSG00000227958"
"ENSG00000227968",1,"BUB3P1"
"ENSG00000227970",1,"NR1H5P"
"ENSG00000227971",1,"ENSG00000227971"
"ENSG00000227981",1,"ENSG00000227981"
"ENSG00000227982",1,"RPL7P30"
"ENSG00000227988",1,"TDGF1P1"
"ENSG00000227994",1,"ENSG00000227994"
"ENSG00000227995",1,"RAB11AP1"
"ENSG00000228004",1,"MYCLP2"
"ENSG00000228014",1,"ZNF680P1"
"ENSG00000228020",1,"HNRNPA1P46"
"ENSG00000228031",1,"ENSG00000228031"
"ENSG00000228041",1,"EIF3JP1"
"ENSG00000228054",1,"RANP5"
"ENSG00000228063",1,"LYPLAL1-DT"
"ENSG00000228064",1,"ENSG00000228064"
"ENSG00000228072",1,"ENSG00000228072"
"ENSG00000228074",1,"UBBP5"
"ENSG00000228082",1,"SIM1-AS1"
"ENSG00000228092",1,"COX6CP15"
"ENSG00000228095",1,"ENSG00000228095"
"ENSG00000228111",1,"TPT1P2"
"ENSG00000228112",1,"ENSG00000228112"
"ENSG00000228134",1,"UBE2V1P14"
"ENSG00000228135",1,"LINC01494"
"ENSG00000228154",1,"ENSG00000228154"
"ENSG00000228160",1,"ENSG00000228160"
"ENSG00000228161",1,"ENSG00000228161"
"ENSG00000228173",1,"ENSG00000228173"
"ENSG00000228174",1,"ENSG00000228174"
"ENSG00000228176",1,"ENSG00000228176"
"ENSG00000228182",1,"MTND2P25"
"ENSG00000228184",1,"SNX19P1"
"ENSG00000228189",1,"LINC02843"
"ENSG00000228190",1,"RPL23AP16"
"ENSG00000228191",1,"ENSG00000228191"
"ENSG00000228204",1,"ENSG00000228204"
"ENSG00000228209",1,"PNPP1"
"ENSG00000228210",1,"RPL7AP12"
"ENSG00000228221",1,"LINC00578"
"ENSG00000228225",1,"CRLF3P3"
"ENSG00000228226",1,"ENSG00000228226"
"ENSG00000228235",1,"ENSG00000228235"
"ENSG00000228242",1,"XPC-AS1"
"ENSG00000228248",1,"NUTF2P3"
"ENSG00000228272",1,"ENSG00000228272"
"ENSG00000228274",1,"ENSG00000228274"
"ENSG00000228283",1,"KATNBL1P6"
"ENSG00000228289",1,"ENSG00000228289"
"ENSG00000228291",1,"ARL4AP3"
"ENSG00000228301",1,"RPL7P55"
"ENSG00000228303",1,"ENSG00000228303"
"ENSG00000228304",1,"OR4K6P"
"ENSG00000228307",1,"OR2S1P"
"ENSG00000228319",1,"SPATA2P1"
"ENSG00000228336",1,"OR9H1P"
"ENSG00000228345",1,"ENSG00000228345"
"ENSG00000228361",1,"ENSG00000228361"
"ENSG00000228367",1,"ENSG00000228367"
"ENSG00000228374",1,"RPL9P13"
"ENSG00000228375",1,"RPS20P25"
"ENSG00000228382",1,"ITPKB-IT1"
"ENSG00000228392",1,"ENSG00000228392"
"ENSG00000228399",1,"ENSG00000228399"
"ENSG00000228403",1,"ENSG00000228403"
"ENSG00000228408",1,"ENSG00000228408"
"ENSG00000228417",1,"ENSG00000228417"
"ENSG00000228426",1,"ENSG00000228426"
"ENSG00000228427",1,"ENSG00000228427"
"ENSG00000228433",1,"OR7E23P"
"ENSG00000228440",1,"MTND5P6"
"ENSG00000228445",1,"UGT1A2P"
"ENSG00000228459",1,"LINC01546"
"ENSG00000228460",1,"CYP2C59P"
"ENSG00000228464",1,"ENSG00000228464"
"ENSG00000228466",1,"TUBB4AP1"
"ENSG00000228473",1,"LIN28AP2"
"ENSG00000228476",1,"CSTP1"
"ENSG00000228478",1,"ENSG00000228478"
"ENSG00000228480",1,"ENSG00000228480"
"ENSG00000228488",1,"ENSG00000228488"
"ENSG00000228503",1,"ENSG00000228503"
"ENSG00000228505",1,"ENSG00000228505"
"ENSG00000228523",1,"DNAJB6P4"
"ENSG00000228525",1,"ENSG00000228525"
"ENSG00000228530",1,"ENSG00000228530"
"ENSG00000228543",1,"ENSG00000228543"
"ENSG00000228546",1,"PMS2P12"
"ENSG00000228549",1,"ENSG00000228549"
"ENSG00000228563",1,"ENSG00000228563"
"ENSG00000228567",1,"VN1R4"
"ENSG00000228585",1,"ENSG00000228585"
"ENSG00000228595",1,"PAICSP2"
"ENSG00000228597",1,"MTND4P1"
"ENSG00000228600",1,"POLR2CP1"
"ENSG00000228610",1,"PDCL2P1"
"ENSG00000228611",1,"HNF4GP1"
"ENSG00000228620",1,"ENSG00000228620"
"ENSG00000228624",1,"HDAC2-AS2"
"ENSG00000228626",1,"ENSG00000228626"
"ENSG00000228627",1,"ENSG00000228627"
"ENSG00000228645",1,"PHKG1P2"
"ENSG00000228646",1,"RPL31P13"
"ENSG00000228649",1,"SNHG26"
"ENSG00000228656",1,"MYO5BP3"
"ENSG00000228658",1,"ENSG00000228658"
"ENSG00000228660",1,"VN1R35P"
"ENSG00000228666",1,"KRT18P1"
"ENSG00000228675",1,"ENSG00000228675"
"ENSG00000228679",1,"ENSG00000228679"
"ENSG00000228680",1,"ENSG00000228680"
"ENSG00000228685",1,"ENSG00000228685"
"ENSG00000228694",1,"MTND4P18"
"ENSG00000228697",1,"ENSG00000228697"
"ENSG00000228705",1,"LINC00659"
"ENSG00000228708",1,"ENSG00000228708"
"ENSG00000228717",1,"NAB1P1"
"ENSG00000228739",1,"ENSG00000228739"
"ENSG00000228740",1,"GABRG3-AS1"
"ENSG00000228751",1,"ENSG00000228751"
"ENSG00000228754",1,"RPL13AP19"
"ENSG00000228755",1,"PABPC1P8"
"ENSG00000228767",1,"KRT8P18"
"ENSG00000228768",1,"MIR365BHG"
"ENSG00000228771",1,"ENSG00000228771"
"ENSG00000228776",1,"ENSG00000228776"
"ENSG00000228777",1,"LINC02534"
"ENSG00000228778",1,"ENSG00000228778"
"ENSG00000228783",1,"H3P29"
"ENSG00000228794",1,"LINC01128"
"ENSG00000228799",1,"LINC01939"
"ENSG00000228815",1,"MARK2P13"
"ENSG00000228817",1,"BACH1-IT2"
"ENSG00000228823",1,"PDE4DIPP10"
"ENSG00000228844",1,"ENSG00000228844"
"ENSG00000228851",1,"MTCO3P4"
"ENSG00000228860",1,"ENSG00000228860"
"ENSG00000228862",1,"ENSG00000228862"
"ENSG00000228863",1,"ENSG00000228863"
"ENSG00000228873",1,"ENSG00000228873"
"ENSG00000228884",1,"RPL23AP26"
"ENSG00000228901",1,"HMGN2P36"
"ENSG00000228909",1,"LINC01803"
"ENSG00000228918",1,"LINC01344"
"ENSG00000228922",1,"ENSG00000228922"
"ENSG00000228935",1,"ENSG00000228935"
"ENSG00000228940",1,"ENSG00000228940"
"ENSG00000228943",1,"ENSG00000228943"
"ENSG00000228957",1,"ENSG00000228957"
"ENSG00000228965",1,"RPSAP60"
"ENSG00000228966",1,"HOMER2P1"
"ENSG00000228968",1,"ENSG00000228968"
"ENSG00000228971",1,"LINC02607"
"ENSG00000228984",1,"ENSG00000228984"
"ENSG00000228999",1,"ENSG00000228999"
"ENSG00000229012",1,"ENSG00000229012"
"ENSG00000229013",1,"ENSG00000229013"
"ENSG00000229030",1,"ENSG00000229030"
"ENSG00000229037",1,"MRPL32P2"
"ENSG00000229051",1,"LINC01788"
"ENSG00000229064",1,"ENSG00000229064"
"ENSG00000229066",1,"ENSG00000229066"
"ENSG00000229072",1,"HMGN2P24"
"ENSG00000229080",1,"MTCO3P30"
"ENSG00000229088",1,"MTND1P10"
"ENSG00000229090",1,"ENSG00000229090"
"ENSG00000229112",1,"ENSG00000229112"
"ENSG00000229116",1,"ENSG00000229116"
"ENSG00000229124",1,"VIM-AS1"
"ENSG00000229143",1,"ENSG00000229143"
"ENSG00000229145",1,"ACTBP1"
"ENSG00000229147",1,"SMPD4P2"
"ENSG00000229155",1,"LINC02038"
"ENSG00000229165",1,"GDI2P1"
"ENSG00000229167",1,"ENSG00000229167"
"ENSG00000229177",1,"ENSG00000229177"
"ENSG00000229182",1,"MRPS16P1"
"ENSG00000229203",1,"ENSG00000229203"
"ENSG00000229213",1,"ENSG00000229213"
"ENSG00000229229",1,"ENSG00000229229"
"ENSG00000229230",1,"MT1P3"
"ENSG00000229238",1,"PPP1R12BP1"
"ENSG00000229239",1,"EEF1A1P48"
"ENSG00000229254",1,"OR8C1P"
"ENSG00000229268",1,"PES1P2"
"ENSG00000229269",1,"ENSG00000229269"
"ENSG00000229275",1,"ENSG00000229275"
"ENSG00000229280",1,"EEF1DP6"
"ENSG00000229281",1,"GPR53P"
"ENSG00000229287",1,"FABP5P4"
"ENSG00000229289",1,"ENSG00000229289"
"ENSG00000229297",1,"ENSG00000229297"
"ENSG00000229305",1,"ENSG00000229305"
"ENSG00000229309",1,"ENSG00000229309"
"ENSG00000229315",1,"MCHR2-AS1"
"ENSG00000229316",1,"HMGB1P45"
"ENSG00000229322",1,"ENSG00000229322"
"ENSG00000229330",1,"ENSG00000229330"
"ENSG00000229345",1,"ENSG00000229345"
"ENSG00000229347",1,"ENSG00000229347"
"ENSG00000229360",1,"PPP1R2P5"
"ENSG00000229365",1,"ENSG00000229365"
"ENSG00000229367",1,"HMGN2P19"
"ENSG00000229373",1,"LINC00452"
"ENSG00000229375",1,"USP24P1"
"ENSG00000229398",1,"ENSG00000229398"
"ENSG00000229402",1,"ENSG00000229402"
"ENSG00000229409",1,"ENSG00000229409"
"ENSG00000229413",1,"ENSG00000229413"
"ENSG00000229418",1,"ENSG00000229418"
"ENSG00000229423",1,"RPL27AP8"
"ENSG00000229435",1,"PIP5K1P2"
"ENSG00000229436",1,"ENSG00000229436"
"ENSG00000229442",1,"THEMIS3P"
"ENSG00000229454",1,"ENSG00000229454"
"ENSG00000229457",1,"LINC01789"
"ENSG00000229459",1,"ENSG00000229459"
"ENSG00000229462",1,"WDR4P2"
"ENSG00000229483",1,"LINC00362"
"ENSG00000229484",1,"LINC02766"
"ENSG00000229485",1,"KSR1P1"
"ENSG00000229486",1,"ENSG00000229486"
"ENSG00000229487",1,"ALG13-AS1"
"ENSG00000229491",1,"ENSG00000229491"
"ENSG00000229526",1,"KRT16P4"
"ENSG00000229537",1,"LINC01739"
"ENSG00000229541",1,"GAPDHP26"
"ENSG00000229554",1,"RPL21P24"
"ENSG00000229560",1,"LYARP1"
"ENSG00000229565",1,"LINC02264"
"ENSG00000229568",1,"SMC4P1"
"ENSG00000229572",1,"EIF4BP4"
"ENSG00000229578",1,"LINC00358"
"ENSG00000229594",1,"ENSG00000229594"
"ENSG00000229595",1,"ENSG00000229595"
"ENSG00000229600",1,"ENSG00000229600"
"ENSG00000229603",1,"ENSG00000229603"
"ENSG00000229604",1,"MTATP8P2"
"ENSG00000229606",1,"LINC01718"
"ENSG00000229608",1,"GOLGA2P4"
"ENSG00000229613",1,"LINC01501"
"ENSG00000229619",1,"MBNL1-AS1"
"ENSG00000229621",1,"LINC01822"
"ENSG00000229628",1,"ENSG00000229628"
"ENSG00000229629",1,"ENSG00000229629"
"ENSG00000229630",1,"LINC01264"
"ENSG00000229648",1,"RPSAP22"
"ENSG00000229652",1,"ENSG00000229652"
"ENSG00000229658",1,"PABPC1P9"
"ENSG00000229662",1,"ENSG00000229662"
"ENSG00000229663",1,"DPY19L4P1"
"ENSG00000229667",1,"UBE2V1P9"
"ENSG00000229671",1,"LINC01150"
"ENSG00000229693",1,"SKP2P1"
"ENSG00000229699",1,"ENSG00000229699"
"ENSG00000229701",1,"MTND2P20"
"ENSG00000229713",1,"LCEP2"
"ENSG00000229716",1,"RPL23AP19"
"ENSG00000229717",1,"ENSG00000229717"
"ENSG00000229719",1,"MIR194-2HG"
"ENSG00000229727",1,"ENSG00000229727"
"ENSG00000229735",1,"FTLP16"
"ENSG00000229747",1,"ENSG00000229747"
"ENSG00000229749",1,"COTL1P1"
"ENSG00000229752",1,"RPL7P10"
"ENSG00000229753",1,"RPS27AP15"
"ENSG00000229755",1,"ENSG00000229755"
"ENSG00000229766",1,"TMX4-AS1"
"ENSG00000229769",1,"TRBV10-2"
"ENSG00000229774",1,"ENSG00000229774"
"ENSG00000229779",1,"ENSG00000229779"
"ENSG00000229781",1,"RRN3P4"
"ENSG00000229785",1,"SLC25A38P1"
"ENSG00000229792",1,"LINC00399"
"ENSG00000229805",1,"LINC01813"
"ENSG00000229814",1,"RPL35AP21"
"ENSG00000229817",1,"ENSG00000229817"
"ENSG00000229821",1,"ENSG00000229821"
"ENSG00000229827",1,"ENSG00000229827"
"ENSG00000229840",1,"ISCA1P2"
"ENSG00000229842",1,"MTATP6P13"
"ENSG00000229857",1,"ENSG00000229857"
"ENSG00000229858",1,"ENSG00000229858"
"ENSG00000229865",1,"RPL31P54"
"ENSG00000229876",1,"CASC20"
"ENSG00000229882",1,"ENSG00000229882"
"ENSG00000229892",1,"ENSG00000229892"
"ENSG00000229899",1,"ENSG00000229899"
"ENSG00000229909",1,"TRIM60P16"
"ENSG00000229910",1,"HNRNPA1P18"
"ENSG00000229911",1,"ENSG00000229911"
"ENSG00000229913",1,"ENSG00000229913"
"ENSG00000229919",1,"ELOCP3"
"ENSG00000229930",1,"ENSG00000229930"
"ENSG00000229935",1,"MTCYBP9"
"ENSG00000229943",1,"ENSG00000229943"
"ENSG00000229944",1,"EIF4EP2"
"ENSG00000229949",1,"ENSG00000229949"
"ENSG00000229951",1,"FOSL2-AS1"
"ENSG00000229957",1,"ENSG00000229957"
"ENSG00000229960",1,"ENSG00000229960"
"ENSG00000229965",1,"RPS3AP7"
"ENSG00000229967",1,"MAGEA4-AS1"
"ENSG00000229968",1,"ENSG00000229968"
"ENSG00000229979",1,"HMGN2P48"
"ENSG00000229982",1,"GTF3AP6"
"ENSG00000230003",1,"ENSG00000230003"
"ENSG00000230009",1,"MTCO2P3"
"ENSG00000230011",1,"CTSLP4"
"ENSG00000230019",1,"YWHAQP9"
"ENSG00000230030",1,"ENSG00000230030"
"ENSG00000230033",1,"ENSG00000230033"
"ENSG00000230039",1,"CCNYL5"
"ENSG00000230067",1,"HSPD1P6"
"ENSG00000230079",1,"STK24P1"
"ENSG00000230080",1,"ENSG00000230080"
"ENSG00000230086",1,"VN1R96P"
"ENSG00000230096",1,"ENSG00000230096"
"ENSG00000230097",1,"ME2P1"
"ENSG00000230120",1,"ENSG00000230120"
"ENSG00000230122",1,"ECEL1P3"
"ENSG00000230124",1,"ACBD6"
"ENSG00000230130",1,"MTND2P39"
"ENSG00000230132",1,"ENSG00000230132"
"ENSG00000230155",1,"CEP250-AS1"
"ENSG00000230159",1,"ENSG00000230159"
"ENSG00000230161",1,"ENSG00000230161"
"ENSG00000230172",1,"ENSG00000230172"
"ENSG00000230173",1,"LINC01790"
"ENSG00000230180",1,"RPL12P49"
"ENSG00000230187",1,"ENSG00000230187"
"ENSG00000230194",1,"ENSG00000230194"
"ENSG00000230196",1,"DDX43P3"
"ENSG00000230213",1,"OR8V1P"
"ENSG00000230231",1,"FMO7P"
"ENSG00000230240",1,"RPL34P19"
"ENSG00000230247",1,"HNRNPH3P1"
"ENSG00000230249",1,"RPS24P21"
"ENSG00000230250",1,"LINC01753"
"ENSG00000230256",1,"FGFR1OP2P1"
"ENSG00000230257",1,"NFE4"
"ENSG00000230261",1,"OR52J2P"
"ENSG00000230262",1,"LINC02603"
"ENSG00000230275",1,"SERBP1P4"
"ENSG00000230282",1,"RPL7P61"
"ENSG00000230285",1,"ENSG00000230285"
"ENSG00000230292",1,"NAALADL2-AS3"
"ENSG00000230307",1,"OR6C5P"
"ENSG00000230309",1,"ENSG00000230309"
"ENSG00000230314",1,"ELOVL2-AS1"
"ENSG00000230317",1,"LINC01284"
"ENSG00000230318",1,"XRCC6P3"
"ENSG00000230326",1,"HMGN1P33"
"ENSG00000230331",1,"ENSG00000230331"
"ENSG00000230333",1,"ENSG00000230333"
"ENSG00000230335",1,"DNAJB5P1"
"ENSG00000230339",1,"ENSG00000230339"
"ENSG00000230350",1,"RPL35AP3"
"ENSG00000230353",1,"RPS21P2"
"ENSG00000230360",1,"DDX10P2"
"ENSG00000230361",1,"VN1R32P"
"ENSG00000230379",1,"ENSG00000230379"
"ENSG00000230384",1,"RPSAP25"
"ENSG00000230386",1,"ENSG00000230386"
"ENSG00000230390",1,"LINC01048"
"ENSG00000230395",1,"ANAPC1P3"
"ENSG00000230401",1,"LINC01972"
"ENSG00000230403",1,"LINC01066"
"ENSG00000230404",1,"ENSG00000230404"
"ENSG00000230406",1,"RPL23P5"
"ENSG00000230407",1,"ENSG00000230407"
"ENSG00000230411",1,"OR3D1P"
"ENSG00000230415",1,"LINC01786"
"ENSG00000230428",1,"ENSG00000230428"
"ENSG00000230434",1,"LINC01650"
"ENSG00000230440",1,"ENSG00000230440"
"ENSG00000230452",1,"LINC01381"
"ENSG00000230465",1,"VENTXP4"
"ENSG00000230469",1,"RPL5P26"
"ENSG00000230474",1,"ATP6V1G1P7"
"ENSG00000230485",1,"ENSG00000230485"
"ENSG00000230489",1,"VAV3-AS1"
"ENSG00000230496",1,"MTCO2P7"
"ENSG00000230500",1,"MKX-AS1"
"ENSG00000230501",1,"ANKRD30BP3"
"ENSG00000230520",1,"ENSG00000230520"
"ENSG00000230529",1,"CEACAMP9"
"ENSG00000230531",1,"MTND5P7"
"ENSG00000230534",1,"ENSG00000230534"
"ENSG00000230538",1,"PNPLA10P"
"ENSG00000230539",1,"AOAH-IT1"
"ENSG00000230546",1,"ENSG00000230546"
"ENSG00000230548",1,"MTND4P27"
"ENSG00000230549",1,"USP17L1"
"ENSG00000230559",1,"RPL17P12"
"ENSG00000230561",1,"CCDC192"
"ENSG00000230564",1,"CALM1P2"
"ENSG00000230571",1,"ENSG00000230571"
"ENSG00000230600",1,"ENSG00000230600"
"ENSG00000230607",1,"ENSG00000230607"
"ENSG00000230614",1,"DYNLL1P7"
"ENSG00000230626",1,"ENSG00000230626"
"ENSG00000230630",1,"DNM3OS"
"ENSG00000230634",1,"FAM136EP"
"ENSG00000230647",1,"ENSG00000230647"
"ENSG00000230651",1,"RGPD4-AS1"
"ENSG00000230657",1,"PRB4"
"ENSG00000230671",1,"NDUFS5P5"
"ENSG00000230682",1,"GRPEL2P3"
"ENSG00000230683",1,"DDTP1"
"ENSG00000230687",1,"ENSG00000230687"
"ENSG00000230691",1,"MRPL35P4"
"ENSG00000230706",1,"TMEM184CP1"
"ENSG00000230739",1,"ENSG00000230739"
"ENSG00000230750",1,"SDAD1P2"
"ENSG00000230755",1,"MTATP6P23"
"ENSG00000230757",1,"NFU1P1"
"ENSG00000230759",1,"ENSG00000230759"
"ENSG00000230779",1,"RPLP0P4"
"ENSG00000230781",1,"ENSG00000230781"
"ENSG00000230785",1,"ENSG00000230785"
"ENSG00000230788",1,"CTDSPL2P2"
"ENSG00000230798",1,"FOXD3-AS1"
"ENSG00000230801",1,"ENSG00000230801"
"ENSG00000230803",1,"ENSG00000230803"
"ENSG00000230813",1,"ENSG00000230813"
"ENSG00000230817",1,"LINC01362"
"ENSG00000230818",1,"MTND2P16"
"ENSG00000230820",1,"ENSG00000230820"
"ENSG00000230821",1,"ENSG00000230821"
"ENSG00000230840",1,"ENSG00000230840"
"ENSG00000230845",1,"GSTA10P"
"ENSG00000230848",1,"ENSG00000230848"
"ENSG00000230859",1,"YRDCP3"
"ENSG00000230864",1,"ENSG00000230864"
"ENSG00000230865",1,"TSEN15P1"
"ENSG00000230867",1,"ENSG00000230867"
"ENSG00000230873",1,"STMND1"
"ENSG00000230879",1,"RBMX2P4"
"ENSG00000230881",1,"ENSG00000230881"
"ENSG00000230913",1,"NPM1P51"
"ENSG00000230916",1,"MTCO1P53"
"ENSG00000230920",1,"ENSG00000230920"
"ENSG00000230926",1,"ENSG00000230926"
"ENSG00000230931",1,"GXYLT1P1"
"ENSG00000230942",1,"HMGN1P5"
"ENSG00000230943",1,"LINC02541"
"ENSG00000230944",1,"ENSG00000230944"
"ENSG00000230956",1,"CAPZA1P1"
"ENSG00000230967",1,"ENSG00000230967"
"ENSG00000230972",1,"ENSG00000230972"
"ENSG00000230975",1,"ENSG00000230975"
"ENSG00000230978",1,"LINC00160"
"ENSG00000230987",1,"ENSG00000230987"
"ENSG00000230994",1,"FGFR3P1"
"ENSG00000230997",1,"RAB42P1"
"ENSG00000230999",1,"MTND5P8"
"ENSG00000231004",1,"CECR9"
"ENSG00000231009",1,"CUBNP1"
"ENSG00000231018",1,"EIF4A1P3"
"ENSG00000231022",1,"RPS3AP9"
"ENSG00000231028",1,"AHI1-DT"
"ENSG00000231032",1,"CEP19P1"
"ENSG00000231046",1,"MFSD4B-DT"
"ENSG00000231052",1,"ENSG00000231052"
"ENSG00000231058",1,"MSANTD2P1"
"ENSG00000231060",1,"FARSBP1"
"ENSG00000231064",1,"THBS3-AS1"
"ENSG00000231071",1,"IDI1P3"
"ENSG00000231078",1,"ENSG00000231078"
"ENSG00000231080",1,"ENSG00000231080"
"ENSG00000231093",1,"TRMT1P1"
"ENSG00000231099",1,"BMS1P19"
"ENSG00000231100",1,"ENSG00000231100"
"ENSG00000231103",1,"PRAMEF30P"
"ENSG00000231123",1,"SPATA20P1"
"ENSG00000231131",1,"LNCAROD"
"ENSG00000231133",1,"HAR1B"
"ENSG00000231136",1,"ENSG00000231136"
"ENSG00000231137",1,"RBM22P5"
"ENSG00000231139",1,"ENSG00000231139"
"ENSG00000231150",1,"DNAH8-AS1"
"ENSG00000231166",1,"TUBB4BP6"
"ENSG00000231170",1,"PDK4-AS1"
"ENSG00000231175",1,"LINC01720"
"ENSG00000231178",1,"ENSG00000231178"
"ENSG00000231195",1,"IFNA11P"
"ENSG00000231198",1,"ENSG00000231198"
"ENSG00000231210",1,"COMETT"
"ENSG00000231216",1,"GS1-600G8.3"
"ENSG00000231222",1,"ARF4P4"
"ENSG00000231235",1,"CTNNBL1P1"
"ENSG00000231237",1,"OR6K1P"
"ENSG00000231243",1,"ENSG00000231243"
"ENSG00000231246",1,"LINC02884"
"ENSG00000231248",1,"FAM242D"
"ENSG00000231254",1,"PCED1CP"
"ENSG00000231258",1,"ZSWIM5P2"
"ENSG00000231259",1,"ANAPC1P2"
"ENSG00000231264",1,"ARAFP1"
"ENSG00000231266",1,"ENSG00000231266"
"ENSG00000231270",1,"COBLP1"
"ENSG00000231274",1,"SBK3"
"ENSG00000231278",1,"OR9S24P"
"ENSG00000231293",1,"RPL36AP6"
"ENSG00000231295",1,"ENSG00000231295"
"ENSG00000231297",1,"ENSG00000231297"
"ENSG00000231298",1,"MANCR"
"ENSG00000231324",1,"ENSG00000231324"
"ENSG00000231353",1,"ENSG00000231353"
"ENSG00000231356",1,"MTFR1P1"
"ENSG00000231366",1,"RPS26P40"
"ENSG00000231367",1,"LINC02613"
"ENSG00000231368",1,"RPSAP40"
"ENSG00000231371",1,"AKR1B1P8"
"ENSG00000231397",1,"ENSG00000231397"
"ENSG00000231417",1,"IRX1P1"
"ENSG00000231418",1,"ENSG00000231418"
"ENSG00000231421",1,"ENSG00000231421"
"ENSG00000231434",1,"HSP90AA3P"
"ENSG00000231442",1,"LARP1BP1"
"ENSG00000231467",1,"ENSG00000231467"
"ENSG00000231470",1,"HMGB3P2"
"ENSG00000231471",1,"HMGN2P34"
"ENSG00000231477",1,"ENSG00000231477"
"ENSG00000231491",1,"JKAMPP1"
"ENSG00000231504",1,"NMD3P2"
"ENSG00000231507",1,"LINC01353"
"ENSG00000231513",1,"E2F6P4"
"ENSG00000231515",1,"ENSG00000231515"
"ENSG00000231523",1,"SEPTIN14P1"
"ENSG00000231529",1,"LINC02779"
"ENSG00000231537",1,"MTCO3P10"
"ENSG00000231547",1,"ENSG00000231547"
"ENSG00000231553",1,"MRM3P1"
"ENSG00000231557",1,"ENSG00000231557"
"ENSG00000231586",1,"RPS23P9"
"ENSG00000231587",1,"SNORD62B"
"ENSG00000231597",1,"ENSG00000231597"
"ENSG00000231601",1,"ENSG00000231601"
"ENSG00000231635",1,"ATP5F1BP1"
"ENSG00000231650",1,"RFESDP1"
"ENSG00000231653",1,"ENSG00000231653"
"ENSG00000231660",1,"RPS8P6"
"ENSG00000231666",1,"LINC01704"
"ENSG00000231668",1,"PPP2R2DP1"
"ENSG00000231671",1,"LINC01307"
"ENSG00000231678",1,"ENSG00000231678"
"ENSG00000231683",1,"ENSG00000231683"
"ENSG00000231700",1,"ENSG00000231700"
"ENSG00000231712",1,"H3P5"
"ENSG00000231714",1,"ENSG00000231714"
"ENSG00000231722",1,"CHMP4AP1"
"ENSG00000231723",1,"CAPZBP1"
"ENSG00000231735",1,"RPS2P18"
"ENSG00000231739",1,"GAPDHP59"
"ENSG00000231765",1,"PPP1R11P2"
"ENSG00000231766",1,"MTCO2P5"
"ENSG00000231777",1,"MTND4P21"
"ENSG00000231781",1,"ENSG00000231781"
"ENSG00000231791",1,"ENSG00000231791"
"ENSG00000231795",1,"ITCH-IT1"
"ENSG00000231809",1,"NANOGP9"
"ENSG00000231811",1,"ENSG00000231811"
"ENSG00000231814",1,"LINC00210"
"ENSG00000231826",1,"LINC01819"
"ENSG00000231839",1,"DPY19L4P2"
"ENSG00000231867",1,"ENSG00000231867"
"ENSG00000231868",1,"ENSG00000231868"
"ENSG00000231873",1,"ENSG00000231873"
"ENSG00000231878",1,"SNRPFP1"
"ENSG00000231879",1,"TXNL1P1"
"ENSG00000231894",1,"WDR95P"
"ENSG00000231897",1,"MARK2P14"
"ENSG00000231900",1,"GOT2P1"
"ENSG00000231911",1,"TPRKBP1"
"ENSG00000231923",1,"ENSG00000231923"
"ENSG00000231924",1,"PSG1"
"ENSG00000231925",1,"TAPBP"
"ENSG00000231926",1,"SEPHS1P7"
"ENSG00000231927",1,"ENSG00000231927"
"ENSG00000231931",1,"ENSG00000231931"
"ENSG00000231934",1,"FAM242A"
"ENSG00000231937",1,"ENSG00000231937"
"ENSG00000231947",1,"MTND2P24"
"ENSG00000231949",1,"ENSG00000231949"
"ENSG00000231954",1,"MTND2P22"
"ENSG00000231966",1,"LINC02818"
"ENSG00000231971",1,"CT69"
"ENSG00000231982",1,"MCF2L2P1"
"ENSG00000231984",1,"ENSG00000231984"
"ENSG00000231986",1,"ENSG00000231986"
"ENSG00000232006",1,"ENSG00000232006"
"ENSG00000232015",1,"HSPE1P25"
"ENSG00000232023",1,"LINC01807"
"ENSG00000232030",1,"MAGEB6B"
"ENSG00000232035",1,"ENSG00000232035"
"ENSG00000232044",1,"SILC1"
"ENSG00000232048",1,"HNRNPCP9"
"ENSG00000232053",1,"ENSG00000232053"
"ENSG00000232054",1,"NPM1P34"
"ENSG00000232060",1,"SLC4A1APP1"
"ENSG00000232068",1,"ENSG00000232068"
"ENSG00000232070",1,"TMEM253"
"ENSG00000232079",1,"LINC01697"
"ENSG00000232089",1,"ENSG00000232089"
"ENSG00000232098",1,"ZNF584-DT"
"ENSG00000232101",1,"ENSG00000232101"
"ENSG00000232109",1,"VN1R54P"
"ENSG00000232114",1,"NPLP1"
"ENSG00000232115",1,"ENSG00000232115"
"ENSG00000232118",1,"BACH1-AS1"
"ENSG00000232121",1,"ENSG00000232121"
"ENSG00000232128",1,"MTCO3P45"
"ENSG00000232132",1,"NDFIP2-AS1"
"ENSG00000232138",1,"IFNWP5"
"ENSG00000232139",1,"LINC00867"
"ENSG00000232155",1,"ENSG00000232155"
"ENSG00000232160",1,"RAP2C-AS1"
"ENSG00000232168",1,"P2RY10BP"
"ENSG00000232172",1,"ENSG00000232172"
"ENSG00000232175",1,"ENSG00000232175"
"ENSG00000232193",1,"ENSG00000232193"
"ENSG00000232198",1,"MTCO2P34"
"ENSG00000232200",1,"ENSG00000232200"
"ENSG00000232208",1,"ENSG00000232208"
"ENSG00000232212",1,"LINC01701"
"ENSG00000232225",1,"LINC01047"
"ENSG00000232227",1,"ENSG00000232227"
"ENSG00000232238",1,"RPS29P8"
"ENSG00000232240",1,"ENSG00000232240"
"ENSG00000232242",1,"ZYG11AP1"
"ENSG00000232254",1,"CSF2RBP1"
"ENSG00000232258",1,"TMEM114"
"ENSG00000232261",1,"ENSG00000232261"
"ENSG00000232263",1,"KRTAP25-1"
"ENSG00000232265",1,"LINC02805"
"ENSG00000232267",1,"ACTR3P2"
"ENSG00000232281",1,"IFNWP15"
"ENSG00000232292",1,"ALDH7A1P2"
"ENSG00000232307",1,"DAOA-AS1"
"ENSG00000232320",1,"MXRA7P1"
"ENSG00000232328",1,"ENSG00000232328"
"ENSG00000232337",1,"ENSG00000232337"
"ENSG00000232342",1,"ENSG00000232342"
"ENSG00000232349",1,"YBX1P7"
"ENSG00000232353",1,"ENSG00000232353"
"ENSG00000232358",1,"ENSG00000232358"
"ENSG00000232361",1,"TRPC6P3"
"ENSG00000232366",1,"VDAC1P9"
"ENSG00000232370",1,"BAG1P1"
"ENSG00000232378",1,"RPL29P28"
"ENSG00000232382",1,"OR5K1"
"ENSG00000232386",1,"ENSG00000232386"
"ENSG00000232387",1,"SKA2P1"
"ENSG00000232395",1,"LNCPOIR"
"ENSG00000232400",1,"RAD17P1"
"ENSG00000232409",1,"ENSG00000232409"
"ENSG00000232413",1,"ENSG00000232413"
"ENSG00000232420",1,"IL9RP2"
"ENSG00000232436",1,"ENSG00000232436"
"ENSG00000232444",1,"ENSG00000232444"
"ENSG00000232447",1,"MTND5P3"
"ENSG00000232451",1,"ENSG00000232451"
"ENSG00000232459",1,"OR4F14P"
"ENSG00000232463",1,"ENSG00000232463"
"ENSG00000232464",1,"ENSG00000232464"
"ENSG00000232492",1,"NPM1P13"
"ENSG00000232494",1,"ENSG00000232494"
"ENSG00000232497",1,"ADIPOR1P1"
"ENSG00000232511",1,"OR2AH1P"
"ENSG00000232515",1,"ENSG00000232515"
"ENSG00000232518",1,"ENSG00000232518"
"ENSG00000232525",1,"SS18L2P1"
"ENSG00000232546",1,"ENSG00000232546"
"ENSG00000232549",1,"SRD5A1P1"
"ENSG00000232554",1,"RSU1P2"
"ENSG00000232555",1,"ENSG00000232555"
"ENSG00000232556",1,"PRCPP1"
"ENSG00000232562",1,"TPMTP3"
"ENSG00000232563",1,"CRB3P1"
"ENSG00000232594",1,"ENSG00000232594"
"ENSG00000232597",1,"ENSG00000232597"
"ENSG00000232604",1,"ENSG00000232604"
"ENSG00000232605",1,"HMGN2P11"
"ENSG00000232610",1,"CCT6P4"
"ENSG00000232613",1,"LINC02576"
"ENSG00000232644",1,"ENSG00000232644"
"ENSG00000232645",1,"LINC01431"
"ENSG00000232647",1,"POLR3KP1"
"ENSG00000232658",1,"SLC44A3P1"
"ENSG00000232663",1,"ENSG00000232663"
"ENSG00000232664",1,"LARP1BP3"
"ENSG00000232668",1,"ENSG00000232668"
"ENSG00000232676",1,"ADH5P2"
"ENSG00000232688",1,"LINC01628"
"ENSG00000232690",1,"HSPE1P9"
"ENSG00000232701",1,"RPL21P108"
"ENSG00000232702",1,"ENSG00000232702"
"ENSG00000232707",1,"AP1B1P2"
"ENSG00000232714",1,"MTND3P8"
"ENSG00000232718",1,"GAPDHP48"
"ENSG00000232722",1,"MROH4P"
"ENSG00000232725",1,"PLXNB3-AS1"
"ENSG00000232728",1,"PHB2P1"
"ENSG00000232740",1,"LINC01826"
"ENSG00000232743",1,"ELF2P3"
"ENSG00000232766",1,"KIAA1143P2"
"ENSG00000232771",1,"PPP1R26P5"
"ENSG00000232772",1,"MTND4P22"
"ENSG00000232783",1,"FRG2FP"
"ENSG00000232789",1,"ENSG00000232789"
"ENSG00000232791",1,"OR11I1P"
"ENSG00000232800",1,"SLC7A15P"
"ENSG00000232806",1,"ENSG00000232806"
"ENSG00000232834",1,"ENSG00000232834"
"ENSG00000232851",1,"ATP5MFP3"
"ENSG00000232864",1,"NUCKS1P1"
"ENSG00000232873",1,"RPL23AP93"
"ENSG00000232878",1,"DPYD-AS1"
"ENSG00000232881",1,"RPS10P21"
"ENSG00000232885",1,"GPC5-AS2"
"ENSG00000232886",1,"ENSG00000232886"
"ENSG00000232897",1,"ENSG00000232897"
"ENSG00000232905",1,"ENSG00000232905"
"ENSG00000232918",1,"RPL21P26"
"ENSG00000232920",1,"LINC01400"
"ENSG00000232925",1,"MRPS16P2"
"ENSG00000232934",1,"ENSG00000232934"
"ENSG00000232944",1,"ENSG00000232944"
"ENSG00000232947",1,"LINC02543"
"ENSG00000232950",1,"ZNF519P1"
"ENSG00000232958",1,"MTARC2P1"
"ENSG00000232965",1,"RPS12P18"
"ENSG00000232969",1,"ENSG00000232969"
"ENSG00000232973",1,"CYP1B1-AS1"
"ENSG00000232981",1,"MTCO1P51"
"ENSG00000232989",1,"ENSG00000232989"
"ENSG00000232990",1,"MTATP6P7"
"ENSG00000232992",1,"AHCYP4"
"ENSG00000233002",1,"TBC1D26-AS1"
"ENSG00000233028",1,"ENSG00000233028"
"ENSG00000233031",1,"ENSG00000233031"
"ENSG00000233039",1,"MTND5P30"
"ENSG00000233041",1,"PHGR1"
"ENSG00000233047",1,"LINC01677"
"ENSG00000233058",1,"ATP13A3-DT"
"ENSG00000233068",1,"ENSG00000233068"
"ENSG00000233071",1,"RPSAP59"
"ENSG00000233082",1,"ENSG00000233082"
"ENSG00000233085",1,"ENSG00000233085"
"ENSG00000233093",1,"LINC00892"
"ENSG00000233105",1,"ENSG00000233105"
"ENSG00000233106",1,"RPL12P3"
"ENSG00000233107",1,"SUCLA2P2"
"ENSG00000233109",1,"ENSG00000233109"
"ENSG00000233123",1,"LINC01007"
"ENSG00000233125",1,"ACTBP12"
"ENSG00000233128",1,"LINC01794"
"ENSG00000233129",1,"ENSG00000233129"
"ENSG00000233134",1,"MTND3P17"
"ENSG00000233135",1,"RPS27P18"
"ENSG00000233139",1,"ENSG00000233139"
"ENSG00000233143",1,"DIRC3-AS1"
"ENSG00000233145",1,"ENSG00000233145"
"ENSG00000233190",1,"RPS24P13"
"ENSG00000233193",1,"ENSG00000233193"
"ENSG00000233215",1,"LINC01687"
"ENSG00000233234",1,"ENSG00000233234"
"ENSG00000233235",1,"ENSG00000233235"
"ENSG00000233251",1,"ENSG00000233251"
"ENSG00000233252",1,"CRIP1P1"
"ENSG00000233259",1,"FABP3P2"
"ENSG00000233285",1,"MTCYBP10"
"ENSG00000233291",1,"RPL7AP61"
"ENSG00000233296",1,"TMEM18-DT"
"ENSG00000233301",1,"OR4C14P"
"ENSG00000233318",1,"RPL31P45"
"ENSG00000233335",1,"RPL36AP14"
"ENSG00000233338",1,"TLR8-AS1"
"ENSG00000233339",1,"ENSG00000233339"
"ENSG00000233353",1,"RPS7P9"
"ENSG00000233357",1,"RPL30P15"
"ENSG00000233365",1,"ENSG00000233365"
"ENSG00000233377",1,"MTND4P20"
"ENSG00000233381",1,"AK4P3"
"ENSG00000233383",1,"ENSG00000233383"
"ENSG00000233385",1,"MTCO3P8"
"ENSG00000233396",1,"LINC01719"
"ENSG00000233402",1,"TARDBPP1"
"ENSG00000233409",1,"FANK1-AS1"
"ENSG00000233410",1,"LINC01222"
"ENSG00000233417",1,"ENSG00000233417"
"ENSG00000233423",1,"ENSG00000233423"
"ENSG00000233425",1,"KRT18P67"
"ENSG00000233441",1,"CYP2AB1P"
"ENSG00000233442",1,"PPP6R2P1"
"ENSG00000233444",1,"ENSG00000233444"
"ENSG00000233445",1,"RPL17P11"
"ENSG00000233449",1,"MTATP6P14"
"ENSG00000233451",1,"ENSG00000233451"
"ENSG00000233452",1,"STXBP5-AS1"
"ENSG00000233456",1,"LINC01077"
"ENSG00000233467",1,"HAX1P1"
"ENSG00000233472",1,"ENSG00000233472"
"ENSG00000233479",1,"ENSG00000233479"
"ENSG00000233480",1,"LINC01683"
"ENSG00000233489",1,"PAXBP1P1"
"ENSG00000233499",1,"OR5B1P"
"ENSG00000233502",1,"ENSG00000233502"
"ENSG00000233508",1,"PTPRT-DT"
"ENSG00000233517",1,"ENSG00000233517"
"ENSG00000233521",1,"LINC01638"
"ENSG00000233526",1,"RFC5P1"
"ENSG00000233528",1,"LINC00430"
"ENSG00000233531",1,"DEFA10P"
"ENSG00000233532",1,"LINC00460"
"ENSG00000233533",1,"MKNK2P1"
"ENSG00000233536",1,"ENSG00000233536"
"ENSG00000233537",1,"TEDDM2P"
"ENSG00000233539",1,"ENSG00000233539"
"ENSG00000233541",1,"RPL31P47"
"ENSG00000233548",1,"CYCSP44"
"ENSG00000233550",1,"MTCYBP8"
"ENSG00000233555",1,"RPL7AP46"
"ENSG00000233557",1,"NFU1P2"
"ENSG00000233576",1,"HTR3C2P"
"ENSG00000233583",1,"ENSG00000233583"
"ENSG00000233595",1,"MTND2P29"
"ENSG00000233601",1,"NCOR1P3"
"ENSG00000233607",1,"LINC01392"
"ENSG00000233609",1,"RPL10P19"
"ENSG00000233625",1,"ENSG00000233625"
"ENSG00000233643",1,"LINC02625"
"ENSG00000233656",1,"ENSG00000233656"
"ENSG00000233662",1,"CALM2P4"
"ENSG00000233663",1,"ENSG00000233663"
"ENSG00000233677",1,"DDX39BP1"
"ENSG00000233683",1,"ENSG00000233683"
"ENSG00000233689",1,"ENSG00000233689"
"ENSG00000233691",1,"ENSG00000233691"
"ENSG00000233710",1,"ENSG00000233710"
"ENSG00000233717",1,"RPS29P29"
"ENSG00000233718",1,"MYCNOS"
"ENSG00000233723",1,"LINC01122"
"ENSG00000233724",1,"ENSG00000233724"
"ENSG00000233727",1,"ENSG00000233727"
"ENSG00000233733",1,"H2AZP6"
"ENSG00000233746",1,"LINC00656"
"ENSG00000233755",1,"ENSG00000233755"
"ENSG00000233760",1,"ENSG00000233760"
"ENSG00000233764",1,"MTCO1P20"
"ENSG00000233766",1,"CAVIN2-AS1"
"ENSG00000233767",1,"PSMA6P3"
"ENSG00000233792",1,"PUDPP2"
"ENSG00000233810",1,"MOB1AP2"
"ENSG00000233819",1,"LCEP1"
"ENSG00000233823",1,"ENSG00000233823"
"ENSG00000233824",1,"ENSG00000233824"
"ENSG00000233829",1,"RPL26P15"
"ENSG00000233833",1,"ETF1P3"
"ENSG00000233834",1,"GIRGL"
"ENSG00000233840",1,"PCDH9-AS4"
"ENSG00000233848",1,"ENSG00000233848"
"ENSG00000233862",1,"ENSG00000233862"
"ENSG00000233867",1,"SLC9B1P3"
"ENSG00000233874",1,"MFN1P1"
"ENSG00000233880",1,"NFYCP1"
"ENSG00000233884",1,"ENSG00000233884"
"ENSG00000233887",1,"ENSG00000233887"
"ENSG00000233894",1,"ENSG00000233894"
"ENSG00000233909",1,"UBE2V1P4"
"ENSG00000233919",1,"ENSG00000233919"
"ENSG00000233920",1,"ENSG00000233920"
"ENSG00000233921",1,"RPS15AP40"
"ENSG00000233930",1,"KRTAP5-AS1"
"ENSG00000233934",1,"RPL21P38"
"ENSG00000233943",1,"ENSG00000233943"
"ENSG00000233951",1,"RCC2P3"
"ENSG00000233952",1,"FTLP15"
"ENSG00000233960",1,"ENSG00000233960"
"ENSG00000233963",1,"ATP8A2P3"
"ENSG00000233969",1,"ENSG00000233969"
"ENSG00000233981",1,"ENSG00000233981"
"ENSG00000233995",1,"ENSG00000233995"
"ENSG00000233997",1,"LINC01425"
"ENSG00000234015",1,"LINC02530"
"ENSG00000234025",1,"RBPMS2P1"
"ENSG00000234033",1,"RAC1P8"
"ENSG00000234034",1,"ENSG00000234034"
"ENSG00000234048",1,"CIAO2AP1"
"ENSG00000234052",1,"LINC01673"
"ENSG00000234055",1,"ENSG00000234055"
"ENSG00000234075",1,"RPL35AP"
"ENSG00000234088",1,"RPS15AP7"
"ENSG00000234111",1,"LINC02433"
"ENSG00000234119",1,"METAP2P1"
"ENSG00000234120",1,"ENSG00000234120"
"ENSG00000234124",1,"CSN1S2AP"
"ENSG00000234125",1,"EEF1GP8"
"ENSG00000234139",1,"ENSG00000234139"
"ENSG00000234143",1,"UGT1A13P"
"ENSG00000234146",1,"AKAP8P1"
"ENSG00000234152",1,"ELOBP1"
"ENSG00000234156",1,"ENSG00000234156"
"ENSG00000234158",1,"RPEP2"
"ENSG00000234163",1,"MTND4LP11"
"ENSG00000234174",1,"ENSG00000234174"
"ENSG00000234178",1,"DEFA11P"
"ENSG00000234189",1,"ENSG00000234189"
"ENSG00000234199",1,"LINC01191"
"ENSG00000234201",1,"BMI1P1"
"ENSG00000234222",1,"LIX1L-AS1"
"ENSG00000234234",1,"MTCO2P8"
"ENSG00000234244",1,"ENSG00000234244"
"ENSG00000234256",1,"PTCD2P2"
"ENSG00000234257",1,"SOD2P1"
"ENSG00000234261",1,"ENSG00000234261"
"ENSG00000234262",1,"ENSG00000234262"
"ENSG00000234265",1,"LINC01723"
"ENSG00000234267",1,"TULP3P1"
"ENSG00000234296",1,"ENSG00000234296"
"ENSG00000234304",1,"SGO1P2"
"ENSG00000234308",1,"LINC01878"
"ENSG00000234309",1,"SLC25A18P1"
"ENSG00000234312",1,"SAPCD2P4"
"ENSG00000234319",1,"RPS12P2"
"ENSG00000234335",1,"RPS4XP11"
"ENSG00000234340",1,"ENSG00000234340"
"ENSG00000234349",1,"GLUD1P9"
"ENSG00000234355",1,"FTH1P27"
"ENSG00000234359",1,"ELK1P1"
"ENSG00000234379",1,"HMGB1P48"
"ENSG00000234381",1,"MED15P7"
"ENSG00000234384",1,"LINC01049"
"ENSG00000234389",1,"ENSG00000234389"
"ENSG00000234398",1,"ENSG00000234398"
"ENSG00000234402",1,"ELK2BP"
"ENSG00000234413",1,"MPV17L2P1"
"ENSG00000234418",1,"ENSG00000234418"
"ENSG00000234425",1,"ENSG00000234425"
"ENSG00000234436",1,"ENSG00000234436"
"ENSG00000234445",1,"FGF14-AS1"
"ENSG00000234455",1,"ENSG00000234455"
"ENSG00000234456",1,"MAGI2-AS3"
"ENSG00000234460",1,"ENSG00000234460"
"ENSG00000234463",1,"COX6CP12"
"ENSG00000234464",1,"ENSG00000234464"
"ENSG00000234474",1,"MIR3663HG"
"ENSG00000234484",1,"ENSG00000234484"
"ENSG00000234489",1,"ALDH7A1P4"
"ENSG00000234511",1,"C5orf58"
"ENSG00000234512",1,"TLR12P"
"ENSG00000234540",1,"ENSG00000234540"
"ENSG00000234551",1,"LINC01309"
"ENSG00000234556",1,"LINC00701"
"ENSG00000234559",1,"RPL22P7"
"ENSG00000234560",1,"OR10G8"
"ENSG00000234564",1,"HSPA8P20"
"ENSG00000234570",1,"ZFRP1"
"ENSG00000234575",1,"CTSLP8"
"ENSG00000234576",1,"MTND1P26"
"ENSG00000234587",1,"MRPL50P1"
"ENSG00000234588",1,"FABP5P14"
"ENSG00000234590",1,"GNG5P5"
"ENSG00000234613",1,"ENSG00000234613"
"ENSG00000234617",1,"SNRK-AS1"
"ENSG00000234629",1,"WDR82P1"
"ENSG00000234634",1,"LINC02093"
"ENSG00000234637",1,"RPS19P6"
"ENSG00000234639",1,"ENSG00000234639"
"ENSG00000234640",1,"ENSG00000234640"
"ENSG00000234646",1,"ENSG00000234646"
"ENSG00000234648",1,"ENSG00000234648"
"ENSG00000234655",1,"OR7E155P"
"ENSG00000234660",1,"LINC00440"
"ENSG00000234670",1,"OR6C64P"
"ENSG00000234671",1,"MTCYBP5"
"ENSG00000234677",1,"ENSG00000234677"
"ENSG00000234686",1,"ENSG00000234686"
"ENSG00000234707",1,"SEC61G-DT"
"ENSG00000234714",1,"ENSG00000234714"
"ENSG00000234715",1,"SLC26A5-AS1"
"ENSG00000234732",1,"RPEP5"
"ENSG00000234745",1,"HLA-B"
"ENSG00000234752",1,"LINC02676"
"ENSG00000234754",1,"LINC02817"
"ENSG00000234765",1,"ELL2P3"
"ENSG00000234767",1,"LINC01052"
"ENSG00000234768",1,"ENSG00000234768"
"ENSG00000234776",1,"FREY1"
"ENSG00000234777",1,"LINC02529"
"ENSG00000234780",1,"ENSG00000234780"
"ENSG00000234787",1,"LINC00458"
"ENSG00000234790",1,"NUTF2P4"
"ENSG00000234796",1,"ENSG00000234796"
"ENSG00000234800",1,"PCMTD1P3"
"ENSG00000234813",1,"ENSG00000234813"
"ENSG00000234819",1,"ENSG00000234819"
"ENSG00000234829",1,"IFNA17"
"ENSG00000234837",1,"ENSG00000234837"
"ENSG00000234859",1,"ENSG00000234859"
"ENSG00000234862",1,"ENSG00000234862"
"ENSG00000234872",1,"ENSG00000234872"
"ENSG00000234878",1,"HSPE1P1"
"ENSG00000234880",1,"LINC00163"
"ENSG00000234894",1,"ENSG00000234894"
"ENSG00000234898",1,"CHEK2P3"
"ENSG00000234899",1,"SOX9-AS1"
"ENSG00000234900",1,"ENSG00000234900"
"ENSG00000234901",1,"MTND6P13"
"ENSG00000234918",1,"ENSG00000234918"
"ENSG00000234932",1,"ENSG00000234932"
"ENSG00000234934",1,"MTND5P29"
"ENSG00000234939",1,"MTND2P18"
"ENSG00000234940",1,"ENSG00000234940"
"ENSG00000234952",1,"LINC02674"
"ENSG00000234956",1,"LINC02539"
"ENSG00000234962",1,"LINC00700"
"ENSG00000234985",1,"ENSG00000234985"
"ENSG00000234988",1,"LINC01849"
"ENSG00000235011",1,"ENSG00000235011"
"ENSG00000235013",1,"COX20P2"
"ENSG00000235015",1,"GEMIN2P1"
"ENSG00000235039",1,"MTND6P12"
"ENSG00000235040",1,"MTCO3P1"
"ENSG00000235054",1,"LINC01777"
"ENSG00000235055",1,"ENSG00000235055"
"ENSG00000235056",1,"ENSG00000235056"
"ENSG00000235061",1,"UBE2V1P7"
"ENSG00000235062",1,"BCRP5"
"ENSG00000235070",1,"ENSG00000235070"
"ENSG00000235080",1,"MTND5P23"
"ENSG00000235089",1,"ENSG00000235089"
"ENSG00000235098",1,"ANKRD65"
"ENSG00000235101",1,"SETP9"
"ENSG00000235102",1,"ADI1P1"
"ENSG00000235108",1,"IFNA12P"
"ENSG00000235109",1,"ZSCAN31"
"ENSG00000235110",1,"RPS17P10"
"ENSG00000235118",1,"FAM237A"
"ENSG00000235129",1,"FABP7P2"
"ENSG00000235137",1,"HSP90AB6P"
"ENSG00000235140",1,"ENSG00000235140"
"ENSG00000235148",1,"HMGB3P23"
"ENSG00000235149",1,"ENSG00000235149"
"ENSG00000235154",1,"ENSG00000235154"
"ENSG00000235156",1,"TMEM30CP"
"ENSG00000235162",1,"C12orf75"
"ENSG00000235165",1,"CDK5P1"
"ENSG00000235170",1,"MTND1P31"
"ENSG00000235174",1,"RPL39P3"
"ENSG00000235180",1,"LINC00601"
"ENSG00000235185",1,"MICOS10-DT"
"ENSG00000235186",1,"ENSG00000235186"
"ENSG00000235199",1,"CYP2C58P"
"ENSG00000235202",1,"LINC01525"
"ENSG00000235217",1,"TSPY26P"
"ENSG00000235218",1,"DNAJC17P1"
"ENSG00000235219",1,"ENSG00000235219"
"ENSG00000235226",1,"ENSG00000235226"
"ENSG00000235227",1,"VN1R38P"
"ENSG00000235232",1,"MRPS18BP2"
"ENSG00000235243",1,"ENSG00000235243"
"ENSG00000235275",1,"KRT18P16"
"ENSG00000235289",1,"BRD7P6"
"ENSG00000235297",1,"FAUP1"
"ENSG00000235304",1,"LINC01281"
"ENSG00000235312",1,"KRTAP19-10P"
"ENSG00000235318",1,"MTND4LP13"
"ENSG00000235323",1,"COTL1P2"
"ENSG00000235325",1,"SRSF3P5"
"ENSG00000235329",1,"ENSG00000235329"
"ENSG00000235334",1,"BTG3P1"
"ENSG00000235335",1,"B3GALT1-AS1"
"ENSG00000235337",1,"ENSG00000235337"
"ENSG00000235338",1,"DUSP5P2"
"ENSG00000235343",1,"LINC01665"
"ENSG00000235349",1,"ENSG00000235349"
"ENSG00000235350",1,"ENSG00000235350"
"ENSG00000235358",1,"SCMH1-DT"
"ENSG00000235366",1,"LINC01055"
"ENSG00000235368",1,"SAPCD2P2"
"ENSG00000235379",1,"RPL7P31"
"ENSG00000235403",1,"ENSG00000235403"
"ENSG00000235416",1,"TIPINP1"
"ENSG00000235427",1,"ENSG00000235427"
"ENSG00000235430",1,"ZSWIM5P1"
"ENSG00000235431",1,"ENSG00000235431"
"ENSG00000235435",1,"ENSG00000235435"
"ENSG00000235450",1,"ENSG00000235450"
"ENSG00000235455",1,"IQCF5-AS1"
"ENSG00000235463",1,"ENSG00000235463"
"ENSG00000235464",1,"ENSG00000235464"
"ENSG00000235492",1,"LINC01221"
"ENSG00000235497",1,"LINC02923"
"ENSG00000235503",1,"ENSG00000235503"
"ENSG00000235519",1,"LINC01815"
"ENSG00000235524",1,"MTCO1P23"
"ENSG00000235525",1,"FTLP1"
"ENSG00000235533",1,"ENSG00000235533"
"ENSG00000235534",1,"FECHP1"
"ENSG00000235537",1,"ENSG00000235537"
"ENSG00000235539",1,"MTND1P33"
"ENSG00000235544",1,"RPS11P1"
"ENSG00000235549",1,"EIF1P2"
"ENSG00000235550",1,"ANKRD26P2"
"ENSG00000235571",1,"SNX18P14"
"ENSG00000235575",1,"ENSG00000235575"
"ENSG00000235579",1,"RPL38P5"
"ENSG00000235592",1,"ENSG00000235592"
"ENSG00000235608",1,"NKX1-1"
"ENSG00000235610",1,"ENSG00000235610"
"ENSG00000235620",1,"ENSG00000235620"
"ENSG00000235621",1,"LINC00494"
"ENSG00000235626",1,"KRT18P66"
"ENSG00000235637",1,"ENSG00000235637"
"ENSG00000235638",1,"MTND6P14"
"ENSG00000235639",1,"ENSG00000235639"
"ENSG00000235642",1,"PTP4A1P5"
"ENSG00000235646",1,"MTND1P2"
"ENSG00000235687",1,"LINC00993"
"ENSG00000235689",1,"ENSG00000235689"
"ENSG00000235707",1,"ENSG00000235707"
"ENSG00000235729",1,"ENSG00000235729"
"ENSG00000235738",1,"ENSG00000235738"
"ENSG00000235741",1,"LINC02784"
"ENSG00000235749",1,"ENSG00000235749"
"ENSG00000235756",1,"ENSG00000235756"
"ENSG00000235759",1,"ARHGAP42P3"
"ENSG00000235761",1,"MTCO3P46"
"ENSG00000235774",1,"ENSG00000235774"
"ENSG00000235785",1,"ENSG00000235785"
"ENSG00000235803",1,"MTCO2P23"
"ENSG00000235804",1,"ENSG00000235804"
"ENSG00000235812",1,"ADAM21P1"
"ENSG00000235817",1,"ENSG00000235817"
"ENSG00000235818",1,"VN1R17P"
"ENSG00000235819",1,"ENSG00000235819"
"ENSG00000235820",1,"ENSG00000235820"
"ENSG00000235840",1,"ENSG00000235840"
"ENSG00000235845",1,"ENSG00000235845"
"ENSG00000235848",1,"RMDN2-AS1"
"ENSG00000235857",1,"CTBP2P1"
"ENSG00000235861",1,"ENSG00000235861"
"ENSG00000235868",1,"GAPDHP31"
"ENSG00000235871",1,"ENSG00000235871"
"ENSG00000235876",1,"FEM1AP4"
"ENSG00000235879",1,"FAR1P1"
"ENSG00000235880",1,"ENSG00000235880"
"ENSG00000235886",1,"ENSG00000235886"
"ENSG00000235892",1,"PKMP2"
"ENSG00000235897",1,"TM4SF19-AS1"
"ENSG00000235899",1,"LINC01564"
"ENSG00000235903",1,"CPB2-AS1"
"ENSG00000235916",1,"MRPS18CP7"
"ENSG00000235926",1,"RPS29P15"
"ENSG00000235929",1,"TPT1P14"
"ENSG00000235934",1,"ENSG00000235934"
"ENSG00000235951",1,"ENSG00000235951"
"ENSG00000235962",1,"RPL7AP53"
"ENSG00000235968",1,"FBXL12P1"
"ENSG00000235976",1,"H2BP8"
"ENSG00000235990",1,"RPL23AP20"
"ENSG00000235992",1,"GRAMD4P2"
"ENSG00000235995",1,"UBE2V1P6"
"ENSG00000236005",1,"ENSG00000236005"
"ENSG00000236039",1,"LINC02889"
"ENSG00000236040",1,"CHIAP1"
"ENSG00000236046",1,"ENSG00000236046"
"ENSG00000236068",1,"NT5ELP"
"ENSG00000236069",1,"ENSG00000236069"
"ENSG00000236076",1,"LINC01072"
"ENSG00000236077",1,"SLC6A14P1"
"ENSG00000236079",1,"ENSG00000236079"
"ENSG00000236080",1,"YAP1P2"
"ENSG00000236088",1,"COX10-DT"
"ENSG00000236099",1,"ENSG00000236099"
"ENSG00000236118",1,"ENSG00000236118"
"ENSG00000236119",1,"ENSG00000236119"
"ENSG00000236121",1,"HAUS6P2"
"ENSG00000236141",1,"ENSG00000236141"
"ENSG00000236145",1,"ENSG00000236145"
"ENSG00000236146",1,"ENSG00000236146"
"ENSG00000236151",1,"ENSG00000236151"
"ENSG00000236160",1,"ENSG00000236160"
"ENSG00000236164",1,"ENSG00000236164"
"ENSG00000236167",1,"GAPDHP57"
"ENSG00000236168",1,"ENSG00000236168"
"ENSG00000236171",1,"RPL12P26"
"ENSG00000236176",1,"LINC00353"
"ENSG00000236179",1,"PRAMEF35P"
"ENSG00000236187",1,"GJA6P"
"ENSG00000236189",1,"RPL18AP15"
"ENSG00000236205",1,"ENSG00000236205"
"ENSG00000236211",1,"MTCO1P7"
"ENSG00000236240",1,"GPC5-IT1"
"ENSG00000236246",1,"ENSG00000236246"
"ENSG00000236252",1,"ENSG00000236252"
"ENSG00000236253",1,"SLC25A3P1"
"ENSG00000236255",1,"ENSG00000236255"
"ENSG00000236257",1,"EI24P2"
"ENSG00000236258",1,"TIMM8BP1"
"ENSG00000236264",1,"RPL26P30"
"ENSG00000236267",1,"ENSG00000236267"
"ENSG00000236268",1,"LINC01361"
"ENSG00000236279",1,"CLEC2L"
"ENSG00000236284",1,"VN1R31P"
"ENSG00000236289",1,"GACAT3"
"ENSG00000236299",1,"ENSG00000236299"
"ENSG00000236303",1,"LINC02646"
"ENSG00000236304",1,"ENSG00000236304"
"ENSG00000236306",1,"LINC01241"
"ENSG00000236313",1,"VN1R53P"
"ENSG00000236320",1,"SLFN14"
"ENSG00000236333",1,"TRHDE-AS1"
"ENSG00000236335",1,"ENSG00000236335"
"ENSG00000236343",1,"EI24P4"
"ENSG00000236355",1,"DNAH8-DT"
"ENSG00000236357",1,"EI24P1"
"ENSG00000236373",1,"LINC02653"
"ENSG00000236378",1,"ENSG00000236378"
"ENSG00000236382",1,"KRTAP10-13P"
"ENSG00000236383",1,"CCDC200"
"ENSG00000236385",1,"ENSG00000236385"
"ENSG00000236395",1,"ENSG00000236395"
"ENSG00000236396",1,"SLC35G4"
"ENSG00000236400",1,"KRTAP21-4P"
"ENSG00000236401",1,"SLC4A1APP2"
"ENSG00000236407",1,"HMGB1P18"
"ENSG00000236408",1,"ENSG00000236408"
"ENSG00000236413",1,"ENSG00000236413"
"ENSG00000236414",1,"ENSG00000236414"
"ENSG00000236420",1,"CHCHD3P1"
"ENSG00000236436",1,"LINC02850"
"ENSG00000236445",1,"LINC00608"
"ENSG00000236446",1,"CT47B1"
"ENSG00000236457",1,"ENSG00000236457"
"ENSG00000236461",1,"ENSG00000236461"
"ENSG00000236471",1,"LINC02920"
"ENSG00000236487",1,"ENSG00000236487"
"ENSG00000236497",1,"LINC01744"
"ENSG00000236503",1,"TRPC6P8"
"ENSG00000236504",1,"ENSG00000236504"
"ENSG00000236505",1,"ENSG00000236505"
"ENSG00000236513",1,"ENSG00000236513"
"ENSG00000236525",1,"ENSG00000236525"
"ENSG00000236531",1,"ENSG00000236531"
"ENSG00000236532",1,"LINC01695"
"ENSG00000236544",1,"EN2-DT"
"ENSG00000236569",1,"HNRNPA1P73"
"ENSG00000236572",1,"ENSG00000236572"
"ENSG00000236574",1,"ENSG00000236574"
"ENSG00000236581",1,"STARD13-AS"
"ENSG00000236590",1,"MTATP6P4"
"ENSG00000236591",1,"UST-AS2"
"ENSG00000236594",1,"RPS27AP14"
"ENSG00000236597",1,"IGHD7-27"
"ENSG00000236607",1,"EEF1DP8"
"ENSG00000236610",1,"SOCS5P1"
"ENSG00000236634",1,"ENSG00000236634"
"ENSG00000236637",1,"IFNA4"
"ENSG00000236648",1,"LINC02810"
"ENSG00000236656",1,"ENSG00000236656"
"ENSG00000236678",1,"LINC00347"
"ENSG00000236681",1,"DSTNP5"
"ENSG00000236682",1,"MAP3K2-DT"
"ENSG00000236689",1,"MTCO2P21"
"ENSG00000236691",1,"NDUFA4P2"
"ENSG00000236692",1,"MTCO1P10"
"ENSG00000236700",1,"LINC01010"
"ENSG00000236714",1,"LINC01844"
"ENSG00000236716",1,"ENSG00000236716"
"ENSG00000236719",1,"OVAAL"
"ENSG00000236741",1,"ENSG00000236741"
"ENSG00000236753",1,"MKLN1-AS"
"ENSG00000236754",1,"ENSG00000236754"
"ENSG00000236763",1,"TRMT112P4"
"ENSG00000236764",1,"COX7A2P2"
"ENSG00000236768",1,"RPL17P16"
"ENSG00000236777",1,"ENSG00000236777"
"ENSG00000236780",1,"LINC01829"
"ENSG00000236783",1,"RPS15AP27"
"ENSG00000236785",1,"SDR42E1P5"
"ENSG00000236807",1,"ENSG00000236807"
"ENSG00000236813",1,"BTF3P8"
"ENSG00000236818",1,"ARL5AP2"
"ENSG00000236825",1,"RAB28P2"
"ENSG00000236827",1,"LINC00529"
"ENSG00000236830",1,"CBR3-AS1"
"ENSG00000236832",1,"CBY1P1"
"ENSG00000236836",1,"PCYT1B-AS1"
"ENSG00000236837",1,"ENSG00000236837"
"ENSG00000236847",1,"ENSG00000236847"
"ENSG00000236858",1,"ENSG00000236858"
"ENSG00000236866",1,"TENT5C-DT"
"ENSG00000236870",1,"POMPP1"
"ENSG00000236876",1,"TMSB4XP1"
"ENSG00000236892",1,"ENSG00000236892"
"ENSG00000236894",1,"LINC03028"
"ENSG00000236897",1,"ENSG00000236897"
"ENSG00000236907",1,"ENSG00000236907"
"ENSG00000236909",1,"OR2P1P"
"ENSG00000236919",1,"PHKG1P3"
"ENSG00000236929",1,"RPL35AP37"
"ENSG00000236930",1,"SDHDP4"
"ENSG00000236932",1,"CEACAMP8"
"ENSG00000236944",1,"MIX23P2"
"ENSG00000236950",1,"LINC01774"
"ENSG00000236957",1,"ENSG00000236957"
"ENSG00000236959",1,"SULT1D1P"
"ENSG00000236960",1,"ENSG00000236960"
"ENSG00000236968",1,"ENSG00000236968"
"ENSG00000236969",1,"GGT8P"
"ENSG00000236980",1,"C3orf84"
"ENSG00000236982",1,"BLOC1S2P1"
"ENSG00000236985",1,"ENSG00000236985"
"ENSG00000236986",1,"ENSG00000236986"
"ENSG00000236988",1,"CTDSPL2P1"
"ENSG00000236990",1,"ENSG00000236990"
"ENSG00000237000",1,"PTMAP6"
"ENSG00000237005",1,"HIGD1AP15"
"ENSG00000237011",1,"ENSG00000237011"
"ENSG00000237014",1,"LRRFIP2P1"
"ENSG00000237032",1,"RPSAP7"
"ENSG00000237033",1,"CASP3P1"
"ENSG00000237053",1,"FUCA1P1"
"ENSG00000237064",1,"EIF3IP1"
"ENSG00000237072",1,"ENSG00000237072"
"ENSG00000237074",1,"LINC02942"
"ENSG00000237077",1,"RPL38P2"
"ENSG00000237083",1,"RPL31P42"
"ENSG00000237089",1,"PCNPP4"
"ENSG00000237099",1,"GYG1P2"
"ENSG00000237106",1,"FABP5P15"
"ENSG00000237110",1,"TAAR9"
"ENSG00000237111",1,"IGHJ3P"
"ENSG00000237119",1,"LINC01056"
"ENSG00000237121",1,"PIEZO1P2"
"ENSG00000237137",1,"ENSG00000237137"
"ENSG00000237148",1,"HIGD1AP2"
"ENSG00000237153",1,"ENSG00000237153"
"ENSG00000237164",1,"SLC25A15P2"
"ENSG00000237179",1,"LINC01797"
"ENSG00000237183",1,"KRTAP9-10P"
"ENSG00000237185",1,"VN1R66P"
"ENSG00000237193",1,"ENSG00000237193"
"ENSG00000237202",1,"BNIP3P43"
"ENSG00000237205",1,"RPL7P34"
"ENSG00000237213",1,"RPL23AP22"
"ENSG00000237252",1,"MMADHCP1"
"ENSG00000237266",1,"LINC01810"
"ENSG00000237272",1,"OR51R1P"
"ENSG00000237274",1,"GTF3AP1"
"ENSG00000237293",1,"ENSG00000237293"
"ENSG00000237294",1,"EIF4BP9"
"ENSG00000237297",1,"ENSG00000237297"
"ENSG00000237309",1,"MTND2P6"
"ENSG00000237311",1,"ENSG00000237311"
"ENSG00000237320",1,"ENSG00000237320"
"ENSG00000237322",1,"RPL7L1P10"
"ENSG00000237324",1,"ENSG00000237324"
"ENSG00000237326",1,"ENSG00000237326"
"ENSG00000237354",1,"OR52S1P"
"ENSG00000237360",1,"CHCHD4P2"
"ENSG00000237363",1,"ENSG00000237363"
"ENSG00000237383",1,"CNN2P11"
"ENSG00000237388",1,"OR4A47"
"ENSG00000237396",1,"LNCNEF"
"ENSG00000237400",1,"ENSG00000237400"
"ENSG00000237428",1,"ASH2LP2"
"ENSG00000237434",1,"ENSG00000237434"
"ENSG00000237443",1,"OR13D2P"
"ENSG00000237449",1,"TAAR4P"
"ENSG00000237466",1,"MTCO3P41"
"ENSG00000237477",1,"ENSG00000237477"
"ENSG00000237478",1,"ENSG00000237478"
"ENSG00000237490",1,"RPS27AP17"
"ENSG00000237505",1,"PKN2-AS1"
"ENSG00000237510",1,"GPAT2P1"
"ENSG00000237520",1,"LINC02971"
"ENSG00000237521",1,"OR7E24"
"ENSG00000237524",1,"TEX51"
"ENSG00000237527",1,"ENSG00000237527"
"ENSG00000237528",1,"UQCR10P1"
"ENSG00000237539",1,"ENSG00000237539"
"ENSG00000237549",1,"RPS6P3"
"ENSG00000237556",1,"KCND3-AS1"
"ENSG00000237560",1,"LINC01497"
"ENSG00000237571",1,"LINC02862"
"ENSG00000237572",1,"ENSG00000237572"
"ENSG00000237576",1,"LINC01888"
"ENSG00000237581",1,"ENSG00000237581"
"ENSG00000237583",1,"RPL34P8"
"ENSG00000237589",1,"HMGN1P32"
"ENSG00000237603",1,"HMGB3P12"
"ENSG00000237610",1,"OR4C50P"
"ENSG00000237618",1,"BTBD7P2"
"ENSG00000237619",1,"OR3B1P"
"ENSG00000237623",1,"NICN2P"
"ENSG00000237626",1,"ENSG00000237626"
"ENSG00000237643",1,"LINC01610"
"ENSG00000237661",1,"TNIP2P1"
"ENSG00000237662",1,"SOCS2P1"
"ENSG00000237674",1,"GSTA7P"
"ENSG00000237675",1,"TEX36-AS1"
"ENSG00000237687",1,"LINC00686"
"ENSG00000237707",1,"ENSG00000237707"
"ENSG00000237722",1,"MTND1P29"
"ENSG00000237730",1,"RPS5P8"
"ENSG00000237735",1,"ENSG00000237735"
"ENSG00000237747",1,"EIF3JP3"
"ENSG00000237752",1,"NCKAP1P1"
"ENSG00000237760",1,"ENSG00000237760"
"ENSG00000237761",1,"ENSG00000237761"
"ENSG00000237767",1,"LINC01370"
"ENSG00000237770",1,"SPATA31D2P"
"ENSG00000237772",1,"LINC02631"
"ENSG00000237773",1,"ENSG00000237773"
"ENSG00000237783",1,"ENSG00000237783"
"ENSG00000237790",1,"LINC01318"
"ENSG00000237833",1,"ETS2P1"
"ENSG00000237841",1,"KRTAP19-9P"
"ENSG00000237849",1,"NFYAP1"
"ENSG00000237850",1,"GOLGA6L24"
"ENSG00000237860",1,"SLC6A14P2"
"ENSG00000237864",1,"LINC00322"
"ENSG00000237870",1,"ENSG00000237870"
"ENSG00000237874",1,"ENSG00000237874"
"ENSG00000237876",1,"AKR1B1P4"
"ENSG00000237885",1,"ENSG00000237885"
"ENSG00000237901",1,"ENSG00000237901"
"ENSG00000237910",1,"MTCO1P18"
"ENSG00000237914",1,"SIRPG-AS1"
"ENSG00000237919",1,"LRRC7-AS1"
"ENSG00000237924",1,"RPL21P112"
"ENSG00000237931",1,"CLIC4P3"
"ENSG00000237936",1,"ENSG00000237936"
"ENSG00000237937",1,"LINC02702"
"ENSG00000237943",1,"PRKCQ-AS1"
"ENSG00000237947",1,"ENSG00000237947"
"ENSG00000237949",1,"LINC00844"
"ENSG00000237956",1,"TRIAP1P1"
"ENSG00000237964",1,"RAD52P1"
"ENSG00000237988",1,"OR2I1P"
"ENSG00000238009",1,"ENSG00000238009"
"ENSG00000238010",1,"ENSG00000238010"
"ENSG00000238021",1,"ODAD2P1"
"ENSG00000238022",1,"LMX1A-AS1"
"ENSG00000238026",1,"TMEM38BP1"
"ENSG00000238029",1,"RALBP1P2"
"ENSG00000238031",1,"ENSG00000238031"
"ENSG00000238032",1,"S100A11P5"
"ENSG00000238047",1,"MTND1P30"
"ENSG00000238048",1,"ART2P"
"ENSG00000238049",1,"ENSG00000238049"
"ENSG00000238054",1,"ENSG00000238054"
"ENSG00000238057",1,"ZEB2-AS1"
"ENSG00000238066",1,"ENSG00000238066"
"ENSG00000238075",1,"RPSAP32"
"ENSG00000238076",1,"MRPL48P1"
"ENSG00000238099",1,"LINC01625"
"ENSG00000238108",1,"ENSG00000238108"
"ENSG00000238116",1,"RAD21P1"
"ENSG00000238121",1,"LINC00426"
"ENSG00000238124",1,"ENSG00000238124"
"ENSG00000238158",1,"ENSG00000238158"
"ENSG00000238173",1,"RPL39P6"
"ENSG00000238183",1,"RPS27P5"
"ENSG00000238194",1,"PHACTR3-AS1"
"ENSG00000238195",1,"ENSG00000238195"
"ENSG00000238215",1,"ENSG00000238215"
"ENSG00000238223",1,"ENSG00000238223"
"ENSG00000238242",1,"LINC02778"
"ENSG00000238247",1,"RDXP3"
"ENSG00000238254",1,"ENSG00000238254"
"ENSG00000238257",1,"ENSG00000238257"
"ENSG00000238265",1,"LINC00317"
"ENSG00000238275",1,"HOMER2P2"
"ENSG00000238276",1,"LINC02944"
"ENSG00000238277",1,"ENSG00000238277"
"ENSG00000238283",1,"TBC1D3P1"
"ENSG00000238284",1,"LINC01448"
"ENSG00000238326",1,"ENSG00000238326"
"ENSG00000238344",1,"SNORD126"
"ENSG00000238364",1,"RNU7-140P"
"ENSG00000238365",1,"RNU7-57P"
"ENSG00000238366",1,"Y_RNA"
"ENSG00000238367",1,"MIR2113"
"ENSG00000238371",1,"ENSG00000238371"
"ENSG00000238382",1,"RNU6-1211P"
"ENSG00000238391",1,"RNA5SP233"
"ENSG00000238399",1,"MIR2053"
"ENSG00000238423",1,"SNORD42B"
"ENSG00000238426",1,"Y_RNA"
"ENSG00000238444",1,"RNU6-893P"
"ENSG00000238482",1,"RNU6-1208P"
"ENSG00000238490",1,"Y_RNA"
"ENSG00000238498",1,"SNORD13P1"
"ENSG00000238503",1,"SNORD18"
"ENSG00000238540",1,"RNU7-93P"
"ENSG00000238554",1,"RNU1-88P"
"ENSG00000238558",1,"RNU7-21P"
"ENSG00000238560",1,"Y_RNA"
"ENSG00000238562",1,"RNU7-159P"
"ENSG00000238570",1,"ENSG00000238570"
"ENSG00000238594",1,"ENSG00000238594"
"ENSG00000238610",1,"RNU7-26P"
"ENSG00000238619",1,"RNU6-775P"
"ENSG00000238628",1,"ENSG00000238628"
"ENSG00000238694",1,"ENSG00000238694"
"ENSG00000238709",1,"RNU7-56P"
"ENSG00000238711",1,"RNY4P25"
"ENSG00000238730",1,"RNU7-164P"
"ENSG00000238731",1,"RNU7-90P"
"ENSG00000238745",1,"ENSG00000238745"
"ENSG00000238759",1,"RNU7-155P"
"ENSG00000238761",1,"ENSG00000238761"
"ENSG00000238764",1,"ENSG00000238764"
"ENSG00000238829",1,"RNU7-45P"
"ENSG00000238833",1,"RNU1-131P"
"ENSG00000238837",1,"LINC02031"
"ENSG00000238845",1,"Y_RNA"
"ENSG00000238880",1,"RNU7-59P"
"ENSG00000238882",1,"RNU6-329P"
"ENSG00000238886",1,"SNORD121A"
"ENSG00000238924",1,"RNU7-82P"
"ENSG00000238926",1,"Y_RNA"
"ENSG00000238941",1,"RNU6-953P"
"ENSG00000238949",1,"RNU7-66P"
"ENSG00000238964",1,"RNU7-125P"
"ENSG00000238965",1,"RNA5SP351"
"ENSG00000238987",1,"RNU7-133P"
"ENSG00000239001",1,"RNU6-420P"
"ENSG00000239003",1,"RNU7-88P"
"ENSG00000239007",1,"RNU7-95P"
"ENSG00000239008",1,"ENSG00000239008"
"ENSG00000239035",1,"SNORD13D"
"ENSG00000239039",1,"SNORD13"
"ENSG00000239040",1,"Y_RNA"
"ENSG00000239043",1,"SNORD127"
"ENSG00000239079",1,"ENSG00000239079"
"ENSG00000239080",1,"ENSG00000239080"
"ENSG00000239081",1,"RNU7-24P"
"ENSG00000239082",1,"RNU7-170P"
"ENSG00000239093",1,"ENSG00000239093"
"ENSG00000239105",1,"RNU7-73P"
"ENSG00000239115",1,"RNU7-67P"
"ENSG00000239119",1,"RNU7-119P"
"ENSG00000239137",1,"ENSG00000239137"
"ENSG00000239149",1,"SNORA59A"
"ENSG00000239151",1,"RNU7-195P"
"ENSG00000239189",1,"RNU6-634P"
"ENSG00000239190",1,"RNU6-717P"
"ENSG00000239200",1,"RPL22P20"
"ENSG00000239202",1,"RN7SL499P"
"ENSG00000239205",1,"LINC02023"
"ENSG00000239211",1,"RN7SL563P"
"ENSG00000239223",1,"RPL34P31"
"ENSG00000239224",1,"RN7SL546P"
"ENSG00000239226",1,"MRPS17P3"
"ENSG00000239227",1,"ENSG00000239227"
"ENSG00000239228",1,"RN7SL578P"
"ENSG00000239250",1,"RN7SL271P"
"ENSG00000239256",1,"RPL35AP35"
"ENSG00000239288",1,"BRD7P7"
"ENSG00000239305",1,"RNF103"
"ENSG00000239320",1,"RPS29P26"
"ENSG00000239381",1,"ENSG00000239381"
"ENSG00000239397",1,"RPL13AP21"
"ENSG00000239398",1,"RN7SL342P"
"ENSG00000239426",1,"OR8F1P"
"ENSG00000239428",1,"GM2AP2"
"ENSG00000239437",1,"RN7SL752P"
"ENSG00000239445",1,"ST3GAL6-AS1"
"ENSG00000239464",1,"RN7SL691P"
"ENSG00000239486",1,"ENSG00000239486"
"ENSG00000239510",1,"RPL9P5"
"ENSG00000239516",1,"FLYWCH1P1"
"ENSG00000239525",1,"RPL30P5"
"ENSG00000239545",1,"RN7SL822P"
"ENSG00000239555",1,"RN7SL841P"
"ENSG00000239595",1,"RN7SL79P"
"ENSG00000239605",1,"STPG4"
"ENSG00000239642",1,"MEIKIN"
"ENSG00000239661",1,"ENSG00000239661"
"ENSG00000239674",1,"ENSG00000239674"
"ENSG00000239679",1,"RN7SL193P"
"ENSG00000239689",1,"RPL17P46"
"ENSG00000239690",1,"RN7SL668P"
"ENSG00000239694",1,"RPSAP38"
"ENSG00000239699",1,"HNRNPA3P8"
"ENSG00000239706",1,"CRADDP1"
"ENSG00000239708",1,"RN7SL782P"
"ENSG00000239710",1,"RN7SL692P"
"ENSG00000239716",1,"ENSG00000239716"
"ENSG00000239736",1,"CEACAMP3"
"ENSG00000239744",1,"RN7SL63P"
"ENSG00000239745",1,"RN7SL790P"
"ENSG00000239780",1,"RPLP0P11"
"ENSG00000239792",1,"CDRT15P5"
"ENSG00000239794",1,"RN7SL653P"
"ENSG00000239809",1,"ENSG00000239809"
"ENSG00000239819",1,"IGKV1D-8"
"ENSG00000239822",1,"RN7SL754P"
"ENSG00000239823",1,"Y_RNA"
"ENSG00000239840",1,"RPL23AP72"
"ENSG00000239872",1,"RPL35AP19"
"ENSG00000239886",1,"KRTAP9-2"
"ENSG00000239906",1,"ENSG00000239906"
"ENSG00000239921",1,"LINC01471"
"ENSG00000239939",1,"RPSAP34"
"ENSG00000239944",1,"TRBV8-2"
"ENSG00000239961",1,"LILRA4"
"ENSG00000239967",1,"OR2A41P"
"ENSG00000239981",1,"OR2A15P"
"ENSG00000239994",1,"ENSG00000239994"
"ENSG00000239995",1,"TPT1P11"
"ENSG00000240014",1,"RN7SL254P"
"ENSG00000240021",1,"TEX35"
"ENSG00000240047",1,"RPS3AP32"
"ENSG00000240056",1,"ENSG00000240056"
"ENSG00000240103",1,"ENSG00000240103"
"ENSG00000240135",1,"PSMD12P1"
"ENSG00000240151",1,"RN7SL826P"
"ENSG00000240159",1,"RPL6P16"
"ENSG00000240179",1,"RPL26P3"
"ENSG00000240194",1,"CYMP"
"ENSG00000240197",1,"ENSG00000240197"
"ENSG00000240201",1,"ENSG00000240201"
"ENSG00000240237",1,"RPL21P78"
"ENSG00000240241",1,"ENSG00000240241"
"ENSG00000240246",1,"RPL32P8"
"ENSG00000240255",1,"PSMC1P6"
"ENSG00000240280",1,"TCAM1P"
"ENSG00000240281",1,"ENSG00000240281"
"ENSG00000240296",1,"ENSG00000240296"
"ENSG00000240298",1,"RPL36AP40"
"ENSG00000240309",1,"MTCO1P6"
"ENSG00000240320",1,"RPS29P27"
"ENSG00000240347",1,"RN7SL35P"
"ENSG00000240354",1,"ENSG00000240354"
"ENSG00000240359",1,"UBL5P3"
"ENSG00000240364",1,"RPL31P59"
"ENSG00000240375",1,"VPS26AP1"
"ENSG00000240386",1,"LCE1F"
"ENSG00000240403",1,"KIR3DL2"
"ENSG00000240416",1,"CYCSP20"
"ENSG00000240423",1,"LINC00636"
"ENSG00000240424",1,"ENSG00000240424"
"ENSG00000240439",1,"RN7SL91P"
"ENSG00000240440",1,"ENSG00000240440"
"ENSG00000240452",1,"MTCO1P29"
"ENSG00000240474",1,"RN7SL116P"
"ENSG00000240478",1,"ENSG00000240478"
"ENSG00000240486",1,"RPL23AP54"
"ENSG00000240499",1,"ENSG00000240499"
"ENSG00000240502",1,"RN7SL837P"
"ENSG00000240519",1,"ENSG00000240519"
"ENSG00000240534",1,"RPL34P17"
"ENSG00000240535",1,"ENSG00000240535"
"ENSG00000240541",1,"TM4SF1-AS1"
"ENSG00000240562",1,"LINC01472"
"ENSG00000240568",1,"LCORLP1"
"ENSG00000240578",1,"TRBV22-1"
"ENSG00000240611",1,"RPL6P15"
"ENSG00000240631",1,"RPL30P12"
"ENSG00000240639",1,"RN7SL666P"
"ENSG00000240651",1,"SEPTIN7P4"
"ENSG00000240661",1,"BTNL12P"
"ENSG00000240669",1,"ENSG00000240669"
"ENSG00000240671",1,"IGKV1-8"
"ENSG00000240680",1,"H4P1"
"ENSG00000240707",1,"LINC01168"
"ENSG00000240721",1,"RPS4XP15"
"ENSG00000240747",1,"KRBOX1"
"ENSG00000240760",1,"RPL31P56"
"ENSG00000240770",1,"C21orf91-OT1"
"ENSG00000240772",1,"RN7SL776P"
"ENSG00000240792",1,"ENSG00000240792"
"ENSG00000240824",1,"MTND3P7"
"ENSG00000240827",1,"RPL19P7"
"ENSG00000240859",1,"LINC03014"
"ENSG00000240863",1,"RN7SL645P"
"ENSG00000240881",1,"ENSG00000240881"
"ENSG00000240895",1,"ENSG00000240895"
"ENSG00000240902",1,"APOOP2"
"ENSG00000240951",1,"MTCO2P6"
"ENSG00000240961",1,"RN7SL415P"
"ENSG00000240966",1,"RN7SL681P"
"ENSG00000240975",1,"ENSG00000240975"
"ENSG00000240980",1,"ENSG00000240980"
"ENSG00000240995",1,"ENSG00000240995"
"ENSG00000241008",1,"RPL7AP55"
"ENSG00000241018",1,"RCC2P5"
"ENSG00000241032",1,"RN7SL709P"
"ENSG00000241037",1,"RN7SL335P"
"ENSG00000241074",1,"RN7SL813P"
"ENSG00000241088",1,"RPL17P44"
"ENSG00000241102",1,"ENSG00000241102"
"ENSG00000241105",1,"ENSG00000241105"
"ENSG00000241129",1,"RPL22P19"
"ENSG00000241135",1,"LINC00881"
"ENSG00000241163",1,"LINC00877"
"ENSG00000241185",1,"RPL21P122"
"ENSG00000241203",1,"HMGN2P26"
"ENSG00000241220",1,"ENSG00000241220"
"ENSG00000241224",1,"C3orf85"
"ENSG00000241227",1,"RN7SL553P"
"ENSG00000241241",1,"KRTAP4-16"
"ENSG00000241244",1,"IGKV1D-16"
"ENSG00000241248",1,"RN7SL727P"
"ENSG00000241250",1,"RPL17P20"
"ENSG00000241324",1,"ENSG00000241324"
"ENSG00000241345",1,"ENSG00000241345"
"ENSG00000241361",1,"SLC25A24P1"
"ENSG00000241367",1,"RPL7AP23"
"ENSG00000241385",1,"ENSG00000241385"
"ENSG00000241391",1,"RN7SL234P"
"ENSG00000241411",1,"ENSG00000241411"
"ENSG00000241473",1,"ACTBP16"
"ENSG00000241484",1,"ARHGAP8"
"ENSG00000241493",1,"ENSG00000241493"
"ENSG00000241505",1,"ENSG00000241505"
"ENSG00000241542",1,"RN7SL369P"
"ENSG00000241544",1,"LINC02029"
"ENSG00000241566",1,"IGKV2D-24"
"ENSG00000241573",1,"ENSG00000241573"
"ENSG00000241577",1,"ENSG00000241577"
"ENSG00000241593",1,"ENSG00000241593"
"ENSG00000241595",1,"KRTAP9-4"
"ENSG00000241621",1,"GOLGA2P6"
"ENSG00000241625",1,"RN7SL18P"
"ENSG00000241636",1,"LINC01323"
"ENSG00000241656",1,"UBA52P7"
"ENSG00000241668",1,"RPL19P11"
"ENSG00000241669",1,"LINC01327"
"ENSG00000241671",1,"KIAA1328P1"
"ENSG00000241776",1,"TMEM183AP5"
"ENSG00000241788",1,"COX6B1P2"
"ENSG00000241789",1,"RN7SL504P"
"ENSG00000241804",1,"SNRPB2P1"
"ENSG00000241807",1,"RN7SL319P"
"ENSG00000241808",1,"RPS15AP34"
"ENSG00000241821",1,"RN7SL170P"
"ENSG00000241828",1,"ENSG00000241828"
"ENSG00000241853",1,"RPL31P24"
"ENSG00000241861",1,"GAPDHP50"
"ENSG00000241870",1,"ENSG00000241870"
"ENSG00000241879",1,"KLF3P2"
"ENSG00000241888",1,"RPSAP37"
"ENSG00000241891",1,"RPL9P6"
"ENSG00000241899",1,"TPT1P3"
"ENSG00000241911",1,"TRBVB"
"ENSG00000241917",1,"ENSG00000241917"
"ENSG00000241929",1,"WDR70P1"
"ENSG00000241932",1,"RPL35AP34"
"ENSG00000241942",1,"RPS20P20"
"ENSG00000241946",1,"PSMG3P1"
"ENSG00000241964",1,"RN7SL135P"
"ENSG00000241965",1,"RPS2P25"
"ENSG00000241992",1,"RN7SL831P"
"ENSG00000241993",1,"RPL38P1"
"ENSG00000241997",1,"RN7SL323P"
"ENSG00000242019",1,"KIR3DL3"
"ENSG00000242028",1,"HYPK"
"ENSG00000242029",1,"ENSG00000242029"
"ENSG00000242042",1,"LINC01743"
"ENSG00000242070",1,"NPM1P17"
"ENSG00000242072",1,"ENSG00000242072"
"ENSG00000242079",1,"RN7SL318P"
"ENSG00000242101",1,"RN7SL416P"
"ENSG00000242107",1,"LINC01100"
"ENSG00000242111",1,"TOPORSLP"
"ENSG00000242134",1,"RPL5P13"
"ENSG00000242137",1,"RPL11P5"
"ENSG00000242145",1,"ENSG00000242145"
"ENSG00000242156",1,"ENSG00000242156"
"ENSG00000242158",1,"RN7SL361P"
"ENSG00000242165",1,"RN7SL222P"
"ENSG00000242176",1,"RPL39P31"
"ENSG00000242178",1,"MTND4P17"
"ENSG00000242193",1,"CRYZL2P"
"ENSG00000242195",1,"SRRM1P2"
"ENSG00000242201",1,"RN7SL215P"
"ENSG00000242207",1,"HOXB-AS4"
"ENSG00000242214",1,"MTND3P6"
"ENSG00000242220",1,"TCP10L"
"ENSG00000242222",1,"SDHBP1"
"ENSG00000242242",1,"NECTIN3-AS1"
"ENSG00000242246",1,"ENSG00000242246"
"ENSG00000242248",1,"RPL7AP57"
"ENSG00000242258",1,"LINC00996"
"ENSG00000242280",1,"SLC16A1P1"
"ENSG00000242281",1,"RN7SL159P"
"ENSG00000242282",1,"ENSG00000242282"
"ENSG00000242291",1,"RPL36AP51"
"ENSG00000242292",1,"ENSG00000242292"
"ENSG00000242324",1,"ENSG00000242324"
"ENSG00000242326",1,"MCUR1P2"
"ENSG00000242360",1,"RN7SL272P"
"ENSG00000242365",1,"NDUFA5P5"
"ENSG00000242366",1,"UGT1A8"
"ENSG00000242381",1,"RN7SL741P"
"ENSG00000242407",1,"ENSG00000242407"
"ENSG00000242417",1,"RPL18P1"
"ENSG00000242423",1,"RPL12P36"
"ENSG00000242441",1,"GTF2A1L"
"ENSG00000242456",1,"MTCO3P38"
"ENSG00000242472",1,"IGHJ5"
"ENSG00000242473",1,"KIR2DP1"
"ENSG00000242515",1,"UGT1A10"
"ENSG00000242520",1,"MAGEA5P"
"ENSG00000242524",1,"OR2U2P"
"ENSG00000242536",1,"ENSG00000242536"
"ENSG00000242537",1,"MRE11P1"
"ENSG00000242545",1,"ENSG00000242545"
"ENSG00000242565",1,"RN7SL372P"
"ENSG00000242580",1,"IGKV1D-43"
"ENSG00000242593",1,"ENSG00000242593"
"ENSG00000242636",1,"RPL21P129"
"ENSG00000242638",1,"RN7SL294P"
"ENSG00000242654",1,"RPL32P14"
"ENSG00000242668",1,"RN7SL317P"
"ENSG00000242670",1,"RPL22P13"
"ENSG00000242688",1,"RN7SL304P"
"ENSG00000242692",1,"RPS27AP1"
"ENSG00000242703",1,"CCT4P1"
"ENSG00000242752",1,"NMTRQ-TTG12-1"
"ENSG00000242753",1,"ENSG00000242753"
"ENSG00000242769",1,"RN7SL432P"
"ENSG00000242790",1,"ENSG00000242790"
"ENSG00000242807",1,"RPL26P31"
"ENSG00000242810",1,"MRPL42P6"
"ENSG00000242811",1,"RN7SL229P"
"ENSG00000242828",1,"ENSG00000242828"
"ENSG00000242849",1,"ALDOAP1"
"ENSG00000242850",1,"RPL23AP68"
"ENSG00000242855",1,"RN7SL496P"
"ENSG00000242856",1,"VN1R105P"
"ENSG00000242887",1,"IGHJ3"
"ENSG00000242936",1,"RPL30P6"
"ENSG00000242948",1,"EPS15P1"
"ENSG00000242978",1,"PPIAP83"
"ENSG00000242989",1,"RN7SL332P"
"ENSG00000242991",1,"RPL7P40"
"ENSG00000242993",1,"RPL32P25"
"ENSG00000242998",1,"RN7SL379P"
"ENSG00000243044",1,"ENSG00000243044"
"ENSG00000243050",1,"RPL30P10"
"ENSG00000243058",1,"RPL39P33"
"ENSG00000243063",1,"IGKV3-7"
"ENSG00000243064",1,"ABCC13"
"ENSG00000243066",1,"RN7SL842P"
"ENSG00000243072",1,"YTHDF3P1"
"ENSG00000243075",1,"RN7SL519P"
"ENSG00000243124",1,"RN7SL643P"
"ENSG00000243149",1,"LINC02040"
"ENSG00000243154",1,"SYPL1P1"
"ENSG00000243160",1,"RPL7AP32"
"ENSG00000243164",1,"RPL31P48"
"ENSG00000243187",1,"CCDC39-AS1"
"ENSG00000243188",1,"HNRNPA1P17"
"ENSG00000243257",1,"MTCO2P29"
"ENSG00000243264",1,"IGKV2D-29"
"ENSG00000243265",1,"RPL23AP55"
"ENSG00000243273",1,"ENSG00000243273"
"ENSG00000243316",1,"GUCY2GP"
"ENSG00000243345",1,"ENSG00000243345"
"ENSG00000243374",1,"RN7SL72P"
"ENSG00000243420",1,"RN7SL734P"
"ENSG00000243426",1,"RN7SL454P"
"ENSG00000243439",1,"RN7SL352P"
"ENSG00000243478",1,"AOX2P"
"ENSG00000243486",1,"ENSG00000243486"
"ENSG00000243495",1,"GMFBP1"
"ENSG00000243503",1,"ENSG00000243503"
"ENSG00000243510",1,"RN7SL111P"
"ENSG00000243516",1,"RPL12P40"
"ENSG00000243518",1,"DTWD1P2"
"ENSG00000243521",1,"RPL5P33"
"ENSG00000243541",1,"RN7SL104P"
"ENSG00000243549",1,"RN7SL705P"
"ENSG00000243550",1,"LINC01214"
"ENSG00000243562",1,"RN7SL838P"
"ENSG00000243572",1,"LINC02017"
"ENSG00000243581",1,"RPS29P25"
"ENSG00000243593",1,"LINC02049"
"ENSG00000243596",1,"PLSCR4P1"
"ENSG00000243633",1,"RN7SL542P"
"ENSG00000243650",1,"RN7SL834P"
"ENSG00000243701",1,"DUBR"
"ENSG00000243704",1,"RN7SL105P"
"ENSG00000243705",1,"ENSG00000243705"
"ENSG00000243716",1,"NPIPB5"
"ENSG00000243729",1,"OR5V1"
"ENSG00000243733",1,"ENSG00000243733"
"ENSG00000243766",1,"HOTTIP"
"ENSG00000243771",1,"RPL21P130"
"ENSG00000243779",1,"RPL36AP49"
"ENSG00000243780",1,"RPL21P114"
"ENSG00000243822",1,"RPS25P5"
"ENSG00000243849",1,"CFAP44-AS1"
"ENSG00000243853",1,"ALDH7A1P3"
"ENSG00000243855",1,"RPL12P5"
"ENSG00000243856",1,"RN7SL551P"
"ENSG00000243872",1,"RN7SL464P"
"ENSG00000243886",1,"MTCH2P1"
"ENSG00000243903",1,"ENSG00000243903"
"ENSG00000243905",1,"RN7SL679P"
"ENSG00000243929",1,"ENSG00000243929"
"ENSG00000243939",1,"ENSG00000243939"
"ENSG00000243945",1,"ZFAND2AP1"
"ENSG00000243953",1,"ENSG00000243953"
"ENSG00000243957",1,"RN7SL647P"
"ENSG00000243969",1,"ENSG00000243969"
"ENSG00000243981",1,"ENSG00000243981"
"ENSG00000243988",1,"RPS24P17"
"ENSG00000243991",1,"RN7SL447P"
"ENSG00000244003",1,"RN7SL143P"
"ENSG00000244019",1,"RPS2P24"
"ENSG00000244024",1,"LARP7P4"
"ENSG00000244031",1,"RPS3AP17"
"ENSG00000244033",1,"RN7SL228P"
"ENSG00000244034",1,"RN7SL424P"
"ENSG00000244043",1,"RPS27P27"
"ENSG00000244065",1,"MARK2P17"
"ENSG00000244066",1,"RN7SL148P"
"ENSG00000244076",1,"ENSG00000244076"
"ENSG00000244088",1,"RPL23AP44"
"ENSG00000244099",1,"RPS23P3"
"ENSG00000244130",1,"UBE2Q2P9"
"ENSG00000244146",1,"ENSG00000244146"
"ENSG00000244153",1,"WWP1P1"
"ENSG00000244157",1,"EIF4E2P2"
"ENSG00000244171",1,"PBX2P1"
"ENSG00000244194",1,"RN7SL218P"
"ENSG00000244196",1,"PPIAP15"
"ENSG00000244260",1,"ENSG00000244260"
"ENSG00000244273",1,"PGBD4P1"
"ENSG00000244278",1,"ENSG00000244278"
"ENSG00000244297",1,"RN7SL465P"
"ENSG00000244301",1,"AOX3P"
"ENSG00000244310",1,"ENSG00000244310"
"ENSG00000244329",1,"UBA52P9"
"ENSG00000244331",1,"ENSG00000244331"
"ENSG00000244362",1,"KRTAP19-7"
"ENSG00000244376",1,"RN7SL636P"
"ENSG00000244384",1,"RN7SL359P"
"ENSG00000244400",1,"RPS4XP12"
"ENSG00000244402",1,"RN7SL314P"
"ENSG00000244432",1,"RPL39P28"
"ENSG00000244436",1,"ENSG00000244436"
"ENSG00000244470",1,"RPL6P14"
"ENSG00000244474",1,"UGT1A4"
"ENSG00000244513",1,"EOGT-DT"
"ENSG00000244532",1,"RN7SL380P"
"ENSG00000244534",1,"RN7SL211P"
"ENSG00000244545",1,"ENSG00000244545"
"ENSG00000244571",1,"RPS6P4"
"ENSG00000244578",1,"LINC01391"
"ENSG00000244588",1,"RAD21L1"
"ENSG00000244620",1,"ENSG00000244620"
"ENSG00000244621",1,"RPS17P11"
"ENSG00000244640",1,"RPLP0P8"
"ENSG00000244650",1,"ENSG00000244650"
"ENSG00000244669",1,"ENSG00000244669"
"ENSG00000244681",1,"MTHFD2P1"
"ENSG00000244682",1,"FCGR2C"
"ENSG00000244703",1,"CD46P1"
"ENSG00000244705",1,"RPLP0P10"
"ENSG00000244706",1,"ENSG00000244706"
"ENSG00000244734",1,"HBB"
"ENSG00000244754",1,"N4BP2L2"
"ENSG00000244791",1,"ENSG00000244791"
"ENSG00000245060",1,"LINC00847"
"ENSG00000245164",1,"LINC00861"
"ENSG00000245248",1,"USP2-AS1"
"ENSG00000245311",1,"BMAL2-AS1"
"ENSG00000245322",1,"H2AZ1-DT"
"ENSG00000245330",1,"DEPTOR-AS1"
"ENSG00000245662",1,"LINC02211"
"ENSG00000245680",1,"ZNF585B"
"ENSG00000245768",1,"ENSG00000245768"
"ENSG00000245888",1,"NSMCE1-DT"
"ENSG00000245937",1,"SLC12A2-DT"
"ENSG00000246067",1,"RAB30-DT"
"ENSG00000246090",1,"ENSG00000246090"
"ENSG00000246095",1,"LINC01096"
"ENSG00000246100",1,"LINC00900"
"ENSG00000246115",1,"SUPT4H1P2"
"ENSG00000246174",1,"KCTD21-AS1"
"ENSG00000246250",1,"ENSG00000246250"
"ENSG00000246316",1,"ENSG00000246316"
"ENSG00000246366",1,"LACTB2-AS1"
"ENSG00000246430",1,"LINC00968"
"ENSG00000246662",1,"CIBAR1-DT"
"ENSG00000246695",1,"RASSF8-AS1"
"ENSG00000246731",1,"MGC16275"
"ENSG00000246792",1,"ENSG00000246792"
"ENSG00000247011",1,"ENSG00000247011"
"ENSG00000247092",1,"SNHG10"
"ENSG00000247193",1,"ENSG00000247193"
"ENSG00000247213",1,"LINC01498"
"ENSG00000247372",1,"ENSG00000247372"
"ENSG00000247765",1,"ENSG00000247765"
"ENSG00000247828",1,"TMEM161B-DT"
"ENSG00000247867",1,"DGAT2-DT"
"ENSG00000248104",1,"TARS2P1"
"ENSG00000248114",1,"ENSG00000248114"
"ENSG00000248126",1,"ENSG00000248126"
"ENSG00000248136",1,"MTND6P8"
"ENSG00000248139",1,"CUL4AP1"
"ENSG00000248143",1,"LINC02383"
"ENSG00000248145",1,"ENSG00000248145"
"ENSG00000248162",1,"CHORDC1P3"
"ENSG00000248170",1,"ENSG00000248170"
"ENSG00000248172",1,"ENSG00000248172"
"ENSG00000248188",1,"PFDN1P2"
"ENSG00000248191",1,"PES1P1"
"ENSG00000248203",1,"ENSG00000248203"
"ENSG00000248222",1,"SLIT3-AS1"
"ENSG00000248229",1,"ENSG00000248229"
"ENSG00000248236",1,"ENSG00000248236"
"ENSG00000248238",1,"LINC02438"
"ENSG00000248242",1,"ENSG00000248242"
"ENSG00000248259",1,"MTND4LP31"
"ENSG00000248261",1,"ENSG00000248261"
"ENSG00000248279",1,"LINC02120"
"ENSG00000248281",1,"ENSG00000248281"
"ENSG00000248293",1,"ENSG00000248293"
"ENSG00000248295",1,"DDX43P1"
"ENSG00000248302",1,"BNIP3P41"
"ENSG00000248315",1,"MTND4LP2"
"ENSG00000248323",1,"LUCAT1"
"ENSG00000248327",1,"NOL8P1"
"ENSG00000248328",1,"MTCO3P28"
"ENSG00000248347",1,"ENSG00000248347"
"ENSG00000248349",1,"ENSG00000248349"
"ENSG00000248351",1,"HSPD1P18"
"ENSG00000248355",1,"ARL2BPP6"
"ENSG00000248358",1,"ENSG00000248358"
"ENSG00000248362",1,"ENSG00000248362"
"ENSG00000248369",1,"ENSG00000248369"
"ENSG00000248374",1,"UBTD2P1"
"ENSG00000248385",1,"TARM1"
"ENSG00000248387",1,"ENSG00000248387"
"ENSG00000248396",1,"TOMM22P4"
"ENSG00000248397",1,"LINC00498"
"ENSG00000248417",1,"ENSG00000248417"
"ENSG00000248420",1,"MTATP6P9"
"ENSG00000248425",1,"ENSG00000248425"
"ENSG00000248426",1,"ENSG00000248426"
"ENSG00000248428",1,"ENSG00000248428"
"ENSG00000248429",1,"GASK1B-AS1"
"ENSG00000248430",1,"HMGB3P16"
"ENSG00000248431",1,"ENSG00000248431"
"ENSG00000248440",1,"ENSG00000248440"
"ENSG00000248442",1,"OR10J7P"
"ENSG00000248447",1,"ENSG00000248447"
"ENSG00000248457",1,"LINC02220"
"ENSG00000248462",1,"NENFP3"
"ENSG00000248469",1,"ENSG00000248469"
"ENSG00000248474",1,"LINC02122"
"ENSG00000248480",1,"ENSG00000248480"
"ENSG00000248482",1,"ENSG00000248482"
"ENSG00000248484",1,"ENSG00000248484"
"ENSG00000248490",1,"ENSG00000248490"
"ENSG00000248498",1,"ASNSP1"
"ENSG00000248506",1,"TUBAP10"
"ENSG00000248507",1,"OR5H4P"
"ENSG00000248530",1,"BCL2L12P1"
"ENSG00000248551",1,"ENSG00000248551"
"ENSG00000248555",1,"LINC01339"
"ENSG00000248565",1,"TECRP2"
"ENSG00000248577",1,"ENSG00000248577"
"ENSG00000248586",1,"ENSG00000248586"
"ENSG00000248592",1,"STIMATE-MUSTN1"
"ENSG00000248593",1,"DSTNP2"
"ENSG00000248599",1,"FLJ42969"
"ENSG00000248600",1,"ENSG00000248600"
"ENSG00000248607",1,"ENSG00000248607"
"ENSG00000248611",1,"ENSG00000248611"
"ENSG00000248635",1,"ENSG00000248635"
"ENSG00000248636",1,"ENSG00000248636"
"ENSG00000248639",1,"ENSG00000248639"
"ENSG00000248651",1,"GCSHP1"
"ENSG00000248656",1,"ENSG00000248656"
"ENSG00000248660",1,"SRIP1"
"ENSG00000248663",1,"LINC00992"
"ENSG00000248667",1,"ENSG00000248667"
"ENSG00000248669",1,"VPS51P13"
"ENSG00000248676",1,"ENSG00000248676"
"ENSG00000248693",1,"LINC02100"
"ENSG00000248699",1,"ENSG00000248699"
"ENSG00000248702",1,"ENSG00000248702"
"ENSG00000248704",1,"MTND4P2"
"ENSG00000248705",1,"ENSG00000248705"
"ENSG00000248722",1,"AK3P4"
"ENSG00000248738",1,"ENSG00000248738"
"ENSG00000248739",1,"ENSG00000248739"
"ENSG00000248745",1,"NMNAT1P4"
"ENSG00000248748",1,"MTND5P9"
"ENSG00000248753",1,"ENSG00000248753"
"ENSG00000248755",1,"ENSG00000248755"
"ENSG00000248758",1,"ENSG00000248758"
"ENSG00000248761",1,"ENSG00000248761"
"ENSG00000248762",1,"ENSG00000248762"
"ENSG00000248763",1,"ENSG00000248763"
"ENSG00000248767",1,"FOXL3"
"ENSG00000248775",1,"ENSG00000248775"
"ENSG00000248777",1,"ENSG00000248777"
"ENSG00000248781",1,"PSMC1P4"
"ENSG00000248789",1,"LINC02118"
"ENSG00000248796",1,"MED15P8"
"ENSG00000248799",1,"ENSG00000248799"
"ENSG00000248801",1,"C8orf34-AS1"
"ENSG00000248802",1,"ENSG00000248802"
"ENSG00000248827",1,"ENSG00000248827"
"ENSG00000248834",1,"MARK2P5"
"ENSG00000248838",1,"PGAM1P13"
"ENSG00000248840",1,"ENSG00000248840"
"ENSG00000248847",1,"ENSG00000248847"
"ENSG00000248850",1,"SF3A2P1"
"ENSG00000248853",1,"ENSG00000248853"
"ENSG00000248854",1,"HNRNPH1P3"
"ENSG00000248869",1,"LINC02511"
"ENSG00000248877",1,"PGBD4P4"
"ENSG00000248883",1,"B4GALNT2P1"
"ENSG00000248884",1,"ENSG00000248884"
"ENSG00000248886",1,"UGT2A3P7"
"ENSG00000248901",1,"LINC01846"
"ENSG00000248907",1,"MTND2P33"
"ENSG00000248911",1,"ENSG00000248911"
"ENSG00000248912",1,"ENSG00000248912"
"ENSG00000248915",1,"ACTR6P1"
"ENSG00000248921",1,"ENSG00000248921"
"ENSG00000248924",1,"ENSG00000248924"
"ENSG00000248928",1,"ENSG00000248928"
"ENSG00000248939",1,"ENSG00000248939"
"ENSG00000248946",1,"MTND3P22"
"ENSG00000248951",1,"MTCO2P32"
"ENSG00000248955",1,"ENSG00000248955"
"ENSG00000248958",1,"ZSWIM5P3"
"ENSG00000248962",1,"ENSG00000248962"
"ENSG00000248975",1,"ENSG00000248975"
"ENSG00000248987",1,"PRDX4P1"
"ENSG00000248991",1,"ENSG00000248991"
"ENSG00000248994",1,"ENSG00000248994"
"ENSG00000248998",1,"EFL1P2"
"ENSG00000249000",1,"ENSG00000249000"
"ENSG00000249002",1,"ENSG00000249002"
"ENSG00000249016",1,"ENSG00000249016"
"ENSG00000249017",1,"ENSG00000249017"
"ENSG00000249025",1,"ZNF519P4"
"ENSG00000249031",1,"SUMO2P6"
"ENSG00000249038",1,"AARS1P1"
"ENSG00000249041",1,"ENSG00000249041"
"ENSG00000249045",1,"MTND3P24"
"ENSG00000249050",1,"ENSG00000249050"
"ENSG00000249051",1,"ENSG00000249051"
"ENSG00000249056",1,"ENSG00000249056"
"ENSG00000249061",1,"ENSG00000249061"
"ENSG00000249066",1,"LINC02496"
"ENSG00000249073",1,"WSPAR"
"ENSG00000249081",1,"OR5M14P"
"ENSG00000249082",1,"EPIST"
"ENSG00000249102",1,"ENSG00000249102"
"ENSG00000249109",1,"ENSG00000249109"
"ENSG00000249122",1,"ENSG00000249122"
"ENSG00000249128",1,"LINC02215"
"ENSG00000249131",1,"PSD2-AS1"
"ENSG00000249135",1,"ENSG00000249135"
"ENSG00000249149",1,"ENSG00000249149"
"ENSG00000249153",1,"ENSG00000249153"
"ENSG00000249157",1,"ENSG00000249157"
"ENSG00000249159",1,"ENSG00000249159"
"ENSG00000249171",1,"ENSG00000249171"
"ENSG00000249173",1,"LINC01093"
"ENSG00000249183",1,"SUMO2P4"
"ENSG00000249196",1,"TMEM132D-AS1"
"ENSG00000249198",1,"ENSG00000249198"
"ENSG00000249199",1,"ENSG00000249199"
"ENSG00000249200",1,"ENSG00000249200"
"ENSG00000249203",1,"LINC02224"
"ENSG00000249213",1,"ENSG00000249213"
"ENSG00000249215",1,"NCOA4P4"
"ENSG00000249225",1,"ENSG00000249225"
"ENSG00000249226",1,"SUCLG2P4"
"ENSG00000249229",1,"NAMPTP2"
"ENSG00000249235",1,"ENSG00000249235"
"ENSG00000249236",1,"ENSG00000249236"
"ENSG00000249256",1,"ATP5MGP3"
"ENSG00000249259",1,"ENSG00000249259"
"ENSG00000249262",1,"ENSG00000249262"
"ENSG00000249266",1,"MTHFD2P6"
"ENSG00000249267",1,"LINC00939"
"ENSG00000249269",1,"ENSG00000249269"
"ENSG00000249276",1,"ENSG00000249276"
"ENSG00000249277",1,"SLIRPP2"
"ENSG00000249282",1,"ENSG00000249282"
"ENSG00000249284",1,"ENSG00000249284"
"ENSG00000249285",1,"ENSG00000249285"
"ENSG00000249287",1,"ENSG00000249287"
"ENSG00000249290",1,"ENSG00000249290"
"ENSG00000249295",1,"ENSG00000249295"
"ENSG00000249306",1,"LINC01411"
"ENSG00000249307",1,"LINC01088"
"ENSG00000249312",1,"ARL2BPP4"
"ENSG00000249320",1,"ENSG00000249320"
"ENSG00000249332",1,"LINC02149"
"ENSG00000249333",1,"ENSG00000249333"
"ENSG00000249334",1,"ENSG00000249334"
"ENSG00000249335",1,"ENSG00000249335"
"ENSG00000249351",1,"ENSG00000249351"
"ENSG00000249352",1,"LINC02198"
"ENSG00000249375",1,"CASC11"
"ENSG00000249378",1,"LINC01060"
"ENSG00000249380",1,"ENSG00000249380"
"ENSG00000249382",1,"LINC02619"
"ENSG00000249392",1,"ENSG00000249392"
"ENSG00000249395",1,"CASC9"
"ENSG00000249396",1,"LINC02212"
"ENSG00000249404",1,"ENSG00000249404"
"ENSG00000249405",1,"ENSG00000249405"
"ENSG00000249406",1,"ENSG00000249406"
"ENSG00000249410",1,"AK4P2"
"ENSG00000249411",1,"ENSG00000249411"
"ENSG00000249416",1,"ENSG00000249416"
"ENSG00000249418",1,"ENSG00000249418"
"ENSG00000249436",1,"LNCBRM"
"ENSG00000249437",1,"NAIP"
"ENSG00000249439",1,"HMGN1P14"
"ENSG00000249441",1,"ENSG00000249441"
"ENSG00000249448",1,"MTCO1P24"
"ENSG00000249449",1,"MRPL57P6"
"ENSG00000249452",1,"ENSG00000249452"
"ENSG00000249467",1,"H2AL1Q"
"ENSG00000249471",1,"ZNF324B"
"ENSG00000249481",1,"SPATS1"
"ENSG00000249486",1,"ENSG00000249486"
"ENSG00000249490",1,"LINC02146"
"ENSG00000249494",1,"DMXL1-DT"
"ENSG00000249495",1,"ENSG00000249495"
"ENSG00000249515",1,"LINC02113"
"ENSG00000249519",1,"LINC01438"
"ENSG00000249520",1,"ENSG00000249520"
"ENSG00000249521",1,"LINC02114"
"ENSG00000249531",1,"ENSG00000249531"
"ENSG00000249542",1,"EEF1A1P21"
"ENSG00000249545",1,"MCTP1-AS1"
"ENSG00000249551",1,"LINC02216"
"ENSG00000249562",1,"ENSG00000249562"
"ENSG00000249563",1,"EVA1CP1"
"ENSG00000249579",1,"ENSG00000249579"
"ENSG00000249582",1,"RPL7L1P4"
"ENSG00000249588",1,"ENSG00000249588"
"ENSG00000249600",1,"ENSG00000249600"
"ENSG00000249607",1,"TRPC6P9"
"ENSG00000249627",1,"ENSG00000249627"
"ENSG00000249638",1,"ENSG00000249638"
"ENSG00000249639",1,"ENSG00000249639"
"ENSG00000249654",1,"VN1R104P"
"ENSG00000249678",1,"ENSG00000249678"
"ENSG00000249692",1,"ENSG00000249692"
"ENSG00000249697",1,"ENSG00000249697"
"ENSG00000249698",1,"MTCO3P9"
"ENSG00000249708",1,"ENSG00000249708"
"ENSG00000249740",1,"OSMR-DT"
"ENSG00000249743",1,"ENSG00000249743"
"ENSG00000249745",1,"HMGB1P28"
"ENSG00000249747",1,"LINC02374"
"ENSG00000249748",1,"CAPSL-DT"
"ENSG00000249761",1,"ENSG00000249761"
"ENSG00000249763",1,"ENSG00000249763"
"ENSG00000249766",1,"ENSG00000249766"
"ENSG00000249768",1,"HSPE1P10"
"ENSG00000249770",1,"MTND6P17"
"ENSG00000249771",1,"ENSG00000249771"
"ENSG00000249777",1,"SAP18P1"
"ENSG00000249781",1,"LINC02112"
"ENSG00000249785",1,"LINC02103"
"ENSG00000249786",1,"EAF1-AS1"
"ENSG00000249792",1,"ENSG00000249792"
"ENSG00000249797",1,"LINC02147"
"ENSG00000249798",1,"HSD3BP3"
"ENSG00000249808",1,"LINC01377"
"ENSG00000249815",1,"LINC02945"
"ENSG00000249818",1,"ENSG00000249818"
"ENSG00000249819",1,"ENSG00000249819"
"ENSG00000249828",1,"ENSG00000249828"
"ENSG00000249830",1,"LINC02162"
"ENSG00000249831",1,"ENSG00000249831"
"ENSG00000249837",1,"ENSG00000249837"
"ENSG00000249844",1,"OR7E43P"
"ENSG00000249847",1,"ENSG00000249847"
"ENSG00000249851",1,"RPS27AP18"
"ENSG00000249856",1,"ENSG00000249856"
"ENSG00000249868",1,"ENSG00000249868"
"ENSG00000249875",1,"ENSG00000249875"
"ENSG00000249877",1,"ENSG00000249877"
"ENSG00000249882",1,"LINC02501"
"ENSG00000249885",1,"ARHGEF38-IT1"
"ENSG00000249887",1,"ENSG00000249887"
"ENSG00000249891",1,"KRT19P6"
"ENSG00000249892",1,"ENSG00000249892"
"ENSG00000249893",1,"MTND6P16"
"ENSG00000249901",1,"ENSG00000249901"
"ENSG00000249904",1,"ENSG00000249904"
"ENSG00000249912",1,"TRBV26"
"ENSG00000249915",1,"PDCD6"
"ENSG00000249917",1,"LINC00536"
"ENSG00000249919",1,"FABP5P6"
"ENSG00000249924",1,"ENSG00000249924"
"ENSG00000249927",1,"ENSG00000249927"
"ENSG00000249928",1,"UQCRBP3"
"ENSG00000249941",1,"ENSG00000249941"
"ENSG00000249943",1,"ENSG00000249943"
"ENSG00000249944",1,"ENSG00000249944"
"ENSG00000249948",1,"GBA3"
"ENSG00000249950",1,"ENSG00000249950"
"ENSG00000249951",1,"ENSG00000249951"
"ENSG00000249956",1,"UGT2B24P"
"ENSG00000249960",1,"ENSG00000249960"
"ENSG00000249961",1,"TERB1"
"ENSG00000249981",1,"ENSG00000249981"
"ENSG00000249994",1,"ENSG00000249994"
"ENSG00000249997",1,"MTCO3P7"
"ENSG00000249998",1,"ENSG00000249998"
"ENSG00000250013",1,"ZP3P1"
"ENSG00000250026",1,"TMPRSS11BNL"
"ENSG00000250032",1,"ENSG00000250032"
"ENSG00000250034",1,"ENSG00000250034"
"ENSG00000250039",1,"ENSG00000250039"
"ENSG00000250040",1,"RAF1P1"
"ENSG00000250042",1,"LINC02514"
"ENSG00000250043",1,"ENSG00000250043"
"ENSG00000250056",1,"LINC01018"
"ENSG00000250074",1,"ENSG00000250074"
"ENSG00000250075",1,"ENSG00000250075"
"ENSG00000250076",1,"MAPRE1P2"
"ENSG00000250079",1,"ENSG00000250079"
"ENSG00000250082",1,"ENSG00000250082"
"ENSG00000250114",1,"ENSG00000250114"
"ENSG00000250118",1,"ENSG00000250118"
"ENSG00000250124",1,"ENSG00000250124"
"ENSG00000250125",1,"LINC02232"
"ENSG00000250129",1,"ENSG00000250129"
"ENSG00000250169",1,"MTND5P13"
"ENSG00000250180",1,"ENSG00000250180"
"ENSG00000250189",1,"ENSG00000250189"
"ENSG00000250191",1,"ENSG00000250191"
"ENSG00000250192",1,"ENSG00000250192"
"ENSG00000250200",1,"ENSG00000250200"
"ENSG00000250202",1,"ENSG00000250202"
"ENSG00000250207",1,"ENSG00000250207"
"ENSG00000250213",1,"ENSG00000250213"
"ENSG00000250215",1,"CIR1P2"
"ENSG00000250223",1,"LINC01216"
"ENSG00000250237",1,"ENSG00000250237"
"ENSG00000250238",1,"WEE1P1"
"ENSG00000250242",1,"ENSG00000250242"
"ENSG00000250256",1,"ENSG00000250256"
"ENSG00000250258",1,"ENSG00000250258"
"ENSG00000250259",1,"ENSG00000250259"
"ENSG00000250263",1,"LINC02509"
"ENSG00000250271",1,"ENSG00000250271"
"ENSG00000250274",1,"ENSG00000250274"
"ENSG00000250300",1,"ENSG00000250300"
"ENSG00000250307",1,"TUBB8P3"
"ENSG00000250308",1,"SALL4P1"
"ENSG00000250316",1,"ENSG00000250316"
"ENSG00000250319",1,"ENSG00000250319"
"ENSG00000250331",1,"LINC01340"
"ENSG00000250332",1,"PTPN11P4"
"ENSG00000250333",1,"ENSG00000250333"
"ENSG00000250339",1,"CXCL1P1"
"ENSG00000250341",1,"LINC02510"
"ENSG00000250346",1,"EEF1GP2"
"ENSG00000250357",1,"ENSG00000250357"
"ENSG00000250359",1,"PTP4A1P4"
"ENSG00000250363",1,"KRT18P21"
"ENSG00000250372",1,"MARK2P4"
"ENSG00000250385",1,"ENSG00000250385"
"ENSG00000250391",1,"CRLF3P2"
"ENSG00000250398",1,"ENSG00000250398"
"ENSG00000250402",1,"ENSG00000250402"
"ENSG00000250405",1,"ENSG00000250405"
"ENSG00000250407",1,"ENSG00000250407"
"ENSG00000250416",1,"SEC63P2"
"ENSG00000250418",1,"ENSG00000250418"
"ENSG00000250423",1,"KIAA1210"
"ENSG00000250430",1,"ENSG00000250430"
"ENSG00000250431",1,"ENSG00000250431"
"ENSG00000250451",1,"HOXC-AS1"
"ENSG00000250453",1,"ENSG00000250453"
"ENSG00000250467",1,"PHOX2B-AS1"
"ENSG00000250479",1,"CHCHD10"
"ENSG00000250480",1,"C12orf29P1"
"ENSG00000250484",1,"PPIAP76"
"ENSG00000250485",1,"EXOC7P1"
"ENSG00000250494",1,"ENSG00000250494"
"ENSG00000250505",1,"ENSG00000250505"
"ENSG00000250514",1,"LINC02125"
"ENSG00000250515",1,"ENSG00000250515"
"ENSG00000250524",1,"ENSG00000250524"
"ENSG00000250532",1,"ENSG00000250532"
"ENSG00000250540",1,"ENSG00000250540"
"ENSG00000250560",1,"ENSG00000250560"
"ENSG00000250562",1,"RPL38P4"
"ENSG00000250571",1,"GLI4"
"ENSG00000250594",1,"RNF14P2"
"ENSG00000250596",1,"ENSG00000250596"
"ENSG00000250597",1,"ENSG00000250597"
"ENSG00000250603",1,"ENSG00000250603"
"ENSG00000250608",1,"NUDT16-DT"
"ENSG00000250609",1,"ENSG00000250609"
"ENSG00000250611",1,"ENSG00000250611"
"ENSG00000250612",1,"ENSG00000250612"
"ENSG00000250613",1,"ENSG00000250613"
"ENSG00000250625",1,"ENSG00000250625"
"ENSG00000250636",1,"ENSG00000250636"
"ENSG00000250637",1,"ENSG00000250637"
"ENSG00000250640",1,"OR7E41P"
"ENSG00000250642",1,"ENSG00000250642"
"ENSG00000250658",1,"ENSG00000250658"
"ENSG00000250665",1,"ENSG00000250665"
"ENSG00000250667",1,"ENSG00000250667"
"ENSG00000250670",1,"ENSG00000250670"
"ENSG00000250672",1,"ENSG00000250672"
"ENSG00000250674",1,"ENSG00000250674"
"ENSG00000250682",1,"LINC00491"
"ENSG00000250685",1,"ENSG00000250685"
"ENSG00000250686",1,"KHDRBS2-OT1"
"ENSG00000250693",1,"RPF2P2"
"ENSG00000250694",1,"ENSG00000250694"
"ENSG00000250697",1,"ENSG00000250697"
"ENSG00000250704",1,"ENSG00000250704"
"ENSG00000250710",1,"OR7E99P"
"ENSG00000250712",1,"ENSG00000250712"
"ENSG00000250716",1,"LINC01017"
"ENSG00000250727",1,"ENSG00000250727"
"ENSG00000250728",1,"ENSG00000250728"
"ENSG00000250740",1,"ENSG00000250740"
"ENSG00000250762",1,"ENSG00000250762"
"ENSG00000250768",1,"DPP3P1"
"ENSG00000250771",1,"ENSG00000250771"
"ENSG00000250799",1,"PRODH2"
"ENSG00000250802",1,"ZBED3-AS1"
"ENSG00000250822",1,"LINC02111"
"ENSG00000250826",1,"HNRNPA3P13"
"ENSG00000250828",1,"ENSG00000250828"
"ENSG00000250829",1,"ENSG00000250829"
"ENSG00000250834",1,"KRT18P54"
"ENSG00000250857",1,"TRIM60P15"
"ENSG00000250858",1,"IGBP1P5"
"ENSG00000250886",1,"ENSG00000250886"
"ENSG00000250887",1,"ENSG00000250887"
"ENSG00000250888",1,"LINC01455"
"ENSG00000250895",1,"TUBAP15"
"ENSG00000250897",1,"HMGB3P15"
"ENSG00000250900",1,"TRIM7-AS1"
"ENSG00000250903",1,"GMDS-DT"
"ENSG00000250905",1,"ENSG00000250905"
"ENSG00000250908",1,"ENSG00000250908"
"ENSG00000250919",1,"UGT2B26P"
"ENSG00000250921",1,"LINC02063"
"ENSG00000250922",1,"ATP5F1EP1"
"ENSG00000250923",1,"ENSG00000250923"
"ENSG00000250927",1,"MESTP3"
"ENSG00000250949",1,"ENSG00000250949"
"ENSG00000250957",1,"ENSG00000250957"
"ENSG00000250961",1,"RMEL3"
"ENSG00000250968",1,"LINC02382"
"ENSG00000250971",1,"ENSG00000250971"
"ENSG00000250973",1,"KRTAP13-6P"
"ENSG00000250976",1,"ENSG00000250976"
"ENSG00000251005",1,"H3P15"
"ENSG00000251017",1,"ENSG00000251017"
"ENSG00000251039",1,"IGKV2D-40"
"ENSG00000251040",1,"LINC02480"
"ENSG00000251049",1,"ENSG00000251049"
"ENSG00000251051",1,"ELL2P2"
"ENSG00000251055",1,"ENSG00000251055"
"ENSG00000251056",1,"ANKRD20A17P"
"ENSG00000251059",1,"PRKG2-AS1"
"ENSG00000251061",1,"LINC02512"
"ENSG00000251062",1,"ENSG00000251062"
"ENSG00000251066",1,"ENSG00000251066"
"ENSG00000251073",1,"NUDT19P5"
"ENSG00000251074",1,"ENSG00000251074"
"ENSG00000251081",1,"ENSG00000251081"
"ENSG00000251099",1,"ENSG00000251099"
"ENSG00000251113",1,"ENSG00000251113"
"ENSG00000251122",1,"NIFKP2"
"ENSG00000251137",1,"RPL7L1P7"
"ENSG00000251147",1,"TRPC6P7"
"ENSG00000251151",1,"HOXC-AS3"
"ENSG00000251168",1,"ENSG00000251168"
"ENSG00000251174",1,"TSEN2P1"
"ENSG00000251183",1,"LINC01861"
"ENSG00000251195",1,"ENSG00000251195"
"ENSG00000251215",1,"GOLGA5P1"
"ENSG00000251219",1,"LINC01217"
"ENSG00000251220",1,"RFPL4AP3"
"ENSG00000251223",1,"MTCO1P9"
"ENSG00000251228",1,"ENSG00000251228"
"ENSG00000251235",1,"SNRPCP2"
"ENSG00000251249",1,"LINC03074"
"ENSG00000251252",1,"MTND2P31"
"ENSG00000251253",1,"MTHFD2P4"
"ENSG00000251256",1,"LINC02358"
"ENSG00000251257",1,"ENSG00000251257"
"ENSG00000251281",1,"ENSG00000251281"
"ENSG00000251284",1,"ENSG00000251284"
"ENSG00000251286",1,"ENSG00000251286"
"ENSG00000251309",1,"ENSG00000251309"
"ENSG00000251312",1,"ENSG00000251312"
"ENSG00000251314",1,"ENSG00000251314"
"ENSG00000251320",1,"ENSG00000251320"
"ENSG00000251324",1,"LINC01386"
"ENSG00000251325",1,"ENSG00000251325"
"ENSG00000251326",1,"LINC02479"
"ENSG00000251334",1,"ENSG00000251334"
"ENSG00000251342",1,"ENSG00000251342"
"ENSG00000251345",1,"CDRT15P11"
"ENSG00000251352",1,"ENSG00000251352"
"ENSG00000251366",1,"DBIP2"
"ENSG00000251367",1,"ENSG00000251367"
"ENSG00000251376",1,"ENSG00000251376"
"ENSG00000251377",1,"ENSG00000251377"
"ENSG00000251378",1,"ENSG00000251378"
"ENSG00000251383",1,"LINC02483"
"ENSG00000251385",1,"MTCYBP16"
"ENSG00000251395",1,"FTH1P9"
"ENSG00000251399",1,"ENSG00000251399"
"ENSG00000251407",1,"MTND1P22"
"ENSG00000251412",1,"ENSG00000251412"
"ENSG00000251413",1,"ENSG00000251413"
"ENSG00000251419",1,"ENSG00000251419"
"ENSG00000251424",1,"ENSG00000251424"
"ENSG00000251426",1,"ENSG00000251426"
"ENSG00000251427",1,"ENSG00000251427"
"ENSG00000251431",1,"ENSG00000251431"
"ENSG00000251436",1,"NUP58P1"
"ENSG00000251438",1,"ENSG00000251438"
"ENSG00000251439",1,"KRTAP4-17P"
"ENSG00000251440",1,"STMN1P2"
"ENSG00000251445",1,"CBR4-DT"
"ENSG00000251447",1,"ENSG00000251447"
"ENSG00000251453",1,"HAUS1P1"
"ENSG00000251461",1,"ENSG00000251461"
"ENSG00000251464",1,"RPL7L1P13"
"ENSG00000251471",1,"ENSG00000251471"
"ENSG00000251473",1,"ENSG00000251473"
"ENSG00000251477",1,"ENSG00000251477"
"ENSG00000251482",1,"AKIRIN2P1"
"ENSG00000251487",1,"ENSG00000251487"
"ENSG00000251488",1,"ENSG00000251488"
"ENSG00000251489",1,"ENSG00000251489"
"ENSG00000251490",1,"ENSG00000251490"
"ENSG00000251492",1,"ENSG00000251492"
"ENSG00000251498",1,"ENSG00000251498"
"ENSG00000251506",1,"ENSG00000251506"
"ENSG00000251515",1,"CFAP53P1"
"ENSG00000251517",1,"ENSG00000251517"
"ENSG00000251525",1,"TCP11X3P"
"ENSG00000251529",1,"ENSG00000251529"
"ENSG00000251542",1,"LINC01957"
"ENSG00000251543",1,"LINC02230"
"ENSG00000251545",1,"ENSG00000251545"
"ENSG00000251549",1,"ENSG00000251549"
"ENSG00000251563",1,"IARS2P1"
"ENSG00000251572",1,"ENSG00000251572"
"ENSG00000251577",1,"TACR3-AS1"
"ENSG00000251583",1,"MFFP2"
"ENSG00000251588",1,"ENSG00000251588"
"ENSG00000251591",1,"ENSG00000251591"
"ENSG00000251597",1,"RPL37P25"
"ENSG00000251601",1,"ENSG00000251601"
"ENSG00000251605",1,"ENSG00000251605"
"ENSG00000251608",1,"OR12D1"
"ENSG00000251610",1,"EVA1CP6"
"ENSG00000251616",1,"ENSG00000251616"
"ENSG00000251619",1,"LINC02508"
"ENSG00000251621",1,"ENSG00000251621"
"ENSG00000251624",1,"UNC93B7"
"ENSG00000251638",1,"ENSG00000251638"
"ENSG00000251644",1,"HPRT1P1"
"ENSG00000251647",1,"ENSG00000251647"
"ENSG00000251663",1,"SUMO2P5"
"ENSG00000251665",1,"ENSG00000251665"
"ENSG00000251686",1,"OR10J8P"
"ENSG00000251689",1,"ENSG00000251689"
"ENSG00000251691",1,"ENSG00000251691"
"ENSG00000251702",1,"RNU6-857P"
"ENSG00000251703",1,"RNU6-998P"
"ENSG00000251704",1,"ENSG00000251704"
"ENSG00000251711",1,"RNU6-632P"
"ENSG00000251712",1,"RNU7-20P"
"ENSG00000251715",1,"ENSG00000251715"
"ENSG00000251718",1,"RNU2-13P"
"ENSG00000251724",1,"RNU7-175P"
"ENSG00000251727",1,"RNU6-488P"
"ENSG00000251732",1,"RN7SKP122"
"ENSG00000251739",1,"RNU6-1053P"
"ENSG00000251741",1,"RNU4ATAC13P"
"ENSG00000251742",1,"RN7SKP13"
"ENSG00000251744",1,"ENSG00000251744"
"ENSG00000251745",1,"RNU7-124P"
"ENSG00000251748",1,"RNU4ATAC11P"
"ENSG00000251756",1,"RNA5SP385"
"ENSG00000251757",1,"RNU6-848P"
"ENSG00000251763",1,"RNU6-470P"
"ENSG00000251764",1,"RNA5SP446"
"ENSG00000251774",1,"RNU6-377P"
"ENSG00000251779",1,"Y_RNA"
"ENSG00000251783",1,"RNU6-1170P"
"ENSG00000251787",1,"RNU7-47P"
"ENSG00000251788",1,"RNU5A-7P"
"ENSG00000251792",1,"Y_RNA"
"ENSG00000251798",1,"RNU6-863P"
"ENSG00000251804",1,"RNU6-1294P"
"ENSG00000251810",1,"RN7SKP132"
"ENSG00000251816",1,"RNA5SP157"
"ENSG00000251819",1,"RNU6-322P"
"ENSG00000251821",1,"RNU6-583P"
"ENSG00000251825",1,"RN7SKP19"
"ENSG00000251829",1,"RNA5SP436"
"ENSG00000251831",1,"RNU6-1114P"
"ENSG00000251834",1,"RNU6-319P"
"ENSG00000251839",1,"RNU7-12P"
"ENSG00000251840",1,"RN7SKP155"
"ENSG00000251842",1,"RNU6-732P"
"ENSG00000251843",1,"RNU6-803P"
"ENSG00000251858",1,"ENSG00000251858"
"ENSG00000251865",1,"RNU6-518P"
"ENSG00000251866",1,"SCARNA21B"
"ENSG00000251873",1,"RNA5SP182"
"ENSG00000251883",1,"RNU6ATAC17P"
"ENSG00000251884",1,"RNA5SP288"
"ENSG00000251887",1,"RNU6-760P"
"ENSG00000251907",1,"RNU6-240P"
"ENSG00000251915",1,"RNA5SP406"
"ENSG00000251916",1,"RNU1-61P"
"ENSG00000251919",1,"RNU7-105P"
"ENSG00000251922",1,"ENSG00000251922"
"ENSG00000251923",1,"RNU6-276P"
"ENSG00000251924",1,"RNA5SP408"
"ENSG00000251940",1,"ENSG00000251940"
"ENSG00000251946",1,"RNU6-1023P"
"ENSG00000251955",1,"RNU6-27P"
"ENSG00000251957",1,"RNU6-1095P"
"ENSG00000251958",1,"RNU6-1102P"
"ENSG00000251960",1,"RNU6-559P"
"ENSG00000251976",1,"RN7SKP141"
"ENSG00000251977",1,"RNU6-991P"
"ENSG00000251983",1,"RN7SKP157"
"ENSG00000251991",1,"RNU7-49P"
"ENSG00000251992",1,"SCARNA17"
"ENSG00000251998",1,"RNU6-168P"
"ENSG00000252003",1,"RNU7-154P"
"ENSG00000252013",1,"RNU4ATAC14P"
"ENSG00000252016",1,"ENSG00000252016"
"ENSG00000252021",1,"Y_RNA"
"ENSG00000252033",1,"RNU6-311P"
"ENSG00000252039",1,"RNU6-287P"
"ENSG00000252045",1,"ENSG00000252045"
"ENSG00000252057",1,"RNU7-174P"
"ENSG00000252060",1,"RNA5SP464"
"ENSG00000252061",1,"RNU6-415P"
"ENSG00000252062",1,"RNU6-469P"
"ENSG00000252064",1,"Y_RNA"
"ENSG00000252065",1,"RNU6-864P"
"ENSG00000252066",1,"RNU2-53P"
"ENSG00000252068",1,"RNU6-390P"
"ENSG00000252073",1,"RNU6-947P"
"ENSG00000252076",1,"RN7SKP196"
"ENSG00000252086",1,"RNA5SP76"
"ENSG00000252089",1,"RNU4ATAC7P"
"ENSG00000252094",1,"RNA5SP410"
"ENSG00000252098",1,"Y_RNA"
"ENSG00000252104",1,"RNU6-191P"
"ENSG00000252117",1,"RNU6-1108P"
"ENSG00000252119",1,"ENSG00000252119"
"ENSG00000252126",1,"RNU6-313P"
"ENSG00000252130",1,"RNU6-1045P"
"ENSG00000252147",1,"RNY3P16"
"ENSG00000252148",1,"RNU6-1206P"
"ENSG00000252151",1,"RNU6-1265P"
"ENSG00000252185",1,"RNU6-752P"
"ENSG00000252186",1,"RNU6-781P"
"ENSG00000252192",1,"ENSG00000252192"
"ENSG00000252193",1,"ENSG00000252193"
"ENSG00000252200",1,"ENSG00000252200"
"ENSG00000252211",1,"RNA5SP473"
"ENSG00000252217",1,"Y_RNA"
"ENSG00000252223",1,"RNU6-1049P"
"ENSG00000252224",1,"RNU4ATAC15P"
"ENSG00000252237",1,"RNU4-54P"
"ENSG00000252242",1,"RNU7-115P"
"ENSG00000252243",1,"RNU6-412P"
"ENSG00000252244",1,"RNU7-3P"
"ENSG00000252249",1,"ENSG00000252249"
"ENSG00000252250",1,"Y_RNA"
"ENSG00000252252",1,"RNU6-687P"
"ENSG00000252255",1,"RNU2-35P"
"ENSG00000252257",1,"RN7SKP265"
"ENSG00000252258",1,"SNORA70"
"ENSG00000252262",1,"RNA5SP61"
"ENSG00000252275",1,"RNU7-192P"
"ENSG00000252279",1,"RNU6-406P"
"ENSG00000252291",1,"ENSG00000252291"
"ENSG00000252294",1,"RNU6-589P"
"ENSG00000252311",1,"RNU1-103P"
"ENSG00000252319",1,"Y_RNA"
"ENSG00000252320",1,"RNU6-320P"
"ENSG00000252322",1,"RN7SKP244"
"ENSG00000252333",1,"RNU6-964P"
"ENSG00000252335",1,"RNU6-62P"
"ENSG00000252348",1,"RNU6-1256P"
"ENSG00000252349",1,"ENSG00000252349"
"ENSG00000252350",1,"RPPH1-3P"
"ENSG00000252352",1,"ENSG00000252352"
"ENSG00000252353",1,"RNU7-25P"
"ENSG00000252357",1,"Y_RNA"
"ENSG00000252358",1,"RN7SKP135"
"ENSG00000252366",1,"RNA5SP367"
"ENSG00000252367",1,"Y_RNA"
"ENSG00000252383",1,"RNU6-314P"
"ENSG00000252386",1,"RNU6-1018P"
"ENSG00000252393",1,"RNU6-1004P"
"ENSG00000252395",1,"RNU6-1007P"
"ENSG00000252397",1,"RNU5A-4P"
"ENSG00000252408",1,"ENSG00000252408"
"ENSG00000252412",1,"Y_RNA"
"ENSG00000252414",1,"RNU6-100P"
"ENSG00000252423",1,"RNU6-229P"
"ENSG00000252438",1,"ENSG00000252438"
"ENSG00000252443",1,"SNORA62"
"ENSG00000252460",1,"RNU6-635P"
"ENSG00000252466",1,"MIR2115"
"ENSG00000252467",1,"RNU6-347P"
"ENSG00000252474",1,"RNU6-539P"
"ENSG00000252480",1,"RNU6-719P"
"ENSG00000252483",1,"RNU6-1178P"
"ENSG00000252484",1,"RN7SKP49"
"ENSG00000252487",1,"RNY4P20"
"ENSG00000252491",1,"RNU1-142P"
"ENSG00000252509",1,"RNA5SP271"
"ENSG00000252510",1,"RNA5SP55"
"ENSG00000252512",1,"RNA5SP206"
"ENSG00000252524",1,"Y_RNA"
"ENSG00000252530",1,"RNU6-965P"
"ENSG00000252532",1,"RNU7-193P"
"ENSG00000252534",1,"Y_RNA"
"ENSG00000252540",1,"RNU6-919P"
"ENSG00000252546",1,"RNA5SP466"
"ENSG00000252549",1,"RNU6-759P"
"ENSG00000252555",1,"RNU6-567P"
"ENSG00000252560",1,"RNU4-18P"
"ENSG00000252569",1,"RNU6-1153P"
"ENSG00000252574",1,"RNU5B-6P"
"ENSG00000252580",1,"ENSG00000252580"
"ENSG00000252581",1,"RNU6-1098P"
"ENSG00000252590",1,"RNU7-143P"
"ENSG00000252593",1,"RNU6-1224P"
"ENSG00000252595",1,"RN7SKP82"
"ENSG00000252597",1,"RNU7-137P"
"ENSG00000252604",1,"RNU2-44P"
"ENSG00000252611",1,"RNU6-1121P"
"ENSG00000252612",1,"Y_RNA"
"ENSG00000252615",1,"Y_RNA"
"ENSG00000252636",1,"RNU6-826P"
"ENSG00000252640",1,"ENSG00000252640"
"ENSG00000252644",1,"RNU7-30P"
"ENSG00000252654",1,"RNU7-6P"
"ENSG00000252655",1,"Y_RNA"
"ENSG00000252660",1,"Y_RNA"
"ENSG00000252661",1,"RNU6-782P"
"ENSG00000252673",1,"RNA5SP421"
"ENSG00000252680",1,"RNA5SP449"
"ENSG00000252691",1,"ENSG00000252691"
"ENSG00000252692",1,"ENSG00000252692"
"ENSG00000252696",1,"RNA5SP34"
"ENSG00000252697",1,"RN7SKP209"
"ENSG00000252700",1,"RNU7-110P"
"ENSG00000252705",1,"RNU6-175P"
"ENSG00000252711",1,"RN7SKP116"
"ENSG00000252722",1,"ENSG00000252722"
"ENSG00000252729",1,"RNU6-971P"
"ENSG00000252745",1,"RNA5SP143"
"ENSG00000252746",1,"RNU6-273P"
"ENSG00000252750",1,"RNU7-70P"
"ENSG00000252751",1,"RNU6-143P"
"ENSG00000252752",1,"RNU6-210P"
"ENSG00000252756",1,"RNU6-577P"
"ENSG00000252759",1,"Y_RNA"
"ENSG00000252761",1,"Y_RNA"
"ENSG00000252767",1,"RNU6-250P"
"ENSG00000252769",1,"RNU6-943P"
"ENSG00000252772",1,"RNU6-714P"
"ENSG00000252780",1,"RNA5SP471"
"ENSG00000252804",1,"RNU6-958P"
"ENSG00000252806",1,"RNA5SP420"
"ENSG00000252810",1,"RNU6-345P"
"ENSG00000252812",1,"RN7SKP2"
"ENSG00000252815",1,"RNU6-410P"
"ENSG00000252816",1,"RNA5SP337"
"ENSG00000252821",1,"RNU6-388P"
"ENSG00000252822",1,"Y_RNA"
"ENSG00000252826",1,"RNVU1-23"
"ENSG00000252828",1,"RNA5SP135"
"ENSG00000252837",1,"RN7SKP99"
"ENSG00000252847",1,"RNU2-46P"
"ENSG00000252850",1,"RNU1-117P"
"ENSG00000252852",1,"ENSG00000252852"
"ENSG00000252856",1,"RNA5SP503"
"ENSG00000252858",1,"RNU6-1271P"
"ENSG00000252866",1,"RNA5SP243"
"ENSG00000252888",1,"ENSG00000252888"
"ENSG00000252891",1,"Y_RNA"
"ENSG00000252905",1,"RNA5SP330"
"ENSG00000252916",1,"RNU6-762P"
"ENSG00000252920",1,"ENSG00000252920"
"ENSG00000252922",1,"RNU6-365P"
"ENSG00000252929",1,"RNU6-218P"
"ENSG00000252933",1,"RNU6-1223P"
"ENSG00000252935",1,"RNU6-1220P"
"ENSG00000252942",1,"RNA5SP290"
"ENSG00000252943",1,"RNU6-264P"
"ENSG00000252944",1,"RNU6-897P"
"ENSG00000252950",1,"RNA5SP490"
"ENSG00000252952",1,"RNU6-58P"
"ENSG00000252955",1,"RNU4ATAC9P"
"ENSG00000252969",1,"SNORA70"
"ENSG00000252970",1,"RNA5SP159"
"ENSG00000252971",1,"RNU6-1057P"
"ENSG00000252975",1,"Y_RNA"
"ENSG00000252978",1,"RN7SKP183"
"ENSG00000252980",1,"RNU6-367P"
"ENSG00000252983",1,"RNU7-35P"
"ENSG00000252991",1,"RNU6-1073P"
"ENSG00000252998",1,"RNU6-889P"
"ENSG00000253016",1,"Y_RNA"
"ENSG00000253022",1,"RNU6-731P"
"ENSG00000253031",1,"RNA5SP291"
"ENSG00000253035",1,"RNU4ATAC5P"
"ENSG00000253047",1,"ENSG00000253047"
"ENSG00000253049",1,"ENSG00000253049"
"ENSG00000253051",1,"SNORA31B"
"ENSG00000253058",1,"RNA5SP437"
"ENSG00000253060",1,"ENSG00000253060"
"ENSG00000253074",1,"RNU6-586P"
"ENSG00000253077",1,"RNA5SP169"
"ENSG00000253086",1,"RNU6-537P"
"ENSG00000253089",1,"RNU1-104P"
"ENSG00000253094",1,"SNORD36"
"ENSG00000253097",1,"RNU2-19P"
"ENSG00000253099",1,"RNU2-60P"
"ENSG00000253104",1,"ENSG00000253104"
"ENSG00000253105",1,"ENSG00000253105"
"ENSG00000253107",1,"ENSG00000253107"
"ENSG00000253108",1,"ENSG00000253108"
"ENSG00000253109",1,"RPL12P22"
"ENSG00000253110",1,"ENSG00000253110"
"ENSG00000253122",1,"ENSG00000253122"
"ENSG00000253125",1,"ENSG00000253125"
"ENSG00000253126",1,"IGLVI-56"
"ENSG00000253131",1,"IGHV7-56"
"ENSG00000253132",1,"IGHV3-62"
"ENSG00000253139",1,"ENSG00000253139"
"ENSG00000253141",1,"ENSG00000253141"
"ENSG00000253143",1,"ENSG00000253143"
"ENSG00000253146",1,"CIR1P1"
"ENSG00000253148",1,"RGS21"
"ENSG00000253149",1,"IGHVII-28-1"
"ENSG00000253155",1,"ENSG00000253155"
"ENSG00000253156",1,"H2AZP7"
"ENSG00000253158",1,"IGKV3-31"
"ENSG00000253161",1,"LINC01605"
"ENSG00000253169",1,"IGHVII-65-1"
"ENSG00000253171",1,"ENSG00000253171"
"ENSG00000253178",1,"ENSG00000253178"
"ENSG00000253179",1,"CALCP"
"ENSG00000253188",1,"TRBV6-7"
"ENSG00000253190",1,"ENSG00000253190"
"ENSG00000253191",1,"IGKV1D-32"
"ENSG00000253195",1,"ENSG00000253195"
"ENSG00000253197",1,"ENSG00000253197"
"ENSG00000253199",1,"LINC02153"
"ENSG00000253202",1,"IGKV3-25"
"ENSG00000253205",1,"ENSG00000253205"
"ENSG00000253207",1,"ENSG00000253207"
"ENSG00000253209",1,"IGHV3-65"
"ENSG00000253214",1,"ENSG00000253214"
"ENSG00000253215",1,"ENSG00000253215"
"ENSG00000253216",1,"ENSG00000253216"
"ENSG00000253219",1,"KRT18P41"
"ENSG00000253224",1,"PGAM5P1"
"ENSG00000253233",1,"ENSG00000253233"
"ENSG00000253234",1,"IGLV2-5"
"ENSG00000253240",1,"IGHV3-36"
"ENSG00000253241",1,"IGHV3-50"
"ENSG00000253247",1,"IGHV3-76"
"ENSG00000253258",1,"FAM83A-AS2"
"ENSG00000253261",1,"ENSG00000253261"
"ENSG00000253269",1,"ENSG00000253269"
"ENSG00000253271",1,"ENSG00000253271"
"ENSG00000253274",1,"IGHV1-67"
"ENSG00000253278",1,"IGKV2-10"
"ENSG00000253280",1,"ENSG00000253280"
"ENSG00000253287",1,"ENSG00000253287"
"ENSG00000253303",1,"IGHVIII-82"
"ENSG00000253304",1,"TMEM200B"
"ENSG00000253308",1,"ENSG00000253308"
"ENSG00000253311",1,"LINC01847"
"ENSG00000253318",1,"TMCC1P1"
"ENSG00000253319",1,"ENSG00000253319"
"ENSG00000253325",1,"IGHV7-34-1"
"ENSG00000253331",1,"ENSG00000253331"
"ENSG00000253332",1,"RPL7AP80"
"ENSG00000253338",1,"IGLV3-29"
"ENSG00000253339",1,"ENSG00000253339"
"ENSG00000253340",1,"ENSG00000253340"
"ENSG00000253342",1,"ENSG00000253342"
"ENSG00000253344",1,"ENSG00000253344"
"ENSG00000253345",1,"IGHVII-22-1"
"ENSG00000253351",1,"LINC01298"
"ENSG00000253352",1,"TUG1"
"ENSG00000253355",1,"ENSG00000253355"
"ENSG00000253359",1,"IGHV3-37"
"ENSG00000253362",1,"ENSG00000253362"
"ENSG00000253363",1,"ENSG00000253363"
"ENSG00000253365",1,"IGKV1D-22"
"ENSG00000253367",1,"IGHVIII-25-1"
"ENSG00000253380",1,"ENSG00000253380"
"ENSG00000253381",1,"ENSG00000253381"
"ENSG00000253382",1,"POU5F1P2"
"ENSG00000253393",1,"RANP9"
"ENSG00000253396",1,"ENSG00000253396"
"ENSG00000253401",1,"VTA1P2"
"ENSG00000253403",1,"ENSG00000253403"
"ENSG00000253408",1,"IKBKB-DT"
"ENSG00000253412",1,"IGHVIII-13-1"
"ENSG00000253415",1,"ENSG00000253415"
"ENSG00000253418",1,"SNX18P27"
"ENSG00000253421",1,"ZNHIT1P1"
"ENSG00000253422",1,"ENSG00000253422"
"ENSG00000253423",1,"ENSG00000253423"
"ENSG00000253425",1,"HSPA8P13"
"ENSG00000253432",1,"ENSG00000253432"
"ENSG00000253435",1,"IGKV2-4"
"ENSG00000253437",1,"RNU6-988P"
"ENSG00000253440",1,"IGHV3-33-2"
"ENSG00000253441",1,"IGHV3-25"
"ENSG00000253444",1,"ENSG00000253444"
"ENSG00000253448",1,"IGLV3-6"
"ENSG00000253455",1,"LINC03054"
"ENSG00000253458",1,"IGHVII-15-1"
"ENSG00000253465",1,"IGHVIV-44-1"
"ENSG00000253467",1,"IGHV7-40"
"ENSG00000253470",1,"ENSG00000253470"
"ENSG00000253472",1,"ENSG00000253472"
"ENSG00000253479",1,"LINC01603"
"ENSG00000253481",1,"IGKV1OR22-1"
"ENSG00000253482",1,"IGHVII-26-2"
"ENSG00000253488",1,"SINHCAFP3"
"ENSG00000253489",1,"ENSG00000253489"
"ENSG00000253490",1,"LINC02099"
"ENSG00000253493",1,"ENSG00000253493"
"ENSG00000253497",1,"IGKV1-13"
"ENSG00000253502",1,"ATP6V1G1P2"
"ENSG00000253508",1,"ENSG00000253508"
"ENSG00000253510",1,"ENSG00000253510"
"ENSG00000253522",1,"MIR3142HG"
"ENSG00000253526",1,"ENSG00000253526"
"ENSG00000253541",1,"SEPTIN10P1"
"ENSG00000253542",1,"SDR16C6P"
"ENSG00000253543",1,"ENSG00000253543"
"ENSG00000253546",1,"IGLVVI-22-1"
"ENSG00000253556",1,"MTCO1P4"
"ENSG00000253560",1,"ENSG00000253560"
"ENSG00000253561",1,"ENSG00000253561"
"ENSG00000253562",1,"ENSG00000253562"
"ENSG00000253564",1,"ENSG00000253564"
"ENSG00000253569",1,"VENTXP5"
"ENSG00000253571",1,"ENSG00000253571"
"ENSG00000253572",1,"ENSG00000253572"
"ENSG00000253577",1,"ENSG00000253577"
"ENSG00000253578",1,"IGKV1-22"
"ENSG00000253580",1,"TRMT10BP1"
"ENSG00000253587",1,"IGHV3-30-2"
"ENSG00000253602",1,"RN7SL260P"
"ENSG00000253604",1,"ENSG00000253604"
"ENSG00000253606",1,"AFG3L2P1"
"ENSG00000253608",1,"ENSG00000253608"
"ENSG00000253610",1,"ENSG00000253610"
"ENSG00000253614",1,"ENSG00000253614"
"ENSG00000253627",1,"ENSG00000253627"
"ENSG00000253631",1,"IGLV7-35"
"ENSG00000253633",1,"LINC03047"
"ENSG00000253635",1,"IGHVIII-67-3"
"ENSG00000253637",1,"IGLVV-58"
"ENSG00000253638",1,"DPPA3P7"
"ENSG00000253645",1,"ENSG00000253645"
"ENSG00000253646",1,"RPL6P32"
"ENSG00000253649",1,"PRSS51"
"ENSG00000253654",1,"IDI1P2"
"ENSG00000253655",1,"JCHAINP1"
"ENSG00000253656",1,"ENSG00000253656"
"ENSG00000253657",1,"ENSG00000253657"
"ENSG00000253672",1,"ENSG00000253672"
"ENSG00000253681",1,"ENSG00000253681"
"ENSG00000253682",1,"ENSG00000253682"
"ENSG00000253691",1,"IGKV2OR22-4"
"ENSG00000253692",1,"IGHEP1"
"ENSG00000253699",1,"ENSG00000253699"
"ENSG00000253702",1,"LINC02847"
"ENSG00000253732",1,"IGKV2-19"
"ENSG00000253735",1,"ENSG00000253735"
"ENSG00000253742",1,"IGHV3-60"
"ENSG00000253743",1,"MARK2P11"
"ENSG00000253749",1,"ENSG00000253749"
"ENSG00000253756",1,"CARS1P2"
"ENSG00000253763",1,"IGHV3-6"
"ENSG00000253765",1,"IGKV2D-19"
"ENSG00000253771",1,"TPTE2P1"
"ENSG00000253773",1,"CFAP418-AS1"
"ENSG00000253776",1,"ENSG00000253776"
"ENSG00000253777",1,"ENSG00000253777"
"ENSG00000253779",1,"IGLVVI-25-1"
"ENSG00000253783",1,"ENSG00000253783"
"ENSG00000253790",1,"ENSG00000253790"
"ENSG00000253796",1,"ENSG00000253796"
"ENSG00000253800",1,"ENSG00000253800"
"ENSG00000253801",1,"ENSG00000253801"
"ENSG00000253803",1,"ENSG00000253803"
"ENSG00000253811",1,"ENSG00000253811"
"ENSG00000253817",1,"ENSG00000253817"
"ENSG00000253819",1,"LINC01151"
"ENSG00000253820",1,"IGHVII-67-1"
"ENSG00000253823",1,"IGLV1-62"
"ENSG00000253828",1,"MTND2P38"
"ENSG00000253834",1,"ENSG00000253834"
"ENSG00000253836",1,"ENSG00000253836"
"ENSG00000253840",1,"ENSG00000253840"
"ENSG00000253842",1,"ENSG00000253842"
"ENSG00000253843",1,"ENSG00000253843"
"ENSG00000253868",1,"FER1L6-AS2"
"ENSG00000253885",1,"ARF1P3"
"ENSG00000253887",1,"ENSG00000253887"
"ENSG00000253892",1,"ENSG00000253892"
"ENSG00000253901",1,"ENSG00000253901"
"ENSG00000253903",1,"ENSG00000253903"
"ENSG00000253916",1,"MTCO1P49"
"ENSG00000253924",1,"ENSG00000253924"
"ENSG00000253927",1,"ENSG00000253927"
"ENSG00000253934",1,"MRPL49P2"
"ENSG00000253937",1,"NATP"
"ENSG00000253946",1,"RPL21P59"
"ENSG00000253951",1,"CCT3P1"
"ENSG00000253956",1,"ENSG00000253956"
"ENSG00000253970",1,"MTND2P7"
"ENSG00000253980",1,"ENSG00000253980"
"ENSG00000253983",1,"ENSG00000253983"
"ENSG00000253985",1,"ENSG00000253985"
"ENSG00000253988",1,"ENSG00000253988"
"ENSG00000253989",1,"IGHVIII-38-1"
"ENSG00000253992",1,"ENSG00000253992"
"ENSG00000253994",1,"NDUFB9P3"
"ENSG00000253995",1,"RPL10P18"
"ENSG00000253997",1,"ENSG00000253997"
"ENSG00000254006",1,"ENSG00000254006"
"ENSG00000254007",1,"ENSG00000254007"
"ENSG00000254012",1,"RPL10P8"
"ENSG00000254021",1,"ENSG00000254021"
"ENSG00000254026",1,"LINC03023"
"ENSG00000254036",1,"IGHVIII-67-2"
"ENSG00000254043",1,"ENSG00000254043"
"ENSG00000254053",1,"IGHVIII-5-2"
"ENSG00000254056",1,"IGHV3-71"
"ENSG00000254066",1,"LINC01938"
"ENSG00000254069",1,"ENSG00000254069"
"ENSG00000254075",1,"IGLVV-66"
"ENSG00000254076",1,"ENSG00000254076"
"ENSG00000254080",1,"LINC03071"
"ENSG00000254084",1,"ENSG00000254084"
"ENSG00000254095",1,"ENSG00000254095"
"ENSG00000254098",1,"IGKV2-26"
"ENSG00000254106",1,"LINC01848"
"ENSG00000254113",1,"ENSG00000254113"
"ENSG00000254118",1,"MTCYBP20"
"ENSG00000254119",1,"LINC02842"
"ENSG00000254124",1,"EEF1A1P37"
"ENSG00000254130",1,"LINC01947"
"ENSG00000254134",1,"IGHVII-74-1"
"ENSG00000254136",1,"ENSG00000254136"
"ENSG00000254138",1,"ENSG00000254138"
"ENSG00000254145",1,"ENSG00000254145"
"ENSG00000254150",1,"ENSG00000254150"
"ENSG00000254156",1,"MTND6P20"
"ENSG00000254171",1,"ENSG00000254171"
"ENSG00000254172",1,"RNU5A-3P"
"ENSG00000254175",1,"IGLVI-42"
"ENSG00000254176",1,"IGHV3-75"
"ENSG00000254178",1,"ENSG00000254178"
"ENSG00000254189",1,"ENSG00000254189"
"ENSG00000254190",1,"ENSG00000254190"
"ENSG00000254201",1,"ENSG00000254201"
"ENSG00000254203",1,"IGHVII-33-1"
"ENSG00000254209",1,"LINC02855"
"ENSG00000254215",1,"IGHVIII-11-1"
"ENSG00000254216",1,"ENSG00000254216"
"ENSG00000254219",1,"ENSG00000254219"
"ENSG00000254222",1,"ENSG00000254222"
"ENSG00000254225",1,"BTF3P1"
"ENSG00000254228",1,"IGHV3-42"
"ENSG00000254239",1,"ENSG00000254239"
"ENSG00000254240",1,"IGLVI-20"
"ENSG00000254241",1,"MTCO1P47"
"ENSG00000254242",1,"ENSG00000254242"
"ENSG00000254245",1,"PCDHGA3"
"ENSG00000254247",1,"ENSG00000254247"
"ENSG00000254254",1,"PENK-AS1"
"ENSG00000254256",1,"RPSAP71"
"ENSG00000254264",1,"IGKV3OR22-2"
"ENSG00000254266",1,"PKIA-AS1"
"ENSG00000254268",1,"RFPL4AP7"
"ENSG00000254278",1,"ENSG00000254278"
"ENSG00000254289",1,"IGHV3-32"
"ENSG00000254290",1,"ENSG00000254290"
"ENSG00000254291",1,"ENSG00000254291"
"ENSG00000254299",1,"LINC01944"
"ENSG00000254302",1,"ENSG00000254302"
"ENSG00000254306",1,"ENSG00000254306"
"ENSG00000254312",1,"MRPL57P7"
"ENSG00000254320",1,"ENSG00000254320"
"ENSG00000254324",1,"MIR151A"
"ENSG00000254326",1,"IGHV7-27"
"ENSG00000254328",1,"ENSG00000254328"
"ENSG00000254334",1,"ENSG00000254334"
"ENSG00000254336",1,"ENSG00000254336"
"ENSG00000254341",1,"SNORD87"
"ENSG00000254344",1,"LINC01288"
"ENSG00000254345",1,"IGKV2D-23"
"ENSG00000254355",1,"IGLVI-68"
"ENSG00000254358",1,"CYCSP22"
"ENSG00000254367",1,"ENSG00000254367"
"ENSG00000254372",1,"ENSG00000254372"
"ENSG00000254380",1,"ENSG00000254380"
"ENSG00000254381",1,"TUBB8P5"
"ENSG00000254384",1,"MTND6P19"
"ENSG00000254391",1,"ENSG00000254391"
"ENSG00000254395",1,"IGHV4-55"
"ENSG00000254399",1,"GLYATL1P4"
"ENSG00000254404",1,"ENSG00000254404"
"ENSG00000254407",1,"PHB1P17"
"ENSG00000254408",1,"OR4A1P"
"ENSG00000254409",1,"ENSG00000254409"
"ENSG00000254412",1,"ENSG00000254412"
"ENSG00000254425",1,"ENSG00000254425"
"ENSG00000254427",1,"LINC02696"
"ENSG00000254429",1,"ENSG00000254429"
"ENSG00000254430",1,"OR6M3P"
"ENSG00000254437",1,"COX6A1P4"
"ENSG00000254442",1,"ENSG00000254442"
"ENSG00000254451",1,"CAPS2-AS1"
"ENSG00000254457",1,"OR5D2P"
"ENSG00000254464",1,"OR4A3P"
"ENSG00000254472",1,"OR4A49P"
"ENSG00000254475",1,"OR2AT1P"
"ENSG00000254482",1,"ENSG00000254482"
"ENSG00000254487",1,"ENSG00000254487"
"ENSG00000254490",1,"OR5M7P"
"ENSG00000254492",1,"ENSG00000254492"
"ENSG00000254510",1,"ENSG00000254510"
"ENSG00000254511",1,"ENSG00000254511"
"ENSG00000254515",1,"TRPC6P5"
"ENSG00000254516",1,"LINC02760"
"ENSG00000254521",1,"SIGLEC12"
"ENSG00000254526",1,"ENSG00000254526"
"ENSG00000254529",1,"MRGPRX7P"
"ENSG00000254530",1,"LINC02755"
"ENSG00000254533",1,"ENSG00000254533"
"ENSG00000254534",1,"PLS1P1"
"ENSG00000254536",1,"ENSG00000254536"
"ENSG00000254541",1,"MRGPRX6P"
"ENSG00000254543",1,"HSPD1P2"
"ENSG00000254544",1,"PCNAP4"
"ENSG00000254555",1,"ENSG00000254555"
"ENSG00000254567",1,"UBTFL9"
"ENSG00000254572",1,"GLULP3"
"ENSG00000254583",1,"ENSG00000254583"
"ENSG00000254587",1,"ENSG00000254587"
"ENSG00000254588",1,"ETS1-AS1"
"ENSG00000254589",1,"EIF4A2P3"
"ENSG00000254591",1,"ENSG00000254591"
"ENSG00000254594",1,"LINC02686"
"ENSG00000254599",1,"ENSG00000254599"
"ENSG00000254607",1,"ENSG00000254607"
"ENSG00000254613",1,"OR6M2P"
"ENSG00000254614",1,"CAPN1-AS1"
"ENSG00000254621",1,"SETP16"
"ENSG00000254624",1,"OR4R3P"
"ENSG00000254625",1,"ENSG00000254625"
"ENSG00000254637",1,"OR4A18P"
"ENSG00000254658",1,"OR8J2"
"ENSG00000254660",1,"ENSG00000254660"
"ENSG00000254663",1,"OR4A11P"
"ENSG00000254668",1,"ENSG00000254668"
"ENSG00000254686",1,"ENSG00000254686"
"ENSG00000254704",1,"ENSG00000254704"
"ENSG00000254720",1,"MRGPRX10P"
"ENSG00000254722",1,"FAM8A2P"
"ENSG00000254723",1,"OR4A12P"
"ENSG00000254724",1,"OR7E10P"
"ENSG00000254725",1,"ENSG00000254725"
"ENSG00000254728",1,"ANKRD33BP2"
"ENSG00000254735",1,"HMGB1P42"
"ENSG00000254737",1,"OR10G4"
"ENSG00000254738",1,"MRGPRX11P"
"ENSG00000254750",1,"CASP1P2"
"ENSG00000254753",1,"ENSG00000254753"
"ENSG00000254754",1,"ENSG00000254754"
"ENSG00000254762",1,"KLC2-AS2"
"ENSG00000254767",1,"OR2AL1P"
"ENSG00000254769",1,"OR4A4P"
"ENSG00000254770",1,"OR4D7P"
"ENSG00000254771",1,"ENSG00000254771"
"ENSG00000254780",1,"ENSG00000254780"
"ENSG00000254784",1,"DNAAF11P1"
"ENSG00000254785",1,"ENSG00000254785"
"ENSG00000254795",1,"OR5AP1P"
"ENSG00000254813",1,"LINC03019"
"ENSG00000254816",1,"ENSG00000254816"
"ENSG00000254821",1,"ENSG00000254821"
"ENSG00000254825",1,"OR9G2P"
"ENSG00000254830",1,"ENSG00000254830"
"ENSG00000254832",1,"OR4A40P"
"ENSG00000254834",1,"OR5M10"
"ENSG00000254836",1,"ENSG00000254836"
"ENSG00000254841",1,"OR4V1P"
"ENSG00000254848",1,"OR5BN1P"
"ENSG00000254853",1,"ENSG00000254853"
"ENSG00000254861",1,"ENSG00000254861"
"ENSG00000254862",1,"LGR4-AS1"
"ENSG00000254871",1,"FBLIM1P2"
"ENSG00000254878",1,"ENSG00000254878"
"ENSG00000254891",1,"OR4A9P"
"ENSG00000254903",1,"OR8L1P"
"ENSG00000254917",1,"OR7E15P"
"ENSG00000254921",1,"ENSG00000254921"
"ENSG00000254925",1,"OR4C9P"
"ENSG00000254926",1,"ENSG00000254926"
"ENSG00000254937",1,"ENSG00000254937"
"ENSG00000254940",1,"OR4A19P"
"ENSG00000254947",1,"OR8K4P"
"ENSG00000254954",1,"SLC2A13P1"
"ENSG00000254957",1,"ENSG00000254957"
"ENSG00000254976",1,"OR8B7P"
"ENSG00000254983",1,"ENSG00000254983"
"ENSG00000254989",1,"ENSG00000254989"
"ENSG00000255001",1,"ENSG00000255001"
"ENSG00000255012",1,"OR5M1"
"ENSG00000255018",1,"ENSG00000255018"
"ENSG00000255019",1,"OR5D15P"
"ENSG00000255030",1,"OR8B5P"
"ENSG00000255041",1,"ENSG00000255041"
"ENSG00000255047",1,"HNRNPRP2"
"ENSG00000255048",1,"OR8X1P"
"ENSG00000255051",1,"BCAS2P1"
"ENSG00000255053",1,"OR4A44P"
"ENSG00000255058",1,"PDCL2P2"
"ENSG00000255065",1,"ENSG00000255065"
"ENSG00000255070",1,"OSBPL9P3"
"ENSG00000255075",1,"CENPUP1"
"ENSG00000255077",1,"OR4X7P"
"ENSG00000255078",1,"OR4A6P"
"ENSG00000255083",1,"OR5AK1P"
"ENSG00000255106",1,"RPL7AP79"
"ENSG00000255116",1,"SLC5A4P1"
"ENSG00000255123",1,"MTND5P21"
"ENSG00000255127",1,"EEF1A1P49"
"ENSG00000255131",1,"OR9L1P"
"ENSG00000255143",1,"ENSG00000255143"
"ENSG00000255155",1,"ENSG00000255155"
"ENSG00000255157",1,"DEFB130C"
"ENSG00000255172",1,"OR5AM1P"
"ENSG00000255173",1,"ENSG00000255173"
"ENSG00000255179",1,"ENSG00000255179"
"ENSG00000255182",1,"ENSG00000255182"
"ENSG00000255186",1,"ENSG00000255186"
"ENSG00000255188",1,"ENSG00000255188"
"ENSG00000255197",1,"SLC39A13-AS1"
"ENSG00000255199",1,"GTF2IP11"
"ENSG00000255205",1,"MED28P5"
"ENSG00000255214",1,"ENSG00000255214"
"ENSG00000255216",1,"ENSG00000255216"
"ENSG00000255218",1,"OR5BC1P"
"ENSG00000255223",1,"OR5M11"
"ENSG00000255225",1,"OR8B6P"
"ENSG00000255230",1,"VPS51P17"
"ENSG00000255241",1,"ENSG00000255241"
"ENSG00000255258",1,"LINC02743"
"ENSG00000255259",1,"ZNF123P"
"ENSG00000255262",1,"ELOBP2"
"ENSG00000255266",1,"ENSG00000255266"
"ENSG00000255283",1,"ENSG00000255283"
"ENSG00000255289",1,"ENSG00000255289"
"ENSG00000255293",1,"WIZP1"
"ENSG00000255294",1,"OR4A50P"
"ENSG00000255297",1,"OR4A41P"
"ENSG00000255304",1,"OR4A46P"
"ENSG00000255311",1,"DLG2-AS2"
"ENSG00000255312",1,"OR4C7P"
"ENSG00000255334",1,"ENSG00000255334"
"ENSG00000255338",1,"ENSG00000255338"
"ENSG00000255347",1,"ENSG00000255347"
"ENSG00000255349",1,"OR4A7P"
"ENSG00000255352",1,"PPP1R10P1"
"ENSG00000255360",1,"ENSG00000255360"
"ENSG00000255365",1,"ENSG00000255365"
"ENSG00000255366",1,"ENSG00000255366"
"ENSG00000255368",1,"ENSG00000255368"
"ENSG00000255376",1,"AKTIPP3"
"ENSG00000255380",1,"ENSG00000255380"
"ENSG00000255382",1,"LINC02734"
"ENSG00000255387",1,"RDXP1"
"ENSG00000255391",1,"ENSG00000255391"
"ENSG00000255401",1,"ENSG00000255401"
"ENSG00000255406",1,"LINC02730"
"ENSG00000255411",1,"LINC02548"
"ENSG00000255416",1,"OR10AF1P"
"ENSG00000255418",1,"LINC02718"
"ENSG00000255422",1,"ENSG00000255422"
"ENSG00000255424",1,"MRGPRX9P"
"ENSG00000255427",1,"LINC02707"
"ENSG00000255431",1,"OR5B19P"
"ENSG00000255437",1,"ENSG00000255437"
"ENSG00000255442",1,"ENSG00000255442"
"ENSG00000255444",1,"CYCSP27"
"ENSG00000255446",1,"ENSG00000255446"
"ENSG00000255447",1,"ENSG00000255447"
"ENSG00000255454",1,"ENSG00000255454"
"ENSG00000255455",1,"ENSG00000255455"
"ENSG00000255461",1,"OR8I1P"
"ENSG00000255463",1,"ENSG00000255463"
"ENSG00000255469",1,"BOLA3P1"
"ENSG00000255477",1,"ENSG00000255477"
"ENSG00000255479",1,"ENSG00000255479"
"ENSG00000255482",1,"ENSG00000255482"
"ENSG00000255485",1,"OR5G4P"
"ENSG00000255486",1,"ENSG00000255486"
"ENSG00000255501",1,"CARD18"
"ENSG00000255505",1,"ENSG00000255505"
"ENSG00000255514",1,"OR4B2P"
"ENSG00000255515",1,"ENSG00000255515"
"ENSG00000255529",1,"POLR2M"
"ENSG00000255534",1,"OR4A43P"
"ENSG00000255535",1,"ENSG00000255535"
"ENSG00000255536",1,"MRGPRX5P"
"ENSG00000255550",1,"ENSG00000255550"
"ENSG00000255551",1,"ENSG00000255551"
"ENSG00000255575",1,"ENSG00000255575"
"ENSG00000255583",1,"ENSG00000255583"
"ENSG00000255624",1,"C10orf88B"
"ENSG00000255627",1,"ENSG00000255627"
"ENSG00000255628",1,"ENSG00000255628"
"ENSG00000255648",1,"ENSG00000255648"
"ENSG00000255713",1,"OR4D2"
"ENSG00000255714",1,"LINC02460"
"ENSG00000255725",1,"TDGP1"
"ENSG00000255733",1,"IFNG-AS1"
"ENSG00000255734",1,"HNRNPABP1"
"ENSG00000255745",1,"ENSG00000255745"
"ENSG00000255750",1,"ENSG00000255750"
"ENSG00000255763",1,"MRPS18CP4"
"ENSG00000255790",1,"ENSG00000255790"
"ENSG00000255794",1,"RMST"
"ENSG00000255801",1,"ENSG00000255801"
"ENSG00000255808",1,"PDE2A-AS1"
"ENSG00000255825",1,"ENSG00000255825"
"ENSG00000255829",1,"ENSG00000255829"
"ENSG00000255830",1,"ENSG00000255830"
"ENSG00000255838",1,"AK3P6"
"ENSG00000255845",1,"ENSG00000255845"
"ENSG00000255850",1,"RXYLT1-AS1"
"ENSG00000255853",1,"ENSG00000255853"
"ENSG00000255860",1,"ENSG00000255860"
"ENSG00000255899",1,"ENSG00000255899"
"ENSG00000255900",1,"ENSG00000255900"
"ENSG00000255903",1,"RPL12P46"
"ENSG00000255910",1,"ENSG00000255910"
"ENSG00000255928",1,"ENSG00000255928"
"ENSG00000255944",1,"ENSG00000255944"
"ENSG00000255945",1,"ENSG00000255945"
"ENSG00000255947",1,"ENSG00000255947"
"ENSG00000255973",1,"ENSG00000255973"
"ENSG00000255976",1,"RAB11AP2"
"ENSG00000255977",1,"ENSG00000255977"
"ENSG00000255982",1,"NXPE2P1"
"ENSG00000255995",1,"ENSG00000255995"
"ENSG00000256001",1,"ENSG00000256001"
"ENSG00000256004",1,"ENSG00000256004"
"ENSG00000256020",1,"ENSG00000256020"
"ENSG00000256025",1,"CACNA1C-AS4"
"ENSG00000256040",1,"PAPPA-AS1"
"ENSG00000256043",1,"CTSO"
"ENSG00000256077",1,"LINC02442"
"ENSG00000256081",1,"ENSG00000256081"
"ENSG00000256085",1,"ENSG00000256085"
"ENSG00000256103",1,"ATP5MFP5"
"ENSG00000256125",1,"FAM32EP"
"ENSG00000256137",1,"ENSG00000256137"
"ENSG00000256151",1,"ADGRD1-AS1"
"ENSG00000256157",1,"ENSG00000256157"
"ENSG00000256166",1,"LINC02571"
"ENSG00000256209",1,"ENSG00000256209"
"ENSG00000256221",1,"ENSG00000256221"
"ENSG00000256226",1,"ENSG00000256226"
"ENSG00000256258",1,"ENSG00000256258"
"ENSG00000256259",1,"LINC02425"
"ENSG00000256263",1,"DDX11L8"
"ENSG00000256273",1,"ENSG00000256273"
"ENSG00000256285",1,"OSBPL9P5"
"ENSG00000256286",1,"ENSG00000256286"
"ENSG00000256287",1,"LINC02398"
"ENSG00000256292",1,"LINC02376"
"ENSG00000256293",1,"ATP6V1E1P3"
"ENSG00000256298",1,"ENSG00000256298"
"ENSG00000256310",1,"NDUFA5P6"
"ENSG00000256331",1,"NIFKP3"
"ENSG00000256346",1,"ENSG00000256346"
"ENSG00000256347",1,"OR8R1P"
"ENSG00000256350",1,"ENSG00000256350"
"ENSG00000256355",1,"NTAN1P3"
"ENSG00000256357",1,"ENSG00000256357"
"ENSG00000256358",1,"RPL31P57"
"ENSG00000256371",1,"LRRC34P1"
"ENSG00000256385",1,"UBE2NP1"
"ENSG00000256393",1,"RPL41P5"
"ENSG00000256400",1,"ENSG00000256400"
"ENSG00000256422",1,"LINC02552"
"ENSG00000256441",1,"DNAJB6P5"
"ENSG00000256452",1,"ENSG00000256452"
"ENSG00000256463",1,"SALL3"
"ENSG00000256465",1,"ENSG00000256465"
"ENSG00000256494",1,"LINC02825"
"ENSG00000256496",1,"ENSG00000256496"
"ENSG00000256504",1,"ENSG00000256504"
"ENSG00000256508",1,"MRGPRF-AS1"
"ENSG00000256551",1,"LINC02369"
"ENSG00000256553",1,"TRAV1-2"
"ENSG00000256597",1,"LINC02393"
"ENSG00000256614",1,"AK6P1"
"ENSG00000256630",1,"ENSG00000256630"
"ENSG00000256643",1,"LINC02441"
"ENSG00000256658",1,"ENSG00000256658"
"ENSG00000256672",1,"LINC02455"
"ENSG00000256684",1,"LINC02737"
"ENSG00000256695",1,"ENSG00000256695"
"ENSG00000256699",1,"TMEM132D-AS2"
"ENSG00000256708",1,"ENSG00000256708"
"ENSG00000256713",1,"PGA5"
"ENSG00000256714",1,"ENSG00000256714"
"ENSG00000256717",1,"LINC02698"
"ENSG00000256748",1,"ENSG00000256748"
"ENSG00000256752",1,"HPRT1P3"
"ENSG00000256777",1,"PDCL3P7"
"ENSG00000256811",1,"ENSG00000256811"
"ENSG00000256814",1,"ENSG00000256814"
"ENSG00000256824",1,"ENSG00000256824"
"ENSG00000256835",1,"ENSG00000256835"
"ENSG00000256837",1,"CACNA1C-IT1"
"ENSG00000256847",1,"CCND2P1"
"ENSG00000256862",1,"PARP11-AS1"
"ENSG00000256894",1,"ENSG00000256894"
"ENSG00000256915",1,"ENSG00000256915"
"ENSG00000256963",1,"PPDPFP2"
"ENSG00000256969",1,"ENSG00000256969"
"ENSG00000256971",1,"LINC00508"
"ENSG00000256982",1,"ENSG00000256982"
"ENSG00000256986",1,"ENSG00000256986"
"ENSG00000256987",1,"ENSG00000256987"
"ENSG00000257005",1,"ENSG00000257005"
"ENSG00000257012",1,"ENSG00000257012"
"ENSG00000257021",1,"HSPE1P20"
"ENSG00000257022",1,"ENSG00000257022"
"ENSG00000257025",1,"ENSG00000257025"
"ENSG00000257046",1,"SLCO1B3-SLCO1B7"
"ENSG00000257058",1,"ENSG00000257058"
"ENSG00000257067",1,"LINC02703"
"ENSG00000257083",1,"ENSG00000257083"
"ENSG00000257087",1,"ENSG00000257087"
"ENSG00000257094",1,"ENSG00000257094"
"ENSG00000257109",1,"OR4F28P"
"ENSG00000257113",1,"ENSG00000257113"
"ENSG00000257114",1,"LINC02450"
"ENSG00000257115",1,"OR11H12"
"ENSG00000257124",1,"ENSG00000257124"
"ENSG00000257125",1,"KRT127P"
"ENSG00000257129",1,"ENSG00000257129"
"ENSG00000257137",1,"LINC02874"
"ENSG00000257138",1,"TAS2R38"
"ENSG00000257157",1,"ENSG00000257157"
"ENSG00000257173",1,"AK6P2"
"ENSG00000257198",1,"FAM205BP"
"ENSG00000257199",1,"ENSG00000257199"
"ENSG00000257220",1,"PRXL2AP1"
"ENSG00000257228",1,"ENSG00000257228"
"ENSG00000257230",1,"LINC02448"
"ENSG00000257237",1,"ENSG00000257237"
"ENSG00000257239",1,"ENSG00000257239"
"ENSG00000257242",1,"LINC01619"
"ENSG00000257254",1,"ENSG00000257254"
"ENSG00000257265",1,"ENSG00000257265"
"ENSG00000257268",1,"ENSG00000257268"
"ENSG00000257275",1,"ENSG00000257275"
"ENSG00000257281",1,"ENSG00000257281"
"ENSG00000257287",1,"H3P35"
"ENSG00000257292",1,"ENSG00000257292"
"ENSG00000257300",1,"HAUS8P1"
"ENSG00000257308",1,"ENSG00000257308"
"ENSG00000257323",1,"ENSG00000257323"
"ENSG00000257332",1,"HNRNPA1P69"
"ENSG00000257335",1,"MGAM"
"ENSG00000257336",1,"PRELID2P1"
"ENSG00000257343",1,"ENSG00000257343"
"ENSG00000257389",1,"ENSG00000257389"
"ENSG00000257398",1,"ENSG00000257398"
"ENSG00000257402",1,"KRT126P"
"ENSG00000257404",1,"ENSG00000257404"
"ENSG00000257405",1,"ENSG00000257405"
"ENSG00000257414",1,"OR6C73P"
"ENSG00000257415",1,"ENSG00000257415"
"ENSG00000257432",1,"ENSG00000257432"
"ENSG00000257435",1,"ENSG00000257435"
"ENSG00000257444",1,"SETP7"
"ENSG00000257454",1,"ENSG00000257454"
"ENSG00000257456",1,"ENSG00000257456"
"ENSG00000257458",1,"ENSG00000257458"
"ENSG00000257465",1,"ELOCP32"
"ENSG00000257470",1,"ENSG00000257470"
"ENSG00000257476",1,"LINC02459"
"ENSG00000257488",1,"LINC02354"
"ENSG00000257493",1,"ENSG00000257493"
"ENSG00000257495",1,"KRT73-AS1"
"ENSG00000257496",1,"ENSG00000257496"
"ENSG00000257501",1,"PAFAH1B2P2"
"ENSG00000257503",1,"CYB5AP5"
"ENSG00000257517",1,"ENSG00000257517"
"ENSG00000257519",1,"ENSG00000257519"
"ENSG00000257570",1,"ENSG00000257570"
"ENSG00000257586",1,"ENSG00000257586"
"ENSG00000257587",1,"ENSG00000257587"
"ENSG00000257591",1,"ZNF625"
"ENSG00000257603",1,"ENSG00000257603"
"ENSG00000257604",1,"ENSG00000257604"
"ENSG00000257614",1,"ENSG00000257614"
"ENSG00000257634",1,"ENSG00000257634"
"ENSG00000257635",1,"ENSG00000257635"
"ENSG00000257636",1,"G2E3-AS1"
"ENSG00000257639",1,"ENSG00000257639"
"ENSG00000257648",1,"CYCSP30"
"ENSG00000257662",1,"EIF4A1P12"
"ENSG00000257687",1,"ENSG00000257687"
"ENSG00000257700",1,"ENSG00000257700"
"ENSG00000257703",1,"ENSG00000257703"
"ENSG00000257720",1,"ILF2P2"
"ENSG00000257723",1,"CHCHD3P2"
"ENSG00000257729",1,"ENSG00000257729"
"ENSG00000257746",1,"ENSG00000257746"
"ENSG00000257750",1,"LINC02445"
"ENSG00000257751",1,"ENSG00000257751"
"ENSG00000257757",1,"OR6C7P"
"ENSG00000257766",1,"ENSG00000257766"
"ENSG00000257777",1,"ENSG00000257777"
"ENSG00000257780",1,"GLYCAM1"
"ENSG00000257781",1,"ENSG00000257781"
"ENSG00000257784",1,"LINC02400"
"ENSG00000257797",1,"ENSG00000257797"
"ENSG00000257807",1,"ENSG00000257807"
"ENSG00000257820",1,"MRPS6P4"
"ENSG00000257830",1,"ENSG00000257830"
"ENSG00000257844",1,"KRT90P"
"ENSG00000257845",1,"LINC02294"
"ENSG00000257846",1,"ENSG00000257846"
"ENSG00000257858",1,"MTND1P24"
"ENSG00000257859",1,"CASC18"
"ENSG00000257860",1,"C12orf42-AS1"
"ENSG00000257863",1,"ENSG00000257863"
"ENSG00000257872",1,"ENSG00000257872"
"ENSG00000257906",1,"LINC02156"
"ENSG00000257912",1,"LINC02258"
"ENSG00000257915",1,"GLULP5"
"ENSG00000257921",1,"ENSG00000257921"
"ENSG00000257923",1,"CUX1"
"ENSG00000257924",1,"LINC02416"
"ENSG00000257932",1,"ENSG00000257932"
"ENSG00000257943",1,"ENSG00000257943"
"ENSG00000257955",1,"ENSG00000257955"
"ENSG00000257958",1,"ENSG00000257958"
"ENSG00000257998",1,"ENSG00000257998"
"ENSG00000258016",1,"HIGD1AP1"
"ENSG00000258027",1,"NF1P4"
"ENSG00000258035",1,"ENSG00000258035"
"ENSG00000258039",1,"ENSG00000258039"
"ENSG00000258071",1,"ARL2BPP2"
"ENSG00000258073",1,"ENSG00000258073"
"ENSG00000258082",1,"ENSG00000258082"
"ENSG00000258083",1,"OR9A4"
"ENSG00000258084",1,"ENSG00000258084"
"ENSG00000258091",1,"ENSG00000258091"
"ENSG00000258104",1,"HIGD1AP9"
"ENSG00000258112",1,"CCNG2P1"
"ENSG00000258120",1,"KRT128P"
"ENSG00000258121",1,"ENSG00000258121"
"ENSG00000258125",1,"ENSG00000258125"
"ENSG00000258135",1,"LINC02396"
"ENSG00000258140",1,"ENSG00000258140"
"ENSG00000258148",1,"ENSG00000258148"
"ENSG00000258168",1,"ENSG00000258168"
"ENSG00000258179",1,"ENSG00000258179"
"ENSG00000258184",1,"ENSG00000258184"
"ENSG00000258196",1,"ENSG00000258196"
"ENSG00000258202",1,"ENSG00000258202"
"ENSG00000258203",1,"ENSG00000258203"
"ENSG00000258214",1,"ENSG00000258214"
"ENSG00000258220",1,"LINC02424"
"ENSG00000258223",1,"PRSS58"
"ENSG00000258234",1,"ENSG00000258234"
"ENSG00000258235",1,"ENSG00000258235"
"ENSG00000258239",1,"MTND2P17"
"ENSG00000258251",1,"YPEL5P3"
"ENSG00000258254",1,"ENSG00000258254"
"ENSG00000258272",1,"ENSG00000258272"
"ENSG00000258278",1,"CLUHP8"
"ENSG00000258282",1,"BTF3P2"
"ENSG00000258289",1,"CHURC1"
"ENSG00000258292",1,"LINC02410"
"ENSG00000258304",1,"ENSG00000258304"
"ENSG00000258312",1,"ENSG00000258312"
"ENSG00000258313",1,"ENSG00000258313"
"ENSG00000258332",1,"LINC02394"
"ENSG00000258369",1,"ADI1P3"
"ENSG00000258379",1,"ENSG00000258379"
"ENSG00000258381",1,"ENSG00000258381"
"ENSG00000258383",1,"ENSG00000258383"
"ENSG00000258386",1,"ENSG00000258386"
"ENSG00000258390",1,"LINC02318"
"ENSG00000258406",1,"TUBBP3"
"ENSG00000258407",1,"ENSG00000258407"
"ENSG00000258413",1,"FBXO34-AS1"
"ENSG00000258421",1,"FXNP1"
"ENSG00000258426",1,"ENSG00000258426"
"ENSG00000258436",1,"RNASE12"
"ENSG00000258444",1,"ENSG00000258444"
"ENSG00000258456",1,"PTCD2P1"
"ENSG00000258463",1,"ENSG00000258463"
"ENSG00000258467",1,"PHKBP2"
"ENSG00000258468",1,"OR11G1P"
"ENSG00000258491",1,"ZFP64P1"
"ENSG00000258496",1,"ENSG00000258496"
"ENSG00000258498",1,"DIO3OS"
"ENSG00000258501",1,"EIF3LP1"
"ENSG00000258505",1,"ENSG00000258505"
"ENSG00000258509",1,"ENSG00000258509"
"ENSG00000258511",1,"LINC02295"
"ENSG00000258517",1,"ENSG00000258517"
"ENSG00000258532",1,"LINC02305"
"ENSG00000258538",1,"ENSG00000258538"
"ENSG00000258541",1,"OR4K4P"
"ENSG00000258546",1,"CENPUP2"
"ENSG00000258548",1,"LINC00645"
"ENSG00000258549",1,"ENSG00000258549"
"ENSG00000258553",1,"PCNX4-DT"
"ENSG00000258557",1,"ENSG00000258557"
"ENSG00000258570",1,"H3P40"
"ENSG00000258576",1,"ENSG00000258576"
"ENSG00000258587",1,"METTL5P1"
"ENSG00000258609",1,"LINC-ROR"
"ENSG00000258613",1,"RPL21P7"
"ENSG00000258616",1,"LINC02303"
"ENSG00000258618",1,"RPL21P9"
"ENSG00000258620",1,"ENSG00000258620"
"ENSG00000258627",1,"ENSG00000258627"
"ENSG00000258630",1,"LINC02292"
"ENSG00000258632",1,"ENSG00000258632"
"ENSG00000258638",1,"ENSG00000258638"
"ENSG00000258639",1,"ENSG00000258639"
"ENSG00000258641",1,"OR4T1P"
"ENSG00000258650",1,"HSBP1P1"
"ENSG00000258662",1,"ENSG00000258662"
"ENSG00000258671",1,"ENSG00000258671"
"ENSG00000258673",1,"LINC01397"
"ENSG00000258676",1,"ENSG00000258676"
"ENSG00000258681",1,"ENSG00000258681"
"ENSG00000258698",1,"ENSG00000258698"
"ENSG00000258700",1,"LINC00871"
"ENSG00000258705",1,"ENSG00000258705"
"ENSG00000258706",1,"SLC20A1P3"
"ENSG00000258729",1,"ENSG00000258729"
"ENSG00000258737",1,"SUB1P2"
"ENSG00000258750",1,"ENSG00000258750"
"ENSG00000258754",1,"LINC01579"
"ENSG00000258762",1,"MTND4P33"
"ENSG00000258774",1,"NANOGP7"
"ENSG00000258784",1,"ENSG00000258784"
"ENSG00000258794",1,"DUX4L27"
"ENSG00000258805",1,"ADIPOR1P2"
"ENSG00000258807",1,"ENSG00000258807"
"ENSG00000258810",1,"LINC03058"
"ENSG00000258812",1,"TRAV33"
"ENSG00000258814",1,"LINC02329"
"ENSG00000258817",1,"OR4C13"
"ENSG00000258828",1,"KRT8P2"
"ENSG00000258835",1,"TRAV28"
"ENSG00000258845",1,"ENSG00000258845"
"ENSG00000258850",1,"ENSG00000258850"
"ENSG00000258856",1,"ENSG00000258856"
"ENSG00000258860",1,"ENSG00000258860"
"ENSG00000258863",1,"SETP1"
"ENSG00000258878",1,"ENSG00000258878"
"ENSG00000258881",1,"ENSG00000258881"
"ENSG00000258883",1,"NBEAP4"
"ENSG00000258885",1,"ENSG00000258885"
"ENSG00000258893",1,"SETP2"
"ENSG00000258897",1,"EGLN3-AS1"
"ENSG00000258899",1,"OR4U1P"
"ENSG00000258905",1,"TRAV32"
"ENSG00000258907",1,"PSMB3P1"
"ENSG00000258922",1,"ENSG00000258922"
"ENSG00000258926",1,"ENSG00000258926"
"ENSG00000258927",1,"ENSG00000258927"
"ENSG00000258934",1,"YWHAQP1"
"ENSG00000258945",1,"ENSG00000258945"
"ENSG00000258949",1,"ENSG00000258949"
"ENSG00000258954",1,"ENSG00000258954"
"ENSG00000258956",1,"COX4I1P1"
"ENSG00000258960",1,"FTH1P13"
"ENSG00000258962",1,"ENSG00000258962"
"ENSG00000258965",1,"ENSG00000258965"
"ENSG00000258981",1,"COX5AP2"
"ENSG00000258987",1,"ENSG00000258987"
"ENSG00000258991",1,"DUX4L19"
"ENSG00000258994",1,"LINC02309"
"ENSG00000258996",1,"PPIAP5"
"ENSG00000259008",1,"ENSG00000259008"
"ENSG00000259010",1,"NUP50P1"
"ENSG00000259011",1,"ATP10A-DT"
"ENSG00000259012",1,"MTCYBP27"
"ENSG00000259019",1,"EIF4BP1"
"ENSG00000259021",1,"TPRX1P1"
"ENSG00000259023",1,"LINC00524"
"ENSG00000259025",1,"ENSG00000259025"
"ENSG00000259028",1,"ENSG00000259028"
"ENSG00000259029",1,"DUX4L18"
"ENSG00000259031",1,"ENSG00000259031"
"ENSG00000259037",1,"ENSG00000259037"
"ENSG00000259041",1,"ENSG00000259041"
"ENSG00000259043",1,"BRD7P1"
"ENSG00000259051",1,"HNRNPUP1"
"ENSG00000259057",1,"THRAP3P2"
"ENSG00000259061",1,"ENSG00000259061"
"ENSG00000259072",1,"ENSG00000259072"
"ENSG00000259074",1,"PSMB7P1"
"ENSG00000259076",1,"ENSG00000259076"
"ENSG00000259077",1,"ENSG00000259077"
"ENSG00000259082",1,"LINC02314"
"ENSG00000259084",1,"ENSG00000259084"
"ENSG00000259087",1,"ENSG00000259087"
"ENSG00000259102",1,"SMARCE1P3"
"ENSG00000259110",1,"LINC02304"
"ENSG00000259118",1,"ENSG00000259118"
"ENSG00000259123",1,"ENSG00000259123"
"ENSG00000259136",1,"ENSG00000259136"
"ENSG00000259140",1,"ENSG00000259140"
"ENSG00000259148",1,"YWHAZP1"
"ENSG00000259149",1,"ENSG00000259149"
"ENSG00000259154",1,"DUX4L17"
"ENSG00000259157",1,"ENSG00000259157"
"ENSG00000259160",1,"ENSG00000259160"
"ENSG00000259162",1,"ENSG00000259162"
"ENSG00000259173",1,"ENSG00000259173"
"ENSG00000259178",1,"ENSG00000259178"
"ENSG00000259183",1,"MED28P6"
"ENSG00000259188",1,"ENSG00000259188"
"ENSG00000259194",1,"ENSG00000259194"
"ENSG00000259213",1,"ENSG00000259213"
"ENSG00000259217",1,"ENSG00000259217"
"ENSG00000259231",1,"ENSG00000259231"
"ENSG00000259239",1,"ENSG00000259239"
"ENSG00000259245",1,"LINC02853"
"ENSG00000259265",1,"ENSG00000259265"
"ENSG00000259267",1,"LINC02622"
"ENSG00000259269",1,"ENSG00000259269"
"ENSG00000259271",1,"ANKRD62P1"
"ENSG00000259282",1,"SPATA8-AS1"
"ENSG00000259283",1,"ENSG00000259283"
"ENSG00000259309",1,"ENSG00000259309"
"ENSG00000259315",1,"ACTG1P17"
"ENSG00000259316",1,"ENSG00000259316"
"ENSG00000259317",1,"ENSG00000259317"
"ENSG00000259324",1,"OR11K1BP"
"ENSG00000259339",1,"TGIF1P1"
"ENSG00000259340",1,"ENSG00000259340"
"ENSG00000259346",1,"ENSG00000259346"
"ENSG00000259347",1,"ENSG00000259347"
"ENSG00000259350",1,"ENSG00000259350"
"ENSG00000259361",1,"LINC00927"
"ENSG00000259369",1,"ENSG00000259369"
"ENSG00000259379",1,"MTND5P32"
"ENSG00000259413",1,"ENSG00000259413"
"ENSG00000259434",1,"ENSG00000259434"
"ENSG00000259446",1,"RYR3-DT"
"ENSG00000259447",1,"ENSG00000259447"
"ENSG00000259452",1,"ENSG00000259452"
"ENSG00000259457",1,"ENSG00000259457"
"ENSG00000259464",1,"SNRPCP18"
"ENSG00000259485",1,"LINC02253"
"ENSG00000259493",1,"TFDP1P3"
"ENSG00000259496",1,"GEMIN8P1"
"ENSG00000259503",1,"ENSG00000259503"
"ENSG00000259508",1,"ENSG00000259508"
"ENSG00000259516",1,"ANP32AP1"
"ENSG00000259518",1,"LINC01583"
"ENSG00000259530",1,"ENSG00000259530"
"ENSG00000259533",1,"ENSG00000259533"
"ENSG00000259534",1,"ENSG00000259534"
"ENSG00000259560",1,"ENSG00000259560"
"ENSG00000259600",1,"ENSG00000259600"
"ENSG00000259608",1,"ENSG00000259608"
"ENSG00000259622",1,"ENSG00000259622"
"ENSG00000259624",1,"ENSG00000259624"
"ENSG00000259639",1,"ENSG00000259639"
"ENSG00000259664",1,"LINC02254"
"ENSG00000259672",1,"ENSG00000259672"
"ENSG00000259673",1,"IQCH-AS1"
"ENSG00000259702",1,"ENSG00000259702"
"ENSG00000259708",1,"DNAJA4-DT"
"ENSG00000259731",1,"ENSG00000259731"
"ENSG00000259737",1,"ENSG00000259737"
"ENSG00000259742",1,"ENSG00000259742"
"ENSG00000259750",1,"NSA2P4"
"ENSG00000259757",1,"ENSG00000259757"
"ENSG00000259769",1,"ENSG00000259769"
"ENSG00000259779",1,"LINC01922"
"ENSG00000259789",1,"ENSG00000259789"
"ENSG00000259791",1,"ENSG00000259791"
"ENSG00000259819",1,"ENSG00000259819"
"ENSG00000259827",1,"ENSG00000259827"
"ENSG00000259836",1,"AGGF1P6"
"ENSG00000259841",1,"LINC01566"
"ENSG00000259842",1,"IGHV3OR16-16"
"ENSG00000259844",1,"GNPATP"
"ENSG00000259854",1,"LINC02956"
"ENSG00000259861",1,"ENSG00000259861"
"ENSG00000259862",1,"ENSG00000259862"
"ENSG00000259870",1,"ENSG00000259870"
"ENSG00000259873",1,"ENSG00000259873"
"ENSG00000259878",1,"ENSG00000259878"
"ENSG00000259882",1,"ENSG00000259882"
"ENSG00000259897",1,"FRG2JP"
"ENSG00000259916",1,"AQP7B"
"ENSG00000259925",1,"ENSG00000259925"
"ENSG00000259944",1,"CDRT7"
"ENSG00000259962",1,"ENSG00000259962"
"ENSG00000259967",1,"ENSG00000259967"
"ENSG00000259979",1,"VN1R68P"
"ENSG00000259981",1,"ENSG00000259981"
"ENSG00000260003",1,"ENSG00000260003"
"ENSG00000260004",1,"ENSG00000260004"
"ENSG00000260007",1,"ENSG00000260007"
"ENSG00000260009",1,"LINC02130"
"ENSG00000260010",1,"KRBOX5P1"
"ENSG00000260041",1,"ENSG00000260041"
"ENSG00000260058",1,"ENSG00000260058"
"ENSG00000260064",1,"ENSG00000260064"
"ENSG00000260067",1,"MTND4LP25"
"ENSG00000260068",1,"ENSG00000260068"
"ENSG00000260078",1,"MPHOSPH10P1"
"ENSG00000260094",1,"LINC00564"
"ENSG00000260102",1,"LINC01070"
"ENSG00000260109",1,"ENSG00000260109"
"ENSG00000260133",1,"CA5AP1"
"ENSG00000260141",1,"ENSG00000260141"
"ENSG00000260147",1,"MTND5P34"
"ENSG00000260165",1,"ENSG00000260165"
"ENSG00000260172",1,"LINC01413"
"ENSG00000260183",1,"ENSG00000260183"
"ENSG00000260188",1,"ENSG00000260188"
"ENSG00000260202",1,"ENSG00000260202"
"ENSG00000260217",1,"ENSG00000260217"
"ENSG00000260218",1,"ENSG00000260218"
"ENSG00000260223",1,"ENSG00000260223"
"ENSG00000260228",1,"CDH13-AS2"
"ENSG00000260234",1,"ENSG00000260234"
"ENSG00000260237",1,"ENSG00000260237"
"ENSG00000260239",1,"LINC02533"
"ENSG00000260240",1,"APOOP5"
"ENSG00000260247",1,"SUB1P4"
"ENSG00000260251",1,"ENSG00000260251"
"ENSG00000260256",1,"ENSG00000260256"
"ENSG00000260264",1,"LINC02194"
"ENSG00000260268",1,"LINC00919"
"ENSG00000260271",1,"ENSG00000260271"
"ENSG00000260275",1,"ENSG00000260275"
"ENSG00000260288",1,"ENSG00000260288"
"ENSG00000260289",1,"ENSG00000260289"
"ENSG00000260291",1,"FRG2GP"
"ENSG00000260302",1,"LINC01882"
"ENSG00000260328",1,"ENSG00000260328"
"ENSG00000260341",1,"C2orf69P2"
"ENSG00000260379",1,"ENSG00000260379"
"ENSG00000260389",1,"WBP11P1"
"ENSG00000260392",1,"ENSG00000260392"
"ENSG00000260393",1,"ENSG00000260393"
"ENSG00000260406",1,"ENSG00000260406"
"ENSG00000260416",1,"ENSG00000260416"
"ENSG00000260420",1,"LINC02182"
"ENSG00000260425",1,"ENSG00000260425"
"ENSG00000260427",1,"AGGF1P9"
"ENSG00000260431",1,"VPS51P1"
"ENSG00000260438",1,"MTCH2P3"
"ENSG00000260457",1,"ENSG00000260457"
"ENSG00000260472",1,"ENSG00000260472"
"ENSG00000260476",1,"ENSG00000260476"
"ENSG00000260478",1,"ENSG00000260478"
"ENSG00000260480",1,"C2orf69P4"
"ENSG00000260487",1,"ENSG00000260487"
"ENSG00000260504",1,"ENSG00000260504"
"ENSG00000260514",1,"ENSG00000260514"
"ENSG00000260524",1,"CYP3A52P"
"ENSG00000260541",1,"ENSG00000260541"
"ENSG00000260569",1,"ENSG00000260569"
"ENSG00000260570",1,"ENSG00000260570"
"ENSG00000260573",1,"ENSG00000260573"
"ENSG00000260574",1,"ENSG00000260574"
"ENSG00000260584",1,"ENSG00000260584"
"ENSG00000260594",1,"ENSG00000260594"
"ENSG00000260598",1,"FRG2IP"
"ENSG00000260599",1,"ENSG00000260599"
"ENSG00000260605",1,"ENSG00000260605"
"ENSG00000260628",1,"ENSG00000260628"
"ENSG00000260629",1,"BGLT3"
"ENSG00000260631",1,"RBM22P12"
"ENSG00000260658",1,"ENSG00000260658"
"ENSG00000260671",1,"ENSG00000260671"
"ENSG00000260673",1,"ENSG00000260673"
"ENSG00000260676",1,"LINC01541"
"ENSG00000260679",1,"ENSG00000260679"
"ENSG00000260680",1,"AGGF1P5"
"ENSG00000260702",1,"ENSG00000260702"
"ENSG00000260720",1,"LINC01243"
"ENSG00000260721",1,"ENSG00000260721"
"ENSG00000260722",1,"VN1R67P"
"ENSG00000260724",1,"VN1R69P"
"ENSG00000260726",1,"KLF8P1"
"ENSG00000260731",1,"KRT8P22"
"ENSG00000260735",1,"ENSG00000260735"
"ENSG00000260741",1,"ENSG00000260741"
"ENSG00000260756",1,"ENSG00000260756"
"ENSG00000260759",1,"ENSG00000260759"
"ENSG00000260811",1,"OR4C45"
"ENSG00000260812",1,"RARRES2P7"
"ENSG00000260846",1,"FRG2HP"
"ENSG00000260859",1,"ENSG00000260859"
"ENSG00000260861",1,"ENSG00000260861"
"ENSG00000260866",1,"ENSG00000260866"
"ENSG00000260867",1,"ENSG00000260867"
"ENSG00000260877",1,"ENSG00000260877"
"ENSG00000260883",1,"VN1R65P"
"ENSG00000260887",1,"CASC22"
"ENSG00000260889",1,"CKBP1"
"ENSG00000260902",1,"LINC02011"
"ENSG00000260909",1,"ENSG00000260909"
"ENSG00000260913",1,"LINC01254"
"ENSG00000260933",1,"ENSG00000260933"
"ENSG00000260937",1,"ENSG00000260937"
"ENSG00000260943",1,"LINC02555"
"ENSG00000260945",1,"ENSG00000260945"
"ENSG00000260965",1,"RPL23AP91"
"ENSG00000260967",1,"RARRES2P5"
"ENSG00000260973",1,"ENSG00000260973"
"ENSG00000260983",1,"ENSG00000260983"
"ENSG00000260994",1,"AGGF1P7"
"ENSG00000260995",1,"ENSG00000260995"
"ENSG00000261007",1,"NPM1P3"
"ENSG00000261010",1,"RARRES2P6"
"ENSG00000261012",1,"ENSG00000261012"
"ENSG00000261017",1,"ENSG00000261017"
"ENSG00000261018",1,"ENSG00000261018"
"ENSG00000261020",1,"ENSG00000261020"
"ENSG00000261035",1,"ENSG00000261035"
"ENSG00000261036",1,"ENSG00000261036"
"ENSG00000261039",1,"LINC02544"
"ENSG00000261040",1,"WFDC21P"
"ENSG00000261046",1,"C2orf69P1"
"ENSG00000261049",1,"ENSG00000261049"
"ENSG00000261057",1,"LINC00555"
"ENSG00000261063",1,"ENSG00000261063"
"ENSG00000261075",1,"LINC01195"
"ENSG00000261076",1,"ENSG00000261076"
"ENSG00000261078",1,"ENSG00000261078"
"ENSG00000261082",1,"LINC01228"
"ENSG00000261083",1,"LINC02516"
"ENSG00000261090",1,"ENSG00000261090"
"ENSG00000261122",1,"LINC02167"
"ENSG00000261146",1,"ENSG00000261146"
"ENSG00000261151",1,"ENSG00000261151"
"ENSG00000261154",1,"LINC02131"
"ENSG00000261156",1,"LINC01989"
"ENSG00000261161",1,"ENSG00000261161"
"ENSG00000261172",1,"ENSG00000261172"
"ENSG00000261178",1,"ENSG00000261178"
"ENSG00000261182",1,"ENSG00000261182"
"ENSG00000261192",1,"RNF126P1"
"ENSG00000261197",1,"ENSG00000261197"
"ENSG00000261209",1,"SULT1C2P2"
"ENSG00000261222",1,"ENSG00000261222"
"ENSG00000261227",1,"ENSG00000261227"
"ENSG00000261241",1,"LINC02128"
"ENSG00000261245",1,"ENSG00000261245"
"ENSG00000261249",1,"LINC01751"
"ENSG00000261274",1,"TP53TG3GP"
"ENSG00000261281",1,"ENSG00000261281"
"ENSG00000261282",1,"SOD1P2"
"ENSG00000261284",1,"RBM22P13"
"ENSG00000261290",1,"CYP4A44P"
"ENSG00000261294",1,"ENSG00000261294"
"ENSG00000261296",1,"ENSG00000261296"
"ENSG00000261299",1,"C2orf69P3"
"ENSG00000261307",1,"ENSG00000261307"
"ENSG00000261316",1,"LINC01834"
"ENSG00000261319",1,"LINC02152"
"ENSG00000261327",1,"ENSG00000261327"
"ENSG00000261346",1,"ENSG00000261346"
"ENSG00000261347",1,"ENSG00000261347"
"ENSG00000261356",1,"ENSG00000261356"
"ENSG00000261362",1,"ENSG00000261362"
"ENSG00000261368",1,"ENSG00000261368"
"ENSG00000261371",1,"PECAM1"
"ENSG00000261376",1,"ENSG00000261376"
"ENSG00000261392",1,"ENSG00000261392"
"ENSG00000261398",1,"ENSG00000261398"
"ENSG00000261416",1,"CORO1A-AS1"
"ENSG00000261419",1,"PLA2G10DP"
"ENSG00000261421",1,"ENSG00000261421"
"ENSG00000261427",1,"ENSG00000261427"
"ENSG00000261429",1,"DPPA2P4"
"ENSG00000261436",1,"ENSG00000261436"
"ENSG00000261445",1,"ENSG00000261445"
"ENSG00000261457",1,"ENSG00000261457"
"ENSG00000261458",1,"ENSG00000261458"
"ENSG00000261461",1,"UBE2MP1"
"ENSG00000261486",1,"RARRES2P9"
"ENSG00000261498",1,"LINC00566"
"ENSG00000261502",1,"ENSG00000261502"
"ENSG00000261515",1,"VN1R70P"
"ENSG00000261540",1,"ENSG00000261540"
"ENSG00000261541",1,"ENSG00000261541"
"ENSG00000261587",1,"TMEM249"
"ENSG00000261593",1,"CYP4A27P"
"ENSG00000261608",1,"SLC25A1P4"
"ENSG00000261614",1,"YBX3P1"
"ENSG00000261615",1,"LINC01858"
"ENSG00000261617",1,"LINC02177"
"ENSG00000261620",1,"HMGN2P41"
"ENSG00000261633",1,"ENSG00000261633"
"ENSG00000261637",1,"LINC02127"
"ENSG00000261645",1,"DISC1FP1"
"ENSG00000261648",1,"ENSG00000261648"
"ENSG00000261650",1,"ENSG00000261650"
"ENSG00000261651",1,"ENSG00000261651"
"ENSG00000261656",1,"BEAN1-AS1"
"ENSG00000261679",1,"ATP5PDP1"
"ENSG00000261691",1,"ENSG00000261691"
"ENSG00000261696",1,"ENSG00000261696"
"ENSG00000261711",1,"FRG2DP"
"ENSG00000261713",1,"SSTR5-AS1"
"ENSG00000261715",1,"LINC01477"
"ENSG00000261725",1,"ENSG00000261725"
"ENSG00000261727",1,"ENSG00000261727"
"ENSG00000261743",1,"ENSG00000261743"
"ENSG00000261748",1,"SPRING1P3"
"ENSG00000261751",1,"ENSG00000261751"
"ENSG00000261752",1,"AGGF1P8"
"ENSG00000261776",1,"ENSG00000261776"
"ENSG00000261782",1,"ENSG00000261782"
"ENSG00000261803",1,"LINC02140"
"ENSG00000261811",1,"LINC02164"
"ENSG00000261817",1,"ENSG00000261817"
"ENSG00000261818",1,"ENSG00000261818"
"ENSG00000261820",1,"DNM1P49"
"ENSG00000261835",1,"ENSG00000261835"
"ENSG00000261856",1,"LINC02186"
"ENSG00000261873",1,"SMIM36"
"ENSG00000262061",1,"RPH3AL-AS1"
"ENSG00000262081",1,"IL9RP4"
"ENSG00000262097",1,"LINC02185"
"ENSG00000262116",1,"ENSG00000262116"
"ENSG00000262117",1,"BCAR4"
"ENSG00000262135",1,"GARS1P1"
"ENSG00000262141",1,"ENSG00000262141"
"ENSG00000262198",1,"ENSG00000262198"
"ENSG00000262209",1,"PCDHGB3"
"ENSG00000262213",1,"ENSG00000262213"
"ENSG00000262223",1,"LINC03048"
"ENSG00000262259",1,"MTND4LP24"
"ENSG00000262352",1,"LINC02564"
"ENSG00000262366",1,"NDUFA3P6"
"ENSG00000262384",1,"ENSG00000262384"
"ENSG00000262406",1,"MMP12"
"ENSG00000262456",1,"ENSG00000262456"
"ENSG00000262468",1,"LINC01569"
"ENSG00000262495",1,"ENSG00000262495"
"ENSG00000262518",1,"ENSG00000262518"
"ENSG00000262566",1,"ENSG00000262566"
"ENSG00000262609",1,"BTF3P14"
"ENSG00000262818",1,"ENSG00000262818"
"ENSG00000262870",1,"CYCSP40"
"ENSG00000262879",1,"ENSG00000262879"
"ENSG00000262898",1,"ENSG00000262898"
"ENSG00000262943",1,"ALOX12P2"
"ENSG00000262950",1,"ENSG00000262950"
"ENSG00000262961",1,"ENSG00000262961"
"ENSG00000262962",1,"KARS1P3"
"ENSG00000262983",1,"ENSG00000262983"
"ENSG00000263045",1,"ENSG00000263045"
"ENSG00000263072",1,"ZNF213-AS1"
"ENSG00000263098",1,"ENSG00000263098"
"ENSG00000263107",1,"ENSG00000263107"
"ENSG00000263110",1,"ENSG00000263110"
"ENSG00000263125",1,"ARL2BPP8"
"ENSG00000263159",1,"ENSG00000263159"
"ENSG00000263196",1,"MTND3P13"
"ENSG00000263199",1,"ENSG00000263199"
"ENSG00000263206",1,"KYNUP3"
"ENSG00000263252",1,"ENSG00000263252"
"ENSG00000263253",1,"ENSG00000263253"
"ENSG00000263279",1,"ENSG00000263279"
"ENSG00000263343",1,"ENSG00000263343"
"ENSG00000263354",1,"MIR5011"
"ENSG00000263355",1,"AKR1B10P2"
"ENSG00000263369",1,"ENSG00000263369"
"ENSG00000263375",1,"ENSG00000263375"
"ENSG00000263396",1,"ENSG00000263396"
"ENSG00000263399",1,"MIR3170"
"ENSG00000263405",1,"PA2G4P3"
"ENSG00000263407",1,"MIR4660"
"ENSG00000263409",1,"MIR4747"
"ENSG00000263433",1,"ENSG00000263433"
"ENSG00000263436",1,"MIR3158-1"
"ENSG00000263439",1,"MIR4753"
"ENSG00000263453",1,"ENSG00000263453"
"ENSG00000263458",1,"MIR4455"
"ENSG00000263460",1,"BOD1P1"
"ENSG00000263479",1,"RN7SL509P"
"ENSG00000263483",1,"MTATP6P3"
"ENSG00000263485",1,"ENSG00000263485"
"ENSG00000263490",1,"RN7SL155P"
"ENSG00000263503",1,"MAPK8IP1P2"
"ENSG00000263527",1,"MIR4526"
"ENSG00000263556",1,"RN7SL383P"
"ENSG00000263572",1,"MIR7853"
"ENSG00000263581",1,"MIR548X2"
"ENSG00000263583",1,"MIR4522"
"ENSG00000263593",1,"MIR4804"
"ENSG00000263604",1,"ENSG00000263604"
"ENSG00000263622",1,"ENSG00000263622"
"ENSG00000263629",1,"MIR5586"
"ENSG00000263634",1,"MIR3919"
"ENSG00000263643",1,"MIR4515"
"ENSG00000263676",1,"MIR4632"
"ENSG00000263682",1,"ENSG00000263682"
"ENSG00000263690",1,"MIR548D2"
"ENSG00000263693",1,"MIR3161"
"ENSG00000263725",1,"FTLP13"
"ENSG00000263742",1,"MIR3165"
"ENSG00000263745",1,"ENSG00000263745"
"ENSG00000263746",1,"MIR4277"
"ENSG00000263748",1,"EXOGP1"
"ENSG00000263762",1,"MIR4286"
"ENSG00000263776",1,"SNORA4"
"ENSG00000263783",1,"MIR5590"
"ENSG00000263788",1,"ENSG00000263788"
"ENSG00000263790",1,"MIR4473"
"ENSG00000263800",1,"MIR5684"
"ENSG00000263816",1,"MIR548AW"
"ENSG00000263834",1,"MIR4635"
"ENSG00000263870",1,"ENSG00000263870"
"ENSG00000263882",1,"RN7SL774P"
"ENSG00000263944",1,"RN7SL435P"
"ENSG00000263961",1,"RHEX"
"ENSG00000263973",1,"MIR4760"
"ENSG00000263988",1,"RN7SL147P"
"ENSG00000263993",1,"RN7SL786P"
"ENSG00000264012",1,"ENSG00000264012"
"ENSG00000264029",1,"ENSG00000264029"
"ENSG00000264030",1,"RN7SL66P"
"ENSG00000264037",1,"MIR4472-2"
"ENSG00000264040",1,"ENSG00000264040"
"ENSG00000264054",1,"RPL31P9"
"ENSG00000264056",1,"MIR5685"
"ENSG00000264066",1,"ENSG00000264066"
"ENSG00000264067",1,"ENSG00000264067"
"ENSG00000264069",1,"MIR3943"
"ENSG00000264084",1,"MIR5688"
"ENSG00000264093",1,"ENSG00000264093"
"ENSG00000264101",1,"MIR4689"
"ENSG00000264104",1,"ENSG00000264104"
"ENSG00000264105",1,"MIR3688-1"
"ENSG00000264108",1,"ENSG00000264108"
"ENSG00000264115",1,"MIR3180-4"
"ENSG00000264119",1,"MIR4795"
"ENSG00000264131",1,"ENSG00000264131"
"ENSG00000264138",1,"ENSG00000264138"
"ENSG00000264141",1,"MIR3928"
"ENSG00000264157",1,"MIR3127"
"ENSG00000264158",1,"MIR4670"
"ENSG00000264160",1,"MIR4762"
"ENSG00000264168",1,"MTND1P15"
"ENSG00000264171",1,"MIR4305"
"ENSG00000264172",1,"PDLIM1P3"
"ENSG00000264179",1,"ENSG00000264179"
"ENSG00000264189",1,"AIDAP3"
"ENSG00000264193",1,"ENSG00000264193"
"ENSG00000264211",1,"MIR4492"
"ENSG00000264236",1,"ENSG00000264236"
"ENSG00000264245",1,"ENSG00000264245"
"ENSG00000264249",1,"MIR3912"
"ENSG00000264260",1,"LINC01893"
"ENSG00000264262",1,"ENSG00000264262"
"ENSG00000264266",1,"MIR4322"
"ENSG00000264271",1,"RN7SL488P"
"ENSG00000264274",1,"MIR4799"
"ENSG00000264289",1,"ENSG00000264289"
"ENSG00000264309",1,"MIR4694"
"ENSG00000264315",1,"HNRNPA1P11"
"ENSG00000264316",1,"MTCO3P13"
"ENSG00000264319",1,"MIR4801"
"ENSG00000264334",1,"ENSG00000264334"
"ENSG00000264339",1,"ENSG00000264339"
"ENSG00000264342",1,"MIR3660"
"ENSG00000264343",1,"NOTCH2NLA"
"ENSG00000264388",1,"ENSG00000264388"
"ENSG00000264397",1,"MIR3180-5"
"ENSG00000264405",1,"MIR3913-1"
"ENSG00000264408",1,"MIR4470"
"ENSG00000264422",1,"ENSG00000264422"
"ENSG00000264431",1,"ENSG00000264431"
"ENSG00000264449",1,"ENSG00000264449"
"ENSG00000264468",1,"MIR4520-1"
"ENSG00000264539",1,"MIR548AR"
"ENSG00000264559",1,"MIR3162"
"ENSG00000264563",1,"MIR4633"
"ENSG00000264566",1,"MIR23C"
"ENSG00000264571",1,"MIR4529"
"ENSG00000264572",1,"MIR4296"
"ENSG00000264614",1,"MIR5588"
"ENSG00000264621",1,"MIR5591"
"ENSG00000264623",1,"MIR4796"
"ENSG00000264634",1,"ENSG00000264634"
"ENSG00000264644",1,"KRT18P8"
"ENSG00000264663",1,"KRT8P34"
"ENSG00000264675",1,"MIR4285"
"ENSG00000264678",1,"MIR3140"
"ENSG00000264685",1,"PRPF19P1"
"ENSG00000264695",1,"ENSG00000264695"
"ENSG00000264698",1,"MIR4255"
"ENSG00000264699",1,"LINC01912"
"ENSG00000264734",1,"ENSG00000264734"
"ENSG00000264737",1,"MIR4511"
"ENSG00000264741",1,"MIR4505"
"ENSG00000264763",1,"MIR4295"
"ENSG00000264764",1,"MIR4772"
"ENSG00000264773",1,"MIR4420"
"ENSG00000264792",1,"MIR4637"
"ENSG00000264802",1,"MIR5191"
"ENSG00000264803",1,"MIR378C"
"ENSG00000264825",1,"ENSG00000264825"
"ENSG00000264837",1,"VN1R71P"
"ENSG00000264857",1,"MIR5696"
"ENSG00000264859",1,"DSG2-AS1"
"ENSG00000264864",1,"MIR3613"
"ENSG00000264879",1,"RN7SL690P"
"ENSG00000264897",1,"MIR3921"
"ENSG00000264901",1,"MIR3616"
"ENSG00000264907",1,"PRELID3BP3"
"ENSG00000264926",1,"MIR378F"
"ENSG00000264930",1,"ENSG00000264930"
"ENSG00000264933",1,"RN7SL190P"
"ENSG00000264956",1,"ENSG00000264956"
"ENSG00000264986",1,"MIR5092"
"ENSG00000264990",1,"ENSG00000264990"
"ENSG00000265005",1,"MIR548W"
"ENSG00000265014",1,"MIR3160-1"
"ENSG00000265019",1,"NCOR1P2"
"ENSG00000265041",1,"ENSG00000265041"
"ENSG00000265046",1,"ENSG00000265046"
"ENSG00000265083",1,"MIR3691"
"ENSG00000265094",1,"ENSG00000265094"
"ENSG00000265096",1,"C1QTNF1-AS1"
"ENSG00000265101",1,"ENSG00000265101"
"ENSG00000265112",1,"MIR3153"
"ENSG00000265118",1,"ENSG00000265118"
"ENSG00000265121",1,"ENSG00000265121"
"ENSG00000265141",1,"RN7SL451P"
"ENSG00000265148",1,"TSPOAP1-AS1"
"ENSG00000265154",1,"MIR151B"
"ENSG00000265165",1,"MIR4307"
"ENSG00000265190",1,"ANXA8"
"ENSG00000265201",1,"MIR4677"
"ENSG00000265213",1,"MIR3684"
"ENSG00000265218",1,"ENSG00000265218"
"ENSG00000265226",1,"MIR548AI"
"ENSG00000265233",1,"ENSG00000265233"
"ENSG00000265237",1,"MIR3142"
"ENSG00000265251",1,"MIR4288"
"ENSG00000265291",1,"MIR4710"
"ENSG00000265301",1,"MIR548AD"
"ENSG00000265315",1,"RN7SL199P"
"ENSG00000265319",1,"RN7SL847P"
"ENSG00000265327",1,"RN7SL411P"
"ENSG00000265340",1,"OR4K7P"
"ENSG00000265357",1,"MIR4493"
"ENSG00000265386",1,"RN7SL219P"
"ENSG00000265400",1,"ENSG00000265400"
"ENSG00000265402",1,"RSL24D1P9"
"ENSG00000265420",1,"MIR4779"
"ENSG00000265423",1,"MIR4652"
"ENSG00000265429",1,"MIR4782"
"ENSG00000265444",1,"MIR4733"
"ENSG00000265462",1,"MIR3680-1"
"ENSG00000265472",1,"FAM32DP"
"ENSG00000265484",1,"ENSG00000265484"
"ENSG00000265486",1,"RN7SL518P"
"ENSG00000265499",1,"MIR3156-2"
"ENSG00000265510",1,"MIR4436A"
"ENSG00000265535",1,"RN7SL475P"
"ENSG00000265541",1,"H3P41"
"ENSG00000265544",1,"AA06"
"ENSG00000265554",1,"ENSG00000265554"
"ENSG00000265564",1,"PIGPP4"
"ENSG00000265565",1,"MIR3143"
"ENSG00000265598",1,"MIR5707"
"ENSG00000265614",1,"ENSG00000265614"
"ENSG00000265635",1,"MIR3612"
"ENSG00000265641",1,"MIR3929"
"ENSG00000265669",1,"MIR548AJ1"
"ENSG00000265670",1,"ENSG00000265670"
"ENSG00000265690",1,"ENSG00000265690"
"ENSG00000265702",1,"ENSG00000265702"
"ENSG00000265706",1,"SNORD53B"
"ENSG00000265712",1,"ENSG00000265712"
"ENSG00000265719",1,"MIR4681"
"ENSG00000265737",1,"ENSG00000265737"
"ENSG00000265758",1,"LINC01900"
"ENSG00000265766",1,"CXADRP3"
"ENSG00000265768",1,"MIR4506"
"ENSG00000265781",1,"ENSG00000265781"
"ENSG00000265788",1,"NOS2P1"
"ENSG00000265806",1,"MIR4292"
"ENSG00000265813",1,"RN7SL300P"
"ENSG00000265820",1,"MIR3177"
"ENSG00000265828",1,"MIR3939"
"ENSG00000265836",1,"CCND3P2"
"ENSG00000265844",1,"ENSG00000265844"
"ENSG00000265846",1,"MIR4276"
"ENSG00000265848",1,"MIR3689D1"
"ENSG00000265850",1,"MIR4797"
"ENSG00000265867",1,"MIR4516"
"ENSG00000265878",1,"MIR3914-1"
"ENSG00000265894",1,"RN7SL357P"
"ENSG00000265902",1,"MIR4696"
"ENSG00000265916",1,"ENSG00000265916"
"ENSG00000265934",1,"ARL2BPP1"
"ENSG00000265935",1,"ENSG00000265935"
"ENSG00000265961",1,"Y_RNA"
"ENSG00000265976",1,"MIR4725"
"ENSG00000265980",1,"ENSG00000265980"
"ENSG00000265995",1,"ENSG00000265995"
"ENSG00000265996",1,"MIR3671"
"ENSG00000266042",1,"ENSG00000266042"
"ENSG00000266059",1,"RN7SL140P"
"ENSG00000266063",1,"MIR4771-2"
"ENSG00000266065",1,"ENSG00000266065"
"ENSG00000266078",1,"MIR4432"
"ENSG00000266088",1,"ENSG00000266088"
"ENSG00000266101",1,"ENSG00000266101"
"ENSG00000266102",1,"ENSG00000266102"
"ENSG00000266105",1,"ENSG00000266105"
"ENSG00000266106",1,"ENSG00000266106"
"ENSG00000266109",1,"MIR4440"
"ENSG00000266124",1,"MIR5587"
"ENSG00000266140",1,"MIR4533"
"ENSG00000266153",1,"ENSG00000266153"
"ENSG00000266158",1,"RN7SL785P"
"ENSG00000266166",1,"RN7SL557P"
"ENSG00000266179",1,"ENSG00000266179"
"ENSG00000266181",1,"EIF4A3P1"
"ENSG00000266185",1,"RN7SL804P"
"ENSG00000266200",1,"PNLIPRP2"
"ENSG00000266211",1,"MIR3156-3"
"ENSG00000266215",1,"MIR3167"
"ENSG00000266226",1,"MIR4323"
"ENSG00000266227",1,"NPM1P2"
"ENSG00000266232",1,"MIR3178"
"ENSG00000266242",1,"GRAMD4P7"
"ENSG00000266273",1,"ENSG00000266273"
"ENSG00000266276",1,"MIR4743"
"ENSG00000266283",1,"ENSG00000266283"
"ENSG00000266296",1,"ARIH2P1"
"ENSG00000266302",1,"ENSG00000266302"
"ENSG00000266305",1,"MIR4518"
"ENSG00000266307",1,"MIR5093"
"ENSG00000266312",1,"LINC01927"
"ENSG00000266315",1,"MIR4668"
"ENSG00000266320",1,"MIR3909"
"ENSG00000266329",1,"MIR4281"
"ENSG00000266370",1,"MIR3657"
"ENSG00000266402",1,"SNHG25"
"ENSG00000266407",1,"MIR3157"
"ENSG00000266415",1,"MIR4636"
"ENSG00000266426",1,"MIR4719"
"ENSG00000266448",1,"ENSG00000266448"
"ENSG00000266449",1,"MIR3713"
"ENSG00000266450",1,"ENSG00000266450"
"ENSG00000266466",1,"ENSG00000266466"
"ENSG00000266489",1,"ENSG00000266489"
"ENSG00000266505",1,"ENSG00000266505"
"ENSG00000266517",1,"MIR4715"
"ENSG00000266522",1,"ENSG00000266522"
"ENSG00000266529",1,"MTCYBP13"
"ENSG00000266533",1,"MIR3619"
"ENSG00000266554",1,"LINC01443"
"ENSG00000266559",1,"MIR4530"
"ENSG00000266583",1,"MIR4478"
"ENSG00000266593",1,"MIR4713"
"ENSG00000266594",1,"MIR4766"
"ENSG00000266604",1,"LINC01887"
"ENSG00000266627",1,"RN7SL202P"
"ENSG00000266648",1,"SETP3"
"ENSG00000266655",1,"MIR3908"
"ENSG00000266666",1,"MIR4325"
"ENSG00000266673",1,"ENSG00000266673"
"ENSG00000266677",1,"ENSG00000266677"
"ENSG00000266693",1,"OR4K8P"
"ENSG00000266703",1,"MIR4490"
"ENSG00000266707",1,"PSMD7P1"
"ENSG00000266710",1,"RN7SL48P"
"ENSG00000266714",1,"MYO15B"
"ENSG00000266719",1,"MIR4676"
"ENSG00000266720",1,"RN7SL14P"
"ENSG00000266736",1,"GTF2IP6"
"ENSG00000266743",1,"ENSG00000266743"
"ENSG00000266750",1,"MIR4645"
"ENSG00000266756",1,"MIR5680"
"ENSG00000266761",1,"MIR3194"
"ENSG00000266774",1,"ENSG00000266774"
"ENSG00000266782",1,"MIR3663"
"ENSG00000266802",1,"ENSG00000266802"
"ENSG00000266808",1,"MIR548AE1"
"ENSG00000266826",1,"IGBP1C"
"ENSG00000266877",1,"ENSG00000266877"
"ENSG00000266885",1,"ENSG00000266885"
"ENSG00000266899",1,"AKR1B1P7"
"ENSG00000266906",1,"ENSG00000266906"
"ENSG00000266924",1,"ENSG00000266924"
"ENSG00000266928",1,"ENSG00000266928"
"ENSG00000266938",1,"ENSG00000266938"
"ENSG00000266943",1,"RPSAP66"
"ENSG00000266952",1,"LINC01538"
"ENSG00000266959",1,"ENSG00000266959"
"ENSG00000267004",1,"ENSG00000267004"
"ENSG00000267027",1,"ENSG00000267027"
"ENSG00000267035",1,"ENSG00000267035"
"ENSG00000267036",1,"ENSG00000267036"
"ENSG00000267046",1,"E2F3P1"
"ENSG00000267056",1,"ENSG00000267056"
"ENSG00000267066",1,"ENSG00000267066"
"ENSG00000267074",1,"ENSG00000267074"
"ENSG00000267084",1,"ENSG00000267084"
"ENSG00000267107",1,"PCAT19"
"ENSG00000267124",1,"ENSG00000267124"
"ENSG00000267132",1,"HMGB3P27"
"ENSG00000267137",1,"ENSG00000267137"
"ENSG00000267148",1,"ENSG00000267148"
"ENSG00000267154",1,"OR1M4P"
"ENSG00000267187",1,"ENSG00000267187"
"ENSG00000267189",1,"ATP5MGP7"
"ENSG00000267200",1,"MIR132"
"ENSG00000267202",1,"ENSG00000267202"
"ENSG00000267206",1,"LCN6"
"ENSG00000267211",1,"ENSG00000267211"
"ENSG00000267218",1,"ENSG00000267218"
"ENSG00000267224",1,"ENSG00000267224"
"ENSG00000267227",1,"ENSG00000267227"
"ENSG00000267233",1,"HNRNPA3P16"
"ENSG00000267235",1,"ZNF861P"
"ENSG00000267238",1,"ENSG00000267238"
"ENSG00000267239",1,"ENSG00000267239"
"ENSG00000267248",1,"ENSG00000267248"
"ENSG00000267262",1,"ENSG00000267262"
"ENSG00000267303",1,"ENSG00000267303"
"ENSG00000267308",1,"LINC01764"
"ENSG00000267312",1,"ENSG00000267312"
"ENSG00000267315",1,"UFM1P2"
"ENSG00000267316",1,"ENSG00000267316"
"ENSG00000267324",1,"ENSG00000267324"
"ENSG00000267355",1,"RPL9P29"
"ENSG00000267363",1,"ENSG00000267363"
"ENSG00000267369",1,"TAF5LP1"
"ENSG00000267371",1,"ENSG00000267371"
"ENSG00000267389",1,"ENSG00000267389"
"ENSG00000267392",1,"CYP4F9P"
"ENSG00000267401",1,"ENSG00000267401"
"ENSG00000267407",1,"LINC02841"
"ENSG00000267409",1,"ENSG00000267409"
"ENSG00000267418",1,"ELOCP29"
"ENSG00000267421",1,"ZFP28-DT"
"ENSG00000267425",1,"LINC01928"
"ENSG00000267444",1,"SMUG1P1"
"ENSG00000267450",1,"OR1AB1P"
"ENSG00000267461",1,"ENSG00000267461"
"ENSG00000267471",1,"ENSG00000267471"
"ENSG00000267478",1,"ENSG00000267478"
"ENSG00000267482",1,"ENSG00000267482"
"ENSG00000267486",1,"GLUD1P4"
"ENSG00000267506",1,"ENSG00000267506"
"ENSG00000267551",1,"GNA15-DT"
"ENSG00000267564",1,"ENSG00000267564"
"ENSG00000267567",1,"ENSG00000267567"
"ENSG00000267599",1,"LINC02959"
"ENSG00000267603",1,"LINC01028"
"ENSG00000267609",1,"SNX33P1"
"ENSG00000267614",1,"ENSG00000267614"
"ENSG00000267617",1,"ENSG00000267617"
"ENSG00000267640",1,"ENSG00000267640"
"ENSG00000267643",1,"ENSG00000267643"
"ENSG00000267647",1,"MAP1LC3P"
"ENSG00000267652",1,"NPM1P1"
"ENSG00000267661",1,"ENSG00000267661"
"ENSG00000267663",1,"PPIAP56"
"ENSG00000267664",1,"RPL17P45"
"ENSG00000267665",1,"ENSG00000267665"
"ENSG00000267675",1,"ENSG00000267675"
"ENSG00000267679",1,"EIF5AP2"
"ENSG00000267686",1,"ENSG00000267686"
"ENSG00000267688",1,"ENSG00000267688"
"ENSG00000267695",1,"ENSG00000267695"
"ENSG00000267704",1,"FRG2LP"
"ENSG00000267710",1,"EDDM13"
"ENSG00000267722",1,"ENSG00000267722"
"ENSG00000267733",1,"ENSG00000267733"
"ENSG00000267766",1,"ENSG00000267766"
"ENSG00000267768",1,"ENSG00000267768"
"ENSG00000267770",1,"ENSG00000267770"
"ENSG00000267771",1,"ENSG00000267771"
"ENSG00000267789",1,"ENSG00000267789"
"ENSG00000267794",1,"ENSG00000267794"
"ENSG00000267795",1,"SMIM22"
"ENSG00000267895",1,"ENSG00000267895"
"ENSG00000267938",1,"EIF1P6"
"ENSG00000267959",1,"MIR3188"
"ENSG00000268027",1,"ENSG00000268027"
"ENSG00000268038",1,"LINC01785"
"ENSG00000268056",1,"ENSG00000268056"
"ENSG00000268079",1,"BNIP3P30"
"ENSG00000268148",1,"VN1R91P"
"ENSG00000268149",1,"ENSG00000268149"
"ENSG00000268199",1,"ENSG00000268199"
"ENSG00000268203",1,"ENSG00000268203"
"ENSG00000268267",1,"SIGLEC29P"
"ENSG00000268295",1,"POLR3GP1"
"ENSG00000268316",1,"ENSG00000268316"
"ENSG00000268388",1,"FENDRR"
"ENSG00000268390",1,"ENSG00000268390"
"ENSG00000268391",1,"MTCO3P42"
"ENSG00000268401",1,"ENSG00000268401"
"ENSG00000268486",1,"ENSG00000268486"
"ENSG00000268580",1,"LINC01966"
"ENSG00000268595",1,"ENSG00000268595"
"ENSG00000268597",1,"ENSG00000268597"
"ENSG00000268618",1,"ENSG00000268618"
"ENSG00000268629",1,"TEX13A"
"ENSG00000268636",1,"ENSG00000268636"
"ENSG00000268643",1,"ENSG00000268643"
"ENSG00000268652",1,"ENSG00000268652"
"ENSG00000268655",1,"ENSG00000268655"
"ENSG00000268659",1,"ENSG00000268659"
"ENSG00000268660",1,"LETM1P2"
"ENSG00000268673",1,"ENSG00000268673"
"ENSG00000268685",1,"ENSG00000268685"
"ENSG00000268711",1,"ENSG00000268711"
"ENSG00000268717",1,"BNIP3P33"
"ENSG00000268729",1,"ENSG00000268729"
"ENSG00000268731",1,"ENSG00000268731"
"ENSG00000268742",1,"ENSG00000268742"
"ENSG00000268789",1,"VN1R87P"
"ENSG00000268794",1,"VN1R90P"
"ENSG00000268830",1,"BNIP3P32"
"ENSG00000268839",1,"ENSG00000268839"
"ENSG00000268849",1,"SIGLEC22P"
"ENSG00000268908",1,"VN1R92P"
"ENSG00000268940",1,"CT45A1"
"ENSG00000268957",1,"ENSG00000268957"
"ENSG00000268967",1,"ENSG00000268967"
"ENSG00000268997",1,"DNAJC19P3"
"ENSG00000269014",1,"ENSG00000269014"
"ENSG00000269067",1,"ZNF728"
"ENSG00000269085",1,"ENSG00000269085"
"ENSG00000269086",1,"LINC02965"
"ENSG00000269226",1,"TMSB15C"
"ENSG00000269228",1,"RPS27AP19"
"ENSG00000269244",1,"RPL23AP78"
"ENSG00000269253",1,"SIGLEC21P"
"ENSG00000269316",1,"RAD54L2P1"
"ENSG00000269332",1,"GOLGA2P9"
"ENSG00000269345",1,"VN1R85P"
"ENSG00000269350",1,"ENSG00000269350"
"ENSG00000269354",1,"ENSG00000269354"
"ENSG00000269385",1,"ENSG00000269385"
"ENSG00000269391",1,"ENSG00000269391"
"ENSG00000269421",1,"ENSG00000269421"
"ENSG00000269458",1,"ENSG00000269458"
"ENSG00000269505",1,"ZNF92P2"
"ENSG00000269509",1,"BNIP3P34"
"ENSG00000269524",1,"ENSG00000269524"
"ENSG00000269543",1,"ENSG00000269543"
"ENSG00000269546",1,"CLIC4P2"
"ENSG00000269552",1,"OR7A8P"
"ENSG00000269575",1,"MTDHP5"
"ENSG00000269651",1,"ENSG00000269651"
"ENSG00000269667",1,"ENSG00000269667"
"ENSG00000269678",1,"OR7A18P"
"ENSG00000269742",1,"BNIP3P29"
"ENSG00000269761",1,"ENSG00000269761"
"ENSG00000269763",1,"EXOSC3P2"
"ENSG00000269776",1,"DPPA5P1"
"ENSG00000269786",1,"ENSG00000269786"
"ENSG00000269787",1,"OR7A3P"
"ENSG00000269796",1,"ENSG00000269796"
"ENSG00000269821",1,"KCNQ1OT1"
"ENSG00000269834",1,"ZNF528-AS1"
"ENSG00000269836",1,"ENSG00000269836"
"ENSG00000269858",1,"EGLN2"
"ENSG00000269893",1,"SNHG8"
"ENSG00000269931",1,"ENSG00000269931"
"ENSG00000269985",1,"FARS2-AS1"
"ENSG00000269987",1,"ENSG00000269987"
"ENSG00000270025",1,"BMS1P7"
"ENSG00000270069",1,"MIR222HG"
"ENSG00000270131",1,"ENSG00000270131"
"ENSG00000270166",1,"ENSG00000270166"
"ENSG00000270191",1,"BNIP3P31"
"ENSG00000270192",1,"MRPS35P3"
"ENSG00000270202",1,"ENSG00000270202"
"ENSG00000270204",1,"ENSG00000270204"
"ENSG00000270209",1,"ENSG00000270209"
"ENSG00000270222",1,"DUXAP11"
"ENSG00000270226",1,"ENSG00000270226"
"ENSG00000270230",1,"MTND6P22"
"ENSG00000270232",1,"MTCYBP22"
"ENSG00000270234",1,"ENSG00000270234"
"ENSG00000270268",1,"CORO1CP1"
"ENSG00000270273",1,"ENSG00000270273"
"ENSG00000270276",1,"H4C15"
"ENSG00000270287",1,"ENSG00000270287"
"ENSG00000270289",1,"ENSG00000270289"
"ENSG00000270293",1,"DPPA3P8"
"ENSG00000270294",1,"XIAPP1"
"ENSG00000270304",1,"ENSG00000270304"
"ENSG00000270306",1,"ENSG00000270306"
"ENSG00000270307",1,"MTATP6P2"
"ENSG00000270317",1,"ENSG00000270317"
"ENSG00000270330",1,"ENSG00000270330"
"ENSG00000270332",1,"SMC2-DT"
"ENSG00000270335",1,"ENSG00000270335"
"ENSG00000270371",1,"ATP6V1G1P1"
"ENSG00000270372",1,"ENSG00000270372"
"ENSG00000270378",1,"ENSG00000270378"
"ENSG00000270382",1,"ENSG00000270382"
"ENSG00000270388",1,"MTCO3P22"
"ENSG00000270390",1,"SFXN4P1"
"ENSG00000270400",1,"ENSG00000270400"
"ENSG00000270411",1,"ENSG00000270411"
"ENSG00000270415",1,"DPPA3P3"
"ENSG00000270423",1,"ENSG00000270423"
"ENSG00000270430",1,"ENSG00000270430"
"ENSG00000270434",1,"ENSG00000270434"
"ENSG00000270435",1,"ENSG00000270435"
"ENSG00000270446",1,"RPL34P36"
"ENSG00000270453",1,"ENSG00000270453"
"ENSG00000270474",1,"IGHV3-29"
"ENSG00000270475",1,"ENSG00000270475"
"ENSG00000270477",1,"ENSG00000270477"
"ENSG00000270488",1,"ENSG00000270488"
"ENSG00000270500",1,"COX6CP4"
"ENSG00000270507",1,"ENSG00000270507"
"ENSG00000270509",1,"ENSG00000270509"
"ENSG00000270512",1,"ENSG00000270512"
"ENSG00000270516",1,"ENSG00000270516"
"ENSG00000270521",1,"ENSG00000270521"
"ENSG00000270533",1,"ENSG00000270533"
"ENSG00000270560",1,"APOOP1"
"ENSG00000270569",1,"ENSG00000270569"
"ENSG00000270583",1,"ENSG00000270583"
"ENSG00000270588",1,"ENSG00000270588"
"ENSG00000270593",1,"ENSG00000270593"
"ENSG00000270611",1,"ENSG00000270611"
"ENSG00000270614",1,"ENSG00000270614"
"ENSG00000270618",1,"ENSG00000270618"
"ENSG00000270625",1,"NUDT19P6"
"ENSG00000270648",1,"CYP2C61P"
"ENSG00000270654",1,"NUTF2P8"
"ENSG00000270669",1,"ENSG00000270669"
"ENSG00000270677",1,"RACK1P2"
"ENSG00000270680",1,"ENSG00000270680"
"ENSG00000270683",1,"GARIN3P1"
"ENSG00000270691",1,"ENSG00000270691"
"ENSG00000270695",1,"ENSG00000270695"
"ENSG00000270697",1,"ENSG00000270697"
"ENSG00000270698",1,"ENSG00000270698"
"ENSG00000270701",1,"ENSG00000270701"
"ENSG00000270714",1,"MICOS10P2"
"ENSG00000270729",1,"CAPZA1P5"
"ENSG00000270734",1,"ENSG00000270734"
"ENSG00000270741",1,"PRELID3BP8"
"ENSG00000270747",1,"S100A11P9"
"ENSG00000270753",1,"ENSG00000270753"
"ENSG00000270754",1,"NEK4P3"
"ENSG00000270763",1,"DDX43P2"
"ENSG00000270766",1,"ENSG00000270766"
"ENSG00000270776",1,"ENSG00000270776"
"ENSG00000270788",1,"PDLIM1P1"
"ENSG00000270790",1,"ENSG00000270790"
"ENSG00000270794",1,"ENSG00000270794"
"ENSG00000270812",1,"ENSG00000270812"
"ENSG00000270818",1,"ENSG00000270818"
"ENSG00000270826",1,"USP37P1"
"ENSG00000270830",1,"ENSG00000270830"
"ENSG00000270835",1,"ENSG00000270835"
"ENSG00000270837",1,"HNRNPDLP4"
"ENSG00000270852",1,"ENSG00000270852"
"ENSG00000270855",1,"ATP7BP1"
"ENSG00000270859",1,"ENSG00000270859"
"ENSG00000270861",1,"ENSG00000270861"
"ENSG00000270864",1,"IGHV3OR16-6"
"ENSG00000270868",1,"ENSG00000270868"
"ENSG00000270880",1,"ATP5PBP8"
"ENSG00000270889",1,"PPP1R14BP4"
"ENSG00000270902",1,"ENSG00000270902"
"ENSG00000270911",1,"ENSG00000270911"
"ENSG00000270912",1,"RPS28P1"
"ENSG00000270914",1,"ENSG00000270914"
"ENSG00000270924",1,"ENSG00000270924"
"ENSG00000270926",1,"ENSG00000270926"
"ENSG00000270930",1,"GRAMD4P8"
"ENSG00000270935",1,"ENSG00000270935"
"ENSG00000270938",1,"RAP2CP1"
"ENSG00000270945",1,"HSPE1P7"
"ENSG00000270947",1,"ENSG00000270947"
"ENSG00000270960",1,"ENSG00000270960"
"ENSG00000270969",1,"ENSG00000270969"
"ENSG00000270973",1,"SMARCE1P7"
"ENSG00000270976",1,"ENSG00000270976"
"ENSG00000270995",1,"DPPA3P10"
"ENSG00000271005",1,"CTHRC1P1"
"ENSG00000271022",1,"ENSG00000271022"
"ENSG00000271027",1,"ENSG00000271027"
"ENSG00000271034",1,"RNPC3P1"
"ENSG00000271035",1,"DPPA3P12"
"ENSG00000271042",1,"ENSG00000271042"
"ENSG00000271044",1,"ENSG00000271044"
"ENSG00000271053",1,"ENSG00000271053"
"ENSG00000271056",1,"MRPS22P1"
"ENSG00000271063",1,"SNRPGP17"
"ENSG00000271074",1,"ENSG00000271074"
"ENSG00000271077",1,"PER3P1"
"ENSG00000271088",1,"ENSG00000271088"
"ENSG00000271093",1,"IGLCOR22-2"
"ENSG00000271097",1,"DBF4P3"
"ENSG00000271108",1,"KATNBL1P5"
"ENSG00000271109",1,"LINC03049"
"ENSG00000271111",1,"ENSG00000271111"
"ENSG00000271117",1,"ENSG00000271117"
"ENSG00000271118",1,"ENSG00000271118"
"ENSG00000271130",1,"IGHV3OR16-8"
"ENSG00000271149",1,"ENSG00000271149"
"ENSG00000271157",1,"ENSG00000271157"
"ENSG00000271167",1,"LINC01109"
"ENSG00000271171",1,"LINC00904"
"ENSG00000271173",1,"SPRING1P1"
"ENSG00000271177",1,"ENSG00000271177"
"ENSG00000271180",1,"COX5AP1"
"ENSG00000271184",1,"ENSG00000271184"
"ENSG00000271187",1,"ENSG00000271187"
"ENSG00000271190",1,"RPP40P2"
"ENSG00000271194",1,"RNF138P2"
"ENSG00000271195",1,"ENSG00000271195"
"ENSG00000271209",1,"BRDTP1"
"ENSG00000271220",1,"ENSG00000271220"
"ENSG00000271235",1,"RRBP1P2"
"ENSG00000271237",1,"HMGB1P50"
"ENSG00000271238",1,"ENSG00000271238"
"ENSG00000271249",1,"DIMT1P1"
"ENSG00000271266",1,"LAPTM4BP2"
"ENSG00000271268",1,"ENSG00000271268"
"ENSG00000271269",1,"ENSG00000271269"
"ENSG00000271287",1,"BCRP9"
"ENSG00000271291",1,"ENSG00000271291"
"ENSG00000271304",1,"DPRXP2"
"ENSG00000271309",1,"ENSG00000271309"
"ENSG00000271315",1,"ENSG00000271315"
"ENSG00000271334",1,"LINC02104"
"ENSG00000271338",1,"ENSG00000271338"
"ENSG00000271343",1,"ENSG00000271343"
"ENSG00000271349",1,"ENSG00000271349"
"ENSG00000271355",1,"ENSG00000271355"
"ENSG00000271356",1,"USP21P2"
"ENSG00000271364",1,"ENSG00000271364"
"ENSG00000271373",1,"NANOGP3"
"ENSG00000271379",1,"ENSG00000271379"
"ENSG00000271386",1,"SRGNP1"
"ENSG00000271389",1,"OSBPL9P1"
"ENSG00000271390",1,"ENSG00000271390"
"ENSG00000271394",1,"7SK"
"ENSG00000271397",1,"ENSG00000271397"
"ENSG00000271399",1,"ENSG00000271399"
"ENSG00000271400",1,"CCDC121P1"
"ENSG00000271404",1,"MZT1P2"
"ENSG00000271408",1,"NAPGP1"
"ENSG00000271419",1,"ENSG00000271419"
"ENSG00000271421",1,"ENSG00000271421"
"ENSG00000271433",1,"PPATP2"
"ENSG00000271457",1,"ENSG00000271457"
"ENSG00000271477",1,"ENSG00000271477"
"ENSG00000271480",1,"MTND3P19"
"ENSG00000271486",1,"NIPA2P3"
"ENSG00000271492",1,"MEMO1P5"
"ENSG00000271498",1,"ENSG00000271498"
"ENSG00000271508",1,"ENSG00000271508"
"ENSG00000271509",1,"ENSG00000271509"
"ENSG00000271525",1,"ARF4P1"
"ENSG00000271536",1,"ENSG00000271536"
"ENSG00000271543",1,"ENSG00000271543"
"ENSG00000271559",1,"ENSG00000271559"
"ENSG00000271563",1,"HIRAP1"
"ENSG00000271565",1,"ENSG00000271565"
"ENSG00000271568",1,"ENSG00000271568"
"ENSG00000271582",1,"ENSG00000271582"
"ENSG00000271583",1,"ENSG00000271583"
"ENSG00000271588",1,"LARP7P1"
"ENSG00000271609",1,"ENSG00000271609"
"ENSG00000271616",1,"ENSG00000271616"
"ENSG00000271618",1,"ENSG00000271618"
"ENSG00000271620",1,"IGHV3OR16-7"
"ENSG00000271625",1,"PSMA6P4"
"ENSG00000271629",1,"ENSG00000271629"
"ENSG00000271650",1,"ENSG00000271650"
"ENSG00000271655",1,"BNIP3P35"
"ENSG00000271661",1,"BNIP3P36"
"ENSG00000271677",1,"ENSG00000271677"
"ENSG00000271682",1,"TVP23CP3"
"ENSG00000271687",1,"MTND5P10"
"ENSG00000271701",1,"ENSG00000271701"
"ENSG00000271712",1,"ENSG00000271712"
"ENSG00000271724",1,"ENSG00000271724"
"ENSG00000271739",1,"RNU1-29P"
"ENSG00000271779",1,"ENSG00000271779"
"ENSG00000271793",1,"ENSG00000271793"
"ENSG00000271860",1,"ENSG00000271860"
"ENSG00000271886",1,"MIR98"
"ENSG00000271890",1,"OR10AE1P"
"ENSG00000271897",1,"ENSG00000271897"
"ENSG00000271907",1,"SNORA35B"
"ENSG00000271913",1,"TAGAP-AS1"
"ENSG00000271922",1,"ENSG00000271922"
"ENSG00000271924",1,"RNA5SP108"
"ENSG00000271932",1,"RNU6-85P"
"ENSG00000271958",1,"ENSG00000271958"
"ENSG00000271969",1,"ENSG00000271969"
"ENSG00000272025",1,"SNORA74"
"ENSG00000272028",1,"RNU6-87P"
"ENSG00000272031",1,"ANKRD34A"
"ENSG00000272049",1,"ENSG00000272049"
"ENSG00000272051",1,"Y_RNA"
"ENSG00000272070",1,"ENSG00000272070"
"ENSG00000272080",1,"MIR502"
"ENSG00000272087",1,"ENSG00000272087"
"ENSG00000272109",1,"ENSG00000272109"
"ENSG00000272113",1,"Y_RNA"
"ENSG00000272149",1,"ENSG00000272149"
"ENSG00000272150",1,"NBPF25P"
"ENSG00000272164",1,"ENSG00000272164"
"ENSG00000272218",1,"ENSG00000272218"
"ENSG00000272243",1,"ENSG00000272243"
"ENSG00000272262",1,"RNU6-89P"
"ENSG00000272304",1,"ENSG00000272304"
"ENSG00000272311",1,"IFNL4P1"
"ENSG00000272344",1,"SNORD114-21"
"ENSG00000272366",1,"ENSG00000272366"
"ENSG00000272387",1,"ENSG00000272387"
"ENSG00000272393",1,"RNU6-92P"
"ENSG00000272395",1,"IFNL4"
"ENSG00000272435",1,"RNA5SP357"
"ENSG00000272436",1,"CUX2P1"
"ENSG00000272439",1,"RNU6-91P"
"ENSG00000272449",1,"ENSG00000272449"
"ENSG00000272462",1,"LINC02980"
"ENSG00000272480",1,"OR13Z3P"
"ENSG00000272556",1,"GTF2IP13"
"ENSG00000272559",1,"OR51F3P"
"ENSG00000272569",1,"OR5BL1P"
"ENSG00000272575",1,"LINC02098"
"ENSG00000272685",1,"OR9I3P"
"ENSG00000272690",1,"LINC02018"
"ENSG00000272714",1,"ENSG00000272714"
"ENSG00000272727",1,"LINC02266"
"ENSG00000272774",1,"ENSG00000272774"
"ENSG00000272783",1,"ENSG00000272783"
"ENSG00000272815",1,"ENSG00000272815"
"ENSG00000272839",1,"ENSG00000272839"
"ENSG00000272882",1,"OR2BH1P"
"ENSG00000272936",1,"ENSG00000272936"
"ENSG00000272987",1,"OR5AL1"
"ENSG00000273051",1,"OR51F4P"
"ENSG00000273068",1,"ENSG00000273068"
"ENSG00000273077",1,"ENSG00000273077"
"ENSG00000273079",1,"GRIN2B"
"ENSG00000273085",1,"OR52E1"
"ENSG00000273093",1,"ENSG00000273093"
"ENSG00000273098",1,"ENSG00000273098"
"ENSG00000273118",1,"ENSG00000273118"
"ENSG00000273180",1,"ENSG00000273180"
"ENSG00000273203",1,"ENSG00000273203"
"ENSG00000273228",1,"OR5BQ1P"
"ENSG00000273255",1,"OR5BP1P"
"ENSG00000273297",1,"LINC03060"
"ENSG00000273305",1,"ENSG00000273305"
"ENSG00000273330",1,"CYP4F36P"
"ENSG00000273345",1,"ENSG00000273345"
"ENSG00000273348",1,"ENSG00000273348"
"ENSG00000273408",1,"OR5B15P"
"ENSG00000273442",1,"ENSG00000273442"
"ENSG00000273461",1,"ENSG00000273461"
"ENSG00000273536",1,"ENSG00000273536"
"ENSG00000273550",1,"ENSG00000273550"
"ENSG00000273569",1,"ENSG00000273569"
"ENSG00000273610",1,"RN7SL386P"
"ENSG00000273612",1,"ENSG00000273612"
"ENSG00000273629",1,"U7"
"ENSG00000273634",1,"ENSG00000273634"
"ENSG00000273694",1,"U2"
"ENSG00000273719",1,"ENSG00000273719"
"ENSG00000273721",1,"ENSG00000273721"
"ENSG00000273732",1,"VN1R74P"
"ENSG00000273744",1,"U4"
"ENSG00000273768",1,"RNVU1-29"
"ENSG00000273777",1,"CEACAM20"
"ENSG00000273784",1,"ENSG00000273784"
"ENSG00000273800",1,"ENSG00000273800"
"ENSG00000273804",1,"ENSG00000273804"
"ENSG00000273829",1,"Metazoa_SRP"
"ENSG00000273844",1,"ENSG00000273844"
"ENSG00000273851",1,"ENSG00000273851"
"ENSG00000273904",1,"ENSG00000273904"
"ENSG00000273907",1,"CA15P2"
"ENSG00000273976",1,"GOLGA6L1"
"ENSG00000273978",1,"ENSG00000273978"
"ENSG00000273986",1,"Metazoa_SRP"
"ENSG00000273997",1,"ENSG00000273997"
"ENSG00000274028",1,"ENSG00000274028"
"ENSG00000274075",1,"ENSG00000274075"
"ENSG00000274097",1,"RNA5SP535"
"ENSG00000274116",1,"ENSG00000274116"
"ENSG00000274133",1,"ENSG00000274133"
"ENSG00000274149",1,"ENSG00000274149"
"ENSG00000274150",1,"FADS2B"
"ENSG00000274167",1,"ENSG00000274167"
"ENSG00000274177",1,"ENSG00000274177"
"ENSG00000274197",1,"U4"
"ENSG00000274199",1,"ENSG00000274199"
"ENSG00000274211",1,"SOCS7"
"ENSG00000274219",1,"ENSG00000274219"
"ENSG00000274226",1,"TBC1D3H"
"ENSG00000274235",1,"ENSG00000274235"
"ENSG00000274256",1,"ENSG00000274256"
"ENSG00000274299",1,"ENSG00000274299"
"ENSG00000274306",1,"MIR5088"
"ENSG00000274310",1,"ENSG00000274310"
"ENSG00000274314",1,"MIR6749"
"ENSG00000274316",1,"ZNF646P1"
"ENSG00000274321",1,"ENSG00000274321"
"ENSG00000274347",1,"ENSG00000274347"
"ENSG00000274369",1,"GRAMD4P4"
"ENSG00000274450",1,"ENSG00000274450"
"ENSG00000274451",1,"ENSG00000274451"
"ENSG00000274459",1,"Metazoa_SRP"
"ENSG00000274468",1,"ENSG00000274468"
"ENSG00000274469",1,"LINC01746"
"ENSG00000274486",1,"ENSG00000274486"
"ENSG00000274493",1,"MRPS17P5"
"ENSG00000274520",1,"ENSG00000274520"
"ENSG00000274525",1,"ENSG00000274525"
"ENSG00000274551",1,"ENSG00000274551"
"ENSG00000274560",1,"ENSG00000274560"
"ENSG00000274562",1,"ENSG00000274562"
"ENSG00000274572",1,"ZYXP1"
"ENSG00000274603",1,"Y_RNA"
"ENSG00000274607",1,"RNU6-866P"
"ENSG00000274615",1,"NPEPPSP1"
"ENSG00000274630",1,"ENSG00000274630"
"ENSG00000274649",1,"ENSG00000274649"
"ENSG00000274660",1,"Metazoa_SRP"
"ENSG00000274664",1,"ENSG00000274664"
"ENSG00000274680",1,"MYO5BP1"
"ENSG00000274695",1,"ENSG00000274695"
"ENSG00000274705",1,"MIR486-1"
"ENSG00000274748",1,"ENSG00000274748"
"ENSG00000274749",1,"KRTAP7-1"
"ENSG00000274822",1,"MIR6762"
"ENSG00000274823",1,"APONP"
"ENSG00000274827",1,"LINC01297"
"ENSG00000274832",1,"ENSG00000274832"
"ENSG00000274840",1,"BALR6"
"ENSG00000274855",1,"ENSG00000274855"
"ENSG00000274863",1,"ENSG00000274863"
"ENSG00000274867",1,"ENSG00000274867"
"ENSG00000274886",1,"SEPTIN14P17"
"ENSG00000274923",1,"ENSG00000274923"
"ENSG00000274930",1,"ENSG00000274930"
"ENSG00000274970",1,"ENSG00000274970"
"ENSG00000274988",1,"MIR6876"
"ENSG00000274996",1,"ENSG00000274996"
"ENSG00000275016",1,"ENSG00000275016"
"ENSG00000275023",1,"MLLT6"
"ENSG00000275046",1,"ENSG00000275046"
"ENSG00000275061",1,"SEPTIN7P15"
"ENSG00000275078",1,"ENSG00000275078"
"ENSG00000275094",1,"ENSG00000275094"
"ENSG00000275107",1,"MIR6782"
"ENSG00000275109",1,"MIR6504"
"ENSG00000275110",1,"ENSG00000275110"
"ENSG00000275111",1,"ZNF2"
"ENSG00000275115",1,"ENSG00000275115"
"ENSG00000275119",1,"ENSG00000275119"
"ENSG00000275126",1,"H4C13"
"ENSG00000275154",1,"U3"
"ENSG00000275170",1,"FRG2MP"
"ENSG00000275173",1,"ENSG00000275173"
"ENSG00000275178",1,"ENSG00000275178"
"ENSG00000275194",1,"FAM9CP1"
"ENSG00000275215",1,"RNA5-8SN3"
"ENSG00000275216",1,"LINC03061"
"ENSG00000275222",1,"Metazoa_SRP"
"ENSG00000275238",1,"MIR4734"
"ENSG00000275250",1,"ENSG00000275250"
"ENSG00000275305",1,"RNA5SP528"
"ENSG00000275312",1,"ENSG00000275312"
"ENSG00000275315",1,"ENSG00000275315"
"ENSG00000275334",1,"MIR5787"
"ENSG00000275377",1,"MIR1299"
"ENSG00000275386",1,"ENSG00000275386"
"ENSG00000275387",1,"ENSG00000275387"
"ENSG00000275406",1,"ENSG00000275406"
"ENSG00000275410",1,"HNF1B"
"ENSG00000275414",1,"ENSG00000275414"
"ENSG00000275418",1,"ENSG00000275418"
"ENSG00000275423",1,"VN1R18P"
"ENSG00000275432",1,"ENSG00000275432"
"ENSG00000275443",1,"ENSG00000275443"
"ENSG00000275475",1,"IGHV3-54"
"ENSG00000275503",1,"ENSG00000275503"
"ENSG00000275504",1,"U7"
"ENSG00000275508",1,"ENSG00000275508"
"ENSG00000275523",1,"MIR6508"
"ENSG00000275547",1,"ENSG00000275547"
"ENSG00000275553",1,"ELOA3CP"
"ENSG00000275592",1,"VN1R7P"
"ENSG00000275598",1,"ENSG00000275598"
"ENSG00000275642",1,"Metazoa_SRP"
"ENSG00000275663",1,"H4C7"
"ENSG00000275681",1,"ENSG00000275681"
"ENSG00000275688",1,"CCL15-CCL14"
"ENSG00000275689",1,"ENSG00000275689"
"ENSG00000275700",1,"AATF"
"ENSG00000275725",1,"ENSG00000275725"
"ENSG00000275747",1,"IGHV3-79"
"ENSG00000275768",1,"SLC2AXP1"
"ENSG00000275787",1,"OR7G15P"
"ENSG00000275791",1,"TRBV10-3"
"ENSG00000275801",1,"ENSG00000275801"
"ENSG00000275823",1,"ENSG00000275823"
"ENSG00000275826",1,"ENSG00000275826"
"ENSG00000275827",1,"ENSG00000275827"
"ENSG00000275832",1,"ARHGAP23"
"ENSG00000275862",1,"ENSG00000275862"
"ENSG00000275882",1,"IKBKGP1"
"ENSG00000275905",1,"ENSG00000275905"
"ENSG00000275906",1,"NAPGP2"
"ENSG00000275908",1,"ENSG00000275908"
"ENSG00000275919",1,"ENSG00000275919"
"ENSG00000275923",1,"ENSG00000275923"
"ENSG00000275942",1,"ENSG00000275942"
"ENSG00000275944",1,"ENSG00000275944"
"ENSG00000275959",1,"ENSG00000275959"
"ENSG00000275975",1,"Metazoa_SRP"
"ENSG00000275980",1,"ENSG00000275980"
"ENSG00000275989",1,"SPACA7BP"
"ENSG00000276043",1,"UHRF1"
"ENSG00000276064",1,"ENSG00000276064"
"ENSG00000276081",1,"MIR7156"
"ENSG00000276083",1,"MIR7976"
"ENSG00000276087",1,"ENSG00000276087"
"ENSG00000276093",1,"ENSG00000276093"
"ENSG00000276095",1,"FAM230F"
"ENSG00000276096",1,"Metazoa_SRP"
"ENSG00000276103",1,"U4"
"ENSG00000276109",1,"ENSG00000276109"
"ENSG00000276122",1,"ENSG00000276122"
"ENSG00000276128",1,"ENSG00000276128"
"ENSG00000276172",1,"ELMO2P1"
"ENSG00000276176",1,"MIR6090"
"ENSG00000276202",1,"Metazoa_SRP"
"ENSG00000276208",1,"ENSG00000276208"
"ENSG00000276210",1,"LINC00226"
"ENSG00000276231",1,"PIK3R6"
"ENSG00000276234",1,"TADA2A"
"ENSG00000276240",1,"OR4E1"
"ENSG00000276309",1,"RN7SKP251"
"ENSG00000276316",1,"OR8G7P"
"ENSG00000276332",1,"ENSG00000276332"
"ENSG00000276350",1,"MIR6858"
"ENSG00000276353",1,"Metazoa_SRP"
"ENSG00000276366",1,"U3"
"ENSG00000276376",1,"U7"
"ENSG00000276385",1,"ENSG00000276385"
"ENSG00000276388",1,"ENSG00000276388"
"ENSG00000276397",1,"LINC01879"
"ENSG00000276400",1,"VN1R9P"
"ENSG00000276406",1,"ENSG00000276406"
"ENSG00000276407",1,"ENSG00000276407"
"ENSG00000276409",1,"CCL14"
"ENSG00000276427",1,"IGLL4P"
"ENSG00000276428",1,"ENSG00000276428"
"ENSG00000276430",1,"FAM25C"
"ENSG00000276460",1,"ENSG00000276460"
"ENSG00000276473",1,"ENSG00000276473"
"ENSG00000276475",1,"BNIP3P44"
"ENSG00000276478",1,"ENSG00000276478"
"ENSG00000276486",1,"ENSG00000276486"
"ENSG00000276487",1,"ENSG00000276487"
"ENSG00000276507",1,"ENSG00000276507"
"ENSG00000276514",1,"ENSG00000276514"
"ENSG00000276519",1,"ENSG00000276519"
"ENSG00000276521",1,"ENSG00000276521"
"ENSG00000276535",1,"ENSG00000276535"
"ENSG00000276538",1,"ENSG00000276538"
"ENSG00000276547",1,"PCDHGB5"
"ENSG00000276556",1,"ENSG00000276556"
"ENSG00000276557",1,"TRBV18"
"ENSG00000276601",1,"Metazoa_SRP"
"ENSG00000276605",1,"ENSG00000276605"
"ENSG00000276610",1,"SNORD64"
"ENSG00000276632",1,"ENSG00000276632"
"ENSG00000276638",1,"ENSG00000276638"
"ENSG00000276649",1,"ENSG00000276649"
"ENSG00000276650",1,"ENSG00000276650"
"ENSG00000276669",1,"Metazoa_SRP"
"ENSG00000276685",1,"ENSG00000276685"
"ENSG00000276687",1,"ENSG00000276687"
"ENSG00000276693",1,"ENSG00000276693"
"ENSG00000276713",1,"Metazoa_SRP"
"ENSG00000276723",1,"Y_RNA"
"ENSG00000276729",1,"Metazoa_SRP"
"ENSG00000276730",1,"ENSG00000276730"
"ENSG00000276759",1,"ENSG00000276759"
"ENSG00000276775",1,"IGHV4-4"
"ENSG00000276784",1,"ENSG00000276784"
"ENSG00000276789",1,"MRGPRX8P"
"ENSG00000276819",1,"TRBV15"
"ENSG00000276828",1,"ENSG00000276828"
"ENSG00000276841",1,"ENSG00000276841"
"ENSG00000276854",1,"ENSG00000276854"
"ENSG00000276861",1,"5S_rRNA"
"ENSG00000276866",1,"MIR7151"
"ENSG00000276892",1,"ENSG00000276892"
"ENSG00000276915",1,"ENSG00000276915"
"ENSG00000276918",1,"Metazoa_SRP"
"ENSG00000276923",1,"LINC03079"
"ENSG00000276928",1,"ENSG00000276928"
"ENSG00000276929",1,"ENSG00000276929"
"ENSG00000276950",1,"GSTT4"
"ENSG00000276953",1,"TRBV12-4"
"ENSG00000277000",1,"DUSP12P1"
"ENSG00000277043",1,"EEF1A1P42"
"ENSG00000277056",1,"ENSG00000277056"
"ENSG00000277073",1,"MIR6131"
"ENSG00000277089",1,"CCL3-AS1"
"ENSG00000277096",1,"ENSG00000277096"
"ENSG00000277099",1,"ENSG00000277099"
"ENSG00000277129",1,"ENSG00000277129"
"ENSG00000277133",1,"ENSG00000277133"
"ENSG00000277138",1,"MIR6509"
"ENSG00000277141",1,"Metazoa_SRP"
"ENSG00000277150",1,"F8A3"
"ENSG00000277156",1,"TOMM40P1"
"ENSG00000277174",1,"ENSG00000277174"
"ENSG00000277210",1,"ENSG00000277210"
"ENSG00000277217",1,"ENSG00000277217"
"ENSG00000277227",1,"ENSG00000277227"
"ENSG00000277228",1,"ENSG00000277228"
"ENSG00000277229",1,"ENSG00000277229"
"ENSG00000277258",1,"PCGF2"
"ENSG00000277304",1,"ENSG00000277304"
"ENSG00000277308",1,"Metazoa_SRP"
"ENSG00000277315",1,"ENSG00000277315"
"ENSG00000277357",1,"NPAP1P7"
"ENSG00000277358",1,"ENSG00000277358"
"ENSG00000277367",1,"NEK2P1"
"ENSG00000277387",1,"MIR8058"
"ENSG00000277388",1,"MIR8053"
"ENSG00000277397",1,"ENSG00000277397"
"ENSG00000277426",1,"ENSG00000277426"
"ENSG00000277455",1,"Metazoa_SRP"
"ENSG00000277473",1,"Metazoa_SRP"
"ENSG00000277493",1,"ENSG00000277493"
"ENSG00000277499",1,"ENSG00000277499"
"ENSG00000277535",1,"CT47C1"
"ENSG00000277541",1,"ZNF630-AS1"
"ENSG00000277549",1,"ENSG00000277549"
"ENSG00000277569",1,"MIR6134"
"ENSG00000277576",1,"ENSG00000277576"
"ENSG00000277608",1,"ENSG00000277608"
"ENSG00000277635",1,"Metazoa_SRP"
"ENSG00000277661",1,"OR2W1-AS1"
"ENSG00000277670",1,"ENSG00000277670"
"ENSG00000277704",1,"ENSG00000277704"
"ENSG00000277705",1,"ENSG00000277705"
"ENSG00000277711",1,"ENSG00000277711"
"ENSG00000277743",1,"ENSG00000277743"
"ENSG00000277754",1,"U3"
"ENSG00000277755",1,"ENSG00000277755"
"ENSG00000277757",1,"ENSG00000277757"
"ENSG00000277759",1,"MIR6719"
"ENSG00000277762",1,"RN7SL261P"
"ENSG00000277771",1,"Metazoa_SRP"
"ENSG00000277803",1,"ENSG00000277803"
"ENSG00000277817",1,"MIR6738"
"ENSG00000277818",1,"Y_RNA"
"ENSG00000277852",1,"ENSG00000277852"
"ENSG00000277866",1,"ENSG00000277866"
"ENSG00000277880",1,"TRBV17"
"ENSG00000277899",1,"MLECP1"
"ENSG00000277907",1,"ENSG00000277907"
"ENSG00000277913",1,"ENSG00000277913"
"ENSG00000277914",1,"DDX6P2"
"ENSG00000277932",1,"OR52E5"
"ENSG00000277946",1,"RN7SL478P"
"ENSG00000277987",1,"LINC02351"
"ENSG00000278028",1,"Y_RNA"
"ENSG00000278050",1,"ENSG00000278050"
"ENSG00000278057",1,"TEX28"
"ENSG00000278069",1,"MIR6072"
"ENSG00000278090",1,"LUNAR1"
"ENSG00000278100",1,"Metazoa_SRP"
"ENSG00000278102",1,"ENSG00000278102"
"ENSG00000278106",1,"ENSG00000278106"
"ENSG00000278113",1,"ENSG00000278113"
"ENSG00000278124",1,"RN7SL186P"
"ENSG00000278130",1,"ENSG00000278130"
"ENSG00000278131",1,"ENSG00000278131"
"ENSG00000278135",1,"U2"
"ENSG00000278138",1,"CLUHP11"
"ENSG00000278139",1,"P3R3URF-PIK3R3"
"ENSG00000278144",1,"ENSG00000278144"
"ENSG00000278180",1,"ENSG00000278180"
"ENSG00000278181",1,"ENSG00000278181"
"ENSG00000278184",1,"NF1P11"
"ENSG00000278188",1,"U6"
"ENSG00000278189",1,"RNA5-8SN1"
"ENSG00000278195",1,"SSTR3"
"ENSG00000278217",1,"ENSG00000278217"
"ENSG00000278237",1,"ENSG00000278237"
"ENSG00000278266",1,"ENSG00000278266"
"ENSG00000278281",1,"MIR7856"
"ENSG00000278318",1,"ZNF229"
"ENSG00000278331",1,"RNU6-156P"
"ENSG00000278346",1,"ENSG00000278346"
"ENSG00000278348",1,"Metazoa_SRP"
"ENSG00000278359",1,"MIR7155"
"ENSG00000278428",1,"ENSG00000278428"
"ENSG00000278441",1,"ENSG00000278441"
"ENSG00000278445",1,"ENSG00000278445"
"ENSG00000278455",1,"CICP21"
"ENSG00000278465",1,"MIR6769B"
"ENSG00000278473",1,"IGHV3-41"
"ENSG00000278487",1,"ENSG00000278487"
"ENSG00000278502",1,"MIR6082"
"ENSG00000278530",1,"CHMP1B2P"
"ENSG00000278540",1,"ACACA"
"ENSG00000278554",1,"Metazoa_SRP"
"ENSG00000278561",1,"PTPN20CP"
"ENSG00000278569",1,"Metazoa_SRP"
"ENSG00000278577",1,"ENSG00000278577"
"ENSG00000278580",1,"ENSG00000278580"
"ENSG00000278587",1,"ENSG00000278587"
"ENSG00000278589",1,"ZACNP1"
"ENSG00000278593",1,"ENSG00000278593"
"ENSG00000278604",1,"RN7SL429P"
"ENSG00000278607",1,"ENSG00000278607"
"ENSG00000278635",1,"ENSG00000278635"
"ENSG00000278640",1,"Metazoa_SRP"
"ENSG00000278657",1,"ENSG00000278657"
"ENSG00000278667",1,"ENSG00000278667"
"ENSG00000278687",1,"ENSG00000278687"
"ENSG00000278690",1,"ENSG00000278690"
"ENSG00000278724",1,"Metazoa_SRP"
"ENSG00000278725",1,"ENSG00000278725"
"ENSG00000278744",1,"ENSG00000278744"
"ENSG00000278754",1,"ENSG00000278754"
"ENSG00000278756",1,"MIR6722"
"ENSG00000278764",1,"Metazoa_SRP"
"ENSG00000278783",1,"MIR6071"
"ENSG00000278799",1,"MIR6823"
"ENSG00000278813",1,"ENSG00000278813"
"ENSG00000278819",1,"ENSG00000278819"
"ENSG00000278824",1,"ENSG00000278824"
"ENSG00000278859",1,"ENSG00000278859"
"ENSG00000278866",1,"ENSG00000278866"
"ENSG00000278870",1,"OR51G1"
"ENSG00000278885",1,"ENSG00000278885"
"ENSG00000278889",1,"OR2S2"
"ENSG00000278932",1,"ENSG00000278932"
"ENSG00000278945",1,"ENSG00000278945"
"ENSG00000278980",1,"ENSG00000278980"
"ENSG00000278990",1,"ENSG00000278990"
"ENSG00000278992",1,"ENSG00000278992"
"ENSG00000279000",1,"OR10A6"
"ENSG00000279001",1,"ENSG00000279001"
"ENSG00000279004",1,"ENSG00000279004"
"ENSG00000279009",1,"ENSG00000279009"
"ENSG00000279011",1,"ENSG00000279011"
"ENSG00000279014",1,"ENSG00000279014"
"ENSG00000279032",1,"ENSG00000279032"
"ENSG00000279045",1,"ENSG00000279045"
"ENSG00000279051",1,"OR6Q1"
"ENSG00000279063",1,"ENSG00000279063"
"ENSG00000279065",1,"ENSG00000279065"
"ENSG00000279076",1,"ENSG00000279076"
"ENSG00000279081",1,"ENSG00000279081"
"ENSG00000279087",1,"ENSG00000279087"
"ENSG00000279096",1,"ENSG00000279096"
"ENSG00000279116",1,"OR8D2"
"ENSG00000279119",1,"ENSG00000279119"
"ENSG00000279120",1,"ENSG00000279120"
"ENSG00000279124",1,"IGSF3P1"
"ENSG00000279136",1,"ENSG00000279136"
"ENSG00000279139",1,"ENSG00000279139"
"ENSG00000279156",1,"ENSG00000279156"
"ENSG00000279157",1,"ENSG00000279157"
"ENSG00000279160",1,"ENSG00000279160"
"ENSG00000279168",1,"ENSG00000279168"
"ENSG00000279171",1,"ENSG00000279171"
"ENSG00000279173",1,"ENSG00000279173"
"ENSG00000279181",1,"ENSG00000279181"
"ENSG00000279209",1,"ENSG00000279209"
"ENSG00000279256",1,"ENSG00000279256"
"ENSG00000279261",1,"LINC02961"
"ENSG00000279264",1,"ENSG00000279264"
"ENSG00000279270",1,"OR52R1"
"ENSG00000279276",1,"ENSG00000279276"
"ENSG00000279284",1,"ENSG00000279284"
"ENSG00000279285",1,"ENSG00000279285"
"ENSG00000279301",1,"OR2T11"
"ENSG00000279310",1,"ENSG00000279310"
"ENSG00000279367",1,"ENSG00000279367"
"ENSG00000279368",1,"ENSG00000279368"
"ENSG00000279379",1,"ENSG00000279379"
"ENSG00000279401",1,"ENSG00000279401"
"ENSG00000279403",1,"ENSG00000279403"
"ENSG00000279411",1,"ENSG00000279411"
"ENSG00000279414",1,"CDRT15P9"
"ENSG00000279420",1,"ENSG00000279420"
"ENSG00000279421",1,"ENSG00000279421"
"ENSG00000279426",1,"ENSG00000279426"
"ENSG00000279429",1,"ENSG00000279429"
"ENSG00000279454",1,"ENSG00000279454"
"ENSG00000279500",1,"ENSG00000279500"
"ENSG00000279501",1,"ENSG00000279501"
"ENSG00000279505",1,"ENSG00000279505"
"ENSG00000279514",1,"OR4C16"
"ENSG00000279523",1,"ENSG00000279523"
"ENSG00000279579",1,"LINC01666"
"ENSG00000279581",1,"ENSG00000279581"
"ENSG00000279585",1,"ENSG00000279585"
"ENSG00000279590",1,"ENSG00000279590"
"ENSG00000279597",1,"ENSG00000279597"
"ENSG00000279604",1,"ENSG00000279604"
"ENSG00000279626",1,"DUX4L28"
"ENSG00000279635",1,"ENSG00000279635"
"ENSG00000279658",1,"ENSG00000279658"
"ENSG00000279676",1,"ENSG00000279676"
"ENSG00000279702",1,"ENSG00000279702"
"ENSG00000279717",1,"ENSG00000279717"
"ENSG00000279727",1,"LINC02033"
"ENSG00000279729",1,"ENSG00000279729"
"ENSG00000279730",1,"KMT5AP1"
"ENSG00000279749",1,"ENSG00000279749"
"ENSG00000279754",1,"ENSG00000279754"
"ENSG00000279761",1,"OR5D13"
"ENSG00000279774",1,"ENSG00000279774"
"ENSG00000279775",1,"ENSG00000279775"
"ENSG00000279818",1,"ENSG00000279818"
"ENSG00000279835",1,"ENSG00000279835"
"ENSG00000279844",1,"ENSG00000279844"
"ENSG00000279846",1,"ENSG00000279846"
"ENSG00000279847",1,"LINC02906"
"ENSG00000279848",1,"ENSG00000279848"
"ENSG00000279856",1,"ENSG00000279856"
"ENSG00000279869",1,"ENSG00000279869"
"ENSG00000279872",1,"ENSG00000279872"
"ENSG00000279876",1,"ENSG00000279876"
"ENSG00000279884",1,"ENSG00000279884"
"ENSG00000279904",1,"ENSG00000279904"
"ENSG00000279913",1,"ENSG00000279913"
"ENSG00000279918",1,"ENSG00000279918"
"ENSG00000279924",1,"ENSG00000279924"
"ENSG00000279973",1,"ENSG00000279973"
"ENSG00000279994",1,"ENSG00000279994"
"ENSG00000280009",1,"ENSG00000280009"
"ENSG00000280015",1,"ENSG00000280015"
"ENSG00000280024",1,"ENSG00000280024"
"ENSG00000280051",1,"ENSG00000280051"
"ENSG00000280059",1,"ENSG00000280059"
"ENSG00000280081",1,"LINC01667"
"ENSG00000280090",1,"OR8B4"
"ENSG00000280091",1,"ENSG00000280091"
"ENSG00000280093",1,"ENSG00000280093"
"ENSG00000280125",1,"ENSG00000280125"
"ENSG00000280140",1,"ENSG00000280140"
"ENSG00000280185",1,"ENSG00000280185"
"ENSG00000280199",1,"ENSG00000280199"
"ENSG00000280223",1,"ENSG00000280223"
"ENSG00000280224",1,"ENSG00000280224"
"ENSG00000280225",1,"ENSG00000280225"
"ENSG00000280236",1,"OR12D2"
"ENSG00000280251",1,"ENSG00000280251"
"ENSG00000280272",1,"ENSG00000280272"
"ENSG00000280275",1,"ENSG00000280275"
"ENSG00000280305",1,"ENSG00000280305"
"ENSG00000280306",1,"ENSG00000280306"
"ENSG00000280319",1,"ENSG00000280319"
"ENSG00000280335",1,"ENSG00000280335"
"ENSG00000280338",1,"ENSG00000280338"
"ENSG00000280350",1,"LINC01726"
"ENSG00000280366",1,"ENSG00000280366"
"ENSG00000280371",1,"ENSG00000280371"
"ENSG00000280390",1,"ENSG00000280390"
"ENSG00000280393",1,"ENSG00000280393"
"ENSG00000280398",1,"ENSG00000280398"
"ENSG00000280412",1,"ENSG00000280412"
"ENSG00000280415",1,"ENSG00000280415"
"ENSG00000280416",1,"ENSG00000280416"
"ENSG00000280430",1,"ENSG00000280430"
"ENSG00000280445",1,"ENSG00000280445"
"ENSG00000280446",1,"ENSG00000280446"
"ENSG00000280450",1,"ENSG00000280450"
"ENSG00000280455",1,"ENSG00000280455"
"ENSG00000280607",1,"ENSG00000280607"
"ENSG00000280614",1,"ENSG00000280614"
"ENSG00000280646",1,"RNA5SP196"
"ENSG00000280683",1,"LINC01242"
"ENSG00000280721",1,"LINC01943"
"ENSG00000280773",1,"ENSG00000280773"
"ENSG00000280809",1,"LINC00836"
"ENSG00000280836",1,"ENSG00000280836"
"ENSG00000280920",1,"ENSG00000280920"
"ENSG00000280953",1,"LINC01163"
"ENSG00000280968",1,"ENSG00000280968"
"ENSG00000280987",1,"MATR3"
"ENSG00000281097",1,"LINC01395"
"ENSG00000281133",1,"ENSG00000281133"
"ENSG00000281160",1,"ENSG00000281160"
"ENSG00000281167",1,"ENSG00000281167"
"ENSG00000281181",1,"ENSG00000281181"
"ENSG00000281202",1,"LINC01097"
"ENSG00000281248",1,"LINC02536"
"ENSG00000281269",1,"ENSG00000281269"
"ENSG00000281347",1,"NF1P9"
"ENSG00000281369",1,"ENSG00000281369"
"ENSG00000281386",1,"ENSG00000281386"
"ENSG00000281404",1,"LINC01176"
"ENSG00000281420",1,"ENSG00000281420"
"ENSG00000281450",1,"PANDAR"
"ENSG00000281516",1,"ENSG00000281516"
"ENSG00000281613",1,"ENSG00000281613"
"ENSG00000281696",1,"MIR664A"
"ENSG00000281778",1,"LINC00550"
"ENSG00000281809",1,"LINC01394"
"ENSG00000281938",1,"ENSG00000281938"
"ENSG00000282137",1,"OR4G3P"
"ENSG00000282173",1,"TRBJ1-5"
"ENSG00000282265",1,"ENSG00000282265"
"ENSG00000282358",1,"ENSG00000282358"
"ENSG00000282458",1,"WASH5P"
"ENSG00000282478",1,"ENSG00000282478"
"ENSG00000282501",1,"ENSG00000282501"
"ENSG00000282556",1,"ENSG00000282556"
"ENSG00000282572",1,"FAM157D"
"ENSG00000282608",1,"ADORA3"
"ENSG00000282651",1,"IGHV5-10-1"
"ENSG00000282738",1,"ENSG00000282738"
"ENSG00000282843",1,"ENSG00000282843"
"ENSG00000282850",1,"RHOXF1P2"
"ENSG00000282881",1,"TMEM275"
"ENSG00000282882",1,"ENSG00000282882"
"ENSG00000282885",1,"ENSG00000282885"
"ENSG00000282887",1,"ENSG00000282887"
"ENSG00000282906",1,"ENSG00000282906"
"ENSG00000282914",1,"ENSG00000282914"
"ENSG00000282921",1,"CFTRP2"
"ENSG00000282925",1,"ENSG00000282925"
"ENSG00000282933",1,"RHOXF1P3"
"ENSG00000282946",1,"ENSG00000282946"
"ENSG00000282964",1,"ENSG00000282964"
"ENSG00000283000",1,"LINC02635"
"ENSG00000283036",1,"LINC01988"
"ENSG00000283053",1,"ENSG00000283053"
"ENSG00000283063",1,"TRBV6-2"
"ENSG00000283096",1,"ENSG00000283096"
"ENSG00000283103",1,"ENSG00000283103"
"ENSG00000283130",1,"ENSG00000283130"
"ENSG00000283133",1,"ENSG00000283133"
"ENSG00000283155",1,"ENSG00000283155"
"ENSG00000283157",1,"ENSG00000283157"
"ENSG00000283160",1,"MIR4521"
"ENSG00000283164",1,"ENSG00000283164"
"ENSG00000283167",1,"ENSG00000283167"
"ENSG00000283172",1,"MIR548D1"
"ENSG00000283174",1,"MTCO1P38"
"ENSG00000283209",1,"ENSG00000283209"
"ENSG00000283217",1,"ENSG00000283217"
"ENSG00000283219",1,"ENSG00000283219"
"ENSG00000283225",1,"MIR3199-2"
"ENSG00000283227",1,"SPRR5"
"ENSG00000283234",1,"ENSG00000283234"
"ENSG00000283235",1,"ENSG00000283235"
"ENSG00000283239",1,"KBTBD11-OT1"
"ENSG00000283256",1,"U6"
"ENSG00000283257",1,"ENSG00000283257"
"ENSG00000283273",1,"ENSG00000283273"
"ENSG00000283286",1,"ENSG00000283286"
"ENSG00000283294",1,"ENSG00000283294"
"ENSG00000283296",1,"MIR4256"
"ENSG00000283300",1,"U6"
"ENSG00000283313",1,"U6"
"ENSG00000283330",1,"MIR518D"
"ENSG00000283346",1,"MIR6511B2"
"ENSG00000283349",1,"PFN5P"
"ENSG00000283375",1,"ENSG00000283375"
"ENSG00000283377",1,"ENSG00000283377"
"ENSG00000283380",1,"ENSG00000283380"
"ENSG00000283392",1,"ENSG00000283392"
"ENSG00000283400",1,"ENSG00000283400"
"ENSG00000283405",1,"ENSG00000283405"
"ENSG00000283412",1,"U6"
"ENSG00000283413",1,"ENSG00000283413"
"ENSG00000283414",1,"U6"
"ENSG00000283418",1,"U6"
"ENSG00000283428",1,"CCDC195"
"ENSG00000283429",1,"MIR1244-3"
"ENSG00000283431",1,"ENSG00000283431"
"ENSG00000283433",1,"RNA5SP532"
"ENSG00000283434",1,"CSNKA2IP"
"ENSG00000283435",1,"MIR1321"
"ENSG00000283441",1,"MIR499B"
"ENSG00000283444",1,"GPR141BP"
"ENSG00000283446",1,"ENSG00000283446"
"ENSG00000283450",1,"MIR486-2"
"ENSG00000283455",1,"MIR523"
"ENSG00000283457",1,"ENSG00000283457"
"ENSG00000283458",1,"ENSG00000283458"
"ENSG00000283459",1,"ENSG00000283459"
"ENSG00000283469",1,"MIR3130-1"
"ENSG00000283481",1,"MTND4LP32"
"ENSG00000283489",1,"U6"
"ENSG00000283490",1,"MIR518C"
"ENSG00000283502",1,"U6"
"ENSG00000283506",1,"MIR7157"
"ENSG00000283507",1,"MIR1302-1"
"ENSG00000283516",1,"LITAFD"
"ENSG00000283523",1,"MIR3926-2"
"ENSG00000283527",1,"U6"
"ENSG00000283529",1,"ENSG00000283529"
"ENSG00000283541",1,"ENSG00000283541"
"ENSG00000283546",1,"ENSG00000283546"
"ENSG00000283547",1,"MTATP6P8"
"ENSG00000283558",1,"MIR3158-2"
"ENSG00000283561",1,"MIR376A2"
"ENSG00000283564",1,"U6"
"ENSG00000283568",1,"5_8S_rRNA"
"ENSG00000283572",1,"MIR4251"
"ENSG00000283576",1,"ENSG00000283576"
"ENSG00000283579",1,"ENSG00000283579"
"ENSG00000283586",1,"GKN3P"
"ENSG00000283605",1,"OR4C48P"
"ENSG00000283608",1,"ENSG00000283608"
"ENSG00000283612",1,"MIR103B1"
"ENSG00000283613",1,"CUPIN1P"
"ENSG00000283625",1,"TEDDM3P"
"ENSG00000283626",1,"MTATP6P10"
"ENSG00000283629",1,"ENSG00000283629"
"ENSG00000283656",1,"MIR4483"
"ENSG00000283659",1,"ENSG00000283659"
"ENSG00000283682",1,"MIR548AH"
"ENSG00000283686",1,"ENSG00000283686"
"ENSG00000283761",1,"ENSG00000283761"
"ENSG00000283774",1,"MIR632"
"ENSG00000283785",1,"MIR15A"
"ENSG00000283789",1,"MIR7846"
"ENSG00000283792",1,"MIR4453"
"ENSG00000283863",1,"MIR3960"
"ENSG00000283879",1,"MTND6P35"
"ENSG00000283906",1,"IGHV4-80"
"ENSG00000283913",1,"ENSG00000283913"
"ENSG00000283928",1,"MIR637"
"ENSG00000283940",1,"MTND3P15"
"ENSG00000283948",1,"IGHVIII-16-1"
"ENSG00000283971",1,"MIR4442"
"ENSG00000283980",1,"GNG14"
"ENSG00000284003",1,"ENSG00000284003"
"ENSG00000284062",1,"MIR4469"
"ENSG00000284084",1,"AOX3P-AOX2P"
"ENSG00000284098",1,"ENSG00000284098"
"ENSG00000284121",1,"MIR198"
"ENSG00000284125",1,"MIR1825"
"ENSG00000284134",1,"MIR568"
"ENSG00000284143",1,"MIR4700"
"ENSG00000284154",1,"MIR3605"
"ENSG00000284158",1,"MIR6822"
"ENSG00000284167",1,"MTATP6P5"
"ENSG00000284180",1,"MIR3606"
"ENSG00000284191",1,"MIR671"
"ENSG00000284194",1,"SCO2"
"ENSG00000284196",1,"ENSG00000284196"
"ENSG00000284197",1,"MIR658"
"ENSG00000284253",1,"MIR1973"
"ENSG00000284263",1,"ENSG00000284263"
"ENSG00000284265",1,"MIR4683"
"ENSG00000284291",1,"MTCO2P10"
"ENSG00000284300",1,"ENSG00000284300"
"ENSG00000284308",1,"C2orf81"
"ENSG00000284327",1,"ENSG00000284327"
"ENSG00000284328",1,"ENSG00000284328"
"ENSG00000284329",1,"MIR9-3"
"ENSG00000284373",1,"TAF11L2"
"ENSG00000284376",1,"ENSG00000284376"
"ENSG00000284378",1,"MIR1244-1"
"ENSG00000284443",1,"MIR197"
"ENSG00000284452",1,"ENSG00000284452"
"ENSG00000284547",1,"MIR2861"
"ENSG00000284558",1,"ENSG00000284558"
"ENSG00000284572",1,"ENSG00000284572"
"ENSG00000284583",1,"MIR935"
"ENSG00000284591",1,"ENSG00000284591"
"ENSG00000284611",1,"ENSG00000284611"
"ENSG00000284621",1,"ENSG00000284621"
"ENSG00000284622",1,"SCYGR10"
"ENSG00000284629",1,"SCYGR1"
"ENSG00000284632",1,"ENSG00000284632"
"ENSG00000284633",1,"ENSG00000284633"
"ENSG00000284643",1,"SCYGR2"
"ENSG00000284653",1,"ENSG00000284653"
"ENSG00000284659",1,"ENSG00000284659"
"ENSG00000284674",1,"LINC02781"
"ENSG00000284678",1,"LINC02811"
"ENSG00000284682",1,"ENSG00000284682"
"ENSG00000284685",1,"ENSG00000284685"
"ENSG00000284686",1,"ENSG00000284686"
"ENSG00000284691",1,"ENSG00000284691"
"ENSG00000284692",1,"ENSG00000284692"
"ENSG00000284694",1,"ENSG00000284694"
"ENSG00000284699",1,"ENSG00000284699"
"ENSG00000284706",1,"ENSG00000284706"
"ENSG00000284711",1,"ENSG00000284711"
"ENSG00000284717",1,"ENSG00000284717"
"ENSG00000284719",1,"ENSG00000284719"
"ENSG00000284722",1,"ENSG00000284722"
"ENSG00000284739",1,"ENSG00000284739"
"ENSG00000284743",1,"ENSG00000284743"
"ENSG00000284745",1,"ENSG00000284745"
"ENSG00000284770",1,"TBCE"
"ENSG00000284808",1,"ENSG00000284808"
"ENSG00000284809",1,"ENSG00000284809"
"ENSG00000284834",1,"ENSG00000284834"
"ENSG00000284840",1,"ENSG00000284840"
"ENSG00000284914",1,"ENSG00000284914"
"ENSG00000284930",1,"ENSG00000284930"
"ENSG00000284951",1,"ENSG00000284951"
"ENSG00000284957",1,"ENSG00000284957"
"ENSG00000284959",1,"ENSG00000284959"
"ENSG00000284964",1,"ENSG00000284964"
"ENSG00000284969",1,"ENSG00000284969"
"ENSG00000285006",1,"ENSG00000285006"
"ENSG00000285012",1,"ENSG00000285012"
"ENSG00000285016",1,"ENSG00000285016"
"ENSG00000285040",1,"ENSG00000285040"
"ENSG00000285045",1,"ENSG00000285045"
"ENSG00000285068",1,"ENSG00000285068"
"ENSG00000285102",1,"ENSG00000285102"
"ENSG00000285142",1,"ENSG00000285142"
"ENSG00000285155",1,"ENSG00000285155"
"ENSG00000285163",1,"ENSG00000285163"
"ENSG00000285165",1,"ENSG00000285165"
"ENSG00000285169",1,"ENSG00000285169"
"ENSG00000285171",1,"ENSG00000285171"
"ENSG00000285191",1,"ENSG00000285191"
"ENSG00000285228",1,"ENSG00000285228"
"ENSG00000285238",1,"ENSG00000285238"
"ENSG00000285254",1,"ENSG00000285254"
"ENSG00000285388",1,"ENSG00000285388"
"ENSG00000285448",1,"ENSG00000285448"
"ENSG00000285462",1,"LINC02792"
"ENSG00000285492",1,"ENSG00000285492"
"ENSG00000285498",1,"ENSG00000285498"
"ENSG00000285517",1,"ENSG00000285517"
"ENSG00000285551",1,"LINC02929"
"ENSG00000285557",1,"ENSG00000285557"
"ENSG00000285562",1,"ENSG00000285562"
"ENSG00000285572",1,"ENSG00000285572"
"ENSG00000285573",1,"ENSG00000285573"
"ENSG00000285575",1,"ENSG00000285575"
"ENSG00000285584",1,"ENSG00000285584"
"ENSG00000285590",1,"ENSG00000285590"
"ENSG00000285594",1,"LINC02856"
"ENSG00000285598",1,"ENSG00000285598"
"ENSG00000285609",1,"5S_rRNA"
"ENSG00000285613",1,"ENSG00000285613"
"ENSG00000285615",1,"ENSG00000285615"
"ENSG00000285626",1,"5S_rRNA"
"ENSG00000285660",1,"ENSG00000285660"
"ENSG00000285666",1,"ENSG00000285666"
"ENSG00000285670",1,"ENSG00000285670"
"ENSG00000285677",1,"ENSG00000285677"
"ENSG00000285683",1,"ENSG00000285683"
"ENSG00000285714",1,"ENSG00000285714"
"ENSG00000285716",1,"ENSG00000285716"
"ENSG00000285717",1,"ENSG00000285717"
"ENSG00000285718",1,"ENSG00000285718"
"ENSG00000285719",1,"ENSG00000285719"
"ENSG00000285723",1,"MKKS"
"ENSG00000285724",1,"ENSG00000285724"
"ENSG00000285743",1,"ENSG00000285743"
"ENSG00000285745",1,"ENSG00000285745"
"ENSG00000285756",1,"ENSG00000285756"
"ENSG00000285773",1,"ENSG00000285773"
"ENSG00000285775",1,"ENSG00000285775"
"ENSG00000285778",1,"ENSG00000285778"
"ENSG00000285789",1,"ENSG00000285789"
"ENSG00000285806",1,"ENSG00000285806"
"ENSG00000285808",1,"LINC02797"
"ENSG00000285811",1,"ENSG00000285811"
"ENSG00000285817",1,"ENSG00000285817"
"ENSG00000285823",1,"LINC02793"
"ENSG00000285829",1,"ENSG00000285829"
"ENSG00000285834",1,"ENSG00000285834"
"ENSG00000285844",1,"KCNQ5-DT"
"ENSG00000285858",1,"ENSG00000285858"
"ENSG00000285860",1,"ENSG00000285860"
"ENSG00000285861",1,"ENSG00000285861"
"ENSG00000285866",1,"LINC02852"
"ENSG00000285883",1,"ENSG00000285883"
"ENSG00000285885",1,"ENSG00000285885"
"ENSG00000285890",1,"ENSG00000285890"
"ENSG00000285894",1,"ENSG00000285894"
"ENSG00000285902",1,"ENSG00000285902"
"ENSG00000285915",1,"ENSG00000285915"
"ENSG00000285917",1,"ENSG00000285917"
"ENSG00000285940",1,"ENSG00000285940"
"ENSG00000285946",1,"LCE7A"
"ENSG00000285954",1,"ENSG00000285954"
"ENSG00000285961",1,"ENSG00000285961"
"ENSG00000285963",1,"ENSG00000285963"
"ENSG00000285964",1,"ENSG00000285964"
"ENSG00000285981",1,"ENSG00000285981"
"ENSG00000285986",1,"ENSG00000285986"
"ENSG00000285998",1,"ENSG00000285998"
"ENSG00000286007",1,"ENSG00000286007"
"ENSG00000286015",1,"ENSG00000286015"
"ENSG00000286016",1,"ENSG00000286016"
"ENSG00000286023",1,"ENSG00000286023"
"ENSG00000286026",1,"ENSG00000286026"
"ENSG00000286027",1,"PCSEAT"
"ENSG00000286034",1,"ENSG00000286034"
"ENSG00000286039",1,"ENSG00000286039"
"ENSG00000286042",1,"LCAL1"
"ENSG00000286047",1,"ENSG00000286047"
"ENSG00000286071",1,"ENSG00000286071"
"ENSG00000286101",1,"ENSG00000286101"
"ENSG00000286124",1,"ENSG00000286124"
"ENSG00000286133",1,"ENSG00000286133"
"ENSG00000286135",1,"SPADH"
"ENSG00000286142",1,"ENSG00000286142"
"ENSG00000286149",1,"ENSG00000286149"
"ENSG00000286156",1,"BMS1P23"
"ENSG00000286157",1,"ENSG00000286157"
"ENSG00000286160",1,"ENSG00000286160"
"ENSG00000286164",1,"ENSG00000286164"
"ENSG00000286170",1,"ENSG00000286170"
"ENSG00000286172",1,"RNVU1-8"
"ENSG00000286203",1,"ENSG00000286203"
"ENSG00000286206",1,"ENSG00000286206"
"ENSG00000286213",1,"ENSG00000286213"
"ENSG00000286225",1,"ENSG00000286225"
"ENSG00000286238",1,"ENSG00000286238"
"ENSG00000286246",1,"ENSG00000286246"
"ENSG00000286253",1,"ENSG00000286253"
"ENSG00000286254",1,"ENSG00000286254"
"ENSG00000286260",1,"ENSG00000286260"
"ENSG00000286270",1,"ENSG00000286270"
"ENSG00000286278",1,"ENSG00000286278"
"ENSG00000286285",1,"ENSG00000286285"
"ENSG00000286301",1,"ENSG00000286301"
"ENSG00000286306",1,"ENSG00000286306"
"ENSG00000286309",1,"ENSG00000286309"
"ENSG00000286321",1,"ENSG00000286321"
"ENSG00000286323",1,"ENSG00000286323"
"ENSG00000286335",1,"ENSG00000286335"
"ENSG00000286343",1,"ENSG00000286343"
"ENSG00000286345",1,"ENSG00000286345"
"ENSG00000286346",1,"ENSG00000286346"
"ENSG00000286350",1,"ENSG00000286350"
"ENSG00000286357",1,"ENSG00000286357"
"ENSG00000286386",1,"ENSG00000286386"
"ENSG00000286394",1,"ENSG00000286394"
"ENSG00000286395",1,"ENSG00000286395"
"ENSG00000286409",1,"ENSG00000286409"
"ENSG00000286414",1,"ENSG00000286414"
"ENSG00000286419",1,"ENSG00000286419"
"ENSG00000286422",1,"ENSG00000286422"
"ENSG00000286432",1,"ENSG00000286432"
"ENSG00000286434",1,"ENSG00000286434"
"ENSG00000286436",1,"ENSG00000286436"
"ENSG00000286441",1,"ENSG00000286441"
"ENSG00000286442",1,"ENSG00000286442"
"ENSG00000286455",1,"ENSG00000286455"
"ENSG00000286461",1,"ENSG00000286461"
"ENSG00000286464",1,"ENSG00000286464"
"ENSG00000286465",1,"ENSG00000286465"
"ENSG00000286469",1,"ENSG00000286469"
"ENSG00000286476",1,"ENSG00000286476"
"ENSG00000286477",1,"ENSG00000286477"
"ENSG00000286481",1,"ENSG00000286481"
"ENSG00000286484",1,"ENSG00000286484"
"ENSG00000286486",1,"ENSG00000286486"
"ENSG00000286492",1,"ENSG00000286492"
"ENSG00000286493",1,"ENSG00000286493"
"ENSG00000286497",1,"ENSG00000286497"
"ENSG00000286499",1,"ENSG00000286499"
"ENSG00000286506",1,"ENSG00000286506"
"ENSG00000286510",1,"ENSG00000286510"
"ENSG00000286514",1,"ENSG00000286514"
"ENSG00000286515",1,"ENSG00000286515"
"ENSG00000286516",1,"ENSG00000286516"
"ENSG00000286521",1,"ENSG00000286521"
"ENSG00000286525",1,"ENSG00000286525"
"ENSG00000286526",1,"ENSG00000286526"
"ENSG00000286531",1,"ENSG00000286531"
"ENSG00000286537",1,"ENSG00000286537"
"ENSG00000286547",1,"ENSG00000286547"
"ENSG00000286554",1,"ENSG00000286554"
"ENSG00000286557",1,"ENSG00000286557"
"ENSG00000286558",1,"ENSG00000286558"
"ENSG00000286564",1,"ENSG00000286564"
"ENSG00000286567",1,"ENSG00000286567"
"ENSG00000286571",1,"ENSG00000286571"
"ENSG00000286609",1,"ENSG00000286609"
"ENSG00000286610",1,"ENSG00000286610"
"ENSG00000286628",1,"ENSG00000286628"
"ENSG00000286630",1,"ENSG00000286630"
"ENSG00000286641",1,"ENSG00000286641"
"ENSG00000286668",1,"ENSG00000286668"
"ENSG00000286680",1,"ENSG00000286680"
"ENSG00000286687",1,"ENSG00000286687"
"ENSG00000286695",1,"ENSG00000286695"
"ENSG00000286697",1,"ENSG00000286697"
"ENSG00000286700",1,"ENSG00000286700"
"ENSG00000286709",1,"ENSG00000286709"
"ENSG00000286711",1,"ENSG00000286711"
"ENSG00000286727",1,"ENSG00000286727"
"ENSG00000286737",1,"ENSG00000286737"
"ENSG00000286750",1,"ENSG00000286750"
"ENSG00000286751",1,"ENSG00000286751"
"ENSG00000286759",1,"ENSG00000286759"
"ENSG00000286761",1,"ENSG00000286761"
"ENSG00000286766",1,"ENSG00000286766"
"ENSG00000286770",1,"ENSG00000286770"
"ENSG00000286772",1,"ENSG00000286772"
"ENSG00000286791",1,"ENSG00000286791"
"ENSG00000286792",1,"ENSG00000286792"
"ENSG00000286798",1,"ENSG00000286798"
"ENSG00000286809",1,"ENSG00000286809"
"ENSG00000286820",1,"ENSG00000286820"
"ENSG00000286821",1,"ENSG00000286821"
"ENSG00000286822",1,"ENSG00000286822"
"ENSG00000286842",1,"ENSG00000286842"
"ENSG00000286845",1,"ENSG00000286845"
"ENSG00000286848",1,"ENSG00000286848"
"ENSG00000286852",1,"ENSG00000286852"
"ENSG00000286872",1,"ENSG00000286872"
"ENSG00000286876",1,"ENSG00000286876"
"ENSG00000286884",1,"ENSG00000286884"
"ENSG00000286891",1,"ENSG00000286891"
"ENSG00000286897",1,"ENSG00000286897"
"ENSG00000286903",1,"ENSG00000286903"
"ENSG00000286914",1,"ENSG00000286914"
"ENSG00000286936",1,"ENSG00000286936"
"ENSG00000286955",1,"ENSG00000286955"
"ENSG00000286961",1,"ENSG00000286961"
"ENSG00000286967",1,"ENSG00000286967"
"ENSG00000286972",1,"ENSG00000286972"
"ENSG00000286978",1,"ENSG00000286978"
"ENSG00000286992",1,"ENSG00000286992"
"ENSG00000286993",1,"ENSG00000286993"
"ENSG00000286995",1,"ENSG00000286995"
"ENSG00000287001",1,"ENSG00000287001"
"ENSG00000287002",1,"ENSG00000287002"
"ENSG00000287017",1,"ENSG00000287017"
"ENSG00000287028",1,"ENSG00000287028"
"ENSG00000287034",1,"ENSG00000287034"
"ENSG00000287046",1,"ENSG00000287046"
"ENSG00000287052",1,"ENSG00000287052"
"ENSG00000287057",1,"ENSG00000287057"
"ENSG00000287060",1,"ENSG00000287060"
"ENSG00000287084",1,"ENSG00000287084"
"ENSG00000287098",1,"ENSG00000287098"
"ENSG00000287099",1,"ENSG00000287099"
"ENSG00000287102",1,"ENSG00000287102"
"ENSG00000287111",1,"ENSG00000287111"
"ENSG00000287137",1,"ENSG00000287137"
"ENSG00000287138",1,"ENSG00000287138"
"ENSG00000287147",1,"ENSG00000287147"
"ENSG00000287152",1,"ENSG00000287152"
"ENSG00000287163",1,"ENSG00000287163"
"ENSG00000287172",1,"ENSG00000287172"
"ENSG00000287176",1,"ENSG00000287176"
"ENSG00000287178",1,"ENSG00000287178"
"ENSG00000287185",1,"ENSG00000287185"
"ENSG00000287194",1,"ENSG00000287194"
"ENSG00000287197",1,"ENSG00000287197"
"ENSG00000287198",1,"ENSG00000287198"
"ENSG00000287210",1,"ENSG00000287210"
"ENSG00000287233",1,"ENSG00000287233"
"ENSG00000287235",1,"ENSG00000287235"
"ENSG00000287239",1,"ENSG00000287239"
"ENSG00000287240",1,"ENSG00000287240"
"ENSG00000287246",1,"ENSG00000287246"
"ENSG00000287253",1,"ENSG00000287253"
"ENSG00000287256",1,"ENSG00000287256"
"ENSG00000287266",1,"ENSG00000287266"
"ENSG00000287270",1,"ENSG00000287270"
"ENSG00000287276",1,"CNTNAP3P7"
"ENSG00000287301",1,"ENSG00000287301"
"ENSG00000287314",1,"ENSG00000287314"
"ENSG00000287317",1,"ENSG00000287317"
"ENSG00000287321",1,"ENSG00000287321"
"ENSG00000287323",1,"ENSG00000287323"
"ENSG00000287324",1,"ENSG00000287324"
"ENSG00000287328",1,"ENSG00000287328"
"ENSG00000287339",1,"ENSG00000287339"
"ENSG00000287344",1,"ENSG00000287344"
"ENSG00000287345",1,"ENSG00000287345"
"ENSG00000287361",1,"ENSG00000287361"
"ENSG00000287365",1,"ENSG00000287365"
"ENSG00000287394",1,"MAGEA3-DT"
"ENSG00000287396",1,"ENSG00000287396"
"ENSG00000287398",1,"ENSG00000287398"
"ENSG00000287410",1,"ENSG00000287410"
"ENSG00000287418",1,"ENSG00000287418"
"ENSG00000287444",1,"ENSG00000287444"
"ENSG00000287448",1,"ENSG00000287448"
"ENSG00000287455",1,"ENSG00000287455"
"ENSG00000287457",1,"ENSG00000287457"
"ENSG00000287459",1,"ENSG00000287459"
"ENSG00000287462",1,"ENSG00000287462"
"ENSG00000287465",1,"ENSG00000287465"
"ENSG00000287468",1,"ENSG00000287468"
"ENSG00000287469",1,"ENSG00000287469"
"ENSG00000287472",1,"ENSG00000287472"
"ENSG00000287476",1,"ENSG00000287476"
"ENSG00000287478",1,"ENSG00000287478"
"ENSG00000287484",1,"ENSG00000287484"
"ENSG00000287488",1,"ENSG00000287488"
"ENSG00000287489",1,"ENSG00000287489"
"ENSG00000287497",1,"ENSG00000287497"
"ENSG00000287501",1,"ENSG00000287501"
"ENSG00000287504",1,"ENSG00000287504"
"ENSG00000287505",1,"ENSG00000287505"
"ENSG00000287516",1,"ENSG00000287516"
"ENSG00000287521",1,"ENSG00000287521"
"ENSG00000287531",1,"ENSG00000287531"
"ENSG00000287540",1,"ENSG00000287540"
"ENSG00000287552",1,"ENSG00000287552"
"ENSG00000287557",1,"ENSG00000287557"
"ENSG00000287571",1,"ENSG00000287571"
"ENSG00000287585",1,"ENSG00000287585"
"ENSG00000287588",1,"ENSG00000287588"
"ENSG00000287593",1,"ENSG00000287593"
"ENSG00000287596",1,"ENSG00000287596"
"ENSG00000287605",1,"ENSG00000287605"
"ENSG00000287611",1,"ENSG00000287611"
"ENSG00000287612",1,"ENSG00000287612"
"ENSG00000287615",1,"ENSG00000287615"
"ENSG00000287622",1,"ENSG00000287622"
"ENSG00000287641",1,"ENSG00000287641"
"ENSG00000287667",1,"ENSG00000287667"
"ENSG00000287674",1,"ENSG00000287674"
"ENSG00000287694",1,"ENSG00000287694"
"ENSG00000287696",1,"ENSG00000287696"
"ENSG00000287699",1,"ENSG00000287699"
"ENSG00000287725",1,"ENSG00000287725"
"ENSG00000287730",1,"ENSG00000287730"
"ENSG00000287745",1,"ENSG00000287745"
"ENSG00000287748",1,"ENSG00000287748"
"ENSG00000287749",1,"ENSG00000287749"
"ENSG00000287758",1,"ENSG00000287758"
"ENSG00000287774",1,"ENSG00000287774"
"ENSG00000287781",1,"ENSG00000287781"
"ENSG00000287785",1,"ENSG00000287785"
"ENSG00000287793",1,"ENSG00000287793"
"ENSG00000287805",1,"ENSG00000287805"
"ENSG00000287810",1,"ENSG00000287810"
"ENSG00000287820",1,"ENSG00000287820"
"ENSG00000287822",1,"ENSG00000287822"
"ENSG00000287823",1,"ENSG00000287823"
"ENSG00000287849",1,"ENSG00000287849"
"ENSG00000287860",1,"ENSG00000287860"
"ENSG00000287871",1,"ENSG00000287871"
"ENSG00000287880",1,"ENSG00000287880"
"ENSG00000287882",1,"ENSG00000287882"
"ENSG00000287883",1,"ENSG00000287883"
"ENSG00000287885",1,"ENSG00000287885"
"ENSG00000287904",1,"ENSG00000287904"
"ENSG00000287907",1,"ENSG00000287907"
"ENSG00000287908",1,"ENSG00000287908"
"ENSG00000287909",1,"ENSG00000287909"
"ENSG00000287914",1,"ENSG00000287914"
"ENSG00000287942",1,"ENSG00000287942"
"ENSG00000287943",1,"ENSG00000287943"
"ENSG00000287947",1,"ENSG00000287947"
"ENSG00000287954",1,"ENSG00000287954"
"ENSG00000287956",1,"ENSG00000287956"
"ENSG00000287958",1,"ENSG00000287958"
"ENSG00000287964",1,"ENSG00000287964"
"ENSG00000287982",1,"ENSG00000287982"
"ENSG00000287991",1,"ENSG00000287991"
"ENSG00000287994",1,"ENSG00000287994"
"ENSG00000287996",1,"ENSG00000287996"
"ENSG00000287999",1,"ENSG00000287999"
"ENSG00000288004",1,"ENSG00000288004"
"ENSG00000288006",1,"ENSG00000288006"
"ENSG00000288008",1,"ENSG00000288008"
"ENSG00000288016",1,"ENSG00000288016"
"ENSG00000288024",1,"ENSG00000288024"
"ENSG00000288036",1,"ENSG00000288036"
"ENSG00000288047",1,"ENSG00000288047"
"ENSG00000288071",1,"ENSG00000288071"
"ENSG00000288094",1,"ENSG00000288094"
"ENSG00000288097",1,"ENSG00000288097"
"ENSG00000288099",1,"ENSG00000288099"
"ENSG00000288107",1,"ENSG00000288107"
"ENSG00000288252",1,"ENSG00000288252"
"ENSG00000288262",1,"ENSG00000288262"
"ENSG00000288302",1,"ENSG00000288302"
"ENSG00000288321",1,"ENSG00000288321"
"ENSG00000288330",1,"ENSG00000288330"
"ENSG00000288434",1,"ANKRD33BP3"
"ENSG00000288527",1,"ENSG00000288527"
"ENSG00000288534",1,"ENSG00000288534"
"ENSG00000288535",1,"ENSG00000288535"
"ENSG00000288550",1,"ENSG00000288550"
"ENSG00000288552",1,"ENSG00000288552"
"ENSG00000288566",1,"ENSG00000288566"
"ENSG00000288569",1,"LINC01949"
"ENSG00000288583",1,"ENSG00000288583"
"ENSG00000288600",1,"ENSG00000288600"
"ENSG00000288610",1,"ENSG00000288610"
"ENSG00000288615",1,"ENSG00000288615"
"ENSG00000288618",1,"ENSG00000288618"
"ENSG00000288623",1,"ENSG00000288623"
"ENSG00000288659",1,"ENSG00000288659"
"ENSG00000288662",1,"ENSG00000288662"
"ENSG00000288680",1,"ENSG00000288680"
"ENSG00000288702",1,"UGT1A3"
"ENSG00000288705",1,"UGT1A5"
"ENSG00000288713",1,"ENSG00000288713"
"ENSG00000288716",1,"ENSG00000288716"
"ENSG00000288724",1,"ENSG00000288724"
"ENSG00000288731",1,"ENSG00000288731"
"ENSG00000288737",1,"ENSG00000288737"
"ENSG00000288740",1,"ENSG00000288740"
"ENSG00000288742",1,"ENSG00000288742"
"ENSG00000288747",1,"ENSG00000288747"
"ENSG00000288775",1,"ENSG00000288775"
"ENSG00000288776",1,"ENSG00000288776"
"ENSG00000288781",1,"ENSG00000288781"
"ENSG00000288786",1,"ENSG00000288786"
"ENSG00000288790",1,"ENSG00000288790"
"ENSG00000288801",1,"ENSG00000288801"
"ENSG00000288831",1,"ENSG00000288831"
"ENSG00000288834",1,"ENSG00000288834"
"ENSG00000288836",1,"ENSG00000288836"
"ENSG00000288842",1,"ENSG00000288842"
"ENSG00000288860",1,"ENSG00000288860"
"ENSG00000288861",1,"ENSG00000288861"
"ENSG00000288883",1,"ENSG00000288883"
"ENSG00000288887",1,"ENSG00000288887"
"ENSG00000288902",1,"ENSG00000288902"
"ENSG00000288914",1,"ENSG00000288914"
"ENSG00000288922",1,"ENSG00000288922"
"ENSG00000288941",1,"ENSG00000288941"
"ENSG00000288951",1,"ENSG00000288951"
"ENSG00000288970",1,"ENSG00000288970"
"ENSG00000288975",1,"ENSG00000288975"
"ENSG00000288977",1,"ENSG00000288977"
"ENSG00000288980",1,"ENSG00000288980"
"ENSG00000289011",1,"ENSG00000289011"
"ENSG00000289020",1,"ENSG00000289020"
"ENSG00000289033",1,"ENSG00000289033"
"ENSG00000289053",1,"ENSG00000289053"
"ENSG00000289061",1,"ENSG00000289061"
"ENSG00000289062",1,"ENSG00000289062"
"ENSG00000289066",1,"ENSG00000289066"
"ENSG00000289079",1,"ENSG00000289079"
"ENSG00000289093",1,"ENSG00000289093"
"ENSG00000289104",1,"ENSG00000289104"
"ENSG00000289118",1,"ENSG00000289118"
"ENSG00000289120",1,"ENSG00000289120"
"ENSG00000289129",1,"ENSG00000289129"
"ENSG00000289139",1,"ENSG00000289139"
"ENSG00000289163",1,"ENSG00000289163"
"ENSG00000289167",1,"ENSG00000289167"
"ENSG00000289172",1,"ENSG00000289172"
"ENSG00000289179",1,"ENSG00000289179"
"ENSG00000289189",1,"ENSG00000289189"
"ENSG00000289191",1,"ENSG00000289191"
"ENSG00000289201",1,"ENSG00000289201"
"ENSG00000289202",1,"ENSG00000289202"
"ENSG00000289203",1,"ENSG00000289203"
"ENSG00000289217",1,"ENSG00000289217"
"ENSG00000289219",1,"ENSG00000289219"
"ENSG00000289220",1,"ENSG00000289220"
"ENSG00000289246",1,"ENSG00000289246"
"ENSG00000289248",1,"ENSG00000289248"
"ENSG00000289263",1,"ENSG00000289263"
"ENSG00000289271",1,"ENSG00000289271"
"ENSG00000289278",1,"ENSG00000289278"
"ENSG00000289300",1,"ENSG00000289300"
"ENSG00000289309",1,"ENSG00000289309"
"ENSG00000289315",1,"ENSG00000289315"
"ENSG00000289348",1,"ENSG00000289348"
"ENSG00000289355",1,"ENSG00000289355"
"ENSG00000289356",1,"ENSG00000289356"
"ENSG00000289359",1,"ENSG00000289359"
"ENSG00000289360",1,"ENSG00000289360"
"ENSG00000289361",1,"ENSG00000289361"
"ENSG00000289377",1,"ENSG00000289377"
"ENSG00000289383",1,"ENSG00000289383"
"ENSG00000289389",1,"ENSG00000289389"
"ENSG00000289398",1,"ENSG00000289398"
"ENSG00000289400",1,"ENSG00000289400"
"ENSG00000289420",1,"ENSG00000289420"
"ENSG00000289427",1,"ENSG00000289427"
"ENSG00000289450",1,"ENSG00000289450"
"ENSG00000289465",1,"ENSG00000289465"
"ENSG00000289473",1,"ENSG00000289473"
"ENSG00000289474",1,"ENSG00000289474"
"ENSG00000289475",1,"ENSG00000289475"
"ENSG00000289484",1,"ENSG00000289484"
"ENSG00000289485",1,"ENSG00000289485"
"ENSG00000289495",1,"ENSG00000289495"
"ENSG00000289497",1,"ENSG00000289497"
"ENSG00000289512",1,"ENSG00000289512"
"ENSG00000289513",1,"ENSG00000289513"
"ENSG00000289525",1,"ENSG00000289525"
"ENSG00000289535",1,"ENSG00000289535"
"ENSG00000289536",1,"ENSG00000289536"
"ENSG00000289545",1,"LINC03063"
"ENSG00000289547",1,"ENSG00000289547"
"ENSG00000289548",1,"ENSG00000289548"
"ENSG00000289556",1,"ENSG00000289556"
"ENSG00000289561",1,"ENSG00000289561"
"ENSG00000289568",1,"COX8BP"
"ENSG00000289576",1,"ENSG00000289576"
"ENSG00000289577",1,"ENSG00000289577"
"ENSG00000289596",1,"ENSG00000289596"
"ENSG00000289597",1,"ENSG00000289597"
"ENSG00000289598",1,"ENSG00000289598"
"ENSG00000289608",1,"ENSG00000289608"
"ENSG00000289619",1,"ENSG00000289619"
"ENSG00000289621",1,"ENSG00000289621"
"ENSG00000289622",1,"ENSG00000289622"
"ENSG00000289625",1,"IUR1"
"ENSG00000289634",1,"ENSG00000289634"
"ENSG00000289691",1,"ENSG00000289691"
"ENSG00000289710",1,"ENSG00000289710"
"ENSG00000289711",1,"ENSG00000289711"
"ENSG00000289712",1,"ENSG00000289712"
"ENSG00000289714",1,"ENSG00000289714"
"ENSG00000289715",1,"ENSG00000289715"
"ENSG00000289716",1,"XNDC1N-ZNF705EP-ALG1L9P"
"ENSG00000289720",1,"ENSG00000289720"
"ENSG00000289732",1,"ENSG00000289732"
"ENSG00000289733",1,"ENSG00000289733"
"ENSG00000289734",1,"ENSG00000289734"
"ENSG00000289736",1,"ENSG00000289736"
"ENSG00000289739",1,"ENSG00000289739"
"ENSG00000289742",1,"CD200R1P1"
"ENSG00000289809",1,"ENSG00000289809"
"ENSG00000289834",1,"ENSG00000289834"
"ENSG00000289838",1,"ENSG00000289838"
"ENSG00000289846",1,"ENSG00000289846"
"ENSG00000289849",1,"ENSG00000289849"
"ENSG00000289851",1,"ENSG00000289851"
"ENSG00000289853",1,"ENSG00000289853"
"ENSG00000289867",1,"ENSG00000289867"
"ENSG00000289882",1,"ENSG00000289882"
"ENSG00000289908",1,"ENSG00000289908"
"ENSG00000289920",1,"ENSG00000289920"
"ENSG00000289921",1,"ENSG00000289921"
"ENSG00000289922",1,"ENSG00000289922"
"ENSG00000289925",1,"ENSG00000289925"
"ENSG00000289930",1,"ENSG00000289930"
"ENSG00000289932",1,"ENSG00000289932"
"ENSG00000289936",1,"ENSG00000289936"
"ENSG00000289939",1,"ENSG00000289939"
"ENSG00000289940",1,"ENSG00000289940"
"ENSG00000289941",1,"ENSG00000289941"
"ENSG00000289942",1,"ENSG00000289942"
"ENSG00000289947",1,"ENSG00000289947"
"ENSG00000289948",1,"ENSG00000289948"
"ENSG00000289961",1,"ENSG00000289961"
"ENSG00000289988",1,"ENSG00000289988"
"ENSG00000289998",1,"ENSG00000289998"
"ENSG00000290016",1,"ENSG00000290016"
"ENSG00000290036",1,"ENSG00000290036"
"ENSG00000290042",1,"ENSG00000290042"
"ENSG00000290050",1,"ENSG00000290050"
"ENSG00000290055",1,"ENSG00000290055"
"ENSG00000290059",1,"ENSG00000290059"
"ENSG00000290060",1,"ENSG00000290060"
"ENSG00000290062",1,"ENSG00000290062"
"ENSG00000290081",1,"ENSG00000290081"
"ENSG00000290084",1,"ENSG00000290084"
"ENSG00000290106",1,"ENSG00000290106"
"ENSG00000290109",1,"ENSG00000290109"
"ENSG00000290125",1,"ENSG00000290125"
"ENSG00000290234",1,"ENSG00000290234"
"ENSG00000290318",1,"ENSG00000290318"
"ENSG00000290383",1,"ENSG00000290383"
"ENSG00000290387",1,"SORD2P"
"ENSG00000290388",1,"CST13P"
"ENSG00000290401",1,"GRM5P1"
"ENSG00000290404",1,"ENSG00000290404"
"ENSG00000290405",1,"ENSG00000290405"
"ENSG00000290408",1,"HSFY1P1"
"ENSG00000290413",1,"ENSG00000290413"
"ENSG00000290414",1,"ENSG00000290414"
"ENSG00000290417",1,"ENSG00000290417"
"ENSG00000290418",1,"TPTEP1"
"ENSG00000290423",1,"ENSG00000290423"
"ENSG00000290425",1,"PI4KAP1"
"ENSG00000290445",1,"CCNYL2"
"ENSG00000290454",1,"ENSG00000290454"
"ENSG00000290457",1,"ENSG00000290457"
"ENSG00000290461",1,"ENSG00000290461"
"ENSG00000290490",1,"ENSG00000290490"
"ENSG00000290498",1,"ENSG00000290498"
"ENSG00000290524",1,"ENSG00000290524"
"ENSG00000290529",1,"ENSG00000290529"
"ENSG00000290531",1,"ENSG00000290531"
"ENSG00000290547",1,"ENSG00000290547"
"ENSG00000290558",1,"ENSG00000290558"
"ENSG00000290580",1,"ENSG00000290580"
"ENSG00000290584",1,"TAAR3P"
"ENSG00000290599",1,"ENSG00000290599"
"ENSG00000290603",1,"CEACAM22P"
"ENSG00000290604",1,"FMO9P"
"ENSG00000290614",1,"PRSS40A"
"ENSG00000290620",1,"ENSG00000290620"
"ENSG00000290646",1,"ENSG00000290646"
"ENSG00000290648",1,"ENSG00000290648"
"ENSG00000290649",1,"OR51H1"
"ENSG00000290650",1,"ENSG00000290650"
"ENSG00000290651",1,"ENSG00000290651"
"ENSG00000290664",1,"ENSG00000290664"
"ENSG00000290673",1,"ENSG00000290673"
"ENSG00000290674",1,"ENSG00000290674"
"ENSG00000290676",1,"SERPINA13P"
"ENSG00000290677",1,"ENSG00000290677"
"ENSG00000290686",1,"ENSG00000290686"
"ENSG00000290694",1,"ENSG00000290694"
"ENSG00000290700",1,"ENSG00000290700"
"ENSG00000290702",1,"ENSG00000290702"
"ENSG00000290703",1,"ENSG00000290703"
"ENSG00000290705",1,"ENSG00000290705"
"ENSG00000290708",1,"SSX9P"
"ENSG00000290720",1,"ZNF542P"
"ENSG00000290722",1,"WDR87BP"
"ENSG00000290745",1,"ENSG00000290745"
"ENSG00000290748",1,"ENSG00000290748"
"ENSG00000290752",1,"ENSG00000290752"
"ENSG00000290753",1,"ENSG00000290753"
"ENSG00000290764",1,"CHIAP2"
"ENSG00000290766",1,"ENSG00000290766"
"ENSG00000290770",1,"MFSD14CP"
"ENSG00000290777",1,"ENSG00000290777"
"ENSG00000290795",1,"C2orf83"
"ENSG00000290802",1,"ENSG00000290802"
"ENSG00000290804",1,"ENSG00000290804"
"ENSG00000290810",1,"YWHAEP7"
"ENSG00000290813",1,"ENSG00000290813"
"ENSG00000290815",1,"ENSG00000290815"
"ENSG00000290836",1,"PMCHL2"
"ENSG00000290844",1,"ADAM6"
"ENSG00000290861",1,"KRT42P"
"ENSG00000290862",1,"NMRAL2P"
"ENSG00000290868",1,"CSAG4"
"ENSG00000290871",1,"GTF2IP1"
"ENSG00000290883",1,"ENSG00000290883"
"ENSG00000290885",1,"ENSG00000290885"
"ENSG00000290898",1,"AGAP12P"
"ENSG00000290906",1,"ENSG00000290906"
"ENSG00000290911",1,"ENSG00000290911"
"ENSG00000290914",1,"ENSG00000290914"
"ENSG00000290922",1,"ENSG00000290922"
"ENSG00000290927",1,"ENSG00000290927"
"ENSG00000290961",1,"ENSG00000290961"
"ENSG00000290965",1,"OR7E47P"
"ENSG00000290966",1,"KRT87P"
"ENSG00000290980",1,"ENSG00000290980"
"ENSG00000291000",1,"ENSG00000291000"
"ENSG00000291002",1,"ENSG00000291002"
"ENSG00000291014",1,"CLCA3P"
"ENSG00000291021",1,"ENSG00000291021"
"ENSG00000291025",1,"ENSG00000291025"
"ENSG00000291030",1,"ENSG00000291030"
"ENSG00000291038",1,"ENSG00000291038"
"ENSG00000291053",1,"CATSPER2P1"
"ENSG00000291059",1,"CLEC4OP"
"ENSG00000291060",1,"ENSG00000291060"
"ENSG00000291063",1,"ENSG00000291063"
"ENSG00000291067",1,"ENSG00000291067"
"ENSG00000291071",1,"FAM86JP"
"ENSG00000291081",1,"ENSG00000291081"
"ENSG00000291092",1,"PMS2P3"
"ENSG00000291102",1,"GUSBP1"
"ENSG00000291115",1,"ZNF300P1"
"ENSG00000291119",1,"DPY19L2P4"
"ENSG00000291126",1,"ENSG00000291126"
"ENSG00000291127",1,"ANKRD36BP2"
"ENSG00000291134",1,"WASH2P"
"ENSG00000291136",1,"ENSG00000291136"
"ENSG00000291139",1,"DPY19L2P2"
"ENSG00000291150",1,"LSP1P5"
"ENSG00000291151",1,"NSUN5P1"
"ENSG00000291172",1,"SPATA31D5P"
"ENSG00000291191",1,"OR4F13P"
"ENSG00000291193",1,"ENSG00000291193"
"ENSG00000291212",1,"ENSG00000291212"
"ENSG00000291225",1,"ENSG00000291225"
"ENSG00000291241",1,"ENSG00000291241"
"ENSG00000291243",1,"ENSG00000291243"
"ENSG00000291254",1,"ENSG00000291254"
"ENSG00000291271",1,"ENSG00000291271"
"ENSG00000291282",1,"ENSG00000291282"
"ENSG00000291286",1,"ENSG00000291286"
"ENSG00000291291",1,"ENSG00000291291"
"ENSG00000291297",1,"ENSG00000291297"
"ENSG00000291315",1,"ENSG00000291315"
"ENSG00000292223",1,"ADIPINT"
"ENSG00000292285",1,"ENSG00000292285"
"ENSG00000292334",1,"SLC25A6"
"ENSG00000292344",1,"PLCXD1"
