condition_1	condition_2	conseqPair	feature	propOfRelevantEvents	propCiLo	propCiHi	propPval	nUp	nDown	propQval	Significant
FT	RGC	coding_potential	Transcript is Noncoding (paired with Transcript is coding)	0.4915254237288136	0.3983256920338323	0.5851606141979243	0.9267042229477828	58	60	1	FALSE
FT	RGC	domain_isotype	Domain non-reference isotype loss (paired with Domain non-reference isotype gain)	0.375	0.2491840676377305	0.5145216934370633	0.0814268146095066	21	35	0.22850393162444532	FALSE
FT	RGC	domains_identified	Domain loss (paired with Domain gain)	0.5346534653465347	0.46332143802590975	0.6049535123039722	0.36039504199377576	108	94	0.7207900839875515	FALSE
FT	RGC	intron_retention	Intron retention loss (paired with Intron retention gain)	0.40229885057471265	0.2985147241717648	0.5129311068514895	0.085688974359167	35	52	0.22850393162444532	FALSE
FT	RGC	NMD_status	NMD sensitive (paired with NMD insensitive)	0.5106382978723404	0.3606447033847417	0.6592430351651022	1	24	23	1	FALSE
FT	RGC	ORF	Complete ORF loss (paired with Complete ORF gain)	0.4915254237288136	0.3983256920338323	0.5851606141979243	0.9267042229477828	58	60	1	FALSE
FT	RGC	ORF_length	ORF is shorter (paired with ORF is longer)	0.5138888888888888	0.4451300639807571	0.5822613171452609	0.73378877533839	111	105	1	FALSE
FT	RGC	signal_peptide_identified	Signal peptide loss (paired with Signal peptide gain)	0.7096774193548387	0.5196393417710907	0.8577714709024749	0.029449373483657837	22	9	0.22850393162444532	FALSE
