condition_1	condition_2	AStype	nUp	nDown	propUp	propUpCiLo	propUpCiHi	propUpPval	propUpQval	Significant	Comparison
FT	RGC	A3 gain (paired with A3 loss)	17	21	0.4473684210526316	0.2862414990005961	0.6170092488357104	0.6271025701571487	0.8012663296290812	FALSE	FT
vs
RGC
FT	RGC	A5 gain (paired with A5 loss)	20	19	0.5128205128205128	0.3478022093573409	0.6758192190343923	1	1	FALSE	FT
vs
RGC
FT	RGC	ATSS gain (paired with ATSS loss)	66	52	0.559322033898305	0.4649910125261717	0.6506036840164924	0.23126568219748775	0.6167084858599673	FALSE	FT
vs
RGC
FT	RGC	ATTS gain (paired with ATTS loss)	53	64	0.452991452991453	0.3607652005411395	0.5476547309124016	0.3552796816522475	0.710559363304495	FALSE	FT
vs
RGC
FT	RGC	ES (paired with EI)	39	93	0.29545454545454547	0.219263381988495	0.38107207371953256	2.927054267053964e-6	2.3416434136431713e-5	TRUE	FT
vs
RGC
FT	RGC	IR gain (paired with IR loss)	15	12	0.5555555555555556	0.3532642303220056	0.7452011933682621	0.7011080384254461	0.8012663296290812	FALSE	FT
vs
RGC
FT	RGC	MEE gain (paired with MEE loss)	2	0	1	0.15811388300841905	1	0.5	0.8	FALSE	FT
vs
RGC
FT	RGC	MES (paired with MEI)	20	38	0.3448275862068966	0.2249009343663367	0.48119731512356356	0.02474603584244084	0.09898414336976336	FALSE	FT
vs
RGC
