ID	Description	GeneRatio	BgRatio	pvalue	p.adjust	qvalue	geneID	Count
GO:0062023	collagen-containing extracellular matrix	27/164	466/22568	6.695933476982743e-17	1.1851802254259455e-14	9.303823357491812e-15	ACTA2/DST/HSP90B1/CCN1/LAMB2/COL1A2/COL2A1/COL5A2/SERPINH1/COLEC12/MFAP4/MFGE8/FBN1/COL4A1/FBN2/APOE/P3H2/HSPG2/COL4A5/SDC2/MDK/COL18A1/MFAP2/AGRN/LAMA5/ANXA6/FBLN1	27
GO:0005788	endoplasmic reticulum lumen	19/164	337/22568	5.803409933203184e-12	5.136017790884818e-10	4.031842690435897e-10	HSP90B1/CCN1/LAMB2/COL1A2/COL2A1/COL5A2/SERPINH1/MFGE8/FBN1/PDGFC/COL4A1/FKBP10/APOE/P3H2/COL4A5/SDC2/APLP2/APP/COL18A1	19
GO:0031252	cell leading edge	16/164	461/22568	2.740055934041816e-7	1.6166330010846714e-5	1.2690785378719987e-5	EPB41L3/ERBB2/PHPT1/ACTA2/CFL1/DST/TPM1/FAT1/SGCE/VIM/PDPN/PDLIM7/INPPL1/EGFR/RAB13/MYH10	16
GO:0005925	focal adhesion	15/164	495/22568	3.5130617427685217e-6	1.5545298211750707e-4	1.2203267106459075e-4	CFL1/DST/HSP90B1/KIF23/FAT1/AHNAK/RPL10A/ADD1/VIM/PDLIM7/HSPG2/EGFR/ACTN4/ANXA6/HSPB1	15
GO:0043292	contractile fiber	10/164	260/22568	2.1485527425337605e-5	7.605876708569512e-4	5.97071498977803e-4	ACTA2/DST/CRYAB/TPM1/AHNAK/PDLIM7/CALM2/ACTN4/CALD1/HSPB1	10
GO:0030016	myofibril	9/164	250/22568	9.273739446877225e-5	0.0027357531368287814	0.002147602819276831	DST/CRYAB/TPM1/AHNAK/PDLIM7/CALM2/ACTN4/CALD1/HSPB1	9
GO:0030027	lamellipodium	8/164	220/22568	2.1329367888328512e-4	0.005393283023191638	0.0042337993402396445	PHPT1/ACTA2/CFL1/FAT1/PDPN/INPPL1/RAB13/MYH10	8
