ID	Description	GeneRatio	BgRatio	pvalue	p.adjust	qvalue	geneID	Count
GO:0002181	cytoplasmic translation	15/417	178/21261	2.4707000487395848e-6	0.00969749769130287	0.009274227761900379	RPLP1/RPS17/RPS8/SH3BGRL/RPS13/RPS10/FMR1/RPL10/RPL38/RPL30/CPEB4/FTSJ1/RPL22L1/RPS9/RPL35	15
GO:0000381	regulation of alternative mRNA splicing, via spliceosome	8/417	57/21261	1.4596507220612148e-5	0.02864564542045134	0.027395339341422593	FMR1/ZBTB7A/RBMX/CELF4/RBM5/KHDRBS2/DDX5/CELF1	8
GO:0043484	regulation of RNA splicing	14/417	194/21261	3.1029077807731236e-5	0.040596376798448366	0.03882445314469109	RBM3/RPS13/FMR1/HSPA1A/KAT2A/ZBTB7A/RBMX/CELF4/RBM5/KHDRBS2/DDX5/CELF1/SLC38A2/ENY2	14
