ID	Description	GeneRatio	BgRatio	pvalue	p.adjust	qvalue	geneID	Count
GO:0003779	actin binding	38/703	475/21059	6.833175682528643e-7	1.3051365553629708e-4	1.0789224761887333e-4	CAP2/PLEKHG3/LIMD2/SHTN1/KIF18A/ADD2/GAS2L3/TAGLN3/IQGAP2/PDLIM3/MYO5B/PKNOX2/FMN1/TULP1/SETD3/SPTBN1/COBLL1/EPB41L3/DMD/AFAP1/FAM107A/VASH2/HOOK1/MYO3A/LIMA1/COBL/INF2/PPP1R18/MYO3B/MYLK/GAS7/EPB41L2/MYO16/ESPN/KCNMA1/ABLIM3/CTNNA2/SYNE2	38
GO:0015081	sodium ion transmembrane transporter activity	16/703	164/21059	1.2578650182504714e-4	0.008670807347124065	0.007167931121899201	SLC17A7/NALCN/SLC6A11/SLC38A2/SLC4A4/SLC1A3/SLC1A2/SLC24A2/HCN1/SLC23A2/GRIK3/SLC38A5/SLC6A6/SLC18A2/GRIK2/SLC4A8	16
GO:0046873	metal ion transmembrane transporter activity	32/703	473/21059	1.361906913160848e-4	0.008670807347124065	0.007167931121899201	SLC17A7/SLC12A5/NALCN/SLC6A11/SNAP25/SLC38A2/SLC4A4/SLC12A7/SLC1A3/SLC46A3/SLC1A2/SLC24A2/KCNT2/HCN1/KCNA2/SLC23A2/CACNA1H/SLC39A10/SLC25A28/KCNB1/GRIK3/SLC39A7/FKBP1B/ITPR2/KCNMA1/KCNB2/SLC38A5/SLC6A6/SLC18A2/GRIK2/SLC4A8/CACNA1D	32
GO:0015293	symporter activity	15/703	157/21059	2.5480480300109625e-4	0.00961470455603048	0.007948226417220018	SLC17A7/SLC12A5/SLC6A11/SLC38A2/SLC4A4/SLC12A7/SLC1A3/SLC46A3/SLC1A2/SLC24A2/SLC23A2/SLC39A10/SLC6A6/SLC18A2/SLC4A8	15
GO:0015294	solute:monoatomic cation symporter activity	13/703	124/21059	2.6162870654639303e-4	0.00961470455603048	0.007948226417220018	SLC17A7/SLC12A5/SLC6A11/SLC38A2/SLC4A4/SLC12A7/SLC1A3/SLC1A2/SLC23A2/SLC39A10/SLC6A6/SLC18A2/SLC4A8	13
GO:0008017	microtubule binding	22/703	289/21059	3.0203260385436065e-4	0.00961470455603048	0.007948226417220018	RP1/FSD1/KIF18A/KIF3C/GAS2L3/CKAP5/MID1/FMN1/UXT/CFAP144/KIF23/DCX/MAP2/VASH2/HOOK1/KIFC3/EML3/NDE1/FAM161A/GTSE1/RPS3/HAUS4	22
