condition_1	condition_2	conseqPair	feature	propOfRelevantEvents	propCiLo	propCiHi	propPval	nUp	nDown	propQval	Significant
FT	RGC	domains_identified	Domain loss (paired with Domain gain)	0.5151515151515151	0.33544447838855584	0.6920365563952677	1	17	16	1	FALSE
FT	RGC	intron_retention	Intron retention loss (paired with Intron retention gain)	0.3183856502242152	0.25778729708677783	0.383890507127468	6.11482601315412e-8	71	152	3.668895607892472e-7	TRUE
FT	RGC	NMD_status	NMD sensitive (paired with NMD insensitive)	0.6470588235294118	0.565786391414016	0.7225130554930421	3.4297932284252315e-4	99	54	7.392838649372787e-4	TRUE
FT	RGC	ORF	Complete ORF loss (paired with Complete ORF gain)	0.52	0.3130570444570322	0.7220319903300535	1	13	12	1	FALSE
FT	RGC	ORF_length	ORF is shorter (paired with ORF is longer)	0.5658602150537635	0.5293712257519984	0.6018251098301592	3.6964193246863934e-4	421	323	7.392838649372787e-4	TRUE
FT	RGC	signal_peptide_identified	Signal peptide loss (paired with Signal peptide gain)	1	0.025000000000000022	1	1	1	0	1	FALSE
