condition_1	condition_2	conseqPair	feature	propOfRelevantEvents	propCiLo	propCiHi	propPval	nUp	nDown	propQval	Significant
FT	RGC	coding_potential	Transcript is Noncoding (paired with Transcript is coding)	0.5121951219512195	0.4204518759975895	0.60333757567727	0.8569843282497014	63	60	0.8569843282497014	FALSE
FT	RGC	domain_isotype	Domain non-reference isotype loss (paired with Domain non-reference isotype gain)	0.3	0.21632295838232082	0.39476911134846915	3.2968136519593475e-5	33	77	1.318725460783739e-4	TRUE
FT	RGC	domains_identified	Domain loss (paired with Domain gain)	0.5970588235294118	0.5427929651838108	0.6496186857991839	4.0758313687789177e-4	203	137	8.151662737557835e-4	TRUE
FT	RGC	intron_retention	Intron retention loss (paired with Intron retention gain)	0.3183856502242152	0.25778729708677783	0.383890507127468	6.11482601315412e-8	71	152	4.891860810523296e-7	TRUE
FT	RGC	NMD_status	NMD sensitive (paired with NMD insensitive)	0.5945945945945946	0.49725084434046163	0.6867611238464743	0.05716364524660193	66	45	0.0914618323945631	FALSE
FT	RGC	ORF	Complete ORF loss (paired with Complete ORF gain)	0.5193798449612403	0.4297205805132126	0.6081294006742899	0.7248543669717588	67	62	0.8284049908248671	FALSE
FT	RGC	ORF_length	ORF is shorter (paired with ORF is longer)	0.572347266881029	0.5323966793723164	0.6116079077342746	3.512640516868524e-4	356	266	8.151662737557835e-4	TRUE
FT	RGC	signal_peptide_identified	Signal peptide loss (paired with Signal peptide gain)	0.625	0.473505760646776	0.7604775965434142	0.1114028910610189	30	18	0.14853718808135852	FALSE
