condition_1	condition_2	conseqPair	feature	propOfRelevantEvents	propCiLo	propCiHi	propPval	nUp	nDown	propQval	Significant
FT	RGC	coding_potential	Transcript is Noncoding (paired with Transcript is coding)	0.5416666666666666	0.328208075695178	0.7444697980052537	0.8388197422027589	13	11	0.9586511339460101	FALSE
FT	RGC	domain_isotype	Domain non-reference isotype loss (paired with Domain non-reference isotype gain)	0.20454545454545456	0.09804317636059105	0.3530450567782494	1.0604466626773554e-4	9	35	3.5870421580932256e-4	TRUE
FT	RGC	domains_identified	Domain loss (paired with Domain gain)	0.7291666666666666	0.6288607694507047	0.8148465818170461	8.049550377189274e-6	70	26	6.439640301751419e-5	TRUE
FT	RGC	intron_retention	Intron retention loss (paired with Intron retention gain)	0.25	0.14718607379900359	0.3785963554795443	1.3451408092849597e-4	15	45	3.5870421580932256e-4	TRUE
FT	RGC	NMD_status	NMD sensitive (paired with NMD insensitive)	0.6	0.42111772188209984	0.7612918895466585	0.31050465907901514	21	14	0.4968074545264243	FALSE
FT	RGC	ORF	Complete ORF loss (paired with Complete ORF gain)	0.52	0.3130570444570322	0.7220319903300535	1	13	12	1	FALSE
FT	RGC	ORF_length	ORF is shorter (paired with ORF is longer)	0.5899581589958159	0.5247150235459044	0.65294122344512	0.006471864090315636	141	98	0.012943728180631272	TRUE
FT	RGC	signal_peptide_identified	Signal peptide loss (paired with Signal peptide gain)	0.6	0.26237807660694507	0.8784477418801728	0.7539062500000002	6	4	0.9586511339460101	FALSE
