condition_1	condition_2	conseqPair	feature	propOfRelevantEvents	propCiLo	propCiHi	propPval	nUp	nDown	propQval	Significant
FT	RGC	domains_identified	Domain loss (paired with Domain gain)	0.8333333333333334	0.515862251314033	0.9791374745399076	0.038574218750000014	10	2	0.07714843750000003	FALSE
FT	RGC	intron_retention	Intron retention loss (paired with Intron retention gain)	0.234375	0.13751547844059606	0.356934110396266	2.4364572162933253e-5	15	49	1.461874329775995e-4	TRUE
FT	RGC	NMD_status	NMD sensitive (paired with NMD insensitive)	0.5869565217391305	0.43227240756201923	0.7300254221893003	0.30199561318966095	27	19	0.4529934197844914	FALSE
FT	RGC	ORF	Complete ORF loss (paired with Complete ORF gain)	0.3333333333333333	0.008403758659612641	0.9057006759497539	1	1	2	1	FALSE
FT	RGC	ORF_length	ORF is shorter (paired with ORF is longer)	0.5827338129496403	0.5223450475216361	0.641339573843897	0.006849966322085285	162	116	0.020549898966255857	TRUE
FT	RGC	signal_peptide_identified	Signal peptide loss (paired with Signal peptide gain)	1	0.15811388300841905	1	0.5	2	0	0.6	FALSE
