condition_1	condition_2	AStype	nUp	nDown	propUp	propUpCiLo	propUpCiHi	propUpPval	propUpQval	Significant	Comparison
FT	RGC	A3 gain (paired with A3 loss)	11	21	0.34375	0.18571909171656603	0.5319310362802685	0.1101841651834547	0.1979703080609485	FALSE	FT
vs
RGC
FT	RGC	A5 gain (paired with A5 loss)	3	7	0.3	0.0667395111777345	0.6524528500599973	0.3437500000000001	0.39285714285714296	FALSE	FT
vs
RGC
FT	RGC	ATSS gain (paired with ATSS loss)	51	35	0.5930232558139535	0.4816946927181723	0.6977554011607012	0.10522535125694427	0.1979703080609485	FALSE	FT
vs
RGC
FT	RGC	ATTS gain (paired with ATTS loss)	37	24	0.6065573770491803	0.47313607039430183	0.7292710789301835	0.1237314425380928	0.1979703080609485	FALSE	FT
vs
RGC
FT	RGC	ES (paired with EI)	17	46	0.2698412698412698	0.1657125784339606	0.39651471929349225	3.3670934946623804e-4	0.0026936747957299043	TRUE	FT
vs
RGC
FT	RGC	IR gain (paired with IR loss)	7	2	0.7777777777777778	0.3999064262836879	0.9718550265221018	0.17968750000000006	0.2395833333333334	FALSE	FT
vs
RGC
FT	RGC	MEE gain (paired with MEE loss)	1	0	1	0.025000000000000022	1	1	1	FALSE	FT
vs
RGC
FT	RGC	MES (paired with MEI)	3	14	0.17647058823529413	0.03798506807062598	0.4343178728442839	0.012725830078124997	0.050903320312499986	FALSE	FT
vs
RGC
