condition_1	condition_2	AStype	nUp	nDown	propUp	propUpCiLo	propUpCiHi	propUpPval	propUpQval	Significant	Comparison
FT	RGC	A3 gain (paired with A3 loss)	54	71	0.432	0.34372945780504816	0.5235677520795261	0.15212086696675994	0.3042417339335199	FALSE	FT
vs
RGC
FT	RGC	A5 gain (paired with A5 loss)	52	51	0.5048543689320388	0.40456120576033305	0.6048611882827446	1	1	FALSE	FT
vs
RGC
FT	RGC	ATSS gain (paired with ATSS loss)	208	175	0.5430809399477807	0.49171804965984334	0.5937729866717523	0.10189830227796214	0.2717288060745657	FALSE	FT
vs
RGC
FT	RGC	ATTS gain (paired with ATTS loss)	157	178	0.46865671641791046	0.4142118533741927	0.5236604954157879	0.2744954552372516	0.3659939403163355	FALSE	FT
vs
RGC
FT	RGC	ES (paired with EI)	131	176	0.42671009771986973	0.3706994189695668	0.4841489692417894	0.011908132438174941	0.047632529752699763	TRUE	FT
vs
RGC
FT	RGC	IR gain (paired with IR loss)	53	25	0.6794871794871795	0.5641613496031348	0.7807114921034932	0.002031140374162732	0.016249122993301855	TRUE	FT
vs
RGC
FT	RGC	MEE gain (paired with MEE loss)	5	1	0.8333333333333334	0.3587654210023252	0.9957892554855106	0.21875000000000008	0.35000000000000014	FALSE	FT
vs
RGC
FT	RGC	MES (paired with MEI)	56	62	0.4745762711864407	0.38191360273255803	0.5685453981131043	0.6454967635578216	0.7377105869232247	FALSE	FT
vs
RGC
