ID	Description	GeneRatio	BgRatio	pvalue	p.adjust	qvalue	geneID	Count
GO:0097733	photoreceptor cell cilium	11/56	130/22568	1.7999663486890223e-14	2.3939552437563997e-12	1.989436490656288e-12	PDE6G/GNAT1/CNGB1/RP1/ROM1/USH2A/ARR3/STX3/RP1L1/RPGRIP1/CDHR1	11
GO:0097731	9+0 non-motile cilium	11/56	142/22568	4.829081718926991e-14	3.211339343086449e-12	2.668703055196495e-12	PDE6G/GNAT1/CNGB1/RP1/ROM1/USH2A/ARR3/STX3/RP1L1/RPGRIP1/CDHR1	11
GO:0097730	non-motile cilium	11/56	181/22568	7.078606233383963e-13	3.138182096800224e-11	2.6079075596677763e-11	PDE6G/GNAT1/CNGB1/RP1/ROM1/USH2A/ARR3/STX3/RP1L1/RPGRIP1/CDHR1	11
GO:0001750	photoreceptor outer segment	9/56	102/22568	3.48732419851902e-12	1.1595352960075742e-10	9.636027390644662e-11	PDE6G/GNAT1/CNGB1/RP1/ROM1/ARR3/STX3/RP1L1/CDHR1	9
GO:0031253	cell projection membrane	7/56	400/22568	5.723319670074799e-5	0.0015224030322398966	0.0012651548744375871	PDE6G/GNAT1/FAM107A/CNGB1/ROM1/USH2A/CDHR1	7
