gene_id	ensembl_gene_name	isoform_id	logFC	FDR	isoform_switch_q_value	dIF
ENSG00000015592	STMN4	ENST00000265770.11	-1.63130870892885	0.0181822745207259	0.01636695797876252	-0.16613333333333324
ENSG00000075415	SLC25A3	ENST00000551123.5	-0.823179523352469	0.0333559677025284	0.02532805425602225	0.12036666666666668
ENSG00000075415	SLC25A3	ENST00000549338.5	-0.823179523352469	0.0333559677025284	0.00522150784740752	-0.1203333333333334
ENSG00000101493	ZNF516	ENST00000443185.7	-0.706300491070551	0.0493137533382	0.04976579532137935	-0.24794999999999995
ENSG00000111716	LDHB	ENST00000396076.5	-0.996530228993466	0.0319335006976524	0.02639075943708932	-0.11833333333333328
ENSG00000111716	LDHB	ENST00000470985.3	-0.996530228993466	0.0319335006976524	0.02639075943708932	0.11886666666666668
ENSG00000144485	HES6	transcript211979.chr2.nnic	-2.93791986846752	0.0210035019405655	0.01876816549356914	0.1486833333333334
ENSG00000144485	HES6	ENST00000272937.10	-2.93791986846752	0.0210035019405655	6.685833783295153e-4	-0.11718333333333328
ENSG00000196262	PPIA	ENST00000468812.6	-0.748655065923536	0.0488128559995246	1.3117435166929278e-7	-0.2661833333333333
