ID	Description	GeneRatio	BgRatio	pvalue	p.adjust	qvalue	geneID	Count
GO:0000380	alternative mRNA splicing, via spliceosome	9/353	75/21261	4.146820795657788e-6	0.008097679987460756	0.007585402715001235	FMR1/RBMX/ZBTB7A/RBM5/CELF4/RSRC1/DDX17/DDX5/CELF1	9
GO:0000381	regulation of alternative mRNA splicing, via spliceosome	8/353	57/21261	4.338430210265607e-6	0.008097679987460756	0.007585402715001235	FMR1/RBMX/ZBTB7A/RBM5/CELF4/DDX17/DDX5/CELF1	8
GO:0002181	cytoplasmic translation	13/353	178/21261	9.209736849611627e-6	0.011459982553200066	0.01073499853137187	RPS8/RPL39/RPLP1/RPS17/SH3BGRL/FMR1/RPS13/RPS10/RPL22L1/RPS9/RPL30/CPEB4/RPL38	13
GO:0050684	regulation of mRNA processing	11/353	133/21261	1.4044039545923591e-5	0.013106599906233191	0.012277447203041624	FMR1/RBM3/RBMX/ZBTB7A/CDK11B/RBM5/CELF4/DDX17/DDX5/CELF1/AHCYL1	11
GO:0043484	regulation of RNA splicing	13/353	194/21261	2.3093960802722648e-5	0.017241951135312728	0.016151186902451507	FMR1/RBM3/RBMX/RPS13/ZBTB7A/KAT2A/HSPA1A/RBM5/CELF4/DDX17/SLC38A2/DDX5/CELF1	13
GO:0051085	chaperone cofactor-dependent protein refolding	6/353	44/21261	8.322037275336433e-5	0.04917580868629612	0.04606483749654595	HSPA1L/HSPA1B/HSPA1A/HSPA5/DNAJC7/ERO1A	6
GO:0048024	regulation of mRNA splicing, via spliceosome	9/353	110/21261	9.221287457917836e-5	0.04917580868629612	0.04606483749654595	FMR1/RBM3/RBMX/ZBTB7A/RBM5/CELF4/DDX17/DDX5/CELF1	9
