ID	Description	GeneRatio	BgRatio	pvalue	p.adjust	qvalue	geneID	Count
GO:0002181	cytoplasmic translation	9/155	178/21261	6.5038205714136965e-6	0.0137230614056829	0.013089794665834726	RPS13/RPS8/RPLP1/SH3BGRL/RPS10/RPL30/RPL38/RPL22L1/RPS17	9
