ID	Description	GeneRatio	BgRatio	pvalue	p.adjust	qvalue	geneID	Count
GO:0002181	cytoplasmic translation	12/201	178/21261	1.34732713043463e-7	3.403348331477875e-4	3.2718775683291486e-4	RPS17/RPL38/RPL22L1/RPS9/RPL30/FMR1/RPS10/RPS13/RPL39/SH3BGRL/RPS8/RPLP1	12
GO:0042274	ribosomal small subunit biogenesis	8/201	128/21261	3.0110852497029645e-5	0.03803000670374844	0.03656091405823547	RPS17/RPL38/RRP7A/RPS9/DCAF13/RPSA2/RPS13/RPS8	8
