ID	Description	GeneRatio	BgRatio	pvalue	p.adjust	qvalue	geneID	Count
GO:0002181	cytoplasmic translation	16/374	178/21261	1.1142733260762947e-7	4.211953172568394e-4	4.0700299384049927e-4	RPS8/SH3BGRL/RPLP1/RPS17/RPL39/RPL10/FMR1/RPS13/RPS10/RPL38/RPS7/RPL22L1/RPL30/RPS9/CPEB4/RPL14	16
GO:0050684	regulation of mRNA processing	11/374	133/21261	2.3949898683543676e-5	0.04526530851189755	0.04374007812205082	RBM3/FMR1/IWS1/ZBTB7A/SRRM1/KHDRBS2/CELF4/RBM5/CDK11B/RBMX/CELF1	11
GO:0043484	regulation of RNA splicing	13/374	194/21261	4.19760474967871e-5	0.04621964133462691	0.044662254366793476	RBM3/FMR1/KAT2A/RPS13/PQBP1/HSPA1A/ZBTB7A/SRRM1/KHDRBS2/CELF4/RBM5/RBMX/CELF1	13
GO:0000380	alternative mRNA splicing, via spliceosome	8/374	75/21261	5.138878281657041e-5	0.04621964133462691	0.044662254366793476	FMR1/PQBP1/ZBTB7A/KHDRBS2/CELF4/RBM5/RBMX/CELF1	8
GO:0000381	regulation of alternative mRNA splicing, via spliceosome	7/374	57/21261	6.113709171246945e-5	0.04621964133462691	0.044662254366793476	FMR1/ZBTB7A/KHDRBS2/CELF4/RBM5/RBMX/CELF1	7
