ID	Description	GeneRatio	BgRatio	pvalue	p.adjust	qvalue	geneID	Count
GO:0048024	regulation of mRNA splicing, via spliceosome	13/401	110/21261	1.597205826756954e-7	1.0304988588779083e-4	9.822345796165526e-5	CELF1/FMR1/RBMX/ZBTB7A/RBM3/SRRM1/CELF4/DDX5/RBM5/TIA1/KHDRBS2/DDX17/TRA2A	13
GO:0043484	regulation of RNA splicing	17/401	194/21261	1.7549180917686177e-7	1.0304988588779083e-4	9.822345796165526e-5	CELF1/FMR1/RBMX/RPS13/ZBTB7A/RBM3/HSPA1A/KAT2A/SRRM1/CELF4/DDX5/RBM5/TIA1/SLC38A2/KHDRBS2/DDX17/TRA2A	17
GO:0050684	regulation of mRNA processing	14/401	133/21261	2.3002206671381883e-7	1.0304988588779083e-4	9.822345796165526e-5	CELF1/FMR1/RBMX/ZBTB7A/RBM3/SRRM1/CELF4/DDX5/RBM5/TIA1/KHDRBS2/AHCYL1/DDX17/TRA2A	14
GO:0002181	cytoplasmic translation	15/401	178/21261	1.5269858504800217e-6	5.130672457612873e-4	4.890373105353122e-4	RPS8/FTSJ1/RPS4X/RPS17/SH3BGRL/FMR1/RPS13/RPLP1/RPS10/RPL10/MCTS1/RPL38/CPEB4/RPS9/RPL22L1	15
GO:0042274	ribosomal small subunit biogenesis	12/401	128/21261	5.700896625229428e-6	0.0015324010128616704	0.0014606297248219398	RPS8/RPS4X/TSR3/RPS17/RPS13/RPSA2/DCAF13/RPL38/RPS9/RIOK3/RRP7A/SNU13	12
GO:0000377	RNA splicing, via transesterification reactions with bulged adenosine as nucleophile	21/401	379/21261	1.1996279028223277e-5	0.002303285573418869	0.002195409259751538	HTATSF1/RNF113A/CELF1/FMR1/RBMX/ZBTB7A/RBM3/DNAJC17/SRRM1/CELF4/LUC7L2/WBP4/DDX5/RBM5/TIA1/GEMIN7/KHDRBS2/SNU13/RBM41/DDX17/TRA2A	21
GO:0000398	mRNA splicing, via spliceosome	21/401	379/21261	1.1996279028223277e-5	0.002303285573418869	0.002195409259751538	HTATSF1/RNF113A/CELF1/FMR1/RBMX/ZBTB7A/RBM3/DNAJC17/SRRM1/CELF4/LUC7L2/WBP4/DDX5/RBM5/TIA1/GEMIN7/KHDRBS2/SNU13/RBM41/DDX17/TRA2A	21
