ID	Description	GeneRatio	BgRatio	pvalue	p.adjust	qvalue	geneID	Count
GO:0002181	cytoplasmic translation	16/378	178/21261	1.287807660543032e-7	4.885942264100263e-4	4.7269319076984767e-4	RPS8/SH3BGRL/RPLP1/RPS17/RPL39/RPL10/FMR1/RPS13/RPS10/RPL38/RPS7/RPL22L1/RPL30/RPS9/CPEB4/RPL14	16
GO:0050684	regulation of mRNA processing	11/378	133/21261	2.6402679869984718e-5	0.04959604837032631	0.04798197171914876	RBM3/FMR1/IWS1/ZBTB7A/SRRM1/KHDRBS2/CELF4/RBM5/CDK11B/RBMX/CELF1	11
GO:0043484	regulation of RNA splicing	13/378	194/21261	4.680382081635073e-5	0.04959604837032631	0.04798197171914876	RBM3/FMR1/KAT2A/RPS13/PQBP1/HSPA1A/ZBTB7A/SRRM1/KHDRBS2/CELF4/RBM5/RBMX/CELF1	13
GO:0000380	alternative mRNA splicing, via spliceosome	8/378	75/21261	5.5373021658250985e-5	0.04959604837032631	0.04798197171914876	FMR1/PQBP1/ZBTB7A/KHDRBS2/CELF4/RBM5/RBMX/CELF1	8
GO:0000381	regulation of alternative mRNA splicing, via spliceosome	7/378	57/21261	6.536116021392503e-5	0.04959604837032631	0.04798197171914876	FMR1/ZBTB7A/KHDRBS2/CELF4/RBM5/RBMX/CELF1	7
