ID	Description	GeneRatio	BgRatio	pvalue	p.adjust	qvalue	geneID	Count
GO:0050684	regulation of mRNA processing	13/432	133/21261	3.298050155406538e-6	0.0025740463017885793	0.0024935604881183597	RBM3/RBMX/FMR1/ZBTB7A/CELF4/CDK11B/RBM5/SRRM1/TIA1/DDX17/AHCYL1/THRAP3/TRA2A	13
GO:0002181	cytoplasmic translation	15/432	178/21261	3.7993303347432904e-6	0.0025740463017885793	0.0024935604881183597	RPS8/RPS4X/RPL39/FTSJ1/RPS17/SH3BGRL/FMR1/RPS13/RPS10/RPLP1/RPL38/RPL22L1/RPS9/CPEB4/MCTS1	15
