ID	Description	GeneRatio	BgRatio	pvalue	p.adjust	qvalue	geneID	Count
GO:0002181	cytoplasmic translation	6/62	178/21261	1.3190639891274261e-5	0.015433048672790885	0.014176466662095811	RPL38/RPL22L1/RPS7/RPS10/SH3BGRL/RPS8	6
