ID	Description	GeneRatio	BgRatio	pvalue	p.adjust	qvalue	geneID	Count
GO:0061003	positive regulation of dendritic spine morphogenesis	3/55	20/21261	1.8100864568430163e-5	0.019295521629946553	0.01684333081946554	PAFAH1B1/GPRASP3/ARMCX5-GPRASP2	3
GO:0050775	positive regulation of dendrite morphogenesis	3/55	37/21261	1.1958790675384794e-4	0.04635269909366032	0.040461919619626474	PAFAH1B1/GPRASP3/ARMCX5-GPRASP2	3
GO:0010770	positive regulation of cell morphogenesis	3/55	39/21261	1.4014405676574697e-4	0.04635269909366032	0.040461919619626474	PAFAH1B1/GPRASP3/ARMCX5-GPRASP2	3
GO:0099175	regulation of postsynapse organization	4/55	114/21261	2.1655540437778994e-4	0.04635269909366032	0.040461919619626474	PAFAH1B1/VHL/GPRASP3/ARMCX5-GPRASP2	4
GO:0060999	positive regulation of dendritic spine development	3/55	46/21261	2.298180562824162e-4	0.04635269909366032	0.040461919619626474	PAFAH1B1/GPRASP3/ARMCX5-GPRASP2	3
GO:0061001	regulation of dendritic spine morphogenesis	3/55	48/21261	2.6089699302247836e-4	0.04635269909366032	0.040461919619626474	PAFAH1B1/GPRASP3/ARMCX5-GPRASP2	3
