ID	Description	GeneRatio	BgRatio	pvalue	p.adjust	qvalue	geneID	Count
GO:0008277	regulation of G protein-coupled receptor signaling pathway	2/4	149/21261	2.9002810872912814e-4	0.005298537833746035	0.002059350737002508	SAG/CNTN2	2
GO:0031623	receptor internalization	2/4	153/21261	3.0578608833191074e-4	0.005298537833746035	0.002059350737002508	SAG/CNTN2	2
GO:0009581	detection of external stimulus	2/4	155/21261	3.1381985547753637e-4	0.005298537833746035	0.002059350737002508	SAG/CNGB1	2
GO:0009582	detection of abiotic stimulus	2/4	158/21261	3.260638666920637e-4	0.005298537833746035	0.002059350737002508	SAG/CNGB1	2
