ID	Description	GeneRatio	BgRatio	pvalue	p.adjust	qvalue	geneID	Count
GO:0002181	cytoplasmic translation	18/498	178/21261	2.1678972087361222e-7	8.966422855332601e-4	8.582590949533217e-4	RPLP1/RPS17/RPL39/RPS8/SH3BGRL/RPS10/RPS13/FMR1/RPL10/RPL38/RPL30/CPEB4/FTSJ1/RPL22L1/RPS9/RPS4X/RPL35/RPS7	18
GO:0000380	alternative mRNA splicing, via spliceosome	10/498	75/21261	9.631246516919282e-6	0.019917417796989075	0.019064799026386012	FMR1/ZBTB7A/RBMX/CELF4/RBM5/KHDRBS2/PQBP1/DDX5/CELF1/RSRC1	10
