ID	Description	GeneRatio	BgRatio	pvalue	p.adjust	qvalue	geneID	Count
GO:0007601	visual perception	17/79	240/21261	1.9045633294081997e-17	1.0327835786984874e-14	9.572140485498176e-15	CRYBB3/PRPH2/PDE6A/GUCA1A/GUCA1ANB-GUCA1A/AIPL1/GUCY2D/CPLX4/CNGB1/NRL/TULP1/EPAS1/CNGB3/ABCA4/LRIT3/USH2A/RGR	17
GO:0050953	sensory perception of light stimulus	17/79	244/21261	2.5189843382889936e-17	1.0327835786984874e-14	9.572140485498176e-15	CRYBB3/PRPH2/PDE6A/GUCA1A/GUCA1ANB-GUCA1A/AIPL1/GUCY2D/CPLX4/CNGB1/NRL/TULP1/EPAS1/CNGB3/ABCA4/LRIT3/USH2A/RGR	17
GO:0009581	detection of external stimulus	10/79	155/21261	2.963677389091626e-10	6.882164039965575e-8	6.37859106143151e-8	SAG/PRPH2/GUCA1A/GUCA1ANB-GUCA1A/AIPL1/GUCY2D/CNGB1/TULP1/ABCA4/RGR	10
GO:0009582	detection of abiotic stimulus	10/79	158/21261	3.578648450386759e-10	6.882164039965575e-8	6.37859106143151e-8	SAG/PRPH2/GUCA1A/GUCA1ANB-GUCA1A/AIPL1/GUCY2D/CNGB1/TULP1/ABCA4/RGR	10
GO:0009416	response to light stimulus	13/79	344/21261	4.196441487783887e-10	6.882164039965575e-8	6.37859106143151e-8	SAG/PRPH2/GUCA1A/GUCA1ANB-GUCA1A/AIPL1/GUCY2D/NETO1/CNGB1/TULP1/ABCA4/RGR/SLC1A2/SLC1A3	13
GO:0006836	neurotransmitter transport	7/79	223/21261	1.9415387647051015e-5	0.00227437398151169	0.002107956373108396	CPLX4/UNC13C/RIMS2/SLC1A2/SNAP25/SLC6A6/SLC1A3	7
GO:0043010	camera-type eye development	8/79	379/21261	8.200017539157954e-5	0.008405017977636903	0.007790016662200056	CRYBB3/PRPH2/PDE6A/POU4F2/FLT1/NRL/TULP1/PLAAT3	8
